date,tmax,tmin,swdown,lwdown,relhum,pres,prec,windspeed
2016-01-01,9.05,5.85,37.99,309.4,96.6,100.5,10.4,1.409
2016-01-02,9.74,5.38,43.82,292.29,88.4,99.8,7.84,2.688
2016-01-03,10.86,4.86,14.89,317.81,88.7,99.1,13.92,3.201
2016-01-04,6.1,3.58,34.93,274.91,80.7,98.1,2.79,3.916
2016-01-05,7.63,3.2,43.76,268.95,75.5,98.9,0,2.631
2016-01-06,11.05,5.1,23.25,333.03,96.3,97.3,16.59,0.857
2016-01-07,7.47,2.52,35.01,292.34,95.4,96.9,6.46,0.475
2016-01-08,4.6,-1.16,27.26,284.95,91.1,97.6,3.2,0.545
2016-01-09,10.83,-0.55,15.86,305.05,90,97.3,18.71,1.377
2016-01-10,9.41,5.69,32.91,298.03,87.1,96.9,8.38,3.571
2016-01-11,8.34,4.75,48.02,287,90.6,99.3,1.69,3.068
2016-01-12,8.68,1.44,27.81,288.81,89.5,100.1,0,2.058
2016-01-13,9.81,3.81,21.97,300.66,89.8,99.4,0,1.272
2016-01-14,8.34,3.21,18.92,287.86,87,100,4.72,2.074
2016-01-15,8.18,0.97,26.55,286.32,83.1,101,0,1.035
2016-01-16,9.61,7.06,30.27,334.69,95.7,100,13.62,1.46
2016-01-17,8.01,0.67,61.48,251.72,92.9,100.4,0,0.637
2016-01-18,8.63,0.63,25.21,297.85,95.5,101,0,1.058
2016-01-19,10.89,8.36,17.94,345.36,97,100.5,16.67,3.139
2016-01-20,11.48,4.51,50.42,301.24,71.5,101.8,0,2.598
2016-01-21,10.38,6,24.48,335.87,90.5,101.8,0.7,2.601
2016-01-22,9.92,8.69,18.55,345.73,99.6,101.4,2.67,1.83
2016-01-23,9.72,2.13,28.71,290.08,91,101,3,1.794
2016-01-24,8.67,2.4,51.05,287.59,86.5,101.9,0,1.797
2016-01-25,10.11,5.23,47.93,298.94,90,102.1,0,1.95
2016-01-26,7.96,2.84,39.11,292.82,88.4,102.2,0,1.841
2016-01-27,8.54,5.76,37.9,320.44,93.2,102.1,0.55,1.834
2016-01-28,7.02,4.35,31.83,317.96,95.3,101.6,1.05,1.109
2016-01-29,8.1,3.76,44.4,312.64,93.1,101.3,0,0.5
2016-01-30,10.59,7.77,21.9,344,99.1,100.7,1.53,2.08
2016-01-31,9.61,3.75,58.46,292.36,77.6,100.1,7.82,2.787
2016-02-01,10.84,1.92,20.65,309.33,89.8,99.9,25.35,1.162
2016-02-02,10.65,2.19,69.86,272.03,80.2,100.4,0,2.482
2016-02-03,9.31,1.25,26.77,307.73,88.8,101.1,6.17,2.144
2016-02-04,10.12,4.77,44.82,303.33,84.4,100.6,10.43,2.17
2016-02-05,10.09,2.95,55.61,268.3,81.6,102.4,0,2.62
2016-02-06,9.81,0.38,69.9,274.97,85.7,102.6,0,1.332
2016-02-07,3.79,-1.49,92.91,240.07,74.4,102.8,0,4.114
2016-02-08,3.2,-3.17,95.97,213.05,81.6,103.4,0,2.615
2016-02-09,4.29,-2.6,73.94,237.16,88.3,103.4,0,2.183
2016-02-10,4.1,-2.96,100.49,220.12,84.3,103.2,0,0.7
2016-02-11,5.83,-1.33,53.54,288.07,91.7,103.1,0,0.567
2016-02-12,5.07,0.87,60.98,293.86,75.6,103.2,0,0.332
2016-02-13,7.41,4.04,58.36,303.26,84.4,102.6,0,1.693
2016-02-14,7.64,0.9,52.33,288.46,85.5,101.4,0.87,2.421
2016-02-15,4.39,-0.31,79.45,255.71,80,101.2,0,0.548
2016-02-16,4.71,-0.25,78.63,276.37,80.9,101,0,0.591
2016-02-17,4.6,-1.07,66.69,278.57,80.1,100.7,0,0.423
2016-02-18,6.17,1.45,57.1,293.2,84.9,100.1,0.29,1.945
2016-02-19,6.55,1.09,68.92,288.19,85.5,99.7,0,0.747
2016-02-20,4.86,-1.7,92.01,258.23,79.7,100.9,0,2.264
2016-02-21,4.07,-2.86,107.35,234.99,61.6,101.4,0,4.757
2016-02-22,3.42,-3.26,125.81,220.18,70.9,101,0,3.878
2016-02-23,4.59,-2.39,126.64,249.27,74.6,100.6,0,3.156
2016-02-24,1.84,-2.25,93.25,252.1,76.5,101.2,0,3.579
2016-02-25,2.68,-2.25,120.81,235.71,72.6,100.7,0,3.184
2016-02-26,1.55,-2.98,68.5,265.89,62.3,100.4,0,6.254
2016-02-27,3.11,-2.89,71.64,268.81,76.3,101,0,3.762
2016-02-28,1.53,-3.56,99.02,250.16,80.3,99.6,0,1.857
2016-02-29,2.81,-2.9,89.96,262.35,83.1,99.2,0,1.874
2016-03-01,4.08,-2.24,80.97,276.17,85.5,98.7,0,1.892
2016-03-02,3.78,-0.17,72.35,293.44,89,99.6,1.25,0.644
2016-03-03,2.07,-1.54,66.79,282.49,85.9,99.8,0.3,1.684
2016-03-04,5.53,-0.06,47.65,312.79,90.2,98.7,7.9,5.785
2016-03-05,8.4,5.47,74.21,316.93,94.1,98.1,19.19,4.029
2016-03-06,10.08,4.86,96.81,308.62,84.7,99,1.05,2.853
2016-03-07,5.8,0.13,64.72,307.7,95.3,99,12.58,2.152
2016-03-08,5.67,1.55,61.52,308.46,87.6,99.7,3.37,4.071
2016-03-09,4.44,-0.19,85.04,293.1,77.5,100.3,0,2.431
2016-03-10,3.71,-0.69,85.53,289.83,78.2,100.7,0.01,2.51
2016-03-11,3.59,-0.83,97.27,275.54,77,101.3,0,2.596
2016-03-12,3.16,-2.07,144.76,254.18,73.2,101.4,0,2.268
2016-03-13,3.99,-2.86,173.58,238,80.2,101.5,0,0.534
2016-03-14,4.62,-2.51,134.06,256.88,82.8,100.9,0,0.288
2016-03-15,3.6,-0.21,88.36,287.43,86.2,100.4,1.15,0.134
2016-03-16,3.6,-0.64,94.83,281.09,82.1,100.4,0,1.24
2016-03-17,7.09,-1.3,120.88,271.77,81.6,100.3,0,2.621
2016-03-18,7.47,4.93,47.62,307.62,90.1,97.9,9.44,1.452
2016-03-19,9.7,3.8,121.07,286.95,84.7,98.3,0.47,2.959
2016-03-20,11.33,4.73,133.25,309.81,81.5,99.7,0,1.475
2016-03-21,12.07,3.27,172.73,284.83,86.6,99.7,0,0.645
2016-03-22,7.16,2.9,48.36,313.2,97.6,98.6,4.45,0.68
2016-03-23,9.46,4.24,96.74,307.74,91.6,99.5,0.82,0.569
2016-03-24,9.1,3.53,93.73,298.4,85.2,100.6,0,0.671
2016-03-25,8.92,3.46,126.64,305.11,92.5,100.7,0.17,0.925
2016-03-26,10.58,5.76,114.37,312.14,86.2,100.7,0.41,1.314
2016-03-27,12.39,5.2,141.15,303.54,77.4,100.4,1.35,2.09
2016-03-28,10.63,3.33,181.75,271.29,76.5,100.7,0,1.104
2016-03-29,11.72,6.31,111.31,329.15,93.9,100.2,4.24,2.328
2016-03-30,10.23,3.96,162.41,278.38,70.4,100.4,0.29,3.405
2016-03-31,9.92,5.2,92.02,311.14,79.1,100.7,3.34,2.778
2016-04-01,12.14,7,150.91,311.05,85.6,100.5,0.59,2.647
2016-04-02,14.07,7.11,115.57,333.59,91.8,101.1,0,1.772
2016-04-03,10.75,7.64,121.68,318.09,94.7,101.1,0,0.734
2016-04-04,12.36,6.72,168.43,311.92,95.5,100.4,0,1.221
2016-04-05,13.71,6.49,166.81,303.92,81.7,100.5,1.05,0.353
2016-04-06,10.92,5.6,112.19,322.94,97.2,99.5,8.05,1.548
2016-04-07,12.61,4.89,139.57,317.39,88,98.2,19.95,1.096
2016-04-08,10.57,3.53,139.25,285.7,69.2,100.4,0.71,1.55
2016-04-09,14.32,6.56,102.13,343.27,94.6,99.5,12.04,2.391
2016-04-10,10.34,6.92,148.73,313.25,71.1,99,5.19,4.999
2016-04-11,9.75,6.48,179.49,284.87,57.9,100,0,4.258
2016-04-12,11.13,6.02,72.31,321.08,90.7,100.8,4.37,2.45
2016-04-13,14.7,8.47,157.58,321.62,85.2,101.2,0,1.751
2016-04-14,11.77,4.2,160,295.68,89.6,101.4,0,0.923
2016-04-15,13.22,3.5,186.75,293.83,93.6,101.2,0,0.964
2016-04-16,17.85,4.35,262.33,276.99,89.6,100.9,0,0.558
2016-04-17,18.55,6.32,231.04,299.91,88.6,100.4,0,0.494
2016-04-18,14.27,6.93,219.75,291.81,75.7,100.4,0,2.174
2016-04-19,14.06,6.43,188.41,300.65,85.7,100.8,0.87,2.341
2016-04-20,11.93,7.01,205.19,293.55,71.4,100.2,0.94,3.708
2016-04-21,8.72,5.15,99.79,304.58,81.6,99.8,4.29,2.605
2016-04-22,9.72,4.11,181.12,283,74.2,99.4,1.64,2.818
2016-04-23,11.13,4.09,148.84,290.85,72.1,100.1,0.26,1.858
2016-04-24,12.49,6.66,132.79,316.76,82.3,98.9,11.9,2.739
2016-04-25,9.36,3.88,167,290.69,71.3,98.8,6.29,3.33
2016-04-26,10.91,4.81,191.81,282.51,72.9,99.5,0.66,1.195
2016-04-27,11.73,5.16,181.55,300.77,73,100.5,3.3,0.346
2016-04-28,10.29,5.63,116.16,315.47,80.7,100.7,1.25,0.225
2016-04-29,11.95,4.14,122.92,320.11,88.3,100,3.94,2.1
2016-04-30,9.86,4.35,148.66,300.94,81.5,98.6,7.06,2.646
2016-05-01,9.43,4.08,176.63,282.52,71.8,99,1.32,2.412
2016-05-02,11.38,4.36,158.5,307.51,72.5,99.4,0.13,2.071
2016-05-03,11.66,6.45,117.44,311.55,85.8,98.9,3.05,3.351
2016-05-04,9.36,3.06,143.44,289.69,70.4,98.6,1.88,3.444
2016-05-05,10.02,2.33,168.94,290.08,76.3,98.5,1.62,2.147
2016-05-06,9.77,1.78,164.35,284.73,83.6,98.8,3.67,0.146
2016-05-07,9.61,2.23,146.7,289.73,88.6,99,3.56,1.463
2016-05-08,9.62,2.16,185.69,280.52,83.2,99.5,4.86,0.726
2016-05-09,9.29,0.73,149.65,281.64,77.8,99.7,3.5,2.224
2016-05-10,9.28,2.4,178.59,288.32,75.1,99.5,1.42,2.009
2016-05-11,9.33,1.52,173.54,275.77,82.6,99.3,2,0.671
2016-05-12,12.69,2.97,243.62,284.52,70.9,100,0,1.264
2016-05-13,12.46,5.05,194.28,295.1,72.3,100.7,1.3,1.287
2016-05-14,10.48,3.38,129.97,307.83,82.2,100.7,2.47,1.534
2016-05-15,11.26,1.4,166.83,290.13,71.6,100.2,0,0.429
2016-05-16,11.69,4.96,196.69,293.6,72.2,99.6,0,0.345
2016-05-17,12.83,6.05,200.76,305.36,76.1,99.8,3.2,2.298
2016-05-18,12.4,5.18,166.68,306.39,79.4,100.3,1.16,2.163
2016-05-19,15.02,9.56,190.27,337.22,90.4,99.8,3.53,2.395
2016-05-20,13.48,8.12,149.96,317.89,84,99.6,1.91,2.761
2016-05-21,12.77,7.36,187.73,324,80.3,100,1.16,1.567
2016-05-22,15.21,9.04,209.4,329.36,93,100.3,0,1.555
2016-05-23,19.43,9.48,269.43,322.2,81.9,100.1,0,3.385
2016-05-24,18.57,12.32,200.87,344.66,85.7,99.6,3.98,2.574
2016-05-25,19.19,11.08,256.56,334.55,84.2,99.5,0,0.675
2016-05-26,21.01,11.04,292.45,325.45,73.9,99.8,0,0.495
2016-05-27,18.48,9.45,259.04,317.89,71.8,100.2,0,1.474
2016-05-28,15.59,9.39,214.47,301.06,67.7,100.4,0,1.168
2016-05-29,17.61,8.01,261.37,299.51,67.8,100.6,0,0.613
2016-05-30,20.51,9.12,291.25,310.18,70.4,100.9,0,2.269
2016-05-31,21.74,9.89,296.94,314.43,70.7,100.7,0,2.547
2016-06-01,22.98,10.65,302.64,318.67,71.1,100.6,0,3.446
2016-06-02,21.18,13.34,229.17,341.18,86.2,100,7.33,2.385
2016-06-03,23.89,14.65,248.84,359.66,90.3,100.1,6.05,1.043
2016-06-04,24.48,15.82,324.44,324.89,62.8,100.1,0,4.767
2016-06-05,23.97,12.55,323.44,310.67,63.3,100.3,0,3.369
2016-06-06,19.73,10.7,334.86,289.31,62.6,100,0,1.665
2016-06-07,17.9,8.94,250.77,303.89,61.9,100.1,0,3.06
2016-06-08,16.5,7.63,253.86,292.77,65.1,100,0,0.833
2016-06-09,14.55,10.33,178.59,326.75,81.9,100.2,6.25,1.27
2016-06-10,15.12,9.66,216.15,313.07,79.9,100.4,0.69,1.292
2016-06-11,17.85,7.59,314.36,285.03,73.8,100.2,0,0.682
2016-06-12,14.67,9.56,131.31,341.34,92,99.7,26.18,1.816
2016-06-13,16.81,8.23,295.14,304.97,73.1,99.8,3.29,0.816
2016-06-14,14.96,7.48,260.37,299.96,83.3,100.5,4.86,0.516
2016-06-15,17.41,6.19,299.5,285.17,77,100.9,0,0.805
2016-06-16,17.1,10.59,163.75,328.74,81.2,99.8,2.08,3.146
2016-06-17,16.07,11.48,254.58,322.67,72.7,99.4,0,2.687
2016-06-18,16.79,10.64,200.16,336.38,78.4,98.9,1.78,2.693
2016-06-19,17.1,8.63,185.26,321.91,80.7,99.1,3.25,2.066
2016-06-20,15.71,5.98,228.42,291.58,71.2,100.5,0.13,1.827
2016-06-21,15.7,7.67,240.4,300.54,80,100.9,0,1.852
2016-06-22,14.64,11.81,69.34,357.26,92.6,99.2,26.82,3.068
2016-06-23,14.84,10.67,214.2,314.81,75.1,98.4,0.09,4.426
2016-06-24,17.2,10.42,214.43,335.85,80.6,99.8,0,2.142
2016-06-25,19.02,12.71,230.49,342.52,93.3,100.5,0,0.618
2016-06-26,21.74,12.63,222.84,350.03,87.9,100.4,0.83,0.571
2016-06-27,25.67,13.73,333.95,333.37,76.8,100.1,0,0.477
2016-06-28,21.51,13.73,188.37,353.41,90.7,100.1,0,0.212
2016-06-29,20.13,13.55,285.49,334.59,91.3,100.2,0,0.617
2016-06-30,17.5,13.18,144.66,353.32,83.1,100.5,5.21,1.165
2016-07-01,19.85,12.06,288.67,319.31,66.5,100.9,0,1.276
2016-07-02,15,12.16,79.3,342.72,86.3,100.7,3,0.55
2016-07-03,19.78,11.99,124.91,367.32,93.8,100.2,14.05,1.13
2016-07-04,20.99,12.52,300.49,329.17,89.4,100.2,0.41,0.694
2016-07-05,21.82,12.49,185.18,356.54,89,100.3,2.88,0.361
2016-07-06,23.12,16.48,201.15,375.97,90.5,100.1,4.12,2.011
2016-07-07,21.47,16.06,212.23,361.4,92.3,100.4,0,0.21
2016-07-08,23.89,14.3,230.3,354.23,82.2,100.4,0,1.077
2016-07-09,19.77,11.11,335.44,285.94,65.3,100.3,0,0.705
2016-07-10,20.23,11.18,270.8,313.04,75.2,100,3.28,0.447
2016-07-11,18.51,10.74,244.93,310.52,70.9,100.6,0,0.663
2016-07-12,20.46,10.37,256.3,320.74,75.9,100.7,0,2.039
2016-07-13,20.26,12.41,225.08,320.64,73.6,100.3,0,1.855
2016-07-14,19.37,13.05,194.46,341.04,82,99.9,1.61,2.269
2016-07-15,20.1,13.49,247.79,335.82,76.6,100,0,0.708
2016-07-16,20.43,13.15,162.38,348.38,84.4,99.9,0.35,0.745
2016-07-17,19.35,11.74,234.3,318.2,73.2,100,0,1.178
2016-07-18,17.15,10.48,229.68,303.82,79.9,99.9,5.67,1.634
2016-07-19,17.35,7.83,222.38,298.9,79.4,99.5,2.23,0.183
2016-07-20,19.41,11.14,283.75,302.9,66.8,99.6,0,1.401
2016-07-21,18.09,10.13,272.81,288.12,64.8,100,0,1.693
2016-07-22,20.54,10.43,248,324.24,75.4,100,1.75,2.654
2016-07-23,16.99,11.42,183.37,318.77,81.5,99.6,6.29,1.823
2016-07-24,18.65,10.23,243.26,311.01,73.5,99.5,0,1.695
2016-07-25,19.88,12.4,222.84,327.77,76,99.3,0,0.956
2016-07-26,21.29,12.55,237.79,328.46,80.2,99.6,1.36,0.364
2016-07-27,21.96,13.51,243.78,341.31,78.1,100,0,0.423
2016-07-28,17.81,11.28,209.65,316.25,73.6,100.2,0,1.264
2016-07-29,17.14,9.4,221.45,299.22,71,99.5,0.98,1.689
2016-07-30,17.45,7.8,210.09,294.26,69.6,99.4,0.69,0.895
2016-07-31,16.82,8.47,207.03,297.81,69.9,99.6,0.93,1.5
2016-08-01,16.19,9.13,204.01,301.33,70.2,99.9,1.16,1.871
2016-08-02,17.52,10.53,222.41,311.84,67.4,100.1,0,1.704
2016-08-03,20.93,11.21,241.05,325.49,76.6,100.1,0,1.192
2016-08-04,21.98,12.31,180.82,348.31,84.1,99.9,3.93,1.251
2016-08-05,19.12,10.35,207.74,308.11,74.6,100.1,0,1.438
2016-08-06,19.88,12.26,262.62,306.85,69.9,100.3,0,1.912
2016-08-07,18.93,10.77,213.3,306.77,66.9,100.4,0,0.766
2016-08-08,20,9.11,202.09,324.28,70.9,100.3,0,0.683
2016-08-09,20.84,12.33,209.87,332.09,75.3,100.3,0,0.539
2016-08-10,20.59,12.03,163.31,341.79,88.4,100.4,23.06,0.104
2016-08-11,22.29,11.93,279.59,308.95,73.4,100.8,0,0.627
2016-08-12,23.87,11.38,284.09,313.68,74.4,101.1,0,0.296
2016-08-13,21.51,14.57,245.72,326.32,74,101,0,0.689
2016-08-14,21.2,12.44,221.9,320.25,79,100.8,0,0.338
2016-08-15,22.14,10.62,259.8,307.57,83.5,100.5,0,0.79
2016-08-16,21.93,10.87,231.69,319.07,83.5,100.4,0,1.16
2016-08-17,18.67,12.31,101.57,336.79,91.1,100,6.93,1.526
2016-08-18,18.86,9.15,226.19,300.35,71,100.1,0,0.425
2016-08-19,19.26,13.12,122.57,366.97,92.1,99.2,24.09,1.885
2016-08-20,18.79,16.17,51.78,383.43,96.1,98.7,65.7,2.395
2016-08-21,19.55,13.3,213.48,332.61,90.1,99.1,2.09,1.395
2016-08-22,18.3,14.81,143.24,350.02,91.7,98.8,12.96,1.169
2016-08-23,17.45,12.5,130.79,334.99,86.1,98.6,3.58,1.965
2016-08-24,19.03,12.08,232.42,305.56,84,99.7,2.48,1.602
2016-08-25,19.19,9.7,228.8,307.32,85.9,100.7,0,0.887
2016-08-26,19.06,13.53,122.47,362.25,87.8,100.7,2.11,2.343
2016-08-27,21.93,16.69,173.11,373.74,90.3,100.4,0,2.772
2016-08-28,19.69,13.21,218.33,325.01,79.6,100.6,0,1.871
2016-08-29,20.86,10.12,188.21,329.71,83.5,100.8,0,1.302
2016-08-30,21.59,14.73,179.03,346.87,84,100.7,0,1.961
2016-08-31,21.46,14.63,168.36,351.48,85.9,100.7,0.9,2.187
2016-09-01,21.32,14.53,157.75,354.02,87.8,100.6,1.7,2.415
2016-09-02,18.14,12.38,205.64,313.54,74.4,100.1,2.16,2.512
2016-09-03,17.86,9.81,192.98,298.71,69.5,100.4,0,1.389
2016-09-04,20.71,9.95,128.28,358.24,87.4,100,0.08,2.184
2016-09-05,21.42,15.39,155.93,360.69,86,100,0.77,2.493
2016-09-06,18.72,14.19,136.34,349.53,79.3,100,2.24,2.098
2016-09-07,18.63,11.22,187.6,322.85,80.2,99.3,18.49,2.973
2016-09-08,16.2,8.36,182.04,286.52,72.2,100.2,0.04,1.572
2016-09-09,17.22,6.52,183.77,297.53,74.5,100.8,0,1.586
2016-09-10,20.42,11.37,135.99,363.21,89.8,100.4,5.58,2.812
2016-09-11,18.65,14.28,49.56,372.91,94.3,99.7,9.76,2.791
2016-09-12,18.13,11.72,113.66,332.88,88.9,98.7,18.81,2.237
2016-09-13,16.29,9.14,181.81,291.44,80.4,99.4,0.92,0.571
2016-09-14,15.4,6.61,203.85,276.75,76.1,100.9,0,0.23
2016-09-15,17.3,9.43,157.32,324.9,80.2,101.1,0,0.393
2016-09-16,18.59,8.93,198.15,292.74,79.8,100.5,0,3.159
2016-09-17,19.63,10.36,184.42,312.55,86,99.7,0,2.843
2016-09-18,18.53,12.13,172.85,319.69,85.8,99.8,1.17,1.486
2016-09-19,17.59,9.15,144.29,325.45,90.6,99.9,1.51,1.21
2016-09-20,18.5,12.22,159.87,331.81,91.2,99.6,10.43,1.842
2016-09-21,18.59,11.93,140.49,321.74,89.4,100.2,0.56,1.85
2016-09-22,19.25,15.23,90.51,358.87,87.9,100.2,0.48,2.702
2016-09-23,17.7,14.12,111.31,349.8,92.4,100.4,0,0.735
2016-09-24,20.18,14.22,145.29,336.64,88.3,99.6,0,0.994
2016-09-25,17.1,9.01,163.85,293.49,78.7,100.5,1.02,0.612
2016-09-26,17.84,7.87,181.43,291.5,79.7,100.6,0,2.3
2016-09-27,17.78,12.54,94.05,331.17,87.6,99.5,3.35,1.804
2016-09-28,17.76,11.22,55.47,341.78,88.2,98.8,9.18,3.575
2016-09-29,16.06,10.8,143.2,305.49,72.5,99.5,0,2.866
2016-09-30,14.34,9.78,80.09,315.62,82,98.9,4.24,2.073
2016-10-01,14.9,9.77,145.83,300.74,76.7,98.8,3.77,2.773
2016-10-02,15.13,9.13,79.07,334.52,93.5,99.2,10.38,1.225
2016-10-03,17.61,12.98,99.27,346.19,93.6,99.1,1.24,1.58
2016-10-04,16.84,13.03,65.27,366.21,92.6,99.4,2.25,2.711
2016-10-05,17.1,12.58,86.15,349.42,87.2,99.3,1.25,3.184
2016-10-06,13.89,9.64,107.62,310.82,76.7,99.7,0,2.632
2016-10-07,13.7,8.91,117.64,302.1,77.2,100.1,0,2.169
2016-10-08,18.72,9.22,83.47,351.04,93.6,100.8,0,1.017
2016-10-09,16.76,12.16,55.55,362.84,98.9,101.1,0.67,0.215
2016-10-10,16.45,12.23,62.8,356.01,95.1,100.9,0.99,1.102
2016-10-11,16.99,12.68,118.71,327.11,88.2,100.6,0,3.262
2016-10-12,16.12,12.32,41.63,339.94,95.8,100,1.5,0.248
2016-10-13,13.63,9.65,97.45,313.85,81.4,100,1.06,2.098
2016-10-14,10.44,6.44,84.31,300.52,81.8,99.1,2.92,2.091
2016-10-15,9.74,4.77,83.43,285.75,88.4,98.6,0.8,1.401
2016-10-16,8.71,4.62,76.95,296.29,84.5,98.3,0,0.543
2016-10-17,9.52,3.93,63.81,290.15,87.8,98.4,4.45,2.006
2016-10-18,11.57,3.3,90.53,278.09,90.4,99.3,0,0.479
2016-10-19,11.2,2.68,94.72,287.03,91.1,99.6,1.15,0.552
2016-10-20,10.93,7.39,90.13,290.15,83.9,98.9,2.45,2.785
2016-10-21,10.61,6.22,60.2,297.87,72.6,99.1,0,1.965
2016-10-22,9.19,5.33,43.87,316.04,81.1,98.9,0.84,0.246
2016-10-23,7.47,4.27,57.86,316.59,94.9,98.4,6.51,2.588
2016-10-24,11.24,4.75,103.01,304.07,87.5,99.1,6.08,0.839
2016-10-25,13.2,10.11,75.45,321.02,91.2,99.2,6.08,2.702
2016-10-26,13.03,7.22,80.04,323.48,93.2,100.3,0,0.383
2016-10-27,15.17,11.81,41.53,360.54,99.4,100.4,4.36,1.282
2016-10-28,13.34,7.32,31.98,334.35,95.5,100.7,1.1,1.193
2016-10-29,12.58,4.9,83.53,283.24,89.7,101,0,0.366
2016-10-30,11.32,6.81,90.36,294.57,86.2,101.1,0.63,0.614
2016-10-31,11.42,6.77,84.45,291.85,86.1,101.1,0,1.714
2016-11-01,11.53,6.73,78.52,289.41,86.1,101.2,0,3.386
2016-11-02,10.39,6.66,50.54,316.03,89.3,101.4,0,2.272
2016-11-03,11.16,7.89,58.08,320.47,89.9,101.2,0,3.803
2016-11-04,10.75,6.47,65.72,314.16,86.7,100.8,0.01,4.766
2016-11-05,7.97,6.03,15.25,331.2,94.6,100.2,4.39,4.164
2016-11-06,9.55,7.44,31.58,334.92,98.4,99.2,2.39,1.287
2016-11-07,10.65,6.61,76.09,284.78,77.3,99.5,0,2.49
2016-11-08,15,7.37,63.42,320.28,90.3,100.1,0.73,3.153
2016-11-09,13.97,12.38,44.1,354.07,93.5,100.3,1.82,2.512
2016-11-10,12.95,5.46,59.49,305.25,81.4,100.1,2.4,1.812
2016-11-11,13.72,7.71,69.12,295.68,85.7,100.5,0,2.052
2016-11-12,13.38,6.98,72.57,286.73,94.4,101.1,0,1.298
2016-11-13,12.51,9.51,54.12,317.99,91.6,101.1,0,1.518
2016-11-14,12.28,10.17,37.07,342.46,91.4,100.8,0.91,1.977
2016-11-15,13,7.55,12.61,335.83,96.6,100.5,10.02,1.48
2016-11-16,8.73,4.14,58.93,275.82,84.9,100.4,0,1.439
2016-11-17,8.34,2.06,60.56,275.84,76,100.5,0,1.526
2016-11-18,11.74,2.43,40.75,309.4,90.7,100.3,1.7,1.902
2016-11-19,11.11,6.42,64.82,297.3,84.5,100.2,0,1.867
2016-11-20,13.08,6.41,32.43,310.28,85.8,99.2,4.57,3.452
2016-11-21,7.47,4.24,40.65,285.51,75.3,99.4,0.88,2.531
2016-11-22,5.46,2.09,46.22,267.01,75.5,100.1,0,1.748
2016-11-23,4.81,1.14,33.71,282.08,80.2,99.8,5.59,0.839
2016-11-24,5.63,2.25,34.07,288.74,81.2,100.7,0,0.498
2016-11-25,10.02,0.3,18.72,319.33,95.5,100.6,6.29,1.317
2016-11-26,12.14,9.72,25.22,349.92,97.1,100.1,20.39,3.075
2016-11-27,11.72,4.93,54.75,282.45,75.8,100.3,1.11,2.142
2016-11-28,12.7,4.52,18.91,318.87,93.2,101,7.33,1.98
2016-11-29,13.45,11.01,17.88,358.27,95.6,100.5,0.95,2.458
2016-11-30,13.36,7.33,26.16,324.42,93.7,100.3,2.86,2.215
2016-12-01,8.66,5.34,30.25,298.86,83.6,100.6,0,2.005
2016-12-02,11.78,6.69,19.53,316.28,88.5,99.2,7.39,3.442
2016-12-03,9.45,6.84,35.26,296.69,68.6,100,0,2.804
2016-12-04,13.66,8.63,13.52,347.71,92.7,99.5,5.67,3.196
2016-12-05,11.06,7.8,29.02,304.56,82.6,99.4,0,2.9
2016-12-06,9.38,5.05,32.51,290.81,69.3,100.1,0,2.504
2016-12-07,12.74,5.17,3.9,339.23,94.3,98.5,37.74,1.593
2016-12-08,11.65,7.45,15.57,323.37,92.4,96.6,27.52,2.089
2016-12-09,8.38,4.99,31.22,294.29,91.1,97.4,0.84,2.28
2016-12-10,9.56,5.24,32.42,309.36,86.6,97.4,9.27,3.337
2016-12-11,12.54,5.45,17.23,317.06,86.9,97.9,15.69,2.239
2016-12-12,12.18,3.1,22.43,311.37,73,97,6.49,4.88
2016-12-13,7.34,4.08,46.59,273.76,79.4,99.4,0,2.136
2016-12-14,8.96,2.43,20.87,317.03,82.8,99.7,4.54,1.134
2016-12-15,9.02,7.51,4.78,336.27,95.3,98.7,23.96,1.811
2016-12-16,9.06,5.95,26.62,310.38,95.9,99,0,1.797
2016-12-17,6.87,4.69,23.5,315.15,92.3,99.9,0.01,1.073
2016-12-18,7.47,2.43,15.62,309.65,97.1,100,7.63,2.614
2016-12-19,3.31,0.46,20.84,298.53,87.4,101,0.77,4.083
2016-12-20,1.17,-1.25,26.8,282.47,81,101.1,0.21,4.964
2016-12-21,0.45,-3.5,32.89,252.33,84.8,100.4,0,3.383
2016-12-22,2.42,-3.82,29.6,276,94.2,100.6,0,2.516
2016-12-23,6.25,2.32,28.96,310.22,98.7,100.7,1.34,3.898
2016-12-24,4.14,1.88,22.74,308.43,99.1,100.6,0.83,3.491
2016-12-25,7.37,2.85,20.89,319.87,99.9,100.4,3.06,1.44
2016-12-26,10.96,7.29,19.16,338.47,96.7,100.5,5.53,1.939
2016-12-27,12.1,4.58,9.54,327.28,93,99.9,18.1,1.95
2016-12-28,11.81,3.34,12.63,317.2,93.6,98.7,27.73,0.992
2016-12-29,7.23,3.71,30.05,280.28,72.7,100,0,3.051
2016-12-30,9.4,2.45,16.42,313.71,87.5,100.6,10.63,1.515
2016-12-31,10.74,5.88,16.28,336.09,93.1,100.2,10.25,2.614
2017-01-01,12.08,9.31,16.14,355.48,98.7,99.9,9.93,2.785
2017-01-02,11.99,6.87,11.7,329.63,94.5,99.5,7.98,2.973
2017-01-03,8.96,6,45.83,275.32,76.7,99.9,0,3.638
2017-01-04,8.98,4.86,43.73,289.55,87.2,99.6,2.44,2.239
2017-01-05,11.1,8.1,24.75,325.13,79,97.8,5.06,5.478
2017-01-06,8.46,2.67,24.12,293.82,83.1,98,1.52,3.245
2017-01-07,5.08,0.8,43.09,260.69,85.1,99.2,0,0.555
2017-01-08,6.27,-2.55,45,259.59,77.7,100.6,0.99,1.262
2017-01-09,11.06,5.74,14.33,334.94,95.5,99.5,12.88,2.854
2017-01-10,8.42,3.99,30.25,293.71,79,99.2,0,3.19
2017-01-11,5.53,2.9,41.51,265.72,77.4,98.3,0,3.24
2017-01-12,6.89,2.78,26.88,292.55,89,97.9,0.09,2.406
2017-01-13,11.17,5.92,35.84,314.33,80.5,97.2,2.2,4.871
2017-01-14,7.33,4.05,33.39,273.44,73.3,99.4,0,3.275
2017-01-15,6.54,2.24,12.6,300.55,89.4,99.9,5.08,0.596
2017-01-16,11.09,6.58,23,335.77,97.7,99.3,5.02,1.874
2017-01-17,10.69,5.94,34.05,294.81,78.4,99.1,3.7,3.826
2017-01-18,9.62,5.55,25.05,313.86,87.9,99.5,1.99,3.641
2017-01-19,10.71,8.96,29.65,338.14,95,99.1,6.03,2.625
2017-01-20,10.66,4.82,30.2,296.73,79.9,97.9,10.2,2.697
2017-01-21,6.44,2.69,52.91,262.72,74,98.4,0.17,3.089
2017-01-22,5.89,1.27,60.91,256.31,75.7,99.9,0,1.56
2017-01-23,6.47,0.19,61.14,272.27,88.9,101,0,0.935
2017-01-24,11.23,5.78,28.92,338.04,97.4,101.1,1.68,2.204
2017-01-25,9.85,8.11,35.43,337.77,99.1,101.4,0.44,1.356
2017-01-26,8.76,6.86,28.66,326.75,98,101,1.2,0.639
2017-01-27,9.16,6.52,39.99,311.41,94.2,101,1.57,2.082
2017-01-28,10.29,4.86,43.71,312.79,98.2,101,0.25,0.388
2017-01-29,10.55,6.06,47.68,322.4,98.7,101.2,1.62,1.08
2017-01-30,9.43,6.96,53.77,324.49,96.2,101.4,1.07,0.305
2017-01-31,9.89,5.59,34.69,321.38,96.6,101.3,0,1.879
2017-02-01,9.36,5.56,37.21,319.48,92.9,100.4,8.88,1.949
2017-02-02,6.69,2.63,66.42,274.59,83.5,100.8,0.38,1.031
2017-02-03,8.16,2.37,54.12,278.6,91.3,101.2,0,1.436
2017-02-04,10.47,4.98,45.44,315.09,95.9,100.9,1.04,2.058
2017-02-05,8.58,2.52,59.22,289.82,85.3,100.2,1.66,1.964
2017-02-06,8.14,0.48,37.36,301.89,85.1,99.1,10.59,1.113
2017-02-07,9.28,4.66,78.94,294.89,83.8,97.6,4.58,1.924
2017-02-08,10.93,5.43,53.38,304.57,79.4,97.1,19.03,3.431
2017-02-09,7.11,2.68,53.19,284.85,75.8,97.9,0.98,4.009
2017-02-10,11.46,4.27,27.19,317.64,85.4,99.6,11.14,3.383
2017-02-11,11.74,10.97,15.35,359.62,94.3,99.3,9.41,4.032
2017-02-12,11.41,6.6,60.77,307.72,84.6,99.6,7.5,3.798
2017-02-13,10.27,5.43,27.25,312.18,88,100.5,8.69,3.09
2017-02-14,11.07,7.08,81.21,309.28,76.6,99.5,6.26,4.747
2017-02-15,7.98,3.52,20.02,297.68,85.3,99.2,2.99,2.95
2017-02-16,6.46,1.65,85.27,266.28,75.4,99.3,1.37,2.696
2017-02-17,4.25,-2.19,103.59,231.13,77.9,100.4,0,0.446
2017-02-18,8.88,-2.44,45.62,298.36,87.7,100.8,7.73,2.648
2017-02-19,9.67,5.73,69.45,307.55,80.8,100.6,6.64,3.355
2017-02-20,10.01,4.5,72.82,298.38,80.9,102,0,3
2017-02-21,11.51,7.14,80.58,313.29,86.2,102.4,0,3.003
2017-02-22,11.44,7.08,93.58,305.9,90.4,102.3,0,2.536
2017-02-23,10.83,7.22,72.98,322.39,92.5,102,0,0.902
2017-02-24,9.22,5.82,73.04,316.96,90,101,2.12,1.632
2017-02-25,8.05,3.57,77.31,279.73,79.6,100.6,0,2.196
2017-02-26,10.03,5.47,79.1,302.99,88.3,100.3,2.13,3.285
2017-02-27,9.43,6.82,69.34,318.98,89.5,99.7,6.16,2.668
2017-02-28,11.1,7.35,39.55,328.32,96.3,99.4,3.66,2.744
2017-03-01,11.11,8.85,42.26,343.23,95.7,99.5,20.71,3.026
2017-03-02,10.95,6.28,124.86,275.88,71,100.4,0,2.574
2017-03-03,10.54,6.31,75.75,308.13,84.5,99.9,12.75,4.227
2017-03-04,10.7,4.29,101.97,295.55,75.5,99.2,6.73,2.951
2017-03-05,11.38,3.87,114.29,301.52,75.3,97.8,8.6,4.93
2017-03-06,9.79,3.53,92.05,286.96,78.8,99.8,0.86,2.524
2017-03-07,9.22,5.83,95.03,309.79,76.6,99,7.3,4.394
2017-03-08,9.46,5.06,98.68,283.43,67.1,100,0,2.971
2017-03-09,9.77,4.68,33.7,310.58,89.8,99.3,15.83,2.598
2017-03-10,7.73,2.85,106.33,273.92,73.6,99.4,2.43,3.79
2017-03-11,9.57,4.32,53.78,319.18,86.3,99.4,8.88,3.64
2017-03-12,11.13,6.31,109.5,309.22,78,98.9,1.79,4.566
2017-03-13,7.25,3.15,91.21,286.23,73.8,99,0,2.45
2017-03-14,5.91,1.4,129.61,250.81,59.2,100.5,0,0.973
2017-03-15,5.33,0.09,130.84,251.98,59.7,101.5,0,0.74
2017-03-16,6.32,0.49,157.2,274,70.4,101.5,0,0.296
2017-03-17,10.62,3.02,60.79,321.76,95.4,101.2,5.15,1.571
2017-03-18,10.62,7.24,97.5,318.66,95.1,101,0,1.873
2017-03-19,11.16,7.42,134.71,304.87,92.4,101.3,0,1.441
2017-03-20,11.8,5.59,137.02,287.86,92.2,101.6,0,0.794
2017-03-21,13,5.24,197.42,261.47,89.7,101.3,0,0.772
2017-03-22,13.78,3.87,156.8,284.28,90.8,101.2,0,0.779
2017-03-23,11.58,3.05,144.42,287.48,87,101.8,0,0.693
2017-03-24,11.54,6.1,147.18,312.38,94,101.9,0,0.835
2017-03-25,12.19,4.72,141.36,309.37,94.6,101.1,0,1.051
2017-03-26,12.61,7.88,152.46,312.07,80.2,99.8,3.46,1.994
2017-03-27,10.99,7.61,110.66,319.31,80,97.7,10.72,3.767
2017-03-28,9.21,5.78,108.77,313.38,74.8,97.3,4.68,4.872
2017-03-29,9.9,4.65,117.37,304.07,83,97.5,1.21,2.906
2017-03-30,9.96,5.09,104.42,310.92,89.9,96.9,14.1,1.254
2017-03-31,10.44,4.39,96.85,300.81,88.6,97.5,4.34,1.576
2017-04-01,10.64,0.81,120.17,290.46,91.9,98.7,3.35,0.925
2017-04-02,10.16,4.02,166.59,281.84,85.2,98.6,0,1.342
2017-04-03,8.89,3.06,109.89,299.65,89.6,98.2,1.38,0.283
2017-04-04,5.61,2.78,51.77,313.33,84.9,98.7,2.95,5.024
2017-04-05,6.68,0.57,139.59,279.29,62.8,100.1,0,2.519
2017-04-06,7.4,-3.29,146.75,249.34,79.2,100.7,1.14,0.428
2017-04-07,6.68,-2.29,146.55,259.2,80.6,100,0,0.908
2017-04-08,7.29,0.43,170.58,253.52,61.6,99.4,0,4.825
2017-04-09,6.95,-0.89,159.11,260.83,63.9,99.6,0,4.374
2017-04-10,7.47,-0.84,197.7,257.2,67.8,99.5,0,1.455
2017-04-11,8.14,-0.12,170.24,273.28,77.8,99.8,0,0.477
2017-04-12,7.97,1.15,123.47,283.43,89.2,100.6,2.63,0.494
2017-04-13,10.79,-0.53,180.33,272.15,78,101.1,0,0.115
2017-04-14,10.4,1.89,149.17,289.52,75.5,101,0,0.307
2017-04-15,10.45,1.98,111.47,297.95,76.7,100.6,0,1.307
2017-04-16,10.42,5.6,119.04,308.15,84.8,100.6,0,1.255
2017-04-17,14.74,6.36,188.13,303.73,82.9,100.8,1.36,1.585
2017-04-18,12.24,5.06,201.88,295.63,71.2,101.1,0,1.89
2017-04-19,13.01,3.66,221.54,284.49,70.2,101.2,0,1.858
2017-04-20,13.32,4.64,175.82,299.65,72.6,101,0,1.489
2017-04-21,10.94,5.5,146.09,310.53,73.4,100.9,0,2.721
2017-04-22,11.78,3.9,208.32,272.87,79.7,100.7,0,0.294
2017-04-23,15.72,4.92,148.5,310.04,88.2,100.6,0,1.091
2017-04-24,15.5,4.98,191.39,305.86,85.8,100.4,0,1.329
2017-04-25,10.93,6.63,158.44,306.54,69.4,100.5,0,1.641
2017-04-26,10.59,4.45,136,301.67,62.1,100.7,0,0.982
2017-04-27,11.08,2.97,136.89,299.73,69.4,100.2,0,0.755
2017-04-28,12.4,4.83,196.94,283.62,65.1,99.7,0,2.596
2017-04-29,12.72,3.44,248.77,268.12,66.1,99.4,0,0.575
2017-04-30,14.46,3.92,204.42,296.87,82.3,100.2,0,1.997
2017-05-01,14.31,8.21,171.49,315.66,89.6,101,0,1.353
2017-05-02,13.3,6.42,204.43,304.94,91.4,101.1,0,1.273
2017-05-03,13.48,9.07,207.91,322.32,91.4,100.1,2.3,1.481
2017-05-04,11.49,6.47,145.33,318.83,73.6,100.5,5.72,3.454
2017-05-05,10.82,5.87,183.98,298.66,67.5,99.6,1.91,4.096
2017-05-06,10.73,5.79,163.04,298.56,73.7,100.5,3,2.19
2017-05-07,10.95,5.85,179.8,298.53,76.7,99.8,2.27,0.857
2017-05-08,9.99,2.32,98.24,311.17,83,100,4.9,0.988
2017-05-09,11.22,5.49,192.61,295.6,76.8,98.1,2.5,3.806
2017-05-10,10.78,5.16,153.07,303.81,76.1,97.6,1.39,2.771
2017-05-11,10.44,4.64,166.52,296.41,69.6,98.4,1.4,1.453
2017-05-12,11.05,3.73,191.03,275.74,64.2,99.5,0,1.887
2017-05-13,11.99,1.3,203.62,275.28,66.9,99.6,0,0.388
2017-05-14,9.61,2.85,126.81,288.83,76.6,99.7,3.37,1.651
2017-05-15,12.1,1.76,169.76,286.19,79.4,100.2,0.02,1.194
2017-05-16,13.05,8.36,126.61,337.9,92.5,99.4,13.36,1.902
2017-05-17,13.18,6.62,217.85,290.67,67.6,99.3,0,3.747
2017-05-18,12.08,5.64,154.38,311.1,90.8,98.7,10.33,1.428
2017-05-19,11.43,5.5,196.69,288.54,81,99.4,3.43,2.057
2017-05-20,12.09,4.9,223.81,277.29,81.7,100,1.31,1.359
2017-05-21,12.49,4.72,165.25,303.62,89.7,100,8.96,0.422
2017-05-22,13.91,3.14,286.13,268.93,83.2,100.6,0,0.629
2017-05-23,18.41,5.42,271.7,300.24,65.5,100.7,0,4.904
2017-05-24,21.05,11.82,222.25,341.54,75.8,99.9,2.49,6.214
2017-05-25,18.85,8.9,256,312.54,83.2,99.8,0,0.538
2017-05-26,17.06,7.61,316.43,287.64,82.5,100.1,0,1.174
2017-05-27,15.23,10.44,219.73,326.2,85.1,100.4,0,1.18
2017-05-28,14.51,9.23,173.22,329.55,88.5,100,4.17,1.326
2017-05-29,14.68,5.97,219.75,292.69,77,99.9,0.72,1.284
2017-05-30,12.91,3.38,240.65,274.04,83.7,99.7,1.28,0.975
2017-05-31,13.39,4.61,229.75,284.37,84.5,99.8,3.19,0.717
2017-06-01,13.87,5.84,218.93,294.78,85.3,99.8,5.11,0.75
2017-06-02,14.65,6.32,264.25,288.99,82.6,99.8,0,1.246
2017-06-03,12.98,10.27,89.03,344.97,94.8,98.8,36.94,2.314
2017-06-04,13.61,10.65,145.92,343.07,95.6,98.1,10.75,1.45
2017-06-05,13.42,7.91,176.05,321.46,82.6,98.9,0.98,2.131
2017-06-06,13.15,6.66,198.14,300.49,66,100.2,0,1.525
2017-06-07,12.33,6.68,116.71,328.85,82.1,99.9,12.14,1.753
2017-06-08,14.24,8.24,221.55,320.36,77,99.7,1.74,2.572
2017-06-09,14.62,6.22,199.67,304.79,79.4,100.2,1.09,1.558
2017-06-10,18.56,11.02,184.31,338.32,86.7,100.1,2.36,2.255
2017-06-11,20.03,9.96,301.77,320.42,84.2,100.7,0,2.984
2017-06-12,16.59,10.23,258.1,317.71,75.3,101.3,0,1.468
2017-06-13,18.31,8.28,341.15,278.9,71.4,101.5,0,0.359
2017-06-14,19.45,9.18,257.72,318.68,80.6,100.9,0,0.532
2017-06-15,20.65,13.1,226.59,345.97,82.2,100.4,0.84,1.53
2017-06-16,18.58,10.33,241.37,321.94,84.5,100.4,0,1.024
2017-06-17,18.41,9.95,280.05,324.82,86.4,100.1,0,0.604
2017-06-18,18.91,12.04,289.14,317.24,77.7,100.1,2.79,2.19
2017-06-19,17.82,12.21,297.72,298.47,69.4,100.4,0,2.161
2017-06-20,16.46,10.41,233.55,319.73,66.3,100.5,0,0.705
2017-06-21,16.65,8.86,214.11,317.73,70.2,100.7,0,0.537
2017-06-22,18.57,11.39,174.34,341.56,81.2,100.5,0.09,1.537
2017-06-23,20.1,10.95,295.34,314,77.2,100.5,0,0.616
2017-06-24,19.43,10.5,301.68,307.06,81.4,100.1,1.51,0.655
2017-06-25,16.11,11.09,212.41,331.07,90.3,99.3,26.2,1.014
2017-06-26,15.05,10.99,114.66,355.12,95.3,99.4,20.81,2.913
2017-06-27,15.68,10.8,141,346.74,90.7,99.9,4.04,3.129
2017-06-28,16.25,10.67,196.98,329.74,86.4,100.2,4.79,0.345
2017-06-29,18.06,9.79,241.85,314.82,83,100.5,0,0.33
2017-06-30,17.89,7.76,240.56,312.42,79.7,100.6,0,0.956
2017-07-01,15.54,12.81,90.23,365.84,96.6,100.2,6.78,1.631
2017-07-02,18.15,13.39,140.03,358.05,93.7,99.1,22.39,0.234
2017-07-03,18.23,10.77,264.72,307.72,77.1,99.4,1.61,2.795
2017-07-04,16.99,10.17,240.64,309.1,77,99.9,1.25,2.232
2017-07-05,17.44,11.75,219.58,324.46,85.4,99.5,9.18,2.388
2017-07-06,17.23,10.77,249.59,313.8,80.8,99.9,0,2.046
2017-07-07,16.68,13.38,84.76,368,95.5,98.7,29.61,1.339
2017-07-08,17.52,12.14,247.66,322.09,72.9,99.8,3.04,3.617
2017-07-09,16.7,11.89,71.21,344.54,93.5,99.8,31.1,0.973
2017-07-10,18.5,10.86,286.66,302.99,74,100.3,0,1.147
2017-07-11,17.79,10.78,191.02,317.61,79.1,100,0,0.476
2017-07-12,18,10.39,246.29,312.76,79.5,99.9,4.63,1.186
2017-07-13,17.47,12.27,219.24,334.56,88.2,98.8,16.71,0.402
2017-07-14,19.04,11.01,262.85,306.99,74.8,99.7,1.15,1.814
2017-07-15,17.25,8.75,159.99,327.81,88.1,99.8,3.26,1.179
2017-07-16,16.01,12.02,138,345.69,91.8,98.9,3.84,0.868
2017-07-17,17.24,10.99,244.23,307.81,87,98.9,5.48,2.258
2017-07-18,18.78,9.35,256.5,308.03,84.7,99.1,5.46,0.331
2017-07-19,18.31,12.7,179.49,346.46,92.4,98.9,14.51,0.774
2017-07-20,20.51,13.49,246.53,340.81,88,98.7,7.93,1.591
2017-07-21,21.39,14.27,198.17,356.12,84.8,99.3,2.74,2.888
2017-07-22,21.82,13.27,250.23,336.2,86,100,0,0.982
2017-07-23,22.87,12.49,278.36,318.22,80,100.3,0,0.037
2017-07-24,23.4,11.61,292.33,316.87,76.1,100.4,0,0.434
2017-07-25,22.82,12.45,292.28,317.81,78.1,100.3,0,0.588
2017-07-26,21.94,12.62,284.45,326.07,84,100,3.63,0.443
2017-07-27,21.86,14.85,292.78,325.85,83.4,99.9,0,1.032
2017-07-28,22.79,14.27,303.29,322.84,82.2,100.3,0,1.279
2017-07-29,25.03,13.64,296.71,333.34,79.5,100.5,0,0.48
2017-07-30,25.53,14.12,282.5,341.22,74.8,100.3,0,1.465
2017-07-31,25.06,14.98,283.8,340.25,78.7,100.4,0,1.154
2017-08-01,24.59,15.84,285.09,339.25,82.6,100.4,0,0.923
2017-08-02,23.95,17.47,265.85,348.78,79.7,100.3,0,1.563
2017-08-03,22.9,17.14,160.5,359.17,81.6,99.8,1.03,0.927
2017-08-04,20.53,15.13,249.13,328.6,81.1,99.7,0,1.419
2017-08-05,19.69,15.24,204.85,352.24,82.8,99.4,0.36,1.201
2017-08-06,20.39,15.88,218.01,342.3,82.8,99.3,2.39,2.029
2017-08-07,20.45,15.64,266.58,323.97,77.9,99.8,0,2.276
2017-08-08,20.9,16.06,207.11,362.38,90,100.1,2.3,1.858
2017-08-09,19.82,17.49,111.75,386.04,96.6,100.1,1.29,2.679
2017-08-10,20.86,14.72,218.97,341.33,83.5,100.3,0,1.469
2017-08-11,18.91,13.19,148.96,335.84,86.2,100.4,0.74,1.208
2017-08-12,19.67,12.04,230.31,313.32,83.4,100.4,2.41,0.763
2017-08-13,18.42,13.4,173.25,338.48,89.1,100.1,17.58,1.792
2017-08-14,14.85,11.63,75.74,343.59,91.6,100.1,29.47,1.022
2017-08-15,18.32,11.21,193.31,319.86,78.1,100.6,0,1.461
2017-08-16,18.61,11.18,176.39,325.87,82.2,100.7,0,1.257
2017-08-17,18.04,11.74,189.2,321.06,84.1,100.6,0,1.363
2017-08-18,18.85,11.95,205.34,319.63,84.6,100.3,0,1.044
2017-08-19,18.67,13.46,126.13,336.87,89.4,99.9,0.87,1.037
2017-08-20,19.45,15.14,167.32,361.52,94.6,99.9,2.79,0.911
2017-08-21,20.68,15.2,160.17,361.39,90.8,100.2,3.1,0.373
2017-08-22,20.79,15.03,93.57,372.63,91.9,99.7,9.59,1.753
2017-08-23,20.68,14.45,185.78,347.35,83.1,100,4.36,1.354
2017-08-24,20.61,13.37,169.52,343.73,88.5,100.3,3.14,0.837
2017-08-25,18.96,13.58,152.07,334.76,89.1,100.1,6.44,2.7
2017-08-26,19.99,12.9,178.23,338.95,81.9,100.3,2.49,4.048
2017-08-27,18.69,12.3,137.15,343.93,91.7,100.5,6.61,2.545
2017-08-28,21.11,11.45,225.66,314.85,82.5,100.5,0,0.784
2017-08-29,20.08,12.96,210.96,317.72,84.5,100,4.77,0.913
2017-08-30,18.7,12.45,157.18,324.19,86.2,100,1.68,1.317
2017-08-31,18.52,11.13,181.93,311.74,80.8,100.2,0.27,0.32
2017-09-01,18.35,9.8,207.07,298.05,75.4,100.3,0,1.081
2017-09-02,16.24,7.07,174.16,301.74,74.1,100.7,0,0.336
2017-09-03,17.48,7.72,220.77,297.29,74.1,100.7,0,0.966
2017-09-04,18,10.11,175.88,311.01,77.5,100,0,1.117
2017-09-05,18.29,12.85,110.68,336.65,87.9,99.1,0,1.969
2017-09-06,17.74,12.38,82.82,344.55,84.6,98.8,9.24,2.374
2017-09-07,17.72,12.2,175.73,324.25,81.7,98.9,17.07,2.288
2017-09-08,17.53,13.22,164.48,318.79,77,98.2,5.92,3.926
2017-09-09,17.88,12.6,195.43,308.99,75.2,99.4,0,3.222
2017-09-10,20.16,13.82,112.37,375.72,91.8,99.8,0.51,2.369
2017-09-11,18.52,16.01,92.5,381.71,97.7,100.1,1.32,2.827
2017-09-12,18.26,13.32,94.38,360.95,94.9,99.8,1.55,2.234
2017-09-13,17.65,11.43,200.01,299.02,72.3,100.6,0,2.748
2017-09-14,18.65,12.15,169.57,318.35,80.3,100.8,0,2.761
2017-09-15,17.41,13.87,101.79,355.2,90.7,100.2,0,2.558
2017-09-16,16.94,12.66,159.45,337.58,86.4,99.9,1.57,0.777
2017-09-17,16.22,12.87,22.96,361.33,96.7,98.4,38.94,1.761
2017-09-18,15.17,11.94,131.83,314.48,85,98.4,4.55,2.455
2017-09-19,15.97,12.51,126.2,315.84,79.2,99.5,0,2.164
2017-09-20,17.9,13.55,78.91,356.97,90.6,99,7.59,2.15
2017-09-21,17.18,11.8,174.13,305.71,83.9,99.6,0,1.629
2017-09-22,16.64,11.27,41.09,344.27,97.7,99.8,3.58,0.737
2017-09-23,16.59,8.69,176.97,298.96,85,100.2,0,0.66
2017-09-24,15.49,9.06,127.8,312.57,90.3,100.1,1.7,1.088
2017-09-25,15.94,10.46,155.87,304.29,87,99.9,0.52,0.574
2017-09-26,16.85,11.42,70.09,354.34,96.3,99.2,19.44,2.419
2017-09-27,17.4,11.15,33.1,360.47,95.7,98.9,21.86,1.104
2017-09-28,16.2,9.23,159.89,290.25,86,99.8,0,1.741
2017-09-29,16.06,8.69,151.74,300.18,86.7,100.9,0,1.059
2017-09-30,15.09,8.15,79.55,320.82,89.4,100.6,0,1.032
2017-10-01,15.04,10.38,33.66,339.58,95.3,99.1,9.46,0.79
2017-10-02,13.5,8.02,124.79,289.39,78.8,99,0,0.627
2017-10-03,10.48,6.16,92.08,300.09,74,100,0,0.523
2017-10-04,11.02,4.76,72.36,314.95,92.4,100.1,2.02,1.592
2017-10-05,12.97,6.81,142.37,287.77,76.7,100.4,0,2.754
2017-10-06,12.55,5.01,121.06,284.91,81.4,100.7,0,1.308
2017-10-07,11.43,5.26,90.22,297.07,80.8,100.8,0,0.416
2017-10-08,13.11,5.9,100,303.89,91.6,100.5,1.2,0.674
2017-10-09,11.2,7.3,40.41,323.86,95.5,100,0.17,1.001
2017-10-10,11.5,8.15,49.64,325.78,94.5,99.5,2.44,2.734
2017-10-11,11.95,5.82,86.4,299.39,92.4,98.8,0,0.956
2017-10-12,14.63,3.92,129.75,295.76,88.6,99.7,0,0.698
2017-10-13,15.58,12.26,79.21,342.58,97.6,100.3,5.23,1.431
2017-10-14,15.82,10.61,115.04,324.52,94.5,100.8,0,1.695
2017-10-15,16.45,11.96,112.26,323.76,85.5,100.5,0,5.174
2017-10-16,13.27,11.04,62.97,329.69,88.1,99.5,5.93,5.408
2017-10-17,15.26,9.4,83.31,327.93,95.5,98.9,4.81,0.453
2017-10-18,14.34,9.84,42.59,348.7,95.6,98.3,18.45,4.453
2017-10-19,14.21,9.8,61.45,332.1,93.5,98.4,35.71,1.442
2017-10-20,15.09,10.08,57.95,348.39,93,99,1.65,1.389
2017-10-21,15.37,14.23,21.03,370.21,95.6,98.5,19.41,1.971
2017-10-22,16.91,13.4,18.85,366.32,95,98.5,14.95,1.68
2017-10-23,14.21,11.68,16.69,360.1,98.1,99.5,19.45,0.757
2017-10-24,14.79,8.62,66.46,323.37,90.3,100.8,1.64,1.076
2017-10-25,13.32,8.13,79.66,310.35,88.4,101.4,0,3.597
2017-10-26,14.45,10,97.09,318.31,91.9,100.7,0,1.34
2017-10-27,15.51,8.34,96.1,318.69,94.6,100.1,0,0.867
2017-10-28,13.59,10.61,43.84,347.01,96.3,100.4,0.62,0.67
2017-10-29,15.37,8.19,65.99,312.64,93.9,100.5,0.51,1.564
2017-10-30,13.79,5.56,32.1,330.93,98.8,100.1,1.27,0.778
2017-10-31,13.52,7.04,26.14,341.48,97.8,99.9,11.01,1.865
2017-11-01,13.26,8.53,20.2,350.32,96.8,99.7,20.75,4.561
2017-11-02,9.6,6.75,54.71,321.32,90.7,99.7,1.42,5.935
2017-11-03,12.34,6.68,49.85,319.14,95.7,99.3,6.64,2.001
2017-11-04,13.67,5.23,71.54,310.46,98.3,99.7,0,0.886
2017-11-05,13.12,8.97,73.14,303.53,87.9,99.2,0,3.644
2017-11-06,12.4,8.76,42.66,336.92,92,98.5,3.94,4.571
2017-11-07,14.94,11.7,15.5,362.65,96.4,97.2,59.61,1.976
2017-11-08,14.24,12.48,56.14,336.31,89.9,96.7,9.11,1.939
2017-11-09,14.04,10.64,19.42,333.06,89.9,97.1,23.9,1.631
2017-11-10,13.27,8.15,68.09,304.18,90.3,97.5,13.6,1.185
2017-11-11,12.96,10.81,28.6,333.76,88.7,96,11.4,1.887
2017-11-12,12.74,6.9,51.24,294.81,87.7,96.6,0,2.619
2017-11-13,12.32,7.09,65.8,297.97,92.6,97.3,1.66,1.617
2017-11-14,11.79,7.59,64.77,290.18,92.7,98.2,0,1.719
2017-11-15,12.46,7.4,65.41,297.43,91.8,99.4,4.66,1.481
2017-11-16,13.67,11.22,52.05,337.51,91.1,99,7.05,2.121
2017-11-17,14.02,12.11,38.12,328.86,92,99,8.05,1.626
2017-11-18,13.9,12.48,40.72,347.59,94.2,98.5,27.24,2.438
2017-11-19,12.73,10.71,19.44,342.88,91.5,98,28.68,3.646
2017-11-20,12.38,8.87,31.08,312.49,85.4,97.4,2.01,4.03
2017-11-21,9.24,5.96,39.16,290.69,68.3,99.2,0,2.561
2017-11-22,7.12,1.27,57.75,268.45,76.7,100.3,0,0.305
2017-11-23,13.23,4.19,14.11,343.49,94.5,100.3,10.69,1.13
2017-11-24,12.94,11.74,13.34,361.54,98.6,100.2,10.63,1.936
2017-11-25,12.82,10.73,22.42,349.63,98.6,100.5,0,1.027
2017-11-26,13.14,9.94,14.95,345.02,98.5,100.1,11.22,0.9
2017-11-27,11.7,6.73,53.56,279.46,96.9,100.2,0,1.35
2017-11-28,11.53,6.93,32.23,313.39,96.4,100.5,0,1.189
2017-11-29,9.38,5.68,40.56,287.08,92,100.8,0,0.432
2017-11-30,6.86,4.27,31.65,308.07,97,100.7,0,0.811
2017-12-01,8.46,4.09,26.77,302.6,96.7,99.9,0,2.759
2017-12-02,5.31,2.5,27.65,299.57,85,100.8,0,2.085
2017-12-03,2.75,-1.24,35.91,272.77,87.7,101.7,0,0.791
2017-12-04,11.26,1.92,25.63,330.15,96.4,101.3,0,1.744
2017-12-05,12.43,8.3,43.55,321.33,93.9,100.3,0,1.981
2017-12-06,9.6,3.9,22.29,316.46,93.9,99.8,3.68,1.306
2017-12-07,5.56,1.26,31.43,258.56,86.8,100.1,0,3.759
2017-12-08,5.32,1.12,22.27,275.32,88.5,100.6,0,3.752
2017-12-09,4.96,1.66,31.77,289.46,83.9,100.7,0,1.158
2017-12-10,6.31,2.52,26.71,293.47,85,100.7,0,0.807
2017-12-11,4.42,-0.03,36.49,258.53,83.1,101.5,0,1.264
2017-12-12,2.97,-1.66,40.6,252.46,86.8,101.7,0,2.152
2017-12-13,3.12,0.49,43.21,272.25,85,101.2,0,2.757
2017-12-14,4.89,0.94,18.59,302.2,94.5,100.4,3.63,0.604
2017-12-15,5.37,2.6,31.83,289.49,89.8,100.2,1.34,0.888
2017-12-16,4.35,-2.08,39.97,239.29,76.1,100.5,0,0.82
2017-12-17,8.52,-1.69,31.98,285.95,90.3,100.6,0,2.144
2017-12-18,11.02,8.13,26.3,332.64,95.5,99.8,4.65,2.392
2017-12-19,11.2,9.97,25.48,338.1,89.8,99.9,0.02,3.343
2017-12-20,11.06,6.67,8.96,335.6,93.4,99.4,19.9,2.935
2017-12-21,10.44,5.1,17.56,304.96,79.1,98.8,11.13,3.026
2017-12-22,12.36,5.65,9.21,334.58,95.3,98.2,8.7,3.172
2017-12-23,13.22,9.93,27.78,328.19,70.6,98.5,4.41,5.486
2017-12-24,10.67,8.79,32.98,312.27,76.2,100.5,1.76,2.724
2017-12-25,12.14,5.79,12.32,327.52,94.2,100,8.16,3.073
2017-12-26,12.38,4.55,13.81,329.1,90.8,100.2,5.94,3.13
2017-12-27,12.15,8.39,4.56,342.59,86.5,98.5,26.95,4.535
2017-12-28,8.42,6.46,38.32,295.72,77.1,98.4,4.25,3.79
2017-12-29,8.53,4.91,15.85,295.91,79.2,97.8,12.84,2.383
2017-12-30,11.32,4.3,35.64,314.54,76.3,96.8,19.56,4.948
2017-12-31,11.34,4.59,33.18,303.34,68.6,96.6,12.55,5.622
2018-01-01,11.36,4.88,30.71,291.84,60.9,96.5,5.49,6.299
2018-01-02,6.67,4.29,32.42,262.46,72.7,97.8,0,3.371
2018-01-03,7.19,1.32,45.14,262.36,83.5,97.9,0,1.06
2018-01-04,6.47,-0.08,50.72,256.51,89.3,99.4,0,0.339
2018-01-05,8.43,3.92,32.31,301.15,83,99.3,4.92,2.195
2018-01-06,6.61,3.65,45,272.02,72.7,99.5,0.08,3.343
2018-01-07,8.46,1.43,26.63,301.19,93.5,101.1,1.62,1.47
2018-01-08,10,6.65,24.86,326.97,98.5,101.8,1.47,1.385
2018-01-09,9.42,6.94,29.28,319.2,95.5,101.9,1.11,1.913
2018-01-10,9.94,7.44,33.94,325.24,93.3,101.5,0.78,2.392
2018-01-11,10.95,9.22,26.18,338.62,96.7,101.4,0.23,2.251
2018-01-12,10.55,8.24,41.38,312.16,89.4,100.8,0,2.938
2018-01-13,10.28,4.16,17.56,305.2,82.5,99.9,4.28,3.591
2018-01-14,7.53,3.56,50.81,260.7,78.2,100.9,0,3.051
2018-01-15,9.5,3.31,41.37,291.9,86.6,101.7,0.68,2.776
2018-01-16,10.38,5.63,16.62,324.69,85.7,100.9,3.58,3.88
2018-01-17,10.08,4.21,32.9,322.36,91.3,101.3,0.73,1.675
2018-01-18,12.06,9.69,23.72,340.28,94.2,100.6,0.46,2.892
2018-01-19,10.36,7.9,24.9,332.74,93.2,100.1,0.91,2.37
2018-01-20,9.52,6.3,25.74,317.51,90.3,99.3,3.22,2.733
2018-01-21,9.14,3.99,34.23,292.42,90.7,99.4,1.01,2.423
2018-01-22,10.22,6.66,40.61,310.57,79.6,98.6,0,3.812
2018-01-23,8.2,4.93,58.33,283.61,65.6,99.3,0,4.297
2018-01-24,8.21,4.94,46.39,295.52,77.1,101,0,1.24
2018-01-25,9.56,3.96,41.33,311.26,92.9,101.2,0,0.913
2018-01-26,8.75,4.96,45.02,293.83,86.9,100.9,0,2.131
2018-01-27,7.06,3.79,49.2,298.8,86.5,100.6,0,1.221
2018-01-28,9.36,2.29,66.52,296.83,93.9,100.8,0,0.301
2018-01-29,9.6,1.88,58.95,274.43,93.8,101.3,0,1.448
2018-01-30,11.88,7.16,50.18,323.25,96.3,102,0.62,1.924
2018-01-31,11.22,8.09,60.03,319.8,94.5,102.2,0,1.761
2018-02-01,11.26,5.82,46.94,315.97,89.1,101.8,0.67,0.726
2018-02-02,6.73,4.15,45.69,310.33,87.2,102.2,0.31,2.718
2018-02-03,6.65,1.62,61.56,280.73,89,102.3,0,2.147
2018-02-04,7.25,-0.13,78.76,268.81,93,102.1,0,0.23
2018-02-05,7.17,2.79,71.68,276.95,85.9,102.6,0,0.385
2018-02-06,7.93,2.43,73.9,294.29,81.9,102.8,0,0.924
2018-02-07,9.79,5.81,61.09,308.03,79.2,102.1,0,2.593
2018-02-08,10.1,7.3,63.33,313.56,88,101.3,2.22,2.816
2018-02-09,8.57,5.64,47.82,319.58,88.3,100.4,2.17,2.827
2018-02-10,8.25,3.05,38.44,302.79,87.5,98.6,8.99,1.344
2018-02-11,6.16,-0.57,74.53,252.36,77,100.6,0,0.596
2018-02-12,5.88,-3.18,90.94,247.56,82.7,101.8,0,0.246
2018-02-13,8.21,1.25,72.25,298.2,92.4,101.1,0.11,1.048
2018-02-14,8.68,2.77,66.69,302.89,89.9,100.6,0.15,0.887
2018-02-15,8.5,0.92,49.34,280.53,90.2,100.5,0.41,1.829
2018-02-16,8.34,0.21,82.25,287.26,82.8,101,0.52,1.127
2018-02-17,8.08,5.74,84.58,283.58,79.6,100.5,0,4.33
2018-02-18,10.57,6.28,61.22,317.55,89.9,99.4,3.88,2.655
2018-02-19,10.01,6.42,110.76,293.46,83.8,99.9,6.54,2.084
2018-02-20,9.9,5.22,58.56,297.17,86.1,100.2,3.72,1.938
2018-02-21,9.48,5.03,16.5,308.6,93.6,99.3,9.82,1.12
2018-02-22,7.74,4.16,33.68,309.77,93.9,98.9,12.37,0.937
2018-02-23,8.23,3.9,76.68,295.66,83.5,99.5,5.07,1.985
2018-02-24,10.43,5.76,81.95,325.74,94.3,99.8,9.22,0.262
2018-02-25,11.46,10.02,52.24,350.08,97.5,100.5,2.77,2.87
2018-02-26,11.17,8.05,66.44,337.71,98,101,1.51,1.803
2018-02-27,11.76,6.97,96.51,311.25,97,101.1,0.23,0.749
2018-02-28,12.08,7.5,108.14,297.5,92.9,100.9,0,1.648
2018-03-01,12.9,8.63,68.79,323.68,90.5,100.7,1.42,1.073
2018-03-02,12.29,8.51,64.46,332.63,97.6,101.2,1.86,0.4
2018-03-03,10.53,4.62,101.2,283.5,91,101.2,0,2.871
2018-03-04,11.22,4.22,109.64,294.75,89.6,100.9,0,1.62
2018-03-05,10.89,6.04,21.9,327.28,96.6,99.9,18.06,1.466
2018-03-06,11.01,5.83,65.67,315.67,90.9,99.6,4.06,2.089
2018-03-07,11.55,6.11,86.65,316.24,80.4,98.2,11.15,4.619
2018-03-08,8.32,5.01,107.95,287.82,69.3,99.6,0.11,3.307
2018-03-09,11.55,5.34,76.58,323.29,89,99.5,5.05,2.084
2018-03-10,10.51,6.21,59.43,326.93,93.6,99.3,7.54,2.942
2018-03-11,7.83,4.31,118.48,274.85,65.7,100,1.14,4.185
2018-03-12,11.22,4.06,93.97,289.01,78.8,100.8,1.02,3.764
2018-03-13,12.3,5.98,122.53,293.52,85.5,101.2,0,2.243
2018-03-14,12.92,3.14,135.31,287.55,92.2,101.5,0,1.043
2018-03-15,11.47,6.37,168.52,281.92,84.2,101.3,0,4.245
2018-03-16,12.34,4.68,137.47,285.56,86.2,100.9,0,1.407
2018-03-17,12.27,4.49,110.53,294.92,90.4,100.9,0,0.974
2018-03-18,14.03,5.13,101.61,305.15,86.7,101.2,0,1.189
2018-03-19,10.79,3.28,165.96,272.88,66.3,101.7,0,2.518
2018-03-20,11.82,4.13,186.48,275.95,67.2,101.9,0,3.623
2018-03-21,9.37,3.9,137.9,276.12,66.5,102.6,0,3.715
2018-03-22,9.63,1.56,181.48,248.81,75.2,102.8,0,3.07
2018-03-23,13.29,1.04,197.67,257.58,78.8,102.3,0,0.32
2018-03-24,13.91,2.53,202.14,259.24,81.1,101.4,0,0.434
2018-03-25,6.8,3.92,117.49,284.92,62.7,99.9,0,1.564
2018-03-26,8.11,2.5,129.3,272.71,65.2,99,0,1.405
2018-03-27,7.45,0.04,145.87,249.58,71.3,99.9,0,0.592
2018-03-28,8.75,1.68,113.69,293.27,81.4,99.8,1.36,2.877
2018-03-29,9.45,4.74,86.61,324.48,94.4,99.2,9.23,0.561
2018-03-30,12.95,5.7,142.95,323.25,85.2,98.5,15.02,1.89
2018-03-31,10.48,6.79,139.55,313.57,80.3,97.4,20.05,3.97
2018-04-01,9.92,7.48,106.8,303.34,70.8,97.6,2.84,4.71
2018-04-02,9.97,5.85,120.83,294.87,69.8,98.9,0,4.29
2018-04-03,9.54,4.72,145.93,288.6,63.2,101.1,0,2.179
2018-04-04,9.35,3.16,80.21,316.57,88.4,101.4,4.56,2.07
2018-04-05,13.36,7.39,116.68,328.69,94.9,101.1,0,1.067
2018-04-06,14.36,6.91,106.34,309.85,87.7,100.1,0,3.489
2018-04-07,11.33,6.67,82.22,324.7,88.9,98.5,12.73,2.622
2018-04-08,9.99,5.26,120.63,288.2,91.6,99.1,5.33,1.589
2018-04-09,10.31,2.89,138.82,279.72,83.5,99.3,2.02,1.574
2018-04-10,9.75,3.37,59.9,308.28,92,97.6,12.56,0.999
2018-04-11,9.09,5.07,70.32,314.89,94.7,96.9,6.09,0.218
2018-04-12,12.5,6.34,165.68,302.87,81.8,98.5,0.08,1.521
2018-04-13,10.85,3.78,145.16,295.2,87.7,98.7,6.8,0.951
2018-04-14,10.64,6.82,96.16,328.68,91.9,98.7,2.5,3.183
2018-04-15,11.49,6.08,126.37,309.52,78.6,100.3,0.53,2.711
2018-04-16,12.64,5.29,212.26,290.52,63,100.9,0,2.308
2018-04-17,11.21,5.23,127.91,311.11,90,99.8,1.84,0.491
2018-04-18,12.8,6.52,140.84,315.88,93.8,99.2,5.45,0.981
2018-04-19,13.91,5.88,169.6,296.41,88.1,99.5,0,0.445
2018-04-20,15.85,5.46,180.42,301.95,83.3,99.4,0,1.864
2018-04-21,13.81,9.09,71.32,340.89,96.8,99,20.95,2.376
2018-04-22,13.63,10.51,131.15,345.39,94.7,99.2,5.63,3.545
2018-04-23,15.75,8.33,222.25,310.22,83.6,100.2,0.58,2.69
2018-04-24,18.85,8.14,205.94,327.92,82.7,100.3,1.62,0.361
2018-04-25,16.25,8.5,140.53,325.81,86.9,100.1,0.95,0.792
2018-04-26,12.79,5.75,230.83,281.27,65.2,100.4,0,0.749
2018-04-27,11.5,6.69,130.32,314.82,71.1,100.7,0,0.711
2018-04-28,11.85,4.82,159.44,308.87,78,100.5,0.74,0.36
2018-04-29,15.66,10.94,122.89,348.22,88.2,99.5,2.18,1.887
2018-04-30,15.46,11.54,165.37,339.05,87.2,98.3,1.58,2.252
2018-05-01,12.02,8.31,125.03,326.33,84.3,97,14.09,1.03
2018-05-02,10.13,7.72,57.78,328.59,83.4,95.7,9.15,2.121
2018-05-03,11.8,7.64,184.3,300.36,78.2,96.9,1.78,3.176
2018-05-04,12.86,7.82,159.2,313.94,77.8,98.2,4.51,2.641
2018-05-05,12.89,7.31,188.15,306.43,68.9,99.1,0,2.175
2018-05-06,13.46,6.98,162.48,304.08,81.8,99.7,1.19,2.316
2018-05-07,14.39,6.56,196.03,304.97,87.7,100.4,4.94,1.548
2018-05-08,15.85,4.86,252.29,289.61,88.8,100.7,0,0.475
2018-05-09,17.2,5.78,207.17,309.4,75.6,100.6,0,3.007
2018-05-10,16.25,11.47,179.72,325.38,68.7,100.2,0.49,6.663
2018-05-11,13.78,9.98,51.91,340.45,91.9,99.6,20.78,3.165
2018-05-12,15.16,9.85,250.13,303.77,88.4,100.1,0,1.265
2018-05-13,15.43,9.17,184.79,321.72,88.3,99.7,5.77,2.169
2018-05-14,14.94,7.74,191.18,313.33,75.1,100.4,0,2.081
2018-05-15,14.57,10.98,225.45,327.46,86.7,99.6,3.99,2.785
2018-05-16,13.18,5.04,185.64,292.02,70.8,99.8,0.64,2.05
2018-05-17,13.33,3.89,200,284.95,74.7,100.1,1.33,1.731
2018-05-18,14.22,6.74,192.02,306.86,79.7,100.4,1.48,1.381
2018-05-19,16.32,4.7,282.36,282,73.6,101.2,0,0.09
2018-05-20,18.76,7.13,273.66,304.67,74.2,101.6,0,0.259
2018-05-21,18.23,8.36,253.33,308.8,77.9,101.3,0,0.181
2018-05-22,19.92,11.88,290.22,314.1,72.8,100.7,0,0.434
2018-05-23,18.16,10.54,177.03,328.21,85.7,100.2,3.81,0.39
2018-05-24,15.53,10.01,205.88,327.16,80.2,99.9,3.05,0.563
2018-05-25,16.34,8.75,212.74,312.35,78.3,100,2.06,0.418
2018-05-26,14.47,7.57,249.38,295.11,84.9,100.1,4.8,0.834
2018-05-27,16.59,6.2,277.08,287.89,68.6,99.9,0,1.863
2018-05-28,17.62,10.81,177.49,338.35,82.6,99.7,6.93,3.519
2018-05-29,16.71,11.43,264.96,321.58,85.1,99.4,0.8,1.025
2018-05-30,15.13,10.01,223.91,314,76.8,99.4,2.12,1.504
2018-05-31,15.55,9.64,227.95,316.44,79.2,99.5,5.93,0.577
2018-06-01,15.97,9.28,231.97,318.79,81.6,99.7,9.74,1.713
2018-06-02,15.54,12.17,195.22,332.04,91.2,99.1,14.68,1.006
2018-06-03,15.26,10.9,198.35,315.8,88,100.1,5.11,1.52
2018-06-04,16.57,7.38,287.13,287.03,85.2,100.8,1.23,0.736
2018-06-05,21.05,7.51,287.42,303.88,75.4,101.1,0,0.772
2018-06-06,20.75,9.72,313.59,300.6,75.1,101,0,1.491
2018-06-07,21.69,10.68,287.99,312.8,74,100,0,3.663
2018-06-08,22.5,15.32,176.15,365.01,75.5,99.3,1.23,5.715
2018-06-09,21.94,14.64,139.74,377.81,85,99.2,7.5,4.963
2018-06-10,19.01,14.03,89.92,361.93,86.8,99,5.91,2.368
2018-06-11,23.56,14.2,215.75,359.41,91.1,98.7,36.1,0.313
2018-06-12,14.41,9.5,210.36,314.76,73.5,99.2,2.71,2.9
2018-06-13,13.75,8.87,183.16,313.96,70.5,99.2,3.67,3.207
2018-06-14,15.64,7.79,268.15,307.34,71.5,99.3,2,2.965
2018-06-15,17.22,11.55,224.25,330.45,81.1,99.1,1.86,2.783
2018-06-16,14.63,10.01,206.97,306.06,79.3,98.8,8.69,3.612
2018-06-17,14.69,9.26,215.65,300.1,79.9,99.6,3.56,2.422
2018-06-18,14.72,8.46,205.68,301.09,87.3,100.2,3.62,1.94
2018-06-19,17.26,9.23,301.92,294.38,78.8,100.7,0,1.045
2018-06-20,19.02,8.04,304.79,292.66,77.1,101.2,0,0.334
2018-06-21,20.21,9.92,331.73,295.23,75.9,101.2,0,0.224
2018-06-22,23.03,10.47,337.65,304.82,75.8,100.9,0,0.669
2018-06-23,25.3,12.47,301.07,328.44,66.1,100.6,0.24,3.297
2018-06-24,24.14,17.24,218.2,360.62,74.1,100.1,1.49,3.606
2018-06-25,24.03,15.11,203.65,367.72,88.1,100.2,0,1.03
2018-06-26,25.62,16.71,321.93,347.01,75.2,100.4,0,0.918
2018-06-27,24.02,15.53,335.5,328.49,73.6,100.6,0,0.597
2018-06-28,22.58,14.26,312.03,325.25,69.1,101.1,0,3.434
2018-06-29,21.46,11.57,264.83,318.44,72.6,101.2,0,3.215
2018-06-30,23.6,11.94,302.4,318.77,77,100.7,0,1.663
2018-07-01,26.59,13.33,325.41,332.63,78.2,100.2,3.08,0.722
2018-07-02,26.01,15.23,315.23,339.5,74.1,100.2,1.12,1.059
2018-07-03,24.74,14.64,314.26,322.46,76.2,100.4,0,0.808
2018-07-04,22.57,13.88,271.08,329.92,80.3,100.6,0,0.916
2018-07-05,21.69,13.33,299.58,318.28,81.8,100.7,0,0.595
2018-07-06,21.43,12.05,297.7,319.67,83.2,100.5,2.08,0.947
2018-07-07,22.69,14.1,310.84,318.84,68.3,100.7,0,0.565
2018-07-08,22.23,13.31,278.17,322.3,65.4,101.2,0,0.731
2018-07-09,24.64,12.6,325.57,317.29,66.4,101.2,0,2.176
2018-07-10,24.63,16.1,236.12,365.1,77,100.8,4.49,2.957
2018-07-11,20.78,15.68,193.19,353.32,89.7,100.2,27.77,0.384
2018-07-12,23.59,15.28,318.22,326.28,75.3,99.8,0,0.553
2018-07-13,23.92,15.98,230.15,346.94,76.2,100,1.34,0.403
2018-07-14,23.6,15.35,262.79,336.54,79.5,100.2,0.84,0.165
2018-07-15,22.3,14.65,295.87,330.14,81.9,100.1,1.89,0.565
2018-07-16,19.45,13.28,163.41,346.69,89,99.8,6.32,0.313
2018-07-17,20.2,11.8,169.2,341.64,83.5,99.2,3.36,0.676
2018-07-18,19.09,16.06,105.59,371.23,89.8,98.3,36.53,1.713
2018-07-19,20.34,15.67,191.87,352.11,79.4,98.6,3.03,3.003
2018-07-20,19.44,15.72,155.86,367,91.8,99.2,15.08,3.824
2018-07-21,19.99,14.68,274.06,323.38,78.7,99.6,3.67,2.906
2018-07-22,18.26,13.78,109.94,354.29,93.6,99.8,8,1.495
2018-07-23,18.99,12.88,187.65,335.48,89.3,99.5,9.09,1.855
2018-07-24,20.59,12.39,265.06,316.54,82.2,100.4,0,0.721
2018-07-25,21.68,12.21,214.69,338.4,76.4,100.6,0,2.322
2018-07-26,24.7,14.94,310.21,327.5,77.4,100.3,0,2.107
2018-07-27,25.26,14.93,230.35,352.91,80.6,99.9,1.67,1.81
2018-07-28,25.51,15.34,254.19,346.41,80.8,99.8,0,0.772
2018-07-29,20.59,14.34,229.39,347.8,91.1,100.2,0,1.518
2018-07-30,21.36,15.88,193.39,371.16,93.7,100.1,1.96,1.574
2018-07-31,21.59,14.62,201.75,353.62,85.9,100,3.68,1.283
2018-08-01,21.81,13.35,210.21,335.52,78.1,99.9,5.4,1.067
2018-08-02,19.37,11.58,253.4,306.37,75.7,99.8,1.06,2.07
2018-08-03,17.93,12.39,188.61,338.14,85.5,99.5,2.77,2.101
2018-08-04,20.36,13.51,244.69,334.58,80.2,99.5,0,2.299
2018-08-05,20.06,12.18,203.78,334.94,88.5,99.9,0.2,1.67
2018-08-06,21.19,14.84,219.14,350.81,78.6,99.8,0.29,2.241
2018-08-07,22.07,15.37,168.11,374.42,84.4,99.5,4.11,0.912
2018-08-08,18.95,12.79,277.19,304.78,67.8,99.5,0,2.195
2018-08-09,19.92,10.89,222.53,315.78,73.3,100.4,0,1.297
2018-08-10,21.82,11.58,227.83,327.44,83.9,100.4,0,1.003
2018-08-11,22.21,13.88,247.37,335.18,83.6,100.2,0,1.516
2018-08-12,19.33,13.25,147.99,340.05,79.5,100.2,6.33,1.267
2018-08-13,18.84,11.59,214.28,307.93,69.7,100.8,0,0.888
2018-08-14,19.35,11.31,216.54,315.48,72.3,100.9,0,1.137
2018-08-15,20.98,11.64,202.8,330.6,79.8,100.6,0,1.334
2018-08-16,21.04,14.21,175.55,345.58,85.4,100.3,0,1.539
2018-08-17,18.62,12.81,242.17,311.64,72.7,99.9,0,1.748
2018-08-18,18.97,10.81,234.85,301.07,70.6,100.2,1.38,0.454
2018-08-19,19.31,9.84,218.91,302.21,72.2,101,0,0.239
2018-08-20,20.17,9.65,237.37,302.08,75.2,101.3,0,0.262
2018-08-21,20.02,9.91,209.89,307.72,78.7,101,0,0.42
2018-08-22,20.99,11.23,181.73,333.37,84.1,100.5,0.39,1.089
2018-08-23,19.85,13.39,192.88,344.91,89.5,100.1,0.34,1.109
2018-08-24,19.68,13.06,193.11,326.49,82,99.4,2.64,1.428
2018-08-25,17.71,11.96,200.6,323.55,65.4,100.1,0,1.738
2018-08-26,17.72,10.27,201.71,297.04,63.1,100.9,0,0.776
2018-08-27,19.42,9.33,208.03,315.98,78.3,101.2,0,1.543
2018-08-28,18.21,11.65,203.43,317.42,76.3,100.6,0,1.762
2018-08-29,17.49,9.62,185.55,309.34,63.5,100.5,0,0.574
2018-08-30,16.91,10.11,161.54,316.83,67.6,101.1,0,0.432
2018-08-31,18.8,10.35,172.69,322.92,73.6,101,0,1.119
2018-09-01,20.68,10.59,183.88,328.88,79.6,100.9,0,1.812
2018-09-02,21.12,14.29,135.6,356.78,86.2,100.3,0,2.364
2018-09-03,21.8,16.15,143.42,370.19,84.6,100.1,0.01,2.375
2018-09-04,20.11,16.32,90.19,379.47,89.8,100.2,1.5,2.253
2018-09-05,18.67,9.84,173.22,310.8,77.9,100.9,0,0.864
2018-09-06,20.87,8.75,186.25,319.49,84.6,101.2,0,0.565
2018-09-07,22.46,12.38,221.5,315.37,77.3,101.1,0,2.197
2018-09-08,23.88,15.45,217.36,317.24,69.8,100.9,0,3.471
2018-09-09,26.24,13.51,223.13,319.64,69.9,100.8,0,2.295
2018-09-10,27.86,12.52,218.73,334.03,81.4,100.4,0,0.871
2018-09-11,22.19,14.06,161.57,350.1,82.8,100.3,0,1.189
2018-09-12,20.65,12.02,152.24,334.87,88,100.2,0,0.553
2018-09-13,20.43,13.87,155.52,334.01,87.6,100,0,0.952
2018-09-14,18.79,11.82,118.31,339.63,77.2,99.7,6.9,0.997
2018-09-15,16.54,9.51,26.71,334.38,86.6,98.6,27.66,2.377
2018-09-16,18.19,12.46,43.59,354.53,83,97.8,25.4,2.143
2018-09-17,17.52,11.51,151.89,304.83,71,98.7,0,2.332
2018-09-18,18.48,8.08,179.66,304.31,82.4,99.8,0,0.196
2018-09-19,25.19,13.65,163.04,358.51,78.7,99.9,1.41,3.175
2018-09-20,24.44,15.95,191.05,333.28,67,99.5,0,4.634
2018-09-21,23.21,14.12,176.36,334.88,83.1,99.4,1.34,0.854
2018-09-22,20.83,12.89,159.8,327.57,91.3,99.6,3.03,0.04
2018-09-23,19.46,11.85,131.83,338.16,95.5,100,1.67,0.418
2018-09-24,19.99,11.88,122.33,344.92,93.9,100.4,2.06,1.543
2018-09-25,19.08,14.83,138.69,344.09,93.1,100.1,0,0.76
2018-09-26,19.33,12.27,74.77,352.93,93.8,99.2,8.86,0.802
2018-09-27,16.24,11.93,122.7,315.51,83.8,99.2,0.79,2.369
2018-09-28,16.06,12.04,125.45,309.63,83.9,99.1,1.48,3.101
2018-09-29,16.45,9.97,134.39,305.24,80.1,99.5,0,2.424
2018-09-30,17.18,8.39,139.36,302.11,84.9,100.2,0,1.072
2018-10-01,16.93,13.13,24.55,373.78,95.1,99.5,16.01,2.516
2018-10-02,17.2,13.9,34.01,364.01,99.2,99.1,1.98,1.473
2018-10-03,17.31,11.66,120.37,316.87,86.5,99.8,0,1.786
2018-10-04,15.59,8.69,106.52,315.33,87.7,100.5,0,0.44
2018-10-05,16.22,11.27,106.55,329.35,86.2,100.2,0.75,1.037
2018-10-06,16.26,11.57,73.1,341.72,91,99.4,9.34,1.238
2018-10-07,16.88,8.56,140.77,290.28,88.5,99.7,0,0.962
2018-10-08,14.67,8.45,47.62,332.99,91.5,99.8,9.17,4.055
2018-10-09,17.86,11.99,73.75,342.37,95.4,99.5,2.21,2.353
2018-10-10,19.08,11.79,94.23,348.08,96.6,100,1.57,2.391
2018-10-11,16.95,15.76,16,378.65,97.3,99.9,25.44,3.633
2018-10-12,17.07,14.4,88.11,358.27,96.5,99.6,23.23,0.413
2018-10-13,16.99,10.16,113.68,307.86,92,99.7,0,0.723
2018-10-14,16.99,8.68,120.25,308,89.5,99,0,0.903
2018-10-15,15.21,10.36,87.02,323.83,86.2,98.9,0,1.075
2018-10-16,14.13,10.31,69.07,331.4,93.2,98.8,0.93,0.706
2018-10-17,14.68,11.72,64.3,350.06,94.4,99,5.26,1.559
2018-10-18,15.71,12.82,68.73,353.95,95.6,99.4,4.12,0.602
2018-10-19,15.51,12.27,79.46,345.62,90.8,100,0.99,2.202
2018-10-20,14.08,8.78,80.7,307.68,82.8,100.4,0,2.02
2018-10-21,14.45,8.49,80.88,328.78,86.3,100.3,0,1.341
2018-10-22,13.11,9.82,84.96,321.32,82.7,100,0,1.649
2018-10-23,12.21,8.66,68.03,319.13,81.1,100.5,0,1.248
2018-10-24,13.53,6.98,67.64,313.56,83.6,100.8,0,0.395
2018-10-25,13.6,5.9,98.39,295.18,85.4,100.6,0,0.666
2018-10-26,11.74,5.93,43.6,322.9,88.7,100.2,0.95,2.74
2018-10-27,14.5,8.9,87.83,317.57,91,99.5,0,2.14
2018-10-28,15.54,7.69,55.95,330.11,97.4,99.3,2,0.918
2018-10-29,13.14,7.7,29.02,343.99,97.6,99.6,4.1,2.902
2018-10-30,14.55,7.35,37.7,347.56,96.6,99.5,6.79,3.431
2018-10-31,14.55,9.49,36.08,348.7,94.5,99.6,3.99,4.036
2018-11-01,14.56,11.63,34.46,348.48,92.4,99.7,1.18,4.678
2018-11-02,15.79,11.3,82.89,321.23,92.6,100.4,1.32,1.326
2018-11-03,16.43,11.69,84.79,317.64,89.1,101,0,2.61
2018-11-04,11.91,9.21,43.93,338.25,91.1,101,0.69,3.61
2018-11-05,11.12,8.09,53.08,328.38,89.4,100.7,0.01,2.776
2018-11-06,9.62,7.2,41.51,324.96,90.4,100.5,0.46,2.399
2018-11-07,10.08,5.89,59.8,302.71,88,100.3,0.34,3
2018-11-08,9.21,5.67,40.09,320.45,88.5,100.6,0.58,3.759
2018-11-09,10.87,7.37,50.96,308.17,85.4,101.1,0,3.704
2018-11-10,10.4,7.11,56.49,304.28,88.7,101.2,0,3.463
2018-11-11,9.65,6.32,40.66,317.27,89.7,101.1,2.19,3.106
2018-11-12,10.24,6.63,55.35,305.65,90.9,101.1,0,2.759
2018-11-13,10.35,6.32,54.46,298.26,87.8,100.8,0,3.208
2018-11-14,10.23,5.46,68.38,274.91,90.8,100.6,0,2.632
2018-11-15,9.61,4.58,66.79,277.61,87.5,100.3,0,0.501
2018-11-16,8.57,3.93,50.83,287.1,88.3,100,0,0.403
2018-11-17,8.06,2.77,55.2,286.8,91.4,99.7,0,0.748
2018-11-18,9.47,0.78,57.19,277.34,85.9,99.6,0,0.384
2018-11-19,10.98,0.79,66.4,277.17,93.9,99.7,0,0.349
2018-11-20,9.32,3.97,37.85,317.27,98.5,100.2,0,1.888
2018-11-21,11.21,7.37,26.91,327.61,85.9,99.5,3.96,1.79
2018-11-22,7.6,3.91,61.01,283.78,89.7,100,0,0.536
2018-11-23,10.98,3.21,40.1,308.97,88.1,100.4,0,0.669
2018-11-24,10.86,9.19,34.4,341.71,95.2,100.4,2.71,1.766
2018-11-25,10.12,6.77,22.32,326.83,97.6,100.4,0.04,2.008
2018-11-26,9.07,5.76,39.63,317.53,98,100.6,0,0.81
2018-11-27,10.76,7.91,16.77,346,99.3,100.3,1.79,0.681
2018-11-28,12.68,8.82,25.92,334.24,96.8,99.4,1.13,1.594
2018-11-29,11.19,4.79,41.66,282.38,92.2,99.3,0,0.594
2018-11-30,11.3,6.28,34.03,316.91,94.3,98.6,1.71,0.268
2018-12-01,11.63,2.96,28.54,299.95,88.3,97.6,9.6,1.222
2018-12-02,10.04,8.08,37.66,299.71,83.7,96.7,0,3.821
2018-12-03,12.57,5.22,26.49,305.15,88.7,98.1,24.22,0.884
2018-12-04,11.84,10.26,20.62,326.56,93.6,96.8,8.09,2.189
2018-12-05,10.6,6.15,38,312.98,95.2,98,5.13,1.229
2018-12-06,6.27,1.42,30.59,275.46,84.1,100.5,3.02,2.015
2018-12-07,3.62,-3.7,52.21,223.19,93,101.6,0,0.777
2018-12-08,5.16,-5.12,33.48,267.01,91.3,101.6,0,0.577
2018-12-09,8.2,0.9,22.59,298.49,81.3,101.4,0,0.71
2018-12-10,5.82,-1.11,44.4,271.56,90.1,100.8,0,1.951
2018-12-11,6.25,2.87,28.9,286.4,82.9,99.7,0.57,3.464
2018-12-12,5.6,1.83,20.6,293.21,93.8,99.2,0.67,1.783
2018-12-13,6.22,-0.53,35.03,281.84,97.1,99.6,0,0.351
2018-12-14,11.58,-0.52,7.71,319.87,98.3,99.6,11.52,0.962
2018-12-15,11.78,6.96,27.25,327.58,100,99.5,7.71,0.573
2018-12-16,11.14,7.87,43.81,291.09,92.4,99.6,0.04,1.998
2018-12-17,11.98,8.19,11.3,336.34,93.5,99.9,2.1,2.656
2018-12-18,11.99,9.71,24.4,339.37,91.9,99.4,2.32,1.925
2018-12-19,12.29,6.86,18.71,326.06,92,99,16.74,3.224
2018-12-20,12.56,10.43,5.57,355.65,94,98.3,66.28,3.533
2018-12-21,12.14,9.87,19.98,333.83,89,98.6,31.33,4.12
2018-12-22,14.03,11.81,5.91,364.68,92.6,98.5,30.82,4.208
2018-12-23,14.71,11.66,17.13,347.22,84.7,98.7,9.58,2.777
2018-12-24,12.06,8.85,17.48,324.53,93.7,99,20.03,1.531
2018-12-25,10.88,5.81,42.61,279.51,82.3,100.2,0,1.505
2018-12-26,11.94,9.89,10.47,342.26,90.2,99.3,14.26,2.211
2018-12-27,11.74,6.16,22.38,309.15,90.9,99.4,9.6,1.537
2018-12-28,8.31,4.22,36.67,293.16,75.5,100.8,0,1.274
2018-12-29,11.19,7.92,10.46,343.06,93.2,100.4,19.3,3.2
2018-12-30,11.07,8.55,10.52,341.28,94.4,99.6,18.08,1.709
2018-12-31,10.75,8.78,18.54,331.02,92.9,99.2,10.62,1.766
2019-01-01,10.43,9.01,26.63,320.71,91.3,98.8,3.15,2.798
2019-01-02,11.18,8.42,41.36,313.82,95.6,98.9,3.99,1.055
2019-01-03,11.04,7.16,17.78,321.46,93.8,98.5,2.75,1.187
2019-01-04,9.47,5.5,12.26,326.39,96.4,98.1,9.17,0.794
2019-01-05,8.22,2.08,35.24,286.1,85.5,98.2,0,0.583
2019-01-06,8.4,6.06,16.71,310.57,85.1,96.6,19.77,4.812
2019-01-07,8.66,7.27,14.82,323.98,92.3,96.5,10.2,4.16
2019-01-08,7.76,4.64,21.16,312.59,95.4,97.9,3.59,3.985
2019-01-09,7.36,3.95,36.33,304.23,91.3,98.8,1.18,3.974
2019-01-10,5.29,3.15,11.42,318.24,95.8,98.1,10.25,5.457
2019-01-11,3.52,1.87,24.08,302.07,90.9,99.1,2.77,2.097
2019-01-12,5.62,-0.55,36.81,287.06,89,99.7,0.64,0.745
2019-01-13,7.99,4.74,12.29,328.25,91.8,98.8,28.39,1.817
2019-01-14,7.8,6.65,15.45,335.45,96.8,98.3,21.69,2.834
2019-01-15,7.46,3.77,30.91,305.14,95.3,99.8,0.69,3.545
2019-01-16,5.45,0.77,59.3,258,87.8,100.6,0,2.165
2019-01-17,8.12,3.64,41.01,292.84,87,99.8,5.58,2.072
2019-01-18,8.52,3.6,47.68,270.64,78.1,100.9,0,2.267
2019-01-19,11.62,4.85,25.29,340.39,98.3,100.9,3.5,1.504
2019-01-20,12.78,10.01,43.62,340.84,97.5,100.8,1.4,1.677
2019-01-21,11.93,7.29,14.61,331.23,88.9,100.2,5.23,3.377
2019-01-22,7.21,4.14,39.85,279.32,74.6,99.3,1.14,4.069
2019-01-23,7.1,3.3,54.98,267.85,70.3,100,0,2.884
2019-01-24,12.56,3.93,42.57,326.46,93.3,100.9,0.17,2.131
2019-01-25,9.8,8.06,38.58,322.69,96.6,101.3,0.74,1.676
2019-01-26,10.34,5.38,29.42,324.92,95.3,100.7,3.6,2.291
2019-01-27,8.95,4.3,27.65,293.7,81.6,101,0.24,2.743
2019-01-28,10.18,5.66,42.03,310.69,92.2,101.1,2.08,1.943
2019-01-29,10.38,6.94,47.72,302.24,79.8,101.2,0,3.046
2019-01-30,7.97,4.16,51,285.24,66.1,101.6,0,1.202
2019-01-31,5.4,2.46,44.07,294.83,78.2,102.2,2.13,0.566
2019-02-01,7.15,-0.48,81.91,257.97,85,102.1,5.69,0.447
2019-02-02,7.32,-2.42,41.73,282.9,83.3,102.6,0,0.909
2019-02-03,8.99,5.57,39.54,318.58,81.7,101.4,2.01,3.048
2019-02-04,7.91,3.27,64.08,288.03,75.5,101.5,0.14,2.387
2019-02-05,9.36,4.56,59.48,288.63,82.8,101.5,0.52,2.968
2019-02-06,9.92,4.33,18.48,303.51,88.3,99.8,16.04,3.564
2019-02-07,7.35,3.79,64.58,261.79,76,99.7,0.86,3.382
2019-02-08,6.54,3.62,59.59,283.32,78.7,99.7,1.79,2.763
2019-02-09,11.45,5.33,27.18,335.46,92,99.2,7.44,3.733
2019-02-10,11.9,8.17,60.59,329.26,82.2,99.6,3.89,3.652
2019-02-11,10.66,5.46,30.41,328.67,96,99.1,18.09,1.953
2019-02-12,7.36,2.15,94.67,263.85,74.6,99.6,0.32,2.499
2019-02-13,11.73,2.96,21.34,329.6,90.1,99.9,17.66,3.339
2019-02-14,11.85,8.79,25.55,347.54,91.1,99,5.9,4.386
2019-02-15,8.74,4.56,75.23,279.3,73.7,99.7,0.47,3.302
2019-02-16,6.23,3.21,92.98,266.52,71.4,100.2,0.33,2.191
2019-02-17,4.6,0.27,103.4,246.8,68.8,100.9,0,0.382
2019-02-18,4.84,0.44,33.93,288.09,65.9,100.3,0.35,4.551
2019-02-19,4.17,-2.13,96.92,239.57,69,100.8,0,0.991
2019-02-20,4.69,-3.37,125.22,223.5,79.6,101.1,0,0.51
2019-02-21,3.94,-3.26,110.18,232.79,78.3,100.8,0,1.769
2019-02-22,3.6,-3.56,131.57,213.63,72.1,100.9,0,3.32
2019-02-23,1.36,-3.7,102.66,227.56,71.6,101.2,0,3.732
2019-02-24,1.24,-4.28,97.29,230.59,78.2,101.5,0,1.96
2019-02-25,3.4,-3.37,128.2,244.13,81.5,101.9,0.14,0.522
2019-02-26,5.4,-2.78,117.33,245.35,81.2,101.4,0,0.735
2019-02-27,4.6,-2.02,101.91,251.68,79.4,101.2,0,3.472
2019-02-28,4.46,-0.95,107.06,250.01,74.8,101.3,0,3.646
2019-03-01,5.67,-0.68,109.53,262.56,71.6,102,0,1.753
2019-03-02,5.19,-2.34,116.7,256.76,70,102.2,0,2.824
2019-03-03,4.52,0.81,109.48,251.12,59.8,101.9,0,2.001
2019-03-04,3.09,-1.39,67.08,271.65,58.7,101.1,1.36,5.796
2019-03-05,2.86,-1.41,73.69,298.8,95.9,100.4,6.86,4.118
2019-03-06,9.07,2.36,91.11,311.75,96.8,99.9,7.98,1.273
2019-03-07,8.33,4.11,69.11,299.49,96,99.2,9.31,1.06
2019-03-08,8.88,4.4,39.88,302.83,93.4,98.4,25.23,1.287
2019-03-09,9.74,3.92,110.19,282.46,79.6,98.8,0.27,3.238
2019-03-10,8.96,1.96,137.06,261.5,78.1,100,0,1.133
2019-03-11,7.1,-1.09,136.48,254.53,74.5,100.2,0,0.359
2019-03-12,7.52,1.34,116.98,277.25,73.9,100,0.29,1.128
2019-03-13,7.68,0.61,112.47,284.26,76.4,100.7,0,0.906
2019-03-14,6.78,0.35,134.88,261.27,72.4,101.2,0,1.218
2019-03-15,9.36,0.11,64.83,297.7,84.5,100.9,2.83,1.163
2019-03-16,8.66,1.06,108.61,282.75,80.6,101.3,0,1.498
2019-03-17,9.43,4.38,81.91,309.86,83.9,101.6,0.21,0.862
2019-03-18,10.71,2.23,122.11,290.59,87.1,102.1,0,0.714
2019-03-19,11.34,0.96,184.03,262.97,80.5,102.2,0,2.242
2019-03-20,12.76,3.91,199.81,253.28,75.9,101.6,0,3.491
2019-03-21,10.37,5.18,183.58,261.62,86.2,101.2,0,4.49
2019-03-22,12.97,4.44,197.61,255.83,80.2,100.5,0,4.188
2019-03-23,12.48,2.5,206.3,247.76,75.2,100.1,0,3.025
2019-03-24,14.65,1.78,191.94,265.13,85.2,100.3,0,1.03
2019-03-25,15.13,2.53,199.57,274.21,86.3,101,0,0.326
2019-03-26,15.93,4.81,174.45,301.4,87.8,101.5,0,0.197
2019-03-27,15.46,3.53,215.03,262.48,75.1,101.9,0,1.763
2019-03-28,15.34,3.66,221.84,255.22,59.6,101.8,0,4.274
2019-03-29,14.55,6.21,221.48,262.05,64.8,101.2,0,4.877
2019-03-30,11.9,7.62,135.47,302.72,76.8,100.4,2.94,4.223
2019-03-31,11.8,9.64,122.88,339.77,94.6,99.5,15.4,1.35
2019-04-01,13.87,8.77,146.61,318.47,87.7,99,7.75,2.678
2019-04-02,13.78,5.4,163.2,282.28,76.9,100,0.37,2.063
2019-04-03,11.06,2.19,107.57,302.33,96.1,100,1.52,1.111
2019-04-04,14.04,9.37,172.01,318.28,90.5,99.1,1.41,1.955
2019-04-05,11.89,9.52,98.74,335.11,96.6,99.4,0.68,2.164
2019-04-06,12.2,9.29,143.2,317.07,91.2,99.8,0,1.063
2019-04-07,12.76,7.49,76.41,322.86,92.7,98.6,4.63,0.913
2019-04-08,11.79,6.85,121.4,305.09,87.8,98.5,4.32,2.428
2019-04-09,10.22,5.06,118.64,313.38,93.2,99.6,1.34,1.743
2019-04-10,10.31,7.67,56.77,339.51,98.1,97.8,21.93,1.077
2019-04-11,11.37,9.37,107.41,337.89,92.5,96.8,6.58,2.361
2019-04-12,9.37,4.01,137.6,288.52,73.1,97.6,3.96,2.298
2019-04-13,9.66,3.8,144.15,278.22,74.4,98.7,3.45,1.319
2019-04-14,9.76,1.35,152.3,268.05,79,100,1.66,1.107
2019-04-15,9.89,1.19,104.45,297.26,85.1,100.2,0.54,1.968
2019-04-16,8.85,6.51,68.79,327.94,87.6,99,12.06,4.25
2019-04-17,9.94,3.84,51.75,315.52,97.9,98.2,18.27,1.6
2019-04-18,10.85,8.43,117.65,325.07,96.3,98,7.15,1.452
2019-04-19,12.15,8.82,121.19,331,93.7,98.9,20.69,2.077
2019-04-20,13.79,10.45,147.41,338.67,90,99.2,3.59,1.648
2019-04-21,12.99,9.28,172.69,320.44,93.9,98.9,5.67,0.985
2019-04-22,12.68,9.46,188.96,320.15,92.1,98.8,7.61,2.014
2019-04-23,13.55,9.4,152.88,326.91,89.2,98.6,18.63,1.978
2019-04-24,11.58,5.33,142.92,308.63,92.4,98,17.41,1.583
2019-04-25,12.22,4.69,158.03,294.86,75.1,99.1,0.57,0.905
2019-04-26,9.34,3.62,217.78,281.31,60.8,101.3,0,0.607
2019-04-27,13.8,5.68,86.93,343.99,95.7,100.4,13.32,1.945
2019-04-28,12.98,7.23,182.02,308.19,78.6,99.9,3.65,3.27
2019-04-29,12.65,6.42,137.84,302.69,79.2,99.9,4.2,1.651
2019-04-30,12.68,4.65,225.63,277.16,76.4,101.3,0,0.299
2019-05-01,13.8,2.11,262.73,263.44,79.6,101.6,0,0.211
2019-05-02,16.85,4.85,258.36,291.79,74,101.5,0,2.005
2019-05-03,17.31,6.75,243.9,292,76.2,101.3,0,1.306
2019-05-04,17.81,5.34,292.21,271.5,72.6,101.4,0,0.497
2019-05-05,19.04,4.56,285.73,278.96,74.1,101.4,0,0.799
2019-05-06,20.26,6.15,294.61,288.64,72.7,101.2,0,1.854
2019-05-07,21.4,9.3,284.67,303.85,69.1,101,0,2.815
2019-05-08,20.27,9.99,283.28,297.28,68.7,101,0,4.384
2019-05-09,17.5,7.31,294.98,279.31,67,100.9,0,4.181
2019-05-10,17,6.28,301.95,271.99,66.9,100.6,0,4.548
2019-05-11,17.63,8.95,304.93,273.2,56.2,100.1,0,6.001
2019-05-12,16.66,7.91,310.33,261.27,52.2,100,0,5.005
2019-05-13,16.75,5.3,298.12,267.8,59.2,100.7,0,2.527
2019-05-14,15.93,6.19,228.99,295.06,67.9,101.2,0,1.768
2019-05-15,14.14,8.62,157.84,319.06,70.1,101.3,0.07,0.719
2019-05-16,14.65,8.35,140.91,320.41,72.3,100.8,0,0.846
2019-05-17,15.01,7.91,180.82,312.88,78.1,100.4,0.19,0.201
2019-05-18,15.69,5.92,189.84,304.9,78.3,100.3,0,0.599
2019-05-19,15.99,4.41,227.19,290.34,74.6,100.5,0,0.187
2019-05-20,17.62,6.87,239.13,304.98,75,100.5,0,0.413
2019-05-21,18.44,6.64,301.28,283.83,71.2,100.1,0,2.565
2019-05-22,19.31,8.05,279.44,292.25,71,99.7,0.75,0.488
2019-05-23,18.79,8.74,271.74,295.95,74.1,100.1,0,0.526
2019-05-24,15.05,8.83,108.79,332.9,83.5,99.7,9.49,2.192
2019-05-25,14.65,8.72,201.8,315.93,79.2,99.9,0.55,2.857
2019-05-26,13.86,8.67,160.41,318.8,61.7,100.4,0,2.866
2019-05-27,13.94,8.07,148.98,334.23,89.3,100.4,2.77,1.876
2019-05-28,15.01,8.34,263.39,303.9,76.4,100.3,0.34,2.457
2019-05-29,14.62,7.62,200.78,304.89,72.1,101.1,0,0.852
2019-05-30,16.45,7.74,256.2,293.17,66.8,101.5,0,1.008
2019-05-31,17.27,7.37,264.56,293.04,71.2,101.5,0,0.36
2019-06-01,18.08,7,272.93,292.95,75.6,101.5,0,0.219
2019-06-02,18.59,7.14,272.77,294.37,77.4,101.2,0,0.382
2019-06-03,20.17,8.15,277.32,302.89,73.1,100.7,0,0.294
2019-06-04,22.15,9.97,299.5,305.44,67,100.8,0,1.188
2019-06-05,22.32,11.95,313.23,305.18,65.2,100.6,0,5.055
2019-06-06,23.44,13.58,345.7,296.78,52.5,100.5,0,5.393
2019-06-07,23.9,14.63,342.03,302.31,51,100.4,0,4.778
2019-06-08,23.74,14.65,335.22,298.69,46,100.3,0,5.229
2019-06-09,24.5,14.43,345.28,300.49,46.8,100.2,0,5.186
2019-06-10,24.71,14.03,343.64,306.2,53.6,100.4,0,3.949
2019-06-11,24.57,11.87,348.21,292.8,51.8,100.4,0,4.312
2019-06-12,25.97,14.2,339.6,313.7,47.9,100.1,0,5.752
2019-06-13,20.93,16.44,119.69,368.78,80.9,100.1,25.32,3.439
2019-06-14,25.78,14.15,324.16,335.98,75.6,100.3,0,0.52
2019-06-15,27.88,15.49,316.05,343.37,65.3,100.4,0,1.364
2019-06-16,23.44,15.94,182.19,360.71,77.4,100.3,6.3,1.085
2019-06-17,24.19,13.44,255.61,342.31,71.9,100.3,3.61,1.045
2019-06-18,23.29,15,263.13,343.47,73.7,100.2,0.62,0.394
2019-06-19,23.14,16.53,244.28,352.08,73.7,100,3.1,1.244
2019-06-20,21.97,14.85,199.35,348.06,79,99.8,1.2,2.008
2019-06-21,20.14,15.15,288.48,336.48,70.6,99.6,0.36,2.941
2019-06-22,18.15,13.43,229.04,327.57,66.7,99.5,0.46,3.232
2019-06-23,17.32,10.77,255.28,304.9,75.7,99.7,3.68,1.887
2019-06-24,16.79,9.69,195.03,314.77,66.3,100.4,0,1.891
2019-06-25,17.71,7.44,220.95,303.05,69.2,100.7,0,0.336
2019-06-26,20.77,10.63,208.72,321.24,66,100.8,0,0.399
2019-06-27,23.58,13.59,260.01,325.42,64.3,101.2,0,0.395
2019-06-28,24.58,14.63,315.51,321.13,68.8,101.2,0,0.103
2019-06-29,26.96,12.96,310.63,333.27,65.8,100.5,0,0.268
2019-06-30,23.38,15.13,214.31,348.2,72.1,100.1,0.33,0.248
2019-07-01,25.34,17.41,265.18,359.64,67.2,99.7,2.09,0.716
2019-07-02,25.8,15.75,275.86,353.4,67.3,99.9,2.79,0.612
2019-07-03,23.51,15.2,324.76,323.93,70.4,100.1,0,0.273
2019-07-04,22.03,13.8,210.28,342.93,80.3,100,0.35,1.098
2019-07-05,21.24,12.38,299.46,312.7,71.5,99.8,0,1.075
2019-07-06,20.31,13.03,213.32,344.01,82.4,99.5,8.96,1.729
2019-07-07,20.72,17.69,121.45,391.94,93.7,99.7,10.15,2.278
2019-07-08,24.25,14.19,312.4,326.98,73.6,100.7,0,0.231
2019-07-09,29.33,16.17,309.18,352.12,65.7,100.9,0.02,1.434
2019-07-10,28.95,18.23,330.42,344.33,54.9,100.9,0,2.923
2019-07-11,26.84,16.21,295.1,337.49,64.7,100.8,0,1.75
2019-07-12,23.54,13.89,320.51,315.44,77.7,100.5,0.13,0.453
2019-07-13,24.54,13.42,289.21,329,69.8,99.7,0,1.029
2019-07-14,22.75,13.46,271.82,319.48,70.1,99.6,0.39,1.998
2019-07-15,22.19,11,249.4,308.42,64.9,100.3,0,1.213
2019-07-16,21.93,11.39,257.17,311.93,67.8,100.3,0,0.586
2019-07-17,21.8,13.78,253.06,315.19,63.2,100.2,0,1.014
2019-07-18,21.93,12.24,197.59,338.94,74,100,0.77,1.638
2019-07-19,20.94,12,237.83,320.65,72.8,99.7,1.01,1.167
2019-07-20,20.18,10.64,227.91,316.8,80.3,99.8,7.25,0.129
2019-07-21,22.2,12.91,267.17,320.06,69.7,100.5,0.35,0.515
2019-07-22,24.08,12.55,266.38,319.17,69.9,101,0,0.918
2019-07-23,25.34,15.8,247.58,343.82,78.6,101.2,0,0.142
2019-07-24,26.41,15.13,319.79,318.68,68.6,101,0,3.139
2019-07-25,27.44,16.85,314.16,326.8,59.7,100.2,0,5.864
2019-07-26,23.66,17.71,309.21,319.86,70.6,99.5,0,1.366
2019-07-27,22.93,16.25,280.97,320.33,78.8,99.6,0,1.277
2019-07-28,24.02,12.45,295.71,310.64,77.7,99.7,0,0.943
2019-07-29,26.04,13.44,304,317.1,72.6,99.8,0,1.043
2019-07-30,26.2,16.96,273.32,332.37,65.8,100.3,0,0.615
2019-07-31,26.17,15.91,267.18,328.25,61.7,100.6,0,0.351
2019-08-01,26.14,14.86,261.08,324.32,57.5,100.9,0,0.52
2019-08-02,26.84,14.35,267.32,327.65,69.3,100.9,0,0.929
2019-08-03,27.51,13.82,273.06,325.78,66.3,100.6,0,0.961
2019-08-04,24.22,15.39,238.02,326.34,66.4,100.5,0,1.445
2019-08-05,24.12,11.44,295.43,303.54,58.5,100.5,0,0.761
2019-08-06,22.66,13.82,208.86,325.09,69.4,100.4,1.02,1.642
2019-08-07,22.29,9.04,292.79,287.49,55.2,101.1,0,0.547
2019-08-08,22.73,10.96,270.18,303.71,64.9,101.2,0,0.855
2019-08-09,24.68,9.8,292.67,296.11,70.5,100.8,0,0.587
2019-08-10,28.61,11.23,284.53,322.69,59.1,100.5,0,1.165
2019-08-11,27.18,13.88,277.08,313.6,50.6,100.8,0,3.089
2019-08-12,26.45,14.65,167.88,351.54,50.5,100.3,0.53,5.58
2019-08-13,26.8,16.93,270.66,331.53,62.6,99.6,0.32,0.603
2019-08-14,24.26,14.43,265,317.51,78.8,99.8,0,1.145
2019-08-15,21.8,12.91,202.62,311.49,65.7,100,0,1.608
2019-08-16,22.26,9.95,281.17,280.52,55.4,100.6,0,0.633
2019-08-17,25.43,11.21,263.69,304.38,42.6,100.4,0.3,3.658
2019-08-18,27.84,16.25,229.08,345.49,64.8,99.5,6.26,1.237
2019-08-19,23.07,15.5,214.57,337.53,66.5,100.1,0.24,1.812
2019-08-20,20.49,13.96,147.75,343.11,68.8,100.2,0,1.358
2019-08-21,19.8,14.46,94.43,358.75,88,99.2,5.74,2.422
2019-08-22,21.38,13.38,185.7,328.24,77.5,99.1,1.26,3.375
2019-08-23,21.09,14.38,202.2,330.15,70.3,99.6,0.09,2.464
2019-08-24,20.87,11.85,143.22,330.04,72.7,100.3,0,1.136
2019-08-25,21.42,14.29,154.79,352.82,78.4,100.2,2.79,0.534
2019-08-26,21.21,11.27,206.89,322.58,74.9,100.4,10.92,0.445
2019-08-27,21.4,16.76,131.7,378.92,92.7,99.7,18.28,1.733
2019-08-28,20.56,14.33,127.82,344.31,84.6,99.7,2.59,0.443
2019-08-29,21.38,11.14,238.12,298.36,72.4,100.2,0,0.52
2019-08-30,21.86,11.74,203.06,317.55,79.9,100,0.72,0.273
2019-08-31,20.37,12.3,194.08,317.44,78.9,99.9,1.26,1.226
2019-09-01,18.89,12.85,185.01,317.57,78,99.8,1.79,2.181
2019-09-02,21.42,13.4,202.68,329.32,74.4,100.2,0.32,1.629
2019-09-03,21.69,13,202.06,326.05,80.7,100.7,0,0.666
2019-09-04,22.81,15.44,171.68,352.61,80.6,101,0,1.43
2019-09-05,24.42,14.95,177.53,356.48,84.1,101.1,0,0.617
2019-09-06,24.4,15.23,209.44,348.36,86.3,100.6,0,0.267
2019-09-07,22.52,15.92,144.22,358.85,82.6,100,0,1.804
2019-09-08,19.66,14.52,168.03,335.54,72.4,100.4,0,1.868
2019-09-09,22.06,10.93,223.76,303.94,75.8,101.2,0,0.146
2019-09-10,21.91,11.83,185.45,318.07,79.8,101.5,0,0.362
2019-09-11,24.85,13.84,207.38,325.68,76.6,101.5,0,0.118
2019-09-12,24.85,12.45,214.35,317.1,77.7,100.8,0,0.253
2019-09-13,22.85,13.93,147.41,331.21,78,100.7,0,0.373
2019-09-14,22.19,11.99,176.12,316.27,72.9,100.8,0,1.229
2019-09-15,22.82,13.73,134.99,347.81,80.7,100.8,0,1.294
2019-09-16,23.24,12.27,202.54,323.81,79.8,100.9,0,0.259
2019-09-17,25.42,12.73,190.72,330.52,79.6,101,0,0.409
2019-09-18,23.07,15.15,191.97,316.37,69.3,100.9,0,4.923
2019-09-19,23.25,13.53,202.75,304.45,63.1,100.2,0,4.857
2019-09-20,24.28,14.2,184.23,326.63,71.4,100.5,0,0.404
2019-09-21,24.15,13.76,190.66,318.53,60,101.4,0,2.464
2019-09-22,23.11,11.69,194.56,296.66,59.1,101.6,0,3.067
2019-09-23,22.62,9.92,194.33,285.45,57,101.6,0,3.334
2019-09-24,20.78,10.77,162.6,310.61,75.6,101.2,0,3.504
2019-09-25,23.18,11.75,185.53,297.73,66,100.5,0,3.715
2019-09-26,24.16,10.05,183.73,300.01,73,100.2,0,1.492
2019-09-27,20.86,9.86,179.23,300.09,77.1,100.4,0,1.712
2019-09-28,18.72,13.03,116.3,336.03,76.2,100.6,0,2.032
2019-09-29,19.01,11.65,114.78,326.6,69,100.6,0,2.448
2019-09-30,20.48,11.13,153.85,301.43,66,100.7,0,3.771
2019-10-01,20.21,10.6,160.44,294.87,67.2,100.9,0,4.006
2019-10-02,19.48,11.05,119.7,325.89,75.2,101,0,3.519
2019-10-03,20.68,13,127.15,333.49,73.6,100.9,0.35,3.026
2019-10-04,17.32,10.88,77.05,334.32,81.2,100.5,0,1.294
2019-10-05,16.75,8.48,86.5,327.76,85.2,98.7,12.63,1.434
2019-10-06,13.65,10.21,43.01,344.86,89.8,97.2,19.65,1.054
2019-10-07,13.56,5.15,84.39,292.78,75.4,97.5,0,0.924
2019-10-08,15.27,5.62,34.36,332.44,83,97.1,23.83,1.963
2019-10-09,14.65,11.07,61.45,338.93,83,97.3,3.97,1.455
2019-10-10,14.06,10.02,77.08,336.06,91.8,98.1,0.48,0.759
2019-10-11,13.38,9.79,72.89,339.39,91.3,98.9,1.43,0.462
2019-10-12,13.04,9.06,37.3,339.85,95.1,99.6,10.9,5.327
2019-10-13,14.3,10.69,69.45,335.79,88.9,100.3,5.92,4.333
2019-10-14,15.32,7.87,119.99,290.67,77.2,100.9,0,2.918
2019-10-15,14.99,6.18,115.65,290.23,78,100.8,0,2.165
2019-10-16,15.25,9.69,54.51,348.25,91.6,100.3,4.36,2.053
2019-10-17,16.64,12.77,45.7,362.93,96.4,100.4,1.07,2.298
2019-10-18,15.64,9.93,89.43,322.23,83.7,100.6,0,2.647
2019-10-19,15.75,9.34,75.56,327.22,89.3,100.9,0,1.531
2019-10-20,15.44,7.59,101.23,304.46,85.1,101,0,0.54
2019-10-21,16.05,7.16,63.2,332.52,88.5,101,0,0.315
2019-10-22,16.41,8.96,70.7,331.72,91.5,101,0,0.749
2019-10-23,15.43,8.87,73.71,318.01,91.2,100.9,0,1.964
2019-10-24,15.6,9.46,82.65,309.64,87.8,100.7,0,3.437
2019-10-25,14.37,9.24,61.4,319.47,87.5,101,0,3.992
2019-10-26,13.83,7.87,78.3,302.21,83.1,100.9,0,4.071
2019-10-27,14.01,6.58,99.17,274.7,76.9,100.5,0,4.065
2019-10-28,13.62,6.32,93.64,283.05,79.7,100.1,0,3.409
2019-10-29,12.64,4.87,98.11,268.12,84.9,100,0,2.372
2019-10-30,10.31,3.51,93.55,267.12,91.6,100.4,0,1.297
2019-10-31,11.79,3.17,79.2,288.01,89.9,100.5,0.31,1.51
2019-11-01,13.28,2.84,64.94,310.07,88.1,100.6,0.62,1.833
2019-11-02,13.18,6.33,67.29,304.04,84.8,100.8,0,2.501
2019-11-03,10.89,3.53,94.61,255.57,75.1,101.1,0,3.79
2019-11-04,11.16,2.54,95.41,255.23,81,101.4,0,3.964
2019-11-05,9.18,3.39,61.73,290.72,87.9,101.1,0,3.664
2019-11-06,12.22,2.64,73.92,277.51,87.7,100.1,0,3.528
2019-11-07,13.01,6.89,49.67,324.28,89.5,99.1,1.24,3.557
2019-11-08,13.91,8.24,34.34,333.86,99.6,99.4,1.64,0.611
2019-11-09,11.32,7.62,18.69,343.93,99.6,100,10.45,1.79
2019-11-10,13.25,9.11,38.09,339.26,97.1,100.2,6.4,0.61
2019-11-11,13.07,5.04,72.76,276.92,94.3,101.2,0,0.569
2019-11-12,13.03,3.81,55.92,304.67,95.2,101.7,0.04,0.399
2019-11-13,13.56,9.86,64.22,316.94,89.5,101.3,0.38,1.791
2019-11-14,12.56,7.2,69.78,295.32,81.6,101.2,0,1.225
2019-11-15,10.83,7.39,36.87,320.96,80.2,101.3,0,0.443
2019-11-16,11.79,8.47,31.99,337.15,89.2,100.3,1.98,1.991
2019-11-17,11.93,5.16,55.25,294.97,85.1,99.3,0,1.71
2019-11-18,8.2,2.29,69.43,261.31,89.2,99.1,0,0.359
2019-11-19,8.01,2.26,35.43,283.5,86.6,99.2,0,1.122
2019-11-20,7.11,1.64,46.42,279.91,87.3,99.3,2.69,3.172
2019-11-21,4.84,1.43,9.85,303.15,75.3,99.1,3.75,7.331
2019-11-22,6.72,1.51,47.08,285.94,82.1,99.4,1.02,0.755
2019-11-23,6.06,0.05,62.3,238.44,84.4,100.6,0,0.541
2019-11-24,6.5,-3.68,62.99,252.89,86.9,100.9,0,0.754
2019-11-25,9.67,2.26,51.56,280.02,92.5,100.9,0,1.178
2019-11-26,10.27,1.34,47.57,282.13,92.5,101.1,0,0.969
2019-11-27,10.84,4.44,38.7,310.18,82.2,100.7,0,2.412
2019-11-28,13.29,9.5,11.96,352.7,93.9,100,4.79,3.075
2019-11-29,13.96,11.76,11.44,352.54,87.2,99.3,5.3,4.136
2019-11-30,13.01,9.55,8.92,345.82,91,98.8,31.71,2.786
2019-12-01,11.09,7.18,52.04,293.83,80.4,99.6,1.04,2.567
2019-12-02,13.37,9.42,6.99,339.11,93.7,99.4,24.33,3.189
2019-12-03,14.32,8.46,25.4,320.47,89,99.4,14.67,3.03
2019-12-04,14.53,9.96,19.02,334.86,82.8,98.4,9.88,4.462
2019-12-05,14.53,9.57,16.66,335.84,82.3,98.8,13.01,4.096
2019-12-06,11.57,7.83,46.77,299.73,78.7,99.7,8.72,2.556
2019-12-07,14.77,7.72,13.36,333.85,83.8,99,6.36,4.387
2019-12-08,10.15,5.26,39.77,277.41,73.4,101.2,0,2.493
2019-12-09,10.78,6.07,20.84,324.61,85.2,100.4,2.55,2.314
2019-12-10,12.57,3.91,27.78,306.02,88.2,99.1,14,1.936
2019-12-11,10.01,1.87,17.08,306.52,85.2,98.6,20.36,1.933
2019-12-12,9.12,6.38,31.68,281.59,69.3,97.9,0.27,5.189
2019-12-13,7.52,5.17,38.64,271.27,72.2,98.8,0.07,4.266
2019-12-14,7.58,3.41,40.25,267.91,75.3,99.7,0.04,2.695
2019-12-15,8.71,3.94,42.95,263.33,82,100.7,0,1.843
2019-12-16,6.93,-1.12,47.05,251.07,94,101.6,0,0.246
2019-12-17,5.57,0.65,24.65,275.34,92.8,101.5,0,1.916
2019-12-18,3.77,-1.08,47.87,229.51,87.9,100.9,0,4.041
2019-12-19,1.73,-1.31,29.59,272.22,89.1,99.7,0,3.852
2019-12-20,7.99,-0.57,13.16,323.69,94.5,98.4,11.09,7.598
2019-12-21,10.45,8.1,8.01,332.14,96.3,97.2,29.36,4.784
2019-12-22,10.4,6.74,10.25,321.15,92.6,96.6,17.42,1.339
2019-12-23,9.18,5.8,19.73,305.38,82.4,97.4,9.19,3.453
2019-12-24,7.59,3.85,25.26,315.83,92.8,97.4,6.02,5.77
2019-12-25,3.84,0.15,20.25,298.97,84.6,98,0.83,4.323
2019-12-26,1.52,-0.44,23.99,284.71,80.8,98.9,0.27,3.643
2019-12-27,2.28,-2.43,39.36,250.31,88.9,99.4,0,3.233
2019-12-28,0.49,-2.69,43.62,253.18,84.1,99.5,0,2.567
2019-12-29,1.8,-2,5.81,303.09,97.6,98.7,7.06,4.942
2019-12-30,5.06,1.57,6.21,314.86,99.9,98.9,8.71,3.683
2019-12-31,4.05,0.94,15.41,303.61,96,99.6,4.37,4.118
2020-01-01,3.04,0.32,24.68,292.54,91.9,100.3,0,4.553
2020-01-02,1.37,0.18,13.58,304.96,93,99.5,3.09,6.945
2020-01-03,0.43,-2.14,16.56,290.21,94.5,99.4,10.27,4.881
2020-01-04,-0.99,-4.41,34.54,260.04,88.8,99.6,0,5.682
2020-01-05,-0.59,-3.5,11.67,295.84,90.3,98.6,3.65,8.098
2020-01-06,10.49,-0.52,5.54,325.62,98.9,96.2,42.08,2.029
2020-01-07,9.52,4.23,14.62,324.48,99.1,95.7,9.95,0.421
2020-01-08,5.98,1.06,40.67,274.36,92.6,97.1,1.5,1.734
2020-01-09,1.52,-1.08,33.14,282.01,86,99.3,2.14,1.34
2020-01-10,3.97,-2.97,42.14,266.51,86.7,100.8,0,0.501
2020-01-11,8.31,4.11,15.21,317.01,78,100.7,0.31,2.037
2020-01-12,10.55,6.73,31.83,325.1,90.9,100,11.85,1.866
2020-01-13,11.71,9.2,25.56,340.11,93.5,100.5,4.27,2.87
2020-01-14,12.07,10.12,19.61,350.77,94.6,100.8,0.51,2.396
2020-01-15,11.21,6.92,36.94,318.77,94.3,101.2,0.92,1.972
2020-01-16,10.23,3.62,28.28,309.64,98.1,101.2,0.97,0.766
2020-01-17,9.99,6.35,52.13,300.63,76.3,101,0.21,2.765
2020-01-18,6.58,2.29,39.94,292.48,88,101.9,0,0.554
2020-01-19,7.27,1.44,41.72,283.04,94.7,101.7,0,0.354
2020-01-20,8,0.71,53.14,281.34,96.8,101.3,0,0.384
2020-01-21,7.71,2.77,32.34,312.31,98.4,101.2,1.07,1.065
2020-01-22,7.04,5.19,34.04,317.33,87.4,100.7,0.54,1.968
2020-01-23,7.71,3.89,15.19,310.51,96.8,100.3,7.33,0.079
2020-01-24,7.6,-0.48,66.67,262.42,87.4,100.8,0,0.85
2020-01-25,10.26,7.43,23.17,334.2,95,100.9,3,2.541
2020-01-26,10.58,9.24,32.32,332.52,91.6,100.8,0.46,2.792
2020-01-27,10.5,5.52,17.66,308.83,89.8,99.7,11.94,3.267
2020-01-28,8.05,4.24,69.14,263.15,80.3,100.2,0,2.133
2020-01-29,10.11,6,32.07,313.96,85,99.9,1.05,3.661
2020-01-30,11.13,7.88,37.1,327.33,91,100.1,0,3.152
2020-01-31,10.46,6.73,25.22,318.35,82,99.4,2.43,3.832
2020-02-01,8.93,6.43,40.69,310.19,69.8,99.6,0,3.809
2020-02-02,11.31,6.59,27.17,328.21,94.7,99.7,2.94,2.719
2020-02-03,11.36,8,36.64,316.38,86,99.7,6.32,3.456
2020-02-04,9.82,5.4,76.25,272.39,75,100.9,0,1.663
2020-02-05,10.77,6.73,47.03,324.6,92.2,99.5,8,1.741
2020-02-06,7.58,4.47,64.47,295.82,79.6,98.2,5.31,2.91
2020-02-07,9.43,4.66,69.74,282.41,83.3,99,1.42,3.015
2020-02-08,7.26,3.58,38.83,290.29,86.2,99,3,2.904
2020-02-09,6.61,4.53,48.44,307.24,89.8,99.7,1.69,1.75
2020-02-10,6.03,3.18,45.15,302.48,82,100.9,0,2.757
2020-02-11,4.9,2.16,43.23,303.89,84.2,100.9,0,2.104
2020-02-12,5.11,2.47,56.01,302.38,83.3,101,0.41,0.694
2020-02-13,9.45,2.54,85.15,292.91,90.6,101.6,0.01,1.319
2020-02-14,10.65,5.72,61.37,311.72,93.4,101.8,0,1.992
2020-02-15,10.4,5.04,67.12,309.43,92.7,101.7,0,1.459
2020-02-16,8.84,5.45,63.94,314.07,94.8,100.5,0.67,1.854
2020-02-17,8.08,2.01,48.77,296.08,86.3,99.7,10.11,0.494
2020-02-18,5.02,-0.94,116.3,225.57,75.4,101.1,0,0.526
2020-02-19,5.98,-1.62,111.02,246.87,74.1,101.7,0,3.452
2020-02-20,6.65,1.46,75.89,288.24,74.4,101.7,0,4.701
2020-02-21,5.61,3.16,71,297.44,69.8,101,0,8.401
2020-02-22,7.95,0.07,135.56,227.83,61.3,100.8,0,6.824
2020-02-23,8.3,-1.12,135.54,228.56,73.9,101.5,0,3.861
2020-02-24,7.3,-0.64,124.81,239.22,85.1,101.3,0,3.762
2020-02-25,9.41,-0.61,129.43,251.54,83.2,101.6,0,3.443
2020-02-26,10.32,2.13,139.68,251.02,79.7,101.5,0,4.123
2020-02-27,9.28,1.57,128.96,254.94,88.1,101.4,0,3.502
2020-02-28,8.46,1.55,111.26,277.73,89.3,101,0,2.705
2020-02-29,7.74,0.76,102.25,278.03,91.4,100.6,0,1.965
2020-03-01,7.01,-0.02,93.31,279.24,93.4,100.3,0,1.279
2020-03-02,5.27,-0.47,71.3,277.04,76.5,100.4,0,0.672
2020-03-03,6.04,-1.52,101.3,265.15,76.2,100.4,0.9,1.469
2020-03-04,3.61,-2.99,102.81,243.48,75.2,100.4,0,0.619
2020-03-05,6.37,-1.84,91.28,282.88,86.2,99.9,3.73,1.843
2020-03-06,10.25,-1.2,69.17,299.77,87.9,98.7,22.28,1.427
2020-03-07,1.76,-2.75,30.67,280.13,88.4,99.3,7.89,4.03
2020-03-08,0.97,-0.17,32.58,307.04,98.9,98.4,10.83,4.806
2020-03-09,5.48,-1.07,124.88,271.07,80.4,99.1,2.08,1.594
2020-03-10,5.51,-2.47,124.29,253.19,74.3,100,0,2.502
2020-03-11,6.8,2.14,124.71,287.24,61.2,100.2,0,2.356
2020-03-12,9.67,4.2,49.34,331.46,90.6,98.8,28.65,2.79
2020-03-13,11.98,7.41,75.28,322.24,91.4,98,4.76,1.837
2020-03-14,11.78,7.62,78.3,329.25,93.9,98.8,12.67,2.347
2020-03-15,11.02,7.83,53.46,323.85,97.8,98.3,9.96,1.859
2020-03-16,12.09,5.16,112.64,302.72,92.8,97.9,8.58,1.369
2020-03-17,9.97,2.77,132.5,282.82,80.2,98.6,0,0.295
2020-03-18,11.31,4.34,120.32,305.78,92.8,99,6.89,1.103
2020-03-19,10.08,5.57,64.45,309.34,90.4,98.3,4.64,2.937
2020-03-20,9.36,4.35,120.78,295.06,79.2,98.5,4.99,2.385
2020-03-21,9.78,2.78,112.54,291.38,83.3,98.3,6.59,0.424
2020-03-22,9.69,2.86,137.35,286.19,79,97.8,2.52,1.558
2020-03-23,5.8,0.79,39.39,292.69,96.5,98.1,10.43,1.629
2020-03-24,8.14,0.66,166.23,264.3,72.8,99.5,3.68,0.709
2020-03-25,5.44,-1.93,205.25,219.35,57.9,100.3,0,2.811
2020-03-26,1.56,-0.84,45.06,294.74,83.2,99,6.83,6.465
2020-03-27,2.26,0.61,38.88,307.04,91.9,98.6,10.66,5.908
2020-03-28,5.47,1.26,66.77,315.76,96.9,98.5,7.84,2.767
2020-03-29,12.36,2.29,132.46,320.43,90.1,98,10.89,0.594
2020-03-30,12.34,6.99,104.81,320.01,95,97.7,7.79,1.652
2020-03-31,10.46,6.99,90.17,298.29,92.6,98.4,9.71,2.555
2020-04-01,11.76,5.06,136.01,304.6,87,98.1,6.09,2.385
2020-04-02,10.64,3.68,136.44,283.3,81.7,98.3,0.74,2.411
2020-04-03,9.16,4.01,120.62,299.23,69.1,99.3,0,1.696
2020-04-04,9.64,2.99,110.44,306.17,80.5,99.2,8.94,1.115
2020-04-05,9.56,6.13,95.39,311.65,86.2,97.9,10.66,3.291
2020-04-06,10.38,5.6,142.65,297.29,84.9,98.1,6.58,2.059
2020-04-07,10.93,5.35,136.73,301.91,78,99.4,0,1.234
2020-04-08,11.66,5.9,183.13,297.96,69.3,100.3,0,1.551
2020-04-09,13.75,7.28,102.71,336.73,94,100.5,1,1.788
2020-04-10,14.15,9.78,129.5,342.52,91,100.5,0.86,2.134
2020-04-11,12.18,9.72,116.68,340.08,93,100.1,2.85,1.23
2020-04-12,10.42,5.58,167.2,297.1,71.8,99.7,5.59,3.555
2020-04-13,10.26,4.59,160.27,271.77,67.6,100.1,0.22,3.981
2020-04-14,9.6,4.34,175.87,271.2,64.4,99.9,0.64,3.166
2020-04-15,9.39,3.93,120.14,294.11,81.4,99.5,1.92,2.354
2020-04-16,9.67,3.89,158.04,284.46,85,99.3,3.05,0.46
2020-04-17,9.74,3.41,164.48,285.73,71.6,99.7,0,1.543
2020-04-18,9.51,0.41,167.29,264.09,65.7,99.6,0,0.38
2020-04-19,10.75,4.24,128.76,309.75,75.4,99.4,2.35,0.984
2020-04-20,11.04,5.46,163.37,308.62,60.5,99.8,0,0.973
2020-04-21,9.36,4.54,151.32,302.69,67.4,100.6,0,0.547
2020-04-22,9.77,4.93,147.55,302.72,72.7,100.6,0,0.526
2020-04-23,10.33,2.15,157.91,285.78,71.2,100.5,0,0.912
2020-04-24,9.81,4.27,100.21,312.63,88.4,99.9,5.5,1.254
2020-04-25,12.64,5.16,216.38,285.55,68.2,100.5,0,0.942
2020-04-26,11.25,1.8,171.85,287.79,82.1,100.3,4.67,1.589
2020-04-27,11.85,6.1,194.48,299.64,73.5,99.2,2.31,2.481
2020-04-28,10.13,4.29,164.05,285.76,70.5,99.6,0.77,1.654
2020-04-29,11.29,1.34,174.88,281.74,72.8,100.3,0,1.476
2020-04-30,12.65,3.27,201.28,281.86,78.7,100.9,0.04,1.078
2020-05-01,13.06,2.28,258.82,272.16,83.7,101,0,0.558
2020-05-02,14.22,4.32,226.64,282.73,74.7,100.4,0,2.9
2020-05-03,14.87,5.3,207.48,296.89,66.3,99.7,0,4.785
2020-05-04,12.44,5.62,131.2,322.47,71,99.4,14.25,6.213
2020-05-05,9.96,4.35,115.8,318.48,91.4,99,5.63,1.572
2020-05-06,10.72,3.95,168.26,302.68,82.5,98.2,1.42,1.039
2020-05-07,9.69,6.94,73,333.54,95.8,97.7,41.07,2.292
2020-05-08,7.32,4.68,116.86,321.2,91.6,99,28.64,1.222
2020-05-09,9.34,3.77,221.44,290.23,67.1,100.6,1.04,0.613
2020-05-10,10.09,2.66,184.81,279.3,66.9,101.3,0,0.396
2020-05-11,11.52,2.39,155.99,299.77,82.1,101.6,3.24,1.038
2020-05-12,14.48,7.24,163.03,323.27,91.2,101.6,2.52,0.429
2020-05-13,16.76,7.35,183.12,314.97,84,101.5,0,0.384
2020-05-14,15.9,8.64,206.26,309.36,78.6,100.9,0,0.543
2020-05-15,15.34,6.77,200.3,305,77.3,100.6,0,0.784
2020-05-16,14.72,7.74,190.88,315.93,85.9,100.9,0.75,0.186
2020-05-17,15.42,6.41,280.79,279.99,78,100.6,0,1.788
2020-05-18,12.76,5.34,199.72,291.43,66.7,99.9,0.75,2.217
2020-05-19,8.51,3.99,158.62,284.6,65.5,100.1,0.76,1.821
2020-05-20,10.76,2.38,247.71,269.03,59.7,100.3,0,0.657
2020-05-21,9.48,1.35,128.57,297.05,77.8,100.2,7.82,1.419
2020-05-22,12.65,8.34,222.88,308.77,77,99.7,0.07,2.027
2020-05-23,16.49,8.66,264.04,308.03,80.7,100.2,0,2.601
2020-05-24,15.99,9.99,267.22,318.8,74.5,100.5,0.89,2.219
2020-05-25,16.17,9.91,200.84,336.21,82.7,100.3,1.14,2.29
2020-05-26,17.99,12.47,187.09,345.52,85.8,100.5,0.25,3.181
2020-05-27,17.49,12.01,182.6,334.6,83.6,101.2,1.69,0.748
2020-05-28,18.29,9.96,280.89,303.79,76.9,101.6,0,0.474
2020-05-29,18.34,10.39,226.65,317.93,77.2,101.6,0,1.228
2020-05-30,15.3,10.99,171.2,326.25,84.9,101.2,5.77,2.341
2020-05-31,17.4,9.51,228.97,316.74,82.6,101,2.9,2.592
2020-06-01,19.49,8.02,287.88,307.4,80.4,100.8,0,2.843
2020-06-02,22.69,10.27,318.39,314.19,81.9,100.6,0.49,1.201
2020-06-03,23.06,10.66,287.53,315.87,76.1,100.6,0,0.946
2020-06-04,15.79,9.71,201.18,317.25,70.4,100.8,0,0.722
2020-06-05,14.56,8.15,205.67,316.69,70.7,101.1,0.03,1.308
2020-06-06,17.19,9.7,278.08,306.84,77.1,100.4,0.61,2.045
2020-06-07,16.93,5.7,326.69,268.12,68.2,100.5,0,0.524
2020-06-08,14.66,5.85,205.87,303.06,79.3,99.7,0,1.278
2020-06-09,15.87,10.56,216.17,330.2,78.1,99.1,3.82,2.379
2020-06-10,15.13,10.42,254.01,298.55,74.6,99,2.99,3.147
2020-06-11,16.01,7.36,267.35,289.01,79.2,100.1,3,1.756
2020-06-12,17.83,6.89,219.35,306.21,75.5,100.7,0,0.075
2020-06-13,19.82,11.12,174.55,344.22,78.6,100.8,1.26,0.475
2020-06-14,18.12,9,249.69,318.22,82.4,101.2,0.51,0.751
2020-06-15,20.14,8.42,297.13,309.36,71,101.4,0,0.902
2020-06-16,22.47,12.82,276.78,336.93,69.9,101.5,0,1.605
2020-06-17,24.23,11.5,332.36,319.75,75.9,101.6,0,0.249
2020-06-18,25.33,14.26,324.87,332.47,80.6,101.2,0,0.541
2020-06-19,24.16,13.69,340.86,322.92,70.4,100.8,0.19,2.109
2020-06-20,19.19,11.16,342.55,284.1,64.8,101,0,3.858
2020-06-21,19.33,7.89,352.04,269.88,56.9,101.4,0,3.679
2020-06-22,22.41,8.17,340.51,289.11,72,101.7,0,1.447
2020-06-23,24,9.43,333.97,305.69,57.3,101.4,0,1.995
2020-06-24,23.2,14.91,328.84,321.26,72.5,100.2,0,1.823
2020-06-25,20.74,12.13,240.9,332.26,72.7,100.5,0.76,2.191
2020-06-26,18.4,11.18,274.15,318.74,86.5,100.6,0.41,2.384
2020-06-27,19.8,14.06,256.84,337.33,86,100.5,0.14,1.09
2020-06-28,24.2,13.56,335.44,314.68,68.3,100.2,0,0.411
2020-06-29,17.7,11.07,191.25,336.84,91.9,99.7,0.7,1.505
2020-06-30,19.19,11.68,316.88,301.59,76.7,100.2,0,1.452
2020-07-01,21.09,9.23,295.31,299.72,76.3,101.2,0,0.763
2020-07-02,24.53,12.76,343.96,302.31,66,101.8,0,0.392
2020-07-03,24.7,13.22,326.88,312.57,64,101.5,0,0.058
2020-07-04,25.91,13.83,301.11,334.79,63.2,101,0,0.411
2020-07-05,26.62,15.04,337.77,321.01,59.9,100.7,0,0.278
2020-07-06,26.51,13.67,326.04,320.73,71,100.1,0,0.391
2020-07-07,25.5,12.92,332.49,308.09,71.3,99.6,0,1.095
2020-07-08,21.91,13.34,174.13,349.93,80.1,99.6,2.4,1.41
2020-07-09,21.07,10.99,334.94,288.08,63.2,99.9,0,0.486
2020-07-10,23.19,10.91,338.9,292.9,68.2,100.2,0,0.51
2020-07-11,22.1,12.31,225.15,346.34,85.8,100.4,0,1.828
2020-07-12,24.03,16.96,269.82,363.63,83.4,100.5,0,1.678
2020-07-13,23.04,13.95,271.88,328.22,83.7,100.5,0,0.802
2020-07-14,29.19,16.86,303.05,351.9,78,100.4,0,0.11
2020-07-15,31.27,17.32,244.53,373.49,65.5,100.1,5.2,4.776
2020-07-16,24.4,17.12,258.28,344.22,82.3,99.7,0,0.652
2020-07-17,27.75,18.11,277.59,364.28,75.9,99.8,0.84,1.776
2020-07-18,22.45,16.34,303.98,333.23,66.2,100,0,2.31
2020-07-19,19.27,13.02,199.88,326.71,54.7,100.6,0,1.243
2020-07-20,22.88,11.53,264.46,324.66,70.1,100.5,0,2.195
2020-07-21,23.97,15.69,229.83,355.48,77.8,100.2,0,2.315
2020-07-22,26.75,15.71,304.56,333.55,77.6,100.2,0,1.735
2020-07-23,26.26,14.62,296.29,334.44,84.8,100.4,0,0.534
2020-07-24,29.36,14.81,302.38,342.89,74.2,100.3,0,0.805
2020-07-25,34.63,18.21,317.07,353.34,51.6,100.1,0,1.944
2020-07-26,32.56,17.37,301.59,342.09,64.1,99.9,0,1.156
2020-07-27,21.68,13.49,305.8,292.98,61.1,100.6,0,1.055
2020-07-28,21.42,11,275.01,295.26,59.9,100.9,0.07,0.727
2020-07-29,22.25,10.39,258.33,301.37,63.3,100.8,0,1.557
2020-07-30,25.28,11.31,246.13,319.27,63.3,100.6,0,1.54
2020-07-31,26.48,10.58,277,311.57,60.9,100.6,0,0.661
2020-08-01,27.69,9.86,308.75,303.88,58.6,100.6,0,0.235
2020-08-02,28.1,11.31,253.69,326.3,64.8,100.6,0,0.214
2020-08-03,30.24,15.82,277.98,335.91,61.3,100.6,0,0.133
2020-08-04,30.18,13.6,280.54,328.11,46.1,100.5,0,3.907
2020-08-05,27.33,16.5,206.92,347.83,58.2,100,1.52,2.883
2020-08-06,28.25,12.52,298.69,315.87,77.7,99.8,0,0.797
2020-08-07,23.26,12.95,245.92,337.29,86.4,99.8,1.16,1.816
2020-08-08,22.67,16.12,232.33,340.13,83.8,99.9,6.14,1.767
2020-08-09,22.66,14.22,168.71,350.17,89.5,100.3,4.25,0.222
2020-08-10,24.93,13.98,274.41,325.38,73,100.2,0,1.091
2020-08-11,24.65,11.24,235.89,321.47,75.8,100.1,1.21,0.792
2020-08-12,23.66,14.56,237.17,329.33,74.6,100.5,2.19,1.638
2020-08-13,22.24,12.23,231.82,325.11,84.9,100.8,3.91,0.854
2020-08-14,24.64,13.71,253.61,325.67,76.6,101,0.81,0.294
2020-08-15,27.2,12.79,262.77,326.34,76.1,101,0,0.534
2020-08-16,28.19,12.28,278.33,314.19,62.2,101,0,2.104
2020-08-17,28.78,15.91,268.71,329.02,61.1,101.1,0,3.433
2020-08-18,27.42,14.92,241.53,335.13,66,101,0,4.031
2020-08-19,27.25,15.81,249.13,337.4,65.6,100.8,0,4.414
2020-08-20,28.42,14.7,245.04,334.52,71.5,100.7,0,2.643
2020-08-21,27.55,14.9,229.37,340.12,68,100.5,0,3.237
2020-08-22,26.66,13.33,239.65,325.26,74.7,100.2,0,1.353
2020-08-23,29.94,13.52,226.48,339.75,63.7,100.1,0,0.094
2020-08-24,24.48,16.63,208.73,330.49,62,100.5,0,0.908
2020-08-25,23.08,12.86,236.42,311.05,71.8,101,0,0.389
2020-08-26,25.85,11.6,251.34,316.66,74.8,100.9,0,0.475
2020-08-27,27.48,13.58,249.83,324.55,69.6,100.6,0,0.326
2020-08-28,26.84,15.01,224.5,329.4,74.2,99.6,0,0.644
2020-08-29,19.61,11.69,157.4,312.06,53.8,100,0.1,1.303
2020-08-30,19.8,8.03,249.1,269.09,55.5,101.2,0,0.515
2020-08-31,21.13,8.16,247.19,277.24,60.6,101.3,0,0.572
2020-09-01,22.46,8.28,245.29,286.41,65.6,101.5,0,0.845
2020-09-02,24.51,9.12,246.6,293.44,58.2,101.1,0.01,4.423
2020-09-03,21.99,16.16,222.34,320.92,77.3,100.5,0,1.165
2020-09-04,21.82,12.55,191.65,320.95,80.8,100.5,0,1.497
2020-09-05,23.1,12.91,190.12,324.09,68.5,100.6,1.34,2.024
2020-09-06,21.11,14.46,105.07,343.5,73.4,99.3,12.23,3.143
2020-09-07,19.64,13.35,182.28,309.97,70.9,99.4,0.49,3.509
2020-09-08,19.22,11.54,132.79,328.75,79.4,99.5,14.15,1.928
2020-09-09,20.28,12.63,169.33,330.12,80.5,99.1,3,1.906
2020-09-10,17.52,10.39,185.83,296.77,65.2,100.1,0,2.678
2020-09-11,18.07,11.61,187.35,304.62,66.9,100.4,0.3,2.745
2020-09-12,17.72,9.85,189.47,293.91,69.9,101.4,0,0.992
2020-09-13,18.27,7.81,198.02,294.67,81.6,101.3,0,0.709
2020-09-14,20.17,7.77,208.87,296.05,80.1,100.5,0,0.368
2020-09-15,18.89,9.56,137.26,316.07,87.6,100,0,0.591
2020-09-16,19.34,11.42,143.54,333.1,81.1,99.8,4.22,1.315
2020-09-17,17.37,10.63,88.49,346.78,83.5,100.5,3.74,2.484
2020-09-18,21.67,16.77,96.31,386.7,93.3,100.5,3.18,2.008
2020-09-19,20.07,16.55,107.26,374.83,93.6,100.2,1.18,2.156
2020-09-20,19.67,13.44,130.94,348.78,89.8,99.7,1.43,1.948
2020-09-21,18.29,9.99,175.75,288.27,70.3,100.6,0,2.043
2020-09-22,16.02,7.6,123.57,301.71,71.9,101.4,0,0.772
2020-09-23,12.54,7.59,37.28,322.57,93.9,100.2,21.44,1.915
2020-09-24,17.42,7.23,49.66,337.13,90.9,99.5,8.99,2.877
2020-09-25,16.05,8.34,154.33,300.76,69.3,99.8,0,1.658
2020-09-26,12.52,7.16,119.93,312.7,71.6,100.4,20.13,1.837
2020-09-27,14.53,5.92,107.36,313.38,89.2,99.1,18.89,0.737
2020-09-28,11.68,3.42,125.68,277.04,66.2,100.5,0,1.047
2020-09-29,12.34,4.26,131.25,285.38,70.6,100.5,0.81,2.103
2020-09-30,17.35,10.66,46.78,368.91,94.2,98.7,39.45,4.232
2020-10-01,16.99,15.37,36.98,381.64,92.5,98.2,30.72,5.074
2020-10-02,15.24,9.43,36.97,326.63,94.6,98.9,7.78,0.962
2020-10-03,16.04,9.1,115.86,310.74,90,99.6,1.42,1.712
2020-10-04,15.54,9.94,26.05,330.88,92.1,99.1,28.33,2.612
2020-10-05,15.69,7.52,150.02,292.26,80.7,100.1,0,1.493
2020-10-06,18.54,14.02,134.87,338.63,89.4,99.7,0,1.539
2020-10-07,16.28,10.17,45.26,332.79,94.7,99.8,18.34,1.026
2020-10-08,15.61,7.95,153.98,273.7,83.6,100.5,0,1.051
2020-10-09,15.05,6.45,142.22,278.8,83.1,100.8,0,0.337
2020-10-10,15.12,6.26,146.7,280.58,84.6,101.4,0,0.338
2020-10-11,15.61,6.02,126.76,296.98,92.5,101.5,0,0.286
2020-10-12,14.93,7.2,79.25,327.85,92.3,100.7,0,0.254
2020-10-13,14.64,6.75,110.59,307.8,84.1,100.2,0,1.209
2020-10-14,15.1,8.75,115.61,307.02,89.1,100.1,0.13,0.398
2020-10-15,14.57,8.75,96.45,305.88,92.8,100.8,0,0.1
2020-10-16,15.49,9.9,107.53,303.5,86.7,100.8,0,4.11
2020-10-17,17.25,9.64,112.91,302.66,92.1,100.8,0,2.86
2020-10-18,17.66,9.54,119.75,311.89,89.7,100.8,0,2.808
2020-10-19,19.19,12.15,117.26,323,89.3,100.4,0,3.815
2020-10-20,18.76,12.44,107.78,315.98,90.3,100.3,0,3.162
2020-10-21,17.04,11.28,73.29,336.75,93.3,99.9,0,4.085
2020-10-22,18.2,12.25,90.02,333.02,89.9,99.8,0,4.339
2020-10-23,16.78,13.63,45.33,349.33,96.7,99.9,10.7,0.805
2020-10-24,15.92,13.32,59.27,342.01,94,100,0.36,2.191
2020-10-25,15.13,11.58,45.24,330.26,86.1,98.6,33.66,2.159
2020-10-26,14.71,10.04,89.25,292.96,85.5,98.7,0,2.438
2020-10-27,12.99,8.69,81.95,292.42,82.6,99.2,0.58,2.317
2020-10-28,11.46,6.63,68.73,308.39,90.5,99.7,1.63,0.495
2020-10-29,10.66,6.22,82.79,306.83,75.7,100.6,0,0.532
2020-10-30,13.39,9.32,54.85,332.1,80.2,100,0.36,0.995
2020-10-31,12.46,9.26,50.69,326.54,81.3,99.6,0,1.29
2020-11-01,11.54,9.21,46.53,321.43,82.4,99.2,0,2.538
2020-11-02,14.64,7.93,80.6,287.11,87.2,99.5,0,4.987
2020-11-03,12.5,6.73,90.72,271.4,83.5,100.1,0,4.89
2020-11-04,10.59,7.21,49.98,320.65,90.2,100.2,0,4.456
2020-11-05,10.98,4.85,82.41,287.97,85.1,100.2,0,3.501
2020-11-06,11.71,4.32,86.01,271.58,91.5,100.9,0,2.262
2020-11-07,10.97,2.8,86.89,261.8,89.6,101.6,0,1.807
2020-11-08,8.62,3.86,44.7,297.71,98.1,101.5,0,2.442
2020-11-09,10.41,2.81,86.79,255.49,90.8,100.6,0,3.252
2020-11-10,9.99,5.56,47.42,314,92.5,99.9,0,4.803
2020-11-11,8.89,5.71,37.67,317.35,84.5,100.1,0.57,5.765
2020-11-12,7.4,1.79,76.97,261.16,72.7,100.6,0.42,4.632
2020-11-13,7.76,0.08,81.66,239.39,81,100.6,0,3.331
2020-11-14,12.24,4.25,33.34,334.95,96.9,100.3,0.67,1.72
2020-11-15,14.35,12.09,20.65,368.04,98.8,99.8,4.73,1.696
2020-11-16,14.11,9.3,19.74,332.08,96,99.1,17.86,1.528
2020-11-17,13.11,7.82,64.97,283.84,90.2,100.1,0,1.08
2020-11-18,14.13,10.71,28.12,335.75,89.7,98.6,17.21,1.974
2020-11-19,12.64,10.93,50.04,302.2,71.8,98.4,0,3.469
2020-11-20,12.27,8.83,57.42,279.15,74.2,99.1,0,3.362
2020-11-21,11.16,3.54,59.11,264.98,86.7,99.1,0,1.817
2020-11-22,8.72,3.07,31.63,301.48,93.3,98.7,0,0.465
2020-11-23,8.49,3.48,43.53,287.96,92.7,98.5,2.82,0.499
2020-11-24,7.26,3.7,28.95,308.58,97.3,99.1,0,0.442
2020-11-25,8.47,3.59,46.72,292.46,88.8,99.6,0.6,1.177
2020-11-26,13.3,8.09,19.31,338.62,93.2,98.5,7.41,2.445
2020-11-27,13.58,8.56,46.09,306.52,77.7,97.3,3.27,4.237
2020-11-28,10.48,2.91,53.91,268.09,86,97.8,0,1.652
2020-11-29,10.64,1.1,47.05,272.47,88.4,98.5,0,0.736
2020-11-30,10.23,4.45,19.85,310.86,85.8,98.7,16.44,1.432
2020-12-01,9.96,7.53,30.39,326.66,86.9,98.3,2.11,3.071
2020-12-02,8.74,6.69,19.61,328.17,97.6,98.7,2.33,1.618
2020-12-03,9.21,6.2,29.71,324.69,95.9,99.6,0.64,0.668
2020-12-04,10.15,4.31,33.64,292.34,89.8,99.6,0,1.818
2020-12-05,11.91,5.3,7.58,321.58,87.8,98.7,18.38,1.997
2020-12-06,9.1,6.12,6.11,322.19,96.4,97.3,10.53,0.769
2020-12-07,9.38,4.95,33.69,289.72,80.3,98.6,0,2.357
2020-12-08,10.32,4.99,6.2,320.42,86.7,98.7,18.03,3.553
2020-12-09,9.93,5.78,38.15,284.92,77.7,98.3,0,2.167
2020-12-10,6.72,3.87,30.55,277.17,86.3,99.1,0.75,1.612
2020-12-11,6.14,2.5,43.6,266.73,76.4,100.1,0,1.819
2020-12-12,7.03,4.91,38.27,290.38,84,99.4,3.86,2.448
2020-12-13,7.29,3.07,24.34,291.13,84.3,100.3,0,0.742
2020-12-14,9.8,3.36,24.78,310,96.4,101,0.59,1.392
2020-12-15,10.87,5.08,27.83,313.44,95.9,100.8,3.27,1.783
2020-12-16,10.08,4.82,32.49,315.91,97.7,100.5,4.93,1.283
2020-12-17,7.96,4.65,29.92,287.98,88.5,100.9,0,1.415
2020-12-18,9.64,6.82,17.06,320.85,90.8,100.8,4.64,2.857
2020-12-19,10.55,8.41,29.4,320.58,90.9,101.2,1.97,2.849
2020-12-20,10.01,8.25,37.33,315.64,89.4,100.8,0.76,1.984
2020-12-21,10.89,9.03,19.47,337.7,91.2,100,2.12,1.718
2020-12-22,10.83,6.35,21.72,331.85,95.5,100.4,1.95,0.359
2020-12-23,6.35,-1.38,45.63,246.98,96.1,101,0,1.011
2020-12-24,8.73,-0.38,30.03,301.07,95.4,100.7,0.84,1.615
2020-12-25,10.63,5.41,34.44,304.39,90.3,99.5,3.6,2.603
2020-12-26,8,5.14,35.59,276.15,69.5,97.9,0.58,4.857
2020-12-27,6.79,2.44,34.18,273.54,77.6,98.5,0,2.403
2020-12-28,12.13,4.2,18.82,335.21,94.5,98.7,8.34,2.368
2020-12-29,11.56,6.58,29.71,312.39,74.6,98.1,5.61,5.034
2020-12-30,7.91,2.52,42.1,263.35,69.2,99.3,0,3.267
2020-12-31,7.27,0.3,35.38,268.42,76.8,99.7,6.63,0.85
2021-01-01,6.64,-1.92,28.77,283.03,84.4,100.2,13.28,2.791
2021-01-02,11.12,6.48,12.14,334.81,93.9,98.3,26.82,2.39
2021-01-03,10.41,8.56,22.44,341.81,96.8,99.5,2.74,1.502
2021-01-04,12.64,9.83,22.94,342.17,95.4,100.2,1.07,2.429
2021-01-05,10.46,5.88,49.43,281.64,85.8,100.9,1.27,1.935
2021-01-06,12.37,7.89,8.28,343.68,93.4,99.8,5.12,3.549
2021-01-07,8.86,3.78,39.94,276.98,88.7,100.8,0,1.172
2021-01-08,11.46,2.72,17.87,324.92,96.2,100.1,27.94,1.304
2021-01-09,12.66,9.17,9.32,348.51,97,98.4,3.93,2.753
2021-01-10,9.71,7.35,44.56,283.21,72.4,98.5,0,4.019
2021-01-11,8.26,3.87,48.57,254.83,77.1,98.4,0,2.697
2021-01-12,7.41,2.39,47.79,270.3,82.2,99,1.44,2.528
2021-01-13,7.36,4.4,39.91,278.76,90.8,99.9,0,2.422
2021-01-14,9.3,2.86,7.55,309.64,92.1,99.5,21.76,1.076
2021-01-15,5.67,2.23,51.74,262.48,82.1,100,0.45,1.565
2021-01-16,5.71,0.69,36.34,291.1,90.8,100.4,3.18,3.213
2021-01-17,1.79,-0.85,42.82,280.22,88.3,100.5,3.14,5.11
2021-01-18,3.73,-0.53,22.36,294.98,95.5,99.6,4.74,4.725
2021-01-19,4.86,-2.63,59.2,266.37,84.3,99.9,0.05,2.175
2021-01-20,10.1,4.85,36.03,309.23,87.6,99.4,8.61,2.112
2021-01-21,6.73,2.8,16.83,287.47,81.7,99.2,0,1.612
2021-01-22,6.72,1.76,13.82,304.85,89.4,97.6,18.89,1.131
2021-01-23,10.18,1.18,29.05,302.48,90,98.4,13.4,1.769
2021-01-24,9.85,5.75,55.61,293.39,83,97.1,2.7,3.095
2021-01-25,7.96,4.11,46.43,290.25,87.7,96.6,4.39,2.537
2021-01-26,8.04,3.45,52.32,265,84,97.3,0,1.978
2021-01-27,8.08,3.74,58.88,288.7,82.4,98.5,1.5,0.881
2021-01-28,12.11,5.54,18.99,329.5,96.8,98.6,3.3,2.345
2021-01-29,11.05,9.71,41.41,325.13,96.3,99.1,5.64,2.131
2021-01-30,10.75,8.25,55.77,297.82,90.1,99.8,1.71,1.771
2021-01-31,11.43,8.78,34,311.78,88.5,99,1.88,1.457
2021-02-01,10.44,9.09,17.03,335.79,87.8,98.3,19.41,3.115
2021-02-02,10.56,9.52,34.63,329.68,91.7,98.2,11.2,3.187
2021-02-03,11.18,8.23,58.09,323.23,91.3,98.8,8.22,2.873
2021-02-04,8.21,2.53,29.25,312.89,88.9,98.9,11.23,0.999
2021-02-05,2.42,-2.56,8.77,296.27,98,99,34.49,1.255
2021-02-06,5.41,-12.61,47.91,264.24,91.2,99.8,1.47,0.911
2021-02-07,9.42,2.92,29.06,321,86.9,98.5,24.44,4.168
2021-02-08,9.58,8,21.74,333.75,94,97.6,8.3,1.74
2021-02-09,10.53,5.06,88.72,283.23,88.5,98.7,0,1.506
2021-02-10,11.35,7.91,79.67,303.7,90.1,98.9,7.89,2.023
2021-02-11,10.44,5.79,54.87,297.17,93,98.7,11.08,2.011
2021-02-12,9.29,4.43,77.19,275.6,85.7,99.6,0,1.478
2021-02-13,9.98,7.14,36.18,314.24,92.4,99.8,11.1,1.741
2021-02-14,11.12,8.05,57.4,319.84,91.6,98.9,13.62,2.341
2021-02-15,11.55,8.41,74.27,312.07,88.8,98.9,6.5,2.246
2021-02-16,8.88,4.54,45.37,300.62,88.7,99.2,23.24,0.968
2021-02-17,7.88,1.33,77.28,268.39,80.2,100.6,0,1.926
2021-02-18,10.64,6.3,39.53,327.66,95.1,99.3,14.26,2.321
2021-02-19,10.63,7.11,90.59,307.83,91,99.1,6.38,1.795
2021-02-20,10.31,8.35,41.81,342.02,98.1,99.4,27.11,2.062
2021-02-21,10.95,6.94,103.39,294.25,88.4,99.4,8.14,1.73
2021-02-22,13.04,8.2,59.78,332.41,85.6,99.8,9.46,2.172
2021-02-23,12.01,8.97,56.75,339.13,95.3,100.3,1.14,2.468
2021-02-24,11.36,7.75,50.82,320.67,94.2,99.6,1.49,2.452
2021-02-25,11.86,8.39,108.79,299.21,81.2,99.6,5.61,3.144
2021-02-26,10.39,6.83,66.24,291.31,84.4,99.3,8.13,2.781
2021-02-27,10.29,5.6,98.92,283.87,70.5,100.2,0,2.454
2021-02-28,10.9,6.34,77.23,310.01,86.7,99.5,5.51,2.168
2021-03-01,7.52,3.15,22.08,298.51,91.1,98.1,20.55,1.37
2021-03-02,8.07,1.97,101.84,271.01,79.2,97.4,0,1.523
2021-03-03,5.92,1.69,75.49,287.18,81,97.8,0.9,0.821
2021-03-04,4.94,2.31,62.93,300.13,82,98.9,1.92,0.94
2021-03-05,6.19,-0.2,102.37,268.39,67,100.6,0,3.015
2021-03-06,6.76,-1.35,157.36,241.44,72.2,102,0,1.638
2021-03-07,7.47,-2.77,125.5,256.39,76.7,102.4,0,0.792
2021-03-08,8.8,3.94,92.73,312.82,77.1,101.4,3.61,1.658
2021-03-09,9.15,5.68,93,302.76,80.9,100.9,0,2.174
2021-03-10,11.29,6.09,92.46,322.89,89.3,101,0.98,2.331
2021-03-11,12.47,6.9,65.2,320.97,88.3,100.4,4.58,3.165
2021-03-12,11.14,4.74,104.01,312.41,81.2,101.2,0.06,2.176
2021-03-13,11.76,9.72,85.37,345.34,96,100.3,4.07,2.87
2021-03-14,10.83,7.45,131.81,304.58,78.6,99.9,4.54,2.824
2021-03-15,11.09,6.47,87.45,312.53,86.7,99.4,5.32,2.654
2021-03-16,8.59,5.92,42.19,309.24,82,99,7.53,1.813
2021-03-17,10.33,4.13,149.37,280.75,67.8,98.8,0.1,3.362
2021-03-18,7.25,3.3,70.83,288.45,82.6,98.8,5.27,1.381
2021-03-19,8.09,2.29,139.58,280.47,67.4,100,2.62,1.743
2021-03-20,10.18,5.26,115.68,309.14,77.8,98.5,5.42,4.654
2021-03-21,9.61,4.75,157.52,268.13,65,98.7,0,3.607
2021-03-22,8.8,3.06,93.73,295.94,77,99,0,0.969
2021-03-23,7.27,1.88,137.92,273.38,69,99.3,2.66,0.734
2021-03-24,7.25,0.35,121.8,265.7,80.4,99.7,0.73,0.275
2021-03-25,6.96,-1.9,104.95,270.58,74.2,99,0,2.623
2021-03-26,8.18,2.98,158.81,277.6,55.2,98.4,0,4.064
2021-03-27,6.77,2.41,74.88,293.37,67.5,98.6,1.03,1.682
2021-03-28,7.28,1.37,125.18,267.2,64.7,99.3,0,1.163
2021-03-29,6.37,-2.64,68.25,266.48,86.8,99.6,5.73,0.313
2021-03-30,8.81,-2.99,117.48,285.14,83.6,99.6,10.62,2.198
2021-03-31,11.19,6.85,71.67,336.35,97.5,98.2,17.46,1.252
2021-04-01,11.77,6.98,98.07,328.83,97.4,98.4,8.66,1.805
2021-04-02,10.89,8.92,90.98,330.96,93.2,98.2,19.11,2.395
2021-04-03,12.76,7.03,147.42,310.84,88,98.5,2.51,3.194
2021-04-04,9.81,6.1,70.25,325.46,94.9,98.8,5.55,1.699
2021-04-05,13.3,5.69,154,309.68,89.1,97.9,10.46,1.08
2021-04-06,9.83,3.89,162.33,290.75,79,98.8,0,1.015
2021-04-07,9.23,5.75,54.84,326.1,92.6,98.9,19.34,4.01
2021-04-08,9.99,4.52,112.13,311.45,88.4,98.5,2.6,1.247
2021-04-09,7.69,3.36,129.47,302.32,79.3,99.6,3.7,1.258
2021-04-10,9.51,-0.21,144.97,277.16,72.2,100.3,0,0.732
2021-04-11,9.06,3.21,101.58,296.52,75.4,99,1.02,2.708
2021-04-12,9.86,3.45,118.41,300.32,80.7,97.6,17.01,2.212
2021-04-13,9.86,3.37,159.38,277.05,80.9,97.6,3.92,3.16
2021-04-14,9.36,3.01,113.55,301.09,90,98.9,3.54,0.308
2021-04-15,10.29,1.96,108.49,294.69,93.9,99.1,6.28,0.687
2021-04-16,8.08,2.67,150.43,285.06,76,99.9,0.88,1.639
2021-04-17,9.84,1.12,181.24,275.95,62.3,100.6,0,3.014
2021-04-18,8.05,3.19,174.33,288.48,56.7,101.1,0,1.616
2021-04-19,10.48,3.22,179.39,279.8,63.9,101.6,0,0.689
2021-04-20,9.65,3.95,109.29,304.13,81.7,101.2,1.04,2.698
2021-04-21,13.2,7.18,197.97,300.6,80.8,100.6,0.35,2.479
2021-04-22,14.03,6.17,167.62,307.95,86.9,100.9,1.33,1.583
2021-04-23,11.59,7.32,124.9,321.52,87.4,100.3,1.77,2.643
2021-04-24,11.36,6.64,128.6,309.51,77.5,99.2,11.78,2.771
2021-04-25,10.54,4.9,170.03,283.37,85.1,99.3,3.15,1.824
2021-04-26,10.17,4.2,150.61,282.14,82.6,99.4,1.58,2.922
2021-04-27,13.83,5.7,117.68,329.61,90.8,99.3,4.21,2.823
2021-04-28,13.32,8.66,176.05,314.24,74.1,100.3,0.92,3.263
2021-04-29,13.43,6.75,149.23,319.85,89.5,101.7,0,1.313
2021-04-30,15.39,8.57,198.56,324.57,88.1,102,0,1.176
2021-05-01,18.04,8.99,255.47,305.15,87.1,101.7,0,0.211
2021-05-02,14.94,5.32,226.16,285.59,76.3,101.8,0,2.164
2021-05-03,12.45,4.56,244.4,282.96,68.4,102.1,0,2.343
2021-05-04,11.97,5.4,206.09,290.78,72,102.3,0,2.426
2021-05-05,10.75,5.29,171.13,305.49,80,101.8,0,0.494
2021-05-06,14.63,7.59,163.22,327.51,76.9,100.9,1.03,1.52
2021-05-07,12.66,6.72,198.07,307.27,60.7,100.7,0,0.953
2021-05-08,13.56,5.78,241.64,290.07,66.2,101.3,0,2.262
2021-05-09,15.04,4.66,305.47,262.44,67.5,101.3,0,1.292
2021-05-10,18.41,8.31,240.14,317.58,80.3,101.3,0.52,0.619
2021-05-11,16.18,8.56,197.29,322.49,80.9,101.3,0,1.116
2021-05-12,17.74,6.81,245.51,302.18,80.6,101.3,0,0.247
2021-05-13,16.8,7.18,256.82,294.4,83,101.3,0,0.239
2021-05-14,18.33,6.29,279.51,288.16,75.3,101.1,0,0.276
2021-05-15,19.19,7.22,236.18,310.76,72.3,100.7,1.12,0.402
2021-05-16,13.6,7.74,229.92,301.57,63.5,101.1,0,4.178
2021-05-17,13.48,6.46,278.57,280.7,61.7,101,0,0.333
2021-05-18,14.96,8.58,166.38,324.52,82.5,100.9,1.77,0.468
2021-05-19,17.12,8.29,204.51,326.03,87.5,101.1,0.22,1.051
2021-05-20,16.75,8.01,260.07,299.57,87.9,100.6,0,0.906
2021-05-21,20.57,7.79,238.63,312.15,80.5,99.7,0,1.385
2021-05-22,17.39,11.83,235.57,327.51,83.1,99.7,2.21,2.245
2021-05-23,14.67,8.68,212.44,300.93,62.1,100.3,0,3.61
2021-05-24,12.32,7.93,122.71,314.37,82.6,100.7,3.91,1.895
2021-05-25,16.83,10.46,210.36,333.68,78.2,100.6,0.64,0.4
2021-05-26,13.01,9.42,141.39,335.4,84.2,101.4,0.34,0.744
2021-05-27,15.84,11.43,111.61,353.72,95.6,100.7,16.03,0.266
2021-05-28,17.2,9.17,299.76,303.42,69.1,101.2,0.72,4.585
2021-05-29,16.79,6.37,318.39,276.02,64.6,101.6,0,4.226
2021-05-30,15.3,7.05,200.91,291.52,76.2,101.3,1.71,2.547
2021-05-31,15.75,7.1,208.1,298.58,74,100.9,0.86,1.432
2021-06-01,16.2,7.15,215.23,305.64,71.9,100.4,0,0.732
2021-06-02,17.69,7.61,237.61,311.77,72.6,99.8,0,0.48
2021-06-03,17.01,9.03,273.61,303.18,74.4,99.3,0.36,0.688
2021-06-04,15.33,7.18,224.98,304.08,85.6,99.5,2.33,0.854
2021-06-05,14.82,10.63,261.53,311.03,83.5,99.6,7.19,1.862
2021-06-06,15.09,10.24,192.09,322.52,88.2,100,9.8,1.152
2021-06-07,17.69,8.36,293.13,289.31,74.1,100.5,0.15,2.222
2021-06-08,17.96,7.51,330.1,287.07,80.3,101.3,0,0.758
2021-06-09,22.38,8.64,339.77,298.9,65,100.9,0,3.742
2021-06-10,23.88,12.31,256.41,331.76,76.7,100.3,0,0.228
2021-06-11,20.74,10.58,313.06,300.38,69.1,100.3,0,1.566
2021-06-12,16.91,9.15,184.89,341.66,93.1,100.5,1.14,1.467
2021-06-13,17.65,10.68,204.44,324.55,74.5,100.2,0,1.666
2021-06-14,15.19,9.12,222.75,302.36,65.4,100.6,0,1.879
2021-06-15,16.68,9.49,170.37,333.12,84.2,99.6,7.51,2.869
2021-06-16,17.76,11.41,248.71,319.76,64.3,100.3,0,1.595
2021-06-17,16.47,9.42,236.37,302.79,65.7,101.1,0,0.961
2021-06-18,19.55,10.35,264.15,314.74,75.3,100.7,0,1.316
2021-06-19,18.28,10.67,192.35,338.9,83.6,100.5,5.92,1.542
2021-06-20,20.33,12,175.41,357.3,84.8,100,0.11,0.621
2021-06-21,21.8,15.51,240.43,357.54,86.8,99.9,9.55,0.527
2021-06-22,21.83,14.77,226.48,350.49,89,100.1,2.04,0.126
2021-06-23,22.85,13.26,284.01,331.96,79,100.2,0,1.197
2021-06-24,18.89,14.55,189.74,359.41,90.7,100.2,0.75,1.435
2021-06-25,18.17,12.72,194.67,347.77,86.4,100.2,2.95,1.704
2021-06-26,18.92,13.83,209.76,358.4,92.7,100.2,4.97,1.398
2021-06-27,19.72,12.61,218.19,339.62,87,100.4,0.8,0.686
2021-06-28,21.38,10.55,330.75,304.88,81.6,100.6,0,0.468
2021-06-29,23.33,12.33,291.16,328.82,82.6,100.6,0,0.125
2021-06-30,25.08,13.6,327.88,334,74.9,100,0,2.387
2021-07-01,21.24,13.08,234.33,330.04,76.6,99.3,2.05,1.159
2021-07-02,19.72,11.83,252.89,309.88,67.2,100,0,2.19
2021-07-03,20.38,12.03,246.86,320.32,78.9,100.3,0,1.594
2021-07-04,21.84,10.92,221.86,328.63,78.9,100.6,0,0.737
2021-07-05,23.63,12.36,319.2,301.91,64.7,100.7,0,0.654
2021-07-06,21.36,10.91,269.66,312.72,70.1,100.9,0,0.452
2021-07-07,21.24,12.49,222.01,331.79,77.9,101,0.95,0.298
2021-07-08,21.85,12.29,306.84,312.35,76.7,100.5,0,0.294
2021-07-09,20.26,13.98,248.63,341.04,75.4,99.6,2.84,2.169
2021-07-10,19.97,12.09,249.67,315.79,72.9,98.8,0.2,2.366
2021-07-11,19.51,12.6,176.02,338.79,77,99,0.89,1.854
2021-07-12,17.58,11.03,153.79,328.45,87.1,98.9,2.96,1.05
2021-07-13,17.92,11.19,207.1,319.61,79.7,99,5.38,1.894
2021-07-14,18.44,9.31,284.11,295.08,77.2,99.3,1.95,1.106
2021-07-15,19.95,12.45,211.7,334.37,78.7,99.6,3.09,0.84
2021-07-16,18.28,12.02,224.01,323.8,70.7,99.9,0,1.715
2021-07-17,20.5,10.9,302.82,297.57,72.1,100.4,0,1.193
2021-07-18,23.49,12.88,237.09,341.69,76.3,100.6,0,1.339
2021-07-19,22.23,10.76,271.86,315.89,71,100.6,0,1.544
2021-07-20,19.69,12.85,279.15,322.95,71.8,99.9,0,2.445
2021-07-21,18.15,12.42,88.29,346.54,91.2,99.6,6.56,1.709
2021-07-22,21.49,12.52,254.97,328.99,77.4,99.5,0.48,2.024
2021-07-23,18.59,11.35,234.62,304.56,68.3,99.9,0,1.943
2021-07-24,17.93,8.29,216.66,306.1,82.5,100.2,2.14,0.999
2021-07-25,20.09,10.24,281.24,302.92,70.4,100.1,0,0.432
2021-07-26,20.52,10.01,255.41,306.87,70.5,100.1,0,1.07
2021-07-27,20.64,12.62,221.55,336.32,85.5,99.8,3.47,2.026
2021-07-28,19.8,12.86,218.65,338.98,86.7,99.4,4.32,1.612
2021-07-29,21.25,14.3,273,334.16,79.5,99,10.29,2.069
2021-07-30,20.62,13.35,283.48,313.19,72.3,99.7,0,2.441
2021-07-31,20.27,13.53,234.07,326.01,75.2,99.8,0.01,2.47
2021-08-01,19.92,13.71,186.16,338.89,78.1,100,0.87,2.513
2021-08-02,21.03,13.33,242.74,332.19,74.5,99.5,2.13,2.908
2021-08-03,19.65,12.87,213.69,325.08,69.2,99.6,0,1.992
2021-08-04,17.24,11.91,218.38,316.05,75.9,99.3,4,1.671
2021-08-05,18.85,11.36,232.27,314.79,72,100,0,2.191
2021-08-06,20.1,10.39,171.29,339.27,85.3,100.1,1.28,1.622
2021-08-07,21.5,13.77,206.83,339.62,77.7,100.2,0.32,1.289
2021-08-08,20.41,10.57,229.72,318.05,82.8,100.5,1.08,0.892
2021-08-09,20.61,11.4,258.04,317.42,86.5,100.1,0,0.792
2021-08-10,21.26,15.16,199.47,342.75,84.1,99.2,2.09,1.721
2021-08-11,21.36,14.73,199.65,338.49,81.4,99.5,0,2.803
2021-08-12,21.17,13.72,194.03,338.47,90.2,100.3,2.5,1.061
2021-08-13,20.79,12.67,222.25,338.6,86.4,100.2,0.87,1.534
2021-08-14,21.88,13.75,221.04,340.48,76.3,100.2,0,2.63
2021-08-15,20.92,15.36,227.7,343.35,71.3,100.2,0,3.495
2021-08-16,19.58,12.89,213.86,307.28,64.8,100.5,0,3.063
2021-08-17,19.1,11.69,210.97,304.38,63.8,101.1,0,1.818
2021-08-18,21.41,10.15,221.72,315.39,72.4,101.2,0,1.133
2021-08-19,21.9,12.98,242.83,324.97,80.4,101,0,1.471
2021-08-20,17.78,12.36,104.59,344.81,80.6,100.6,1.23,1.141
2021-08-21,18.13,11.13,207.13,312.5,73.4,99.9,0.8,2.578
2021-08-22,18.42,10.48,209.53,295.39,64.8,100.2,0,2.155
2021-08-23,16.68,8.35,170.26,305.99,66.2,100.6,0,0.844
2021-08-24,17.85,9.43,200.51,305.89,64.7,100.5,0,0.34
2021-08-25,18.19,9.94,212.25,300.75,60,100.9,0,0.297
2021-08-26,19.23,7.15,197.38,297.31,73.7,100.8,0,1.414
2021-08-27,17.97,8.75,184.44,296.52,71.4,101.1,0,0.362
2021-08-28,18.89,7.98,172.45,311.56,78.3,101.1,1.7,1.421
2021-08-29,18.58,13.23,207.62,325.33,75.7,100.6,0,1.761
2021-08-30,19.32,10.01,186.39,315.03,72.8,100.9,0,0.365
2021-08-31,18.96,11.43,175.63,320.96,65.6,101,0,1.222
2021-09-01,18.61,12.86,164.97,324.95,58.3,101.1,0,2.471
2021-09-02,19.62,9.9,187.9,306.62,59.8,101.5,0,2.371
2021-09-03,17.71,8.62,212.13,290.43,67.3,101.4,0,2.163
2021-09-04,19.4,10.23,173.99,313.91,67.3,101.2,0,2.532
2021-09-05,19.7,9.26,223.35,291.34,69.3,101.1,0,1.535
2021-09-06,20.34,10.29,211.07,305.18,67.7,101.2,0,1.2
2021-09-07,21.01,8.96,216.71,296.66,73.3,101.2,0,0.112
2021-09-08,20.26,10,164.04,325.83,82.7,101.1,0,0.726
2021-09-09,20.35,9.7,195,310.31,83.5,100.9,0,1.178
2021-09-10,20.57,11.13,135.61,318.01,80.7,100.5,1.02,1.679
2021-09-11,17.78,8.93,176.61,298.92,67.1,100.9,0,0.459
2021-09-12,17.94,6.17,154.65,303.64,62.2,100.9,0,1.843
2021-09-13,19.66,12.24,182.38,325.38,65.3,100.1,0,3.291
2021-09-14,20.85,16.12,148.13,358.8,91,99.4,4.6,2.149
2021-09-15,19.37,14.38,80.44,366.68,94.4,99.4,7.6,1.462
2021-09-16,18.82,10.52,160.01,307.06,72.3,100,0.73,1.875
2021-09-17,19.73,11.29,164.49,318.39,75.6,100,2.7,1.879
2021-09-18,18.21,8.01,154.25,304.79,77.4,100.5,0,0.155
2021-09-19,17.25,7.82,117.33,316.19,81.9,100.4,0,0.281
2021-09-20,18.62,6.48,171.76,300.88,74.7,101,0,0.291
2021-09-21,19.15,9.38,141.04,330.84,77.8,101.2,0,0.798
2021-09-22,15.31,11.03,64.95,345.2,89.8,101,11.73,2.266
2021-09-23,14.43,9.56,79.18,330.64,92.1,101,2.07,2.988
2021-09-24,18.54,11.11,159.2,317.74,87.4,100.7,0.77,4.181
2021-09-25,18.78,12.77,71.23,356.32,84.7,100.2,10.11,5.153
2021-09-26,19.71,15.15,94.15,366.94,96.8,100.5,4.58,0.382
2021-09-27,20.75,12.71,153.19,333.46,92.6,101.3,0,0.222
2021-09-28,21.55,11.28,154.85,327.5,86.4,101.5,0,0.102
2021-09-29,21.87,12.83,163.11,336.16,87.2,101.4,0,0.263
2021-09-30,20.64,15.37,75.83,375.66,94.5,101.3,2.6,0.236
2021-10-01,20.29,16.08,88.84,373.29,92.1,101.3,0,0.286
2021-10-02,19.25,15.36,85.61,367.19,91.6,101.1,0,0.253
2021-10-03,18.54,13.64,91.16,354.69,93.5,100.5,1.52,0.881
2021-10-04,16.34,9.8,133.34,306.51,76.5,100.3,0,1.879
2021-10-05,14.27,6.22,133.09,277.46,70.5,101.5,0,0.36
2021-10-06,15.88,4.94,152.24,276.74,78.7,101.7,0,1.35
2021-10-07,17.2,6.66,153.01,283.02,83.1,101.5,0,2.249
2021-10-08,18.88,6.82,151.95,288.84,87.9,101.2,0,0.808
2021-10-09,19.18,6.77,132.38,304.15,86.2,101,0,0.558
2021-10-10,17.78,9.91,121.69,315.05,77.9,100.8,0,0.549
2021-10-11,15.25,4.9,126.44,285.32,82.5,101.4,0,0.237
2021-10-12,14.85,7.02,86.98,321.37,84,101.3,0,0.347
2021-10-13,15.73,9.27,70.39,323.36,84.3,100.7,1.73,1.767
2021-10-14,17,9.56,84.24,324.03,84.2,100.6,0,3.123
2021-10-15,17.2,13.64,82.1,337.38,85,100.2,0,3.785
2021-10-16,17.43,11.48,71.6,352.24,90.3,100.5,2.12,1.348
2021-10-17,16.52,11.4,77.01,334.46,89.6,100.8,0,1.624
2021-10-18,17.84,12.15,89.36,335.81,87.2,100.8,0,2.176
2021-10-19,17.65,10.57,64.3,349.86,87.2,100.5,0.61,2.659
2021-10-20,10.53,2.99,90.62,269.24,64.2,101,0,0.586
2021-10-21,8.99,0.54,109.04,245.93,74.5,101.3,0,0.26
2021-10-22,10.3,-0.93,87.87,280.81,64.4,100.8,0,1.673
2021-10-23,10.28,6.5,55.17,322.93,70.8,99.6,2.31,1.949
2021-10-24,15.01,8.1,93.3,312.5,83.2,98.8,4.99,2.284
2021-10-25,14.69,12.54,52.49,336.32,87.9,99.3,9.59,1.48
2021-10-26,16.6,13.09,88.21,324.8,86.7,99.7,0,1.75
2021-10-27,14.82,13.2,22.25,345.61,94.7,99,13.21,1.346
2021-10-28,14.81,13.52,38.36,355.23,89.3,98.7,18.77,1.848
2021-10-29,18.17,14.16,56.1,367.78,85.1,98.2,19.41,3.228
2021-10-30,15.69,13.6,68.82,330.11,89.7,98.6,0,2.046
2021-10-31,15.45,13.17,62.69,336.12,90.2,98.6,1.46,2.741
2021-11-01,15.21,12.74,56.57,343.04,90.8,98.5,2.68,3.71
2021-11-02,15.82,9.58,79.62,312.93,91,99.4,0,0.995
2021-11-03,13.69,8.91,50.86,337.48,92.7,100.2,0,1.255
2021-11-04,14.42,9.88,11.88,336.85,93.5,99.1,16.41,0.903
2021-11-05,13.64,8.11,83.31,287.32,84,99.7,0,1.817
2021-11-06,14.41,11.84,59.02,322.1,82.1,99.7,0,1.508
2021-11-07,13.7,10.6,70.85,316.81,80.2,99,12.86,1.758
2021-11-08,13.16,11.01,22.25,352.73,95.5,99.3,40.25,1.177
2021-11-09,13.55,10.78,29.16,353.08,93.8,99.3,32.86,2.891
2021-11-10,13.6,10.45,50.57,320.27,80.7,99.4,0.16,1.442
2021-11-11,13.15,10.88,16.85,355.57,92.9,99,49.38,3.055
2021-11-12,13.38,8.55,38.16,333.66,94.9,98.8,5.79,1
2021-11-13,12.08,5.39,74.78,272.23,93,99.4,0,0.514
2021-11-14,12.21,5.86,62.69,289.72,85.9,99.1,0,4.415
2021-11-15,9.52,7.6,25.49,332.58,92.4,98.9,11.75,5.815
2021-11-16,12.69,8.53,44.2,327.57,95.6,99.2,11.03,3.834
2021-11-17,9.24,5.64,40.57,306.37,91.2,99.2,0,2.639
2021-11-18,9.17,4.25,40.09,299.84,96.9,99.1,0.91,0.929
2021-11-19,11.25,1.03,65.26,272.15,89.8,99.3,0,0.456
2021-11-20,12.06,7.89,50.67,294.04,90.9,99.7,0,2.125
2021-11-21,8.81,6.25,49.27,282.46,92.9,100.6,0,3.706
2021-11-22,8.57,3.97,34.11,295.44,90.9,100.9,0,2.942
2021-11-23,5.72,3.45,34.8,302.75,85.7,100.9,0,1.385
2021-11-24,3.92,0.94,31.88,291.08,86.8,100.9,0,1.27
2021-11-25,12.33,1.45,21.38,322.93,95,99.9,7.91,1.369
2021-11-26,12.19,9.49,54.23,315.32,81.9,97.6,23.82,2.812
2021-11-27,14.87,7.65,32.14,323.62,81.3,95.5,25.88,4.307
2021-11-28,10.52,7.48,30.66,294.33,67.6,95.9,0,5.018
2021-11-29,10.66,8.06,46,299.31,74.3,97.5,6.68,3.644
2021-11-30,10.2,6.03,42.38,297.62,88,97.8,3.55,2.125
2021-12-01,11.79,7.37,16.43,301.12,80.6,97.5,20.59,3.531
2021-12-02,9.82,5.41,46.09,270.44,71.8,97.6,0,3.186
2021-12-03,9.67,5.43,35.6,307.06,79.6,98.7,2.84,2.399
2021-12-04,13.67,8.49,23.98,348.09,95.2,98.5,23.6,2.61
2021-12-05,10.81,7.47,29.54,306.22,78.9,98.3,3.42,4.027
2021-12-06,10.26,5.44,17.52,292.64,81.7,99,4.54,4.038
2021-12-07,8.09,2.75,45.45,264.98,82.7,100.3,0,1.247
2021-12-08,11.57,6.36,6.83,326.71,79.2,99.6,15.7,3.469
2021-12-09,8.94,5.47,35.43,278.42,75.5,100,0,2.882
2021-12-10,9.99,6.2,35.92,287.16,85.8,100.5,0,2.861
2021-12-11,11.01,7.91,26.8,326,89.7,101.2,0.01,2.382
2021-12-12,11.86,10.97,18.64,354.16,94.9,101.3,0.83,2.495
2021-12-13,11.57,9,25.54,332.85,96.9,101.5,1.72,1.893
2021-12-14,10.23,8.09,22.51,325.4,95.8,101.3,1.19,1.461
2021-12-15,11.36,9.49,17.34,345.76,98.4,101,1.9,1.665
2021-12-16,12.23,9.49,12.09,350.14,96.4,100.3,4.43,2.365
2021-12-17,12.97,7.87,4.6,334.12,88.9,98.3,21.59,3.898
2021-12-18,9.61,7.12,37.04,277.38,75.3,97.9,0,4.009
2021-12-19,11.27,6.94,13.46,318.01,81.9,98.6,15.21,3.713
2021-12-20,8.52,7.16,26.29,298.73,77.1,97.3,3.66,5.499
2021-12-21,8.7,4.07,42.77,269.9,72.3,99.4,0,3.518
2021-12-22,11.83,3.31,11.02,327.48,97.7,99.3,9.95,1.187
2021-12-23,11.5,5.42,38.43,289.31,78.5,98.7,2.37,2.865
2021-12-24,8.93,4.13,36.42,275.24,77.1,99.9,0,2.628
2021-12-25,11.59,5.77,4.45,313.67,90.3,99.5,16.55,3.154
2021-12-26,9.43,4.23,46.21,273.28,90.3,100.9,0,1.632
2021-12-27,11.88,8.29,8.44,342.84,90.1,100.6,7.84,3.45
2021-12-28,11.69,6.13,38.45,300.27,77.7,100.8,2.5,3.251
2021-12-29,9.1,5.79,26.7,294.5,74.9,101.3,0,2.77
2021-12-30,12.51,7.35,15.99,331.75,83.7,100.5,1.21,3.979
2021-12-31,11.46,5.89,16.23,325.13,89.7,100.9,1.52,2.63
2022-01-01,10.4,4.44,16.46,323.08,95.8,101.2,1.83,1.287
2022-01-02,10.1,8.46,25.7,333.12,96.1,101.1,0.78,1.692
2022-01-03,10.26,8.27,17.22,340.92,96.5,100.6,3.95,1.378
2022-01-04,11.16,8.41,27.51,319.73,93.5,100,2.89,2.301
2022-01-05,9.35,6.46,30.65,304.24,82.7,100.5,0.17,2.167
2022-01-06,12.83,8.6,10.06,351.88,97.8,100.2,10.7,2.793
2022-01-07,13.04,6.36,27.22,331.38,91.5,100.1,1.32,1.662
2022-01-08,11.49,6.42,15.38,327.42,93,99.8,2.34,2.457
2022-01-09,8.55,5.45,31,304.69,84.4,100.6,0,0.986
2022-01-10,11.35,8.05,23.12,338.17,96.4,100.5,2.31,2.217
2022-01-11,10.86,6.83,45.31,295.38,86.4,100.7,0,2.384
2022-01-12,10.88,5.09,22.39,326.92,97.3,101.4,0.62,1.653
2022-01-13,12.34,10.28,34.61,346.1,95.4,101.3,0.38,2.505
2022-01-14,10.35,8.88,25.95,341.07,96.6,101.1,1.3,1.925
2022-01-15,10.76,9.21,36.96,331.1,94.1,100.6,0.63,1.976
2022-01-16,11.92,9.52,26.06,331.03,89.8,99.9,4.51,2.547
2022-01-17,12.17,8.64,14.97,339.87,86,99.6,10.9,3.038
2022-01-18,11.03,7.16,6.18,336.53,86.2,99.3,27.16,1.458
2022-01-19,10.45,6.26,51.04,288.33,76.4,98.8,1.43,3.836
2022-01-20,7.55,3.99,50.21,275.72,69.5,99,0,3.681
2022-01-21,6.39,2.48,45.91,273.02,83.9,99.5,1.53,0.595
2022-01-22,7.74,-0.61,47.91,271.02,75.7,100.4,3.06,1.678
2022-01-23,9.82,4.49,19.86,307.1,89.4,98.8,22.18,2.896
2022-01-24,7.91,3.19,10.15,290.15,81.3,97.9,7.12,2.986
2022-01-25,9.15,3.38,61.35,268.1,79.9,99.2,0,3.121
2022-01-26,9.48,4.24,38.3,287.64,78.9,99.7,0,1.874
2022-01-27,11.03,6.63,13.95,325.55,92.3,99,9.25,1.169
2022-01-28,9.62,5.19,65.64,279.72,82,99.8,2.88,2.124
2022-01-29,9.35,3.17,53.21,287.29,84.2,99.3,10.99,1.699
2022-01-30,7.5,0.5,58.36,273.58,81.7,100.2,0,0.588
2022-01-31,8.2,2.74,26.7,291.79,86,99.9,10.74,0.743
2022-02-01,10.25,1.57,71.54,266.34,89.5,100.7,0,1.124
2022-02-02,8.86,5.82,50.24,309.43,77.3,99.9,0.24,3.743
2022-02-03,10.32,6.23,56.7,305.6,93.4,98.7,15.42,1.748
2022-02-04,9.84,5.88,59.91,303.48,95.5,99.1,11.09,0.68
2022-02-05,8.63,2.73,51.4,289.71,98,99.9,0.45,0.485
2022-02-06,9,3.61,46.65,318.24,94.8,100.1,4.74,2.443
2022-02-07,7.65,5.17,14.84,329.48,96.7,99.7,23.84,4.337
2022-02-08,6.25,2.42,63.24,300.07,85.3,100.7,0,3.079
2022-02-09,6.53,2.42,45.72,309.83,87,101.1,0.27,2.667
2022-02-10,8.16,5.65,64.48,300.3,85.5,100.9,0.08,3.032
2022-02-11,10.02,2.64,77.44,276.88,89.2,100.6,1.33,0.906
2022-02-12,8.59,-0.31,83.85,257.8,90.9,101,0,0.484
2022-02-13,10.33,2.49,85.87,283.32,85.7,101.2,0,1.66
2022-02-14,10.19,7.42,68.28,318.06,87.6,101.1,1.97,2.209
2022-02-15,10.25,6.11,85.43,293.5,86.6,100.9,0,2.157
2022-02-16,7.35,4.29,70.3,301.67,80.1,101.9,0,0.3
2022-02-17,8.69,3.36,43.51,313.21,93.8,101.9,1.2,0.893
2022-02-18,10.89,6.14,77.11,301.48,93.4,101.8,0,0.531
2022-02-19,11.7,5.58,98.08,293.91,92.8,101.9,0.28,0.66
2022-02-20,9.68,4.71,71.12,307.51,91.4,101.9,0,0.714
2022-02-21,10.13,4.39,78.53,308.15,90.8,101.5,0,0.474
2022-02-22,9.18,5.34,64.27,315.23,89.5,101.1,0.78,0.512
2022-02-23,9.21,5.98,72.69,313.2,89,100.2,0.65,1.445
2022-02-24,8.48,2.81,63.58,299.94,81.1,100.5,0,0.471
2022-02-25,8.32,2.42,62.23,294.23,87,100.7,0.63,1.854
2022-02-26,10.24,5,88.89,301.3,84.1,99.5,0,3.942
2022-02-27,13.25,10.37,47.52,354.72,96.6,97.6,18.42,1.604
2022-02-28,11.01,8.3,77.09,315.97,83.6,98.1,2.78,2.817
2022-03-01,8.93,6.8,16.78,330.56,96.1,98.6,24.88,2.018
2022-03-02,10.09,3.39,59.35,303.95,85.5,98.2,5.49,1.346
2022-03-03,8.15,2.15,85.1,272.59,78.2,99.1,0.75,2.683
2022-03-04,10.68,5.39,79.15,295.24,82.6,99,5.18,3.235
2022-03-05,10.52,5.46,96.12,307.37,74.5,97.6,8.15,3.645
2022-03-06,8.69,4.98,98.17,295.65,77,98.4,0.52,2.991
2022-03-07,11.74,5.23,42.64,331.72,97.7,98.7,5.29,0.982
2022-03-08,11.88,8.32,93.13,308.64,80.6,99,1.4,3.582
2022-03-09,9,6.31,126.41,275.41,67.8,99.5,1.22,4.665
2022-03-10,10.48,5.54,108.85,290.11,72.6,101.3,0,2.117
2022-03-11,10.89,2.95,109.35,298.21,77.7,101.6,0,1.993
2022-03-12,9.17,5.84,89.44,303.7,80.5,100.6,1.17,2.902
2022-03-13,9.76,5.47,112.64,300.59,83.4,99.1,3.46,3.122
2022-03-14,8.17,3.31,100.28,287.65,69.5,98.9,0,1.501
2022-03-15,8.15,0.21,131,258.03,72.9,99,4.34,0.834
2022-03-16,5.01,-1.74,135.48,251.62,72.3,98.8,1.17,1.063
2022-03-17,5.64,0.01,128.89,257.19,68,99,0,0.89
2022-03-18,6.24,0.81,69.35,280.18,84.9,99.4,3.02,1.415
2022-03-19,7.19,0.81,128.65,267.96,65.8,99.8,0,0.709
2022-03-20,9.2,1.57,90.61,303.21,88.9,99.7,4,2.151
2022-03-21,7.21,2.97,88.76,296.06,86.4,99.6,2.01,0.449
2022-03-22,7.62,-2.54,172.82,234.42,73.1,99.9,0,0.285
2022-03-23,8.16,-0.49,127.99,267.38,72.3,100.1,0,1.34
2022-03-24,9.91,4.37,77.27,317.44,84.6,100.2,0.93,1.448
2022-03-25,12.84,7.77,89.35,343.31,96.1,100.4,2.95,1.287
2022-03-26,11.89,9.13,69.74,347.42,99.3,100.3,16.99,2.083
2022-03-27,10.7,6.05,120.58,302.17,68.5,100.1,4.77,3.936
2022-03-28,9.69,5.16,153.64,281.36,66.8,101.4,0,2.753
2022-03-29,8.98,1.59,218.83,236.69,72,101.8,0,0.672
2022-03-30,9.94,-0.61,204.85,245.87,74,101.9,0,0.157
2022-03-31,12.5,0.35,98.55,298.62,88.6,102,0,1.339
2022-04-01,15.73,7.09,192.26,306.41,87.2,101.5,0,2.22
2022-04-02,12.56,7.03,139.12,313.05,80.7,101.2,0,1.707
2022-04-03,11,4.39,185.45,280.42,71.8,101.3,0,0.109
2022-04-04,10.97,5.64,139.6,311.88,83.4,100.7,0,0.754
2022-04-05,13.56,4.41,136.29,294.24,82.1,100.3,0,0.272
2022-04-06,11.27,3.54,144.36,289.22,71.9,100.6,0,2.54
2022-04-07,9.72,2.49,164.49,273.09,68.5,100.5,0,4.397
2022-04-08,8.81,0.68,209.16,249.84,59.7,100.2,0,4.529
2022-04-09,7.51,1.51,115.84,287.52,72.8,99.9,0.89,4.15
2022-04-10,5.62,2.33,126.91,290.24,76.3,100,0.94,2.839
2022-04-11,6.97,1.04,124.71,290.24,76.2,99.7,1.06,2.34
2022-04-12,8.07,2.91,88.53,299.3,63.7,99.7,0,3.373
2022-04-13,8.52,2.12,153.39,291.68,64,100.4,0,1.017
2022-04-14,8.94,4.1,128.82,304.69,73.7,100.7,0,1.184
2022-04-15,9.7,4.34,142.83,304.82,71.1,100.8,0,2.661
2022-04-16,9.68,4.46,135.97,297.06,71.6,100.7,0.67,1.566
2022-04-17,10,2.78,189.98,275.96,65,100.4,0,1.823
2022-04-18,12.36,5.18,146.48,309.53,74.2,99.9,0,1.128
2022-04-19,12.27,6.96,122.92,313.73,82.7,100,0,1.573
2022-04-20,10.28,7.18,152.13,306.63,66.9,99.8,0,2.627
2022-04-21,10.05,3.86,126.6,302.34,68.4,100.6,0,1.038
2022-04-22,12.36,4.53,154.17,313.76,81.8,100.5,1,1.983
2022-04-23,10.98,8.03,141.12,323.36,77.6,99.5,6.6,3.392
2022-04-24,10.86,6.36,141.35,296.97,67.1,99.8,0,2.423
2022-04-25,11.2,5.73,168.4,300.19,70,100.9,0,0.502
2022-04-26,11.69,5.39,165.07,304.55,64.8,101.2,0,1.162
2022-04-27,12.89,3.76,204.28,284.65,64.2,101.5,0,0.315
2022-04-28,14.51,6.89,164.86,314.21,76.1,101.7,0,0.169
2022-04-29,16.01,9.18,180.46,324.47,70.2,101.8,0,0.31
2022-04-30,17.48,5.81,213.4,304.17,80.3,101.5,0,0.862
2022-05-01,12.82,4.91,208.26,298.94,78.7,101.1,0,1.153
2022-05-02,15.84,6.79,185.27,311.54,74.2,101.2,0,0.228
2022-05-03,16.68,7.27,248.4,290.42,70,101.4,0,0.537
2022-05-04,16.24,9.55,212.15,316.57,80.6,100.8,0,2.014
2022-05-05,15.34,7.39,183.14,308.84,71.8,100.3,0,1.892
2022-05-06,11.17,4.61,228.87,276.1,54.1,100.4,0,0.726
2022-05-07,14.87,5.23,149.41,311.61,78,100.1,2.79,2.318
2022-05-08,15.67,8.78,187.32,325.6,79,100.1,1.17,1.718
2022-05-09,16.28,9.91,233.86,313.09,80.4,100,0.76,2.085
2022-05-10,15.94,7.89,207.74,306.34,77.4,100.4,0,0.444
2022-05-11,14.15,7,189.39,305.44,86.4,100.4,0,0.61
2022-05-12,13.25,5.59,167.58,310.03,89,100,2.54,0.669
2022-05-13,14.13,6.45,244.54,300.53,70.3,100.2,0,1.494
2022-05-14,13.76,7.06,164.24,318.3,71.8,100,0,0.376
2022-05-15,12.49,6.75,172.46,299.83,80.4,99.6,4.5,0.559
2022-05-16,13.09,5.06,181.03,294.13,87.4,99.4,3.83,0.746
2022-05-17,15.79,4.7,201.94,304.23,81.8,99.4,1.5,0.759
2022-05-18,12.87,6.84,142.22,312.28,92.3,99.6,6.58,0.91
2022-05-19,15.01,5.82,171.15,310.91,90,100,1.86,1.076
2022-05-20,16.8,5.91,239.08,303.89,79.2,100,0.83,3.831
2022-05-21,16.73,9.45,274.98,310.85,83.1,100,0.75,0.844
2022-05-22,18.19,8.99,226.78,312.96,84.2,100,0.33,0.111
2022-05-23,18.21,6.01,290.06,284.27,79.5,99.9,0,0.521
2022-05-24,17.12,6.81,262.81,299.37,85.1,99.5,0.87,0.553
2022-05-25,15.92,9.06,231.98,311.42,87.4,99.5,2.76,0.958
2022-05-26,17.02,9.42,245.99,300.37,86.1,100.3,5.51,1.095
2022-05-27,17.16,7.78,245.72,297.85,78.2,100.6,0,0.697
2022-05-28,17.98,8.13,232.48,312.94,79.6,99.9,0.6,0.722
2022-05-29,18.02,11.19,219.39,328.8,81.7,99.6,1.25,0.448
2022-05-30,17.22,10.82,235.59,323.33,80.6,99.1,6.82,2.652
2022-05-31,17.47,10.49,252.47,313.55,77.4,99.5,3.53,2.444
2022-06-01,17.73,10.15,269.54,303.79,74.1,99.8,0,2.262
2022-06-02,19.65,9.51,293.92,297.26,78,100.4,0,0.172
2022-06-03,18.66,9.57,224.82,321.47,81.6,100.2,0,0.998
2022-06-04,22.96,9.72,283.28,318.35,73.2,100.6,0,0.067
2022-06-05,23.59,10.81,335.42,301.77,67.3,100.9,0,0.537
2022-06-06,23.28,11,311.97,311.23,67.2,100.8,0,0.363
2022-06-07,19.49,10.27,281.96,294.99,62.5,100.4,0,1.28
2022-06-08,17.85,8.71,244.95,297.98,66,100,0,0.842
2022-06-09,16.83,7.93,205.3,309.89,81.2,99.7,1.59,0.469
2022-06-10,16.75,8.37,194.34,318.07,83.8,99.6,2.39,0.622
2022-06-11,16.72,9.44,242.26,311.17,83.5,99.7,6.7,0.879
2022-06-12,18.03,7.84,265.44,303.71,80.9,100,2.62,0.982
2022-06-13,18.92,7.43,214.25,317.23,72,100,0,0.614
2022-06-14,17.54,12.49,132.08,346.59,84.1,99.6,8.64,1.794
2022-06-15,19.85,11.06,298.63,310.03,68.3,99.9,0,0.791
2022-06-16,20.07,11.54,277.74,310.88,72.3,100.2,0,0.681
2022-06-17,19.15,10.37,296.59,301.63,76.8,99.9,0,1.721
2022-06-18,16.4,10.6,254.11,312.03,67.3,99.6,0.05,0.819
2022-06-19,14.79,8.16,161.74,317.66,63.2,100.3,0.01,0.676
2022-06-20,15.44,7.12,224.61,307.7,71,99.7,0,1.401
2022-06-21,16.76,10.59,146.63,343.32,84.9,99,50.14,1.707
2022-06-22,16.13,9.09,220.87,302.63,72.2,99.4,0.96,2.353
2022-06-23,17.58,8.33,207.75,313.16,72.8,100.4,0,1.48
2022-06-24,17.88,10.03,289.23,308.29,78.7,100.9,0,0.713
2022-06-25,19.62,8.77,313.3,294.93,76.5,100.9,0,1.15
2022-06-26,21.43,13.5,299.31,323.05,78.9,100.4,0,0.814
2022-06-27,19.2,14.07,173.84,362.51,93.2,99.9,1.42,1.43
2022-06-28,19.56,11.88,265.1,317.52,69.8,100,0,2.48
2022-06-29,19.1,11.63,263.65,315.32,72.9,100.4,0,2.57
2022-06-30,17.99,11.9,232.72,319.66,82.4,100.2,0,2.083
2022-07-01,20.34,13.63,202.24,355.83,87.3,99.8,3.84,1.303
2022-07-02,19.24,11.64,253.43,313.33,74.8,100.1,2.99,1.782
2022-07-03,19.13,10.72,236.15,322.9,71.8,100.5,0,2.063
2022-07-04,21.66,13.67,206.87,362.52,89.1,100.4,1.49,1.181
2022-07-05,18.81,13.54,204.22,346.42,78.8,100.1,0.01,2.44
2022-07-06,20.27,12.75,271.04,330.63,76.4,100.6,0,1.419
2022-07-07,22.29,13.31,268.4,335.01,79.8,101.1,0,0.237
2022-07-08,24.46,12.57,334.67,312.13,74,101,0,0.419
2022-07-09,25.33,15.07,337.11,318.93,69.5,100.7,0,0.443
2022-07-10,22.36,13.64,279.75,322.46,74.7,100.4,0,2.041
2022-07-11,19.67,13.14,282.29,313.46,67.9,100.3,0,1.621
2022-07-12,21.52,12.68,245.98,332.09,71.2,100.2,0,1.196
2022-07-13,21.23,13.33,252.74,322.89,74.4,99.7,0,1.824
2022-07-14,21.57,9.97,285.72,299.89,68.8,100,0,0.317
2022-07-15,23.9,11.9,274.08,319.32,59.1,100.1,0,2.883
2022-07-16,22.43,15.35,127.68,367.89,75.4,99.5,1.35,0.352
2022-07-17,20.28,13.93,206.41,349.13,90.5,99.3,1.8,0.749
2022-07-18,20.32,15.65,280.54,337.66,80.8,99.2,2.71,0.971
2022-07-19,18.04,15.26,190.06,340.29,86.1,99.1,17,1.707
2022-07-20,19.8,14.85,270.85,320.49,79.7,99.5,1.29,2.182
2022-07-21,20.12,14.11,227.29,330.56,80.9,99.9,2.52,2.119
2022-07-22,21.4,13.22,243.72,329.22,75.1,100.1,2.23,2.161
2022-07-23,19.81,12.29,219.54,319.93,76.4,99.9,3.88,1.827
2022-07-24,17.46,11.39,145.92,338.94,88.3,99.2,5.19,2.506
2022-07-25,20.17,13.55,275.26,319.81,75.4,99.1,0,3.367
2022-07-26,21.78,13.8,223.56,330.68,77,100.2,0.71,0.96
2022-07-27,21.99,13.08,228.28,333.49,73.9,100.3,0,1.178
2022-07-28,20.64,14.31,213.47,346.8,85.4,99.8,3.05,1.735
2022-07-29,21.46,16.19,188.72,364.99,83.6,99,3.87,2.631
2022-07-30,22.18,14.17,220.75,332.18,76.3,99.7,0,2.019
2022-07-31,21.97,14.06,247.27,324.87,75.5,99.9,0,1.95
2022-08-01,21.76,13.95,274.15,317.27,74.8,100.1,0,1.895
2022-08-02,21.75,12.73,249.27,320.1,79.3,100.8,0,0.355
2022-08-03,22.57,12.4,274.52,317.44,80.8,100.8,0,0.221
2022-08-04,24.26,12.14,256.72,326.95,80.1,100.3,0,0.47
2022-08-05,20.92,13.9,242.74,324.13,71.9,99.9,1.45,1.621
2022-08-06,19.99,13.25,151.93,344.95,87.8,100,2.37,1.857
2022-08-07,21.59,12.57,244.4,314.38,72.4,100.1,0,1.302
2022-08-08,23.45,12.39,219.32,333.24,75.3,100.3,0,0.454
2022-08-09,24.04,14.52,241.39,332.45,80.1,100.3,0.69,1.379
2022-08-10,24.17,12.56,271.07,322.1,77.5,100.3,0,0.336
2022-08-11,24.29,14.59,253.9,339.3,77.4,100.2,0,1.382
2022-08-12,23.11,16.08,175.44,369.28,82.9,99.9,1.06,1.872
2022-08-13,21.68,13.46,249.05,330.27,69.9,99.9,5.75,0.443
2022-08-14,21.04,12.3,226.46,312.69,67.2,100.1,0,0.785
2022-08-15,20.68,11.6,236.92,308.57,69.3,100.2,0,0.564
2022-08-16,22,11.18,261.68,323.85,82,99.7,0,0.814
2022-08-17,19.52,14.72,118.62,363.44,96.2,99.2,9.37,0.92
2022-08-18,19.03,14.03,156.87,347.6,87.1,98.7,8.93,2.821
2022-08-19,18.24,13.6,119.11,359.23,88.9,98.7,6.16,1.858
2022-08-20,18.03,11.03,195.33,309.07,67,100,0,0.915
2022-08-21,17.14,7.34,173.13,304.38,71.7,100.3,0,0.726
2022-08-22,18.48,12.96,183.8,340.01,82.9,99.4,9.11,2.453
2022-08-23,18.7,12.55,225.34,321.59,73.9,99.8,2.07,2.617
2022-08-24,19.95,14.04,180.78,351.45,85.3,99.3,10.11,1.873
2022-08-25,19.22,12.44,243.77,309.19,73.8,99.7,0.46,3.094
2022-08-26,17.59,12.06,118.15,343.39,89.6,100.3,4.88,0.915
2022-08-27,22.75,15.32,166.75,370.33,86.3,99.9,0.7,2.524
2022-08-28,16.56,14.09,54.98,366.26,97.1,99.7,21.21,0.255
2022-08-29,16.99,12.48,57.84,355.62,97.9,98.9,10.3,0.724
2022-08-30,17.67,11.51,207.42,317.89,85.3,98.9,9.59,1.816
2022-08-31,17.11,10.89,171.25,315.99,84.9,99.4,5.59,1.219
2022-09-01,16.56,10.27,135.34,312.25,84.5,99.8,1.59,0.578
2022-09-02,18.36,7.54,204.91,299.56,77.5,100.3,0,1.243
2022-09-03,20.66,13.91,152.44,355.46,90.1,100,5.97,1.724
2022-09-04,20.93,13.07,152.19,340.24,90.7,100.2,0.62,1.234
2022-09-05,17.57,13.76,61.67,368.85,97.4,100.1,1.83,1.027
2022-09-06,21.61,15.4,155.25,356.87,88.7,100.1,0.58,0.633
2022-09-07,19.83,12.28,177.3,321.64,72.8,100.5,0,1.129
2022-09-08,19.92,9.89,179.47,319.4,75.5,100.7,0,1.359
2022-09-09,18.13,9.42,227.02,285.44,74.9,100.5,0,1.734
2022-09-10,18.46,8.87,162.96,318.48,81.5,99.5,2.83,1.145
2022-09-11,16.67,10.63,105.52,334.43,90,98.8,5.17,2.092
2022-09-12,17.7,8.53,176.48,319.58,86.3,99.3,12.92,0.707
2022-09-13,18.83,12.66,167.37,327.16,81,99.2,15.65,2.239
2022-09-14,17.4,12.68,179.99,312.36,76,99,0.61,3.249
2022-09-15,18.34,13.04,190.54,324.77,79.1,99.4,2.53,3.063
2022-09-16,17.67,14.48,91.69,359.54,93.4,99.2,7.07,2.786
2022-09-17,16.24,11.03,115.47,317.16,75.5,99,0,2.94
2022-09-18,16.82,10.56,131.62,331.82,78.1,99.2,2.4,2.085
2022-09-19,17.2,11.11,167.48,318.84,81.2,99.5,0.09,1.683
2022-09-20,15.21,9.06,131.57,314.43,75.9,100.5,0,1.683
2022-09-21,16.25,11.73,100.04,324.22,75.8,99.3,4.96,3.632
2022-09-22,14.68,9.92,161.84,294.18,67.7,99.2,0.13,3.671
2022-09-23,14.55,7.66,136.97,292.54,70.9,99.4,0,2.144
2022-09-24,14.16,8.19,156.59,292.71,74.5,99.7,0,1.53
2022-09-25,14.81,6.28,120.24,310.41,78.3,99.9,25.23,1.66
2022-09-26,14.79,11.49,99.3,321.88,88.2,98,12.26,2.769
2022-09-27,14.54,8.67,125.44,308.75,91.7,98.2,4.01,0.401
2022-09-28,16.18,9.73,110.77,325.79,89,98.8,2.5,1.733
2022-09-29,15,7.64,141.98,295.72,79.5,99.3,0.39,1.637
2022-09-30,15.89,11.82,146.43,323.08,84.9,99.1,11.33,1.712
2022-10-01,15.51,13.06,93.45,331.23,91.2,98.8,8.56,2.38
2022-10-02,15.94,12.22,90.74,321.85,89.8,99.2,3.42,2.477
2022-10-03,15.15,11.38,86.78,323.02,89.2,99.2,1.83,1.655
2022-10-04,14.56,10.49,89.18,340.08,85.6,97.5,11.92,3.696
2022-10-05,13.25,9.64,72.12,303.62,80.7,98.4,0,3.333
2022-10-06,13.62,7.91,124.26,293.61,75.8,99.7,0,1.407
2022-10-07,12.93,6.97,102.75,308.61,75.3,100.7,0,0.358
2022-10-08,12.86,5.16,93.09,314.52,85.7,100.6,5.93,0.948
2022-10-09,13.34,8.65,99.09,303.32,90.3,100.1,0.16,1.503
2022-10-10,15.83,9.15,94.36,332.63,88.6,99.5,3.44,1.424
2022-10-11,15.11,8.57,50.86,331.43,90.5,99.2,1.65,1.184
2022-10-12,12.36,7.87,71.56,318.49,76.2,100.1,1.55,1.955
2022-10-13,15.71,10.55,70.6,343.19,91,99.3,3.95,3.28
2022-10-14,12.43,8.6,92.44,298.97,70.6,99.3,0.13,3.363
2022-10-15,15.58,9.16,84.84,320.57,80.2,98.3,8.84,4.114
2022-10-16,11.73,8.61,106.76,279.13,71.6,99,0.74,3.832
2022-10-17,12.63,8.06,51.11,311.92,86.6,99.1,6.01,2.909
2022-10-18,12.32,5.76,101.83,271.66,82.2,99.5,0,2.212
2022-10-19,11.03,4.05,110.66,267.42,82,99.7,0,1.378
2022-10-20,11.41,5,90.91,298.58,86.3,99.3,12.8,1.132
2022-10-21,12.72,10.23,34.36,348.15,97.6,98,58.08,1.632
2022-10-22,13.35,10.44,47.55,343.37,98.8,98.5,5.72,0.497
2022-10-23,11.43,6.51,12.77,322.77,95.4,97.9,24.85,1.475
2022-10-24,11.27,3.5,104.94,264.79,89.6,99.2,0,0.626
2022-10-25,10.28,3.58,48.26,302.24,94.2,99.5,1.57,3.293
2022-10-26,13.66,8.06,18.58,339.63,96.6,99.1,10.19,3.924
2022-10-27,13.63,7.09,70.15,325.37,97.7,99.6,0,2.608
2022-10-28,13.15,8.61,51.07,336.72,93.3,99,1.5,0.743
2022-10-29,9.07,6.01,73.44,294.69,91.5,99.1,0.74,0.663
2022-10-30,11.24,6.32,54.16,316.15,88,99.9,0,1.712
2022-10-31,11.14,5.48,75.13,290.24,87.7,100.4,0,1.539
2022-11-01,11.05,4.65,96.97,263.96,87.4,100.9,0,1.372
2022-11-02,9.64,3.92,82.4,293.51,88.2,101,0,0.258
2022-11-03,10.4,6.48,46.48,325.21,95,100.7,0.68,0.974
2022-11-04,10.11,6.8,40.13,329.06,91.5,100.5,1.54,0.857
2022-11-05,9.74,7.55,40.69,332.93,92.7,100,0.9,1.325
2022-11-06,13.34,9.6,47.67,348.03,94.2,98.9,14.05,2.027
2022-11-07,13.89,12.84,28.22,360.73,97.2,98.4,54.05,1.779
2022-11-08,12.98,9.8,60.28,327.87,90,98.4,20.07,2.877
2022-11-09,11.39,8.16,77.28,290.1,83.8,99.5,0.92,1.614
2022-11-10,12.97,6.7,64.28,302.09,86.6,98.8,17.6,2.514
2022-11-11,10.34,6.6,69.32,272.61,77.7,99.3,0.76,2.726
2022-11-12,10.43,4.31,44.43,292.5,83.7,100,0,1.242
2022-11-13,9.25,1.61,58.2,287.56,88.3,100.9,0,0.055
2022-11-14,10.88,7.44,30.17,338.21,89.1,101.5,0,1.16
2022-11-15,11.19,5.45,45.09,317.61,88.5,102,0,1.102
2022-11-16,8.75,4.6,34.8,316.88,93,101.8,0,1.652
2022-11-17,8.57,4.45,34.48,304.13,93.7,101.3,0,2.607
2022-11-18,10.16,7.37,36.56,333.29,92.9,101,0.81,3.856
2022-11-19,9.28,6.71,48.32,317.11,88.9,101,0,3.519
2022-11-20,8.61,6.33,25.23,326.46,97.2,100.8,1.23,3.044
2022-11-21,8.56,4.87,27.3,323.16,97.6,100.2,1.04,2.188
2022-11-22,11.98,7,15.45,341.15,99,99.8,7.44,1.494
2022-11-23,12.99,11.38,12.72,361.14,100,99.8,9.15,1.008
2022-11-24,13.07,11.24,37.42,330.23,96.2,100,1.55,1.648
2022-11-25,14.2,11.05,38.4,323.51,86,100,0,4.21
2022-11-26,12.19,9.89,43.83,329.25,90.7,99.9,0.61,5.783
2022-11-27,10.9,7.39,26.49,337.62,91.6,99.7,1.69,5.947
2022-11-28,12.08,9,45.6,325.24,90.5,99.7,0.94,3.895
2022-11-29,11.91,10.34,11.75,355.24,99.3,99.4,20.71,1.37
2022-11-30,10.63,7,29.19,330.35,98.5,99.3,0.45,1.51
2022-12-01,7.19,4.5,29.62,305.16,81,99.5,0,4.188
2022-12-02,4.66,-0.02,49.96,249.33,78.3,99.9,0,0.641
2022-12-03,4.15,-2.74,53.48,232.29,84,100.4,0,0.426
2022-12-04,5.05,-2.64,36.88,258.23,92.3,100.8,0,0.806
2022-12-05,5.68,-3.77,39.31,270.07,95.9,101.5,0,0.623
2022-12-06,5.44,0.61,26.5,281.08,84.8,102,0,2.874
2022-12-07,9.77,1.35,19.07,306.15,85.6,100.6,2.43,1.218
2022-12-08,10.57,6.53,30.79,308.67,93.5,99.6,1.83,2.64
2022-12-09,10.48,5.66,17.6,312.94,96.9,100.5,1.25,2.005
2022-12-10,12.42,10.44,15.35,353.7,95.3,100.1,1.76,2.809
2022-12-11,12.03,9.97,22.39,345.86,98.2,100.4,2.49,2.164
2022-12-12,10.28,7.49,27.71,324.92,97.1,100.1,0,2.109
2022-12-13,11.97,7.75,30.66,319.24,95.4,99.6,0.57,1.594
2022-12-14,12.27,11.35,11.24,354.33,95.5,99.7,32.92,2.095
2022-12-15,12.69,11.8,12.46,362.14,97.6,99.1,34.75,3.198
2022-12-16,12.16,10.29,35.24,319.3,96.7,99.2,23.14,2.279
2022-12-17,11.3,8.81,20.56,317.51,96.5,98.7,16.69,2.19
2022-12-18,10.18,6.33,41.17,297.17,95,99,5.1,0.759
2022-12-19,11.1,9.83,11.18,345.9,95,97.5,40.28,2.378
2022-12-20,10.31,6.35,31.03,300.48,91.6,97.7,1.33,2.619
2022-12-21,7.73,1.81,35.88,269.51,91,98,0,0.755
2022-12-22,8.23,5.96,25.9,311.82,88.9,99.9,0.06,0.774
2022-12-23,6.31,3.19,23.24,298.97,87.4,101.4,0,0.943
2022-12-24,10.01,2.34,16.98,314.92,91.3,101.1,0.74,0.94
2022-12-25,8.24,3.39,35.2,282.71,87.6,101.6,0,1.473
2022-12-26,12.09,1.85,23.86,304.04,88.1,100.4,14.51,2.428
2022-12-27,7.9,0.89,22.43,295.15,89.4,100.8,0,1.754
2022-12-28,11.67,7.8,20.88,327.94,76.3,99.5,0,4.063
2022-12-29,11.08,5.32,28.54,310.57,86.2,99.8,2.16,2.857
2022-12-30,10.89,4.95,26.34,291.28,69.4,99.6,0.28,3.598
2022-12-31,9.09,2.98,29.27,280.19,72,100.1,0,2.769
2023-01-01,7.28,1.01,32.18,269.95,74.7,100.6,0,1.939
2023-01-02,9.86,1.16,13.5,308.72,91.5,100.4,6.47,1.696
2023-01-03,9.73,4.38,34.68,311.47,91.5,100.8,1.24,0.592
2023-01-04,9.45,5.2,39.13,303.91,90.4,100.7,0,1.684
2023-01-05,8.29,6.13,24.65,318.4,93.1,100.3,0.7,1.64
2023-01-06,8.61,5.64,21.05,328.44,95.2,99.8,1,2.123
2023-01-07,10.33,8,24.73,335.47,91.9,98.3,24.59,2.703
2023-01-08,8.06,5.38,26.45,304.21,82.8,97.6,3.7,1.601
2023-01-09,9.32,5.86,13.23,325.68,89.3,96.3,18.08,3.841
2023-01-10,8.68,4.81,40.64,280.84,83.6,97.9,1.5,3.259
2023-01-11,7.95,4.34,23.41,288.75,84.1,98.1,8.03,1.916
2023-01-12,7.19,4.2,37.94,273.45,83.3,98.9,0,2.27
2023-01-13,10.76,3.21,10.62,311.29,91,99.1,15.15,2.005
2023-01-14,8.84,5.03,52.1,267.68,77.9,99.1,0,3.486
2023-01-15,12.15,5.4,9.74,311.64,86.3,99.1,10.27,3.642
2023-01-16,6.26,4.61,38.61,274.27,71.5,98.9,0.83,4.299
2023-01-17,7.79,2.7,49.68,268.05,75.2,98.5,0,2.465
2023-01-18,6.2,2.52,44.25,274.43,85,98.6,0.09,1.938
2023-01-19,4.87,0.87,46.88,276.44,79.2,100,0.21,0.745
2023-01-20,5.43,-1.57,47.33,271.25,79.8,100.5,0,1.459
2023-01-21,6.05,1.48,7.71,302.5,78.6,98.6,24.12,4.109
2023-01-22,5.95,1.35,27.71,280.69,88,97.9,3.99,0.836
2023-01-23,10.1,-3.15,22.07,284.96,95.1,97.7,5.02,1.234
2023-01-24,10.13,4.3,34.4,307.53,84.6,96.8,15.97,2.635
2023-01-25,7.09,2.22,38.02,281.22,80.8,96.6,8.8,2.916
2023-01-26,9.19,5.88,37.6,290.81,82,97,2.16,2.776
2023-01-27,11.99,6.28,12.29,324.69,90.6,97.4,20.1,2.697
2023-01-28,10.5,8.43,33.77,319.65,81.8,96.9,8.68,3.922
2023-01-29,9.79,7,55.54,304.38,83,97.3,18.25,3.147
2023-01-30,10.41,4.78,68.94,295.38,82.2,98.8,14.06,2.341
2023-01-31,12.42,9.28,38.84,336.15,84.9,97.3,38.1,4.19
2023-02-01,9.35,5.98,32.82,304.32,73.9,98.3,2.33,5.339
2023-02-02,7.63,4.55,52.07,278.39,76.4,100.4,0,3.001
2023-02-03,9.37,3.55,54.91,289.12,82.4,101.6,0,1.298
2023-02-04,9.35,6.68,42.01,311.12,79.5,100.6,6.4,1.997
2023-02-05,8.86,2.83,49.11,284.62,87.8,100.3,0.06,1.197
2023-02-06,10.38,2.21,36.84,317.74,95.2,100.2,9.19,1.429
2023-02-07,10.68,3.79,78.88,272.04,77.8,99.2,2.72,2.881
2023-02-08,4.96,0.12,40.32,266.05,84.9,99.9,7.61,1.733
2023-02-09,10.55,-1.29,45.21,303.9,91.3,100.3,5.19,1.502
2023-02-10,10.55,4.18,83.03,279.59,75.2,100.6,0.62,3
2023-02-11,9.83,4.66,28.39,299,91.4,100,5.54,2.727
2023-02-12,6.71,3.62,47.21,285.65,80.4,98.9,1.61,3.069
2023-02-13,6.84,1.83,59.45,267.61,84.8,98.3,0.68,2.071
2023-02-14,5.23,0.15,69.76,266.59,74.8,99.4,0,0.653
2023-02-15,5.05,-2.75,103.02,239.95,69.2,101.3,0,0.646
2023-02-16,6.86,-3.05,40.54,287.19,83.3,101.1,8.12,1.868
2023-02-17,7.35,2.54,73.52,275.92,83.8,101.3,0,1.932
2023-02-18,11.47,4.63,24.32,329.51,92.8,100.3,20.86,2.994
2023-02-19,8.53,5.24,100.59,276.71,74,99.3,3.37,4.432
2023-02-20,10.94,4.67,39.2,320.24,90.2,100.2,3.43,2.893
2023-02-21,11.18,7.57,34.68,339.53,93.7,99.9,5,3.145
2023-02-22,8.86,3.49,62.42,295.49,84.9,100,2.21,3.376
2023-02-23,9.19,3.63,79.23,291.04,79.1,100.5,15.8,2.997
2023-02-24,11.14,6.78,25.98,333.48,90.1,98.7,15.43,3.978
2023-02-25,7.07,0.93,73.37,270.48,75.1,99.1,0,1.648
2023-02-26,6.01,-1.47,90.79,258.91,78.5,100.3,0,2.708
2023-02-27,6.17,0.84,54.39,291.01,85.6,100.2,7.28,5.102
2023-02-28,9.65,4.4,108.65,297.99,91,99.9,22.01,1.603
2023-03-01,10.23,4.68,89.52,303.09,90,100.5,7.5,1.83
2023-03-02,9.86,3.05,76.44,307.59,92.4,100.9,2.33,1.614
2023-03-03,8.94,5.88,67.89,319.03,86.7,100.8,0,0.364
2023-03-04,9.98,4.84,38.45,322.49,94.9,100.4,10.37,0.21
2023-03-05,9.04,1.04,148.01,251.52,78.3,101.1,0,0.861
2023-03-06,10.33,5.77,71.35,320.61,82.2,100.1,0,3.298
2023-03-07,10.46,7.83,69.48,325.37,78.9,99.9,2.59,2.942
2023-03-08,9.99,6.6,151.11,285.69,70.8,100.8,0.79,1.728
2023-03-09,11.39,6.43,50.65,335.24,93.8,100.3,5.32,1.664
2023-03-10,9.76,4.62,114.03,287.39,82.8,100,4.31,2.922
2023-03-11,8.83,4.18,115.99,278.6,69.6,100.4,1.32,3.572
2023-03-12,8.72,2.16,140.63,268.66,68.1,100.9,0,2.163
2023-03-13,8.62,0.72,112.18,281.15,74.8,101,0,2.262
2023-03-14,9.92,6.19,106.15,301.53,63.5,99.8,0,5.241
2023-03-15,11.01,7.38,44.35,339.04,98.1,99,6.06,1.083
2023-03-16,9.34,6.27,43.44,319.75,90.7,98,22.43,2.037
2023-03-17,8.46,2.92,152.93,267.68,69,98.2,0,3.583
2023-03-18,10.9,1.62,24.74,302.74,85.9,98.1,22.5,1.98
2023-03-19,9.74,6.44,101.68,313.98,80,97.3,8.22,4.883
2023-03-20,12.62,5.45,139.79,301.52,78.5,99.6,1.76,2.156
2023-03-21,11.68,7.69,56.94,346.05,99.2,99.4,20.42,1.537
2023-03-22,11.67,6.27,122.32,300.07,82.2,98.8,18.77,1.312
2023-03-23,10.22,5.09,139.1,283.38,80,99.3,4.47,1.586
2023-03-24,11.84,8.52,55,348.97,97.8,98.9,12.97,1.986
2023-03-25,10.86,9.53,63.86,344.51,98.5,99.7,6.79,1.374
2023-03-26,16.63,10.21,140.19,327.4,91.7,100.1,0.25,1.496
2023-03-27,14.77,7.06,168.44,297.9,90.7,100.2,0,0.693
2023-03-28,16.99,7.45,175.71,311.27,90.4,100.4,0,0.993
2023-03-29,16.03,6.07,188.59,287.6,84.1,100.9,0,1.404
2023-03-30,14.96,4.97,196.39,285.63,87.7,101.4,0,0.09
2023-03-31,16.56,5.42,185.72,291.7,83,101.2,0,0.553
2023-04-01,13.55,5.18,203.99,272.61,84.8,100.7,0,2.006
2023-04-02,11.7,5.82,142.02,293.99,77.9,100.2,0,1.647
2023-04-03,11.93,8.36,130.84,330.75,87.5,99.8,3.25,1.211
2023-04-04,13.71,9.69,98.25,342.55,86.4,99.6,2.19,2.78
2023-04-05,11.82,7.98,173.37,301.8,77.7,99.3,2.95,1.432
2023-04-06,10.54,6.37,104.02,311.3,77.9,99.5,2.09,1.997
2023-04-07,9.67,4.94,90.5,306.18,88.1,99.5,2.04,1.04
2023-04-08,11.13,3.88,136.61,307.75,82.8,99.5,2.2,4.455
2023-04-09,8.65,2.54,117.02,291.12,81.2,99.5,0.2,0.486
2023-04-10,10.81,3.38,111.21,299.15,81.8,99.4,8.73,2.077
2023-04-11,14.73,6.37,109.44,327.37,91.8,100.5,1.82,1.126
2023-04-12,13.38,6.74,97.05,319.37,92.7,100.9,1.03,1.093
2023-04-13,11.82,3.43,204.68,273.17,74.3,100.7,0,3.574
2023-04-14,12.67,5.33,162.64,301.01,76,100.4,0,3.067
2023-04-15,11.96,3.79,179.92,279.29,81.9,100.5,0,1.396
2023-04-16,11.04,5.79,171.44,301.98,74.7,100.3,0,1.97
2023-04-17,12.4,5.8,114.45,310.65,85.4,99.7,2.69,1.398
2023-04-18,13.85,6.23,234.18,282.82,73.5,100,0.33,2.089
2023-04-19,12.98,6.08,175.67,308.63,79.6,100.4,0.84,0.833
2023-04-20,14.33,9.64,122.73,349.31,97.9,100.2,4.9,0.955
2023-04-21,15.65,10.3,172.36,333.23,82.7,99.7,1.63,2.652
2023-04-22,14.38,10.4,173.42,321.31,90.6,99,4.15,1.06
2023-04-23,14.69,8.45,186.13,305.61,82.7,99.5,0.03,2.6
2023-04-24,15.42,5.88,226.89,282.63,84.7,99.7,0,0.694
2023-04-25,16.49,6.79,204.29,307.06,78,99.1,0,3.562
2023-04-26,15.07,8.97,175.82,323.38,78.4,99.2,0,2.713
2023-04-27,14.07,7.95,183.33,319.79,71.7,99.1,0,0.832
2023-04-28,11.72,5.71,183.98,290.71,73.4,99.1,2.08,1.948
2023-04-29,9.52,2.49,202.32,279.67,69.9,99.9,2.99,1.093
2023-04-30,10.54,3.56,166.54,291.71,70.4,100.3,0,1.438
2023-05-01,9.93,4.48,109.87,322.16,88.3,100.7,5.33,2.084
2023-05-02,12.38,7.01,201.01,299.09,75.1,101.2,0.39,2.745
2023-05-03,13.93,7.39,182.89,312.63,71,101.3,0,2.157
2023-05-04,16.16,8.63,285.4,286.95,76.5,101.3,0,0.947
2023-05-05,18.39,6.79,298.12,281.44,77.1,101.2,0,0.633
2023-05-06,21.49,7.27,273.3,304.75,75.9,100.9,0,1.446
2023-05-07,18.66,12.87,195.81,330.92,81.4,99.8,0,1.05
2023-05-08,18.61,10.08,246.78,310.37,72.5,99.6,0,1.267
2023-05-09,16.5,7.02,287.62,274.23,74.1,99.9,0,0.385
2023-05-10,18.33,6.5,271.03,302.38,77.6,99,0,1.602
2023-05-11,17.29,10.12,142.74,350.51,90.9,97.8,6.9,0.783
2023-05-12,14.39,9.87,193.96,317.7,78.7,98.5,0.62,2.503
2023-05-13,16.01,10.69,135.43,355.76,88.9,98.8,5.73,2.192
2023-05-14,15.5,9.17,223.93,321.71,70,99.4,0.01,3.727
2023-05-15,13.59,7.78,170.78,315.27,72.7,99.9,1.24,2.848
2023-05-16,12.14,7.46,182.6,308.17,70.2,99.8,0,0.993
2023-05-17,13.31,7.76,150.21,313.86,74.3,99.9,0,1.741
2023-05-18,15.21,7.65,198.74,301.86,85.4,100.1,4.17,2.372
2023-05-19,17.06,8.62,289.13,284.87,63.1,100.3,0,4.938
2023-05-20,16.79,7.46,281.21,276.11,55.1,100.4,0,4.705
2023-05-21,18.57,6.82,296.69,286.65,63.7,100.8,0,3.772
2023-05-22,17.54,8.04,316.6,287.29,61.9,100.9,0,1.55
2023-05-23,17.16,7.38,266.03,291.31,71.2,100.8,0,0.035
2023-05-24,18.24,7.85,232.18,311.42,75.2,100.9,0.85,0.068
2023-05-25,17.73,9.65,215.4,316.5,80.4,101.1,1.54,0.382
2023-05-26,20.33,9.71,248.94,310,80.1,101.3,0.51,0.659
2023-05-27,21.8,12.32,271.96,321.27,82.2,101.4,0.39,0.178
2023-05-28,22.29,11.45,244.04,329.81,81.1,101.4,3.17,1.543
2023-05-29,19.51,10.89,322.4,293.68,65.7,101.4,0,3.913
2023-05-30,19.55,7.91,339.69,274.67,66.2,101.4,0,2.758
2023-05-31,18.93,8.21,309.5,289.73,71.8,101.1,0,2.171
2023-06-01,18.3,8.51,280.01,304.79,77.4,100.9,0,1.585
2023-06-02,19.67,9.43,299.84,302.57,73.3,100.4,0,1.735
2023-06-03,18.58,8.77,256.93,306.22,67,100.4,0,2.558
2023-06-04,18.92,7.68,285.64,289.56,61.4,100.5,0,1.343
2023-06-05,20.37,10.83,268.42,311,67.1,100.2,2.71,0.47
2023-06-06,17.96,10.93,202.39,330.31,76.4,99.9,7,1.467
2023-06-07,15.01,9.48,171.3,323.2,83.2,99,8.62,0.937
2023-06-08,13.32,9.89,76.7,337.08,91.9,97.9,27.75,2.382
2023-06-09,17.7,9.63,246.93,308.38,74.8,98.8,1.96,1.593
2023-06-10,15.44,9.07,199.82,317.25,79.9,99.4,3.73,2.056
2023-06-11,15.7,7.75,222.3,305.79,70,100.3,0,0.593
2023-06-12,16.37,8.11,238.79,317.76,74.9,100.8,0.06,0.874
2023-06-13,19.86,12.77,238.46,332.99,79.4,101,0.09,1.291
2023-06-14,21.33,11.59,260.61,325.42,78.1,101.2,0,0.429
2023-06-15,23.42,12.93,264.61,339.51,76.9,101.1,0,0.566
2023-06-16,22.82,12.51,298.87,330.65,73.7,101,0,0.871
2023-06-17,23.7,14.21,326.22,326.36,76.7,101.2,0,0.111
2023-06-18,25.96,13.76,298.4,335.66,73.9,101.4,0,0.556
2023-06-19,25.92,13.88,319.51,325.67,69.9,101.2,0,1.269
2023-06-20,22.63,15.73,244.55,345.15,74.9,101,0,1.895
2023-06-21,21.88,13.47,303.85,320.64,66.4,101.2,0,0.564
2023-06-22,24.89,13.58,342.08,308.98,69.9,101.2,0,1.323
2023-06-23,22.93,13.53,326.65,313.57,75.2,101.2,0,1.218
2023-06-24,22.47,12.45,339.86,300.14,72.6,101.4,0,0.62
2023-06-25,24.88,12.43,328.07,312.02,73.2,101,0,0.82
2023-06-26,24.57,14.51,320.93,316.32,68.9,100.7,0,0.424
2023-06-27,24.19,13.56,299.65,319.26,71.1,100.9,0,1.364
2023-06-28,25.06,12.4,304.4,320.16,75.7,101.1,0,1.053
2023-06-29,25.22,12.94,313.57,318.66,73.9,101.1,0,0.675
2023-06-30,26,12.09,336.15,313.75,74.1,101,0,1.287
2023-07-01,29.35,14.36,345.82,320.19,55.3,100.8,0,3.175
2023-07-02,28.75,15.71,345.8,314.21,50.1,100.6,0,2.652
2023-07-03,30.11,15.33,342,320.01,47.1,100.7,0,2.977
2023-07-04,29.92,16.02,348.19,319.43,48.4,100.8,0,2.931
2023-07-05,30.36,15.05,347.42,317.05,50.1,100.7,0,2.578
2023-07-06,29.1,16.07,342.39,322.65,57.3,100.6,0,3.836
2023-07-07,28.2,18.04,319.82,339.55,63.3,100.3,0,3.236
2023-07-08,29.94,17.91,323.41,344.88,64.5,100,0.67,0.297
2023-07-09,23.7,16.97,274.42,343.85,78.4,100,5.16,2.088
2023-07-10,22.98,17.14,265.3,338.77,64.8,100.6,0,0.62
2023-07-11,22.39,14.32,196.81,338.91,66.5,100.9,1.2,0.832
2023-07-12,24.42,17,207.52,359.31,67.6,101,0,0.539
2023-07-13,25.82,14.66,279.4,333.62,72.7,101.3,0,0.241
2023-07-14,26.17,14.06,282.71,333.37,75.4,101.1,0,0.398
2023-07-15,26.83,15.57,277.74,339.78,64.9,100.3,0,0.815
2023-07-16,27.33,16.52,314.81,326.14,57.7,99.7,0,4.354
2023-07-17,27.22,15.1,286.93,334.22,58,99.8,0.45,4.623
2023-07-18,24.56,14.88,214.03,357.23,72,99.5,6.33,4.503
2023-07-19,18.9,14.05,107.75,359.37,91.1,99.1,4.91,1.217
2023-07-20,22.3,13.8,205.22,344.67,72.6,99.8,1.84,0.613
2023-07-21,23.87,13.45,254.56,321.48,66.4,100.5,0.64,1.156
2023-07-22,21.84,11.82,244.6,319.6,78.4,100.2,3.82,1.281
2023-07-23,24.09,14.69,241.38,341.3,76.5,99.2,0.89,2.431
2023-07-24,21.13,14.45,241.7,332.69,75.4,98.3,3.39,2.386
2023-07-25,20.8,14.31,193.26,339.91,70.3,99,0.44,1.068
2023-07-26,20.32,12.99,177.94,328.3,68.8,99.9,0.39,1.019
2023-07-27,21.71,12.33,271.26,309.21,63.7,100.5,0,0.913
2023-07-28,23.64,13.32,231.68,337.09,74.4,100.6,0,0.376
2023-07-29,25.68,13.31,266.66,326.52,71.1,100.5,0,0.391
2023-07-30,24.26,14.98,271.82,331.9,81.4,100.7,0,0.668
2023-07-31,25.36,14.05,283.12,327.42,77.7,100.8,0,0.563
2023-08-01,26.46,13.11,294.49,323.01,74,100.9,0,1.449
2023-08-02,25.56,14.07,296.93,315.28,70.5,100.9,0,1.808
2023-08-03,24.32,12.54,279.05,318.8,77.3,100.8,0,0.878
2023-08-04,24.22,11.32,250.09,319.57,78.8,100.6,0,0.409
2023-08-05,25.92,12.58,245.69,330.12,69.7,100.5,0,0.22
2023-08-06,25.58,13.17,273.05,326.71,68.6,100.8,3.32,0.515
2023-08-07,26.39,15.62,272.92,326.22,63.7,101.1,0,0.446
2023-08-08,25.7,16.06,282.99,321.58,59.2,101.1,0,0.496
2023-08-09,27.21,16.26,251.39,342.21,63.8,100.9,0,0.362
2023-08-10,27.03,15.58,253.09,340.06,73.8,100.7,0,0.427
2023-08-11,27.56,14.25,242.03,337.58,69.9,100.5,0.01,0.984
2023-08-12,26.86,16.06,252.39,334.9,68.1,100.3,0,0.32
2023-08-13,23.21,16.22,168.82,350.27,79.7,100.7,0.74,1.327
2023-08-14,25.77,14.69,240.37,339.27,75.9,100.7,0.5,0.798
2023-08-15,23.62,15.06,201.26,351,84.9,100.2,11.25,1.096
2023-08-16,23.85,14.69,248.15,329.79,73.5,100,9.91,1.481
2023-08-17,22.95,15.06,197.18,342.44,76.7,100.2,3.45,1.598
2023-08-18,23.82,16.61,181.27,347.43,72.4,100.3,0.68,2.257
2023-08-19,24.08,16.88,190.26,363.6,88.9,100.5,2.44,1.733
2023-08-20,25.4,18.8,235.44,367.32,84.2,100.7,0.15,1.441
2023-08-21,23.81,16.93,147.71,363.39,90.1,100.6,2.19,0.976
2023-08-22,23.24,16.02,178.12,339.25,75.5,100.4,1.95,1.632
2023-08-23,23.39,12.93,194.01,326.82,71.7,100.8,0,0.935
2023-08-24,22.13,12.7,220.9,335.08,80.5,100.1,6.25,2.254
2023-08-25,22.3,14.62,228,311.27,65.2,99.7,0,2.961
2023-08-26,21,12.52,206.62,307.35,62,100.2,0,2.132
2023-08-27,21.05,10.51,197.21,311.34,67.8,100.1,0,0.947
2023-08-28,21.03,11.31,150.9,336.56,76.3,99.1,0.63,1.021
2023-08-29,22.39,13.99,184.48,337.95,81.6,99,12.93,0.945
2023-08-30,20.7,11.81,214.31,309.92,67.5,99.7,0,1.321
2023-08-31,21.43,11.27,164.97,323.06,74.6,99.6,3.67,1.694
2023-09-01,22.15,10.74,116.7,337.22,81.6,99.6,7.3,2.163
2023-09-02,20.08,14.05,182.04,321.46,67.8,99.9,0,3.17
2023-09-03,19.8,13.53,191.61,327.57,73.8,99.5,9.64,2.788
2023-09-04,18.99,11.6,142.87,317.23,70.8,100.5,0,1.68
2023-09-05,20.09,12.77,56.67,357.34,90.2,100.1,11.79,1.942
2023-09-06,19.45,11.44,199.11,309.68,82.6,100.8,0,0.171
2023-09-07,20.18,11.06,162.43,328,80.5,100.9,0,0.573
2023-09-08,22.2,11.97,197.77,318.85,81.2,101.1,0,0.407
2023-09-09,21.14,12.05,165.47,330.28,82.1,101,0,0.333
2023-09-10,22.15,11.84,204.81,320.01,82.6,100.7,0,0.135
2023-09-11,23.48,13.83,212.91,317.77,76.6,100.6,0,0.371
2023-09-12,20.78,14.14,159.31,336.17,79.1,100.4,0,1.291
2023-09-13,22.58,15,164.61,346.59,84.9,100.5,0,1.516
2023-09-14,21.39,13.96,189.99,330.31,81.7,100.9,0,1.033
2023-09-15,20.33,12.94,121.52,340.26,89.8,101.1,0.69,0.187
2023-09-16,21.6,12.81,179.99,333.26,80.4,100.6,0,1.904
2023-09-17,23.51,14.55,173.58,348.7,77.5,100.3,2.6,0.649
2023-09-18,20.08,12.73,164.59,320.21,65.2,100.8,0,1.255
2023-09-19,19.74,10.3,149.91,320.22,78.7,100.9,0,1.143
2023-09-20,18.86,13.88,80.98,360.42,86.4,100.7,1.92,0.858
2023-09-21,18.2,12.06,112.99,350.53,80.5,100.9,0.71,0.501
2023-09-22,21.92,13.13,125.23,366.02,89.4,100.5,1.02,1.601
2023-09-23,22.99,16.93,146.74,352.18,87,100.9,0,1.03
2023-09-24,22.5,14.82,139.16,344.72,88,101.1,0,0.383
2023-09-25,20.51,12.58,86.92,345.68,86.9,100.9,1.57,0.714
2023-09-26,19.29,11.33,131.79,316.86,80.2,100.7,0,0.172
2023-09-27,20.55,10.2,167.01,305.06,80.4,100.2,0,1.294
2023-09-28,17.83,11.21,111.97,341.2,87.9,99.7,0,0.465
2023-09-29,20.34,13.77,113.42,354.9,88.8,98.4,4.74,1.809
2023-09-30,16.19,10.75,117.86,299.89,64.4,98.9,0.86,3.083
2023-10-01,16.65,12.48,61.29,347.77,76.5,98.8,18.4,2.263
2023-10-02,15.71,9.58,110.51,303.95,74.7,98.4,1.29,1.995
2023-10-03,13.63,8.35,86.69,296.18,76.2,98.6,1.21,2.103
2023-10-04,16.2,8.35,51.48,335.31,79.7,98.8,5.39,2.927
2023-10-05,17.92,13.85,124.97,346.31,75.8,98.6,9.72,3.759
2023-10-06,18.84,15.04,50.34,382.38,95.5,99,13.8,3.067
2023-10-07,17.42,11.93,120.84,316.32,77.4,99.5,1.14,2.925
2023-10-08,16.46,10.7,124.19,303.35,74.4,100.2,2,2.193
2023-10-09,14.17,8.6,109.91,309.16,75.2,99.6,17.02,2.788
2023-10-10,13.39,4.89,116.43,271.68,74.6,100.3,0,1.553
2023-10-11,11.78,4.72,119.93,281.75,76.2,100.7,0,1.192
2023-10-12,10.68,4.62,116.73,282.18,71.7,101,0,0.699
2023-10-13,11.62,5.66,131.98,283.18,70.2,101.3,0,0.473
2023-10-14,12.03,5.17,113.13,286.05,75.6,101.1,0,0.982
2023-10-15,11.94,4.43,133.04,268.72,72.8,100.6,0,1.591
2023-10-16,14,4.68,106.37,291.49,76.2,100.1,0,0.384
2023-10-17,13.44,6.3,67.42,320.59,84,99.1,0.88,0.986
2023-10-18,14.81,8.73,71.55,338.43,95.5,99.6,1.74,0.98
2023-10-19,15.48,10.16,87.05,334.92,89.1,100.3,0,1.563
2023-10-20,14.6,8.9,62.72,328.3,86.3,100.4,0,3.148
2023-10-21,12.43,5.78,120.99,277.5,83.9,100.4,0,0.281
2023-10-22,13.07,6.92,71.51,314.42,71.9,100,0,0.911
2023-10-23,8.27,1,120.92,231.3,58.6,101,0,0.631
2023-10-24,8.99,-1.37,94.89,254.19,80.6,101.7,0,0.205
2023-10-25,10.94,-0.25,79.99,289.42,77.8,101.9,0,0.467
2023-10-26,12.16,5.96,63.7,321.45,75.2,101.8,0,1.112
2023-10-27,14.54,7.35,71.78,311.39,84.4,101.2,0.01,1.593
2023-10-28,10.63,4.94,66.85,286.38,78.8,101.5,0,1.908
2023-10-29,11.9,3.42,91.07,282.9,83.3,101.6,0,1.149
2023-10-30,11.83,1.61,96.88,275.85,87.6,101.2,0,0.124
2023-10-31,11.86,1.56,84.59,286.24,88.1,101,0,0.238
2023-11-01,11.9,1.51,72.5,298.93,88.7,100.8,0,0.38
2023-11-02,11.34,8.24,70.73,325.34,82.1,101.2,0.7,3.34
2023-11-03,9.4,2.8,92.89,260.4,69.3,101.8,0,3.72
2023-11-04,8.89,1.35,94.46,245.65,82.2,102,0,2.975
2023-11-05,11.32,1.44,69.34,278.68,94.8,101.7,0,0.9
2023-11-06,9.31,1.96,54.09,300.58,88.6,100.9,0.18,0.436
2023-11-07,9.57,3.96,51.03,305.32,84,100.2,0.47,0.622
2023-11-08,9.15,5.24,55.35,296.86,86.3,99.9,1,1.176
2023-11-09,7.71,3.56,55.31,291.99,89,100.1,0.27,1.973
2023-11-10,8.17,0.4,44.74,276.84,95.1,99.9,0.89,0.4
2023-11-11,6.84,-0.28,54.82,280.71,88.8,99.7,0,0.775
2023-11-12,8.96,-2.28,71.96,270.9,85,99.1,0.72,0.745
2023-11-13,9.53,7.75,25.5,329.26,81.4,97.7,2.72,3.926
2023-11-14,8.27,4.29,20.72,318.65,81.6,97.9,4.17,6.49
2023-11-15,8.73,4.93,30,324.72,93.5,98.1,2.84,5.183
2023-11-16,7.58,4.65,45.84,308.16,88,98.8,1.45,1.923
2023-11-17,8.82,4.45,32.75,317.72,97.5,98.7,3.15,0.383
2023-11-18,5.73,3.29,37.33,307.12,90.7,98.4,0,1.763
2023-11-19,7.41,1.7,35.13,295.06,93.4,98.6,0.53,1.185
2023-11-20,6.72,1.71,42.29,288.72,95.3,99.7,0.72,1.199
2023-11-21,7.65,3.38,41.6,287.02,94,100.5,0,1.347
2023-11-22,7.27,3.48,25.7,310,95.9,100.5,0.12,0.355
2023-11-23,10.88,1.78,37.79,304.01,91.4,100.1,0,1.495
2023-11-24,9.41,6.96,13.52,329.57,98.8,99.4,9.55,0.296
2023-11-25,10.98,7.14,25.45,334.98,98.8,99,4.88,0.252
2023-11-26,10.61,6.99,25.5,331.24,99.4,98.8,10.09,2.023
2023-11-27,8.3,4.11,32.92,304.65,91.9,99.4,1.33,1.813
2023-11-28,7.49,0.38,53.57,245.98,76.4,100.9,0,0.656
2023-11-29,4.88,-1.15,59.87,228.11,78,101.7,0,0.508
2023-11-30,5.11,-1.44,32.28,274.93,87.2,102,0,1.123
2023-12-01,4.8,0.86,43.54,270,81.6,101.9,0,1.822
2023-12-02,2.26,-0.98,42.54,246.49,81.6,101.9,0,3.891
2023-12-03,4.65,-0.9,38.79,278.93,81.3,101.7,0,4.316
2023-12-04,2.45,-0.58,29.24,287.23,82.5,101.2,0,3.964
2023-12-05,7.29,0.34,24.91,300.81,92.8,100.4,1.68,4.656
2023-12-06,11.31,7.28,16.3,343.9,98.1,98.8,24.08,2.349
2023-12-07,12.12,8.45,38.93,323.94,94.5,97.5,20.33,1.771
2023-12-08,10.6,6.3,34.2,287.84,92.7,98.6,2.96,2.2
2023-12-09,9.11,5.41,34.68,290.96,89.8,97.7,0,1.859
2023-12-10,7.7,4.18,7.19,295.32,92.3,97.1,8.85,1.83
2023-12-11,8.43,2.37,44.87,289.72,90.2,98.9,0.79,1.134
2023-12-12,11.43,6.26,4.97,330.09,90.5,98.4,26.95,1.787
2023-12-13,9.69,5.39,46.86,274.39,83.4,99.3,0,2.246
2023-12-14,11.02,6.23,18.93,298.49,85.2,100.1,1.81,3.264
2023-12-15,9.17,3.22,35.78,285.79,66,100.9,0,1.84
2023-12-16,9.97,1.79,21.91,305.38,93.8,101.7,1.38,1.165
2023-12-17,8.97,3.14,17.67,312.09,100,101.7,0.53,0.12
2023-12-18,9.55,4.21,17.1,321.52,98.9,101.3,9.59,1.276
2023-12-19,9.78,7.23,11.52,341.73,100,100.6,7.61,0.371
2023-12-20,9.23,5.17,11.52,316.38,98.5,99.9,7.21,0.979
2023-12-21,9.81,0.94,14.38,290.64,94.7,99,6.62,1.42
2023-12-22,9.18,5.71,38.91,288.6,68.5,99,7.12,3.007
2023-12-23,11.37,6.81,16.34,320.62,75.2,98.1,10.68,4.581
2023-12-24,9.11,3.82,37.64,272.9,61.1,99.9,0,4.652
2023-12-25,11.81,2.14,15.68,325.85,87.3,100.7,9.91,1.627
2023-12-26,13.3,11.72,16.95,361.53,96.1,99.6,15.76,2.805
2023-12-27,12.35,7.55,8.71,347.88,97,99.5,15.51,3.216
2023-12-28,9.49,6.4,29.81,289.72,79.7,100.6,0.82,3.257
2023-12-29,9.71,6.43,37.56,279.07,92,101.2,0,1.887
2023-12-30,8.52,6.25,42.3,294.73,91.3,100.5,0,0.935
2023-12-31,9.93,5.98,29.46,312.82,95,100.2,4.76,0.932
2024-01-01,11.34,5.71,16.82,333.15,98.7,99.8,9.47,0.975
2024-01-02,6.09,-0.08,31.06,271.94,81.7,101.5,0,0.615
2024-01-03,7.94,-0.01,29.73,287.95,85.2,102.1,0,1.982
2024-01-04,8.29,6.06,26.14,319.76,92.5,100.9,0.37,2.454
2024-01-05,7.86,4.69,39.61,282.91,80.9,99.2,2.31,3.068
2024-01-06,9.22,2.31,27.55,300.57,88.9,100.3,0,1.927
2024-01-07,11.12,8.69,24.06,333.96,93.9,100.8,0.01,2.357
2024-01-08,10.32,8.76,20.62,340.1,93,100.5,3.53,2.976
2024-01-09,10.25,8.8,15.42,339.1,93.9,99.7,7.48,2.429
2024-01-10,10.04,4.3,10.54,315.16,96.2,99,14.47,1.239
2024-01-11,8.8,5.53,7.29,331.17,99.3,99,26.73,2.245
2024-01-12,9.19,5.39,40.19,311.59,98.4,99.3,0.04,1.918
2024-01-13,8.11,4.1,34.77,311.21,97.5,100.5,0,0.39
2024-01-14,9.55,1.95,49.66,292.36,94.9,101.2,0,1.001
2024-01-15,10.58,7.94,26.96,335.34,97.3,101.1,1.27,2.119
2024-01-16,11.28,4.56,35.16,321.13,94.3,101.1,0.32,1.46
2024-01-17,11.53,4.37,30.29,332.16,97.4,101.1,1.32,0.89
2024-01-18,10.17,8.76,20.06,343.43,96.9,100.1,6.37,1.838
2024-01-19,10.32,4.67,58.22,273.51,82.4,100,0.53,2.704
2024-01-20,9.19,4.16,53.92,282.19,76.3,100.8,0,2.121
2024-01-21,9.87,7.13,30.5,306.49,77.8,100.8,0,2.079
2024-01-22,11.27,8.46,13.98,346.37,92.6,99.7,20.28,2.425
2024-01-23,11.26,6.85,62.61,291.13,79.6,99.6,11.01,3.215
2024-01-24,9.36,4.83,47.8,279.1,79.8,100.9,0,1.544
2024-01-25,11.72,6.24,20.53,334.92,97.1,99.6,6.17,1.02
2024-01-26,12.39,7.4,42.74,326.56,97.7,99.2,1.74,1.031
2024-01-27,7.35,2.03,63.36,272.03,85.9,100.1,0,2.303
2024-01-28,9.05,2.79,35.01,316.64,88.4,99.8,5.91,2.088
2024-01-29,9.1,3.68,16.39,326.19,97,99,7.12,2.912
2024-01-30,6.11,1.76,48.72,281.65,81.5,99,0.53,0.638
2024-01-31,5.12,-1.41,50.84,271.52,85.9,99.8,0.97,0.543
2024-02-01,8.75,-2.76,34.88,283.64,84.2,99.4,14.45,1.071
2024-02-02,8.65,3.36,43.74,303.72,91.4,98.2,8.6,2.085
2024-02-03,6.28,1.9,73.18,264.54,77.9,100.4,0.26,1.773
2024-02-04,5.07,2.26,53.96,272.77,75.8,100.7,0,0.788
2024-02-05,5.01,1.39,54.5,270.42,82.3,100.8,0,0.6
2024-02-06,4.73,-0.7,75.82,250.95,77.7,101.4,0,1.701
2024-02-07,8.43,-0.93,48.99,307.8,89.9,101.9,0.18,0.535
2024-02-08,8.22,5.07,59.15,315.89,93.3,101.8,0.21,0.427
2024-02-09,9.5,4.85,67.63,307.44,93.9,101.5,0.09,1.511
2024-02-10,6.67,4.72,51.92,314.08,91.2,101.7,0.88,0.265
2024-02-11,7.91,5.1,48.05,308.51,86.4,101.4,0,1.403
2024-02-12,9.28,5.96,51.95,311.55,89.3,100.8,0,2.125
2024-02-13,9.06,4.02,61.61,296.2,86.5,100.1,0,1.876
2024-02-14,6.26,-0.52,101.16,251.45,72.3,100.9,0,1.038
2024-02-15,8.09,3.03,83.59,292.45,76,100.4,0,2.041
2024-02-16,6.27,-0.02,102.18,248.4,74.3,101.4,0,0.394
2024-02-17,8.25,-0.13,61.26,287.23,85.7,101,1.48,1.621
2024-02-18,4.82,-0.02,59.55,270.71,84.9,101,0,1.506
2024-02-19,3.15,-2.86,109.54,229.22,76,101.3,0,2.01
2024-02-20,2.23,-1.39,62.02,272.95,77.6,100.6,0,2.41
2024-02-21,4.36,-0.75,71.14,290.31,80.7,99.9,0.61,3.44
2024-02-22,2.6,-0.8,55.23,287.05,83.9,99.9,0.88,1.34
2024-02-23,5.6,-1.14,93.33,284.04,87.2,99.4,2.17,0.756
2024-02-24,8.24,2.72,103.57,280.39,85.2,98.5,4.84,1.65
2024-02-25,7.25,3.02,88.69,284.95,78.8,99,1.92,1.542
2024-02-26,10.08,5.61,47.48,316.65,88.3,99,22.92,1.704
2024-02-27,11.47,6.36,94.63,310.53,84.2,98.5,3.13,3.029
2024-02-28,9.72,5.67,54.54,308.81,88.4,99,4.22,1.235
2024-02-29,9.95,4.86,37.78,321.49,94,98.5,10.91,0.653
2024-03-01,10.17,4.06,21.16,332.84,99.6,98.1,17.59,0.415
2024-03-02,4.73,0.46,75.16,281.85,78.6,99.3,19.1,1.025
2024-03-03,7.95,1.1,143.3,253.07,71.4,101.2,0,1.088
2024-03-04,10.96,4.91,23.97,329.47,83.8,99.9,35.21,2.024
2024-03-05,12.17,3.82,76.72,323.68,81.4,98.6,5.15,3.489
2024-03-06,10.04,3.04,40.99,325.49,89.3,99.7,10.3,1.872
2024-03-07,13.79,9.13,106.94,319.25,87.9,98.8,3.27,3.039
2024-03-08,12.03,8.76,84.02,334.1,95.6,99.7,5.02,1.479
2024-03-09,13.75,9.39,76.26,339.53,93,98.9,15.04,1.646
2024-03-10,13.67,10.13,88.89,337.31,87.7,98.1,10.62,2.121
2024-03-11,11.99,8.96,97.95,327.5,94.4,98.5,1.73,2.198
2024-03-12,11.35,8.06,111.45,294.52,88.6,99.2,2.16,2.267
2024-03-13,10.6,7.8,56.73,313.75,96,99.5,7.54,2.535
2024-03-14,10.8,7.03,81.44,316.64,90,98.6,18.99,3.262
2024-03-15,10.28,6.63,92.82,304.82,79.2,98.3,1.42,3.758
2024-03-16,9.79,5.7,103.94,295.8,77.9,100.1,1.21,2.811
2024-03-17,10.18,4.78,130.75,296.14,73.7,101,0,1.371
2024-03-18,10.9,8.59,57.39,337.15,96.3,100.4,0.94,1.864
2024-03-19,13.09,9.07,119.52,331.62,95,99.5,0,1.812
2024-03-20,12.98,9.42,59.8,344.53,97.2,98.8,13.86,2.47
2024-03-21,11.92,7.8,81.01,321.02,90,98.2,8.1,3.017
2024-03-22,9.95,5.76,135.41,278.72,72.7,98.4,1.85,3.774
2024-03-23,9.19,3.84,135.26,270.44,74.6,97.2,1.24,2.099
2024-03-24,8.93,2.31,88.62,309.63,90.9,97.6,17.5,1.154
2024-03-25,6.73,-0.1,138.88,258.14,71.8,99.2,1.52,0.466
2024-03-26,6.01,-2.61,142.57,247.13,63.1,99.9,0.3,2.112
2024-03-27,7.52,2.52,93.66,298.58,76.1,100.3,1.44,2.711
2024-03-28,9.97,5.62,57.07,319.59,90.2,99.2,14.11,3.179
2024-03-29,9.34,3.78,141.69,284.29,74.9,98.5,3.29,2.197
2024-03-30,7.81,1.3,114.08,285.31,77.8,99,10.11,0.614
2024-03-31,7.81,-1.85,113.11,268.39,83.3,99.4,0.73,1.002
2024-04-01,7.69,-0.74,218,229.44,60.8,99.4,0,1.461
2024-04-02,9.02,-1.11,208.69,240.3,66.1,100.6,0,1.675
2024-04-03,8.86,-1.79,157.82,273.53,71.3,101,0,3.4
2024-04-04,10.43,6.2,105.36,324.97,81.8,99.1,3.35,2.924
2024-04-05,11.7,8.44,52.42,340.83,97.3,97.9,23.5,1.978
2024-04-06,10.83,6.79,125.77,301.21,95.4,98,7.23,1.553
2024-04-07,9.68,4.75,111.61,303.94,84.9,98.2,7.14,1.869
2024-04-08,10.68,4.77,159.77,279.97,71.5,98.9,0.65,2.08
2024-04-09,11.35,6.79,155.3,308.25,84.5,99.1,15.61,2.78
2024-04-10,9.79,6.13,43.49,325.33,94.2,98.5,26.24,1.909
2024-04-11,8.85,4.01,92.45,291.44,89,97.9,4.68,0.724
2024-04-12,12.1,2.33,159.06,289.49,88,98.4,3.1,1.365
2024-04-13,9.68,7,66.69,331.01,97.3,98.2,13.3,1.577
2024-04-14,10.63,6.68,77.14,327.84,96,98.5,15.99,0.455
2024-04-15,14.58,6.79,203.38,301.9,77.5,99.8,0.6,1.906
2024-04-16,12.87,5.61,139.14,307.3,70.4,100.7,0,1.564
2024-04-17,13.12,5.53,148.69,316.09,87,100.3,3.55,1.242
2024-04-18,10.56,6.91,135.49,310.1,79.6,100.2,8.34,1.495
2024-04-19,10.49,6.44,92.88,309.38,85.3,100.4,1.51,2.434
2024-04-20,13.06,7.7,157.81,309.08,80,100.5,0,2.959
2024-04-21,14,7.81,158.33,321.77,83.4,100.6,0.21,3.176
2024-04-22,14.42,10.18,154.1,339.33,86,100.2,0.79,3.067
2024-04-23,13.04,7.59,134.4,337.91,94.5,99.6,8.71,2.788
2024-04-24,11.95,5.1,174.91,295.17,74.3,99.5,2.7,2.252
2024-04-25,10.49,4.79,136.93,295.15,72.1,99.7,0.9,1.731
2024-04-26,9.64,3.54,165.98,286.01,75.4,99.6,1.81,1.558
2024-04-27,11.49,6.17,136.32,323.06,90.4,98.4,13.49,2.011
2024-04-28,11.73,5.84,183.88,300.27,77.7,98.6,0.62,3.231
2024-04-29,9.09,5.13,75.4,311.81,90.4,98.9,11.38,0.466
2024-04-30,12.07,4.99,210.16,283.19,75.2,99,1.47,2.463
2024-05-01,11.07,5.63,122.83,309.08,85.3,99.1,22.66,1.316
2024-05-02,11.42,7.3,163.91,319.07,88.5,97.7,9.53,2.537
2024-05-03,11.62,7.12,135.11,320.76,80.8,99.1,22.62,3.067
2024-05-04,13.76,10.86,147.58,346.43,94.5,99.1,13.98,2.257
2024-05-05,13.9,10.76,93.76,349.11,96.2,99.4,10.91,1.574
2024-05-06,13.77,9.34,241.08,303.74,89.8,99.6,0.79,1.458
2024-05-07,14.22,6.16,212.1,291.17,80.3,100.2,2.68,1.496
2024-05-08,13.02,4.35,216.45,286.98,75.7,100.7,1.68,1.489
2024-05-09,16.03,8.07,209.86,319.92,79.2,100.4,4.48,1.743
2024-05-10,14.41,7.92,154.37,323.36,84.6,100.2,3.91,3.057
2024-05-11,14.56,8.24,252.64,288,73.7,100.2,0,3.002
2024-05-12,13.88,7.73,149.11,313.08,87.8,100.5,2.98,1.715
2024-05-13,11.56,7.25,158.65,308.28,69.8,100.5,0,2.107
2024-05-14,11.98,6.49,160.75,305.35,74.6,100.2,0.81,1.778
2024-05-15,11.96,6.05,173.53,303.37,69.2,100.5,0,1.59
2024-05-16,10.99,4.68,176.46,300.66,66.1,100.8,0,1.149
2024-05-17,14.05,4.15,171.61,307.95,86.5,100.6,3.83,1.412
2024-05-18,15.04,8.46,229.48,305.76,83,100.3,0,1.948
2024-05-19,16.86,5.6,279.93,282.21,76.8,100.7,0,0.775
2024-05-20,20.25,10.74,313.75,302.89,72.8,100.8,0,5.422
2024-05-21,21.41,12.67,210.82,341.96,78.4,100.3,0,2.999
2024-05-22,19.2,9.97,273.51,310.23,84.8,100,0,0.741
2024-05-23,16.32,6.71,233.1,291.89,78.8,100.3,0.75,1.53
2024-05-24,14.64,8.23,214.84,311.86,69,100.6,0,2.153
2024-05-25,15.12,9.01,249.79,301.52,70.5,100.7,0,2.146
2024-05-26,15.72,7.83,238.42,301.36,71.7,101.1,0,0.461
2024-05-27,15.73,6.42,237.82,308.18,80.4,100.9,0,0.749
2024-05-28,16.19,10.13,249.77,320.32,80.1,100.2,0,2.009
2024-05-29,12.09,7.99,179.89,307.25,63.3,100.4,0,2.151
2024-05-30,11.28,7.17,173.63,312.02,62.3,100.6,0,1.671
2024-05-31,11.22,6.74,175.45,310.22,68.1,100.4,0,1.091
2024-06-01,11.17,6.31,177.27,308.43,73.9,100.2,0,0.561
2024-06-02,12.6,5.87,180.73,297.73,85.5,100.4,1.13,0.501
2024-06-03,13.77,4.35,165.34,306.98,84,100,1.14,1.182
2024-06-04,14.87,10.57,107.68,357.11,96.5,98.9,22.85,2.173
2024-06-05,14.51,10.2,241.65,314.33,88.8,98.7,4.96,2.245
2024-06-06,15.08,8.35,235,300.19,70.9,99.3,0,3.134
2024-06-07,13.67,5.25,209.79,286.12,67.4,100,0,1.72
2024-06-08,13.42,6.14,187.95,305.13,66.3,100.3,0,2.951
2024-06-09,14.8,6.71,226.87,297.85,73,100.1,0,0.915
2024-06-10,15.47,8.83,214.26,315.17,76.3,100.7,0.79,0.77
2024-06-11,15.85,9.55,211.99,326.56,79,100.3,1.69,0.461
2024-06-12,12.88,7.32,172.51,313.51,72.9,100.2,0.06,1.595
2024-06-13,12.1,5.52,211.57,294.45,67.7,100.7,0,1.916
2024-06-14,14.51,7.5,310.28,290.99,65.7,99.9,0,0.387
2024-06-15,14.65,8.84,174.54,326.82,88.5,99.6,5.3,1.257
2024-06-16,15.95,9.04,251.83,310.94,71.4,100.2,0,1.967
2024-06-17,18.04,8.68,299.29,301.24,75.2,101.3,0,1.145
2024-06-18,19.31,10.78,244.2,335.24,87,101.5,0,0.674
2024-06-19,21.63,11.49,285.57,327.3,83.4,101,0,0.348
2024-06-20,21.23,11.28,286.35,328.65,81.5,100.2,0,0.972
2024-06-21,17.23,10.76,181.8,347.78,87,98.8,5.01,2.517
2024-06-22,15.07,9.49,214.97,307.97,74.6,99.1,0.77,2.56
2024-06-23,14.55,8.43,209.06,309.61,83,99.5,2.89,1.999
2024-06-24,15.74,13.21,164.35,358.98,93.4,99.5,3.8,2.624
2024-06-25,16.91,12.47,140.96,352.95,91.2,99.5,14.78,1.13
2024-06-26,15.6,9.03,277,293.67,83.2,99.6,2.11,1.594
2024-06-27,16.15,9.27,279.43,307.75,83.8,100,3.81,2.439
2024-06-28,16.54,11.67,159.44,352.18,94.3,99.5,22.72,2.341
2024-06-29,16.84,10.59,267.58,297.68,74.4,100.3,0.01,2.29
2024-06-30,16.06,9.95,209.4,317.01,82.2,100.5,0.13,1.24
2024-07-01,17.4,10.3,191.88,342.28,93.5,100.5,1.2,0.971
2024-07-02,15.37,13.07,115.55,360.2,94.9,100.4,9.82,1.604
2024-07-03,18.64,11.44,270.71,327.55,80.3,100.2,7.44,1.883
2024-07-04,16.42,9.74,269.62,299.04,85,100.1,0,1.419
2024-07-05,17.98,11.87,223.51,331.11,81.1,99.5,5.76,1.808
2024-07-06,17.21,11.83,223.32,325.84,76.3,99.7,3.28,2.6
2024-07-07,18.57,10.01,261.26,309.96,76.2,100.1,0,1.917
2024-07-08,17.69,8.08,273.84,297.88,85.6,100.3,0,0.665
2024-07-09,18.81,10.17,163.83,329.38,89.8,100.1,1.49,0.147
2024-07-10,18.63,9.83,225.66,317.76,85.1,100.3,4.11,0.745
2024-07-11,19.06,11.61,283.78,307.34,82.3,100.7,5.7,0.279
2024-07-12,20.05,10.79,324.8,296.12,79.2,100.7,0,0.578
2024-07-13,17.65,11.33,295.36,308.58,85,100.4,0.45,1.589
2024-07-14,19.39,15.01,192.18,365.81,92.1,99.8,3.57,1.768
2024-07-15,20.31,14.57,220.54,358,83.3,99.7,3.06,2.125
2024-07-16,21.12,12.85,223.83,339.29,81.9,100.4,0,0.69
2024-07-17,22.99,11.5,287.66,325.71,76.9,100.9,0,0.886
2024-07-18,22.21,16.13,211.31,376.53,88.3,100.6,0,2.264
2024-07-19,21.11,15.93,212.42,370.09,85.9,100,4.37,2.325
2024-07-20,21.06,12.68,231.89,337.52,76.9,99.9,0,1.512
2024-07-21,16.82,11.59,171.72,324.83,85.5,99.9,6.88,0.289
2024-07-22,20.51,10.76,288.39,304.12,73,100.4,0,0.455
2024-07-23,21.34,11.53,254.2,317.11,79.1,100.8,0.57,0.108
2024-07-24,20.55,11.26,253.74,327.96,82.6,100.9,0,0.335
2024-07-25,22.03,13.99,251.07,335.44,74.7,100.9,0,0.639
2024-07-26,22.88,14.54,226.54,344.58,82.2,100.9,0.64,0.631
2024-07-27,24.95,14.9,278.04,338.8,81.5,101.1,0,0.168
2024-07-28,22.89,15.01,277.78,330.83,79.8,100.7,0,1.393
2024-07-29,19.88,12.91,251.13,310.05,72.9,100.5,0,1.016
2024-07-30,19.75,10.9,268.83,302.08,72.6,100.5,0,0.85
2024-07-31,19.92,12.2,214.08,326.06,78,100.1,1.26,1.623
2024-08-01,20.08,13.5,160.08,350.25,83.5,99.7,2.49,2.44
2024-08-02,19.94,13.28,201.96,340.52,83.9,99.3,2.45,2.593
2024-08-03,18.66,13.53,173.29,347.25,88.5,99.3,9.83,1.8
2024-08-04,19.16,12.93,261.58,310.39,78.3,99.4,1.66,2.403
2024-08-05,18.56,12.28,238.73,310.67,78.7,100,3.96,2.537
2024-08-06,19.75,11.66,261.87,305.13,74.1,100.7,0,1.682
2024-08-07,19.54,10.38,241.15,303.12,73.3,101.2,0,1.063
2024-08-08,19.34,9.44,270.73,291.22,65.8,101.3,0,0.394
2024-08-09,19.91,9.69,241.14,305.02,75,101.1,0,0.263
2024-08-10,20.27,8.44,280.27,301.57,75.4,100.9,0,0.71
2024-08-11,19.42,13.67,260.72,311.67,84.1,100.6,0,1.44
2024-08-12,19.81,14.69,201.63,339.27,90.3,100.1,0,2.217
2024-08-13,19.87,14.72,152.79,355.84,88.4,99.8,2.19,1.723
2024-08-14,19.65,12.52,235.62,315.5,81,100.3,0,1.536
2024-08-15,19.85,15.98,158.8,361.93,91.2,100.6,0,1.379
2024-08-16,20.57,14.31,175.35,344.47,91.6,100.4,0,0.948
2024-08-17,22.12,12.5,244.41,313.54,77.7,100.8,0,1.193
2024-08-18,21.16,11.28,222.09,309.72,76.9,101.1,0,0.827
2024-08-19,20.13,10.55,225.51,318.49,88.7,100.7,0,0.629
2024-08-20,19.95,11.85,173.54,336.47,88.2,100.1,0,1.217
2024-08-21,19.62,12.75,218.02,310,73.4,100.2,0,1.964
2024-08-22,19.5,10.22,200.82,315.95,78.1,100.7,0,1.232
2024-08-23,20.14,12.46,193.83,330.14,83,100.2,0.64,1.918
2024-08-24,19.87,12.08,210.23,307.12,71.7,100.7,0,0.774
2024-08-25,20.17,9.71,233.63,292.89,73.5,100.7,0,0.191
2024-08-26,20.46,9.59,173.34,328.03,80.7,100.2,0,1.493
2024-08-27,20.11,11.1,194.97,329.91,80.8,100.3,0,1.713
2024-08-28,21.76,14.86,101.41,376.61,90.9,99.8,4.63,2.574
2024-08-29,18.4,11.75,239.29,297.49,73.7,100.1,0,1.917
2024-08-30,18.76,11.27,157.6,321.52,82.8,100.1,0,1.77
2024-08-31,18.95,12.49,145.59,344.01,85.6,99.4,2.63,2.649
2024-09-01,19.14,13.7,133.7,365.08,88.4,98.7,5.2,3.534
2024-09-02,15.41,8.63,173.99,307.73,64,99.8,0,2.35
2024-09-03,16.01,7.83,167.22,309.44,79.7,100.3,4.98,1.76
2024-09-04,17.9,9.77,200.47,296.34,76.2,100,0,1.052
2024-09-05,16.34,8.35,180.22,289.5,72.8,100.6,0,0.251
2024-09-06,17.4,7.89,150.9,316.1,80,100,2.68,1.346
2024-09-07,16.71,9.15,197.18,299.12,75.2,99.8,0,0.473
2024-09-08,16.32,7.36,190.65,284.06,73.4,100.5,0,0.5
2024-09-09,16.77,5.83,201.3,277.84,76,100.9,0,0.304
2024-09-10,16.94,5.24,175.4,292.98,77.3,100.9,0,0.407
2024-09-11,18.16,8.28,180.78,313.45,77.3,100.8,0,0.082
2024-09-12,18.83,9.6,130.93,331.4,83.6,100.4,0,0.568
2024-09-13,22.43,12.19,205.01,322.54,66.8,100.5,0,3.03
2024-09-14,22.44,12.39,207.3,305.15,63,101.1,0,4.551
2024-09-15,21.55,11.67,214.89,289.5,58.8,101.4,0,5.624
2024-09-16,21.38,11.98,212.19,289.69,60.2,101.3,0,5.477
2024-09-17,20.74,10.99,203.56,296.48,76.7,100.9,0,3.874
2024-09-18,21.66,12.18,179.87,330.9,79.7,100.5,0,3.44
2024-09-19,20.29,12.23,125.92,334.91,83.2,100.1,0,3.232
2024-09-20,22.71,13.56,186.85,323.62,68.5,99.8,0,3.061
2024-09-21,23.03,11.5,173.82,334.12,78.7,99.7,5.57,0.839
2024-09-22,19.32,12.58,142.42,342.04,92.6,99.4,1.18,0.673
2024-09-23,19.26,12.29,109.5,343.3,93.2,99.2,0.64,0.406
2024-09-24,16.5,11.34,65.85,340.9,87.3,98.8,20.77,2.838
2024-09-25,16.94,11.06,127.77,314.12,84.6,98.6,1.41,2.367
2024-09-26,16.07,9.13,123.01,302.96,81,99.4,0.37,2.526
2024-09-27,15.56,7.16,111.95,304.74,78.4,100.7,0,1.265
2024-09-28,17.06,9.19,100.79,328.34,87.2,101.2,0.1,0.418
2024-09-29,16.31,9.36,126.42,313.84,79.8,101.6,0,1.506
2024-09-30,16.16,6.89,159.97,285.78,77.7,101.6,0,1.392
2024-10-01,16.87,6.98,152.62,306.68,82.5,101.3,0,1.631
2024-10-02,17.12,11.36,110.63,343.27,82.4,101.2,0,2.429
2024-10-03,17.24,12.39,99.45,336.31,85.3,100.9,0,2.896
2024-10-04,19.07,8.78,152.2,295.86,86.4,100.6,0,1.546
2024-10-05,18.88,7.77,156.07,298.92,88.2,100.4,0,1.123
2024-10-06,18,12.81,77.07,344.29,94.6,99.9,1.52,0.854
2024-10-07,18.44,14.07,58.63,362.84,93.3,99.6,3.12,1.244
2024-10-08,17.58,14.59,76.79,360.14,91,99.2,2,2.216
2024-10-09,17.82,12.64,97.08,332.25,88.3,98.6,13.83,0.988
2024-10-10,17.54,9.57,125.22,303.53,88.4,99.8,0.12,1.23
2024-10-11,17.08,8.91,74.89,345.91,96.5,100.4,0.6,1.18
2024-10-12,17,15.79,36.82,381.65,97.8,100.3,1.98,2.075
2024-10-13,17.1,13.53,51.17,355.16,96.5,100.4,0.78,1.467
2024-10-14,17.16,13.98,83.08,356.89,95.3,100.9,1.52,0.953
2024-10-15,17.03,14.74,57.83,365.81,97.1,101.1,0.48,1.164
2024-10-16,19.51,13.73,96.15,351.59,91.4,101,0,1.13
2024-10-17,16.27,10.18,87.79,332.09,85.2,100.2,0.59,2.436
2024-10-18,12.59,8.33,67.75,304.47,72.9,99.4,0.44,1.998
2024-10-19,12.61,7.22,102.39,276.31,74.7,99.9,0.07,1.773
2024-10-20,11.03,5.2,81.87,293.8,73.4,100.5,0,0.232
2024-10-21,13.72,5.8,56.86,330.48,88.1,100.4,0.2,1.01
2024-10-22,15.95,10.58,87.6,322.01,87.6,100.4,0,2.7
2024-10-23,15.7,11.66,66.37,346.57,89.2,101,0,0.334
2024-10-24,13.17,7.5,83.06,301.87,79.6,101.4,0,2.243
2024-10-25,12.74,7.37,56.22,313.6,78.7,101.3,0,4.16
2024-10-26,10.11,6.85,58.5,310.66,75.6,100.9,0,5.997
2024-10-27,8.48,4.62,64.25,297.59,77.2,100.9,0,4.83
2024-10-28,11.54,5.79,79.73,306.12,84.9,100.7,0,2.852
2024-10-29,11.23,6.3,68.16,312.67,90.8,100.5,0,1.549
2024-10-30,13.24,8.15,63.51,329.7,90.5,100.7,0,0.582
2024-10-31,13.83,7.23,62.91,326.08,90.2,100.8,0,0.287
2024-11-01,14.42,6.31,62.31,323.97,89.8,100.8,0,0.796
2024-11-02,15.37,7.38,68.43,325.52,92.6,101,0,0.316
2024-11-03,12.81,9.72,27.81,349.62,94.5,100.6,6.31,0.892
2024-11-04,10.92,7.01,53.1,315,77.2,99.7,2.2,0.99
2024-11-05,9.69,6.08,50.57,312.54,85.2,98.7,2.68,0.924
2024-11-06,10.05,7.03,38.14,316.42,87.8,99.1,0.82,1.491
2024-11-07,9.07,5.49,53.44,302.43,70.8,100.7,0,2.668
2024-11-08,10.3,4.27,61.61,293.55,83.2,101.2,0,0.465
2024-11-09,11.09,6.86,57.7,317.32,88,100.9,0,0.517
2024-11-10,11.08,6.95,59.02,311.74,88.8,101.2,0,0.324
2024-11-11,13.02,7.23,59.7,302.33,87.5,101,0,0.929
2024-11-12,10.02,5.26,67.26,291.56,91.2,101,0,0.396
2024-11-13,12.16,6.89,52.81,304.45,90.4,100.6,0,1.671
2024-11-14,14.11,7.94,53.19,311.3,92.5,100.3,1.13,2.251
2024-11-15,14.1,12.09,20.07,362.78,94.8,99.8,11.21,3.293
2024-11-16,14.18,9.06,23.94,354.27,98,100,4.41,1.859
2024-11-17,14.16,10.93,36.2,345.08,90.2,99.4,0.04,2.912
2024-11-18,14.28,3.76,39.15,304.83,79.7,98.9,6.17,2.292
2024-11-19,7.41,1.55,54.3,257.33,81.9,100.6,1.82,1.321
2024-11-20,5.95,-0.84,70.31,240.14,83.5,101.1,0,0.428
2024-11-21,7.95,-0.72,28.88,310.27,94,101.3,8.15,0.657
2024-11-22,12.84,7.61,26.74,340.41,99.3,101.1,1.63,1.254
2024-11-23,12.11,9.42,30.24,329.1,93.3,101.1,0,1.993
2024-11-24,13.29,8.57,52.36,310.68,93.3,101.2,0,1.601
2024-11-25,12.4,6.47,31.14,328.35,98,101.3,0.38,1.161
2024-11-26,12.21,9.93,30.41,325.45,96.3,100.8,1.34,1.709
2024-11-27,14.06,10.96,12.68,346.63,90.3,99.1,8.34,3.42
2024-11-28,15.33,8.74,14.15,344.24,92.7,97.6,14.98,3.697
2024-11-29,8.88,4.6,46.78,273.64,74.8,97.9,0,2.364
2024-11-30,7.58,2.6,47.49,258.8,68.2,98.8,0,2.237
2024-12-01,5.66,-0.06,45.61,266.08,85.1,100.2,0,0.136
2024-12-02,10.51,5,10.35,323.31,80.9,99.7,11.72,2.369
2024-12-03,10.95,6.27,40.51,291.02,72.9,98.6,0,3.189
2024-12-04,10.98,9.34,18.65,333.3,88.1,98.2,1.75,3.264
2024-12-05,10.1,7.05,20.34,324.32,97.9,98.8,6.5,2.378
2024-12-06,10.57,7.06,26.37,319.76,98.1,100.2,0,2.704
2024-12-07,10.88,7.71,26.67,335.36,97.1,100.2,2.16,1.057
2024-12-08,9.34,4.5,24.7,315.83,94.4,100,1.01,3.102
2024-12-09,4.77,-0.56,27.59,281.57,86.8,100.7,0,2.935
2024-12-10,2.54,-2.58,50.65,228.63,92.1,100.4,0,2.843
2024-12-11,5.87,-2.75,31.08,283.11,95.8,100.1,0,1.995
2024-12-12,13.61,5.99,5.75,351.26,96.9,98.8,21.98,2.947
2024-12-13,13.68,10.77,39.28,332.22,91,98.6,5.27,2.802
2024-12-14,13.35,8.87,30.42,325.82,85,98.5,17.49,4.236
2024-12-15,11.09,5.53,45.71,278.77,86.2,99.9,0,2.11
2024-12-16,12.02,9.8,28.61,329.54,82.8,98.5,10.84,2.639
2024-12-17,10.36,5.61,38.93,281.42,87.4,98.6,1.76,1.951
2024-12-18,11.54,6.52,6.75,321.27,88,99.4,9.31,2.6
2024-12-19,13.45,9.55,30.73,336.91,86,99.3,22.24,2.493
2024-12-20,14.03,11,18.55,360.82,95.7,100.2,7.58,2.984
2024-12-21,12.7,6.93,13.16,325.25,93.4,100.4,6.28,2.86
2024-12-22,11.86,6.23,16.27,317.91,87.3,100.7,3.02,3.123
2024-12-23,13.01,8.31,30.34,323,81.6,100.2,2.01,3.634
2024-12-24,13.44,8.54,17.84,339.05,86.6,100.5,0.84,3.156
2024-12-25,8.81,6.92,41.13,274.15,65.2,100.8,0,3.805
2024-12-26,8.29,1.99,24.63,272.82,77.5,101.1,1.07,2.263
2024-12-27,9.66,2.29,17.86,318.08,97,100.6,4.99,0.515
2024-12-28,10.62,6.31,33.96,307.38,82,99.4,7.65,2.814
2024-12-29,8.94,4.99,28.68,299.12,81.1,99.6,14.94,1.213
2024-12-30,7.16,3.6,43.86,282.93,81.7,99.2,9.14,1.156
2024-12-31,6.93,1.83,40.11,269.47,82.5,100,4.57,0.961
2025-01-01,6.71,0.05,36.34,257.26,83.3,100.9,0,0.999
2025-01-02,9.92,-0.28,10.1,317.69,87.4,100.6,4.11,1.302
2025-01-03,11.43,5.84,10.34,318.76,91.4,99.3,20.54,1.996
2025-01-04,11.79,5.35,18.44,324.18,89.3,99.3,6.11,3.429
2025-01-05,12.59,11.33,30.12,349.73,92.2,99.2,3.97,3.621
2025-01-06,12.87,9.69,14.97,355.48,94.6,99.5,15.07,3.316
2025-01-07,9.63,4.15,49.33,269.08,80,100.9,0,1.986
2025-01-08,9.78,3.1,25.75,301.29,77.2,101.9,0,1.992
2025-01-09,12.28,8.79,21.18,348.49,93.2,101.5,0.79,2.523
2025-01-10,8.69,0.23,47.63,265.71,87,102.1,0,1.584
2025-01-11,7.6,-1.55,43.57,277.96,91.2,102,0,0.37
2025-01-12,10.46,5.13,35.53,319.1,96.9,101.7,1.03,1.019
2025-01-13,10.01,4.3,47.66,304.62,93.9,102,0,0.241
2025-01-14,8.62,4.87,28.55,320.26,98.4,102.1,0.95,1.011
2025-01-15,8.67,5.18,28.08,323.66,98,102,0.85,1.962
2025-01-16,9.31,2.67,37.89,305.82,93.3,102.5,0.43,0.37
2025-01-17,8.68,2.62,40.21,297.02,86.8,102.3,0,1.598
2025-01-18,8.67,6.08,37.55,309.84,93,101.7,0.34,0.833
2025-01-19,8.4,5.13,31.83,313.72,92.9,100.7,0.58,1.382
2025-01-20,6.45,0.31,37.02,269.66,74.3,100.3,2.75,0.717
2025-01-21,3.66,-1.53,64.24,232.81,76.2,100.8,0,0.656
2025-01-22,7.56,0.29,36.4,281.84,84.2,100,1.04,2.714
2025-01-23,5.05,1.86,57.02,267.96,68.4,100.2,0,0.983
2025-01-24,3.85,-1.44,69.94,234.2,74.8,101,0,0.504
2025-01-25,5.51,-2.25,44.64,254.44,90,101.1,2.38,0.861
2025-01-26,4.53,-0.73,70.96,255.91,81.9,101,0,0.548
2025-01-27,2.35,-1.33,46.49,273.42,84.9,101.5,0,1.935
2025-01-28,4.72,-3.29,49.9,276.2,91,101.8,1.17,0.496
2025-01-29,3.45,1.14,55.88,281.53,81,102,0,2.952
2025-01-30,1.64,-0.89,45.98,280.51,83.1,102.3,0,0.972
2025-01-31,5.1,-2.77,53.3,281.88,85.8,101.8,0,1.421
2025-02-01,9.57,5.04,25.52,319.97,87.5,100.7,3.65,3.661
2025-02-02,9.88,5.98,29.86,311.01,87.2,100.5,1.2,3.184
2025-02-03,11.23,6.91,51.81,321.4,88.8,100.5,0.54,3.759
2025-02-04,11.08,5.33,51.74,304.52,90,100.7,0.35,1.856
2025-02-05,6.14,2.44,59.72,297.62,77.5,101.3,0,2.227
2025-02-06,8.45,2.77,69.69,281.29,88.8,101.3,0,0.425
2025-02-07,9.25,3.79,76.55,280.92,91.5,101.1,0,1.643
2025-02-08,6.5,-0.33,58.15,284.2,78.7,101.3,2.5,3.652
2025-02-09,3.83,-0.98,70.87,262.98,76.7,102.1,0,2.886
2025-02-10,5.62,-1.87,59.95,279.92,85.2,102.1,0,0.897
2025-02-11,8.55,5.16,57.14,305.7,91.7,101.2,1.75,2.429
2025-02-12,7.77,3.13,81.47,290.8,88.4,100.9,1.49,0.232
2025-02-13,6.33,4.13,26.15,322.33,96.2,99.5,25.62,1.898
2025-02-14,4.31,1.7,48.44,302.85,87,98.3,7.24,3.91
2025-02-15,3.78,-0.73,75.6,270.55,72.5,99,1.39,1.492
2025-02-16,1.16,-3.69,74.69,247.25,72.5,100.1,0,1.455
2025-02-17,0.85,-3.78,101.22,229.11,72.3,100,0,0.617
2025-02-18,1.28,-3.15,98.74,234.51,71.3,99.9,0,0.564
2025-02-19,1.15,-3.77,108.31,222.3,77.1,99.9,0,2.053
2025-02-20,1.75,-2.64,81.61,262.86,83.9,99.3,0.79,4.573
2025-02-21,1.65,-4.18,87.87,247.18,82.7,99.7,0,1.93
2025-02-22,2.22,-2.51,69.34,271,78.3,99.1,0,5.829
2025-02-23,-0.49,-1.66,23.46,296.95,90,98,5.02,7.178
2025-02-24,1.55,-0.79,44.39,301.54,93.2,97.8,3.43,3.628
2025-02-25,5.17,-1.6,102.69,263.24,73.4,99.6,0,0.831
2025-02-26,6.45,-3.09,125.54,242.31,71.3,101.2,0,0.961
2025-02-27,9.92,2.25,49.35,300.31,89.5,99.9,15.83,1.469
2025-02-28,10.24,5.37,95.45,304.29,80,100.5,0,2.005
2025-03-01,7.66,5.57,19.53,332.29,98,100.2,12.94,3.639
2025-03-02,11.2,7.28,54.05,329.53,92.4,99.2,3.31,1.943
2025-03-03,10.13,7.08,92.12,307.22,81.3,98.8,6.29,4.239
2025-03-04,10.64,5.62,95.25,290.45,84.2,99.5,0.47,2.755
2025-03-05,12.35,5.94,70.47,311.83,87.6,100.2,2.48,2.661
2025-03-06,12.54,6.71,114.72,294.2,87.4,101.1,0,1.875
2025-03-07,12.19,6.58,112.06,307.32,85,101.4,0,0.928
2025-03-08,11.48,3.76,140.85,284.44,85.3,101.2,0,0.613
2025-03-09,10.39,4.69,102.96,305.93,90.6,99.9,1.02,1.207
2025-03-10,9.22,6.12,41.03,309.61,90.5,97.8,10.45,2.423
2025-03-11,9.16,6.09,69.71,310.85,81.7,97.7,2.32,5.072
2025-03-12,8.04,4.41,100.18,288.11,67.8,98.8,0.6,4.448
2025-03-13,6.93,3.43,28.31,303.05,91.2,98.7,15.54,0.559
2025-03-14,6.21,1.4,82.17,286.93,83.9,98.8,1.62,0.701
2025-03-15,8.95,0.96,154.43,262.8,67.7,100.6,0,1.008
2025-03-16,11.28,4.49,59.73,329.19,92.3,99.9,7,2.975
2025-03-17,10.79,5.73,138.23,289.63,70,99.4,1.92,4.331
2025-03-18,9.85,4.79,148.31,278.56,69.5,99.8,0.15,2.957
2025-03-19,13.36,5.51,58.76,342.43,95.1,99.2,10.5,2.007
2025-03-20,11.56,7.57,105.74,327.91,93.4,98.5,8.39,2.481
2025-03-21,8.91,6.3,117.74,297.09,80,98.1,13.52,2.278
2025-03-22,8.88,3.67,120.54,280.78,76.8,97.8,5.8,2.922
2025-03-23,8.9,2.88,76.42,288.31,86.2,97.6,5.97,2.669
2025-03-24,9.66,2.05,106.43,289.35,81.9,97.5,0.14,1.981
2025-03-25,9.53,1.87,118.05,292.36,73.9,98.4,1.11,0.949
2025-03-26,8.94,2.3,181.74,259.1,66,98.7,0.49,0.364
2025-03-27,9.54,2.69,163.32,263.57,71.7,98.9,0,1.48
2025-03-28,8.56,2.44,140,290.34,81.5,98.9,0,0.298
2025-03-29,10.36,0.94,188.23,258.89,74.4,98.9,0,3.491
2025-03-30,5.17,1.99,34.62,313.38,92,98.3,17.14,4.079
2025-03-31,5.81,-0.42,117.24,283.86,81,98.7,2.26,1.107
2025-04-01,6.63,-2.97,125.72,268.56,72.8,99.1,0.36,0.337
2025-04-02,7.78,1.39,104.76,286.33,85.2,98.7,0.97,2.535
2025-04-03,8.35,-1.08,179.58,260.13,70.8,98.7,3.41,3.915
2025-04-04,7.01,1.34,117.16,311.46,93.1,98.3,20.64,4.126
2025-04-05,8.12,3.77,95.04,314.3,83.4,99.3,0.92,4.554
2025-04-06,9.05,2.92,136.09,307.25,76.2,99.7,0,2.122
2025-04-07,8.31,3.09,129.12,306.4,78.3,99.6,0,0.528
2025-04-08,10.11,2.57,106.2,305.6,87.7,99.6,2.74,1.512
2025-04-09,13.21,7.68,187.23,303.71,71.3,100,0,3.341
2025-04-10,12.2,2.5,177.1,280.24,79.6,100.6,1.51,0.873
2025-04-11,11.91,1.73,194.67,276.17,74,100.1,0,3.446
2025-04-12,11.57,5.92,106.24,313.82,68.3,99.7,0,4.2
2025-04-13,9.31,3.33,145.79,288.7,69.1,100.8,0,2.273
2025-04-14,10.71,0.35,225.37,260.14,67.7,101.5,0,0.414
2025-04-15,12.61,2.13,160.17,283.58,85.4,101.3,0.87,1.212
2025-04-16,11.7,5.7,97.35,310.82,88.3,100.8,2.38,0.856
2025-04-17,8.67,1.59,110.69,296.42,78.4,100.9,2.94,4.318
2025-04-18,6.97,0.6,164.21,260.4,58.3,100.8,0,5.48
2025-04-19,5.46,-0.38,178.85,261.99,52.6,100.6,0,5.448
2025-04-20,7,0.16,211.14,252.24,52.2,100.7,0,5.387
2025-04-21,8.2,3.17,194.96,274.63,54.4,100.4,0,5.362
2025-04-22,9.61,1.98,207.18,266.91,65.8,100.1,0,4.143
2025-04-23,10.99,3.67,161.63,297.42,73.8,100.1,0,3.427
2025-04-24,12.26,6,128.15,329.96,91.7,99.7,7.13,1.27
2025-04-25,12.48,9.14,159.28,327.76,95.6,99.3,7.43,2.329
2025-04-26,12.62,8.01,150.02,321.07,95.7,99.8,7.97,2.183
2025-04-27,12.7,10.68,67.44,358.99,100,100.3,9.75,2.761
2025-04-28,16.03,8.74,196.6,320.13,84.6,100.5,0.38,0.827
2025-04-29,20.33,9.26,250.52,322.34,81.4,100.9,0,0.587
2025-04-30,15.36,6.35,274.93,269.67,66.6,101.8,0,3.641
2025-05-01,13.55,3.84,276.75,263.1,69.7,101.4,0,3.874
2025-05-02,16.54,3.94,268.02,274.21,65.1,100.4,0,4.416
2025-05-03,12.94,6.82,123.46,317.15,73.8,100.2,8.13,6.457
2025-05-04,15.51,6.81,164.62,327.12,81.2,100.5,0.57,3.21
2025-05-05,18.17,6.48,257.24,297.61,74.6,100.6,0,1.435
2025-05-06,18.22,8.59,295.59,289.85,66.5,100.4,0,4.442
2025-05-07,19.58,10.3,169.2,340.33,64.3,99.7,1.59,6.368
2025-05-08,17.02,8.73,131.6,347.5,92.1,99.6,3.12,1.87
2025-05-09,22.61,9.28,225.95,343.94,88.2,99.7,10.96,0.845
2025-05-10,15.23,11.39,108.87,357.26,95.1,99.5,11.67,2.753
2025-05-11,14.26,9.58,192.68,328.51,84.4,100.5,2.55,2.981
2025-05-12,15.79,8.86,236.85,314.95,74.5,101.2,0,2.231
2025-05-13,15.36,6.94,248.34,282.75,64.1,101.4,0,0.692
2025-05-14,12.77,7.55,140.45,323.53,77.8,101.2,8.59,1.14
2025-05-15,12.52,6.43,210.98,295.71,68.5,100.9,0,0.845
2025-05-16,13.32,5.7,217.48,289.37,61.9,100.8,0,0.791
2025-05-17,13.97,7.39,194.93,310.26,66.3,101.1,0,0.494
2025-05-18,15.57,5.7,219.7,296.17,67.2,101.3,0,1.994
2025-05-19,17.47,7.53,248.12,307.03,66.6,101.1,0,2.756
2025-05-20,18.64,7.73,268.44,302.25,67.9,101,0,1.888
2025-05-21,18.49,8.33,287.2,291.21,71.7,100.8,0,0.473
2025-05-22,17.45,7.83,257.17,299.62,81.8,100.6,1.65,0.146
2025-05-23,14.23,8.1,190.35,316.8,87.9,100.9,0.07,1.477
2025-05-24,14.35,6.31,264.87,281.37,79.3,100.9,0,0.892
2025-05-25,14.52,5.1,239.1,297.09,74.6,100.2,0.22,2.589
2025-05-26,16.5,10.19,219.89,314.43,80.7,99.7,3.4,1.942
2025-05-27,17.72,8.03,231.52,308.42,77.5,100.1,1.67,1.837
2025-05-28,16.38,7.24,175.33,331.66,91.1,99.9,10.73,1.058
2025-05-29,15.33,11.28,285.05,301.59,85.6,99.7,2.09,2.399
2025-05-30,12.87,10.18,95.57,326.17,91.4,99.1,14.13,1.557
2025-05-31,13.62,10.12,133.32,325.14,90.7,99,9.68,1.623
2025-06-01,14.36,10.06,171.15,324.18,90.1,98.9,5.22,1.748
2025-06-02,16.77,8.89,232.18,311.19,84.8,99.5,4.28,0.811
2025-06-03,18.69,8.3,260.79,304.29,81.2,100,1.69,0.795
2025-06-04,17.96,10.15,205.74,336.45,87.7,100.4,2.77,1.71
2025-06-05,17.54,9.61,306.17,299.15,76.1,101,0,1.269
2025-06-06,17.79,7.18,257.87,304.12,84.8,101,0.62,1.591
2025-06-07,15.64,10.48,229.07,312.11,71.5,101.1,0,1.309
2025-06-08,15.5,10.29,231.66,312.43,65.9,100.9,0,1.056
2025-06-09,17.27,8.55,242.55,307.16,67.9,100.8,0,0.51
2025-06-10,19.34,9.81,282.23,308.23,77.4,101,0,0.849
2025-06-11,20.01,11.06,284.12,315.37,83.9,101.2,0.52,0.448
2025-06-12,19.26,9.58,280.13,309.7,83.3,100.9,0,0.513
2025-06-13,21.14,10.54,313.62,307.08,83.2,100.7,0,0.349
2025-06-14,20.8,11.71,321.28,312.56,84.8,100.4,0,0.321
2025-06-15,26.64,12.56,270.74,358.31,74.9,99.8,1.12,2.499
2025-06-16,18.76,14.57,219.15,353.32,91.1,100.1,0.24,2.206
2025-06-17,20.89,12.29,231.4,338.9,81,100.6,1.37,1.555
2025-06-18,20.67,12.07,315.59,301.86,72.1,100.9,0,1.163
2025-06-19,22.41,13.14,305.58,316.96,74,101,0,0.61
2025-06-20,25.06,11.52,284.94,332.78,75.8,101.2,0.04,0.221
2025-06-21,24.52,13.25,327.56,322.07,67.8,101.3,0,2.446
2025-06-22,26.06,14.53,308.79,329.72,62.4,101.2,0,4.31
2025-06-23,26.26,14.36,325.38,322.26,58.6,101,0,4.96
2025-06-24,26.37,15.3,306.44,332.35,63.5,100.8,0,4.454
2025-06-25,26.38,15.66,334.84,318.71,56.7,100.6,0,3.911
2025-06-26,27.45,16.83,309.01,340.8,61.5,100.3,0.36,4.589
2025-06-27,27.74,16.15,346.65,317.48,52.7,100.2,0,4.053
2025-06-28,28.75,14.83,345.77,315.54,58.2,100.5,0,1.089
2025-06-29,31.48,13.3,337.32,326.3,59.3,101,0,0.245
2025-06-30,32.67,17.38,339.22,340.35,53.3,101.3,0,0.343
2025-07-01,31.05,18.77,305.5,359.65,68.6,101.4,5.79,2.014
2025-07-02,24.56,13.76,343.97,304.84,63.7,101.6,0,2.125
2025-07-03,25.32,11.02,331.46,302.01,71.8,101.1,0,0.285
2025-07-04,26,14.9,296.93,335.82,66.2,100.4,0,1.122
2025-07-05,24.74,17.33,252.19,350.79,66.1,100.4,0,0.771
2025-07-06,26.46,15.5,303.29,329.82,72.8,100.3,0,1.242
2025-07-07,25.56,15.72,279.28,334.44,73,100.4,0,0.979
2025-07-08,25.66,15.81,327,318.64,64.6,100.7,0,1.248
2025-07-09,25.58,15.25,266.53,340.13,70,100.7,0.42,0.422
2025-07-10,26.1,16.96,315.49,331.81,64.1,100.4,0.41,0.564
2025-07-11,25.21,14.22,288.82,319.85,62.1,100.4,0,0.616
2025-07-12,25.69,13.97,317.56,314.41,70.1,100.4,0.35,0.565
2025-07-13,23.77,12.23,282.16,330.82,82.1,100.2,0,0.647
2025-07-14,29.33,15.93,329.6,328.4,61.4,100.1,0,0.873
2025-07-15,31.14,18.14,261.5,352.85,56.9,99.8,0.63,0.318
2025-07-16,24.73,14.82,255.93,331.65,63.7,100.1,0,1.596
2025-07-17,23.85,13.52,222.4,342.55,75.8,100.2,7.77,1.564
2025-07-18,24.88,11.48,324.46,296,66.7,100.6,0,0.27
2025-07-19,26.23,13.36,321.19,313.99,69.8,100.7,0,0.962
2025-07-20,25.95,16.1,210.48,355.58,75.5,100.6,0.55,0.921
2025-07-21,26.27,15.58,230.92,347.96,71.4,100,1.03,1.768
2025-07-22,27.13,14.17,324.64,310.23,57.2,100.6,0,0.576
2025-07-23,28.2,14.69,319.44,322.29,58.8,100.9,0,0.269
2025-07-24,30.03,16.44,316,340.41,68.2,100.7,0,2.914
2025-07-25,30.2,17.86,310.16,348.02,67.6,100.2,0,2.717
2025-07-26,31.84,16.73,308.25,346.35,64.1,100,0,0.431
2025-07-27,34.33,17.75,310.04,348.84,56.6,100.1,0,0.679
2025-07-28,33.8,16.81,311.35,341.03,50.7,99.9,0,1.164
2025-07-29,25.93,16.68,302.62,317.15,55.3,100.2,0,1.085
2025-07-30,23.42,11.39,257.92,312.8,66.3,100.6,0,1.387
2025-07-31,25.04,13.72,244.79,327.95,69.4,100.5,0,1.188
2025-08-01,26.66,16.05,231.82,342.2,72.5,100.5,0,1.006
2025-08-02,24.79,13.97,184.65,339.42,78.3,100.3,5.22,1.294
2025-08-03,23.96,11.45,233.88,315.29,66.3,100.7,0,0.554
2025-08-04,25.67,12.54,222.75,327.49,72.4,100.8,0,1.026
2025-08-05,26.82,12.99,265.25,318.54,70.3,100.6,0,0.702
2025-08-06,29.16,15.05,299.14,319.77,58.1,100.4,0,0.456
2025-08-07,28.76,15.92,253.47,335.14,59.9,100.4,0,0.231
2025-08-08,28.72,15.82,286.58,332.33,68.4,100.6,0,0.712
2025-08-09,29.45,16.14,272.4,336.9,71.9,100.4,0,0.784
2025-08-10,27.72,15.76,248.54,350.31,66.5,100.3,0.44,0.646
2025-08-11,27,18.9,210.96,360.04,59.9,100,0.07,0.809
2025-08-12,23.87,14.59,272.59,306.56,52.7,100,0,0.73
2025-08-13,23.06,10.76,290.61,285.26,52.7,100.9,0,1.15
2025-08-14,23.25,12.09,202.43,317.43,58.9,101.2,0,1.765
2025-08-15,26.22,10.4,260.18,309.5,54.2,101.2,0,0.248
2025-08-16,26.8,13.59,236.86,328.47,68.1,101,0,0.181
2025-08-17,27.16,13.44,238.58,330.6,69.7,100.8,0.82,0.71
2025-08-18,27.64,13.98,268.18,316.14,68,100.6,0,0.213
2025-08-19,26.74,12.94,241.27,328.21,68.5,100.7,0.41,0.31
2025-08-20,27.36,13.02,239.35,329.61,67.3,100.7,0,0.275
2025-08-21,28.68,12.75,240.75,330.62,66.9,100.5,0,0.68
2025-08-22,25.2,16.68,150.31,355.03,71.9,100.5,0,1.107
2025-08-23,26.2,13.53,224.96,334.64,81.6,100.6,0,0.643
2025-08-24,28.49,15.81,248.19,335.37,73.9,100.1,0,0.046
2025-08-25,28.45,14,225.45,340.32,68.2,99.7,0.64,0.753
2025-08-26,24.97,14.27,193.01,341.83,74.5,99.8,2.45,2.199
2025-08-27,21.28,12.21,139.98,346.14,76.3,100.2,12.54,0.898
2025-08-28,21.61,12.89,217.82,316.16,64.1,99.8,0,1.232
2025-08-29,19.26,10.27,173.21,301.8,55.7,100.1,0,1.901
2025-08-30,20.63,10.61,204.12,303.07,58.2,100.4,0,1.101
2025-08-31,20.82,10.32,211.18,299.1,58.5,100.6,0,1.576
2025-09-01,21.01,10.04,218.29,295.88,58.8,100.8,0,1.621
2025-09-02,22.12,10.41,201.05,306.85,66,100.9,0,2.557
2025-09-03,25.39,10.99,229.34,313.86,68.4,100.8,0,2.645
2025-09-04,26.94,15.12,238.3,317.47,53.1,100.6,0,3.862
2025-09-05,26.88,15.27,237.75,307.4,44.6,100.6,0,4.379
2025-09-06,26.17,15.48,237.19,302.69,43.3,100.7,0,4.765
2025-09-07,27.48,14.93,233.81,308.02,45.8,100.8,0,3.819
2025-09-08,28.27,15.34,225.58,315.93,43.3,100.7,0,3.415
2025-09-09,28.55,16.78,174.96,348.18,41.7,100.6,0.31,3.743
2025-09-10,25.89,18.67,118.01,371.9,62.7,100.2,1.35,3.495
2025-09-11,28.67,17.94,197.59,351.06,61.4,99.9,0,2.202
2025-09-12,20.82,17.17,100.91,361.12,88.1,100,7.55,1.681
2025-09-13,22.17,15.27,164.54,333.32,78.5,100.4,0,1.681
2025-09-14,21.11,14.4,93.11,359.77,89.3,100.1,6.36,1.362
2025-09-15,19.18,13.93,100.22,354.88,87.9,100,2.84,2.206
2025-09-16,21.18,13.18,164.69,329.2,78.4,99.3,7.72,2.915
2025-09-17,19.15,11.98,190.63,297.74,67.3,99.8,0.05,2.859
2025-09-18,20.3,11.49,132.92,331.21,81.1,100.2,3.32,2.131
2025-09-19,19.96,13.27,133.86,332.25,76.5,100.5,0,1.554
2025-09-20,20.57,10.75,101.89,341.2,81.5,100.7,0,1.968
2025-09-21,18.3,10.93,165.82,308.65,72.9,100.3,0,2.002
2025-09-22,17.55,10.41,93.08,338.28,88.6,99,11.27,2.037
2025-09-23,13.69,8.4,107.03,289.85,81.5,98.9,0.12,0.622
2025-09-24,19.14,9.33,123.41,335.59,82.9,99.4,11.75,3.28
2025-09-25,17.18,11.29,98.4,338.79,89.7,99.5,14.7,2.852
2025-09-26,19.15,10.69,124.42,315.11,84.8,99.6,0.27,1.088
2025-09-27,19.02,9.88,150.78,308.44,81.1,99.8,1.47,2.002
2025-09-28,19.17,10.58,154.71,306.03,80.5,100.4,0,1.636
2025-09-29,18.15,10.31,150.3,310.48,75.3,100.8,0,2.317
2025-09-30,16.56,7.75,164.67,281.33,73.8,101,0,1.768
2025-10-01,17.06,6.82,140.28,292.28,84.8,101,0,0.036
2025-10-02,17.24,6.69,121.58,303.07,83.8,100.3,0.48,1.395
2025-10-03,11.44,6.61,127.3,276.15,60.1,99.8,0.31,0.923
2025-10-04,11.52,3.72,96.48,288.27,69.2,100.2,0.74,1.503
2025-10-05,13.61,8.86,93.26,314.23,82.3,99.8,1.89,2.381
2025-10-06,15.12,9.97,74.83,327.65,83,99.3,2.02,3.031
2025-10-07,12.27,5.9,91.63,305.28,80.4,98.2,4.56,1.385
2025-10-08,13.91,6.39,125.65,277.27,73.2,99,0.14,1.258
2025-10-09,12.86,4.57,86.89,296.29,75.1,100.4,0,0.529
2025-10-10,14.59,5.76,110.43,302.75,64.1,100.8,0,3.07
2025-10-11,15.95,8.61,122.41,301.39,74.3,100.4,0,3.88
2025-10-12,17.74,11.57,60.88,347.07,92.1,99.6,4.03,4.095
2025-10-13,15.87,13.27,57.52,350.42,95.2,99.2,6.76,1.072
2025-10-14,16.96,13.69,76.75,355.16,94,99.6,1.32,1.818
2025-10-15,16.99,15.26,66.94,358.73,92.5,99.9,1.2,1.5
2025-10-16,19.66,14.74,117.22,340.07,89.1,99.4,0.66,1.74
2025-10-17,18.86,10.81,85.25,335.58,91.2,99,0.49,0.67
2025-10-18,16.72,9.95,76.92,326.05,89.9,99.4,2.29,1.878
2025-10-19,16.33,13.01,76.07,340.13,84.6,99.4,18.86,3.337
2025-10-20,16.35,12.37,77.48,328.83,82,99.7,1.62,2.892
2025-10-21,16.99,13.61,108.67,320.86,83.6,100,9.17,2.246
2025-10-22,17.36,13.16,73.24,322.57,89.5,100.5,0,2.349
2025-10-23,17.53,13.42,99.57,321.88,85,99.7,0,3.34
2025-10-24,16.31,10.26,32.25,354.54,93.9,98.6,45.59,0.723
2025-10-25,15.64,11.02,67.39,323.29,76.2,99.7,0.28,2.337
2025-10-26,16.11,12.04,81.37,314.66,81.5,100.2,0,2.041
2025-10-27,17.03,12.23,80.35,321.61,87.9,100.3,0,5.045
2025-10-28,14.39,8.91,104.04,279.25,78,100.5,0,5.627
2025-10-29,12.9,6.61,97.67,282.36,77.6,100.7,0,4.965
2025-10-30,12.51,6.67,90.4,292.74,82.1,100.6,0,5.251
2025-10-31,12.43,5.98,93.06,277.99,80.5,100.5,0,5.463
2025-11-01,12.36,5.28,95.69,263.58,79,100.4,0,5.676
2025-11-02,12.36,6.19,88.93,273.24,86.5,100,0,4.661
2025-11-03,12.62,7.27,62.19,308.08,87.5,99.8,0,4.051
2025-11-04,10.94,6.44,44.32,316.69,83.3,100,0,4.981
2025-11-05,8.31,2.32,73.88,264.14,69.1,100.3,0,4.327
2025-11-06,8,1.06,82.36,256.04,72.1,100.9,0,2.435
2025-11-07,7.83,-0.32,89.96,241.2,88.3,101.3,0,2.054
2025-11-08,11.9,0.71,89.41,252.57,87.3,100.9,0,2.236
2025-11-09,12.68,2.22,71.34,296.34,82.1,100.3,0,1.235
2025-11-10,11.48,5,35.51,310.01,90.5,99.9,0,1.791
2025-11-11,12.83,5.03,71.11,296.71,93.4,100.2,0,0.837
2025-11-12,14.27,9.81,55.11,312.81,92.4,100.3,0.37,1.694
2025-11-13,14.62,12.72,29.85,354.11,89.7,99.7,16.22,3.329
2025-11-14,14.32,3.04,73.73,267.85,79.3,100.7,0,0.606
2025-11-15,10.73,1.91,70.42,267.43,91.7,101.8,0,1.463
2025-11-16,11.35,4.65,49.01,296.35,87.1,102,0,0.637
2025-11-17,12.57,3.42,54.32,289.66,91.5,101.9,0,0.546
2025-11-18,13.73,6.46,64.78,297.38,90.4,101.2,0,1.377
2025-11-19,12.61,5.57,65.84,297.44,85.4,100.9,0,1.275
2025-11-20,11.6,7.37,40.22,304.57,77.6,100.5,0,2.347
2025-11-21,9.86,5.7,34.32,303.49,66.5,100.5,0,1.894
2025-11-22,12.08,5.62,25.93,323.04,94.2,99.6,8.77,2.042
2025-11-23,11.86,7.84,52.37,303.21,93.1,98.5,8.44,1.312
2025-11-24,11.18,6.53,25,328.4,97.4,97.8,10.86,2.139
2025-11-25,7.18,4.27,35.19,305.89,86.5,99.6,0.1,4.357
2025-11-26,13.86,4.23,28.89,333.72,91.8,99.6,13.34,1.825
2025-11-27,13.87,9.37,54.49,293.38,82,98.7,0.82,3.166
2025-11-28,10.54,6.39,51.01,274.84,75.1,98,0,3.129
2025-11-29,7.76,5.08,29.94,284.33,78.7,98.6,0.9,3.11
2025-11-30,8.86,4.21,36.8,290.32,76,100,3.39,1.36
2025-12-01,13.47,8.94,15.12,351.05,93.4,99.1,10.53,3.306
2025-12-02,12.89,8.73,29.29,315.66,83.9,98,10.27,3.792
2025-12-03,8.86,6.47,50.49,292.72,79.7,99.2,1.77,2.045
2025-12-04,6.97,-0.32,16.14,278.15,77.3,99.8,0,0.239
2025-12-05,12.22,0.07,19.05,304.55,85.6,99.7,5.96,1.788
2025-12-06,12.21,7.36,28.86,310.68,89.6,99.7,0.51,2.269
2025-12-07,12,8.38,18.64,312.56,90.8,99.8,0,2.24
2025-12-08,10.68,6.59,22.96,317.29,85.5,99.8,9.9,0.195
2025-12-09,12.01,9.44,29.75,312.33,90.4,99.8,0.99,2.089
2025-12-10,13.61,8.64,11.29,326.54,90.8,99.4,13.62,1.923
2025-12-11,11.67,8.62,25.22,313.69,87.3,99.4,4.08,2.005
2025-12-12,11.1,8.46,27.84,309,88.7,99.3,0.91,1.945
2025-12-13,12.31,5.55,19.41,316.35,96.7,98.9,11.76,2.005
2025-12-14,11.05,7.64,46.15,282.97,80.4,97.9,1.05,3.486
2025-12-15,10.1,7.07,37.83,286.5,76.7,98.2,0,4.288
2025-12-16,9.54,3.29,39.21,266.36,75.8,100,0,2.668
2025-12-17,13.5,3.27,17.32,341.19,95.5,100.3,6.28,2.389
2025-12-18,14.04,12.2,9.16,367.09,95.3,99.9,6.96,3.366
2025-12-19,12.7,6.71,21.57,328.6,98.9,100.4,1.02,0.79
2025-12-20,12.83,7.52,31.3,309.18,91,99.7,3.98,2.451
2025-12-21,12.39,8.25,7.54,328.46,87.6,97.8,25.58,3.979
2025-12-22,8.98,6.4,33.09,282.16,72.3,97,0,4.082
2025-12-23,7.37,4.52,36.46,265.83,72.4,97.8,0,3.158
2025-12-24,7.13,3.01,44.56,265.21,75,98.8,0.02,1.888
2025-12-25,7.04,2.46,35.61,283.94,84.6,99.4,1.85,1.431
2025-12-26,12.48,4.71,20.79,341.05,94.3,99.7,5.25,2.036
2025-12-27,13.44,12.21,35.07,352.26,97.4,99.8,4.9,2.695
2025-12-28,13.05,7.32,29.93,312.95,76.8,100.1,4.56,3.445
2025-12-29,9.13,6.77,33.26,297.41,80.7,100.5,0.18,2.645
2025-12-30,10.86,8.63,24.59,325.95,91.2,100,4.01,3.204
2025-12-31,10.93,7.63,30.09,318.44,90.5,99.8,4.3,3.025
2026-01-01,10.99,6.64,35.64,311.32,89.9,99.6,4.6,2.846
2026-01-02,9.09,5.63,33.26,282.81,81.5,99.4,0.95,3.183
2026-01-03,12.91,6.9,13.14,346.36,95.5,99.7,7.84,2.807
2026-01-04,12.15,11.23,22.23,351.62,95.1,100.4,1.77,2.78
2026-01-05,12.67,4.71,15.57,317.34,88,100.1,6.73,2.753
2026-01-06,9.01,1.22,21.4,284.69,75.6,101.3,0,1.431
2026-01-07,9.65,5.95,43.03,302.34,87.2,101.3,2.51,1.75
2026-01-08,12.83,9.19,35.77,332.47,92.7,101.9,0,2.214
2026-01-09,9.74,7.67,25.68,330.03,94.8,102.2,0.7,0.307
2026-01-10,9.89,7.67,28.69,327.32,94.2,101.4,1.57,1.187
2026-01-11,11.89,6.04,17.03,323.24,99.1,101,13.78,1.276
2026-01-12,11.08,5.5,18.51,311.22,94.2,100.4,7,2.224
2026-01-13,13.31,7.93,10.46,328.43,82.5,98.5,27.02,4.345
2026-01-14,8.71,6.45,38.4,276.52,68.5,99.3,0,4.215
2026-01-15,13.08,5.76,15.05,323.21,85.4,98.1,28.37,4.375
2026-01-16,10.07,5.68,46.07,285.79,73.9,99.7,0.01,4.355
2026-01-17,9.81,5.7,48.38,291.17,76.6,99.9,3.5,3.594
2026-01-18,12.08,5.68,16.52,325.64,90.3,100,9.21,1.928
2026-01-19,12.09,11.01,20.6,355.1,94.5,99.9,3.93,3.842
2026-01-20,12.23,7.3,53.02,307.93,80.3,99.6,18.7,2.893
2026-01-21,8.82,5.18,54.59,273.72,75.2,100.2,0,1.368
2026-01-22,10.36,5.85,11.83,324.49,91.6,98.1,23.25,2.34
2026-01-23,10.87,7.55,43.81,310.29,81.1,97.5,1.41,2.804
2026-01-24,10.51,7.06,13.24,308.59,77,97.8,12.17,2.087
2026-01-25,10.55,8.8,45.41,298.39,73.6,98.1,0,2.739
2026-01-26,10.58,7.14,50.47,293.88,88.2,99.1,4.06,2.06
2026-01-27,11.74,8.62,15.77,345.02,95.2,100.1,10.78,4.007
2026-01-28,11.62,9.84,37.51,335.38,93,100.4,1.22,2.58
2026-01-29,11.03,9.1,37.68,332.77,95.5,100.1,2.62,2.402
2026-01-30,12.38,10.79,32.81,340.43,88.2,100,0.14,2.748
2026-01-31,12.96,10.71,52.05,324.4,86.2,100.5,0,1.691
2026-02-01,12.48,9.76,58.17,304.92,93.2,100.8,0,1.278
2026-02-02,12.6,10.37,35.34,332.02,88,100.9,0.17,1.243
2026-02-03,11.18,3.44,78.75,270.49,84.5,101.9,2.87,1.122
2026-02-04,10.44,5.81,44.99,315,86.8,101.9,0.3,2.472
2026-02-05,12.4,8.51,54.07,332.65,94.6,101.8,0.52,1.639
2026-02-06,9.74,8.47,38.11,330.28,99,101.5,0.72,1.58
2026-02-07,10.77,5.28,15.32,318.23,94.7,100.6,3.09,1.504
2026-02-08,10.19,3.07,82.78,264.2,73.4,101.8,0,2.527
2026-02-09,10.88,7.77,60.72,304.4,82.1,101.5,0.63,3.205
2026-02-10,9.78,8,44.09,327.89,93.5,101.4,1.85,2.405
2026-02-11,11.65,8.61,58.2,323.07,91.5,101.7,0.78,1.993
2026-02-12,11.73,9.34,66.15,326.3,94.7,102.1,0.06,1.767
2026-02-13,12.15,8.2,86.88,312.18,90.4,102,0,1.509
2026-02-14,10.96,6.6,52.52,320.3,93.9,102.3,0,0.683
2026-02-15,9.45,6.28,78.86,312.05,91.6,102.4,0,0.43
2026-02-16,9.38,5.05,56.48,314.84,93.7,101.8,1.04,1.152
2026-02-17,9.23,4.7,87.73,285,80,102.3,0,0.725
2026-02-18,9.21,4.95,63.97,307.24,80.4,102.4,0,1.203
2026-02-19,10.44,4.87,63.86,309.85,90.9,101.7,0.34,1.367
2026-02-20,6.58,3.39,54.63,304.62,75.4,101.6,0,1.401
2026-02-21,6.25,1.15,84.94,278.44,70.9,101.8,0,2.388
2026-02-22,4.08,0.56,93.11,257,63.3,102.3,0,3.742
2026-02-23,5.02,-0.28,73.78,280.68,68,102.5,0,2.327
2026-02-24,4.18,-0.44,98.74,266.57,71.3,102.3,0,1.251
2026-02-25,5.34,-2.92,88.61,262.1,83.4,101.8,0,1.475
2026-02-26,5.46,1.68,55.55,299.73,93.6,101.3,1.65,2.036
2026-02-27,5.76,1.52,83.34,291.87,78.6,101.6,0,0.352
2026-02-28,9.85,2.57,72.41,300.97,82.6,101.7,0.27,1.178
2026-03-01,12.3,4.54,59.15,331.12,91.8,101.2,4.66,2.94
2026-03-02,10.13,5.35,97.13,310.19,85.6,101.3,0.54,1.036
2026-03-03,12.05,9.7,81.59,334.12,91.3,100.9,0.56,3.059
2026-03-04,11.37,6.98,62.96,330.49,92,100.2,3.4,2.481
2026-03-05,8.46,3.19,122.13,263.51,65.6,100.6,0,2.357
2026-03-06,8.35,2.87,104.97,289.61,70.8,101.2,0,0.485
2026-03-07,10.98,3.95,74.75,315.79,83.4,101,0.74,1.481
2026-03-08,11.48,6.66,128.54,296.4,91,101.2,0,1.086
2026-03-09,12.84,5.16,161,265.13,88.6,100.9,0,0.703
2026-03-10,13.73,6.12,122.94,307.81,89.2,100.4,1.08,1.142
2026-03-11,11.84,9.95,69.23,345.19,95.3,99.8,1.82,1.738
2026-03-12,13.3,4.53,103.14,296.99,85,99.9,1.9,1.563
2026-03-13,12.05,5.61,122.42,301.56,87,100.2,0.92,2.286
2026-03-14,12.19,10.15,74.7,327.27,91.8,99.9,3.46,1.624
2026-03-15,11.25,2.72,125.27,282.5,77.9,100.1,1.11,1.921
2026-03-16,9.21,0.32,184.69,238.89,74.8,101,0,0.267
2026-03-17,10.64,2.12,137.87,275.22,77.6,101,0,0.653
2026-03-18,12.42,3.15,136.51,293.04,84.1,101.2,0,2.119
2026-03-19,13.48,9.72,96.08,340.05,93.1,101.1,1.39,2.424
2026-03-20,10.3,6.23,64.51,319.78,90.1,99.6,5.09,3.1
2026-03-21,8.65,2.67,93.08,274.88,73.1,98.6,1.46,2.991
2026-03-22,7.82,1.97,125.63,280.48,67,98.4,0.74,1.132
2026-03-23,8.23,1.91,158.61,263.73,58.4,100.1,0.43,1.092
2026-03-24,7.5,-0.25,193.13,240.44,60.2,101.2,0,0.727
2026-03-25,12.61,4.57,114.46,305.78,89.7,101,0.95,2.268
2026-03-26,11.39,6.07,119.73,306.66,73.3,100.8,2.71,1.558
2026-03-27,13.51,8.25,135.58,329.65,87.2,100.3,0.5,3.133
2026-03-28,10.61,7.45,144.55,309.94,73.5,100,2.56,3.646
2026-03-29,12.88,6.81,126.12,306.41,74.7,100.3,0,3.665
2026-03-30,11.42,8.33,54.54,337.35,92.3,99.5,8.94,2.96
2026-03-31,12.18,8.37,61.74,344.17,95,98.9,7.75,4.361
2026-04-01,11.56,4.79,49.82,314.6,84.4,99,20.13,2.263
2026-04-02,10.2,2.96,113.43,284.6,79.3,100,1.64,1.133
2026-04-03,11.56,1.4,161.77,269.49,84.1,100.4,0,0.658
2026-04-04,11.67,4.93,174.74,282.03,83,100.1,0.72,0.709
2026-04-05,11.92,5.75,201.78,292.36,73.8,99.4,0,2.755
2026-04-06,11.84,9.45,40.84,345.97,92.8,98.9,23.84,4.449
2026-04-07,14.64,8.34,110.18,345.82,90.7,99.4,12.31,4.329
2026-04-08,14.83,8.38,166.94,324.05,84.6,99.9,0.01,3.681
2026-04-09,14.82,6.99,213.15,286.75,82.1,100.7,0,1.318
2026-04-10,15.18,5.69,239.96,267.7,79.8,100.9,0,2.163
2026-04-11,15.6,3.79,223.89,290.7,84.3,100.4,0,0.513
2026-04-12,12.3,4.61,159.86,284.42,71.1,100.4,1.24,2.105
2026-04-13,12.11,4.01,110.84,307.31,79.1,101.1,0.48,2.591
2026-04-14,15.51,8.86,153.43,333.41,86.6,101,0,2.624
2026-04-15,14.65,10.1,165.43,334.19,87.3,101.1,0.53,2.447
2026-04-16,10.68,5.54,75.47,326.5,94.7,100.6,4.62,0.334
2026-04-17,6.27,2.02,59.51,298.76,95.3,100.1,6.53,0.552
2026-04-18,9.72,1.45,169.07,275.98,82,99.9,0.33,0.387
2026-04-19,11.71,1.77,169.46,280.58,77.5,99.8,0.29,2.05
2026-04-20,11.66,2.93,214.24,267.36,76.6,100.4,0,0.353
2026-04-21,13.08,0.52,271.41,249.85,75.2,100.6,0,0.556
2026-04-22,17.63,5.22,264.15,280.08,78,101.2,0,0.438
2026-04-23,20.35,7.2,274.93,291.3,80.9,101.2,0,0.369
2026-04-24,20.61,9.47,260.39,306.07,84.1,100.5,0,0.812
2026-04-25,17.61,8.95,239.84,314.26,80.9,100.5,0,0.504
2026-04-26,15.14,6.46,221.95,296.59,73.6,100.8,0,0.664
2026-04-27,13.07,5.17,160.93,309.23,89.2,100.4,0,1.292
2026-04-28,13.01,8.49,191.74,317.49,80,99.8,3.57,2.556
2026-04-29,13.03,8.72,134.36,329.83,85.6,99.4,2.65,3.355
2026-04-30,9.57,6.29,179,290.93,64.9,98.6,2.02,4.102
2026-05-01,10.61,6.47,138.9,300.88,66.8,99.5,0.1,2.287
2026-05-02,13.69,6.01,195.92,317.47,77.9,99.4,1.98,1.813
2026-05-03,13.45,7.25,147.88,313.93,84,99.5,0.85,1.933
2026-05-04,12.21,9.28,112.5,337.07,92.7,98.7,12.87,1.421
2026-05-05,14.08,7.19,156.5,321.18,91.8,99.6,2.82,1.519
2026-05-06,21.07,7.05,200.26,327.52,79.3,100.9,0,0.706
2026-05-07,20.99,10.21,236.07,322.38,80.3,100.9,1.83,0.222
2026-05-08,21.87,10.24,273.43,313.23,75.3,100.4,0,1.319
2026-05-09,22.1,10.44,293.4,304.06,70.8,100.3,0,1.987
2026-05-10,21.73,10.6,260.93,309.42,67.2,100.6,0,2.123
2026-05-11,21.26,10.63,274.99,302.08,66.5,100.8,0,3.058
2026-05-12,19.44,10.29,303.67,285.19,64.7,100.7,0,4.014
2026-05-13,21.27,9.16,276.15,312.72,77.4,100.3,1.24,2.38
2026-05-14,21.88,10.37,282.25,314.04,77.1,100.2,0,1.673
2026-05-15,19.77,11.39,267.85,315.2,73.8,100.3,0,1.646
2026-05-16,18.23,9.15,299.6,289.35,67,100.5,0,1.463
2026-05-17,15.25,7.38,266.68,282.75,62.2,100.6,0,1.747
2026-05-18,17.19,8.32,208.78,314.75,70.5,100.8,0,1.612
2026-05-19,18.06,6.43,314.91,272.93,79.1,100.6,0,0.306
2026-05-20,18.9,6.14,278.76,290.37,73.8,100,0,0.853
2026-05-21,16.18,7.76,225.3,295.49,69.8,99.9,0.43,1.317
2026-05-22,10.55,5.74,120.73,303.12,82,99.6,7.64,0.568
2026-05-23,10.88,4.73,153.82,298.27,77,99.7,2.14,0.684
2026-05-24,12.47,2.07,189.75,284.27,65.3,100.6,0.51,0.406
2026-05-25,13.49,4.6,220.95,295.16,66.4,101,0,0.813
2026-05-26,18.07,10.23,177.93,343.49,83.2,100.8,2.92,2.171
2026-05-27,16.25,10.33,262.41,302.18,67.4,101.3,0,0.518
2026-05-28,18.65,7.96,272.37,301.15,68.9,101.7,0,0.561
2026-05-29,20.76,9.97,262.85,321.05,77.8,101.8,0,1.061
2026-05-30,20.72,9.79,268.02,317.51,72,102,0,1.922
2026-05-31,20.08,9.81,266.55,314.23,70.4,102,0,2.533
2026-06-01,19.43,9.83,265.09,310.93,68.8,101.9,0,3.151
2026-06-02,20.94,10.55,317.59,301.38,69.6,101.3,0,1.213
2026-06-03,18.93,11.37,259.56,314.75,72.2,100.1,0.19,0.643
2026-06-04,13.49,7.19,177.42,308.73,55.5,99.8,0,1.518
2026-06-05,15.37,8.24,186.75,312.23,63.3,99.9,0,0.324
2026-06-06,17.7,7.3,221.59,303.86,82.5,99.7,0.69,0.525
2026-06-07,17.65,8.23,212.97,310.07,69.4,99.9,0,1.898
2026-06-08,17.2,7.49,250.11,298.56,62.5,100.4,0,1.502
2026-06-09,17.82,6.08,237.78,295.85,74.5,100.6,0,0.492
2026-06-10,20.19,9.56,231.34,317.85,79.5,100.2,0,1.699
2026-06-11,17.69,11.15,189.84,335.76,84.6,99.5,3.61,2.372
2026-06-12,17.14,10.56,241.82,312.59,62.7,99.7,0,1.268
2026-06-13,18.45,7.5,282.48,287.66,63.5,100.5,0,1.093
2026-06-14,21.59,11.58,215.32,337.66,78.4,100.7,0,1.512
2026-06-15,23.94,12.09,310.02,315.53,72.5,100.9,0,0.993
2026-06-16,21.11,11.49,246.72,320.09,75.6,100.6,0.54,1.445
2026-06-17,19.38,10.94,262.88,302.06,59.9,100.8,0,2.653
2026-06-18,19.7,7.84,342.12,274.68,56.7,101.3,0,2.656
2026-06-19,20.15,7.75,261.91,313.67,68.1,101.3,0,3.318
2026-06-20,21.54,12.49,297.86,319.29,64.8,101.1,0,2.665
2026-06-21,22.14,10.46,306.79,306.89,63.6,100.6,0,0.471
2026-06-22,20.79,11.9,256,322.58,64.1,100,0,0.952
2026-06-23,17.76,12.34,166.82,335.68,82,99.8,4.69,0.821
2026-06-24,19.26,10.63,247.63,318.85,81.2,99.8,1.55,1.251
2026-06-25,19.34,9.21,315.67,295.22,79,100,0.38,0.905
2026-06-26,19.91,10.54,308.57,304.87,77.9,100.4,0,1.019
2026-06-27,21.71,11.09,238.29,325.92,75,100.6,1,0.472
2026-06-28,26,14.53,199.94,357.52,64.1,100.5,1.08,2.18
2026-06-29,26.97,16.36,296.52,349.87,57.8,100.1,0,1.808
2026-06-30,26.87,14.73,328.8,338.33,69.1,99.3,1.82,0.441
2026-07-01,22,15.34,153.4,367.17,89.5,98.9,14.66,1.014
2026-07-02,20.57,14.22,295.16,318.75,76.9,99.4,0,1.259
2026-07-03,21.77,11.54,297.47,310.43,77.4,100.3,0.03,0.844
2026-07-04,23.49,12.78,304.41,321.32,75.5,100.7,0,0.598
2026-07-05,24.19,13.48,326.66,316.19,73.4,100.5,0,0.409
2026-07-06,25.47,17.52,297.27,341.17,68.4,100,0,0.602
2026-07-07,23.43,14.23,315.03,315.08,75.6,100.2,0.46,1.109
2026-07-08,25.09,15.01,261.87,334.81,73.1,100.1,1.31,0.246
2026-07-09,22.63,15.61,285.47,335.08,78,99.9,6.2,0.937
2026-07-10,22.3,13.1,289.74,318.02,81.5,100,0.95,1.142
2026-07-11,22.49,14.23,302.87,318.38,81.9,100,0,1.402
2026-07-12,23.4,15.04,274.91,330.37,74,99.7,0.96,1.948
2026-07-13,20.52,13.78,246.12,331.41,80.2,99.7,3.75,1.978
2026-07-14,22.66,13.49,299.57,324.53,69.4,99.5,3.4,1.76
2026-07-15,20.3,12.02,162.21,351.88,87,99.4,7.44,1.035
2026-07-16,22.93,15.43,249.79,354.5,84.3,99.1,8.1,1.668
2026-07-17,18.8,13.56,103.08,356.11,93.5,99.5,3.62,1.728
2026-07-18,21.94,15.12,280.12,335.14,81.3,99.3,0.52,2.015
2026-07-19,20.41,13.75,300.13,302.67,72.4,99.7,0,1.806
2026-07-20,21.91,12.82,223.48,332.77,78.3,100.1,1.26,1.307
2026-07-21,21.58,14.47,238.54,334.08,73.6,100.4,0,1.048
2026-07-22,19.73,15.05,152.7,356.77,88,100.1,4.03,0.288
2026-07-23,22.97,15.26,239.55,342.57,75,100,0.65,1.029
2026-07-24,23.46,13.01,293.03,308.19,75.4,100,0,0.458
2026-07-25,23.18,13.38,274.71,318.15,74.7,100.2,0,1.152
2026-07-26,23.84,14.02,247.94,333.03,73.7,100.5,0,1.36
2026-07-27,22.34,13.8,258.12,325.7,78.7,100.5,0,0.664
2026-07-28,25.13,15.61,271.83,331.75,69.3,100.6,0,0.394
2026-07-29,24.77,15.14,268.12,331.86,76.4,100.6,0,1.029
2026-07-30,22.1,14.36,293.99,302.29,61.6,100.8,0,0.849
2026-07-31,22.38,12.54,300.77,298.42,63.7,100.8,0,0.776
2026-08-01,22.66,10.73,307.63,295.47,65.8,100.7,0,0.506
2026-08-02,23.81,12.77,291.09,307.48,74.3,99.9,0,0.357
2026-08-03,23.49,13.68,254.95,326.3,70.4,99.9,0,1.73
2026-08-04,23.47,14.81,264.25,340.35,74.6,100,0,2.072
2026-08-05,20.86,13.48,214.87,329.27,64,99.8,0,2.518
2026-08-06,20.05,13.18,208.33,328.9,69.7,99.8,0.19,2.015
2026-08-07,21.87,12.74,190.8,335.98,72.5,99.4,5.11,1.696
2026-08-08,20.17,10.7,193.78,311.24,67.4,99.8,0.07,1.817
2026-08-09,21.42,11.21,237.95,307.33,67.7,100.1,0,1.97
2026-08-10,19.13,9.58,234.23,315.52,79.5,100,3.59,1.029
2026-08-11,19.08,13.6,162.34,342.44,76.4,98.9,7.6,1.825
2026-08-12,19.96,12.8,224.23,322.01,78.8,98.7,3.32,2.306
2026-08-13,19,13.76,181.05,340.91,86.3,99.5,0.38,2.26
2026-08-14,18.28,16.59,54.74,386.77,95.8,99.5,4.92,2.202
2026-08-15,21.3,14,211.18,337.28,84.6,99.6,0.94,1.828
2026-08-16,20.32,11.4,262.29,299.17,81.1,100.2,0,1.077
2026-08-17,21.46,12.28,253.38,318.53,86.4,100.1,0,0.647
2026-08-18,21.87,11.21,241.29,320.73,81.9,100.3,0,0.669
2026-08-19,23.16,11.48,265.93,301.99,70.2,100.6,0,0.516
2026-08-20,25.68,14.17,270.38,316.13,72.7,100.4,0,0.425
2026-08-21,25.86,14.2,196.95,347.14,76.2,99.7,3.12,1.007
2026-08-22,20.45,12.07,242.86,298.35,71.9,100.3,0,1.735
2026-08-23,20.92,12.2,204.4,312.49,71.9,100.5,0,1.59
2026-08-24,21.13,10.15,240.81,298.05,74,100.7,0,0.905
2026-08-25,25.55,12.42,233.84,320.17,69.1,100.9,0,1.386
2026-08-26,26.83,14.99,225.24,336.46,64.5,101.2,0,2.453
2026-08-27,28.09,14.56,249.63,323.87,62.3,101.3,0,2.696
2026-08-28,28.62,13.16,252.75,318.42,61.9,101,0,0.387
2026-08-29,21.96,12.66,249.67,296.45,59.5,101,0,1.842
2026-08-30,20.33,10.16,239.55,285.1,59.3,100.9,0,0.544
2026-08-31,20.66,9.38,243.8,282.42,58.7,101.1,0,0.499
2026-09-01,20.99,8.6,248.06,281.2,58.2,101.3,0,0.499
2026-09-02,24.27,11.89,242.6,305.68,71.3,101.3,0,0.656
2026-09-03,21.31,11.77,202.52,307.75,67.9,101.4,0,2.151
2026-09-04,21.15,12.3,200.51,314.01,64.5,101.2,0,1.463
2026-09-05,20.34,10.55,149.53,320.84,73.5,100.7,0,0.372
2026-09-06,20.03,9.8,204.12,295.67,53.9,100.7,0,1.537
2026-09-07,21.09,9.64,187.11,302.79,62.1,101,0,2.627
2026-09-08,21.18,10.2,205.93,300.98,65,101.1,0,2.176
2026-09-09,21.5,10.76,193.32,311.91,65.3,100.9,0,3.145
2026-09-10,24.43,12.08,210.29,312.91,60.4,100.5,0.71,4.312
2026-09-11,23.11,12.09,171.8,341.97,78.7,100.3,2.66,2.767
2026-09-12,23.69,12.01,207.03,321.92,77.1,100.5,0,0.151
2026-09-13,23.3,11.83,194.18,318.73,73.3,100.6,0,0.733
2026-09-14,20.57,12.01,138.68,331.66,81.6,100.6,0,0.791
2026-09-15,22.95,9.93,186.97,315.67,76.4,100.8,0,0.184
2026-09-16,22.87,11.53,178.99,315.15,72.8,101.1,0,2.536
2026-09-17,18.23,9.42,192.75,293.05,69.6,101.1,0,4.798
2026-09-18,21.37,12.36,183.69,312.48,64.9,100.5,0,4.981
2026-09-19,26.29,16.1,146.11,347.89,51.2,100.9,0,2.743
2026-09-20,30.91,15.17,195.55,342.38,35.4,101.4,0,2.307
2026-09-21,30.05,18.37,178.78,339.94,34.6,101.4,0,4.016
2026-09-22,25.82,15.83,192.95,310.29,46.7,101.1,0,4.524
2026-09-23,26.36,13.98,189.58,315.3,59.7,100.6,0,2.954
2026-09-24,27.41,11.59,160.46,339.63,74.6,100.5,0.48,0.519
2026-09-25,29.82,11.34,181.44,328.56,64,100.4,0,0.238
2026-09-26,27.8,11.07,175.04,324.74,61.9,99.9,0,1.289
2026-09-27,19.22,12.54,104.43,344.41,89.4,99.3,6.09,1.753
2026-09-28,16.9,8.12,147.16,279.33,64.2,100,0,1.762
2026-09-29,17.61,5.34,143.25,300.41,70.6,100.4,0,1.272
2026-09-30,19.35,12.61,133.85,324.82,79.3,100.4,0,1.715
2026-10-01,18.77,12.62,157.74,307.72,73.8,99.8,0,1.211
2026-10-02,15.43,5.36,88.53,304.89,80.2,99.4,0.38,0.793
2026-10-03,17.3,4.66,46.54,337.87,89.6,99.1,30.77,2.274
2026-10-04,16.43,10.32,90.93,310.49,76.2,99,0,1.896
2026-10-05,15.14,10.34,107.02,300.54,74.7,99.1,1.17,2.164
2026-10-06,14.03,9.05,40.27,315.93,76.9,98.3,1.44,2.624
2026-10-07,14.75,8.37,117.64,291.55,72.7,98.6,1.3,3.177
2026-10-08,15.46,8.04,55.77,321.58,82.9,98.7,42.3,2.3
2026-10-09,15.32,10.04,116.47,305.81,75.7,97.7,21.12,4.093
2026-10-10,13.84,9.3,102.97,292.24,78.1,98.8,0.57,2.981
2026-10-11,15.23,7.48,109.8,308.19,84.9,99.6,1.07,2.02
2026-10-12,16.57,8.99,54.21,332.36,93.4,99.7,1.38,2.191
2026-10-13,14.88,6.28,96.07,298.21,77.3,101,0,1.179
2026-10-14,15.58,4.97,122.2,283.14,79.4,101.4,0,2.192
2026-10-15,15.38,9.97,134.37,283.51,73.8,100.5,0,4.04
2026-10-16,14.63,8.82,113.43,284.92,74.1,99.8,0,3.99
2026-10-17,14.2,7.86,82.37,313.15,78.5,100,0,3.105
2026-10-18,14.27,6.42,104.9,292.95,80,99.6,0,1.375
2026-10-19,15.5,8.16,52.02,325.56,88,99.4,0.99,0.594
2026-10-20,12.5,4.22,98.51,284.12,82.6,99.3,0,0.46
2026-10-21,13.02,8.22,23.4,342.41,95.2,97.5,12.94,4.304
2026-10-22,12.88,10.71,49.06,315.92,92.8,97.4,2.47,4.522
2026-10-23,12.39,8,18.75,332.6,95.2,98.4,12.47,3.766
2026-10-24,10.05,5.15,80.84,293.27,76.9,99.1,0.91,0.475
2026-10-25,10.23,4.12,85.88,288.46,74.2,99.2,0,2.792
2026-10-26,11.95,6.33,40.53,323.53,89.4,99.7,0.95,3.117
2026-10-27,11.87,6.31,88.49,291.24,83.9,99.9,0,3.503
2026-10-28,10.21,7.41,38.71,317.41,83.6,99.7,0.64,4.838
2026-10-29,11.76,7.35,66.78,318.83,86.2,99.7,2.7,3.043
2026-10-30,10.87,6.58,44.1,315.04,95.8,100.2,1.92,1.206
2026-10-31,11.01,6.2,62.14,305.95,93.2,100.2,1.91,2.657
2026-11-01,11.15,5.82,80.56,297.02,90.6,100.2,1.91,3.928
2026-11-02,9.63,6.47,53.25,326.13,88.8,99.6,1.72,3.994
2026-11-03,9.24,4.18,89.56,278.82,80.2,99.7,0,1.526
2026-11-04,9.69,3.44,49.7,298.46,87,100.4,0,0.363
2026-11-05,12.38,5.44,52.96,299.91,87.9,100.1,0.85,1.736
2026-11-06,12.7,6.83,54.8,305.35,89,100.4,1.16,2.382
2026-11-07,13.54,9,13.19,335.98,93.7,99.1,15.04,3.416
2026-11-08,10.8,7.73,52.95,308.35,73,99.4,0.09,2.436
2026-11-09,15.97,10.13,36.83,359.76,94.9,98.6,4.06,3.416
2026-11-10,15.07,8.64,57.29,321.28,73.8,98.5,4.41,4.041
2026-11-11,14.4,8.74,50.45,329.39,86.4,99.6,7.39,3.485
2026-11-12,14.93,12.7,39.5,356.16,93.9,99.9,1.97,2.819
2026-11-13,13.29,8.65,69.82,305.57,76.5,99.8,14.08,3.278
2026-11-14,11.98,8.77,43.07,302.88,72.1,100.3,1.54,2.244
2026-11-15,14.1,7.99,49.24,320.04,74.3,98.6,20.95,4.075
2026-11-16,10.31,3.48,55.26,291.97,80.5,100,1.64,0.392
2026-11-17,13.26,7.38,45.02,309.24,82.5,98.3,5.51,2.291
2026-11-18,12.25,4.69,11.32,327.89,93.3,97,19.59,1.68
2026-11-19,9.8,4.45,19.23,304.86,86,96.6,1.82,3.879
2026-11-20,10.03,4.25,48.88,285.78,70,97.8,5.47,0.845
2026-11-21,7.84,3.31,22.72,306.65,93.8,97.4,21.95,0.808
2026-11-22,7.49,2.17,49.83,272.58,82.4,99.2,0.96,2.664
2026-11-23,7.96,0.3,54.79,262.01,89.9,100.1,0.79,1.655
2026-11-24,8.42,0.34,26.11,291.67,89.3,100.2,0.12,2.787
2026-11-25,10.02,4.67,40.33,316.88,92.6,100.4,0,1.771
2026-11-26,12.99,9.37,6.96,353.48,98.4,99.1,36.32,1.183
2026-11-27,9.73,6.35,36.23,309.48,83.4,98.2,8.42,1.706
2026-11-28,10.6,3.53,44.43,293.89,80.2,99.7,8.62,1.317
2026-11-29,12.71,8.74,54.05,294.62,82.2,99,8.05,2.808
2026-11-30,11.16,6.54,51.58,271.16,80.5,100.3,0,2.764
2026-12-01,12.44,3.23,19.41,312.7,96.3,101,15.39,0.903
2026-12-02,12.25,6.73,14.79,317.01,96.6,100.1,11.73,1.58
2026-12-03,9.39,4.37,31.02,278.88,92.2,101,0,1.373
2026-12-04,10.05,4.21,20.17,312.24,94.1,100.8,4.74,1.807
2026-12-05,10.56,4.56,43.46,288.6,81.3,100.4,7.43,2.286
2026-12-06,8.18,1.63,50.55,267.07,79,101.8,0,1.547
2026-12-07,10.33,2.98,42.37,287.9,92.7,102.2,0,1.145
2026-12-08,10.54,8.03,34.15,329.97,97.8,102.1,1.41,0.976
2026-12-09,11.36,5.72,17.09,328.91,98.2,101.7,2.02,0.631
2026-12-10,10.53,0.26,46.13,287.66,93.3,101.6,0,0.386
2026-12-11,11.3,7.78,13.5,346.18,96.8,100.4,13.05,2.368
2026-12-12,9.32,2.15,46.06,284.71,91.3,100.5,0,0.933
2026-12-13,11.33,9.31,14.55,348.28,92.8,99.7,8.96,2.234
2026-12-14,12.26,7.09,27.4,317.55,86.6,98.3,19.58,3.467
2026-12-15,9.84,7.08,30.5,296.69,73.7,98.5,0,3.743
2026-12-16,9.34,6.88,23.54,302.9,74.4,99.3,3.63,2.28
2026-12-17,13.41,6.68,8.11,337.83,92,98.2,22.24,2.883
2026-12-18,8.51,4.97,32.62,280.91,74.7,99.8,0,2.247
2026-12-19,11.89,4.9,2.89,331.29,91.9,99,49.5,1.37
2026-12-20,8.34,3.5,26.84,294.51,87.1,98.6,0,1.308
2026-12-21,6.92,-0.4,31.45,263.39,80.6,100.3,0,0.622
2026-12-22,8.65,-1.66,32.2,290.53,79.2,101.1,0,1.085
2026-12-23,10.25,8.54,23.14,322.67,76.6,100.8,0,2.814
2026-12-24,10.91,8.84,32.74,327.66,94.3,100.8,3.51,1.815
2026-12-25,11.01,7.76,26.11,320.62,82.2,100.8,0.9,2.262
2026-12-26,11.49,6.93,12.68,336.19,87.6,100.5,5.13,2.713
2026-12-27,11.68,8.48,27.44,332.74,90.8,99.5,11.96,3.358
2026-12-28,10.9,4.54,39.98,273.7,72.9,99.4,2.31,3.511
2026-12-29,12.34,6.71,16.01,338.9,93.2,99.3,7.9,3.294
2026-12-30,9.78,5.5,40.03,278.93,73.5,99.2,0.25,3.671
2026-12-31,9.8,5.48,35.63,288.73,77.9,100.1,0,3.106
2027-01-01,9.82,5.45,31.31,303.28,82.2,101,0,2.541
2027-01-02,12.23,9.66,24.27,344,97.4,101.4,0.92,2.18
2027-01-03,11.68,10.65,18.19,353.85,97.4,101.4,4.26,2.848
2027-01-04,12.41,11.21,16.38,358.93,98.7,101.3,1.9,2.372
2027-01-05,12.65,10.5,21.49,351.85,98.4,101.5,1.85,1.647
2027-01-06,11.72,10.36,17.96,350.67,97.8,101.4,1.82,1.692
2027-01-07,10.72,6.62,33.84,323.19,93.2,101,1.57,1.406
2027-01-08,7.58,2.32,49.51,255.22,82.9,102.3,0,0.61
2027-01-09,8.62,2.49,46.05,282.16,96.5,102.5,0,0.266
2027-01-10,6.46,1.76,29.24,297.96,95.9,101.9,0,0.841
2027-01-11,5.97,3.04,25.76,300.58,94.6,101.6,0,0.437
2027-01-12,6.72,2.79,38.87,294.02,94.4,101.8,0,0.894
2027-01-13,6.01,3.52,33.18,307.76,86.1,101.9,0,1.658
2027-01-14,5.08,0.83,35.37,289,86.4,102,0,1.856
2027-01-15,3.15,-1.19,36.32,264.89,86,102,0,1.548
2027-01-16,5.49,-0.22,38.44,291.5,89.9,102,1.29,2.457
2027-01-17,4.66,1.97,44.73,286.34,87.1,102,0.13,3.025
2027-01-18,2.91,1.07,42.58,285.89,79,102,0.97,4.069
2027-01-19,5.35,1.94,37.85,299.33,83.8,102.3,0,2.684
2027-01-20,5.6,2.23,48.97,289.81,90,102.1,0,1.009
2027-01-21,7.13,1.34,41.85,293.74,90.4,101.2,0,1.299
2027-01-22,8.47,4.26,47.43,298,84.4,100.6,0,2.422
2027-01-23,8.07,2.8,49.67,289.07,69.1,100.6,0,2.194
2027-01-24,3.89,-2.67,57.91,254.51,83.6,101.7,0,0.451
2027-01-25,8.39,2.16,34.14,308.19,96.6,101.2,4.86,1.697
2027-01-26,7.76,-1.07,57.56,268.93,86.1,101.4,0.4,0.777
2027-01-27,7.88,-2.54,55.52,270.94,91.4,101.1,0,1.516
2027-01-28,6.79,-0.72,43.31,275.38,83.5,100.3,1.06,0.684
2027-01-29,4.06,-1.03,65.83,261.43,84.7,100.7,0.46,0.559
2027-01-30,3.93,-2.91,66.79,257.5,88.4,100.8,0,0.916
2027-01-31,6.48,0.32,56.23,274.67,80.5,99.7,1.98,1.644
2027-02-01,5.96,-3.71,49.07,265.07,81.9,99.9,0.79,1.362
2027-02-02,5.91,-0.87,64.63,270.9,83.4,99.3,1.17,0.299
2027-02-03,6.52,-3.33,35.67,284.55,84.3,99.8,1.35,1.917
2027-02-04,9.74,4.48,52.85,300.89,92.4,99,3.28,2.801
2027-02-05,7.27,2.01,53.67,278.61,86,99.1,0.5,1.886
2027-02-06,5.57,0.99,75.03,261.04,79,99,0,1.087
2027-02-07,6.9,-0.33,70.11,262.41,77.9,100.1,0,1.37
2027-02-08,9.3,2.6,54.79,310.72,97.3,99.9,3.98,1.442
2027-02-09,9.41,3.2,40.51,304.46,93.1,98.5,12.84,2.073
2027-02-10,9.74,4.76,11.61,322.06,92.9,97.2,30.98,2.282
2027-02-11,7.54,4.62,75.24,277.13,69.8,96.6,1.19,5.022
2027-02-12,8.35,4.05,95.92,274.24,70.2,98.2,1,2.925
2027-02-13,7.67,3.63,81.72,278.72,81.5,97.7,6.62,1.997
2027-02-14,7.3,2.63,65.09,275.25,86.5,98.8,0.6,2.087
2027-02-15,8.28,-0.03,49.13,295.87,90.9,99.3,5.64,2.21
2027-02-16,10.55,6.83,44.22,331.36,95.4,98.1,43.15,2.999
2027-02-17,10.72,8.73,71.6,322.19,93.4,98,15.5,1.674
2027-02-18,10.47,6.86,62.29,308.98,96.3,97.9,2.92,1.117
2027-02-19,10.43,5.63,88.03,306.31,97.5,98.3,0,0.291
2027-02-20,9.35,4.9,67.45,312.51,92,98.9,0,3.087
2027-02-21,7.18,3.37,36.53,322.58,94.2,97.1,33.34,8.006
2027-02-22,3.36,-1.39,43.97,296.03,86.5,97.3,5.07,5.357
2027-02-23,2.81,-4.22,119.01,229.78,67.9,100,0,0.744
2027-02-24,2.02,-4.19,129.42,221.79,72.3,100.9,0,2.308
2027-02-25,1.42,-4.14,115.27,228.41,75.5,100.8,0,2.716
2027-02-26,0.25,-2.98,59.54,272.33,75.6,100.3,0,3.829
2027-02-27,1.04,-4.47,106.98,228.47,77.6,100.9,0,2.407
2027-02-28,2.19,-3.48,53.41,275.2,89.4,100.8,2,2.709
2027-03-01,1.23,-1.33,39.01,290.33,90.5,100.6,1.48,3.666
2027-03-02,8.07,-0.63,51.84,316.64,88.8,99.6,4.64,3.992
2027-03-03,10.54,4.55,39.32,324.09,94.1,96.5,33.12,3.402
2027-03-04,8.54,4.09,112.74,282.6,74.3,96.4,0.74,3.616
2027-03-05,8.16,4.75,55.3,301.1,84.1,96.1,3.84,3.105
2027-03-06,8.35,3.9,93.76,303.6,81.5,97.5,2.14,1.371
2027-03-07,6.11,2.47,17.2,315.41,87.8,97.2,19.88,5.531
2027-03-08,6.06,1.28,109.32,275.02,78.1,97.9,2.72,2.045
2027-03-09,7.34,0.13,82.55,268.74,84.4,99.3,1.04,1.544
2027-03-10,8.03,1,101.27,286.55,86,99.9,7.59,1.383
2027-03-11,11.31,6.41,75.54,331.49,95.9,98.2,7.58,2.353
2027-03-12,9.23,5.44,125.46,291.34,66.5,98.3,0,3.932
2027-03-13,7.99,4.02,122.92,293.86,61.6,100.2,0,1.866
2027-03-14,6.55,2.15,121.47,270.1,73.6,101.9,0,0.222
2027-03-15,10.45,4.59,91.9,316.04,89.1,101.7,0,1.833
2027-03-16,10.63,7.55,77.58,317.25,95.2,101.6,0,1.368
2027-03-17,12.77,7.19,74.13,324.05,91.9,100.8,1.6,2.191
2027-03-18,9.42,5.34,122.4,290.33,71.2,100.7,0.3,2.466
2027-03-19,9.73,4.05,90.19,302.4,77.6,99.2,7.9,3.44
2027-03-20,8.52,2.74,124.35,279.04,74.6,99.5,1.72,3.172
2027-03-21,10.62,6.69,88.69,315.66,78.9,99.1,5.02,3.912
2027-03-22,9.28,4.65,116.77,282.63,67.7,99.2,0,3.121
2027-03-23,9.15,3.18,151.52,261.63,65.6,100.3,0,2.579
2027-03-24,10.58,1.96,52.31,318.39,96,100.7,9.26,1.347
2027-03-25,10.81,7.19,38.57,330.3,94.6,100.3,9.64,2.335
2027-03-26,10.63,3.41,130.83,280.46,71.8,101.4,0,1.471
2027-03-27,9.46,3.08,87.7,299.67,80.3,101.2,0,0.542
2027-03-28,10.42,3.6,158.16,276.59,76.3,100.7,0,1.861
2027-03-29,11.73,7.49,136.48,315.31,85.3,99.9,4.71,1.955
2027-03-30,14.15,7.54,70.95,337.46,96.5,99.5,8.02,1.671
2027-03-31,12.47,3.9,187.07,261.5,80.2,100.8,0,0.648
2027-04-01,12.46,5.01,132.21,314.5,89.3,100.5,1.45,2.12
2027-04-02,11.87,10.01,48.77,356.64,100,99.7,12.01,1.247
2027-04-03,11.64,6.17,83.64,322.28,86,98.8,24.94,2.619
2027-04-04,8.96,4.94,103.02,295.69,65,99.2,0,3.636
2027-04-05,10.11,4.62,120.03,305.88,71.7,100.1,0,1.84
2027-04-06,7.97,2.59,153.71,286.4,69.8,101.8,0,0.387
2027-04-07,10.8,4.73,128.45,304.82,81.9,101.6,0,1.106
2027-04-08,9.7,3.68,162.79,295.54,85,100.9,0,0.733
2027-04-09,10.84,5.64,170.07,300.88,88.1,100.2,1.39,0.608
2027-04-10,10.32,3.72,176.43,292.12,81.4,100.2,6.73,1.172
2027-04-11,13.19,6.42,132.95,317.01,83.1,100.4,1.89,1.14
2027-04-12,12.2,6.3,122.03,318.13,94.4,101,0.7,1.912
2027-04-13,11.71,8.55,129.59,319.85,91.2,100.9,0,2.068
2027-04-14,13.01,9.19,120.71,343.08,96.4,100.6,1.23,2.411
2027-04-15,11.84,7.62,149.22,311.39,71.4,100.7,0.94,2.908
2027-04-16,12.83,7.92,126.24,314.69,77.8,100.1,3.01,4.221
2027-04-17,11.5,6.27,140.15,300.03,67.6,101.4,0,1.584
2027-04-18,12.12,2.71,230.21,268.73,77.2,101.7,0,1.677
2027-04-19,16.15,7.11,207.22,303.67,83.5,101,0,2.225
2027-04-20,13.85,7.79,227.35,294.14,86.8,100.4,0,1.039
2027-04-21,13.93,10.26,99.04,336.25,91.1,99.4,4.27,1.71
2027-04-22,14.84,11.23,95.15,358.93,99.1,99.1,3.68,1.797
2027-04-23,15.12,9.75,128.19,349.21,93.9,98.1,8.44,1.655
2027-04-24,11.18,8.76,166.46,313.73,78,97.6,6.81,4.084
2027-04-25,11.06,7.65,155.37,304.9,73,98.1,2.32,4.358
2027-04-26,11.82,7.85,129.83,317.62,73.6,98.5,0.7,3.807
2027-04-27,12.7,6.51,202.54,301.4,73.5,99.3,0.81,3.197
2027-04-28,10.9,5.74,192.24,300.1,71,100.7,1.83,0.861
2027-04-29,11.06,5.3,193.07,292.6,71.5,101.2,0,2.089
2027-04-30,11.85,7.36,240.35,284.73,68.7,100.3,2.61,2.396
2027-05-01,13.71,7.93,203.66,327.71,93.1,99.7,3.89,1.268
2027-05-02,15.07,8.81,201.07,318.01,82.2,99,5.22,3.555
2027-05-03,12.27,7.37,107.98,311.31,84.1,99.2,9.01,2.426
2027-05-04,10.32,6.43,163.23,290.51,67,99.1,0.96,4.368
2027-05-05,11.17,6.46,161.65,302.96,60.4,99.8,0,3.267
2027-05-06,13.52,7.65,184.15,311.22,73.7,100.5,1.4,0.892
2027-05-07,14.07,7.4,168.32,318.81,76.1,100.6,1.18,0.916
2027-05-08,13.21,5.54,168.9,316.46,85.5,99.5,10.87,0.651
2027-05-09,14.3,4.96,188.3,307.68,89.2,99.6,3.2,1.41
2027-05-10,13.69,4.35,170.9,299.12,91.1,99.9,4.48,0.43
2027-05-11,16.5,6.3,207.07,308.08,85.2,100.1,3.24,0.222
2027-05-12,14.86,6.53,198.8,315,91.9,100.3,0.29,0.386
2027-05-13,15.17,9.18,221.32,317.95,78,100.3,1.39,0.583
2027-05-14,16.07,9.04,176.77,321.15,84.3,100.6,13.23,2.094
2027-05-15,17.08,6.26,235.77,298.92,68.3,101.2,0,3.167
2027-05-16,17.02,5.93,321.94,261.61,67.3,100.9,0,1.335
2027-05-17,17.46,6.5,276.61,283.38,73.2,100.1,0,0.593
2027-05-18,13.65,7.97,165.9,308.25,73.7,100.1,0,0.833
2027-05-19,12.7,8.01,204.26,316.09,86.6,99.9,1.03,0.903
2027-05-20,12.96,3.55,156.39,298.37,76.1,99.5,0.25,1.822
2027-05-21,14,2.26,289.39,260.77,67.3,99.4,0,1.681
2027-05-22,11.5,7.84,60.23,323.23,80.2,98.8,19.13,4.075
2027-05-23,14.29,9.75,124.86,343.15,92.6,98.8,1.48,0.904
2027-05-24,13.49,9.18,138.31,338.14,90.4,99.3,2.73,1.685
2027-05-25,14.85,9.31,287.43,302.42,80.3,100.4,0,1.113
2027-05-26,16.88,10.44,252.62,318.64,84.7,100.8,0,1.238
2027-05-27,20.78,11.11,311.28,302.89,64.8,100.5,0,4.538
2027-05-28,19.88,11.39,332.23,290.99,62.7,100.2,0,4.777
2027-05-29,20.65,12.2,189.63,336.45,75.2,99.5,0.64,4.619
2027-05-30,18.26,12.3,270.79,327.93,84.4,99.2,9.23,0.592
2027-05-31,18.82,11.77,290.49,317.04,82.6,99.2,4.72,0.72
2027-06-01,19.38,11.24,310.41,306.14,80.9,99.2,0,0.972
2027-06-02,16.52,12.22,126.24,339.45,81.5,99.5,0.71,0.694
2027-06-03,15.33,11.23,146.52,333.02,90.7,99.2,7.39,1.278
2027-06-04,17.35,9.64,204.14,315.76,84.1,99.3,5.28,1.643
2027-06-05,16.42,8.36,254.54,295.33,71.3,99.8,0,1.695
2027-06-06,14.93,8.27,236.93,306.36,66.8,100.2,0,0.65
2027-06-07,14.63,5.97,192.55,306.06,75.5,100.2,0,1.12
2027-06-08,15.63,11.43,128.25,352.71,94.4,99.4,9.07,1.071
2027-06-09,18.19,11.27,260.91,320.74,88,98.9,0.82,0.767
2027-06-10,15.53,11.52,230.87,319.59,90.7,98.5,12.17,0.799
2027-06-11,16.76,10.53,248.44,317.03,89.7,98.5,13.97,2.19
2027-06-12,15.92,10.8,223.48,327.59,86.4,98.9,13.22,0.43
2027-06-13,16.64,9.81,257.93,312.6,64.1,99.8,0,1.218
2027-06-14,16.34,9.41,204.92,317.48,78.7,100.2,0,1.773
2027-06-15,16.59,12.59,209.95,332.77,83.6,99.7,0.41,1.26
2027-06-16,16,12.46,147.79,338.36,89.3,99.2,7.84,2.4
2027-06-17,16.45,10.82,161.37,333.09,91.9,99.2,3.92,0.321
2027-06-18,19.87,10.53,258.63,328.43,85.9,99.7,2.4,0.505
2027-06-19,18.65,10.57,207.94,325.76,84.4,100.3,5.13,1.128
2027-06-20,19.5,11.33,271.89,324.99,84.5,100.8,0,1.091
2027-06-21,18.01,12.97,247.65,337.51,74.7,100.6,0,2.073
2027-06-22,18.03,11.42,221.74,322.3,65.2,101,0,0.723
2027-06-23,19.03,10.6,296.32,306.39,70.7,101.1,0,1.373
2027-06-24,21.2,11.37,288,334.48,72.4,101.1,0,3.028
2027-06-25,19.15,11.85,269.31,329.43,70.8,101.1,0,3.7
2027-06-26,22.35,11.34,262.92,333.16,70.5,100.8,0.08,4.491
2027-06-27,19.56,11.75,157.14,346.46,82.3,100.3,3.88,4.371
2027-06-28,15.31,12.22,85.87,364.1,93.4,99.5,44.79,2.426
2027-06-29,14.83,11.49,117.44,358.56,93.8,99.5,10.12,2.511
2027-06-30,18.36,10.67,274.56,321.65,77.8,100.1,7.15,0.435
2027-07-01,18.29,10.55,240.98,313.74,80.7,100.3,0.87,2.022
2027-07-02,18.26,9.75,224.16,321.68,85.4,100.6,0.87,1.221
2027-07-03,19.02,12.33,199.68,341.72,84.8,100.5,4.91,1.617
2027-07-04,20.82,11.83,282.46,315.4,75.1,100.6,0,1.134
2027-07-05,18.74,13.94,260.79,329.71,78,100.2,0.16,2.276
2027-07-06,19.29,12.92,266.21,319.71,77.3,100.8,0.18,0.596
2027-07-07,19.07,11.58,284.02,307.8,72.1,101.1,0,0.566
2027-07-08,19.75,12.67,196.32,345.39,84.3,100,2.22,2.523
2027-07-09,18.23,11.94,242.58,312.26,75,99.6,0,2.122
2027-07-10,18.24,9.79,254.67,304.62,71.5,100.1,0.96,0.899
2027-07-11,19.09,7.92,276.62,295.9,72.2,100.7,0,0.556
2027-07-12,20.92,10.9,270.63,310.33,71,100.3,0,3.309
2027-07-13,23.45,10.55,317.7,315.97,80.4,100.3,0,0.231
2027-07-14,23.65,14.83,285.94,335.4,79.5,100.7,0,0.516
2027-07-15,26.43,15.59,288.98,347.39,79.1,100.4,0.12,0.279
2027-07-16,25.53,15.08,232.94,352.61,77.2,99.9,0.62,0.847
2027-07-17,24.92,15.53,316.12,332,79.8,99.9,0,0.093
2027-07-18,22.15,15.86,314.01,321.45,82.7,99.8,0,1.038
2027-07-19,21.87,14.29,198.34,352.49,86.1,99.5,5.43,1.195
2027-07-20,19.8,13.8,268.5,313.71,77.6,99.8,2.93,2.194
2027-07-21,20.54,13.85,220.65,326.51,72.8,100.2,0,2.585
2027-07-22,20.26,15.95,180.91,366.57,88.3,99.7,0,2.871
2027-07-23,20.02,14.29,191.09,349.42,83.3,99.2,2.04,2.952
2027-07-24,20.18,12.69,246.61,317.49,69.9,100,0,2.311
2027-07-25,18.17,12.1,180.94,324.26,80.9,99.9,0,1.465
2027-07-26,16.12,14.39,86,365.18,94.6,98.6,16.06,3.101
2027-07-27,20.11,13.83,215.74,343.8,84.8,98.7,2.61,0.491
2027-07-28,19.39,12.96,203.31,333.61,85.2,99,2.3,1.269
2027-07-29,19.25,14.05,191.37,348.66,88.2,98.9,0,0.771
2027-07-30,20.74,13.43,191.63,348.23,85,99.1,2.81,1.428
2027-07-31,20.19,13.09,220.68,335.85,83.6,99.2,2.4,1.481
2027-08-01,19.65,12.75,250.02,323.28,82.2,99.4,1.99,1.558
2027-08-02,19.68,11.76,263.34,311.83,80,99.5,1.24,1.494
2027-08-03,17.65,10.74,175.51,319.77,89.4,99.4,9.06,0.857
2027-08-04,18.6,10.08,197.88,313.64,88.9,99.6,4.1,0.994
2027-08-05,20.86,12.49,267.77,317.05,78.6,100.3,0,0.503
2027-08-06,21.45,12.81,262.73,317.13,74.6,100.8,0,0.405
2027-08-07,21.32,13.53,215.07,332.44,75.9,100.7,0.89,0.51
2027-08-08,19.63,11.91,245.84,313.32,75.2,100.6,0,1.449
2027-08-09,19.72,11.51,241.49,316.1,75.3,100.7,0,0.772
2027-08-10,21.22,10.79,291.24,300.53,72.8,100.9,0,0.562
2027-08-11,20.89,11.19,228.16,325.69,79.9,100.7,0,1.06
2027-08-12,21.44,12.1,232.03,318.87,75.4,100.6,0,0.923
2027-08-13,20,10.03,206.93,324.4,80.6,100.5,0,1.394
2027-08-14,20.59,15.8,163.32,372.3,91.4,99.9,3.77,2.404
2027-08-15,19.89,13.14,258.07,307.33,72.6,100.2,0,2.332
2027-08-16,20.76,12.42,229.19,309.64,72.9,101.1,0,1.033
2027-08-17,21.71,11.2,226.9,322.94,78.4,101.4,0,1.104
2027-08-18,23.15,13.79,241.13,335.37,85.8,101.3,0,1.035
2027-08-19,23.68,13.52,236.77,345.88,84.3,101,0,1.314
2027-08-20,23.06,15.24,193.34,352.32,85.2,100.9,0,1.071
2027-08-21,22.74,12.72,242.73,323.41,86.7,100.8,0,0.661
2027-08-22,25.23,15.6,212.99,348.78,80.2,100.8,0,0.299
2027-08-23,24.55,15.05,247.15,332.22,77.2,101,0,0.459
2027-08-24,25.65,16.54,191.86,357.18,81.5,101.2,0,0.386
2027-08-25,25.7,15.91,220.5,346.56,80.7,101.3,0,0.774
2027-08-26,28.59,15.97,253.92,339.46,77.3,100.7,0,1.682
2027-08-27,27.54,14.46,241.79,334.43,72.6,100,0,1.428
2027-08-28,20.1,12.72,172.3,318.43,72.9,100.8,0,1.149
2027-08-29,21.79,11.27,235.25,305.42,75.3,100.7,0,0.378
2027-08-30,23.71,10.97,245.56,308.63,81.1,100.2,0,0.163
2027-08-31,22.72,12.21,200.75,320.64,77.9,100.1,0,0.738
2027-09-01,21.73,13.45,157.04,329.98,74.7,100.1,0,1.365
2027-09-02,18.67,10.74,213.23,292.71,66.7,100.8,0,0.711
2027-09-03,20.09,9.33,195.68,306.01,72.6,101,0,0.897
2027-09-04,22.01,14.33,210.52,321.18,76.1,100.7,0,1.525
2027-09-05,22.87,13.63,180.06,343.62,82,100.6,0,1.018
2027-09-06,21.93,13.62,152.05,344.83,83.9,100.1,6.81,1.887
2027-09-07,19.45,11.86,196.37,309.93,73.7,99.9,0,1.977
2027-09-08,21.25,14.82,184.57,345.48,78.9,99.8,0,2.726
2027-09-09,21.83,15.72,118.22,379,86.6,99.8,1.44,3.083
2027-09-10,19.28,11.84,210.24,293.6,65,100.4,0,2.426
2027-09-11,18.04,10.35,135.2,322.94,75.4,101,0,0.76
2027-09-12,20.34,9.47,201.7,314.89,80.2,100.9,0,0.644
2027-09-13,23.89,11.06,169.23,331.94,78.9,100.8,0,1.506
2027-09-14,26.06,12.52,206.55,322.88,73.1,101,0,2.131
2027-09-15,25.64,16.23,141.44,357,73.5,100.7,1.15,4.503
2027-09-16,23.31,16.29,185.67,334.92,76.2,100.2,0,1.012
2027-09-17,22.64,13.87,163.77,336.52,83.7,100.2,0,0.501
2027-09-18,25.39,13.91,172.82,339.75,78.8,100.6,0,1.45
2027-09-19,25.98,17.49,160.3,353.31,69.3,100.8,0,5.01
2027-09-20,28.99,15.25,190.98,338.96,77.7,100.7,0,1.47
2027-09-21,22.98,15.65,157.51,344.95,85.5,100.4,0,1.009
2027-09-22,21.7,14.58,150.44,334.44,80.8,100.5,0,2.043
2027-09-23,20.42,14.76,105.29,355.81,85.9,100.3,0,2.835
2027-09-24,20.14,15.91,74.91,376.57,85.3,99.7,0.99,2.623
2027-09-25,17.38,12.39,81.44,326.05,80.3,99.2,5.54,2.233
2027-09-26,17.42,11.84,101.78,315.47,68.6,99.5,0,2.897
2027-09-27,18.43,13.93,72.14,356.75,82.8,99,1.68,3.502
2027-09-28,18.47,9.97,145.86,310.74,77.6,98.5,8,2.317
2027-09-29,15.68,8.44,145.37,286.47,75.4,99.2,1.19,1.721
2027-09-30,16.32,6.8,140.86,280.62,71.8,100.4,0,1.552
2027-10-01,16.46,6.61,156.43,282.78,74.1,100.9,0,1.039
2027-10-02,18.03,8.75,104.36,329.23,75.9,100.8,0,1.914
2027-10-03,16.24,12.63,22.61,356.48,85.3,100.1,14.45,2.684
2027-10-04,18.91,11.18,117.21,328.35,90.4,100.8,0,0.881
2027-10-05,19.1,11.51,92.53,346.58,90,101.2,0.28,1.933
2027-10-06,16.7,11.42,110.07,313.08,78.4,100.1,1.87,0.945
2027-10-07,15.79,9.24,140.06,291.71,76.1,100.4,1.93,2.213
2027-10-08,15.87,7.14,125.97,297.86,79.2,100.7,0,1.201
2027-10-09,15.87,13,63.31,362.03,91.9,100,12.49,1.578
2027-10-10,16.07,9.91,64.32,312.55,92.1,99.8,0.98,1.4
2027-10-11,15.92,9.21,83.06,320.51,84.8,99.8,2.36,1.995
2027-10-12,17.35,14.26,117.91,343.98,85.3,99.1,1.51,2.637
2027-10-13,18.72,13.24,60.11,358.01,89.5,99.6,1.19,3.587
2027-10-14,14.9,10.51,91.84,301.88,74.1,100.6,0,2.467
2027-10-15,15.8,9.9,90.05,302.78,82.7,100.6,0,2.775
2027-10-16,14.51,7.7,89.07,307.58,81.1,100.7,0,1.491
2027-10-17,17.47,11.45,31.25,361.04,93.1,99.9,2.18,2.586
2027-10-18,14.45,10.03,71.87,326.6,82.8,100,1.57,1.932
2027-10-19,17.6,11.47,41.22,359.43,95.6,99.4,5.16,2.105
2027-10-20,13.54,9.49,103.73,285.26,69.7,99.3,0.01,3.822
2027-10-21,11.96,7.46,90.74,276.67,78.4,100.3,0,1.922
2027-10-22,10.97,6.03,96.76,288.59,65.7,101.2,0,0.465
2027-10-23,12.41,3.58,109.86,279.47,78.1,101.9,0,0.512
2027-10-24,13.66,3.64,109.39,281.99,86.9,102,0,0.151
2027-10-25,13.99,6.21,89.57,303.71,92.4,102,0,2.314
2027-10-26,13.2,6.65,66.18,311.15,91.1,102.3,0.01,2.559
2027-10-27,14.5,4.97,105.72,282.78,90.2,102.1,0,1.784
2027-10-28,15.05,6.53,104.05,285.41,90.8,101.2,0,2.703
2027-10-29,14.68,8.61,99.76,300.68,87.1,99.8,0.82,1.508
2027-10-30,15.19,9.34,57.43,336.66,88.9,98.7,17.31,2.324
2027-10-31,14.06,8.73,73.95,311.34,81.6,98.7,8.83,2.313
2027-11-01,12.92,8.11,90.96,285.94,74.2,98.7,0.04,2.352
2027-11-02,12.94,7.95,46.43,325.93,82.5,99.5,10.13,0.424
2027-11-03,15.93,9.79,53.56,351.12,97.6,99.9,0.74,1.289
2027-11-04,16.72,14.37,32.29,370.06,96.4,100.1,5.6,2.481
2027-11-05,16.36,12.99,54.72,346.24,96.7,100.6,1.41,1.268
2027-11-06,15.32,13.55,28.98,368.21,97.8,99.9,1.69,1.931
2027-11-07,15.63,10.24,52.72,324.02,90.8,99.9,0.86,2.128
2027-11-08,14.39,8.81,63.38,308.21,77.5,100.3,1.08,3.238
2027-11-09,11.66,7.84,57.49,279.37,75.8,100.5,0.08,3.016
2027-11-10,10.81,6.92,53.84,298.94,69.5,100.9,0,2.189
2027-11-11,13.96,8.37,34.55,317.39,82,100.3,10.22,2.903
2027-11-12,13.25,6.74,41.75,310.13,87.8,100,4.87,2.605
2027-11-13,14.42,9.29,29.04,333.1,85.1,99.2,13.79,3.537
2027-11-14,15.93,5.07,24.91,316.31,89.1,99.9,4.79,2.506
2027-11-15,14.58,3.43,33.94,326.24,94.4,100.7,2.85,0.997
2027-11-16,14.59,14.01,20.62,369.61,96.5,100.1,6.56,2.283
2027-11-17,15.26,14.2,27.26,364.74,94.3,100.1,5.91,1.766
2027-11-18,15.77,14.2,54.99,336.13,84.8,99.8,5.51,2.09
2027-11-19,14.46,7.42,61.11,296.2,88.5,99.9,7.11,1.764
2027-11-20,14.48,8.62,36.54,322.8,91.6,99.3,21.63,1.922
2027-11-21,13.99,6.89,21.26,311.76,96.3,98.6,2.5,0.792
2027-11-22,10.79,5.93,53.3,276.3,85,99.5,0,1.765
2027-11-23,14.2,7.89,36.4,326.6,92.2,99.3,5.59,1.608
2027-11-24,16.3,7.61,21.85,335.67,85.7,98.4,21.5,2.847
2027-11-25,8.92,5.09,22.36,292.54,86.5,99,0,0.397
2027-11-26,11.53,5.58,29.71,293.26,78.8,98.8,0,2.103
2027-11-27,9.67,6.11,56.25,283.37,72.1,99.5,0,2.478
2027-11-28,12.66,7.14,15.75,322.94,86,99.4,21.23,1.862
2027-11-29,11.05,3.94,50.46,268.81,82.3,99.9,0,2.325
2027-11-30,13.3,3.6,21.03,318.92,91.2,100.1,31.39,1.933
2027-12-01,12.74,6.85,54.1,298.06,83.6,99.5,6.28,1.763
2027-12-02,11.93,5.77,49.78,287.09,83.3,99,6.93,2.003
2027-12-03,10.24,6.65,29.7,305.97,89.8,98.9,7.46,2.059
2027-12-04,11.08,7.44,24.43,319.33,96.5,99.5,2.13,1.452
2027-12-05,14.37,7.51,15.8,333.81,94.6,99.5,3.04,2.658
2027-12-06,9.33,4.1,36.27,294.68,86.8,100.4,0,0.588
2027-12-07,13.64,7.76,14.71,352.32,98.2,100,6.16,1.477
2027-12-08,12.34,7.13,5.68,330.62,94,98.5,24.23,2.052
2027-12-09,9.54,6.21,35.76,303.73,83.2,99.1,6.99,1.548
2027-12-10,12.21,7.32,36.46,308.47,80.4,98.8,7.58,2.583
2027-12-11,12.8,7.04,18.57,323.09,85.9,98.7,6.94,3.159
2027-12-12,9.51,5.63,32.9,274.44,74.5,98.8,0.01,2.462
2027-12-13,13.8,4.76,31.56,302.54,81.5,98.9,35.68,1.909
2027-12-14,7.51,4.54,40.77,266.46,76.9,99,0,3.459
2027-12-15,7.09,2,33.16,266.2,82,100.2,0,1.345
2027-12-16,9.75,0.45,36.11,293.26,80.3,101.4,0,1.209
2027-12-17,11.38,9.06,14.93,342.29,89.9,100.9,7.32,2.913
2027-12-18,12.36,6.27,40.39,309.36,83.9,100.8,12.12,2.012
2027-12-19,13.17,5.46,8.69,334.15,91,100.4,15.36,2.204
2027-12-20,10.2,6.1,37.47,284.9,66.2,101,0,3.283
2027-12-21,9.1,5.68,25.02,316.04,71.6,102,0,1.956
2027-12-22,10.49,8.36,25.92,313.47,82,101.4,0.62,2.82
2027-12-23,11.62,5.14,26.12,318.41,92.6,101.2,3.67,2.313
2027-12-24,7.34,0.6,44.69,255.64,76.3,102.4,0,1.756
2027-12-25,8.4,0.73,29.09,289.92,82.3,102.6,0,1.379
2027-12-26,9.43,4.49,32.81,302.7,95,102.2,0.81,1.638
2027-12-27,11.13,7.96,19.82,334.08,96,101.7,0.58,2.418
2027-12-28,11.74,7.77,24.99,312.85,91,100.8,0.37,2.852
2027-12-29,10.63,7.45,37.7,302.05,94.4,100.3,0,1.848
2027-12-30,11.04,6.81,20.78,319.17,93.2,99.1,10,2.233
2027-12-31,8.99,5.25,25.84,302.18,89.8,98.4,5.22,1.983
2028-01-01,6.93,3.7,30.91,285.97,86.4,97.7,0.26,1.764
2028-01-02,9.01,4.92,10.92,306.44,73.5,96.4,15.22,4.6
2028-01-03,9.24,5.88,49.06,266.03,67.8,96.9,1.46,5.108
2028-01-04,8.37,4.78,37.87,272.36,76.4,98.3,0,2.713
2028-01-05,7.53,3.63,35.45,280.33,85.3,98.8,0,2.099
2028-01-06,7.39,1.71,35.71,287.61,89,100.1,0,1.102
2028-01-07,11.07,5.07,15.39,341.3,96.4,99.6,10.64,0.849
2028-01-08,12.29,11.12,11.94,358.33,96.9,98.9,11.68,3.761
2028-01-09,11.99,6.74,48.2,303.48,70.1,99.9,0.82,3.211
2028-01-10,12.64,7.21,11.44,348.41,96.2,100.4,6.47,2.231
2028-01-11,12.76,11.42,17.67,357.3,96.3,99.7,5.16,2.195
2028-01-12,11.68,9.53,46.03,310.15,94.7,99.3,0.31,1.824
2028-01-13,12.45,7.35,31.52,319.93,95.9,99.3,12.09,1.759
2028-01-14,12.67,9.54,7.44,349.31,97.8,99.3,9.6,2.542
2028-01-15,11.05,8.32,20.71,320.13,98,99.7,13.03,1.293
2028-01-16,9.93,7.41,45.36,290.31,88.6,99.1,0.93,2.515
2028-01-17,9.33,5.03,50.95,269.09,92.1,99.3,0,1.828
2028-01-18,6.26,1.75,41.78,268.24,82.8,99.7,0.11,1.756
2028-01-19,5.89,1.3,29.33,289.76,90.1,98.5,12.33,1.282
2028-01-20,6,2.2,36.37,277.3,79.2,99.3,1.35,2.342
2028-01-21,4.41,-0.59,46.87,274.33,90.3,99.7,0,1.826
2028-01-22,2.82,-1.04,46.81,265.38,83.8,99.9,0,1.423
2028-01-23,4.86,1.13,19.53,310.51,82.4,99.3,15.94,1.803
2028-01-24,3.35,-1.82,20.31,298.54,97.6,98.2,14.64,1.979
2028-01-25,0.29,-3.5,46.51,269.57,90.4,97.9,0,0.473
2028-01-26,0.41,-1.94,27.3,283.35,95.2,98.3,6.59,0.68
2028-01-27,2.85,-3.51,63.93,238.74,84.5,99.9,0,1.673
2028-01-28,8.69,2.53,13.44,314.69,96.2,99.5,9.6,1.352
2028-01-29,13.36,7.17,15.83,346.51,97.9,99.5,10.27,2.089
2028-01-30,13.43,10.1,27.36,351.49,97.5,100,3.13,1.889
2028-01-31,13.05,10.21,13.88,355.71,98.2,99.9,8.04,2.321
2028-02-01,10.63,6.03,66.1,284.73,93,100.7,0,1.126
2028-02-02,11.58,8.03,45.06,338.25,97.8,100.7,1.24,1.174
2028-02-03,11.16,6.51,29.18,334.61,95.8,99.6,6.31,2.017
2028-02-04,7.29,2.82,74.07,255.05,70.6,100.2,0,3.176
2028-02-05,8.29,1.75,53.03,283.8,83.7,101.8,0,1.235
2028-02-06,10.88,5.05,76.65,299.59,86.5,101.6,0,2.489
2028-02-07,10.75,6.34,56.55,313.98,96.2,101.5,0.52,1.277
2028-02-08,9.69,6.13,73.87,307.46,92.7,101,0.36,1.448
2028-02-09,10.94,7.27,46.3,331.27,85.7,100.6,0.86,2.146
2028-02-10,10.81,7.19,43.16,331.4,88.3,100.3,0.86,2.663
2028-02-11,10.89,8.85,40.01,342.55,96.8,99.9,1.97,2.093
2028-02-12,11.95,10.14,50.46,343.18,95.8,99.2,1.73,2.467
2028-02-13,13.76,5.53,39.83,309.52,78.4,98.9,10.01,2.225
2028-02-14,10.06,4.73,74.3,292.13,79.8,100.8,0,0.864
2028-02-15,9.69,3.11,98,261.15,76.1,101.5,0,3.452
2028-02-16,6.59,5.14,89.11,289.48,73.4,101,0,6.114
2028-02-17,6.75,3.38,105.85,270.89,75,100.1,0,7.057
2028-02-18,5.14,-1.18,115.93,233.21,71.4,100.3,0,5.354
2028-02-19,2.13,-3.02,77.72,251.09,74.2,100.3,0,2.666
2028-02-20,2.63,-3.28,73.79,266.69,87.8,100,4.54,3.127
2028-02-21,2.83,-2.93,107.85,244.84,84.1,99.8,1.37,2.491
2028-02-22,2.95,-4.29,128.9,216.23,83.2,100.7,0,0.788
2028-02-23,8.45,-2.15,32.27,291.92,88.3,100.5,6.07,1.03
2028-02-24,8.72,3.53,34.46,301.92,96,100.4,15.15,0.804
2028-02-25,10.72,4.82,61.72,324.11,87.3,98.8,5.5,2.487
2028-02-26,6.69,3.44,68.74,299.23,80.2,99,0.78,3.149
2028-02-27,6.55,1.09,90.33,281.16,74.7,100.9,0,0.524
2028-02-28,12,5.83,77.97,321.76,92.9,101.2,2.02,1.781
2028-02-29,11.43,5.88,72.34,319.08,90.2,101.4,2.3,1.364
2028-03-01,10.86,5.93,66.7,315.22,87.5,101.6,2.59,0.982
2028-03-02,8.87,1.76,139.42,257.49,77.1,102.6,0,1.523
2028-03-03,8.85,0.08,140.56,256.03,79.9,102.2,0,0.217
2028-03-04,9.51,2.54,103.28,305.23,79.2,102.2,0.93,0.299
2028-03-05,8.43,3.45,72.7,304.8,80.4,102.8,0,0.191
2028-03-06,11.8,3.69,85.75,313.4,87.3,102.1,1.65,2.619
2028-03-07,9.42,5.57,97.03,300.51,73.7,101.9,0,1.003
2028-03-08,8.12,3.21,93.12,291.85,76.8,102.5,0,0.361
2028-03-09,10.03,2.72,83.08,303.5,84.4,101.8,0,2.322
2028-03-10,8.28,1.36,85.08,292.55,64.6,100.9,0,1.33
2028-03-11,5.57,-0.35,130.18,260.06,62.4,100.4,0,0.924
2028-03-12,5.57,0.02,116.14,263.19,66.8,100.9,0,0.676
2028-03-13,6.85,-0.62,45.47,290.93,91.6,100,5.02,1.767
2028-03-14,7,2.09,80.34,286.35,85.9,98.4,1.45,1.436
2028-03-15,5.35,-1.37,81.57,273.13,89,98.7,0.83,1.003
2028-03-16,6.34,-2.33,110.89,271.65,82.9,99,4.07,0.743
2028-03-17,10.01,0.66,28.03,319.73,90.7,98.6,20.7,1.787
2028-03-18,10.2,8.44,34.51,337.44,94.7,97.7,24.51,2.538
2028-03-19,11,7.87,137.43,291.95,92.7,98.1,0.69,1.882
2028-03-20,12.02,7.19,168.3,276.18,83.7,98.9,0.04,1.43
2028-03-21,12.19,7.2,97.89,316.1,87.5,99.2,14.71,3.157
2028-03-22,13.19,6.98,158.25,303.23,81.4,99.6,1.93,1.792
2028-03-23,11.68,7.14,140.41,304.97,86.6,100.4,8.56,2.595
2028-03-24,13.96,9.88,70.07,355.61,96.4,100.3,3.61,2.774
2028-03-25,15.82,10.96,104.14,352.72,94.6,101,0.68,1.917
2028-03-26,13.93,8.67,117.08,323.24,87.9,100.2,2.05,3.22
2028-03-27,9.54,5.66,136.14,288.9,68,100.1,0.54,2.956
2028-03-28,9.8,4,115.06,288.16,71.5,100.8,0,1.579
2028-03-29,12.01,4.44,125.8,308.8,87.6,101.4,1.75,0.78
2028-03-30,13.34,5.64,145.62,316.64,90.1,101.6,0,1.495
2028-03-31,11.81,7.1,164.18,291.32,90.2,101.2,0,1.36
2028-04-01,12.45,7.96,101.32,314.55,85,99.7,0.81,3.256
2028-04-02,11.57,6.66,162.23,298.07,70.3,100.6,0,2.46
2028-04-03,12.37,5.97,158.14,307.09,82.7,100.8,0,2.043
2028-04-04,11.31,5.41,89.26,310.07,81.2,99.7,4.58,2.309
2028-04-05,11.2,2.81,171.95,266.43,65.6,100.7,0,0.785
2028-04-06,11.87,1.65,137.35,285.65,81.3,101.4,0,1.341
2028-04-07,14.66,4.45,172.1,298.42,82.1,101.4,0.24,1.176
2028-04-08,13.5,4.18,162.21,304.97,84.7,100.4,0,2.755
2028-04-09,10.4,4.19,154.23,272.97,61.6,100,0,2.479
2028-04-10,9.74,2.87,161.8,265.83,64.6,100.7,0,0.696
2028-04-11,9.84,1.89,186.99,272.59,68.1,100.8,0,1.157
2028-04-12,11.07,6.3,191.43,283.09,71.9,101.1,0,1.036
2028-04-13,13.49,4.7,222.74,279.88,71.4,101.7,0,1.553
2028-04-14,13.53,4.46,254.11,254.08,61.6,101.4,0,4.091
2028-04-15,14.71,5.01,262.21,254.11,64.1,101.1,0,3.683
2028-04-16,15.75,4.14,255.91,263.12,71.9,101.1,0,2.578
2028-04-17,17.08,4.6,261.39,267.26,64.3,101.1,0,2.2
2028-04-18,17.31,5.96,270.67,268.3,74.4,100.9,0,1.103
2028-04-19,17.29,4.44,270.5,271.65,76.1,100.8,0,0.631
2028-04-20,15.61,10.33,211.79,316.97,83.9,100.4,12.46,1.751
2028-04-21,14.72,9.46,195.32,318.58,87.2,100.1,12.19,2.216
2028-04-22,12.62,8.23,205.69,302.56,67.4,101,0,1.887
2028-04-23,11.62,8.25,116.02,322.55,80.6,100.9,2.82,2.411
2028-04-24,15.76,6.63,198.33,302.1,71.6,100.3,0,2.177
2028-04-25,11.43,6.51,127.58,312.99,74.3,99.4,0.38,2.79
2028-04-26,11.32,4.9,157.6,290.69,75.4,98.9,1.36,1.514
2028-04-27,10.07,4.34,181.58,288.65,70.4,99.3,0.75,1.909
2028-04-28,9.1,2.51,157.51,281.37,76.5,98.8,1.61,1.378
2028-04-29,9.87,1.3,98.68,301.73,84.7,98.2,8.87,1.172
2028-04-30,10.86,2.06,159.93,297.35,78.7,99.5,1.03,0.586
2028-05-01,16.16,6.94,201.07,325.51,88.8,99.1,5.31,2.308
2028-05-02,16.28,6.98,130.02,335.01,87.9,98.9,7.28,1.374
2028-05-03,12.38,4.55,194.01,284.75,66.2,100.1,0.83,1.918
2028-05-04,12.23,2.46,166.9,293.72,69.3,100.7,0,2.976
2028-05-05,12.94,9.7,142.9,343.06,92.1,99.7,5.23,2.065
2028-05-06,14.13,8.69,180.43,324.48,90,99.4,0.75,1.578
2028-05-07,12.46,3.89,141.51,301.62,86.7,98.4,8.55,1.366
2028-05-08,13.14,3.82,146.13,305.72,80.9,98,1.83,0.547
2028-05-09,7.29,1.76,125.17,302.36,82.9,98.8,7.9,1.047
2028-05-10,7.96,1.53,146.91,274.35,82.5,98.9,5.3,1.051
2028-05-11,11.82,2.45,218.52,277.19,78.7,99.7,0.66,1.188
2028-05-12,14.15,0.29,246.32,267.65,70.6,100.4,0,0.323
2028-05-13,14.89,3.22,258.94,272.68,71.4,100.5,0,0.305
2028-05-14,15.53,6.17,198.96,306.47,81.6,100,0.87,1.484
2028-05-15,15.03,7.95,199.05,313.36,77.7,99.8,0,0.524
2028-05-16,14.5,7.33,176.74,319.24,81,100.3,1.43,0.452
2028-05-17,14.2,6.4,187.78,298.83,82.1,99.9,2.9,1.873
2028-05-18,12.5,7.35,203.4,306.15,78.5,99.2,2.63,3.593
2028-05-19,13.5,8.71,260.61,294.21,68.7,100,0,3.692
2028-05-20,12.13,7.7,198.31,302.76,65,100.5,0.7,3.898
2028-05-21,12.78,8.18,187.51,316.23,60.2,101.2,0,2.751
2028-05-22,15.3,8.31,266.39,306.2,68.2,101.7,0,0.795
2028-05-23,19.28,9.72,245.12,320.57,81.7,101.7,0,0.56
2028-05-24,19.4,9.35,321.41,294.68,70.8,101.7,0,1.333
2028-05-25,16.92,7.62,315.46,274.66,71.2,101.5,0,1.849
2028-05-26,17.48,5.05,317.37,269.89,78.5,101,0,0.517
2028-05-27,19.23,6.25,328.71,278.98,69,100.8,0,0.04
2028-05-28,18.62,9.03,327.18,281.77,62.1,100.9,0,1.587
2028-05-29,18.26,9.4,299.8,291.48,71.2,100.5,0,2.668
2028-05-30,16.22,12.92,183.29,347.89,89.4,99.3,0.01,2.671
2028-05-31,17.69,13.2,209.21,348.46,88.1,99.4,4.02,2.126
2028-06-01,19.16,13.48,235.41,349.1,86.9,99.5,7.72,2.29
2028-06-02,17.32,14.32,133.85,371.34,96.2,99.7,8.05,1.701
2028-06-03,15.83,12.39,154.92,344.21,92.9,99.3,2.79,2.209
2028-06-04,16.64,12.85,189.42,357.15,91.7,99.9,0.48,2.653
2028-06-05,17.77,11.87,258.96,329.44,86.4,100.2,0.8,1.398
2028-06-06,21.75,9.29,327.18,304.57,81.1,100.2,0,0.385
2028-06-07,22.39,12.94,297.77,327.27,82.1,100.6,0,0.702
2028-06-08,26.41,14.41,299.76,353.05,79.5,100.8,0,0.648
2028-06-09,26.4,16.39,294.26,347.87,63,100.6,0,4.677
2028-06-10,27.55,16.91,311.03,351.92,64.6,100.5,0,4.749
2028-06-11,28.51,17.96,342.02,334.78,56.7,100.5,0,5.735
2028-06-12,28.07,19.16,345.6,328.73,48.5,100.7,0,4.977
2028-06-13,28.22,17.73,342.76,327.59,52.3,100.5,0,5.187
2028-06-14,29.08,18.16,341.48,333.57,64.5,100.1,0,1.427
2028-06-15,23.36,11.66,341.21,304.01,61.3,100.3,0.01,0.771
2028-06-16,18.5,11.06,333.33,279.9,57.9,101.2,0,0.702
2028-06-17,22.76,11.9,292.31,333.63,74.1,100.9,0,2.196
2028-06-18,25.84,15.94,318.16,334.46,59.7,100.5,0,2.194
2028-06-19,21.63,12.63,320.07,314.45,66.9,100,0,1.935
2028-06-20,17.24,10,313.19,282.09,56.9,100.1,0,0.523
2028-06-21,18.72,7.88,223.18,304.75,64.5,100.1,0,0.928
2028-06-22,19.56,10.7,286.44,315.91,77.9,99.7,5.06,0.465
2028-06-23,18.46,12.83,253.86,326.25,78.2,99.1,5.39,2.664
2028-06-24,18.47,10.58,267.61,302.36,58.2,100.3,0,3.02
2028-06-25,18.42,10.33,187.54,320.55,68.2,100.8,0,1.805
2028-06-26,17.2,13.43,180.87,351.67,89.5,100.2,7.85,2.066
2028-06-27,19.8,12.82,270.79,327.82,78,100.1,0,2.078
2028-06-28,17.11,14.32,71.38,368.55,98.1,99.4,18.67,1.447
2028-06-29,19.18,12.26,268.31,325.96,84.7,99.1,3.96,1.636
2028-06-30,17.38,11.24,258.23,313.64,88.1,99,18.79,0.839
2028-07-01,19.07,9.9,242,321,78.5,99.3,1.75,0.999
2028-07-02,18.78,8.53,248.41,307.69,84.1,99.9,3.28,0.301
2028-07-03,17.78,10,254.73,314.2,83.9,100.1,8.35,1.3
2028-07-04,18.5,10.18,262.6,314.86,78.7,100.8,0,1.257
2028-07-05,17.86,13.65,196.88,344.11,90.1,100.5,1.5,1.351
2028-07-06,20.04,12.09,231.66,334.08,84.3,99.9,0,0.605
2028-07-07,18.84,13.36,201.07,337.44,90.3,99.1,4.96,0.738
2028-07-08,19.17,13.18,215.52,332.6,87.4,99.1,8.95,1.132
2028-07-09,20.06,11.02,301.11,300.67,70.6,99.9,0,0.5
2028-07-10,20.58,9.91,314.45,291.89,70.7,100.1,0,0.83
2028-07-11,22.68,11.88,292.73,308.25,68.7,100.4,0,0.485
2028-07-12,20.85,13.15,188.74,349.46,87.6,100.6,3.33,1.272
2028-07-13,23.73,14.76,300.03,325.67,73.7,100.9,0,0.452
2028-07-14,26.23,14.47,328.93,328.89,74.1,101,0,0.387
2028-07-15,26.56,15.72,318.55,334.03,76.2,100.9,0,1.762
2028-07-16,25.75,16.54,289.56,344.42,75,100.7,0,3.948
2028-07-17,28.37,17.17,325.89,329.84,57.2,100.2,0,4.906
2028-07-18,30.11,17.65,315.03,341.96,60.7,100,0,0.936
2028-07-19,27.81,17.52,310.95,342.71,65,100.2,0,0.572
2028-07-20,23.23,15.32,208.74,344.32,75.9,100.6,2.09,0.563
2028-07-21,23.97,14.36,258.96,328.25,66.3,100.8,0,1.261
2028-07-22,24.52,11.67,323.7,303.29,69.8,100.6,0,1.336
2028-07-23,28.02,13.32,296.73,337.43,71,100.2,1.49,2.36
2028-07-24,28.29,16.96,281.99,364.84,70.6,99.7,4.09,4.469
2028-07-25,23.23,16.95,182.69,361.37,79.2,99.4,0,0.476
2028-07-26,22.75,14.47,173.17,345.86,78.3,99.4,3.27,2.385
2028-07-27,20.79,13.23,243.7,317.22,69.3,99.5,3.64,2.446
2028-07-28,20.25,15.98,151.57,360.62,89.7,98.7,19.32,3.142
2028-07-29,20.9,14.51,193.04,348.64,77.1,98.4,18.21,2.507
2028-07-30,18.8,12.75,193.89,326.97,78.1,99.1,4.26,2.222
2028-07-31,19.25,13.37,231.95,326.58,80.5,99.3,4.19,1.948
2028-08-01,19.69,13.98,270.64,326.24,82.9,99.5,4.11,1.675
2028-08-02,19.08,14.29,102.09,369.65,96.6,99.1,20.2,0.3
2028-08-03,19.78,13.68,237.92,339.85,88.4,99.1,2.83,1
2028-08-04,21.78,13.44,263.19,331.12,76.6,99.2,1.03,2.14
2028-08-05,20.49,12.83,246.7,315.1,73.7,99.7,0.07,2.404
2028-08-06,20.52,12.41,243.28,314.04,74.7,99.8,0.81,2.233
2028-08-07,19.94,12.07,267.92,305.88,74.3,100,0.15,1.524
2028-08-08,17.44,9.84,177.21,320.82,71,100.1,0,1.484
2028-08-09,18.47,11.11,131.26,346.39,86.5,100.3,4.75,1.873
2028-08-10,21.46,14.67,187.09,353.04,81,99.7,1.18,3.241
2028-08-11,19.71,13.67,236.78,317.01,72.2,99.1,0.22,4.09
2028-08-12,18.58,12.89,175.09,325.3,80.6,99,2.06,3.318
2028-08-13,17.93,11.37,201.24,313.02,80.4,99.2,2.33,2.317
2028-08-14,18.34,11.19,211.2,311.3,76.5,99.7,1.9,1.866
2028-08-15,16.43,10.53,142.45,341.97,90.2,99.6,8.7,1.955
2028-08-16,18.91,12.17,256.25,301.59,72.6,99.5,0,3.17
2028-08-17,17.69,10.98,180.28,314.91,72.6,100.3,0,0.952
2028-08-18,18.09,8.88,189.62,299.57,73.1,100.5,0.48,1.174
2028-08-19,18.04,10.35,167.14,331.78,87.6,100.6,1.98,2.04
2028-08-20,20.33,15.67,99.31,378.06,91.6,99.9,2.9,2.109
2028-08-21,20.31,13.39,249.58,323.64,73.6,99.3,1.63,3.026
2028-08-22,19.27,12.61,196.08,314.22,80.7,99.6,2.07,2.528
2028-08-23,19.22,10.77,212.81,306.85,78.4,100.6,0,1.215
2028-08-24,18.39,11.77,129.29,355.44,88.2,100.4,1.09,1.933
2028-08-25,19.8,11.71,222.25,315.82,76.9,100.3,0,1.787
2028-08-26,19.38,10.58,220.72,302.16,74.4,100.8,0,1.506
2028-08-27,17.23,10.6,133.39,341.92,84.3,100.7,3.58,1.001
2028-08-28,20.96,15.82,116.84,380.23,92.4,99.8,0.77,2.374
2028-08-29,20.91,13.78,174.77,345.46,85.1,98.9,7.44,2.935
2028-08-30,18.18,10.49,194.27,301.65,72,99.7,0,1.837
2028-08-31,17.75,9.82,206.58,293.68,72.4,100,0,1.865
2028-09-01,17.31,9.16,218.92,286.27,72.8,100.3,0,1.893
2028-09-02,16.61,9.02,84.51,335.98,86.2,100.1,8.43,1.281
2028-09-03,17.46,12.58,149.08,340.65,82.8,98.7,4.55,4.386
2028-09-04,17.07,10.1,207.26,290.74,68.7,100.6,0,2.445
2028-09-05,15.86,8.31,176.34,294.77,67.9,101.5,0,0.504
2028-09-06,15.88,7.15,198.69,280.48,68.5,101.8,0,0.352
2028-09-07,17.71,6.96,218.12,289.03,73.9,102,0,0.427
2028-09-08,20.24,8.19,220.11,301.99,69.4,101.8,0,1.875
2028-09-09,21.17,10.68,208.7,323.51,74.5,101.2,0,2.912
2028-09-10,19.34,11.45,169.71,309.76,79.3,100.8,0,2.042
2028-09-11,18.64,8.57,212.7,292.97,79.8,100.6,0,0.815
2028-09-12,18.47,11.55,135.75,342.46,85.6,100.5,0.73,0.482
2028-09-13,19.03,10.99,129.78,339.77,91.4,100.2,2.77,0.365
2028-09-14,16.18,11.91,90.11,347.49,95.5,100,19.23,2.549
2028-09-15,18.83,12.77,152.82,341.81,90.9,99.7,4.43,0.229
2028-09-16,17.94,10.38,139.19,323.46,89.6,100,0.8,1.243
2028-09-17,16.39,9.24,137.27,307.41,82.7,99.7,5.35,1.392
2028-09-18,16.25,8.55,142.17,299.15,73.7,100.3,0,1.931
2028-09-19,18.09,10.71,112.83,329.59,86.5,100.4,0,1.724
2028-09-20,17.21,10.22,156.01,317.96,92.3,100.5,0,0.808
2028-09-21,17.09,13.06,102.76,350.03,90.3,99.8,0.86,1.003
2028-09-22,17.58,13.58,131.37,335.92,84.7,98.8,6.2,1.481
2028-09-23,15.88,11.95,76.82,331.87,83.1,97.7,48.54,2.372
2028-09-24,16.14,10.18,146.85,309.35,75.1,98.7,3.4,3.035
2028-09-25,16.02,11.49,138.96,326.27,87.7,98.5,15.95,3.214
2028-09-26,16.42,10.8,107.64,326.2,89.8,99.7,0,1.925
2028-09-27,19.21,11.98,57.35,373.77,96.1,100,1.07,1.844
2028-09-28,19.69,15.35,87.71,372.13,91.8,100.4,0.78,2.221
2028-09-29,19.15,12,166.23,312.64,93.1,100.9,0,1.072
2028-09-30,15.12,11.8,89.4,350.13,99.4,101.2,0.68,0.434
2028-10-01,19.77,11.97,144.2,338.97,94.7,100.7,0.2,0.499
2028-10-02,17.3,10.8,131.05,318.61,83.4,100.8,0,1.366
2028-10-03,16.66,10.1,135.09,303.4,84.4,100.9,0,0.237
2028-10-04,16.54,10.21,95.73,323.06,88.9,100.7,0,1.21
2028-10-05,16.31,8.89,135.02,303.38,87.6,100.5,0,1.192
2028-10-06,18.09,8.9,132.02,306.7,88.7,100.4,0,2.297
2028-10-07,18.15,10.48,134.54,303.54,91.1,100.5,0,2.227
2028-10-08,17.33,9.4,121.3,319.12,88.8,100,1.46,0.483
2028-10-09,16.44,11.67,106.28,337.19,85.6,99.8,0,1.622
2028-10-10,14.97,9.3,102.75,320.82,83.3,99.4,2.55,2.924
2028-10-11,15.88,8.19,141.27,289.46,78.5,99.6,0,2.078
2028-10-12,11.96,8.25,110.73,314.01,72.8,99.9,0,1.771
2028-10-13,11.75,4.56,95.55,287.94,76.6,99.8,1.11,0.534
2028-10-14,9.99,3.98,124.8,264.32,74.6,99.6,0,0.629
2028-10-15,11.21,3.56,130.71,270.13,76.5,100.3,0,0.451
2028-10-16,12.19,6.44,54.14,314.74,85.4,100,3.47,1.972
2028-10-17,9.56,5.25,88.84,283.72,64.5,100.4,0,0.783
2028-10-18,9.82,2.33,126.33,265,67.6,100.8,0,0.466
2028-10-19,8.76,1.96,126.24,258.27,68.6,100.7,0,0.313
2028-10-20,10.81,3.88,33.06,314.59,89.5,99.6,5.52,1.533
2028-10-21,9.02,0.47,74.52,272.92,89.4,99,1.86,1.258
2028-10-22,9.14,-0.98,103.71,270.28,86,99.2,0,0.293
2028-10-23,10.01,3.44,93.28,281.77,85.1,99.6,0,0.329
2028-10-24,9.35,3.01,98.46,280.98,81,99.8,0,0.427
2028-10-25,10.62,4.3,73.43,297.57,82.6,100.3,0,1.239
2028-10-26,12.49,3.02,65.32,305.07,84.3,100.3,0,1.148
2028-10-27,13.43,7.56,11.05,335.96,95.2,99.1,37.37,1.574
2028-10-28,12.95,6.48,86.41,298.59,94.3,99.8,0,0.162
2028-10-29,13.95,7.32,54.59,329.1,88.7,100,18.8,2.861
2028-10-30,15.82,13.86,40.99,370.62,97.4,99.1,11.4,2.85
2028-10-31,15.3,12.52,64.82,346.67,93.3,98.8,11.29,2.4
2028-11-01,14.78,11.19,89.27,322.98,89.2,98.5,11.17,1.971
2028-11-02,16.44,10.77,72.71,321.97,87.6,98.2,3.6,3.055
2028-11-03,14.42,10.56,90.42,286.15,78.7,99.1,0,2.952
2028-11-04,13.95,9.1,77.54,299.85,83.2,99.2,3.15,3.004
2028-11-05,11.89,7.66,81.32,276.66,84.6,99.4,0,2.777
2028-11-06,11.9,5.35,61.25,290.61,91.3,100,0,1.299
2028-11-07,14.09,7.85,16.11,335.08,90.3,98.3,20.01,1.04
2028-11-08,12.38,7.3,76.52,285.04,83.6,99.4,0,3.167
2028-11-09,13.86,8.65,49.22,335.95,88.7,99.9,3.7,2.106
2028-11-10,13.64,8.35,29.89,322.63,92.6,99.4,21.05,1.458
2028-11-11,12.97,8.07,67.67,294.55,86.4,99.8,0.58,1.927
2028-11-12,12.76,5.48,40.35,297.4,85,98.9,11,1.808
2028-11-13,10.31,2.81,75.19,259.94,85,99.4,0,0.281
2028-11-14,8.48,3.52,63.13,276.11,94.6,100.1,0,1.561
2028-11-15,12.58,4.92,58.8,303.25,97.1,100.3,0,0.765
2028-11-16,13.55,7.37,56.13,321.83,96.4,99.9,0,1.4
2028-11-17,12.84,9.05,29.72,346.43,97.7,99.8,1.05,0.554
2028-11-18,9.06,6.92,34.99,324.4,87,100.6,0.82,2.964
2028-11-19,7.59,4.58,33.43,289.51,73.2,101.3,0,2.374
2028-11-20,6.17,2.71,42.93,271.73,74.9,101.4,0,2.123
2028-11-21,5.99,2,41,276.98,73.3,101.1,1.07,4.658
2028-11-22,6.04,2.17,26.05,292.67,66.7,100.5,0,6.669
2028-11-23,7.2,3.72,54.66,289.18,68.1,100.2,0,6.462
2028-11-24,5.25,3.41,34.74,299.62,76.5,100.1,0,5.04
2028-11-25,6.72,2.96,38.67,294.28,88,99.7,0.55,1.678
2028-11-26,4.81,1.58,43.12,271.81,84.6,99.7,0.61,0.803
2028-11-27,5.8,0.35,47.66,263.4,77,100.4,0,0.48
2028-11-28,3.42,-2.17,61.52,217.46,62.6,100.7,0,1.568
2028-11-29,3.19,-3.22,51.1,233.96,81.7,100.6,0,0.551
2028-11-30,1.45,-2.81,38.17,237.24,79.9,100.6,0,1.887
2028-12-01,1.4,-2.88,30.66,263.23,84.8,101.4,0,2.092
2028-12-02,3.53,-3.02,52.62,234.12,87.3,101.2,0,0.701
2028-12-03,5.27,-0.11,30.59,262.01,96.2,100.7,1.09,0.709
2028-12-04,4.78,-2.79,37.23,280.05,84.3,101.2,0.04,0.675
2028-12-05,9.44,4.29,37.43,309.58,96.5,101.6,0,1.482
2028-12-06,9.48,4.8,44.16,297.24,93.7,101.7,0,1.583
2028-12-07,9.77,6.03,30.38,310.94,92.9,101.3,0.07,2.327
2028-12-08,10.39,7.37,13.42,332.3,97,101.3,5.3,1.705
2028-12-09,9.34,7.37,28.14,316.79,95.6,101.3,0.11,1.559
2028-12-10,9.97,8.35,17.77,342.9,98.4,100.8,2.23,2.097
2028-12-11,10.52,8.92,18.88,340.95,94.6,100.5,2.68,2.765
2028-12-12,10.94,9.23,10.76,352.63,100,100.6,2.59,2.525
2028-12-13,10.45,8.07,24.34,329.47,91.6,100.3,0,2.196
2028-12-14,11.37,9.45,10.61,353.05,99.3,100.3,7.49,2.534
2028-12-15,11.43,10.78,11.76,357.34,99.6,100.3,9.61,3.11
2028-12-16,10.83,2.14,37.76,275.92,84.1,100.7,3.26,0.925
2028-12-17,5.56,1.38,47.21,252.58,77.4,101.8,0,0.541
2028-12-18,5.99,1.76,24.67,300.59,85.8,102.4,0,0.795
2028-12-19,9.76,5.16,10.33,316.86,76.3,100.1,4.18,4.102
2028-12-20,7.44,0.46,26.12,282.34,65.7,99.9,5.27,2.558
2028-12-21,3.08,0.33,43.02,238.64,63.1,100.1,0,1.586
2028-12-22,3.31,-0.67,39.45,246.16,69.9,100.2,0,1.304
2028-12-23,3.09,-3.61,14.85,276.28,94.5,99.6,1.64,0.852
2028-12-24,0.79,-4.72,29.94,263.03,94.3,99.5,0,1.661
2028-12-25,1.66,-0.86,9.51,305.46,98.4,98.2,10.91,3.321
2028-12-26,1.27,-6.77,24.89,255.21,100,99.1,0.61,0.57
2028-12-27,3.94,-6.7,47.23,243.43,97.7,100,0,0.798
2028-12-28,2.83,-0.52,45.39,265.17,91.1,99.4,0,3.899
2028-12-29,7.64,2.57,14.32,331.38,100,98.6,5.32,2.698
2028-12-30,8.81,6.26,11.61,343.04,100,98,6.29,2.429
2028-12-31,9.34,7.2,12.13,345.97,100,97.8,6.44,2.497
2029-01-01,9.87,8.14,12.65,348.27,100,97.6,6.58,2.565
2029-01-02,10.24,8.26,24.71,343.73,100,97.3,3.78,0.704
2029-01-03,8.32,2.53,12.42,320.78,99,97.5,7.69,1.932
2029-01-04,3.23,-0.58,20.3,288.71,91.8,99.1,0,0.895
2029-01-05,4.4,-0.46,25.37,297.58,92.2,100.1,0,2.285
2029-01-06,9.28,3.87,8.03,335.87,97.2,99.8,24.84,3.822
2029-01-07,9.55,7.34,12.88,343.69,99.9,99.4,15.12,2.242
2029-01-08,9.93,8.61,15.64,348.41,100,99,11.35,1.214
2029-01-09,10.43,9.43,19.27,349.01,100,99.5,7.77,1.953
2029-01-10,9.76,8.81,17.77,339.94,98.4,99.9,0.94,1.135
2029-01-11,9.62,8.69,16.08,347.83,100,99.9,1.4,1.623
2029-01-12,10.74,4.88,24.98,328.54,97.9,99.4,4.76,1.651
2029-01-13,5.3,3.59,8.93,321.88,93.8,98.9,7.57,7.427
2029-01-14,7.72,5.26,15.36,333.62,99.5,98.7,5.62,4.743
2029-01-15,7.31,4.62,18.11,327.63,99.2,99,1.4,2.616
2029-01-16,6.42,3.66,30.33,315,98.2,99.5,0,1.37
2029-01-17,6.65,3.07,20.2,320.85,99.1,99.9,3.71,3.671
2029-01-18,5.92,4.63,14.59,327.95,97.3,99.3,4.34,6.843
2029-01-19,8.96,5.94,25.63,337.33,100,98.7,3.08,5.721
2029-01-20,9.06,3.16,10.59,329.34,97,98.5,35.59,5.33
2029-01-21,3.12,-0.44,22.14,298.22,82.2,99.4,2.76,5.512
2029-01-22,1.67,-2.15,59.23,242.06,63.8,100.6,0,6.663
2029-01-23,0.81,-3.04,73.62,209.85,57.2,101.1,0,5.421
2029-01-24,-0.33,-3.62,74.97,212.31,57.3,100.8,0,4.2
2029-01-25,-0.06,-3.43,67.39,225.51,58.3,100.8,0,2.905
2029-01-26,-0.91,-4.22,40.16,240.35,76,100.5,0.04,2.532
2029-01-27,-1.24,-5.22,64.3,222.79,72.9,100,0,3.513
2029-01-28,1.23,-4.49,52.22,261.28,87.8,100.8,0,1.709
2029-01-29,2.93,0.25,39,296.93,94.7,101.4,0.54,1.128
2029-01-30,2.99,-1.86,32.92,283.3,90.8,101.6,0.7,1.887
2029-01-31,3.27,-2.36,50.84,282.2,95,102.1,0,1.486
2029-02-01,5.68,2.19,57.84,301.58,91.7,102,0,0.508
2029-02-02,7.93,3.72,42.2,313.66,88.5,101.8,0.08,0.718
2029-02-03,6.86,3.86,41.32,309.19,90.4,101.6,0.26,0.634
2029-02-04,7.82,4.93,52.09,298.91,92.1,101.1,1.09,1.464
2029-02-05,5.54,-0.12,51.31,282.43,88.6,101.1,2.71,1.213
2029-02-06,1.76,-2.35,55.18,256.17,77.5,100.8,0,1.61
2029-02-07,-0.05,-3.87,56.53,246.13,78.4,100.2,0,3.038
2029-02-08,-1.25,-6.68,54.03,238.88,71.4,100.7,2,3.721
2029-02-09,-2.6,-6.45,60.21,235.62,78.9,101.1,0,1.985
2029-02-10,-0.47,-6.94,64.91,251.6,86.9,100.8,0.69,0.485
2029-02-11,3.02,-0.73,62.06,282.38,91.5,99.8,3.37,0.676
2029-02-12,3.12,-0.69,59.83,279.87,91,101,0,0.383
2029-02-13,4.09,-1.89,83.39,272.62,81.1,101.7,0,0.545
2029-02-14,5.44,-0.05,75.31,288.45,87.5,101.8,0,1.023
2029-02-15,2.46,-0.43,71.82,279.86,76.9,102,0,1.29
2029-02-16,4.59,0.03,102.72,257.5,86.5,101.5,0,4.389
2029-02-17,4.85,0.46,70.01,293.98,89.1,100.2,0,3.593
2029-02-18,5.12,3.55,19.74,319.95,98.5,98.9,19.74,3.096
2029-02-19,7.42,3.21,58,315.38,98.6,99.5,1.8,0.724
2029-02-20,7.04,3.02,36.11,325.87,99.9,100.1,21.09,1.533
2029-02-21,10.15,5.49,97.82,297.77,85.7,99.9,2.77,1.678
2029-02-22,8.29,2.82,87.72,285.28,87.6,100.6,2.05,2.264
2029-02-23,10.81,5.51,19.07,329.7,93.1,99.1,17.91,3.385
2029-02-24,8.3,5.8,87.11,289.07,72.5,99.5,1.68,4.14
2029-02-25,9.35,5.18,73.31,304.36,85.2,101.1,0,1.621
2029-02-26,11.21,6.2,67,328.84,95.7,101,0,1.689
2029-02-27,10.14,5.1,93.46,309.5,83.3,100.3,0,2.171
2029-02-28,8.14,3.22,118.61,265.91,69.7,100.2,0,2.257
2029-03-01,5.42,2.03,70.42,275.96,66.9,100.6,0,1.265
2029-03-02,7.41,0.75,90.26,288.27,83.7,100.9,0.15,1.421
2029-03-03,10.52,5.81,50.35,328.67,94.1,100.5,1.55,2.443
2029-03-04,12.58,7.1,65.35,325.24,94.6,100.6,1.32,2.786
2029-03-05,13.44,9.31,97.53,333.53,89.9,101.2,0.48,2.845
2029-03-06,12.14,6.28,104.63,310.86,81.9,101.7,0,0.567
2029-03-07,7.1,5.22,62.39,317.74,90.1,101.7,1.79,1.698
2029-03-08,10.26,4.81,121,295,80.1,101.3,0,1.519
2029-03-09,6.32,3.42,63.66,305.85,83.1,101.5,0,0.39
2029-03-10,7.38,3.41,38.83,313.86,94.7,99.8,8.05,1.378
2029-03-11,9.14,2.8,147.41,260.65,73.1,99.2,0,3.225
2029-03-12,8.46,2.01,120.63,274.15,75,99.2,0,1.961
2029-03-13,6.52,3.09,43.56,316.92,98.4,98.6,7.48,2.42
2029-03-14,9.19,3.27,119.38,298.74,82.8,99.2,4.83,1.456
2029-03-15,7.01,2.3,113.27,276.03,78.4,100,0,0.617
2029-03-16,4.9,0.01,103.9,276.19,72.5,101.2,0,0.155
2029-03-17,5.25,0.29,56.21,306.4,98.2,100.2,9.71,1.187
2029-03-18,8.84,2.09,115.39,286.37,81.5,100.4,0,1.236
2029-03-19,9.81,3.9,112.63,296.39,84,101,1.27,1.55
2029-03-20,9.61,4.37,91.66,307.82,84.9,101,0.6,0.647
2029-03-21,8.46,5.51,69.49,329.77,99.1,100.3,11.99,1.417
2029-03-22,7.42,2.94,72.99,307.06,93.8,100.5,3.84,3.378
2029-03-23,6.56,0.22,168.99,256.41,71.8,101,0,4.488
2029-03-24,5.06,-0.69,123.23,268.8,68.6,100.7,0,3.824
2029-03-25,2.78,-2.95,125.84,243.99,66.6,100.5,0,4.31
2029-03-26,2.07,-2.64,101.19,274.49,76.7,100.1,1.37,4.976
2029-03-27,3.06,-0.43,105.06,290.65,73.1,99.7,0,6.142
2029-03-28,6.85,0.19,88.28,309.69,81.2,99.7,1.63,4.889
2029-03-29,9.1,-0.2,204.94,265.26,73.9,100.3,0,1.37
2029-03-30,6.56,1.78,147.91,287.32,78.3,100.6,0,0.747
2029-03-31,7.88,0.33,126.19,294.01,77.2,100.4,0,1.384
2029-04-01,7.85,1.46,142.97,283.08,64.8,100.5,0,2.593
2029-04-02,5.94,0.18,124.25,271.09,70.9,100.7,0,1.148
2029-04-03,6.6,-2.08,182.84,249.74,70.7,101,0,0.842
2029-04-04,7.75,-0.56,131.65,271.46,87,100.6,2.22,1.826
2029-04-05,7.89,-0.41,140.86,272.82,72.3,100.4,0.65,1.898
2029-04-06,7.09,-2.32,82.01,286.67,89.8,100.3,2.8,1.139
2029-04-07,10.49,6.14,114.27,323.11,89.2,98.6,8.71,2.762
2029-04-08,8.04,3.05,145.12,288.92,69.9,98.7,0.84,0.396
2029-04-09,4.21,1.87,51.44,295.48,81.8,98.7,2.61,0.941
2029-04-10,9.89,1.36,167.13,280.35,73.7,99.3,0,0.935
2029-04-11,5.41,1.12,96.78,305.44,89.9,98.3,13.67,4.331
2029-04-12,9.09,-0.11,53.79,321.38,97.5,97.5,41.54,2.959
2029-04-13,6.1,-0.13,93.86,299.98,79.1,98.4,17.09,3.177
2029-04-14,9.3,3.54,160.89,288.12,71,100.1,0.73,3.088
2029-04-15,11.06,5,160,298.4,80.9,99.8,2.48,2.698
2029-04-16,8.85,4.8,135.63,295.7,88.1,98.9,3.17,2.55
2029-04-17,9.52,3.52,126.88,299.03,79.9,99.3,1.28,0.389
2029-04-18,7.81,1.16,148.23,277.52,73.5,100.1,1.22,0.614
2029-04-19,8.63,-1.64,198.9,255.85,75.4,100.6,1.61,0.983
2029-04-20,11.15,5.65,149.2,306.24,80.1,100.3,0,1.997
2029-04-21,13.47,7.05,121.38,333.91,88.9,99.4,1.46,3.359
2029-04-22,9.96,4.87,151.92,288.26,82.6,98.5,2.1,2.555
2029-04-23,8.02,2.91,95.73,312.41,93.4,98.2,24.58,1.45
2029-04-24,8.98,2.92,113.1,301.94,61.9,99.4,2.98,1.252
2029-04-25,10.1,2.88,183.05,282.47,66.6,100.2,0,0.603
2029-04-26,9.18,1.58,181.14,273.48,81.8,100.2,0.89,0.413
2029-04-27,11.88,3.58,184.99,297.83,84.4,99.3,16.14,1.478
2029-04-28,9.91,6.96,172.4,308.03,73.3,99,9.26,3.694
2029-04-29,12.33,6.09,181.17,302.26,79.6,99.7,0,1.481
2029-04-30,12.13,7.39,98.92,330.34,97.7,99.1,21.4,1.206
2029-05-01,12.95,7.93,252.99,294.88,89.5,99.5,0,1.919
2029-05-02,14.28,7.67,250.83,302.86,85.2,99.9,7.73,0.584
2029-05-03,13.21,9.34,227.97,321.33,93.4,99.6,14.19,1.247
2029-05-04,14.84,8.26,220.83,308.58,77.6,100.4,1.04,1.908
2029-05-05,11.93,7.51,80.83,344.27,98.6,100.5,16.39,2.575
2029-05-06,16.43,8.6,193.71,330.16,89.7,100.4,8.6,2.37
2029-05-07,15.91,7.47,244.84,298.05,84.1,101,0,0.314
2029-05-08,20.69,10.25,241.85,327.12,81,99.8,0,3.075
2029-05-09,16.71,9.02,211.83,323.03,86.4,99.7,1.17,2.174
2029-05-10,15.03,7.29,292.68,270.99,71,100.9,0,0.473
2029-05-11,15.88,5.32,221.47,291.73,76.7,100.6,0,0.875
2029-05-12,15.87,8.23,256.72,310.49,78.2,99.7,2.45,1.104
2029-05-13,13.07,5.71,242.51,277.83,66.6,99.9,0,1.8
2029-05-14,11.23,4.53,164.51,294.16,73.5,100.4,0,0.75
2029-05-15,14.72,7.58,146.34,329.97,84.7,99.1,15.88,1.565
2029-05-16,15.22,9.19,236.61,309.15,77.7,99.7,1.22,2.606
2029-05-17,17.32,6.9,271.58,287.58,79.2,100.8,0,0.471
2029-05-18,15.28,6.07,224.11,305.38,86.5,101,0,0.98
2029-05-19,16,10.56,152.9,346.59,95.2,100.8,2.78,1.269
2029-05-20,17.62,9.27,283.02,295.42,75.4,100.7,0,0.472
2029-05-21,16.12,8.33,185.08,312.49,87.3,101,0.99,0.09
2029-05-22,17.03,7.27,215.72,304.49,87.8,101.5,0.74,0.5
2029-05-23,19.02,4.84,324.04,273.09,75.4,101.6,0,0.789
2029-05-24,21.2,7.6,316.19,295.71,71.8,101.3,0,1.007
2029-05-25,22.02,8.68,295.06,309.87,75.1,101.1,0,0.062
2029-05-26,21.28,10.86,256.23,320.58,75.1,100.8,0,1.125
2029-05-27,19.54,8.12,269.71,297.75,73,100.1,0,0.185
2029-05-28,14.69,8.03,249.24,283.85,62.7,99.8,0,0.581
2029-05-29,12.97,5.12,205.18,286.17,63.9,99.9,0,0.476
2029-05-30,14.54,7.44,224.98,304.27,56.2,100.1,0,0.83
2029-05-31,14.78,7.78,218.34,304.53,60.9,100.3,0,0.304
2029-06-01,15.02,8.12,211.68,304.77,65.6,100.4,0,0.096
2029-06-02,17.21,8.98,286.19,302.13,60.5,100.5,0,0.513
2029-06-03,17.16,6.57,290.38,290.26,74.2,100.8,0,0.46
2029-06-04,18.63,9.31,218.54,321.21,79.6,101,0,1.372
2029-06-05,21,9.2,322.72,304.62,77,101.5,0,0.103
2029-06-06,22.82,10.71,323.27,323.56,74.4,101.3,0,0.685
2029-06-07,24.47,14.62,260.68,356.32,76.9,101,0.99,1.6
2029-06-08,21.08,12.01,207.04,344.81,70.9,100.9,0.01,2.347
2029-06-09,17.89,9.4,331.39,278.52,61.2,101.1,0,4.376
2029-06-10,19.32,7.86,325.04,287.74,65.5,101.2,0,3.681
2029-06-11,21.87,9.22,301.75,309.18,70,101.3,0,3.143
2029-06-12,21,9.91,308.85,299.38,71.4,101.1,0,1.997
2029-06-13,19.14,9.14,314.48,290.78,69.6,101.1,0,2.628
2029-06-14,20.85,9.33,336.16,290.02,72,101.3,0,1.459
2029-06-15,21.06,11.26,330.25,301.17,75.9,101.1,0,0.601
2029-06-16,20.38,10.98,213.68,329.24,80.1,100.5,1.19,0.079
2029-06-17,18.1,11.16,233.27,326.96,72.3,100.3,14.34,3.276
2029-06-18,19.63,8.98,244.13,321.29,71.7,100.1,0,0.909
2029-06-19,18.41,10.59,269.32,309,69.5,99.9,0,1.79
2029-06-20,15.3,9.13,245.51,306.45,64.9,100.2,0,0.974
2029-06-21,15.27,10.37,233.67,319.61,73.9,100,0.54,0.791
2029-06-22,16.75,9.66,247.86,305.89,77.2,99.9,8.19,0.851
2029-06-23,16.7,6.17,239.36,291.72,68.8,100.3,1.22,1.43
2029-06-24,15.94,11.77,161.73,343.68,83.9,100.3,18.81,1.908
2029-06-25,16.88,10.59,232.59,305.69,80.7,100.5,2.26,1.92
2029-06-26,18.46,11.58,156.75,342.2,87.6,100.7,7.48,1.727
2029-06-27,18.47,11.98,256.91,331.7,90.4,100.7,0,1.74
2029-06-28,19.72,13.78,271.42,345.41,92.5,100.4,0,1.605
2029-06-29,18.05,14.42,141.52,367.78,92.8,100.1,0.86,1.722
2029-06-30,19.46,12.18,105.91,358.67,92.7,99.6,15.37,1.597
2029-07-01,16.86,11.73,206.53,336.49,90.5,99.4,1.41,1.776
2029-07-02,18.35,12.51,194.48,359.13,92.2,98.9,2.37,1.913
2029-07-03,17.92,10,255.41,304.86,73.9,99.8,2.36,1.425
2029-07-04,15.99,9.13,223.71,303.57,85.5,100.2,4.88,1.315
2029-07-05,17.3,8.08,243.73,302.06,85.3,100.5,6.92,0.824
2029-07-06,19.29,9.31,268.89,306.21,73.8,100.9,0,1.888
2029-07-07,20.15,13.35,159.06,350.06,68,100.5,0.32,3.766
2029-07-08,19,12.63,174.35,353.06,87.7,100.5,4.36,3.343
2029-07-09,19.76,13.04,167.32,358.39,84.9,100.4,3.38,4.188
2029-07-10,19.14,12.46,204.51,349.66,92.8,99.9,18.47,1.668
2029-07-11,19.96,12.4,179.9,350.37,92.5,99.6,6.99,0.623
2029-07-12,21.69,13.46,283.25,335.12,78,100,0,0.425
2029-07-13,21.69,11.74,310.69,314.94,79,100.1,0,0.725
2029-07-14,21.41,14.87,167.87,359.77,89.2,99.5,5.19,1.264
2029-07-15,20.64,13.89,262.52,338.1,82.4,99.2,3.53,2.203
2029-07-16,19.94,14.83,293.96,332.33,77.9,99.1,0.4,3.071
2029-07-17,21.44,13.05,258.69,326.01,79.5,100.2,1.18,1.336
2029-07-18,20.28,11.38,319.61,313.55,84.4,100.6,0,1.179
2029-07-19,19.37,14.71,176.82,357.03,91.9,100.2,1.48,1.854
2029-07-20,20.44,13.73,266.89,330.74,85.5,100,0,0.899
2029-07-21,20.36,15.57,159.46,368.95,94,100.1,0.78,1.837
2029-07-22,20.44,15.98,245.95,359.44,90.2,100.1,0,2.043
2029-07-23,19.01,15.08,93.66,363.23,92.8,100,19.92,0.532
2029-07-24,20.58,12.51,238.64,323.22,77.9,100.4,0.7,0.833
2029-07-25,18.84,10.4,239.13,306.96,82.6,100.4,0,0.754
2029-07-26,19.89,13.1,236.24,333.79,87.3,99.6,0.19,0.943
2029-07-27,20.95,15.44,285.51,332.88,82.9,99.3,0.75,1.63
2029-07-28,19.75,12.94,251.17,318.98,82.9,99.6,5.47,1.439
2029-07-29,19.45,10.91,253.3,306.37,77.3,100,4.31,1.402
2029-07-30,18.19,9.49,243.3,302.09,79.2,100.3,0.01,0.791
2029-07-31,18.65,8.95,255.26,298.17,78.2,100.2,0,0.338
2029-08-01,19.11,8.4,267.14,293.88,77.2,100.2,0,0.68
2029-08-02,20.74,12.52,261.84,318.74,83.9,99.6,3.78,0.341
2029-08-03,20.31,11.38,263.83,309.29,85.3,100.2,0,0.871
2029-08-04,22.35,12.31,255.76,328.59,81,100.2,0,0.499
2029-08-05,23.39,14.59,200.02,361.21,85.5,100.4,0.54,1.352
2029-08-06,22.02,13.48,274.84,325.44,83.7,100.7,0,0.675
2029-08-07,23.75,15.55,211.81,360.22,86.5,100.6,0.84,0.984
2029-08-08,23.86,15.84,240.53,353.25,86.9,100.5,0,0.618
2029-08-09,24.4,13.97,276.46,327.89,79.5,100.5,0,0.714
2029-08-10,24.6,14.92,263.99,327.89,72.2,101,0,0.489
2029-08-11,24.33,13.78,275.72,319.03,72.2,101.1,0,1.456
2029-08-12,24.2,12.89,288.62,313.56,73.4,101.2,0,1.756
2029-08-13,25.17,13.14,280.7,326.62,74.3,101.1,0,1.912
2029-08-14,24.27,14.59,248.13,328.9,67.8,100.8,0,3.477
2029-08-15,24.66,12.88,245.18,323.77,68.4,100.6,0,2.69
2029-08-16,24.75,14.34,249.01,329.68,70.5,100.5,0,1.264
2029-08-17,23.29,12.88,211.31,329.62,79.3,100.1,0.12,0.151
2029-08-18,26.06,13.57,240.92,331.15,67,99.8,1.01,3.745
2029-08-19,26.2,15.52,244.23,333.22,62.9,100.1,0,4.174
2029-08-20,27.62,15.03,229.08,342.5,65.2,100,0,3.827
2029-08-21,25.01,15.27,223.92,325.52,63.3,99.4,0,2.71
2029-08-22,20.82,10.85,252.49,303.05,80.4,100,0,0.743
2029-08-23,19.18,15.98,103.9,366.3,90.8,99.8,17.71,1.381
2029-08-24,19.46,14.69,172.78,337.96,88.9,99.5,8.68,0.57
2029-08-25,23.05,13.13,228.73,319.98,77.7,100.2,0,1.45
2029-08-26,21.39,14.14,171.22,351.31,90.3,100.6,0,1.148
2029-08-27,21.8,16.5,184.36,361.48,91.9,100.5,0.66,1.059
2029-08-28,21.47,16.82,142.77,364.25,89.9,99.9,0.6,0.835
2029-08-29,21.18,13.39,204.62,321.91,75.3,99.8,0,1.523
2029-08-30,20,12.8,180.77,342.14,81.7,99.3,6.08,1.427
2029-08-31,20.58,14.95,188.42,346.28,81.2,99.3,4.3,2.513
2029-09-01,21.16,17.1,196.18,349.25,80.6,99.3,2.52,3.183
2029-09-02,19.82,15.24,120.22,358.15,87.9,99.2,10.28,3.755
2029-09-03,18.9,13.9,168.39,322.05,69.9,99.3,1.16,3.156
2029-09-04,15.88,12.67,100.67,336.52,84.7,98.8,3.09,1.214
2029-09-05,18.21,11.39,195.02,303.57,77.2,99.5,1.17,2.801
2029-09-06,17.19,10.45,122.69,315.25,88.4,99.6,2.01,1.16
2029-09-07,19.64,11.25,92.57,355.18,93.5,99.1,10.1,0.922
2029-09-08,18.47,10.72,145.93,328.9,86.2,100.1,11.39,1.527
2029-09-09,18.68,16.47,101.31,378.56,95.4,99.6,7.62,1.597
2029-09-10,18.88,12.47,93.15,342,85.2,99.4,3.23,2.88
2029-09-11,18.4,11.39,215.06,291.37,72.9,100.2,0,2.518
2029-09-12,17.57,9.6,202.87,291.83,73.1,100.7,0,1.905
2029-09-13,16.68,9.84,128.86,320.7,72.4,101.1,0,1.279
2029-09-14,19.64,13,82.64,371.92,93.7,100.4,11.67,2.088
2029-09-15,20.87,16.45,108.31,375.88,92.9,100.1,0.98,1.862
2029-09-16,18.47,11.33,193.99,313.54,82.1,100.5,0,0.877
2029-09-17,19.06,10.28,163.94,330.66,82.1,100.9,0,1.038
2029-09-18,19.34,13.57,138.58,348,89.1,100.8,0.58,1.399
2029-09-19,21.04,12.99,151.67,344.5,86.8,100.8,0,1.73
2029-09-20,17.71,13.14,123.31,343.42,93.2,100.8,0,0.961
2029-09-21,20.22,13.95,98.72,371.32,92.7,100.4,0.23,1.52
2029-09-22,20.31,13.06,119.23,351.24,91.2,100.5,0.08,0.817
2029-09-23,19.06,11.52,171.35,314.06,89.1,100.5,0,0.416
2029-09-24,21.05,16.17,136.44,357.72,82.7,99.7,0,1.157
2029-09-25,18.54,12.03,128.21,331.39,83.6,99.5,11.52,2.08
2029-09-26,16.82,9.18,164.02,289.96,73.4,100.5,0,0.651
2029-09-27,15.76,8.94,98.84,311.58,84.2,100.8,2.99,2.055
2029-09-28,18.05,8.86,141.26,316.98,85.3,100.5,0,0.932
2029-09-29,18.89,13.48,112.65,353.91,95.4,100.9,0.26,0.88
2029-09-30,19.54,13.8,102.55,352.78,92.4,101,0.56,0.699
2029-10-01,18.47,10.69,147.93,316.38,92.1,101.4,0,0.443
2029-10-02,20.53,11.91,153.08,324.03,89.5,101.2,0,1.027
2029-10-03,18.93,14.3,86.41,354.8,89.4,101.3,0,1.956
2029-10-04,16.41,12.72,124.93,324.37,82.8,101,0,1.985
2029-10-05,19.23,12.93,115.23,332.57,77.4,100.3,0,1.269
2029-10-06,19.72,13.81,133.46,313.69,82.9,99.7,0,3.531
2029-10-07,18.58,10.36,121.73,301.47,75.7,100.4,0,4.151
2029-10-08,15.49,8.75,154.25,269.51,61.9,100.9,0,5.052
2029-10-09,14.25,7.48,137.72,277.67,67.7,101.2,0,4.73
2029-10-10,14.66,7,133.48,272.88,75.6,101,0,4.347
2029-10-11,14.35,6.58,131.46,271.08,76.3,100.6,0,3.808
2029-10-12,12.61,6.51,104.26,292.37,79,100.2,0,3.388
2029-10-13,13.77,5.23,131.63,286.57,80,100.1,0,1.826
2029-10-14,13.84,8.33,88.28,324.32,87.3,100.4,0,0.529
2029-10-15,15.77,8.58,57.33,344.66,93.7,100.1,5.84,0.683
2029-10-16,15.05,9.81,102.58,300.74,83.7,99.6,0.12,2.005
2029-10-17,13.44,9.93,86.12,303.83,84.3,99,2.7,2.289
2029-10-18,14.01,8.38,83.97,306.18,78.3,99.7,0,1.563
2029-10-19,11.47,7.32,108.89,294.46,74,99.3,0,0.488
2029-10-20,12.42,3.66,116,274.86,76.6,99.8,0,1.289
2029-10-21,13.98,3.1,113.37,281.39,82.2,100,0,1.206
2029-10-22,13.16,9.1,34.91,351.65,94.5,99.6,3.75,2.267
2029-10-23,14.68,12.19,69.24,352.84,96,99.5,2.12,2.097
2029-10-24,14.23,9.28,59.73,322.04,85,99,5.49,2.443
2029-10-25,15.72,7.01,38.96,329.33,90.6,99.3,3.9,1.917
2029-10-26,15.5,9.74,96.07,293.43,72.7,99.6,4.21,3.878
2029-10-27,14.8,8.87,77.02,313.81,76.5,100.3,0,2.542
2029-10-28,17.17,14.59,55.38,361.4,90,99.5,0,2.994
2029-10-29,16.61,15.26,51.63,368.11,94.9,99.5,0.26,3.092
2029-10-30,15.99,13.19,43.71,361.2,94.4,100.3,1.9,0.799
2029-10-31,16.47,13.6,65.05,339.1,92.1,100.2,0.95,1.887
2029-11-01,16.95,14.01,86.68,316.28,89.8,100.1,0,2.975
2029-11-02,18.17,13.49,90.1,312.9,89.4,99.5,0,2.391
2029-11-03,17.57,14.28,68.08,333.35,92.7,99.4,0,1.474
2029-11-04,16.71,14.33,58.03,337.27,90.7,99,0,2.534
2029-11-05,15.78,11.38,72.51,316.83,84.1,98.8,12.95,1.403
2029-11-06,15.19,11.67,43.92,333.41,87.2,99.2,9.07,1.629
2029-11-07,15.51,8.24,25.83,329.42,91.6,99,18.25,1.689
2029-11-08,12.85,6.26,84.34,275.95,83.7,100.8,0,1.109
2029-11-09,13.46,6.89,48.01,324.21,86.1,100.7,2.64,1.787
2029-11-10,13.68,11.87,16.8,364.45,95.7,100,21.45,2.13
2029-11-11,13.34,7.03,63.99,296.97,85.8,99.8,14.59,1.905
2029-11-12,13.78,6.18,28.92,327.79,88.7,100.4,8.11,1.73
2029-11-13,15.87,8.26,8.23,354.21,96.1,99.6,20.17,2.084
2029-11-14,10.88,6.18,66.36,279.26,78.3,100.6,0,1.983
2029-11-15,11.18,4.22,59.72,288.87,80.8,101.2,0,1.22
2029-11-16,12.5,4.52,35,289.41,92.2,100.6,2.13,1.724
2029-11-17,13.09,3.93,25.89,317.68,91.1,99.8,13.78,1.561
2029-11-18,12.88,5.83,29.63,306.9,75.7,98.5,1.88,3.843
2029-11-19,8.93,5.42,44.01,299.04,66.7,98.9,0.01,2.945
2029-11-20,6.83,4.07,36.42,286.21,87,98.4,4.06,2.555
2029-11-21,8.64,3.21,38.69,276.39,81.4,98.1,0.49,2.955
2029-11-22,7.96,0.93,38.19,281.24,84.5,98.3,2.57,1.915
2029-11-23,7.57,0.2,43.5,274.51,88.4,99.2,0,0.281
2029-11-24,8.06,2,47.75,290.12,85.9,99.8,0,1.083
2029-11-25,8.07,2.49,30.12,302.87,81.1,99.9,0,3.351
2029-11-26,7.39,4.28,28.66,304.48,67.4,99.4,0,7.573
2029-11-27,5.04,3.44,29.37,303.84,72.5,98.9,0,6.205
2029-11-28,5.58,2.66,34.65,294.45,89.4,98.5,0,2.34
2029-11-29,5.01,1.42,27.1,283.83,93,98.3,0,1.334
2029-11-30,7.64,1.63,28.32,298.08,89.2,99.4,1.94,0.799
2029-12-01,7.86,4.37,10.35,326.91,92.9,98.2,18.49,2.634
2029-12-02,5.04,1.34,44.66,270.69,87.4,98.6,0.56,1.563
2029-12-03,5.96,2.8,27.2,316.55,91.2,98.6,7.99,4.955
2029-12-04,14.48,5.24,5.38,347.87,96.9,97.9,61.11,3.291
2029-12-05,13.97,8.32,31.08,328.68,84,97.4,15.95,3.472
2029-12-06,9.75,4.76,32.83,315.59,85.1,99.5,3.08,0.424
2029-12-07,12.5,7.72,42.17,307.65,85.5,100,15.13,2.119
2029-12-08,11.81,10.69,9.7,345.61,90.3,100,5.66,2.603
2029-12-09,12.14,8.28,12.55,342.64,92.6,97.8,43.72,2.226
2029-12-10,9.38,5.36,34.82,285.09,77.2,98.6,0.36,2.787
2029-12-11,9.13,2.38,47.78,262.79,76.5,99.8,0,1.882
2029-12-12,11.16,0.88,8.59,326.54,95.3,100.6,5.53,0.721
2029-12-13,11.7,10.36,28.6,333.98,98.5,100.7,0,1.932
2029-12-14,12.96,11.06,18.37,359.97,99.7,101.1,1.78,0.628
2029-12-15,12.63,8.67,28.8,338.49,97,100.6,0.75,1.115
2029-12-16,13.38,12.14,13.17,366.14,100,100.4,3.18,2.863
2029-12-17,13.11,12.67,8.45,368.71,99.7,100.2,5.05,3.421
2029-12-18,13.89,8.46,10.42,335.46,96.9,100.3,11.37,2.206
2029-12-19,10.02,4.59,39.33,273.15,95.4,101.9,0,0.735
2029-12-20,10.2,9.03,21.21,331.11,92.5,101.5,0,1.384
2029-12-21,12.96,9.96,35.23,332.29,94.7,101.1,1.14,2.374
2029-12-22,12.68,9.3,28.44,330.56,91.9,101.4,0,2.644
2029-12-23,12.32,9.11,18.35,344.46,94.9,101.3,0.67,2.108
2029-12-24,13.33,11.02,14.11,355.76,93.7,100.3,1.93,2.882
2029-12-25,12.11,7.05,40.94,292.82,69.3,99.7,0.63,3.909
2029-12-26,8.19,1.15,38.07,271.08,83.4,100,0,1.102
2029-12-27,8.83,-1.79,42.05,274.99,89.6,100.6,1.59,0.639
2029-12-28,11.9,5.99,10.92,321.72,95.1,99.5,9.9,2.499
2029-12-29,8.7,5.91,41.87,276.55,76.8,99,1.91,2.394
2029-12-30,7.24,4.37,36.08,287.04,77.5,97.5,6.24,3.47
2029-12-31,7.41,4.03,33.33,290.24,81,97.7,4.47,2.598
2030-01-01,7.57,3.69,30.58,295.08,84.6,98,2.7,1.739
2030-01-02,11.41,5.65,27.47,307.66,91.6,98.4,1.23,2.49
2030-01-03,11.64,4.37,30.48,297.34,90,99,6.55,2.307
2030-01-04,12,1.82,10.57,313.08,91.8,99.5,14.57,1.445
2030-01-05,11.57,5.55,11.48,322.23,93.8,98.6,14.16,1.33
2030-01-06,8.58,4.72,45.91,277.64,81.4,99,5.57,1.89
2030-01-07,9.91,5.94,18.33,334.19,90.2,97.1,32.79,2.516
2030-01-08,8.1,6.71,34.48,314.37,85.2,99,1.16,3.328
2030-01-09,7.54,2.77,31.28,298.8,87.9,101,0,0.978
2030-01-10,8.03,2.99,31.32,312.93,97.5,101.8,0.16,0.173
2030-01-11,9.39,4.07,27.31,324.28,96.8,102.1,0,0.556
2030-01-12,8.66,6.78,24.79,326.37,92.6,101.7,5.39,2.346
2030-01-13,8.75,4.52,52.13,283.51,84.8,101.9,3.15,2.034
2030-01-14,11.27,7.42,22.77,328.22,86.6,101.2,0,3.797
2030-01-15,11.56,7.88,24.74,330.91,92.3,101.1,1.32,2.735
2030-01-16,9.98,6.37,30,307.64,80.5,101,0,2.055
2030-01-17,11.4,4.89,33,305.82,83.9,100.4,1.5,3.371
2030-01-18,6.99,3.94,35.28,289.94,71.6,101.1,0,3.239
2030-01-19,11.56,3.89,14.58,328.49,90.7,100.3,12.11,3.819
2030-01-20,9.09,5.74,19.75,312.39,88.6,99.3,7.14,3.186
2030-01-21,7.74,-1.41,41.94,258.41,71.5,99.3,0,1.259
2030-01-22,4.58,-1.44,70.22,221.57,76.8,100.2,0,0.621
2030-01-23,4.83,-3.23,56.19,244.53,76.1,100.5,0,0.768
2030-01-24,8.42,3.8,30.54,320.07,93,99,11.34,1.384
2030-01-25,10.13,5.11,56.19,303.73,81.3,98.4,2.56,3.268
2030-01-26,10.5,4.25,37.13,319.74,93.3,98.8,7.57,1.623
2030-01-27,11.55,8.89,22.57,340.26,95.1,97.9,17.93,3.325
2030-01-28,10.35,6.81,49.76,311.75,76.2,98.1,15.78,3.527
2030-01-29,11.14,4.52,40.92,318.53,91.9,97.6,4.4,2.023
2030-01-30,6.43,3.46,41.67,300.02,79.7,98.2,0,0.488
2030-01-31,9.44,2.66,33.85,326.47,95.4,97.4,15.05,4.261
2030-02-01,9.85,5.43,36.92,326.78,97.5,98.2,6.12,0.999
2030-02-02,10.91,6.42,66.76,301.03,96.3,99.5,0.88,1.172
2030-02-03,10.32,8.18,12.46,336.07,98.7,98.9,10.33,2.091
2030-02-04,9.55,6.94,31.37,300.56,91.9,98.2,5.55,1.61
2030-02-05,9.69,4.91,25.09,308.59,94.7,97.9,10.35,1.677
2030-02-06,10.02,6.57,32.51,316.61,94.8,97,7.61,0.794
2030-02-07,9.83,5.59,26.22,311.25,91.7,97.9,17.4,0.917
2030-02-08,10.3,5.91,18.26,323.54,96.4,98,10.19,0.994
2030-02-09,11.65,5.39,28.4,300.38,93.5,98.7,12.65,1.613
2030-02-10,10.66,7.6,57.94,305.14,91.7,99.1,0,1.447
2030-02-11,11.53,8.16,16.73,341.79,98.2,98.2,28.86,2.446
2030-02-12,10.37,7.21,63.55,300.64,95,98.8,0.01,0.813
2030-02-13,9.43,7.34,43.9,309.3,95.6,98.4,3.37,1.246
2030-02-14,12.16,7.6,19.6,332.85,92,97.2,22.18,1.97
2030-02-15,11.63,8.31,21.49,329.35,92.6,96.9,9.54,2.402
2030-02-16,11.76,8.53,62.67,320.72,93.2,97.6,16.79,2.228
2030-02-17,11.78,9.86,64.84,328.79,97.6,97.7,4.24,2.431
2030-02-18,10.6,9.11,51.63,324.71,95.8,97.8,19.7,2.356
2030-02-19,10.26,7.55,35.46,327.24,98.1,98.3,12.59,0.502
2030-02-20,10.64,5.4,81.68,306.46,96.5,98.8,0,0.204
2030-02-21,11.28,5.81,105.67,290.21,87.7,99,0.98,1.027
2030-02-22,10.54,7.05,45.82,326.97,85.8,97.5,15.49,2.314
2030-02-23,10.62,7.11,62.58,318.82,88.1,97.4,5.55,2.611
2030-02-24,9.15,7.32,59.75,316.16,80,96.8,5.35,5.193
2030-02-25,10.68,6.57,78.75,305.71,77.8,97.9,20.74,1.278
2030-02-26,10.54,7.24,88.01,284.92,88.3,97.1,3.26,2.361
2030-02-27,7.52,1.79,50.32,308.86,91.9,96.8,9.56,0.855
2030-02-28,7.55,-0.27,122.98,258.92,72.4,97.5,0,1.479
2030-03-01,5.2,1.17,62.3,285.72,75.7,98.6,0,1.841
2030-03-02,7.44,-0.47,65.61,282.72,87.7,98.6,1.2,2.202
2030-03-03,5.91,-0.17,113.61,244.19,70.9,98.5,0,1.7
2030-03-04,5.85,-2.3,124.55,243.39,72,98.6,0,0.099
2030-03-05,6.22,-3.2,157.96,229.12,62.8,98.8,0,2.599
2030-03-06,10.1,3.79,120.72,287.02,69.1,98.1,4.08,3.177
2030-03-07,11.01,9.18,25.8,343.7,93.8,95.9,34.72,2.79
2030-03-08,10.63,3.69,115.72,285.07,75.8,96.7,0,2.567
2030-03-09,11.25,7.3,47.94,319.85,86.8,97.8,17.2,3.869
2030-03-10,11.16,4.8,73.3,312.02,79.8,97.3,16.33,2.768
2030-03-11,8.17,3.33,111.76,268.26,73.8,98.9,0.98,2.645
2030-03-12,11.07,5.84,26.21,338.11,92.7,98.3,48.23,3.775
2030-03-13,11.32,9.21,34.27,326.41,94.4,97.8,13.71,2.466
2030-03-14,10.91,9.58,75.45,328.18,95.5,97.9,8.82,2.259
2030-03-15,11.73,9.6,66.97,332.07,92.6,98.3,4.96,2.083
2030-03-16,11.95,9.03,122.7,318.41,93,98.6,9.56,1.231
2030-03-17,11.07,8,96.83,312.58,93.7,98.8,15.16,2.534
2030-03-18,11.32,7.94,58.83,341.45,98,98.2,23.34,1.951
2030-03-19,8.88,1.63,106.76,279.17,78.6,98.7,0,1.934
2030-03-20,10.64,2.1,27.04,316.41,89.3,98.7,39.13,2.2
2030-03-21,9.94,3.76,142.03,288.86,80.5,99,1.61,0.19
2030-03-22,11.52,9.46,21.92,348.84,94.9,97.3,49.55,2.738
2030-03-23,9.45,3.89,109.68,294.19,69.7,97.9,1.62,3.718
2030-03-24,8.8,1.89,159.42,257.82,69.9,99.6,0,2.046
2030-03-25,9.34,-0.76,144.43,266.08,72.1,100,0,2.528
2030-03-26,8.74,7.26,38.17,332.23,90.4,99.4,13.29,4.288
2030-03-27,11.34,6.42,88.66,320.76,93.3,99.3,7.9,1.837
2030-03-28,8.2,3.14,134.33,271.67,71.4,101.2,0,2.934
2030-03-29,7.72,2.11,162.04,280.91,63.9,102.2,0,2.345
2030-03-30,8.44,2.39,162.3,281.63,68.6,102.4,0,1.86
2030-03-31,8.3,2.69,148.63,288.91,68.3,101.9,0,1.457
2030-04-01,8.14,3.98,112.39,298.65,69.4,101.5,0,1.604
2030-04-02,7.07,2.37,146.77,286.6,67,101.5,0,1.211
2030-04-03,11.19,3.01,147.92,304.67,77.3,101,0,1.39
2030-04-04,10.81,4.98,101.13,298.95,81.9,99.7,1.83,2.921
2030-04-05,8.14,3.96,121.7,293.91,70.8,98.5,0.37,2.564
2030-04-06,6.05,0.38,121.76,264.03,66.4,99,0.23,1.227
2030-04-07,5.45,-0.95,102.09,274.87,83.5,98.6,10.55,0.349
2030-04-08,2.76,-0.17,65.77,296.01,90.1,97.7,14.84,2.467
2030-04-09,8.1,-0.33,223.33,238.41,61.8,98.1,0,1.087
2030-04-10,5.59,0.54,60.76,301.96,85,98.1,13.79,1.831
2030-04-11,6.92,2.75,103.54,302,82.6,98.2,3.19,3.022
2030-04-12,7.48,0.27,117.27,290.88,87.5,98.3,2.94,1.745
2030-04-13,7.24,0.25,86.13,298.25,89.2,98.4,3.74,1.028
2030-04-14,5.66,3.26,28.12,318.6,92.1,98.5,23.98,1.827
2030-04-15,7.5,3.48,61.23,303.65,94.7,99.1,14.54,3.358
2030-04-16,9.24,2.55,148.82,282.42,89.3,99.7,2.4,1.053
2030-04-17,10.94,4.31,197.85,287.52,71,100.1,0,2.643
2030-04-18,10.32,2.48,220.69,263.33,69.1,100.6,0,0.431
2030-04-19,10.68,0.63,192.81,272.12,72.6,100.5,0,0.612
2030-04-20,11.13,1.86,153.01,296.41,75.9,100.5,0,0.26
2030-04-21,13.1,5.79,140.07,321.06,80.2,101,0,0.461
2030-04-22,13.41,7.67,145.63,321.47,79.7,100.9,2.04,0.738
2030-04-23,11.39,6.04,171.7,310.1,76.8,100.8,0.94,1.407
2030-04-24,11.62,5.63,117.54,315.07,87.8,100.4,3.2,1.377
2030-04-25,12.09,5.11,159.22,308.84,83.3,99.6,2.07,1.277
2030-04-26,11.53,4.77,151.16,297.26,79.9,98.6,1.22,2.049
2030-04-27,7.71,2.44,158.98,278.71,79.5,98.5,1.34,2.871
2030-04-28,9.06,-0.73,202.72,261.94,67.8,99.2,1.69,1.093
2030-04-29,10.81,5.46,187.45,292.87,80.4,100,3.34,1.566
2030-04-30,12.28,6.53,135.28,313.25,74,100.4,2.75,1.717
2030-05-01,13.57,7.38,241.6,303.27,87.1,100.3,3.96,1.107
2030-05-02,17.31,8.81,276.64,286.21,67.6,100.3,0,4.808
2030-05-03,16.38,9.53,304.43,273.44,59.6,100,0,6.429
2030-05-04,16.11,8.78,263.72,297.92,68.4,99.4,0,3.754
2030-05-05,15.86,7.72,256.49,295.08,78.6,99.1,0,0.164
2030-05-06,14.26,5.51,193.31,302.7,85.5,99.7,0,0.658
2030-05-07,15.96,4.43,207.7,297.22,75.1,99.4,0,1.54
2030-05-08,11.71,8.35,44.49,338.18,94,98.5,21.97,2.306
2030-05-09,9.87,5.03,152.19,310.39,85.9,98.6,1.01,1.369
2030-05-10,10.54,6.09,113.02,320.71,87.2,99,3.74,1.44
2030-05-11,12.91,5.29,183.15,298.07,76.3,98.5,0,2.008
2030-05-12,10.65,4.19,142.66,301.61,77.4,98.8,1.46,0.999
2030-05-13,11.32,1.29,191.96,286.24,70.2,99.3,3.27,0.329
2030-05-14,13.34,5.42,134.44,332.78,94.6,98.8,15.85,2.335
2030-05-15,15.9,8.49,100.61,348.35,93.4,98.7,13.98,2.597
2030-05-16,19.31,8.73,188.02,340.76,90.9,98.1,14.28,1.548
2030-05-17,13.56,9.43,164.7,329.59,85.9,98.2,44.95,3.114
2030-05-18,12.12,7.16,163.27,315.14,80.9,100.2,1.2,1.566
2030-05-19,13.3,5.77,191.09,296.17,70.7,100.9,0,0.755
2030-05-20,14.37,5.85,166.71,303.19,83.2,100.6,0.11,0.403
2030-05-21,13.43,5.12,166.96,297.86,81.8,100.1,0.18,0.854
2030-05-22,14.38,4.92,181.78,293.84,75.2,99.8,0,0.928
2030-05-23,14.51,7.55,133.2,319.75,79.6,99.6,0,1.907
2030-05-24,14.36,8.73,168.05,318.02,89.4,99.7,3.92,1.632
2030-05-25,15.28,7.66,229.67,314.67,92.2,99.6,2.41,0.941
2030-05-26,18.79,10.47,231.06,327.67,84.3,99.6,3.21,1.207
2030-05-27,19.94,10.4,265.39,319.53,77.6,99.6,0,1.037
2030-05-28,17.65,9.16,307.35,295.63,77.7,100.1,0,0.473
2030-05-29,17.04,8.83,263.58,310.37,88.2,100.5,0,1.317
2030-05-30,17.77,9.7,218.35,324.4,81.5,100.3,2.27,2.358
2030-05-31,16.6,9.04,241.95,310.15,78.5,100.5,1.31,2.065
2030-06-01,15.42,8.38,265.57,295.85,75.6,100.7,0,1.779
2030-06-02,15.06,10.47,235.69,308.29,74.1,100.2,3.57,2.647
2030-06-03,15.2,9.16,200.83,319.31,85.1,100.6,2.15,2.432
2030-06-04,15.96,12.09,188.78,354.74,93,100.3,0,2.475
2030-06-05,16.47,12.72,165.07,360.92,96.4,100.3,0.06,1.956
2030-06-06,17.02,11.02,166.61,353.55,96.9,100.5,0.92,1.443
2030-06-07,22.39,11.48,284.43,331.51,86.9,100.7,0,0.442
2030-06-08,25.02,13.01,320.46,323.5,73.2,101.2,0,2.093
2030-06-09,24.76,14.69,339.41,319.75,71.3,101.6,0,3.906
2030-06-10,21.69,13.42,332.98,313.14,71.7,101.6,0,3.31
2030-06-11,24.33,12.59,329.82,322.06,73.6,101.1,0,3.272
2030-06-12,22.78,12.94,330.87,322.97,74.5,100.4,0,2.88
2030-06-13,20.85,12.41,229.9,342.64,86.3,100.1,9.62,0.762
2030-06-14,21.3,12.78,294.04,331.31,75.4,100.4,0,2.359
2030-06-15,20.8,9.71,351.5,281.34,59.6,100.1,0,2.868
2030-06-16,19.06,12.25,220.77,336.96,85.9,99.2,1.88,0.895
2030-06-17,16.87,12.58,252.8,328.19,78.2,99,5,2.284
2030-06-18,17.86,12.5,257.3,324.35,82.3,99.1,4.12,2.544
2030-06-19,18.63,11.07,257.84,310.02,73.6,99.9,0.01,2.526
2030-06-20,17.29,10.91,237.23,330.92,84.1,100.4,0,1.903
2030-06-21,19.67,12.36,211.15,349.06,87.8,100.1,2.15,2.303
2030-06-22,18.75,10.63,272.7,309.14,81.6,100.4,0,0.146
2030-06-23,19.16,9.83,311.35,307.75,82.6,100.2,0,0.391
2030-06-24,20.31,12.42,232.81,336.71,84.5,100,4.8,1.082
2030-06-25,20.13,11.22,341.56,293.72,68.1,100.6,0,0.497
2030-06-26,20.55,12.2,217.26,326.82,80,100.4,0,1.78
2030-06-27,19.25,12.53,190.29,341.58,86.6,100.2,0.27,2.225
2030-06-28,20.95,12.53,167.92,350.02,89.2,100.2,2.09,0.924
2030-06-29,21.77,13.34,267.57,333.82,75.4,100.2,0,0.292
2030-06-30,17.1,13.96,130.42,355.5,85.7,100.2,8.28,1.884
2030-07-01,18.8,13.3,177.06,344.04,72.7,100,0,1.515
2030-07-02,17.95,10.56,237.84,311.7,78.5,99.9,1.02,0.737
2030-07-03,19.47,10.47,237,320.09,71.1,99.7,0,2.349
2030-07-04,19.79,13.54,221.9,341.08,79,99.9,2.18,2.185
2030-07-05,21.33,12.46,289.26,315.15,76.7,100.4,0,1.554
2030-07-06,21.84,12.45,288.34,324.71,67.8,100.2,6.76,4.178
2030-07-07,18.07,13.53,109.37,369.41,93.9,100,20.85,2.567
2030-07-08,19.36,13.02,195.48,348.25,94,100.3,14.42,0.98
2030-07-09,21.88,12.37,260.36,333.5,83.9,100.5,7.44,0.46
2030-07-10,22.72,13.88,312.77,316.68,74.8,100.7,0,0.505
2030-07-11,22.84,14.27,270.2,331.8,79.8,101,2.15,0.323
2030-07-12,22.54,14.46,278.77,333.06,76.7,101,0,0.441
2030-07-13,23.73,14.39,292.14,332.79,78.2,100.8,0,0.923
2030-07-14,18.76,14.87,75.83,365.9,95.4,100,18.6,1.857
2030-07-15,20.07,14.09,214.4,343.47,78.3,99.5,0,1.436
2030-07-16,20.26,13.26,270.92,317.88,71,99.7,0,1.525
2030-07-17,20.54,10.38,277.66,312.84,74.2,100.4,0,0.78
2030-07-18,22.49,14.23,266.58,335.47,81.8,100.4,0,1.978
2030-07-19,22.83,15.92,232.94,356.41,81.7,100.2,0.38,1.597
2030-07-20,23.57,16.19,212.96,364.16,85.3,100,0,1.821
2030-07-21,19.93,13.84,278.59,328.5,78.3,99.9,3,1.812
2030-07-22,19.66,13.25,159.22,351.52,88,100.3,1.93,1.896
2030-07-23,22.96,17.48,203.65,372.57,86.4,100.6,0,1.629
2030-07-24,23.24,15.95,272.72,344.91,85.6,100.8,0,0.877
2030-07-25,23.42,16.59,200.55,360.67,80.4,100.6,0,0.243
2030-07-26,24.45,15.43,297.01,338.99,79.4,100.2,0,1.025
2030-07-27,20.52,15.9,146.15,361.82,89.1,99.6,0.99,1.807
2030-07-28,22.51,18.41,161.51,393.61,94.8,99.4,3.49,2.563
2030-07-29,23.07,16.5,222.99,365.19,88.3,99.8,0.97,1.716
2030-07-30,22.99,14.18,220.66,339.84,79.2,100.2,0,0.384
2030-07-31,22.91,13.87,257.79,326.47,73.9,100.4,0,0.359
2030-08-01,22.82,13.57,295.89,313.08,68.6,100.6,0,0.515
2030-08-02,22.64,13.38,261.04,324.28,75.2,100.9,0,0.222
2030-08-03,24.41,13.26,273.54,326.56,75.8,101,0,0.119
2030-08-04,24.42,14.96,262.41,328.39,76,100.9,0,1.08
2030-08-05,22.12,12.05,193.21,338.08,85,100.7,1.07,1.092
2030-08-06,22.83,13.78,287.87,321.37,72.5,100.9,0,0.283
2030-08-07,23.84,15.99,256.75,342.24,83.1,100.6,0,2.506
2030-08-08,20.7,13.85,220.57,327.54,72.4,100.3,0,2.35
2030-08-09,18.07,12.49,213.65,315.48,64.5,100.4,0,1.079
2030-08-10,18.59,11,210.84,314.23,66.3,100.4,0.46,1.012
2030-08-11,21.12,12.12,235.95,324.23,74.2,100.5,0,1.37
2030-08-12,20.63,12.71,176.3,334.93,77.1,99.6,4.05,2.463
2030-08-13,18.66,11.65,242.32,304.4,78.1,99.1,3.23,2.477
2030-08-14,20.52,11.6,207.24,330.5,86.2,99.1,0.67,1.807
2030-08-15,22.49,14.81,245.95,342.17,78.7,99.4,6.18,3.072
2030-08-16,21.49,13.99,150.91,359.71,89.9,100.3,4.39,2.079
2030-08-17,21.28,12.64,232.37,319.1,81.1,100.7,0,0.645
2030-08-18,22.41,12.32,260.89,317.79,77.9,100.4,0,1.361
2030-08-19,26.31,16.79,250.72,345.38,78.4,99.2,0,1.658
2030-08-20,22.7,14.6,214.91,327.06,76,99.6,0,2.558
2030-08-21,20.54,12.3,245.79,308.05,80,100,0,1.183
2030-08-22,19.49,13.9,75.98,361.28,92,99.5,26.5,1.43
2030-08-23,19.69,12.89,181.51,329.83,78.6,99.3,1.33,1.855
2030-08-24,19.62,12.36,189.37,324.52,76.6,99.7,0,2.329
2030-08-25,21.71,13.59,180.97,353.91,86,99.2,4.98,2.994
2030-08-26,19.77,13.97,223.9,325.45,74.5,99.9,0,2.763
2030-08-27,19.59,13.13,187.59,322.64,77.4,100.7,0,2.448
2030-08-28,22.28,13.96,167.69,358.02,86.8,100.7,0.77,1.932
2030-08-29,21.18,16.35,156.56,359.65,92.5,100.6,10,1.433
2030-08-30,21.09,12.93,138.72,344.16,88,100.2,3.78,1.78
2030-08-31,19.68,11.78,140.07,337.94,83,100.3,2.03,1.229
2030-09-01,18.27,10.63,141.41,333.16,78,100.5,0,0.681
2030-09-02,18.24,12.01,122.9,351.77,87.1,99.9,1.77,0.708
2030-09-03,21.16,14.05,197.57,338.36,82.8,99.9,0.11,1.352
2030-09-04,21.13,14.02,162.28,358.95,86.3,100.2,0,1.829
2030-09-05,20.01,15.76,116.27,370.77,92.1,100,0.53,1.78
2030-09-06,18.1,12.11,174.06,319.53,73.7,99.8,0,1.736
2030-09-07,17.98,10.88,138.41,317.94,77.7,99.7,0,1.779
2030-09-08,18.41,16.05,33.29,386.05,95.3,99,57.69,3.551
2030-09-09,19.36,13.73,204.49,310.88,77.5,99.3,0,2.848
2030-09-10,16.5,12.04,137.26,317.59,85,99.7,1.69,1.303
2030-09-11,17.42,10.03,163.4,304.62,76.7,100.7,0,1.102
2030-09-12,17.26,8.8,190.61,294.41,80,100.9,0.86,1.054
2030-09-13,17.22,7.38,163.54,307.67,82.9,101,0,0.436
2030-09-14,15.08,13.28,40.71,363.4,94.3,100.3,23.34,0.852
2030-09-15,16.35,10.44,90.4,338.09,89.9,100.3,10.55,4.055
2030-09-16,18.16,8.45,189.93,298.53,82.4,101.1,0,0.322
2030-09-17,19.18,10.42,166.91,317.16,84.6,101.3,0,0.54
2030-09-18,19.76,11.46,150.81,334.14,87.7,101.2,0,0.35
2030-09-19,18.01,11.8,169.02,312.84,80.1,101.1,0,1.984
2030-09-20,18.42,10.03,165.84,309.58,84.2,101,0,1.504
2030-09-21,18.87,10.41,175.82,307.71,82.9,100.7,0,2.071
2030-09-22,18.29,9.3,145.72,307.35,84.5,100.4,0,2.311
2030-09-23,18.06,11.36,106.9,328.37,83.6,100,0,1.644
2030-09-24,16.83,14.87,29.87,374.81,96.2,99.7,9.55,1.265
2030-09-25,19.4,14.26,60.93,374.17,98.4,99.8,3.29,0.985
2030-09-26,20.44,13.81,132.05,332.95,91.3,100.9,0,0.946
2030-09-27,18.39,13.5,133.3,336.34,92.9,100.8,0,0.667
2030-09-28,19.89,12.49,166.76,324.76,92.7,100.4,0,0.466
2030-09-29,17.33,10.44,168.93,300.75,76.8,100.5,0,0.609
2030-09-30,18.03,7,167.59,288.18,82.9,101.2,0,0.211
2030-10-01,19.29,9.52,122.27,326.71,92,101.7,0,0.544
2030-10-02,19.73,12.55,120.23,333.68,89.5,101.8,0,0.731
2030-10-03,18.75,11.86,142.62,316.72,91.2,101.6,0,0.769
2030-10-04,18.05,10.75,111.56,334.26,91.5,101,0,0.34
2030-10-05,13.91,6.49,151.12,284.75,72,101.1,0,2.024
2030-10-06,13.79,4.12,154.41,274.64,73.7,101.3,0,0.32
2030-10-07,16.47,7.2,98.89,322.96,83.2,101.3,0,1.205
2030-10-08,16.8,10.98,92.02,335.81,85.3,101.1,0,2.381
2030-10-09,17.96,12.07,78.41,347.06,92.5,100.3,7.6,2.564
2030-10-10,14.86,9.96,118.57,291.6,83.8,100.1,0,1.974
2030-10-11,15.58,6.68,117.1,295.17,85.7,100.4,0,0.862
2030-10-12,17.42,10.24,71.49,331.98,92.6,99.2,5.93,2.371
2030-10-13,13.57,9.03,93.73,296.18,85.3,98.7,0.67,2.928
2030-10-14,14.71,7.73,90.56,294.55,85.1,99.1,0,1.875
2030-10-15,13.63,6.92,52.76,318.22,89.1,99,0,0.423
2030-10-16,13.68,8.81,103.76,289.64,82.4,99.6,0,1.365
2030-10-17,13.87,7.08,122.75,276.22,81.4,100.6,0,0.757
2030-10-18,14.98,5.6,106.44,310.59,89.2,100.6,0,1.063
2030-10-19,16.16,12.82,21.5,372.68,99.3,99.5,21.49,1.605
2030-10-20,15.66,7.96,113.08,297.29,85.8,99.1,9.39,1.792
2030-10-21,14.34,7.58,36.24,329.13,91.5,99.2,10.55,1.555
2030-10-22,14.38,10.14,75.38,328.54,96,99.5,4.39,2.999
2030-10-23,14.93,7.76,94.86,305.72,93.4,99.9,0,0.341
2030-10-24,15.41,7.19,80.18,327.58,92.4,99.9,2.26,1.479
2030-10-25,16.21,13.6,61.93,359.21,96.1,99.9,4,1.76
2030-10-26,17.6,16.06,43.62,384.68,97.3,100,3.81,2.745
2030-10-27,17.51,9.63,38.45,348.58,96.3,100.3,2.26,2.001
2030-10-28,15.84,9.03,75.97,314.32,91.8,100.5,0,0.847
2030-10-29,16.67,12.58,73.01,327.93,93.4,100.4,1.74,2.215
2030-10-30,15.9,10.44,83,316.43,92.1,100.8,0,1.862
2030-10-31,16.28,12.02,72.57,333.16,91.9,100.7,0,1.976
2030-11-01,16.67,13.6,62.25,349.9,91.7,100.7,0,2.091
2030-11-02,17.22,9.87,36.54,340.12,89.4,99.9,3.08,3.135
2030-11-03,11.69,7.4,51.14,312.27,75.6,100.7,0,1.619
2030-11-04,15.33,6.91,42.56,331.76,89.6,100.1,3.48,2.558
2030-11-05,14.95,8.17,47.66,316.99,74.3,100.3,0.36,1.788
2030-11-06,12.14,7.6,52.03,320.34,73.9,100.5,0,1.454
2030-11-07,11.42,6.69,28.43,311.21,80.1,98.8,14.16,2.334
2030-11-08,9.11,4.14,73.95,274.17,64.2,99.8,0,2.065
2030-11-09,14.52,2.06,11.91,311.48,90.6,98.9,13.82,1.052
2030-11-10,12.26,7.84,61.89,294.07,90.1,99.3,1.32,2.303
2030-11-11,11.52,4.65,20.62,320.23,98.4,99.5,31.28,1.643
2030-11-12,11.29,6.33,54.13,295.06,90.4,99.4,1.52,1.676
2030-11-13,14.93,6.92,39.03,334.96,95.5,100,0,1.762
2030-11-14,15.78,9.82,16.27,361.09,97.4,99.6,21,2.718
2030-11-15,11.77,7.42,67.64,273.85,81.1,100.5,0,2.069
2030-11-16,11.44,7.53,49.53,295.99,77.4,99.9,2.67,3.487
2030-11-17,9.06,3.09,72.31,250.79,73,100.8,0.43,1.373
2030-11-18,12.39,3.07,54.74,299.01,92.6,101.7,0,1.108
2030-11-19,11.78,4.9,47.83,305.73,91.7,101.7,0,1.261
2030-11-20,13.47,10.35,14.45,353.87,97.8,100.9,8.94,1.368
2030-11-21,13.52,7.77,9.55,324,89.1,99.2,35.76,2.992
2030-11-22,12.16,7.57,28.67,322.8,82,99.4,2.03,3.147
2030-11-23,13.01,10.73,32.49,334.55,88.6,98.9,2.78,2.412
2030-11-24,13.37,5.21,38.24,300.98,84.2,99.3,4.05,1.74
2030-11-25,12.41,5.38,32,314.04,70.6,100.2,0,3.136
2030-11-26,13.18,8.48,6.68,353.54,93.3,98.7,60.74,3.37
2030-11-27,8.96,5.56,23.1,311.85,94.9,98.5,5.49,0.351
2030-11-28,7.6,5.1,31.64,306.37,96,99.3,3.74,1.765
2030-11-29,8.32,4.07,51.96,275.16,93.5,100.1,0,3.28
2030-11-30,8.66,4.27,31.47,289.44,98.4,99.3,0,2.224
2030-12-01,8.04,3.73,32.61,306.47,98.2,99.6,0,1.298
2030-12-02,8.46,4.73,31.07,309.25,96.8,99.8,0,0.673
2030-12-03,11.08,5.61,14.4,316.56,89.3,99.6,7.54,1.441
2030-12-04,8.64,5.17,30.41,303.24,77.1,100.3,2.31,2.298
2030-12-05,9.61,3.74,38.46,295.13,95.6,100.9,0.58,1.71
2030-12-06,6.2,3.32,42.74,281.3,90.2,101,0,4.195
2030-12-07,4.49,0.7,25.65,293.95,90.7,100.7,1.44,4.942
2030-12-08,10.16,4.44,33.12,315.8,94.4,101.1,0,2.898
2030-12-09,10,6.44,43.48,269.65,83.2,100.7,0,4.584
2030-12-10,8.45,5.36,30.44,301.1,90.2,99.9,2.96,2.836
2030-12-11,11.19,5.8,20.96,338.13,99.5,100,3.67,1.861
2030-12-12,11.74,10.03,7.14,353.23,97.5,99.4,21.17,2.957
2030-12-13,11.62,9.96,8.37,351.77,96.6,99.2,18.87,2.645
2030-12-14,11.22,3.59,44.28,286.82,95.9,99.6,0,0.546
2030-12-15,10.99,8.37,22.05,329.03,95.6,99.3,1.27,2.332
2030-12-16,10.84,6.43,36.94,310.46,95.1,98.8,3.24,0.746
2030-12-17,12.25,8.59,18.27,344.15,96.8,97.9,15.18,2.233
2030-12-18,11.64,9.33,14.47,339.69,88.3,96.4,21.13,2.37
2030-12-19,10.41,8.61,40.13,312.26,84.3,98,16.42,2.307
2030-12-20,10.67,6.08,24.32,309.32,89.8,98.3,17.25,0.982
2030-12-21,12.48,4.05,19.06,320.02,94.9,99.8,7.48,1.882
2030-12-22,12.49,11.41,8.43,357.88,94.8,100.2,23.38,3.714
2030-12-23,11.35,6.68,31.76,299.18,95.7,101.1,0,1.282
2030-12-24,11.47,8.09,24.92,335.01,97.2,101.5,0.86,0.809
2030-12-25,12.62,9.07,23.93,345.97,98.5,101.6,0.06,0.912
2030-12-26,10.19,8.11,19.27,330.3,93.7,101.8,0,2.704
2030-12-27,8.17,5.37,30.72,283.45,86.2,101.6,0,3.958
2030-12-28,8.77,3.24,24.11,294.98,94.8,101,0,0.708
2030-12-29,10.97,3.21,27.9,315.63,98.2,100.7,1.88,0.7
2030-12-30,11.98,10.84,15.26,350.86,96.5,100.1,12.37,1.784
2030-12-31,11.9,9.96,25.85,332.55,92.3,99.7,13.47,2.641
2031-01-01,11.82,9.07,36.62,315.24,88.1,99.3,14.59,2.795
2031-01-02,11,7.08,22.28,298.71,81.4,99.5,2.74,3.937
2031-01-03,10.79,5.79,45.57,273.17,86.4,99.9,0,3.097
2031-01-04,10.73,3.97,45.62,294.69,93.2,100.8,8.47,1.319
2031-01-05,13.76,7.74,25.43,344.25,96.1,100.1,5.36,1.882
2031-01-06,7.92,5.49,26.7,307.11,93.2,100.8,0.06,0.091
2031-01-07,9.67,4.36,18.58,329.32,96.9,101.2,0,0.655
2031-01-08,11,7.18,9.97,344.57,99.6,101.2,12.21,0.426
2031-01-09,7.69,4.33,48.23,274.32,81.5,101.8,0,0.68
2031-01-10,7.74,0.24,30.92,280.98,85.5,102.3,0,0.992
2031-01-11,10.11,5.42,30.79,311.5,83.2,102,0,2.771
2031-01-12,12.91,9.91,29.89,341.64,91.3,101.5,0,3.545
2031-01-13,11.86,9.56,34.89,329.81,91.4,101.9,0,2.286
2031-01-14,11.44,9.54,21.3,342.36,91.4,101.3,0.94,2.976
2031-01-15,11.27,5,30.14,317.97,83,101.3,1.08,0.684
2031-01-16,11.59,7.97,27.94,326.11,93.5,99.8,1.87,2.855
2031-01-17,8.9,1.05,27.85,299.32,75.4,100.2,0,0.371
2031-01-18,5.56,0.42,10.86,308.69,91.7,99.3,9.61,3.335
2031-01-19,4.13,0.82,23.38,307.97,98.4,98.1,11.33,3.538
2031-01-20,1.5,-1.23,37.78,264.92,86,98.6,0.99,1.601
2031-01-21,4.16,-0.98,52.86,253.7,82.5,99.9,0,0.707
2031-01-22,2.07,-1.78,60.74,246.28,87.6,100.6,0,1.95
2031-01-23,1.37,-3.31,49.32,251.65,86.7,100.8,0,2.442
2031-01-24,1.88,-3.33,66.7,233.28,80.7,101.1,0,2.139
2031-01-25,0.77,-3.92,73.33,216.04,81.8,101.3,0,2.214
2031-01-26,2.69,-2.99,41.84,278.79,95.5,100.2,0,1.536
2031-01-27,2.91,-0.07,37.28,288.03,77.3,100,0,2.36
2031-01-28,5.51,1.38,49.48,287.68,83.9,100.1,0,0.681
2031-01-29,7.3,0.35,64.97,269.06,89.3,100.3,0,0.976
2031-01-30,7.14,2.75,47.51,303.43,83.2,100.5,0.81,1.206
2031-01-31,8.95,2.57,66.68,294.22,96,100.8,1.38,0.481
2031-02-01,5.74,1.91,21.12,311.5,96.2,100.7,5.72,4.342
2031-02-02,2.11,-1.16,60.48,272.85,89.6,100.2,0,2.177
2031-02-03,2.71,-2.37,80.46,251.94,87,99.7,0,1.433
2031-02-04,3.28,-2.07,83.58,259.83,77.1,98.9,0,2.322
2031-02-05,3.38,1.9,39.99,299.66,87.9,98.1,1.21,3.242
2031-02-06,9.79,2.1,63.98,289.04,86.9,97.3,12.56,1.343
2031-02-07,9.89,6.47,57.53,295.75,80.4,97.8,1.27,3.452
2031-02-08,11.55,6.92,46.84,329.85,87.7,97.6,7.54,3.184
2031-02-09,7.3,0.45,49.06,289.84,81.1,98.7,4.57,0.622
2031-02-10,5.72,-2.81,100.02,228.97,74.1,99.5,0,0.86
2031-02-11,6.69,0.58,18.11,277.39,76,98.1,8.58,3.172
2031-02-12,6.18,1.31,83.63,274.63,74.4,98.5,2.22,2.753
2031-02-13,11.76,3.59,42.65,329.63,92.2,96.4,44.37,2.451
2031-02-14,7.75,1.94,90.35,257.53,68.2,97.2,0.31,3.904
2031-02-15,6.9,3.47,29.53,281.97,82.2,98.6,5.74,2.371
2031-02-16,5.27,1.04,40.25,292.19,93.1,99.5,1.86,0.086
2031-02-17,11.47,1.45,17.49,331.6,97.5,99.1,19.61,0.801
2031-02-18,11.07,8.06,76.9,310.41,89.5,98.4,4.54,3.293
2031-02-19,10.02,6.15,83.32,292.16,76.8,99,1.45,3.69
2031-02-20,10.31,7.15,52.21,318.36,89.9,98.1,21.23,2.746
2031-02-21,7.33,2.39,97.36,282.49,74.8,100.1,1.44,0.461
2031-02-22,8.92,4,18.93,310.02,83.2,98.9,19.61,1.35
2031-02-23,4.96,2.25,51.43,289.65,67.3,99,0,2.149
2031-02-24,5.81,0.58,87.99,271.09,65.5,100.8,0,0.984
2031-02-25,8.46,-1.24,38.77,299.86,95,100.3,9.7,1.518
2031-02-26,8.17,3.85,75.9,294.38,82,99.8,5.22,1.357
2031-02-27,6.79,2.01,111.26,274.34,77.4,100.3,0,0.364
2031-02-28,9.5,4.15,68.72,321.65,94.5,99.9,9.69,1.658
2031-03-01,7.42,3.25,108.13,275.51,75.9,100.1,1.12,2.393
2031-03-02,10.74,5.11,67.09,315.92,95.6,100.6,2.11,0.296
2031-03-03,11.45,5.18,75.68,327.09,95.2,101,0.07,1.56
2031-03-04,11.64,9.57,56.85,346.24,96.4,101.4,1.58,2.087
2031-03-05,12.05,7.23,94.65,315.26,94.5,101.8,0.63,1.236
2031-03-06,11.53,7.08,132.93,312.05,96.9,101.8,0.1,1.44
2031-03-07,13.23,5.88,82.97,303.98,87.9,102,0,0.216
2031-03-08,9.94,1.86,153.5,258.78,77.4,102.9,0,0.205
2031-03-09,9.69,1.82,88.19,297.47,80.3,102.2,0,1.007
2031-03-10,9.9,2.88,113.8,293.09,92.3,101.4,0,1.013
2031-03-11,10.2,4.89,107.21,307.64,87.6,100.8,0.79,0.806
2031-03-12,10.32,5.08,115.72,309.19,86.8,100.6,0,1.348
2031-03-13,10.13,7.79,113.26,308.49,68.7,100.6,0,2.899
2031-03-14,10.3,3.64,101.1,296.69,74.6,101.6,0,0.641
2031-03-15,8.91,2.45,121.97,281.46,78.3,101.7,0,1.866
2031-03-16,10.29,5.81,183.71,263.21,70,100.3,0,2.096
2031-03-17,9.79,5.35,144.89,282.82,72,99.5,1.21,3.107
2031-03-18,8.85,5.5,121.19,289.96,72.9,98.9,1.53,2.202
2031-03-19,8.48,5.34,85.52,308.73,92,98.7,5.22,0.352
2031-03-20,11.32,4.8,139.69,297.89,83.3,100,0.6,1.338
2031-03-21,11.06,3.71,122.99,301.44,84.3,100,1.14,1.04
2031-03-22,11.25,5.88,118.72,314.7,84.5,99.2,6.94,1.956
2031-03-23,11.84,5.15,108.38,316.02,86,97.9,8.89,2.994
2031-03-24,8.68,4.25,127.3,278.58,62.9,99.2,0,4.067
2031-03-25,10.31,3.59,144.63,272.39,70.7,100.6,0,1.854
2031-03-26,12.54,3.27,82.62,323.09,97.1,101.4,2.82,0.988
2031-03-27,13.38,8.28,113.18,328.73,96.2,101.7,0,0.435
2031-03-28,14.4,5.76,214.69,265.53,75.8,101.7,0,3.691
2031-03-29,15.57,5.98,218.31,267.9,69.4,101.6,0,4.36
2031-03-30,15.8,5.41,217.09,275.14,80.1,101.3,0,2.899
2031-03-31,12.65,3.69,162.03,286.27,77,101,0,3.67
2031-04-01,7.46,2.51,126.08,295.18,68.5,101.2,0,3.031
2031-04-02,8.11,2.05,131.86,292.02,74.5,100.6,0.26,0.709
2031-04-03,7.47,0.01,160.45,255.71,66.7,100.7,0,0.667
2031-04-04,8.27,-0.95,133.91,276.31,74,100.9,0,1.066
2031-04-05,9.17,4.36,109.56,304.93,77.9,100.8,1.06,0.348
2031-04-06,8.54,2.07,125.96,295.19,75.4,100.9,0,0.612
2031-04-07,10.46,4.56,115.24,304.67,86.1,100.2,9,2.294
2031-04-08,14.63,8.32,131.41,334.37,91,98.6,8.9,3.119
2031-04-09,10.09,5.65,49.43,332.29,95.2,98.9,10.38,2.639
2031-04-10,10.47,5.07,102.66,317.82,85.2,98.8,3.61,0.937
2031-04-11,8.24,4.63,120.16,294.28,79.7,98.4,2.76,4.752
2031-04-12,8.47,2.34,199.6,270.71,65,99.3,1.49,3.24
2031-04-13,7.72,1.1,93.99,284.82,70.9,99,6.62,2.542
2031-04-14,8.59,0.65,182.07,266.29,64.3,99.7,0.38,0.641
2031-04-15,8.03,0.82,187.31,274.68,69.1,100.2,1.18,0.71
2031-04-16,10.3,1.94,155.86,288.02,76.4,99.9,0.98,1.594
2031-04-17,10.36,3.84,148.57,304.54,80,99.6,7.65,1.146
2031-04-18,12.66,9.35,116.56,339.95,93.3,98.4,24.11,2.133
2031-04-19,10.75,4.73,124.34,322.55,88.1,97.5,7.36,3.404
2031-04-20,10.31,3.49,159.61,278.59,67.5,99.1,0,1.906
2031-04-21,10.46,2.94,155.24,279.46,80.1,99.8,3.28,2.047
2031-04-22,10.97,0.19,182.42,275.28,73.5,100.5,0,0.424
2031-04-23,10.9,4.04,177.41,293.5,74.2,100.7,0,2.961
2031-04-24,12.17,4.79,177.75,298.23,65,100,0,5.377
2031-04-25,11.92,3.78,213.22,288.35,63,99.9,0,4.255
2031-04-26,9.89,3.32,187.86,288.87,66.2,100.4,0,2.506
2031-04-27,8.96,4.25,148.62,298.07,69,100.5,0,4.103
2031-04-28,9.57,3.94,102.33,322.88,82.1,99.5,7.91,6.119
2031-04-29,12.48,9.4,168.37,333.1,94.8,98.8,9.74,2.418
2031-04-30,12.4,8.07,140.65,329.15,97.1,99.1,7.16,1.755
2031-05-01,11.97,4.13,232.45,279.23,68.4,99.9,0.2,2.438
2031-05-02,11.78,1.15,230.47,268.63,75.3,100.5,0,3.043
2031-05-03,16.69,8.9,200.03,325.99,81.9,99.5,4.3,3.428
2031-05-04,12.08,4.83,84.77,331.46,86.9,99.8,7.25,5.523
2031-05-05,9.61,3.98,63.76,324.49,66.8,99.9,4.95,6.59
2031-05-06,12.55,5.28,238.32,294.66,61.7,100.5,0,3.317
2031-05-07,10.8,4.43,175.38,299.64,65.7,100.6,0,0.56
2031-05-08,10.9,4.04,207.3,292.58,62.7,101,0,0.432
2031-05-09,11.96,2.95,235.36,277.44,67.6,100.9,0,0.429
2031-05-10,11.64,3.61,244.89,275.39,68.2,101,0,0.955
2031-05-11,11.77,2.05,219.59,279.18,67.2,101.4,0,0.486
2031-05-12,11.83,3.11,268.39,259.53,71,101.2,0,2.659
2031-05-13,13.12,6.94,145.11,293.59,69.9,100.5,0,4.206
2031-05-14,17.56,5.72,314.54,271.61,69.2,100.9,0,1.978
2031-05-15,16.99,3.59,317.78,260.67,67.2,101.2,0,0.813
2031-05-16,18.73,4.19,324.1,266.38,66.8,101,0,2.192
2031-05-17,19.84,10.49,270.43,301.35,69.8,100.5,0,3.132
2031-05-18,15.92,10.53,212.51,311.26,84,99.7,0,1.022
2031-05-19,13.74,10.75,116.28,322.76,89.9,99.1,5.77,1.533
2031-05-20,14.69,10.58,171.36,329.46,89.3,98.7,26.85,1.392
2031-05-21,15.93,8.74,239.84,306.94,76.7,99,5.04,2.35
2031-05-22,14.52,7.51,263.18,299.2,82.9,100.2,0.59,2.188
2031-05-23,12.89,8.43,78.21,329.43,93.3,99.6,5,1.706
2031-05-24,15.3,7.28,223.29,297.36,77.9,99.4,0.58,2.945
2031-05-25,14.97,7.29,246.41,284.96,71.4,100.4,0,1.861
2031-05-26,13.48,5.35,179.55,310.61,79.2,100.4,6.9,1.366
2031-05-27,14.26,9.64,206.97,318.1,79.9,99.3,5.02,2.43
2031-05-28,15.34,9.48,211.55,313.49,84.8,99.8,3.16,1.948
2031-05-29,18.5,8.7,303.12,287.45,73.2,99.9,0,0.651
2031-05-30,17.55,8.94,286.63,291.61,71.9,100,0,1.101
2031-05-31,16.32,8.84,248.4,307.79,75.3,99.6,2.31,1.987
2031-06-01,15.09,8.73,210.91,324.05,78.7,99.1,4.61,2.986
2031-06-02,13.87,7.65,193.56,305.46,70.4,99.5,0,2.006
2031-06-03,13.96,9.21,218.11,312.82,70.8,100,0,1.209
2031-06-04,15.01,8.06,255.53,301.08,87.7,100.4,3.06,2.088
2031-06-05,16.63,6.44,287.28,284.27,70.5,101.2,0,0.761
2031-06-06,20.16,8.13,308.79,294.73,70.8,101.3,0,1.154
2031-06-07,23.9,11.41,204.33,367.88,77.4,100.9,1.06,2.603
2031-06-08,27.45,16.99,251.21,370.71,85.7,100.8,0,2.178
2031-06-09,29.49,17.97,305.63,371.94,77.5,100.9,0,2.479
2031-06-10,26.53,17.88,333.92,340.64,69.3,101.1,0,2.966
2031-06-11,27.35,15.26,329.86,342.29,70.6,101.2,0,1.09
2031-06-12,27.23,15.71,301.15,349.08,72.7,101,0,1.4
2031-06-13,19.84,13.07,274.99,321.52,73.6,100.6,0,1.941
2031-06-14,16.78,11.46,179.76,330.94,84.8,100.6,4.76,1.532
2031-06-15,17.74,10.52,214.59,322.42,78,99.8,0,0.517
2031-06-16,19.57,10.36,193.85,329.48,77.9,98.9,0,0.182
2031-06-17,18.38,11.53,213.22,331.15,85.8,98.8,1.48,1.341
2031-06-18,14.74,9.36,172.74,301.64,77.2,100,4.68,1.994
2031-06-19,16.23,11.02,160.54,346.04,85,100.1,5.6,3.179
2031-06-20,17.2,12.31,274.59,322.96,82,99.8,2.07,1.208
2031-06-21,16.51,13.79,88.12,374.21,97.7,99,9.21,2.211
2031-06-22,18.65,14.07,226.72,358.29,89.7,99.6,0.48,1.69
2031-06-23,17.98,12.79,267.29,322.89,84,99.5,0,2.147
2031-06-24,16.35,11.01,230.1,314.83,69.1,99.7,0.22,3.31
2031-06-25,15.17,9.72,192.23,311.92,80.3,99.4,1.5,1.374
2031-06-26,18.08,10.06,198.3,331.83,81.9,98.9,8.94,0.466
2031-06-27,16.29,9.17,204.33,309.79,75.8,99.7,0.49,2.649
2031-06-28,15.09,8.93,149.48,321.66,80,100.3,3.94,1.726
2031-06-29,19.9,10.36,241.36,344.12,83.6,100,0,2.013
2031-06-30,18.35,12.59,142.45,351.53,91.6,99.9,2.98,2.129
2031-07-01,19.63,12.41,229.49,349.74,84.3,100.1,0.74,2.258
2031-07-02,19.14,14.2,167.37,370.88,92.2,99.8,8.73,2.519
2031-07-03,17.59,13.13,237.31,339.23,77.1,99.3,0.01,3.938
2031-07-04,18.28,11.58,253.93,320.66,71.3,99.3,0.49,3.122
2031-07-05,14.27,9.64,210.46,297.3,76.5,99.4,4.32,2.324
2031-07-06,17.19,9.62,233.62,304.4,81,99.9,4.45,1.947
2031-07-07,15.94,9.19,208.93,318.42,81.2,100.1,0,1.129
2031-07-08,17.69,12.43,182.03,353.29,94.3,100.1,2.8,0.79
2031-07-09,18.74,12.98,218.76,348.42,86.1,99.9,1.72,2.198
2031-07-10,18.92,12.39,260.74,326.68,76.5,100,1.41,2.66
2031-07-11,18.47,10.92,231.31,314,72.4,100.7,0,2.325
2031-07-12,18.26,12.03,222.49,330.94,80.6,100.1,4.09,2.59
2031-07-13,17.91,10.69,254.59,307.94,76.1,100.2,0,1.935
2031-07-14,18.45,10.57,247.98,319.33,80.4,100.1,0.59,1.281
2031-07-15,21.1,10.66,297.2,308.24,75.5,100.4,0,0.332
2031-07-16,22.16,12.61,295.31,315.13,76.6,100.6,0,0.204
2031-07-17,22.22,12.4,205.49,336.76,69.1,100.4,0,0.81
2031-07-18,22.99,10.65,287.71,314.47,70.5,100.1,0,0.249
2031-07-19,23.29,11.85,299.29,323.42,77.7,99.9,0,1.073
2031-07-20,19.1,12.61,210.12,337.98,89.3,99.6,0.79,0.934
2031-07-21,19.33,12.21,197.97,332.77,85.1,99.3,9.41,0.775
2031-07-22,21.19,13.64,239.12,334.05,79.2,99.6,0,2.031
2031-07-23,20.26,12.82,203.56,336.65,83.5,100,2.92,1.697
2031-07-24,20.64,14.81,167.03,367.66,92,99.7,4.54,1.754
2031-07-25,23.1,13.22,203.81,356.53,84.6,100.2,0,0.107
2031-07-26,20.61,14.7,281.21,332.77,87.9,100.4,2.28,0.759
2031-07-27,21.96,14.83,240.75,341.78,75.7,100.3,1.05,0.826
2031-07-28,20.32,11.25,267.22,311.85,70.2,100.4,0,0.959
2031-07-29,21.09,14.1,169.22,363.43,90.1,100.3,1.31,1.051
2031-07-30,22.35,13.85,211.27,351.89,84.6,100.5,0,1.246
2031-07-31,22.81,14.56,208.29,351.04,81.5,100.5,0.75,1.244
2031-08-01,23.27,15.27,205.29,349.63,78.3,100.5,1.44,1.258
2031-08-02,21.93,13.74,285.09,309.15,67.2,100.6,0,0.515
2031-08-03,20.42,11.34,230.69,311.68,76.9,100.7,0,0.374
2031-08-04,20.36,11.08,276.08,302.82,72.3,100.7,0,2.129
2031-08-05,23.22,11.68,298.52,299.82,74.7,100.3,0,1.11
2031-08-06,22.58,11.92,281.68,316.37,78.6,100.3,0,0.709
2031-08-07,20.78,15.72,149.36,368.49,92.2,100,0.95,1.372
2031-08-08,22.26,13.16,207.38,330.66,80.8,99.9,0.61,1.167
2031-08-09,19.23,12.28,217.22,322.05,74.5,99.5,0,1.995
2031-08-10,17.08,12.32,167.37,325.65,85,99,7.5,1.185
2031-08-11,22.68,12.18,231.56,336.11,78.9,99.9,0.01,0.535
2031-08-12,23.23,14.26,240.39,331.01,75.7,100.5,0,1.368
2031-08-13,22.02,14.58,183.58,351.19,81,100.1,3.86,1.983
2031-08-14,20.6,15.55,174.83,357.7,85.7,98.7,10.33,3.453
2031-08-15,18.44,12.77,255.01,310.15,64.9,99.4,0,3.095
2031-08-16,19.42,12.11,230.8,322.98,71.9,100.3,0,1.516
2031-08-17,18.72,16.03,47.58,387.75,99.3,99.8,30.9,1.779
2031-08-18,19.65,15.31,79.3,377.77,96.2,99.4,7.1,1.036
2031-08-19,19.66,12.27,127.7,357.42,95.5,99.5,0.07,0.556
2031-08-20,21.7,15.61,200.83,355.09,92.9,99.6,0,0.627
2031-08-21,20.84,16.17,195.84,362,92.8,99.5,6.41,1.423
2031-08-22,22.09,15.99,210.99,359.96,87.6,99.4,8.52,0.724
2031-08-23,21.1,13.3,196.42,329.41,83.8,100.3,0,0.353
2031-08-24,20.24,10.98,232.67,307.49,86.2,100.4,0,0.522
2031-08-25,22.42,10.53,255.87,310.25,88.2,100.2,0,0.289
2031-08-26,21.88,13.36,217.05,327.07,84.5,100.4,0,0.778
2031-08-27,22.64,12.78,219.91,326.84,81.9,100.7,0,0.143
2031-08-28,22.88,13.6,204.38,326.44,82.1,100.7,0,0.554
2031-08-29,23.67,13.01,215.93,326.78,76.1,100.7,0,1.165
2031-08-30,22.08,12.42,224.25,309.64,72.2,100.8,0,1.329
2031-08-31,21.97,11.78,211.79,313.62,73.8,100.9,0,1.223
2031-09-01,21.86,11.14,199.4,318.23,75.4,101,0,0.835
2031-09-02,22.89,11.07,239.82,307.78,75.1,101.1,0,0.208
2031-09-03,23.79,12.36,232.78,319.61,77.5,101,0,0.546
2031-09-04,24.49,13.8,231.87,320.42,77.6,100.5,0,0.293
2031-09-05,25.01,15.43,203.24,338.69,80.8,100.2,0,0.413
2031-09-06,25.38,14.63,230.5,324.15,74.9,100,0,0.83
2031-09-07,24.12,12.55,219.21,320.49,82.9,99.9,0,0.284
2031-09-08,23.71,15.74,178.3,358.94,88.7,99.3,3.18,0.621
2031-09-09,19.28,14.64,153.02,336.24,88,98.9,6.84,1.552
2031-09-10,20.64,13.7,187.82,316.37,75.6,99.7,0.77,2.665
2031-09-11,19.39,10.38,202.96,296.28,73.2,100.5,0,0.404
2031-09-12,20.38,13.76,148.21,332.35,80.2,99.6,3.44,1.073
2031-09-13,16.54,13.79,80.48,329.44,81.5,99.6,4.81,3.156
2031-09-14,19.67,14.09,148.61,354.13,84.6,99.8,0.92,3.26
2031-09-15,18.35,12.69,129,336.16,76.7,99.4,16.37,2.951
2031-09-16,17.6,11.62,174.02,297.61,70.7,99.2,0.04,3.019
2031-09-17,14.93,10.66,89.1,315.53,79.9,99.1,2.53,2.716
2031-09-18,16.05,9.72,152.32,302.92,80.8,98.8,1.59,2.445
2031-09-19,15.63,9.66,107.86,320.52,77.6,99.7,1.62,2.309
2031-09-20,19.04,13.81,82.76,356.62,90.6,99.3,3.59,3.159
2031-09-21,16.36,10.62,108.28,319.18,81.1,99.6,3.68,2.531
2031-09-22,16.46,9.97,56.78,345.51,91.9,99.7,7.92,2.055
2031-09-23,17.43,11.42,115.66,328.45,84.3,99.5,0.74,2.603
2031-09-24,15.94,9.14,165.19,285.1,79.2,100.5,0,1.776
2031-09-25,16.38,7.36,140.99,300.09,83.2,101.3,0,1.136
2031-09-26,16.71,8.67,105.95,321.34,86.9,101.4,0,0.914
2031-09-27,18.05,10.09,140.41,326.11,90.8,101.4,0.14,0.207
2031-09-28,18.64,9.93,129.07,323.19,89.1,101,0,0.142
2031-09-29,17.35,9.1,121.7,329.09,86.4,100.5,0,1.22
2031-09-30,16.15,13,70.6,353.22,89.9,99.6,0.49,2.29
2031-10-01,16.3,11.7,25.94,360.3,94.2,98.5,32.28,2.089
2031-10-02,15.65,8.76,100.15,314.56,82,99.4,0.19,0.573
2031-10-03,16.95,8.24,79.6,337.15,84.1,99.6,0.81,3.883
2031-10-04,17.5,11.12,58.85,352.81,96.8,98.8,14.2,0.881
2031-10-05,13.18,9.33,82.02,317.18,93.1,99.9,3.71,1.339
2031-10-06,11.44,6.02,100.49,297.31,79.8,100.8,0,0.519
2031-10-07,13.42,7.28,98.57,323.54,82.3,100.4,0,1.817
2031-10-08,16.04,11.79,117.4,331.2,83.1,99.8,1.14,1.677
2031-10-09,15.37,12.55,18.08,359.24,92.6,97.7,29.87,1.951
2031-10-10,13.3,10.75,84.29,313.33,80.2,97.6,0.54,4.178
2031-10-11,15.83,10.93,13.91,361.52,93.2,98.5,28.26,3.029
2031-10-12,16.51,12.89,93.97,341.19,89.7,98.4,8.23,3.878
2031-10-13,14.82,8.86,117.34,285.65,79.3,99.9,0,2.324
2031-10-14,15.65,9.65,112.5,309.83,88.8,100.7,0,2.346
2031-10-15,15.26,11.26,76.35,329.57,94.7,100.5,0.6,1.697
2031-10-16,16.12,9.14,104.15,305.18,87.4,100,0,2.524
2031-10-17,16.19,12.39,34.53,362.66,96.6,98.5,13.23,3.693
2031-10-18,18.11,13.59,64.37,342.32,88.2,97.8,8.02,1.887
2031-10-19,16.42,13.52,35.02,354.55,91,99.4,19.44,1.789
2031-10-20,17.7,13.16,82.32,337.8,90.6,100.3,0.52,0.837
2031-10-21,19.16,11.19,84.61,340.19,96.6,100.7,0,0.219
2031-10-22,16.88,13.98,20.08,372.67,99.3,100.4,10.62,2.236
2031-10-23,17.54,15.05,44.84,378.4,99.2,99.7,3.61,1.182
2031-10-24,16.34,13.32,68.53,346.09,98.7,100,0.39,0.849
2031-10-25,14.36,11.79,42.41,353.99,96,100.8,0.93,1.076
2031-10-26,15.29,12.11,59.2,357.58,94.5,100.5,0.6,3.422
2031-10-27,18.27,15.04,63.52,357.69,92.4,99.3,0,1.397
2031-10-28,18.37,13.69,81.73,347.62,94.1,99,0,1.174
2031-10-29,17.49,12.32,61.4,359.01,95.2,99.9,0.39,0.569
2031-10-30,15.6,10.75,59.11,336.18,94.1,101,0.1,1.687
2031-10-31,15.35,12.01,45.27,350.98,96.8,101,0.21,1.7
2031-11-01,15.1,13.28,31.66,365.01,99.6,101.1,0.31,1.713
2031-11-02,15.56,12.41,45.59,347.19,98,100.9,0,1.054
2031-11-03,17.55,14.15,72.13,350.49,96,100.6,0.49,1.303
2031-11-04,14.86,6.94,16.82,320.93,94.9,101.2,6.59,0.279
2031-11-05,11.03,4.07,63.36,282.42,83.7,101.1,0.95,1.101
2031-11-06,11.35,5.9,77.73,279.69,83,101.1,0,1.525
2031-11-07,11.91,5.91,61.86,298.14,86,101.1,0,2.665
2031-11-08,10.39,6,54.74,295.53,80,101,0,0.477
2031-11-09,11.08,4.08,56.06,308.4,88.9,101,0,1.049
2031-11-10,13.79,9.81,43.21,346.36,96.8,101,0,1.016
2031-11-11,13.28,10.87,57.16,331.89,92.7,100.9,1.63,1.723
2031-11-12,11.8,4.96,74.49,273.85,86.8,101.6,0.44,1.151
2031-11-13,12.79,4.07,64.94,286.81,88.4,102.2,0,0.862
2031-11-14,12.73,5.95,58.25,294.56,87.3,102,0,0.567
2031-11-15,13.02,3.51,71.89,284.11,92.8,101.7,0,1.016
2031-11-16,13.55,6.48,63.8,286.53,93.5,101.3,0,2.583
2031-11-17,12.02,4.98,71.09,276.83,91.5,101.2,0,0.607
2031-11-18,12.97,7.51,41.07,321.03,96,101.6,0,1.204
2031-11-19,13.94,8.26,53.72,325.05,90.6,101.4,0,2.358
2031-11-20,14.66,11.44,36.93,351.1,94.3,101.5,0,2.15
2031-11-21,14.14,9.59,37.02,316.22,94.4,101.5,0,1.976
2031-11-22,12.75,8.23,50.41,300.41,95.6,101.4,0,1.128
2031-11-23,13.63,11.08,15.95,351.51,93.2,100,26.73,1.899
2031-11-24,13.74,6.05,53.84,299.32,84.6,99.3,20.54,2.014
2031-11-25,9.35,4.15,55.97,278.58,76,100.1,0,1.668
2031-11-26,13.2,5.46,9.87,340.45,86.4,100.6,34.86,2.23
2031-11-27,14.01,13.05,11.23,370.64,97.2,99.9,20.96,2.539
2031-11-28,13.94,11.02,18.7,358.25,99.6,100.2,2.01,0.571
2031-11-29,13.28,6.58,6.08,325.57,94.8,100.2,19.51,1.152
2031-11-30,13.05,6.22,50.05,292.54,92.7,101.3,0,2.056
2031-12-01,12.95,8.77,41.36,313.27,94.8,101.9,0,0.715
2031-12-02,11.64,9.77,25.11,340.61,95.6,101.3,1.13,1.124
2031-12-03,13.27,6.01,42.92,301.9,91.2,101,6.19,1.516
2031-12-04,8.65,0.34,54.5,245.55,87.8,101.8,0,0.243
2031-12-05,9.99,0.37,48.62,278.36,83.5,100.4,0,1.976
2031-12-06,12.33,9.18,42.48,307.1,76.8,99.4,7.23,2.551
2031-12-07,15.14,9.03,6.1,341.02,84.3,99,23.73,3.333
2031-12-08,9.09,6.49,46.01,272.82,69.8,100.7,0,3.207
2031-12-09,11.56,7.67,15.91,324.11,74.8,100.8,0.68,3.027
2031-12-10,12.38,6.14,12.98,328.97,89.2,99.2,15.94,2.06
2031-12-11,9.07,3.96,34.52,296.92,85.6,99.9,2.75,0.822
2031-12-12,11.81,9.05,38.8,314.66,90.5,100.5,4.65,2.373
2031-12-13,13.36,10.85,15.74,353.44,93.7,100.2,4,3.341
2031-12-14,13.76,6.32,5.72,340.65,96,99.5,24.92,1.943
2031-12-15,8.47,4.66,35.63,289.33,84.5,99.3,0.46,1.644
2031-12-16,12.3,7.54,10.43,339.39,88.4,98.5,40.58,3.675
2031-12-17,11.85,3.66,26.83,306.54,84,98,4.43,3.483
2031-12-18,7.69,4.8,20.99,285.86,81.2,98.4,0,2.708
2031-12-19,7.55,4.19,38.63,276.7,78.5,98.6,0.53,2.418
2031-12-20,13.15,6.27,31.44,308.82,91.8,98,6.96,2.66
2031-12-21,8.2,4.83,24.88,275.94,84.6,98.2,0,2.101
2031-12-22,7.79,4.5,31.5,279.73,83.2,98.3,0.87,2.71
2031-12-23,12.83,2.52,17.74,308.46,89.6,97.8,17.63,2.109
2031-12-24,10.37,6.65,29.63,289.19,78.8,95.6,0.64,3.763
2031-12-25,7.57,2.94,42.88,270.73,72.2,97.7,0,3.334
2031-12-26,5.61,2.14,35.62,265.75,69.7,99.2,0,2.143
2031-12-27,6.12,1.8,39.53,263.37,79,100.5,0,1.8
2031-12-28,11.19,1.28,10.64,321.82,91.9,100.7,18.02,2.263
2031-12-29,12.41,8.55,32.89,336.35,96.2,99.8,7.32,1.632
2031-12-30,13.2,3.85,37.88,306.29,80.5,99.7,3.3,2.866
2031-12-31,10.21,3.05,38.98,285.97,78.6,100.3,1.65,2.267
2032-01-01,7.22,2.25,40.09,269.85,76.7,100.9,0,1.67
2032-01-02,8.52,5.73,46.05,271.13,72.8,100.8,3.01,3.782
2032-01-03,11.93,5.86,6.6,326.45,93.6,99.9,26.28,3.221
2032-01-04,11.87,5.14,21.38,309.94,89.2,98,12.62,3.117
2032-01-05,6.35,2.87,40.55,268.96,78.2,98.6,2.74,1.217
2032-01-06,10.01,1.25,24.81,285.02,85.6,99.6,5.69,2.763
2032-01-07,6.36,4.78,27.78,300.07,72,99,0.5,4.297
2032-01-08,10.16,5.14,26.02,316.43,85.3,99.7,5.7,2.062
2032-01-09,11.39,5.52,30.83,321.57,77.7,98.9,3.31,5.338
2032-01-10,7.23,3.67,41.05,271.81,59,100,0,4.602
2032-01-11,5.52,2,10.36,298.7,89.4,99.8,16.64,0.838
2032-01-12,5.31,-1.28,49.44,266.24,91,99.8,6.72,0.492
2032-01-13,9.84,-1.73,11.4,301.86,89.6,99.3,15.48,2.419
2032-01-14,9.5,-0.83,40.48,266.65,85.2,97.7,4.21,1.888
2032-01-15,2.76,0.32,19.15,293.19,91.4,97.2,4.01,1.457
2032-01-16,11.39,0.25,32.76,306.34,90.2,96.9,26.88,1.38
2032-01-17,11.32,5.49,29.98,313.9,84.5,96,38.99,3.682
2032-01-18,7.67,3.01,49.66,268.53,78.1,98.2,0.08,1.602
2032-01-19,6.61,3.5,33.5,310.91,93.6,97.8,14.51,1.28
2032-01-20,5.97,-2.18,65.08,244.3,80.1,99.6,0,1.008
2032-01-21,7.7,-2.9,39.9,280.85,83,100,1.36,1.505
2032-01-22,6.14,3.64,26.35,311.13,83.1,99.4,5.86,3.453
2032-01-23,4.75,-0.47,38.19,279.99,97.2,99.3,8.24,0.146
2032-01-24,5.71,-0.47,48.12,273.02,87.4,100.2,0,1.244
2032-01-25,6.92,-1.87,24.72,294.48,84.6,100,8.41,2.539
2032-01-26,6.36,4.23,31.38,320.9,97.4,100.4,6.82,3.599
2032-01-27,5.44,2.36,45.13,297.24,87.6,100.9,0.35,3.206
2032-01-28,3.32,1.37,51.26,290,83.2,100.6,0.14,2.353
2032-01-29,3.55,0.12,39.35,297.63,91.1,100.1,0.64,3.809
2032-01-30,8.89,2.77,20.55,316.13,90.6,98.4,9.6,2.331
2032-01-31,8.5,3.41,52.4,286.92,86.5,98.6,3.92,3.074
2032-02-01,12.26,4.64,22.39,338.77,95.2,97.9,15.15,2.281
2032-02-02,11.77,6.59,44.04,312.97,62.1,98.1,0.54,5.679
2032-02-03,9.9,3.23,18.05,307.69,90.2,98.6,17.66,2.449
2032-02-04,9.87,4.37,57.4,290.03,81,97.7,1.63,3.324
2032-02-05,10.5,4.48,21.09,314.59,86.2,97.4,21.37,3.771
2032-02-06,9.78,7.39,72.49,306.67,79.7,96.9,16.82,3.631
2032-02-07,9.6,5.99,73.88,287.85,80.9,97.3,5.07,2.714
2032-02-08,11.71,8.88,37.26,340.09,78.4,95.9,15.1,3.981
2032-02-09,10.46,5.75,77.93,287.32,67.8,97.1,0.26,3.908
2032-02-10,8.88,4.3,81.74,270.36,79.6,98.8,0,2.092
2032-02-11,7.83,3.9,73.22,293.66,72.9,101,0,0.216
2032-02-12,7.65,4.88,29.8,319.4,79,100.9,1.17,1.581
2032-02-13,12.52,7.01,58.41,342.71,99.2,100.3,21.7,1.71
2032-02-14,11.15,7.75,28.78,331.31,88.9,100.1,7.08,2.833
2032-02-15,8.25,4.99,72.73,283.57,74,101,0,2.945
2032-02-16,9.15,5.34,24.46,316.03,92.4,100.3,6.79,2.802
2032-02-17,7.87,4.28,44,300.77,81.9,100,0,1.751
2032-02-18,8.27,2.4,99.4,274.77,76.2,100.5,0,0.817
2032-02-19,8.16,2.34,64.85,295,76.3,100.6,0,2.742
2032-02-20,7.71,2.45,100.55,276.61,75.5,101.1,0,3.683
2032-02-21,5.17,1.4,83.52,274.98,71.1,101.3,0,3.853
2032-02-22,5.12,2.99,60.86,290.9,78,101.1,0,1.738
2032-02-23,8.18,3.7,122.47,275.72,73.8,100.2,4.79,1.616
2032-02-24,9.22,1.37,118.11,268.95,78.7,99.8,3.83,1.019
2032-02-25,11.37,6.77,52.04,338.42,98.1,99.8,3,2.138
2032-02-26,13.11,9.56,122.26,306.78,89.2,99.3,0.3,2.963
2032-02-27,13.36,8.53,134.33,280.59,83.7,99.2,0,2.532
2032-02-28,11.26,8.18,106.38,306.3,88,100.2,5.22,1.691
2032-02-29,11.29,8.48,96.84,309.22,90.6,100.7,2.68,1.577
2032-03-01,11.31,8.78,87.37,311.51,93.3,101.2,0,1.624
2032-03-02,11.32,8.48,83.1,307.67,87.6,100.7,9.56,1.698
2032-03-03,10.35,6.14,120.6,300.06,83.9,100,9.86,2.522
2032-03-04,10.06,4.65,34.01,308.32,85.6,98,19.46,3.01
2032-03-05,7.75,3.37,100.69,267.65,76.3,98.8,1.3,2.837
2032-03-06,9,3.44,88.48,274.06,88.5,99.1,0.89,2.282
2032-03-07,9.29,2.71,109.14,275.33,78.2,100.1,0,1.24
2032-03-08,11.69,5.05,77.79,311.2,83.9,100,2.99,3.551
2032-03-09,11.33,6.01,58.73,324.77,89.9,100,5.34,3.625
2032-03-10,11.16,4.46,111.23,286.56,74.5,98.9,5.71,4.723
2032-03-11,6.78,2.54,84.34,263.11,70.4,98.8,0.39,3.606
2032-03-12,6.95,1.5,103.72,261.01,75,98.4,0.56,2.023
2032-03-13,8.62,1.85,93.52,302.13,80,98.3,15.97,1.508
2032-03-14,8.87,4.86,102.67,303.02,67,97.4,0.95,5.666
2032-03-15,9.05,3.33,103.91,292.18,83.9,99.4,15.95,1.086
2032-03-16,7.03,2.9,121.71,283.43,73.4,100.2,0.72,1.206
2032-03-17,7.05,0.02,32.66,312.51,86.2,100.3,30.33,6.073
2032-03-18,11.11,7.15,69.64,339.07,96.8,98.6,38.79,2.699
2032-03-19,8.91,4.76,86.69,317.13,86.1,98,2.19,3.866
2032-03-20,9.11,3.99,151.38,286.94,67,99.7,0,1.177
2032-03-21,6.34,3.39,41.29,312.1,87.3,100.1,9.84,4.471
2032-03-22,9.7,5.35,64.75,329.99,92.9,98.9,8.98,5.212
2032-03-23,13.59,5.73,139.16,307.63,89.1,99.5,0.58,1.458
2032-03-24,10.55,4.53,112.49,315.53,83.1,99.9,3.26,5.098
2032-03-25,8.05,5.03,79.28,319.04,95.1,99.4,6.12,0.564
2032-03-26,11.21,3.25,145.12,286.29,89.2,100.2,1.54,1.309
2032-03-27,10.66,0.92,168.22,281.72,86.9,100.7,0.4,0.416
2032-03-28,9.6,4.55,115.96,309.63,94.3,100.8,7.27,0.411
2032-03-29,10.36,2.73,169.91,281.72,78.9,101.1,0.67,0.797
2032-03-30,10.46,1.8,66.75,312.62,94.1,100.4,0.98,2.281
2032-03-31,9.78,5.99,119.77,307.7,72,99.4,2.03,4.119
2032-04-01,8.73,4.82,147.33,281.06,63.2,99.6,0.73,3.984
2032-04-02,8.48,2.45,149.53,264.18,61.9,100.3,0,1.299
2032-04-03,8.15,0.56,158.49,262.87,69.7,101.6,0,0.706
2032-04-04,10.1,0.98,142.19,287.75,75.8,102.2,0,0.557
2032-04-05,11.34,5.46,111.44,316.37,76.8,102.3,0,1.848
2032-04-06,13.18,7.27,107.69,322.85,80.7,101.8,0,2.678
2032-04-07,12.01,5.79,162.1,304.23,71.2,101.7,0,1.729
2032-04-08,12.33,7.51,151.01,318.53,83.2,100.8,0.75,3.538
2032-04-09,13.95,8.92,144.87,327.21,85.7,100.6,0,3.578
2032-04-10,14.36,9.44,139.91,325.05,83.7,100.9,0,2.985
2032-04-11,10.1,5.83,134.77,303.88,66.8,101.6,0,0.945
2032-04-12,10.35,5.53,146.35,305.71,65.3,102.2,0,0.49
2032-04-13,13.72,3.31,193.4,285.18,79.3,102,0,1.636
2032-04-14,13.85,9.05,144.82,331.98,89.1,101.3,2.72,0.706
2032-04-15,13.57,6.44,165.13,303.66,85.4,101.6,0,1.428
2032-04-16,17.29,5.37,217.8,303.75,81.5,101.4,0,0.343
2032-04-17,14.51,5.72,170.54,311.22,80.4,101.1,0,0.542
2032-04-18,9.84,4.92,131.08,299.3,63.1,101,0,1.09
2032-04-19,7.97,2.45,181.21,263.15,52.8,100.7,0,0.895
2032-04-20,9.32,2.67,181.31,278.92,59.6,100.8,0,0.779
2032-04-21,9.28,2.89,143.28,287.52,73.6,101,0.01,0.083
2032-04-22,9.71,3.1,121.33,291.25,78.3,101.3,0.67,0.512
2032-04-23,10.94,0.92,244.53,264.79,68.7,101.4,0,1.567
2032-04-24,10.13,4.84,138.71,306.24,74,101.4,0.1,0.906
2032-04-25,12.54,5.98,179.57,303.05,69.9,101.2,0,0.317
2032-04-26,12.91,4.66,172.75,306.95,92.3,100.9,0.91,0.546
2032-04-27,13.67,7.67,169.16,324.08,90.8,100.8,0.62,0.114
2032-04-28,14.72,7.05,178.93,312.32,80.5,100.9,0,1.361
2032-04-29,13.21,7.74,161.36,312.28,63.9,100.9,0,3.593
2032-04-30,13.04,6.78,161.26,312.61,63.7,100.7,0,4.299
2032-05-01,12.47,6.31,206.79,307.41,68,100.7,0.02,3.252
2032-05-02,11.99,5.06,150.56,308.65,71,100.7,0,1.409
2032-05-03,10.07,4.44,150.78,296.7,67.1,100.8,0,1.332
2032-05-04,9.82,2.39,178.38,277.59,68.8,100.7,0,1.12
2032-05-05,11.86,4.34,229.57,293.45,65.7,100.5,0,2.697
2032-05-06,11.03,4.25,203.5,286.42,70.5,100.4,0,3.932
2032-05-07,13.97,6.44,174.81,296.23,87.2,99.7,13.97,1.212
2032-05-08,11.94,8.42,82.64,315.44,95.2,99.5,15.85,1.933
2032-05-09,14.54,8.29,196.5,300.31,74.6,99.7,0.35,3.089
2032-05-10,12.33,8.57,87.65,336.1,95.2,98.9,18.85,1.084
2032-05-11,14.48,7.09,201.46,292.92,80.5,99.2,1.67,2.749
2032-05-12,12.27,6.73,175.73,311.53,88.5,99.5,9.03,0.773
2032-05-13,14.4,6.96,206.26,304.95,85.4,100.4,4.74,0.741
2032-05-14,14.69,3.94,267.71,271.63,72.1,100.8,0,0.544
2032-05-15,12.36,6.24,138.14,323.33,83.9,99.7,6.44,0.824
2032-05-16,10.56,7.08,82.94,331.82,96.5,98.6,28.24,2.165
2032-05-17,13.65,4.79,142.58,314.64,89.5,98.2,5.79,1.675
2032-05-18,12.83,5.92,167.04,316.22,90.2,98.3,3.92,0.607
2032-05-19,12.61,9.13,164.91,320.29,87.1,99,4.23,2.246
2032-05-20,13.23,9.12,179.24,310.27,81,99.5,1.76,1.929
2032-05-21,12.79,8.63,180.34,315.81,80.8,99.8,1.8,2.142
2032-05-22,12.49,9.63,66.44,352.8,97.4,99.7,26.71,1.279
2032-05-23,19.01,10.75,179.87,351.93,80.4,99.3,7.43,3.6
2032-05-24,15.58,12.03,190.71,342.49,91.6,98.8,3.66,0.724
2032-05-25,15.02,10.34,264,313.28,81.8,99.4,0.43,0.889
2032-05-26,15.73,11.38,285.2,311.86,86.9,99.8,0.32,1.889
2032-05-27,17.24,11.45,287.79,302.45,86,100,0,1.231
2032-05-28,16.42,8.43,272.24,298.56,84.6,100,0,0.94
2032-05-29,14.76,10.26,140.31,337.23,90.8,99.8,6.39,2.272
2032-05-30,16.78,10.03,183.7,344.91,93.1,100.1,1.07,1.713
2032-05-31,16.07,11.58,158.55,355.35,95.3,100.1,1.46,1.859
2032-06-01,15.37,13.12,133.54,365.7,97.5,100.1,1.84,2.714
2032-06-02,17.16,10.28,193.08,331.89,74.9,100.4,0,1.32
2032-06-03,15.78,7.54,201.44,301.06,70.6,100.6,0,1.501
2032-06-04,13.85,6.46,255.95,283.86,78.8,100.3,4.52,1.762
2032-06-05,15.07,8.12,196.11,307.64,77.3,100.2,0.46,2.024
2032-06-06,13.92,10.79,89.27,348.34,96.8,99.7,13.42,0.821
2032-06-07,16.56,8.8,286.23,304.07,73.2,100.1,0.57,1.671
2032-06-08,17.83,11.39,230.32,338.87,80.9,99.7,12.4,2.692
2032-06-09,15.13,10.06,262.46,295.04,76.5,99.7,2.69,3.359
2032-06-10,15.38,7.25,238.09,300.17,69.8,100.7,0,1.399
2032-06-11,15.91,7.13,325.02,289.41,79.3,100.8,0,0.789
2032-06-12,22.22,8.58,340.53,301.58,67.5,100.4,0,4.323
2032-06-13,24.57,14.06,284.4,348.69,77.4,99.7,0.05,2.322
2032-06-14,17.14,11.41,332.09,299.57,80.2,100.2,0,2.019
2032-06-15,15.72,9.98,233.45,301.88,76.7,100.4,0.19,1.763
2032-06-16,16.63,11.93,192.53,351.26,93.7,99.7,9.52,1.639
2032-06-17,15.92,10.8,232.15,316.16,81,99.2,3.8,2.746
2032-06-18,17.16,10.66,210.41,331.77,80.2,99.6,1.2,2.654
2032-06-19,19.13,10.85,229.42,338.1,85.6,99.7,6.06,1.827
2032-06-20,16.79,11.68,256.89,319.24,86.6,100.6,0,1.425
2032-06-21,16.92,11.58,207.21,340.94,88.9,100.6,1.6,1.242
2032-06-22,17.02,8.76,235.72,298.19,73.3,100.5,0,1.796
2032-06-23,17.7,7.77,238.24,308.56,76,100.7,0.2,1.012
2032-06-24,18.74,11.3,163.08,346.44,87.4,100.6,2,1.21
2032-06-25,19.43,10.97,234.11,327.1,78.9,100.9,0,0.389
2032-06-26,22.31,14.46,273.01,342.32,73,101.1,0,1.701
2032-06-27,24.18,12.26,340.73,311.52,69.4,101.3,0,2.293
2032-06-28,23.6,13.41,303.44,328.32,72.3,101.5,0,3.998
2032-06-29,21.89,12.16,293.64,322.77,71.8,101.2,0,3.237
2032-06-30,26.4,14.42,316.44,339.07,70.7,100.8,0.81,3.5
2032-07-01,25.37,14.01,320.08,332.88,67.8,100.5,0,3.741
2032-07-02,25.23,13.22,338.72,315.65,68.8,100.2,0,2.427
2032-07-03,27.26,14.8,329.43,333.95,70.4,100.4,0,2.866
2032-07-04,25.67,15.07,345.7,316.14,63.9,100.8,0,2.637
2032-07-05,26.17,14.14,337.79,313.11,65.7,100.9,0,2.476
2032-07-06,26.4,14.24,313.19,323.28,58.3,100.9,0,1.716
2032-07-07,23.29,14.59,248.88,341,74.3,101,0,2.445
2032-07-08,25.95,14.44,333.54,312.6,64.6,101,0,1.185
2032-07-09,28.21,13.81,325.74,324.88,61.2,101,0,0.328
2032-07-10,26.5,16.12,322.07,332.72,66.6,100.8,0,0.452
2032-07-11,25.58,15.92,297.78,336,77.8,100.9,0,0.179
2032-07-12,27.4,14.84,325.44,326.07,69.2,100.8,0,1.252
2032-07-13,28.95,15.43,305.25,334.44,63.2,100.6,0,2.452
2032-07-14,31.19,17.52,323.7,342.23,54,100.5,0,3.7
2032-07-15,31.65,17.77,319.57,346.13,62.6,100.3,0,2.105
2032-07-16,33.65,19.22,325.59,358.69,52.9,100.6,0,2.573
2032-07-17,32.36,19.01,331.12,331.24,32.3,100.8,0,3.395
2032-07-18,33.73,18.06,327.92,341.71,46,100.8,0,4.062
2032-07-19,31.29,16.95,276.56,345.65,54.5,100.4,0,2.566
2032-07-20,27.81,16.1,272.16,347.12,75.4,100.1,0,1.303
2032-07-21,25.56,19.04,190.37,385.47,80.1,99.9,0,2.464
2032-07-22,25.37,17.39,250.77,355.64,76.1,99.9,0.32,1.894
2032-07-23,25.94,16.77,253.93,356.2,79.1,99.8,0,2.311
2032-07-24,20.53,12.92,277.74,302.24,56.7,99.9,0,2.349
2032-07-25,19.91,12.61,257.65,313.37,59.7,100.4,0,1.898
2032-07-26,22.15,11.89,277.82,301.41,58.5,100.5,0,0.762
2032-07-27,23.53,9.4,294.42,299.23,65.8,100.4,0,0.802
2032-07-28,26.34,13.48,314.41,311.42,67.7,100.2,0,0.509
2032-07-29,23.63,15.26,273.31,318.64,66.9,99.8,0,0.568
2032-07-30,22.57,12.28,277.41,301.36,59.6,100.2,0,0.536
2032-07-31,22.49,12.63,285.38,305.72,62.4,100.2,0,0.863
2032-08-01,22.41,12.97,293.42,310.07,65.3,100.2,0,1.606
2032-08-02,24.47,12.08,292.34,306.17,69.1,100.3,0,0.508
2032-08-03,24.63,10.95,309.89,300.77,60.3,100.6,0,0.512
2032-08-04,24.44,12.14,292.27,309.25,68.2,100.5,0,0.542
2032-08-05,24.03,12.96,281.91,312.79,74.9,100.3,0,0.322
2032-08-06,22.11,11.59,172.16,340.34,79.6,100,2.31,0.721
2032-08-07,22.89,13.43,240.23,317.24,69.1,100.3,0,1.289
2032-08-08,22.77,11.81,220.19,324,71,100.4,0.41,1.397
2032-08-09,21.04,12.61,249.87,302.83,60.8,100.3,0,1.363
2032-08-10,22.27,9.76,286.89,288.38,58.4,100.9,0,0.511
2032-08-11,23.99,10.35,283.49,294.34,60.6,100.8,0,0.161
2032-08-12,26.88,12.18,279.81,315.11,57,100.4,0,0.134
2032-08-13,28.79,16.51,269.53,333.66,53.3,100.3,0,0.548
2032-08-14,27.47,15.33,276.57,326.8,63.9,100.4,0,0.306
2032-08-15,27.42,14.34,250.78,331.39,73.2,100.4,0,0.269
2032-08-16,26.46,13.59,251.44,332.48,78,100.1,0.07,0.417
2032-08-17,21.04,11.73,123.96,339.07,89.4,99.7,16.65,1.233
2032-08-18,19.45,12.21,199.09,315.66,75.9,99.3,1.63,2.232
2032-08-19,20.53,11.4,241.19,300.51,65.9,99.9,0,2.592
2032-08-20,21.96,12.75,200.84,328.24,75.3,100.5,0,1.151
2032-08-21,22.91,11.7,211.91,327.75,80.6,100.6,0,0.305
2032-08-22,24.02,11.5,231.57,323.34,74.7,100.1,0,1.671
2032-08-23,19.51,11.4,193.38,302.72,61.1,100.1,0,3.025
2032-08-24,21.04,12.58,225.26,312.81,71,99.9,0,1.956
2032-08-25,24.06,11.98,158.89,344.52,81.4,100.2,0,1.496
2032-08-26,20.61,13.05,237.72,313.04,68.7,100.6,0.25,0.543
2032-08-27,21.34,10.78,175.83,319.22,78.9,101,0.15,0.709
2032-08-28,24.03,10.28,244.28,309.02,78.3,101.1,0,0.191
2032-08-29,27.34,13.96,196.94,349.85,71.6,101.3,0,1.162
2032-08-30,26.3,15.56,241.9,324.68,68.5,101.5,0,2.61
2032-08-31,26.2,14.26,236.19,320.54,68.3,101.4,0,2.862
2032-09-01,26.09,12.96,230.51,318.16,68.1,101.3,0,3.115
2032-09-02,27.05,12.94,239.76,318.8,73.2,100.9,0,2.069
2032-09-03,29.73,13.95,225.9,331.97,61.4,100.8,0,2.136
2032-09-04,29.8,15.27,206.14,342.57,59.6,101,0,2.227
2032-09-05,30.66,15.75,228.03,332.95,58.3,101,0,3.067
2032-09-06,31.47,15.9,229.36,334.28,55.9,100.9,0,2.834
2032-09-07,30.2,16.65,225.9,330.47,58.5,100.9,0,3.587
2032-09-08,29.38,15.98,213.21,331.11,59.8,101,0,3.614
2032-09-09,28.31,14.9,191.08,334.48,67.8,100.8,0,1.433
2032-09-10,24.84,13.57,211.79,313.66,66.5,101,0,2.091
2032-09-11,25.33,11.96,193.96,329.55,81.1,101.3,0,0.366
2032-09-12,29.48,13.96,202.83,344.71,54.4,101.1,0,1.202
2032-09-13,27.4,16.74,206.53,338.11,65.4,101,0,0.518
2032-09-14,23.75,13.38,208.12,313.13,82.3,101.1,0,0.614
2032-09-15,20.44,10.26,102.64,332.69,85.7,100.9,0.15,0.856
2032-09-16,21.51,10.07,191.05,325.16,86.3,100.3,0,0.465
2032-09-17,22.27,12.53,140.75,349.92,90.1,100,0,0.782
2032-09-18,19.63,14.9,64.85,368.61,95.3,99.5,4.28,1.245
2032-09-19,20.94,11.52,150.61,318.62,70,99.6,0.3,1.747
2032-09-20,16.94,10.37,68.95,340.51,87,99.7,12.56,2.067
2032-09-21,19.24,13.22,89.83,352.46,76.4,99.7,1.52,4.375
2032-09-22,18.67,12.1,103.17,340.38,81.8,99.7,1.17,3.338
2032-09-23,19.18,11.19,139.19,320.77,87.1,100.2,1.11,1.159
2032-09-24,20.4,9.84,171.43,305.31,82.2,100.5,0,0.544
2032-09-25,20.29,9.15,160.56,311.33,81.4,100.6,0,0.496
2032-09-26,18.15,9.49,91.87,344.48,90.9,100.6,3.38,0.388
2032-09-27,17.11,12.15,87.47,334.21,90.4,100.9,0.75,0.581
2032-09-28,18.58,10.47,133.55,317.87,80.2,101,0,1.654
2032-09-29,19.36,9.76,151.31,309.83,78.1,101.1,0,0.158
2032-09-30,20.24,8.18,169.32,297.66,84.5,101.4,0,0.334
2032-10-01,22.29,10.78,163.64,311.47,74.9,101.4,0,3.415
2032-10-02,23.19,14.22,161.57,321.52,79.5,101.3,0,3.95
2032-10-03,23.03,12.82,162.46,313.48,85.4,101,0,1.68
2032-10-04,21.36,11.85,148.12,320.88,85.9,100.3,0,0.457
2032-10-05,18.55,12.55,127.24,322.42,82.2,100.1,0,1.052
2032-10-06,17.47,10.92,105.25,324.87,88.5,99.5,0.75,0.32
2032-10-07,16.09,8.38,33.09,334.21,92.9,97.8,6.79,1.445
2032-10-08,13.72,5.75,114.61,276.2,75.8,97.1,0,0.098
2032-10-09,13,6.96,64,300.19,80.8,97.9,0,2.23
2032-10-10,16.61,6.95,114.24,300.71,90.7,99.2,0.48,0.992
2032-10-11,17.55,6.77,120.28,304.73,87,100.3,0,1.035
2032-10-12,18.32,8.2,99.52,320.05,86.4,101.1,0,1.243
2032-10-13,18.87,11.89,117.49,322.33,88.2,101.5,0,0.825
2032-10-14,18.58,12.13,88.65,331.41,87,101.4,0,0.295
2032-10-15,17.3,9.93,96.87,330.66,89.2,101.3,0,0.342
2032-10-16,18.75,13.87,68.92,363.62,93.3,101.6,0.28,1.127
2032-10-17,18.72,14.18,76.88,345.8,89.4,101.5,0,2.907
2032-10-18,19.76,11.29,104.63,328.6,90.6,101,0,2.332
2032-10-19,19.62,10.08,106.62,324.34,91.7,100.5,0,0.612
2032-10-20,17.05,10.26,61.03,347.28,91.3,99.4,10.81,2.131
2032-10-21,16.55,8.99,98.26,312.13,85.2,98.2,5.5,1.794
2032-10-22,11.07,7.31,56.43,318.12,84.7,98.6,2.31,0.622
2032-10-23,13.47,7.27,97.52,284,80.7,99.3,0.05,1.913
2032-10-24,16.2,6.31,24.32,343.98,92,99.3,22.77,2.124
2032-10-25,16.84,14.01,77.09,342.38,78.8,98.5,3.71,3.432
2032-10-26,14.82,11.94,33.58,335.08,73.4,98.9,0,3.512
2032-10-27,16.98,11.44,27.23,354.38,87,99.6,17.18,2.024
2032-10-28,16.91,15.81,50.84,366.68,87.2,99.5,2.12,3.499
2032-10-29,16.82,15.24,51.86,358.61,91.9,99.7,3.57,1.336
2032-10-30,18.02,15.74,57.58,357.51,86.2,99.7,1,1.38
2032-10-31,17.27,14.23,38.71,356.93,89.2,99.6,8.4,1.298
2032-11-01,16.52,12.73,20.09,358.03,92.3,99.6,15.81,1.59
2032-11-02,14.72,8.28,86.71,292.72,89.4,99.8,1.04,1.463
2032-11-03,13.53,7.69,85.39,279.17,77.3,100.1,0,2.221
2032-11-04,13.16,6.34,87.43,284.95,83.2,100.8,0,0.653
2032-11-05,12.59,7.09,55.54,306.6,83.4,100.8,0.46,3.001
2032-11-06,15.42,9.88,52.32,337.57,94.9,100.3,0.92,1.334
2032-11-07,15.39,13.15,40.69,359.93,98.5,100.2,18.31,0.596
2032-11-08,14.17,10.89,47.13,345.99,94.4,100.8,1.42,2.791
2032-11-09,12.2,7.19,81.99,277.93,84.7,101.3,0,2.667
2032-11-10,11.42,7.69,60.19,313.08,82.6,101.4,0,3.015
2032-11-11,10.81,7.2,40.75,315.84,83.1,101.5,0,2.816
2032-11-12,11.19,6.74,70.45,293.2,85.3,101.6,0,2.849
2032-11-13,9.51,5.32,71.89,267.8,88.7,101.2,0,3.02
2032-11-14,10.25,4.46,51.66,305.53,87.1,100.7,0.01,3.601
2032-11-15,7.94,3.46,42.47,292.29,87.3,100.8,0,3.838
2032-11-16,9.3,6.27,40.83,310.7,91.4,100.6,0.33,3.21
2032-11-17,10.12,4.87,52.78,288.61,92.5,100.3,0,1.316
2032-11-18,8.13,4.41,29.96,305.91,85.9,100.5,0,0.427
2032-11-19,6.16,3.72,38.79,302.46,82.5,100.4,0,0.843
2032-11-20,7.4,2.83,32.73,298.09,84.7,100.6,0,0.676
2032-11-21,6.56,-0.15,47.4,270.57,87.3,100.5,0,0.432
2032-11-22,8.33,-0.25,45.77,287.98,87,100,0,2.459
2032-11-23,10.32,-0.12,49.26,275.53,94.5,99.5,0,0.565
2032-11-24,10.61,4.25,10.71,307.94,96.1,98.7,10.56,1.615
2032-11-25,12.43,6.44,26.15,310.4,94.2,98.1,7.56,2.232
2032-11-26,13.1,8.01,42.93,308.61,90.1,98.3,12.19,1.995
2032-11-27,13.04,7.8,24.97,307.06,85.7,97.6,2.77,3.753
2032-11-28,12.37,5.93,46.35,296.46,83.5,98.6,21.19,1.18
2032-11-29,12.47,9.46,15.34,329.91,93.1,96.4,6.93,2.773
2032-11-30,10.66,7.63,39.45,321.93,95.6,97.7,2.33,0.685
2032-12-01,10.08,5.03,39.62,314.39,95,98.4,10.56,3.388
2032-12-02,11.59,8.44,15.72,324.05,88.5,97.5,12.48,2.812
2032-12-03,12.12,9.29,33.08,329,91.2,97.7,8.39,1.818
2032-12-04,11.97,9.1,34.39,312.58,80.4,97.5,0.07,2.079
2032-12-05,10.73,3.33,47.02,267.59,90.4,98.6,0,2.074
2032-12-06,12.91,3.61,13.28,325.49,95.1,98.6,22.01,1.079
2032-12-07,11.45,7.07,41.23,303.69,82.9,99,10.47,1.704
2032-12-08,11.07,5.6,27.75,326.27,96.8,99,24.11,0.852
2032-12-09,13.49,9.92,39.89,324.84,85,98.8,12.54,3.283
2032-12-10,13.41,7.45,45.51,294.8,82,99.8,5.21,2.498
2032-12-11,13.11,8.81,44.73,300.78,83.7,99,6.71,3.011
2032-12-12,11.33,8.45,39.02,288.29,74.9,99,0,3.62
2032-12-13,9.77,7.32,40.12,274.98,77.3,99.1,0,3.469
2032-12-14,8.09,5.47,31.65,291.03,77.8,99.5,0.2,2.697
2032-12-15,7.55,2.25,34.2,279.21,93.8,99.7,0,0.315
2032-12-16,3.66,-0.06,40.66,266.96,84.8,99.6,0,0.509
2032-12-17,4.85,-2.13,47.76,240.31,85.9,99.6,0,0.467
2032-12-18,6.91,-2.91,24.23,289.95,83.7,99.4,4.33,0.644
2032-12-19,10.52,6.6,21.9,324.24,96.6,98.2,9.46,1.511
2032-12-20,8.19,3.54,24.53,274.75,90.1,98.1,1.13,2.277
2032-12-21,12.45,2.66,7.69,328.36,93.1,98.2,12.64,0.877
2032-12-22,12.46,9.11,20.12,322.47,87.3,98.1,15.73,2.921
2032-12-23,11.13,8.7,38.87,286.16,78.8,99.1,0.31,3.177
2032-12-24,14.28,9.56,4.93,354.53,96.8,98.9,21.87,3.015
2032-12-25,14.44,10.28,9.41,363.63,96.1,99.1,13.39,2.971
2032-12-26,10.23,6.35,25.34,318.73,94,100.3,0.8,0.554
2032-12-27,9.48,3.9,35.78,278.5,96.8,101.7,0,0.934
2032-12-28,8.53,4.57,33.87,271.39,86.5,102.5,0,5.067
2032-12-29,6.6,4.14,35.84,282.73,88.6,101.7,0.41,5.24
2032-12-30,10.01,4.64,38.77,297.76,92.9,100.9,0,1.446
2032-12-31,10.13,5.22,35.63,305,95.1,101.1,0,1.692
2033-01-01,10.26,5.81,32.53,312.13,97.3,101.3,0,2.012
2033-01-02,8.66,6,39.72,300.35,94,101.3,0,3.623
2033-01-03,8.8,2.89,24.47,315.5,95.5,101.6,0,2.771
2033-01-04,5.28,2.29,29.3,300.41,92.9,101.7,0,2.531
2033-01-05,7.14,3.29,26.52,313.22,97.5,101.7,0.07,2.772
2033-01-06,3.98,0.83,32.2,291.66,89.5,101.7,0,3.057
2033-01-07,5.37,2.12,23.4,297.65,82.6,101.4,0,4.06
2033-01-08,4.96,1.29,37.94,289.35,83.4,100.8,0.4,3.285
2033-01-09,9.45,1.29,25.59,310.84,92.9,99.7,7.29,1.437
2033-01-10,12.62,4.63,6.3,338.84,98,97.7,28.26,1.92
2033-01-11,11.87,9.28,18.79,326.27,80.9,96.9,6.89,4.769
2033-01-12,11.14,9.67,45.03,313.18,95.6,97,11.34,1.992
2033-01-13,10.36,7.19,49.38,274.82,92,97.7,0.6,1.551
2033-01-14,10.18,7.11,48.87,289.98,86.1,98.1,1.11,1.973
2033-01-15,9.41,5.81,33.82,302.15,85.8,98,9.71,2.513
2033-01-16,7.79,4.84,38.43,289.48,70.2,99.3,0,3.398
2033-01-17,7.79,1.73,37.07,274.28,92.4,100.1,0,0.133
2033-01-18,7.63,5.81,27.69,320.01,87.8,99.8,1.43,2.658
2033-01-19,8.09,4.58,31.02,315.02,98.3,99.6,0,0.295
2033-01-20,6.16,2.83,49.51,284.08,83.8,99.9,0.56,0.752
2033-01-21,5.52,2.49,46.47,291.2,83.3,100.7,0.45,0.816
2033-01-22,2.76,-2.42,57.16,241.8,83.6,101.2,0,0.615
2033-01-23,10.54,-0.08,26.57,316.31,91.6,100.6,6.71,2.388
2033-01-24,11.09,4.78,24.89,307.67,86.9,100.1,7.5,3.651
2033-01-25,8.5,4.1,53.66,277.67,81.2,101,0,2.507
2033-01-26,6.61,3.04,30.13,275.03,85.2,100,1.39,3.111
2033-01-27,6.12,1.97,66.83,252.91,66.6,100.8,0,1.289
2033-01-28,5.16,0.81,75.82,245.18,70.1,102.6,0,0.702
2033-01-29,8.5,0.48,47.29,297.66,96.1,102.7,0,1.349
2033-01-30,9.85,6.88,40.65,326,92.5,102.1,0.9,2.832
2033-01-31,10.23,5.97,55.61,300.5,82.4,101.6,0,2.917
2033-02-01,7.78,4.79,38.51,300.58,91.4,101.5,1.32,1.448
2033-02-02,11.14,7.47,50.43,317.75,89.3,100.7,3.52,2.836
2033-02-03,7.87,5.03,44.14,306.28,81.7,101.1,0,0.803
2033-02-04,10.78,6.51,11.09,340.97,98.1,99.7,16.8,2.097
2033-02-05,10.51,6.23,30.08,321.13,94,99,2.9,2.269
2033-02-06,9.09,5.17,49.65,285.03,74.6,100.5,0,2.711
2033-02-07,10.39,6.44,38.39,316.2,89.8,100.8,2.32,3.347
2033-02-08,9.68,6.4,51.37,317.68,92.2,101.5,1.21,1.816
2033-02-09,9.07,7.32,42.74,328.87,94.9,101.3,1.31,1.896
2033-02-10,10.16,4.11,96.78,266.67,87.8,102,0.1,1.247
2033-02-11,10.42,3.93,74.63,296.48,89.9,102.2,0,1.022
2033-02-12,10.48,5.91,61.15,319.84,88.4,102,0,1.474
2033-02-13,5.97,0.07,66.52,278.26,70.1,102.4,0.35,4.776
2033-02-14,3.05,-0.32,63.51,269.58,62.2,102.8,0,3.83
2033-02-15,3.79,0.63,81.06,279.68,70.8,102.2,0,2.958
2033-02-16,7.85,0.63,54.07,297.98,92.3,101.5,0.63,0.465
2033-02-17,7.63,4.45,58.95,312.94,89,100.8,0.61,0.547
2033-02-18,6.23,1.33,56.84,275,60.5,99.7,0,1.211
2033-02-19,5.44,1.59,74.39,264.55,68.5,99.3,0,1.148
2033-02-20,5.56,1.46,69.87,283.76,75.4,99.5,0.23,0.976
2033-02-21,3.33,-0.27,66.25,272.79,79,99.2,0.07,0.919
2033-02-22,3.43,-1.43,83.52,263.77,75.1,99.9,0,1.241
2033-02-23,3.67,-4.18,120.21,222.99,81.5,100.6,0,0.164
2033-02-24,4.9,-2.66,122.31,237.74,74.9,101.6,0,0.367
2033-02-25,6.31,-3.6,109.47,251.05,71.6,101.6,0,0.694
2033-02-26,4.53,-0.77,17.75,312.73,92.3,98.8,22.81,2.819
2033-02-27,4.36,-0.8,76.97,277.87,81,98.4,1.45,1.234
2033-02-28,4.47,-0.2,70.14,271.39,80.9,99.2,0.76,2.488
2033-03-01,5.77,0.35,96.86,253.82,76.6,99.1,0.44,2.188
2033-03-02,4.96,-0.23,73.14,267.66,88.6,98.9,3.77,2.154
2033-03-03,5.46,-0.85,92.33,266.37,80.3,98.7,0,1.149
2033-03-04,5.65,-2.99,105.81,252.9,85.5,99,0,0.466
2033-03-05,6.55,-1.94,74.76,286.49,88,98.8,8.74,2.42
2033-03-06,5.93,0.13,93.76,295.77,86.1,98.8,3.98,2.054
2033-03-07,3.91,-0.49,82.4,279.67,80.4,99.9,3.85,4.78
2033-03-08,6.07,-2.85,137.56,253.2,70.2,100.7,0,1.005
2033-03-09,5.57,0.19,93.92,285.2,81.6,100.2,2.37,1.328
2033-03-10,7.05,0.23,140.59,262.76,72.6,101,0,0.636
2033-03-11,8.48,0.5,134.58,265.55,83,101.3,0.54,1.186
2033-03-12,8.49,3.63,85.78,303.82,84.3,101.7,0,1.211
2033-03-13,8.06,3.73,79.58,311.14,89.8,101.6,0.7,0.559
2033-03-14,6.88,2.41,104.12,280.02,85,100.5,0.22,3.23
2033-03-15,8.81,3.59,58.61,312.36,93.9,98.5,10.24,4.057
2033-03-16,10.76,8.74,36.13,351.23,100,96.2,22.76,1.47
2033-03-17,11.85,8.67,103.07,330.31,97.3,97,2.74,1.989
2033-03-18,13.51,7,105.23,320.16,93.6,98,2.19,0.21
2033-03-19,11.14,4.84,66.73,325.3,96.5,98.2,3.49,2.892
2033-03-20,13.04,8.47,85.41,343.37,95.4,97.3,6.29,1.424
2033-03-21,9.55,7.86,50.97,338.76,99.6,97.7,7.1,2.294
2033-03-22,10.61,6.33,71.17,329.1,97.4,98.4,6.11,1.231
2033-03-23,11.19,5.8,88.47,314.83,91,99.3,0.61,1.961
2033-03-24,11.57,5.05,97.51,305.96,87.4,100.4,0,1.755
2033-03-25,8.46,2.62,47.75,314.88,97.7,100.2,15.85,2.994
2033-03-26,10.72,6.77,96.76,328.28,89.4,100,2.15,3.673
2033-03-27,8.26,3.94,50.27,321.95,93.8,99.4,25.03,6.092
2033-03-28,10.95,7.1,108.47,314.83,90.3,98.9,2.92,2.534
2033-03-29,11.86,5.25,148.61,296.6,79.6,99.8,0,0.288
2033-03-30,7.76,1.71,138.38,284.88,68,100.4,0,3.685
2033-03-31,8.14,1.59,122.56,276.74,74.6,100.6,0,0.57
2033-04-01,9.08,3.26,119.59,300.37,85.3,100.2,1.02,0.661
2033-04-02,9.08,3.77,121.57,308.53,86.3,99.9,2.23,0.625
2033-04-03,10.13,5.07,136.32,306.56,88.4,99.8,0.9,3.602
2033-04-04,10.58,4.08,149.7,298.2,79,99.5,0.75,3.452
2033-04-05,10.68,5.39,159.64,310.18,87.1,99.2,4.28,5.26
2033-04-06,11.2,7.3,129.37,320.83,93.4,98.4,14.54,4.403
2033-04-07,11.85,6.95,197.05,287.7,86.7,98.4,0.97,2.527
2033-04-08,10.21,7.52,68.95,334.49,96.9,98,19.52,3.757
2033-04-09,12.33,8,194.83,304.68,89.5,98.1,1.74,1.424
2033-04-10,10.64,7.11,78.44,329.16,97.1,97.7,17.84,2.812
2033-04-11,11.74,7.14,152.14,315.92,92.4,98.1,2.03,0.313
2033-04-12,11.86,5.82,131,314.24,81.2,98.9,0.94,0.78
2033-04-13,8.4,2.88,153.11,275.04,62.6,99.1,0,0.587
2033-04-14,9.22,-0.19,150.6,272.13,72.7,99.4,2.96,1.335
2033-04-15,10.64,6.5,85.42,322,89.9,98,13.08,2.531
2033-04-16,10.48,4.24,177.53,275.65,82.3,97,0.91,1.629
2033-04-17,9.11,2.83,128.3,289.41,78.2,97.5,3.45,2.138
2033-04-18,8.06,4,133.97,302.01,86.8,98.1,2.94,0.668
2033-04-19,8.26,3.81,103.26,305.68,79.5,99.4,1.78,1.521
2033-04-20,8.91,2.94,139.24,289.15,74.8,100.3,0,1.485
2033-04-21,8.91,1.37,148.77,276.32,78.7,100.3,0,3.009
2033-04-22,10.97,3.01,135.93,312.05,74.9,100.3,2.6,3.978
2033-04-23,8.79,3.53,148.33,293.52,72,100.4,0,2.236
2033-04-24,9.97,2.46,165.71,287.2,78,100.5,0,1.005
2033-04-25,10.71,4.74,129.08,304.36,81.7,100.6,0.47,0.355
2033-04-26,10.36,4.48,135.14,305.1,84.2,100.6,0.93,0.208
2033-04-27,8.99,4.55,146.93,294.19,73.3,100.8,0,0.688
2033-04-28,10.27,2.7,225.67,274.88,63.5,101.1,0,0.524
2033-04-29,10.14,5.17,108.54,324.95,88.4,100.1,7.89,1.918
2033-04-30,15.12,7.17,240.9,294.96,81.4,100.1,0,1.456
2033-05-01,14.58,9.39,139.86,343.75,91.6,100.3,1.38,2.134
2033-05-02,13.4,7.95,175.87,323.3,75.3,100,1.84,2.817
2033-05-03,11.42,6.38,153.79,319.14,83.7,99.7,5.48,1.54
2033-05-04,10.22,4.73,160.58,310.69,80.7,98.3,6.99,2.968
2033-05-05,10.46,4.1,181.43,295.62,72.7,99.1,1.71,1.469
2033-05-06,11.72,4.84,194.21,284.72,74.5,100.6,0,0.813
2033-05-07,11.41,4,160.33,301.96,80.8,101.5,0,0.305
2033-05-08,11.72,2.71,151.68,293.51,83.4,101.3,0.04,0.211
2033-05-09,14.09,5.81,203.56,308.73,73,100.7,0,0.478
2033-05-10,10.89,7.02,78.44,333.73,93.3,100.4,7.22,1.235
2033-05-11,18.25,8.2,197.56,334.6,88.1,100,0.7,2.543
2033-05-12,15.99,11.11,122.09,358.09,96.8,99.7,3.95,1.292
2033-05-13,19.86,10.49,237.49,330.22,85.8,99.5,1.31,2.218
2033-05-14,18.57,10.74,210.12,342.69,90.7,99.1,11.58,0.173
2033-05-15,14.45,10.19,111.81,348.74,90.2,99.5,5.46,2.183
2033-05-16,16.73,10.35,178.56,339.24,85.9,99.9,0,1.119
2033-05-17,16.96,10.74,194.67,325,83.3,100.3,0,0.55
2033-05-18,15.44,7.35,278.95,285.21,68.7,100.9,0,1.594
2033-05-19,15.12,5.77,247.95,286.31,70.5,100.8,0,0.293
2033-05-20,14.54,7.07,228.85,295.23,72,100.3,1.36,0.548
2033-05-21,12.4,6.51,220.27,297.06,81.3,99.8,5.11,2.056
2033-05-22,13.46,5.71,149.02,311.74,91.3,100,11.88,2.895
2033-05-23,15,9.47,240.86,315.28,89.2,100.1,10.6,0.977
2033-05-24,14.45,9.39,145.69,327.61,93.7,99.9,5.87,0.503
2033-05-25,16.25,8.5,196.55,324.85,89,99.8,2.83,1.426
2033-05-26,16.14,7.86,227.25,305.1,85.2,99.6,0.59,1.004
2033-05-27,15.29,7.5,181.44,311.88,88.4,99.2,1.58,0.462
2033-05-28,15.09,9.14,178.19,329.67,91.8,99.2,2.98,2.292
2033-05-29,14.51,10.55,136.02,337.4,93.6,99.4,11.01,1.445
2033-05-30,18.91,10.68,244.69,329.74,86.6,100.3,7.26,0.736
2033-05-31,18.31,10.54,268.77,318.37,87.1,100.7,3.72,0.687
2033-06-01,17.7,10.4,293.21,307.05,87.6,101.1,0,1.016
2033-06-02,20.03,9.35,298.96,306.4,80.9,101.2,0,0.389
2033-06-03,22.28,12.76,232.23,336.01,73,100.7,0,3.001
2033-06-04,23.11,12.81,252.42,338.95,75.7,100.1,6.45,2.532
2033-06-05,20.83,12.52,278.45,324.66,81.1,99.7,8.83,1.405
2033-06-06,17.91,12.18,246.83,317.85,83.9,99.9,0,1.728
2033-06-07,18.04,12.38,312.28,313.37,85.4,99.8,0,1.123
2033-06-08,17.98,13.49,196.79,344.36,93.2,99.8,3.42,1.71
2033-06-09,18.11,13.34,282.29,314.09,83.1,99.9,1.95,2.104
2033-06-10,16.74,13.2,131.51,353.31,92.7,100,4.51,2.979
2033-06-11,17.57,11.77,297.63,315.55,89.3,100.2,0,1.346
2033-06-12,18.34,14.08,257.02,342.8,90.5,99.8,0,1.949
2033-06-13,17.94,13.22,249.2,326.31,81.7,99.7,1.03,1.966
2033-06-14,16.71,11.31,265.04,302.77,81.4,100.2,7.41,2.33
2033-06-15,16.65,10.54,203.46,317.75,82.5,100.4,0.9,2.1
2033-06-16,18.72,11.67,237.81,333.13,82.5,99.8,5.19,2.479
2033-06-17,18.22,11.82,234.2,333.59,79.8,99.9,0.58,2.243
2033-06-18,20.66,11.76,295.5,335.99,80.9,100.1,0,1.857
2033-06-19,21.03,14.43,213.2,360.53,85.8,100.1,0,1.886
2033-06-20,19.7,14.64,208.75,359.93,86.6,100.3,0,2.136
2033-06-21,22.7,15.25,195.26,377.45,88,100.7,0,2.06
2033-06-22,24.98,16.56,251.74,371.21,87.9,101.4,0,0.368
2033-06-23,27.64,16.03,295.64,361.94,83.8,101.5,0,0.161
2033-06-24,27.19,18.89,337.8,351.9,67.1,101.1,0,4.103
2033-06-25,29.12,17.98,339.72,352.86,67.9,101,0,2.683
2033-06-26,31.12,17.25,341.66,356.93,71.3,101.2,0,0.807
2033-06-27,32.28,18.18,343.95,355.98,67.4,101,0,1.207
2033-06-28,31.44,17.71,344.54,345.61,69.5,100.2,0,0.564
2033-06-29,25.25,14.85,317.48,329.84,68.4,99.9,0,1.454
2033-06-30,19.96,11.91,249.59,305.25,64.3,99.9,0,0.764
2033-07-01,21.6,10.26,253.57,316.7,68,100.1,0,1.942
2033-07-02,22.41,12.63,292.02,324.56,72,100.6,0,2.424
2033-07-03,22.16,15.04,225.41,354.77,78.3,100.6,0,2.12
2033-07-04,20.92,13.14,263.69,320.5,79.7,100.4,0,0.722
2033-07-05,23.91,12.21,328.71,312.26,71.7,100.4,0,0.142
2033-07-06,26.3,15.12,286.91,339.65,70.5,100.6,0.81,0.424
2033-07-07,27.24,16.24,331.98,332.67,68.4,100.9,0,0.406
2033-07-08,27.66,17.02,322.41,337.97,70.2,100.6,0,0.21
2033-07-09,28.19,16.63,335.18,333.72,68.4,100.2,0,0.504
2033-07-10,25.16,15.74,334.34,318.06,63.8,100.3,0,0.598
2033-07-11,25.44,14.64,273.94,337.97,74.6,100.2,0,1.483
2033-07-12,25.97,16.28,266.91,349.42,78.1,100.4,0,0.689
2033-07-13,27.18,15.69,279.47,345.1,71.6,100.4,0,0.573
2033-07-14,26.55,16.82,324.98,329.85,61.6,100.4,0,0.546
2033-07-15,26,15.75,321.88,323.45,66,100.5,0,0.395
2033-07-16,24.34,14.7,252.06,336.42,77.4,100.3,0,0.861
2033-07-17,25.79,15.76,263.51,338.69,67.2,100,0,1.175
2033-07-18,23.66,16.01,268.76,336.17,70.2,100,0,1.807
2033-07-19,22.52,16.23,207.68,365.22,90.4,100,2.19,2.55
2033-07-20,21.71,18.34,131.34,388.39,94.8,99.5,6.38,2.156
2033-07-21,19.13,13.55,276.05,313.99,74.8,99.2,3.99,2.966
2033-07-22,19.95,12.09,272.79,302.26,66.7,100,1.74,2.755
2033-07-23,19.24,12.39,179.94,343,85.5,99.7,1.43,3.059
2033-07-24,20.56,13.3,200.34,342.24,78.8,99,21.1,2.703
2033-07-25,18.88,11.62,232.83,311.08,70.1,99.9,0.64,2.354
2033-07-26,18.31,9.96,200.43,318.25,72.5,100,0,1.834
2033-07-27,19.56,13.27,155.85,347.77,80.6,98.9,6.97,3.004
2033-07-28,20.51,11.95,250.31,308.36,71,99.5,0,1.708
2033-07-29,21.52,11.48,232.68,332.93,76.8,99.5,0.99,2.098
2033-07-30,20.13,13.84,245.21,319.07,72.8,99.3,0.1,1.728
2033-07-31,19.97,13.19,236.68,318.72,72.6,99.2,0.62,1.974
2033-08-01,19.82,12.54,228.15,318.17,72.5,99.1,0.92,2.225
2033-08-02,17.9,14.49,65.2,368.42,96.3,97.9,71.13,1.749
2033-08-03,18.56,14.38,213.81,340.17,83.2,97.4,22.72,4.106
2033-08-04,18.15,13.6,229.24,328.45,81.8,98.4,2.57,2.444
2033-08-05,16.73,12.79,183.93,326.52,85.1,98.5,4.58,2.822
2033-08-06,19.83,12.64,244,317.35,77.5,99.6,0,2.25
2033-08-07,22.3,15.13,177.68,366.06,86.6,99.5,3.85,1.166
2033-08-08,19.7,12.77,245.56,331.09,79.4,99.8,0.63,2.72
2033-08-09,20.16,11.18,240.51,316.8,73.4,100.7,0,1.676
2033-08-10,18.05,14.3,107.9,370.03,94.1,100.2,7.01,2.22
2033-08-11,20.88,14.26,152.15,366.64,93.4,99.8,2.49,2.345
2033-08-12,20.4,12.92,208.54,327.92,81.5,100.3,0,1.897
2033-08-13,22.14,10.95,226.44,327.01,79,100.9,0,0.105
2033-08-14,24.02,13.47,279.45,320.16,71.2,101.2,0,2.984
2033-08-15,26.85,14.97,279.03,328.33,57.8,100.9,0,4.528
2033-08-16,27.98,16.4,276.95,338.1,69.5,100.5,0,1.664
2033-08-17,26.06,16.27,245.28,351.29,82.3,100.4,0.75,0.525
2033-08-18,23.87,16.61,227.44,340.18,76.9,100.6,0.51,1.133
2033-08-19,24.7,14.25,271.96,316.95,76.6,100.3,0,0.354
2033-08-20,22.37,13.46,221.2,330.15,82,100.1,0.27,1.543
2033-08-21,20.7,13.39,245.11,310.96,74.9,100.3,0,0.493
2033-08-22,22.14,11.37,262.21,302.84,78.2,100.1,0,0.473
2033-08-23,19.13,10.95,236.2,303.16,84,100.2,0,1.208
2033-08-24,19.79,15.58,124.73,375.01,94.1,99.7,8.17,1.988
2033-08-25,20.54,14.15,234.7,328.72,82.8,99.5,6.85,1.66
2033-08-26,19.46,13.04,215.78,318.13,73.4,99.9,0,1.759
2033-08-27,19.03,11.55,179.56,320.77,81.9,100,0,0.737
2033-08-28,20.26,13.25,156.61,341.06,92.4,99.8,3.2,0.412
2033-08-29,20.19,13.65,169.85,334.02,83.1,100.3,0,1.608
2033-08-30,21.79,13.86,208.05,334.08,78.2,100.9,0,0.772
2033-08-31,21.96,14.2,206.96,333.88,77.6,100.9,0,0.48
2033-09-01,22.13,14.54,205.86,332.94,76.9,101,0,0.378
2033-09-02,23.62,14.06,213.66,329.73,78.4,101,0,0.303
2033-09-03,23.86,14.63,209.37,330.52,83.4,100.8,0,0.152
2033-09-04,23.52,13.55,223.31,320.48,83.3,100.3,0,0.184
2033-09-05,23.03,12.82,229.39,322.16,83.7,99.9,0,0.188
2033-09-06,22.31,13.8,180.23,339.47,84.4,100,0,1.092
2033-09-07,20.27,12.55,141.52,340.93,88.8,100.2,0,1.377
2033-09-08,21.04,15.89,116.55,372.59,89.6,100.1,6.93,0.911
2033-09-09,19.69,12.97,173.65,322.66,82.5,100.2,0,1.346
2033-09-10,18.41,12.54,124.55,329.9,79.6,99.5,12.8,1.87
2033-09-11,18.49,10.67,206.39,288.95,67.5,100.5,0,1.73
2033-09-12,18.8,8.53,134.33,324.45,76.4,100.9,0,1.553
2033-09-13,21.19,14.14,176.63,342.15,85.3,100.8,0.59,1.584
2033-09-14,20.04,11.89,170.7,326.1,77.2,101,0,1.135
2033-09-15,19.69,11.19,191.88,312.23,77.8,100.4,0,0.538
2033-09-16,20.02,12.03,157.12,328.48,86.9,100,0.01,0.459
2033-09-17,18.48,12.01,127.62,348.31,91.9,100,3.12,0.597
2033-09-18,18.86,12.83,132.21,336.27,91.9,99.8,13.3,1.446
2033-09-19,18.76,12.46,171.45,320.19,76.7,99.9,0.4,2.419
2033-09-20,18.14,13.09,117.31,338.45,81,99.5,31.94,2.385
2033-09-21,18.01,12.61,160.53,318.38,75,100.5,0,2.676
2033-09-22,18.65,13.41,132.68,345.21,90.8,101.1,0.33,1.648
2033-09-23,18.63,16.17,113.95,369.67,91,101.2,0,1.596
2033-09-24,20.82,16.42,110.04,379.18,94.3,101.5,0.5,0.525
2033-09-25,18.63,15.28,81.65,367.17,96.5,101.3,0.92,0.765
2033-09-26,21.67,13.92,163.25,337.45,88.4,101,0,1.638
2033-09-27,18.64,11.02,144.22,319.81,76.9,101.2,0,0.446
2033-09-28,17.29,8.69,145.96,304.37,73.6,101.7,0,1.849
2033-09-29,16.97,9.12,151.48,308.05,76,101.5,0,2.913
2033-09-30,17.01,10.29,110.67,323.57,74.6,101.3,0,3.046
2033-10-01,19.26,9.24,171.35,287.97,77.1,101.3,0,2.806
2033-10-02,21.61,9.61,163.8,305.05,85.8,101.2,0,1.358
2033-10-03,17.68,13.19,87.3,355.32,97.8,101.1,0,0.832
2033-10-04,20.22,14.36,103.89,363.25,91.5,100.9,0.01,1.679
2033-10-05,17.19,11.79,128.06,316.58,78.1,100.7,0,1.782
2033-10-06,16.57,10.33,112.91,311.72,78.5,100.1,0,2.293
2033-10-07,16.69,11.15,118.28,314.47,69.2,98.9,0.73,3.922
2033-10-08,13.44,8.87,81.99,312.82,64,99.7,0,1.627
2033-10-09,14.24,7.07,88.74,298.03,73.2,100.4,0,1.429
2033-10-10,16.39,8.69,88.23,320.7,86.4,100.6,0,1.612
2033-10-11,16.58,11.17,100.52,335.67,88.9,100.8,0,1.601
2033-10-12,18.72,13.52,112.87,335.79,88.2,100.8,0,1.731
2033-10-13,16.12,12.07,72.48,342.74,87.3,101,0,0.446
2033-10-14,16.61,11.13,70.66,330.12,92.5,100.8,1.06,1.62
2033-10-15,15.06,9.86,100.23,314.36,79.1,100,0,2.08
2033-10-16,12.5,7.28,37.74,314.75,93.9,100.3,3.95,0.299
2033-10-17,15.52,4.1,124.64,284.71,84,101.1,0,0.564
2033-10-18,17.29,8.76,64.36,340.49,91.8,101.3,0.48,0.908
2033-10-19,12.97,5.55,114.35,286.89,73.5,101.7,0.56,1.349
2033-10-20,12.99,3.92,71.97,306.08,77,101.9,0,0.488
2033-10-21,14.84,7.75,86.51,312.13,82.8,100.9,0,2.913
2033-10-22,13.42,3.6,89.62,286.98,76.8,100.7,2.51,1.066
2033-10-23,11.11,2.3,108.32,269.31,76.7,101.1,0,1.075
2033-10-24,14,5.83,93.5,300.3,81.7,100.9,0,1.671
2033-10-25,14.67,7.88,81.77,316.65,91.1,101.1,0,0.218
2033-10-26,14.49,6.78,75.89,311.22,88.3,101.1,0,2.374
2033-10-27,15,10.66,102.97,302.94,81.9,100.3,0,4.047
2033-10-28,17,14.86,27.01,362.1,87.2,99.7,6.08,2.712
2033-10-29,17.08,15.15,53.97,358.53,91.8,99.2,10.61,1.992
2033-10-30,15.71,11.45,19.17,349.2,92.6,98.8,25.23,1.474
2033-10-31,15.18,11.36,32.97,337.88,91.2,98.8,14.12,1.511
2033-11-01,14.65,11.26,46.9,325.99,89.9,98.8,3.02,1.83
2033-11-02,14.64,10.51,81.08,313.98,89.1,99.2,0.56,2.222
2033-11-03,13.92,5.83,60.66,315.8,93.1,99.1,2.29,0.731
2033-11-04,7.34,0.78,95.56,236.62,73.4,100.2,0,0.833
2033-11-05,8.87,-1.13,85.43,260.55,83.3,100.9,0,1.428
2033-11-06,11.7,6.12,43.18,322.74,78.8,100.2,0,2.348
2033-11-07,12.96,11.22,30.48,351.25,93.1,99.7,6.33,1.347
2033-11-08,14.17,9.12,50.78,327.83,93.9,99.4,0,0.957
2033-11-09,11.27,6.54,67.71,293.67,76.7,99.4,0,1.637
2033-11-10,14.45,6.51,46.09,307.21,85.1,99.5,0,2.923
2033-11-11,14.75,7.72,18.08,330.19,90.4,99.3,13.45,2.312
2033-11-12,13.21,7.53,52.29,308.28,81.9,99.2,1.03,2.575
2033-11-13,13.95,6.68,46.96,323.52,75.5,99.5,15.5,1.525
2033-11-14,14.47,10.05,64.09,320.77,85.6,98.3,5.07,4.358
2033-11-15,10.92,6.52,56.84,281.44,80,98.5,0,2.464
2033-11-16,9.95,4.61,47.24,295.48,79.2,99.9,8.16,0.884
2033-11-17,12.27,9.03,36.64,324.52,93.4,98.3,22.15,1.85
2033-11-18,9.76,4.3,61.2,292.47,90.8,99.6,0,0.856
2033-11-19,12.72,6.5,3.6,329.89,93.5,98.4,55.94,0.896
2033-11-20,6.54,2.42,28.56,283.58,83.8,98.7,0,2.081
2033-11-21,7.71,-1.06,56.6,263.92,79.4,100.7,0,0.136
2033-11-22,12.13,7.8,14.18,338.86,92.8,100.1,13.37,2.678
2033-11-23,13.29,9.31,9.78,352.24,94.6,99,23.84,3.318
2033-11-24,9.05,6.09,51.89,271.82,75.8,98.4,0.21,3.117
2033-11-25,9.23,6.76,51.9,288.67,75.1,98.6,0.29,3.734
2033-11-26,9.38,6.19,32.47,303.14,88.1,99.3,7.42,1.353
2033-11-27,11.87,9.25,22.97,346.74,95.3,98.7,13.43,2.195
2033-11-28,12.17,4.95,20.2,299.57,85.9,97.4,13.42,2.758
2033-11-29,9.75,5.96,49.62,275.91,80.9,98.7,0.15,3.15
2033-11-30,12.28,5.08,46.2,296.49,86,99.6,2.9,1.596
2033-12-01,11.05,4.78,26.58,291.4,88,99.4,0.2,2.082
2033-12-02,6.64,4.05,36.01,284.54,77.2,99.6,0,2.203
2033-12-03,12.24,4.55,23.77,308.6,85,97.6,25.02,3.102
2033-12-04,7.81,0.49,41.89,263.03,81.3,97.7,0,1.813
2033-12-05,5.5,0.64,19.55,288.55,96.7,97.7,4.73,1.333
2033-12-06,6.3,0.71,39.72,284.74,97.9,98.7,0,1.091
2033-12-07,11.4,3.04,12.21,315.81,90.1,98.2,19.17,1.259
2033-12-08,9.61,5.81,38.4,287.54,78.8,98.4,2.08,3.736
2033-12-09,9.19,5.24,23.64,306.41,88.6,99,1.56,0.915
2033-12-10,10.16,4.83,42.25,299.03,90,97.9,1.54,1.724
2033-12-11,6.94,3.67,38.34,277.16,85.4,99.3,0.46,1.745
2033-12-12,7.12,4.08,36.28,291.38,80.4,99.9,0.46,1.976
2033-12-13,5.86,-1.36,36.07,268.62,81.8,100.7,0,0.458
2033-12-14,7.09,-2.69,36.68,279.8,84.1,100.6,6.85,1.61
2033-12-15,8.73,5.01,30.97,296.28,93.6,98.6,17.52,1.601
2033-12-16,5.24,1.24,25.67,271.25,78.2,98.5,1.31,1.253
2033-12-17,4.54,-1.11,36.39,256.28,83.1,100.2,1.05,0.78
2033-12-18,5.52,-1.98,25.52,283.66,95,99.9,11.45,1.418
2033-12-19,2.84,-3.96,8.16,289.39,92.9,100.4,14.47,2.007
2033-12-20,12.08,2.85,13.03,342.09,97.4,98.4,27.2,1.655
2033-12-21,12.16,9.99,25.91,336.44,91.8,98,2.33,3.401
2033-12-22,12.62,9.31,9.05,348.69,98.2,99.2,6.61,2.798
2033-12-23,12.64,10.74,8.98,347.54,98.7,98.7,17.01,2.699
2033-12-24,12.06,9.38,28.68,321.21,87.6,99.3,1.88,3.305
2033-12-25,11.7,7.7,18.04,327.83,93,99.6,0.72,1.979
2033-12-26,8.71,2.8,16.53,305.7,96.6,99.3,8.26,2.017
2033-12-27,3.26,-0.3,23.34,282.22,87,99.1,6.01,3.799
2033-12-28,2.24,-4.21,30.45,257.99,93.6,99.1,0,1.268
2033-12-29,0.48,-2.88,15.75,268.42,81.5,98.7,0.04,2.863
2033-12-30,3.37,-3.96,35.56,248.09,80.9,99.8,0,0.628
2033-12-31,5.29,-4.05,38.64,256.61,81.5,100.3,0.75,0.142
2034-01-01,7.21,-4.14,41.68,273.99,81.8,100.8,1.49,0.618
2034-01-02,9.86,4.94,9.87,336.45,95.5,99.6,35.1,2.516
2034-01-03,10.47,7.76,13.88,344.45,100,98.4,16.8,0.519
2034-01-04,11.67,2.91,43.02,299,94.4,98.7,12.74,1.466
2034-01-05,11.85,7.58,31.69,308.18,83.5,97.8,0.56,3.806
2034-01-06,9.36,6.01,45.78,279.18,85,98.3,0.67,3.476
2034-01-07,8.88,3.99,48.03,273.86,83.3,99.6,0,2.169
2034-01-08,9.75,3.56,22.28,311.41,93.2,99.3,2.92,1.159
2034-01-09,8.91,1.66,48.82,263.36,86.7,100.3,0,1.511
2034-01-10,8.87,4.59,33.46,301.51,79.7,100.3,0,5.318
2034-01-11,9.65,6.15,19.45,321.89,93.1,99.5,5.62,4.521
2034-01-12,9.74,7.26,20.64,339.28,98.8,100,6.16,2.74
2034-01-13,8.83,3.05,23.47,316.47,97.1,101.3,1.45,4.148
2034-01-14,3.04,-1.21,61.03,223.77,84.8,102.2,0,4.198
2034-01-15,4.47,-1.7,60.98,232.23,79.8,102.4,0,3.947
2034-01-16,2.34,-1.55,33.79,267.51,89.7,101.9,0,3.518
2034-01-17,2.94,-1.25,29.61,280.88,85.4,101.6,0,2.446
2034-01-18,1.83,-2.13,45.89,275.67,93.7,101.6,0,2.435
2034-01-19,4.16,-0.1,36.35,300.24,94.6,101.9,0,2.813
2034-01-20,5.24,2.82,25.55,314.05,95.8,101.5,3.33,3.216
2034-01-21,4.26,0.77,46.34,286.37,92.7,101.3,0.45,2.234
2034-01-22,4.79,-0.45,52.91,283.76,87,101.6,0,0.979
2034-01-23,9.38,4.7,24.41,331.66,94.9,100.9,0.97,2.032
2034-01-24,11.38,8.88,15.08,346.51,97.8,100.2,2.58,2.709
2034-01-25,10.55,8.83,23.42,334.58,95.3,100.1,2.57,2.343
2034-01-26,11.88,8.36,26.92,341.29,95.9,99.9,8.16,1.779
2034-01-27,11.51,7.96,54.95,325.96,89.5,99.5,2.5,1.906
2034-01-28,12.05,9.68,18.8,354.05,97.4,98.9,13.82,3.48
2034-01-29,10.02,6.08,68.27,281.35,78.8,99.2,0,2.516
2034-01-30,11.57,5.36,34.62,308.13,87,100.9,2.18,2.403
2034-01-31,10.61,9.67,37.81,332.64,91.2,101.2,0.43,2.99
2034-02-01,10.49,9.65,30.71,341.34,91.5,100.3,6.06,2.283
2034-02-02,10.45,3.44,67.33,289.63,86.2,100.4,5.12,1.496
2034-02-03,9.63,3.54,36.27,303.52,82.9,100.4,10.75,2.931
2034-02-04,9.17,6.69,67.68,280.83,76.2,99.6,0.88,3.115
2034-02-05,10.23,6.95,36.18,307.07,85.3,99.4,0.46,1.681
2034-02-06,10.58,8.73,37.71,333.09,90.5,98.2,28.6,2.005
2034-02-07,8.98,5.05,14.88,299.02,87.5,97.4,7.18,1.724
2034-02-08,9.12,5.19,76.44,278.7,73.9,98.1,0,2.586
2034-02-09,7.8,3.34,54.95,289.75,88.3,98.9,4.7,1.293
2034-02-10,9.37,2,26.03,301.35,92.8,99.7,10.01,1.408
2034-02-11,10.33,8.4,59.09,324.09,93.1,99.5,9.78,2.731
2034-02-12,12.37,9.4,35.93,347.05,94.1,99.6,4.55,3.101
2034-02-13,11.19,8.74,46.65,319.18,90.7,99.6,4.99,2.858
2034-02-14,12.23,7.84,63.89,327.09,89.6,99,18.05,2.152
2034-02-15,9.76,3.94,91.29,284.96,81,100.2,3.36,2.193
2034-02-16,9.72,3.17,24.98,311.71,82.4,101.3,10.92,1.262
2034-02-17,8.98,5.82,85.26,293.76,81,101.2,0,2.171
2034-02-18,9.4,2.99,68.92,290.5,77.8,102.2,0,1.892
2034-02-19,8.61,5.32,41.92,320.48,95.2,102,3.21,1.267
2034-02-20,9.97,7.32,54.96,333.68,97,101.8,0.84,0.808
2034-02-21,12.83,9.89,61.64,347.19,96.7,102.1,1.12,1.794
2034-02-22,10.97,7.77,96.03,315.15,89.3,102.4,0.03,1.741
2034-02-23,13.41,7.71,93.43,322.17,89.9,102.1,0.99,2.129
2034-02-24,9.24,4.71,69.67,307.99,86.4,102.6,0.56,1.479
2034-02-25,11.64,6.47,72.54,329.84,96.3,101.9,2.74,0.575
2034-02-26,12.76,9.2,88.03,330.88,94.1,101.8,0,0.57
2034-02-27,10.79,8.24,64.37,332.42,95.6,101.5,1.23,1.69
2034-02-28,11.05,8.54,77.19,321.63,94.3,101,0.77,1.46
2034-03-01,11.58,9.15,84.22,329.19,95.4,101.2,0.19,1.881
2034-03-02,13.6,8.29,135.41,284.52,89.3,101.3,0,1.348
2034-03-03,13.51,9.36,139.78,284.2,87.9,100.7,0,2.154
2034-03-04,13.12,9.58,114.99,308.99,89.2,100.1,0.86,1.98
2034-03-05,11.65,6.51,138.2,286.44,76.8,100.7,5.41,1.545
2034-03-06,12.64,9.16,26.38,333.72,82.7,99.6,23.54,4.127
2034-03-07,10.91,6.93,96.94,294.23,74.7,100.6,1.15,3.199
2034-03-08,8.88,4.58,107.81,274.74,69.2,100.9,0,2.162
2034-03-09,10.33,6.53,25.13,333.13,85.2,99.2,26.53,4.217
2034-03-10,10.55,6.91,73.08,311.2,81.5,98.4,1.6,2.702
2034-03-11,10.46,6.14,134.5,276.3,66.4,99.5,0,3.19
2034-03-12,7.86,4.04,56.86,306.63,90.5,99.1,14.08,0.634
2034-03-13,10.39,3.21,110.45,291.15,73.7,99.9,2.66,3.029
2034-03-14,12.27,8.79,48.84,346.11,93.6,99.1,15.34,3.762
2034-03-15,10.73,6.6,124.91,284.1,70.3,100.2,0,2.932
2034-03-16,11.3,5,65.71,319.01,89.4,99.7,18.93,0.975
2034-03-17,9.36,1.37,125.53,266.92,80.5,100.4,0,0.173
2034-03-18,9.06,2.7,104.68,303.47,83.3,99.6,3.3,2.271
2034-03-19,9.75,7.28,50.86,322.71,93.7,97.5,23.27,4.445
2034-03-20,12.68,6.1,126.54,305.16,88.6,97.9,3.01,1.362
2034-03-21,9.65,5.04,113.15,299.33,85.2,97.3,4.65,1.528
2034-03-22,9.44,3.77,119.88,282.03,75.3,98.1,0.94,2.475
2034-03-23,10.62,4.61,119.97,303.51,78.1,98,12.47,2.725
2034-03-24,8.86,3.53,102.1,285.27,75.7,98.1,3.83,1.445
2034-03-25,9.3,2.72,129.69,275.68,83.4,98,2.86,1.34
2034-03-26,10.07,2.29,100.58,299.41,86.6,98.2,16.49,1.003
2034-03-27,11.41,6.28,154.19,295.17,81.8,97.4,2.27,3.438
2034-03-28,9.97,4.54,94.57,301.88,86.2,97.1,13.79,2.364
2034-03-29,9.82,4.24,136.2,279.08,72.2,97.1,1.19,3.321
2034-03-30,10.33,5.58,70.53,320.31,91,96.4,24.35,0.924
2034-03-31,8.7,4.12,113.01,298.99,73.8,97.8,1.21,1.369
2034-04-01,9.66,2.85,164.58,277.21,59,100.1,0,1.288
2034-04-02,11.17,4.46,120.62,315.58,84.9,100.2,3.04,1.016
2034-04-03,11.69,4.04,160.57,303.4,90.7,100.1,0.85,0.856
2034-04-04,16.02,7.96,134.06,328.97,87.8,100.3,1.43,0.892
2034-04-05,13.2,7.16,133.9,309.51,86.2,101.1,0,0.527
2034-04-06,10.75,5.12,145.33,287.77,70.1,101.7,0,1.673
2034-04-07,8.59,0.95,152.39,276.36,66.7,101.4,0,2.132
2034-04-08,9.84,4.38,147.85,300.32,70.2,100.7,0,2.814
2034-04-09,10.25,3.88,170.61,294.55,72.4,100.4,0,2.335
2034-04-10,10.15,5.8,158.33,293.7,72.1,99.6,0,4.287
2034-04-11,11.32,7.71,169.04,311.35,62.7,99.8,0,4.785
2034-04-12,11.95,4.65,187.19,289.41,80.6,99.6,0,0.643
2034-04-13,12.68,4.61,183.45,298.27,89.6,99.4,1.71,0.584
2034-04-14,12.93,2.44,225.31,268.62,83,99.4,0,1.232
2034-04-15,12.19,6.68,148.63,305.64,87,99,6.75,1.016
2034-04-16,12.6,4.52,123.25,297.56,87.3,99.1,2.66,1.383
2034-04-17,11.93,2.39,145.74,292.4,89.2,99.2,4.83,1.208
2034-04-18,10.7,3.67,99.57,291.51,84.4,99,12.41,2.044
2034-04-19,11.27,5.34,132.14,291.69,72.2,98.9,0.56,2.701
2034-04-20,13.95,6.88,139.66,322.56,88.5,99.1,1.89,1.349
2034-04-21,13.61,7.17,153.94,311.72,77.1,98.7,8.29,2.323
2034-04-22,12.29,6.76,192.72,297.9,77.5,99.7,4.04,2.212
2034-04-23,14.65,10.75,99.74,357.46,96.3,99.5,14.68,2.557
2034-04-24,12.16,9.29,60.27,332.35,93.2,99.2,26.41,3.419
2034-04-25,13.01,8.45,169.24,299.11,77.1,99.2,5.66,2.967
2034-04-26,12.35,6.78,159.1,290.92,79,99.7,0.53,1.825
2034-04-27,12.87,7.99,93.35,343.3,96.7,98.6,25.53,1.54
2034-04-28,12.71,7.14,155.69,319.33,79.2,98.9,4.58,2.276
2034-04-29,11.44,5.51,181.63,297.95,63.6,100.6,0,1.471
2034-04-30,13.49,3.03,229.14,271.14,73.5,101.7,0,0.15
2034-05-01,15.82,2.87,293.32,257.4,67.9,101.5,0,2.328
2034-05-02,20.72,7.56,269.49,302.26,70.4,100.4,0,4.266
2034-05-03,18.62,10.36,170.58,320.27,84,99.4,1.28,1.323
2034-05-04,15.09,9.92,216.95,316.11,81.7,99.4,0.71,1.829
2034-05-05,13.68,8.75,214.07,302.9,72.9,100.4,0,1.989
2034-05-06,12.55,8.04,148.18,307.63,78.3,99.8,6.79,1.164
2034-05-07,12.38,7.86,163.59,307.68,77.6,99.6,1.07,1.699
2034-05-08,12.36,6.85,149.92,307.69,87,99,3.85,1.939
2034-05-09,12.78,7.31,228.61,281.73,79.3,99,2.23,2.09
2034-05-10,14.6,4.06,259.9,276.78,79.6,99.7,0.4,0.812
2034-05-11,17.36,4.91,247.13,286.89,72.8,100.5,0,3.267
2034-05-12,15.02,5.25,292.68,270.43,60.9,100.6,0,6.156
2034-05-13,17.66,6.8,286.56,296.17,61.5,100.1,0,7.705
2034-05-14,19.72,9.34,258.88,314.55,77.4,99.7,0,3.034
2034-05-15,23.01,8.95,305.15,306.84,83.2,99.6,0,0.251
2034-05-16,22.79,13.08,170.04,354.26,88.1,99.2,47.99,2.665
2034-05-17,16.4,11.28,202.15,333.34,91.8,100.2,0.69,0.443
2034-05-18,24.35,11.88,303.94,320.28,76.5,101,0.74,1.495
2034-05-19,22.2,9.53,329.32,288.03,59.6,101.1,0,2.278
2034-05-20,22.81,9.27,328.13,292.94,67.7,100.4,0,1.359
2034-05-21,22.59,8.64,320.33,292.13,71.2,99.6,0,0.345
2034-05-22,22.36,11.83,223.91,341.87,82.2,98.8,3.45,1.594
2034-05-23,16.18,13.49,240.31,333.85,85.7,98.8,1.95,0.79
2034-05-24,16.95,12.95,255.31,325.98,81.5,98.9,12.55,1.827
2034-05-25,18.53,12.82,280.51,324.37,72.5,99.8,2,0.42
2034-05-26,21.43,15,275.86,344.08,73.5,99.9,45.6,2.058
2034-05-27,21.52,12.47,222.19,348.07,87.2,99.7,17.55,0.741
2034-05-28,21.71,11.71,157.29,347.47,82.9,99.2,7.81,0.597
2034-05-29,20.57,11.87,296.43,312.8,71.5,99.3,0,2.262
2034-05-30,21.39,10.52,317.96,300.33,71,100,0,0.733
2034-05-31,21.2,10.67,269.74,313.82,72.7,100,1.16,1.217
2034-06-01,21.02,10.82,222.57,327.3,74.4,100.1,2.31,1.389
2034-06-02,16.44,11.4,162.94,343.9,88.9,99.8,2.24,1.311
2034-06-03,20.16,13.05,250.3,334.14,86.6,99.7,1.48,0.256
2034-06-04,20.78,13.01,151.63,353.81,90.6,99.6,12.85,0.764
2034-06-05,19.97,15.31,160.23,371.14,92,99.6,3.36,0.887
2034-06-06,20.54,15.92,220.61,353.8,83.5,100.3,0,1.704
2034-06-07,21.94,13.82,230.87,351.6,83,100.9,0.37,0.426
2034-06-08,20.98,13.26,292.61,321.35,83.7,101.1,0.7,0.124
2034-06-09,22.37,13.27,279.71,331.21,81.2,100.8,1.98,0.665
2034-06-10,21.27,11.6,292.12,313.16,77.8,100.3,0,0.548
2034-06-11,20.91,14.05,254.68,343.2,76.5,100.5,0,4.063
2034-06-12,19.2,11.89,288.95,320.63,64,100.4,0,4.535
2034-06-13,17.39,9.89,226.57,325.6,67.2,100.1,0.14,2.577
2034-06-14,18.26,12.51,219.76,341.65,70,99.8,0,3.698
2034-06-15,16.6,11.21,147.74,349.43,90.5,99.9,6.06,2.355
2034-06-16,18.38,12.76,290.18,326.93,87.5,99.9,1.71,1.099
2034-06-17,18.4,12.08,294.03,305.92,72.9,100.3,0,2.223
2034-06-18,20.14,10.58,314.93,301.43,72.4,101.1,0,0.955
2034-06-19,19.09,11.39,329.31,303.09,78.4,100.9,0,1.481
2034-06-20,19.5,12.21,177.05,346.29,89.2,100.6,0.01,0.881
2034-06-21,21.14,13.38,222.21,349.14,83.9,100.4,0,0.41
2034-06-22,22.22,12.04,332.35,310.27,84.2,100.3,0,0.412
2034-06-23,21.91,11.48,306.53,318.04,80.3,100.4,0,1.148
2034-06-24,22.15,13.25,214.27,338.37,80.7,100.6,1.22,0.277
2034-06-25,23.06,15.28,232.56,348.97,78.4,100.4,0,1.17
2034-06-26,22.8,13.68,276.23,330.74,79.8,100.5,0.76,0.386
2034-06-27,23.83,13.58,312.92,320.95,77.3,100.8,0,0.601
2034-06-28,25.34,15,331.79,330.65,78.6,101.2,0,0.089
2034-06-29,26.75,15.82,303.24,346.56,72.5,101,0,0.824
2034-06-30,28.04,16.02,326.21,348.24,70.9,100.7,0,0.337
2034-07-01,28.14,17.08,328.59,345.32,71.7,100.6,0,0.378
2034-07-02,30.85,18.06,242.35,370.63,62,100.3,0.26,3.829
2034-07-03,25.73,17.38,340.41,327.55,76.1,100.4,0,1.242
2034-07-04,24.12,14.66,327.32,320.91,75.2,100.2,0,1.089
2034-07-05,21.29,12.42,233.5,344.51,87.2,99.8,2.68,1.611
2034-07-06,22.18,14.52,283.65,324.77,66.8,100.3,0,1.209
2034-07-07,22.81,11.91,336.34,299.7,60.2,101,0,0.364
2034-07-08,26.26,12.79,334.35,321.6,69,101,0,1.563
2034-07-09,24.68,14.65,310.01,326.84,69,101.1,0,0.462
2034-07-10,22.29,11.76,346.02,284.26,62.6,101.3,0,0.626
2034-07-11,22.9,11.73,340.15,294.12,60.9,101,0,0.504
2034-07-12,23.72,12.11,334.43,302.16,62.6,100.3,0,0.5
2034-07-13,21.2,14.06,256.81,327.5,68.9,99.6,0.63,2.567
2034-07-14,20.79,12.42,208.82,322.87,72.3,99.9,0.49,1.531
2034-07-15,20.61,9.8,232.38,308.33,71.8,100.1,0,0.906
2034-07-16,20.54,10.91,271.83,311.23,76.3,99.8,1.13,1.279
2034-07-17,19.07,11.45,231.22,316.15,78.8,99.5,5.6,1.606
2034-07-18,20.86,12.19,229.45,320.68,69.9,99.8,0.1,2.463
2034-07-19,19.69,11.64,231.93,322.08,83.5,100.3,1.8,1.452
2034-07-20,23.39,13.72,231.82,344.73,79.2,100.8,0,1.794
2034-07-21,25.75,15.54,250.55,353.7,79.7,101.1,0,1.563
2034-07-22,27.83,16.31,278.91,350.69,80.5,101.1,0,0.497
2034-07-23,28.56,16.89,268.01,354.32,77.8,100.7,0,0.298
2034-07-24,27.34,16.94,285.76,340.68,74.7,100.4,0,1.167
2034-07-25,25.11,14.32,318.31,306.42,61.6,100.5,0,0.364
2034-07-26,23.38,11.96,246.54,328.76,74.1,100.4,0.36,1.285
2034-07-27,24.26,17.07,191.51,373.75,82.4,100.3,0.49,2.442
2034-07-28,23.67,16.09,239.15,361.43,83.3,100.5,3.39,1.959
2034-07-29,24.24,16.44,251.09,338.96,64.5,100.8,0,0.541
2034-07-30,24.15,14.94,245.23,328.74,67.9,101.1,0,1.912
2034-07-31,24.84,13.94,263.02,322.19,67,101.1,0,1.813
2034-08-01,25.53,12.94,281.15,315.76,66.2,101,0,1.728
2034-08-02,27.16,12.55,304.22,313.14,62.5,100.6,0,1.889
2034-08-03,28.74,11.96,309.1,308.82,52.9,100.2,0,0.548
2034-08-04,30.03,13.43,300.16,331.97,58.5,99.8,0,0.825
2034-08-05,25.99,16.31,197.63,366.83,77.7,99.9,0,1.034
2034-08-06,27.06,13.18,300.23,320.85,70.2,99.7,0,1.104
2034-08-07,22,15.35,267.9,316.65,59.8,99.9,0,1.939
2034-08-08,20.74,12.45,230.13,311.33,60.4,99.7,0,2.192
2034-08-09,20.55,11.88,233.87,311.58,67.7,100,0.1,1.493
2034-08-10,19.71,9.96,182.2,311.43,61.9,100.6,0,0.503
2034-08-11,21.79,9.32,282.11,292.77,66.1,100.8,0,0.53
2034-08-12,23.88,11.11,230.53,330.12,79,101,0,0.816
2034-08-13,25.31,12.06,276.41,317.93,75.9,101.1,0,1.066
2034-08-14,25.99,16.75,231.76,356.19,76.5,101,0,1.811
2034-08-15,25.48,16.67,181.36,364.34,86.6,100.9,0,0.626
2034-08-16,26.48,17.28,256.29,346.35,77.4,100.6,0,1.335
2034-08-17,21.85,15.01,209.13,325.78,69.7,100.6,0,0.807
2034-08-18,22.1,11.64,205.77,316.53,71.6,100.8,0,0.425
2034-08-19,24.35,11.87,198.26,328.1,77.7,100.7,0,1.192
2034-08-20,24.55,15.28,231.85,333.32,81.7,100.4,0,1.456
2034-08-21,24.62,14.8,171.74,345.02,74.5,100.4,0.62,0.708
2034-08-22,27.13,13.71,262.27,321.66,51.5,100.3,0,2.265
2034-08-23,23.46,14.16,228.48,314.05,55.9,99.9,0,0.942
2034-08-24,22.92,9.46,224,309.01,66.6,99.8,0,1.142
2034-08-25,20.71,14.15,119.25,356.76,90.4,99.4,3.48,1.881
2034-08-26,24.03,16.58,195,355.81,79.1,99.3,0,2.339
2034-08-27,20.32,14.12,234.29,302.7,70,100,0,2.394
2034-08-28,20.9,10.06,216.01,301.85,68.2,100.6,0,1.052
2034-08-29,20.73,7.96,242.07,300.15,79,100.2,0.32,1.298
2034-08-30,21.51,13.59,205.23,319.33,74.1,99.6,2.41,2.89
2034-08-31,21.29,12.39,207.6,314.1,72.3,99.8,1.21,2.117
2034-09-01,21.08,11.18,209.95,307.79,70.4,100.1,0,1.379
2034-09-02,20.16,8.86,225.84,302.84,80.7,100.2,0,1.011
2034-09-03,22.65,14.11,228.31,317.93,79.5,99.7,0,1.029
2034-09-04,24.29,15.64,204.69,336.81,71.6,99.5,0.73,2.72
2034-09-05,21.57,14.88,134.48,351.84,81.5,100.2,0.72,1.27
2034-09-06,24.26,17.68,176.25,366.17,78.2,99.9,6.93,2.509
2034-09-07,20.51,13.95,209.38,318.14,70.4,99.9,2.75,2.598
2034-09-08,19.21,12.91,178.02,312.08,67.3,100.6,0,0.899
2034-09-09,19.06,11.01,174.52,303.63,70.7,100.8,0,0.475
2034-09-10,20.69,11,206.37,308.75,74.3,100.5,0,0.988
2034-09-11,22.52,13.72,109.1,353.87,84,100.4,3.36,1.473
2034-09-12,21.9,11.33,187.75,312.06,73,100.7,0,1.031
2034-09-13,21.66,12.91,168.14,338,86.2,100.7,0,1.492
2034-09-14,23.84,15.49,146.74,365.88,84.1,100.4,0,2.763
2034-09-15,20.33,13.03,194.8,323.19,71,100.9,0,0.727
2034-09-16,23.68,13.41,186.04,329.31,68.9,100.7,0,2.772
2034-09-17,25.95,14.96,146.1,344.25,68.6,100.5,0,1.707
2034-09-18,24.11,13.67,160.08,345.73,83.9,100.4,0,0.754
2034-09-19,24.21,15.92,156.13,346.8,80.8,100.8,0,1.357
2034-09-20,22.05,12.67,158.19,321.67,77.8,100.9,0,0.185
2034-09-21,22.08,11.39,158.78,321.52,76.8,100.7,0,2.283
2034-09-22,23.93,15,185.55,332.21,83.4,100.1,0,1.417
2034-09-23,22.98,14.89,162.2,344.7,88.8,100.5,0,0.761
2034-09-24,25.09,15.98,158.26,350.71,84.5,100.5,0,1.262
2034-09-25,23.43,15.77,140.71,349.6,84.2,100.6,0,1.054
2034-09-26,21,11.21,159.59,309.56,74.7,101,0,0.768
2034-09-27,22.33,13.28,167.62,327.59,75.6,100.8,0,4.516
2034-09-28,23.91,16.28,162.18,338.64,75.9,100.4,0,0.896
2034-09-29,18.38,10.44,163.47,289.94,59.5,101.4,0,0.715
2034-09-30,18.16,6.86,166.53,275.58,65.8,101.9,0,1.173
2034-10-01,18.04,7.87,128.38,301.64,61.8,101.5,0,2.652
2034-10-02,18.36,8.74,130.76,306.3,74.5,100.9,0,1.944
2034-10-03,21.51,9.37,153.44,309.21,82.5,100.3,0,1.351
2034-10-04,20.35,10.53,114.38,339.96,89.7,99.2,7.57,0.829
2034-10-05,15.61,9.51,91.38,309.17,80.9,98.1,0.31,0.398
2034-10-06,14.04,9.04,30.31,337.02,93.3,98.6,7.3,2.713
2034-10-07,16.95,9.59,104.69,322.93,72.3,98.7,0,3.027
2034-10-08,15.06,8.54,107.14,316.44,85,98.8,8.76,2.249
2034-10-09,16.56,10.15,123.88,304.35,73.1,100.4,0,1.93
2034-10-10,18.76,11.09,122.37,316.79,87,100.9,0,0.902
2034-10-11,19.73,10.35,95.53,340.22,88,101.2,0.59,1.167
2034-10-12,17,10.26,83.16,317.12,76.4,101.6,0,0.782
2034-10-13,16.16,8.44,128.69,298.1,70.3,101.8,0,2.051
2034-10-14,14.24,9.51,87.91,316.89,73.9,101.4,0,0.474
2034-10-15,16.76,8.85,62.98,334.21,84.4,100.7,0,1.486
2034-10-16,13.48,6.46,75.18,298.22,69,100.6,0.07,0.677
2034-10-17,11.51,4.82,124.18,262.37,58,101.5,0,0.829
2034-10-18,14.39,5.81,93.27,308,80.9,101.3,0.07,1.004
2034-10-19,14.59,10.78,65.78,343.46,89.5,100.9,1.39,1.244
2034-10-20,15.82,11.03,82.01,323.66,84.4,100.9,0,0.782
2034-10-21,16.15,9.65,75.05,329.7,87.3,100.9,0,0.416
2034-10-22,14.7,10.28,69.22,330.49,87.4,100,0.47,1.334
2034-10-23,11.14,6.36,81.75,294.2,73.6,98.9,1.68,1.934
2034-10-24,9.94,2.08,95.19,256.66,66.6,99.9,0,1.411
2034-10-25,11.8,2.08,28.38,315.37,85.3,99.2,4.06,2.297
2034-10-26,14.15,8.81,77.94,298.08,78.5,98.8,0,2.923
2034-10-27,15.33,10.45,70.62,320.24,72.9,99.1,7.06,2.72
2034-10-28,16.62,11.14,45.5,352.05,91.2,99.4,19,2.54
2034-10-29,17.57,13.52,58.68,348.12,87.6,99.3,4.6,1.687
2034-10-30,16.53,15.64,27.37,380.6,95.3,99,17.06,2.033
2034-10-31,16.47,13.11,29.1,360.99,95,99.1,16.54,1.563
2034-11-01,16.42,10.58,30.84,340.45,94.8,99.3,16.03,1.45
2034-11-02,14.07,8.44,79.86,291.09,85.4,100.2,0,1.598
2034-11-03,14.9,7.1,51.83,320.18,85,100.5,0,1.07
2034-11-04,15.29,11.66,30.06,351.06,90.1,99.6,6.94,4.81
2034-11-05,16.74,10.22,14.28,363.24,97.9,98.3,38.41,0.139
2034-11-06,11.78,7.1,69.19,295.16,75.3,100.1,0,0.625
2034-11-07,10.83,7.31,61.48,311.12,76.6,101.5,0,1.684
2034-11-08,10.72,7.76,44.68,327.13,88.5,101.4,0.89,2.61
2034-11-09,13.27,6.5,52.93,318.85,90.1,100.9,0,0.588
2034-11-10,12.54,9.4,31.47,345.76,94.9,100.9,0.82,0.694
2034-11-11,13.98,7.68,59.15,324.41,93.2,100.5,0.47,1.486
2034-11-12,12.63,8.95,57.9,315.49,73.7,100.3,0.01,2.663
2034-11-13,10.07,4.15,46.66,295.51,75.1,101.4,0,0.206
2034-11-14,9.55,4.53,41.16,305.19,75.7,101.4,0,2.618
2034-11-15,9.71,6.35,49.75,312.92,83,100.7,1.08,3.024
2034-11-16,8.75,4.69,30.97,313.36,96.4,100.1,12.1,3.319
2034-11-17,8.78,4.51,35.51,319.57,94.3,100.7,0.63,3.068
2034-11-18,12.69,8.33,21.66,348.4,98.2,100.6,4.2,3.747
2034-11-19,11.79,9.03,34.94,338.33,95.7,100,2.55,4.436
2034-11-20,12.01,9.12,25.11,350.28,97.6,100.1,4.56,4.379
2034-11-21,9.08,2.82,59.9,271.94,82.2,100.7,0,3.556
2034-11-22,7.46,2.14,33.25,298.01,83.1,100.5,0.6,0.852
2034-11-23,6.5,1.96,29.44,304.73,86.2,100.7,0.43,3.628
2034-11-24,8.59,5.09,31.04,317.4,84.9,101,0.04,3.763
2034-11-25,6.14,2.2,51.03,273.89,68.4,101.3,0,3.086
2034-11-26,8.6,1.43,54.07,281.39,86.5,101,0,0.466
2034-11-27,8.39,4.93,34.03,301.14,89.9,101.1,0,1.142
2034-11-28,8.31,1.53,56.4,274.57,88.6,101.4,0,1.194
2034-11-29,8.19,-0.96,51.56,266.97,90.7,101.1,0,0.949
2034-11-30,9.47,-1.17,36.35,290.47,92.8,100.7,1.38,1.077
2034-12-01,11.2,4.46,29.78,298.58,89.5,100.5,1.36,2.201
2034-12-02,12.38,5.18,30.89,323.28,90.9,100.4,0.71,2.694
2034-12-03,13.86,12.24,13.26,364.06,92.3,99.1,20.08,4.124
2034-12-04,13.35,4.03,40.68,293.11,81.2,99.7,1.23,1.816
2034-12-05,9.91,3.23,37.9,276.79,83.5,100.9,0.52,2.593
2034-12-06,9.53,0.63,42.32,267.38,88.1,101.5,0,0.966
2034-12-07,10.43,0.5,32.71,308.24,92.7,101.2,1.25,0.703
2034-12-08,10.1,6.53,39.98,303.61,92.6,99.9,2.15,2.199
2034-12-09,7.56,3.93,35.99,282.1,69.9,99.3,0.55,2.934
2034-12-10,5.71,3.2,35.61,283.94,77.8,100,0.61,1.383
2034-12-11,7.67,3.45,35.94,285.28,82.1,99.7,1.59,0.955
2034-12-12,8.99,2.01,26.75,302.61,90.5,100.4,0,1.018
2034-12-13,10.54,3.7,14.3,302.6,93.4,98.9,2.84,2.384
2034-12-14,6.1,2.7,36.78,265.66,87.4,98.3,0.52,2.373
2034-12-15,5.91,2.57,32.63,271.43,80.2,97.9,0,2.206
2034-12-16,6.17,0.36,39.58,262.22,79.6,99.9,0,1.244
2034-12-17,9.97,-2.06,11.68,302.29,94.7,99.6,7.46,0.72
2034-12-18,11.46,4.33,16.3,316.23,93.9,99.9,0.75,2.205
2034-12-19,12.83,11.18,16.76,358.3,95.8,100.1,2.53,2.526
2034-12-20,12.72,5.73,40.54,299.69,74.6,100.5,0.89,2.006
2034-12-21,7.96,4.14,26.49,294.64,75.8,101.3,0,1.768
2034-12-22,6.95,2.58,17.68,308.64,86.5,100.9,0.23,3.447
2034-12-23,3.97,1.35,26.95,290.75,87.4,100.7,0,3.683
2034-12-24,2.93,0.85,25.4,296.05,89.6,100.6,0.22,2.758
2034-12-25,3.09,-2.16,42.06,260.09,93.5,100.8,0,0.848
2034-12-26,9.4,-2.67,31.66,291.45,96.1,101.1,0,0.848
2034-12-27,11.62,2.74,19.73,303.29,96.8,100.6,18.3,1.536
2034-12-28,12.01,1.7,17.24,317.48,96.7,100.8,1.31,1.847
2034-12-29,10.83,3.83,31.88,283.91,87.1,100.8,0.21,2.322
2034-12-30,13.35,4.23,12.44,338.26,94.4,100.1,8.38,2.406
2034-12-31,12.99,6.39,18.61,334.97,84.3,99.7,6.82,3.487
2035-01-01,12.64,8.55,24.82,330.94,74.3,99.3,5.26,4.589
2035-01-02,10.36,6.76,19.8,309.62,80.4,99.5,5.61,3.262
2035-01-03,10.16,5.72,34,290.15,69.7,98.9,0.97,4.84
2035-01-04,11.5,6.42,17.53,316.52,86.6,98.2,27.48,3.345
2035-01-05,8.01,1.16,50.58,249.23,76.5,100,0,2.887
2035-01-06,9.92,-0.11,8.84,307.62,89.7,100.1,28.69,1.269
2035-01-07,7.81,0.65,11.43,293.98,98.7,98.8,5.3,0.742
2035-01-08,5.91,0.36,42.88,276.58,100,99.8,0,1.345
2035-01-09,6.82,0.08,44.82,279.47,97.7,101,0,0.222
2035-01-10,10.34,6.07,28.81,310.62,92.1,100.8,0,2.094
2035-01-11,11.14,9.2,32.58,323.18,91.3,100.9,0,3.037
2035-01-12,11.48,10.46,20.21,350.72,96.1,100.6,2.68,2.952
2035-01-13,11.15,10.25,22.73,346.61,96,100,3.42,2.851
2035-01-14,11.05,2.1,6.63,318.88,93.7,99.4,19.03,0.614
2035-01-15,5.82,-0.04,60.96,250.87,80,100.9,0,2.757
2035-01-16,9.74,4.95,15.22,332.81,94.1,100.9,15.26,1.388
2035-01-17,10.22,7.71,35.87,335.97,98.8,101.3,1.68,2.092
2035-01-18,10.88,7.25,15.98,339.63,97.6,100.4,32.75,1.548
2035-01-19,7.19,3.63,43.47,265.07,88.2,100.8,0,0.663
2035-01-20,6.25,1.36,65.42,251.5,80.8,102.4,0,2.066
2035-01-21,4.53,1.1,48.44,284.01,83.8,102.5,0.09,4.706
2035-01-22,4.27,0.28,47.34,281.03,89.9,102.2,0,2.969
2035-01-23,9.22,-0.61,44.7,287.82,95.5,101.9,0,0.264
2035-01-24,10.55,5.54,26.74,320.71,94.8,101,1.88,2.379
2035-01-25,11.56,10.15,19.81,350.31,95.6,100.2,3.5,2.615
2035-01-26,10.94,7.73,21.29,332.25,92.4,99.4,5.19,2.985
2035-01-27,8.41,5.31,43.53,296.3,84.6,98.9,2.56,2.829
2035-01-28,5.24,-1.74,71.81,247.97,67.7,102.2,0,0.743
2035-01-29,4.53,-4.08,73.2,243.14,84.6,102.9,0,0.237
2035-01-30,7.66,1.46,44.81,302.97,83.3,102.3,0,1.553
2035-01-31,8.3,4.45,40.32,307.68,86.2,101.6,0,2.238
2035-02-01,9.73,7.14,27.56,331.64,92.9,100.8,3.38,2.542
2035-02-02,9.94,8.22,39.51,332.14,89.8,99.7,2.44,2.987
2035-02-03,10.06,3.54,21.91,324.09,89.2,97.9,35.2,1.35
2035-02-04,8.19,0.76,80.25,264.84,85,97.8,3.35,1.304
2035-02-05,7.96,-1.86,77.15,260.27,84.8,98.4,0,0.54
2035-02-06,7.87,1.8,69.28,295.55,89.3,99.2,0.05,0.673
2035-02-07,8.65,5.8,45.88,317.32,93.6,99.1,3.87,1.264
2035-02-08,7.77,4.64,59.53,302.59,78.3,99.6,0,1.832
2035-02-09,12.56,4.6,28.13,338.61,95.3,98.6,10.53,2.2
2035-02-10,11.54,3.98,52.71,301.48,83.3,98.4,4.15,3.046
2035-02-11,7.99,3.09,86.99,266.48,74.1,99,5.61,2.701
2035-02-12,8.43,2.36,90.31,270.91,75.8,99.3,0,1.824
2035-02-13,10.05,5.04,29.26,321.63,88.1,96.8,27.69,2.329
2035-02-14,7.61,4.09,57.03,291.37,87.5,97.8,0,2.559
2035-02-15,9.83,2.04,50.09,314.9,97.6,98.4,4.53,1.258
2035-02-16,10.15,7.85,32.29,337.19,96.1,96.7,15.92,1.098
2035-02-17,8.37,4.97,76.6,299.8,87.4,99.9,0,0.402
2035-02-18,11.57,7.56,39.78,337.23,97.9,101,1.08,2.433
2035-02-19,12.71,9.08,51.34,349.05,100,101.6,0.14,0.64
2035-02-20,11.29,8.2,59.85,335.68,97.4,101.4,0.9,2.375
2035-02-21,12.81,8.25,107.27,293.15,90.3,100.3,0,2.374
2035-02-22,11.96,9.67,64.21,339.39,93.4,99.7,11.58,2.49
2035-02-23,13.6,10.22,80.55,342.61,93.9,100,1.8,2.887
2035-02-24,10.84,9.63,34.78,344.91,95.1,98.4,18.35,3.209
2035-02-25,9.66,4.33,73.42,291.2,83.4,97.6,1.33,2.838
2035-02-26,7.62,3.02,111.85,269.3,69.4,98.3,2.4,2.879
2035-02-27,7.16,1.06,130.45,256.1,73.7,98.3,2.35,1.971
2035-02-28,6.42,0.23,101.04,263.74,75.3,98.3,0,1.546
2035-03-01,5.04,-0.21,67.64,275.46,88.2,98.8,8.75,0.722
2035-03-02,7.38,1.06,97.37,280.34,77.7,98.3,0,1.476
2035-03-03,6.6,0.78,85.11,281.24,77.3,98.5,0.82,1.474
2035-03-04,7.72,0.11,96.49,276.43,76.9,98.9,0,1.442
2035-03-05,7.46,0.68,66.56,292.18,71.1,98.4,0,4.904
2035-03-06,8.25,1.91,118.78,274.28,67.4,98.9,0,3.333
2035-03-07,10.04,4.21,41.47,329.4,89.8,98.8,8.05,3.066
2035-03-08,12.67,10.05,60.49,353.21,98.8,97.7,30.47,2.018
2035-03-09,11.7,9.65,113,313.08,85.7,98,19.5,3.155
2035-03-10,10.63,7.94,122.41,299.69,78.4,98.8,9.05,3.14
2035-03-11,11.29,6.84,84.48,293.58,88.2,100.1,1.56,1.689
2035-03-12,12.45,7.92,128.17,294.91,76.5,99.9,0,4.346
2035-03-13,12.68,8.13,89.7,324.03,83.1,98.8,4.77,4.877
2035-03-14,11.04,6.8,63.49,327.4,94.4,99.4,5.65,1.192
2035-03-15,11.59,5.76,179.63,270.46,88,100.3,1.6,0.937
2035-03-16,12.05,7.34,130.38,294.78,90,101.2,0,0.742
2035-03-17,11.86,7.85,138.64,297.34,86.3,100.9,1.81,1.305
2035-03-18,11.64,7.85,47.88,335.21,93.4,100.8,8.73,1.225
2035-03-19,12.14,5.45,146.27,279.31,81.7,101.3,0,1.858
2035-03-20,11.23,8.31,115.37,309.14,84.7,100.9,0.66,2.002
2035-03-21,11.01,9.19,45.23,346.21,97.3,99.4,28.88,1.704
2035-03-22,10.23,6.65,117.77,311.86,80.8,97.8,10.42,2.815
2035-03-23,9.31,5.22,48.32,324.6,90.2,95.3,32.73,1.583
2035-03-24,8.69,5.69,85.79,307.6,73.3,96.9,2.14,4.094
2035-03-25,8.11,5.19,82.53,304.69,76,98,1.36,3.644
2035-03-26,10.13,5,126.12,306.29,78.3,99.3,1.45,1.317
2035-03-27,9.41,5.32,131.54,295.03,78.1,99,6.34,2.625
2035-03-28,9.6,4.41,128.22,290.47,70.4,99.2,0,2.202
2035-03-29,10,2.8,137.21,278.49,70.9,99.5,0,2.178
2035-03-30,8.28,2.36,134.07,273.01,61.2,99.8,0,0.645
2035-03-31,7.59,-0.6,191.93,246.5,64.3,100,0,1.226
2035-04-01,6.85,1.14,129.76,267.7,68.4,99.5,0.73,1.259
2035-04-02,7.29,1.53,114.37,285.51,64.9,99.6,0,1.333
2035-04-03,8.09,1.49,122.75,276.81,79.5,99.2,1.63,1.079
2035-04-04,7.84,-0.51,154.19,256.57,79.4,99.6,0.63,1.415
2035-04-05,8.81,-2.15,133.94,271.02,76.7,99.8,0.63,1.063
2035-04-06,7.55,1.24,123.16,292.75,83.9,99.3,4.99,1.509
2035-04-07,7.77,1.84,122.38,295.42,78.5,99.5,1.42,4.057
2035-04-08,5.64,1.53,94.5,301.66,89.9,99.7,3.77,0.921
2035-04-09,7.14,1.07,135.14,287.66,74.5,99.7,0,0.461
2035-04-10,7.6,0.06,109.91,277.68,77.1,99.5,0,0.371
2035-04-11,8.67,-1.37,143.12,270.38,79.9,99.1,0.01,0.305
2035-04-12,8.06,1.19,116.88,290.54,77.2,99,0,1.365
2035-04-13,7.25,1.34,150.15,282.09,66.8,99.4,0,1.837
2035-04-14,8.23,-0.59,212.57,242.91,63.1,100.1,0,1.337
2035-04-15,8.5,-3.57,202.51,255.53,70.4,100.1,1.08,0.504
2035-04-16,9.93,0.06,168.96,279.22,77,99.7,2.33,1.363
2035-04-17,8.91,4.84,138.34,283.71,76.7,99.1,1.92,3.463
2035-04-18,8.44,1.16,170.46,268.41,69.7,99.3,0.97,2.452
2035-04-19,9.51,-0.85,131.99,287.05,80.2,99.7,15.46,1.409
2035-04-20,10.47,2.13,186.25,286.28,71.3,99.2,2.29,1.373
2035-04-21,9.59,2.1,152.26,291.81,70.8,100,8.47,1.33
2035-04-22,11.3,2.97,145.52,295.92,82.6,98.2,9.54,2.749
2035-04-23,9.39,0.75,179.97,255.07,64,98.6,0,1.538
2035-04-24,10.82,-0.28,216.27,258.05,74.3,98.2,0,1.807
2035-04-25,10.88,3.66,160.15,294.5,73,98.6,0,1.818
2035-04-26,10.95,1.61,178.69,282.24,82.8,99.2,2.47,0.35
2035-04-27,11.44,1.55,178.87,280.33,85.5,99.9,2.69,0.238
2035-04-28,12.8,1.54,241.54,277.49,75.4,100.1,0,3.536
2035-04-29,13.3,8.48,120.53,328.34,71.2,99.9,0,4.223
2035-04-30,16.69,6.72,251.31,293.97,72.7,100.5,0,0.583
2035-05-01,16.21,6.31,239.76,297.59,75.8,101,0,1.015
2035-05-02,16.06,6.1,266.61,286.21,85.3,101.3,0,0.541
2035-05-03,15.83,7.82,183.84,314.13,85,101.5,0.76,0.93
2035-05-04,13.36,6.78,222.89,300.56,66,101.4,0,0.507
2035-05-05,14.29,7.15,230.02,290.14,66.8,101.2,0,1.735
2035-05-06,14.25,6.14,228.48,285.14,69.3,100,0,3.841
2035-05-07,19.04,9.6,208.83,330.07,85.6,98.7,2.24,1.948
2035-05-08,15.19,11.27,154.91,345.21,94,98.4,4.76,0.821
2035-05-09,14.39,9.18,203.48,328.27,86.1,98.2,7.78,3.115
2035-05-10,12.41,7.86,162.08,322.43,88.3,99.1,4.76,5.009
2035-05-11,16.61,6.28,191.22,312.04,78.8,100.2,1.86,1.353
2035-05-12,8.38,5.25,148.61,308.7,86.9,100.2,7.64,0.777
2035-05-13,11.6,5.82,136.63,327.98,91.5,100.1,7.07,0.802
2035-05-14,14.3,7.48,163.15,322.77,85.5,100.2,0.05,1.753
2035-05-15,13.26,5.89,206.46,293.46,78.5,100,0,0.372
2035-05-16,11.69,5.39,120.49,308.32,89.9,99.3,5.39,1.18
2035-05-17,11.02,5.81,185.99,297.78,72.9,99.6,0.65,0.78
2035-05-18,10.45,3.71,174.54,287.66,69.7,100.7,0.3,0.916
2035-05-19,12.37,4.42,164.19,307.02,81.3,100.5,1.31,1.826
2035-05-20,12.96,8.49,95.21,336.72,94.1,99.1,15.61,2.164
2035-05-21,14.3,9.42,153.32,335.47,82.9,98.6,2.48,3.908
2035-05-22,12.76,9.32,207.78,315.38,82.6,99.1,6.23,3.597
2035-05-23,13.14,8.07,149.18,318.39,86.8,99.6,16.46,1.722
2035-05-24,13.57,7.97,186.17,308.41,82,98.4,7.28,2.327
2035-05-25,15.65,8.16,224.08,312.75,81.8,99.6,4.85,1.515
2035-05-26,13.01,9.78,202.64,328.98,89,98.8,7.84,3.03
2035-05-27,13.93,9.2,214.42,312.6,85.6,98.9,8.01,3.097
2035-05-28,15.45,7.62,223.27,297.42,78.2,100,1.95,2.077
2035-05-29,14.51,6.62,218.76,294.87,74.3,101.1,0,1.826
2035-05-30,14.15,6.07,229.95,301.18,83.6,101.6,0,1.613
2035-05-31,15.18,7.63,221.45,315.49,87.6,101.4,1.4,1.667
2035-06-01,16.22,9.2,212.95,329.98,91.5,101.1,2.77,1.282
2035-06-02,16.54,7.83,255.93,305.66,86.1,101.2,0,0.436
2035-06-03,17.49,6.48,309.03,290.28,89.7,100.9,0,0.483
2035-06-04,19.5,10.3,189.55,335.12,88.8,100.4,0,0.462
2035-06-05,18.11,9.88,311.06,293.53,72.5,100.4,0,0.936
2035-06-06,17.34,8.3,298.13,296.95,78.6,99.7,0,0.478
2035-06-07,15.09,9.53,204.95,323.3,88.2,99,1.39,0.99
2035-06-08,15.58,9.46,201.36,322.52,90.9,99,4.56,1.494
2035-06-09,15.35,8.82,188.73,316.33,88,99.3,4.42,0.895
2035-06-10,14.39,9.93,218.01,313.54,85,99.1,1.55,1.468
2035-06-11,15.63,11.76,101.88,343.78,90.8,99.6,7.8,2.137
2035-06-12,17.3,11.49,295.15,313.53,82.6,100.1,0,0.685
2035-06-13,20.1,10.96,283.34,323.34,78,100.3,0,0.701
2035-06-14,19.22,9,240.09,312.58,80,100.9,0,0.661
2035-06-15,20.41,10.41,288.15,314.02,80.5,101.2,0,0.549
2035-06-16,20.41,11.71,271.2,333.53,77.3,100.8,0,1.78
2035-06-17,19.09,10.65,308.04,299.59,79.3,100.2,0,1.045
2035-06-18,15.17,8.89,146.15,322.66,83.9,99.1,3.56,1.8
2035-06-19,17.73,8.86,233.69,312.15,80.1,99.2,2.9,0.739
2035-06-20,15.27,8.24,244.47,303.03,66.4,100.2,0,1.134
2035-06-21,14.79,11.21,57.32,358.83,93.5,99.8,20.9,2.261
2035-06-22,16.34,11.17,218.3,325.68,80.8,99.8,0.01,2.407
2035-06-23,18.53,10.66,260.86,310.82,76.7,100.4,1.54,2.547
2035-06-24,17.88,9.14,269.62,298.6,75.8,100.8,0,1.135
2035-06-25,16.98,7.14,283.4,290.62,75.8,100.6,0.55,1.349
2035-06-26,17.34,9.09,263.58,299.45,74,100.4,0.41,2.187
2035-06-27,17.79,9.63,245.06,309,73.3,100.4,0,1.878
2035-06-28,17.79,10.75,221.87,330.67,83.3,99.8,6.08,1.586
2035-06-29,16.41,10.67,121.07,340.08,91.5,98.9,12.78,2.453
2035-06-30,18.35,11.15,209.87,339.79,80.7,98.8,0.99,1.726
2035-07-01,15.38,10.37,238.17,308.86,86.9,98.8,6.01,1.067
2035-07-02,18.73,10.2,267.38,311.43,77.4,99.7,0,1.809
2035-07-03,16.42,10.65,136.28,343.34,94,100.3,4.13,2.365
2035-07-04,20.2,11.81,311.29,313.02,84.1,100.4,0,1.645
2035-07-05,17.89,12.93,155.7,366.45,97.3,100.1,0.81,1.994
2035-07-06,18.86,11.61,166.08,345.77,90,100.1,1.75,1.474
2035-07-07,20.17,9.45,241.43,330.17,83.8,100.3,0,1.213
2035-07-08,19.23,12.39,293.85,313.85,77.5,100.2,3.89,2.153
2035-07-09,19.9,11.6,221.41,331.73,80,100.3,0,1.245
2035-07-10,21.35,14.35,187.84,358.94,84.4,100.2,4.23,1.711
2035-07-11,20.01,11.99,274.38,314.56,70.9,100.9,0,1.543
2035-07-12,21.33,10.59,277.12,314.91,74.2,100.9,0,0.155
2035-07-13,23.9,13.34,285.06,336.27,76.1,100.9,0,0.492
2035-07-14,24.08,13.51,291.38,346.67,78.9,101.1,0,1.315
2035-07-15,24.69,16.05,288.05,344.2,73.9,101.1,0,2.052
2035-07-16,24.61,12.73,339.34,302.46,60.7,100.8,0,1.018
2035-07-17,26.08,15.49,287.25,339.35,68.3,100.7,0,0.524
2035-07-18,25.65,16.29,297.19,336.26,72.5,100.7,0,0.431
2035-07-19,23.83,15.72,234.71,344.67,78.2,100.7,0,0.935
2035-07-20,21.39,14.98,183.41,358.6,88.5,100.6,2.48,0.341
2035-07-21,23.45,14.7,188.87,357.11,78.5,100.4,0,1.794
2035-07-22,25.34,15.67,270.41,340.84,73.3,100.3,0,0.519
2035-07-23,26.68,15.22,282.79,342,75.4,100.4,0,0.424
2035-07-24,22.82,15.33,236.59,336.82,80.7,100.3,0.33,1.859
2035-07-25,21.06,12.95,238.78,323.49,68.8,100.3,0,1.825
2035-07-26,21.52,14.56,278.52,315.46,67.1,100,0,3.152
2035-07-27,21.6,12.71,287.58,306.12,67.6,100.4,0,1.762
2035-07-28,21.07,11.64,264.58,316.79,82.3,100.3,1.9,0.975
2035-07-29,20.96,12.3,194.3,338.41,80.6,100,0.53,1.526
2035-07-30,21.69,11.65,234.78,320.29,74.6,100.3,0,0.249
2035-07-31,22.32,12.44,243.37,321.3,71.7,100.3,0.09,0.444
2035-08-01,22.95,13.23,252.03,321.29,68.8,100.3,0.81,0.574
2035-08-02,19.97,11.31,238.71,324.68,83.3,100,5.82,1.194
2035-08-03,21.26,14,242.38,332.79,80.3,99.4,2.86,1.65
2035-08-04,19.54,11.54,180.18,323.89,86.4,99.6,6.24,1.251
2035-08-05,21.4,13.86,216.74,335.27,79.4,99.9,0,1.772
2035-08-06,20.87,14.99,219.17,348.25,79.1,100,0,2.268
2035-08-07,22.19,14.82,268.37,324.82,73.5,100,0,2.014
2035-08-08,21.99,14.87,168.06,346.11,78,99.7,0.15,1.637
2035-08-09,21.16,12.64,232.94,321.68,71.4,99.5,0,0.851
2035-08-10,20.87,14.36,164.99,363.63,89.8,99.1,7.66,2.166
2035-08-11,19.41,15.16,153.6,347.51,85.8,99,1.37,2.51
2035-08-12,21.47,12.92,259.43,317.55,75,99.3,0.2,1.961
2035-08-13,21.53,13.57,250.14,321.33,72.1,100.4,0,2.092
2035-08-14,21.36,14.94,193.22,363.42,88.6,100.5,0.42,1.814
2035-08-15,22.44,14.97,192.22,357.64,87.4,100,2.55,1.131
2035-08-16,20.91,13.02,198.96,339.62,84.2,99.7,2.58,0.655
2035-08-17,20.93,14.95,220.54,344.22,84.7,99.7,3.22,1.977
2035-08-18,20.63,11.66,255.08,304.24,70,101.1,0,0.584
2035-08-19,21.25,9.18,272.38,292.22,75.5,101.2,0,0.373
2035-08-20,22.44,10.04,264.56,302.19,78.4,100.9,0,0.675
2035-08-21,22.53,10.25,250.31,305.21,80.2,100.6,0,0.419
2035-08-22,25.81,14.33,237.23,330.43,77.7,100.3,0,0.466
2035-08-23,26.27,13.59,247.48,328.13,74.7,100.1,0,0.345
2035-08-24,22.13,14.21,214.8,335.77,82,100,0,1.585
2035-08-25,20.99,12.83,196.48,316.52,74.1,100.1,0,1.662
2035-08-26,20.56,10.37,196.29,313.41,82,100.5,0,0.565
2035-08-27,20.32,9.65,188.76,313.77,80.5,100.6,0,0.771
2035-08-28,23.28,13.14,167.36,353.67,85.6,100.6,0,1.523
2035-08-29,22.81,14.64,189.52,351.32,87.6,100.8,0,0.6
2035-08-30,21.74,15.68,201.57,345.73,87.2,100.4,0.67,0.919
2035-08-31,21.29,14.26,209.84,336.26,86.3,100.2,1.99,0.861
2035-09-01,20.83,12.84,218.16,326.78,85.4,100,3.31,0.808
2035-09-02,21.68,11.36,178.51,336.91,91,100,17.39,1.674
2035-09-03,23.4,15.64,110.18,377.73,87.3,100.1,10.87,1.518
2035-09-04,23.96,16.19,156.96,354.54,85.6,100.3,0,0.375
2035-09-05,24.37,15.82,200.51,344.07,86.3,100.5,0,0.172
2035-09-06,23.04,14.85,186.51,337.85,82.6,100.7,0,0.681
2035-09-07,22.29,14.26,178.86,332.99,78.5,101.3,0,0.86
2035-09-08,23.45,13.22,202.36,326.89,78.7,101.3,0,1.606
2035-09-09,24.69,12.77,221.63,321.26,85.6,100.8,0,0.292
2035-09-10,27.36,13.72,221.57,332.56,73.7,100.5,0,1.625
2035-09-11,26.66,16.67,209.34,344.09,71.5,100.1,0,1.317
2035-09-12,22.6,13.48,181.91,327.76,70.6,100.5,0.19,1.338
2035-09-13,17.48,9.74,217.67,275.2,62.8,101.5,0,3.098
2035-09-14,18.99,9.13,212.09,282.53,67.9,101.3,0,1.319
2035-09-15,19.67,7.62,172.95,311.74,72.3,100.9,0,0.312
2035-09-16,20.01,12.47,173.48,328.86,78.3,100.7,0,0.606
2035-09-17,20.49,15.07,137.16,347.22,79.7,100,0,1.523
2035-09-18,19.93,16.22,72.26,371.08,89.9,99.5,11.24,2.222
2035-09-19,21.35,14.43,143.48,344.86,87.2,99.9,0.9,0.515
2035-09-20,22.19,11.98,183.81,316.97,83.9,100.6,0,0.23
2035-09-21,22.36,11.99,171.33,326.02,84,100.9,0,0.692
2035-09-22,22.38,15.25,169.72,333.5,78.2,100.4,0,3.413
2035-09-23,21.84,14.26,106.28,344.03,85.8,99.5,2.15,1.002
2035-09-24,19.58,12.74,140.58,309.26,68.1,100.4,0,2.526
2035-09-25,18.02,10.17,135.17,305.81,75.9,100.6,0,1.08
2035-09-26,18.23,8.04,171.77,291.1,75.4,100.8,0,0.289
2035-09-27,18.48,7.03,122.46,319.79,79.7,100.7,0,0.084
2035-09-28,19.27,9.72,163.16,305.88,75.9,100.5,0,0.165
2035-09-29,17.54,10.96,114.45,327.23,89.8,100.2,6.87,0.812
2035-09-30,17.67,9.41,150.62,304.27,77.3,100.8,0,0.473
2035-10-01,17.25,8.22,142.77,301.91,76.8,101.2,0,0.684
2035-10-02,18.01,7.78,125.9,315.68,79.9,100.9,0,1.416
2035-10-03,17.83,9.3,121.12,320.49,76.7,99.9,0.64,0.705
2035-10-04,15.88,8.4,118.26,295.25,73.4,99.8,0,2.344
2035-10-05,17.51,8.33,130.4,298.91,75.2,100.4,0,1.616
2035-10-06,18.17,7.15,132.64,304.4,74.8,100.2,0,2.418
2035-10-07,22.35,16.19,134.15,338.2,63.7,99.3,0,4.737
2035-10-08,22.78,18.1,135.84,338.43,69.4,99.4,0,4.821
2035-10-09,20.68,16.07,122.93,345.77,80.2,99.4,2.84,2.819
2035-10-10,17.29,12.8,37.51,357.5,92.8,98.8,27.73,0.515
2035-10-11,17.76,14.27,56.99,366.39,89.8,98.9,29.37,2.018
2035-10-12,17.08,14.08,116.35,319,73.9,99.3,0.83,2.688
2035-10-13,17.55,14.23,83.62,343.2,84.6,100.3,1.24,1.035
2035-10-14,19.37,15.7,86.98,360.95,91.4,100.3,0.94,1.522
2035-10-15,21.24,14.32,89.37,346.67,88.4,100.1,0,2.692
2035-10-16,19.81,14.05,87.22,347.63,89,99.7,0.46,1.177
2035-10-17,17.97,11.75,75.13,324.67,90.1,99.9,0,0.821
2035-10-18,15.33,9.93,71.37,327.69,94.4,100.1,4.85,1.055
2035-10-19,18.22,12.42,115.37,320.9,84.8,100.4,0,3.933
2035-10-20,14.75,9.85,67.7,328.13,86,100,0,2.823
2035-10-21,16.88,8.15,108.89,293.56,86.2,100,0,2.52
2035-10-22,17.57,10.92,105.13,315.81,84.1,100.2,0,3.493
2035-10-23,17.45,10.89,97.56,320.14,86.4,100,0,2.753
2035-10-24,16.05,9.94,77.64,327.06,89.5,100,0,2.38
2035-10-25,17.26,11.98,76.95,348.66,91.3,100.2,0,2.679
2035-10-26,16.34,14.16,32.55,365.6,97.1,99.9,2.91,0.539
2035-10-27,17.29,14.39,36.66,356.69,95.3,99,5.27,3.342
2035-10-28,17.49,11.12,36.7,349.3,92.4,98.7,5.45,0.891
2035-10-29,11.69,9.13,18.49,337.22,96.1,99.6,19.84,1.488
2035-10-30,12.07,9.32,32.39,337.94,90.3,100.2,11.01,2.296
2035-10-31,13.87,10.42,32.98,349.97,94.8,100.1,7.63,1.752
2035-11-01,15.68,11.52,33.57,360.93,99.4,100.1,4.26,1.47
2035-11-02,14.93,10.94,60.44,334.06,94,100.1,1.41,1.339
2035-11-03,14.93,6.81,81.59,289.33,87.6,100.9,0,1.206
2035-11-04,15.23,6.93,54.81,315.92,89,100.8,0,1.715
2035-11-05,16.28,13.42,23.24,357.46,93,99.6,6.28,1.424
2035-11-06,15.55,10.72,56.17,336.87,95.5,99.1,12.62,2.11
2035-11-07,13,9.68,25.16,346.59,95.8,99.1,1.6,3.338
2035-11-08,14.13,8.94,58.79,331.28,96.1,99.9,0,1.767
2035-11-09,14.57,13.04,35.05,356.31,90.8,99.4,5.27,2.423
2035-11-10,15.31,12.37,18.38,352.24,97.2,99,18.34,0.777
2035-11-11,15.44,11.95,24.14,348.64,90.1,99.6,5.01,1.405
2035-11-12,14.95,8.21,15.46,326.81,89.1,99.3,10.3,1.256
2035-11-13,14.2,6.33,56.58,300.63,82.5,99.8,0,1.179
2035-11-14,15.72,13.85,37.15,355.87,91.1,99.8,2.94,1.808
2035-11-15,14.77,10.26,37.94,326.35,94.3,100,14,1.104
2035-11-16,15.31,10.24,48.8,317.39,84.3,100.5,0,2.322
2035-11-17,14.76,8.97,23.86,335.66,93.5,100.9,9.13,0.834
2035-11-18,11.84,5.42,56.58,276.3,87.5,101.6,0,1.048
2035-11-19,13.34,9.04,56.43,325.68,91.2,101.4,4.38,1.815
2035-11-20,14.76,10,49.56,324.07,88.5,100.5,9,3.178
2035-11-21,14.6,7.39,36.2,308.55,79,100.3,5.17,3.09
2035-11-22,13.94,8.4,11.86,325.02,77.1,99.7,11.99,3.367
2035-11-23,10.81,5.85,40.88,285.81,70.2,99.4,0,3.667
2035-11-24,9.06,5.97,44.06,299.39,73.1,99.6,1.42,2.631
2035-11-25,13.85,9.17,30.03,341.71,85.9,99.1,2.89,4.801
2035-11-26,15.01,13.27,15.9,368.39,91.5,99,11.73,4.504
2035-11-27,14.67,7.28,37.17,316.03,81.1,98.9,4.05,4.47
2035-11-28,14.17,4.27,20.24,316.86,91.4,100.2,2.78,1.677
2035-11-29,12.5,7.87,25.95,323.27,72,100.1,0,2.474
2035-11-30,9.32,6.37,29.36,313.87,67,100.4,0,1.839
2035-12-01,12.11,4.55,15.85,317.17,93.5,100.4,5.43,1.367
2035-12-02,13.07,8.02,26.13,330.94,96.5,100.6,1.85,1.09
2035-12-03,13.97,12.85,21.05,362.02,95.6,100.2,5.89,3.134
2035-12-04,14,9.69,14.1,345.44,97.2,99.4,6.13,0.767
2035-12-05,9.7,6.83,9.65,328.61,98.1,97.9,17.91,0.582
2035-12-06,9.04,5.83,27.66,295.52,82.5,98.4,0,2.034
2035-12-07,9.08,6.45,19.71,302.99,91.3,97,3.74,2.456
2035-12-08,9.14,4.74,34.3,289.41,86.6,97.1,0.32,2.741
2035-12-09,7.01,3.48,42.93,281.8,82.8,97.6,0,1.175
2035-12-10,5.5,1.34,13.7,290.14,91.1,97.8,9.11,0.226
2035-12-11,6.78,1.68,35.19,280.84,94.9,98.5,0.34,0.648
2035-12-12,7.7,0.95,42.66,264.99,89.5,99.5,0,1.384
2035-12-13,3.57,-4.15,47.91,230.11,86.1,99.6,0,0.478
2035-12-14,5.69,-3.12,40.53,268.49,89.8,99.8,0,2.578
2035-12-15,8.77,5.37,27.89,310.35,87.5,99.8,1.19,1.357
2035-12-16,11.87,7.03,12.86,345.33,97.2,99.1,2.92,2.174
2035-12-17,14.53,11.2,9.4,362.07,95.8,98.3,32.81,2.354
2035-12-18,14.49,11.93,9.61,363.36,96.1,98.6,24.69,3.208
2035-12-19,13.57,11.04,27.83,334.53,89.3,98.4,34.09,3.735
2035-12-20,11.71,7.08,43.69,276.52,81.8,99.6,0,2.429
2035-12-21,13.25,7.07,16.4,314.47,87.9,99.5,3.29,3.123
2035-12-22,14.24,7.41,22.52,320.01,82.9,97.5,6.09,4.62
2035-12-23,8.57,4.01,28.87,281.43,69.7,98.7,0,2.893
2035-12-24,10.74,4.04,17.69,309.58,80.6,98,12.11,2.727
2035-12-25,7.58,4.54,35.6,273.27,77.8,97.6,0.82,2.867
2035-12-26,11.21,3.39,27.88,304.11,86.1,99.1,3.39,2.369
2035-12-27,12.04,7.25,19.99,325.85,90.4,99.4,3.16,3.625
2035-12-28,8.51,6.06,32.28,291.89,66.6,100.1,2.02,3.278
2035-12-29,12.97,5.27,23.76,327.92,83.6,98.5,19.97,4.404
2035-12-30,8.3,4.16,26.75,288.99,66,98.9,1.98,5.434
2035-12-31,8.2,4.42,36.89,286.07,70.1,99.6,1.68,4.075
2036-01-01,8.09,4.68,47.17,283.37,74.3,100.4,1.37,2.72
2036-01-02,10.81,5.57,33.63,305.35,80.6,100.7,0,2.21
2036-01-03,11.4,7.26,31.6,314.87,81.8,99.7,3.38,1.984
2036-01-04,11.65,7.1,24.19,323.41,91,99.6,8.98,2.461
2036-01-05,12.8,8.55,13.2,325.81,91.1,99.6,15.85,2.952
2036-01-06,11.11,5.59,51.19,269.72,86,100.8,0,1.328
2036-01-07,9.76,5.24,45.16,292.56,80.9,99.6,10.14,1.594
2036-01-08,7.52,4.17,42.06,264.9,83.8,100.6,0,1.815
2036-01-09,7.89,4.22,33.58,303.43,85,101.3,0,0.437
2036-01-10,7.25,2.21,41.57,294.91,90.3,101.2,0.27,0.107
2036-01-11,9.62,4.32,44.93,297.95,98.3,101.1,3.19,0.878
2036-01-12,10.32,4.9,31.95,313.21,99.2,101.5,0.49,0.287
2036-01-13,7.37,3.51,49.34,289.63,84.6,101.9,0.34,3.615
2036-01-14,6.09,1.03,39.12,268.2,76.6,102.6,0,3.21
2036-01-15,5.42,1.21,37.1,285.11,76.9,102.8,0,2.508
2036-01-16,3.2,0.48,29.97,295.96,85.2,102,0,1.663
2036-01-17,6.43,2.61,41.14,302.33,94.9,101.2,0,2.571
2036-01-18,5.77,2.69,32.97,294.5,91,100.6,0,3.459
2036-01-19,5.99,2.52,29.53,297.75,91.2,100.6,0,3.415
2036-01-20,6.38,2.69,48.53,285.87,92.3,100.6,0,3.846
2036-01-21,5.84,3.21,38.9,296.73,77.5,100.2,0,6.483
2036-01-22,4.65,0.15,58.52,259.93,71.9,99.6,0,6.889
2036-01-23,5.34,2.31,39.49,293.82,79.4,100.2,0.19,4.609
2036-01-24,3.98,-1.78,55.83,254.55,76.2,100.8,0,3.62
2036-01-25,3.37,-3.19,72.02,243.05,84.1,101,0,0.727
2036-01-26,5.52,0.34,58.04,271.18,86.3,101,0,1.516
2036-01-27,3.21,-4.47,77.76,214.25,75.3,101.7,0,2.036
2036-01-28,4.41,-4.25,54.08,258.28,89.5,101.5,0.03,0.527
2036-01-29,4.13,1.17,44.46,303.18,95,101.5,0.56,1.387
2036-01-30,3.85,-2.12,73.88,249.05,86.1,101.4,0,2.347
2036-01-31,4.37,-2.12,81.94,239.48,85.8,100.9,0,3.947
2036-02-01,4.17,2.04,45.11,292.79,87.3,100.1,0.13,5.511
2036-02-02,4.63,-1.13,83.25,237.66,79.7,99.7,0,5.487
2036-02-03,2.54,-2.91,79.2,261.23,81.7,99.5,0.41,5.797
2036-02-04,1.37,-0.59,13.51,303.29,90.7,98.2,13.35,5.391
2036-02-05,0.06,-1.29,24.33,299.94,99.1,98.4,1.64,2.088
2036-02-06,8.56,-0.73,41.75,322.1,100,99.3,3.13,3.171
2036-02-07,9.13,7.18,44.44,327.93,94.3,99,5.64,4.866
2036-02-08,13.02,7.99,63.77,317.89,84.7,98.9,0,3.775
2036-02-09,11.72,6.62,71.35,315.52,96,100.1,0,1.032
2036-02-10,7.82,2.78,68.91,293.13,88.2,100.4,0.4,4.264
2036-02-11,5.36,-1.14,108.01,222.94,68.8,100.6,0,4.347
2036-02-12,5.62,-1.36,108.16,240.85,78,100.3,0,2.411
2036-02-13,5.78,-0.62,51.95,288.58,92.2,99.7,0.19,1.075
2036-02-14,3.8,-0.01,70.24,271.76,72.2,100.4,0,2.951
2036-02-15,3.63,-3.13,71.78,269.42,78.5,100.9,0,1.055
2036-02-16,6.82,1.92,57.61,299.61,81.1,99.6,0,1.817
2036-02-17,2.96,-1.35,34.94,292.81,91.2,98.1,4.04,1.201
2036-02-18,3.82,-3.81,116.01,230.32,78.8,98.8,0,0.476
2036-02-19,4.66,-3.46,80.8,243.98,78.3,99,0,0.384
2036-02-20,3.77,-3.17,127.51,211.86,71.9,98.7,0,3.421
2036-02-21,4.25,-2.41,126.49,221,71.7,98.2,0,2.766
2036-02-22,5.52,-3.38,111.49,253.41,80.1,98.7,0,0.759
2036-02-23,8.32,-1.82,43.68,295.91,83.3,99.4,0.64,1.731
2036-02-24,9.51,4.9,77.31,299.59,85.2,99.6,0,2.031
2036-02-25,9.5,2.39,135.08,263.08,76.9,98.8,2.87,3.849
2036-02-26,10.34,6.46,98.92,290.61,86.7,98.8,2.76,1.411
2036-02-27,12.29,8.01,84.43,313.76,88.6,98,8.47,2.363
2036-02-28,10.55,7.32,77.91,292.22,91.7,98.6,9.6,1.321
2036-02-29,10.65,7.14,93.21,289.21,90.7,98.8,4.81,1.18
2036-03-01,10.74,6.95,108.57,286.42,89.7,99,0,1.693
2036-03-02,12.38,7.52,47.77,340.87,90.9,97.3,12.65,5.776
2036-03-03,10.96,7.8,107.16,321.83,92.9,98.2,8.85,3.111
2036-03-04,10.76,8.56,59.72,345.22,99.7,99.3,2.31,1.231
2036-03-05,10.64,9.62,21.43,351.26,99.7,99.2,30.43,1.931
2036-03-06,11.7,9.3,84.73,344.17,98.8,99.7,2.89,1.687
2036-03-07,11.03,9.14,42.57,346.85,97.5,99.5,16.37,1.984
2036-03-08,12.57,7.99,98.64,328.23,86.2,98.5,23.43,3.408
2036-03-09,10.79,7.4,44.46,319.01,88.2,99.2,7.78,2.318
2036-03-10,11.59,7.85,18.5,341.47,96.3,98.6,24.92,2.105
2036-03-11,12.85,5.95,133.65,280.76,85.1,100.4,0,1.631
2036-03-12,13.8,7.33,54.87,339.53,93,99.8,3.6,3.308
2036-03-13,14.79,6.33,124.89,296.53,77.7,99.4,0,2.129
2036-03-14,11.37,2.54,167.3,253.74,75.1,101.1,0,1.573
2036-03-15,11.26,8.17,84.41,306.57,87.5,100,7.31,1.287
2036-03-16,11.01,5.15,134.23,286.5,77.5,100.5,0.4,1.504
2036-03-17,11.39,5.61,163.04,288.12,63.5,100.8,0,3.127
2036-03-18,9.42,3.95,143.38,282.88,70.8,101.5,0,2.476
2036-03-19,8.82,4.36,102.46,290.31,71.9,101.5,0,2.33
2036-03-20,6.77,3.98,77.79,309.24,85.8,101.4,4.9,2.803
2036-03-21,8.41,3.94,87.46,308.18,94.3,101.3,2.78,1.727
2036-03-22,8.88,2.57,110.14,289.22,82.4,101.4,0,0.744
2036-03-23,8.29,2.52,112.96,294.38,77.5,101,0.35,0.758
2036-03-24,9.37,5.04,88.66,315.7,93.9,100.2,7.92,1.527
2036-03-25,8.6,4.46,14.5,327.14,96.6,98.6,59.17,0.815
2036-03-26,7.81,3.12,91.46,294.12,92.6,98.1,2.16,0.722
2036-03-27,9.81,2.49,114.89,298.22,85,98.4,0,1.257
2036-03-28,8.9,3.34,121.51,299.53,77.7,99,0.44,3.401
2036-03-29,6.98,1.65,141.44,284.39,69.3,100.4,0,1.078
2036-03-30,8.11,0.62,110.02,290.28,72.2,100.5,0,1.7
2036-03-31,9.79,6.11,116.12,311.41,80.9,99.1,17.93,1.247
2036-04-01,10.48,3.32,132.6,302.12,84.6,98.8,7.48,0.279
2036-04-02,12.18,3.98,130.4,301.41,82,98.9,4.73,1.888
2036-04-03,11.19,5.92,143.62,299.81,78.5,99.2,16.18,2.072
2036-04-04,11.38,8.52,182.29,309.96,79.6,98.3,15.88,3.144
2036-04-05,11.35,7.41,149.52,297.15,83.9,98.5,1.79,2.029
2036-04-06,12.48,7.65,158.78,300.38,88,98.8,4.02,2.247
2036-04-07,12.48,8.61,186.38,304.67,89.3,99.4,5.8,1.937
2036-04-08,13.7,6.64,185.27,299.78,84.1,99.5,1.21,0.67
2036-04-09,11.57,6.88,128.02,306.32,86.1,99.4,1.49,1.042
2036-04-10,11.72,5.76,180.83,297.58,74.4,100.5,0,0.682
2036-04-11,11.5,4.63,142.87,312.57,83.3,100.8,2.03,1.38
2036-04-12,13.56,6.44,194.21,298.64,83.5,100.2,1.72,0.833
2036-04-13,12.49,5.38,120.63,306.26,84.7,99.3,7.57,1.168
2036-04-14,10.84,3.78,167.02,284.83,68.4,99.7,0,0.956
2036-04-15,10.98,8.12,56.51,316.89,89.2,99.2,13.45,1.386
2036-04-16,11.91,7.7,94.07,325.46,88.1,99.5,22.18,1.751
2036-04-17,12.58,10.31,36.09,356.13,94.8,99.4,23.42,1.875
2036-04-18,12.8,9.76,178.61,320.6,92.4,99.9,2.83,2.431
2036-04-19,12.75,7.93,157.05,310.52,93.3,100.3,1.95,1.853
2036-04-20,13.06,6.08,189.85,280.91,83.9,100.7,1.85,1.718
2036-04-21,12.69,7.94,151.17,321.6,91,100,6.02,2.162
2036-04-22,11.62,8.1,109.17,325.17,92.6,99.1,19.89,2.61
2036-04-23,11.04,6.43,142.62,293.71,81.3,98.5,4.41,4.497
2036-04-24,11.81,7.33,136.41,309.56,79.6,99.1,5.17,3.04
2036-04-25,13.42,6.7,196.85,295.41,76.3,98.6,1.28,2.521
2036-04-26,12.61,6.96,141.21,311.83,84.5,98.9,3.98,1.453
2036-04-27,12,5.14,194.34,292.94,70.6,100.1,0,1.151
2036-04-28,11.5,4.2,131.03,311.35,80.5,100.3,0,0.984
2036-04-29,13.55,10.71,122.68,346.99,93.1,99.9,7.75,1.304
2036-04-30,13.82,10.33,172.41,341.12,94.1,100,5.47,1.464
2036-05-01,14.53,11.82,171.19,350.52,96.9,100,2.04,2.153
2036-05-02,15.16,7.88,272.78,283.9,80.7,100.5,0,1.11
2036-05-03,17.39,9.2,126.32,346.02,72.5,99.9,39.19,5.417
2036-05-04,14.98,11.84,108.07,345.51,93.7,98.8,15.76,0.633
2036-05-05,15.06,9.19,184.63,320.62,87.3,98.8,12.47,2.053
2036-05-06,11.86,8.56,100.27,319.23,90.7,99.2,10.3,2.017
2036-05-07,14.98,5.69,259.09,287.19,80.1,99.5,2.21,0.593
2036-05-08,17.02,9.3,183.48,328.47,82.1,99.7,1.11,0.406
2036-05-09,14.41,10.2,63.35,351.86,96.4,99.3,11.47,0.766
2036-05-10,14.07,8.24,217.92,313.89,87.2,99.1,11.86,1.957
2036-05-11,12.34,7.18,218.85,290.55,73.9,99.3,2.11,2.225
2036-05-12,11.68,6.59,173.5,289.75,78.9,99.5,0.54,1.434
2036-05-13,13.09,6.71,190.22,298.47,72.1,99.9,0,2.385
2036-05-14,13.55,8.68,153.31,325.36,86.5,100.3,0.53,1.47
2036-05-15,18.21,8.94,291.43,298.35,67.2,100.5,0,4.173
2036-05-16,17.53,11.07,208.5,313.04,82.6,100,1.55,1.813
2036-05-17,14.34,11.28,215.91,326.26,88.3,100.3,0.86,2.255
2036-05-18,16.96,10.35,206.15,326.29,80.8,100.5,0.35,1.336
2036-05-19,15.99,9.42,267.65,298.3,69.7,100.8,0,0.583
2036-05-20,18.34,7.25,291.25,290.32,74.3,101,0,0.502
2036-05-21,19.15,8.08,300.27,290.32,77.3,101,0,0.252
2036-05-22,21.12,10.65,267.39,316.92,75.6,100.5,0,0.824
2036-05-23,15.46,8.93,243.45,295.75,70.9,100.1,0,0.789
2036-05-24,13.15,8.29,169.58,311.74,60.7,100,0,0.656
2036-05-25,15.04,7.38,244.69,291.99,67.8,100.7,0.2,1.798
2036-05-26,13.65,7.47,223.99,303.06,62.7,101.4,0,2.566
2036-05-27,18.05,6.16,333.7,276.74,68.6,101.5,0,2.642
2036-05-28,20.85,8.21,333.32,291.12,70.8,101.3,0,2.894
2036-05-29,22.32,10.74,334.69,301.28,67.9,100.9,0,3.144
2036-05-30,23.14,11.2,324.67,307.17,67.2,100.9,0,2.974
2036-05-31,21.16,11.02,287.8,310.03,69.4,101,0,3.178
2036-06-01,19.18,10.84,251.77,311.99,71.7,101.1,0,3.382
2036-06-02,19.77,7.47,294.18,291.31,72,101.1,0,1.575
2036-06-03,18.79,11.54,258.5,321.43,82.9,101,0.07,0.111
2036-06-04,20.04,10.64,295.39,315.82,81.2,100.4,0,0.304
2036-06-05,21.78,11,289.54,316.07,75.8,99.3,0,0.267
2036-06-06,16.12,9.52,260.85,298.86,72.2,99.1,0,1.92
2036-06-07,16.21,7.88,218.47,301.07,68.3,100.2,0.46,1.307
2036-06-08,17.94,8.98,310.61,301.24,70.2,100.7,0,0.76
2036-06-09,24.05,8.43,343.04,298.59,63.1,100.6,0,2.914
2036-06-10,25.6,15.38,313.09,340.54,68.2,99.8,0,4.425
2036-06-11,23.63,13.28,307.06,325.55,75.8,100.2,0,0.364
2036-06-12,28.84,17.9,271.48,374.69,68.5,100.1,1.35,3.389
2036-06-13,30.55,16.39,262.29,368.95,74.7,100.2,0.45,0.739
2036-06-14,33.71,20.18,300.44,385.61,70.4,100,0.6,1.101
2036-06-15,27.95,17.92,317.41,354.41,70.7,100,0,2.293
2036-06-16,23.18,14.23,340.52,305.14,60.9,100.1,0,3.01
2036-06-17,24,11.97,308.65,321.22,64.6,99.9,0,1.491
2036-06-18,23.2,12.53,290.39,322.5,73,99.4,0.5,0.701
2036-06-19,21.74,11.86,304.02,317.01,79.4,99,0,0.605
2036-06-20,18.56,13.67,233.86,337.72,84.8,99.7,0,1.995
2036-06-21,20.91,14.56,291.33,330.54,81.2,100.3,0,0.812
2036-06-22,22.78,13.22,238.79,347.57,76.5,100.6,1.21,0.303
2036-06-23,23.48,15.89,244.93,363.84,85.5,100.3,8.92,0.477
2036-06-24,25.24,17.3,308.33,354.89,79.8,100,1.77,0.074
2036-06-25,21.65,12.6,293.07,311.06,68.5,100,0.64,2.046
2036-06-26,18.15,11.19,170.02,334.34,81.7,100,3.05,2.297
2036-06-27,19.06,11.68,238.17,317.09,69.8,99.8,0.01,3.16
2036-06-28,21.02,12.14,277.56,310.79,66.7,100.3,0,1.219
2036-06-29,20.46,11.66,288.37,302.69,69.4,100.6,0,0.568
2036-06-30,19.64,9.58,280.35,306.01,77.4,100.2,0,0.808
2036-07-01,20.27,12.81,228.28,334.46,74.5,99.7,0.04,2.007
2036-07-02,19.73,12.3,148.33,343.7,90.5,99.6,7.8,1.581
2036-07-03,21.32,12.46,245.21,343.04,80.6,99.2,0.88,2.558
2036-07-04,19.45,12.25,306.36,302.44,66.6,99.5,0,2.935
2036-07-05,19.44,12.03,240.23,317.73,68.5,100.1,0,1.826
2036-07-06,20.93,12.17,182.02,347.15,82.3,99.5,3.35,2.366
2036-07-07,19.08,13.1,188.77,348.76,83.2,99.4,2.17,2.659
2036-07-08,19.28,12.99,282.45,315.95,70.1,99.2,0,3.255
2036-07-09,17.84,12.28,182.16,326.66,74.4,99.5,0.85,2.268
2036-07-10,18.73,11.47,243.62,324.76,82.3,99.5,1.34,2.71
2036-07-11,17.44,13.55,126.68,354.86,89.2,99.2,7.61,1.318
2036-07-12,18.73,10.58,299.78,303.14,82.9,99.3,1.85,1.26
2036-07-13,20.21,12.18,234.26,315.29,75.2,100.2,0.49,1.826
2036-07-14,21.54,12.17,277.64,311,71.5,101,0,1.594
2036-07-15,21.73,10.57,266.46,307.17,75.8,101,0,0.723
2036-07-16,24.38,12.36,280.2,318.07,72.2,100.7,0,0.361
2036-07-17,23.58,13.55,307.74,312.01,65.4,100.8,0,0.904
2036-07-18,23.64,15.77,277.37,357.01,79,100.5,0,2.724
2036-07-19,23.53,16.58,232.77,357.53,76.1,100.4,0,1.886
2036-07-20,25.02,15.4,276.06,344.69,79.3,100.7,0,1.379
2036-07-21,25.78,14.4,311.84,325.26,76.9,100.4,0,1.078
2036-07-22,23.09,15.07,199.72,360.44,78.8,99.8,1,2.352
2036-07-23,19.54,12.6,244.11,321.33,75.4,99,3.33,3.149
2036-07-24,19.29,11.21,207.66,317.07,71,99.8,0,2.454
2036-07-25,19.7,10.52,278,293.34,62.7,100.2,0,1.672
2036-07-26,22.28,11.41,186.78,355.48,85.5,100.2,0.46,1.877
2036-07-27,23.01,14.04,262.46,341.77,73.2,100.1,0.53,2.851
2036-07-28,19.99,12.49,204.11,322.71,69,100.3,0,1.239
2036-07-29,20.65,12.56,211.59,318.65,65.7,100,0.69,0.714
2036-07-30,19.86,9.49,217.41,304.44,71.8,99.7,0.95,1.273
2036-07-31,20.17,9.82,229.28,303.28,68.3,99.8,0.55,1.446
2036-08-01,20.48,10.16,241.19,301.55,64.9,99.9,0,1.619
2036-08-02,19.8,8.63,277.73,297.57,74.1,100.4,0,1.07
2036-08-03,20.76,14.81,194.68,351.17,86.3,99.8,8.44,1.201
2036-08-04,22.42,14.72,217.69,345.47,73.8,99.7,0.17,2.115
2036-08-05,20.7,14.59,178.18,351.98,85.6,99.4,3.49,2.153
2036-08-06,20.51,13.51,240.29,319.42,78.9,100,0,1.787
2036-08-07,21.45,14.96,281.58,331.54,85.4,100.2,0,1.744
2036-08-08,20.61,13.53,231.03,334.34,75,100.2,2.35,2.091
2036-08-09,20.14,12.01,233.65,315.29,75.9,100.7,0.73,1.78
2036-08-10,21.36,15.27,161.75,363.04,81.4,100.1,1.18,1.432
2036-08-11,22.6,13.73,245.02,322.63,60,100.4,0.63,0.779
2036-08-12,22.61,11.16,274.49,298.33,60.7,101.1,0,1.18
2036-08-13,23.59,11.5,263.24,306.91,56.8,101.1,0,2.698
2036-08-14,25.56,13.86,255.55,326.2,60.4,100.7,0,3.088
2036-08-15,24.32,13.69,260.49,314.57,64,100.3,0,1.534
2036-08-16,22.68,14.15,146.92,343.99,77.2,99.8,0.97,1.086
2036-08-17,22.34,14.51,212.79,333.56,72.8,99.8,0.81,1.453
2036-08-18,21.77,13.54,251.3,313.46,73.6,100.4,0,1.829
2036-08-19,22.86,13.32,151.97,357.93,83.9,100.6,0.25,1.91
2036-08-20,20.48,13.63,116.54,349.05,93.4,100.4,5.43,1.693
2036-08-21,21.4,11.19,182.65,324.27,78.7,100.7,0,1.037
2036-08-22,23.39,13.69,223.53,326.18,80,100.9,0,1.588
2036-08-23,24.56,11.58,262.15,303.52,73.9,101.1,0,0.717
2036-08-24,25.71,13.4,261.26,314.02,73.4,100.9,0,0.079
2036-08-25,27.36,14.84,248.44,332.61,70.2,100.5,0,0.204
2036-08-26,25.82,14.61,252.02,323.71,71.6,100.1,0,0.31
2036-08-27,26.25,12.42,226.61,323.33,71.7,99.8,0,0.044
2036-08-28,26.17,15.51,205.19,337.62,68.4,99.6,0,3.27
2036-08-29,20.41,13.19,105.79,338.62,66,100.1,0,2.843
2036-08-30,20.48,11.21,168.41,327.3,67.9,100.8,0,0.924
2036-08-31,20.18,11.08,158.94,332.06,71.2,100.8,3.77,1.66
2036-09-01,19.88,10.96,149.48,336.94,74.4,100.9,7.47,2.462
2036-09-02,22.96,15.22,168.46,356.4,82.7,100,1.45,1.172
2036-09-03,21.5,15.3,144.44,354.56,87.7,99.3,3.81,1.724
2036-09-04,19.02,12.55,173.1,324.13,60.5,99.9,0,0.708
2036-09-05,16.68,9.92,153.79,312.03,62,100.5,0,0.815
2036-09-06,18.29,11.23,109.76,348.72,82,100.2,1.01,2.029
2036-09-07,21.81,13.5,175.66,335.79,80.9,99.9,0,1.334
2036-09-08,20.71,14.5,146.18,353.23,88.9,99.6,0.61,1.302
2036-09-09,19.37,14.88,187.08,327.94,75.6,99.2,12.24,3.246
2036-09-10,19.55,14.03,139.32,336.59,78.6,99.7,1.65,2.871
2036-09-11,17.4,12.35,70.87,350.93,89.4,98.1,20.72,1.583
2036-09-12,16.1,11.64,125.77,337.38,78.2,99.1,9.08,1.126
2036-09-13,16.62,9.24,128.2,313.97,72.3,100.3,0,1.508
2036-09-14,16.63,12.38,39.51,345.87,88.8,99.1,21.65,2.182
2036-09-15,15.72,9.51,160.51,305.41,83.3,98.9,5.69,2.147
2036-09-16,16.65,8.8,155.28,310.68,71.7,99.5,0.72,1.674
2036-09-17,17.29,11.23,139.22,334.03,87.6,99.6,6.98,0.325
2036-09-18,17.85,7.98,198.13,285.18,79.3,101.1,0,0.431
2036-09-19,18.6,12.95,175.08,316.83,83.5,100.9,0,1.854
2036-09-20,18.71,11.85,75.14,350.99,89.4,100,1.15,2.258
2036-09-21,17.54,9.49,152.94,302.97,78.1,100.6,0,1.291
2036-09-22,17,7.33,144.85,306.82,76.3,100.7,0,1.256
2036-09-23,17.22,11.7,76.52,333.29,73.7,100,0,3.527
2036-09-24,19.36,11.41,111.59,340.18,81.9,99.5,2.34,2.978
2036-09-25,18.23,14.36,98.63,368.79,96.8,98.8,14.43,1.382
2036-09-26,18.47,13.34,116.28,342.68,91.4,99.3,2.65,1.953
2036-09-27,16.5,11.7,86.48,341.84,89.8,98.7,26.6,2.269
2036-09-28,14.55,11.18,111.8,326.09,85,97.7,2.94,3.192
2036-09-29,17.27,11.98,121.29,344.04,86.5,97.8,1.41,0.735
2036-09-30,17.22,13.31,84.85,360.16,88.8,97.7,3.53,1.249
2036-10-01,17.31,11.86,115.28,327.16,82.5,98.8,0.51,0.937
2036-10-02,16.54,11.1,93.78,332.29,88.2,99.8,0,0.531
2036-10-03,17.71,10.31,154.56,316.14,82.9,100.7,0,1.125
2036-10-04,15.64,11.13,95.6,340.88,85.6,100.8,1.91,1.522
2036-10-05,17.07,14.2,90.95,345.13,92.9,100.5,4.97,4.018
2036-10-06,19.41,12.38,109.21,338.77,92.9,100.7,0.47,2.767
2036-10-07,19.22,10.8,132.95,322.04,92.1,100.9,0,0.572
2036-10-08,18.11,9.5,127.53,318.56,89.7,100.7,0,1.72
2036-10-09,17.79,13.44,105.15,345.13,86.8,100.7,0,2.473
2036-10-10,17.55,10.86,107.56,318.21,84.3,100.9,0,3.048
2036-10-11,16.01,9.66,101.51,311.21,78.4,100.6,0,3.478
2036-10-12,14.33,7.66,98.65,305.46,76.6,99.8,0,2.078
2036-10-13,13.86,7.02,95.99,306.36,85.8,99.1,0.88,0.26
2036-10-14,12.49,8.31,15.68,335.92,96.9,97.7,27.26,0.508
2036-10-15,9.53,5.83,59.26,311.6,82.2,98,4.36,2.91
2036-10-16,9.54,3.83,106.16,272.19,78.2,99,0,1.458
2036-10-17,11.69,6.35,18.18,319.5,82.2,98.5,11.05,2.443
2036-10-18,11.81,5.08,104.62,285.4,75.4,98.8,0,1.94
2036-10-19,10.27,4.09,39.89,301.56,87.3,99.2,0.61,0.218
2036-10-20,8.96,2.98,37.64,309.82,94.6,99.2,2.6,1.766
2036-10-21,10.59,4.15,77.23,294.84,92.1,99.4,0,0.4
2036-10-22,8.13,4.25,12.29,320.86,98,99.2,18.92,2.205
2036-10-23,11.02,7.06,62.65,324.94,95.3,99.6,11.56,2.447
2036-10-24,11.11,6.24,36.19,303.8,90.6,98.4,8.79,1.828
2036-10-25,10.96,5.54,91.97,286.81,87.2,98,0.69,1.074
2036-10-26,11.09,6.22,29.72,305.65,89.7,97.7,1.57,2.572
2036-10-27,10.9,6.16,71.54,287.36,84.7,98,1,2.375
2036-10-28,12.51,5.28,90.61,283.34,89.4,99.8,0,0.642
2036-10-29,13.07,4.22,96.84,290.27,88.6,100.4,0,0.716
2036-10-30,13.52,5.01,75.88,299.18,87,100.4,0,2.179
2036-10-31,13.68,7.35,62.66,321.32,92.2,100,0,1.7
2036-11-01,13.83,9.7,49.56,343.42,97.4,99.7,0.1,1.223
2036-11-02,13.3,10.54,47.23,345.4,98.4,99.2,2.94,1.459
2036-11-03,12.07,7.81,53.73,325.6,95,99.5,0.4,0.442
2036-11-04,14.83,6.74,17.54,339.11,95.5,99.2,19.46,1.839
2036-11-05,14.79,10.99,64.71,320.89,85.7,98.5,1.58,3.489
2036-11-06,12.34,9.42,75.99,284.76,71.5,99.1,0,4.437
2036-11-07,10.62,8.05,30.93,318.69,80.2,99.9,4.47,1.703
2036-11-08,11,7.97,49.32,312.13,82.3,99.4,0,2.31
2036-11-09,8.99,6.78,18.55,323.27,80.7,99.4,0,0.288
2036-11-10,7.23,2.4,47.91,277.6,74.8,99.2,0,1.777
2036-11-11,7.61,3.67,49.18,296.59,78.4,99.9,0,0.801
2036-11-12,9.14,3.09,79,268.83,85.4,100.7,0,1.706
2036-11-13,7.8,3.1,52.71,287.11,80.7,100.4,0.41,3.268
2036-11-14,7.81,1.87,42.93,285.92,69.5,100.2,0,3.439
2036-11-15,7.4,1.15,65.94,256.45,79.2,100.4,0,3.389
2036-11-16,11.76,3.5,70.65,283.83,92.6,99.4,0,2.065
2036-11-17,13.63,8.87,15.59,348.2,94.5,97.8,23.09,2.056
2036-11-18,10.81,7.57,62.53,296.98,88.9,98,1.04,1.021
2036-11-19,9.92,7.56,19.34,325.94,94.7,98.1,4.06,1.309
2036-11-20,11.63,5.75,52.28,308.43,95.8,99.6,0,0.581
2036-11-21,12.64,7.31,60.22,296.92,81.5,99.5,24.75,2.284
2036-11-22,12.06,7.03,43.19,287.43,84.8,100.8,0,1.593
2036-11-23,10.9,5.89,20.94,303.75,86.2,99.7,7.32,1.535
2036-11-24,11.43,5.17,37.33,301.14,84.9,99.8,9.94,2.073
2036-11-25,11.13,6.13,53.97,279.05,83.5,99.5,7.15,2.555
2036-11-26,13.45,6.51,16.16,328.34,90.6,99.4,12.53,3.125
2036-11-27,10.58,6.11,46.28,285.32,90.6,99.9,0.01,2.124
2036-11-28,9.24,4.32,34.79,295.18,92.1,100.6,0,0.241
2036-11-29,8.82,1.56,56.88,256.68,94.4,101.1,0,2.11
2036-11-30,8.07,0.95,34.01,289.23,98.1,100.7,0.78,2.18
2036-12-01,9.48,1.64,34.98,314.8,95.5,100.6,0.1,0.578
2036-12-02,12.17,9.13,15.53,352.2,99.5,100.4,3.89,1.325
2036-12-03,9.72,3.19,45.17,284.13,91.1,100.6,0,0.318
2036-12-04,11.76,3.59,36.95,302,92.2,100.5,6.99,1.877
2036-12-05,10.54,1.91,51.47,270.99,93,101.4,0,0.479
2036-12-06,7.26,4.68,38.95,295.21,86.9,100.8,0,2.907
2036-12-07,7.2,5,18.7,319.98,91.3,100.8,0.61,2.448
2036-12-08,10.43,5.53,20.1,331.83,93.9,101.1,1.48,1.334
2036-12-09,10.89,6.08,5.88,332.7,98.1,101,22.27,1.08
2036-12-10,7.96,1.89,47.18,262.22,93.5,101.4,0,0.942
2036-12-11,10.06,4.25,18.62,317.59,96.2,101.3,2.9,1.294
2036-12-12,7.73,0.84,41.31,260.14,95.4,101.3,0,0.726
2036-12-13,10.45,2.28,12.91,314.19,89.8,100.6,3.97,2.344
2036-12-14,7.56,5.53,32.42,286.41,71.3,100.2,0,3.44
2036-12-15,10.19,5.24,29.2,310.09,84.6,100,6.07,3.174
2036-12-16,10.55,8.36,36.23,305.49,81.7,98.6,4.31,3.67
2036-12-17,12.24,7.49,4.34,328.73,90,97.4,25.11,2.767
2036-12-18,9.77,6.25,38.05,277.63,74.3,97.7,0,2.642
2036-12-19,7.87,2.87,44.64,259.26,77.7,98.2,0,2.201
2036-12-20,6.48,-0.92,47.76,237.18,76.8,100,0,1.384
2036-12-21,5.96,-3.49,44.27,246.93,88.4,100.8,0,0.884
2036-12-22,3.71,-4.73,40.2,244.35,85.9,101.2,0,2.384
2036-12-23,5.15,2.11,14.08,309.63,78.1,100.7,1.76,4.673
2036-12-24,5.84,2.52,25.68,295.85,77.4,101.6,0,4.313
2036-12-25,6.34,2.46,24.5,281.48,70,102.2,0,4.369
2036-12-26,4.19,0.4,29.24,279.04,80.4,102.6,0.4,4.258
2036-12-27,2.65,-0.9,28.94,282.54,90.1,102.3,0,1.923
2036-12-28,2.25,-0.78,21.68,288.43,98.2,101.9,0,0.922
2036-12-29,4.1,-0.01,20.73,303.36,96,102,0.47,0.335
2036-12-30,0.14,-2.5,29.27,279.9,99,102.5,0.26,0.262
2036-12-31,3.48,-2.06,27.72,290.31,98.9,102.4,0.07,0.73
2037-01-01,6.81,-1.62,26.17,308.94,98.9,102.4,0,1.458
2037-01-02,9.77,6.06,26.29,328.43,96.6,101.9,0,1.806
2037-01-03,8.54,5.43,33.22,302.52,95.8,101.6,0.12,1.726
2037-01-04,10.52,3.96,31.21,309.1,97.4,101.4,0,1.435
2037-01-05,8.61,2.48,14.96,311.36,100,101.3,0.85,0.107
2037-01-06,8.63,2.07,19.97,307.22,98.1,100.8,1.94,0.63
2037-01-07,6.44,1.51,27.33,287.16,91.5,99.9,0,0.653
2037-01-08,7.21,3.08,49.31,291.65,90.5,99.8,1.03,0.834
2037-01-09,9.83,5.6,5.03,336.39,96.2,98.6,44.39,2.094
2037-01-10,10.14,6.52,47.76,301.82,88.4,97.8,3.01,1.92
2037-01-11,11.32,7.29,33.05,316.4,85.3,98.4,16.04,3.225
2037-01-12,12.28,7.91,22.09,324.11,92.5,97.5,5.25,3.066
2037-01-13,9.93,6.26,44.75,272.53,77.9,97.3,0,2.523
2037-01-14,8.44,5.15,19.75,292.4,85.8,97.4,0.92,1.616
2037-01-15,8.31,2.31,34.48,303.95,96.9,97.3,9.4,0.933
2037-01-16,8.93,5.73,14.59,337.06,100,98,13.67,0.281
2037-01-17,6.84,2.45,42.69,284.16,93.4,99.2,0,1.132
2037-01-18,8.24,2.37,21.47,302.8,92.4,99.1,8.43,0.899
2037-01-19,7.53,4.07,47.1,266.31,73.1,98.6,0,3.048
2037-01-20,5.79,2.75,36.05,291.02,85.1,99.4,0,0.874
2037-01-21,6,1.06,47.54,285.21,87.3,100.1,0,2.851
2037-01-22,4.84,0.77,16.93,296.5,89.7,99.6,6.25,0.459
2037-01-23,4.51,-1.3,47.87,270.06,94.1,99.6,0,0.238
2037-01-24,7.6,0.42,13.24,304.73,90,99.4,15.37,0.876
2037-01-25,11.5,3,18.88,315.24,92.3,98.5,8.98,2.714
2037-01-26,9.07,3.46,57.12,277.31,71.9,99.2,0,4.69
2037-01-27,5.9,2.22,41.07,281.85,84.6,100.4,4.76,1.31
2037-01-28,7.81,1.72,34.17,301.91,94.5,100.9,2.15,1.445
2037-01-29,11.33,6.52,25.93,329.2,96.7,100.1,5.92,1.867
2037-01-30,9.77,4.75,37.93,318.39,87.1,100.6,1.82,0.644
2037-01-31,11.33,3.68,40.7,316.35,87.9,100.1,7.02,1.376
2037-02-01,8.84,2.36,70.57,277.5,82.5,101.6,0,1.435
2037-02-02,10.26,5.85,52.08,303.03,88.5,101.6,0,2.61
2037-02-03,9.43,6.21,60.18,318.62,93.3,101.8,0.74,2.055
2037-02-04,8.21,5.8,36.59,325.65,96.6,101.5,1.1,1.386
2037-02-05,9.16,6.13,36.45,328.57,98.1,101.4,2.24,0.951
2037-02-06,10.45,6.56,47.6,331.16,94.8,100.9,1.16,2.201
2037-02-07,10.37,0.76,72.21,267.58,87,101.6,0.59,0.911
2037-02-08,8.42,0.17,63.25,279.03,85.4,101.6,0,1.55
2037-02-09,9.8,6.85,37.6,333.88,97.6,101.1,1.59,1.591
2037-02-10,10.39,8.45,54.75,331.27,95.7,100.9,0.91,1.472
2037-02-11,11.09,8.4,35.46,340.76,96.9,100.8,1.99,1.555
2037-02-12,10.33,8.42,71.47,307.45,91.2,100.6,0.56,2.078
2037-02-13,11.01,8.52,46.72,332.78,96.2,100.4,9.28,1.561
2037-02-14,10.54,2.31,74.4,287.83,92.1,100.3,11.58,0.926
2037-02-15,11.4,8.01,74.86,301.78,79.4,100.5,0.98,1.994
2037-02-16,12.11,7.48,16.44,334.25,92.8,99.9,14.53,2.473
2037-02-17,10.49,5.42,110,264.34,75.6,100.8,0.07,2.269
2037-02-18,9.47,5.22,71.7,291.39,84.9,99.9,14.33,1.435
2037-02-19,7.16,4.42,86.71,277.66,77.2,98.8,6.77,3.03
2037-02-20,10.27,3.71,48.68,302.82,86.8,99.3,13.81,2.868
2037-02-21,10.72,6.48,43.11,324.24,93.8,97.4,37.2,3.251
2037-02-22,9.53,5.57,97.06,279.69,77.1,98.6,0,3.474
2037-02-23,11.21,5.6,41.19,330.94,96.9,99.5,5.18,2.416
2037-02-24,10.68,3.45,45.62,301.82,85,99.2,8.22,2.458
2037-02-25,9.82,3.47,90.61,288.35,77.5,100,11.38,3.084
2037-02-26,10.58,6.15,89.74,307.35,70.2,99.6,6.35,4.421
2037-02-27,10.41,4.72,103.5,292.4,71,101.8,0,1.483
2037-02-28,9.36,2.02,110.12,272.06,77.6,102.6,0,1.493
2037-03-01,7.85,1.64,95.11,278.4,82.7,102.7,0,1.252
2037-03-02,10.33,1,80.22,288.27,89.7,102.7,0,0.831
2037-03-03,10.84,5.56,113.08,286.46,88.6,102.2,0,0.715
2037-03-04,10.09,5.15,88.45,317.07,92.1,102,0,0.397
2037-03-05,9.23,5.59,92.47,312.92,80.9,101.9,0.12,1.121
2037-03-06,9.64,4.46,79.3,304.84,84.4,101.3,1.22,1.643
2037-03-07,9.37,4.01,89.86,280.73,70.9,101.3,0,2.423
2037-03-08,10.52,2.42,149.78,269.87,77.4,101.8,0,0.529
2037-03-09,11.05,0.41,139.53,282.75,86.7,102,0,0.431
2037-03-10,12.44,5.83,99.07,310.13,88.6,102.1,0.85,0.95
2037-03-11,9.44,3.33,119.27,295.31,83.2,102.4,0,0.749
2037-03-12,10.63,6.41,109.25,302.91,89.7,102,0.07,1.379
2037-03-13,10.55,5.58,112.56,309.58,93.8,101.5,0,1.148
2037-03-14,11.33,5.71,145.55,299.01,90.5,100.6,0,1.005
2037-03-15,9.57,5.07,66.76,301.41,80.6,99.4,2.02,2.957
2037-03-16,7.19,3.08,59.9,289.59,72.8,98.5,1.22,0.208
2037-03-17,8.68,2.5,141.59,270.86,65.5,98.7,0.01,1.627
2037-03-18,6.05,0.96,28.7,312.01,91.8,97.8,21.22,3.625
2037-03-19,7.05,-2.02,196.42,223.45,63.4,99.1,0,1.305
2037-03-20,6.78,1.23,103.03,276.82,61.7,99.5,0,5.679
2037-03-21,8.67,0.85,179.04,242.17,67.3,99.8,0,2.315
2037-03-22,8.36,0.72,65.8,280.64,75.3,99,22.3,2.489
2037-03-23,9.75,5.81,128.93,290.06,83.8,97.2,5.5,2.092
2037-03-24,10.27,5.38,136.52,289.65,76.5,97.1,1.08,3.095
2037-03-25,8.88,2.88,134.65,287.95,73.4,98.5,0,1.851
2037-03-26,10.01,0.53,141.68,279.53,75.5,99.8,1.41,1.799
2037-03-27,12.87,6.01,83.99,333.59,90.6,99.3,11.13,2.484
2037-03-28,13.14,8.97,115.11,333.51,81.2,99.4,0.91,3.8
2037-03-29,12.85,8.42,126.51,325.52,75.4,100.5,10.93,3.135
2037-03-30,14.2,9.94,94.32,351.97,92.9,100.2,1.85,2.851
2037-03-31,11.89,9.37,101.38,343.69,97.3,100.5,2.33,2.578
2037-04-01,18.93,9.13,175.43,330.34,85.7,99.8,0,2.231
2037-04-02,14.16,6.83,118.68,309.07,86,98.8,0.48,2.153
2037-04-03,10.94,4.89,163.81,275.3,67.4,100.4,0,2.53
2037-04-04,11.3,7.21,146.11,306.43,76.6,100.6,0,1.991
2037-04-05,10.83,7.87,93.49,328.04,87.5,99.2,9.45,1.546
2037-04-06,11.85,7.5,150.82,317.31,85.9,98.2,4.26,3.152
2037-04-07,11.24,7.38,83.89,331.23,94.4,97.2,11.89,1.559
2037-04-08,11.34,5.65,153.17,301.33,76,97.5,0.99,3.377
2037-04-09,10.89,5.55,112.55,309.07,86.2,99.4,2.85,3.056
2037-04-10,12.5,9.21,114.52,334.38,88.1,99.2,3.43,3.214
2037-04-11,10.1,5.46,126.57,298.73,72.7,99.5,3.07,2.419
2037-04-12,10.99,5.26,148.85,291.79,73.6,98.6,5.33,4.027
2037-04-13,12.78,6.63,152.17,315.51,76.9,99.7,1.27,3.444
2037-04-14,10.63,5.48,148.54,297.29,71.3,100.6,0,0.615
2037-04-15,13.78,6.06,168.79,318.38,84.4,99.8,0.93,3.85
2037-04-16,14.03,10.61,160.03,342.29,97.3,99.9,0.99,1.132
2037-04-17,19.99,10.09,174.3,340.4,83.3,99.5,0,3.815
2037-04-18,16.97,11.2,126.29,345.94,95.2,99.1,0,0.283
2037-04-19,14.57,9.31,151.33,323.77,88.4,99.9,2.71,2.191
2037-04-20,14.49,8.37,133.66,331.51,86,99.9,6.03,2.128
2037-04-21,13.8,5.38,208.07,287.03,68.3,100.4,0,1.928
2037-04-22,14.13,3.34,232.57,296.85,84.7,101,0,1.533
2037-04-23,16.82,8.61,191.07,320.62,77.5,101,0.21,1.354
2037-04-24,15,6.26,176.22,287.43,72.9,101.3,0,1.84
2037-04-25,14.41,4.82,244.86,270.22,72.9,101.5,0,0.263
2037-04-26,16.42,8.97,274.22,295.67,77.5,100.1,0.04,1.056
2037-04-27,11.64,5.95,66.11,310.07,75,99.8,6.18,1.725
2037-04-28,13.43,5.69,218.56,288.79,61.2,100.6,0,1.4
2037-04-29,12.66,3.9,210.3,282.91,64.7,100.8,0,1.941
2037-04-30,12.94,3.77,176.63,292.57,67.5,100.5,0,2.174
2037-05-01,12.9,7.06,253.83,288.73,67.3,100.4,0,4.742
2037-05-02,13.44,8.72,97.76,338.17,91.6,99.1,20.52,1.506
2037-05-03,13.77,7.52,178.05,294.75,84.4,98.8,3.12,1.953
2037-05-04,13.74,6.74,176.65,305.51,82.2,99.8,2,0.819
2037-05-05,13.05,4.76,166.97,304.8,86.8,100.1,1.47,0.833
2037-05-06,13.68,7.49,200.23,303.62,84,99.6,1.99,1.616
2037-05-07,11.59,5.63,157.29,305.12,86.5,99.5,2.4,1.3
2037-05-08,12.69,5.55,195.42,288.41,83.8,99.3,0.3,0.556
2037-05-09,10.83,4.75,154.76,296.85,83.9,99.8,5.92,0.293
2037-05-10,12.49,2.13,172.11,289.35,74.2,100.1,0.24,0.935
2037-05-11,13.15,1.38,178.75,285.91,70.7,100,0,2.26
2037-05-12,15.35,7.91,206.73,322.93,68.4,99.8,3.36,5.019
2037-05-13,14.54,9.76,124.31,342.68,92.4,99.9,2.26,2.931
2037-05-14,14.21,10.33,192.29,324.67,93.5,100.2,8.37,1.464
2037-05-15,14.81,10.68,229.79,308.96,90.9,99.9,7.2,2.289
2037-05-16,16.12,8.25,234.09,316.15,86.5,100,8.51,1.912
2037-05-17,14.27,8.41,115.45,338.82,94,99.9,7.17,2.618
2037-05-18,15.63,8.91,214.38,325.03,90.5,99.4,3.93,0.631
2037-05-19,13.89,9.07,190.18,314.59,80.8,98.6,15.58,1.929
2037-05-20,13.97,8.25,236.2,292.52,67.4,99.2,1.44,4.439
2037-05-21,14.9,8.83,219.42,309.82,73.4,99.6,2.41,3.053
2037-05-22,14.3,8.2,176.03,317.11,89,99.4,10.8,1.958
2037-05-23,13.45,7.85,166.85,311.21,87.7,99.6,6.78,1.684
2037-05-24,15.26,8.39,237.75,307.22,75.4,100.4,0.65,0.959
2037-05-25,11.54,7.32,221.58,287.64,67.9,100.2,0.61,2.395
2037-05-26,11.22,7.51,170.56,301.08,67.1,100.2,0,2.776
2037-05-27,14.73,7.67,242.68,302.96,71.8,100.9,0,1.517
2037-05-28,17.59,9.4,164.98,342.78,85.8,100.8,1.6,2.046
2037-05-29,14.27,9.25,229.05,305.85,72.3,100.1,0,3.012
2037-05-30,13.37,8.06,192.65,304.48,70.1,100.1,0,2.517
2037-05-31,13.17,8.07,182.27,309.82,70.2,100,0,2.304
2037-06-01,12.96,8.09,171.98,315.2,70.3,100,0,2.093
2037-06-02,13.23,7.12,221.03,301.83,75.5,99.5,2.74,2.309
2037-06-03,14.21,7.09,227.38,288.17,67,99.5,0.01,3.41
2037-06-04,14.05,4.95,272.76,275.99,72.1,100.2,0,1.292
2037-06-05,14.62,5.04,252.51,282.58,73.4,100.3,0.11,0.817
2037-06-06,15.73,6.65,263.75,282.39,73.9,100.3,0.9,0.792
2037-06-07,15.24,5.14,222.62,294.87,78.1,100.5,0.98,1.162
2037-06-08,13.2,7.83,168.94,315.73,82,100.6,1.45,0.861
2037-06-09,15.93,6.67,202.13,304.09,81.7,100.4,0.76,0.805
2037-06-10,14.81,6.83,209.43,314.76,89.7,100.5,9.87,1.878
2037-06-11,15.7,5.76,218.73,307.62,78.2,100.9,2.23,1.258
2037-06-12,18.28,9.13,258.15,311.64,78.4,100.7,2.31,1.708
2037-06-13,19.07,9.87,235.23,326.46,80.2,100.6,0,2.016
2037-06-14,18.91,11.79,174.91,348.48,84.8,100.4,0,2.323
2037-06-15,16.69,11.57,168.5,342.64,88.2,100.1,0.57,1.568
2037-06-16,17.57,10.28,280.67,302.36,74.9,100.1,0,1.734
2037-06-17,16.96,8.8,289.85,297.63,76.5,100.5,0,1.401
2037-06-18,15.9,11.24,178.84,341.87,89.2,100,1.71,1.997
2037-06-19,17.37,11.14,117.49,347.98,93,99.7,12.81,1.284
2037-06-20,19.31,9.46,334.54,289.47,69,100.1,0,0.77
2037-06-21,16.59,10.13,203.64,328.55,84,100.1,2.9,2.61
2037-06-22,17.35,9.64,200.22,312.32,72.8,100.4,0,2.18
2037-06-23,16.95,8.31,248.36,298.15,75.4,100.9,2.03,1.41
2037-06-24,18.89,8.7,287.33,297,68.6,101.4,0,0.477
2037-06-25,19.34,9.42,272.1,302.35,75.3,101.4,0,1.159
2037-06-26,20.41,10.8,339.96,292.68,66.5,101.2,0,4.41
2037-06-27,22.76,13.12,336.71,310.99,64,100.9,0,5.11
2037-06-28,22.13,14.53,338.84,304.77,55.8,100.6,0,5.138
2037-06-29,22.94,13.87,319.62,312.41,59.2,100.1,0,4.51
2037-06-30,22.75,13.06,284.29,319.65,71.4,99.9,0,1.128
2037-07-01,20.41,11.45,267.71,328.07,86.1,99.8,7.82,0.951
2037-07-02,19,14.33,229.01,343.87,88.4,99.4,5.09,0.882
2037-07-03,18.89,12.86,179.64,347.55,90.1,99.3,3.53,0.201
2037-07-04,22.15,12.78,305.84,315.55,76.3,99.4,4.65,1.347
2037-07-05,19.35,10.94,246.5,316.3,85.6,99.7,1.97,0.923
2037-07-06,20.23,9.81,313.06,299.86,79.9,100,0,0.422
2037-07-07,23.42,12.16,280,330.61,71.5,99.9,0,1.952
2037-07-08,20.81,13.74,238.15,335.18,71.6,99.8,0.84,0.978
2037-07-09,18.35,14.07,251.39,349.46,84.4,99.5,11.34,2.537
2037-07-10,20.04,13.34,241.43,334.82,79.2,100.1,3.42,2.431
2037-07-11,21.61,12.22,289.33,312.79,76.9,101,0,0.887
2037-07-12,18.82,9.64,321.97,295.99,80.2,100.8,0,1.106
2037-07-13,21.47,14.83,212.55,361.81,89.9,100.5,2.33,1.79
2037-07-14,19.81,14.28,236.89,342.04,87,100.3,0,0.981
2037-07-15,23.25,14.8,224.68,363.87,88.2,99.5,0.6,0.645
2037-07-16,18.86,15.67,237.62,344.89,93.8,99,7.08,1.618
2037-07-17,19.01,15.27,235.79,342.08,89.5,99.1,9.65,1.525
2037-07-18,20.41,14.05,231.27,342.62,82.4,99.7,6.36,2.093
2037-07-19,20.97,13.33,286.51,314.97,75.6,100.3,0,1.362
2037-07-20,20.42,11.36,312.26,300.33,80.4,100.4,0,0.799
2037-07-21,20.19,12,268.21,322.76,83.1,100.2,0,0.946
2037-07-22,20.74,15.79,206.33,356.54,88.5,99.9,0.54,1.053
2037-07-23,19.49,13.82,170.57,338.37,83.9,99.5,0,0.831
2037-07-24,21.15,12.42,240.48,327.91,82.3,99.4,3.35,1.5
2037-07-25,22.12,13.33,268.8,325.21,79.9,99.9,0,0.347
2037-07-26,22.88,13.54,271.36,328.29,80.7,100.2,1.37,0.339
2037-07-27,21.57,12.33,278.92,325.38,82.7,100.1,0,1.259
2037-07-28,21.34,13.49,273.8,327.86,74.2,100.2,0,1.741
2037-07-29,21.28,11.3,218.83,324.3,77.4,100.3,0,0.664
2037-07-30,24.71,15.65,234.44,356.39,69,100.1,0,1.881
2037-07-31,24.8,15.66,246.61,349.65,68.1,100,0,1.396
2037-08-01,24.89,15.67,258.9,342.5,67.2,100,0,1.417
2037-08-02,22.43,14.3,254.26,327.22,65.8,100.1,0.66,1.13
2037-08-03,20.6,11.85,242.25,327.59,75.7,100.3,5.3,1.035
2037-08-04,20.81,13.72,233.78,335,74.2,100.1,9.14,1.851
2037-08-05,20.62,11.7,282.49,303.49,65.4,100.9,0,1.077
2037-08-06,20.94,12.14,284.44,314.52,79.1,100.8,0,1.21
2037-08-07,21.95,13.66,213.1,347.86,83,100,0.24,1.367
2037-08-08,19.68,13.07,242.8,318.11,65,99.8,0,1.87
2037-08-09,19.33,11.56,178.65,318.52,73.1,100,0,1.724
2037-08-10,19.27,10.06,237.83,309.61,75.1,100.2,0,1.32
2037-08-11,19.29,14.38,207.6,334.31,81.2,99.8,0,1.867
2037-08-12,21.18,13.88,226.06,330.54,73,99.1,1.52,2.249
2037-08-13,20.01,12.33,226.64,311.96,68.9,100.1,0,2.335
2037-08-14,19.46,11.34,202.01,311.07,68.4,100.7,0,1.088
2037-08-15,21.41,10.1,251.02,304.45,73.1,101,0,0.056
2037-08-16,21.92,9.7,275.65,296.07,73.7,100.9,0,0.398
2037-08-17,23.73,11.8,260.3,307.85,77.5,101,0,0.218
2037-08-18,25.47,14.11,266.91,322.46,74.2,100.8,0,0.094
2037-08-19,28.54,16.13,257.89,343.08,68,100.8,0,1.67
2037-08-20,26.59,16.33,265.33,334.29,67.7,100.9,0,4.116
2037-08-21,29.53,15.56,263,347.58,63,100.8,0,3.572
2037-08-22,30.31,16.25,265.19,339.39,58.6,100.6,0,2.842
2037-08-23,32.17,16.74,257.85,353.93,67.3,100.1,0,0.503
2037-08-24,29.84,17.59,257.17,341.49,60.5,100.5,0,2.102
2037-08-25,23.75,15.01,259.37,309.81,56.5,101.3,0,4.314
2037-08-26,23.57,11.84,255.29,295.33,58.8,101.3,0,3.929
2037-08-27,26.16,12.61,251.99,314.9,65.9,100.9,0,3.321
2037-08-28,26.18,15.17,221.91,340.51,78.1,100.7,0,2.792
2037-08-29,23.99,12.74,237.6,314.69,75,100.7,0,2.202
2037-08-30,22.69,12.02,209.45,312.79,74.9,100.5,0,1.06
2037-08-31,24.02,12.28,223.51,312.3,71.5,100.3,0,0.256
2037-09-01,25.34,12.55,237.66,312.33,68.2,100.2,0,0.427
2037-09-02,25.82,14.71,232.19,320.24,70.4,100.5,0,0.52
2037-09-03,25.5,13.87,217.21,323.34,78.4,100.7,0,0.2
2037-09-04,25.75,12.8,219.66,328.85,78.6,100.7,0,0.49
2037-09-05,23.42,14.44,193.29,330.38,70.6,100.9,0,0.443
2037-09-06,23.52,11.42,228.03,305.2,74.9,101,0,0.145
2037-09-07,26.17,11.29,228.33,312.39,70.2,101,0,0.225
2037-09-08,26.48,13.46,229.38,317.01,77.6,101.1,0,0.989
2037-09-09,26.25,13.88,220.41,325.7,71.2,101.1,0,2.895
2037-09-10,26.47,12.8,223.55,313.32,75.2,101.1,0,1.496
2037-09-11,29.06,11.43,222.03,325.41,75.1,100.6,0,0.541
2037-09-12,26.92,14.56,165.88,359.13,79.5,99.7,2.82,1.028
2037-09-13,19.29,14.82,165.45,325.81,65.9,99.4,0.81,3.963
2037-09-14,20.89,12.8,162.44,325,71.6,100.3,0,2.966
2037-09-15,19.82,14.51,87.59,349.09,84.9,100.3,0.97,2.65
2037-09-16,18.11,10.32,172.47,291.62,59.7,100.1,0,2.155
2037-09-17,15.94,9.07,100.81,313.33,76,100,0.67,0.649
2037-09-18,16.16,7.62,182.04,288.38,63.2,100.4,0,1.098
2037-09-19,16.58,7.93,140.32,307.39,62.9,100.9,0,0.445
2037-09-20,19.67,8.02,127.59,322.75,75.9,101.4,0,1.502
2037-09-21,18.79,9.81,161.58,313.36,72.2,101.7,0,1.004
2037-09-22,22.05,13.6,148.25,335.74,81.8,101.8,0,0.773
2037-09-23,23.63,12.86,180.71,318.44,77.9,101.8,0,0.49
2037-09-24,22.41,10.7,170.7,317.71,87.5,101.2,0,0.295
2037-09-25,19.69,10.15,94.74,319.3,81.3,99.9,2.81,1.803
2037-09-26,14.84,8.63,117.06,285.69,70,100.2,0,1.715
2037-09-27,16.14,6.71,86.22,323.13,81.5,100.1,2.08,2.675
2037-09-28,16.86,11.79,68.68,338.75,81.7,99.3,11.77,2.07
2037-09-29,16.1,10.89,146.89,304.81,75.8,99.2,0,0.787
2037-09-30,14.49,9.34,107.97,314.38,65.1,100.5,0,0.737
2037-10-01,14.58,8.08,124.24,298.5,67.3,101.3,0,0.384
2037-10-02,18.61,8.86,92.13,337.68,83.3,101.1,1.71,2.249
2037-10-03,15.07,10.12,113.81,300.81,64.2,100.9,0,1.39
2037-10-04,13.36,6.99,92.67,297.39,57.6,100.9,0,0.689
2037-10-05,15.86,5.9,124.66,297.74,72.4,100.5,0,1.922
2037-10-06,16.69,8.39,147.42,297.22,70.6,100.5,0,3.032
2037-10-07,15.95,10.57,58.35,348.5,90.6,99.8,18.58,3.269
2037-10-08,15.68,10.43,55.44,327.7,87.7,99.6,13.77,4.497
2037-10-09,18.12,12.4,110.98,324.84,89.8,99.5,0.7,2.544
2037-10-10,16.81,9.84,105.48,317.26,90.4,99.7,0.35,0.665
2037-10-11,15.46,8.3,69.37,325.95,91.7,99.6,0.16,2.054
2037-10-12,15.31,7.98,95.58,310.92,84.8,99.8,0,2.91
2037-10-13,15.25,8.07,120.03,290.49,78.9,100.6,0,2.983
2037-10-14,14.25,5.44,138.71,269.34,79.8,101,0,0.599
2037-10-15,15.77,6.57,87.9,307.13,83.2,100.9,0,1.008
2037-10-16,13.05,5.68,109.58,285.02,83.2,101.1,0,0.553
2037-10-17,13.91,5.92,85.01,314.39,82.6,100.4,0,0.519
2037-10-18,15.91,7.45,93.65,306.69,81.1,99.1,0.38,1.808
2037-10-19,13.03,6.31,108.41,280.82,79.6,99,3.12,1.584
2037-10-20,9.5,3.62,87.57,277.18,77.6,99.4,0,0.357
2037-10-21,9.35,2.76,69.87,277,74.5,99.7,4.45,2.386
2037-10-22,9.69,-0.48,70.93,275.25,70.4,99.4,0,3.477
2037-10-23,9.88,4.24,86.12,280.41,59.4,99.1,0,3.281
2037-10-24,8.92,5.86,53.59,311.87,89.3,99.2,1.53,0.816
2037-10-25,9.05,6.83,38.53,323.75,96.9,99.5,3.83,0.576
2037-10-26,10.1,4.2,68.65,303.94,90.3,98.8,0,0.32
2037-10-27,11.17,4.71,16.13,319.89,84.8,97.1,26.81,1.745
2037-10-28,10.33,3.97,61.95,292.58,86.9,97.1,1,0.988
2037-10-29,10.38,3.79,63.42,290.01,91.5,98.5,0,1.875
2037-10-30,10.81,5.08,79.55,299.71,91.4,99.9,0,1.685
2037-10-31,11.24,5.51,70.56,296.58,88.8,99.8,0,2.58
2037-11-01,11.67,5.95,61.66,294.26,86.2,99.8,0,3.584
2037-11-02,11.55,8.62,36.33,335.19,94.6,98.8,5.47,2.619
2037-11-03,13.07,9.63,43.51,333.73,93.9,98.5,8.85,1.32
2037-11-04,12.67,11.52,27.42,347.38,93.9,98.3,16.14,1.567
2037-11-05,11.75,6.16,51.44,317.68,89.1,98,4.13,2.395
2037-11-06,9.58,6.23,64.41,295.48,80.6,99.3,3.7,3.045
2037-11-07,11.59,6.66,66.44,310.81,92,99.5,4.76,0.983
2037-11-08,9.65,6.82,11.57,334.65,99.7,99.4,9.4,1.888
2037-11-09,9.22,5.82,50.28,316.44,92,99.7,0,2.84
2037-11-10,9.59,6.37,48.6,313.23,91.5,99.4,1.3,4.332
2037-11-11,9.6,4.2,52.98,286.54,96.9,99.1,1.35,3.134
2037-11-12,11.96,3.52,71,279.76,88.4,100.1,0,1.833
2037-11-13,10.04,8.1,42.53,323.03,86.9,100.4,0,3.376
2037-11-14,10.22,7.46,31.92,332.6,91.7,100.6,0,3.084
2037-11-15,13.19,6.4,52.2,315.49,94.3,100.6,0,1.682
2037-11-16,13.34,9.99,34.87,339.38,97.4,100.1,2.3,0.922
2037-11-17,13.2,11.78,19.59,357.34,98.7,99.9,10.75,2.262
2037-11-18,13.23,9.45,29.49,337.84,95.7,99.8,3.09,1.409
2037-11-19,13.14,9.53,38.85,323.78,92.6,100.2,0,2.287
2037-11-20,13.88,12.08,39.77,340.15,93.1,100.6,0,1.857
2037-11-21,12.49,9.39,38.3,334.92,94,100.7,0.48,1.604
2037-11-22,13.21,9.69,41.37,344.77,96.2,100.1,0.69,2.431
2037-11-23,12.95,11.7,15.99,361.05,99.4,99.6,1.97,1.561
2037-11-24,12.76,10.36,50.5,334.84,93.9,99.5,18.61,1.418
2037-11-25,12.57,6.48,53.52,290,82,99.7,0.94,2.372
2037-11-26,11.04,2.78,46.41,281.06,79.2,100.8,0,0.939
2037-11-27,11.98,10.42,23.76,347.73,90.6,100.4,9.4,1.894
2037-11-28,13.27,8.55,32.77,317.02,91.4,99.5,27.87,1.714
2037-11-29,13.87,8.62,27.61,318.52,86,99.5,28.73,1.723
2037-11-30,13.75,8.96,39.59,298.74,70.6,98.2,5.9,4.014
2037-12-01,10.58,7.97,43.74,276.93,69.5,98.9,0,4.225
2037-12-02,12.37,10.45,14.79,334.8,88.6,99.1,16.49,3.865
2037-12-03,12.19,7.73,34.36,318.86,88.2,98.1,18.24,2.532
2037-12-04,9.36,5.98,29.85,273.5,71.6,98,0,3.264
2037-12-05,8.33,5.05,49.27,263.62,73.3,99,0,2.989
2037-12-06,8.03,3.07,15.73,292.36,87.1,98.6,3.16,0.97
2037-12-07,6,-0.15,39.8,256.47,84.4,99.1,0,1.237
2037-12-08,5.78,-1.29,43.99,255.72,95.3,100.2,0,0.335
2037-12-09,8.72,-2.69,21.47,296.34,91,100.6,0.25,0.786
2037-12-10,8.75,6.65,18.23,338.27,94.8,100.6,22.85,2.911
2037-12-11,10.26,8.74,14.98,346.32,96.4,100.5,3.86,2.042
2037-12-12,10.94,7.32,46.69,299.44,88.7,100.8,5,1.538
2037-12-13,12.25,9.47,3.99,348.56,94.8,99.9,24.52,2.092
2037-12-14,12.84,6.63,8.57,333.58,91.7,98.6,42.28,2.41
2037-12-15,9.53,6.1,42.3,270.17,83.1,100,0,2.644
2037-12-16,11.12,6.21,15.74,327.43,91,100.4,4.47,2.58
2037-12-17,12.36,10.63,8.82,357.74,95.4,99.7,12.4,3.431
2037-12-18,11.97,5.02,41.04,305.98,90.4,100.4,7.1,0.675
2037-12-19,12.78,8.88,11.13,334.57,86.9,99.8,12.5,3.777
2037-12-20,9.85,6.62,42.4,281.54,77.3,101,0,2.617
2037-12-21,10.6,9.41,22.66,331.02,90.3,100.8,7.96,2.504
2037-12-22,12.15,10.15,8.2,356.51,96.2,99.2,32.33,2.801
2037-12-23,12.66,8.85,42.35,314,83.5,98.3,17.89,2.977
2037-12-24,13.83,11.47,4.48,361.61,90.6,97.8,28.98,4.762
2037-12-25,11.38,7.28,39.32,280.66,77,98.7,0,3.237
2037-12-26,11.2,8.25,14.8,326.49,74.5,98.1,16.82,3.429
2037-12-27,9.15,5.35,34.34,287.3,77.1,99.6,3.94,0.949
2037-12-28,5.5,1.64,8.59,294.09,90.2,98.9,45.07,1.846
2037-12-29,11.83,1.68,10.52,316.41,93.6,99.4,13.72,2.269
2037-12-30,12,9.81,16.45,346.48,96,98.2,36.55,3.084
2037-12-31,10.84,8.46,29.42,314.35,86.4,97.3,18.99,2.765
2038-01-01,9.69,7.11,42.61,282.64,76.8,96.4,1.43,3.323
2038-01-02,7.97,5.41,38.34,291.42,86.9,95.3,4.04,3.262
2038-01-03,8.24,5.33,37.41,270.72,76.2,97,0,3.501
2038-01-04,6.78,2.4,24.74,286.9,79.1,98,0,0.331
2038-01-05,6.75,1.89,36.51,276.35,80.8,99.6,0,0.722
2038-01-06,7.31,-2.01,43.43,263.87,86.1,100.7,5.97,0.729
2038-01-07,8.93,2.7,51,271.12,78.3,100,3.46,2.535
2038-01-08,10.74,2.33,8.49,320.38,89.4,99.3,30.72,2.215
2038-01-09,6.43,3.11,36.93,278.74,83.3,98.1,0,2.073
2038-01-10,4.79,0.48,53.25,252.26,76.5,99.8,0,0.525
2038-01-11,6.09,0.21,34.46,266.24,84.4,101,0,0.621
2038-01-12,7.12,-1.2,41.8,286.88,91.5,101.8,0,0.597
2038-01-13,11.18,6.06,20.64,320.4,91.8,101.7,0,1.89
2038-01-14,6.4,3.51,33.01,303.81,85.3,102.1,0,0.713
2038-01-15,9.96,4.19,16.23,314.15,83,100,4.35,3.541
2038-01-16,5.87,3.8,41.38,283.81,71,99.7,0.58,3.726
2038-01-17,6.59,2.99,59.67,259.43,75.3,100.1,0,1.269
2038-01-18,10.28,2.23,34.25,311.85,91.9,100.4,1.22,1.937
2038-01-19,10.23,4.89,40.24,303.32,88.8,100.3,0.89,2.242
2038-01-20,7.18,4.94,36.96,286.75,86.2,100.4,1.08,3.019
2038-01-21,7.67,3.78,51.93,286.11,82.9,100.4,1.34,2.084
2038-01-22,9.47,2.92,29.59,322.92,98.7,101.3,2.95,0.625
2038-01-23,9.97,5.76,48.39,313.33,96.1,101.8,0.77,1.333
2038-01-24,9.3,7.24,42.99,326.06,96.3,101.6,1.1,1.65
2038-01-25,9.2,3.6,49.45,300.13,85.2,100.8,4.88,1.479
2038-01-26,7.09,-0.46,39.69,283.44,83.7,101,7.88,1.403
2038-01-27,7.95,2.78,50.93,287.84,80.4,99.6,14.89,2.107
2038-01-28,7.46,1.45,44.01,275.79,90,100.7,0.11,2.016
2038-01-29,8.67,3.97,58.49,286.07,92.9,101.4,0.39,1.479
2038-01-30,9.02,4.37,46.63,307.9,96,102,0.89,0.636
2038-01-31,8.41,4.1,42.64,311.2,93.6,102.3,0.78,0.69
2038-02-01,11.63,6.88,43.71,326.1,97.5,102,3.45,1.67
2038-02-02,10.12,6.39,48.03,310.52,94.8,101.8,0.53,1.881
2038-02-03,10.22,3.34,30.52,300.88,93,101.8,0.92,1.763
2038-02-04,8.05,2.52,71.74,275.31,82.9,102,0,1.32
2038-02-05,9.08,4.57,56.42,305.83,85.7,100.8,2.6,2.834
2038-02-06,9.89,8.01,41.01,332.39,87.1,98.9,10.52,3.114
2038-02-07,8.16,2.69,26.6,306.09,95.4,98.8,20.24,0.388
2038-02-08,9.05,0.12,79.31,275.99,78.2,100,1.4,1.866
2038-02-09,11.56,6.39,28.32,323.36,87.3,99.2,8.76,3.786
2038-02-10,7.84,5.26,73.19,276.36,70.8,99.8,0.27,2.859
2038-02-11,10.35,5.34,22.99,318.69,89.2,98.1,20.22,1.656
2038-02-12,6.88,4.24,56.03,277.99,72.3,98.1,2.56,3.515
2038-02-13,9.55,4.52,28.92,313.02,89.3,98.1,8.05,2.703
2038-02-14,11.38,6.12,41.93,314.54,86.3,98.7,11.02,3.543
2038-02-15,9.72,4.09,74.95,277,73.6,99.1,1.32,3.633
2038-02-16,6.65,2.64,111.8,254.12,71,101.2,0,1.051
2038-02-17,9.36,1.8,69.72,292.53,87.4,101.5,2.88,2.608
2038-02-18,10.78,6.04,47.12,311.63,84.3,99.2,3.67,4.277
2038-02-19,8.55,4.17,109.52,259.53,65.4,99.4,0,2.763
2038-02-20,10.39,3.82,46.66,319.76,96,99.6,2.34,2.019
2038-02-21,10.62,7.14,59.36,326.21,84,99.2,2.85,4.101
2038-02-22,7.3,3.55,91.89,287.71,74.8,98.5,4.6,4.453
2038-02-23,7.23,3.25,100.35,278.07,69,100.2,0.52,4.22
2038-02-24,10.32,3.06,15.4,326.47,92.5,100.7,25.67,2.401
2038-02-25,12.64,6.86,59.04,332.19,90,100,1.48,3.294
2038-02-26,8.58,5.12,78.3,287.1,71.3,101.1,0,2.962
2038-02-27,9.09,4.36,81.66,302.4,84.2,101.4,0.57,2.054
2038-02-28,11.68,7.76,77.01,322.88,91,100.8,0.6,2.503
2038-03-01,12.73,6.56,91.45,319.08,90.7,100.9,0,0.772
2038-03-02,12.84,6.91,77.51,334.99,96.6,101.2,0.97,0.906
2038-03-03,12.24,6.51,89.72,318.27,93.5,101.5,0,0.293
2038-03-04,12.1,5.69,101.43,318.87,95.6,101.5,0,1.64
2038-03-05,12.15,7.85,99.6,325.48,94.1,101.1,0.07,3.091
2038-03-06,12.1,6.11,148.09,285.07,84.2,100.7,0.14,4.228
2038-03-07,11.7,4.03,161.33,256.14,78.8,100.2,0,4.456
2038-03-08,10.66,7.85,57.48,324.82,94.4,99.9,7.66,1.226
2038-03-09,11.34,3.75,131.71,284.45,83.7,100.4,0,0.901
2038-03-10,12.12,9.69,104.28,323.72,80.1,99.9,0,1.76
2038-03-11,13.24,6.56,146.64,297.7,89.7,100,4.56,1.211
2038-03-12,13.79,6.98,109.25,332.58,93,99.3,8.63,1.999
2038-03-13,11.83,6.61,97.64,310.09,76.9,98.3,9.11,1.375
2038-03-14,8.95,6.19,74.75,311.71,84.9,98.5,20.96,1.398
2038-03-15,10,1.89,75.72,291.82,84.7,98.8,9.27,0.998
2038-03-16,9.99,4.56,105.93,300.06,86.8,99.2,2.09,1.67
2038-03-17,10.04,5.01,77.12,299.77,79,100,3.55,1.91
2038-03-18,9.71,2.02,98.21,276.62,89.3,100.8,2.63,1.318
2038-03-19,11.39,2.25,165.74,272.02,85.8,101.2,0,1.473
2038-03-20,12.21,8.94,139.57,295.5,80.5,100.8,0,1.683
2038-03-21,15.1,9.05,180.94,285.43,81.9,100.4,0,2.546
2038-03-22,13.62,9.23,119.04,315.48,91.8,99.6,4.08,0.648
2038-03-23,12.32,9.25,63.33,348.09,96.7,98.7,20.68,2.269
2038-03-24,11.22,7.39,72.1,320.17,87.2,98.3,8.52,1.053
2038-03-25,9.83,6.63,103.41,313.42,85.2,98,16.52,2.303
2038-03-26,9.59,3.46,123.7,294.67,78.4,97.5,7.12,2.223
2038-03-27,10.87,3.37,108.14,303.63,85.4,98.9,1.12,1.51
2038-03-28,13.64,2.35,79.16,321.68,97.3,99.8,0.64,1.062
2038-03-29,13.28,7.07,60.93,343.47,97.4,99.8,5.36,2.577
2038-03-30,9.83,5.64,127.1,297.58,71.2,100,0.07,3.426
2038-03-31,10.25,4.96,151.86,293.95,68.3,99.9,0,3.027
2038-04-01,10.77,6.12,127.94,297.24,67.6,100.2,0,2.315
2038-04-02,10.39,4.48,155.77,285.12,65.1,100.7,0,0.496
2038-04-03,10.79,3.1,170.45,281.66,72.8,101.1,0,0.823
2038-04-04,10.54,4.36,142.88,291.42,75.2,101,0,0.607
2038-04-05,10.05,2.32,144.67,290.01,79.7,100.7,1.35,0.71
2038-04-06,11.77,6.1,151.61,298.86,87.4,100.9,0.63,0.604
2038-04-07,12.84,5.08,187.66,282.96,76.2,100.7,0,2.022
2038-04-08,12.73,7.32,208.46,282.18,69.9,100.2,0,4.452
2038-04-09,13.49,5.82,186.89,281.24,68.2,100.6,0,4.286
2038-04-10,11.61,4.93,189.93,280.92,62.7,100.7,0,4.88
2038-04-11,10.43,2.8,133.34,283.74,69.2,100.4,0,2.82
2038-04-12,11.48,5.52,197.96,288.25,62.4,100.2,0,4.336
2038-04-13,9.35,4.86,127.52,302.56,66.9,100,0,1.256
2038-04-14,10.7,4.84,124.41,307.42,75.2,99.5,0,1.094
2038-04-15,12.04,4.4,120.89,318.65,91.4,99.1,5.5,1.615
2038-04-16,10.36,5.09,167.51,287.88,68.5,99.1,2.68,3.666
2038-04-17,12.68,6.37,132.15,326.29,84.1,99.3,4.54,4.024
2038-04-18,10.85,6.01,98.09,314.38,75.1,98.4,10.75,4.109
2038-04-19,10.47,5.12,167.7,280.85,68.6,98.5,2.24,4.393
2038-04-20,10.84,4.71,156.13,291.4,79.3,98.8,7.43,2.365
2038-04-21,11.17,7.67,183.88,303.69,79.9,97.5,12.42,3.949
2038-04-22,10.45,4.07,152.11,281.37,76.3,99.1,3.18,1.524
2038-04-23,11.04,1.14,148.04,282.33,73.5,100.7,0.33,1.403
2038-04-24,12.51,6.46,256.5,273.32,76.3,101.7,0,1.12
2038-04-25,15.57,5.95,285.83,265.09,62.3,101.5,0,4.717
2038-04-26,18.9,9.27,221.56,312.67,70,100.9,0,3.317
2038-04-27,19.49,9.65,277.59,293.57,63.6,101.2,0,3.077
2038-04-28,18.01,8.66,256.09,289.04,64.3,101.2,0,5.451
2038-04-29,18.12,8.21,280.67,284.59,64.6,101,0,5.507
2038-04-30,16.61,8.78,233.77,303.21,64.9,100.5,0,3.644
2038-05-01,15.73,6.41,195.41,304.83,75.8,100.3,0,1.777
2038-05-02,13.38,6.51,155.07,302.65,76.8,99.8,0.64,0.55
2038-05-03,9.57,3.79,127.82,316.48,84.8,99.3,7.29,2.915
2038-05-04,11.71,4.88,130.76,326.33,93.4,99.2,27.13,4.227
2038-05-05,11.7,8.77,64.61,340.91,96.1,99.6,24.71,4.862
2038-05-06,12.43,5.58,161.48,304.86,89.5,99.7,1.05,0.403
2038-05-07,13.14,5.21,154.84,304.17,88.5,99.4,2.68,0.826
2038-05-08,13.46,7.87,164.62,316.69,78.8,99.6,1.69,0.552
2038-05-09,12.3,6.52,184.3,296.85,66.1,100.2,0,1.308
2038-05-10,11.81,5.21,179.57,290.85,68.9,100.3,0,1.693
2038-05-11,11.36,5.42,150.97,309.77,74.7,100.2,0,0.798
2038-05-12,12.43,5.41,134.35,309.46,73.4,99.7,0.01,1.713
2038-05-13,15.2,7.86,198.1,311.44,74.7,99.8,0.69,2.55
2038-05-14,16.05,8.07,180.3,320.66,79.6,100.6,2.2,2.11
2038-05-15,17.29,8.06,306.25,281.43,70.2,101.4,0,1.769
2038-05-16,19.96,6,312.52,287.16,72.4,101.6,0,1.077
2038-05-17,22.49,8.33,310.23,308.37,75.7,101.5,0,1.722
2038-05-18,21.51,11.6,310.5,305.91,74.8,101.3,0,3.293
2038-05-19,19.98,9.74,290.75,312.93,74.7,101.2,0,4.168
2038-05-20,19.71,8.35,324.84,283.38,68.2,101.3,0,3.922
2038-05-21,22.01,10.54,327.71,291.59,63.1,101.5,0,2.367
2038-05-22,23.03,8.96,326.49,294.02,67.9,101.1,0,0.674
2038-05-23,21.41,9.88,318.88,298.89,69.2,100.6,0,1.946
2038-05-24,16.98,7.85,275.94,287.32,71.4,100.8,0,2.695
2038-05-25,17.54,6.98,264.09,297.15,76.7,99.7,0,1.399
2038-05-26,13.26,8.1,123.22,324.17,77,98.4,4.02,2.143
2038-05-27,14.22,6.73,214.94,296.01,63.7,99,1.06,2.591
2038-05-28,14.73,7.9,149.16,324.98,83.9,99.8,8.16,0.705
2038-05-29,15.44,5.68,283.93,285.86,77.6,100.8,0,0.582
2038-05-30,22.31,11.68,259.27,330.92,74,100.6,0,3.619
2038-05-31,23.64,13.55,286.2,335.93,73.3,100.3,0.05,2.42
2038-06-01,24.97,15.43,313.51,340.09,72.7,100,0.6,1.204
2038-06-02,19.79,11.93,308.56,306.06,78.5,100.2,0,2.06
2038-06-03,16.58,12.36,251.39,320.88,83.6,100,1.06,2.301
2038-06-04,17.1,9.17,228.58,313.04,77.7,99.6,3.92,3.148
2038-06-05,15.57,9.1,177.2,328.36,83.9,99.5,5,1.976
2038-06-06,16.4,8.78,219.78,310.56,74.2,100.1,0,0.872
2038-06-07,18.06,8.52,286.57,297.1,69.6,100.3,0,1.538
2038-06-08,16.93,9.14,206.04,321.5,89.6,100.3,20.74,0.325
2038-06-09,17.64,7.81,330.71,276.11,62.5,99.9,0,0.781
2038-06-10,17.07,9.43,242.81,313.64,75.1,99.7,0,1.46
2038-06-11,16.91,7.2,247.48,304.01,84.8,99.1,1.99,0.51
2038-06-12,14.18,6.79,108.87,320.59,92.8,99.3,5.36,0.464
2038-06-13,15.88,9.05,180.53,328.19,78.9,100.1,1.89,0.302
2038-06-14,15.82,9.66,252.87,311.6,72.5,100.4,0,2.339
2038-06-15,16.21,9.95,203.02,313.86,82.3,100.4,1.74,1.211
2038-06-16,18.05,9.02,261.48,299.82,67.6,100.4,0,0.261
2038-06-17,19.13,8.53,323.99,286.36,68.1,100.6,0,0.243
2038-06-18,20.34,8.73,296.7,299.99,65.9,100.4,0,2.59
2038-06-19,23.63,14.33,287.74,343.49,64.1,99.7,1.09,4.756
2038-06-20,17.26,13.51,143,348.85,92.6,99,2.8,1.94
2038-06-21,19.97,13.76,242.72,349.05,78.3,99,1.44,2.794
2038-06-22,17.28,13.15,179.22,358.19,93.9,98.6,5.79,2.016
2038-06-23,18.68,11.84,228.56,320.08,80.3,99,2.71,1.994
2038-06-24,18.86,10.82,263.12,311.82,77,99.8,2.2,1.364
2038-06-25,15.31,10.51,90.03,348.49,92.4,99.4,2.93,2.068
2038-06-26,16.46,11.08,216.59,317.9,80.3,99,1.35,2.759
2038-06-27,18.3,11.27,257.37,314.62,73.9,99.2,0.71,3.281
2038-06-28,17.26,10.19,251.5,303.19,82.8,99.8,2.36,1.516
2038-06-29,17.39,7.4,318.69,285.85,80.8,100.1,0,0.957
2038-06-30,17.77,7.46,282.85,297.07,79.8,100.4,1.28,1.147
2038-07-01,17.99,9.95,252.43,310.32,81.5,100.4,1.47,1.338
2038-07-02,17.88,10.64,292.17,308.55,85.4,99.9,3.17,1.077
2038-07-03,19,10.71,303.26,297.95,67.8,100.1,0.47,0.862
2038-07-04,19.65,9.81,219.85,313.66,71.1,100.9,0,0.775
2038-07-05,18.68,11.08,180.16,343.24,81.2,100.2,4.85,1.614
2038-07-06,17.91,14.27,166.4,365.22,87.8,98.5,10.73,2.498
2038-07-07,17.36,13,212.59,348.24,89.4,97.4,14.86,2.599
2038-07-08,17.22,12.16,153.67,343.51,85,98,3.15,3.064
2038-07-09,20.03,12.37,178.68,346.17,85.4,99,9.24,1.106
2038-07-10,19.83,12.23,281.15,311.99,70.4,100.2,0,1.446
2038-07-11,21.69,11.3,308.93,301.58,71.6,101.1,0,0.853
2038-07-12,21.04,11.32,329.13,304.18,78.4,101.1,0,0.407
2038-07-13,23.39,12.83,312.97,321.52,81.1,101,0,0.192
2038-07-14,26.31,15.02,330.56,329.13,75.3,101.1,0,1.869
2038-07-15,25.7,15.69,284.37,338.82,72.4,100.9,0,3.007
2038-07-16,23.92,13.75,276.1,325.38,70.3,100.4,0,1.367
2038-07-17,25.76,14.49,330.86,316.16,64.5,100.5,0,0.49
2038-07-18,26.85,16.11,317.54,333.98,66.6,101,0,0.397
2038-07-19,26.03,15.46,328.27,321.68,59.6,101.1,0,0.376
2038-07-20,25.65,16.43,240.72,357.57,79.7,100.6,7.51,1.12
2038-07-21,24.55,17.48,264.7,361.7,80.3,100.2,0,1.97
2038-07-22,22.06,14.45,192.88,356.46,79.6,100,1.37,2.196
2038-07-23,21.23,13.57,233.9,326.98,77.9,100.2,0,2.418
2038-07-24,20.68,12.53,289.43,305.4,67.2,100.7,0,1.552
2038-07-25,20.39,13.32,248.49,333.54,86.8,100.5,0,1.117
2038-07-26,25.9,13.24,296.6,327.2,77.5,99.8,0,0.767
2038-07-27,19.92,11.72,300.04,291.9,66.7,100.4,0,1.516
2038-07-28,20.39,12.27,264.09,302.26,62.6,100.4,0,1.788
2038-07-29,19.52,10.22,203.53,314.51,67.3,100.3,0,0.537
2038-07-30,20.29,10.23,227.79,320.72,77.2,99.9,0,0.896
2038-07-31,21.05,12.42,215.03,338.65,77.5,99.7,0.92,1.344
2038-08-01,21.82,14.6,202.35,355.29,77.9,99.6,1.73,2.206
2038-08-02,20.48,12.16,187.61,332.76,71.6,100.1,0,1.7
2038-08-03,19.14,9.75,158.81,336.33,86,100.2,9.52,0.602
2038-08-04,19.41,14.97,132.23,364.58,92.8,99.9,4.4,0.267
2038-08-05,20.44,13.12,266.26,317.7,73,100.6,0.25,0.432
2038-08-06,20.86,11.48,274.09,305.78,75.1,100.5,0,1.273
2038-08-07,20.84,14.45,199.65,348.74,78.1,99.6,4.82,2.371
2038-08-08,21.6,16.04,172.76,364.08,87.7,99.4,1.46,1.943
2038-08-09,20.86,15.32,255.53,336.84,79.2,99.9,0,1.605
2038-08-10,21.95,14.87,158.51,373.57,84.7,100,1.44,2.448
2038-08-11,19.83,13.18,191.88,338.06,69.5,100.6,0.66,0.908
2038-08-12,21.03,10.81,291.22,293.84,63.8,100.8,0,0.463
2038-08-13,22.74,11.35,242.42,313.41,72.4,100.8,0,1.379
2038-08-14,26.18,13.47,265.28,318.56,58.2,100.6,0,4.284
2038-08-15,29.65,17.2,268.22,345.86,58.6,99.9,0.69,3.654
2038-08-16,22.84,17.84,206.88,360.74,85.1,99.4,1.18,0.433
2038-08-17,21.69,13.68,280.03,300.71,66.7,100.1,0,1.418
2038-08-18,20.56,12.01,213.93,318.39,79.1,100.2,1.04,1.609
2038-08-19,18.61,14.25,159.66,329.26,84.7,99.5,20.6,2.496
2038-08-20,19.48,12.2,238.14,309.9,70.4,100,0,2.491
2038-08-21,21.06,11.64,190.34,332.64,79.8,100.5,0,1.923
2038-08-22,19.88,13.47,225.37,317.04,76.1,100.9,0,1.212
2038-08-23,20.47,10.64,253.59,304.4,75.7,101.1,0,0.341
2038-08-24,22.26,10.91,259.65,305.7,71.2,100.9,0,0.358
2038-08-25,22.08,15.1,166.99,346.37,80.8,100.8,1.8,0.757
2038-08-26,23.17,13.26,193.44,335.85,75.4,101.1,0,1.458
2038-08-27,23.22,13.94,208.57,330.77,77.7,101.3,0,2.386
2038-08-28,22.32,13.51,194.52,332.82,80.8,101.3,0,2.685
2038-08-29,25.23,13.91,235.56,327.95,76.3,100.9,0,2.526
2038-08-30,25.32,14.99,248.09,316.94,64.7,100.3,0,3.239
2038-08-31,23.87,14.71,230.9,324.48,75.5,100,1.05,1.371
2038-09-01,22.42,14.43,213.94,332.69,86.3,99.8,2.1,0.739
2038-09-02,18.82,15.2,82.64,350.18,93.7,99.4,13.51,1.819
2038-09-03,20.87,12.4,211.51,310.34,76.4,100,0,2.1
2038-09-04,18.48,11.88,154.01,334.58,85.1,99.9,10.67,2.245
2038-09-05,18.46,11.25,187.41,300.88,73.5,99.4,0,2.091
2038-09-06,17.55,10.1,169.44,301.71,71.2,99.4,0.21,2.129
2038-09-07,17.43,11.46,127.62,329.31,81.4,99.5,4.06,2.553
2038-09-08,20.07,13.2,172.93,339.71,86.3,99.7,17.76,0.988
2038-09-09,20.31,11.39,199.67,312.11,72.2,100.5,0,1.72
2038-09-10,20.27,10.63,225.12,292.43,68.6,100.7,0,1.498
2038-09-11,20.49,9.94,220.46,296.64,68.9,100.7,0,1.141
2038-09-12,22.24,11.4,213.86,308.89,72.6,100.8,0,0.76
2038-09-13,22.08,11.63,209.63,308.71,78.5,100.9,0,0.377
2038-09-14,22.25,12.55,204.23,314.63,83,101,0,0.395
2038-09-15,23.56,13.43,201.34,326.44,81.1,100.8,0,1.446
2038-09-16,23.94,13.28,199.17,324.25,84.6,100,0,0.437
2038-09-17,20.83,13.44,157.44,341.53,89.5,99.7,1.64,1.103
2038-09-18,19.51,11.02,177.17,307.77,81.1,100.3,0,1.028
2038-09-19,19.29,13.62,88.12,350.33,86,100.2,0.54,0.954
2038-09-20,18.61,10.63,129.79,322.96,79.8,100.5,0.01,0.449
2038-09-21,20.05,8.78,174.07,304.06,84.5,100.5,0,0.243
2038-09-22,20.46,8.94,178.12,308.65,86.5,100.3,0,0.402
2038-09-23,24.49,15.4,182.02,346.64,86.9,100.2,0,1.305
2038-09-24,27.21,16.31,179.37,355.67,74.7,100.4,0,2.242
2038-09-25,27.75,17.67,176.76,351.53,69.1,100.1,0,3.47
2038-09-26,23.94,17.46,91.47,368.42,86.4,100,2.96,0.934
2038-09-27,27.57,16.38,173.59,343.64,72.5,100.2,0,2.585
2038-09-28,27.23,16.3,170.35,338.91,76.1,101.2,0,0.468
2038-09-29,25.17,14.84,167.12,326.74,72.3,101.4,0,1.126
2038-09-30,21.22,13.57,121.68,332.52,83.1,101.3,0,1.799
2038-10-01,21.45,12.97,152.04,321.3,77.3,101.2,0,2.925
2038-10-02,21.71,12.41,168.24,294.62,62,101,0,3.464
2038-10-03,21.94,10.01,160.91,296.25,80.4,100.6,0,1.667
2038-10-04,24.12,9.55,155.66,327.41,83.9,100.4,0,1.031
2038-10-05,21.08,14.63,99.53,355.29,93.5,100.6,0,0.794
2038-10-06,23.13,13.94,136.56,340.69,88.4,101.1,0,0.997
2038-10-07,21.56,12.6,150.7,309.8,80.3,101.2,0,2.369
2038-10-08,21.31,9.84,149.33,301.67,85.7,100.8,0,1.454
2038-10-09,21.86,11.39,132.17,332.83,90.7,100.4,0,0.37
2038-10-10,19.3,11.74,105.29,336.01,95.2,100.2,2.98,0.425
2038-10-11,18.49,10.9,64.69,349.53,90,99.3,64.51,2.353
2038-10-12,15.02,10.39,108.88,305.65,74.4,98.4,7.7,2.684
2038-10-13,15.69,9.15,94.21,313.79,76.8,99.8,0,2.311
2038-10-14,16.23,10.04,113.15,312.59,75.6,99.8,1.8,2.764
2038-10-15,13.06,8.13,98.2,286.58,78,99.5,1.04,2.736
2038-10-16,12.13,7.73,73.54,305.48,81.7,98.3,1.57,1.869
2038-10-17,9.73,5.83,54.73,311.16,96.6,97.3,1.99,1.039
2038-10-18,11.77,4.95,68.32,299.28,94.7,97.5,0,0.677
2038-10-19,12.39,4.85,75.84,299.36,96.5,98.1,0,0.566
2038-10-20,15.39,5.03,111.94,293.78,89.5,99.4,0,0.213
2038-10-21,17.03,7.14,29.96,332.43,92.2,99.3,14.13,0.517
2038-10-22,16.28,10.03,99.89,308.38,86.4,100.3,0,1.492
2038-10-23,16.82,8.14,78.34,324.12,93.5,100.9,0,0.469
2038-10-24,15.92,8.66,74.27,323.4,92.4,100.6,0,2.718
2038-10-25,15.77,10.43,86.54,322.07,91.5,100.2,0.16,3.027
2038-10-26,16.31,9.93,78.08,320.46,88.3,99.9,0,2.246
2038-10-27,16.14,10.21,44.72,339.77,97.3,99.7,9.47,2.076
2038-10-28,15.24,8.4,89.1,315.07,96.7,100,0.32,0.191
2038-10-29,14.64,9.83,50.08,333.65,96.1,100.6,0,0.648
2038-10-30,15.92,10.49,59.02,345.91,93.1,101.2,0,2.183
2038-10-31,15.79,10.47,60.05,340.14,89.8,101.2,0,2.167
2038-11-01,15.67,10.45,61.08,333.91,86.5,101.2,0,2.178
2038-11-02,15.53,10.29,80.25,326.27,91.3,101.3,0,2.617
2038-11-03,12.82,6.22,74.01,291.4,93.5,101.2,0,1.965
2038-11-04,12.51,4.49,62.27,300.78,98.6,101.1,0,0.314
2038-11-05,12.09,7.81,47.29,317.12,91.9,101.3,0,1.348
2038-11-06,15.19,10.21,59.55,330.99,90.3,100.7,0,2.372
2038-11-07,15.53,6.25,45.92,312.68,89.3,100.1,0.8,1.76
2038-11-08,12.39,4.47,75.33,280.15,86.3,100.3,0,0.69
2038-11-09,12.69,5.85,61.11,297.51,83.9,100.1,0,3.571
2038-11-10,13.28,9.47,63.41,321.46,82.5,99.3,0,5.997
2038-11-11,12.95,7.27,9.29,339.28,90.9,99.4,16.45,5.359
2038-11-12,7.52,4.73,67.79,276.04,64,99.9,0,6.311
2038-11-13,8.09,4.44,49.77,289.96,65.4,100.2,0,4.239
2038-11-14,7.97,2.47,71.23,253.82,86.7,100.5,0,0.735
2038-11-15,7.65,1.62,52.05,266.89,87.6,100.8,0,1.092
2038-11-16,6.87,1.6,62.04,263.89,79.1,100.4,0,4.217
2038-11-17,4.49,-0.06,20.61,290.83,92.6,100.1,4.58,2.672
2038-11-18,5.37,-0.21,46.6,272.36,93.7,101,0,0.835
2038-11-19,7.3,2.87,55.22,275.36,91.7,101.7,0,1.348
2038-11-20,7.2,2.88,39.74,293.06,83.6,101.7,0,1.223
2038-11-21,6,3.1,33.92,306.9,83,101.5,0,1.531
2038-11-22,5.85,2.81,31.55,304.43,86.6,101.1,0.53,2.369
2038-11-23,5.55,1.9,39.52,288.3,92.1,100.2,0,3.177
2038-11-24,4.67,2.51,24.48,300.61,91.8,99.7,1.26,3.279
2038-11-25,6.2,2.49,29.37,308.42,84.4,99.8,1.06,5.479
2038-11-26,4.17,1.21,50.38,285.72,80.1,100.1,0.75,4.349
2038-11-27,2.54,-2.48,46.22,239.55,75.7,100.9,0,2.728
2038-11-28,1.94,-2.58,34.87,265.16,83.9,101,0,0.642
2038-11-29,2.33,-1.8,37.13,266.34,87.8,100.8,0,0.608
2038-11-30,1.23,-4.36,38.7,259.94,92.1,100.5,0.11,0.571
2038-12-01,2.64,-3.63,33.14,255.7,84,100.1,0,3.952
2038-12-02,0.76,-5.95,57.07,218.2,82.7,100.6,0,1.47
2038-12-03,3.79,-0.65,27.84,294.73,95.1,100.2,1.79,0.764
2038-12-04,5.34,-0.89,34.07,274.05,98.2,100.5,0,1.638
2038-12-05,4.69,-1,48.21,261.53,96,101,0,3.106
2038-12-06,5.17,2.14,52.38,263.05,76.2,99.9,1.03,5.657
2038-12-07,11.26,3.6,7.85,341.4,99.4,98.1,22.22,1.569
2038-12-08,11.22,9.51,16.92,350.21,100,98.2,2.34,1.776
2038-12-09,11.01,8.5,14.69,320.26,95.8,98.5,8.1,2.539
2038-12-10,11.2,8.61,7.26,341.39,98.1,98.2,25.87,2.956
2038-12-11,12.16,10.46,20.97,345.38,96.7,97.2,7.45,1.509
2038-12-12,11.81,10.76,14.1,349.97,96.2,97.5,7.11,1.519
2038-12-13,12.02,10.59,18.18,356.93,98.9,97,12.41,1.31
2038-12-14,11.51,9.35,16.6,338.14,98.2,97.9,5.42,1.906
2038-12-15,11.57,8.8,10.68,343.07,96.6,98.5,24.08,1.919
2038-12-16,11.5,8.51,23.19,330.61,92.5,98.3,2.04,1.391
2038-12-17,12.13,7.12,8.09,328.77,95.7,99.3,13.88,2.349
2038-12-18,12.02,10.93,9.38,355.73,98.6,99.2,24.71,1.767
2038-12-19,12.05,9.97,16.98,346.41,95,98.9,24.42,2.011
2038-12-20,11.37,8.4,44.32,298.07,93.4,100.6,0,2.178
2038-12-21,11.99,10.73,24.14,342.7,94.7,101.5,0.45,2.476
2038-12-22,10.96,8.7,14.82,329.82,91.9,101.3,0,1.384
2038-12-23,11.15,9.31,22.53,346.28,95.5,100.7,3.8,1.312
2038-12-24,11.19,1.99,25.84,299.81,96.8,101.2,3.33,0.682
2038-12-25,9.13,1.13,28.43,297.96,76.8,101.5,0,1.669
2038-12-26,9.15,6.89,21.82,325.92,90.3,101,1.7,1.303
2038-12-27,12.12,7.33,26.21,337.1,93.8,100.1,11.29,1.729
2038-12-28,12.89,8.39,7.09,347.27,92.8,98.7,50.39,2.321
2038-12-29,10.18,7.09,41.64,291.53,79.1,98.5,2.18,3.078
2038-12-30,8.47,4.06,34.83,275.36,77.5,99.1,7.82,2.562
2038-12-31,9.71,3.25,26.09,286.43,80.8,98.7,15.47,1.706
2039-01-01,10.96,2.43,17.46,302.57,84,98.3,23,1.423
2039-01-02,9.61,7.52,30.25,299.43,82,96,0,3.59
2039-01-03,12.59,6.12,22.65,309.06,86.5,96.8,12.87,2.328
2039-01-04,12.55,6.29,29.81,303.46,78.7,96.2,2.51,4.815
2039-01-05,9.98,5.05,43.4,288.23,77.5,97.7,11.85,1.946
2039-01-06,9.75,2.24,26.04,299.24,86.5,97,6.32,1.42
2039-01-07,7.11,0.13,51.12,262.24,82.1,100,0,0.536
2039-01-08,10.85,6.87,5.03,320.36,89.5,99.6,24.58,2.096
2039-01-09,11.78,5.54,31.29,306.35,91.7,100,10.54,1.628
2039-01-10,12.41,9.65,44.88,319.9,94.5,100.4,2.96,1.72
2039-01-11,12.22,10.73,32.93,325.61,93.4,100.7,4.99,1.594
2039-01-12,13.59,10.49,43.55,299.66,81.2,100.3,0,1.829
2039-01-13,12.1,9.92,48.19,316.86,92.5,100.7,0,2.249
2039-01-14,12.66,10.66,19.49,341.8,91,100.5,0.65,1.56
2039-01-15,12.92,6.66,23.5,308.02,80.8,99.9,6.05,2.637
2039-01-16,11.74,8.53,9.85,345,86.3,98.2,26.18,4.436
2039-01-17,8.9,5.97,41.55,277.27,69.8,97.2,0,4.361
2039-01-18,8.69,4.83,50.32,269.91,74.6,97.5,0,3.193
2039-01-19,8.88,4.04,32.91,305.97,89.8,98,3.59,1.299
2039-01-20,9.57,5.55,53.4,286.98,78.5,97.5,0.59,3.941
2039-01-21,6.95,3.88,54.49,266.72,68.9,98.4,1.47,3.505
2039-01-22,6.96,0.51,58.42,263.71,85.6,98.4,0,1.284
2039-01-23,6.81,1.47,66.93,257.58,78.8,99.8,0,0.346
2039-01-24,10.05,5.06,41.01,300.46,87.7,98.4,17.49,1.778
2039-01-25,11.85,3.62,40,313.16,82,98.2,12.12,3.67
2039-01-26,6.71,1.89,58.77,265.53,86.6,98.2,1.02,2.496
2039-01-27,7.72,3.54,55.47,272.39,77.2,99.9,0,2.311
2039-01-28,9.25,3.77,24.91,312.27,89.8,99.2,12.18,3.078
2039-01-29,7.4,2.18,43.61,288.75,82.4,97.1,1.91,3.755
2039-01-30,7.91,4.05,76.15,276.45,77.2,99.3,1.02,2.04
2039-01-31,9.03,2.1,44.16,301.57,92.2,101,0.29,1.375
2039-02-01,10.91,6.01,49.28,312.18,97,101.5,0.45,1.52
2039-02-02,9.84,7.65,46.91,323.27,94.1,101.4,0.7,1.007
2039-02-03,9.36,4.41,74.98,289.49,92.8,100.6,0.57,1.498
2039-02-04,8.92,2.41,43.34,296.33,93.9,100.2,0.24,0.754
2039-02-05,7.02,1.64,50.71,302.48,94,100.9,0.21,1.255
2039-02-06,7.75,4.27,53.37,305.23,78,102.1,0,3.726
2039-02-07,6.59,1.54,72.88,274.73,71.8,102.1,0,4.649
2039-02-08,4.38,1.74,44.77,307.27,89.9,101.3,1.14,3.669
2039-02-09,9.97,3.78,63.33,303.45,95.6,100.8,0.22,1.67
2039-02-10,7.38,3.2,66.51,296.18,94.7,100.9,0,2.89
2039-02-11,9.63,3.34,69.08,293.05,89.4,100.8,0,3.729
2039-02-12,8.62,5.56,51.59,310.59,84.1,100.3,0,4.335
2039-02-13,8.36,4.19,55.07,305.56,89.2,100.7,0,2.318
2039-02-14,8.81,2.83,95.39,282.53,88.6,101.5,0,2.766
2039-02-15,7,3.85,62.19,307.44,87.1,101.5,0.3,2.825
2039-02-16,5.04,2.08,63.28,299.03,85.1,101.6,0.54,1.773
2039-02-17,6.77,1.86,87.3,281.08,83.6,101.9,0,1.997
2039-02-18,8.51,1.62,109.71,273.02,90.1,101.6,0,1.698
2039-02-19,10.9,5.11,62.5,326.94,93.4,101.2,0.66,1.892
2039-02-20,8.34,5.59,56.92,321.63,96.7,100.6,3.55,3.001
2039-02-21,8.55,3.8,45.84,321.63,97.7,99.2,14.56,1.727
2039-02-22,5.74,1.71,43.76,297.01,83.3,99.7,7.39,4.901
2039-02-23,5.26,-0.1,89.9,260.97,73.8,100.9,0,0.418
2039-02-24,7.44,-0.16,70.18,276.78,83,100.2,0.64,1.652
2039-02-25,7.39,2.2,105.93,271.91,70.1,100.5,0,1.188
2039-02-26,6.64,0.84,99.07,275.66,79.1,101.2,0,1.657
2039-02-27,6.39,2.19,70.91,289.8,79.2,101,0.31,3.955
2039-02-28,7.26,0.36,142.55,245.29,66.5,101.6,0,3.468
2039-03-01,7.64,-1.11,146.78,236.17,79.6,102.1,0,1.967
2039-03-02,4.7,-0.49,93.52,281.53,82.6,102.2,0.1,1.469
2039-03-03,5.28,1.1,86.14,298.57,88.4,102,0,0.832
2039-03-04,5.47,3.08,62.45,310.88,93.8,101.7,0.45,1.957
2039-03-05,8.47,3.19,89.07,308.6,89.7,101.3,0.45,3.147
2039-03-06,8.32,0.89,149.7,253.04,84,101.4,0,2.606
2039-03-07,7.82,0.95,114.34,286.96,83.3,101.4,0,1.568
2039-03-08,7.74,2.41,62.08,303.19,94.5,100.4,2.69,0.764
2039-03-09,6.61,3.55,97.88,283.16,78.9,100.5,0,0.61
2039-03-10,8.48,2.92,95.79,304.1,72.9,100.7,0,1.322
2039-03-11,8.21,4.6,85.45,301.79,85,100.1,0.65,1.511
2039-03-12,7.76,3.13,108.47,285.62,78.7,100.2,0.03,0.719
2039-03-13,9.98,2.84,97.78,292.99,85.8,99.9,0,1.546
2039-03-14,8.52,1.91,90.13,290.45,88.9,99.6,0.2,0.489
2039-03-15,8.99,3.45,74.74,304.34,88.1,99,0.38,1.122
2039-03-16,8.64,3.98,60.21,299.77,94.1,98.6,4.98,2.084
2039-03-17,9.49,3.07,115.79,290.6,84.5,99.2,0,0.761
2039-03-18,11.66,5.17,75.32,322.18,84.4,98.4,7.89,0.93
2039-03-19,10.31,6.85,65.63,331.03,90.1,99.1,1.86,1.654
2039-03-20,12.88,9.59,87.97,347.85,98.3,99.3,0.37,1.456
2039-03-21,12.31,9.64,82.85,342.8,90.7,98.5,17.13,2.111
2039-03-22,11.88,9.77,70.92,347.18,95.5,98.3,23.12,2.777
2039-03-23,11.52,10.29,35.62,354.43,98.3,98.1,11.86,2.832
2039-03-24,12.13,10.05,76.88,339.56,95.4,97.7,5.9,3.073
2039-03-25,11.12,9.53,30.66,337.7,96.4,97.6,18.31,1.576
2039-03-26,13.27,9.14,129.98,320.82,90.6,98.4,2.74,2.451
2039-03-27,13.28,9.07,155.77,315.99,90.6,98.4,7.45,1.867
2039-03-28,11.06,7.88,78.86,317.81,94.3,98,15.95,1.731
2039-03-29,12.01,7.05,107.28,317.83,84.5,99.2,4.91,2.305
2039-03-30,13.05,10.75,88.8,344.46,90.6,98.9,3.89,3.054
2039-03-31,11.63,6.44,58.33,316.1,90,97.8,9.19,0.862
2039-04-01,10.12,4.11,125.36,315.21,87.3,97.4,14.48,1.588
2039-04-02,10.09,1.99,160.07,266.86,63.7,100.3,0,1.117
2039-04-03,9.94,1.12,130.29,286.9,65.8,100.7,0,1.928
2039-04-04,10.06,3.56,206.05,261.32,67.9,99.9,0,3.134
2039-04-05,10.5,3.9,108.41,304.41,83.5,99.9,1.86,1.32
2039-04-06,10.58,4.87,176.6,285.91,66.1,101.4,0,2.199
2039-04-07,12.15,4.08,207.51,287.66,85,101.7,0,1.453
2039-04-08,10.97,7.38,125.61,310.72,85.1,100.6,7.53,1.269
2039-04-09,12.17,5.91,118.44,315.23,83.5,99.9,7.38,0.619
2039-04-10,9.96,3.17,134.46,292,81.5,99.5,3.71,1.813
2039-04-11,9.34,3.69,114.35,303.11,87.7,98.7,17.65,1.432
2039-04-12,10.15,7.9,73.2,336.85,95.8,97.9,15.51,4.132
2039-04-13,11.02,5.96,93.85,310.72,90.7,98.6,7.61,2.029
2039-04-14,14.72,6.6,172.37,314.15,80.3,99.6,1.88,2.612
2039-04-15,12.26,5.97,143.45,313.91,73.2,100.5,0,2.657
2039-04-16,14.54,7.01,194.68,307.86,70.1,100.8,0,2.518
2039-04-17,14.88,4.34,258.52,266.15,75,100.9,0,1.857
2039-04-18,14.68,6.03,253.38,270.91,73.1,100.7,0,1.362
2039-04-19,16.52,5.11,214.78,290.65,75,100.8,0.05,0.528
2039-04-20,15.11,6.08,178.25,296.57,87,101.1,0.43,0.657
2039-04-21,14.65,4.62,193.82,298.8,82.8,101,0,0.498
2039-04-22,15.41,6.07,246.93,282.38,76.4,101.2,0,2.835
2039-04-23,16.04,5.29,262.37,279.27,71.9,101.4,0,3.469
2039-04-24,15.63,6.27,256.68,273.68,68.8,101.4,0,4.204
2039-04-25,16.54,5.83,254.67,286.39,70,101.3,0,3.961
2039-04-26,14.59,7.39,257.05,278.18,57.4,101.2,0,4.713
2039-04-27,15.42,7.09,191.75,309.41,62,100.7,0,4.618
2039-04-28,16.13,6.73,223.18,293.76,61.3,100.2,0,5.476
2039-04-29,15.09,8.97,135.41,335.75,82.9,99.8,18.11,5.445
2039-04-30,14.02,6.66,150.19,308.62,92.7,99.9,2.93,1.276
2039-05-01,15.65,6.38,252.42,294.22,84.2,100.5,0,0.855
2039-05-02,15.7,5.6,214.61,298.34,87.8,100.7,0,0.545
2039-05-03,13.87,8.81,215.43,306.18,87.9,100.9,0,1.012
2039-05-04,14.21,8.59,136.38,330.8,91.6,101,3,1.419
2039-05-05,16.57,7.94,248.87,289.38,78.7,101,0,1.058
2039-05-06,16.19,6.36,261.94,286.64,80.1,101,0,0.766
2039-05-07,16,9.71,197.09,328.99,88.5,101,0,0.783
2039-05-08,17.95,10.18,171.32,336.32,85.6,101,2.03,0.304
2039-05-09,18.83,8.97,248.47,306.96,82.4,100.9,0,0.343
2039-05-10,20.1,9.09,278.47,309.6,77.5,100.7,0,3.346
2039-05-11,16.2,9.12,228.62,306.09,74.7,100.6,1.14,2.461
2039-05-12,13.66,7.31,170.46,309.37,70.1,101.6,0,1.348
2039-05-13,15.01,6.4,237.06,294.12,75.9,101.7,0,0.224
2039-05-14,17.03,6.56,236.56,290.83,75.9,101.2,0,1.808
2039-05-15,19.5,10.47,171.72,332.98,77.8,100.6,0,0.672
2039-05-16,22.98,10.56,264,329.1,75.3,100.4,0,0.407
2039-05-17,22.09,12.23,294.4,325.13,77.5,100.1,1.05,0.219
2039-05-18,16.35,9.32,263.6,301.05,71.4,101,0.58,0.934
2039-05-19,16.22,6.74,316.36,288.91,79.2,101.2,0,1.117
2039-05-20,17.71,10.09,232.58,317.46,78.3,101.1,0.29,1.801
2039-05-21,15.16,7.6,260.79,286.41,71.8,101.5,0,1.018
2039-05-22,19.26,6.31,268.6,306.06,77,101.2,0,1.57
2039-05-23,15.84,10.36,282.02,307.49,73,100.8,0.18,2.454
2039-05-24,15.92,8.56,214.66,322.5,70.1,100.8,0,2.222
2039-05-25,16.99,13.29,271.31,336.22,76,100.1,0.02,2.894
2039-05-26,13.95,7.55,216.23,313.26,67.8,99.8,3.5,0.901
2039-05-27,11.27,6.37,227.18,293.61,56.4,100.6,0.59,0.741
2039-05-28,11.77,4.22,211.88,282.79,53.9,100.9,0.05,0.453
2039-05-29,15.07,6.19,156.62,323.62,82.6,100.7,4.04,1.714
2039-05-30,19.75,11.35,318.25,310.08,76.6,100.8,0,1.508
2039-05-31,20.18,10.55,306.58,307.67,79.9,100.9,0,1.131
2039-06-01,20.62,9.75,294.92,305.24,83.2,101.1,0,0.755
2039-06-02,22.51,10.8,329,304.09,78.5,101.2,0,1.134
2039-06-03,20.25,9.96,296.09,303.34,80.8,101.3,0,1.623
2039-06-04,20.24,8.63,323.54,292.41,78.8,101.2,0,1.214
2039-06-05,20.53,9.14,292.55,295.25,72.4,100.3,0,1.684
2039-06-06,16.96,9.51,157.1,327.65,85.4,99.5,5.6,0.827
2039-06-07,13.42,8.58,96.94,332.98,87.7,98.9,17.98,1.941
2039-06-08,16.53,11.05,297.5,295.02,76.4,99.2,0,1.959
2039-06-09,17.72,10.77,318.01,294.27,74.8,100,0,0.867
2039-06-10,21.55,10.94,284.92,334.71,78.3,100.2,1,1.659
2039-06-11,20.39,14,126.15,355,91.1,100.2,4.92,0.176
2039-06-12,24.78,15.57,306.94,344.41,81.5,100,0,0.511
2039-06-13,25.63,16.19,200.26,368.18,87.6,99.7,6.5,0.472
2039-06-14,25.44,15.74,340.74,329.42,73,100,0,0.656
2039-06-15,28.23,16.33,253.31,363.07,72.5,99.9,1.86,2.438
2039-06-16,30.33,16.8,330.02,362.19,70.7,99.7,2.14,3.271
2039-06-17,27.37,15.78,308.93,346.73,68,99.6,0,0.164
2039-06-18,23.34,15.36,267.16,340.69,74.9,100.3,0,1.202
2039-06-19,22.43,14.02,291.13,328.95,68.3,100.9,0.22,2.446
2039-06-20,21.17,11.19,340.39,290.35,63,100.9,0,3.663
2039-06-21,20.84,11.49,330.1,292.31,66.7,100.7,0,2.246
2039-06-22,21.14,10.79,301.08,309.37,72.5,100.7,0,1.538
2039-06-23,22.38,12.04,323.87,308.55,70,100.5,0,1.596
2039-06-24,22.04,10.6,290.13,309.18,75.8,100.6,0,0.553
2039-06-25,22.53,11.83,267.4,324.82,76,100.5,0,0.707
2039-06-26,24.31,14.5,285.3,335.83,71.7,100.4,0,1.483
2039-06-27,23.75,12.46,285.02,319.58,72.5,100.8,0,1.056
2039-06-28,23.87,13.67,333.91,309.31,70.7,101,0,0.216
2039-06-29,27.05,13.13,297.33,333.31,67.5,100.5,0,0.736
2039-06-30,23.9,14.49,232.03,349.67,73.5,100,0.35,2.122
2039-07-01,21.02,13.88,273.33,323,64.1,100.4,0,2.261
2039-07-02,20.9,13.73,252.47,329.51,69.4,100.6,0,0.961
2039-07-03,24.75,13.52,320.11,318.84,63.2,100.6,0,1.107
2039-07-04,25.25,15.66,330.77,320.14,63.9,100.6,0,3.353
2039-07-05,26.74,13.09,333.27,318.83,68.3,100.3,0,0.814
2039-07-06,26.13,16.63,326.86,320.38,62.2,100.1,0,0.668
2039-07-07,24.69,14.72,274.85,327.81,62.5,100.2,0,1.151
2039-07-08,20.42,13.86,261.46,320.99,60,100.3,0,1.768
2039-07-09,20.01,10.45,258.38,303.63,61.9,100.2,0.2,1.872
2039-07-10,17.47,11.04,158.44,325.69,64.7,99.9,0.13,1.413
2039-07-11,19.75,12.27,178.5,329.01,62.8,100.2,0.78,0.348
2039-07-12,21.63,9.53,260.37,301.32,59.1,100.7,0,1.274
2039-07-13,19.62,11.45,153.51,342.43,81.8,100.6,2.09,1.348
2039-07-14,22.93,14.78,176.71,368.78,83,99.8,2.7,2.622
2039-07-15,22.1,14.15,254.47,338.44,73.3,99.2,2.13,2.947
2039-07-16,20.94,13.29,260.02,319.75,68.8,99.5,0.74,2.969
2039-07-17,19.51,11.82,217.56,313.05,68.2,99.9,1.04,2.154
2039-07-18,21,9.54,267.71,301.41,66.7,100.2,0.44,0.945
2039-07-19,18.59,11.9,138.36,353.14,86.5,99.5,12.37,2.322
2039-07-20,21.3,13.59,228.83,328.32,73.3,99.1,0.85,2.283
2039-07-21,20.73,10.76,264.57,307.32,67.4,100,0,0.883
2039-07-22,21.23,11.76,144.35,365.15,93.3,100.1,5.68,1.516
2039-07-23,21.68,14.41,185.99,350.68,79.2,100.2,0.27,2.043
2039-07-24,22.05,12.74,240.64,332.37,81.4,100.5,0,0.991
2039-07-25,23.8,16.83,246.59,362.18,88.9,100.4,0.15,1.672
2039-07-26,24.06,16.88,221.41,364,85.6,100.2,0.61,0.745
2039-07-27,24.39,16.24,272.97,336.47,67.6,100.2,0.14,0.61
2039-07-28,23.46,13.51,270.36,315.48,67.5,100.7,0.62,0.541
2039-07-29,23.95,13.18,274.12,316.27,71.2,100.7,0,0.494
2039-07-30,25.63,15.67,254.48,337.16,70.6,100.5,0.52,0.268
2039-07-31,26.21,16.15,261.42,340.4,70.3,100.5,0.45,0.274
2039-08-01,26.78,16.64,268.39,343.72,69.9,100.5,0.39,0.38
2039-08-02,26.86,16.55,273.45,344.86,67.9,100.6,0,0.478
2039-08-03,27.14,17.14,237.44,351.17,68.8,100.5,0,0.409
2039-08-04,27.36,17.64,265.99,344.18,66.1,100.3,0.57,0.482
2039-08-05,26.23,16.75,304.22,316.55,56.9,100.7,0,1.683
2039-08-06,24.83,12.23,308.92,287.49,56.2,100.9,0,1.311
2039-08-07,26.83,13.49,251.78,329.46,64.2,100.5,0,0.857
2039-08-08,25.73,15.55,214.33,350.39,77.5,100.2,0,1.167
2039-08-09,24.09,16.45,169.99,370.28,84.1,99.9,0.3,1.723
2039-08-10,25.76,15.94,226.18,350.93,71.3,99.8,0.11,2.144
2039-08-11,23.22,13.16,269.58,305.58,65.1,100.1,0,1.335
2039-08-12,22.84,12.83,181.96,339.15,71,99.6,1.68,2.4
2039-08-13,21.07,10.88,215.98,304.39,60.6,100.4,0,0.993
2039-08-14,21.02,8.83,187.44,310.75,65.8,100.7,0,0.827
2039-08-15,22.2,10.02,238.91,311.75,67.5,101,0,0.588
2039-08-16,21.81,16.12,89.63,383.04,88.5,100.6,2.92,1.576
2039-08-17,22.37,14.56,260.36,314.59,67.1,100.6,0,1.623
2039-08-18,22.85,11.26,252.37,321.55,76.6,101,0,0.935
2039-08-19,22.19,14.86,219.17,339.81,88.1,100.7,0,0.803
2039-08-20,20.45,12.78,169.27,327.75,73.1,100.5,0.64,1.585
2039-08-21,19.7,10.32,213.38,296.07,61.8,100.9,0.24,1.912
2039-08-22,20.03,9.36,184.79,308.61,63.7,100.8,0,1.522
2039-08-23,20.69,15.51,89.12,376.41,92.7,99.9,8.3,2.371
2039-08-24,19.9,12.68,193.67,317.07,72.1,99.8,0.76,2.457
2039-08-25,19.29,11.04,205.87,294.1,63.4,100.5,0,1.775
2039-08-26,18.36,7.36,166.67,311.42,73.1,100.7,0,0.759
2039-08-27,20.67,14.6,88.83,371,88.1,101,2.34,1.008
2039-08-28,20.29,11.23,223.38,307.92,69.7,101.4,0.32,0.583
2039-08-29,21.16,13.39,194.53,329.7,73.2,101.4,0,0.94
2039-08-30,22.7,11.57,240.4,310.95,75.5,101.3,0,0.423
2039-08-31,23.26,12.43,213.43,321.56,77.8,101.2,0,0.861
2039-09-01,23.82,13.3,187,331.92,80.1,101.1,0,1.292
2039-09-02,21.08,13.41,206.35,313.82,72.1,101,0,1.063
2039-09-03,23.33,9.23,230.02,307.21,73.6,101.2,0,0.771
2039-09-04,22.7,13.22,168.22,326.37,75.8,101.2,0,1.597
2039-09-05,22.13,10.58,150.51,332.33,79.8,101.4,0.25,1.069
2039-09-06,23.93,12.98,166.09,339,79.7,101.5,0,0.173
2039-09-07,24.69,14.19,187.57,335.23,78.2,101.3,0,0.795
2039-09-08,26.18,14.1,191.65,337.14,73,100.9,0,0.124
2039-09-09,23,14.89,178.58,333.97,74.9,100.9,0,0.704
2039-09-10,25.03,12.99,206.37,323.9,75.7,100.9,0,1.338
2039-09-11,23.14,13.48,199.97,323.61,80.3,100.8,0,1.166
2039-09-12,22.96,12.74,153.99,338.47,80.3,100.6,0,2.065
2039-09-13,23.44,14.99,172.67,342.1,77,100,0,0.272
2039-09-14,22.9,14.75,174.84,330.38,70.4,99.8,0.06,2.135
2039-09-15,20.29,16.21,112.6,363.86,85.5,99.2,2.72,3.521
2039-09-16,20.75,12.14,127.91,345.12,82.3,98.8,19.69,1.503
2039-09-17,18.51,9.69,145.04,311.68,76.5,99.3,0,0.903
2039-09-18,20.63,11.23,115.02,344.39,80.2,99.6,3.13,1.068
2039-09-19,21.5,16.4,135.36,362.94,86,99.4,8.3,2.785
2039-09-20,19.47,16.27,72.38,368.65,96.2,100.1,9.19,1.399
2039-09-21,20.21,14.13,148.46,338.38,75.4,99.6,4.05,3.615
2039-09-22,17.32,11.04,128.63,322.26,71.8,99.5,2.91,0.557
2039-09-23,18.75,12.22,123.58,344.1,82.4,98.2,16.58,2.319
2039-09-24,19.34,12.61,97.09,356.54,82.4,99.5,3.34,4.334
2039-09-25,18.75,12.95,81.67,358.36,92.5,99.4,8.77,1.36
2039-09-26,19.07,13.19,150.77,321.95,88.3,99.8,0.69,1.562
2039-09-27,16.42,9.77,154.7,303.61,80.7,100.6,0,0.317
2039-09-28,18.44,9.04,163.53,305.18,86,100.9,0,1.151
2039-09-29,18.12,12.63,146.51,322.26,90.1,100.7,0,0.923
2039-09-30,16.15,10.41,150.1,298.4,77.5,100.5,1.08,2.042
2039-10-01,15.13,8,147.47,277.5,69,101.8,0,0.521
2039-10-02,15.29,5.8,159.2,276.16,71.7,102,0,1.133
2039-10-03,16.7,8.26,143.71,304.97,79.1,101.8,0,1.443
2039-10-04,16.38,10.26,90.79,337.78,82.6,101.4,0,0.367
2039-10-05,17.48,9.2,107.21,322.05,87.1,100.8,0,0.788
2039-10-06,16.18,10.75,82.16,340.17,84.5,100.5,0,1.262
2039-10-07,16.41,11.14,78.19,332.99,92.5,100.3,5.41,2.138
2039-10-08,18.06,9.96,85.25,319.98,88.3,100.1,0,1.572
2039-10-09,19.75,9.06,131.22,302.44,83.6,99.7,0,1.627
2039-10-10,16.44,10.21,39.43,338.95,96.2,99.3,4.66,0.238
2039-10-11,15.76,10.12,122.29,302.5,75.7,100,0,2.629
2039-10-12,17.27,10.98,93,317.62,80.4,100.8,0,2.664
2039-10-13,19.44,12.68,119.72,322.2,83.9,100.7,0,2.194
2039-10-14,17.38,11.35,101.4,325.08,83.5,100.7,0,1.626
2039-10-15,17.66,10.52,87.86,328.04,90.7,100.6,1.1,1.204
2039-10-16,16.76,10.75,89.86,341.2,90,100.1,0,1.278
2039-10-17,16.79,11.52,46.1,359.22,92.2,98.4,20.19,3.262
2039-10-18,15,9.86,107.34,288.83,75.1,98,0.41,3.069
2039-10-19,12.54,8,85.11,290.11,75.7,98.5,1.27,2.477
2039-10-20,12.14,7.49,109.5,280.99,70.1,99,0.39,2.834
2039-10-21,12.8,7.1,55.63,324.15,72.4,99.8,14.06,0.49
2039-10-22,16.72,10.51,53.4,362.44,95.6,98.7,1.71,0.988
2039-10-23,17.04,16.02,46.67,381.92,97.6,99.7,3.76,3.13
2039-10-24,16.65,7.8,103.69,296.78,81,101,0.23,1.266
2039-10-25,14.35,5.18,103.25,283.57,83.7,101.8,0,0.633
2039-10-26,14.52,6.4,103.89,285.18,82.7,101.7,0,2.568
2039-10-27,15.19,8.72,102.89,297.96,79.1,101.2,0,4.863
2039-10-28,12.83,10.3,35.5,351.79,95.9,100.8,2.21,3.971
2039-10-29,14.01,10.77,51.17,345.87,95.7,100.5,0.69,3.444
2039-10-30,16.86,11.22,76.36,330.2,94.1,100.1,0,3.89
2039-10-31,15.48,12.02,44.29,346.28,96.2,99.8,16.04,3.574
2039-11-01,14.09,12.82,13.14,362.73,98.3,99.5,32.07,3.264
2039-11-02,14,10.51,46.66,346.55,94.5,99.6,0.38,2.007
2039-11-03,11.79,8.71,57.03,323.12,85.9,100.8,0,1.611
2039-11-04,13.94,10.12,45.09,339.2,90.9,101.3,0.11,1.152
2039-11-05,13.91,10.78,52.71,331.71,87.2,100.6,0,2.644
2039-11-06,15.24,10.77,71.17,307.6,86.5,99.8,0,3.26
2039-11-07,12.23,6.74,78.11,291.44,80.2,100,0.08,0.516
2039-11-08,10.37,4.03,79.82,266.63,76.4,100.7,0,3.291
2039-11-09,9.54,4.04,39.31,296.45,87.5,100.7,0.17,4.072
2039-11-10,10.24,7.86,33,316.52,73.7,100.4,0,4.717
2039-11-11,13,8.49,18.11,324.05,81.4,99.6,28.97,5.515
2039-11-12,13.1,11.97,12.25,358.9,93.9,99.5,33.74,4.738
2039-11-13,13.03,10.22,43.83,324.85,88.2,99.9,2.17,5.442
2039-11-14,12.74,6.75,69.66,277.06,84.7,100.8,0,4.071
2039-11-15,9.63,3.46,65.74,257.51,86.7,101.2,0,3.928
2039-11-16,8.51,3.13,48.51,301.71,89.3,101.7,0.45,3.749
2039-11-17,9.65,5.29,53.97,301.78,90.7,101.8,0,3.264
2039-11-18,9.92,4.19,45.65,283.54,96,101.9,0,2.452
2039-11-19,8.94,4.37,36.32,305.8,95.6,101.6,0.54,2.623
2039-11-20,9.44,6.1,23.13,321.93,94.2,101.1,0.62,2.501
2039-11-21,9.06,5.13,29.95,307.54,92.7,101,0.03,2.374
2039-11-22,7.66,3.74,37.53,288.79,96.8,101.1,0.31,2.874
2039-11-23,11.81,3.87,53.3,308.74,95.3,100.7,0.93,1.756
2039-11-24,12.96,6.27,40.28,322.28,97.8,100.2,5.62,0.676
2039-11-25,9.88,5.62,19.19,320.03,99.8,100.3,1.43,0.23
2039-11-26,12.42,5.46,28.53,308.47,94.2,100,11.19,1.852
2039-11-27,13.85,8.44,19.09,316.49,90.7,98.7,17.33,2.296
2039-11-28,12.24,6.24,48.29,283.29,81.3,97.3,0.54,3.875
2039-11-29,9.22,6.02,32.23,299.67,67.1,98.9,0,3.148
2039-11-30,12.79,5.34,7.7,306.97,85.4,99.2,16.64,2.098
2039-12-01,12.35,7.98,49.17,296.37,90.7,99.5,1.36,1.99
2039-12-02,14.32,11.5,20.57,348.86,94.3,98.5,26.17,2.292
2039-12-03,12.19,7.81,44.56,299.13,84.2,97.8,15.7,2.646
2039-12-04,10.17,6.15,30.23,281.57,84.4,98,0.37,2.16
2039-12-05,7.01,2.15,26.54,273.77,71.9,99.6,0,0.781
2039-12-06,4.91,-0.54,50.89,237.26,72.1,100.6,0,0.741
2039-12-07,6.85,-2.27,49.74,265.04,77.7,100.6,0,0.591
2039-12-08,12.53,6.11,15.04,331.5,94.8,99.4,20.86,1.521
2039-12-09,12.8,9.3,17.86,320.67,90.5,99.4,2.81,2.964
2039-12-10,10.67,4.78,48.43,279.84,90.2,99.9,1.3,1.94
2039-12-11,9.1,-0.48,40.06,262.52,91,100.8,0,0.867
2039-12-12,8.48,-1.18,46.24,271.39,92.9,101.3,0,1.696
2039-12-13,8.11,4.39,21.89,308.11,85.6,100.8,0,2.536
2039-12-14,6.44,3.13,47.55,274.46,86.9,100.7,0,4.416
2039-12-15,4.95,0.06,34.61,268.14,79.1,100.5,0,5.829
2039-12-16,4.13,-1.11,41.4,268.3,70.3,99.5,0,7.734
2039-12-17,3.69,0.67,15.42,300.78,87.6,99.2,0.23,5.379
2039-12-18,6.29,3.75,10.1,322.39,97.4,98.1,3.11,6.584
2039-12-19,11.44,6.21,17.57,342.01,97.8,97.6,18.92,4.522
2039-12-20,10.9,9.36,23.76,338.18,97.3,97.4,6.6,4.384
2039-12-21,11.01,9.18,17.68,345.88,99.9,97.7,2.32,2.918
2039-12-22,10.61,8.99,5.08,344.12,96,97.3,26.68,4.574
2039-12-23,11.4,8.82,18.77,322.45,93.8,97.1,14.82,1.505
2039-12-24,11.32,9.32,39.33,313.61,96.2,97.9,11.34,1.786
2039-12-25,11.36,9.27,28.39,311.25,96.6,99,7.49,1.335
2039-12-26,12.9,9.44,8.32,350.4,95,98.2,27.53,3.213
2039-12-27,12.86,11.29,13.4,341.69,94.5,97.7,14.76,1.866
2039-12-28,11.86,9.72,22.62,337.9,94.2,98.1,37.44,1.134
2039-12-29,10.69,7.94,28.16,322.09,96.5,98.3,3.61,0.356
2039-12-30,9.31,6.46,22.32,315.93,98.7,98.7,0,3.085
2039-12-31,8.78,5.64,22.51,312.66,97,98.9,0,2.438
2040-01-01,8.25,4.82,22.7,312.78,95.2,99.1,0,1.792
2040-01-02,11.52,7.65,40.38,310.51,80.4,98.1,16.53,1.687
2040-01-03,11.03,9.51,14.47,336.24,82.8,97.3,28.35,2.798
2040-01-04,10.65,6.98,35.26,293.55,89.8,97.9,0.94,3.249
2040-01-05,9.57,5.67,47.38,287.9,91.4,100.3,0.29,1.461
2040-01-06,9.27,3.69,43.79,281.16,81.4,101.4,0,1.245
2040-01-07,12.12,5.38,24.59,332.37,89.3,100.8,1.65,2.434
2040-01-08,11.44,10.5,13.36,352.01,95.3,99.8,9.67,2.89
2040-01-09,11,4.54,20,322.43,89.6,97.5,34.36,3.226
2040-01-10,5.99,1.85,53.48,259.66,74.9,99.1,0,1.085
2040-01-11,4.76,0.12,27.69,267.86,90.2,100.2,0.76,0.837
2040-01-12,9.37,0.29,28.43,292.87,93.8,100,5.22,0.962
2040-01-13,8.64,3.91,45.89,281.69,94,100.9,0,0.827
2040-01-14,11.3,7.06,35.99,333.88,96.4,101.3,3.76,2.09
2040-01-15,11.47,6.36,45.14,297.56,95.1,100.8,0.9,1.971
2040-01-16,9.42,4.75,54.03,274.16,91.3,101.3,0,1.607
2040-01-17,8.83,0.26,32.97,293,93.4,101.9,0,0.958
2040-01-18,10.05,7,50.65,309.74,93.5,101.8,0,1.907
2040-01-19,10.49,7.6,43.04,319.52,90.7,101.6,0,2.772
2040-01-20,11.54,8.74,32.82,330.67,94.7,101.6,0,2.204
2040-01-21,10.69,8.05,41.03,304.3,87.1,101.4,0,2.751
2040-01-22,10.67,7.85,42.53,308.51,88.2,101.3,0,2.63
2040-01-23,10,4.59,32.83,309.69,93.3,101.3,3.57,0.173
2040-01-24,6.12,1.75,36.19,286.83,84.6,101.5,0.09,3.093
2040-01-25,5.62,-0.38,55.15,258.27,76.5,100.8,0,2.737
2040-01-26,5.78,-1.9,71.41,238.56,86.2,100.8,0,2.084
2040-01-27,9.54,-1.13,41.21,292.74,91.3,100.9,0.59,0.573
2040-01-28,11.96,9.52,19.19,354.79,98,100.4,4.94,2.659
2040-01-29,11.44,10.22,24.58,351.32,93.9,99.6,12.74,3.543
2040-01-30,12.13,9.51,50.69,319.24,90.2,99.1,0,3.046
2040-01-31,11.9,11.02,40.3,341.15,88.8,98.5,3.65,2.919
2040-02-01,12.34,7.19,21.74,324.69,88.4,96.6,45.68,2.578
2040-02-02,10,5.43,71.16,273.95,71.3,98.2,0,3.052
2040-02-03,8.74,2.1,73.99,270.99,72,99.3,0,1.863
2040-02-04,8.07,2.19,47.25,286.82,76.5,99.9,0,0.391
2040-02-05,7.36,2.57,43.11,286.17,92.2,100.2,2.84,0.472
2040-02-06,4.84,-1.8,78.35,237.9,83.9,101.4,0,0.125
2040-02-07,11.03,4.83,33.3,329.23,92.2,100.9,7.95,2.681
2040-02-08,12.81,9.01,53.48,335.71,92.8,101.3,0,2.327
2040-02-09,11.31,8.12,54.77,328.16,94.5,101.9,0,1.055
2040-02-10,9.35,7.79,41.71,330.36,95.7,101.5,0.62,1.982
2040-02-11,11.51,8.64,53,331.74,93.4,100,3.15,1.654
2040-02-12,13.1,7.95,54.59,324.67,92.6,98.7,15.29,2.705
2040-02-13,10.57,6.91,71.05,287.22,77.7,98.8,0,3.413
2040-02-14,11.74,5.43,86.49,292.89,85.2,99.1,12.29,1.319
2040-02-15,12.49,4.57,73.58,301.55,84.6,98.7,2.76,4.082
2040-02-16,7.55,4.61,52.99,310.41,85,100.6,5.43,1.25
2040-02-17,11.62,6.71,42.9,339.82,97.4,100,1.21,1.131
2040-02-18,12.03,10.05,23.41,348.77,99.4,99.4,10.68,2.322
2040-02-19,11.74,9.32,75.06,319.39,90,98.6,14.54,2.642
2040-02-20,11.12,4.87,46.8,309.83,93.5,97.2,33.28,2.073
2040-02-21,8.09,1.51,86.42,268.43,80.5,98.1,0.9,2.077
2040-02-22,5.94,-2.59,130.24,222.79,66.9,99.8,0,0.196
2040-02-23,9.47,1.98,98.05,281.25,80.2,100,5.26,1.316
2040-02-24,11.2,3.16,23.22,320.79,93.3,99.9,19.02,1.265
2040-02-25,11.58,9.25,75.03,320.69,91.4,98.9,11.11,2.568
2040-02-26,9.19,5.29,67.72,284.84,81.8,99.1,4.29,2.558
2040-02-27,9.6,4.49,85.13,304.96,87.9,99.3,4.46,0.411
2040-02-28,5.78,0.74,23.01,304.59,94.6,99.9,11.66,2.384
2040-02-29,4.75,-0.71,61.99,276.15,86.7,99.8,6.05,1.99
2040-03-01,3.72,-2.17,102.16,250.46,78.7,99.7,0.13,0.941
2040-03-02,6.37,1.09,112.49,255.92,61.9,99.8,0,3.161
2040-03-03,6.45,0.7,126.32,246.66,64,100.5,0,4.298
2040-03-04,7.28,-1.56,107.17,265.09,73.9,100.8,0,0.637
2040-03-05,5.52,0.55,113.26,259.68,65.1,100.5,0,0.909
2040-03-06,7.1,1.35,110.91,259.62,70.9,100.9,0,0.83
2040-03-07,8.32,-1.62,90.36,282.97,90.2,101.4,0.07,1.048
2040-03-08,10.91,6.38,96.49,310.74,84,101.2,0,2.363
2040-03-09,10.91,6.56,92.11,296.34,86.5,101.3,0,2.353
2040-03-10,11.02,6.64,81.3,300.28,86.3,100.8,0,2.579
2040-03-11,8.2,1.32,115.49,277.75,74.4,101.4,1.34,0.554
2040-03-12,5.66,-1.46,173.36,229.05,68.5,102.3,0,0.646
2040-03-13,7.32,-0.33,128.21,271.63,74.1,101.4,0,1.923
2040-03-14,11.04,6.89,107.09,306.49,87.1,99.6,14.35,2.268
2040-03-15,11.94,6.16,115.28,307.84,89.2,98.7,11.25,2.362
2040-03-16,10.3,5.48,79.46,293.63,94.4,100,4.03,1.499
2040-03-17,9.33,3.21,138.4,287.13,78.3,101.1,0.36,2.904
2040-03-18,6.34,1.01,147.42,271.96,65.4,101.7,0,3.656
2040-03-19,8.7,1.69,182.9,253.09,70.1,101.7,0,3.031
2040-03-20,12.31,0.94,189.64,250.1,77.8,101.5,0,2.155
2040-03-21,13.51,2.39,184.45,256.36,77.9,100.7,0,3.014
2040-03-22,13.97,3.81,157.82,277.04,74.8,99.9,0,3.219
2040-03-23,12.72,3.9,165.71,269.39,80.9,100.2,0,3.109
2040-03-24,13.69,2.01,185.21,272.7,81.8,100.2,0,1.704
2040-03-25,14.79,4.51,192.88,290.81,74.1,99.8,0.89,2.954
2040-03-26,13.02,5.8,140.82,309.37,91.8,99.1,0,1.478
2040-03-27,12.75,6.68,131.64,306.42,87,98.9,3.02,2.424
2040-03-28,10.27,5.53,146.38,273.97,60.5,99.8,0,3.673
2040-03-29,9.51,5.48,164.54,280.08,68,100.2,2.16,2.951
2040-03-30,10.41,4.71,129.65,289.74,66.2,101.6,0,1.635
2040-03-31,14.13,5.65,134.64,320.87,80.6,101.3,1.54,2.132
2040-04-01,13.89,7.27,190.31,304.13,78.4,101.3,0,1.11
2040-04-02,14.62,8.37,150.71,313.37,85.6,101.3,0,1.289
2040-04-03,13.06,7.22,134.54,298.57,83.1,101.3,0,1.577
2040-04-04,15,6.14,170.01,301.75,78.4,101.3,0,1.807
2040-04-05,10.65,5.62,140.7,305.31,60.1,101.6,0,0.953
2040-04-06,11.57,5.74,106.81,320.42,77.4,100.7,1.25,2.513
2040-04-07,11.63,6.41,141.89,308.36,76.1,99.3,0.04,2.736
2040-04-08,8.64,0.42,118.04,273.83,84.2,99.6,3.57,0.122
2040-04-09,8.71,-0.65,201.44,242.79,70.9,100.1,0,0.801
2040-04-10,10.42,-1.11,198.52,255.25,68.5,99.8,0,0.441
2040-04-11,8.87,1.2,133.18,274.41,60.3,100.9,0,0.742
2040-04-12,9.6,-1.78,201.57,257.27,65.2,101.7,0,0.404
2040-04-13,11.42,4.88,193.36,282.91,67.3,101,0,1.65
2040-04-14,11.98,6.62,69.77,314.74,86,99.4,11.03,2.343
2040-04-15,11.64,4.9,143.92,295.76,76.4,99.1,9.92,3.137
2040-04-16,9.68,4.74,148.62,288.85,74,98.3,3.36,3.015
2040-04-17,10.59,3.43,167.4,277.97,70,98.8,0.01,2.669
2040-04-18,10.16,3.9,141.49,283.26,78.3,98.9,1.72,1.984
2040-04-19,10.69,3.34,159.69,282.39,73.8,99.5,0,1.822
2040-04-20,10.5,6.12,55.79,320.45,87,98.5,18.81,3.144
2040-04-21,10.01,6.91,195.63,290.04,77.7,98.9,0.87,3.858
2040-04-22,11.3,5.77,175.16,292.68,63.9,100.8,0,1.212
2040-04-23,10.59,3.83,143.44,293.21,68,101.3,0,0.358
2040-04-24,12,2.98,194.99,289.58,69.9,101.5,0,0.361
2040-04-25,9.7,6.92,121.3,321.69,91.4,100.9,2.66,1.111
2040-04-26,10.82,5.84,107.08,304.58,88.2,99.6,3.65,2.033
2040-04-27,8.98,5.53,121.96,303.01,92.8,98.9,7.74,2.127
2040-04-28,12.86,5,154.02,308.97,83.5,99,1.94,1.389
2040-04-29,11.41,4.43,130.77,295.94,85.1,99,2.26,0.971
2040-04-30,10.35,3.84,128.3,298.12,91.7,98.8,3.58,1.141
2040-05-01,11.38,2.87,121.63,303.11,90.3,98.8,1.59,0.33
2040-05-02,12.63,4.45,150.32,307.56,81.8,99,0.53,1.011
2040-05-03,13.23,5.77,187.48,294.38,84.4,99.4,2.17,1.195
2040-05-04,11.39,5.42,131.06,306.29,90.4,99.4,3.83,1.332
2040-05-05,12.44,5.08,191.67,296.18,85.7,99.3,3.82,0.862
2040-05-06,13.42,6.11,204.69,294.86,80.2,99.4,3.6,0.519
2040-05-07,11.95,6.06,157.09,303.55,79.3,98.6,6.56,2.986
2040-05-08,11.46,6.15,156.13,294.98,73,98.1,1.62,3.874
2040-05-09,13.78,7.52,233.75,298.42,71,98.2,1.41,3.383
2040-05-10,13.29,8.68,169.15,318.46,78.8,98.7,1.62,2.548
2040-05-11,13.67,8.57,101.65,345.1,94.8,98.6,15.42,2.536
2040-05-12,14.65,10.02,236.14,307.88,79.7,99.2,0.08,2.949
2040-05-13,15.74,9.97,69.91,352.12,94.8,99.4,22.43,3.606
2040-05-14,14.19,8.16,153.83,319.46,90.1,99.6,2.39,0.933
2040-05-15,17.91,8.67,244.47,319.92,80.1,100.2,0,0.343
2040-05-16,15.34,8.06,221.31,314.24,69.2,100.4,0,2.002
2040-05-17,14.39,5.55,262.27,280.53,70.8,100.3,0,0.519
2040-05-18,14.4,6.6,244.61,287.54,73.6,99.4,0,0.52
2040-05-19,15.42,5.48,258.6,281.87,74.1,99.7,0,2.823
2040-05-20,13.57,7.09,227.75,286.92,67.1,99.6,0,5.575
2040-05-21,14.46,8.19,161.42,315.48,57.8,99.3,0,5.565
2040-05-22,14.3,7.69,197.79,315.61,60.5,99.7,0,3.082
2040-05-23,13.53,6.39,155.18,309.23,67.7,100.1,0.24,1.979
2040-05-24,13.77,6.16,190.69,297.59,70.3,100.2,0.69,2.007
2040-05-25,13.52,6.21,197.83,292.24,72.3,100.4,0.65,1.137
2040-05-26,13.3,4.76,192.62,296.14,83.9,100.3,4.68,0.604
2040-05-27,15.93,7.69,222.42,317.17,71.6,100.5,0.8,0.661
2040-05-28,14.39,6.92,204.99,310.95,68.5,100.9,0,0.984
2040-05-29,17.42,7.2,268.54,300.65,70,101.4,0,0.213
2040-05-30,18.78,5.25,301.05,285.5,79.3,101.5,0,0.409
2040-05-31,19.1,6.01,311.45,286.45,80.2,101.3,0,0.512
2040-06-01,19.41,6.77,321.92,287.36,81.1,101,0,0.614
2040-06-02,17.78,9.14,175.65,332.05,77.8,100.4,1.4,0.522
2040-06-03,13.42,7.86,71.36,333.1,83.7,100.2,2.87,0.732
2040-06-04,9.8,7.25,114.49,317.24,89.2,99.9,2.02,0.767
2040-06-05,10.06,7.57,84.51,327.02,91.4,99.3,5.4,2.726
2040-06-06,12.61,8.81,119.27,328.23,78.8,99.1,1.15,3.258
2040-06-07,14.21,8.84,171.74,315.48,84.9,99.1,9.33,2.267
2040-06-08,16.2,7.64,259.09,291.98,84.3,99.8,2.05,0.909
2040-06-09,17.92,7.18,231.79,312.71,81.3,100.2,2.74,1.069
2040-06-10,17.75,7.52,273.48,298.38,75.3,100.7,1.33,0.624
2040-06-11,17.65,7.17,307.13,290.6,66.8,101.4,0,0.268
2040-06-12,18.94,8.86,313.66,291.37,71.6,101.5,0,0.468
2040-06-13,17.79,8.5,211.31,319.05,79.3,101.1,0.74,1.596
2040-06-14,20.68,11.24,259.4,333.04,75.9,100.3,0.8,1.053
2040-06-15,17.79,11.24,199.13,336.39,84.6,99.8,7.48,0.248
2040-06-16,17.34,9.57,264.81,316.05,86.4,100,7.28,0.745
2040-06-17,17.38,12.44,252.22,321.86,87.3,100,0.67,1.085
2040-06-18,16.68,13.16,125.84,359.12,91.6,99.2,19.99,1.606
2040-06-19,19.01,13.28,237.36,338.12,84.7,99.2,5.76,2.541
2040-06-20,17.71,13.47,211.51,342.67,85.5,100.3,0,2.195
2040-06-21,18.49,12.4,249.24,341.31,90.9,100.7,0.13,1.346
2040-06-22,19,14.14,186.79,351.92,93.1,100.2,0,1.217
2040-06-23,20.37,12.81,299.83,319.83,73.6,100.2,0,1.74
2040-06-24,19.49,12.55,225.17,346.05,88,100.4,0,1.144
2040-06-25,20.46,12.15,287.39,335.63,90.4,100.2,0,1.367
2040-06-26,21.7,15.65,227.81,364.82,89.1,99.9,1.25,0.769
2040-06-27,23.63,15.44,166.39,376.75,87.1,99.5,6.42,3.054
2040-06-28,22.24,15.56,222.21,364.68,81.9,99.6,1.37,1.523
2040-06-29,21.8,14.33,249.98,350.27,77.9,99.9,0,1.61
2040-06-30,19.7,15.38,153.94,378.03,93.6,99.8,1.65,2.302
2040-07-01,20.28,12.57,296.82,315.65,72.9,99.8,0,1.436
2040-07-02,18.17,11.67,259.48,307.92,76.3,99.8,3.82,1.717
2040-07-03,17.61,10.08,213.21,328.76,83.7,99.7,9.98,1.268
2040-07-04,17.57,14.02,235.11,340.36,92.1,99.4,9.94,1.984
2040-07-05,18.07,12.17,318.74,300.93,73.3,100.2,0,2.388
2040-07-06,19.92,12.37,236.82,330,75.6,100.2,2.48,1.727
2040-07-07,18.58,10.22,250,305.19,75.6,100,2.09,1.17
2040-07-08,18.9,10.76,292.22,296.78,64.7,99.7,0,0.937
2040-07-09,18.32,9.82,250.94,308.37,77,99.7,0,1.653
2040-07-10,19.58,9.71,271.03,322.38,85.7,99.9,0,1.256
2040-07-11,18.29,15.22,169.55,371.41,96.4,99.7,6.8,2.13
2040-07-12,20.18,14.67,214.18,353.68,82.8,99.8,0.83,2.042
2040-07-13,16.93,14.12,123.35,358.63,94.8,99.7,8.98,1.059
2040-07-14,18.68,13.94,189.12,346.87,91.5,99.4,15.6,0.508
2040-07-15,19.63,13.41,132.17,359.23,91.2,99.3,12.48,0.395
2040-07-16,21.49,13.3,214.36,343.77,82.6,99.8,0.85,0.405
2040-07-17,19.67,13.89,162.95,355.01,87.2,100.1,1.79,0.314
2040-07-18,20.14,15.17,155.28,362.75,89.5,99.9,11.13,0.891
2040-07-19,21.78,14.37,255.62,342.07,78.9,100.3,0,0.624
2040-07-20,22.82,15.49,277.69,341.36,82.1,100.5,0,1.759
2040-07-21,22.09,14.29,267.68,328.12,78.9,100.1,0,1.581
2040-07-22,19.98,13.74,243.54,333.22,76.6,100,0,1.24
2040-07-23,21.77,14.72,226.19,349.64,80.9,99.3,1.38,2.251
2040-07-24,19.13,12.92,282.68,308.46,75.8,99.5,0,2.489
2040-07-25,19.58,13.23,274.89,310.63,71.4,100,0,2.248
2040-07-26,19.97,11.85,255.08,312.01,74.4,100.5,0,0.768
2040-07-27,20.47,11.28,297.02,310.12,75.5,100.4,0.59,1.023
2040-07-28,20.71,15,205.68,357.69,82.3,100,3.09,2.324
2040-07-29,21.45,15.48,212.56,363.01,86.2,99.4,12.31,2.589
2040-07-30,18.51,14.59,192.1,346.27,90.6,98.9,19.87,2.133
2040-07-31,20,14.11,234.65,334.23,85.1,99.1,10.03,2.066
2040-08-01,21.49,13.63,278.31,322.34,79.6,99.3,0,2.055
2040-08-02,18.44,13.18,88.08,362.65,97.3,99.4,8.22,1.161
2040-08-03,19,14.97,155.68,342.7,90.9,99,1.49,1.174
2040-08-04,18.93,14.88,187.58,348.99,91.2,98.6,7.33,2.456
2040-08-05,19.33,14.34,195.47,339.09,90.1,98.5,7.49,1.895
2040-08-06,19.56,13.59,226.32,329.06,81.7,99.4,0,2.301
2040-08-07,20.36,13.44,221.53,337.8,85.4,100.3,0,1.853
2040-08-08,20.62,16.02,183.93,359.97,89.8,100.7,0,0.783
2040-08-09,23.95,15.43,258.75,335.75,79,100.3,0,1.924
2040-08-10,23.35,14.69,240.97,339.27,82.8,100,0.78,1.486
2040-08-11,19.75,13.96,224.89,321.28,85.1,100.2,5.32,1.918
2040-08-12,22,12.82,259.09,317.85,77.5,100.4,0,1.406
2040-08-13,21.79,13.54,247.22,323.75,77.7,100.4,0,0.6
2040-08-14,20.28,13.37,222.77,329.41,88,100.4,4.91,0.148
2040-08-15,22.01,12.79,259.13,320.99,82.8,100.4,0,0.446
2040-08-16,22.26,11.55,283.98,305.1,78.9,100.3,0,0.748
2040-08-17,23.14,11.84,272.77,320.95,80.1,100.4,0,0.21
2040-08-18,27.75,15.65,264.25,347.99,70.9,99.8,0,0.278
2040-08-19,21.26,13.92,198.95,330.07,76.6,100.3,0.62,2.097
2040-08-20,20.85,12.69,243.11,307.43,70.8,101,0,0.798
2040-08-21,21.59,11.52,230.58,313.52,76.9,101.1,0,0.558
2040-08-22,22.21,10.61,262.51,308.77,83.4,100.5,0,0.554
2040-08-23,23.23,13.96,218.69,331.46,84.7,99.9,0,0.685
2040-08-24,23.22,11.79,219.04,320.11,80.7,100.4,0,0.681
2040-08-25,25.5,14.66,233.72,334.34,76.4,100.5,0,0.494
2040-08-26,24.65,15.01,256.29,321.84,72.1,100.3,0,0.463
2040-08-27,22.64,14.47,139.03,361.54,87.9,100.1,0.01,1.021
2040-08-28,24.33,14.95,182.26,353.13,82.8,100.2,0,1.073
2040-08-29,22.31,14.46,196.82,340.6,87.6,100.4,0,1.083
2040-08-30,22.71,17.26,214.01,349.61,87.1,100.5,0,1.377
2040-08-31,22.39,15.66,189.05,350.74,86.4,100.2,4.1,1.291
2040-09-01,22.07,14.06,164.41,353.29,85.7,100,8.14,1.218
2040-09-02,20.65,13.69,199.07,324.27,77,99.9,0,2.224
2040-09-03,20,12.22,190.66,313.54,76.4,100.7,0,0.717
2040-09-04,22.32,11.54,233.67,308.75,73.3,100.8,0,2.185
2040-09-05,22.49,15.94,220.27,330.63,79.7,100.5,0,4.602
2040-09-06,22.38,15.09,218.57,325.44,79.5,100.6,0,3.751
2040-09-07,23.35,14.71,205.24,330.34,80.5,100.6,0,3.124
2040-09-08,22.04,12.11,187.54,321.73,79.1,100.7,0,2.24
2040-09-09,22.21,14.24,145.19,342.55,85.4,100.6,0,2.788
2040-09-10,18.78,15.43,45.28,374.69,98.2,99.5,15.01,1.129
2040-09-11,18.8,11.37,150.43,333.83,85.9,98.6,3.16,1.808
2040-09-12,17.15,8.18,167.78,296.06,73.9,99.6,0,1.496
2040-09-13,18.28,8.72,172.29,305.19,77.2,100.3,0,0.844
2040-09-14,19.51,10.64,63.91,364.62,92.2,100.3,12.19,1.33
2040-09-15,20.53,17.8,60.81,388.86,96.1,100,0.95,2.606
2040-09-16,21.17,15.71,76.41,376.92,93.4,99.9,11.46,1.761
2040-09-17,18.1,13.43,135.18,337.58,77.1,100.1,0.83,0.923
2040-09-18,16.51,12.91,68.64,363.83,91.6,99.7,15.25,5.56
2040-09-19,19.31,13.65,113.52,361.93,90.9,99.3,14.02,3.033
2040-09-20,19.25,11.67,100.03,337.68,89.2,99.4,4.81,1.087
2040-09-21,18.71,11.36,112.97,340.9,85.8,99.5,3.64,1.229
2040-09-22,19.79,11.63,154.57,321.71,87.6,99.6,0.44,1.183
2040-09-23,20.44,12.09,125.89,353.92,94.5,100.2,0,0.663
2040-09-24,20.55,13.92,65.23,362.84,92.9,100.6,0.85,1.674
2040-09-25,17.92,10.43,154.41,304.66,74.7,100.6,0,3.788
2040-09-26,17.36,9.48,143.78,315.57,77.4,100.3,0,2.442
2040-09-27,17.65,10.25,129.46,327.68,83.9,100.3,0,1.418
2040-09-28,18.54,11.46,120.99,337.71,86.2,100.4,0,0.951
2040-09-29,19.94,12.84,108.97,349.72,91.7,100.1,0,0.835
2040-09-30,21.18,14.04,143.51,351.55,88.9,99.6,0.77,2.119
2040-10-01,22.25,16.97,117.25,360.76,88.9,99.6,5.1,3.549
2040-10-02,20.48,15.03,130.04,338.7,84.7,99.4,0,1.791
2040-10-03,20.93,18.22,88.25,353.08,84.5,98.4,6.03,4.099
2040-10-04,19.13,15.84,95.31,352.66,82.9,98.3,18.67,1.618
2040-10-05,19.29,15.69,119.78,344.17,83.4,99.4,1.02,1.444
2040-10-06,18.67,15.18,45.54,358.9,94,99.6,8.45,1.376
2040-10-07,18.23,14.78,96.52,343.76,89.9,99.1,2.85,1.421
2040-10-08,17.52,14.2,122.25,331.69,86.7,99,2.84,1.035
2040-10-09,17.43,13.56,70.7,348.22,89.2,98.7,4.63,0.973
2040-10-10,17.47,12.35,106.32,321.41,85.5,98.9,0.73,1.74
2040-10-11,16.48,11.29,104.19,311.14,81.6,99.5,0.43,1.943
2040-10-12,16.65,9.51,129.95,297.77,76.9,100.9,0,1.48
2040-10-13,16.65,12.49,62.62,362.41,89.5,100.8,1.75,2.355
2040-10-14,17.83,16.2,14.92,388.87,96.4,99.6,48.86,3.309
2040-10-15,17.87,10.31,78.82,332.03,87,98.1,29.11,3.218
2040-10-16,14.5,9.56,111.98,297.08,78.7,99.4,0,1.999
2040-10-17,17.86,12.06,39.74,365.55,94.9,99.4,5.91,2.095
2040-10-18,17.65,13.18,70.01,344.54,87.2,99.6,3.1,2.861
2040-10-19,15.22,10.96,90.39,300.35,74.9,99.4,0.51,2.998
2040-10-20,14.97,10.61,95.42,302.88,81.8,100.2,0,2.691
2040-10-21,15.69,10.43,83.47,322.18,89.1,100.8,0,1.62
2040-10-22,14.82,9.14,64.07,337.79,91.6,101.1,0.68,0.512
2040-10-23,16.79,11.08,100.56,319.34,90.2,101.1,0,0.742
2040-10-24,15.83,9.95,84.55,323.5,86.5,101.7,0,1.198
2040-10-25,13.79,7.15,106.6,279.63,86.9,102.3,0,1.764
2040-10-26,15.03,8.97,95.73,293.41,91.8,101.8,0,1.843
2040-10-27,17.01,10.1,104.67,294.16,91.5,101.1,0,1.519
2040-10-28,15.95,7.87,71.25,328.85,96,100.7,0,0.635
2040-10-29,15.5,11.68,48.64,348.02,97.4,100.6,0,1.358
2040-10-30,15.3,10.23,86.78,303.41,87.3,100.6,1.32,1.688
2040-10-31,15.78,10.65,65.23,323.32,88.8,100.3,4.68,2.071
2040-11-01,16.26,11.06,44.36,342.95,90.3,99.9,8.05,2.084
2040-11-02,16.3,8.63,48.89,332.14,84.9,99,14.79,1.457
2040-11-03,11.43,5.79,75.1,290.16,78,99.6,0.84,1.337
2040-11-04,11.33,6.75,68.03,313.61,76.5,100.7,1.1,0.812
2040-11-05,16.2,10.65,41.94,363.1,97,100.7,1.15,1.485
2040-11-06,15.33,13.03,61.46,346.84,90.8,100.8,0,2.661
2040-11-07,14.94,9.95,73.07,315.85,77.1,100.4,0.28,2.373
2040-11-08,10.37,4.71,49.23,285.17,62,100.8,0,0.98
2040-11-09,10.38,4.87,56.99,283.15,69.3,100.6,0,1.143
2040-11-10,10.32,5.61,75.18,275.62,82.1,100.9,0,2.189
2040-11-11,9.85,5.22,39.34,301.34,84.7,101.1,0,1.607
2040-11-12,9.47,5.02,59.22,297.15,79.8,101.1,0,0.344
2040-11-13,10.84,3.98,27.7,313.22,87.9,100.6,1.44,1.457
2040-11-14,12.38,8.02,55.16,309.58,92.1,100.5,0.18,1.747
2040-11-15,12.55,8.85,47.09,315.15,88.1,100.7,0.63,1.531
2040-11-16,14.79,9.24,48.62,334.5,92.8,100.9,0,2.3
2040-11-17,13.1,8.17,64.2,297.04,79.2,100.6,1.95,2.757
2040-11-18,13.82,7.35,20.03,323.3,90.8,100.2,3.72,2.696
2040-11-19,10.96,6.77,47.93,289.71,70.3,100.4,0,1.523
2040-11-20,10.97,1.75,56.99,273.6,87.6,101.5,0,0.864
2040-11-21,13.05,6.76,23.87,311.07,91.6,100.7,1.7,2.56
2040-11-22,9.91,6.82,34.44,310.84,74.6,100.9,0,2.12
2040-11-23,10.35,5.97,42.82,291.16,85.6,101,0,1.984
2040-11-24,13.01,7.24,37.79,313.22,90.9,100.7,0,1.971
2040-11-25,14.47,9.92,12.91,357.18,95.2,99.8,22.17,2.878
2040-11-26,11.02,7.67,56.96,279.19,76.7,100.1,0,2.48
2040-11-27,13.52,7.57,30.42,326.1,88.7,100.7,10.24,2.728
2040-11-28,14.82,13.54,19.75,370.39,93.2,100.5,4.88,3.4
2040-11-29,15.44,11.28,19.02,354.05,93.8,100.4,1.93,2.706
2040-11-30,11.23,6.88,28.63,324.67,94.6,101,0.52,0.323
2040-12-01,13.41,7.18,22.33,342.63,97.5,100.9,0.71,1.292
2040-12-02,14.26,11.97,19.35,361.72,97.9,100.6,0.72,1.818
2040-12-03,13.57,12.51,18.3,359.69,96.2,100.3,0.93,2.313
2040-12-04,14.16,12.91,17.89,366.01,96,99.5,8.24,2.93
2040-12-05,13.97,6.12,45.73,292.71,82.4,99,1.22,2.855
2040-12-06,8.83,5.05,46.02,283.96,81.9,99.8,0,1.847
2040-12-07,9.57,5.59,24.79,317.77,95,99.5,13.65,0.504
2040-12-08,11.27,6.12,44.9,307.09,95.1,100.4,0.61,1.063
2040-12-09,12.98,8.14,28.17,324.87,93.3,100,6.48,2.735
2040-12-10,8.13,5.04,39.84,274.91,78.1,99.3,0,3.027
2040-12-11,7.98,4.61,44.78,269.57,68.5,99.5,0,1.617
2040-12-12,6.97,4.17,31.34,289.35,70.8,100.4,0,0.746
2040-12-13,5.94,-1.24,46.64,251.19,87.4,100.8,0,0.899
2040-12-14,5.11,-1.82,24.8,281.02,93.5,101,2.94,1.528
2040-12-15,6.45,1.75,26.21,290.68,95.3,101.4,4.19,0.344
2040-12-16,7.27,-0.09,38.34,277.35,99.3,101.9,0,0.193
2040-12-17,9.13,3.66,36.56,291.65,95.6,101.7,0,1.247
2040-12-18,10.23,5.11,32.54,301.81,88,100.9,2.44,2.217
2040-12-19,9.01,3.91,20.31,300.74,95.7,99.7,5.12,1.176
2040-12-20,5.52,1.36,33.71,276.4,89.3,99.6,0,0.272
2040-12-21,7.96,3.49,39.6,281.36,82.4,99.5,7.09,2.498
2040-12-22,8,3.14,33.06,292.09,89.8,100.2,0.27,1.142
2040-12-23,13.1,5.51,11.77,343.12,96.6,99.9,15.36,2.121
2040-12-24,14.38,12.73,16.23,364.99,92.4,99.8,1.22,3.529
2040-12-25,12.88,6.85,40.6,309.87,76.7,100.3,3.17,2.782
2040-12-26,9.84,5.8,35.68,278.54,84.2,101.1,0,2.523
2040-12-27,10.33,5.84,30.14,284.73,88.5,101.4,0,2.503
2040-12-28,10.5,7.1,31.03,301.19,88.4,101.7,0,2.086
2040-12-29,10.52,6.47,41.16,280.38,94.7,101.4,0,1.986
2040-12-30,9.67,4.26,23.44,294.92,93,100.6,1.65,1.959
2040-12-31,7.65,3.1,27.67,279.37,86.5,100.6,1.17,1.685
2041-01-01,5.63,1.93,31.93,264.79,79.9,100.6,0.68,1.454
2041-01-02,3.66,-0.46,41.77,245.18,73.2,101.2,1.65,0.903
2041-01-03,4.78,-0.99,42.54,244.07,79.3,101.5,0,0.816
2041-01-04,7.18,-3.37,33.08,277.44,89.4,102,4.13,0.68
2041-01-05,10.18,4.44,21.87,324.41,98.2,102,2.48,0.979
2041-01-06,12.68,10.17,21.6,346.04,90.6,101.2,1.1,3.678
2041-01-07,12.37,7.19,28.72,328.26,89.4,99.9,11.46,3.49
2041-01-08,8.01,5.41,36.22,288.57,78.3,99.2,0,2.827
2041-01-09,8.74,2.22,38.41,287.69,80,99.1,4.94,0.807
2041-01-10,11.69,8.87,31.14,320.32,82.3,98,2.26,3.852
2041-01-11,13.29,8.11,7.29,339.79,91.9,97.6,22.01,3.004
2041-01-12,9.88,5.81,44.13,299.12,89.1,97.6,5.54,1.941
2041-01-13,7.56,1.01,43.01,264.82,91.8,98.1,0,0.598
2041-01-14,3.99,0.07,38.09,274.07,86.3,98.6,0,2.068
2041-01-15,4.68,-4.43,59.88,242.15,85.4,99.3,0.86,0.882
2041-01-16,8.41,2.26,21.82,312.33,96.2,98,11.57,1.582
2041-01-17,10.06,6.58,50.41,305.56,90.4,97.6,17.6,1.967
2041-01-18,8,0.03,11.17,292.11,90.3,98.1,15.02,0.844
2041-01-19,5.25,-1.57,61.97,234.78,82.6,100.6,0,1.104
2041-01-20,5.47,-0.4,14.2,290.31,93.4,100,7.85,2.804
2041-01-21,7.87,0.01,22.63,302.75,86.6,100.8,4.58,1.174
2041-01-22,11.62,7.92,20.9,347.63,98,100,14.48,2.732
2041-01-23,11.48,7.4,21.18,345.89,96.9,99.7,17.47,2.335
2041-01-24,8.63,1.77,25.64,296.37,97.4,100.1,4.88,0.475
2041-01-25,9.12,1.73,44.69,299.45,80.9,100.2,1.54,1.678
2041-01-26,8.99,6.26,52.65,299.34,88.6,99.1,11.71,2.092
2041-01-27,11.41,5.9,34.79,311.48,91.7,99.4,10.89,2.847
2041-01-28,11.66,9.84,43.24,338.27,94.9,98.9,22.96,3.557
2041-01-29,10.12,5.66,39.62,289.52,87.5,99.5,1.55,2.289
2041-01-30,9.97,4.1,39.39,299.68,90.9,99.7,16,1.239
2041-01-31,9.31,5.17,59.56,296.11,81.4,98.7,3.59,2.43
2041-02-01,10,6,19.77,310.12,86.7,97.9,18.82,2.503
2041-02-02,8.59,3.52,67.99,272.09,84.5,97.7,0,2.361
2041-02-03,8.28,4.05,56.9,285.13,88.8,98.5,0.51,2.344
2041-02-04,8.85,2.45,52.06,303.15,92,98.9,13.92,0.45
2041-02-05,10.15,6.36,74.36,277.77,77,99.3,0,2.351
2041-02-06,12.31,8.08,25.59,344.72,98.7,99.3,11.66,1.788
2041-02-07,13.23,9.24,83.99,304.17,87.6,99.6,3.37,2.688
2041-02-08,12.46,9.67,19.98,347.16,97.8,99.3,39.84,1.598
2041-02-09,11.81,6.17,39.73,313.68,86.6,98.7,16.8,3.061
2041-02-10,10.25,5.84,80.17,281.66,85.2,100.5,0,2.269
2041-02-11,9.91,5.28,61.75,307.06,86.7,101.1,0,0.591
2041-02-12,10.33,7.65,47.29,322.32,84.6,100.3,9.13,1.438
2041-02-13,10.6,3,72.29,290.5,91.6,99.6,10.27,0.899
2041-02-14,10.96,5.77,32.37,315.05,93.9,98,13.58,1.563
2041-02-15,9.25,5.31,55.42,290.5,85.2,98.7,0.23,2.67
2041-02-16,11.2,4.9,28.89,326.76,96.7,99.3,12.94,1.639
2041-02-17,11.99,11.13,22.08,358.5,97.1,99.5,26.12,1.957
2041-02-18,11.21,5.36,27.87,320.41,92,99.5,3.85,1.084
2041-02-19,10.97,5.72,86.74,306.36,86.9,99.1,20.23,2.179
2041-02-20,10.44,4.78,100.01,300.81,82.9,99.1,9.83,1.583
2041-02-21,12.19,10.34,45.88,349.99,97.4,100.1,2.27,2.429
2041-02-22,14.68,10.28,108.17,299.92,87.8,100.5,0,3.036
2041-02-23,13.55,9.85,119.69,291.02,88,100.3,0,2.662
2041-02-24,14.4,7.79,118.5,295.78,93.5,101.2,0,0.64
2041-02-25,15.74,6.69,129.17,285.47,88.3,101.5,0,1.517
2041-02-26,12.78,7.51,88.85,297.95,92.6,101,0,4.001
2041-02-27,14.5,6.5,125.12,301.26,84.9,100.8,0,4.176
2041-02-28,11.99,6.62,110.31,298.58,87.8,101.2,0,2.69
2041-03-01,11.62,5.36,113.65,295.78,87.3,101.6,0,2.67
2041-03-02,7.69,3.88,73.93,303.46,88.3,101.5,0.36,2.134
2041-03-03,7.88,4.6,77.75,312.75,92.7,100,1.15,0.316
2041-03-04,8.3,4.4,89.61,291.65,83.4,98.3,0.11,2.498
2041-03-05,7.45,3.21,74.95,288.72,82.1,97.4,2.69,2.548
2041-03-06,8.05,3.11,113.91,282.58,78,98,0.7,1.082
2041-03-07,7.99,2.49,115.01,277.93,75.1,99.5,0,1.265
2041-03-08,9.34,3.32,120.4,289.19,84.4,100,0.24,0.826
2041-03-09,9.98,4.91,88.63,302.45,80,100.3,0,2.187
2041-03-10,10.26,4.2,29.54,328.25,95.6,100,11.29,0.758
2041-03-11,10.58,6.02,99.83,296.26,80.4,99.7,0,2.656
2041-03-12,10.61,5.13,126.94,286.85,69.6,100.9,0,1.102
2041-03-13,11.33,5.57,23.4,336.64,91.3,100.9,11.33,2.376
2041-03-14,13.97,10.5,111.56,338.79,90.7,100.8,0,2.451
2041-03-15,14.08,9,71.84,330.21,93.4,100.8,2.44,2.641
2041-03-16,14.14,7.32,122.94,298.63,87,101.7,0,1.39
2041-03-17,13.31,6.39,99.96,319.59,93.9,102.1,1.94,0.957
2041-03-18,11.15,4.02,102.06,304.4,91.1,101.9,0,0.102
2041-03-19,14.17,6.75,178.74,296.28,88.7,101,0,2.806
2041-03-20,14.55,6,164.31,284,79.8,100.6,0,1.127
2041-03-21,10.08,3.53,132.27,275.63,68.6,101.2,0,0.477
2041-03-22,11.11,3.46,101.79,291.21,77.2,101.1,0,0.939
2041-03-23,11.26,3.71,126.99,294.49,81.8,101.1,0,0.975
2041-03-24,10.9,5.69,93.4,308.29,90.1,100.4,3.56,1.361
2041-03-25,7.88,1.37,114.06,284.34,77.7,100.3,1.02,2.232
2041-03-26,6.91,-0.11,166.03,243.42,56.5,101,0,3.348
2041-03-27,6.05,-0.42,164.52,248.29,53.1,100.4,0,4.742
2041-03-28,4.8,-0.57,112.47,268.93,58.8,100.1,0,4.459
2041-03-29,5.55,-1.11,135.08,255.79,63.9,100.3,0,2.73
2041-03-30,6.61,-0.62,131.73,277.91,68.7,100.3,0,1.431
2041-03-31,8.67,2.35,142.88,284.98,65.9,100.8,0.57,1.358
2041-04-01,7.64,1.33,142.96,271.72,66.4,101.2,0,0.577
2041-04-02,11.66,3.96,101,320.09,85.5,100,1.92,2.47
2041-04-03,10.4,4.77,157.08,283.1,75.9,100,0.52,2.256
2041-04-04,11.72,3.63,131.44,290.58,80.4,100.5,0,1.624
2041-04-05,14.28,7.73,148.12,329.03,87.5,100.2,0,3.01
2041-04-06,15.02,10,145.28,334.37,87,100.2,0.14,2.738
2041-04-07,14.7,9.84,134.25,332.71,85,100.1,0.3,3.108
2041-04-08,11.91,7.77,98.5,328.63,77.2,99.8,2.62,2.605
2041-04-09,10.68,6.33,121.47,318.93,85.8,100.2,12.29,0.937
2041-04-10,11.23,5.23,161.29,303.62,72.3,99,13.72,4.51
2041-04-11,9.22,4.01,148.89,287.16,67.4,99,1.09,4.085
2041-04-12,10.6,3.52,174.12,278.8,56.8,100.4,0,1.1
2041-04-13,9.29,0.19,177.97,266.61,72.2,101.7,2.37,0.461
2041-04-14,8.44,4.6,107.36,312.66,88.4,101.3,8.8,1.997
2041-04-15,8.3,0.28,221.89,247.88,63.1,100.8,0,1.605
2041-04-16,10.21,3.12,138.39,300.53,76.3,99.8,0.64,0.947
2041-04-17,10.4,5.91,125.99,317.74,83.8,99.6,3.91,2.561
2041-04-18,11.06,4.74,180.52,286.41,78.1,100.1,1.39,1.988
2041-04-19,10.54,0.79,217.37,265.59,72.9,100.2,2.24,0.51
2041-04-20,12.67,5,141.12,302.92,85.4,99.6,18.96,2.027
2041-04-21,10.79,3.44,167.38,286.55,74.6,100.7,1.96,0.932
2041-04-22,12.51,1.37,225.7,264.85,68,101.9,0,0.915
2041-04-23,14.4,3.31,216.69,281.24,71.3,102.3,0,0.996
2041-04-24,15.67,3.75,284.56,259.18,64.2,102,0,3.116
2041-04-25,17.21,5.15,278.67,273.26,63.7,101.6,0,3.438
2041-04-26,15.76,6.61,208.03,306.77,82.2,101.1,0,1.724
2041-04-27,18.17,4.94,254.22,288.83,77.8,100.6,0,0.35
2041-04-28,13.48,7.55,224.29,295.85,64.8,100.5,0,0.634
2041-04-29,11.36,6.18,137.24,306.33,74.8,100.5,0.07,1.052
2041-04-30,12.07,2.24,191.41,278.46,66.3,100.9,0,0.31
2041-05-01,11.93,5.02,151.23,303.52,68.8,101.1,0,1.012
2041-05-02,12.38,8.58,94.12,334.13,89.7,100,10.89,2.538
2041-05-03,12.63,7.52,159.27,298.28,81.3,99.2,2.4,3.534
2041-05-04,12.2,7.95,114.73,321.9,90.7,99.2,11.56,2.263
2041-05-05,13.82,8.51,202.2,316.59,89.9,98.7,8.56,3.016
2041-05-06,14.03,4.92,182.5,286.51,76.6,99.4,1.11,1.966
2041-05-07,13.71,2.42,190.4,289.81,72.6,99.7,0,0.606
2041-05-08,14.62,7.19,187.65,301.41,75.1,99.8,0,0.62
2041-05-09,14.15,6.64,191.04,307.39,86.8,99.8,2.4,1.471
2041-05-10,13.97,6.91,179.28,312.41,71.2,100.3,0,1.961
2041-05-11,12.31,7.89,126.72,326.91,84.4,100.6,3.56,1.271
2041-05-12,14.88,7.05,241.55,296.14,76.5,100.7,1.1,0.72
2041-05-13,16.12,6.82,238.63,294.52,70.3,101.3,0,1.987
2041-05-14,16.52,6.39,252.37,288.36,69.2,101.3,0,3.104
2041-05-15,18.19,6.65,284.64,296.37,68.7,100.4,0,3.028
2041-05-16,17.81,10.62,167.33,349.61,83.7,99.8,0.45,2.066
2041-05-17,17.28,12.05,171.19,343.83,90.2,99.6,1.84,0.505
2041-05-18,19.8,9.74,258.37,318.54,79,100,0.56,1.339
2041-05-19,14.52,7.68,264.95,287.61,56.3,101.2,0,0.595
2041-05-20,14.88,7.07,182.28,310.39,58.6,101.4,0,0.569
2041-05-21,15.55,8.15,215.71,299.69,66.1,101,0,0.707
2041-05-22,14.69,7.12,217.54,294.8,72.4,100.3,0.11,0.546
2041-05-23,15.72,5.86,258.13,287.51,75.7,100,0,0.369
2041-05-24,17.03,7.81,280.6,296.59,72.1,100.3,0,2.119
2041-05-25,19.51,11.98,298.71,316.74,72.4,99.9,0.86,3.53
2041-05-26,15.76,12.02,258.73,316.82,90.2,99.7,9.7,1.865
2041-05-27,16.16,10.93,275.9,299.28,88.1,99.8,1.88,1.562
2041-05-28,17.04,8.98,286.1,294.24,85,99.6,0.73,1.341
2041-05-29,16.68,10.38,207.54,318.23,88.7,99.7,6.12,0.882
2041-05-30,17.42,11.08,295.24,305.42,78.3,100.1,3.4,0.346
2041-05-31,19.99,11.29,284.73,317.22,74.9,100.1,1.74,2.624
2041-06-01,22.56,11.5,274.37,329.32,71.6,100.1,0,5.633
2041-06-02,16.9,11.15,101.54,353.59,78.3,100,13.13,3.861
2041-06-03,17,10.57,208.47,331.62,89.8,100.3,5.3,0.294
2041-06-04,19.07,9.39,284.9,303.53,81.4,100.3,1.95,0.893
2041-06-05,18.98,11,223.47,314.32,80.7,99.7,2.45,1.389
2041-06-06,13.57,7.78,184.69,322.34,77.6,99.4,15.62,1.542
2041-06-07,13.78,7.09,215.26,302.28,62.9,100.6,0.01,0.906
2041-06-08,14.39,6.43,198.34,306.69,66.7,101.1,0,1.267
2041-06-09,15.11,4.34,227.92,288.69,76.4,100.9,0,0.457
2041-06-10,16.82,5.73,305.49,278.99,74.2,101,0,0.711
2041-06-11,16.44,8.35,170.19,335.75,90.6,101.2,1.15,0.898
2041-06-12,18.05,13.16,210.11,359.35,94.8,101,0.99,1.887
2041-06-13,19.3,11.59,254.44,330.69,78.8,100.5,6.14,2.121
2041-06-14,18.44,11.13,271.01,313.87,68.6,100.6,0,1.608
2041-06-15,15.54,11.73,92.63,354.18,96.1,99.8,12.79,1.862
2041-06-16,18.54,12.05,271.79,317.61,79.1,99.9,0,2.132
2041-06-17,16.63,10.57,183.97,335.65,92.5,100,2.39,1.996
2041-06-18,17.49,12.91,236.12,344.39,83.7,99,12.7,3.234
2041-06-19,16.18,12.17,190.82,324.32,78,99.2,2.62,3.757
2041-06-20,17.13,10.77,253.6,310.86,69.2,100.1,0,2.339
2041-06-21,18.63,8.92,316.18,295.23,70,101.1,0,0.829
2041-06-22,22.7,12.18,273.92,341.23,83.4,101.2,0,1.038
2041-06-23,24.33,14.6,313.67,335.92,79.7,101.2,0,0.414
2041-06-24,22.67,14.96,267.33,341.93,83.4,100.8,0,0.361
2041-06-25,23.37,14.22,287.73,341.26,79.4,100.3,0,1.466
2041-06-26,23.17,12.63,280.69,329.23,77.8,99.9,0,1.903
2041-06-27,25.29,15.31,321.72,337.62,70.4,99.7,0,3.1
2041-06-28,26.23,15.47,277.54,353.65,79.4,99.9,14.09,1.6
2041-06-29,25.37,15.22,284.72,348.17,83.1,100.1,0,0.327
2041-06-30,19.92,16.23,222.98,355.75,91.6,99.8,6.36,1.306
2041-07-01,21.19,14,277.79,330.5,71,100.5,0,1.251
2041-07-02,23.18,13.01,299.67,327.59,73.2,101.1,0,0.423
2041-07-03,24.44,14.75,291.2,344.93,76.5,101.3,0,0.379
2041-07-04,26.09,15.47,319.46,336.93,75.4,101.4,0,0.586
2041-07-05,23.67,15.19,230.7,357.58,80,101.3,0.82,0.81
2041-07-06,22.63,13.16,341.39,308.91,68.1,101,0,2.323
2041-07-07,25.52,13.65,333.83,315.63,67.7,100.8,0,1.263
2041-07-08,25.05,15.26,316.79,329.44,67.6,101,0,1.147
2041-07-09,23.15,14.4,290.54,328.8,69.7,100.9,0,0.296
2041-07-10,24.57,15.05,287.96,336.73,71.4,100.6,0,0.55
2041-07-11,22.61,16.21,271.28,335.1,71.5,100.2,0,0.867
2041-07-12,22.43,12.43,238.29,325.8,61,100.5,0,1.709
2041-07-13,24.09,11.44,316.87,301.12,63.2,100.7,0,0.511
2041-07-14,24.2,13.34,225.91,331.08,70.9,99.8,0,1.253
2041-07-15,20.68,11.41,213.93,328.7,78.2,98.9,0.17,0.671
2041-07-16,19.26,14.08,155.56,360.04,89.7,97.9,31.63,0.997
2041-07-17,20.52,12.97,200.73,344.73,74,98.7,2.76,1.429
2041-07-18,21.23,10.26,313.16,295.76,67.2,100.3,0,1.258
2041-07-19,21.99,11.83,266.17,315.97,77.7,100.8,0,0.747
2041-07-20,23.4,13.11,296.06,318.35,76.6,100.7,0,0.361
2041-07-21,25.31,13.98,313.44,324.8,71.3,100.3,0,2.613
2041-07-22,25.44,14.92,263.22,336.56,69.1,100,0,2.494
2041-07-23,27.99,16.2,273.93,352.29,69.6,99.6,1.01,2.418
2041-07-24,24.33,16.5,213.01,352.95,77.7,99.5,14.64,0.538
2041-07-25,24.24,16.34,292.46,331.05,73.2,100.1,0.4,1.586
2041-07-26,24.27,14.92,245.09,336.84,76.4,100.4,0,1.748
2041-07-27,26.31,14.24,296.42,335.63,80,100.6,0,1.36
2041-07-28,26.4,17.62,276.7,355.59,83.5,100.5,0,0.239
2041-07-29,29.3,18.02,306.62,339.89,62.7,100,0,3.214
2041-07-30,26.69,17.24,283.2,356.99,79.1,99.6,10.12,0.788
2041-07-31,26.16,17.77,272.91,358.1,82.4,99.6,6.78,0.174
2041-08-01,25.62,18.29,262.72,358.2,85.7,99.6,3.45,0.471
2041-08-02,26.39,16.44,230.32,356.29,83.9,99.5,4.21,0.198
2041-08-03,21.98,17.65,197.43,351.81,85.5,99.3,7.12,0.777
2041-08-04,24.21,16.69,261.3,349.32,79,99.6,2.81,2.02
2041-08-05,22.82,15.54,213.87,348.68,79,99.8,1.14,1.039
2041-08-06,23.91,15.15,251.41,330.03,67.8,100.3,0,0.834
2041-08-07,25.75,16.24,271.92,333.43,72.5,100.6,0,0.507
2041-08-08,21.49,15.21,119.7,346.13,82.4,100.1,0,0.812
2041-08-09,23.07,15.13,265.1,324.32,73.7,100,0.89,1.75
2041-08-10,23.28,12.44,224.21,323.18,73,100.4,0,0.578
2041-08-11,23.68,13.95,229.57,329.86,73.6,100.2,0,0.611
2041-08-12,22.1,13.63,207.6,345.02,84.9,99.9,5.66,0.88
2041-08-13,20.33,12.96,126.97,349.38,85.7,99.7,4.05,0.617
2041-08-14,21.19,16.03,237.69,341.22,82.6,99.7,9.99,0.848
2041-08-15,20.16,16.92,129.45,358.73,82.9,99.9,7.14,1.083
2041-08-16,22.41,15.46,216.5,340.83,81.2,99.9,4.19,1.96
2041-08-17,22.1,15.67,197.17,347.42,86.1,99.6,3.41,1.216
2041-08-18,20.07,14.01,226.27,327.93,81.4,99,4.24,1.497
2041-08-19,18.85,13.14,136.07,341.14,88.8,98.5,14.56,2.565
2041-08-20,20.47,13.67,147.63,341.85,81.7,98.9,1.28,1.3
2041-08-21,22.19,15.24,165.09,351.54,85.1,99.5,1.33,1.357
2041-08-22,21.3,13.33,179.02,351.6,88.1,99.9,7.31,0.869
2041-08-23,20.89,14.7,225.92,327.18,80,99.8,0,1.276
2041-08-24,20.71,15.45,184.08,341.63,80.2,99.2,2,2.811
2041-08-25,21.35,15.25,172.67,335.96,79.6,99.2,0.75,2.091
2041-08-26,21.78,14.61,218.7,337.6,76.9,99.6,0.75,1.823
2041-08-27,22.11,16.39,121.8,380.35,90.6,99.8,0.84,1.678
2041-08-28,21.02,14.16,108.64,363.25,88.7,99.7,4.34,1.376
2041-08-29,21.93,13.02,216.74,329.82,79.2,99.8,0,0.788
2041-08-30,22.01,14.44,179.45,343.08,80,100.2,0.01,0.71
2041-08-31,21.07,13.78,139.08,347.82,82.9,100,5.05,1.211
2041-09-01,20.14,13.13,99.09,352.04,85.8,99.9,9.8,1.722
2041-09-02,19.73,11.91,219.96,305.64,72.1,100.5,0,1.631
2041-09-03,18.94,13.57,97.77,360,89.6,100.4,1.13,2.051
2041-09-04,21.98,17.6,125.08,387.44,90.3,100.4,0.74,1.996
2041-09-05,21.65,17.27,134.75,381.55,85.9,100.6,1.45,0.462
2041-09-06,22.66,16.95,127.91,376.31,88.1,100.4,0.91,3.118
2041-09-07,24.9,16.73,167.51,373.61,83.8,100,8.9,5.534
2041-09-08,22.04,16.44,136.53,364.77,91.6,100,14.32,1.405
2041-09-09,20.76,16.51,91.52,383.57,97.3,99.8,12.67,0.411
2041-09-10,23.13,17.94,150.18,373.41,91,100,13.01,0.414
2041-09-11,24.28,16.55,162.35,357.96,81.8,100,7.32,2.7
2041-09-12,22.9,14.73,207.47,327.66,75.4,100.1,0,2.46
2041-09-13,20.57,13.02,185.95,323.22,79.4,100.2,0,1.353
2041-09-14,20.1,12.87,134.62,342.16,81.9,100.5,0,1.314
2041-09-15,19.73,12.57,149.31,326.6,83.1,100.5,0,0.986
2041-09-16,20.64,10.7,193.33,309.8,80.9,100.7,0,0.344
2041-09-17,21.52,13.32,180.98,323.88,75,101.2,0,2.926
2041-09-18,19.69,11.84,194.74,303.06,67.6,101.2,0,4.573
2041-09-19,22.41,12.66,137.62,342.59,75.2,100.8,0,3.686
2041-09-20,25.54,14.25,171.54,354.18,85.3,100.5,0,0.757
2041-09-21,21.39,16.88,143.24,363.86,94.7,100.1,0.56,1.209
2041-09-22,18.83,16.49,24.56,378.53,97.4,99.5,14.34,2.848
2041-09-23,19.29,13.7,143.19,326.17,86.3,99.6,2.56,2.467
2041-09-24,19.22,12.05,140.06,314.69,79.2,100.3,0,2.074
2041-09-25,18.68,10.46,83.33,330.53,86.9,99.8,5.6,2.024
2041-09-26,15.61,6.88,176.7,280.92,72.5,99.9,0,0.301
2041-09-27,17.17,12.42,128.29,325.05,77.1,98.7,2.83,3.666
2041-09-28,17.03,9.97,58.78,333.17,77.1,99.2,15.19,2.344
2041-09-29,17.54,12.44,110.91,334.18,83,98.6,4.65,3.093
2041-09-30,19.37,17.57,61.04,393.34,95.2,98.5,3.05,3.545
2041-10-01,18.97,17.68,52.19,390.33,95.4,99,2.82,3.079
2041-10-02,18.72,14.96,41.3,361.36,94.6,98.9,9.4,1.544
2041-10-03,17.52,14.24,52.36,355.34,95.8,99.2,16.31,1.927
2041-10-04,17.55,13.43,111.05,317.86,83.8,99.7,0.08,1.475
2041-10-05,19.24,13.68,98.39,339.95,91.4,99.7,3.35,1.037
2041-10-06,18.5,13.46,102.09,345.03,95.6,100,0.69,1.353
2041-10-07,18.48,13.79,83.78,356.41,91.8,100.6,0,1.874
2041-10-08,17.98,13.83,85.21,354.14,95.2,100.7,0,0.964
2041-10-09,18.22,12.57,91.81,344.36,88.9,100.4,0.85,1.199
2041-10-10,16.1,9.36,106,310.26,78.1,100.5,0,0.247
2041-10-11,17.28,9.01,136.36,295.28,87.5,100.9,0,0.598
2041-10-12,17.44,8.95,131.9,298.6,88,100.9,0,1.387
2041-10-13,17.99,10.1,62.64,342.96,98.1,100.4,1.59,0.203
2041-10-14,14.37,9.03,59.81,327.78,87.2,101.1,0.56,0.618
2041-10-15,12.8,6.34,134.38,264.68,71.1,102.2,0,1.308
2041-10-16,14.5,6.02,112.1,301.26,84.3,102.2,0,0.501
2041-10-17,15.76,9.68,123.48,314.14,85.3,101.9,0,1.618
2041-10-18,14.51,9.25,74.1,312.59,81.4,101.9,0.04,2.867
2041-10-19,13.25,7.91,89.69,305.77,73,102,0,2.201
2041-10-20,12.23,6.12,82.99,291.9,78.8,101.9,0,2.294
2041-10-21,13.25,4.94,93.54,296.42,81.3,101.8,0,0.115
2041-10-22,12.33,7.19,65.98,316.35,81.5,100.7,0.51,0.569
2041-10-23,11.46,8.7,19.13,337.74,94.7,99.2,42.19,0.635
2041-10-24,10.07,6.54,27.61,333.68,96.9,99.2,9.79,1.914
2041-10-25,11.27,6.53,72.98,299.12,80.7,99.4,0,4.406
2041-10-26,11.62,6.13,89.14,280.83,75.4,99.8,0,1.975
2041-10-27,13.32,3.62,85.67,295.21,90.2,100.7,0,0.413
2041-10-28,14.47,7.75,77.44,322.4,90.3,101,0,1.292
2041-10-29,12.69,9.71,60.71,335.18,88.8,101.3,0,0.531
2041-10-30,14.18,8.22,77.99,307.84,89.3,101.5,0,1.174
2041-10-31,12.98,8.07,66.98,313.04,87.1,101.5,0,0.58
2041-11-01,11.78,7.93,56.05,318.28,84.9,101.5,0,0.509
2041-11-02,13.12,5.55,59,301.02,92.1,101.5,0,0.396
2041-11-03,12.7,4.85,51.5,314.59,92.8,101.6,0,0.262
2041-11-04,12.79,6.89,47.21,323.25,94.7,101.6,0.73,0.401
2041-11-05,12.86,8.15,59.99,316.55,93.6,101.3,0,0.743
2041-11-06,13.14,7.92,61.4,320.13,96.2,101.6,1.19,0.893
2041-11-07,13.06,7.93,69.17,311.35,90.5,101.7,0,2.36
2041-11-08,12.22,8.54,47.02,328.72,91.3,101.1,0.46,2.689
2041-11-09,15.05,10.38,58.41,323.74,94.9,100.5,0.6,1.487
2041-11-10,10.72,2.59,76.88,265.8,77.6,100.9,0,0.854
2041-11-11,9.53,-0.63,72.93,248.76,84.4,101.3,0.28,0.434
2041-11-12,8.5,-0.45,62.18,270.77,80.9,101.8,0,0.596
2041-11-13,12.16,7.53,47.95,314.25,85.6,101,0,1.731
2041-11-14,12.95,7.45,62.22,307.08,82.6,98.9,7.28,1.726
2041-11-15,13.8,5.24,29.74,321.94,90.5,97.9,5.31,1.216
2041-11-16,12.55,3.35,64.66,286.47,78.6,98.8,2.8,1.666
2041-11-17,13.91,10.71,54.69,312.14,80.5,98.3,23.36,3.538
2041-11-18,13.71,9.27,41.14,314.86,83.5,98.6,9.95,3.701
2041-11-19,12.28,8.85,66.23,280.86,71.6,101,0,2.729
2041-11-20,13.96,10.33,41.87,325.9,81.1,100.7,0,3.905
2041-11-21,14.4,6.66,10.74,328.67,94,99.9,7.91,1.797
2041-11-22,10.46,6.24,18.1,320.08,95.3,100.3,0,0.364
2041-11-23,14.4,9.85,42.38,326.3,91.1,100.8,0,2.012
2041-11-24,13.71,9.62,30.3,328.87,95.3,101.4,0,1.206
2041-11-25,14.43,11.01,11.52,356.92,93,100.3,10.44,3.12
2041-11-26,14.69,10.06,23.25,343.34,93.4,99.3,24.33,2.476
2041-11-27,11.84,7.71,43.68,293.47,86.4,99.4,7.27,2.69
2041-11-28,12.41,8.27,48.27,288.53,83.1,100.8,0,2.407
2041-11-29,13.55,8.52,33.96,332.44,97.2,101.5,4.81,1.294
2041-11-30,14.37,12.27,17.23,367.09,100,101.6,1.88,1.019
2041-12-01,13.95,11.74,16.59,356.12,100,101.5,1.89,0.253
2041-12-02,12.98,10.93,23.91,347.65,97.7,100.8,2.8,1.128
2041-12-03,13.93,11.24,17.01,356.63,96.7,99.9,8.8,2.04
2041-12-04,13.94,10.31,36.35,330.16,93.4,99.1,13,2.05
2041-12-05,11.58,7,40.74,293.98,87.6,98,2.04,2.761
2041-12-06,9.23,5.64,45.23,280.32,84.9,98.7,0,1.822
2041-12-07,7.34,2.23,29.53,276.72,84.2,100,0.83,0.622
2041-12-08,4.22,0.8,49.85,237.77,82.3,101.4,0,0.752
2041-12-09,7.89,3.05,39.7,279.17,86.4,101.7,0,2.328
2041-12-10,6.8,4.65,25.81,312.94,92.4,100.8,0.78,1.576
2041-12-11,6.5,1.3,14.36,292.99,92.6,100.5,1.32,0.467
2041-12-12,7.64,1.74,30.38,277.44,92.2,101.4,0,0.372
2041-12-13,9.88,1.26,45.83,289.55,89.1,101.7,0,1.813
2041-12-14,12.35,9.42,22.26,334.65,85.2,100.7,0.04,3.882
2041-12-15,11.96,6.05,23.35,316.18,83.1,100.2,2.32,2.925
2041-12-16,12.01,4.38,12.49,327.69,87.7,100,5.93,1.936
2041-12-17,13.32,10.27,22.27,340.03,94.4,99.7,0,2.503
2041-12-18,13.02,6.18,28.56,312.75,96.4,100.3,0.55,1.551
2041-12-19,10.45,5.91,27.95,328.06,99.9,100.7,0,0.322
2041-12-20,12.18,8.95,38.72,310.6,97.7,100.7,0.25,1.253
2041-12-21,12.29,8.31,27.69,335.56,97.4,101,1.08,0.711
2041-12-22,11.15,3.64,32.02,298.45,92.4,100.9,1.28,1.564
2041-12-23,4.98,-1.22,47.81,229.75,84.9,102.2,0,1.419
2041-12-24,5.53,-1.73,46.06,248.97,90.7,102.4,0,1.372
2041-12-25,8.13,1.1,24.49,294.84,88.5,101.8,0,2.878
2041-12-26,7.55,4.85,32.93,309.52,90,101.2,1.3,0.579
2041-12-27,7.53,-0.96,47.66,245.28,95.3,102.1,0,0.29
2041-12-28,8.24,-1.36,35.2,280.44,92.4,101.9,0,0.827
2041-12-29,9.67,1.14,30.87,278.87,89.6,101.3,0,1.411
2041-12-30,9.68,0.79,32.83,281.37,91.9,102,0,1.417
2041-12-31,9.91,3.06,32.93,292.14,90.3,101.7,0,1.133
2042-01-01,10.14,5.33,33.03,302.11,88.7,101.5,0,1.225
2042-01-02,10.11,5.72,25.48,325.08,90.4,99.8,3.34,1.77
2042-01-03,9.21,0.44,40.13,281.53,89.2,100.4,3.74,0.255
2042-01-04,11.05,2.97,13.92,312.45,88.1,100.5,5.44,2.062
2042-01-05,8.32,4.23,40.8,279.07,83.7,100.8,0,2.141
2042-01-06,8.51,3.14,35.61,275.27,77,101.2,0,2.243
2042-01-07,3.88,-3.22,48.41,229.73,87.7,101.4,0,0.564
2042-01-08,11.02,-1.84,10.18,310.73,89.4,100.3,14.39,1.691
2042-01-09,8.79,3.49,44.3,284.24,84.9,99.6,0.85,2.11
2042-01-10,5.79,3.37,24.06,276.2,79.8,99.6,0.99,2.979
2042-01-11,9.25,1.74,29.71,304.22,83.7,98,18.86,2.638
2042-01-12,6.91,3.66,39.01,288.35,82.9,99.5,6.61,0.983
2042-01-13,9.33,5.51,50.92,287.8,76.3,99.1,3.72,2.975
2042-01-14,7.79,2.27,48.8,258.06,70.9,100.5,0,2.627
2042-01-15,11.1,1.83,15.82,325.49,97.8,100.6,4.48,1.405
2042-01-16,11.51,5.72,45.73,299.53,85.8,100.2,2.95,2.502
2042-01-17,9.8,4.92,50.36,285.4,74.6,99.9,3.1,3.278
2042-01-18,10.08,6.42,51.24,296.96,82.7,97.8,21.1,3.7
2042-01-19,11.83,7.66,37.29,331.19,90.2,98.7,1.03,3.196
2042-01-20,13.08,9.06,40.18,332.06,77.8,99.7,0.5,3.74
2042-01-21,11.98,9.15,23.34,347.61,95.6,100.6,1.41,2.097
2042-01-22,11.21,6.61,16.63,332.59,96.1,100.1,11.57,1.984
2042-01-23,10.78,5.34,52.25,293.04,79.5,100.8,0,3.313
2042-01-24,13.01,10.65,21.05,357.31,93.2,100.1,11.35,4.105
2042-01-25,13.13,7.05,20.72,339.68,93.1,99.9,8.45,3.433
2042-01-26,8.72,4.85,49.35,285.3,77,100.2,0,1.918
2042-01-27,10.69,5.34,20.88,310.45,85.3,97.9,16.79,3.362
2042-01-28,7.38,4.58,48.49,275.13,77.6,97.9,1.89,4.044
2042-01-29,12.05,4.62,16.45,320.45,88.2,99,8.64,3.2
2042-01-30,12.14,6.73,50.37,312,74.2,99.5,1.9,4.299
2042-01-31,9.16,5.57,26.5,301.16,86.2,100.2,4.08,2.533
2042-02-01,7.66,4.24,48.07,283.07,74.6,101,0,2.084
2042-02-02,6.71,2.71,20.38,304.99,92.6,100.4,18.72,0.119
2042-02-03,5.5,1.48,52.14,284.29,90.2,99.1,0.62,0.89
2042-02-04,4.89,0,70.31,277.19,86.6,98.6,2.93,0.554
2042-02-05,3.84,-3.44,78.63,243.29,88.9,99.1,0,0.897
2042-02-06,4.39,-4.18,85.47,239.59,81.3,99,0,2.481
2042-02-07,1.69,-0.2,22.91,285.54,86.1,98.3,0.12,1.783
2042-02-08,7.56,-3.9,66.03,266.5,74.5,99.6,0,1.51
2042-02-09,11.61,5.46,19.54,331.96,96.3,98.9,17.82,2.521
2042-02-10,10.86,7.25,73.55,293.54,92.3,99.6,2.24,2.323
2042-02-11,12.98,7.23,22.61,345.52,99,99.9,8.24,1.599
2042-02-12,11.53,9.51,18.82,348.4,95.2,98.6,13.01,3.019
2042-02-13,10.88,7.73,76.18,297.31,87.7,99,1.96,2.573
2042-02-14,11.47,8.73,37.39,335.41,95.4,98.8,15.69,1.658
2042-02-15,10.43,6.56,73.27,299.55,81.2,98.9,7.78,2.657
2042-02-16,10.54,7.35,24.43,332.65,92.8,99.7,24.94,1.539
2042-02-17,11.86,10.48,65.27,338.86,95.5,99.4,6.27,3.162
2042-02-18,12.02,8.7,97.96,297.93,87.5,100,0,1.698
2042-02-19,10.9,7.17,50.39,315.06,95.6,98.9,10.52,1.38
2042-02-20,9.68,4.81,73.1,295.2,90.7,98.6,2.08,0.811
2042-02-21,10.1,4.95,81.86,277.27,88.9,99.2,1.54,1.179
2042-02-22,9.4,5.05,66.63,300.34,95.3,99.2,2.22,3.1
2042-02-23,7.03,4.13,53.67,308.99,86.9,99.2,0,1.383
2042-02-24,9.7,0.95,82.14,277.59,88.1,99.3,0.12,0.98
2042-02-25,10.23,7.84,74.51,321.84,93,98.7,5.53,1.343
2042-02-26,11.65,9.88,71.72,338.11,92.1,98,12.06,2.341
2042-02-27,11.95,8.57,71.61,332.28,89.3,96.8,21.02,2.214
2042-02-28,9.84,6.06,67.52,302.13,76.4,96.7,1.68,4.036
2042-03-01,8.78,5.15,83.8,271.7,72.4,97.8,0,2.966
2042-03-02,7.84,3.34,88.78,293.17,76.6,97.7,1.04,1.99
2042-03-03,7.88,2.72,53.5,285.76,78,97.4,1.92,1.744
2042-03-04,10.55,4.24,110.23,286.7,77.3,97.2,0.36,2.201
2042-03-05,8.92,1.49,70.88,274.55,82.7,97.4,0.35,1.76
2042-03-06,10.24,0.94,114.4,292.38,84.6,97.6,0.53,0.382
2042-03-07,9.96,2.59,132.78,271.55,76.4,98.5,0,0.367
2042-03-08,9.36,6,29.56,335.15,96,97.7,18.87,3.765
2042-03-09,12.39,7.65,108.76,317.91,93.4,97.9,12.15,1.727
2042-03-10,12.53,6.21,57.87,327.42,92.7,98.2,0.74,1.234
2042-03-11,7.67,5.23,33.4,323.65,94.2,99.2,19.45,1.435
2042-03-12,9.73,4.87,84.72,322.39,93,100.2,3.32,1.674
2042-03-13,11.82,9.35,63.03,339.7,93.7,100.2,16.52,1.542
2042-03-14,15.13,9.89,136.73,322.05,86.9,100.2,0.85,3.712
2042-03-15,17.39,11.23,132.56,325.77,87.1,99.8,0,3.713
2042-03-16,12.31,9.94,68.99,343.71,96.6,99.7,1.67,0.929
2042-03-17,12.42,5.98,75.62,320.38,89.7,99.5,7.29,1.111
2042-03-18,9.03,4.78,92.03,297.05,72.2,100,0,0.757
2042-03-19,9.56,3.58,96.09,285.17,74.6,99.6,0,1.108
2042-03-20,8.8,1.9,178.96,255.58,65.1,100.1,0,0.614
2042-03-21,9.45,-1.69,153.58,251.01,68.6,100.5,0,1.137
2042-03-22,10.48,3.64,169.26,283.79,70.4,99.8,0,4.931
2042-03-23,11.85,9.92,35.41,348.78,96,98.7,23.35,4.146
2042-03-24,11.99,9.12,32.24,346.39,95.8,97.4,21.75,1.693
2042-03-25,11.19,7.52,103.73,318.12,85.6,97.3,10.34,1.741
2042-03-26,11.42,8.74,68.16,331.29,93.6,97.4,10.3,1.915
2042-03-27,13.38,8.04,141.54,296.1,87.7,98.4,1.65,1.759
2042-03-28,12.35,7.99,153.75,290.04,88.2,99.2,0.79,1.836
2042-03-29,15.55,8.03,163.63,293.55,81.1,98.9,0.81,0.928
2042-03-30,14,7.98,156.85,304.18,79.4,99.6,0,1.27
2042-03-31,11.04,8.21,65.06,328.05,91.8,99.4,13.38,2.007
2042-04-01,10.74,7.24,115.12,312,83.9,98.9,6.95,3.395
2042-04-02,12.17,7.36,167.37,295.03,83.7,99,10.32,2.017
2042-04-03,11.6,6.76,154.82,297.68,91.3,99,2.98,1.329
2042-04-04,12.69,5.88,164.29,295.8,88.9,98.8,1.3,0.514
2042-04-05,12.46,4.18,169.92,275.63,79.2,99.2,0,0.735
2042-04-06,11.59,4.85,100.46,320.85,90.4,99.6,11.55,2.024
2042-04-07,13.2,7.34,133.32,328.29,87.8,99.8,1.98,0.812
2042-04-08,13.07,8.75,60.05,351.31,98.5,99.8,21.67,1.661
2042-04-09,16.79,7.44,178.11,314.86,87.3,101,0,0.999
2042-04-10,16.08,5.24,201.36,290.65,87.4,101.5,0,0.371
2042-04-11,17.88,7.38,241.21,277.14,76.8,101.9,0,0.353
2042-04-12,18.2,6.22,238.28,276.71,61.6,102,0,1.051
2042-04-13,18.84,6.97,229.47,285.75,68.2,101.9,0,0.307
2042-04-14,19,8.4,252.1,286.78,78,101.5,0,1.755
2042-04-15,14.76,6.53,257.05,262.9,76.4,101.2,0,3
2042-04-16,16.01,5.13,255.25,262.82,78.2,100.9,0,1.414
2042-04-17,16.76,3.7,270.82,264.07,73.7,100.8,0,0.267
2042-04-18,17.53,5.86,259.53,278.74,75.1,100.5,0,1.72
2042-04-19,19.94,7.92,257.41,289.97,72.8,100,0,2.642
2042-04-20,18.88,11.52,215.42,320.25,83.8,99.7,0.61,1.453
2042-04-21,14.53,11.59,88.04,350.31,95.3,99.3,22.26,1.369
2042-04-22,14.92,10.48,173.03,327.98,91.1,99.2,4.71,1.22
2042-04-23,13.42,9.63,53.43,345.65,97.7,98.8,27.26,0.642
2042-04-24,13.9,8.83,205.22,314.17,80.5,98.6,5.25,1.617
2042-04-25,12.7,8.82,145.58,318.73,84.5,98.3,10.3,1.081
2042-04-26,14.37,8.56,183.09,319.16,86.2,98.9,3.65,1.89
2042-04-27,13.05,8.12,169.67,305.43,88.1,99.3,5.41,1.736
2042-04-28,14.91,7.45,164.61,303.08,82.9,99.5,1.47,2.081
2042-04-29,15.97,7.56,218.61,295.56,79.8,99.9,0,1.834
2042-04-30,15.45,5.87,195.88,297.09,81.5,100.1,0,1.172
2042-05-01,13.65,6.47,132.12,318.35,89.4,100.2,2.77,0.137
2042-05-02,12.3,8.3,123.64,335.9,94,100.6,12.93,2.637
2042-05-03,12.51,6.57,183.21,304.81,73.7,101.3,0,3.564
2042-05-04,15.6,9.15,174.05,330.95,82.7,101,0,0.954
2042-05-05,16.44,9.24,196.11,323.89,90.9,101,0,0.434
2042-05-06,18.79,9.88,185.63,328.06,82.1,100.3,0,1.501
2042-05-07,18.42,8.47,263.72,300.38,79.7,99.9,0,0.831
2042-05-08,15.84,7.69,180.76,307.75,74.4,99.5,0,0.327
2042-05-09,13.96,10.95,116.02,347.03,91.3,99.2,9.96,1.756
2042-05-10,13.42,9.68,57.19,355.96,95.7,98.8,43.36,5.252
2042-05-11,15.23,9.49,179.06,339.12,88.3,98.6,18.87,0.396
2042-05-12,15.55,8.79,149.1,336.29,84.4,99.5,0.18,0.956
2042-05-13,15.53,9,125.56,323.76,85.6,99.4,2.83,2.521
2042-05-14,16.22,8.61,305.2,280.52,74,100,0,0.672
2042-05-15,21.55,12.17,219.46,349.39,74.9,99.3,14.11,4.198
2042-05-16,16.5,10.38,257.65,309.72,86.2,99.5,0,1.243
2042-05-17,17.68,8.56,183.1,322.97,86.3,100.1,5.07,0.302
2042-05-18,18.22,11.91,195.04,333.16,78.9,100.4,0,0.43
2042-05-19,19.69,9.71,279.02,302.98,78.2,100.7,0,0.441
2042-05-20,20.51,10.86,297.7,305.33,78,101,0,0.54
2042-05-21,21.84,11.24,278.06,317.39,80.2,100.9,0,0.49
2042-05-22,21.04,11.29,303.82,314.47,77.8,100.6,0,3.409
2042-05-23,22.06,13.93,314.78,319.45,75.6,100.2,0,5.191
2042-05-24,24.83,15.49,312.98,337.25,77.9,100.1,0,2.501
2042-05-25,25.42,14.98,239.44,356.48,80.6,100.4,13.47,1.9
2042-05-26,23.11,14.69,282.14,334.52,77.9,100.6,0,3.627
2042-05-27,20,11.29,302.13,301.88,67.5,100.6,0,4.304
2042-05-28,20.05,10.01,316.03,296.3,72.3,100,0,2.693
2042-05-29,19.06,11.91,154.21,342.37,70.4,99.2,0,1.953
2042-05-30,17.19,12.32,107.47,347.61,88.5,99.1,14.55,2.987
2042-05-31,16.94,12.43,141.06,341.73,90.4,99.2,15.65,1.962
2042-06-01,16.68,12.54,175.08,335.88,92.3,99.2,16.75,0.954
2042-06-02,18.39,12.06,203.56,329.49,86.8,99.6,7.52,0.707
2042-06-03,19.54,11.15,260.34,316.2,85.6,100.6,0.79,0.095
2042-06-04,19.48,12.21,282.29,321.53,81.9,100.7,0,2.314
2042-06-05,20.34,12.72,283.58,321.35,78.9,100.1,1.6,1.458
2042-06-06,19.11,12.26,220.51,326.43,79.6,99.4,6.57,2.384
2042-06-07,17.75,11.85,246.48,318.67,74.5,99.1,1.56,2.767
2042-06-08,18.91,11.93,199.18,325.1,77.1,99.6,1.27,1.583
2042-06-09,18.16,9.76,232.78,325.87,76.8,99.5,4.37,1.672
2042-06-10,16.35,7.91,260.26,294.15,64.8,100.6,0,0.201
2042-06-11,16.49,10.74,192.78,334.15,78.4,100.3,1.37,2.093
2042-06-12,17.74,11.22,202.75,327.41,71.5,100,0.18,2.043
2042-06-13,15.39,10.1,150.27,329.61,86.5,99.9,6.1,1.123
2042-06-14,16.35,7.59,239.64,300.04,81.8,99.9,4.46,1.282
2042-06-15,16.56,10.05,246.34,305.05,71.7,100.2,0,3.019
2042-06-16,16.27,9.65,252.82,299.07,79.5,100,4.43,1.879
2042-06-17,16.1,7.32,238.3,294.15,70.5,100.3,0,1.381
2042-06-18,16.53,7.57,202.76,314.73,72.2,100.3,0,0.63
2042-06-19,18.73,12.83,296.09,325.95,79.2,99.6,0,1.505
2042-06-20,17.96,11.55,291.74,310.27,71.1,99.8,0,2.301
2042-06-21,17.9,10.96,272.39,310.9,72.6,100.4,0,1.643
2042-06-22,21.17,13.84,237.55,359.97,87.2,100.5,5.12,1.204
2042-06-23,22.84,15.15,212.22,361.31,84.3,100.8,0,0.636
2042-06-24,24.88,15.57,329.67,333.07,71.7,100.7,0,4.052
2042-06-25,26.54,17.07,332.88,343.76,63.6,100.4,0,6.076
2042-06-26,28.93,19.45,325.5,358.91,70.1,100.2,0,3.47
2042-06-27,29.27,18.88,323.62,363.95,77.7,99.9,1.49,0.332
2042-06-28,21.71,16.61,144.52,378.7,89.6,99.9,52.81,1.294
2042-06-29,20.15,13.27,188.28,350.22,82.4,100.1,6.34,0.579
2042-06-30,21.64,11.39,304.39,306.41,69.8,100.9,0,1.005
2042-07-01,25.55,14.77,296.1,349.93,66.4,100.7,0.43,3.997
2042-07-02,29.63,16.77,301.9,371.41,77.1,100,1.84,1.98
2042-07-03,27.84,18.98,248.13,377.19,83.1,99.9,2.64,0.385
2042-07-04,24.22,17.91,186.94,373.37,83.9,100.1,26.2,0.97
2042-07-05,24.28,16.96,270.15,348.57,75.2,100.2,0,0.579
2042-07-06,24.01,14.6,296.07,330.87,74.4,100,0,0.497
2042-07-07,20.96,13.35,236.33,337.93,77.7,99.7,0,1.813
2042-07-08,23.4,14.51,296.1,329.51,78.8,99.6,0,0.705
2042-07-09,24.2,14.3,310.97,329.8,72.3,99.8,0,0.44
2042-07-10,24.56,17.1,214.98,370.24,83.1,99.6,13.93,0.705
2042-07-11,21,14.53,299.78,318.1,78.4,100.1,0.92,1.4
2042-07-12,21.89,14.97,307.71,319.28,76.1,100.4,0,0.863
2042-07-13,23.88,14.45,293.99,338.71,83.5,100,2.92,0.704
2042-07-14,21.81,14.42,295.1,324.04,79,99.7,1.67,1.488
2042-07-15,19.75,12.71,192.53,335.03,86.1,99.1,10.13,0.464
2042-07-16,21.57,14.21,248.63,330.16,75.7,99.2,3.27,1.819
2042-07-17,20.92,12.46,235.67,319.67,79.2,99.7,2.74,1.297
2042-07-18,22.28,12.6,284.73,320.73,71,100,0.33,1.489
2042-07-19,20.73,14.01,218.59,341.68,78.8,100.5,0.81,1.193
2042-07-20,20.34,15.29,65.38,384.41,95.1,100.2,23.91,1.231
2042-07-21,21.95,17.23,161.39,380.29,94.5,100.1,9.14,0.823
2042-07-22,23.9,17.78,273.76,355.39,83.8,100.1,2.48,0.885
2042-07-23,26.87,17.36,257.18,361.12,75.8,99.7,1.06,3.61
2042-07-24,24.4,17.76,156.69,371.39,79.5,99.3,1.04,2.662
2042-07-25,24.51,16.41,226.9,355.2,85.1,99.6,9.35,1.472
2042-07-26,21.7,17.42,200.17,366.63,91.3,100.1,12.92,0.603
2042-07-27,23.39,15.65,263.31,338.87,79,100.2,0,1.41
2042-07-28,21.78,15.19,180.16,363,82.5,99.7,1.81,2.391
2042-07-29,22.6,17.35,197.3,370.29,84.6,98.9,1.09,2.6
2042-07-30,21.6,14.43,286.87,319.09,70.8,99.4,0,1.485
2042-07-31,21.1,13.33,276.81,315.11,70.6,99.7,0,1.193
2042-08-01,20.6,12.22,266.81,310.21,70.5,100.1,0,0.901
2042-08-02,20.22,10.29,239.09,308.56,73,100.2,1.67,1.002
2042-08-03,20.71,12.26,274.4,309.63,72,100.4,0,0.38
2042-08-04,21.24,11.98,195.58,341.4,81.9,99.9,1.29,2.28
2042-08-05,20.47,14.4,254.56,330.94,73,99.9,0.85,1.612
2042-08-06,23.19,15.74,230.83,358.32,78,99.4,0,2.853
2042-08-07,19.52,12.8,277.46,307.01,67,100,0,0.432
2042-08-08,19.71,10.74,258.69,307.51,75.8,99.9,0,0.72
2042-08-09,19.85,13.46,204.91,336.44,87.5,99,10.6,0.569
2042-08-10,19.94,13.13,190.77,328.92,84.3,98.8,4.52,0.753
2042-08-11,20.36,13.06,204.07,327.45,85.4,99.2,2.32,0.851
2042-08-12,20.39,11.63,178.85,327.41,85.6,99.2,2.09,0.117
2042-08-13,22.85,14.68,256.79,329.99,77.5,99.6,0,0.897
2042-08-14,20.01,14.6,115.14,368.91,95.2,99.2,19.97,1.574
2042-08-15,22.76,16.06,195.87,357.07,86,99,2.32,0.804
2042-08-16,19.09,13.31,170.38,335.77,82.9,99.9,4.91,0.774
2042-08-17,20.09,10.3,240.22,308.99,79.3,100.7,0,0.515
2042-08-18,20,15.59,145.58,365.28,87.7,100.8,1.73,1.491
2042-08-19,23.57,15.03,239.73,340.1,83.1,100.9,0,0.321
2042-08-20,22.68,13.88,257.42,319.84,79.5,100.8,0,0.352
2042-08-21,20.86,14.2,202.93,330.61,77.5,100.6,0,1.699
2042-08-22,20.54,13.41,205.64,329.76,76.7,100.7,0,1.904
2042-08-23,22.33,15.78,186.28,364.59,86.2,100.3,0.07,2.374
2042-08-24,22.5,18.37,133.62,388.56,89.3,99.8,0.61,2.217
2042-08-25,21.09,16.09,217.3,334.52,76.8,99.6,0,1.866
2042-08-26,22,15.99,190.45,351.53,79.6,99.2,3.25,3.322
2042-08-27,21.79,13.25,223.96,312.28,73.3,100.4,0,1.72
2042-08-28,21.45,10.92,239.43,312.88,81.9,100.9,0,0.286
2042-08-29,24.62,12.77,244.13,325.38,77.4,100.6,0,0.896
2042-08-30,24,13.57,221.8,342.55,81.6,100.5,0,0.887
2042-08-31,22.89,14.46,229.8,334.46,75.7,100.7,0,0.461
2042-09-01,21.78,15.35,237.89,324.63,69.9,100.8,0,0.578
2042-09-02,22.12,13.53,213.08,323.92,72.4,101,0,1.041
2042-09-03,23.08,14.34,191.98,333.01,72.7,101,0,2.645
2042-09-04,22.98,13.63,198.26,332.23,73.8,101.2,0,3.372
2042-09-05,22.29,15.37,157.18,350,77.9,101.2,0,4.004
2042-09-06,24.5,14.83,216.32,327.22,71.6,101.1,0,4.013
2042-09-07,24.35,13.36,229.68,312.35,71.3,101,0,2.58
2042-09-08,24.17,11.92,229.7,308.99,74.6,100.8,0,0.538
2042-09-09,24.27,11.8,225.89,314.03,75.2,100.7,0,0.532
2042-09-10,24.34,12.89,210.77,323.07,76.4,100.6,0,1.863
2042-09-11,19.97,15.43,149.88,343.46,72,100.7,0,5.575
2042-09-12,22.8,14.64,193.9,341.67,68.4,100.3,0.92,4.503
2042-09-13,25.03,13.66,196.83,335.17,80.7,100.3,0,0.747
2042-09-14,26.55,13.36,164.44,359.55,81.6,100,2.17,1.61
2042-09-15,21.58,18.06,95.07,365.8,92.6,99.4,2.31,0.833
2042-09-16,21.51,15.77,115.07,365.54,92.8,99.3,12.89,2.342
2042-09-17,20.52,14.48,176.35,329.25,77.8,99.7,13.35,2.616
2042-09-18,20,14.12,152.96,325.94,75.5,99.9,1.11,3.286
2042-09-19,19.49,12.56,169.9,317.44,75.7,100,0,2.672
2042-09-20,19.25,16.13,70.41,371.83,89.6,100,2.94,2.858
2042-09-21,20.42,15.91,127.23,362.75,83.5,100.5,0,0.914
2042-09-22,20.56,16.19,91.46,375.95,96.5,100.1,12.39,1.634
2042-09-23,18.73,11.84,92.18,331.55,84,99.6,0.06,1.876
2042-09-24,17.21,9.44,145.76,297.5,83.4,99.2,0,0.714
2042-09-25,17.51,8.96,140.41,301.71,82.5,98.9,0.83,1.194
2042-09-26,16.78,8.81,159.68,291.27,82.3,100,0,0.445
2042-09-27,17.57,6.29,173.83,292.48,77.4,100.6,0,0.163
2042-09-28,19.69,12.11,98.98,350.2,90.1,100.6,0,1.013
2042-09-29,20.65,10.44,156.46,327.87,88.4,100.9,0,0.468
2042-09-30,18.91,14.66,96.35,363.6,87.8,100.9,0.01,0.899
2042-10-01,16.49,9.01,152.51,292.26,75.3,101.3,0,2.356
2042-10-02,17.53,7.77,144.72,317.73,83.1,101.3,0,0.414
2042-10-03,16.73,12.46,96.88,348.97,86.7,101,0,0.381
2042-10-04,16.72,11.56,79.16,348.59,90.7,100.7,0,0.217
2042-10-05,17.64,10.95,130.29,316.36,85.3,100.3,0,1.25
2042-10-06,12.84,6.48,120.05,287.57,70.7,100.8,0,1.385
2042-10-07,15.63,5.98,131.27,295.61,67.7,101.2,0,3.433
2042-10-08,15.75,9.16,103.51,322.48,77.6,100.9,0,2.34
2042-10-09,16.5,7.52,145.89,286.37,77.9,100.7,0,3.416
2042-10-10,18.14,11.69,85.53,334.1,76.2,100.2,0,3.589
2042-10-11,19.6,16.16,37.29,376.29,92.5,99.2,7.99,0.845
2042-10-12,18.77,16.6,47.85,378.68,96.7,98.9,8.98,1.952
2042-10-13,19.97,14.17,100.24,341.55,90.8,98.9,1.84,1.879
2042-10-14,15.06,10.62,47.34,340.14,86.7,100.1,2.08,2.602
2042-10-15,12.89,10.22,30.43,354.52,94,100.4,9.42,5.47
2042-10-16,14.47,7.87,74.17,324.06,79.6,100.8,0,3.457
2042-10-17,13.53,6.34,129.82,269.25,70.4,101.1,0,3.168
2042-10-18,12.99,5.3,115.02,282.09,72.9,101.2,0,3.819
2042-10-19,13.84,6.75,76.52,318.54,79.1,100.9,0,4.486
2042-10-20,14.29,8.16,109.72,293.89,82.8,100.7,0,5.178
2042-10-21,16.05,7.17,117.45,290.01,85.7,100.4,0,4.182
2042-10-22,19.09,12.99,104.43,333.72,87.6,99.9,0,3.682
2042-10-23,16.95,14.31,47.55,365.95,97.1,99.6,1.36,1.755
2042-10-24,17.08,10.84,31.26,348.11,98.8,99.9,4.74,0.668
2042-10-25,16.78,8.91,81.31,330.71,95.5,100.3,0,3.025
2042-10-26,18.29,13.38,79.52,340.32,90,99.8,0,3.417
2042-10-27,15.21,11.7,43.7,349.31,92.2,100.3,0,2.476
2042-10-28,12.56,10.16,58.02,328.5,86.9,100.4,0,3.719
2042-10-29,13.99,9.58,65.19,331.62,84.7,100.5,0,1.931
2042-10-30,15.91,8.88,85.97,318.61,89.7,100.1,2.44,1.302
2042-10-31,16.05,11.47,67.31,332.8,88.5,99.7,1.48,1.455
2042-11-01,16.2,14.07,48.82,346.72,87.3,99.3,0,1.382
2042-11-02,15.93,9.92,14.57,337.81,92.7,98.3,33.45,1.228
2042-11-03,16.43,11.18,45.42,342.36,88.3,98.8,4.48,1.874
2042-11-04,15.33,10.32,12.41,335.66,92,98.5,29.37,1.507
2042-11-05,15.56,9.61,83.12,306.33,85.5,99.7,0,1.756
2042-11-06,17.66,14.22,51.98,351.79,95.9,100.8,0,1.438
2042-11-07,16.43,13.65,48.62,353.29,96.3,101.3,0,0.488
2042-11-08,15.99,11.85,81.59,325.11,89.1,100.9,0,3.966
2042-11-09,16.71,12.56,62.76,347.49,95.3,100.8,0,2.421
2042-11-10,17.16,14.46,74.41,326.78,91.9,100.7,0,2.101
2042-11-11,16.82,14.85,42.59,346.99,92.7,100.2,0,2.019
2042-11-12,16.89,14.95,27.41,365.89,95.3,99.8,27.15,1.421
2042-11-13,14.94,12.02,11.73,354.19,98.9,100.4,24.99,0.359
2042-11-14,13.02,11.27,9.63,343.69,98.6,100.4,0,0.207
2042-11-15,11.74,9.3,32.25,339.63,92.3,100.4,2.36,0.889
2042-11-16,12.88,9.55,57.85,323.51,93.3,100.5,0,2.339
2042-11-17,13.52,8.67,53.09,312.79,88.8,99.9,0,2.919
2042-11-18,13.59,6.09,63.44,293.71,88.5,99.2,4.48,1.588
2042-11-19,11.59,5.74,54.59,293.83,83.2,100.6,0,0.286
2042-11-20,12.03,3.28,63.4,283.99,87.4,101.7,0,0.466
2042-11-21,11.91,5.46,49.13,300.07,87,101.1,0,1.825
2042-11-22,13.17,8.86,31.51,344.24,96.3,100.1,1.69,2.287
2042-11-23,14.6,9.55,33.44,341.82,97.5,100,1.17,1.02
2042-11-24,13.96,9.47,30.98,345.61,99.2,100.1,0.76,1.648
2042-11-25,12.89,9.25,24.97,334.16,97.4,100.4,0,2.611
2042-11-26,11.76,8.16,28.69,326.36,94.4,101.1,0,2.279
2042-11-27,8.2,5.53,28.71,318.14,90.5,101.1,0.87,4.215
2042-11-28,8.17,5.8,32.6,313.76,90.8,100.9,0.35,4.37
2042-11-29,5.79,3.56,28.25,310.39,87.6,100.8,0.77,3.739
2042-11-30,6.94,3.4,19.22,310.92,96.1,100.7,6.07,4.664
2042-12-01,6.77,2.59,39.39,283.05,95,100.7,0,2.926
2042-12-02,8.34,4.97,21.71,322.79,99.8,100.5,3.3,2.089
2042-12-03,7.55,5.9,31.49,324.71,99.1,101.1,0,0.931
2042-12-04,9.89,6.28,20.2,337.86,99,101.7,0.01,3.073
2042-12-05,10.92,7.94,45.39,304.8,94.9,101.5,0,3.999
2042-12-06,11.68,8.05,41.43,303.9,95.6,101.3,0,2.524
2042-12-07,12.57,11.26,15.69,356.79,98.3,100.7,0.24,1.502
2042-12-08,13.44,12.24,15.77,361.1,97.3,99.6,22.28,1.767
2042-12-09,13.35,10.79,48.47,306.2,87.8,99.3,0.94,2.347
2042-12-10,12.95,7.47,31.64,309.33,85.8,99.2,9.76,1.152
2042-12-11,12.96,9.44,23.3,329.23,81.3,97.8,10.94,2.106
2042-12-12,11.05,7.23,45.78,285.14,68.1,99,0,1.865
2042-12-13,11.04,8.06,33.57,297.13,71.8,98.5,0,4.195
2042-12-14,9.77,6.79,44.08,304.7,87.1,98,12.79,1.331
2042-12-15,8.26,5.96,38.06,278.19,83.1,98,0,2.38
2042-12-16,13.55,4.19,20.89,310.16,91.6,99.3,13.04,1.557
2042-12-17,13.63,5.84,39.19,282.96,74.2,99.2,3.04,3.075
2042-12-18,11.98,4.74,21.97,307.79,81.9,100.7,4.3,2.557
2042-12-19,9.76,3.19,46.02,280.82,77,101.2,0,1.372
2042-12-20,13.27,7.95,13.96,339.76,93.2,100.3,15.85,3.148
2042-12-21,8.49,4.7,38.28,268.11,77.7,99.2,0,2.76
2042-12-22,7.71,4.13,29.5,287.08,85.1,98.6,4.64,1.925
2042-12-23,6.85,0.32,44.45,263.12,91.7,98,1.13,1.069
2042-12-24,5.99,-0.15,39.02,282.17,86.8,98.6,0,0.564
2042-12-25,7.23,4.11,29.83,294.7,77,100.6,0,0.806
2042-12-26,7.21,0.16,32.52,280.73,87.9,101.8,0,0.406
2042-12-27,10.03,3.03,24.87,326.26,97.3,101.9,0.8,0.538
2042-12-28,8.34,5.3,22.44,324.37,99.2,101.8,1.13,0.299
2042-12-29,9.37,5.72,37.5,313.21,96.1,101.3,0,1
2042-12-30,10.36,7.2,31.31,324.13,93.3,100.5,1.9,1.748
2042-12-31,11,7.81,30.29,325.09,93.7,99.7,7.41,2.068
2043-01-01,11.65,8.42,29.28,328.04,94,99,12.85,2.388
2043-01-02,8.33,2.56,44.78,270.06,80.8,99,1.91,2.778
2043-01-03,7.3,0.28,40.62,265.21,85.1,100.3,0,1.351
2043-01-04,4.21,-2.82,51.88,225.99,89.1,100.8,0,1.461
2043-01-05,6.12,-1.7,36.71,255,81.4,100.4,0,2.676
2043-01-06,8.33,2.11,41.18,279.25,85.9,100.1,1.58,1.54
2043-01-07,10.97,5.52,11.72,333.44,98,100.1,8.54,1.349
2043-01-08,11.98,10.29,13.75,355.11,99.2,100.2,0.93,0.858
2043-01-09,10.26,7.39,21.34,337.56,93.4,99.5,4.31,4.592
2043-01-10,11.45,8.73,7.14,348.8,97.4,98.9,27.28,1.247
2043-01-11,11.51,7.63,50.33,289.62,89.5,99.7,0.74,1.929
2043-01-12,11.83,9.27,32.31,324.55,94.6,100.6,0,1.354
2043-01-13,11.47,9.43,37.42,323.39,97,100.1,0.07,2.026
2043-01-14,11.71,9.55,28.91,333.6,97.2,99.4,0.84,2.607
2043-01-15,11.63,10.19,19.9,349.77,97.5,99.1,10.19,3.003
2043-01-16,11.37,10.45,12.13,354.42,97.4,99.3,17.29,1.968
2043-01-17,11.48,9.52,26.91,346.95,98.8,99.9,8.39,0.895
2043-01-18,11.06,4.68,47.91,283.25,93.6,100.3,0.27,0.909
2043-01-19,10.1,4.55,53.85,285.61,98.1,100.6,0,1.319
2043-01-20,9.57,5.72,36.24,313.74,92.2,100.5,4.92,1.379
2043-01-21,12.64,7.32,6.37,330.38,90.6,98.4,38.99,3.55
2043-01-22,8.08,5.24,12.74,297.79,85,97.6,9.66,1.981
2043-01-23,7.48,4.01,43.05,289.4,75.3,98.7,0,2.157
2043-01-24,6.98,3.71,51.95,277.69,75.4,100,0,2.258
2043-01-25,11.61,3.9,19.54,321.1,96.6,100,7.11,2.398
2043-01-26,12.59,5.68,50.11,309.12,82.6,98.8,9.45,3.97
2043-01-27,9.18,5.41,49.53,280.93,70,99.9,0,3.816
2043-01-28,10.58,7.15,49.81,288.29,87.5,101.2,0,2.517
2043-01-29,10.29,4.69,23.52,294.7,84.4,100.7,6.14,2.56
2043-01-30,7.31,4.13,35.87,292.64,87.4,100.5,1.65,1.927
2043-01-31,7.82,2.58,45.85,279.8,88.5,100.4,0.67,0.751
2043-02-01,7.66,1.16,68.45,273.9,86.2,101.6,0,0.922
2043-02-02,6.93,0.24,81.37,246.76,82,101.8,0,1.317
2043-02-03,10.02,3.26,41.06,308.79,85.1,101.2,4.18,1.497
2043-02-04,9.2,3.86,56.95,293.88,84.8,101.3,0,2.299
2043-02-05,11.36,3.77,67.02,292.78,77.2,99.8,1.45,3.673
2043-02-06,5.88,2.69,60.73,264.88,71.8,99.9,0.97,2.135
2043-02-07,5.17,1.62,70.75,261.51,63,99.7,0,1.439
2043-02-08,5.23,0.46,77.96,247.5,62.2,100.1,0,1.074
2043-02-09,7.47,-0.43,51.49,275.56,82.9,100.8,1.11,1.673
2043-02-10,11.76,6.91,67.02,317.37,89.7,100.3,0,3.38
2043-02-11,9.76,4.71,39.05,310.4,81.7,99.5,1.24,2.884
2043-02-12,5.55,-0.58,36.67,271.64,94.9,98.3,2.55,0.852
2043-02-13,5.42,0.67,52.95,286.7,87.1,98.6,3.73,2.05
2043-02-14,5.98,1.86,67.52,283.89,83.8,100.3,0.16,1.783
2043-02-15,6.54,0.67,84.92,268.94,75.3,101.4,0,1.835
2043-02-16,6.96,-0.71,117.97,236.72,78.5,101.8,0,2.324
2043-02-17,5.45,0.6,92.84,269.88,76.5,101.4,0,1.05
2043-02-18,9.98,0.17,82.95,282.43,86.5,100.8,0.96,1.285
2043-02-19,9.44,1.43,61.04,305.33,91.5,100.2,1.21,0.56
2043-02-20,9.15,4.54,55.36,314.43,90.9,100.1,2.11,0.232
2043-02-21,12.35,4.4,67.39,324.45,91,100.2,2.11,2.606
2043-02-22,9.43,4.55,69.54,302.46,85.9,99.1,2.66,3.155
2043-02-23,7.16,4.44,80.33,293.53,86,98.6,1.11,2.144
2043-02-24,7.66,3.95,76.97,302.51,77.5,99.6,0.55,0.89
2043-02-25,7.25,2.8,83.36,288.4,75.4,99.7,0,0.681
2043-02-26,9.74,1.59,75.9,299.2,80.4,99.6,0.38,2.44
2043-02-27,8.21,3.99,80.61,285.23,78.3,99.7,1.2,1.105
2043-02-28,8.52,3.95,88.43,295.82,75.6,100.5,0,0.666
2043-03-01,11.06,4.93,69.38,314.04,95,101.1,1.28,0.463
2043-03-02,11.3,6.52,98.06,304.89,86.4,101.5,0,1.107
2043-03-03,8.97,6.66,65.21,314.01,82.2,101.4,0,1.928
2043-03-04,12.26,7.04,90.78,315.94,85.9,101.3,0,2.576
2043-03-05,10.85,7.66,96.87,314.04,88,101.4,0.3,1.913
2043-03-06,12.93,7.24,79.19,323.99,85.4,100.8,0.08,2.649
2043-03-07,9.72,6.51,101.27,303.36,73.7,99.2,2.03,3.987
2043-03-08,8.95,4.33,96.75,288.9,71.1,99,0,1.076
2043-03-09,6.71,1.11,98.27,275.51,79.6,99.1,0.83,1.02
2043-03-10,8.48,0.94,90.68,287.54,84.9,99.1,3.05,0.677
2043-03-11,9.4,4.18,107.87,276.57,73.1,99.7,0,4.349
2043-03-12,9.72,3.98,171.57,247.2,70.4,99.5,0,5.743
2043-03-13,12.66,4.64,158.2,280.13,74.8,99.3,0,4.549
2043-03-14,12.98,5.4,115.29,316.34,78.9,99,0.84,2.633
2043-03-15,13.01,5.85,118.08,307.42,89.6,99.6,1.24,1.148
2043-03-16,12.67,7.23,50.61,338.22,95.4,100.1,3.25,2.135
2043-03-17,15.88,10.1,104.79,340.79,90.9,100.6,0,2.113
2043-03-18,14.19,7.25,105.39,324.05,83,101,0.6,1.703
2043-03-19,11.33,6.32,118.1,301.5,73.5,101.3,0,1.938
2043-03-20,13.76,7.96,119.59,310.3,83.3,100.8,0,1.565
2043-03-21,12.62,6.9,107.55,306.45,84.8,100.3,0.66,0.309
2043-03-22,8.64,4.83,77.03,304.43,85.1,100.4,3.12,2.714
2043-03-23,8.57,2.73,166.53,254.01,68.3,100,0,3.677
2043-03-24,9.97,1.33,200.3,251.06,63.9,99.8,0,2.879
2043-03-25,10.72,3.4,121.72,296.63,72.9,100.8,0,0.189
2043-03-26,9.87,3.94,132.76,304.4,78.9,100.8,2.94,1.46
2043-03-27,14.32,7.98,51.33,350.31,98,99.8,22.04,1.987
2043-03-28,12.52,9.51,99.01,346.32,96.9,99.7,6.02,1.588
2043-03-29,11.72,5.01,117.41,306.54,82.8,99,9.84,1.809
2043-03-30,10.48,4.71,160.25,299.7,76.7,99,6.89,0.942
2043-03-31,10.92,5.96,124.26,302.73,84.7,98.5,5.29,2.313
2043-04-01,9.91,4.5,129.87,293.66,72.5,99.5,0.85,2.795
2043-04-02,10.15,4.41,108.09,295.97,82,100.3,1.13,1.878
2043-04-03,11.14,6.75,111.69,317.54,81.4,100,5.18,0.837
2043-04-04,11.52,5.55,130.44,301.52,71.3,100.1,0,0.243
2043-04-05,10.08,5.28,168.05,292.77,62.9,100.8,0,0.722
2043-04-06,8.93,3.43,174.63,282.36,65.6,101.3,0,0.309
2043-04-07,8.97,5.72,87.81,320.6,81.4,100.1,17.96,1.585
2043-04-08,8.9,6.33,67.44,318.5,90.9,98,6.46,1.961
2043-04-09,10.43,3.98,140.48,296.79,83,99.2,2.9,0.739
2043-04-10,8.81,4.13,159.48,284.51,84.8,99.5,3.01,0.891
2043-04-11,10.45,0.88,148.76,276.79,78.6,100.6,0,0.666
2043-04-12,9.84,6.16,89.27,323.52,91.7,100,5.34,1.231
2043-04-13,13.41,8.43,144.73,316.44,88.5,98.7,20.27,2.264
2043-04-14,11.1,7.53,156.37,299.23,87.4,98.4,6.58,2.357
2043-04-15,11.37,7.11,138.01,299.06,78.1,97.8,1.13,2.319
2043-04-16,11.74,7.24,148.69,308.91,82.6,98.1,8.9,2.301
2043-04-17,11.83,8.03,149.76,317.96,84.3,97.4,9.03,2.658
2043-04-18,11.61,8.56,150.42,314.92,87.4,97.5,5.77,1.58
2043-04-19,13.62,6.58,173.02,302.06,83.1,98.5,3.45,2.116
2043-04-20,12.65,6.34,144.73,306.33,86.6,99.3,7.43,2.159
2043-04-21,12.57,8,158.42,316.22,81,99.8,0,1.247
2043-04-22,12.65,8.88,97.41,334.56,96.7,99.3,21.34,3.764
2043-04-23,12.44,7.69,125.55,327.32,93.3,99.6,13.19,3.13
2043-04-24,13.03,5.98,195.6,297.64,65.8,100.6,0,3.483
2043-04-25,12.3,4.71,231.71,290.46,60.5,101.2,0,2.939
2043-04-26,13.41,5.34,202.02,288.37,72,100.8,0,2.776
2043-04-27,14.25,3.81,257.52,270.23,74.2,100.2,0,0.7
2043-04-28,12.92,4.52,207.39,292.37,86.7,99.6,0,1.612
2043-04-29,13.83,9.82,134.23,344.06,95.3,99.5,4.29,2.503
2043-04-30,13.83,7.88,221.63,306.9,87.3,99.8,0,1.181
2043-05-01,15.42,5.88,194.2,313.56,91.9,99.8,0,0.868
2043-05-02,16.29,7.69,206.96,305.45,87.4,99.9,0,0.751
2043-05-03,17.49,8.84,154.93,324.97,87.2,100,0,0.184
2043-05-04,20.9,10.64,183.48,340,85.8,99.6,9.45,1.877
2043-05-05,16.94,10.6,218.34,321.02,90.4,99,0.33,1.434
2043-05-06,14.12,8.88,178.12,316.88,86.5,99.4,1.42,0.474
2043-05-07,16.21,7.2,247.99,293.52,83.1,99.2,0,0.621
2043-05-08,17.37,9.72,138,332.92,82.6,99.3,0,1.355
2043-05-09,15,9.92,112.64,334.9,84.8,99.2,8.01,0.692
2043-05-10,14.72,8.67,175.25,315.26,80.4,100.2,1.17,0.668
2043-05-11,16.86,5.76,259.41,294.38,71.9,101.1,0,1.075
2043-05-12,14.59,10.22,226.37,318.74,77.9,100.8,0,2.399
2043-05-13,14.08,7.63,213.84,302.3,64.8,101.2,0,0.887
2043-05-14,16.01,5.42,279.49,288.52,71,101.4,0,1.096
2043-05-15,18.24,9.69,202.52,333.73,89.5,101.3,0.64,0.436
2043-05-16,18.26,9.2,221.65,321.08,87.4,101.4,0,0.457
2043-05-17,21.54,7.89,321.3,289.2,70.8,101.4,0,0.942
2043-05-18,23.13,8.7,311.91,298.59,66.3,100.8,0,0.773
2043-05-19,14.57,8.4,244.9,289.56,61.5,100,0,0.694
2043-05-20,15.35,7.83,206.52,302.58,64.3,99.8,0,1.144
2043-05-21,15.74,6.48,212.52,302.61,67.9,99.5,0,1.561
2043-05-22,14.34,3.65,219.93,294.11,76.7,98.7,1.68,0.951
2043-05-23,13.79,9.86,163.8,326.24,86.1,98.1,16.64,0.868
2043-05-24,15.09,9.61,231.23,313.63,80.4,98.7,5.4,2.445
2043-05-25,15.53,7.77,244.81,295.9,81.1,99.7,1,1.089
2043-05-26,15,7.06,179.16,306.1,83.6,99.9,4.54,0.577
2043-05-27,17.76,9.85,267.12,302,72.8,100.3,2.73,1.217
2043-05-28,16.95,6.69,225.11,295.64,78.2,100.8,0.62,1.236
2043-05-29,16.1,7.55,151.93,329.05,89.5,100.8,2.47,1.717
2043-05-30,21.19,14.01,260.98,338.88,79.5,100.6,0,1.107
2043-05-31,20.95,12.82,276.07,323.1,75.7,100.5,0,0.511
2043-06-01,20.7,11.64,291.32,307.36,71.9,100.5,0,0.56
2043-06-02,19.04,10.54,257.11,314.24,73.5,100.4,0.01,0.788
2043-06-03,17.15,10.1,197.19,318.19,77,100.3,1.94,1.647
2043-06-04,17.09,8.01,272.27,293.2,78.4,100.4,3.3,0.152
2043-06-05,17.43,9.4,270.42,300.9,82.6,100.2,3.7,0.189
2043-06-06,16.27,9.69,216.4,311.69,83.9,99.6,3.2,0.795
2043-06-07,17.41,8.37,282.35,302.42,82.1,99.3,3.26,0.499
2043-06-08,16.72,7.54,284.88,295.11,77.1,99.5,0,0.802
2043-06-09,17.55,14.05,244.71,334.99,84.3,99.6,0.48,1.456
2043-06-10,18.48,14.57,211.7,355.82,91.5,99.9,2.12,1.073
2043-06-11,24.02,13.47,236.6,352.86,76.5,99.6,10.69,2.796
2043-06-12,20.17,13.22,220.01,348.29,80.4,99.6,4.53,1.454
2043-06-13,20.26,11.29,319.68,299.92,68.7,99.8,0,2.17
2043-06-14,19.71,8.85,301.64,295.99,74.9,100.4,0.25,1.319
2043-06-15,20.09,11.11,319.96,300.77,69.8,100.8,0,0.834
2043-06-16,22.21,13.23,296.28,321.74,68.9,101,0.81,1.895
2043-06-17,20.89,11.76,306.79,310.58,71.3,101.2,0,1.624
2043-06-18,21.66,10.88,273.93,320.61,73.2,101,3.8,0.489
2043-06-19,21.68,11.22,248.03,327.65,72.5,100.8,0,1.528
2043-06-20,22.73,12.68,221.92,342.77,81.7,100.9,2.21,1.358
2043-06-21,25.2,14.1,320.77,334.08,73.3,101,0,0.231
2043-06-22,24.98,14.96,339.23,325.84,69.3,100.9,0,0.366
2043-06-23,24.11,13.41,303.73,328.17,70,100.8,0,0.535
2043-06-24,24.5,13.95,325.8,318.78,68.8,101.2,0,0.516
2043-06-25,26.41,14.65,318.63,334.21,69.6,101.5,0,0.52
2043-06-26,25.66,15.15,318.59,335.76,80.2,101.5,0,0.663
2043-06-27,28.27,15.83,335.68,332.92,69,101.1,0,0.562
2043-06-28,26.77,13.58,338.78,323.88,73.3,100.1,0,1.485
2043-06-29,19.2,13.86,221.75,331.12,68.6,99.9,4.51,1.535
2043-06-30,15.64,10.95,175.38,310.26,73.5,100,5.09,1.289
2043-07-01,17.15,9.53,140.21,325.09,84.6,99.4,7.53,0.922
2043-07-02,18.77,10.41,265.72,307.43,64.3,99.7,0,1.321
2043-07-03,18.44,10.41,252.72,307.44,60.8,100.1,0,1.536
2043-07-04,20.24,9.69,257.73,322.3,66,100.2,0,1.528
2043-07-05,20.05,15.2,171.31,366.72,79.8,99.6,0.63,3.281
2043-07-06,19.97,12.77,246.13,326.86,71.8,99.5,0.11,2.397
2043-07-07,19.28,10.7,271.76,316.68,75.9,99.9,0.62,1.392
2043-07-08,17.71,13.39,148.75,356.63,94.1,99.3,7.85,0.908
2043-07-09,21.65,14.49,244.17,348.52,83.2,99.9,2.24,0.899
2043-07-10,22.04,13.74,295.01,329.95,73.5,100.2,0,0.903
2043-07-11,20.1,14.28,213.82,356.32,84.3,100.1,1.88,1.082
2043-07-12,21.22,15.69,249.3,354.15,88.4,99.9,3.25,1.26
2043-07-13,20.85,14.76,240.38,347.5,91.8,99.8,2.1,1.06
2043-07-14,21.43,15.28,300.53,330.7,83.9,100.2,0,1.051
2043-07-15,23.03,13.24,315,314.23,80,100.4,0,0.535
2043-07-16,21.16,13.15,298.38,310.31,80.5,100.5,0,0.881
2043-07-17,24.72,12.49,295.58,318.72,72.2,100.7,0.56,0.235
2043-07-18,30.28,16.23,282.11,354.09,59.5,100.2,0,1.978
2043-07-19,31.57,18.72,256.05,376.37,59.1,99.5,0.04,2.341
2043-07-20,26.51,17.3,236.93,367.77,76.8,99.4,3.83,1.872
2043-07-21,22.46,16.35,214.68,361.14,80.1,99.1,6.28,2.728
2043-07-22,21.7,14.52,277.15,323.34,70.6,99.9,0,2.591
2043-07-23,20.39,13.64,230.53,320.86,71.8,100.2,0,1.933
2043-07-24,21.38,11.35,258.77,310.15,75.7,100.5,0,0.959
2043-07-25,22.57,11.6,309.06,312.91,78.2,100.6,0,0.609
2043-07-26,24.19,14.88,266.77,342.95,82.8,100.2,0,0.27
2043-07-27,26.7,14.45,276.64,338.87,75.7,100.1,0,0.374
2043-07-28,29.52,16.54,282.91,343.22,69.4,100.3,0,0.359
2043-07-29,31.09,18.9,292.76,357.56,63.3,100.5,0,1.58
2043-07-30,31.29,18.31,273.18,358.3,59,100.3,0.7,1.463
2043-07-31,29.89,18.3,288.69,347.84,58.7,100.3,0.11,0.481
2043-08-01,28.49,18.28,304.47,335.51,58.4,100.2,0,0.638
2043-08-02,25.92,15.69,300.84,320.55,60.1,100.5,0,0.608
2043-08-03,27.3,16.07,280.13,330.97,65.3,100.5,0,0.083
2043-08-04,26.73,14.5,300.84,325.31,72.1,100.5,0,0.631
2043-08-05,28.98,17.1,289.81,334.24,64.4,100.6,0,0.507
2043-08-06,27.64,15.31,274.85,336.72,66.9,100.9,0,1.375
2043-08-07,28.93,16.32,287.46,336.12,65.5,100.5,0,2.135
2043-08-08,24.7,15.78,275.83,331.19,73,100.4,0,1.688
2043-08-09,26.12,14.65,250.11,347.27,76.8,100.4,0,2.256
2043-08-10,24.63,17.36,273.09,343.93,67.8,100.2,0,2.705
2043-08-11,26.4,16.36,205.6,363.48,78.8,100.3,3.95,2.216
2043-08-12,22.64,13.5,189.08,347.38,87,99.9,0.8,1.562
2043-08-13,22.89,13.81,235.99,319.07,65.7,99.6,0,2.809
2043-08-14,20.93,13.21,274.4,301.22,59.8,100.2,0,2.467
2043-08-15,24.3,13.16,251.16,320.71,71.3,100.5,0,1.774
2043-08-16,21.76,14.92,160.51,359.38,82,99.9,5.28,2.662
2043-08-17,21.98,14.43,208.58,330.26,72.2,99.5,0,2.768
2043-08-18,21.97,13.84,186.65,338.89,73.8,99.5,0.01,1.942
2043-08-19,19.26,15.14,108.47,357.72,89.3,99,8.03,0.9
2043-08-20,19.69,13.72,147.52,356.08,80.6,99.4,0.54,0.799
2043-08-21,20.76,12.53,243.27,318.4,61.6,100.5,0,1.134
2043-08-22,21.27,13.63,176.96,333.83,66.8,100.9,0,0.283
2043-08-23,23.66,12.22,250.48,311.45,67.4,101.1,0,0.367
2043-08-24,25.78,15.39,221.03,349.05,73,101.1,0,0.456
2043-08-25,27.15,16.76,235,345.62,76.2,101.1,0,0.313
2043-08-26,25.21,15.04,228.85,338.43,80.4,100.9,0,1.701
2043-08-27,26.91,13.97,247.72,323.62,75.8,100.7,0,0.287
2043-08-28,27.8,12.68,245.05,320.59,70.2,100.7,0,0.392
2043-08-29,30.22,13.12,237.47,330.76,58,100.6,0,1.424
2043-08-30,28.45,18.65,241.42,336.58,62.7,100.4,0,0.603
2043-08-31,26.91,17.26,231.61,328.42,59.4,100.7,0,1.24
2043-09-01,25.37,15.87,221.94,318.11,56.1,101,0,1.881
2043-09-02,24.59,12.13,239.32,295.35,57.8,100.9,0,2.429
2043-09-03,25.68,11.42,239.61,305,63.9,100.3,0,0.139
2043-09-04,24.17,14.66,182.02,342.8,73.2,100.2,0.14,2.007
2043-09-05,21.09,13.29,150.13,320.26,66.5,100.5,0,1.554
2043-09-06,19.91,9.22,210.62,286.56,59.3,101.2,0,0.6
2043-09-07,21.08,8.08,225.09,286.01,59.8,101.6,0,0.073
2043-09-08,22.44,8.96,228.33,293.76,64.7,101.3,0,0.109
2043-09-09,23.22,10.98,221.3,301.31,66.7,100.7,0,0.719
2043-09-10,20.16,11.94,185.18,307.97,67.8,100.4,0,1.378
2043-09-11,19.56,9.32,168.76,306.72,65.1,101,0,0.488
2043-09-12,21.26,8.84,192.1,313.19,67.5,101.1,0,1.31
2043-09-13,20.84,12.52,207.89,304.77,76.1,101,0,1.205
2043-09-14,22.9,9.39,190.88,313.45,80.2,100.8,0,0.561
2043-09-15,21.58,10.76,136.35,329.44,82.3,100.7,0,1.292
2043-09-16,22.17,10.41,183.96,319.63,86.3,101,0,0.665
2043-09-17,25.61,10.98,187.95,333.27,84.6,101.2,0,0.076
2043-09-18,28.18,12.13,185.16,337.39,64.4,101.5,0,1.234
2043-09-19,27.56,14.67,194.28,339.23,72.8,101.6,0,1.908
2043-09-20,28.13,13.54,190.71,338.61,78.7,101.3,0,0.863
2043-09-21,26.82,13.68,174.12,345.22,80.6,101,0,0.339
2043-09-22,26.06,15.28,172.28,343.21,80.8,100.8,0,2.084
2043-09-23,27.05,13.38,184.06,325.15,79.5,100.6,0,1.928
2043-09-24,26.38,11.91,180.47,321.05,81.6,100.5,0,0.32
2043-09-25,24.26,12.38,170.31,317.29,80.7,100.6,0,0.882
2043-09-26,22.84,9.24,145.43,320.62,76.1,100.4,0,1.324
2043-09-27,20.29,13.86,129.95,334.81,76.5,100.2,0.65,2.1
2043-09-28,18.47,12.89,35.2,363.25,94.8,99.3,14.44,1.583
2043-09-29,17.86,10.69,146.63,314.63,76.2,99.4,0,0.315
2043-09-30,19.71,10.57,110.93,342.11,82.8,99.1,18.88,1.606
2043-10-01,17.58,11.54,124.12,306.03,67.5,98.6,0.61,4.097
2043-10-02,16.97,10.92,85.22,318.96,74.5,98.8,10.62,3.328
2043-10-03,14.57,8.38,99.2,293.91,79.6,98.7,1.15,2.654
2043-10-04,15.22,5.87,97.64,299.88,88.1,99.5,1.03,0.281
2043-10-05,17.41,6.74,129.08,299.25,83.2,99.6,0,1.411
2043-10-06,18.39,10.04,119.68,316.47,79.1,99.8,0,1.735
2043-10-07,17.19,10.48,126.88,315.63,76.4,99.5,10.93,2.55
2043-10-08,16.82,7.52,132.35,282.95,72.2,101.2,0,1.631
2043-10-09,16.15,5.9,85.44,312.16,78.9,101.3,0,1.043
2043-10-10,17.4,11.97,127.83,309.81,78.7,100.5,0,1.343
2043-10-11,17.33,8.54,129.63,296.61,79.6,100.6,0,1.343
2043-10-12,16.75,13.15,65.22,344.88,85.3,99.7,8.93,2.215
2043-10-13,16.62,11.85,84.5,331.29,87.7,99.8,3.08,1.716
2043-10-14,17.88,15.1,30.92,382.55,97.7,99.7,19.3,3.309
2043-10-15,19.08,14.68,41.05,379.59,96.5,99.4,8.46,2.525
2043-10-16,17.12,13.91,76.52,350.36,89,99.8,0,1.585
2043-10-17,16.29,10.09,109.83,315.05,81,99.9,6.09,1.789
2043-10-18,15.08,9.22,81.05,308.4,81.8,101,0,1.572
2043-10-19,16.91,10.62,75.96,322.58,88.6,100.9,0,1.684
2043-10-20,16.36,13.01,75.58,341.04,87.1,100.2,0,2.902
2043-10-21,16.72,10.84,106.38,299.97,78.8,100.6,0,1.958
2043-10-22,15.13,10.85,59.63,321.47,75.3,100.3,0,2.473
2043-10-23,13.94,7.07,83.68,283.99,76,100.1,0,1.727
2043-10-24,14.14,5.08,73.45,313.2,81.1,99.9,0.23,0.839
2043-10-25,16.44,12.82,62.52,357.19,87.2,98.7,8.43,2.468
2043-10-26,16.46,11.13,98.69,337.39,89.6,98.9,5.92,0.518
2043-10-27,16.51,15.34,15.97,376.02,96.6,98.3,14.98,1.352
2043-10-28,15.62,13.12,47.68,353.82,94.2,98.2,3.93,1.29
2043-10-29,16.26,10.8,72.34,330.48,83.1,98.4,12.16,3.004
2043-10-30,16.69,13.02,16.36,356.1,90.5,98.5,16.01,3.591
2043-10-31,14.85,10.83,11.51,342.79,92.2,98.7,19.12,2.384
2043-11-01,13.01,8.64,6.67,329.25,94,98.8,22.24,1.211
2043-11-02,10.91,7.06,78.28,280.85,80.4,99.9,0,0.483
2043-11-03,9.38,4.5,24.77,302.36,73.5,100,0,4.462
2043-11-04,10.09,4.2,57.96,290.18,73.7,101.3,0,1.911
2043-11-05,10.79,4.87,52.41,295.49,79.3,101.6,0,2.223
2043-11-06,11.23,3.07,87.21,259.02,87.9,100.7,0,2.178
2043-11-07,10.88,2.99,43.62,296.53,93.2,100,0,1.939
2043-11-08,15.61,8.5,57.9,331.39,95.2,99.2,0.6,3.036
2043-11-09,16.06,14.09,60.07,350.06,90.8,98.1,3.28,2.857
2043-11-10,14.44,11.24,62.37,321.59,75.8,97,22.2,1.831
2043-11-11,14.09,10.27,67.36,316.43,77,97.7,3.75,1.283
2043-11-12,13.21,8.15,62.53,300.5,90.8,98.4,0.62,1.228
2043-11-13,14.75,6.93,32.6,334.28,96.1,98.4,5.99,0.97
2043-11-14,14.69,10.56,55.87,314.88,81.9,97.9,2.82,2.94
2043-11-15,13.51,10.65,65.28,292.55,71.3,98.1,0,3.249
2043-11-16,13.18,10.04,26.33,320.88,87.2,98,20.52,2.093
2043-11-17,11.09,8.2,54.45,303.64,83.6,98.4,10.07,2.89
2043-11-18,12.57,5.23,61.93,288.24,84.8,100,0,1.216
2043-11-19,15.14,12.24,20.1,369.89,98.4,99.8,17.76,2.361
2043-11-20,14.98,8.38,36.18,321.88,92.6,99.9,7.1,2.101
2043-11-21,11.82,7.94,55.11,290.61,75.8,101.4,0,1.866
2043-11-22,12.46,9.85,51.51,301.07,80.3,101.7,0,2.665
2043-11-23,13.73,11.14,46.5,336.68,91.8,100.8,6.47,3.008
2043-11-24,14.28,9.12,27.57,331.06,85,100.3,0.82,3.345
2043-11-25,13.76,8.69,44.79,304.4,88.4,100.8,0,2.661
2043-11-26,10.82,8.95,29.16,334.37,93.8,101,1.69,1.833
2043-11-27,13.96,10.45,13,359.32,96.5,100,5.78,2.838
2043-11-28,14.43,3.94,53.55,294.12,85.4,100.7,0.47,1.119
2043-11-29,13.14,3.93,22.32,322.26,87.7,101,20.74,2.487
2043-11-30,15.12,11.15,18.44,359.65,98.1,99.6,7.19,1.756
2043-12-01,14.09,11.19,5.65,362.19,98.1,98.9,31.3,1.124
2043-12-02,13.12,7.24,36.23,325.38,82.3,99.2,1.8,0.513
2043-12-03,13.48,8.2,28.16,334.68,89,98.3,28.01,1.68
2043-12-04,12.03,8.94,47.79,298.5,81.5,98.9,2.95,4.303
2043-12-05,13.26,10.32,26.97,339.44,92.4,100.2,8.56,2.429
2043-12-06,13.33,8.27,47.88,304.44,80.3,99.9,12.15,3.079
2043-12-07,10.59,7.78,46.33,303.6,78.1,101,0,1.711
2043-12-08,12.78,8.8,15.15,348.48,97.9,100.4,2.86,1.251
2043-12-09,14.35,8.07,30.62,332.35,86.1,99.9,0.97,2.364
2043-12-10,10.5,6.85,27.52,325.09,81.8,100.6,2.42,0.732
2043-12-11,13.57,10.56,20.31,359.17,99.1,100.1,12.76,1.42
2043-12-12,13.02,5.3,47.03,295.99,75.8,100.9,8.42,1.747
2043-12-13,9.71,3.28,22.69,295.34,74.6,101.7,0,1.202
2043-12-14,9.68,3.19,24.73,299.04,81.8,100.8,5.99,1.645
2043-12-15,7.69,2.22,29.38,292.04,79,101.3,0,0.778
2043-12-16,9.9,2.61,15.97,318.44,80.3,101,4.81,1.307
2043-12-17,8.81,7.14,28.5,319.81,79.2,100.2,6.76,2.061
2043-12-18,11.13,8.1,8.92,346.81,96.9,99.4,38.22,1.851
2043-12-19,10.73,4.16,30.15,305.17,98.9,99.9,2.67,2.199
2043-12-20,8.95,5.31,33.05,305.68,93.6,100.3,0.54,4.149
2043-12-21,5.48,0.84,36.88,265.1,74.3,100.7,0,3.907
2043-12-22,3.41,-1.57,26.18,269.51,95.2,99.2,0,0.202
2043-12-23,2.91,-2.69,14.14,281.95,98.5,97.8,3.38,1.034
2043-12-24,5.27,-0.85,37.58,263.05,83.3,98.6,0,1.2
2043-12-25,3.39,-1,10.87,288.34,92.1,98.8,4.12,1.889
2043-12-26,6.27,-3.57,45.79,250.93,84.8,99.9,0,0.739
2043-12-27,7.45,-0.5,7.33,316.66,89.8,98.9,20.77,4.007
2043-12-28,10.25,5.17,19.37,331.89,97.7,97.1,25.79,4.233
2043-12-29,5.42,2.72,22.52,306.28,96,98.6,1.11,0.718
2043-12-30,5.46,0.98,42.89,284.73,89.7,99.9,0,0.792
2043-12-31,8.43,3.22,31.44,311.85,94.3,99.9,3.66,0.595
2044-01-01,11.41,5.46,20.16,340.26,98.8,100,7.25,0.969
2044-01-02,10.83,8.24,3.93,346.93,95.8,99.7,39.8,2.596
2044-01-03,11.19,5.88,26.94,300.25,86.5,99.8,1.14,1.662
2044-01-04,8.24,-1.11,46.92,248.44,92.2,100.8,0,0.118
2044-01-05,6.67,-3.12,51.58,248.29,97.7,101.6,0,0.899
2044-01-06,7.28,2.24,29.82,297.05,87.9,101.6,0,2.133
2044-01-07,6.78,4.57,31.39,280.31,85.3,101.5,0,2.405
2044-01-08,9.16,5.17,28.06,305.95,90.3,100.8,0,0.889
2044-01-09,10.84,9.19,20.97,349.7,97.9,100.5,2.74,1.754
2044-01-10,12.5,10.74,10.14,359.54,99,100.4,11.2,2.407
2044-01-11,11.98,9,16.82,350.55,97.5,100.2,7.74,2.356
2044-01-12,9,4.9,34.41,304.06,89.3,100.8,6.31,1.21
2044-01-13,9.69,2.65,26.85,303.28,79,101,4.15,2.187
2044-01-14,11.48,5.9,33.77,313.67,89.3,99.7,11.03,1.723
2044-01-15,11.6,5.44,34.02,291.21,73.1,97.6,3.06,4.583
2044-01-16,8.51,5.28,38.26,291.47,72.4,97.4,4.51,5.051
2044-01-17,5.51,1.58,39.38,253.12,77.7,97.3,0.33,2.374
2044-01-18,6.55,-0.41,54.76,257.48,83.7,97.8,0,0.686
2044-01-19,6.52,-0.1,57.53,262.89,81.4,98.4,0,1.112
2044-01-20,5.79,0.56,39.66,271,87,98.8,0.38,1.497
2044-01-21,4.22,1.51,35.04,291.48,85.6,99.3,0.11,0.576
2044-01-22,4.61,1.09,41.79,285.16,86.4,99.9,0,0.499
2044-01-23,4.12,-0.13,46.08,277.61,82.7,100.3,0,0.359
2044-01-24,4.98,-1.45,61.32,260.54,78.7,100.5,0,0.269
2044-01-25,8.06,2.45,21.66,324.78,93.6,99.6,8.29,2.924
2044-01-26,10.58,5.87,55.09,300.25,87.5,98.6,13.68,2.874
2044-01-27,7.19,0.05,46.84,267.61,90.4,100.2,1.19,0.402
2044-01-28,9.72,-1.13,24.6,300.29,87.5,101.8,2.22,1.212
2044-01-29,12.33,8.64,36.65,342.59,95.5,101.2,0.54,2.441
2044-01-30,12.51,9.9,33.96,348.96,94.4,101.1,0.91,2.76
2044-01-31,10.67,9.17,28.13,346.4,97.6,100.6,2.93,2.019
2044-02-01,10.18,4.84,74.93,286.44,76.2,100.9,0.54,2.473
2044-02-02,9.52,5.76,50.09,302.46,81.3,101.4,0,1.7
2044-02-03,10.72,7.33,37.52,329.49,85.5,101.1,2.45,2.361
2044-02-04,11.14,5.35,53.67,305.83,96.6,101,1.26,1.902
2044-02-05,11.95,10.37,37.28,345,93,100.9,0,3.246
2044-02-06,10.78,9.31,36,339.86,96.5,101.4,2.38,2.422
2044-02-07,9.52,6.5,46.7,327.96,96.2,102,0.51,1.559
2044-02-08,7.81,4.86,56.37,308.31,95.2,101.9,0.06,2.529
2044-02-09,10.43,5.68,54.77,308.5,95.8,101.3,0.8,3.044
2044-02-10,12.49,7.6,94.11,279.96,94.2,101.2,0,2.934
2044-02-11,12.64,6.4,86.12,284.84,92.9,101.5,0,3.836
2044-02-12,7.73,4.62,61.46,295.98,89.6,102,0,4.562
2044-02-13,8.9,1.73,106.74,248.45,86.1,102.5,0,2.745
2044-02-14,11.21,1.76,90.45,277.17,93.6,102.2,0,1.069
2044-02-15,9.39,2.64,53.36,291.33,88,101.4,0.65,1.335
2044-02-16,10.73,2.53,74.8,304.54,90.4,101.3,3.52,0.52
2044-02-17,8.3,1.99,108.73,267.68,82.4,102.2,0,1.581
2044-02-18,8.8,-0.03,115.43,260.29,82.2,102.6,0,1.405
2044-02-19,8.21,1.53,68.77,293.29,84.7,102,0,0.407
2044-02-20,9.19,3.82,94.4,281.25,77.7,101.8,0,1.374
2044-02-21,10.78,4.5,77.6,301.55,88,100.9,0.18,2.65
2044-02-22,9.33,4.65,67.31,293.24,85,100.1,0,2.696
2044-02-23,8.22,4.01,70.28,285.62,79.1,99.3,0.76,2.057
2044-02-24,8.36,1.4,77.84,282.03,83.9,98.8,1.12,0.807
2044-02-25,8.2,1.02,56.94,282.29,84.1,98.4,1.74,0.682
2044-02-26,7.89,0.46,23.55,294.86,91.8,97.8,32.35,0.528
2044-02-27,8.5,4.59,86.52,277.57,77,96.6,2.43,3.256
2044-02-28,8.82,2.17,88.79,270.51,78.9,97.7,0.87,2.197
2044-02-29,8.14,2.28,75.32,285.19,86.7,97.8,2.97,0.73
2044-03-01,7.45,2.39,61.96,298.8,94.4,97.9,5.06,1.28
2044-03-02,8.95,1.32,108.4,280.54,89.2,98.3,0,3.064
2044-03-03,8.37,1.91,112.07,270.42,80.9,99.5,0,1.876
2044-03-04,7.45,-1.27,148.3,248.25,78.4,100.6,0,0.578
2044-03-05,7.84,3.25,30.27,303.33,86,100.3,11.29,1.408
2044-03-06,9.69,1.38,106.39,283.22,83.9,101.1,0.09,1.858
2044-03-07,11.08,4.56,31.37,320.99,92.5,99.6,13.24,3.439
2044-03-08,7.53,3.35,97.55,277.64,73.4,99.2,0.81,4.026
2044-03-09,8.37,3.99,110.48,282.84,74.9,99.3,9.42,1.634
2044-03-10,7.76,3.11,79.98,290.56,85.3,97.6,3.55,2.996
2044-03-11,8.09,1.96,105.88,268.4,77.3,97.5,0.59,3.338
2044-03-12,9.07,3.35,104.45,287.35,79.4,98,11.24,1.547
2044-03-13,9.09,5.32,90.33,303.5,88.2,96.9,10.1,0.697
2044-03-14,8.48,2.11,116.96,280.1,95.1,97.6,5.01,1.145
2044-03-15,8.11,3.47,76.78,308.73,91.8,99.2,5.92,3.544
2044-03-16,7.43,1.54,170.14,249.11,67.2,100.7,0,0.618
2044-03-17,10.61,2.79,99.37,304.38,80.5,100.6,0,2.335
2044-03-18,7.44,4.38,118.69,289.68,70.3,100.3,1.14,3.43
2044-03-19,9.2,3.43,87.52,305.5,85,100.3,6.05,1.93
2044-03-20,9.73,5.84,118.83,292.02,78.9,98.6,5.59,4.142
2044-03-21,8.98,4.9,104.3,295.46,73.9,98.1,1.43,3.905
2044-03-22,9.9,4.74,108.95,294.39,84.2,98.4,1.31,2.217
2044-03-23,10.36,3.35,145.13,288.42,78.8,98.4,0.36,1.167
2044-03-24,9.46,3.78,102.92,299.57,88.9,99.1,2.09,0.678
2044-03-25,9.7,2.63,127.71,294.16,90,99.6,1.04,1.303
2044-03-26,9.22,4.48,95.51,315,85.7,98.3,19.89,4.514
2044-03-27,9.88,5.1,134.19,294.87,73.8,97.5,2.72,3.046
2044-03-28,7.59,4.03,70.66,294.8,88.7,97.5,6.03,1.295
2044-03-29,10.25,3.79,167.59,274.82,80.8,97.8,1.82,1.855
2044-03-30,10.49,3.22,152.4,287.71,81.8,98.3,1.01,1.253
2044-03-31,10.25,3.32,124.56,281.77,85,99.4,0.33,1.965
2044-04-01,11.98,6.24,105.51,310.71,88.2,100,0,1.739
2044-04-02,13.08,6.75,94.21,327.35,92.3,100,5.72,1.652
2044-04-03,9.86,6.07,135.41,306.23,69.2,100.6,0,1.764
2044-04-04,9.74,5.24,104.13,310.82,81.5,100.9,0.95,1.089
2044-04-05,11.25,6.02,112.94,316,90,100.9,3.16,1.157
2044-04-06,12.08,3.47,228.11,258.49,71.9,101.1,0,1.017
2044-04-07,9.65,6.42,58.71,318.1,93.1,100.1,10.95,1.229
2044-04-08,11.05,5.33,134.18,296.55,87.8,99.8,3.76,2.409
2044-04-09,10.32,5.27,93.65,300.42,82.4,99,18.11,2.713
2044-04-10,9.41,4.71,165.33,272.79,71.4,98.8,2.42,2.56
2044-04-11,9.32,4.21,135.71,286.07,71.5,98.8,0.8,2.951
2044-04-12,11.43,5.45,152.33,294.15,78.9,99.1,1.86,1.065
2044-04-13,10.74,4.19,205.97,277.06,66.2,100.8,0,0.667
2044-04-14,12.56,2.36,198.28,278.08,69.1,101.1,0,0.67
2044-04-15,13.07,2.31,165.14,294.96,87.5,100.9,0.99,0.901
2044-04-16,14.71,7.57,141.5,329.16,91.2,100.8,8.94,0.366
2044-04-17,10.73,6.4,128.61,305.42,80.7,100,2.02,1.935
2044-04-18,9.69,5.36,156.33,287.26,64.7,99.5,1.16,2.922
2044-04-19,9.9,4.8,166.44,279.69,57.2,100.2,0,0.972
2044-04-20,10,3.88,195.38,276.9,61.9,100.8,0,0.743
2044-04-21,10.86,4.21,185.56,288.98,70,100.8,0,0.755
2044-04-22,12.96,5.65,143.7,320.27,83.3,101,4.02,1.807
2044-04-23,10.19,4.29,141.87,301.01,80.2,101.4,1.57,3.478
2044-04-24,11.8,3.23,143.14,293.24,75.2,101,0.03,1.032
2044-04-25,11.76,3.79,161.79,301.65,73.2,100.3,0,1.63
2044-04-26,10.37,5.23,176.77,290.86,58.6,99.4,0,2.548
2044-04-27,9.29,4.55,180.89,283.44,54.6,99.7,0,0.966
2044-04-28,11.07,2.97,218.28,277.65,56.9,100.5,0,0.883
2044-04-29,11.27,3.48,158.24,293.22,73.4,101,0.41,1.444
2044-04-30,13.36,2.24,172.56,289.37,78,101.2,0,1.872
2044-05-01,18.11,8.31,260.17,308.03,77.8,100.9,0.42,1.472
2044-05-02,15.95,7.85,206.06,324.49,86.3,100.3,0,2.482
2044-05-03,13.01,7,94.52,329.19,90.3,99.7,7.71,1.706
2044-05-04,11.9,6.54,155.01,295.05,75.8,99.7,1.37,2.439
2044-05-05,13.61,5.1,225.41,285.64,70.7,100.5,0,0.478
2044-05-06,12.47,7.69,163.59,316.66,74.9,100.9,0,1.203
2044-05-07,10.05,6.98,90.62,327.48,88.2,100.2,10.06,0.713
2044-05-08,11.84,6.96,162.16,317.85,83.5,100.2,7.83,2.113
2044-05-09,12.37,5.72,193.47,294.47,72.4,100.2,0,2.857
2044-05-10,12.2,4.45,170.7,291.16,80.5,100.5,0,1.362
2044-05-11,13.4,7.05,212.74,304.31,73.8,99.6,0,1.575
2044-05-12,12.54,9.93,59.45,352.94,97,98.7,40.73,2.104
2044-05-13,14.41,10.66,158.02,342.82,91.3,99.2,3.72,1.347
2044-05-14,17.38,10.35,119.61,344.5,94.2,99.2,8.32,1.632
2044-05-15,18.16,7.66,289.72,299.35,82.9,99.9,0.37,0.946
2044-05-16,14.74,5.52,85.16,321.67,92.6,99.4,8.79,0.761
2044-05-17,14.86,11.01,166.28,333.05,90.6,98.9,0,0.65
2044-05-18,14.84,9.54,117.73,331.62,96.1,98.4,11.01,0.145
2044-05-19,14.13,7.9,154.17,325.92,85.6,98.5,3.37,0.55
2044-05-20,15.85,8.21,144.13,325.72,75.2,98.3,0,2.401
2044-05-21,13.92,8.07,142.68,322.18,79,98.7,5.98,3.152
2044-05-22,13.21,8.04,217.21,305.87,83.5,99.3,5,2.724
2044-05-23,12.86,10.64,119.41,344.96,95.3,99,12.77,1.645
2044-05-24,13.61,9.26,176.77,325.31,92.2,98.1,11.03,0.973
2044-05-25,13.89,6.93,154.42,319.79,89.6,98.6,6.2,2.183
2044-05-26,13.4,5.03,257.31,279.74,78.9,99.5,3.06,0.903
2044-05-27,13.03,9.09,110.23,346.99,96.5,99.4,24.52,2.194
2044-05-28,14.14,11.6,124.69,352.47,96.1,99.2,3.13,1.235
2044-05-29,15.61,10.26,185.9,336.79,88.5,98.7,14.36,1.627
2044-05-30,15.93,9.53,185.76,331.93,89.6,99.4,5.16,2.18
2044-05-31,15.21,9.1,207.67,315.13,84.2,99.8,2.62,1.405
2044-06-01,14.5,8.66,229.53,298.32,78.8,100.1,0,0.927
2044-06-02,15.6,9.42,72.86,349.62,87.4,99.5,11.66,2.861
2044-06-03,15.19,11.46,248.87,331.17,85.3,99.7,1.47,1.714
2044-06-04,14.99,11.26,251.51,331.6,88.5,100.3,2.42,2.712
2044-06-05,15.22,12.49,113.35,365.73,97.8,100.1,7.33,1.49
2044-06-06,23.35,12.37,260.72,351.14,81.4,99.9,0,1.43
2044-06-07,24.79,15.16,184.35,376.97,82,99.5,22.33,4.802
2044-06-08,25.4,13.41,279.54,351.62,80.7,100.1,0,5.309
2044-06-09,21.73,12.02,328.31,322.36,66,101.1,0,5.858
2044-06-10,22.29,10.41,341.72,303.78,67.8,101.1,0,4.531
2044-06-11,23.71,12.1,340.5,310.62,65.8,100.6,0,4.131
2044-06-12,26.05,12.97,345.41,320.18,58.4,99.9,0,5.17
2044-06-13,24,16.31,263.52,351.39,77.6,99.4,15.21,3.125
2044-06-14,18.86,13.66,100.94,366.12,94.3,99.6,15.11,1.591
2044-06-15,17.22,12.36,232.42,332.43,78.9,100.1,0,2.374
2044-06-16,20.54,13,223.67,345.41,82.2,100.4,0,0.854
2044-06-17,22.54,14.12,266.01,335.91,74.1,100.5,0,0.577
2044-06-18,24.12,12.53,315.68,323.01,70.6,101,0,0.506
2044-06-19,22.49,13.34,319.94,310.62,70.2,101.4,0,1.691
2044-06-20,24.28,10.6,319.47,317.52,71.6,101.4,0,0.23
2044-06-21,25.94,15.56,288.08,350.19,72.9,101.3,0,1.536
2044-06-22,24.08,14.64,339.99,316.03,68.4,101.4,0,3.618
2044-06-23,24.75,12.93,342.06,316.44,67.1,101,0,4.82
2044-06-24,27.49,17.56,326.09,342.08,70,100.3,0,1.27
2044-06-25,24.69,14.37,250.81,344.08,74.3,99.7,1.99,1.198
2044-06-26,17.82,12.1,260.13,319.86,64.3,100,0.97,1.235
2044-06-27,16.25,9.98,207.28,307.05,64.3,100.5,0,1.484
2044-06-28,18.9,9.4,268.08,307.73,69.7,100.7,0.01,1.424
2044-06-29,19.52,10.35,231.47,316.32,74.8,100.7,0.19,0.361
2044-06-30,19.84,11.63,255.09,314.12,80.6,100.8,0.68,0.214
2044-07-01,21.33,11.81,303.87,312.67,74,100.6,0,0.774
2044-07-02,21.79,11.01,294.08,319.57,74,100.3,0.9,1.287
2044-07-03,23.13,14.51,211.29,366.51,84.8,99.9,0.01,2.182
2044-07-04,19.63,14.71,260.24,343.06,77.7,99.7,7.39,2.531
2044-07-05,20.12,13.07,212.06,333.28,77.3,100.2,0.16,1.558
2044-07-06,17.98,15.11,93.89,363.65,93.3,99.5,12.42,2.038
2044-07-07,18.8,13.64,200.85,338.58,79.5,99.1,2.01,3.029
2044-07-08,19.45,12.54,211.62,327.8,73.4,99.5,0.49,3.027
2044-07-09,19.82,12.34,271.69,321.62,83.5,99.9,3.61,1.908
2044-07-10,19.26,14.11,255.48,343.16,88.5,99.3,17.33,2.741
2044-07-11,17.51,12.88,234.94,318.11,84.2,99.1,7.23,2.159
2044-07-12,17.35,12.59,187.23,324.63,75.8,99.7,0.85,2.413
2044-07-13,19.9,11.29,283.94,306.92,71.6,100.2,0,1.882
2044-07-14,20.14,11.76,274.7,321.93,85.5,100.8,0,1.405
2044-07-15,21.02,14.03,226.92,356.17,90.9,100.6,0.89,0.938
2044-07-16,21.25,16.56,210.91,365.33,89,100.1,0.84,1.168
2044-07-17,21.46,14.01,263.08,331.77,73.5,100.1,0,1.714
2044-07-18,17.43,12.9,131.35,340.69,91.9,100.1,4.97,0.859
2044-07-19,21.5,11.96,242.53,337.84,83.7,100.1,0.54,0.102
2044-07-20,21.16,12.05,255.2,333.14,83.8,100.4,0.28,1.143
2044-07-21,20.74,15.64,215.93,364.26,89,100.2,0,1.729
2044-07-22,21.48,17.1,212.93,375.09,93.2,99.9,4.51,1.877
2044-07-23,20.88,14.24,261.49,334.36,77.2,99.9,0,1.444
2044-07-24,21.34,13.16,242.67,329.54,79.1,100.1,0,2.23
2044-07-25,20.07,13.18,170.57,339.54,83.9,100.4,0.71,1.462
2044-07-26,21.26,11.74,200.65,338.35,81.1,100.3,0,0.378
2044-07-27,23.64,14.43,273.92,328.5,79.8,100,0,0.097
2044-07-28,23.61,13.21,294.03,316.2,79.6,99.9,0,0.372
2044-07-29,22.02,14.5,272.17,336.85,86.7,100,0,1.068
2044-07-30,21.43,16.91,225.63,365.45,89.8,99.6,4.86,1.101
2044-07-31,20.9,16.48,249.76,346.45,87.1,99.6,2.94,1.954
2044-08-01,20.38,16.05,274.43,327.45,84.5,99.5,1.02,2.143
2044-08-02,19.76,15.41,197.94,342.39,82.6,99.8,3.14,2.761
2044-08-03,20.66,14.99,164.26,354.59,84,100.3,1.72,2.415
2044-08-04,20.45,12.82,264.46,309.04,69,101,0,1.843
2044-08-05,19.8,11.69,286.76,307.22,78.3,101.2,0,1.073
2044-08-06,19.6,12.46,173.21,335.55,86.9,100.5,0.9,1.087
2044-08-07,22.89,13.54,261.8,339.54,78.6,99.7,0.12,1.793
2044-08-08,20.17,12.54,233.82,323.17,71.5,99.6,2.18,1.867
2044-08-09,20.77,12.49,261.96,321.63,74.8,99.2,4.93,1.173
2044-08-10,19.74,12.1,240.29,316.22,74.5,99.5,0,2.725
2044-08-11,20.39,14.1,222.56,331.29,78.7,99.9,1.83,1.937
2044-08-12,20.81,12.7,224.94,320.03,78.8,100.5,0.28,1.151
2044-08-13,22.35,11.74,247.76,317.37,77.8,100.7,0,0.665
2044-08-14,23.81,13.29,174.38,349.93,85.4,100.9,0.25,1.255
2044-08-15,26.06,17.04,244.77,359.98,83.2,100.6,0,0.941
2044-08-16,23.48,15.75,197.85,353.63,86.3,100.2,0,0.872
2044-08-17,23.26,15.94,161.32,358.08,87.2,100.2,0.74,1.546
2044-08-18,23.53,14.77,176.84,352.48,81.5,100.3,0,1.726
2044-08-19,20.32,13.12,224.09,308.96,71.4,100.5,0,1.574
2044-08-20,20.82,11.42,224.19,311.78,71.1,100.5,0,1.39
2044-08-21,21.54,13.14,173.52,346.19,80.1,99.9,2.61,1.883
2044-08-22,20.53,12.26,174.29,328.39,79.4,100,0,1.279
2044-08-23,21.44,12.39,174.73,335.22,82.7,100.3,0,0.899
2044-08-24,22.01,13.33,196.88,333.52,82.8,100.7,0,0.79
2044-08-25,25.06,13.3,256.07,320.21,77.2,100.9,0,0.825
2044-08-26,26.85,15.69,238.93,337.71,64.4,100.6,0,5.556
2044-08-27,23.12,16.87,160.7,371.18,88.8,100.2,3,1.798
2044-08-28,23.67,15.3,196.2,351.19,78.4,100.5,0.72,2.029
2044-08-29,22.01,14.55,207.68,334.39,79,100.6,0,1.314
2044-08-30,20.25,14.48,171.05,347.61,89.8,100.4,0,1.714
2044-08-31,20.84,15.5,140.03,362.17,92.9,100.3,1.34,1.026
2044-09-01,21.43,16.53,109.58,375.84,95.9,100.2,2.6,0.791
2044-09-02,22.75,15.61,168.42,357.22,79.4,100.3,0,0.445
2044-09-03,21.28,16,66.63,376.26,87.7,99.8,1.46,0.791
2044-09-04,22.16,14.57,197.67,335.55,76,99.9,1.43,2.259
2044-09-05,20.76,16.13,137.58,348.48,82.5,100.1,0,2.582
2044-09-06,19.02,11.73,122.31,339.52,88.9,99.4,4.62,2.371
2044-09-07,17.07,9.84,186.15,294.81,68.7,100,0,1.45
2044-09-08,17.49,10.48,174.94,314.15,68.8,100.9,0,1.367
2044-09-09,19.13,13.27,167.16,343.43,76.1,100.5,0,2.729
2044-09-10,20.35,12.83,124.35,341.18,86.3,100.5,3.06,0.784
2044-09-11,20.37,10.73,172.93,326.55,79.8,100.7,0,0.199
2044-09-12,20.81,11.97,165.6,330.03,80.1,100.7,0,0.275
2044-09-13,21.04,10.74,186.47,311.86,77.7,100.6,0,0.982
2044-09-14,20.7,11.32,126.06,341.89,89,100.5,0.87,2.13
2044-09-15,22.73,14.38,173.42,342.78,84.9,100.7,0,2.083
2044-09-16,22.76,12.78,151.5,333.1,83.5,100.6,0,1.044
2044-09-17,22.59,13.12,167.3,330.62,76.2,100.4,0,1.374
2044-09-18,20.69,11.64,179.73,307.64,74.1,100.5,0,1.003
2044-09-19,20.18,10.18,187.8,303.29,75.1,100.7,0,0.27
2044-09-20,18.91,10.86,114.6,318.73,80.3,100.4,1.09,1.561
2044-09-21,16.22,7.86,129.02,305.09,65.8,101.1,0,0.447
2044-09-22,16.79,7.58,137.44,294.66,65.6,101.2,0,2.162
2044-09-23,18.07,9.43,146.83,310.29,64.9,101.2,0,3.567
2044-09-24,19.05,10.36,145.85,309.46,69.3,101.1,0,3.751
2044-09-25,19.09,9.91,168.32,296.26,70.2,101,0,3.346
2044-09-26,17.04,9.18,140.06,301.07,71.1,101.4,0,2.938
2044-09-27,15.38,7.58,101.63,302.47,76.1,101.4,0,1.756
2044-09-28,18.29,9.22,139.64,308.74,68.8,101.1,0,2.905
2044-09-29,17.26,9.61,130.78,308.54,70.8,101.2,0,2.793
2044-09-30,18.29,10.72,105.14,331.14,79.2,101.3,0,3.51
2044-10-01,17.45,9.99,163.31,286.17,65.7,101.6,0,4.611
2044-10-02,18.01,8.5,167.61,278.98,64.4,101.6,0,4.048
2044-10-03,17.91,7.4,164.24,278.83,70.3,101.6,0,2.742
2044-10-04,19.38,5.63,160,284.75,80.9,101.1,0,0.348
2044-10-05,19.12,5.22,128.56,301.14,86.2,101,0,0.45
2044-10-06,19.71,8.01,105.5,326.82,85.2,101,0,0.556
2044-10-07,19.6,10.44,122.78,328.98,90,101.1,0,0.249
2044-10-08,20.12,10.95,119.59,324.07,83.5,101.1,0,3.319
2044-10-09,22.05,12.92,145.54,315.06,72.3,101.1,0,4.214
2044-10-10,23.43,13.93,144.2,312.09,61.2,101.2,0,3.548
2044-10-11,22.07,9.71,146.07,292.65,69.6,101,0,2.436
2044-10-12,20.39,6.72,144.38,289.81,84.6,100.7,0,0.509
2044-10-13,21.17,8.18,132.55,317.62,88.9,100.8,0,0.259
2044-10-14,20.66,9.91,114.45,324.55,91.3,101,0,0.413
2044-10-15,21.51,9.95,106.52,326.02,82.2,101,0,1.805
2044-10-16,19.62,12.55,108.01,323.6,78.6,100.4,0,4.147
2044-10-17,18.31,9.64,129.9,289.55,76,99.9,0,3.846
2044-10-18,19.48,11.33,107.57,327.33,87.6,99.9,2.04,2.789
2044-10-19,17.85,12.82,59.05,355.08,96.7,99.7,18.76,0.837
2044-10-20,16.35,6.81,97.92,308.98,80.2,99.8,1.26,0.857
2044-10-21,11.52,5.35,102.68,281.9,54.2,100.4,0,0.85
2044-10-22,11.46,6.71,71.01,305.37,71.6,100.5,0,1.214
2044-10-23,15.3,8.16,76.43,315.07,84.4,100.6,0,1.718
2044-10-24,16.32,11.29,89.48,316.04,82.2,101,0,2.117
2044-10-25,15.88,11.23,86.12,311.89,84.9,101.1,0,1.706
2044-10-26,16.48,11.32,92.07,320.46,85.5,100.9,0,0.808
2044-10-27,16.58,11.13,63.61,338.46,90,100.7,0,0.394
2044-10-28,15.74,11.57,74.75,344,89.8,100.8,0,1.175
2044-10-29,14.22,6.56,89.75,291.88,85.6,100.7,0,1.371
2044-10-30,12.49,7.75,46.08,318.38,88.5,100.6,0,2.445
2044-10-31,12.31,8.29,41.88,325.93,91.1,100.4,2.86,1.652
2044-11-01,12.13,8.82,37.7,333.94,93.7,100.2,5.48,0.856
2044-11-02,11.06,6.33,75.7,293.02,80.5,100.4,0,3.854
2044-11-03,12.32,6.05,78.74,282.49,82.4,100.6,0,3.884
2044-11-04,12.69,6.13,92.88,269.17,77.6,100.9,0,3.716
2044-11-05,11.74,4.78,92.9,257.57,82.3,101,0,3.391
2044-11-06,12.86,5.17,88.06,266.2,81.3,101,0,3.015
2044-11-07,9.15,5.96,50.09,321.13,89.3,101.1,0.06,2.459
2044-11-08,11.36,7.76,27.46,344.7,98.1,101,2.24,2.733
2044-11-09,14.26,10.76,42.63,351.29,96.8,100.5,1.45,2.282
2044-11-10,11.82,9.38,26.32,351.51,98.5,99.8,1.61,3.075
2044-11-11,14.93,11.52,47.99,350.08,97.2,99.4,16.93,1.037
2044-11-12,15.66,13.4,56.33,345.07,94.8,99.5,15.8,2.428
2044-11-13,15.06,9.1,63.52,312.91,92.6,99.7,0.52,0.86
2044-11-14,12.46,7.44,57.49,305.59,98.1,99.2,0.65,0.264
2044-11-15,10.48,4.65,51.47,288.78,82.6,99,0,1.303
2044-11-16,10.64,4.66,56.67,280.83,87,99.1,0.94,2.073
2044-11-17,11.51,5.02,60.84,283.26,82.7,100.1,0,1.434
2044-11-18,9.78,4.2,45.27,289.01,79.2,99.9,1.65,2.683
2044-11-19,9.07,3.6,49.84,284.76,80.6,99.9,0.5,1.54
2044-11-20,7.84,-0.13,56.48,263.71,85.2,100,0,0.54
2044-11-21,10.41,1.9,45.91,297.38,77.3,100.1,1.16,1.573
2044-11-22,9.97,1.94,59.55,271.41,88.7,100.2,0,1.265
2044-11-23,9.9,1.19,29.17,297.53,91.4,100.1,0.59,0.63
2044-11-24,7.54,4.46,25.33,299.45,95.1,99.5,9.81,0.683
2044-11-25,9.54,4.12,50.29,286.01,87.1,100.2,0,0.993
2044-11-26,6.5,2.32,47.11,281,81.9,100.9,0,3.509
2044-11-27,5.2,1.37,32.3,284.29,67.8,100.2,0,7.08
2044-11-28,4.34,0.12,37.7,281.91,67.9,99.1,0,8.937
2044-11-29,2.96,-0.1,16.88,303.74,91.7,98.3,6.45,3.979
2044-11-30,4.47,-0.08,24.44,294.08,97,98,4.39,0.812
2044-12-01,7.3,-1.17,48.19,268.59,91.5,98.6,0,0.803
2044-12-02,6.63,0.15,21.68,295.54,96.2,98.8,0.57,1.207
2044-12-03,8.61,0.91,32.67,297.22,98.1,99,6.13,0.105
2044-12-04,8.72,0.72,38.05,275.33,96.6,99.1,0,1.031
2044-12-05,6.2,-0.56,34.69,290.25,96,99.1,0,1.932
2044-12-06,12.58,4.32,23.89,320.16,96.8,98.8,5.67,0.568
2044-12-07,11.87,9.43,32.57,318.79,96.5,99.2,3.15,1.722
2044-12-08,13.28,9.27,11.2,341.05,90.6,98.2,16.62,2.059
2044-12-09,9.77,3.07,27.97,286.91,88.8,98.6,0,2.876
2044-12-10,12.65,5.66,17.68,346.84,98.5,99.6,11.85,2.528
2044-12-11,13.71,12.09,27.39,352.68,97.5,100.3,1.1,2.137
2044-12-12,12.46,10.28,26.59,342.47,97.6,100.8,0.59,1.806
2044-12-13,11.57,8.17,19.09,339.24,98.8,100.6,1.92,0.671
2044-12-14,12.72,8.56,18.54,346.51,98.5,100.2,2.19,1.396
2044-12-15,11.62,4.21,39.27,296.69,99.5,100.9,0,0.64
2044-12-16,10.12,3.15,23.6,324.41,97.6,101.5,0.19,3.393
2044-12-17,10.17,8.9,7.52,347.62,96,101,2.92,4.358
2044-12-18,10.44,6.02,16.89,338.7,98.1,101.3,3.66,3.123
2044-12-19,6,0.91,23.61,294.96,86.9,101.7,0.09,3.104
2044-12-20,5.22,1.21,24.3,307.38,93.4,101.9,1.16,1.234
2044-12-21,9.73,4.34,22.93,328.97,95.8,101.6,0.75,0.656
2044-12-22,11.17,9.13,13.74,341.24,97.3,101.2,6.07,1.032
2044-12-23,10.37,3.94,39.14,302.31,96.4,100.6,2.63,0.117
2044-12-24,8.18,-1.66,32.42,271.04,92.1,100.7,1.25,2.941
2044-12-25,2.09,-2.93,46.31,223.36,92.3,101,0,2.501
2044-12-26,3.63,-3.38,33.9,255,88.4,100.6,0,1.595
2044-12-27,7.79,-2.77,36.47,288.25,90.9,100.4,2.93,1.569
2044-12-28,11.99,7.44,31.64,310.81,96,101.1,0,2.272
2044-12-29,12.02,9.76,19.89,332.3,95.2,101.4,1.29,3.167
2044-12-30,11.74,8.77,30.15,325.19,92,101.6,0,2.519
2044-12-31,12.11,9.43,29.28,329.13,89.9,101.2,0.01,2.962
2045-01-01,12.47,10.09,28.41,334.66,87.7,100.9,0.31,3.406
2045-01-02,12.06,5.31,17.65,314.41,85.9,99.9,1.97,3.039
2045-01-03,7.76,3.35,32.44,290.39,71.7,100.3,0,1.813
2045-01-04,4.45,0.87,5.7,306.04,89.3,99.6,11.97,3.908
2045-01-05,5.41,-2.47,50.24,250.92,83.1,99.8,1.29,0.915
2045-01-06,5.9,0.9,22.21,275.88,86.4,99.4,1.58,1.629
2045-01-07,3.02,-2.75,28.47,252.12,84.4,99.5,1.86,0.85
2045-01-08,3.04,-1.47,51.15,256.56,83.8,99.8,0.55,0.819
2045-01-09,4.16,-0.12,51.19,260.3,81.6,100.6,0,0.616
2045-01-10,7.08,1.83,38.78,298.27,90.6,101,0.85,0.419
2045-01-11,6.28,3.32,26.41,313.46,91.8,101.8,0.35,0.417
2045-01-12,6.56,3.75,32.54,306.91,95.7,102.2,0,1.562
2045-01-13,8.65,2.89,36.04,301.67,97.1,102,0,1.269
2045-01-14,8.18,3.74,32.71,317.86,97.9,101.7,1,1.065
2045-01-15,10.17,5.08,28.95,329.35,96,101.1,2.77,1.808
2045-01-16,11.12,8.17,50.8,304.2,89.5,100.7,4.79,2.639
2045-01-17,12.4,8.25,17.89,339.74,95.1,100.7,1.58,2.859
2045-01-18,11.58,10,28.95,338.79,96.9,100.5,0.96,2.516
2045-01-19,11.88,5.03,21.32,325.67,90.1,99.9,3.61,2.116
2045-01-20,8.18,2.43,28.29,289.27,84.3,99.5,8.87,1.277
2045-01-21,9.61,1.57,60.43,274.58,87.7,97.5,3.75,2.136
2045-01-22,6.13,1.06,53.82,258.37,94.2,98,0,1.118
2045-01-23,6.15,-0.52,56.31,274.8,86.2,98.4,0,0.712
2045-01-24,9.6,-1.47,23.03,298.33,93.5,98.5,8.72,1.316
2045-01-25,10.31,5.77,33.2,318.29,97.4,97.8,17.37,1.007
2045-01-26,11.01,2.45,17.1,306.6,95.8,98.8,6.33,1.096
2045-01-27,13.16,8.74,45.93,321.57,88.1,99.2,8.59,3.138
2045-01-28,12.16,9.02,43.41,316.42,92.3,100.6,10.57,1.683
2045-01-29,11.94,7.59,26.52,329.2,97,100.2,6.17,2.035
2045-01-30,12.08,6.98,29.75,321.18,91.2,100.3,8.82,3.176
2045-01-31,12.55,9.81,13.31,348.76,94,99.9,10.3,3.368
2045-02-01,11.26,6.73,68.38,284.94,78.6,100.8,0,3.383
2045-02-02,10.5,5.49,37.23,306.85,89.4,101.1,0,1.477
2045-02-03,11.05,8.15,42.51,319.03,92.8,100.2,3.33,2.088
2045-02-04,10.96,6.77,46.91,306.22,91.2,100.5,0.88,1.6
2045-02-05,11.1,9.01,52.36,326.68,93.4,100.6,0.69,1.19
2045-02-06,11.04,8,53.72,318.2,90.8,100.5,1.77,1.528
2045-02-07,11,5.37,33.61,301.34,91.1,100.1,3.19,2.13
2045-02-08,7.61,3.7,69.38,272.57,73,100.2,0.75,2.379
2045-02-09,7.07,2.38,70.68,275.83,70,100.3,0,1.78
2045-02-10,6.68,3.24,77.63,283.06,73.6,100.4,0,0.358
2045-02-11,7.88,3.33,34.66,297.94,88.6,100.2,9.15,0.969
2045-02-12,7.44,1.24,92.84,264.06,78.9,100.8,11.55,0.968
2045-02-13,9.15,4.4,79.97,293.52,78.8,100.1,9.95,1.911
2045-02-14,7.63,4.07,89.02,278.28,79.4,99.6,10.46,3.468
2045-02-15,8.99,4.36,69.67,289.5,80.5,100.3,0.08,2.691
2045-02-16,9.91,5.24,74.9,303.61,78.3,98.8,5.59,3.617
2045-02-17,8.32,4.22,75.14,283.23,68.2,99.1,0.06,4.198
2045-02-18,10.92,2.02,39.12,301.61,85.7,99.4,4.67,1.548
2045-02-19,10.92,4.92,67.5,312.56,80.1,97.6,4.12,5.004
2045-02-20,7.96,2.24,95.83,267.01,70.5,98.2,0.25,2.34
2045-02-21,6.72,1.53,82.06,268.36,73.9,99.1,0.25,1.658
2045-02-22,5.84,1.14,117.04,260.74,74.7,99.3,0,0.313
2045-02-23,7.71,2.61,69.14,288.46,76.7,98.6,7.34,2.535
2045-02-24,7.43,3.19,93.57,274.6,78,98.5,0.98,2.535
2045-02-25,9,4.1,69.98,296.47,83.4,97.4,18.11,2.274
2045-02-26,11.03,3.47,24.81,316.29,88.8,97.9,16.2,2.93
2045-02-27,11.01,8.78,94.36,321.46,81.5,98,12.71,3.268
2045-02-28,9.84,3.59,136.63,260.66,74.4,99.3,0,1.248
2045-03-01,10.39,1.14,123.13,270.25,83,100.2,0.68,0.77
2045-03-02,8.01,1.81,99.67,283.71,82.6,101.2,1.37,2.911
2045-03-03,6.57,-1.69,140.49,241.9,71.5,101.9,0,2.054
2045-03-04,6.68,1.06,73.82,290.04,71,101.7,0,2.43
2045-03-05,6.13,2.11,69.68,290.23,66.8,101,0.3,4.271
2045-03-06,4.15,1.39,72.98,292.74,70,99.6,5.94,5.05
2045-03-07,6.75,3.64,36.84,320.15,98.5,99,8.29,3.162
2045-03-08,10.42,5.54,118.2,286.07,85.5,99.2,0.98,1.828
2045-03-09,10.01,5.71,97.97,299.22,92.5,99.4,3.08,1.469
2045-03-10,9.94,3.66,122.98,286.33,79.6,100,0,1.193
2045-03-11,13.3,6.14,58.22,329.5,88,99.4,5.53,1.396
2045-03-12,10.28,3.77,159.88,258,62.8,100,0,2.918
2045-03-13,9.67,2.91,129.22,279.72,65.2,100.7,0,0.783
2045-03-14,8.16,0.16,173.97,239.8,74.2,101.4,0,0.255
2045-03-15,9.53,-1.21,166.34,252.09,82.5,101.2,0,0.955
2045-03-16,12.4,3.19,98.26,307.52,86.4,100.4,0.75,2.187
2045-03-17,11.38,5.14,119.39,289.82,82.4,100.1,0,2.327
2045-03-18,12.07,5.63,129.67,289.06,85.8,99.7,0,1.913
2045-03-19,9.77,2.89,94.98,295.81,74.2,99.4,0.72,1.825
2045-03-20,8.35,0.49,177.25,241.35,66,99.8,0,0.574
2045-03-21,7.83,-1.77,129.29,258.18,71.9,99.8,0,0.29
2045-03-22,7.99,-1.01,166.24,251.33,69.3,99.3,0,1.177
2045-03-23,8.24,-3.01,200.36,232.77,68,99.5,0,0.138
2045-03-24,9.08,-1.34,121.9,277.04,74.8,99.9,0.09,1.987
2045-03-25,7.21,4.67,31.37,328.33,93.2,99.4,17.01,4.38
2045-03-26,10.37,3.07,152.22,288.37,71,99.2,7.08,3.329
2045-03-27,9.83,0.91,171.07,262.95,63.9,100.2,0,3.8
2045-03-28,9.43,2.71,149.38,270.44,62.9,100.1,0,3.982
2045-03-29,9.51,0.07,184.43,247.12,64.6,100.1,0,0.479
2045-03-30,8.33,-0.62,193.1,246.49,65.2,100.5,0,0.707
2045-03-31,8,-1.72,161.86,252.44,65.6,100.7,0,0.313
2045-04-01,9.27,-0.62,148.94,263.43,73.7,100.5,0,0.929
2045-04-02,9.29,-0.19,116.92,289.19,86.6,100.5,0.74,0.449
2045-04-03,9.38,3.04,119.71,289.79,88.4,100.5,1.07,2.005
2045-04-04,9.65,1.17,168.14,269.83,68,100.9,0,2.307
2045-04-05,8.81,1.72,137.07,277.44,71.7,101.2,0,1.502
2045-04-06,9.65,0.21,181.85,260.63,71.9,101.1,0,0.555
2045-04-07,8.77,1.04,143.22,270.91,72.2,101,0,0.965
2045-04-08,8.91,1.09,122.56,290.26,70.9,101.3,0.64,0.556
2045-04-09,12.02,3.27,207.4,288.23,71.6,101.1,0.77,1.199
2045-04-10,14.77,7.93,109.39,336.99,89.6,100.4,5.45,2.676
2045-04-11,11.8,8.19,74.72,337.88,96.4,100.5,9.13,0.569
2045-04-12,9.85,4.74,37.15,327.82,98.1,99.8,25.64,0.766
2045-04-13,10.31,3.79,147.65,298.7,76.2,100.3,3.49,0.811
2045-04-14,9.83,1.77,197.4,257.84,68.8,100.8,0,0.486
2045-04-15,10.03,1.25,180.71,281.66,70.5,100.8,0,0.797
2045-04-16,12.06,4.28,220.5,279.31,66.9,100.9,0,1.242
2045-04-17,14.64,1.25,231.78,274.57,78.2,101,0,0.24
2045-04-18,14.26,6.89,221.84,294.28,78.3,100.9,0,1.582
2045-04-19,12.82,6.8,162.66,299.5,79.9,100.4,1.29,0.608
2045-04-20,11.22,4.36,215.39,280.64,68.3,100.7,0,1.641
2045-04-21,12.36,4.72,201.24,294.54,66.4,100.8,0.02,0.956
2045-04-22,11.43,4.32,167.22,293.73,72.3,100.4,0,0.732
2045-04-23,11.77,5.28,129.8,307.01,88.2,99.7,1.55,2.062
2045-04-24,11.19,7.58,124.21,308.99,76.7,99.5,0.6,3.066
2045-04-25,11.95,8.29,140.03,320.46,72.5,99.5,6.2,4.099
2045-04-26,12.67,6.89,149.17,308.44,69.2,100.7,0.21,2.536
2045-04-27,14.46,8.96,114.06,342.75,88.2,100.4,3.05,3.372
2045-04-28,11.12,6.61,174,302.3,53.9,100.9,0,2.358
2045-04-29,12.29,5.97,180.71,292.19,60.9,101.1,0,0.982
2045-04-30,11.07,3.58,224.1,279.14,59.1,101.3,0,0.605
2045-05-01,13.27,0.74,218.37,272.54,70.2,101.6,0,0.574
2045-05-02,15.57,7.05,163.85,323.44,81.8,101.7,0.04,1.147
2045-05-03,11.76,6.41,184.33,296.38,66.6,101.4,0,1.748
2045-05-04,13.22,3.64,280.88,258.34,67.4,100.9,0,0.926
2045-05-05,14.3,4.32,171.36,297.7,76.8,100.7,0.31,0.464
2045-05-06,12.94,5.39,214.92,294.82,66.2,101,0,0.611
2045-05-07,13.23,6.24,152.38,315.6,70.5,101,0,0.605
2045-05-08,13.15,4.66,176.84,296.53,85.2,100.6,2.54,1.417
2045-05-09,16.02,7.77,254.09,295.63,76.3,100.1,0,2.65
2045-05-10,11.54,7.5,186.18,305.69,55.6,100.5,0,2.287
2045-05-11,12.55,4.23,232.36,283.35,50.4,100.9,0,1.724
2045-05-12,9.88,2,169.51,276.03,59.2,101.2,0,0.773
2045-05-13,10.45,0.32,240.52,257.69,57.4,101,0,1.382
2045-05-14,11.19,0.04,236.37,261.29,67.6,100.4,0,0.371
2045-05-15,8.54,2.7,75.28,307.83,95.3,99.4,10.9,1.347
2045-05-16,9.48,4.87,140.21,307.77,87.3,99.1,2.82,0.512
2045-05-17,11.36,3.19,209.67,286.01,79.2,99.2,0.35,0.642
2045-05-18,13.52,2.5,242.98,279.32,80.4,99.5,0,1.341
2045-05-19,17.65,8.17,137.24,327.55,91.6,99.8,10,0.681
2045-05-20,21.41,6.03,289.13,305.34,72.7,99.9,1.86,0.688
2045-05-21,15.51,10.08,258.48,312.69,89.8,99.7,2.76,1.444
2045-05-22,16.2,9.39,249.85,315.26,90,100.1,1.15,0.914
2045-05-23,15.23,10.28,185.41,334.19,90.7,100.4,2.08,1.668
2045-05-24,16.42,10.95,259.05,321.94,84.4,100.6,0,1.082
2045-05-25,15.14,10.52,163.88,335.31,91.1,100.4,1.4,0.975
2045-05-26,15.96,10.42,279.89,309.01,76.7,100.2,0,1.897
2045-05-27,18.93,9.08,262.71,305.7,74.8,100.4,0,0.529
2045-05-28,18.13,9.12,286.24,301.22,71.6,100.9,0,1.188
2045-05-29,18.12,8.08,292.94,289.15,78.5,101,0,0.365
2045-05-30,19.93,9.7,243.53,318.44,80.9,100.6,2.71,1.435
2045-05-31,17.43,9.06,224.94,310.88,75,100.5,1.36,1.442
2045-06-01,14.94,8.43,206.45,303.48,69,100.4,0,1.483
2045-06-02,17.05,9.27,235.54,311.97,71.2,100.2,0,1.306
2045-06-03,18.16,9.41,234.23,311.49,80.9,100,0.13,1.561
2045-06-04,15.55,9.12,120.1,342.52,95.5,99.5,5.76,0.886
2045-06-05,13.09,9.4,117.75,334.3,80.8,99.1,3.96,2.278
2045-06-06,12.94,6.87,197.5,300.2,62.7,100,0,0.65
2045-06-07,13.95,6.87,208.84,303.34,61.6,100.3,0.22,0.231
2045-06-08,16.52,5.28,238.68,300.63,65.5,99.6,0,0.959
2045-06-09,18.33,6.63,298.5,287.01,63,99.4,0,0.663
2045-06-10,15.97,9.47,222.64,305.5,78.9,99.7,5.48,1.718
2045-06-11,18.85,9.6,307.55,295.15,72.8,100.6,0,1.815
2045-06-12,18.67,8.63,268.25,292.9,71.4,100.7,1.15,1.093
2045-06-13,18.27,9.04,191.57,328.34,80.8,100.6,0.79,1.543
2045-06-14,21.7,14.37,259.41,349.47,79.2,100.1,0.4,1.929
2045-06-15,20.14,13.04,304.92,320.69,75.8,100.3,0,1.877
2045-06-16,20.53,11.43,252.26,326.89,85.2,100.3,0.69,1.434
2045-06-17,19.65,9.75,258.05,313.92,74.5,100.2,0.06,0.337
2045-06-18,17.51,9.07,272.95,297.82,73.3,100.2,0,0.714
2045-06-19,20.26,9.89,335.01,291.26,62.3,99.9,0,3.4
2045-06-20,21.22,11.66,283.41,315.33,55.9,99.8,1.75,5.239
2045-06-21,21.41,12.3,314.68,317.88,75.7,99.9,2.36,1.114
2045-06-22,23.22,11.56,308.47,328,70.5,100.3,0.76,0.604
2045-06-23,24.36,14.93,328.22,338.47,79.5,100.4,6.77,1.033
2045-06-24,24.89,13.17,325.29,318.89,69.3,100.9,0,1.237
2045-06-25,25.26,16.03,301.43,338.65,69.6,101,0,0.602
2045-06-26,26.38,14.83,328.79,328.26,64.8,100.9,0,1.442
2045-06-27,27.6,15.09,329.03,327.02,60.8,100.6,0,2.696
2045-06-28,27.37,14.51,349.42,312.95,46.5,100,0,5.253
2045-06-29,29.07,17.36,309.52,354.97,59.7,99.7,0.31,4.856
2045-06-30,25.8,18.09,214,374.58,83.4,99.8,21.52,0.214
2045-07-01,24.36,17.12,279.49,351.11,77.2,99.7,1.28,1.316
2045-07-02,22.5,15.83,270.84,345.02,82.3,99.3,0,0.536
2045-07-03,21.2,16.57,248.85,342.35,85,99.1,0.52,1.966
2045-07-04,23.49,16.59,226.59,350.58,74.1,99.4,1.4,2.652
2045-07-05,22.29,15.31,258.96,338.86,83.4,99.7,0.87,1.725
2045-07-06,20.78,17.04,197.63,368.85,89.3,99.1,4.51,1.916
2045-07-07,19.9,13.3,239.68,330.31,70.3,98.9,0.33,4.092
2045-07-08,19.9,11.43,287.54,303.79,63.5,100.4,0,1.987
2045-07-09,18.2,9.27,160.58,335.32,86.3,100.3,5.87,2.098
2045-07-10,21.4,15.63,171.76,370.93,88.8,99.3,7.84,2.44
2045-07-11,20.53,13.57,269.3,327.37,71.2,99.6,0.47,2.954
2045-07-12,20.25,11.86,314.49,300.37,66,100.4,0,0.778
2045-07-13,22.44,12,331.66,305.52,61.5,100.5,0,3.274
2045-07-14,26.39,15.41,334.94,322.25,60.5,100,0,4.136
2045-07-15,24.64,15.29,305.38,330.38,73.2,99.9,0,2.534
2045-07-16,23.81,15.48,214.57,349.56,76,100.3,0.81,2.132
2045-07-17,23.48,14.25,266.09,330.75,76.8,100.4,1.41,1.174
2045-07-18,24.57,14.43,286.63,332.31,76.7,100.6,3.16,0.14
2045-07-19,26.12,13.84,290.69,326.51,67.9,100.8,0,0.796
2045-07-20,25.12,14.64,270.08,343.35,79.5,100.5,0,1.802
2045-07-21,23.89,15.07,228.19,345.28,83.5,100,6.25,1.732
2045-07-22,22.95,13.56,250.57,326.28,76.6,100,0.57,0.887
2045-07-23,24.41,14.77,303.49,319.96,69.4,100.1,0,2.106
2045-07-24,24.86,15.67,220.96,350.5,74.5,99.5,5.98,3.666
2045-07-25,21.53,15.08,246.92,339.87,82.7,99.6,1.27,0.647
2045-07-26,21.12,15.92,238.71,339.41,89.5,99.5,9.64,1.034
2045-07-27,21.04,14.52,230.88,333.61,85.7,99.5,4.68,1.657
2045-07-28,21.95,14.85,268.31,333.11,75.5,100,0,1.975
2045-07-29,20.12,14.74,147.98,345.02,84.4,99.7,6.18,2.363
2045-07-30,19.49,12.39,248.21,313.46,72.5,98.9,1,2.924
2045-07-31,20.01,13.04,252.39,321.41,73,99.1,0.83,2.769
2045-08-01,20.54,13.7,256.54,329.35,73.6,99.3,0.66,2.614
2045-08-02,21.06,14.73,143.57,365.76,91.4,99.1,10.91,1.946
2045-08-03,21.13,14.61,226.4,339.46,78.7,99.4,3.19,2.576
2045-08-04,21.82,13.95,243.4,325.92,77.9,99.7,0.33,1.544
2045-08-05,22.77,12.21,233.7,324.99,75.9,99.8,0.28,0.952
2045-08-06,20.25,11.86,215.12,346.83,89.5,99.7,6.23,1.706
2045-08-07,21.1,16.16,272.36,336.34,87.7,99.4,0,1.728
2045-08-08,20.9,14.97,213.29,344.26,87.4,99.6,4.78,1.696
2045-08-09,22.19,13.43,235.26,328.83,78.2,100.1,5.91,1.296
2045-08-10,22.05,13.15,277.38,311.04,70.8,100.6,0,0.479
2045-08-11,22.72,12.9,245.74,318.57,70.2,100.8,0,0.429
2045-08-12,24.96,13.69,254.31,338.93,79.9,100.8,0,1.297
2045-08-13,23.61,15.36,241.89,345.51,89.8,100.7,0,0.407
2045-08-14,25.14,14.06,265.88,340.35,86.7,100.3,0,0.374
2045-08-15,23.71,14.45,266.37,325.06,72,100.1,0,1.5
2045-08-16,21.84,13.89,252.71,310.72,70.2,100.2,0,2.145
2045-08-17,20.99,12.18,226.49,305.54,66.2,100.2,0,1.72
2045-08-18,18.73,9.38,159.95,319.02,72.4,100.2,0,0.2
2045-08-19,21.83,14.08,170.66,358.26,78,99.5,5.32,3.09
2045-08-20,18.84,11.84,209.57,329.39,78.9,99.2,4.3,2.932
2045-08-21,19.73,10.07,209.11,299.43,67.7,100.8,0,1.304
2045-08-22,19.48,7.82,265.04,281.95,73.1,100.9,0,0.42
2045-08-23,21.43,10.92,148.91,338.05,78.2,100.3,0.8,0.686
2045-08-24,21.1,15.8,165.93,362.59,93.8,99.7,1.91,1.737
2045-08-25,21.13,14.48,218.29,324.19,85.1,99.8,0.48,1.522
2045-08-26,20.35,13.64,239.51,316.22,83.7,99.9,1.01,1.327
2045-08-27,19.96,12.49,236.15,309.34,83.4,100.2,0.35,1.048
2045-08-28,19.51,12.42,191.84,328.78,88.5,100.2,3.89,0.279
2045-08-29,21.98,13.43,210.94,325.49,76.2,100.4,0,1.531
2045-08-30,21.57,13.63,200.12,325.22,68.5,100.7,0,1.452
2045-08-31,21.41,13.29,190.74,328.95,67.8,100.7,0,1.329
2045-09-01,21.25,12.94,181.45,333.03,67.1,100.7,0.13,1.209
2045-09-02,20.76,13.01,169.51,333.44,68.5,100.6,0,0.828
2045-09-03,22.21,11.8,201.62,313.41,77.7,100.7,0,0.995
2045-09-04,23.09,13.36,180.72,333.73,80.4,100.5,0.04,0.59
2045-09-05,23.75,11.97,227.69,314.07,76.1,100.3,0,0.59
2045-09-06,18.81,12.06,97.19,333.68,92.5,99.8,20.86,1.355
2045-09-07,17.72,11.92,172.11,309.25,82.2,99.7,3.45,2.433
2045-09-08,18.11,11.68,112.25,317.81,78.7,100.1,0.26,2.191
2045-09-09,19.3,10.98,187.21,305.03,76.5,100.3,0,1.666
2045-09-10,20.6,10.28,186.57,308.64,77.1,100.5,0,1.086
2045-09-11,20.41,9.84,189.5,315.11,83.5,100.5,0,0.467
2045-09-12,20.05,11.11,156.54,327.55,75.6,100.8,0,0.154
2045-09-13,20.47,9.36,155.19,323.12,79.9,100.8,0,0.274
2045-09-14,19.46,11.57,171.34,320.64,76.7,100.8,0,0.89
2045-09-15,20.35,12.63,163.58,331.01,76.9,101.1,0,0.908
2045-09-16,21.87,10.74,163.61,322.9,79.4,101.3,0,0.32
2045-09-17,22.7,12.85,169.05,331.06,76.8,101.4,0,0.423
2045-09-18,21.75,12.66,169.86,323.54,78.4,101.5,0.13,1.083
2045-09-19,20.47,11.19,176.15,308.07,70.5,101.4,0,2.379
2045-09-20,20.15,10.67,148.6,319.92,73.1,101.4,0,1.334
2045-09-21,21.98,10.21,182.79,310.64,75.7,101.4,0,0.937
2045-09-22,21.84,9.99,121.33,334.59,79.3,101.3,0,2.091
2045-09-23,20.87,10.98,132.03,328.37,76.9,101.2,0,2.677
2045-09-24,21.94,12.9,175.66,316.11,79.1,101.7,0,2.509
2045-09-25,19.92,12.03,137.86,323.64,78.6,101.7,0,2.041
2045-09-26,17.6,7.93,174.06,286.09,70.4,101.3,0,1.114
2045-09-27,17.75,7.76,140.42,301.6,77.2,100.7,0,0.337
2045-09-28,19.63,10.94,143.21,324.37,83.8,100.2,0,1.867
2045-09-29,18.4,16.44,81.66,375.18,92.6,99.8,1.59,2.709
2045-09-30,17.85,12.29,33.2,363.93,95.6,99.2,20.98,1.465
2045-10-01,17.23,8.75,154.15,296.6,84.6,99.6,0.39,0.832
2045-10-02,17.57,10.32,138.91,310.12,83,99.5,1.02,1.212
2045-10-03,20.79,13.71,75.1,361.75,84.1,98.7,16.24,1.74
2045-10-04,17.53,8.08,148.48,286.92,78.2,100,0.13,1.416
2045-10-05,17.58,6.89,143.28,301.33,81.3,100.9,0,0.949
2045-10-06,18.57,12.5,119.56,322.57,88.6,101.4,0,1.186
2045-10-07,19.01,10.74,146.18,306.73,88.1,101.4,0,0.478
2045-10-08,19.55,9.39,144.64,308.12,88.9,101.2,0,0.281
2045-10-09,19.2,10.22,134.9,317.51,81.9,101.4,0,0.917
2045-10-10,16.79,8.99,114.53,305.01,76.1,101.6,0,2.484
2045-10-11,15.5,10.83,107.27,324.2,77.4,101.3,0,3.804
2045-10-12,16.37,8.97,104.94,306.41,78.1,101,0,2.058
2045-10-13,17.04,8.23,104.4,312.84,85.6,100.8,0,2.091
2045-10-14,17.85,8.69,107.03,319.95,91.7,100.4,1.84,0.544
2045-10-15,16.97,10.6,103.34,313.55,87.5,100.7,0.63,0.884
2045-10-16,17.14,8.7,90.01,321.55,88.5,100.5,0,0.548
2045-10-17,17.1,9.09,80.61,339.7,93.1,100.1,2.22,0.198
2045-10-18,15.46,9.42,49.87,338.04,91.3,99.7,15.72,0.784
2045-10-19,15.46,8.98,13.03,326.26,92.1,99,22.81,2.199
2045-10-20,14.43,8.04,101.13,286.96,78.8,99.1,0,2.557
2045-10-21,15.99,7.95,81.09,311.75,84.9,100,1.22,1.946
2045-10-22,15.06,9.32,85.37,318.07,74.7,101.1,0,2.029
2045-10-23,15.75,9.29,87.39,318.82,85.5,101.6,0,1.522
2045-10-24,14.4,11.35,71.88,337.32,87.9,101.3,0.81,1.733
2045-10-25,15.61,8.67,54.1,327.65,86.2,100.4,1.38,2.099
2045-10-26,13.05,7.84,89.91,300.44,65.6,101.2,0,1.657
2045-10-27,14.74,6.36,49.6,321.99,90.4,101.3,1.77,1.191
2045-10-28,14.83,9.38,71.36,328.5,91.8,101.4,0,1.065
2045-10-29,15.83,9.15,77.7,325.71,93.1,101.4,0,0.917
2045-10-30,15.13,10.35,54.14,333.29,93.4,100.9,0.17,1.029
2045-10-31,15.37,9.34,60.4,328.9,93.1,100.9,0.18,0.303
2045-11-01,15.6,8.33,66.63,325.06,92.7,101,0.18,0.745
2045-11-02,12.94,9.13,85.13,316.09,75,102.1,0,4.352
2045-11-03,12.9,6.83,58.52,306.53,81,102.7,0,1.627
2045-11-04,14.9,8.59,63.6,333.35,86.8,102,0.26,2.119
2045-11-05,15.96,12.46,50.13,355.54,93.6,101.2,0.92,1.066
2045-11-06,14.86,10.67,77.43,328.46,89.3,101.2,0.27,0.617
2045-11-07,13.99,11.36,44.62,348.8,95.6,101.5,0.94,0.328
2045-11-08,13.28,8.29,52.9,321.88,93.7,101.5,0.4,0.273
2045-11-09,13.89,6.2,82.09,298.63,93.1,101.1,0,1.456
2045-11-10,15.06,8.37,53.7,316.69,90.4,100.5,0,1.345
2045-11-11,11.57,7.2,60.55,309.96,88.5,100.2,0,0.379
2045-11-12,12.12,6.25,54.09,314.19,80.6,99.3,1.73,1.941
2045-11-13,9,2.68,65.76,268.25,74,99.2,0,1.422
2045-11-14,11.17,3.49,53.94,295.96,89.8,98.2,2.71,2.012
2045-11-15,11.13,6.96,49.77,297.11,80.8,98.6,0,2.046
2045-11-16,10.74,6.37,54.02,295.52,74.5,98.9,0,2.289
2045-11-17,9.41,3.37,71.81,258.93,69.3,100.7,0,0.623
2045-11-18,7.08,-0.34,68.13,245.54,85.2,101.7,0,1.132
2045-11-19,9.19,-0.14,44.72,284.38,87.5,101.4,0,1.836
2045-11-20,9,2.88,36.12,301.97,86.2,100.9,0,2.328
2045-11-21,9.97,5.87,16.11,334.49,91.1,100.2,7.84,3.361
2045-11-22,11.28,5.47,39.92,317.66,98.7,99.6,0.33,0.398
2045-11-23,12.7,4.2,18.62,328.64,93.9,98.7,28.97,1.566
2045-11-24,12.75,9.9,40.44,306.27,82.1,96.9,0.81,2.301
2045-11-25,12.35,8.13,58.23,290.73,79.6,97.5,0,2.185
2045-11-26,11.68,4.1,58.22,271.39,83.7,99.1,0,1.826
2045-11-27,12.74,2.59,49.39,281.4,89.7,100,0,1.102
2045-11-28,11.44,8.58,14.88,334.1,91.7,99.3,12.35,4.12
2045-11-29,11.38,6.85,16.2,338.56,99.1,98.8,19.55,1.463
2045-11-30,7.03,0.46,25.79,292.3,95.6,99.7,0.25,1.206
2045-12-01,8.79,-0.54,27.86,277.91,95.3,99.8,2.17,0.084
2045-12-02,13.38,1.85,22.7,308.31,91.5,100.2,16.07,1.565
2045-12-03,13.93,6.16,12.96,340.73,98.8,99.8,33.66,0.269
2045-12-04,13.27,5.89,9.83,340.85,98.1,100,25.91,1.405
2045-12-05,13.32,3.51,49.26,291.67,89.3,99.8,4.09,1.672
2045-12-06,12.58,6.77,8.59,329.7,87.9,99.4,8.26,2.296
2045-12-07,8.45,5.88,15.54,326.92,96.9,99.2,9.49,0.312
2045-12-08,6.78,5.4,6.33,329.98,96.8,99.1,18.97,3.526
2045-12-09,6.99,4.95,17.01,316.16,85.3,100.1,11.91,4.496
2045-12-10,5.88,2.79,29.69,289.15,74.5,101.3,0,1.601
2045-12-11,4.74,0.05,33.51,271.93,85.6,101.4,0,1.111
2045-12-12,7.46,0.16,30.55,280.02,76.4,101.1,1.71,1.517
2045-12-13,12.06,6.16,12.89,312.49,86.6,100.1,9.35,1.553
2045-12-14,11.18,7.96,39.37,291.27,78.4,100.1,4.85,4.14
2045-12-15,13.79,7.11,23.33,330.9,90.2,100.8,3.4,2.852
2045-12-16,13.81,11.49,25.21,350.26,92.4,100.7,0,2.783
2045-12-17,12.79,9.52,28.31,340.58,95.6,101,0.33,1.462
2045-12-18,12.25,9.73,21.5,350.68,97.6,100.1,9.56,2.517
2045-12-19,12.2,7.86,32.82,310.28,96.9,99.3,0.99,1.588
2045-12-20,8.09,2.5,31.72,278.44,88.4,99.8,0.64,0.553
2045-12-21,4.42,-1.46,47.7,232.89,82.2,100.6,0,0.494
2045-12-22,6.17,-2.68,22.17,275.31,92.2,100.9,0.9,1.092
2045-12-23,8.26,2.04,27.66,288.14,93.7,100.7,0,2.084
2045-12-24,8.88,5.5,41.36,282.12,80.6,100,2.27,2.597
2045-12-25,7.52,4.62,41.74,275.4,70.9,100.2,0,1.794
2045-12-26,7.27,3.43,21.48,309.44,75.6,101,0,0.512
2045-12-27,9.07,2.47,29.6,318.26,88.9,101.5,0.61,0.493
2045-12-28,11.45,9.09,20.54,328.02,97,101.3,0.7,2.217
2045-12-29,12.15,8.9,20.83,328.63,94.9,101.3,0.93,2.303
2045-12-30,13,9.8,35.26,327.65,92,101.3,0,2.929
2045-12-31,12.72,9.4,37.16,319.84,92.6,101.4,0,2.485
2046-01-01,12.43,9.01,39.06,313.52,93.1,101.6,0,2.055
2046-01-02,11.02,5.59,28.41,313.9,96.8,101.6,0,0.635
2046-01-03,9.84,4.04,19.67,305.25,94.2,101.1,2.17,0.857
2046-01-04,6.91,2.66,42.4,254.89,81.9,101.4,0,0.737
2046-01-05,5.47,2.2,33.01,281.38,83.8,101.1,0,0.724
2046-01-06,2.35,-0.41,30.55,274.3,76.4,100.9,0,2.719
2046-01-07,1.94,-2.55,36.01,261.15,93.8,100.5,0,0.6
2046-01-08,2.66,-3.48,24.38,280.39,94.1,100.2,0.53,3.258
2046-01-09,2.84,0.81,31.7,296.3,92,99.9,0.36,4.192
2046-01-10,8.17,2.7,13.17,319.94,95.5,98.9,9.66,2.727
2046-01-11,7.05,5.08,15.63,319.81,92.8,97.8,26,4.191
2046-01-12,6.48,1.65,21.11,307.58,98.8,97.7,2.45,1.121
2046-01-13,1.8,-1,23.14,291.82,89.1,99.1,4.87,3.647
2046-01-14,1.03,-2.36,32.92,268.16,77,101.2,0,3.264
2046-01-15,-0.56,-3.54,37.77,256.71,83,102.1,0,3.906
2046-01-16,2.11,-1.57,10.76,298.62,84.2,101.3,11.29,2.965
2046-01-17,-0.63,-9.66,51.04,226.61,96.5,101.4,0.7,2.872
2046-01-18,-1.61,-11.78,39.15,241.47,99.9,101.3,0,1.314
2046-01-19,-0.97,-9.37,41.34,250.49,100,101,0,0.499
2046-01-20,2.27,-9.32,29.39,278.56,90.8,100.2,0,1.241
2046-01-21,5.2,2.11,14.64,313.52,96.7,98.7,17.13,0.751
2046-01-22,5.24,0.42,26.93,295.54,99.2,99,0,0.228
2046-01-23,8.72,0.72,51.25,286.25,94.4,99.3,0,1.797
2046-01-24,11.64,7,22.05,335.63,94,99.4,2.79,3.246
2046-01-25,11.25,10.5,20.87,352.39,94.5,99.4,5.27,3.413
2046-01-26,11.3,9.66,15.47,351.86,96.6,98.9,19.42,3.021
2046-01-27,11.41,9.2,16.47,334.72,95.5,98.7,6.51,2.483
2046-01-28,10.49,3.96,15.97,334.95,98,98.3,29.28,3.573
2046-01-29,7.56,3.92,14.32,331.11,95.9,98.2,8.69,7.216
2046-01-30,10.53,7.6,25.3,343.93,97.4,97.9,22.41,1.524
2046-01-31,10.27,0.67,40.05,310.43,88.3,98.3,20.36,3.468
2046-02-01,2.55,-1.18,57.54,267.36,66.6,99.1,0,5.859
2046-02-02,2.83,-3.23,86.16,226.94,76.2,99.3,0,0.45
2046-02-03,5.46,-2.28,61.86,271.94,87.6,99.5,0,0.767
2046-02-04,4.8,0.2,74.9,260.8,74.4,98.5,0,3.98
2046-02-05,3.59,-0.29,46.74,281.02,80.3,98.1,0.19,3.082
2046-02-06,10.77,-0.17,35.12,323.41,95.6,98.3,20.81,5.357
2046-02-07,11.48,10.37,26.3,353.06,98.9,97.5,2.83,1.527
2046-02-08,11.28,9.64,23.14,350.24,100,97.2,5.7,1.108
2046-02-09,11.05,9.34,40.34,339.69,97.1,97.3,6.31,1.179
2046-02-10,10.75,8.44,30.73,326.87,89.1,97.3,21.69,3.699
2046-02-11,8.93,4.65,24.7,319.97,95.3,97.2,12.57,1.023
2046-02-12,6.76,2.18,57.96,289.77,85.9,98.5,4.3,1.177
2046-02-13,7.8,-0.48,90.45,252.64,83.7,99.3,0.26,1.61
2046-02-14,10.73,0.94,41.63,314.31,91.4,99.8,4.58,1.152
2046-02-15,14.83,10.03,41.25,352.32,96.2,100.3,0.48,2.159
2046-02-16,11.06,8.19,72.73,317.47,99.1,101.2,0.03,1.043
2046-02-17,13.92,8.25,90.47,314.66,94.3,100.8,0.48,2.548
2046-02-18,12.3,6.56,67.39,317.1,98.3,99.8,0.5,0.916
2046-02-19,12.64,8.2,69.86,333.98,99.1,100.1,0.96,1.394
2046-02-20,12.88,9.65,74.82,329.91,95.4,100.6,0,1.35
2046-02-21,13.03,9.15,90.21,300.59,87.1,100.4,0,4.74
2046-02-22,12.99,8.81,109.89,311.13,87.4,99.7,0.43,3.83
2046-02-23,13.78,6.03,80.11,311.05,93.7,99.9,0.05,0.336
2046-02-24,11.95,5.57,66.88,332.46,98.1,100.3,2.17,1.336
2046-02-25,12.94,10.4,87.84,327.47,91.9,100,0.44,4.152
2046-02-26,12.95,9.4,67.28,324.21,88.7,99.7,0,4.675
2046-02-27,13.93,5.47,117.92,284.28,82.4,100.2,0,3.683
2046-02-28,9.9,3.67,131.18,267.05,87.8,100.4,0,2.842
2046-03-01,8.95,5.27,81.67,317.13,91.7,100.1,1.13,3.256
2046-03-02,12,5.91,118.96,296.6,87,99.5,0.56,3.804
2046-03-03,10.93,5.91,59.36,318.29,96.5,99.2,2.34,1.743
2046-03-04,10.8,5.96,89.94,314.18,94.3,99.9,0,0.76
2046-03-05,10.26,4.99,81.88,304.64,83.2,100,0,4.264
2046-03-06,12.43,6.43,94.01,323.63,84,99.8,0.32,5.164
2046-03-07,14.26,8.21,63.79,340.67,91.7,100.3,1.91,2.658
2046-03-08,14.02,6.23,113.85,309.09,88.4,101.1,0,2.141
2046-03-09,12.13,4.49,154.9,263.54,87.5,101.6,0,1.841
2046-03-10,9.85,2,129.24,274.97,93.8,101.4,0,0.518
2046-03-11,11.6,5.26,120.93,304.27,82.1,100,0,1.318
2046-03-12,9.7,4.11,100.28,289.84,77.1,98.7,0.5,2.011
2046-03-13,6.55,1.1,131.65,273.23,65.1,98.6,2.14,2.01
2046-03-14,6.75,1.27,108.88,262.96,66,98.7,0.48,2.37
2046-03-15,9.04,0.7,141.79,265.93,71.2,99.6,0,1.052
2046-03-16,9.95,2.31,99.21,296.78,90.4,100.5,1.01,1.992
2046-03-17,12.85,5.45,165.6,276.83,84.4,101.7,0,3.311
2046-03-18,12.56,6.04,188.2,257.25,76.8,102.2,0,2.837
2046-03-19,13.13,5.24,180.92,269.67,80.6,101.8,0,0.983
2046-03-20,13.21,9.31,95.19,320.18,82.3,100.8,0,0.927
2046-03-21,12.86,9.23,89.29,325.38,74.6,99.1,1.38,3.655
2046-03-22,13.17,7.72,148.67,294.99,85.5,98.8,1.98,1.163
2046-03-23,12.67,5.77,138.33,291.21,86.1,99.3,3.04,1.587
2046-03-24,10.84,2.53,124.51,274.12,75.9,100.3,0.5,1.797
2046-03-25,11.42,1.04,121.47,283.99,85.3,100.9,0,0.713
2046-03-26,11.96,4.15,148.51,302.56,71.4,100.9,0,1.728
2046-03-27,11.14,5.39,90.49,312.59,78.3,100.8,0,1.206
2046-03-28,10.57,4.79,130.4,307.4,70.6,100.3,0,2.686
2046-03-29,7.82,3.8,112.26,299.34,75.7,100.1,0.39,2.595
2046-03-30,8.29,2.82,103.62,297.24,78.8,100.2,0,1.5
2046-03-31,7.39,2.53,96.68,294.86,84.3,100.3,1.31,1.644
2046-04-01,9.29,3.24,103.44,311.06,82.4,100.3,1.06,1.648
2046-04-02,9.24,4.48,109.57,304.9,80.6,100,0,1.635
2046-04-03,8.87,2.46,105.81,301.68,91.7,99,4.31,0.43
2046-04-04,9.56,4.34,124.48,303.58,81.2,98.9,1.11,1.567
2046-04-05,10.07,2.26,138.94,286.07,76.9,100.1,2.09,0.794
2046-04-06,9.75,2.48,141.4,283.44,80.5,100.7,0,3.492
2046-04-07,10.48,5.81,64.8,318.37,78.8,100.1,0,2.48
2046-04-08,11.62,5.61,108.41,318.11,67.5,99.9,0,4.156
2046-04-09,11.42,3.93,170.53,290.5,65.7,100.5,0,4.452
2046-04-10,11.14,2.29,231.27,251.35,66,100.4,0,4.104
2046-04-11,9.09,3.69,178.37,291.37,65.9,100.3,0,2.642
2046-04-12,8.65,2.97,135.11,291.82,71.4,99.9,0,1.229
2046-04-13,8.68,3.66,113.08,305.33,75.5,99.8,0,1.995
2046-04-14,9.83,4.51,105.21,309.69,75.2,99.7,2.56,3.297
2046-04-15,12.14,3.92,147.89,297.68,66.3,100.2,3.29,3.266
2046-04-16,9.07,1.22,177.17,258.25,59.5,101.5,0,3.01
2046-04-17,9.77,3.22,175.22,289.93,60.9,101.9,0,3.258
2046-04-18,12.22,2.89,275.37,252.58,62.2,101.9,0,2.688
2046-04-19,14.08,1.08,239.89,269.2,77,101.3,0,0.266
2046-04-20,14.97,7.79,174.95,326,91.1,99.8,3.98,1.002
2046-04-21,8.99,1.34,103.79,296.66,87.3,98.9,4.5,0.557
2046-04-22,8.88,1.4,204.99,252.42,62.6,99.6,0.71,2.13
2046-04-23,10.62,-0.15,195.04,260.68,66.6,100.5,0,1.238
2046-04-24,12.03,6.23,208.18,280.17,62.7,100.4,0,1.272
2046-04-25,15.74,8.03,176.77,316.78,71,100.1,0,2.607
2046-04-26,14.62,11.06,83.5,350.27,86.8,99.6,8.32,2.701
2046-04-27,14.66,6.81,145.81,322.78,91.8,99.5,7.46,0.521
2046-04-28,13.66,5.59,101.8,317.94,90.2,99.7,6.36,0.7
2046-04-29,16.06,9.5,195.14,329.63,91.7,100,10.76,1.195
2046-04-30,17.28,9.68,181.28,335.78,86,100.8,1.5,2.513
2046-05-01,15.81,6.35,220.54,310.24,67.7,101.2,0,4.039
2046-05-02,15.43,5.76,284.24,275,63.2,101.3,0,4.124
2046-05-03,16.22,4.45,288.38,264.71,68,101.2,0,3.095
2046-05-04,16.75,5.65,262.96,271.75,61.5,100.8,0,2.332
2046-05-05,16.3,4.06,227.98,295.73,76.7,99.8,2.75,0.189
2046-05-06,15.1,6.7,207.3,305.98,74.8,99.5,0.06,0.786
2046-05-07,9.5,3.1,162.81,289.35,68.1,99.6,0.52,1.04
2046-05-08,9.74,4.66,143.87,289.81,76.8,98.5,4.62,2.292
2046-05-09,10.41,4.31,169.83,289.92,78.3,98.6,0.85,0.585
2046-05-10,8.76,4.83,128.39,307.81,91,98.7,6.25,0.652
2046-05-11,9.21,4.15,148.05,307.51,85.6,99.5,1.33,1.947
2046-05-12,11,2.53,189.99,291.72,75.2,100.1,0.5,0.518
2046-05-13,13.59,4.6,211.46,293.09,75.2,100.2,0.74,0.758
2046-05-14,11.63,4.88,166,306.81,64.3,100.7,0,1.038
2046-05-15,11.01,4.55,119.57,306.23,72.3,100.9,0,2.317
2046-05-16,17.72,8.26,199.47,328.75,72.5,100.5,0,5.469
2046-05-17,20.5,10.63,289.11,304.03,63.5,100.4,0,5.667
2046-05-18,17.81,7.66,288.08,287.76,65.5,99.9,0,3.517
2046-05-19,14.38,6.51,261.56,291.14,63.6,99.3,0,3.982
2046-05-20,11.4,5.94,152.97,307.05,69.1,99.2,0,1.215
2046-05-21,11.86,5.87,160.53,305.06,74.7,99.9,1,0.484
2046-05-22,11.11,8.16,93.03,334.38,88.3,99.2,5.99,5.186
2046-05-23,13.86,8.86,130.51,333.93,95,98.9,15.83,0.615
2046-05-24,16.61,8.44,259.78,292.6,76.7,100.3,0.46,1.909
2046-05-25,12.78,10.15,92.48,343.82,96.1,100.3,26.76,1.527
2046-05-26,18.02,9.17,286.24,305.04,75.4,100.3,1.06,1.794
2046-05-27,16.19,8.01,263.25,292.33,76.2,100.8,2.41,1.907
2046-05-28,12.62,6.87,117.76,330.31,96.6,100.7,5.27,1.437
2046-05-29,15.37,10.23,80.82,361.33,97.2,100.1,11.96,1.643
2046-05-30,17.91,10.05,246.41,320.15,80.8,100.2,4.18,1.931
2046-05-31,16.93,9.67,263.37,304.57,75.1,100.5,2.09,1.775
2046-06-01,15.94,9.29,280.57,289.07,69.4,100.8,0,1.682
2046-06-02,14.1,7.38,239.65,296.96,55.9,101.2,0,0.608
2046-06-03,13.62,6.54,195.82,312.22,65.7,101.1,0,0.398
2046-06-04,14.33,5.77,263.65,297.42,78.4,100.6,0,0.854
2046-06-05,16.89,8.12,258.69,307.75,76.6,100.5,0,0.647
2046-06-06,17.51,6.92,194.31,319.06,84.4,101,3.92,0.88
2046-06-07,16.72,7.2,298.36,286.67,68.1,101.6,0,1.66
2046-06-08,17.49,7.23,304.58,283.44,70.2,101.4,0,1.052
2046-06-09,17.07,7.77,208.13,317.39,77,100.8,0,0.608
2046-06-10,13.58,11.15,70.97,342.48,87.8,99.8,7,1.222
2046-06-11,17.59,11.27,239.55,322.43,84,98.8,4.85,1.446
2046-06-12,16.02,10.34,217.1,309.17,86.4,98.7,9.13,1.719
2046-06-13,15.88,9.17,211.43,306.57,80.9,99.2,5.11,2.417
2046-06-14,13.61,7.28,110.13,312.59,87.5,99.4,4.1,1.426
2046-06-15,16.58,7.01,248.32,307.34,83.5,99.5,4.02,0.841
2046-06-16,16.29,6.61,274.49,288.07,81,99.7,0.8,1.001
2046-06-17,16.63,6.16,301.07,284.67,80.3,99.6,0.61,0.707
2046-06-18,18.5,7.26,249.15,305.59,78.5,99.9,3.55,0.332
2046-06-19,19.82,9.9,291.21,302.86,74.3,100.2,0.6,0.619
2046-06-20,17.67,7.82,195.83,325.12,88.9,100.6,0,1.175
2046-06-21,19.84,14.14,219.34,355.56,90.4,101,0.77,1.337
2046-06-22,21.28,14.12,229.22,352.4,85.7,100.6,0.76,0.251
2046-06-23,21.45,14.7,268.94,335.58,79.7,99.9,1.38,0.373
2046-06-24,21.59,13.05,274.45,329.13,79.6,99.8,6.04,0.528
2046-06-25,18.8,12.99,230.8,339.77,84.9,99.8,1.09,0.587
2046-06-26,20.38,12.38,237.79,337.08,87,99.9,5.82,0.413
2046-06-27,20.72,13.6,220.97,351.86,84.3,99.7,0.58,1.718
2046-06-28,18.4,12.44,260.75,311.86,74.5,99.7,0.39,3.594
2046-06-29,19.94,11.05,320.92,297.77,69.1,100.7,0,1.689
2046-06-30,19.61,9.55,262.24,325.54,84.3,100.7,0,1.48
2046-07-01,16.99,12.63,82.65,358.69,95.7,100.3,18,1.055
2046-07-02,20.06,9.42,271.79,301.82,77.4,100.2,0,1.361
2046-07-03,21.12,12.2,287.5,313.99,71.8,100.7,0,1.16
2046-07-04,20.62,11.71,297.45,311.54,78.1,101,0.41,0.645
2046-07-05,20.75,10.14,310.02,300.92,78,100.9,0,0.611
2046-07-06,21.74,10.34,343.72,291.95,73.2,100.5,0,0.711
2046-07-07,22.51,10.09,306.68,314.91,74.5,100,0.53,1.012
2046-07-08,20.56,15.25,202.43,359.8,91.2,99.8,9.87,2.262
2046-07-09,18.29,14.5,178.72,346.74,84.1,100.3,1.26,1.74
2046-07-10,23.03,12.7,287.36,337.15,82.6,100.6,0,1.039
2046-07-11,24.67,17.61,288.49,368.85,84.7,100.8,0,2.263
2046-07-12,24.1,16.04,283.15,353.33,88.3,100.8,0,1.225
2046-07-13,29.62,15.47,323.69,353.05,66.6,99.9,0,2.011
2046-07-14,25.78,16.78,222.71,366.32,86.7,99.3,2.04,0.744
2046-07-15,21.76,14.16,284.02,319.22,67.6,100.1,0,2.265
2046-07-16,20.32,11.6,276,316.38,77,100.5,0,1.379
2046-07-17,22.21,14.89,256.14,344.03,76.1,99.8,1.84,2.501
2046-07-18,21.53,12.34,252.86,326.5,79.5,100.4,0,1.289
2046-07-19,23.26,15.61,285.58,333.78,68.4,100.3,0,2.013
2046-07-20,21.76,12.93,274.29,323.45,76.3,100.7,0,0.807
2046-07-21,22.8,17.06,233.56,364.36,83.2,100.2,0.62,1.502
2046-07-22,23.34,16.48,180.28,369.77,87.6,99.5,5.28,1.829
2046-07-23,23.13,16.4,244.27,348.55,76.4,99.4,1.14,1.9
2046-07-24,21.86,15,252.32,341.63,75.4,100.1,2.99,0.341
2046-07-25,21.71,14.17,271.41,326.01,71.4,100.3,0.45,0.47
2046-07-26,20.67,11.94,247.16,313.89,63.9,100.4,0,0.604
2046-07-27,22.94,14.68,147.68,361.75,86.1,100.1,2.79,1.878
2046-07-28,25.16,15.21,282.74,349.61,80.7,100.1,0,2.007
2046-07-29,23.83,16.63,244.38,360.77,88.1,99.8,0,1.124
2046-07-30,23.27,15.89,151.62,365.58,87.8,98.9,2.21,1.179
2046-07-31,23.26,15.16,194.04,349.2,80.3,99.4,1.36,1.524
2046-08-01,23.24,14.42,237.12,332.67,72.7,99.9,0.51,1.87
2046-08-02,21.25,15.71,231.5,346.11,85.3,99.9,0,2.011
2046-08-03,24.34,15.45,246.8,351.93,77.7,99.8,1.31,1.736
2046-08-04,20.1,16.14,165.87,357.63,92.1,99.5,13.99,2.021
2046-08-05,20.52,15.93,196.35,344.99,82,99,3.68,2.83
2046-08-06,21.62,14.75,247.28,329.99,82.9,99.6,3.21,1.884
2046-08-07,21.46,14.42,180.98,347.43,84.4,99.9,1.61,1.933
2046-08-08,22.03,15.7,275.18,330.71,75.8,100.3,0,1.865
2046-08-09,22.75,15.69,166.01,357.76,82.4,100.5,1.04,1.348
2046-08-10,22.7,13.55,240.23,331.88,82.9,100.5,0.58,0.751
2046-08-11,23.6,15.53,182.51,361.84,86.4,100.2,9.03,1.107
2046-08-12,21.67,14.09,195.55,338.38,88.4,99.6,5.64,1.481
2046-08-13,20.18,11.34,271.84,302.88,80,99.4,0,0.657
2046-08-14,26.58,11.82,261.2,335.55,76,100,0.18,1.03
2046-08-15,29.19,18.21,232.87,369.71,71,100,0.92,2.08
2046-08-16,24.61,16.87,207.32,346.54,77.2,99.8,0.52,1.486
2046-08-17,22.46,12.79,278.58,296.08,70,100.8,0,0.618
2046-08-18,21.77,10.89,272.04,304.68,76.5,100.6,0,0.695
2046-08-19,23.65,14.63,252,326.91,72.4,100.4,0.4,1.313
2046-08-20,22.57,14.54,234.57,325.32,72.6,100.4,0,0.83
2046-08-21,21.23,12.96,186.58,326.44,74.3,100.3,0.43,0.829
2046-08-22,22.56,14.03,209.24,329.23,75.5,100.2,0.22,0.629
2046-08-23,20.23,12.8,192.19,325.54,82.9,100.4,3.17,1.695
2046-08-24,21.03,12.9,221.56,323.37,80.3,100.4,3.88,0.339
2046-08-25,21.15,11.99,199.09,322.09,78.1,100.3,0.32,0.605
2046-08-26,22.98,14.74,136.57,356.85,66.9,100.1,0.13,4.09
2046-08-27,21.08,16.44,170.03,357.99,92.6,100.1,23.17,2.02
2046-08-28,22.78,15.43,210.81,342.81,86.8,100.4,0,0.35
2046-08-29,26.13,15.01,222.02,337.07,77.1,100.7,0,1.478
2046-08-30,26.76,15.94,215.7,338.07,66.1,100.9,0,4.915
2046-08-31,26.63,15.35,221.39,337.1,64.5,100.6,0,5.22
2046-09-01,26.51,14.75,227.14,337.52,62.9,100.3,0,5.525
2046-09-02,22.9,16.16,132.67,358.89,83,99.8,6.31,0.463
2046-09-03,21.5,13.84,215.33,323.76,87,99.9,0,0.961
2046-09-04,21.92,13.9,206.58,331.83,86.9,100.3,1.07,0.922
2046-09-05,21.8,14,202.94,325.17,82.1,100.5,0,0.608
2046-09-06,21.26,14.47,147.11,345.65,90.4,100.5,1.37,0.399
2046-09-07,22.32,14.37,163.71,348.56,85.7,100,0.44,0.719
2046-09-08,23.14,14.82,185.99,343,78,99.9,2.69,2.143
2046-09-09,22.43,14,150.35,348.7,80.8,100.5,0,1.937
2046-09-10,22.47,16.27,132.97,361.83,86.1,100.7,0.92,1.857
2046-09-11,22.82,15.62,153.03,354.61,87.1,100.9,0,1.487
2046-09-12,23.55,17.97,152.18,369.31,86.9,100.7,0.01,1.675
2046-09-13,22.39,15.03,124.04,356.51,89,100.5,1.11,1.711
2046-09-14,22.07,13.95,166.19,344.64,81.5,100.3,3.78,1.748
2046-09-15,20.24,13.28,142.09,334.42,81.9,100.3,0.39,1.493
2046-09-16,22.03,13.96,89.19,371.84,93.5,100.2,5.21,0.468
2046-09-17,22.88,15.19,148.7,367.72,87.2,100.4,0,1.787
2046-09-18,21.61,18.55,99.61,388.3,91.4,100.1,0.18,2.563
2046-09-19,20.6,18.16,113.66,385.48,92.5,99.6,1.12,2.603
2046-09-20,20.57,17.55,56.51,386.28,98,99.7,2.55,0.548
2046-09-21,20.16,14.64,130.15,342.36,89.5,99.5,0.09,1.236
2046-09-22,19.84,12.18,122.39,326.5,79.5,99.7,0,1.62
2046-09-23,19.08,11.39,156.68,308.76,78.7,99.9,0.32,1.482
2046-09-24,18.55,11.87,46.48,342,84.9,99.6,13.03,2.203
2046-09-25,17.69,10.62,135.19,309.62,77.8,99.9,0.09,2.192
2046-09-26,18.68,11.18,164.86,301.92,78.8,99.6,0,2.27
2046-09-27,17.98,9.7,156.14,300.44,79.6,99.5,0,1.076
2046-09-28,17.26,10.42,133.99,313.17,83,99.5,0,0.462
2046-09-29,16.85,11.4,115.25,325.7,81.2,99.8,0,0.675
2046-09-30,17.68,10.84,137.03,311.44,79.6,100.4,0,0.798
2046-10-01,16.36,7.89,143.61,300.03,77.3,100.5,0,1.033
2046-10-02,16.95,12.63,28.78,363.18,92.3,99,35.42,2.054
2046-10-03,17.65,9.88,153.45,294.26,74.5,99.6,0,2.504
2046-10-04,18.65,13.4,112.65,344.31,83.5,100.4,0,2.728
2046-10-05,18.6,15.37,99.61,357.59,90.3,100.7,0,1.797
2046-10-06,20.05,12.37,148.36,323.05,88,100.6,0,0.789
2046-10-07,20.26,11.4,138.43,331.19,92.9,100.6,0,0.245
2046-10-08,20.07,11.95,144.15,316.07,87.7,101.1,0,0.297
2046-10-09,19.73,10.82,134.44,318.71,86.6,101.4,0,1.713
2046-10-10,19.46,15.09,93.05,364.23,89.1,101.6,0,1.198
2046-10-11,16.52,13.99,61.5,365.39,97.3,101.1,1.67,1.459
2046-10-12,18.25,12.43,121.73,333.9,94.8,100.3,0,0.718
2046-10-13,16.09,9.51,97.06,318.28,85.5,100.6,0,0.454
2046-10-14,16.2,6.27,117.55,299.16,80.8,101.1,0,0.46
2046-10-15,18.25,10.42,105.48,329.48,87.2,100.8,0,2.589
2046-10-16,14.02,9.65,87.91,313.92,76.9,100.9,0,0.723
2046-10-17,13.98,7.28,110.45,307.92,81.8,101.1,0,0.277
2046-10-18,17.46,10.47,83.65,342.13,88.9,101.4,0,0.648
2046-10-19,16.79,10.96,81.78,333.99,94.3,101.1,0.63,0.415
2046-10-20,16.59,11.19,81.42,325.48,84.4,99.9,0.01,2.312
2046-10-21,16.19,10.53,31.66,352.8,91.8,98.7,13.42,2.889
2046-10-22,17.82,11.26,81.71,334.61,82.6,97.3,9.76,4.799
2046-10-23,14.8,9.55,72.58,312.91,72.1,98.5,3.02,3.054
2046-10-24,15.92,8.75,93.3,310.09,76.2,97.6,11.17,4.262
2046-10-25,12.4,7.66,89.77,281.24,75,98.6,0.47,2.554
2046-10-26,12.39,7.87,76.61,285.65,80.3,99.1,0,2.862
2046-10-27,15.61,7.68,23.25,342.76,93.5,98.5,12.26,1.602
2046-10-28,13.74,11.34,78.5,299.99,79.4,98.5,1.18,3.943
2046-10-29,14.47,9.5,80.1,309.73,80.7,98.9,15.47,2.355
2046-10-30,14.29,7.51,68.67,291.05,83.3,97.7,7.52,2.86
2046-10-31,13.12,7.24,65.82,287.1,84.2,97.7,3.94,2.652
2046-11-01,11.95,6.96,62.96,282.76,85,97.7,0.36,2.447
2046-11-02,10.85,6.48,81.89,273.24,80.2,98.8,0,2.419
2046-11-03,11.39,5.8,85.08,270.03,83.8,99.6,0,1.928
2046-11-04,9.89,4.62,73.36,277.06,81.3,100.3,0,1.241
2046-11-05,10.47,4.43,70.29,289.7,82.6,100.8,0.56,1.253
2046-11-06,10.31,6.55,45.5,325.52,97.6,100.4,10.05,0.152
2046-11-07,9.83,4.5,77.49,288.18,91.6,100.6,0,0.228
2046-11-08,12.05,7.98,81.46,300.34,83.8,100,1.06,2.588
2046-11-09,12.9,6.68,53.84,312.1,87.4,99.9,0.17,1.726
2046-11-10,14.07,11.33,52.83,343.86,92.3,99.1,1.22,3.025
2046-11-11,12.19,6.62,58.51,299.45,85,100,0,1.314
2046-11-12,12.47,4.61,55.73,309.17,92.2,100.6,0,1.028
2046-11-13,12.9,11.86,19.05,360.59,96.5,100.1,15.79,2.425
2046-11-14,14.35,11.92,42.68,343.7,91.6,99.1,18.87,2.752
2046-11-15,12.59,9.23,68.35,304.41,72.8,99,11.09,2.098
2046-11-16,13.4,5.42,29.15,308.09,87.4,98.3,5.22,2.097
2046-11-17,10.86,5.55,64.51,273.52,80.8,99.7,0,2.34
2046-11-18,12.1,6.01,11.12,333.92,96.1,99.5,20.13,0.261
2046-11-19,8.11,4.22,22.09,305.01,86.5,100,0,1.163
2046-11-20,9.21,1.6,39,285.8,86.4,101.1,0,0.709
2046-11-21,11.34,5.37,47.8,298.14,85,100.8,1.72,2.25
2046-11-22,13.14,7.03,26.98,335.8,92.1,100.4,0.5,2.713
2046-11-23,15.12,11.96,35.71,343.47,91.9,100.4,0,3.236
2046-11-24,15.63,9.4,15.97,347.61,89.7,99.7,1.97,3.708
2046-11-25,14.93,8.68,26.49,333.23,86,99,4.62,2.952
2046-11-26,14.98,6.51,49.76,297.49,73.7,98.7,2.28,3.713
2046-11-27,12.88,4.85,37.29,321.23,90.8,100,0.96,1.033
2046-11-28,13.1,12.18,24.66,352.48,95.3,99.4,6.8,2.491
2046-11-29,13.1,8.86,39.03,314.56,85.8,98.6,7.34,3.688
2046-11-30,13.66,9.34,30.15,332.02,92.6,98.6,9.34,3.221
2046-12-01,13.97,8.45,12.05,327.31,93.8,97,42.12,2.048
2046-12-02,8.54,3.54,47.06,276.14,84.8,98.8,0,0.207
2046-12-03,14.02,7.41,35.62,328.16,92.1,98.1,14.45,1.999
2046-12-04,13.22,11.21,31.3,317.96,88.1,98.7,2.55,3.061
2046-12-05,13.04,8.09,12.02,321.32,89.1,98.9,14.71,2.646
2046-12-06,11.04,7.89,45.56,283.57,74.5,100.1,0,3.177
2046-12-07,13.55,9.36,14.62,349.83,95.4,100.2,3.34,2.657
2046-12-08,13.87,13.32,10.8,371.57,99.4,99.7,9.64,2.671
2046-12-09,13.89,7.18,30.69,321.38,97.3,99.7,0.01,1.748
2046-12-10,12.36,5.41,33.27,306.67,94.1,100.4,0.37,1.214
2046-12-11,10.47,3.53,48.47,261.85,96.6,101,0,0.107
2046-12-12,9.45,5.96,42.36,280.65,90.4,100.6,0,2.593
2046-12-13,8.07,3.97,28.87,298.01,88.7,100.4,0,3.501
2046-12-14,10.93,2.42,12,314.61,94.4,99.8,18.57,1.043
2046-12-15,10.25,4.74,34.51,280.67,89.3,98.8,0,1.849
2046-12-16,12.43,1.01,12.05,311.75,93.8,99,11.06,0.65
2046-12-17,11.21,9.38,24.77,326.6,93.2,97.7,4.95,3.062
2046-12-18,9.85,4.49,36.36,285.53,94.1,98.5,0.53,0.762
2046-12-19,10.36,6.92,31.1,320.21,93.9,98.1,7.77,3.618
2046-12-20,7.91,3.19,38.18,288.12,88.1,100.1,0.25,3.267
2046-12-21,5.46,2.69,27.99,292.18,84.9,100.6,0,1.129
2046-12-22,6.27,2.53,32.22,288.01,86.2,100.3,0,4.163
2046-12-23,3.2,0.4,25.27,281.7,76,100.4,0.09,5.716
2046-12-24,3.21,-0.29,32.87,259.55,71.4,100.8,0,4.523
2046-12-25,4.07,0.05,42.53,252.29,75.9,100.9,0,4.401
2046-12-26,2.5,-0.8,23.75,272.43,84,101.3,0.38,3.851
2046-12-27,2.06,-2.19,30.71,259.72,90.1,100.5,0,2.534
2046-12-28,1.93,-3.03,46.53,238.74,88.7,99.9,0,1.63
2046-12-29,4.33,0.73,44.89,264.9,89.5,100.2,0,1.707
2046-12-30,4.2,0.49,35.59,277.74,96.6,100.5,0,2.367
2046-12-31,4.75,0.66,39.17,277.41,93.3,100.2,0,3.393
2047-01-01,5.31,0.84,42.75,277.06,90.1,99.9,0.09,4.445
2047-01-02,2.89,-1.51,30.73,269.3,73.9,99.6,0.33,5.801
2047-01-03,-0.23,-2.94,51.74,229.87,72.7,99.9,0,3.545
2047-01-04,0.48,-2.51,43.55,250.38,72.8,100.4,0,1.475
2047-01-05,2.79,-2.7,40.67,253.86,92.3,101.6,0,0.873
2047-01-06,1.17,-3.35,43.87,253,99,102.3,0,0.187
2047-01-07,5.52,-3.04,29.28,279.42,91.4,102.5,0,1.254
2047-01-08,8.04,3.23,26.27,313.44,93.2,101.8,1.62,2.122
2047-01-09,10.19,4.98,8.63,321.15,94.2,100.5,8.09,2.384
2047-01-10,7.79,3.6,34.18,277.85,89.5,100.5,0.73,1.993
2047-01-11,6.53,2.21,50.73,266.19,85.1,100.8,0,1.242
2047-01-12,9.29,4.15,21.04,301.95,93.5,99.7,10.66,1.743
2047-01-13,11.15,3.32,33.37,301.31,91.2,99.8,9.56,2.314
2047-01-14,12.4,10.21,17.94,354.11,93.4,98,10.31,3.794
2047-01-15,10.89,4.82,32.57,297.45,84.9,98,2.58,2.979
2047-01-16,7.5,3.47,36.93,280.01,78,98.6,0.11,3.004
2047-01-17,6.79,2.82,38.35,294.9,87.3,98.1,5.67,0.44
2047-01-18,10.28,5.42,28.85,317.58,96.3,95.9,10.77,0.632
2047-01-19,8.3,2.78,46.22,277.31,95.5,96.5,0,0.784
2047-01-20,10.09,-0.43,50.45,281.42,88.5,99.2,5.34,1.529
2047-01-21,11.94,6.82,34.41,326.23,88.7,98.5,9.1,3.455
2047-01-22,10.2,6.84,30.6,320.72,93.9,98.8,4.05,1.917
2047-01-23,12.14,6.68,11.74,345.78,98.1,99.3,14.85,2.801
2047-01-24,12.02,6.35,26.83,321.95,92.3,99.3,26.28,2.591
2047-01-25,7.58,4.03,59.53,267.37,72.8,101,0,2.945
2047-01-26,10.33,4.16,40.98,284.55,95.4,101.9,0,2.003
2047-01-27,9.85,3.66,51.69,283.37,97.7,101.9,0,0.839
2047-01-28,8.26,6.41,38.08,306.61,94.5,101.2,0,3.2
2047-01-29,12.11,7.52,45.24,298.67,93.5,100.9,0,1.463
2047-01-30,10.32,8.39,56.88,313.07,95.2,101.2,6.86,2.137
2047-01-31,10.03,5.21,67.8,289.94,88.1,101,9.5,1.049
2047-02-01,11.84,6.83,11.42,333.7,90,99.7,19.56,4.212
2047-02-02,12.02,2.21,68.88,290.21,85.6,99.3,7.45,2.472
2047-02-03,11.36,1.21,21.65,312.29,92.6,99.9,17.76,3.041
2047-02-04,11.41,7.6,43.84,331.73,93.7,98.3,18.98,3.172
2047-02-05,9.47,5,60.25,308.19,89.9,98.6,2.61,2.192
2047-02-06,7.94,2.45,58.81,293.32,87.4,99.8,3.77,0.41
2047-02-07,12,5.92,28.61,333.29,97.7,99.4,14.35,2.93
2047-02-08,12.55,7.46,11.52,330.51,88.8,98.1,26.08,3.696
2047-02-09,10.13,7.5,68.8,294.16,78.7,98.3,10.45,3.025
2047-02-10,9.51,6.08,78.21,290.29,74.9,98.4,9.75,3.968
2047-02-11,9.87,1.75,11.71,304.53,90.8,98.3,107.35,0.131
2047-02-12,8.56,2.11,82.22,278.57,79.2,99.2,7.24,2.449
2047-02-13,10.91,4.87,44.1,306.32,86.8,99.2,10.2,3.242
2047-02-14,8.99,2.36,75.63,267.24,83.3,98.9,0,1.878
2047-02-15,10.25,0.93,64.81,294.24,91.5,100,4.58,1.748
2047-02-16,7.9,4.83,77.07,286.8,78.9,99.7,1.42,3.617
2047-02-17,10.3,5.65,53.68,303.13,83.5,100.4,0,3.104
2047-02-18,11.25,6.63,49.86,318.1,84.8,100.6,2.97,3.021
2047-02-19,10.24,3.97,94.15,280.76,88.2,101.2,0,0.723
2047-02-20,10.4,8.84,48.43,339.38,96.7,100.2,1.5,1.304
2047-02-21,10.61,5.25,94.4,294.15,83.1,100.7,15.01,2.614
2047-02-22,11.97,5.43,71.85,301.94,84.6,101.6,0,1.56
2047-02-23,13.44,10.42,96.86,296.96,86.2,101.1,0,1.353
2047-02-24,12.65,8.96,50.19,327.19,93.9,101.4,0.86,0.092
2047-02-25,11.02,7.37,50.46,336.91,97.8,101.7,0.9,2.613
2047-02-26,12.41,8.69,91.54,320.07,97.6,100.6,0,1.105
2047-02-27,12.9,9.57,73.29,340.35,94,99.5,5.71,2.673
2047-02-28,11.54,4.28,14.59,316.61,91.9,98.6,24.49,2.595
2047-03-01,8.44,4.06,94.87,268.88,75.2,99.4,0.76,3.345
2047-03-02,10.82,5.89,47.58,325.97,90.2,98.9,12.66,2.994
2047-03-03,10.02,7.34,72.15,307.82,84.1,99,1.06,2.221
2047-03-04,11.15,7.43,87.19,315.87,79.8,98.4,10.64,3.303
2047-03-05,10.12,6.93,116.67,293.16,68.2,99,0.46,3.127
2047-03-06,10.97,3.62,74.66,300.5,81,98.4,17.22,2.381
2047-03-07,10.61,1.95,140.32,265.66,75.9,99.8,0,0.495
2047-03-08,10.29,-0.45,162,248.3,80.2,101.2,0,0.8
2047-03-09,10.82,4.96,140.13,271.04,82.5,101.1,0,1.223
2047-03-10,10.47,5.37,133.71,277.56,74.8,100.3,0,1.05
2047-03-11,11.51,5.04,112.53,296.22,89.1,99.5,8.69,1.991
2047-03-12,10.29,3.95,67.9,288.51,77.3,99.7,5.04,3.019
2047-03-13,10.84,5.65,84.18,311.08,78.5,100.3,1.16,3.573
2047-03-14,12.89,5.62,60.23,327,84,100.1,2.42,3.91
2047-03-15,10.3,5.09,151.39,279.61,63.8,101.1,0,2.075
2047-03-16,12.26,4.95,77.39,324.77,95.4,101.4,4.57,0.637
2047-03-17,12.63,7,133.87,305.55,90.1,101.8,0,1.642
2047-03-18,11.96,6.91,98.43,320.77,90.4,102,0.47,1.315
2047-03-19,9.3,5.36,120.05,308.26,93,102.1,0.06,0.601
2047-03-20,10,3.57,125.3,294.15,95.1,102,0,0.46
2047-03-21,11.78,3.78,150.9,306.11,97.2,101.9,0.44,0.802
2047-03-22,15.63,6.95,155.78,313.66,94.6,101.6,0.05,1.208
2047-03-23,11.71,8.11,114.63,323.28,96.8,100.9,0.73,1.494
2047-03-24,14.67,7.4,123.77,321.97,90.4,101,0,1.881
2047-03-25,11.96,7.59,76.05,339.57,98.8,100.8,0.46,1.126
2047-03-26,12.69,8.66,78.59,344.57,96,100,7.53,1.746
2047-03-27,12.38,4.02,136.69,288.51,78,100.4,0.96,1.383
2047-03-28,10.68,2.75,127.26,285.03,73.4,100.8,0,2.485
2047-03-29,10.57,6.94,45.41,330.3,92.3,100.1,21.67,2.448
2047-03-30,11.71,5.73,151.03,291.81,85.3,100.5,3.07,2.003
2047-03-31,11.82,4.77,104.64,306.46,79.4,100.8,13.89,2.404
2047-04-01,11.53,3.43,87.71,318.9,93.3,101.4,2.64,2.257
2047-04-02,16.13,9.83,117.77,343.99,92.1,101.9,1.46,2.369
2047-04-03,14.04,8.54,104.41,338.45,95.6,102.2,0.53,1.32
2047-04-04,15.34,6.92,144.92,311.01,77.3,101.8,0.03,2.206
2047-04-05,10.16,3.41,131.97,293.77,70.3,102.9,0,0.369
2047-04-06,13.21,1.69,224.62,264.04,82.4,102.6,0,1.124
2047-04-07,17.56,4.98,228.34,284.36,88.8,102.2,0,0.778
2047-04-08,16.4,7.44,238.48,275.86,85.1,101.7,0,1.497
2047-04-09,14.06,6.2,211.75,297.13,91.9,101.2,0.21,1.458
2047-04-10,13.81,6.37,146.76,328.94,91.3,100.4,7.68,2.205
2047-04-11,10.04,4.43,136,287.58,72.6,100.8,1.36,0.666
2047-04-12,11.38,4.73,165.69,276.31,65.5,100.8,0,2.409
2047-04-13,11.89,3.84,175.9,285.97,71.4,100.2,0.25,1.368
2047-04-14,11.9,4.37,175.78,298.64,71.1,99.3,9.74,2.957
2047-04-15,10.92,7.17,90.13,318.52,82.5,100.2,3.75,3.396
2047-04-16,13.56,8.97,172.28,313.21,82.3,100.5,0,2.045
2047-04-17,14.37,10.09,169.4,328.1,92.4,100.1,1.3,2.166
2047-04-18,14.12,10.13,208.37,308.26,89.3,100.7,0,2.243
2047-04-19,14.44,10.8,154.45,334.15,92.2,100.8,0.53,1.853
2047-04-20,18.1,10.37,221.21,318.58,84.5,100.4,0,1.652
2047-04-21,14.29,9.71,164.02,312.69,81.6,99.3,1.86,2.5
2047-04-22,13.25,8.29,167.85,301.8,66.4,100,0,4.275
2047-04-23,13.29,7.94,183.06,303.47,76.7,100.3,2.33,3.289
2047-04-24,13.01,7.41,159.12,294.97,70.2,100.9,0,3.013
2047-04-25,14.25,8.73,179.61,322.37,73.2,101.9,0,1.366
2047-04-26,14.99,9.96,143.98,338.13,94.2,102.2,1.25,0.525
2047-04-27,16.91,7.42,275.01,285.67,70.9,102,0,2.534
2047-04-28,16.39,6.73,291.76,264.47,70,101.3,0,3.069
2047-04-29,20.11,4.92,264.99,287.81,78,100.8,0,0.221
2047-04-30,20.98,7.39,280.92,298.35,74.7,100.6,0,0.453
2047-05-01,22.45,8.5,278.13,307.37,76.6,100.6,0,0.467
2047-05-02,23.36,9.28,285.39,304.74,72.3,100.9,0,0.479
2047-05-03,22.66,12.68,251.47,324.62,74.2,100.7,0,0.901
2047-05-04,22.05,9.9,257.61,311.32,74.2,100.8,0,1.091
2047-05-05,14.8,8.1,221.09,290.96,65.7,101.7,0,0.593
2047-05-06,14.55,7.44,287.94,268.87,63.4,102.1,0,3.562
2047-05-07,18.16,6.61,300,278.59,64.8,101.4,0,5.365
2047-05-08,18.96,11.24,300.68,296.22,78.8,100.7,0,2.356
2047-05-09,21.87,11.38,294.44,319.98,80.8,100.4,0,0.405
2047-05-10,20.97,12.73,244.37,340.23,85.6,99.4,1.18,0.493
2047-05-11,15.32,9.91,196.55,323.9,80.2,99.2,4.36,3.18
2047-05-12,12.67,7.32,104.77,322.33,79.1,99.4,13.09,2.101
2047-05-13,12.34,6.09,195.67,288.41,69.3,99.2,0.69,3.328
2047-05-14,11.39,7,126.51,317.34,78.1,98,18.76,2.686
2047-05-15,13.25,7.33,209.72,311.63,68,98.9,2.07,3.785
2047-05-16,15.57,7.74,151.62,317.02,79.1,99.1,7.28,2.495
2047-05-17,12.13,8.5,189.58,293.24,72,98.5,3.29,3.894
2047-05-18,11.85,7.83,193.33,301.13,68.7,99.3,0.72,4.272
2047-05-19,13.36,7.68,218.44,290.86,70.4,100.5,0,2.783
2047-05-20,14.86,4.99,294.59,266.08,74.6,101.4,0,0.451
2047-05-21,18.47,4.82,314.97,277.66,74.9,101.4,0,1.169
2047-05-22,20.5,7.45,266.52,305.37,68.2,100.9,0,3.117
2047-05-23,23.18,10.03,290.51,322.39,66,100.6,0.38,3.298
2047-05-24,22.91,11.44,314.58,315.09,57.7,100.8,0,3.949
2047-05-25,20.17,10.36,333.71,282.94,59.3,101.2,0,4.635
2047-05-26,19.75,7.29,334.06,274.21,61,100.8,0,4.159
2047-05-27,19.55,9.63,336.72,280.12,57.2,99.8,0,4.938
2047-05-28,19.07,9.91,266.58,307.97,62.8,99.2,0,4.147
2047-05-29,16.81,9.89,229.21,310.31,80.3,99,9.8,2.424
2047-05-30,17.51,8.75,217.14,312.22,85.8,99.8,2.8,0.355
2047-05-31,18.44,8.66,264.9,305.91,84.5,99.9,2.11,0.311
2047-06-01,19.37,8.58,313.25,299.59,83.3,99.9,1.41,0.457
2047-06-02,22.19,9.9,275.99,320.65,74,99.8,0.75,0.421
2047-06-03,21.02,11.25,248.75,314.66,73.6,99.8,0.83,1.961
2047-06-04,16.93,8.55,287.34,292.15,77.8,99.9,0.3,1.192
2047-06-05,15.2,10.12,144.38,334.58,88.6,99.5,8.47,1.383
2047-06-06,16.01,9.15,189.36,316.26,86.4,99.5,2.78,0.084
2047-06-07,20.69,10.11,287.66,306.35,69.9,99.8,0,0.433
2047-06-08,19.29,10.85,267.14,309.02,78.2,100,0,0.878
2047-06-09,17.25,12.29,218.75,344.79,88.6,99.9,4.67,1.639
2047-06-10,16.19,11.73,140.31,345.91,84.9,98.9,20.7,2.609
2047-06-11,15.23,10.69,164.28,336.69,85.1,99,5.77,3.804
2047-06-12,17.34,11.83,232.66,336.79,84.7,99,6.3,1.295
2047-06-13,17.2,11.31,163.91,337.59,89.3,99.9,4.04,1.078
2047-06-14,16.07,10.92,245.09,320.86,79.1,99.5,0.26,2.197
2047-06-15,16.13,9.57,208.79,319.42,80,99.3,1.09,2.316
2047-06-16,16.5,11.48,185.18,330.07,78.6,99.5,0.79,1.21
2047-06-17,16.95,11.7,174.24,342.92,77.8,100.2,0.71,1.056
2047-06-18,18.78,10.29,280.23,309.7,71.7,100.7,0,0.788
2047-06-19,19.74,8.95,269.6,303.87,69.9,100.8,0,2.017
2047-06-20,20.64,9.76,326.12,296.14,69.9,100.8,0,4.044
2047-06-21,20.67,10.96,242.52,332.19,77.3,100.6,2,3.152
2047-06-22,21.87,11.23,336.19,303.62,72.8,100.8,0,0.619
2047-06-23,22.35,10.78,338.35,300.68,68.4,100.9,0,1.508
2047-06-24,24.69,14.68,342.88,319.7,67.6,100.3,0,2.593
2047-06-25,18.77,12.79,290.66,319.81,67.8,100.5,0,2.518
2047-06-26,16.9,11.88,197.98,336.16,73.4,100.4,0,2.008
2047-06-27,17.08,11.71,226.8,320.1,70.4,99.8,0.77,2.823
2047-06-28,18.06,10.51,258.89,304.25,65.5,100.4,0,2.14
2047-06-29,19.43,10.62,185.2,349.91,89.9,100.5,1.24,1.794
2047-06-30,21.17,13.52,279,339.9,82.7,100.6,0.01,1.764
2047-07-01,20.94,13,303.1,320.71,70.4,100.7,0,1.519
2047-07-02,22.3,12.16,290.36,310.11,68,100.7,0,0.346
2047-07-03,22.11,11.45,283.56,311.51,72.3,100.7,0,0.264
2047-07-04,23.88,12.53,278.58,324.4,67.6,100.6,0,0.237
2047-07-05,24.34,14.82,283.75,336.04,72,100.8,0.73,0.419
2047-07-06,24.78,15.42,292.67,336.59,70.7,101.1,0,0.157
2047-07-07,26.65,14.22,309.93,337.98,67.6,101.1,0,0.329
2047-07-08,29.02,16.38,299.02,352.75,66.6,101.1,0,0.386
2047-07-09,29.6,16.16,337.35,335.99,61,101,0,2.02
2047-07-10,30.09,16.73,332.58,333.93,59.7,100.8,0,3.979
2047-07-11,29.96,16.18,290.81,340.42,54,100.2,0.59,3.475
2047-07-12,30.69,17.89,303.65,358.12,61.8,99.6,1.63,0.515
2047-07-13,26.92,16.77,316.83,344.93,68.9,99.7,0.97,0.87
2047-07-14,22.73,14.86,295.34,332.91,72.8,99.7,1.28,2.044
2047-07-15,20.09,13.77,230.02,324.02,68.7,100.2,0,1.745
2047-07-16,20.33,12.32,220.14,321.56,68.8,100.4,0,1.239
2047-07-17,22.61,11.65,261.15,312.93,68.5,100.1,0,1.575
2047-07-18,22.96,12.73,179.15,352.74,79.7,99.9,0,2.626
2047-07-19,22.65,15.84,173.21,370.52,81.1,99.8,1.53,3.192
2047-07-20,21.15,16.78,144.2,376.72,84.7,99.8,6.4,2.42
2047-07-21,23.77,16.06,233.82,355,77.9,100.3,0,1.846
2047-07-22,26.91,15.92,287.75,343.1,77.2,100.7,0,0.704
2047-07-23,26.45,15.32,306.27,335.69,77.9,100.4,0,1.251
2047-07-24,23.5,15.59,224.2,351.24,85.7,100.4,0.5,0.599
2047-07-25,25.25,15.36,291.51,326.98,65.4,100.3,0,0.652
2047-07-26,27.09,15.35,311.04,320.23,58,100.6,0,0.62
2047-07-27,28.01,15.95,304.93,335.09,61.7,100.8,0,0.594
2047-07-28,27.91,17.44,285.28,351.2,69.7,101.1,0,0.621
2047-07-29,28.82,17.37,301.87,339.27,66.5,101,0,0.468
2047-07-30,28.81,15.05,305.44,328.55,67.9,100.8,0,0.583
2047-07-31,28.48,15.79,294.32,336.52,71.3,100.7,0,0.566
2047-08-01,28.15,16.52,283.22,344.59,74.7,100.7,0,0.533
2047-08-02,28.89,16.53,283.5,350.72,75,100.5,0.55,0.209
2047-08-03,31.61,16.83,300.9,343.33,65,100.4,0,0.682
2047-08-04,31.35,17.35,269.27,348.64,59.1,100.1,0,0.426
2047-08-05,31.56,16.31,247.65,352.02,57.7,99.7,0.09,0.477
2047-08-06,31.22,18.52,259.9,358.79,66.5,99.7,0.45,0.835
2047-08-07,20.33,17.72,71.03,375.8,88.7,100.1,8.42,0.944
2047-08-08,25.13,16.58,227.32,355.85,66.6,100.3,0.52,1.664
2047-08-09,28.8,17.87,229.76,371.43,68.6,100.6,1.99,2.44
2047-08-10,29.75,17.22,289.63,334.15,50.7,100.7,0,4.255
2047-08-11,31.8,17.57,283.79,353.89,56.9,100.7,0,3.738
2047-08-12,31.79,19.33,271.25,361.71,55.7,100.5,0.63,4.651
2047-08-13,29.54,17.94,251.44,348.85,72.7,100.2,0,0.293
2047-08-14,25.5,17.28,201.77,349.33,73.8,100,0,1.14
2047-08-15,27.33,16.01,211.72,351.77,76.6,99.9,0,1.056
2047-08-16,28.58,15.69,219.2,355.31,73.9,99.8,15.02,1.716
2047-08-17,28.68,18.32,156.27,385.32,86.6,99.7,54.45,2.084
2047-08-18,27.33,19.39,227.91,369.71,85.2,99.7,0,0.503
2047-08-19,23.69,17.53,198.16,357.69,85.1,99.8,8.18,1.38
2047-08-20,24.65,15.57,188.22,349.77,74.7,100,0,1.781
2047-08-21,20.14,14.19,108,350.64,84.5,99.9,8.79,1.42
2047-08-22,24.53,14.94,199.95,349.42,77,99.9,0.21,1.53
2047-08-23,23.49,13.86,203.85,328.41,75.5,100.3,0,1.614
2047-08-24,23.83,12.97,213.03,327.56,77.7,100.7,0,0.621
2047-08-25,24.99,15.64,212.06,340.94,79.2,100.9,0,0.138
2047-08-26,26.04,15.42,222.55,342.04,72.5,100.8,0,0.489
2047-08-27,26.72,16.21,238.5,340.1,80.3,100.9,0,0.153
2047-08-28,26.07,15.47,233.97,336.33,82.7,100.7,0,0.481
2047-08-29,23.3,15.36,230.14,325.09,66.8,100.5,0,1.644
2047-08-30,21.55,15.63,136.77,351.48,77.4,99.8,0.48,2.922
2047-08-31,20.3,14.46,150.86,336.04,69.4,99.7,0.11,2.448
2047-09-01,19.04,13.29,164.91,320.19,61.4,99.7,0,2.027
2047-09-02,20.39,11.57,151.27,339.02,74.4,100.2,0.01,1.48
2047-09-03,23.02,15.07,196.62,344.11,80.5,100.5,0.88,0.196
2047-09-04,24.77,13.45,226.97,326.34,82.8,100.6,0,1.095
2047-09-05,24.49,15.48,164.56,354.91,81.7,100.4,0,1.935
2047-09-06,24.41,17.75,154.14,367.48,82.4,100.3,0,1.939
2047-09-07,24.62,17.07,162.7,357.67,79.5,100.3,0,2.003
2047-09-08,22.63,14.18,147.84,349.65,85.8,100.6,0,0.851
2047-09-09,25.24,13.4,218.23,327.48,80.5,100.6,0,1.863
2047-09-10,24.43,17.05,168.01,342.04,71.4,100.5,0,1.226
2047-09-11,24.4,17.69,203.88,337.56,82.9,100.5,0,0.577
2047-09-12,24.61,14.38,207.08,323.28,62,100.9,0,0.435
2047-09-13,22.83,14.71,116.02,361.11,75,100.9,0,1.92
2047-09-14,25.1,19.26,139.33,383.28,83.3,100.6,0,2.208
2047-09-15,24.99,18.24,153.62,362.66,83.2,100.7,0,2.006
2047-09-16,23.83,16.13,168.83,359.97,90.9,100.6,0,0.814
2047-09-17,26.54,18.1,181.97,366.55,79.1,100,0.16,1.746
2047-09-18,22.79,16.91,163.41,347.48,79.9,99.7,0,1.367
2047-09-19,20.69,13.51,146.82,320.26,57.6,100.6,0,0.974
2047-09-20,20.81,9.11,171.5,303.04,70.2,100.7,0,0.174
2047-09-21,23.03,13.51,141.53,360.57,80.6,100.1,0.94,1.893
2047-09-22,21.26,12.75,156.96,320.98,79.7,100.6,0,0.685
2047-09-23,21.41,12.34,143.48,333.67,78.4,100.6,0,2.142
2047-09-24,22.45,13.36,178.37,324.42,76.1,100,1.6,0.737
2047-09-25,21.49,13.15,118.63,349.26,85.4,100.1,5.82,2.598
2047-09-26,18.5,11.02,104.9,316.73,75.4,100.6,0,1.066
2047-09-27,19.27,11.3,85.44,349.88,88.9,100.3,7,2.817
2047-09-28,20.83,14.15,128.1,325.63,78.8,100.2,0,2.602
2047-09-29,20.78,12.37,138.33,320.89,77.9,100.3,0,2.731
2047-09-30,20.95,15.08,95.18,367.8,92.1,99.8,13.94,2.987
2047-10-01,16.42,11.02,82.16,318.96,77.6,100,3.71,1.656
2047-10-02,17.37,9.24,129.26,303.54,66.8,100.3,0,1.918
2047-10-03,17.75,12.65,109.47,335.36,74.4,98.5,21.5,1.791
2047-10-04,17.72,13.01,124.91,313.13,68.1,97.9,0,3.091
2047-10-05,14.93,11.42,24.8,334.2,87.3,98,13.36,1.442
2047-10-06,16.58,10.98,90.84,324.37,74.6,98.7,0.18,2.266
2047-10-07,16.87,12.44,110.89,327.68,77.1,97.9,13.01,3.292
2047-10-08,15.68,11.89,90,328.9,79.4,98.4,5.93,0.549
2047-10-09,13.11,9.88,57.74,329.85,93.8,98.6,3.15,1.322
2047-10-10,15.99,7.74,140.2,298.52,83.5,98.8,4.97,0.88
2047-10-11,15.24,11.53,110.4,308.4,77.8,98.4,0.18,2.788
2047-10-12,15.26,11.73,96.54,310.74,78.2,98.4,2.41,3.121
2047-10-13,16.27,9.87,121.54,300.83,79.5,98.9,0,1.598
2047-10-14,16.17,8.9,126.34,301.58,80.9,99.6,0,1.34
2047-10-15,16.27,7.76,89.77,320.98,82.4,100.2,19.25,1.439
2047-10-16,17.67,11.68,51.01,356.32,94.3,99.9,2.2,0.91
2047-10-17,16.35,9.27,86.69,321.02,92,101.3,0,1.608
2047-10-18,16.79,13.54,74.62,347.53,96.5,101.3,0.9,1.12
2047-10-19,19.45,14.55,73.52,373.38,96.5,101.4,0.57,1.328
2047-10-20,16.92,14.13,25.76,372.7,99.1,101.7,2.07,0.922
2047-10-21,16.77,12.36,74.57,353.3,95.6,101.1,0,0.644
2047-10-22,14.7,8.84,84.73,318.89,81.8,100.6,0,0.472
2047-10-23,11.79,7.84,81.77,313.08,75.8,100.7,0,1.106
2047-10-24,13,7.48,76.79,313.59,80.9,101,0,1.991
2047-10-25,13.48,6.63,105,283.48,84,101.4,0,3.154
2047-10-26,11.95,7.39,81.76,298.61,80.3,101.4,0,3.969
2047-10-27,12.69,7.43,68.72,309.9,81.4,100.8,0,3.393
2047-10-28,13.2,7.48,58.51,325.94,86.9,99.8,0.97,2.232
2047-10-29,14.44,9.97,19.68,361.78,98.6,98.7,10.99,2.844
2047-10-30,15.88,13.92,28.09,370.31,97.9,97.8,15.18,1.781
2047-10-31,16.04,12.02,53.77,343.33,95.8,97.8,7.96,0.723
2047-11-01,16.2,10.12,79.98,317.87,93.7,97.7,0.74,0.607
2047-11-02,15.56,11.15,69.63,321.89,86.3,98.2,2.45,1.489
2047-11-03,16.29,13.4,52.13,355.34,90.1,97.6,42.38,2.341
2047-11-04,14.8,13.26,55.02,331.04,92.8,98.5,5.31,2.241
2047-11-05,15.02,10.39,32.98,334,96.9,99.5,15.92,0.937
2047-11-06,13.27,10.99,23.78,360.08,93.5,99.9,15.82,7.505
2047-11-07,16.39,9.19,30.62,353.19,89.4,100,5.25,6.393
2047-11-08,17.08,14.45,53.6,355.65,94.5,99.5,2.34,1.28
2047-11-09,15.15,13.26,16.56,351.15,92.4,99,38.38,1.467
2047-11-10,14.49,10.43,63.6,320.98,93.5,98.6,2.82,1.29
2047-11-11,14.17,9.64,55.21,311.25,93.8,99.6,0,0.15
2047-11-12,12.89,9.28,52.77,323.06,94.5,100.5,0,1.811
2047-11-13,10.38,7.89,50.23,326.66,96.5,100.6,0.52,0.446
2047-11-14,14.22,8.06,21.23,352.09,99.3,100.4,4.02,1.17
2047-11-15,14.94,9.89,16.87,359.35,98,100.3,6.66,0.843
2047-11-16,10,3.96,66.23,270.64,79.6,100.6,0.41,0.597
2047-11-17,8.54,1.65,42.24,271.91,86.9,100.2,0,0.698
2047-11-18,6.63,-0.19,68.11,251.69,89.4,99.2,0,0.532
2047-11-19,8.04,3.83,43.07,283.85,83.2,98.3,1.95,2.605
2047-11-20,8.58,3.54,53.47,275.61,63.6,99.3,0,1.557
2047-11-21,9.47,5.13,40.06,291.77,80.1,100.7,0.73,1.704
2047-11-22,10.17,2.42,62.95,260.05,92.9,101.3,0,0.488
2047-11-23,11.33,2.4,47.11,297.93,94.7,101.6,0,1.079
2047-11-24,12.5,7.49,25.86,330.93,95.6,101.3,0,2.406
2047-11-25,13.65,10.73,40.47,343.5,94.5,101.2,0,1.468
2047-11-26,10.66,8.19,30.72,327.03,92.7,101.2,0.38,0.429
2047-11-27,10.45,6.96,39.59,316.21,84.9,101.4,0.46,0.607
2047-11-28,7.19,4.58,56.95,272.12,74.7,101.5,0,0.692
2047-11-29,7.51,4.12,45.05,281.14,85.4,101.3,0,0.741
2047-11-30,7.52,3.22,42.22,280.2,85,101.4,0,1.723
2047-12-01,7.63,3.79,35.93,290.08,89.6,101.7,0,1.685
2047-12-02,7.54,0.23,48.79,259.97,89.3,101.6,0,0.466
2047-12-03,4.95,-0.79,46.63,246.97,77.2,101.7,0,0.862
2047-12-04,7.79,1.65,32.02,288.26,88.9,101,2.01,1.444
2047-12-05,4.56,-2.35,41.82,249.37,92.6,100.4,0,0.75
2047-12-06,5.57,-1.55,4.39,300.58,95.2,99,36.47,4.042
2047-12-07,3.12,-0.46,6.02,306.04,95.1,98.4,13.26,5.353
2047-12-08,4.53,1.84,25.28,287.69,78.3,98.2,0,2.412
2047-12-09,4.57,0.83,39.47,266.22,89.2,99.1,1.61,0.787
2047-12-10,5.56,2.02,26.94,286.97,96,99,2.63,1.44
2047-12-11,7.24,0.3,31.96,284.83,95.6,99.1,1.22,0.963
2047-12-12,4.79,0.75,27.87,284.55,97.5,99.8,0,0.879
2047-12-13,6.22,2.45,32.24,291.13,86.8,101.5,0,1.258
2047-12-14,6.38,-0.74,37.3,273.78,85.2,102.6,0,0.476
2047-12-15,10.49,3.27,34.48,309.29,95.3,102.4,0.57,1.346
2047-12-16,9.66,6.61,31.99,317.14,96.4,102.5,0,0.877
2047-12-17,9.77,5.6,29.03,317.56,96.8,102.3,0.43,0.681
2047-12-18,8.61,4.51,29.77,313.17,97.9,101.5,0.57,0.698
2047-12-19,6.48,2.91,28.83,303.67,95.9,100.3,0.64,0.297
2047-12-20,6.6,0.49,33.3,290.37,96.9,99.4,2.28,0.644
2047-12-21,4.73,2.29,19.15,299.43,84.3,99.7,8.87,2.452
2047-12-22,4.61,-1.65,31.83,264.67,81.7,100.8,0,0.529
2047-12-23,9.26,-0.06,8.19,311.14,93.2,100.1,5,2.439
2047-12-24,11.34,8.25,15.12,335.23,95,99.4,5.64,3.072
2047-12-25,11.02,1.23,45.84,266.13,89.3,99.6,0.01,1.729
2047-12-26,7.18,0.07,33.65,285.92,86.3,100.1,0,1.686
2047-12-27,6.7,5.21,21.94,319.16,81.1,100.5,6.45,5.169
2047-12-28,10.73,5.65,19.12,341.61,100,100.8,1.67,1.248
2047-12-29,10.78,7.65,19.36,344.42,100,101.4,1.2,1.532
2047-12-30,9.67,5.02,41.84,292.7,96.5,101.5,0.37,3.123
2047-12-31,9.22,4.54,45.73,275.85,90.6,101.3,0,3.132
2048-01-01,8.76,4.06,49.68,258.81,84.7,101.2,0,3.159
2048-01-02,6.19,2.92,41.14,286.4,76.8,101.1,0,3.794
2048-01-03,4.84,2.78,26.54,308.83,97,100.8,0.69,3.922
2048-01-04,6.01,2.84,22.83,312.31,99.6,100.7,0.87,1.798
2048-01-05,9.62,2.9,30.17,326.91,99.8,101,1.07,1.834
2048-01-06,11.98,9.64,6.15,358.21,98.9,100,30.35,1.973
2048-01-07,12.14,6.5,41.3,312.33,89.4,99.8,3.47,1.658
2048-01-08,9.48,6.96,9.35,320,94.9,99.1,12.36,0.737
2048-01-09,11.61,7.39,26.25,334.99,94,99.9,0.29,2.105
2048-01-10,13.34,11.36,26.02,354.24,95,100.5,0.41,2.647
2048-01-11,12.41,10.32,29.95,337.04,93.5,100.8,0.01,2.27
2048-01-12,11.58,10.11,20.1,343.71,96.1,101,0.48,1.943
2048-01-13,13.16,9.91,19.95,350.45,98.2,101.4,0.36,2.023
2048-01-14,13.11,10.75,24.7,356.47,96.1,101.4,0.41,2.185
2048-01-15,11.25,4.2,21.66,333.09,91.2,102,1.54,2.808
2048-01-16,11.69,5.87,21,331.92,99.3,101.3,4.65,0.399
2048-01-17,8.26,5.2,17.59,327.5,96.8,102,1.17,2.133
2048-01-18,7.8,3.7,56.73,270.98,78.5,102.5,0,1.325
2048-01-19,10.07,3.36,52.13,290.11,87.9,101.9,1.82,1.181
2048-01-20,10.95,9.19,24.52,340.71,97.7,101.4,0.01,2.052
2048-01-21,11.28,9.01,26.78,340.22,96.8,100.7,2.1,2.391
2048-01-22,11.47,10.76,24.05,353.19,95.5,99.5,7.2,2.024
2048-01-23,10.97,8.86,23.85,331.77,90.7,98.3,5.1,1.498
2048-01-24,9.96,6.68,42.47,307.13,90.6,98.2,7.38,1.362
2048-01-25,10.22,5.37,24.95,305.22,91.6,97.4,13.15,2.101
2048-01-26,7.87,4.51,49.43,286.25,81.1,97.8,0,2.503
2048-01-27,8.34,4.69,55.72,289.39,85.6,98.6,2.74,3.093
2048-01-28,8.94,1.47,22.06,294.15,96.5,98.9,4.91,0.281
2048-01-29,10.66,2.84,34.19,300.39,95.4,98.7,21.62,1.044
2048-01-30,9.69,4.56,71.76,271.38,85.3,98.6,0,1.312
2048-01-31,9.89,4.86,69.46,291.83,84.9,98.3,30.46,1.407
2048-02-01,9.11,4.54,72.32,297.86,85.3,97.7,6.95,1.696
2048-02-02,11.53,6.29,46.95,315.05,90,97.6,2.48,2.979
2048-02-03,14.07,7.63,34.02,332.05,87.5,98.3,4.66,3.114
2048-02-04,11.79,6.28,45.83,300.98,81.2,98.9,2.77,2.118
2048-02-05,10.37,6.7,63.9,288.41,79.4,99,1.38,2.559
2048-02-06,8.01,3.36,57.09,283.52,90.4,99.7,2.65,0.599
2048-02-07,5.96,1,81.07,257.72,75,101.7,0,0.557
2048-02-08,6.66,0.99,68.38,281.05,78.5,102.3,0,2.057
2048-02-09,6.24,2.62,90.63,253.84,68.2,102.5,0,2.16
2048-02-10,6.84,2.26,101.79,236.65,76.3,102,0,3.564
2048-02-11,8.7,2.42,106.05,238.58,76.7,101.9,0,3.248
2048-02-12,7.12,-0.64,107.12,234.16,84.6,101.5,0,1.939
2048-02-13,7.91,-1.83,105.45,247.53,89.3,100.7,0,0.554
2048-02-14,10.36,5.89,79.8,310.33,89.7,100.3,3.22,2.245
2048-02-15,11.53,7.8,27.05,339.44,96.8,100.4,5.62,2.153
2048-02-16,11.47,7.33,37.22,337.29,98.6,100.7,8.86,1.767
2048-02-17,10.83,4.7,54.45,315.22,96.4,100.6,8.89,0.998
2048-02-18,9.67,5.63,88.47,288.62,79.7,100.9,0,2.037
2048-02-19,9.89,5.74,58.08,299.85,88.6,101.4,1.22,2.833
2048-02-20,11.06,7.83,42.8,333.26,89.2,100.9,0.1,2.969
2048-02-21,10.38,6.63,60.49,320.88,82.3,99.1,5.11,2.849
2048-02-22,8.78,4.64,49.11,303.86,88.1,96.9,32.12,1.508
2048-02-23,8.81,3.43,72.23,282.61,81.5,97.4,0.98,1.973
2048-02-24,9.09,2.78,92.08,290.27,86.1,97.9,0,1.101
2048-02-25,7.79,3.7,57.41,303.23,95.1,98.7,8.36,1.217
2048-02-26,10.68,2.95,66.39,325.16,95.1,100.1,1.93,0.796
2048-02-27,11.27,10.02,39.25,352.56,99.4,100.6,4.41,1.785
2048-02-28,10.71,6.68,34.22,323.92,97.7,100.7,4.91,0.286
2048-02-29,10.2,5.27,81.08,299.88,93.1,101,2.47,0.416
2048-03-01,9.68,3.86,128.97,275.74,88.6,101.3,0,1.314
2048-03-02,10.35,2.56,120.12,271.93,84.5,100.8,0,0.266
2048-03-03,8.96,4.34,106.74,282.69,74.8,99.7,0.47,3.404
2048-03-04,8.34,5.08,91.44,296.35,67.6,99.3,0.54,2.915
2048-03-05,9.23,4.78,122.76,283.59,72,99.5,0,2.388
2048-03-06,10.98,5,63.9,329.57,96,99.3,10.57,1.837
2048-03-07,12.89,8.95,89.37,328.63,92.3,99.3,0.72,1.77
2048-03-08,12.71,7.7,90.82,321.37,92.7,100.9,0,0.563
2048-03-09,11.65,7.92,88.8,329.73,93.8,101.2,0.47,1.804
2048-03-10,10.95,8.73,82.15,332.12,94.1,100.9,1.93,2.242
2048-03-11,13.42,9.5,139.08,316.9,94.5,101.3,0.21,1.356
2048-03-12,13.95,9,129.86,298.49,89.1,100.8,0,1.06
2048-03-13,14.21,8.71,158.14,289.97,90.6,101.4,0,1.567
2048-03-14,15.43,7.88,171.31,290.15,86.6,101.5,0,0.764
2048-03-15,11.38,7.19,66.46,321.2,91.3,101,0.68,0.603
2048-03-16,10.85,4.71,136.6,285.71,73.8,101.9,0,0.563
2048-03-17,10.06,5.08,116.67,294.5,81.1,101.8,0,0.485
2048-03-18,12.31,4.11,116.56,304,84.9,101.4,0,1.376
2048-03-19,12.68,4.78,181.23,270.38,83,101.7,0,0.177
2048-03-20,12.11,3.79,92.43,295.34,91.4,101.1,0,1.282
2048-03-21,11.97,9.02,72.58,327.9,95.5,100.4,0.59,1.378
2048-03-22,12.73,5.05,140.99,296.43,77.7,100.8,1.86,0.553
2048-03-23,12.46,2.89,192.28,253.13,76.4,102,0,1.227
2048-03-24,13.06,3.71,190.6,262.25,70.5,101.6,0,3.233
2048-03-25,15.35,4.61,203.93,272,67.4,101,0,3.645
2048-03-26,17.03,7,175.71,305.45,74.4,101.1,0,2.974
2048-03-27,17.4,6.91,199,296.13,79.1,100.5,0,2.884
2048-03-28,12.92,9.62,106.45,325.46,93.8,99.7,0.14,1.802
2048-03-29,17.92,10.41,162.4,317.26,87.7,99,0,2.721
2048-03-30,15.04,9.22,104.22,337.16,94.5,99.3,6.27,0.403
2048-03-31,14.51,7.97,111.7,332.19,93.3,99.7,3,0.417
2048-04-01,14.94,5.59,209.95,272.36,71.8,100.3,0,1.35
2048-04-02,14.33,3,230.28,258.73,75.9,101,0,0.917
2048-04-03,13.71,3.17,227.76,258.98,82.5,101.6,0,0.414
2048-04-04,12.47,4.4,117.13,295,89.3,101.3,0.91,1.599
2048-04-05,11.2,6.1,129.75,301.96,74.2,100.9,0,2.623
2048-04-06,11.14,7.36,159.82,299.97,70.9,100.2,1.02,3.254
2048-04-07,10.75,6.58,117.45,305.17,65.5,100.8,0,2.122
2048-04-08,10.96,5.04,119.61,299.46,75.5,101.6,0,1.109
2048-04-09,13.86,4.34,127.51,300.83,87.1,101.9,3.22,1.171
2048-04-10,15.26,6.1,153.29,312.05,89.3,102,1.08,0.778
2048-04-11,17.13,7.76,193.58,297.78,83.9,102,0,0.407
2048-04-12,15.49,7.18,224.81,283.5,80.3,102,0,0.309
2048-04-13,18.91,6.9,255.64,279.57,80,101.8,0,0.264
2048-04-14,19.23,7.16,260.25,280.21,78.5,101.8,0,1.417
2048-04-15,16.33,7.63,242.45,279.56,78.2,102.1,0,3.109
2048-04-16,17.36,5.5,261.65,271.19,77.5,101.8,0,2.862
2048-04-17,20.61,6.9,263.02,287.61,75.5,101.7,0,1.554
2048-04-18,20.11,7.3,251.45,298.82,85.8,101.4,0,0.057
2048-04-19,19.04,7.95,255.23,287.45,80.8,101.3,0,0.847
2048-04-20,18.78,5.9,267.09,280.47,83.9,101.4,0,0.379
2048-04-21,19.06,5.6,277.76,275.25,75.7,101,0,0.298
2048-04-22,17.54,8.34,225.07,291.26,71.8,100,0,2.382
2048-04-23,11.15,5.65,156.44,289.53,64.7,99.6,0.84,2.044
2048-04-24,9.75,4.54,173.81,277.39,52.4,100.1,0,0.842
2048-04-25,9.7,2.32,183.26,265.37,52.7,100.4,0,0.559
2048-04-26,11,3.41,185.15,277.81,52.1,100.4,0,1.215
2048-04-27,12.32,1.71,249.21,257.52,53.2,100.9,0,1.371
2048-04-28,13.16,3.39,155.51,310.18,65,100.9,0,0.557
2048-04-29,15.33,8.22,216.91,308.5,66,101.1,0,0.632
2048-04-30,18.47,6.18,272.69,281.48,70.5,101.6,0,0.268
2048-05-01,17.37,5.36,284.91,277.33,83.5,101.5,0,0.42
2048-05-02,18.6,6.13,294.26,279.8,77.8,100.9,0,0.269
2048-05-03,18.71,5.57,270.42,287.6,74.9,100.4,0,1.856
2048-05-04,15.49,8.02,176.76,315.37,73.3,101.1,0,0.857
2048-05-05,19.34,7.92,256.92,303.6,80,101.1,0,2.063
2048-05-06,17.42,9.02,275.66,294.94,75,101.2,0,0.793
2048-05-07,20.35,11,193.48,334.73,79.2,100.8,0,1.086
2048-05-08,15.97,5.77,266.98,285.15,64.9,101.2,0,2.24
2048-05-09,13.43,5.2,234.56,285.35,60,101.4,0,3.496
2048-05-10,15.24,5.45,275.52,272.52,58.3,101.7,0,2.906
2048-05-11,17.74,4.15,303,271.96,60.2,101.8,0,0.998
2048-05-12,18.41,6.28,264.71,298.06,70.6,101.6,0.23,2.252
2048-05-13,18.81,10.34,237.16,318.27,71.4,101.4,0.12,2.469
2048-05-14,18.76,8.39,281.73,293.42,64,101.3,0,2.003
2048-05-15,20.31,6.69,328.83,268.77,56.1,101.4,0,1.692
2048-05-16,18.8,6.58,330.41,260.48,65.5,101.2,0,0.26
2048-05-17,20.64,5.32,290.08,290.11,69.7,100.9,0,0.963
2048-05-18,19.87,9.61,272.01,304.23,77.9,101.1,0,0.908
2048-05-19,22.6,8.54,267.11,311.37,78.1,100.9,0,1.312
2048-05-20,17.95,10.53,285.59,298.02,64.7,100.8,0,0.691
2048-05-21,17.42,6.26,296.11,272.71,71.9,101.2,0,0.666
2048-05-22,19.36,9.47,282.52,298.58,64.8,101.4,0,0.493
2048-05-23,19.84,7.95,333.71,269.93,56.8,101.8,0,2.05
2048-05-24,19.08,8.36,329.31,273.22,55.9,101.7,0,4.404
2048-05-25,19.91,8.4,333.33,271.21,49.5,101.7,0,4.788
2048-05-26,20.37,8.12,268.36,298.8,62.6,101.5,0,3.261
2048-05-27,24.48,8.99,334.39,291.51,59,101.2,0,2.325
2048-05-28,21.74,11.57,300.95,298.65,56.9,100.5,0,2.01
2048-05-29,18.94,10.11,323.49,284.49,57.2,100.3,0,2.306
2048-05-30,18.75,7.79,318.66,277.05,61.1,100.4,0,1.455
2048-05-31,20.19,7.42,334.11,273.64,57.5,100.4,0,0.553
2048-06-01,21.62,7.05,349.66,270.24,54,100.4,0,0.471
2048-06-02,23.47,9.14,348.13,283.1,50.7,100.3,0,0.563
2048-06-03,22.33,10.57,299.38,297.71,70.9,100.4,0,0.176
2048-06-04,25.1,10.55,311.69,305.91,56.2,100.4,0,0.417
2048-06-05,23.12,10.37,328.68,299.94,63.1,100.4,0,0.384
2048-06-06,23.34,9.94,276.42,309.66,61.3,100.3,0,0.677
2048-06-07,23.8,12.72,283.48,318.76,68.2,100.3,1.3,0.205
2048-06-08,26.54,12.52,336.23,311.42,56.9,100.3,0,0.461
2048-06-09,25.41,15.03,269.09,343.77,72.2,100.4,5.18,1.292
2048-06-10,27.03,15.64,279.15,351.84,73.3,100.3,1.3,1.322
2048-06-11,27.5,15.42,344.43,320.28,53.8,100.3,0,1.847
2048-06-12,27.67,13.98,290.69,330.16,54.9,100.2,0,1.819
2048-06-13,29.06,14.28,304.92,332.11,54.7,100.5,0,1.37
2048-06-14,26.9,12.82,308.96,322.8,63.5,100.7,0,0.441
2048-06-15,24.29,14.24,247.39,333.36,64.1,100.6,0.43,1.889
2048-06-16,20.77,12.4,283.14,320.94,74.5,100.2,4.79,2.035
2048-06-17,16.87,9.87,151.59,325.13,79.1,98.8,7.82,1.805
2048-06-18,17.44,9.36,173.52,324.32,64.1,99.2,0.51,1.658
2048-06-19,17.41,9.56,190.5,312.34,60.6,99.9,0.44,0.338
2048-06-20,21.57,11.02,231.23,322.3,50.4,100.6,0,0.61
2048-06-21,22.31,10.68,274.83,306.39,57.5,100.9,0,0.513
2048-06-22,23.24,13.17,289.41,322.22,64.8,100.4,1.01,0.693
2048-06-23,24.54,14.72,279.16,336.21,70.3,99.8,0.56,1.169
2048-06-24,19.43,14.46,178.22,355.89,85.6,99.4,23.6,1.157
2048-06-25,17,11.53,179.31,330.12,84.9,98.7,16.56,0.632
2048-06-26,17.54,10.8,170.84,350.55,88.5,98.5,23.29,3.214
2048-06-27,19.21,13.73,249.69,335.08,83.2,99.4,1.28,2.278
2048-06-28,19.19,14.54,244.62,347.33,90.3,99.8,2.34,1.588
2048-06-29,19.18,12.49,264.97,326.38,82.5,99.8,1.91,1.239
2048-06-30,20.35,10.83,251.04,312.15,74.5,100.1,1.26,2.021
2048-07-01,20.97,12.98,223.92,335.73,75.5,100.4,0,1.99
2048-07-02,22.68,14.97,260.8,347.98,75.5,100.6,0.07,1.726
2048-07-03,23.6,13.35,339,312.92,67.6,101.1,0,0.49
2048-07-04,26.03,14.23,337.51,327.89,67.8,101.2,0,0.209
2048-07-05,27.84,15.83,334.88,338.09,68.3,100.8,0,0.567
2048-07-06,21.77,14.61,305.49,314.68,63.8,100.4,0,1.674
2048-07-07,19.27,13.22,249.09,316.81,62.4,100.7,0,1.472
2048-07-08,23.55,12.57,219.22,341.95,76.8,100,1.86,1.211
2048-07-09,21.9,12.64,283.72,313.65,64.7,100,0,0.577
2048-07-10,22.16,13.51,248.97,327.58,67.2,100.7,0,0.355
2048-07-11,25.77,12.41,334.87,308.1,67.9,100.9,0,1.18
2048-07-12,23.34,14.04,291.88,322.13,71.8,100.8,0,0.867
2048-07-13,23.88,14.15,231.1,337.83,77.3,100.5,0,0.87
2048-07-14,23.72,14.72,228.5,336.5,71.3,100,1.63,0.52
2048-07-15,22.69,14.04,263.68,320.37,60.4,100.1,1.07,0.595
2048-07-16,20.23,11.33,177.81,328.37,77,99.9,12.21,0.698
2048-07-17,21.48,15.22,257.56,350.4,80.6,99.2,7.46,2.975
2048-07-18,21.6,13.92,219.76,336.68,81.4,99.7,3.7,0.384
2048-07-19,20.84,16.03,217.49,369.66,93.6,98.7,26.19,1.109
2048-07-20,23.03,15.94,251.41,357.54,83.7,99.1,11.71,0.376
2048-07-21,20.9,13.55,207.03,334.02,74.9,99.5,0,0.252
2048-07-22,15.32,13.7,43.95,353.29,95.9,99.2,30.28,0.368
2048-07-23,19.86,12.6,247.34,327.3,81.4,99.9,0.97,0.961
2048-07-24,21.43,11.91,172.7,347.75,86.2,99.3,4.91,1.251
2048-07-25,20.01,14.93,208.91,339.58,83.8,99.2,3.78,2.589
2048-07-26,21.11,14.19,292.66,315.96,74.3,100,0,1.528
2048-07-27,19.03,11.4,206.06,338.86,88.1,100.2,0.7,1.572
2048-07-28,23.12,15.72,252.02,350.53,78.9,100.1,7.06,1.713
2048-07-29,23.56,14.07,296.62,316.49,71.2,100.7,0,0.675
2048-07-30,22.76,15.27,292.07,320.69,67.6,100.9,0,4.354
2048-07-31,22.45,15.3,248.56,331.15,69,100.7,0,4.565
2048-08-01,22.15,15.32,205.63,341.57,70.3,100.5,0,4.779
2048-08-02,26.66,15.7,290.31,349.36,71.4,99.7,1.11,4.083
2048-08-03,24.32,15.54,225.17,351.55,81.1,99.6,0.95,1.728
2048-08-04,22.34,15.15,255.01,337.21,84.9,100.1,2.79,1.342
2048-08-05,20.46,13.55,181.3,350.05,90,99.8,4.82,1.077
2048-08-06,21.02,15.73,264.68,326.94,78.2,99.5,2.05,2.825
2048-08-07,20.71,14.53,154.58,351.54,89.8,99.9,6.14,1.656
2048-08-08,21.39,16.09,189.55,365.41,91.3,99.4,11.62,1.781
2048-08-09,21.75,15.11,247.42,332.05,78.7,99.8,1.74,1.919
2048-08-10,20.86,15.16,227.08,340.33,83.1,99.9,3.85,2.217
2048-08-11,21.26,14.43,267.82,316.78,68.3,100.2,0.1,1.795
2048-08-12,18.42,13.36,130.87,353.96,83.4,99.8,4.63,0.757
2048-08-13,20.5,16.43,151.21,371.03,93.8,98.1,13.86,1.9
2048-08-14,20.99,15.3,251.42,326.04,71.6,98.3,0.23,4.166
2048-08-15,21.02,14.87,221.72,335.49,76.6,98.6,0.77,3.577
2048-08-16,21.34,14.32,259.34,311.44,72.3,99.9,0,2.044
2048-08-17,19.54,10.56,265.66,296.73,82.2,100,0,0.399
2048-08-18,17.54,14.33,79.43,350.89,92.1,98.9,1.72,1.105
2048-08-19,19.45,14.51,192.18,336.77,84.6,99.1,5.68,2.811
2048-08-20,18.96,14.58,116.18,363.15,90.5,99.5,3.87,1.123
2048-08-21,19.48,16.42,189.57,357.24,90.9,98.9,8.56,1.781
2048-08-22,18.79,16.24,164.74,354.82,93.5,99,17.4,2.532
2048-08-23,20.13,15.26,204.03,337.26,87.4,99.6,4.75,2.405
2048-08-24,19.82,14.79,86.5,374.37,98.1,99.4,20.47,0.609
2048-08-25,22.47,16.39,181.62,366.52,89.5,99,11.19,1.296
2048-08-26,21.11,15.43,166.46,361.71,92.6,99.5,1.43,1.725
2048-08-27,20.06,16.15,80.51,380.84,98.7,99.2,8.86,2.39
2048-08-28,20.22,17.22,69.84,388.88,98.9,99.1,7.65,0.744
2048-08-29,21.28,14.13,210.17,335.79,83.7,99,2.16,1.212
2048-08-30,20.35,11.61,198.63,320.5,86.9,99.5,2.39,0.167
2048-08-31,21.53,12.89,209.21,321.75,84.7,100.1,1.3,0.21
2048-09-01,22.71,14.17,219.95,322.36,82.5,100.7,0,0.373
2048-09-02,22.42,13.73,235.01,321.3,81.5,101.3,0,0.724
2048-09-03,23.14,12.76,235.74,322.91,83.3,101,0,0.607
2048-09-04,21.64,13.95,189.05,323.5,81.7,101,0,0.462
2048-09-05,21.03,11.79,196.13,318.45,82.7,101.5,0,0.772
2048-09-06,20.85,12.16,185.93,333.32,82,101.6,0,2.223
2048-09-07,21.91,12.41,204.62,318.03,85.5,100.8,0,1.226
2048-09-08,22.94,11.24,218.16,319.32,83.4,99.8,0,0.466
2048-09-09,21.12,13.14,171.17,337.75,81.4,99.8,0,0.882
2048-09-10,19.92,11.76,159.08,327.33,86.1,100.1,0,0.927
2048-09-11,19.94,12.3,183.2,333.41,85.7,100,0,1.523
2048-09-12,18.26,15.08,50.1,360.39,84.9,99.5,0,1.609
2048-09-13,20.16,13.02,179.77,317.96,73.1,99.7,0,2.06
2048-09-14,19.2,11.05,160.67,314.17,75.2,100.2,0,1.203
2048-09-15,18.93,11.12,179.69,313.69,81.3,100.2,0,0.951
2048-09-16,19.25,12.84,78.46,347.05,90.2,98.8,5.33,1.872
2048-09-17,18.48,13.33,123.64,331.16,84.2,98.5,2.68,2.973
2048-09-18,19.78,11.79,153.95,322.9,80.8,99.8,0.27,2.085
2048-09-19,18.71,10.46,184.06,301.42,82.6,100.3,0,1.192
2048-09-20,19.12,9.94,182.87,309.81,85.7,100.3,0,1.065
2048-09-21,19.01,12.38,101.54,344.06,91.1,100.3,4.03,1.441
2048-09-22,17.54,11.3,128.28,313.12,81.1,100.4,0,1.59
2048-09-23,18.53,10.19,142.29,312.68,82.5,100.4,0,1.336
2048-09-24,17.88,11.29,112.58,333.46,87.5,100.4,0,0.926
2048-09-25,17.82,9.64,81.27,334.83,88.9,100.1,3.67,1.289
2048-09-26,16.99,8.31,140.36,310.73,81.5,100.2,0,1.028
2048-09-27,19.65,13.74,123.4,351.57,84.6,100.3,2.51,1.441
2048-09-28,17.72,11.42,77.82,338.21,91.3,100.9,1.85,1.029
2048-09-29,19.38,12.76,107.52,358.24,91,100.8,0,1.464
2048-09-30,22.84,16.73,153.64,339.04,81.5,100.1,0,3.863
2048-10-01,25.05,16.95,156.75,339.17,75,100.3,0,3.077
2048-10-02,25.12,16.39,162.7,339.97,76.1,100.4,0,2.831
2048-10-03,25.51,16.77,140.43,356.98,76.5,100.1,0,3.283
2048-10-04,23.62,17.2,120.97,358.69,85.9,99.5,0,1.969
2048-10-05,20.34,15.59,110.45,360.85,92.1,99.6,0.8,0.948
2048-10-06,19.01,13.23,76.87,353.65,91.1,99.4,8.85,1.506
2048-10-07,16.92,12.63,107.05,304.85,71.2,99.8,0.41,2.205
2048-10-08,16.24,10.39,98.28,316.19,74.2,99.8,1.33,1.541
2048-10-09,15.02,7.17,106.49,289.42,81.3,99.5,0,0.239
2048-10-10,15.93,5.66,133.74,287.75,78,100.1,0,0.464
2048-10-11,17.8,12.45,28.42,371.78,93.4,100.2,4.93,2.186
2048-10-12,19.54,16.51,73.74,379.75,97.8,100.7,1.01,1.617
2048-10-13,18.74,15.79,86.61,367.86,93.7,100.9,0,1.787
2048-10-14,18.07,15.5,67.53,367.33,96.5,101,0.9,1.467
2048-10-15,18.04,15.65,62.59,377.44,99.9,100.8,0.81,1.197
2048-10-16,16.75,15,49.63,371.71,99.3,100.7,0.98,1.492
2048-10-17,18.71,15.44,61.95,372.14,95.4,100.8,1.25,0.272
2048-10-18,18.27,13.07,78.47,346.16,93.7,101.1,0.04,0.657
2048-10-19,18.79,12.89,85.9,334.58,91.5,101.1,0,2.74
2048-10-20,19.03,12.77,78.44,335.35,93.9,101.4,0,2.651
2048-10-21,18.52,11.94,81.88,328.4,91.7,101.6,0,2.41
2048-10-22,18.83,10.95,111.97,304.14,90.4,101,0,2.435
2048-10-23,16.67,10.1,51,324.22,93.1,100.2,0,0.93
2048-10-24,13.63,5.86,92.93,286.65,75.7,100.7,0,1.791
2048-10-25,11.75,3.84,111.08,257.99,75,101.6,0,1.775
2048-10-26,13.64,4.94,65.07,313.21,77.2,101.2,0,1.219
2048-10-27,15.48,6.62,94.12,302.33,79.7,100.6,0,2.239
2048-10-28,18.08,10.15,82.67,334.49,92.4,100.4,0,1.41
2048-10-29,17.59,14.11,49.74,371.27,99.5,100.2,2.15,0.646
2048-10-30,18.44,15.21,37.82,381.88,97.2,99.9,12.91,1.365
2048-10-31,17.83,14.27,38.23,370.16,96.2,100,13.01,1.427
2048-11-01,17.21,13.33,38.65,359.58,95.2,100.1,13.11,1.5
2048-11-02,17.17,14.04,72.77,340.99,84,99,18.67,3.68
2048-11-03,16.18,11.02,22.04,352.48,94.9,97.6,33.56,2.54
2048-11-04,13.62,8.09,82.39,280.27,78,97.9,0,3.439
2048-11-05,11.53,6.24,30.42,315.53,93.6,97.4,3.47,2.017
2048-11-06,10.51,5.74,47.33,293.03,91.8,98.6,0,0.619
2048-11-07,11.37,6.12,21.74,321.72,89.4,98.3,15.05,7.869
2048-11-08,15.57,11.4,27.53,363.02,96.5,96.8,16.81,0.647
2048-11-09,15.09,10.93,31.5,343.2,87.4,97.7,6.08,1.335
2048-11-10,14.36,11.8,31.42,346.11,94.3,97.9,7.13,1.534
2048-11-11,13.74,11.08,6.4,329.77,87.6,97,16.75,1.51
2048-11-12,13.41,8.36,69.47,290.01,79.2,97,0,1.769
2048-11-13,12.1,7.12,64.24,283.77,87.2,97.7,0,1.819
2048-11-14,10.78,7.33,57.65,298.1,81,98.9,0.65,1.665
2048-11-15,11.38,3.06,67.3,279.7,83.2,99.9,0,0.5
2048-11-16,14.67,8.71,30.79,333.82,92.2,98.6,16.73,1.118
2048-11-17,12.63,7,56.26,286.35,79.5,99.6,0,2.351
2048-11-18,13.43,7.42,57.09,296.06,82.8,100.2,0,1.805
2048-11-19,13.71,12.22,30.39,343.27,86.5,99.8,0.44,1.742
2048-11-20,13.58,9.26,34.78,318.25,88.2,99.1,21.92,2.092
2048-11-21,12.56,9.66,19.33,326.54,85.8,99.5,9.12,1.494
2048-11-22,14.87,11.07,29.06,353.08,92.9,97.6,48.34,2.066
2048-11-23,13.4,11.59,48.18,323.3,83.4,98.8,0.41,2.287
2048-11-24,15.29,10.48,18.71,338.46,88.8,98.4,36.43,2.513
2048-11-25,13.61,10.67,52.86,298.2,78.3,99.6,0,2.173
2048-11-26,13.41,9.35,52.15,293.22,91.2,99.7,0,0.754
2048-11-27,13.72,11.08,34.06,331.37,88.9,98.4,22.88,1.362
2048-11-28,12.35,6.53,15.89,301.12,88.7,98.5,2.11,1.244
2048-11-29,12.08,4.88,40.9,298.65,96.4,98.5,0.36,1.313
2048-11-30,9.44,4.78,35.11,300.22,96.9,100,0.32,0.326
2048-12-01,12.71,4.29,19.79,330.7,96.6,100.3,8.38,1.067
2048-12-02,14.76,12.73,12.08,370.69,98.8,99.6,12.16,2.044
2048-12-03,14.61,9.41,17.98,352.79,92.6,100.5,1.17,0.165
2048-12-04,10.12,8.72,22.23,342.86,86.6,100.8,7.71,4.951
2048-12-05,9.12,6.7,27.77,321.48,90.4,100.7,0,5.792
2048-12-06,6.91,2.21,31.75,283.03,82.7,100.9,0,5.069
2048-12-07,4.42,0.33,48.38,242.95,90,101.1,0,3.642
2048-12-08,3.96,-0.49,42.71,253.21,92.6,101.5,0,2.645
2048-12-09,5.39,-1.07,47.5,254.59,96.3,101.9,0,1.432
2048-12-10,7.11,-1.43,37.29,288.05,96.8,101.5,0,0.583
2048-12-11,6.64,1.73,28.18,302.85,99.4,100.9,0.71,0.531
2048-12-12,5.86,0.88,34.74,296.94,90.9,100.5,0.03,3.748
2048-12-13,5.22,1.07,23.29,299.69,84.4,99.6,1.13,5.228
2048-12-14,10.07,2.61,42.48,297.44,98,98.2,7.37,2.777
2048-12-15,7.92,5.37,15.76,329.84,96.5,98.1,5.28,6.308
2048-12-16,5.74,4.22,11.58,321.53,94.9,98.9,10.44,5.883
2048-12-17,7.22,2.76,29.19,299.5,91.3,100,0.47,3.119
2048-12-18,6.31,2.8,22.46,296.83,91.7,100.3,0,2.61
2048-12-19,8.15,4.28,19.91,322.91,97.9,100.4,1.88,1.459
2048-12-20,5.31,2.66,23.95,303.82,93.3,100.7,0.76,2.52
2048-12-21,3.67,-0.46,24.31,280.96,92.9,100.4,0,2.094
2048-12-22,2.72,-2.34,33.29,275.8,87.6,100.2,0,0.471
2048-12-23,7.03,1.88,44.37,282.8,89.3,101,0,0.759
2048-12-24,9.76,5.63,19.89,322.91,98.1,100.6,3.96,1.628
2048-12-25,11.51,6.31,41.07,316.57,96,100,9.48,1.048
2048-12-26,12.42,7.51,28.41,314.52,82,98.7,6.73,3.801
2048-12-27,9.43,6.88,33.75,290.13,80.8,97.4,2.5,3.222
2048-12-28,7.24,3.28,42.57,272.35,64.1,99.8,0.45,1.423
2048-12-29,6.38,-0.98,48.42,243.93,79.7,101,0,0.609
2048-12-30,7.94,0.9,22.79,310.91,86.2,101.1,2.24,0.594
2048-12-31,9.13,4.28,19.39,327.21,90.8,100.9,7.18,1.138
2049-01-01,10.32,7.66,16.01,341.57,95.5,100.8,12.08,1.594
2049-01-02,9.97,2.55,26.67,294.36,95.4,100.5,15.53,1.13
2049-01-03,7.3,2.13,28.73,289.11,88.4,101.3,0,0.808
2049-01-04,11.1,4.48,7.58,334.41,91.3,101.1,15.67,1.958
2049-01-05,12.31,7.39,6.23,344.52,97.3,100,19.37,2.239
2049-01-06,7.56,5.6,40.48,284.83,81.4,99.9,0.07,2.195
2049-01-07,10.02,4.6,49.24,276.24,88.2,100.2,0,2.282
2049-01-08,12.05,6.82,9.86,340.21,94.5,98.3,21.51,3.623
2049-01-09,6.69,2.03,27.05,264.73,81.8,97.4,0.76,2.208
2049-01-10,6.23,-1.95,45.29,249.84,91.8,97.8,1.37,0.592
2049-01-11,8.96,1.36,41.49,294.43,89.1,99,12.08,1.75
2049-01-12,10.53,8.39,26.33,317.7,93.7,97.3,14.64,2.287
2049-01-13,8.93,4.15,49.52,275.29,79.2,98.3,0,2.543
2049-01-14,10.57,4.31,28.35,313.29,92.8,99,6.08,1.244
2049-01-15,11.56,8.28,31.26,324,92.9,97.8,9.64,3.075
2049-01-16,8.34,3.03,37.81,289.08,92.1,99.9,0.54,0.684
2049-01-17,7.99,2.19,42.71,279.69,83.6,101.4,0,1.141
2049-01-18,7.29,2.9,24.56,301.48,87,100.7,2.75,1.893
2049-01-19,6.7,2.45,52.59,269.38,74.8,100.2,0,2.096
2049-01-20,5.71,1.29,46.79,276.37,86.7,99.5,1.46,1.393
2049-01-21,3.85,0.51,38.97,285.98,92.6,99.3,0.67,0.525
2049-01-22,4.12,-1.19,54.56,270.29,85.3,99.7,0,1.055
2049-01-23,4.96,-3.49,57.45,261.56,77.5,99.9,1.17,1.443
2049-01-24,4.4,-1.04,44.31,268.21,88.2,99.8,0.75,0.593
2049-01-25,6.6,-2.71,68.13,244.83,92.5,100.8,0,0.584
2049-01-26,7.78,0.7,40.82,302.99,94,101,0,0.44
2049-01-27,7.41,2.44,38.37,293.9,92.3,100.7,1.7,0.956
2049-01-28,8.22,-0.67,60.51,275.23,89.7,100.1,0.26,0.889
2049-01-29,6.43,1.36,48.72,288.02,96.6,99.8,0.31,0.434
2049-01-30,7.26,-1.2,58.93,280.39,93.9,99.3,0.23,2.793
2049-01-31,7,6.2,12.79,332.69,96.4,98.3,17.33,6.896
2049-02-01,8.91,6.68,40.89,328.49,97.1,98.7,3.49,2.863
2049-02-02,9.41,4.58,47.22,310.59,98.6,99.7,3.54,0.202
2049-02-03,10.42,5.72,21.63,336.95,97.1,99.7,13.87,2.342
2049-02-04,11.29,5.63,14.3,330.68,94.9,99,21.94,1.518
2049-02-05,10.39,2.77,75.84,274.45,87.3,100.6,0,1.325
2049-02-06,9.93,5.54,17.54,325.09,90.5,99.8,16.53,1.934
2049-02-07,8.05,3.61,82.27,282.1,74,100.4,1.72,1.275
2049-02-08,11.02,7.52,70.56,305.12,86.1,99.3,17.41,2.499
2049-02-09,11.76,5.95,24.87,314.04,90.8,97.7,27.79,2.13
2049-02-10,9.17,4.17,58.71,284.61,87.4,97.7,1.32,1.021
2049-02-11,8.23,1.91,78.91,271.27,84,98.7,0.31,1.702
2049-02-12,9.04,3.44,83.25,284.65,81.4,100,1.82,1.475
2049-02-13,11.9,7.11,44.53,344.77,99.1,99.7,6.73,2.643
2049-02-14,11.57,8.79,67.84,331.16,93.7,99.2,2.01,1.658
2049-02-15,10.23,5.1,90.42,276.19,79.5,99.2,3.74,3.222
2049-02-16,8.97,3.4,79.42,268.23,85.8,100,0.73,2.416
2049-02-17,10.79,1.33,87.22,281.55,86.2,101.4,0,0.488
2049-02-18,8.2,3.9,82.54,290.86,76.5,102.1,0,2.534
2049-02-19,4.27,-0.97,91.3,256.08,66.4,102.5,0,4.647
2049-02-20,2.95,-3.33,127.68,211.09,58.8,102.5,0,4.567
2049-02-21,5.59,-2.65,126.59,229.77,69.6,102.1,0,2.342
2049-02-22,7.18,-0.51,61,293.77,92.7,101.6,0,1.649
2049-02-23,6.96,2.19,84.63,290.62,80.8,101.6,0,2.422
2049-02-24,6.76,1.89,74.34,296.28,82.8,100.9,0.42,0.24
2049-02-25,6.11,1.88,89.55,276.07,71.2,100,0.4,0.854
2049-02-26,7.4,3.19,97.13,289.94,72.9,100.6,0.04,1.668
2049-02-27,8.95,5.52,47.68,314.37,81.1,99.6,0.66,3.823
2049-02-28,8.33,2.57,114.78,263.38,65.8,99.2,0,3.149
2049-03-01,7.18,-0.06,97.71,264.26,72.5,99.8,0.02,1.454
2049-03-02,6.33,-2.75,88.71,261.28,78.6,100.1,1.23,1.01
2049-03-03,6.38,-0.18,147.76,244.33,68.9,100.6,0,0.593
2049-03-04,7.36,-3.45,95.94,274.73,79.6,100.9,9.67,1.674
2049-03-05,9.96,5.52,27.6,333.16,98.5,99.4,18.22,0.949
2049-03-06,8.75,2.38,88.57,300.36,89.8,101.1,0.48,0.55
2049-03-07,10.24,3.74,73.81,320.16,96,101.6,0.37,0.661
2049-03-08,9.07,7.45,80.02,317.3,85.4,100.5,0.83,2.418
2049-03-09,10.1,6.72,34.99,332.49,97.9,99.3,12.56,0.581
2049-03-10,10.38,6.12,83.72,312.65,94.6,99.4,1.43,0.233
2049-03-11,8.77,1.67,167.19,252.04,69.9,100.3,0.9,4.161
2049-03-12,9.94,-0.5,179.48,228.46,65.9,101.1,0,2.541
2049-03-13,7.88,-1.23,174.72,248.13,75.9,101,0,1.762
2049-03-14,7.12,2.4,98.65,294.5,79.6,101.2,0,1.617
2049-03-15,6.33,2.3,96.83,295.23,71.1,101.7,0,1.573
2049-03-16,9.18,-0.35,109.23,282.87,82,102,0,0.682
2049-03-17,8.07,2.39,109.48,292.18,74.9,102,0,1.578
2049-03-18,8.49,2.5,105.61,301.41,77.1,102,0,0.542
2049-03-19,10.08,4.15,108.96,298.26,85.2,102.4,0,0.806
2049-03-20,11.63,5.17,111.1,306.78,88.5,102.5,0,1.488
2049-03-21,11.76,6.99,97.84,328.87,94.3,102.3,1.4,0.44
2049-03-22,11.31,6.65,94.54,323.05,92.1,101.5,1.31,0.11
2049-03-23,9.64,5.27,109.57,312.96,95.6,100.9,0.4,0.479
2049-03-24,15.04,5.13,175.28,310.1,91.8,100.1,0.12,0.45
2049-03-25,11.13,7.97,88.12,327.82,97.2,99.2,11.51,2.488
2049-03-26,10.58,4.41,113.33,305.41,77.7,98.6,5.42,2.942
2049-03-27,8.51,3.26,120.32,273.99,70.8,98.4,2.02,2.487
2049-03-28,8.34,3.98,132.57,284.61,69.6,98.7,1.37,3.688
2049-03-29,8.57,2.91,126.25,278.98,72.6,99.5,0.71,1.885
2049-03-30,9.65,-0.04,177.98,252.59,71.4,100.7,0.01,0.69
2049-03-31,10.6,2.22,104.14,306.19,84,100.5,1.42,2.292
2049-04-01,11.59,7.6,92.93,328.09,88.6,100.6,2.33,1.438
2049-04-02,13.98,7.89,107.33,339.45,92,100.2,1.39,1.416
2049-04-03,11.61,5.03,125.37,314.31,82.9,99.1,1.96,2.995
2049-04-04,10.59,3.67,166.24,282.43,63.2,100.6,0,1.664
2049-04-05,10.55,0.2,167.78,276.59,67.3,100.9,0,1.435
2049-04-06,11.21,5.53,107.55,318.24,83.4,100.1,0.77,1.401
2049-04-07,12.17,5.08,191.72,284.19,86.4,99.3,0,0.514
2049-04-08,12.95,5.95,162.59,296.44,80.2,98.9,0.41,1.235
2049-04-09,9.13,3.62,115.42,304.28,73.6,99.5,1.14,4.198
2049-04-10,10.69,0.93,203.39,266.65,65.4,100.7,0,0.477
2049-04-11,12.18,5.34,141.27,307.55,76.1,100.9,0.1,0.968
2049-04-12,12.15,6.31,115.25,310.54,80.8,100.5,4.53,2.264
2049-04-13,11.04,7.27,92.58,320.18,85.3,99.4,5.41,3.356
2049-04-14,11.98,5.06,152.46,291.92,67,100.2,0,2.584
2049-04-15,12.05,4.36,217.77,294.59,75.4,101.1,0,0.962
2049-04-16,11.69,7.02,101.46,318.03,85.2,100.6,3.82,2.391
2049-04-17,10.63,5.04,120.91,293.04,67.8,101,0,2.116
2049-04-18,13.01,3.93,186.04,285.07,78,101.2,0,1.941
2049-04-19,13.32,6.23,200.57,294.6,84.6,100.9,0,1.233
2049-04-20,15.38,3.39,269.4,258.85,80.6,100.4,0,0.876
2049-04-21,14.44,9.12,202.13,315.12,90.4,99.9,0.32,1.462
2049-04-22,12.77,9.47,98.91,344.04,97.5,99.4,3.9,2.412
2049-04-23,13.31,9.4,174.23,315.72,86.1,99.8,5.48,2.463
2049-04-24,13.24,8.09,57.09,351.78,97.5,99.3,14.42,3.13
2049-04-25,12.63,7.37,180.88,297.61,69.4,99.8,2.11,3.333
2049-04-26,12.77,5.96,199.51,284.58,69,100.5,0.44,2.824
2049-04-27,13.4,6.12,166.22,308.05,78.9,100.7,0.63,0.957
2049-04-28,12.56,6.21,226.52,285.64,78.7,100.5,2.11,0.4
2049-04-29,13.68,7.49,100.58,333.44,81.6,99.5,4.24,1.936
2049-04-30,11.87,6.69,131.9,313.09,86.9,98.4,8.01,1.872
2049-05-01,11.57,6.11,197.16,288.1,79.8,98.3,2.81,0.429
2049-05-02,16.09,3.39,221.4,299.32,75.3,99.2,0,0.611
2049-05-03,15.4,8.63,151.09,331.36,76.2,100.4,0.28,1.428
2049-05-04,15.71,9.16,182.87,324.49,82.2,101,0,0.436
2049-05-05,14.76,6.7,277.25,285.2,69.6,101.4,0,1.558
2049-05-06,20.23,6.97,287.85,296.39,73.3,101.5,0,0.794
2049-05-07,16.27,8.65,241.31,301.92,74.5,101.6,0,1.323
2049-05-08,17.05,7.19,304.79,277.55,63.5,101.6,0,4.007
2049-05-09,20.29,7.65,264.38,309.08,73.6,100.5,0.58,2.403
2049-05-10,19,10.04,242.96,312.96,85.6,99.9,0,0.181
2049-05-11,20.97,9.32,260.81,312.99,76.3,100.2,0,0.772
2049-05-12,20.96,9.19,295.82,301.01,78.4,101,0,0.26
2049-05-13,22.16,10.99,310.26,308.69,73.7,101,0,3.273
2049-05-14,25.41,11.62,299.54,320.23,73.2,100.5,0,0.885
2049-05-15,21.7,12.91,250.1,334.87,81.9,100.7,10.31,1.918
2049-05-16,14.78,9.02,175.89,319.57,76.5,100.9,0.9,3.585
2049-05-17,15.46,7.67,305.11,281.77,54.6,101.3,0,3.564
2049-05-18,13.74,5.42,233.64,274.39,74.5,100.9,0,0.879
2049-05-19,13.57,4.64,164.14,307.87,82.4,99.8,0.87,0.688
2049-05-20,14.32,5.74,170.38,300.68,80.7,99.5,0.64,0.234
2049-05-21,15.41,5.31,204.83,302.28,77.8,100.2,0,0.895
2049-05-22,13.7,8.77,232.27,303.54,58.7,100.8,0,1.82
2049-05-23,13.73,7.33,182.21,304.08,67.6,101.2,0,0.208
2049-05-24,15.33,8.93,147.75,341.72,86.9,100.6,1.06,1.863
2049-05-25,18.85,10.53,257.96,319.92,75.5,100.7,0,2.719
2049-05-26,14.63,7.03,292.16,274.06,63.8,101.3,0,1.751
2049-05-27,13.56,7.34,195.57,315.46,61.6,101.2,0,0.871
2049-05-28,12.44,7.17,181.13,311.34,64.8,100.4,1.07,0.741
2049-05-29,13.58,3.83,211.7,281.22,62.4,99.9,0.55,0.538
2049-05-30,14.26,3,286.36,263.16,69.4,99.9,0.15,0.655
2049-05-31,14.29,3.02,272.29,272.24,72.5,99.8,0.63,0.808
2049-06-01,14.32,3.05,258.41,281.19,75.6,99.7,1.01,0.97
2049-06-02,11.68,6.83,151.12,308.68,85.8,99.1,4.52,0.184
2049-06-03,11.7,6.83,148.41,315.81,89.7,99.4,10.84,1.697
2049-06-04,14.91,7.13,244.81,302,71.8,100.1,0.55,0.661
2049-06-05,16.06,5.96,228.59,290.43,76.3,100.7,1.89,0.258
2049-06-06,18.05,6.49,286.12,289.18,74.2,101,0,0.507
2049-06-07,20.09,7.91,296.77,295.46,66.4,100.7,0,0.543
2049-06-08,17.33,9.49,312.37,293.99,60.5,101,0,5.165
2049-06-09,15.18,8.35,248.56,312.74,53.8,100.6,0,4.701
2049-06-10,15.39,7.99,165.26,324.25,59.7,100.4,0,3.408
2049-06-11,17.74,9.19,183.63,333.85,69.8,101,1.21,4.25
2049-06-12,21.49,10.52,247.81,330.4,66.3,100.8,0,6.201
2049-06-13,19.1,10.44,262.35,316.45,72.7,100.3,0.39,0.71
2049-06-14,17.27,9.09,260.05,297.96,78.2,100.8,0,1.805
2049-06-15,18.22,12.48,136.2,348.95,87.3,100.6,0.82,2.058
2049-06-16,19.24,13.17,158.17,370.95,94.8,100.2,3.51,1.91
2049-06-17,18.84,13.9,204.22,357.72,91.5,99.7,1.17,2.097
2049-06-18,17.26,13.65,226.65,351.88,87.7,99.9,6.34,1.975
2049-06-19,18.39,13.81,248.67,350.39,82.9,99.3,15.34,2.911
2049-06-20,20.1,12.3,270.06,328.36,71,100.2,0,0.895
2049-06-21,21.94,10.58,344.37,296.57,69.7,101.3,0,0.147
2049-06-22,25.66,12.5,324.01,336.76,74.1,101.4,0,0.35
2049-06-23,25.46,13.61,342.71,320.39,68.4,101.2,0,0.218
2049-06-24,24.4,15.21,265.7,358.99,79.1,100.4,5.52,0.824
2049-06-25,21.42,12.72,318.29,303.61,60.7,100.4,0,0.861
2049-06-26,19.55,10.21,322.69,287.38,63,100.7,0,1.648
2049-06-27,17.78,8.96,215.44,311.37,72.2,100.9,0,0.868
2049-06-28,18.27,12.44,162.08,354.23,86.8,100.3,2.23,0.859
2049-06-29,19.54,12.17,299.49,324.52,85.9,100.4,0,0.832
2049-06-30,22.36,13.51,270.13,327.85,72.5,100.6,0,0.864
2049-07-01,25.25,13.11,284.35,334.67,66.6,100.1,3.55,2.442
2049-07-02,24.07,14.13,219.18,362.52,77.2,99.3,7.27,1.813
2049-07-03,21.46,12.83,297.81,324.1,73.2,100.2,0,2.388
2049-07-04,19.66,10.77,318.77,298.59,79.3,101,0,1.184
2049-07-05,21.49,13.46,232.3,345.89,80.9,100.7,3.72,2.234
2049-07-06,20.59,12.3,295.69,313.54,73.9,101.2,0,1.659
2049-07-07,23.6,12.94,322.18,317.84,73.1,101.1,0,0.545
2049-07-08,25.16,14.36,330.85,317.2,59.7,101,0,0.512
2049-07-09,27.15,15.51,317.82,332.58,62,100.9,0,0.463
2049-07-10,27.01,16.75,321.66,335.66,66.7,101,0,0.471
2049-07-11,26.51,15.13,332.06,321.38,55.8,101,0,0.514
2049-07-12,27.6,15.2,329.52,330.9,63.8,101.1,0,1.953
2049-07-13,26.83,15.01,314.03,330.95,73.2,100.8,0,1.79
2049-07-14,30.13,14.9,335.43,327.33,60.1,100.4,0,2.263
2049-07-15,29.35,16.01,309.29,338.88,58.7,100.1,2.26,5.169
2049-07-16,22.64,16.97,282.05,338.09,75.9,99.4,0,0.819
2049-07-17,22.96,17.15,267.93,351.74,82.7,99.1,4.05,2.173
2049-07-18,21.66,14.58,212.59,339.8,68.7,99.4,1.77,2.544
2049-07-19,20.21,13.31,227.36,314.17,63.2,100,0.43,3.013
2049-07-20,21.04,12.69,235.5,320.68,59.5,100.3,0,2.351
2049-07-21,21.26,15.12,129.59,373.79,87.2,99.5,8.32,2.444
2049-07-22,21.38,15.39,176.97,360.45,78.2,99.4,1.17,2.348
2049-07-23,24.18,15.28,242.94,338.19,73.3,99.9,0,1.783
2049-07-24,21.08,13.86,204.77,354.89,87.4,100.2,0,1.492
2049-07-25,25.31,16.53,192.31,376.6,82.2,100.1,1.06,1.555
2049-07-26,25.36,13.34,319.4,309.56,68.6,100.2,0,0.781
2049-07-27,23.96,15.24,267.28,327.72,71.2,100.4,0,1.623
2049-07-28,24.29,13.49,287.79,316.1,72.5,101,0,0.312
2049-07-29,23.74,13.86,241.29,324.85,73.7,100.5,0,1.786
2049-07-30,23.16,14.14,247.03,327.61,67.5,100.7,0,0.476
2049-07-31,22.85,13.68,250.23,324.65,73.2,100.7,0,0.268
2049-08-01,22.54,13.21,253.45,321.66,78.8,100.8,0,0.375
2049-08-02,26.57,13.34,310.76,311.79,61.8,100.6,0,0.411
2049-08-03,25.19,16.04,290.75,319.95,61.6,100.6,0,1.051
2049-08-04,25.83,13.69,306.78,309.74,57.8,100.6,0,3.019
2049-08-05,26.64,13.33,305.97,306.68,52.3,100.3,0,4.232
2049-08-06,28.27,15.42,253.9,349.62,64.7,99.7,0.97,1.966
2049-08-07,26.69,13.33,294.45,322.08,69.6,99.6,0,0.413
2049-08-08,28.27,15.64,280.53,331.25,63.5,100.1,0,0.413
2049-08-09,28.26,16.92,275.76,341.79,68.6,100.4,0,0.328
2049-08-10,28.97,18.03,286.05,343.6,63.2,100.2,0,3.434
2049-08-11,27.55,17.72,177.78,367.4,62.2,99.6,5.15,3.901
2049-08-12,23.54,16.32,232.4,344.99,81.5,99.4,5.21,0.259
2049-08-13,21.32,14.33,144.63,345.48,89.2,99.8,11.03,0.134
2049-08-14,23.27,14.89,237.21,334.25,75.6,100.3,0,0.463
2049-08-15,23.29,16.01,229.06,340.82,69.1,100.4,0,0.427
2049-08-16,24.23,15.7,231.98,337.58,69.8,100.5,0,0.174
2049-08-17,22.4,15.5,137.62,354.38,81.6,100.2,1.21,1.824
2049-08-18,25.82,14.75,253.18,345.11,70.6,100,0,2.956
2049-08-19,22.1,13.13,237.26,311.83,58.4,100.2,0,1.184
2049-08-20,23.13,9.73,271.45,296.17,59.6,100.9,0,1.223
2049-08-21,27.98,15.86,220.8,361.24,78.5,100.8,0,0.518
2049-08-22,28.9,16.71,252.13,346.75,75.2,100.8,0,0.22
2049-08-23,26.23,17.12,261.38,326.57,62.5,100.8,0,1.834
2049-08-24,24.56,15.04,259.19,314.18,59.1,100.8,0,4.613
2049-08-25,23.81,13.39,244.75,313.05,60.1,100.7,0,4.997
2049-08-26,26.38,13.4,201.54,332.19,58.1,100.3,0.15,4.607
2049-08-27,27.5,15.18,251.61,328.5,61.3,99.9,0,0.516
2049-08-28,26.95,15.03,233.55,336.01,67.7,100.2,0,1.742
2049-08-29,23.59,15.16,230.03,327.06,66.2,100.3,0,2.203
2049-08-30,23.97,13.74,150.39,358.71,81.3,100.3,0.33,2.136
2049-08-31,23.95,13.75,178.18,344.8,76.4,100.2,0.67,1.598
2049-09-01,23.93,13.77,206.26,329.52,71.4,100.2,1.01,1.087
2049-09-02,22.02,12.55,210.47,311.1,58.6,100,0,0.635
2049-09-03,20.22,9.8,186.7,300.22,60.9,101,0,0.606
2049-09-04,23.28,10.48,183.97,329.41,69.1,101,0,1.813
2049-09-05,24.47,16.53,205.84,343.96,73.4,100.8,0,2.222
2049-09-06,26.92,17.39,216.28,352.64,73.6,100.5,0,2.226
2049-09-07,22.99,13.66,185.94,334.17,67.3,100.3,0.15,2.632
2049-09-08,21.65,9.76,216.29,296.73,66,100.8,0,0.634
2049-09-09,20.8,9.58,161.37,311.11,78.8,100.4,0,0.345
2049-09-10,23.03,9.66,204.89,315.95,81.5,99.9,0,0.796
2049-09-11,24.87,12.81,197.29,328.33,73,100,0,2.37
2049-09-12,22.9,11.33,207.37,315.33,72.8,99.8,0,0.227
2049-09-13,20.96,12.32,186.8,305.13,64.5,100.1,0,1.818
2049-09-14,21.39,11.34,134.48,329.22,74.8,100.3,0,1.651
2049-09-15,21.95,8.93,153.07,321.9,80.3,100.1,0,1.476
2049-09-16,21.98,16.29,164.35,344.58,76.9,98.8,2.39,1.741
2049-09-17,20.02,16.07,147.36,346.19,75.1,98.3,7.25,2.628
2049-09-18,20.47,16.07,96.06,361.41,83.8,98.3,20.45,2.814
2049-09-19,20.16,15.65,127.53,339.36,71.4,99.1,3.08,2.914
2049-09-20,20.7,15.67,153.43,350.12,79.7,98.4,23.52,3.072
2049-09-21,18.1,14.22,111.83,331.59,82.1,98.4,3.29,2.25
2049-09-22,18.6,13.5,132.33,324.51,81.2,98.2,2.72,2.522
2049-09-23,17.74,13.1,128.58,321.7,83.2,98.9,1.43,3.17
2049-09-24,17.56,11.55,157.53,306.62,82.5,99.8,1.14,2.241
2049-09-25,17.92,10.45,137,305.96,75.6,100.1,0,1.477
2049-09-26,18.59,10.2,163.59,298,75,100.6,0,0.698
2049-09-27,16.92,7.92,93.69,326.73,86.5,100.8,5.01,0.599
2049-09-28,18.02,12.78,126.13,336.08,83.6,100.1,4.22,1.415
2049-09-29,17.2,10.38,128.83,309.49,79.1,100.5,0.72,1.317
2049-09-30,16.74,7.69,174.22,272.64,75.3,101.4,0,1.396
2049-10-01,19.69,5.39,111.45,318.02,88.1,101.2,0,0.925
2049-10-02,18.76,13.12,129.88,335.48,80.8,101,0.24,1.255
2049-10-03,16.9,8.35,148.75,300.33,75,101.1,0,2.559
2049-10-04,16.89,9.87,126.73,317.25,84,100.9,0,1.624
2049-10-05,18.15,9.63,133.22,325.73,81.4,100.9,0,1.323
2049-10-06,17.98,14.52,54.49,365.94,95.9,101.2,0.81,1.014
2049-10-07,18.78,13.33,87.28,344.79,92.8,100.8,0.02,2.171
2049-10-08,21.67,12.03,148.62,314.84,86.7,100.5,0,1.878
2049-10-09,21.06,11.93,145.68,312.05,87,100.9,0,1.93
2049-10-10,19.56,11.96,118.8,320.03,86.2,100.9,0,3.138
2049-10-11,22.56,12.84,139.43,320.99,81.2,100.4,0,3.719
2049-10-12,21.31,12.88,125.62,331.13,84.9,100.3,0,1.636
2049-10-13,18.77,12.2,97.1,330.47,88.3,100.4,0,2.347
2049-10-14,17.72,12.06,93.93,334.9,79.8,100.6,0,3.546
2049-10-15,17.62,11.57,80.4,328.94,82.2,100.8,0,3.945
2049-10-16,18.65,11.76,102.92,333.12,83.1,100.7,0.04,3.896
2049-10-17,19.42,11.55,118.01,316.3,84.9,100.7,0,3.09
2049-10-18,15.95,9.83,87.28,317.38,91.6,100.8,0,0.739
2049-10-19,17.08,8.99,99.8,312.17,88.2,101.2,0,1.565
2049-10-20,16,9.06,100.18,312.4,84.8,101.3,0,2.056
2049-10-21,16.28,8.53,82.39,320.78,87.7,101,0,0.686
2049-10-22,16.51,9.37,80.32,330.78,88.2,100.4,0,0.735
2049-10-23,17.5,9.36,95.16,327.1,87.5,99.6,0.2,0.638
2049-10-24,18,14.94,44,372.49,93.9,98.3,5.28,1.76
2049-10-25,18.05,14.86,74.32,353.66,93.4,97.7,32.9,1.767
2049-10-26,15.72,12.81,70.79,332.05,85.1,97.7,4.98,3.831
2049-10-27,17.67,10.99,36.43,345.03,83,99.3,14.79,1.204
2049-10-28,17.75,16.11,12.02,386.06,96.7,98.9,28.29,3.107
2049-10-29,17.62,12.63,58.07,338.88,91,98.5,11.41,2.234
2049-10-30,16.31,13.52,88.18,321.42,81.7,99,5.86,2.97
2049-10-31,16.3,12.68,67.17,327.81,83.4,99.1,3.76,2.287
2049-11-01,16.28,11.83,46.59,334.72,85.1,99.3,1.66,1.608
2049-11-02,13.91,8.74,68.19,305.77,86.5,99,6.44,2.4
2049-11-03,11.3,7.17,84.63,278.16,77.1,100.9,0,1.418
2049-11-04,13.72,7.44,63.5,304,87.6,101.8,0,1.443
2049-11-05,14.33,8.43,54.65,308.74,88.9,101.8,0,1.766
2049-11-06,13.99,10.21,54.39,325.39,88.2,101.6,0.27,0.605
2049-11-07,14.7,10.31,85.96,288.36,90.5,101,0,1.024
2049-11-08,14.87,7.33,51.87,331.34,98.3,101,0.48,0.314
2049-11-09,13.65,10.2,53.81,336.59,92.2,101,0,0.907
2049-11-10,13.97,9.33,43.2,338.69,91.8,100.5,1.45,0.672
2049-11-11,12.19,7.33,11.8,340.31,89.3,100.4,37.37,5.781
2049-11-12,8.98,6.68,37.19,309.83,74,101,0,4.02
2049-11-13,8.9,6.03,46.96,309.96,81.5,101,0,1.465
2049-11-14,9.04,3.93,65.98,274.62,82.5,101.4,0,1.701
2049-11-15,8.36,3.28,59.51,271.2,93.4,101.9,0,1.515
2049-11-16,8.33,2.3,50.49,274.1,96.5,101.9,0,1.569
2049-11-17,9.26,3.19,47.78,295.45,92.9,101.3,0,3.512
2049-11-18,9.19,6.66,44.99,318.24,90.2,100.7,0.93,4.628
2049-11-19,11.87,6.76,60,308.9,86.6,100.3,0,3.253
2049-11-20,13.27,10.96,28.16,344.27,93.1,99.6,7.88,3.891
2049-11-21,13.58,11.91,20.46,357.55,95.9,98.6,15.66,4.439
2049-11-22,13.27,11.24,40.04,336.07,94.7,97.9,2.07,3.211
2049-11-23,11.52,7.43,19.99,334.27,97.7,97.7,5.55,1.114
2049-11-24,11.83,7.39,30.93,317.54,96.6,98.6,0.93,1.413
2049-11-25,14.74,10.96,23.53,349.45,96.3,99.1,23.02,2.563
2049-11-26,15.06,14.09,14.21,374.39,94.7,98.5,22.2,2.109
2049-11-27,14.43,10.42,28.39,340.92,93.1,97.7,34.6,1.871
2049-11-28,13.43,10.38,53.11,290.83,76.3,98.3,0,2.749
2049-11-29,14.62,11.41,8.91,358.61,94.8,97.8,34.22,2.545
2049-11-30,13.88,9.37,43.86,305.47,89,98.3,1.55,3.098
2049-12-01,12.78,6.23,44.03,302.47,94.7,98.8,1.19,0.496
2049-12-02,14.56,11.29,38.7,340.94,96.3,98.7,4.96,1.215
2049-12-03,14.3,11.18,33.12,335.44,87.8,98.1,14.1,3.307
2049-12-04,12.2,9.01,40.7,307.54,88.5,98.4,4.28,0.679
2049-12-05,9.26,7.62,31.19,315.24,92.1,97.6,6.5,0.616
2049-12-06,9.4,2.9,27.55,272.79,86.7,98.8,0,1.976
2049-12-07,13,2.64,2.99,328.59,95.1,98.1,51.33,1.285
2049-12-08,11.5,3.27,17.65,310.83,93.2,96.9,5.18,1.463
2049-12-09,7.2,2.11,30.85,298.8,81.2,98.5,13.35,2.699
2049-12-10,7.77,3.56,37.5,279.64,78.4,99.1,0,1.927
2049-12-11,8.91,4.52,35.61,297.21,82.8,99.3,10.46,1.668
2049-12-12,11.7,6.08,30.35,304.47,93.8,98.1,10.69,1.459
2049-12-13,8.22,2.79,28.41,304.92,87.2,99.1,2.11,0.202
2049-12-14,12.56,7.92,25.61,332,95.4,97.7,28.37,1.531
2049-12-15,11.2,8.06,27.83,307.93,90.4,96.8,3.43,1.993
2049-12-16,10.45,5.69,34.02,306.28,82.8,97.4,15.81,0.661
2049-12-17,13.92,9.12,22.31,328.58,84.6,96.6,6.27,4.245
2049-12-18,11.93,7.17,37.68,280.52,91.1,98.9,0,1.208
2049-12-19,11.98,5.65,36.37,288.42,97.3,100,0.06,1.079
2049-12-20,11.75,5.49,32.87,313.64,89,100.2,2.22,2.226
2049-12-21,11.93,9.52,33.89,322,89.2,98.9,17.76,2.981
2049-12-22,9.84,7.61,43.02,303.01,84.3,98.7,4.91,2.85
2049-12-23,11.19,7.32,28.03,312.02,75.9,100.2,1.05,2.029
2049-12-24,13.77,10.58,16.11,361.11,96.6,99.8,8.36,2.843
2049-12-25,13.44,7.74,25.15,319.74,83.8,98.8,18.71,3.824
2049-12-26,8.77,5.89,35.22,284.24,61.7,100.3,0,3.599
2049-12-27,10.78,5.49,9.07,328.26,88.8,100.4,12.75,2.651
2049-12-28,10.28,1.17,33.87,265.74,89.4,99.8,0.33,0.996
2049-12-29,6.58,-1.27,10.25,288.8,92.6,100.1,6.32,1.604
2049-12-30,7.65,2.44,30.46,295.31,95.6,100.8,1.99,0.517
2049-12-31,8.98,4.76,36.75,300.34,96.4,101.1,1.47,1.042
2050-01-01,10.31,7.09,43.12,302.96,97.2,101.3,0.96,1.585
2050-01-02,11.19,6.78,27.6,313.28,95.7,101.4,0.67,2.028
2050-01-03,12.06,9.09,18.27,347.89,94.1,100.6,5.19,3.239
2050-01-04,12.87,5.76,11.87,326.79,93.8,99.7,30.06,1.874
2050-01-05,13.01,8.88,36.85,305,77.7,97.7,0.66,3.875
2050-01-06,9.29,4.44,29.07,286.95,76.7,97.5,1.99,2.392
2050-01-07,7.83,3.03,46.96,263.71,72.9,99.9,0,2.057
2050-01-08,9.88,0.16,36.12,286.76,79.8,100.9,1.08,1.249
2050-01-09,12.24,1.31,8.72,305.43,94.1,100.6,13.55,1.553
2050-01-10,10.69,-0.24,14.93,304.7,91.4,100.9,23.56,1.474
2050-01-11,10.98,5.86,47.32,307.61,92.2,100.2,15.68,2.362
2050-01-12,11.28,5.72,30.05,297.38,78.6,99.4,7.97,3.335
2050-01-13,12.99,4.69,26.05,323.13,87.5,98,21.54,3.138
2050-01-14,6.74,3.14,46.34,263.87,73.1,99.6,0,2.794
2050-01-15,11.9,1.85,7.02,314.85,88.5,100.1,11.13,3.029
2050-01-16,9.43,6.81,25.65,310.12,69.4,98.8,0.4,5.093
2050-01-17,6.93,4.92,35.26,278.91,74.1,98.1,0,4
2050-01-18,7.58,4.38,42.97,282.99,73.6,98.8,0,2.511
2050-01-19,7.42,2.72,44.35,275.31,77.4,100.7,0,1.996
2050-01-20,12.45,5.37,28.71,327.25,84.4,99.2,3.41,4.364
2050-01-21,6.52,4.81,57.53,275.91,67.6,99.6,0,4.638
2050-01-22,6.2,2.67,34.28,278.11,72.6,99.7,0.82,3.289
2050-01-23,6.52,2.96,60.53,267.4,74.1,101.1,0,2.136
2050-01-24,9.86,-0.38,52.56,290.74,89.4,101.5,3.45,0.831
2050-01-25,11.86,7.55,19.42,343.6,96.7,100.6,3.93,2.278
2050-01-26,11.28,5.92,13.68,323.17,86.8,99.3,16.72,2.996
2050-01-27,7.08,5.01,54.62,271.89,65.1,100.1,0,3.733
2050-01-28,10.31,3.91,20.29,310.05,86.7,100.5,8.35,2.615
2050-01-29,8.37,5.1,49.9,291.71,75.5,100.1,0,3.233
2050-01-30,8.46,5.86,61.32,281.14,80,99.9,0.01,3.772
2050-01-31,10.89,6.84,32.78,317.58,93,100.3,3.62,2.83
2050-02-01,11.11,6.03,16.9,316.14,87.9,99.4,9.79,3.52
2050-02-02,8.19,6.34,48.4,283.02,69.5,99,0.2,4.641
2050-02-03,8.13,5.95,54.56,285.05,71.7,100.3,0,3.148
2050-02-04,9.6,5.27,25.52,305,87.2,99.1,10.28,3.295
2050-02-05,7.47,4.21,54.64,283.68,72.5,99.3,1.17,4.095
2050-02-06,11.42,4.78,41.92,316.67,88.3,99.8,2.77,2.559
2050-02-07,12.04,7.55,37.76,342.21,95.3,99.7,5.81,2.836
2050-02-08,11.18,6.2,60.4,306.66,72.9,99,6.71,5.016
2050-02-09,9.66,4.18,69.13,281.91,66.1,101,0,3.579
2050-02-10,8.51,3.66,50.49,308.66,82.1,101.6,1.22,0.564
2050-02-11,7.82,6.48,35.64,326.44,86.1,100.3,1.2,2.47
2050-02-12,9.05,5.77,30.36,323.35,96.9,100.3,4.09,2.93
2050-02-13,9.6,3.5,89.16,275.23,84.4,101.1,0,4.173
2050-02-14,6.7,3.04,89.08,286.27,74.3,101.1,0,5.878
2050-02-15,6.58,2.15,68.1,300,78.8,100.8,0,4.66
2050-02-16,6.63,2.88,46.85,318.86,95.6,100.5,5.05,4.018
2050-02-17,6.8,3.57,54.64,307.09,89.3,101.1,0.79,4.039
2050-02-18,5.47,1.56,65.9,286.8,80.7,101.5,0,3.205
2050-02-19,4.76,1.14,64.49,287.76,79.2,101.2,0,1.903
2050-02-20,4.75,0.55,62.99,281.25,84,100.9,0,0.905
2050-02-21,3.82,-0.4,98.96,266.3,66.3,101.1,0,5.841
2050-02-22,3.29,-2.74,126.91,215.66,59.2,100.8,0,4.961
2050-02-23,4.4,-2.48,133.31,220.31,63.5,99.9,0,5.033
2050-02-24,5.97,-0.55,91.68,269.49,74.1,99.4,0,3.313
2050-02-25,6.19,0.02,80.31,277.77,83.6,100.3,0,1.485
2050-02-26,6.34,1.86,83.09,292.96,74.4,99.6,0.01,1.422
2050-02-27,6.7,0.84,57.21,298.6,84.5,98.2,6.25,0.437
2050-02-28,6.48,-0.21,129.9,253.16,67.2,99.4,3.76,1.123
2050-03-01,12.69,2.55,79.32,329.61,93,97.6,20.81,2.215
2050-03-02,11.79,9.09,44.47,342.43,98.7,97.8,8.29,1.797
2050-03-03,12.42,10.33,74.91,345.19,94.3,97.7,15.21,3.054
2050-03-04,10.94,7.87,78.57,329.36,96.3,98.7,5.78,0.425
2050-03-05,10.73,8.24,16.86,342.45,95.3,98.5,39.91,1.876
2050-03-06,10.7,8.88,81.96,337.02,91.5,97.9,9.53,3.987
2050-03-07,8.91,3.99,70.73,299.54,82.8,99.9,1.83,0.534
2050-03-08,6.97,2.62,98.37,275.4,65.4,102.3,0,1.471
2050-03-09,7.28,1.14,89.2,294.3,75,102.9,0,0.479
2050-03-10,10.69,4.19,105.27,304.7,80.5,102.5,0,2.755
2050-03-11,11.83,2.92,161.75,275.54,74.9,101.4,0,4.933
2050-03-12,8.23,3.95,67.18,314.2,92.3,100.2,1.27,2.521
2050-03-13,9.81,4.52,108.77,315.11,95,99.4,6.31,0.82
2050-03-14,10.04,4.88,111.01,293.21,89.5,98.7,1.23,0.515
2050-03-15,8.55,3.35,79.81,298.44,94.5,98.8,2.01,0.406
2050-03-16,8.58,3.32,98.15,303.05,81.8,99.3,0,2.024
2050-03-17,5.12,-0.41,112.74,265.19,74.5,100.1,0.09,1.886
2050-03-18,5.79,-1.77,107.61,271.15,68.5,100.3,0,2.269
2050-03-19,5.28,2.97,43.49,303.99,61.4,99.1,0,4.551
2050-03-20,8.65,3.17,87.03,313.87,80,98.4,9.39,1.684
2050-03-21,10.74,5.52,42.49,327.43,93.7,97.4,22.3,2.904
2050-03-22,9.18,4.83,127.6,275.25,73.3,97.9,2.23,3.466
2050-03-23,10.28,5.75,125.86,289.87,79.7,98.2,5.34,3.383
2050-03-24,9.27,4.52,120.24,286.91,74.3,99.6,0.63,2.481
2050-03-25,8.34,4.97,72.87,320.36,94.5,99.3,7.99,2.412
2050-03-26,9.36,2.94,106.18,301.02,93.8,99.8,5.06,1.493
2050-03-27,9.84,0.68,131.61,290.19,92,99.8,8.41,1.472
2050-03-28,11.3,7.44,127.82,306.95,77.6,98.7,4.7,3.088
2050-03-29,10.67,6.33,149.25,280.43,61.4,98.9,0.15,3.446
2050-03-30,10.5,4.55,144.94,284.5,77.6,99.8,2.51,1.777
2050-03-31,10.61,6.19,81.17,309.43,86.3,99.5,10.42,1.7
2050-04-01,12.91,7.58,176.14,297.73,82.2,99.4,11.93,3.381
2050-04-02,11.47,6.78,75.25,316.54,91.5,100.3,23.27,2.434
2050-04-03,11.47,8.14,89.12,324.5,89.3,99.8,16.15,2.344
2050-04-04,12.11,4.91,157.88,280.98,73.3,100.7,0,2.082
2050-04-05,10.61,4.75,114.58,297.3,80.2,100.4,0,2.848
2050-04-06,10.35,8.64,70.33,338.53,95.1,99.4,10.89,3.35
2050-04-07,11.78,7.55,84.85,322.01,90.2,99,2.21,2.975
2050-04-08,10.63,5.46,48.71,324.47,86.3,97.3,12.53,2.929
2050-04-09,9.43,5.39,134.49,284.47,75.3,96.9,3.04,3.236
2050-04-10,10.55,4.51,157.56,274.05,71.2,97.9,0.01,2.609
2050-04-11,7.73,4.98,66.51,316.65,91,96.7,21.27,2.655
2050-04-12,8.73,3.79,137.65,289.55,69.4,98.2,3,4.574
2050-04-13,8.67,3.19,80.73,284.67,81.2,98.4,12.31,1.749
2050-04-14,11,3.98,164.6,289.09,74,99.4,2.78,3.215
2050-04-15,9.98,4.81,184.53,273.8,66.9,100.5,0.58,3.557
2050-04-16,11.19,3.45,206.07,266.19,68.1,101.3,1.22,1.776
2050-04-17,12.1,1.06,266.01,245.66,70,102,0,0.087
2050-04-18,13.13,1.8,244.24,266.61,72.7,101.4,0,1.329
2050-04-19,12.52,5.48,266.31,262.87,68.6,100.4,0,3.826
2050-04-20,14.03,4.92,209.26,285.38,78.4,99.9,1.51,3.811
2050-04-21,12.02,7.19,188.97,286.9,78.9,100.7,0,1.859
2050-04-22,13.42,3.51,198.67,285.48,77.4,101.3,0,0.463
2050-04-23,15.71,8.8,190.97,313.22,71.3,101.4,0,1.341
2050-04-24,16.15,7.14,276.19,283.54,77.8,101,0,1.05
2050-04-25,14.55,7.33,120.67,333.93,94,100.2,9.92,0.524
2050-04-26,11.68,6.35,83.18,327.52,93.6,99.3,16.96,0.995
2050-04-27,13.05,4.37,207.68,290.41,83.2,99.3,0,1.525
2050-04-28,12.56,7.25,192.19,294,80,99.5,0,1.778
2050-04-29,15.41,7.79,150.49,316.79,73.8,100.1,0,0.449
2050-04-30,18.71,8.93,253.97,299.76,72.9,100.7,0,0.827
2050-05-01,19.26,10.13,241.53,318.25,74.1,101.2,0,1.983
2050-05-02,19.22,7.7,302.53,277.65,72,101,0,2.256
2050-05-03,17.76,6.58,304.22,273.81,72.7,100.1,0,0.134
2050-05-04,10.51,7.43,150.93,314.15,87.5,99.4,10.21,2.989
2050-05-05,13.56,7.95,162.71,314.04,77.6,99.8,2.19,1.443
2050-05-06,12.71,6.69,220.55,297.82,62.8,100.4,0,0.675
2050-05-07,15.18,6.49,261.74,293.74,65.9,100.6,0,1.161
2050-05-08,15.37,7.24,182.88,318.86,75.8,100.4,0,2.811
2050-05-09,15.17,6.21,166.45,305.49,86.4,99.8,9.32,3.186
2050-05-10,16.95,5.79,297.43,282.91,83.9,99.8,0,0.41
2050-05-11,18.49,7.11,225.22,314.89,79.9,99.6,0,0.264
2050-05-12,17.85,9.06,290.25,291.52,72,99.9,0,1.32
2050-05-13,16.65,9.05,220.16,309.19,70.3,101,0,2.475
2050-05-14,14.72,6.84,287.44,278.69,58.7,101.3,0,3.493
2050-05-15,13.75,3.55,263.26,271.3,63.9,100.2,0,0.073
2050-05-16,12.26,5.15,117.37,312.9,82.7,98.9,4.56,0.245
2050-05-17,11.38,4.91,202.88,299.29,68.8,98.7,2.35,0.984
2050-05-18,12.33,4.09,207.13,279.87,63.5,99.7,0.3,1.755
2050-05-19,12.21,5.84,134.06,317.62,78.2,99.9,6.79,1.736
2050-05-20,13.86,5.95,216.5,294,72.7,99.9,0,1.063
2050-05-21,14.47,3.66,253.97,274.61,67.4,100.3,0,0.256
2050-05-22,13.19,4.47,222.38,284.47,84.1,100.4,5.61,0.172
2050-05-23,13.73,6.36,194.03,302.19,71.6,100.8,0,1.065
2050-05-24,13.48,5.46,215.2,291.08,74.1,100.9,0.65,1.083
2050-05-25,13.38,7.94,128.4,340.49,94,100,7.36,1.318
2050-05-26,14.36,8.32,190.17,318.34,82.5,99,2.36,3.352
2050-05-27,13.23,6.03,231.72,293.08,69.6,99.6,1.31,1.597
2050-05-28,13.94,5.28,227.07,287.33,62.4,100.6,0,1.241
2050-05-29,14.53,5.99,168.86,322.24,75.4,100.2,2.05,1.602
2050-05-30,15.08,11.41,243.66,319.98,84.4,99.6,4.36,2.161
2050-05-31,14.97,11.05,231.3,321.43,85.9,99.7,3.51,2.261
2050-06-01,14.85,10.69,218.99,322.36,87.5,99.8,2.65,2.362
2050-06-02,15.94,8.7,260.3,299.94,80.8,100.1,5.69,2.106
2050-06-03,15.26,7.3,208.93,297.5,79.8,100.1,2.06,1.566
2050-06-04,14.67,8.68,179.07,314.19,87.6,99.7,5.77,0.805
2050-06-05,14.5,8.85,180.66,323.36,88.9,99.3,4.82,1.514
2050-06-06,11.31,7.76,114.44,335.85,94.8,99.2,14.2,1.592
2050-06-07,14.75,10.19,190.99,327.84,86,99.6,3.19,1.339
2050-06-08,19.13,9.14,293.76,303.74,77.3,100.3,0,1.087
2050-06-09,19.61,10.03,295.3,305.6,77.5,100.5,0,0.459
2050-06-10,21.28,10.47,334.88,300.4,72.6,100.4,0,0.446
2050-06-11,21.96,11.51,287.06,322.44,76.2,100.4,0,0.759
2050-06-12,21.13,10.16,286.82,315.01,78,100.4,0,0.378
2050-06-13,19.29,12.84,115.98,351.79,81,100.2,0.64,1.967
2050-06-14,17.5,12.51,216.16,334.94,84.8,100.3,0,1.617
2050-06-15,17.91,12.51,201.23,346.76,90.7,99.9,7.53,0.955
2050-06-16,17.75,12.3,280.56,316.25,81.8,99.7,0,1.876
2050-06-17,18.9,11.21,222.64,322.12,79.2,100,0.95,2.022
2050-06-18,19.65,9.05,303.07,299.16,73.3,100.6,0,1.579
2050-06-19,16.66,9.64,224.76,311.25,69.6,101,0,1.631
2050-06-20,15.09,10.04,199.24,328.37,84.8,100.4,1.01,1.834
2050-06-21,15.52,10.48,236.66,316.59,67.2,99.5,0.85,3.295
2050-06-22,14.25,9.54,219.22,301.27,62.2,99.7,0,3.675
2050-06-23,17.13,9.33,235.8,319.97,71.8,99.8,1.16,3.032
2050-06-24,16.67,11.55,283.81,317.85,76,100.1,0.85,2.195
2050-06-25,18.53,9.68,330.84,297.14,70.9,100.9,0,1.79
2050-06-26,22.46,12.76,287.18,343.54,80.6,100.6,0,1.399
2050-06-27,19.91,12.89,274,320.4,82.6,101,0,0.188
2050-06-28,24.46,12.82,305.95,330.8,79.1,101.2,0,0.578
2050-06-29,26.49,14.65,341.59,332.21,72.9,101.1,0,0.318
2050-06-30,22.79,13.36,330.26,314.35,81.7,101,0,0.367
2050-07-01,23.3,13.75,291.99,327.84,76.6,100.6,0,0.665
2050-07-02,20.5,12.16,286.27,312.9,80.7,100.6,0,0.573
2050-07-03,19.64,10.26,309.07,302.24,84.5,100.7,2.5,0.461
2050-07-04,21.62,10.07,292.02,313.45,78,100.9,0.18,0.125
2050-07-05,21.32,11.48,329.5,295.21,63.1,101.2,0,0.82
2050-07-06,23,12.55,307.97,315.16,65.6,100.9,0,0.396
2050-07-07,21.44,13.28,283.71,318.17,65.5,100.8,0,1.202
2050-07-08,23.62,12.61,259.82,330.34,71.9,100.7,0,0.817
2050-07-09,21.96,12.74,222.13,335.48,73,100.8,0,0.975
2050-07-10,23.23,14.36,266.95,338.21,68.2,100.9,0,0.753
2050-07-11,22.91,13.97,254.45,340.82,82.6,100.9,3.52,0.228
2050-07-12,23.66,12.71,308.16,321.49,78.5,100.7,0,0.783
2050-07-13,22.44,14.59,231.66,344.87,74.5,100.1,2.09,1.575
2050-07-14,22.24,13.89,209.16,339.41,74.1,100.1,0.28,0.36
2050-07-15,19.36,13.91,150.35,342.97,88.1,100.2,12.88,0.645
2050-07-16,21.37,12.41,208.54,337.67,87,100.6,5.71,0.226
2050-07-17,22.81,14.98,128.43,361.22,82.1,100.2,1.71,2.424
2050-07-18,22.08,14.34,282.86,319.67,64.7,100.6,0,0.948
2050-07-19,21.11,11.44,330.19,291.24,69.8,101.4,0,0.533
2050-07-20,23.23,11.15,309.43,314.55,78.6,101.5,0,0.538
2050-07-21,23.1,15.64,158.38,366.94,85.3,101.1,0.81,0.657
2050-07-22,24.11,15.33,289.93,332.67,74.3,100.4,1.8,0.832
2050-07-23,21.64,12.9,245.97,319.68,73.6,99.9,4.3,1.682
2050-07-24,20.62,11.85,262.79,306.02,62.6,100.2,0,0.88
2050-07-25,20.25,10.19,205.96,326.31,79.5,99.9,5.25,1.751
2050-07-26,19.65,12.46,247.61,308.12,67.9,99.8,0.7,0.932
2050-07-27,20.56,9.89,271.25,299.61,69.6,100,0.79,0.936
2050-07-28,21.25,9.26,289.49,294.29,70.1,99.9,0,1.521
2050-07-29,21.68,15.36,119.43,358.1,81.4,99.2,6.83,2.803
2050-07-30,20.28,15.98,235.97,341.43,87.7,99.3,6.58,1.363
2050-07-31,21.02,14.99,248.21,334.47,80.6,99.6,3.35,1.409
2050-08-01,21.76,14,260.49,325.91,73.4,100,0,2.07
2050-08-02,21.62,11.57,195.61,331.72,78.4,100.6,0.8,1.327
2050-08-03,22.37,13.78,217.11,350.4,87.5,100.3,2.85,1.231
2050-08-04,24,17.31,193.15,362.2,78.9,100,0.69,1.57
2050-08-05,24.1,15.18,250.61,336.41,77,100.4,0,0.579
2050-08-06,25.12,15.65,266.92,338.84,79.2,100.6,0,0.259
2050-08-07,25.37,15.84,279.94,341.61,78.5,100.8,0.5,0.247
2050-08-08,26.74,15.87,266.04,351.07,74.2,100.8,0,0.269
2050-08-09,23.93,16.36,172.72,365.24,86.1,100.4,2.59,0.604
2050-08-10,22.89,15.11,185.59,350.09,73.8,100.3,0,1.578
2050-08-11,23.36,12.53,277.22,314.79,73.2,100.8,0,0.606
2050-08-12,25.08,12.92,258.19,327.12,72.4,101.2,0,0.409
2050-08-13,26.4,15.78,275.81,335.14,68.5,101.3,0,1.827
2050-08-14,27.5,15.25,277.9,338.17,62.6,101.1,0,2.978
2050-08-15,27.53,16.93,262.25,351.77,65.9,100.7,0,4.243
2050-08-16,30.14,19.15,272.25,353.28,69.2,100,0,4.579
2050-08-17,24.5,18.01,218.61,349.28,80.9,99.2,0,1.944
2050-08-18,25.57,16.95,234.55,347.63,77.1,99.7,0.14,0.691
2050-08-19,27.24,16.13,249.49,335.45,74.5,100.2,0,0.151
2050-08-20,21.56,14.51,114.71,362.92,90.2,99.9,2.49,1.286
2050-08-21,22.87,14.82,223.02,335.07,82.2,99.5,0,1.125
2050-08-22,23.25,13.46,211.71,332.72,77.8,99.1,2.37,1.606
2050-08-23,21.84,14.09,136.83,358.64,82.7,99,4.14,1.825
2050-08-24,21.03,13,219.22,321.15,77.2,99.2,2.46,1.638
2050-08-25,20.11,12.19,200.57,308.17,65.9,100.1,0,1.617
2050-08-26,20.63,10.5,186.2,313.68,73.6,100.4,0,0.972
2050-08-27,21.06,11.04,176.44,332.12,80.5,100.6,0,1.374
2050-08-28,22.15,16.77,73.36,381.5,94.1,100.4,7.11,1.594
2050-08-29,24.9,17.09,146.54,369.27,84.9,100.5,0,1.502
2050-08-30,22.16,14.49,154.56,334.02,75.3,100.8,0,0.395
2050-08-31,22.66,13.25,190.1,329.12,77.9,100.7,0,0.174
2050-09-01,23.16,12.02,226.56,326.05,80.4,100.7,0,0.579
2050-09-02,26.64,15.67,211.23,356.46,82.5,100.8,0,0.789
2050-09-03,27.68,17.59,211.8,356.8,82,101.1,0,0.233
2050-09-04,27.5,17.68,212.67,357.3,80,101.1,0,0.145
2050-09-05,27.94,17.91,204.86,353.49,81.4,100.9,0,0.127
2050-09-06,28.98,17.08,220.55,346.67,80.3,100.9,0,0.179
2050-09-07,27.24,15.13,223.09,332.33,82.9,101,0,0.519
2050-09-08,27.28,14.3,218.52,336.36,81.9,100.9,0,0.399
2050-09-09,28.67,14.42,207,338.18,77.5,100.7,0,0.465
2050-09-10,26.53,14.25,205.55,327.55,80.6,100.6,0,0.634
2050-09-11,28.04,12.81,215.55,330.91,63.7,100.3,0,2.936
2050-09-12,24.92,16.16,185.85,339.41,77.4,99.9,0,1.202
2050-09-13,23.06,15.91,187.34,339.88,86.3,100.2,0,1.421
2050-09-14,23.25,18.31,163.2,355.22,83.7,100.1,0,1.539
2050-09-15,21.83,16.86,104.2,371.17,90,100.1,2.85,1.192
2050-09-16,20.74,14.64,89.5,363.32,92.9,100.2,4.73,0.989
2050-09-17,23.53,15.19,170.49,351.87,90,99.9,0,0.356
2050-09-18,22.75,14.84,145.19,353.81,90.1,99.6,0.36,1.043
2050-09-19,22.66,14.07,127.01,355.34,90.9,99.9,1.32,0.765
2050-09-20,20.47,15.34,52.67,367.99,95.1,99.8,16.21,0.434
2050-09-21,22.27,13.61,170.87,330.15,77.5,99.9,0,1.669
2050-09-22,19.12,16.73,25,388.57,95.8,99.3,91.76,1.412
2050-09-23,17.15,12.89,36.17,352.93,93.7,98.1,19.4,0.931
2050-09-24,18.27,11.63,142.35,325.75,82.7,97.6,8.92,1.519
2050-09-25,18.28,14.09,145.32,331.84,83,97,10.93,3.051
2050-09-26,19.37,12.71,133.65,326.36,84.1,98.1,1.16,1.524
2050-09-27,19.56,13.59,143.35,343.83,87.9,98.9,5.15,1.595
2050-09-28,20.35,16.73,121.2,356.92,85.9,99.2,1.79,2.398
2050-09-29,20.27,16.73,83.38,374.67,95.7,99.3,29.2,2.07
2050-09-30,17.16,13.17,138.68,319.66,80,99.2,8.27,2.168
2050-10-01,18.64,13,38.44,351.96,84.2,99.1,29.59,1.858
2050-10-02,18.52,14.65,87.67,357.53,85.6,97.7,8.6,4.252
2050-10-03,16.73,10.16,137.49,297.63,79.5,99.5,2,1.948
2050-10-04,14.39,9.63,144.54,293.43,68.8,100.5,0,0.614
2050-10-05,12.51,6.66,161.08,265.63,65.4,101,0,1.059
2050-10-06,12.89,7.23,126.47,287.24,68.5,101.3,0,0.663
2050-10-07,16.38,7.34,86.48,331.45,90.3,101.2,0,1.167
2050-10-08,18.23,14.27,64.42,362.6,93.2,100.9,1,2.053
2050-10-09,17.88,12.91,98.69,341.58,87,100.4,0,2.684
2050-10-10,15.87,12.11,75.31,348.16,94.5,99.9,0.59,0.191
2050-10-11,13.77,9.62,32.69,332.41,95.6,99.3,6.68,0.364
2050-10-12,13.22,7.89,99.47,292.45,81.5,99.2,0.05,1.49
2050-10-13,12.39,5.4,111.7,277.56,75.2,99.8,0,0.758
2050-10-14,15.88,9.73,88.16,318.29,78.3,98.5,2.71,4.305
2050-10-15,12.98,8.58,116.17,280.74,71.5,98.5,0,3.562
2050-10-16,10.77,7,98.64,284.58,74.5,99.7,0.82,2.056
2050-10-17,14.17,7.01,44.2,337.04,79.1,100,15.59,2.169
2050-10-18,16.74,13.29,50.54,359.74,89.2,99.6,0.43,3.113
2050-10-19,16.68,14.14,30.06,374.47,97.6,99.3,2.99,3.082
2050-10-20,16.6,15.22,48.26,371.32,98.3,99.2,3.96,2.593
2050-10-21,16.28,14.25,12.15,362.79,94.8,98.7,31.06,2.065
2050-10-22,15.19,11.8,93.77,318.1,85.3,98.6,1.57,3.025
2050-10-23,15.08,10.94,19.08,330.1,87.6,97.8,32.51,2.458
2050-10-24,13.39,9.06,78.49,300.44,76.6,96.9,0.57,2.433
2050-10-25,14.07,9.17,96.74,288.89,83.7,97.4,0,1.646
2050-10-26,13.38,9.38,79.13,304.67,87.1,97.7,2.04,1.377
2050-10-27,14.05,9.51,83.56,300.61,83.8,98.2,0,2.203
2050-10-28,13.89,7.16,81.23,298.88,92,98.4,0,0.555
2050-10-29,13.33,8.57,51.22,317.5,96.7,98.3,1.14,2.23
2050-10-30,11.61,6.12,69.27,299.74,97.1,99.5,0,0.837
2050-10-31,12.63,6.21,61.93,312.2,95,99.6,0.51,1.285
2050-11-01,13.66,6.31,54.68,327.24,92.9,99.6,1.09,1.813
2050-11-02,15.86,12.34,62.37,343.02,91.2,97.8,14.91,2.136
2050-11-03,14.11,11.36,65.75,315.04,85.9,98,0,3.506
2050-11-04,14.95,10.92,73.11,313.34,90.8,98.6,0.1,2.077
2050-11-05,14.3,7.89,64.27,307.52,94,99.9,0,1.201
2050-11-06,14.12,8.14,26.55,339.32,96.3,99.7,14.68,1.276
2050-11-07,15.34,11.14,58.02,330.84,94.3,99.5,0.86,2.3
2050-11-08,14.97,11.36,32.52,357.32,96.1,100.5,0,2.174
2050-11-09,14.49,12.89,16.81,359.51,96.2,100.4,4.28,2.724
2050-11-10,12.9,8.98,62.59,296.5,79.8,100.4,0,2.888
2050-11-11,12.15,8.24,55.24,303.1,87.1,100.9,0.44,1.687
2050-11-12,15.49,8.59,34,350.07,96.6,100.1,5.09,1.728
2050-11-13,12.41,10.2,28.13,351.05,98,100.4,1.21,1.878
2050-11-14,13.32,12.19,34.55,352.42,93.5,99.9,0.98,1.944
2050-11-15,13.8,10.61,27.34,340.4,97,99.3,4.77,1.686
2050-11-16,13.68,9.58,59.33,313.33,91.1,99.4,6.55,2.471
2050-11-17,13.95,12.99,58.76,348.72,95.4,99.1,23.81,1.999
2050-11-18,13.26,7.76,17.84,321.74,98.9,99.7,4.43,0.931
2050-11-19,12.24,6.8,61.02,282.09,92.3,100.8,0,1.518
2050-11-20,13.81,9.1,44.2,324.8,94,101,0,1.742
2050-11-21,12.81,7.98,19.83,320.28,91.1,100.6,3.12,1.84
2050-11-22,12.68,6,61.02,277.65,91.5,101.1,0,1.695
2050-11-23,12.33,4.41,53.5,297.43,98.6,101.6,0,0.621
2050-11-24,11.27,9.29,38.83,331.47,94.5,101.8,0,3.389
2050-11-25,10.47,8.26,29.75,334.15,96.7,101.8,0.31,0.173
2050-11-26,10.03,3.73,35.67,302.13,95.9,102,0,0.812
2050-11-27,9.3,4.99,50.95,299.19,95.3,102.2,0,1.701
2050-11-28,10.5,4.24,55.8,275.12,94.1,102.2,0,2.868
2050-11-29,9.2,5.1,40.63,311.55,95.2,101.8,0,2.399
2050-11-30,8.34,4.03,35.9,307.67,95.4,101.7,0,0.081
2050-12-01,9.38,4.17,29.05,312.4,96.9,101.5,0,1.084
2050-12-02,8.62,1.05,29.88,304.22,98,101.2,0,0.334
2050-12-03,13.23,7.77,14.9,349.37,97.3,100.7,8.68,2.193
2050-12-04,13.39,7.8,40.21,309,85.9,100,15.31,2.675
2050-12-05,10.53,6.14,24.41,308.42,79.8,100.7,18.37,2.053
2050-12-06,10.1,7.14,40.09,306.18,74.9,100.3,8.34,2.221
2050-12-07,9.72,6.94,29.93,292.39,79.8,101.9,0,2.395
2050-12-08,12.71,8.34,14.38,343.5,93.4,101.3,1.39,2.699
2050-12-09,13.23,7.01,45.6,304.1,72.1,100.6,3.52,3.096
2050-12-10,10.05,6.58,33.71,292.02,80.1,99.7,1.05,3.895
2050-12-11,10.06,6.78,24.89,316.98,84.6,99.3,2.41,3.418
2050-12-12,14.19,9.77,15.88,352.06,88.3,98.8,6.17,4.588
2050-12-13,14.35,6.69,33.86,308.82,74.2,99.3,4.05,4.003
2050-12-14,9.23,5.23,35.38,285.66,73.3,99.8,0,3.277
2050-12-15,8.34,1.35,44.66,249.33,79.3,99.5,0,2.284
2050-12-16,7,1.69,28.24,289.2,80.7,99.1,0,0.763
2050-12-17,5.94,2.36,45.2,261.2,72.7,99.5,0,0.673
2050-12-18,5.5,1.36,42.88,253.37,79.8,100.6,0,0.583
2050-12-19,4.51,-2.6,46.58,238.98,89.2,101.5,0,0.608
2050-12-20,10.68,-1.68,19.87,318.6,88.9,101.4,2.37,1.875
2050-12-21,11.77,9.02,21.17,343.5,95.9,100.7,4.99,2.662
2050-12-22,8.92,5.58,38.93,294.61,79.9,100.7,0,2.206
2050-12-23,11.91,6.27,15.99,340.82,90.3,100.8,0,2.515
2050-12-24,11.89,10.58,21.64,344.45,91.8,100.6,0.91,2.608
2050-12-25,12.11,10.32,22.29,344.57,95.9,100.5,3.1,2.883
2050-12-26,12.59,1.89,18.91,303.77,96.6,101.1,7.63,0.811
2050-12-27,12.16,2.11,13.58,333.51,99,101.6,1.4,0.915
2050-12-28,11.4,8.96,20,347.59,98.3,100.9,1.64,1.533
2050-12-29,11.75,2.32,41.16,279.25,80,100.5,0.95,1.974
2050-12-30,9.96,2.29,37.07,293.29,70.9,101.4,0,2.327
2050-12-31,11.57,4.56,24.39,310.22,79.6,100.4,9.79,3.032
