date,tmax,tmin,swdown,lwdown,relhum,pres,prec,windspeed
2016-01-01,8.97,5.98,17.54,322.89,96.3,100.4,14.26,1.456
2016-01-02,8.99,6.51,12.96,310.01,84.6,99.5,6.1,7.409
2016-01-03,9.05,5.3,23.57,305.01,84.1,98.4,17.45,6.719
2016-01-04,7.35,5.06,15.43,302.42,76,97.4,11.44,9.537
2016-01-05,7.05,5.28,21.73,301.47,81.8,98.6,6.57,7.159
2016-01-06,6.45,3.75,8.45,309.31,87.1,98.1,3.23,1.88
2016-01-07,4.9,2.89,15.77,294.56,87.7,97.7,2.52,2.062
2016-01-08,4,0.87,25.12,258.42,87.9,98.4,0,1.837
2016-01-09,7.61,0.68,5.13,297.87,87.8,97.3,13.61,4.286
2016-01-10,7.35,5.05,24.02,305.33,94.5,96.9,0.6,1.089
2016-01-11,7.02,3.34,19.79,300.11,93.3,99.5,1.76,1.473
2016-01-12,6.67,3.98,21.13,296.97,89,100.3,0,2.093
2016-01-13,8.29,5.89,18.59,305.52,84.6,99.1,5.75,1.239
2016-01-14,7,4.78,8.67,301.33,80.9,99.7,8.42,5.123
2016-01-15,7.17,4.72,25.97,282.37,77.8,100.9,0.71,1.81
2016-01-16,8.65,6.06,19.68,323.78,89.8,100.1,9.1,2.015
2016-01-17,7.16,1.37,41.34,242.93,87.1,100.9,0,0.777
2016-01-18,9.08,1.02,19.21,293.56,86.1,100.8,0,1.303
2016-01-19,10.03,6.78,6.55,320.6,91.2,100,14.84,3.245
2016-01-20,8.61,3.89,18.37,297.68,80,101.3,12.88,9.076
2016-01-21,9.61,5.72,22.85,324.28,87,101.4,13.96,3.398
2016-01-22,9.57,7.51,12.75,338.56,93.6,101.1,4.97,2.809
2016-01-23,9.07,4.39,41.68,293.02,79.5,100.9,13.52,7.038
2016-01-24,8.32,6.06,27.07,309.29,84.1,101.7,0.28,8.503
2016-01-25,9.2,7.38,29.71,323.58,91.7,101.9,0.9,6.891
2016-01-26,9.02,7.15,19.13,330.99,93.6,102.1,1.24,5.888
2016-01-27,8.32,7.6,12.83,338.69,95,102,11.58,3.988
2016-01-28,7.8,7.2,24.87,324.64,94.2,101.6,1.59,4.919
2016-01-29,8.21,6.93,21.5,327.71,96.2,101.5,6.32,1.971
2016-01-30,9.08,6.91,14.22,335.59,95.7,100.7,12.31,0.883
2016-01-31,9.02,5.44,13.13,315.3,83.3,100,5.33,7.248
2016-02-01,7.15,3.24,50.65,283.2,79.8,100.3,8.7,0.228
2016-02-02,7.95,1.87,44.38,278.78,81.2,100.7,4.42,3.206
2016-02-03,6.54,1.4,16.15,283.82,81.2,101.3,12.68,4.364
2016-02-04,9.43,5.15,19.62,308.39,79.7,100.4,20.43,4.161
2016-02-05,8.47,5.46,16.36,319.67,91,102.3,11.19,7.849
2016-02-06,9.66,1.79,56,284.48,89.9,103.2,0,0.442
2016-02-07,2.98,-0.15,65.46,243.1,74.4,103.4,0,1.24
2016-02-08,4.51,-0.27,70.61,240.95,79.3,104,0,0.577
2016-02-09,3.84,-0.96,70.99,229.65,81.1,104,0,0.501
2016-02-10,5.11,0.72,53.56,279.4,83.3,103.8,0,0.951
2016-02-11,6.57,2.86,35.9,305.29,91.6,103.8,0.57,0.426
2016-02-12,8.2,3.18,36.73,308.89,94.1,103.7,0.24,2.175
2016-02-13,8.71,5.91,37.47,317.24,88.6,102.8,1.23,5.999
2016-02-14,7.59,3.38,53.16,294.03,73.7,101.8,0.83,4.623
2016-02-15,5.41,1.43,61.09,266.47,75.1,101.9,0,1.596
2016-02-16,4.59,1.56,53.97,276.78,73.9,101.6,0,1.056
2016-02-17,6.12,-0.38,68.7,261.91,78.1,101.1,0,1.446
2016-02-18,5.9,3.16,36.18,300.43,87.3,99.9,11.4,3.232
2016-02-19,4.2,1.94,60.58,273.92,74.6,100.4,0.41,1.883
2016-02-20,5.31,0.69,87.31,252.54,78.7,101.9,0,1.594
2016-02-21,5.44,1.02,80.23,268.6,74.2,102.3,0,0.891
2016-02-22,5.19,0.83,105.54,233.33,64.1,101.9,0,1.971
2016-02-23,5.12,0.07,111.99,226.35,64.9,101.3,0,2.158
2016-02-24,3.59,1.23,55.72,282.47,75.2,101.7,0,1.267
2016-02-25,2.73,-0.57,66.97,259.21,70.2,101.2,0,1.949
2016-02-26,1.97,-1.27,71.2,255.16,65.9,101.6,0,3.921
2016-02-27,3.33,-0.65,66.38,263.71,80.6,102.1,0,2.375
2016-02-28,2.89,-0.66,66.82,267.38,83.9,100.4,0.73,2.304
2016-02-29,2.52,-0.85,59.8,266.2,81.4,99.9,0.52,2.153
2016-03-01,2.14,-1.05,52.81,265.48,78.9,99.4,0.09,2.003
2016-03-02,3.62,-0.4,52.31,274.74,83.7,100.5,0.47,2.276
2016-03-03,2.13,-0.96,74.81,266.15,73.4,100.7,0,3.902
2016-03-04,3.1,-1.06,98.08,256.01,68.9,99.7,0,5.935
2016-03-05,4.44,1.51,58.19,296.07,77.4,99.3,1.82,8.11
2016-03-06,4.2,0.7,45.96,284.68,83.7,100.1,4.72,4.656
2016-03-07,3.59,1.45,49.87,282.23,78.7,100.7,0,5.587
2016-03-08,5.41,1.29,98.78,278.74,77.9,101.2,0,4.381
2016-03-09,4.21,-0.2,101.55,267.68,77,101.4,0,3.064
2016-03-10,3.64,-0.97,108.15,264.08,73.9,101.6,0,1.597
2016-03-11,3.89,-1.08,115.93,252.39,75.4,102.1,0,1.263
2016-03-12,2.27,-1.92,141.09,227.38,80.3,102.2,0,0.458
2016-03-13,3.89,-0.31,95.58,280.87,77.9,102,0,1.569
2016-03-14,4.65,0.32,102.93,284.3,82.5,101.4,0,0.376
2016-03-15,5.06,0.93,93.18,276.43,80.1,100.9,0,0.576
2016-03-16,4.94,0.64,72.16,282.59,87.4,100.9,1.57,0.417
2016-03-17,5.89,1.03,72.82,296.68,86.5,100.6,1.18,0.774
2016-03-18,6.46,2.65,28.65,311.51,92.3,98.1,29.78,1.281
2016-03-19,7.97,0.11,144.84,257.37,84.3,99.3,0,0.609
2016-03-20,9.94,1.64,173.74,258.24,84.8,100.8,0,0.8
2016-03-21,7.6,3.34,108.87,298.2,92.8,100.4,0,0.556
2016-03-22,8.2,4.01,84,306.63,89,99.3,1.42,2.271
2016-03-23,6.79,3.13,96.06,283.44,93.1,100.3,0.79,0.995
2016-03-24,6.78,2.35,118.53,282.89,84,101.1,0,0.28
2016-03-25,8.91,4.06,82.81,319.65,94.2,100.9,4.22,1.274
2016-03-26,8.33,5.39,105.3,310.57,83.6,101.2,1.66,4.168
2016-03-27,9.09,5.38,101.38,301.03,83.8,100.8,8.48,3.923
2016-03-28,8.73,5.04,97.93,312.69,84.6,100.9,1.26,2.847
2016-03-29,8.85,5.69,32.85,321.69,93.2,99.9,13.4,4.807
2016-03-30,6.99,4.92,78.82,302.67,71.9,99.9,12.09,9.553
2016-03-31,7.28,5.05,66.96,314.22,86.9,100.4,9.34,6.528
2016-04-01,10.01,6.8,138.49,313.64,86,100.4,3.24,5.191
2016-04-02,10.75,7.19,99.59,333.46,91,101.2,2,2.601
2016-04-03,9.69,6.44,74.19,334.22,96.3,101.3,7.67,1.032
2016-04-04,9.82,7.61,93.58,332.91,93.3,100.4,4.55,2.268
2016-04-05,9.13,6.39,214.62,253.86,75.5,100.8,0,3.232
2016-04-06,8.77,4.25,70.81,289.45,86.5,99.7,16.69,1.496
2016-04-07,9.23,3.07,183.76,267.89,71.3,99.4,0,1.359
2016-04-08,8.73,4.65,134.7,296.08,84.3,100.5,3.57,4.029
2016-04-09,11.17,6.52,58.2,337.33,94.7,98.9,24.77,2.683
2016-04-10,8.48,5.66,81.5,312.3,78.2,97.7,17.84,10.736
2016-04-11,8.16,5.72,101.66,311.58,78.8,99.6,9.68,10.141
2016-04-12,9.98,5.72,66.77,326.68,92.4,100.7,7.41,4.902
2016-04-13,11.15,8.98,148.54,326.69,92.8,101.3,0.15,4.51
2016-04-14,10.73,7.92,152.36,319.64,91,101.7,0.19,3.18
2016-04-15,11.54,7.02,192.72,304.57,90.1,101.7,0,1.11
2016-04-16,10.47,7.71,115.26,332.01,96.4,101.5,1.67,1.128
2016-04-17,14.78,6.29,196.66,315.8,92.1,100.8,0.65,0.454
2016-04-18,10.01,7.44,172.21,307.17,82.6,100.6,1.77,4.944
2016-04-19,11.35,7.46,125.56,327.5,91,100.4,12.35,5.634
2016-04-20,9.88,6.22,144.91,313.51,81.8,99.7,26.33,10.378
2016-04-21,7.98,5.71,104.49,303.66,75.9,99.6,8.23,7.928
2016-04-22,9.74,4.76,149.84,298.17,74,99.6,2.61,3.05
2016-04-23,8.73,4.49,138.79,293.7,85.2,100.1,7.59,3.533
2016-04-24,9.4,5.83,159.89,304.74,77.8,98.8,12.51,6.483
2016-04-25,9.23,4.4,139.74,293.93,74.8,98.9,4.7,3.287
2016-04-26,9.77,4.49,173.52,289.6,76.6,100.2,0.04,1.253
2016-04-27,9.83,3.96,202.17,289.23,74.2,101.2,1.68,1.034
2016-04-28,7.87,2.29,223.36,266.62,70.3,101.3,1.32,0.164
2016-04-29,10.52,5.77,64.28,336.54,96.5,99.7,35.29,5.11
2016-04-30,8.05,5.64,122.78,297.79,79.2,98.6,4.02,5.606
2016-05-01,8.73,5,193.11,277.65,61.6,99.1,0,4.68
2016-05-02,8.44,4.7,125.28,291.8,82,99.5,3.89,4.376
2016-05-03,8.25,5.84,86.04,311.83,88.2,98.7,10.22,6.469
2016-05-04,8.06,4.22,162.44,292.98,67.8,98.4,5.17,6.696
2016-05-05,8.19,4.44,149.52,295.11,79.9,99,2.12,1.776
2016-05-06,8.13,3.22,212.21,270.4,72.2,99.5,0,1.797
2016-05-07,8.49,2.06,197.34,274.9,75.6,99.8,2.23,1.14
2016-05-08,7.36,3.45,153,291.34,78.5,100,5.65,0.854
2016-05-09,7.33,1.51,139.57,271.49,67.7,100,0.39,1.157
2016-05-10,8.57,1.99,209.61,265.99,66.5,100.1,0,2.106
2016-05-11,9.2,5.06,148.83,300.29,75.1,100.2,0.76,3.401
2016-05-12,10.94,4.63,218.65,283.13,80.8,100.8,0,0.815
2016-05-13,10.92,5.02,228.76,290.91,70.1,101.5,0.38,2.02
2016-05-14,11.2,3.58,163.25,291.41,69.9,101.5,0,2.252
2016-05-15,10.57,5.46,169.13,293.26,72.3,100.9,0,0.179
2016-05-16,11.57,7.15,187.14,303.98,68.2,100.2,0,1.153
2016-05-17,10.03,6.87,159.33,308.54,84.9,99.9,3.42,0.621
2016-05-18,11.39,4.41,259.51,275.21,82.9,100.4,0,1.22
2016-05-19,12.41,7.25,189.83,319.96,85.8,99.7,2.98,1.524
2016-05-20,12.03,8.97,161.52,327.87,89,99.3,8.26,5.43
2016-05-21,11.75,8.4,199.94,307.81,82.3,100,2.01,4.216
2016-05-22,13.24,8.73,137.29,343.47,93.3,100.5,4.47,0.827
2016-05-23,18.78,11.15,271,330.39,81,100.7,0,1.159
2016-05-24,19.14,12.96,268.41,331.9,71,100.2,0.83,3.392
2016-05-25,19.01,13.27,149.2,359.15,78.3,100.2,1.02,1.822
2016-05-26,16,10.76,221.74,317.64,81.2,100.3,0,0.489
2016-05-27,14.1,9.07,271.05,306.33,84.9,100.8,1.65,2.712
2016-05-28,14.25,7.51,285.35,281.85,75.7,101,0,2.297
2016-05-29,14,7.56,299.38,277.32,77.5,101.3,0,1.846
2016-05-30,16.75,8.46,301.21,290.4,73.3,101.8,0,0.355
2016-05-31,18.13,8.39,314.72,290.33,72.7,101.8,0,1.803
2016-06-01,19.52,8.32,328.44,290.18,72.2,101.8,0,3.322
2016-06-02,20.35,9.69,316.69,311.75,78.6,101.3,0,4.218
2016-06-03,22.02,13.97,320.03,337.38,73.5,101.1,0,4.252
2016-06-04,21.95,13.02,343.19,305.87,65.2,101.3,0,3.603
2016-06-05,20.52,11.54,337.36,298.67,66.7,101.2,0,0.652
2016-06-06,15.09,9.72,341.49,274.87,64.4,101,0,5.284
2016-06-07,16.18,8.9,316.4,284.6,68.5,101.1,0,3.157
2016-06-08,15.48,8.22,301.1,291.36,70.4,100.7,0,2.025
2016-06-09,12.61,8.43,168.72,308.16,67.3,101,0,2.691
2016-06-10,13.11,9.33,140.5,320,73.4,100.9,1.66,1.159
2016-06-11,13.35,8.06,234.42,297.25,73.8,100.7,0.31,1.364
2016-06-12,13.99,7.33,259.11,286.4,69.7,100.5,0,0.816
2016-06-13,14.03,7.43,185.9,307.5,71.7,100.5,1.86,1.878
2016-06-14,14.22,7.72,251.12,296.45,65.8,101,0,2.102
2016-06-15,15.62,9.8,247.12,315.79,70.3,101,4.73,3.604
2016-06-16,14.95,11.85,232.52,336.06,78.4,99.2,23.93,9.922
2016-06-17,14.73,10.73,235.02,321.08,78.2,99.2,3.15,7.058
2016-06-18,13.65,8.33,177.69,329.3,87.6,98.8,14.81,2.524
2016-06-19,12.69,7.33,214.31,296.91,70.3,99.8,0.96,1.552
2016-06-20,12.64,9.4,160.87,317.67,72.8,100.6,8.39,6.575
2016-06-21,14.02,10.28,162.98,323.36,80.6,100.7,5.48,4.872
2016-06-22,14.48,11.81,89.82,351.03,89.1,98.6,24.68,3.961
2016-06-23,15.45,10.36,210.99,323.87,80.1,97.9,5.84,6.068
2016-06-24,14.22,9.83,199.29,322.79,78.2,99.9,0,3.606
2016-06-25,17.34,13.86,208.35,357.11,92.6,100.7,0.58,1.745
2016-06-26,18.11,13.85,225.68,355.84,93.5,101,1.01,1.051
2016-06-27,21.12,14.03,292.89,343.63,89.9,100.8,1.6,0.237
2016-06-28,20.97,14.87,319.54,334.88,87.9,100.7,0.77,0.2
2016-06-29,18.47,12.32,198.39,346.14,87.2,100.6,4.96,2.268
2016-06-30,15.18,11.32,227.1,311.92,70.8,101.4,0,3.22
2016-07-01,16.53,10.73,306.85,297.85,75.1,101.7,0,1.794
2016-07-02,17.99,11.74,297.82,313.47,72.9,101.5,0,2.456
2016-07-03,21.86,12.43,268.44,344.95,81.7,101.2,0,2.731
2016-07-04,22.12,14.04,271.69,345.59,84,101,0,1.924
2016-07-05,19.67,15.5,192.45,362.14,90.1,101,0.61,0.235
2016-07-06,21.43,15.72,227.48,366.83,88.1,101,0.51,1.329
2016-07-07,20.81,16.08,302.93,346.49,88.1,101.1,0,0.575
2016-07-08,18.05,12.95,273.62,328.48,77.8,101,1.07,3.948
2016-07-09,15.78,11.96,220.47,309.74,75.1,100.6,1.85,5.569
2016-07-10,15.37,10.75,202.61,310.63,76.7,100.6,1.13,2.945
2016-07-11,15.99,9.75,234.84,308.25,72.5,101.2,0,2.223
2016-07-12,15.83,12.11,103.11,347.33,89.7,100.8,20.2,6.387
2016-07-13,17.36,12.64,251.17,330.12,79.3,100.7,4.72,2.72
2016-07-14,17.67,13.79,196.42,354,85.4,100.1,13.99,4.969
2016-07-15,17.5,13.36,235.7,344.52,85,100.5,0.11,3.119
2016-07-16,16.59,13.01,162.12,342.99,82.5,100.3,3.91,3.838
2016-07-17,14.6,11.82,152.2,333.67,78.2,100.3,2.9,4.733
2016-07-18,14.77,11.13,188.67,322.16,82.6,100.2,4.52,1.891
2016-07-19,15.94,10.31,230.75,304.41,78.5,100.2,2.17,2.828
2016-07-20,16.04,10.21,239.6,297.25,71.6,100.6,0.51,1.133
2016-07-21,15.81,8.76,245.25,291.6,73.3,100.4,0,2.075
2016-07-22,15.29,10.68,194.66,328.59,78.7,100.1,3.76,4.398
2016-07-23,16.44,11.15,204.62,312.95,75.3,100,0.9,2.113
2016-07-24,17.76,11.63,162.33,330.17,76.9,100.1,0,2.167
2016-07-25,17.89,11.48,193.27,321.6,80.8,100.1,0,2.388
2016-07-26,18.27,11.19,228.18,314.93,85.9,100.3,0,0.607
2016-07-27,18.87,12.27,229.55,332.91,84.8,100.6,0,1.084
2016-07-28,16.1,11.56,199.95,319.76,76.8,100.7,0.67,1.926
2016-07-29,14.74,9.77,235.92,294.35,74.2,100,2.24,1.051
2016-07-30,15.08,9.29,206.12,298.26,75.1,99.9,4.39,1.883
2016-07-31,15.73,10.01,203.74,302.02,74.7,100.1,2.55,2.256
2016-08-01,16.37,10.73,201.36,305.89,74.3,100.2,0.71,2.324
2016-08-02,17.64,10.56,263.54,309.91,74.5,100.5,0,2.294
2016-08-03,17.1,11.24,197.6,328.58,82.9,100.5,0.9,1.643
2016-08-04,16.38,13.08,216.46,332.3,82.5,100.3,2.27,4.331
2016-08-05,16.36,12.41,218.61,322.17,80.8,100.5,3.14,2.986
2016-08-06,17.31,11.03,242.33,306.01,76.9,100.9,0.76,2.249
2016-08-07,16.92,11.94,211.98,314.96,74,101,0,1.703
2016-08-08,19.18,11.81,284.91,304.6,75.1,101,0,1.036
2016-08-09,19.96,12.65,224.72,331.91,84.4,100.9,0,1.189
2016-08-10,18.4,13.42,231.88,320,81.7,101,0,0.429
2016-08-11,19.79,12.03,280.31,300.47,80.2,101.4,0,0.426
2016-08-12,19.1,13.99,212.54,330.03,82.7,101.7,0,3.244
2016-08-13,19.84,13.03,258.67,317.49,79.5,101.5,0,2.828
2016-08-14,17.62,14.65,163.21,350.26,83.9,101.3,0,2.78
2016-08-15,17.64,15.14,126.61,360.74,89.2,100.7,7.94,4.728
2016-08-16,16.72,12.61,193.67,317.04,74.6,100.7,0,3.306
2016-08-17,16.43,10.79,234.32,297.72,70.2,100.6,0.48,1.55
2016-08-18,15.87,8.73,243.38,277.93,73.9,100.6,0,0.218
2016-08-19,16.81,12.53,55.25,363.3,87.8,99.2,21.05,1.184
2016-08-20,18.12,15.21,218.66,338.59,89.4,98.9,9.3,1.604
2016-08-21,18.02,14.78,213.64,326.14,89.1,99.3,5.57,0.647
2016-08-22,17.63,14.18,196.75,330.89,87,99.2,4.1,1.838
2016-08-23,16.62,13.64,97.83,354.04,93.1,99.1,17.63,2.045
2016-08-24,16.44,11.57,194.34,314.85,77.8,100.3,0.87,3.284
2016-08-25,16.34,11.67,142.83,329.38,81.3,101.1,1,1.246
2016-08-26,17.06,13.17,182.05,334.6,82.1,100.7,20.28,5.246
2016-08-27,18.19,13.36,83.97,357.27,92.5,100.3,11.81,5.075
2016-08-28,16.88,13.41,176.85,319.49,81.5,100.8,1.24,6.122
2016-08-29,17.11,12.34,61.27,357.06,93,100.9,20.47,2.189
2016-08-30,17.2,15.14,166.66,347.55,91.5,100.9,1.68,3.867
2016-08-31,16.69,14.34,134.32,339.41,85,100.7,2.47,5.694
2016-09-01,16.18,13.54,101.97,331.45,78.6,100.5,3.27,7.521
2016-09-02,14.46,11.91,153.24,311.42,77.5,100,7.16,8.244
2016-09-03,15.43,10.99,153.69,308.39,71.7,100.7,0,3.421
2016-09-04,17.16,13.49,112.51,350.69,88,99.9,8.79,6.449
2016-09-05,17.73,13.4,83.94,350.16,86.9,99.7,5,6.068
2016-09-06,15.79,13.15,140.9,316.08,73.4,100,0.51,7.979
2016-09-07,14.33,10.77,119.62,318.73,80.9,99.6,7.97,2.846
2016-09-08,14.12,7.38,166.49,277.51,69.1,100.6,0.38,2.118
2016-09-09,14.85,9.93,147.78,303.9,70.9,101,2.08,3.666
2016-09-10,16.81,10.48,56.78,353.01,92.4,100.2,23.93,0.51
2016-09-11,16.61,14.19,130.41,348.9,89.1,99.4,21.35,6.94
2016-09-12,15.65,10.85,131.52,327.98,86.6,98.8,12.73,3.975
2016-09-13,14.12,8.02,147.68,288.46,74,100.3,0.98,3.896
2016-09-14,14.28,7.09,107.71,306.99,76.9,101.3,1.98,1.181
2016-09-15,16.65,13.63,94.92,357.33,94.4,101.4,7.85,1.599
2016-09-16,18.39,12.54,182.73,312.91,79.4,101.3,0,1.372
2016-09-17,17.42,9.39,151.19,298.88,77.7,100.4,0,1.78
2016-09-18,15.82,13.13,116.41,334.77,84.1,100,7.08,1.041
2016-09-19,15.99,12.24,154.48,312.87,77,100.2,0.74,0.889
2016-09-20,16.37,14.07,122.03,335.58,86.2,99.5,6.1,2.196
2016-09-21,15.82,13.27,56.63,345.37,81.2,99.9,13.36,6.179
2016-09-22,16.54,13.3,107.02,335.04,83.1,99.8,23.59,7.512
2016-09-23,16.41,12.94,71.22,348.89,88.8,100.5,1.76,3.707
2016-09-24,16.94,11.33,30.38,351.13,88.4,99.7,22.26,1.602
2016-09-25,15.02,11.73,131.25,303.08,71.7,100.8,0.47,6.166
2016-09-26,15.33,12.04,105.6,313.74,75.4,100.9,0,1.825
2016-09-27,15.49,13.43,102.69,336.91,82.3,99.5,23.71,4.418
2016-09-28,16.92,11.11,85.85,348.28,87.2,98.1,54.53,7.328
2016-09-29,12.9,11.05,101.61,320.43,78.1,99.2,7.97,8.298
2016-09-30,12.45,9.55,54.41,319.81,76.7,98.6,21.73,2.411
2016-10-01,12.8,8.23,51.81,307.28,82.9,98.7,5.23,4.234
2016-10-02,13.01,8.76,108,291.36,84.8,99.4,2.67,2.595
2016-10-03,14.49,8.32,75.88,327.14,89.6,99.5,2.62,1.802
2016-10-04,15.42,11.11,20.92,343.47,88.8,99,21.81,7.428
2016-10-05,11.67,9.55,39.64,310.82,74.8,99.2,2.37,8.574
2016-10-06,11.99,9.81,78.21,303.38,72.1,99.5,2.49,9.768
2016-10-07,12.71,10.39,85.04,322.32,78.3,100.3,0.03,6.047
2016-10-08,14.28,10.85,48.39,358.11,97.1,101.2,1.01,0.451
2016-10-09,15.63,13.88,32.23,370.52,97.6,101.4,3.3,0.965
2016-10-10,14.78,10.04,104.16,306.84,85.7,101.5,2.19,0.311
2016-10-11,15.19,10.37,44.12,343.78,89.6,101.1,0,1.165
2016-10-12,14.4,11.14,14.67,351.3,92.4,100.6,20.83,0.271
2016-10-13,11.37,8.62,36.43,312.15,83.9,100.2,6.08,4.775
2016-10-14,9.47,5.67,47.95,293.3,79.5,99.4,3.57,2.178
2016-10-15,9.59,5.69,32.64,301.45,81.7,99.6,5.47,2.692
2016-10-16,8.99,6.13,68.54,300.31,76.3,98.7,7.6,2.208
2016-10-17,10.9,4.66,63.29,277.81,89.2,98.8,3.99,3.163
2016-10-18,10.7,5.5,80.9,273.82,84.5,100.1,0,1.331
2016-10-19,11.19,6.28,44.82,318.2,81.8,99.8,6.83,1.38
2016-10-20,9.66,7.85,38.89,303.57,82.9,98.9,8.37,3.781
2016-10-21,9.52,5.93,70.93,281.09,69.3,99.4,0,4.275
2016-10-22,8.25,3.54,85.01,264.47,72.6,99.4,0,0.966
2016-10-23,7.4,3.33,79.09,262.94,72.6,99,0,1.075
2016-10-24,8.62,3.6,43.89,293.21,84.5,99.5,1.81,0.288
2016-10-25,11.17,5.87,55.08,303.87,90.1,99.5,4.38,2.005
2016-10-26,11.31,5.87,54.17,314.41,89.6,100.6,0.12,1.351
2016-10-27,14.2,7.09,34.95,322.13,93.7,100.6,17.2,1.146
2016-10-28,11.77,5.49,78.29,272.21,85.9,101.5,0,1.615
2016-10-29,11.71,6.99,45.19,305.17,88.7,101.6,0.97,1.154
2016-10-30,11.49,5.3,66.81,283.77,90.7,101.9,0,0.933
2016-10-31,11.14,5.61,70.04,282.21,89.3,102.1,0,0.707
2016-11-01,10.8,5.93,73.28,281.62,88,102.3,0,1.187
2016-11-02,10.39,7.78,43.77,318.05,90.6,102.4,0.71,2.944
2016-11-03,9.98,7.08,46.35,313.75,92.3,102.3,0.19,2.177
2016-11-04,10.06,5.82,48.45,300.81,92.8,101.9,0,1.474
2016-11-05,10.7,6.81,40.09,312.79,89.2,101.2,0,1.23
2016-11-06,10.62,6.24,33.51,319.17,91.4,99.7,5.99,1.483
2016-11-07,10.73,7.39,46.83,302.64,69.1,99.3,4.21,9.254
2016-11-08,13.45,8.09,28.14,344.46,93.8,99.6,24.33,5.388
2016-11-09,13.55,10.34,21.04,348.33,91.8,99.7,10.34,6.57
2016-11-10,10.86,9.45,42.24,305.94,70.3,99.9,7.09,8.443
2016-11-11,11.69,9.8,23.08,327.91,83.1,100.2,7.9,7.773
2016-11-12,12.68,11.03,35.13,323.55,90.1,101,0.47,5.619
2016-11-13,12.89,11.81,27.09,336.64,88.2,100.9,1.06,5.549
2016-11-14,12.93,10.86,20.12,331.03,88.7,100.6,6.41,5.05
2016-11-15,11.1,8.11,19.29,308.33,75.8,100.6,1.78,5.228
2016-11-16,8.29,5.59,32.05,290.95,69.6,100.5,11.27,5.578
2016-11-17,7.37,3.02,49.55,260.3,74.9,100.7,0.47,1.097
2016-11-18,11.26,6.5,33.66,309.13,77.7,100,15.62,8.349
2016-11-19,9.41,7.27,27.53,309.37,73.4,100,7.27,8.407
2016-11-20,12.1,6.1,22.42,317.88,87.9,98.7,28.65,5.319
2016-11-21,6.86,4.15,23.78,271.8,72.6,99.6,2.65,3.264
2016-11-22,4.18,2.16,27.72,249.89,68.7,100.4,1.36,4.758
2016-11-23,5.71,0.22,35.24,246.72,76.1,100.6,0.06,2.109
2016-11-24,5.46,0.9,36.85,262.05,78.5,101.3,2.36,0.319
2016-11-25,10.44,5.22,13.56,327.69,94.4,100.5,16.14,1.546
2016-11-26,11.94,7.06,24.72,317.36,84.7,99.8,14.38,4.899
2016-11-27,8.4,6.38,25.64,294.28,72.5,100.1,7.03,8.881
2016-11-28,11.88,6.84,5.8,334.09,90.3,100.8,15.78,4.437
2016-11-29,12.64,7.63,8.16,340.89,92.3,100.4,8.56,5.385
2016-11-30,12.82,6.85,4.16,314.98,83.9,100.1,17.92,5.202
2016-12-01,9.44,7,8.41,316.35,79.4,100.3,3.2,7.819
2016-12-02,9.76,6.31,6.7,320.33,83.5,98.5,22.26,9.592
2016-12-03,7.97,6.41,26.29,288.78,71.7,99.7,3.8,5.725
2016-12-04,11.93,6.88,15.18,324.16,88.4,99,31.06,7.206
2016-12-05,8.84,7.28,18.41,303.88,71.3,98.8,8.75,10.498
2016-12-06,8.3,6.42,10.81,308.79,80.5,99.6,10.52,9.406
2016-12-07,8.76,3.95,7.48,304.11,81.8,99,12.37,4.655
2016-12-08,9.42,6.38,15.09,314.55,94.1,97.1,2.55,2.66
2016-12-09,7.36,5.7,14.36,317.44,93.4,97.8,2.14,1.437
2016-12-10,7.04,4.5,7.83,307.88,88,97.2,12.57,4.683
2016-12-11,7.07,3.37,18.2,288.9,85.8,97.9,8.52,0.417
2016-12-12,5.11,2.31,5.76,293.43,80.6,96.8,12.9,4.902
2016-12-13,5.76,2.23,22.73,263.64,72.2,99.8,0,2.748
2016-12-14,6.25,1.59,13.63,292.95,79.7,100,2.88,3.341
2016-12-15,7.68,4.78,10.21,316.2,89.8,99.1,8.94,4.215
2016-12-16,6.5,2.64,24.2,282.51,95.5,99.7,2.04,1.104
2016-12-17,5.71,2.54,14.94,294.17,93,100.4,0,2.233
2016-12-18,6.56,3.45,21.76,298.06,89.1,100.7,1.28,2.735
2016-12-19,4.55,2.2,16.42,287.38,84.5,102.2,0,1.689
2016-12-20,3.62,1.54,15.22,287.73,85.2,102.2,0,1.728
2016-12-21,3.2,-0.33,17.41,266.73,85.3,101.2,0,1.517
2016-12-22,1.94,-1.35,20.03,246.48,78.9,101.1,0,0.826
2016-12-23,4.56,-1.89,15.69,270.1,88.2,101.2,0,1.118
2016-12-24,4.56,-0.41,23.26,276.62,94.5,101.3,0.23,0.966
2016-12-25,6.47,-1.4,16.43,289.86,93,100.8,2.31,1.375
2016-12-26,9.01,6.07,14.63,327.72,95.1,100.3,11.44,0.662
2016-12-27,11.21,5.93,23.04,310.46,77.2,99.6,32.61,7.553
2016-12-28,6.25,3.15,15.76,295,80.3,99.2,4.77,2.851
2016-12-29,5.02,-0.73,11.45,270.53,83.1,99.5,17.41,8.703
2016-12-30,7.97,0.49,10.1,306.2,87.3,100.5,7.98,1.22
2016-12-31,9.27,4.22,9.52,324.89,92.6,100.1,9.71,0.704
2017-01-01,10.57,7.95,8.95,341.33,97.6,99.7,11.46,1.225
2017-01-02,10.69,6.43,7.83,315.64,87.3,99.2,16.04,5.782
2017-01-03,7.77,5.77,14.8,302.77,71.5,99.2,9.36,10.609
2017-01-04,6.87,5.14,20.23,304.41,81.7,99.3,11.66,5.96
2017-01-05,9.11,6.25,8.66,329.21,88.4,96.6,31.77,9.356
2017-01-06,6.44,2.8,24,279.94,78.9,98,0,3.161
2017-01-07,3.7,-0.82,32.94,219.21,76.6,99.9,0,1.406
2017-01-08,6.85,-1.15,8.7,297.18,86.2,100.6,6.96,3.462
2017-01-09,10.08,6.51,3.42,332.49,88.7,98.9,29.96,7.709
2017-01-10,6.62,3.13,13.61,291.63,75.9,98.6,14.46,9.682
2017-01-11,5.57,2.76,12.41,301.74,79.1,97.8,15.05,10.191
2017-01-12,4.8,3.39,16.81,297.81,79.4,97.6,9.47,7.452
2017-01-13,4.55,0.26,14.4,288.93,92,97,14.25,0.702
2017-01-14,5.57,2.62,17.63,286.48,88.5,99.3,2.82,4.97
2017-01-15,5.55,2.57,23,276.28,86.7,100.1,1.05,1.551
2017-01-16,4.67,1.89,28.25,293.2,88.2,99.7,8.54,2.859
2017-01-17,7.95,4.66,17.58,316.93,85.8,98.5,19.78,8.182
2017-01-18,8.11,5.74,11.39,315.13,88,99,9.35,6.692
2017-01-19,9.2,5.15,19.31,317.41,86.1,98.8,14.89,3.213
2017-01-20,9.91,4.74,21.43,317.87,73.4,96.9,12.68,4.806
2017-01-21,6.78,3.13,14.06,298.21,81.1,97.8,5.85,9.028
2017-01-22,4.87,2.52,45.23,242.4,72.9,100.1,0.69,4.644
2017-01-23,7.06,3.01,31.98,306.19,93.2,101.1,6.72,0.696
2017-01-24,9.76,7.1,19.45,341.21,98.4,101,6.44,5.23
2017-01-25,9.32,8.12,26.61,339.06,96.9,101.3,2.99,4.538
2017-01-26,8.95,2.53,40.07,280.78,85.7,101.3,2.79,2.337
2017-01-27,8.21,3.72,26.43,290,86.1,101.4,0,2.197
2017-01-28,8.44,7.25,29.08,327.34,94.9,101.3,4.07,0.946
2017-01-29,8.37,6.32,20.5,329.22,96.4,101.4,7.84,1.329
2017-01-30,7.96,4.47,33.43,306.15,87.8,101.8,0,0.585
2017-01-31,9.33,7.94,8.41,346.29,97.6,101.1,25.19,3.161
2017-02-01,9.61,5.5,7.29,329.72,93.6,100.3,35.92,4.413
2017-02-02,6.35,4.72,27.49,293.1,80.1,101.1,2.31,4.886
2017-02-03,8.09,5.68,19.86,328.73,95.3,101.1,8.35,4.961
2017-02-04,8.55,5.36,29.79,314.54,90.4,100.9,4.57,4.869
2017-02-05,5.88,4.03,38.52,291.47,76.6,100.2,5.66,6.764
2017-02-06,6.6,5,22.61,311.11,78.9,99,5.38,2.565
2017-02-07,6.7,1.65,41.73,293.45,90.8,97.7,10.14,1.405
2017-02-08,7.84,2.21,20.38,306.9,83.6,96.4,26.5,4.848
2017-02-09,5.61,3.09,35.29,293.55,76.1,97.2,15.03,9.496
2017-02-10,9.82,4.74,13.37,312.79,86.4,98.9,22.04,5.3
2017-02-11,11.26,7.95,20.29,340.81,94.1,98.4,34.83,6.533
2017-02-12,8.41,6.01,38.16,290.24,83.4,99.2,8.61,5.61
2017-02-13,9.47,5.25,19.15,312.98,83,99.9,23.39,6.263
2017-02-14,9.57,6.04,26.85,312.16,79.8,98.5,14.89,9.602
2017-02-15,7.25,4.97,33.86,307.47,82.4,98.7,11.88,9.471
2017-02-16,5.56,0.85,42.04,272.91,79.1,99.5,15.24,1.517
2017-02-17,4.56,-1.17,93.11,219.23,67.5,100.9,0,0.276
2017-02-18,8.98,3.35,27.75,325.16,93.9,100.3,12.92,3.625
2017-02-19,8.95,5.9,52.91,299.7,70.4,100.1,7.13,11.041
2017-02-20,8.81,5.82,44.03,317.22,83.9,101.5,0,9.559
2017-02-21,10.06,7.7,51.85,325.06,87.9,102,1.17,8.171
2017-02-22,9.59,8.47,49.56,336.29,95.3,102.2,4.16,6.442
2017-02-23,9.16,7.89,50.72,331.54,96.7,102.2,2.26,4.395
2017-02-24,8.14,4.82,24.87,314.5,90.9,101,11.59,4.581
2017-02-25,6.93,4.72,60.68,297.94,74.7,100.2,4.74,8.054
2017-02-26,7.19,5.62,31.04,317.44,84.6,99.7,9.64,7.553
2017-02-27,8.05,4.07,20.73,305.28,84.5,99.4,19.58,4.952
2017-02-28,9.48,2.45,38.63,301.56,83.1,99.2,15.14,1.032
2017-03-01,9.39,7.71,104.4,300.66,79.6,99,7.66,3.714
2017-03-02,8.52,4.64,88.44,280.76,72.4,99.8,5.03,8.558
2017-03-03,8.44,4.17,32.05,310.51,86.2,99.1,24.27,6.707
2017-03-04,6.67,3.72,55.89,296.05,75.1,98.5,17.93,6.983
2017-03-05,9.69,3.48,23.25,303.68,79,96.7,14.35,8.499
2017-03-06,8.19,2.25,61.94,281.68,78.5,99.5,14.65,3.054
2017-03-07,8.26,2.28,29.48,307.78,80.1,98.1,18.68,12.225
2017-03-08,7.47,4.39,78.33,286.91,79.3,99.7,2.38,7.675
2017-03-09,8.44,3.47,33.22,304.05,82.5,98.9,12.18,3.217
2017-03-10,4.83,2.52,52.03,287.02,75.7,98.8,13.88,9.416
2017-03-11,5.1,2.63,68.62,299.5,82.4,99.1,13.22,6.894
2017-03-12,5.58,2.18,47.98,303.31,92.6,98.7,13.45,0.521
2017-03-13,5.87,2.07,132.08,267.23,71.7,99.5,0.28,1.698
2017-03-14,4.53,1.13,113.31,243.69,63.7,101.2,0,3.576
2017-03-15,4.73,0.3,121.12,249.42,65.6,102,0,2.096
2017-03-16,4.19,-0.23,67.57,282.68,75.9,101.8,3.77,0.985
2017-03-17,8.88,4.15,40.36,331.36,96.8,101,11.63,3.211
2017-03-18,9.76,7.5,78.02,338.98,94.8,100.8,10.57,2.329
2017-03-19,9.52,7.6,48.79,342.91,98.7,101.2,6.87,2.093
2017-03-20,9.08,7.38,66.97,332.49,95.3,101.8,2.48,2.039
2017-03-21,12.15,7.6,177.64,289.03,84.2,101.5,0,1.061
2017-03-22,8.78,7.22,111.76,308.65,80.1,101.5,2.34,6.075
2017-03-23,8.86,5.65,103.31,299.61,81.9,102.3,0,0.565
2017-03-24,8.32,6.36,59.13,324.76,92.7,102,5,1.757
2017-03-25,9.18,7.98,63.17,341.51,99.1,101,10.42,1.9
2017-03-26,9.04,6.8,135.07,303.4,83.2,99.7,10.63,5.044
2017-03-27,9.24,5.52,94.14,314.33,87.5,97.1,15.79,2.247
2017-03-28,8.98,5.62,130.42,303.02,83.9,96.5,8.84,5.109
2017-03-29,8.5,4.44,113.96,287.79,80,97.7,0,1.923
2017-03-30,7.72,3.99,98.78,294.35,82.9,97.5,1.45,0.777
2017-03-31,8.04,3.99,111.94,296.1,89.3,98,2.77,0.767
2017-04-01,8.59,3.78,159.9,273.66,88.1,99.3,0.54,0.448
2017-04-02,7.5,2.61,101.85,279.42,82,99.8,0.76,5.594
2017-04-03,5.32,1.68,110.83,281.46,75.5,99.3,0,5.39
2017-04-04,5.99,0.32,137.82,250.38,65.6,99.9,0,3.094
2017-04-05,6.94,0.33,185.86,241.18,69.1,101,0,1.317
2017-04-06,6.15,0.96,166.6,254.45,71.7,101.1,0,0.821
2017-04-07,7.03,0.06,164.04,247.81,65.2,100.7,0,2.058
2017-04-08,6.33,-0.05,146,249.03,71.3,100.5,2.6,2.478
2017-04-09,5.37,-0.78,146.64,240.54,68,100.8,0,3.313
2017-04-10,5.34,0.1,99.36,284.6,84.5,100.6,3.67,4.232
2017-04-11,6.18,1.43,119.61,279.74,86.2,100.3,1.55,0.425
2017-04-12,8.2,1.17,165.64,267.72,82.3,101.2,0,0.196
2017-04-13,8.98,3.17,210.41,261.48,80,101.7,0,0.888
2017-04-14,9.61,2.46,141.67,281.28,71.9,101.7,0,0.685
2017-04-15,9.75,3.4,147.5,291.88,75.2,101.5,0,2.418
2017-04-16,10.47,5.03,147.55,308.22,86.2,101.4,0,2.611
2017-04-17,11.41,6.23,148.76,311.97,85.6,101.7,0,0.458
2017-04-18,11.27,7.36,175.11,304.06,83.4,102,0,0.591
2017-04-19,12.17,5.48,231.4,277.42,84.4,101.9,0,0.986
2017-04-20,12.44,5.57,205.83,281.13,80.5,101.9,0,0.963
2017-04-21,10.76,4.32,249.06,257.7,84.1,101.8,0,0.898
2017-04-22,11.97,5.76,189.5,305.26,88.7,101.1,2.22,1.124
2017-04-23,11.51,9.26,151.34,325.64,92.4,100.8,1.63,3.434
2017-04-24,11.59,7.82,123.7,323.68,84.8,100.5,4.25,5.699
2017-04-25,8.58,6.44,173.4,284.18,65.6,100.6,2.49,9.124
2017-04-26,8.45,5.99,181.41,292.72,69.6,100.9,2.75,5.363
2017-04-27,9.3,3.95,211.91,272.14,68.1,100.9,0.68,0.626
2017-04-28,9.07,2.08,265.77,238.67,70.7,100.6,0,0.208
2017-04-29,10.39,5.72,233.13,273.16,72.2,99.9,0,1.074
2017-04-30,10.81,8.11,163.75,319.83,79,100.1,1.84,6.005
2017-05-01,12.05,8.68,188.8,316.18,84.8,101,0,2.371
2017-05-02,12,9.81,171.28,327.63,92,101,0.87,2.934
2017-05-03,11.41,6.52,134.74,328.78,92.2,100.4,8.41,3.605
2017-05-04,9.54,4.96,115.39,301.86,77.6,100.2,12.54,6.863
2017-05-05,10.42,4.75,138.15,301.54,68.3,99.3,13.91,6.498
2017-05-06,9.52,5.57,152.37,287.78,76.3,100.6,8.02,3.274
2017-05-07,9.32,4.07,195.85,284.56,73.1,100.5,0,2.622
2017-05-08,10.11,4.96,95.57,319.71,83.1,99.8,21.72,1.391
2017-05-09,9.21,5.09,174.09,299.16,76.2,98,5.99,3.901
2017-05-10,8.04,4.88,119.3,308.02,81.9,98.2,4.7,3.212
2017-05-11,9.86,5.06,160.15,300.42,64.6,99,0.07,2.575
2017-05-12,9.73,4.98,220.71,280.08,64.2,100,0,1.501
2017-05-13,9.12,3.32,231.72,264.92,67.4,100.3,0,1.174
2017-05-14,8.07,2.82,157.21,283.75,66.6,100,0,3.342
2017-05-15,10.67,5.91,228.48,286.5,72.3,100.3,0,2.739
2017-05-16,12.31,8.13,192.8,318.59,80.2,99.4,8.68,1.775
2017-05-17,10.42,7.11,90.77,317.11,82.2,98.5,10.01,5.363
2017-05-18,10.55,5.56,248.43,269.82,63.9,99.2,0,3.782
2017-05-19,10.98,4.43,258.08,269.27,77,99.7,0,2.209
2017-05-20,11.07,5.16,266.63,265.58,79.9,100.3,0.44,1.808
2017-05-21,12.69,5.71,236.92,287.1,77.3,100.6,2.08,0.916
2017-05-22,12.12,6.6,220.49,291.51,88,101.2,5.04,0.564
2017-05-23,15.72,6.48,284.24,285.3,78.8,101.8,1.19,2.597
2017-05-24,13.55,7.88,191.85,309.91,77.7,101.3,2.96,5.737
2017-05-25,19.79,10.78,204.7,341.16,85.6,100.3,6.16,1.906
2017-05-26,17.4,9.11,244.56,315.76,78.2,100.4,0,0.626
2017-05-27,14.9,10.59,202.72,341.02,86.2,100.5,5.53,1.015
2017-05-28,13.95,10.41,274.58,312.03,84.9,100.3,3.08,1.377
2017-05-29,12.78,9.14,275.93,289.75,79.9,100.2,0.05,1.831
2017-05-30,12.49,7.47,275.24,283.96,80.8,100.1,1.6,1.571
2017-05-31,12.61,7.08,284.09,279.5,81.2,100.2,1.18,1.441
2017-06-01,12.74,6.7,292.97,274.92,81.7,100.2,0.61,1.331
2017-06-02,13.2,7.47,289.61,281.52,83.4,100.1,2.02,1.697
2017-06-03,15.43,7.41,183.37,313.58,78,99.5,3.68,2.916
2017-06-04,12.26,7.87,69.78,334.09,92.1,98.5,26.17,3.003
2017-06-05,10.96,7.32,128.77,322.33,83.4,99.5,8.41,2.19
2017-06-06,11.04,6.3,191.63,284.59,68.8,100.6,1.37,4.102
2017-06-07,11.71,8.39,178.06,312.92,74.7,100.3,1.6,1.431
2017-06-08,11.98,8.09,181.9,314.52,81.5,99.9,6.66,2.869
2017-06-09,11.79,8.11,212.43,305.85,77.2,100.4,2.5,4.034
2017-06-10,14.1,9.9,203.91,329.2,82.5,100.1,8.66,4.778
2017-06-11,15.67,10.15,128.11,352.31,90,100.4,16.33,7.5
2017-06-12,14.87,9.79,314.01,285.72,75.3,101.7,0,4.892
2017-06-13,14.24,8.54,230.35,311.27,81.9,102.1,0,2.615
2017-06-14,17.23,12.04,222.86,347.34,91.7,101.5,0,2.367
2017-06-15,18.61,11.95,285.74,326.01,90.6,101.1,0,0.213
2017-06-16,18.25,13.35,221.14,343.97,85.5,100.9,0,0.386
2017-06-17,17.25,12.8,218.44,343.89,88.8,100.3,19.93,1.838
2017-06-18,16.47,11.47,249.93,312.96,76,100.4,0,4.685
2017-06-19,14.94,10.9,288.49,294.24,70.3,100.8,0,5.326
2017-06-20,14.64,9.29,235.81,298.28,67.2,101.3,0,1.891
2017-06-21,16.9,8.36,318.55,277.16,69.7,101.5,0,2.574
2017-06-22,18.46,9.21,347.33,282.01,71.9,101.4,0,2.699
2017-06-23,18.09,10.11,308.16,302.37,78.6,101.3,0,1.478
2017-06-24,15.81,9.79,160.56,325.04,86.5,100.6,8.32,0.197
2017-06-25,12.69,9.43,226.16,306.61,73.5,100.5,0,4.279
2017-06-26,13.18,8.45,195.54,316.56,69.4,100.8,0,3.924
2017-06-27,13.59,8.47,170.66,321.69,75,101,0,3.66
2017-06-28,15.05,9.19,257.65,298.96,77.8,101,0,2.84
2017-06-29,15.33,7.67,297.69,282.13,75.5,101.2,0,0.686
2017-06-30,16.95,9.79,256.34,312.1,80.1,100.9,0.55,1.288
2017-07-01,16.99,11.19,281.19,320.34,82.7,100.4,6.63,2.157
2017-07-02,18.21,10.16,286.51,302.37,79.1,99.7,0,0.136
2017-07-03,14.84,10.76,215.86,315.22,84.3,99.5,11.87,3.902
2017-07-04,15.2,11.68,243.14,319.5,79.7,99.9,4.42,4.966
2017-07-05,15.5,11.54,169.35,326.59,85.7,99.5,13.54,1.336
2017-07-06,15.13,11.52,209.87,322.81,82.4,99.8,11.06,4.078
2017-07-07,14.14,12.11,59.41,348.72,94.4,99.4,24.23,0.474
2017-07-08,15.42,11.68,248.97,315.75,79.1,99.8,1.56,5.58
2017-07-09,16.18,12.28,245.28,310.84,76.2,100.1,1.18,5.818
2017-07-10,15.24,11.16,250.08,306.14,76,100.6,0,5.563
2017-07-11,15.36,11.6,247.17,321.15,82.5,100.4,5.22,5.444
2017-07-12,15.47,11.62,281.29,304.02,81.2,100.2,1.93,3.341
2017-07-13,16.89,10.92,289.17,305.53,79.2,99.6,1.32,0.787
2017-07-14,16.8,10.93,226.3,311.45,75.5,100.2,0,1.865
2017-07-15,15.28,10.87,243.92,308.34,74.1,100.1,0,1.676
2017-07-16,15.81,12.35,74.3,352.11,86.4,99.5,5.35,2.474
2017-07-17,18.83,12.56,286.7,321.19,80.8,100,0,4.754
2017-07-18,19.01,11.54,224.6,329.78,83.7,99.8,4.5,2.376
2017-07-19,19.07,12.45,159.98,355.63,86.4,99.8,6.35,1.894
2017-07-20,17.34,13.2,80.66,353.66,81.8,100.1,3.54,4.515
2017-07-21,19.78,11.29,315.6,293.94,70.6,100.4,0,3.352
2017-07-22,18.21,10.17,309.22,282.75,78.9,100.7,0,0.335
2017-07-23,20,12.51,272.35,310.56,78.6,100.9,0,0.53
2017-07-24,19.54,11.96,304.3,302.11,83.6,101.1,0,0.972
2017-07-25,20.79,12.7,300.51,311.21,80.5,100.8,0,0.353
2017-07-26,21.05,14.56,293.15,318.77,82.8,100.5,0,0.254
2017-07-27,20.83,15.66,259.1,330.73,81.5,100.3,0,0.526
2017-07-28,20.38,14.6,270.97,322.17,84.8,100.8,0,0.818
2017-07-29,22.42,14.36,287.9,325.8,83.6,101.1,0,0.257
2017-07-30,21.81,15.96,236.96,346.95,87.9,101,1.66,0.137
2017-07-31,21.85,16.18,253.53,341.91,88,100.9,2.41,0.175
2017-08-01,21.89,16.39,270.22,336.93,88.2,100.9,3.16,0.303
2017-08-02,24.39,16.31,233.09,357.51,84.4,100.7,0.43,0.338
2017-08-03,21.43,17.73,123.04,369.03,88.7,100.3,12.06,0.543
2017-08-04,19.47,15.76,257.69,324.48,81.3,100,2.45,2.212
2017-08-05,18.76,15.55,139,355.42,86.1,99.6,4.05,1.482
2017-08-06,18.79,15.83,211.3,336.37,84.9,99.4,11.71,1.54
2017-08-07,17.36,15.18,141.67,337.82,84.4,99.6,15.81,2.738
2017-08-08,19.7,15.7,192.42,354.45,87.1,100.2,2.03,1.857
2017-08-09,18.95,16.58,242.01,348.11,88.4,99.9,9.66,4.312
2017-08-10,18.38,16.09,216.84,340.65,87,100.3,4.26,4.862
2017-08-11,17.9,13.97,163.48,334,89,100.7,7.81,0.856
2017-08-12,18.28,12.77,163.52,333.17,75.1,101.2,0.8,3.973
2017-08-13,18.19,10.84,232.31,293.26,70.4,101.2,0,1.873
2017-08-14,18.27,10.75,262.85,288.82,70,101.1,0,0.752
2017-08-15,16.82,11.98,157.22,320.99,81.7,100.9,2.73,3.243
2017-08-16,16.72,13.14,138.55,338.25,86.8,101,12.39,3.56
2017-08-17,17.32,13.92,180.13,336.67,85.6,100.7,4.56,3.397
2017-08-18,17.23,12.72,190.5,318.79,80.2,100.7,0.34,1.425
2017-08-19,19.5,13.23,139.88,344.56,76,100.4,0,1.928
2017-08-20,19.15,14.58,235.52,325.15,84.2,100.4,5.06,0.818
2017-08-21,19.08,13.93,246.24,311.07,83.9,100.8,0,0.718
2017-08-22,19.62,13.04,166.55,332.37,83.6,100.6,1.38,0.286
2017-08-23,18.14,13.23,138.54,337.15,83.9,100.7,4.03,1.685
2017-08-24,16.88,12.5,228.16,307.27,80.1,101,2.62,1.456
2017-08-25,17.8,12.1,176.17,321.22,74.9,100.9,0.27,1.751
2017-08-26,17.95,12.24,212.41,310.22,76.7,101,0,0.217
2017-08-27,18.48,12.14,200.94,309.72,83.3,101.1,0,0.617
2017-08-28,18.19,12.37,225.31,305.44,82.7,101.1,0,1.221
2017-08-29,17.22,12.82,129.82,338.76,85.3,100.5,2.48,3.418
2017-08-30,16.58,11.42,182.73,314.77,78.7,100.4,3.31,1.421
2017-08-31,15.95,10.26,192.05,295.72,73.9,100.7,2.11,1.534
2017-09-01,15.33,9.1,201.47,278.4,69.2,101,0.9,1.653
2017-09-02,14.88,10.33,157.08,313.69,65,101.2,0,2.737
2017-09-03,16.85,13.15,137.39,334.06,81,100.8,1.37,3.685
2017-09-04,16.9,14.99,98.55,355.79,83.2,99.9,4.02,4.944
2017-09-05,16.48,14.12,67.78,344.65,82.9,98.8,23.41,5.7
2017-09-06,16.01,13.3,156.71,315.18,72.2,98.8,3.91,5.113
2017-09-07,15.88,13.61,108.27,339.29,83.8,98.6,14.05,2.442
2017-09-08,15.59,12.89,98.91,335.11,83,97.3,27.17,6.752
2017-09-09,15.6,13.01,152.57,329.2,79.5,99,8.2,8.442
2017-09-10,16.78,13.43,146.26,345.98,84.2,99.4,14.13,5.271
2017-09-11,17.41,14.68,52.1,376.81,95.5,99.7,37.57,5.601
2017-09-12,16.42,13.58,30.42,359.64,95.1,99.6,21.94,1.042
2017-09-13,15.36,11.96,100.91,330.17,76.8,100.2,11.53,8.068
2017-09-14,15.99,12.99,30.28,367.69,92.7,100.1,68.91,8.352
2017-09-15,16.71,13.13,73.71,351.1,87.2,99.7,21.2,7.966
2017-09-16,14.81,11.27,145.83,304.39,75.7,100.4,0.14,0.548
2017-09-17,16.17,12.22,30.07,343.17,88,98.5,16.01,1.726
2017-09-18,14.46,12.06,104.03,323.99,78.2,98.1,9.2,6.137
2017-09-19,14.83,11.93,123.91,325.06,78.9,99.2,6.09,5.145
2017-09-20,17.84,12.02,59.74,360.17,83.5,98.6,19.06,1.738
2017-09-21,15.1,12.18,135.02,312.44,70.7,99.3,3.96,6.461
2017-09-22,16.44,11.47,166.42,299.98,80.9,100.2,1.61,1.197
2017-09-23,14.15,9.15,149.94,288.57,79.2,100.5,2.96,2.079
2017-09-24,14.29,9.19,133.48,294.15,78.1,100.4,4.28,0.765
2017-09-25,14.14,10.53,111.09,306.13,79.2,100.2,5.7,1.048
2017-09-26,14.95,10.21,56.55,335.62,85.5,99.8,7.11,2.611
2017-09-27,15.43,12.64,123.52,325.61,83.3,98.9,12.1,2.281
2017-09-28,13.57,9.91,84.2,307.92,80.6,99.8,3.39,4.835
2017-09-29,14.03,10.52,89.28,321.43,77.9,101,0,4.128
2017-09-30,14.58,12.03,72.22,337.65,79.1,100.8,3.7,4.628
2017-10-01,12.89,9.81,21.4,338.41,93.1,99.4,36.21,0.817
2017-10-02,10.88,7.67,92.59,298.44,69.8,99.7,1.77,2.087
2017-10-03,10.11,5.17,118.94,267.91,66.5,100.5,0,0.263
2017-10-04,11.85,6.24,90.49,290.55,73.4,100.7,0,1.948
2017-10-05,11.75,5.47,91.9,286.86,73.3,101.3,0,1.673
2017-10-06,10.79,7.17,95.65,298.08,75.9,101.5,0,0.949
2017-10-07,11.64,8.22,67.41,313.26,85.1,101.5,0.87,2.144
2017-10-08,12.66,8.46,83.84,306.19,88.8,101.2,1.07,1.237
2017-10-09,12.21,7.98,84.99,300.86,86.6,100.9,0,3.364
2017-10-10,11.49,7.43,96.88,284.04,87.3,100.5,0,3.039
2017-10-11,12.04,7.11,82.86,289.85,89.3,99.6,0,1.747
2017-10-12,12.94,6.61,98.21,287.18,84.6,100,0,0.551
2017-10-13,14.29,11.06,67.93,328.45,91.3,100.5,2.92,0.927
2017-10-14,14.55,11.44,69.52,339.54,94.5,101.4,0.97,0.362
2017-10-15,14.43,10.49,89.69,310.07,86.3,101.5,0,2.675
2017-10-16,15.23,9.36,96.66,295.77,79.6,100.8,0,4.832
2017-10-17,11.53,7.27,82.65,282.63,77,100,0,3.871
2017-10-18,10.96,6.52,89.78,283.56,79.1,99.7,0,4.713
2017-10-19,11.92,7.67,68.62,307.99,78.8,99.5,0,3.426
2017-10-20,13.44,8.41,16.49,332.69,90.6,99.1,12.5,1.452
2017-10-21,14.81,12.72,48.47,343.93,90.3,98.3,11.17,1.326
2017-10-22,15.53,11.36,16.14,349.84,91.6,98.4,49.27,1.791
2017-10-23,13.12,11.24,17.6,333.66,87.9,99.9,4.38,1.503
2017-10-24,11.81,5.98,57.86,288.97,76.4,101.5,0,1.069
2017-10-25,10.72,5.1,54.88,296.78,76.2,102.1,0,0.846
2017-10-26,13.51,9.92,32.79,344.86,92.9,100.9,2.42,1.448
2017-10-27,13.75,12.72,36.68,359.74,98.3,100.5,2.64,2.662
2017-10-28,13.51,12.42,23.11,358.41,96.1,100.7,6.66,2.81
2017-10-29,13.17,10.77,58.89,308.16,81.3,100.5,0.97,7.756
2017-10-30,11.65,8.13,20.68,321.15,82.2,100.4,1.22,1.537
2017-10-31,10.91,7.92,29.63,317.74,73.1,100.6,0.86,2.105
2017-11-01,10.17,7.71,38.63,315.26,64.1,100.8,0,5.569
2017-11-02,9,4.95,39.8,269.35,65.7,100.7,0,4.073
2017-11-03,8.76,4.21,37,283.36,76.7,100,1.2,3.803
2017-11-04,11.7,7.41,59.36,307.68,91.1,100.2,0,1.846
2017-11-05,10.64,6.59,44.7,299.56,88.3,100,0,1.988
2017-11-06,9.94,6.14,50.63,286.47,81.4,99.4,0,3.038
2017-11-07,11.88,6.49,9.8,314.54,82.4,97.8,10.88,6.852
2017-11-08,12.77,8.89,21.69,324.05,93.9,96.9,7.04,1.011
2017-11-09,12.34,10.23,25.89,323.83,92.4,97.3,4.05,1.063
2017-11-10,11.97,9.78,29.95,310.29,91.6,97.7,3.15,0.927
2017-11-11,11.74,9.62,40.39,306.42,87.7,96.7,2.42,4.181
2017-11-12,11.76,9.14,29.46,330.89,94.4,96.6,13.42,0.995
2017-11-13,11.17,8.39,32.88,313.99,95.5,97.5,5.58,0.351
2017-11-14,10.88,7.35,33.37,308.87,94.9,98.4,3.54,1.095
2017-11-15,10.01,5.45,40.56,284.15,93.8,99.6,0.15,1.295
2017-11-16,12.22,6.9,24.86,322.32,89.2,99.4,7.3,3.862
2017-11-17,12.94,11.31,30.43,333.77,88.9,98.9,15.06,1.377
2017-11-18,13,11.81,16.75,338.24,90.9,98.4,17.21,1.302
2017-11-19,12.22,10.99,22.22,336.36,87.1,97.5,10.19,2.683
2017-11-20,11.25,8.5,14.71,321.69,85.9,96.9,6.71,7.663
2017-11-21,8.45,4.05,30.35,268.11,71.1,99.3,1.66,4.398
2017-11-22,4.83,0.77,40.93,240.32,67.9,100.8,0,1.565
2017-11-23,6.41,1.24,21.74,291.3,84.2,100.6,1.7,2.428
2017-11-24,11.49,5.72,10.22,333.32,96.6,100.4,4.3,1.243
2017-11-25,11.15,8.45,32.55,317.73,94.8,100.8,2.32,0.331
2017-11-26,11.8,10.42,12.71,346.58,94.1,100.4,6.79,1.577
2017-11-27,11.67,8.16,23.53,334.08,97.1,100.3,2.36,0.413
2017-11-28,10.89,8.02,13.26,321.28,91.6,100.8,4.4,3.015
2017-11-29,9.54,3.42,34.85,260.58,90.2,101.3,0,2.001
2017-11-30,7.58,2.67,25.5,276.31,86.9,101.3,0,0.566
2017-12-01,7.21,1.68,32.18,264.63,88.8,100.9,0,1.76
2017-12-02,6.26,3,26.43,275.39,81.2,101.6,0,1.574
2017-12-03,10.39,3.32,9.06,318.32,89.6,101.9,6.64,1.775
2017-12-04,10.99,9.7,12.35,346.37,93.9,101.3,3.74,6.983
2017-12-05,11.24,7.11,21.09,319.65,86.7,100.3,1.84,6.57
2017-12-06,7.18,0.77,20.43,261.22,75.2,100.5,0,2.056
2017-12-07,3.56,-0.56,32.21,221.6,80.8,101,0,1.843
2017-12-08,3.84,-0.21,27.83,240.51,76.9,101.5,0,1.275
2017-12-09,5.64,1.25,18.18,279.33,85.7,101.3,0,0.657
2017-12-10,5.8,2.67,21.61,290.44,87.2,101.7,0,1.506
2017-12-11,4.84,1.45,23.11,275.62,91,102.3,3.74,1.343
2017-12-12,4.88,-0.01,26.74,253.61,89.8,102.6,0,0.916
2017-12-13,3.21,-0.58,26.94,250.5,98.5,102,0,0.749
2017-12-14,4.14,0.24,15.76,272.82,92.4,101.3,0,0.666
2017-12-15,5.07,0.95,18.81,262.13,83.5,100.8,0.22,2.569
2017-12-16,5.69,-0.1,29.28,247.9,76.3,101.1,2.78,2.285
2017-12-17,9.02,5.78,13.8,320.57,92.2,100.2,17.52,7.009
2017-12-18,10.08,5.42,18.89,315.35,92.3,99.7,4.26,3.036
2017-12-19,11.1,9.88,6.76,352.25,92.5,99.1,21.14,6.829
2017-12-20,11.38,6.68,16.64,309.29,73.5,98.8,3.12,8.046
2017-12-21,8.77,5.94,2.68,294.4,71.2,98.2,18.45,6.588
2017-12-22,11.9,6.09,3.62,324.49,82.3,97.6,30.95,5.276
2017-12-23,11.3,8.66,14.23,315.96,73.1,97.1,24.62,11.625
2017-12-24,9.83,8.06,19.75,303.38,72.4,99.9,3.08,8.904
2017-12-25,11.71,7.02,4.52,319.38,79.9,99.3,21.26,8.761
2017-12-26,11.47,6.77,3.48,316.19,78.2,99.5,25.31,3.588
2017-12-27,11.7,6.6,20.28,304.52,65,97.4,9.91,11.691
2017-12-28,7.97,6.6,11.56,301.73,70,97.5,7.57,11.532
2017-12-29,7.03,4.76,18.68,300.57,75.9,97.7,4.43,3.007
2017-12-30,6,3.47,6.42,295.19,85.1,96.7,6.69,0.698
2017-12-31,6.27,2.32,9.43,297.34,86.5,96,9.68,2.152
2018-01-01,6.54,1.17,12.46,298.46,88,95.3,12.66,3.963
2018-01-02,5.99,2.25,18.84,287.68,75,97.5,4.96,5.09
2018-01-03,4.43,-0.73,30.58,235.2,91,98.3,0,1.256
2018-01-04,4.49,-0.63,26.83,251.02,83.2,99.9,0,0.631
2018-01-05,6.74,3.65,20.18,291.4,77.6,99,14.11,6.418
2018-01-06,6.55,4.19,10.43,280.75,67.6,99.2,8.23,10.538
2018-01-07,7.24,4.39,10.72,305.18,85.4,101.3,2.69,1.822
2018-01-08,9.52,7.1,14.78,336.93,97.4,101.8,3,1.935
2018-01-09,9.5,8.71,15.21,339.22,94.9,101.6,5.56,3.344
2018-01-10,9.6,5.15,9.06,320.39,91.8,101.2,6.67,4.385
2018-01-11,9.5,4.21,16.24,320.21,94.3,101.3,1.72,0.687
2018-01-12,9.91,8.86,11.31,339.9,94.2,100.2,17.56,5.838
2018-01-13,9.44,4.18,23.84,302.3,76.1,99.1,9.93,10.281
2018-01-14,7.72,4.79,19.34,303.85,74,100.4,7.76,9.383
2018-01-15,9.74,7.28,9.55,325.17,84.6,100.9,9.66,7.71
2018-01-16,10.48,5.26,15.5,320.84,82.4,100,16.23,10.449
2018-01-17,7.37,6.04,17.78,310.86,81,101.1,3.52,8.97
2018-01-18,6.51,3.1,33,286.4,91,100.6,8.93,0.436
2018-01-19,9.27,3.61,8.34,333.54,95,99.8,26.28,2.513
2018-01-20,9.1,7.28,5.05,330.04,94.3,98.9,28.55,6.013
2018-01-21,8.57,5.52,13.51,305.81,86,99,12.09,6.803
2018-01-22,7.07,3.77,18.14,300.81,82.5,98.1,15.48,11.192
2018-01-23,8.5,4.02,19.5,292.44,73.3,98.8,9.39,10.17
2018-01-24,8.01,2.63,22.91,299.31,83.7,101.2,1.89,1.863
2018-01-25,9.23,7.94,21.59,341.49,99,101.4,3.41,1.272
2018-01-26,8.77,6.98,25.68,325.84,93.1,101.2,1.15,1.544
2018-01-27,7.38,5.72,23.34,317.5,90.9,100.9,4.86,1.025
2018-01-28,7.56,5.48,46.39,288.69,90.9,101.1,4.62,1.343
2018-01-29,8.88,6.19,23.6,298.46,83.6,101.1,1.84,6.407
2018-01-30,7.34,5.62,19.25,314.64,88,102.3,2.14,3.516
2018-01-31,9.88,5.85,20.75,330.52,97.7,102.4,2.32,4.109
2018-02-01,9.55,5.37,55.3,290.86,90,102.5,0,1.329
2018-02-02,7.08,3.98,44.31,297.92,85.9,103,0,0.895
2018-02-03,6.19,4.51,27.03,311.03,90.3,102.7,2.34,1.361
2018-02-04,8.49,6.01,30.4,305.9,88.9,102.2,6.76,5.108
2018-02-05,7.62,2.71,46.6,271.79,79.9,103.1,0,2.401
2018-02-06,7.93,6.37,25.62,315.52,77.7,102.7,0,6.258
2018-02-07,9.21,7.51,21.45,330.51,89.4,101.6,3.51,6.938
2018-02-08,9.44,6.58,36.41,315.03,83.5,101,4.63,7.22
2018-02-09,8.88,6.15,27.3,320.98,86.9,100,4.9,2.726
2018-02-10,8.05,2.77,49.85,286.83,78.1,98.7,17.81,4.295
2018-02-11,3.85,0.32,69.48,243.2,72.7,101.3,1.35,1.784
2018-02-12,7.05,1.5,41.66,306.1,91.4,102,2.55,3.109
2018-02-13,8.66,5.82,33.64,320.94,92,101,1.65,5.304
2018-02-14,6.33,4.86,33.69,301.85,78.9,100.8,0.66,5.21
2018-02-15,6.01,4.26,50.35,289.89,74,100.5,3.01,6.295
2018-02-16,6.89,3.96,54.99,291.74,71.4,101.3,0.98,1.111
2018-02-17,8.73,5.3,72.1,291.6,80.4,100.9,0.72,2.16
2018-02-18,9.98,4.41,78.46,278.88,80.5,99.7,2.31,3.087
2018-02-19,9.14,6.42,67.61,303.36,86.4,99.8,6.59,1.086
2018-02-20,8.51,4.81,56.2,284.66,80.8,100.4,11.93,1.388
2018-02-21,7.96,4.51,34.26,310.17,89.9,99.6,9.71,0.651
2018-02-22,7.59,2.67,52.13,288.55,90.7,99.3,7.09,2.654
2018-02-23,7.26,4.85,14.86,306.32,87.1,99.1,9.67,3.917
2018-02-24,8.07,5.52,86.26,286.12,76.3,100.2,4.04,1.343
2018-02-25,9.44,4.94,27.38,316.12,96.3,100.2,14.33,2.55
2018-02-26,9.52,4.54,33.01,317.37,94.9,101,4.01,0.531
2018-02-27,9.81,8.56,47.46,330.7,94.4,101.3,6.2,1.766
2018-02-28,12.05,7.64,114.7,273.17,82.4,101.1,0,1.634
2018-03-01,12.69,7.11,77.5,307.56,85.3,100.9,2.99,1.511
2018-03-02,9.43,5.88,74.12,297.66,94.8,101.9,0,0.259
2018-03-03,10.67,4.28,100.9,283.93,88.2,101.9,0,1.581
2018-03-04,7.64,4.83,91.62,290.34,81.6,101.4,0,1.572
2018-03-05,8.29,6.1,18.33,311.42,88.5,99.8,18.66,1.036
2018-03-06,7.89,5.99,70.68,306.13,80.1,99.5,6.39,6.402
2018-03-07,9.37,4.99,39.06,319.25,85.7,97.8,34.45,4.097
2018-03-08,6.72,4.56,75.56,293.92,74.7,99.5,7.59,7.118
2018-03-09,9.41,4.93,73.07,310.87,85.6,99.4,3.53,4.713
2018-03-10,7.91,4.32,68.2,291.43,68.2,98.9,5.64,10.477
2018-03-11,5.91,3.09,58.71,298.25,75.7,99.5,24.02,11.469
2018-03-12,9.41,4.68,45.55,321,83,100.4,10.7,9.055
2018-03-13,10.23,7.24,48.12,338.39,96.4,101.2,7.63,6.273
2018-03-14,10.57,6.47,96.23,313.26,94.5,102,0.58,1.304
2018-03-15,12.18,6.43,129.54,295.15,83.3,101.8,0,1.233
2018-03-16,10.38,7.32,73.11,318.68,83.8,101.4,0.75,0.83
2018-03-17,9.55,7.16,54.94,332.47,98.2,101.2,3.87,1.368
2018-03-18,9.41,6.14,102.88,282.05,80.8,101.4,5.96,5.484
2018-03-19,9.04,3.79,105.59,283.26,77,102.3,0,1.396
2018-03-20,10.27,2.9,145.89,271.82,77.2,102.8,0,1.862
2018-03-21,7.93,3.14,131.13,266.57,73,103.5,0,0.537
2018-03-22,9.04,3,159.78,253.06,82,103.5,0,0.72
2018-03-23,9.92,2.62,187.19,255.59,85.6,102.9,0,1.641
2018-03-24,8.7,5.39,89.92,305.94,81.7,101.9,0.13,4.072
2018-03-25,6.21,3.02,109.11,270.91,62.6,100.4,1.03,5.667
2018-03-26,7.22,3.49,89.46,292.62,72.7,99.8,4.39,3.114
2018-03-27,6.78,2.91,116.46,281.49,72.5,100.3,0.17,2.439
2018-03-28,8.25,1.06,52.36,304.15,89.1,99.3,15.48,4.997
2018-03-29,5.54,-1.18,208.97,213.45,60.7,99.9,0,0.12
2018-03-30,5.69,1.03,58.96,289.48,74.6,99,0.25,3.374
2018-03-31,9.07,5.47,100.22,314.38,82.8,96.7,23.77,1.9
2018-04-01,8.55,5.41,83.78,312.45,84.6,96.7,13.8,5.006
2018-04-02,9.97,5.87,129.94,304.89,81.6,98.6,2.75,5.029
2018-04-03,9.33,5.46,153.51,290.67,68.4,101.2,0,4.584
2018-04-04,9.18,5.33,57.02,326.96,89.8,101.4,15.33,0.773
2018-04-05,11.31,7.88,134,326.58,94.4,101.4,0.37,1.787
2018-04-06,14.69,9.11,136.86,332.97,85.2,100.5,2.03,1.327
2018-04-07,11.99,7.81,105.99,319.13,86.2,98.7,5.7,2.842
2018-04-08,9.82,6.5,120.08,317.3,87.8,99.1,8.74,6.567
2018-04-09,8.57,4.87,163,282.95,78.8,99.6,2.78,1.402
2018-04-10,10.14,4.85,158.59,288.31,71.8,98.3,0.76,3.693
2018-04-11,9.92,5.99,134.01,305.96,85.2,98,2.05,4.781
2018-04-12,8.96,5.27,133,302.08,79.7,99.3,0,4.8
2018-04-13,8.36,4.36,122.47,297.05,80.7,99.5,0,2.718
2018-04-14,9.65,5.09,133.56,304.27,80.7,100,0,5.014
2018-04-15,9.39,4.82,156.66,291.73,68.3,101.6,0,4.707
2018-04-16,11.4,4.82,190.9,290.3,69.1,102,0,3.172
2018-04-17,13.45,4.77,218.65,283.9,79.2,100.9,0,4.542
2018-04-18,12.97,6.78,188.25,293.49,78.8,100.2,0,3.219
2018-04-19,10.33,6.4,118.1,314.47,89.3,100.2,4.45,1.528
2018-04-20,11.59,6.93,161.57,303.01,89.9,100.1,1.21,0.207
2018-04-21,15.31,7.38,164.04,325.22,83.4,100.1,1.61,3.722
2018-04-22,15.34,9.57,186.52,324.85,82.4,100.2,1.02,3.591
2018-04-23,15.71,8.5,248.45,294.46,87.2,101,0,0.515
2018-04-24,15.37,7.44,252.13,286.14,86.4,101.1,0,1.156
2018-04-25,12.34,7.25,172.46,312.91,77.7,101,2.69,3.07
2018-04-26,9.77,6.77,139.92,285.01,61.9,100.9,0.06,5.138
2018-04-27,9.13,5.25,167.31,283.17,60.5,101.2,0,1.949
2018-04-28,10.19,5.7,176.77,302.12,72.6,101,2.77,0.251
2018-04-29,11.87,8.06,73.14,343.12,94.8,99.5,15.56,1.32
2018-04-30,10.53,8.3,107.68,325.37,86.6,98.5,6.32,2.425
2018-05-01,9.23,5.82,92.52,299.35,89.7,97.5,5.86,0.336
2018-05-02,13.01,6.11,168.05,298.28,81.9,96.7,7.46,4.186
2018-05-03,11.04,7.82,135.74,308.36,87.4,96.8,6.19,1.42
2018-05-04,11.5,8.46,140.33,321.02,87.5,98.1,9.23,0.909
2018-05-05,11.51,8.23,152.28,308.38,88,99.1,5.16,1.203
2018-05-06,11.27,7.86,144.41,315,88.2,99.8,9.2,1.919
2018-05-07,13.74,8.64,266.95,290.12,84,100.6,1.42,1.984
2018-05-08,14.21,7.01,302.99,264.01,78.7,101.2,0,1.001
2018-05-09,15.18,9.15,170.35,329.87,80.4,101.4,1.34,1.925
2018-05-10,15.19,7.89,154.71,315.25,73.7,101.3,0.89,2.903
2018-05-11,14.35,7.08,96.6,318.93,77.2,100.7,5.17,4.191
2018-05-12,14.12,11.33,249.91,315.94,85.6,100.3,2.06,0.829
2018-05-13,12.86,8.14,106.01,321.51,85.8,99.8,10.91,3.94
2018-05-14,12.67,8.72,173.15,312.02,76,100.2,1.09,6.324
2018-05-15,12.24,7.08,107.21,318.11,76,99.3,8.34,5.643
2018-05-16,10.13,5.55,151.39,304.53,70.7,99.8,6.36,5.11
2018-05-17,9.94,5.58,160.62,290.77,74.5,100,6.19,4.923
2018-05-18,11.59,4.76,243.47,279.26,67.6,100.8,0,2.214
2018-05-19,13.43,7.48,194.51,314.86,78.8,101.7,1.31,1.244
2018-05-20,15.81,9.72,302.46,294.84,81.7,102.1,0,0.672
2018-05-21,16.68,9.54,315.25,286.38,81.5,102,0,0.894
2018-05-22,15.55,9.58,169.98,332.51,86.6,101.3,0.95,1.132
2018-05-23,13.12,9.75,127.53,330.44,85.2,100.8,0.52,2.337
2018-05-24,14.27,9.61,231.18,315.34,80.8,100.6,0.86,1.16
2018-05-25,12.78,7.94,176.08,303.75,74.4,100.9,0,1.05
2018-05-26,13.67,7.95,270.28,288.6,71.7,100.7,0,1.075
2018-05-27,13.7,7.71,271.46,278.04,71,100.4,0,1.006
2018-05-28,15.89,7.59,289.47,286.8,74.2,100.4,0,0.23
2018-05-29,16.98,11.04,173.4,338.33,82.5,99.9,2.65,1.046
2018-05-30,14.82,10.65,228.13,315.97,82.9,99.6,1.16,1.829
2018-05-31,15.12,10.48,234.79,307.06,78,100,0.94,0.65
2018-06-01,15.42,10.31,241.46,297.9,73.3,100.4,0.72,0.397
2018-06-02,18.89,12.3,167,344.01,79.9,99.8,8.04,4.564
2018-06-03,16.84,12.04,255.89,323.01,82,100.3,5.24,0.682
2018-06-04,15.45,10.08,269.19,300.89,83,101.3,1.74,0.784
2018-06-05,17.57,9.25,334.84,285.8,82.8,101.8,0,0.838
2018-06-06,19.09,11.2,332.43,302.91,79.2,101.7,0,0.348
2018-06-07,19.32,12.09,302.08,313.25,77.5,100.9,0,1.279
2018-06-08,19.72,10.45,339.54,290.31,71.4,100.7,0,4.512
2018-06-09,19.4,11.1,329.93,299.67,78.3,100.5,0,3.286
2018-06-10,19.74,10.68,340.33,294.38,77.1,100.3,0,2.892
2018-06-11,21.83,10.89,261.81,335.97,84.3,99.5,30.09,0.899
2018-06-12,14.15,10.37,118.59,332.98,76.3,99.2,10.08,5.681
2018-06-13,11.94,9.24,155.65,311.68,70.4,99.1,7.1,3.124
2018-06-14,14.42,8.73,147.52,317.96,79.7,99.2,9.78,4.983
2018-06-15,14.23,11.19,240.81,321.48,75.2,98.8,13.38,5.364
2018-06-16,14.41,9.65,205.42,322.44,78.9,98.4,10.83,5.174
2018-06-17,14.13,11.18,179.41,328.18,76.5,99.5,5.36,5.831
2018-06-18,13.17,9.54,201.77,305.53,75.7,100.2,8.18,4.412
2018-06-19,14.79,8.78,289.18,287.81,73,101,1.07,3.675
2018-06-20,15.77,10.1,284.65,298.3,79.8,101.6,0,1.129
2018-06-21,15.88,12.8,190.99,346.53,87.2,101.5,0,1.685
2018-06-22,16.53,14.43,141.68,367.53,94.7,101.3,1.43,1.196
2018-06-23,21.16,14.24,220.58,352.52,86.2,101.4,0,0.657
2018-06-24,24.08,16.13,273.13,362.53,74.5,100.8,1.09,1.974
2018-06-25,21.67,15.83,295.24,347.98,86.7,100.7,0,1.344
2018-06-26,20.36,13.34,342.26,305.51,82.5,101,0,1.865
2018-06-27,19.97,14.55,295.5,330.67,79.5,101.4,0,1.02
2018-06-28,18.81,13.42,268.86,325.27,83.9,102.1,2.54,0.286
2018-06-29,21.82,12.77,338.68,314.19,72.3,102.1,0,0.569
2018-06-30,22.94,13.8,336.11,320.67,69.8,101.6,0,0.714
2018-07-01,20.27,13.92,319.82,309.71,79.1,101,0,0.307
2018-07-02,21.03,14.79,325.3,317.48,80.9,100.7,0,1.996
2018-07-03,19.48,15.55,293.08,333.47,82.9,100.8,0,3.125
2018-07-04,18.93,13.86,168.87,360.57,87.7,100.8,5.06,3.204
2018-07-05,19.34,13.33,244.94,341.54,87.4,101.1,1.51,0.406
2018-07-06,18.02,13.06,161.64,340.22,86.9,100.9,17.8,0.775
2018-07-07,17.13,11.18,304.72,286.18,69.6,101.5,0,0.891
2018-07-08,17.6,12.3,273.6,329.61,82.3,101.9,0,3.402
2018-07-09,20.43,14.84,314.87,324.35,80.1,102,0,0.613
2018-07-10,21.44,15.61,307.87,326.29,81.1,101.7,0,0.252
2018-07-11,22.98,14.51,320.04,320.62,73.4,101,0,0.247
2018-07-12,20.47,15.03,249.77,336.61,79.5,100.6,0.01,2.618
2018-07-13,20.49,14.94,265.14,333.09,80.3,100.8,0.8,2.495
2018-07-14,20.48,13.87,258.68,323.43,79.2,100.9,0,0.83
2018-07-15,19.5,14.4,295.6,313.36,74,100.7,0,2.8
2018-07-16,19.98,13.98,268.02,324.23,77.7,100.3,0.32,2.025
2018-07-17,20.28,13.48,208.45,324.17,75.3,99.7,0,0.57
2018-07-18,19.57,16.81,98.29,360.68,81.1,98.8,3.64,4.657
2018-07-19,19.22,15.46,202.25,333.3,82.9,98.4,4.22,0.878
2018-07-20,19.19,16,203.81,357.42,87.3,98.9,23.02,2.595
2018-07-21,18.17,15.98,182.16,358.55,84.4,99.1,14,6.014
2018-07-22,18.34,15.81,206.48,353.78,86.8,99.7,15.79,6.176
2018-07-23,18.13,13.51,178.8,328.48,81.8,99.8,5.47,2.63
2018-07-24,18.23,13.83,263.34,319.62,79,100.9,1.3,1.331
2018-07-25,20.74,12.83,244.44,324.03,72.2,101.3,0.83,1.132
2018-07-26,19.27,15.65,123.39,361.79,85.3,100.8,3.16,1.255
2018-07-27,20.23,15.89,184.92,358.13,92.2,100.6,7.94,0.82
2018-07-28,21.9,15.37,273.82,340.05,88.9,100.3,0.94,0.491
2018-07-29,19.4,17.37,142.02,373.56,91.3,100.3,5.46,1.108
2018-07-30,18.98,14.21,162.21,352,86.8,100.1,7.4,4.28
2018-07-31,18.4,13.33,217.99,325.7,80.6,100.3,5.06,3.079
2018-08-01,17.82,12.45,274.78,299.32,74.4,100.4,2.72,1.894
2018-08-02,15.47,13.34,145.65,318.79,78.9,99.8,15.43,4.028
2018-08-03,16.42,13.04,124.59,331.71,83.5,99.6,8.8,0.682
2018-08-04,18.84,13.29,272.57,320.13,80.6,99.7,1.83,0.941
2018-08-05,17.69,14.64,165.67,344.68,79.2,100,3.17,3.43
2018-08-06,17.85,14.14,220.47,320.53,74.6,99.9,1.51,6.054
2018-08-07,16.97,13.58,200.53,329.49,76.8,99.8,12.89,4.406
2018-08-08,18.08,12.51,229.56,312.2,73.2,99.8,2,4.113
2018-08-09,17.72,13.74,125.2,344.61,84.1,100.6,1.68,4.996
2018-08-10,18.12,15.11,198.82,342.27,82.2,100.6,0,4.865
2018-08-11,18.52,13.89,121.34,360.87,87.1,100.1,15.14,6.104
2018-08-12,18.03,12.43,219.52,302.84,69.1,100.7,1.21,3.611
2018-08-13,17.09,12.86,173.94,318.67,71.3,101.3,0,3.256
2018-08-14,16.35,12.95,137.7,341.49,77.9,101.3,0.6,5.233
2018-08-15,17.76,15.44,110.07,370,91.2,100.8,10.48,5.432
2018-08-16,17.63,13.52,137.69,344.59,87.8,100.4,7.62,5.888
2018-08-17,16.64,12.28,165.44,314.23,76.1,100.2,3.07,4.388
2018-08-18,16.17,11.38,172.16,309.44,69.5,100.9,0,1.406
2018-08-19,15.48,10.59,173.7,317.53,73.3,101.6,0,2.335
2018-08-20,17.1,14.07,178.06,336.45,76.5,101.7,0,3.973
2018-08-21,18.22,15.72,214.03,338.88,79.5,101.3,1.52,3.658
2018-08-22,17.6,13.64,174.43,341.1,85.9,100.7,5.3,5.344
2018-08-23,18.23,13.32,137.47,346.34,88,100.3,5.09,1.841
2018-08-24,17.49,11.22,201.73,314.38,80.1,100.1,1.73,2.5
2018-08-25,13.95,10.45,145.58,310.28,69.5,101.2,0,3.004
2018-08-26,16.04,10.09,215.46,303.12,72,101.7,0.12,1.507
2018-08-27,17.59,13.43,140.63,346.89,85.1,101.4,4.88,5.625
2018-08-28,15.49,12.13,183.3,314.11,74.1,100.9,0.62,5.078
2018-08-29,13.63,9.96,112.15,309.59,64.2,101,0,2.534
2018-08-30,15.6,9.82,129.63,331.38,79.8,101.3,1.52,3.455
2018-08-31,16.52,11.63,130.41,342.66,84.7,101.1,5.14,4.353
2018-09-01,17.44,13.44,131.2,353.06,89.6,100.9,8.77,5.257
2018-09-02,16.5,11.56,168.48,311.9,77.1,100.7,0,3.669
2018-09-03,17.44,11.31,67.4,350.01,89.6,100.1,10.77,3.935
2018-09-04,15.68,13.41,146.58,323.79,76.9,100.3,0.97,5.845
2018-09-05,16.03,12.84,164.58,320.43,75.5,101.3,0,4.036
2018-09-06,17.5,13.5,81.92,363.07,91.5,101.5,7.5,2.697
2018-09-07,18.7,14.06,163.41,340.29,92.6,101.7,0,0.599
2018-09-08,21.19,13.76,168.73,337.9,81.4,101.5,0,1.172
2018-09-09,22.05,15.94,204.58,330.62,77.9,101.5,0,1.099
2018-09-10,22.15,14.59,203.34,323.11,81.4,101,0,0.989
2018-09-11,18.92,14.35,154.62,340.59,92.3,100.6,0.45,0.727
2018-09-12,18.71,15.61,84.56,360.7,93,100.5,3.33,0.976
2018-09-13,17.56,13.07,50.34,360.21,93.2,100.2,23.68,0.73
2018-09-14,15.82,12.48,156.95,322.4,75.7,100.1,3.81,1.616
2018-09-15,15.65,11.99,43.37,340.8,87.1,98.2,25.66,1.174
2018-09-16,16.85,11.71,102.37,339.33,79.8,97.8,27.55,1.714
2018-09-17,15.32,12.82,124.67,336.37,86.2,98.3,11.62,1.238
2018-09-18,15.87,11.22,126.52,316.7,83,100.4,0,0.727
2018-09-19,19.88,11.1,163.01,321.96,84.3,100.9,0,1.792
2018-09-20,22.22,14.38,174.73,324.6,74,100.5,0,3.23
2018-09-21,21.73,12.94,171.93,316.49,80.6,100.2,0,1.589
2018-09-22,18.22,12.32,116.7,327.4,93.5,100.3,0,0.33
2018-09-23,17.12,12.73,100.98,335.29,91.7,100.7,0,0.835
2018-09-24,18.02,13.52,107.35,337.23,89.2,101,0.04,0.685
2018-09-25,18.29,13.36,143.22,328.74,86.7,100.5,0.67,1.021
2018-09-26,17.5,13.49,54.18,351.42,88.1,99.3,16.23,1.251
2018-09-27,15.62,13.33,88.24,332.84,80,98.9,9.35,2.839
2018-09-28,13.44,10.99,38.05,334.98,88.9,98.7,18.61,2.386
2018-09-29,15.96,10.27,127.25,304,82.5,99.6,0,2.457
2018-09-30,15.48,10.4,126.58,310.46,83.3,100.4,0,1.26
2018-10-01,17.35,13.46,37.92,365.69,90.1,99.1,24.87,2.659
2018-10-02,15.77,12.96,83.97,332.32,84.7,99.2,4.64,2.361
2018-10-03,16.19,12.46,114.8,331.08,85.6,100.1,1.62,1.598
2018-10-04,14.97,11.52,97.09,321.22,75.2,100.9,0,2.73
2018-10-05,15.33,13.37,69.47,349.24,85.7,100.3,15.53,2.478
2018-10-06,15.8,13.57,26.24,359.12,91.7,99.4,16.64,1.097
2018-10-07,14.88,9.72,111.93,294.92,79.5,99.8,3.07,4.71
2018-10-08,14.05,8.25,99.47,291.04,71.6,100.8,0,1.57
2018-10-09,13.99,10.85,23.33,346.85,90.4,100.5,20.72,4.755
2018-10-10,15.46,11.59,85.65,326.35,92.7,100.7,1.78,2.227
2018-10-11,17.21,10.05,89.34,323.18,88,101.2,0.3,4.239
2018-10-12,18.14,14.76,59.64,355.91,85.7,100.4,5.33,6.019
2018-10-13,16.39,12.86,68.95,343.84,92.8,100.1,7.53,0.585
2018-10-14,14.86,12.34,62.98,334.48,88.2,99.7,0,0.754
2018-10-15,13.34,10.76,81.19,316.5,83.6,99.8,0.81,1.662
2018-10-16,13.53,10.89,61.6,335.87,88.5,99.6,2.43,2.136
2018-10-17,14.38,12.48,43.25,349.68,92.4,99.7,4.46,1.856
2018-10-18,14.59,12.36,67.97,331.39,88.6,100.5,0,3.383
2018-10-19,13.92,8.76,83.93,289.31,82.8,101.2,0,2.829
2018-10-20,13.14,7.81,87.16,292.25,84.7,101.4,0,0.434
2018-10-21,13.2,9.19,53.56,334.58,92.9,101.1,0,0.814
2018-10-22,12.36,9.12,75.51,307.64,81,101,0,2.686
2018-10-23,12.09,8.2,78.17,305.63,83.2,101.1,0,0.393
2018-10-24,11.88,8.34,58.13,306.04,78.5,101.2,0.54,1.765
2018-10-25,13.13,10.55,45.37,326.64,82.5,100.9,0,4.346
2018-10-26,13.18,11.55,52.01,327.96,79.2,100.6,0,3.68
2018-10-27,12.47,9.15,70.08,304.86,84.1,100.1,0,0.876
2018-10-28,11.68,8.32,34.74,322.68,89.6,100.1,2.63,2.001
2018-10-29,10.06,7.04,70.25,279.99,72.7,100.9,1.04,5.339
2018-10-30,13.01,7.38,63.46,291.37,84.6,100.4,0.63,3.458
2018-10-31,14.04,9.24,59.63,311.79,83.9,100.5,0,3.779
2018-11-01,15.07,11.11,55.87,331.19,83.1,100.6,0,4.137
2018-11-02,12.94,10.77,39.67,321.64,82.8,101,0,3.212
2018-11-03,14.65,11.76,48.71,331.18,89.2,101.6,0,2.595
2018-11-04,12.44,8.34,43.3,306.82,89.7,101.8,0,1.53
2018-11-05,10.98,8.56,43.98,308.64,86.7,101.7,0,1.685
2018-11-06,10.63,7.98,46.67,302.62,88.1,101.5,0,1.732
2018-11-07,11.22,7.41,46.24,298.8,86.9,101.4,0,2.67
2018-11-08,10.06,7.07,32.85,306.48,86.6,101.7,0.22,2.829
2018-11-09,9.67,7.22,30.34,311.74,85.6,102.2,1.02,2.823
2018-11-10,8.75,7.02,31.12,310.52,89.7,102.3,1.04,1.893
2018-11-11,7.44,4.68,25.66,292.51,86.7,102.1,0,1.804
2018-11-12,7.83,4.16,37.31,287.31,88.4,102.1,0,1.415
2018-11-13,7.8,2.83,34.37,282.12,86.9,101.7,0,0.75
2018-11-14,8.35,3,27.89,279.61,80.7,101.5,0,0.937
2018-11-15,9.92,2.9,29.47,289.84,86.4,100.9,0,1.331
2018-11-16,8.12,3.31,33.35,278.21,80.6,100.6,0,0.7
2018-11-17,8.65,2.55,35.15,272.79,82.7,100.2,1.64,0.823
2018-11-18,9.34,5.67,13.43,313.69,88.4,99.7,10.5,3.589
2018-11-19,8.96,3.83,12.88,303.95,94.2,100.1,5.78,0.441
2018-11-20,10.13,4.19,28.83,284.04,81.8,100.6,0,0.825
2018-11-21,9.82,4.55,5.58,312.79,91.4,99.8,33.04,1.131
2018-11-22,8.35,3.47,38.06,271.15,77.4,100.6,0,0.266
2018-11-23,11.29,8.23,16.1,331.23,86.9,100.5,9.78,2.004
2018-11-24,10.71,8.49,17.94,335,93.9,100.7,2.82,1.223
2018-11-25,11.62,10.04,12.71,350,94.7,100.8,1.21,1.075
2018-11-26,12.27,8.48,6.11,337.07,96.8,100.7,15.68,1.486
2018-11-27,11.94,7.62,11.1,335.62,96.3,100.5,11.32,0.66
2018-11-28,12.56,9.7,15.85,338.6,91.6,99.3,11.43,4.615
2018-11-29,10.53,8.51,27.3,304.35,79.9,99.4,2.43,3.88
2018-11-30,9.38,8.06,20.57,314.44,90.7,98.9,8.28,1.192
2018-12-01,9.19,6.15,18.89,291.05,79,98.1,0.2,1.629
2018-12-02,9.16,6.9,16.69,315.65,91.2,97.1,5.81,4.133
2018-12-03,8.71,6.14,26.96,297.49,90.4,98.5,1.99,2.131
2018-12-04,8.24,6.57,16.03,308.13,87,97.5,4.73,5.234
2018-12-05,8.81,5.19,14.34,305.28,81.4,99,3.76,6.285
2018-12-06,5.33,-0.1,29.73,241.95,77.5,101.5,0,1.373
2018-12-07,4.48,-0.58,32.5,232.4,76.5,102.2,0,0.515
2018-12-08,8.22,2.61,8.43,314.57,86.4,101.7,13.43,1.528
2018-12-09,9.1,8.11,9.47,331.52,92.4,101.5,23.34,3.745
2018-12-10,8.38,4.78,25.89,288.98,93.6,101.6,1.98,1.119
2018-12-11,6.43,3.88,21.36,272.98,85.9,101.1,0,3.026
2018-12-12,5.48,3.15,23.48,264.38,82.2,100.5,0,4.025
2018-12-13,6.48,2.86,26.08,270.88,94.4,100.3,0,1.918
2018-12-14,5.66,1.3,17.07,279.39,89.5,100.1,3.06,2.718
2018-12-15,9.06,4.91,19.21,311.04,95.3,99.8,0.4,1.004
2018-12-16,8.6,5.56,3.68,308.02,93.2,99.7,18.07,0.744
2018-12-17,11.73,6.62,5.39,333.69,93.1,99.6,24.76,1.043
2018-12-18,11.25,9.3,5.25,343.87,93.8,99.2,34.3,1.805
2018-12-19,10.78,7.85,11.51,319.1,89.3,98.7,18.82,2.294
2018-12-20,11.77,8.85,5.96,329.63,92.5,98,11.3,1.136
2018-12-21,10.64,8.68,7.6,316.4,82.1,98.1,24.52,3.127
2018-12-22,13.06,10.04,17.45,336.21,88.4,97.8,27.73,3.412
2018-12-23,12.46,9.11,13.25,330.05,87.5,98.3,24.92,2.356
2018-12-24,10.66,8.31,21.94,314.35,89.3,99.1,9.93,3.725
2018-12-25,10.1,8.31,23.83,297.11,74,100.1,0,2.21
2018-12-26,11.87,9.41,13.01,334.36,85.8,99.2,2.81,2.347
2018-12-27,11.35,6.52,21.23,314.57,88.1,99.1,2.66,0.792
2018-12-28,8.82,3.56,15.17,299.36,79.7,100.7,13.98,3.166
2018-12-29,10.33,8.61,14.48,324.11,94.9,100.1,5.72,2.968
2018-12-30,11.3,8.72,5.72,343.6,93.1,99.3,34.52,2.537
2018-12-31,10.64,8.83,14.01,326.22,90.4,99.3,17.94,1.215
2019-01-01,9.99,8.94,22.38,310.29,87.6,99.2,1.36,1.956
2019-01-02,9.53,7.84,19.23,316.28,88.5,99,6.52,1.917
2019-01-03,7.88,4.84,13.38,296.65,90.1,98.9,2.99,0.415
2019-01-04,8.69,5.14,22.01,298.05,90.3,98.5,2.99,0.723
2019-01-05,7.32,4.5,20.28,274.77,80.6,98.6,0,1.222
2019-01-06,7.24,4.2,32.98,253.94,77.2,97.7,0,5.507
2019-01-07,8.62,6.14,21.15,286.34,80.1,97.9,0.27,5.731
2019-01-08,7.65,3.66,21.89,277.69,86.8,99.2,0,2.328
2019-01-09,5.59,2.75,26.79,273.86,79.9,99.7,0,3.06
2019-01-10,5.06,2.46,21.07,283.61,75.2,99.6,0.06,3.471
2019-01-11,4.98,1.76,23.63,279.12,84.6,100.2,0.12,1.171
2019-01-12,4.78,-1.3,37.5,241.04,81.2,100.1,1.06,1.523
2019-01-13,7.48,1.94,13.42,311.22,92.6,98.7,11.29,1.523
2019-01-14,8.18,5.82,17.37,312.95,93.8,98.9,3.57,0.616
2019-01-15,6.24,1.73,38.46,260.09,80.1,101,0.71,3.888
2019-01-16,6.8,1.75,16.76,297.88,77.4,100.9,8.87,1.272
2019-01-17,7.68,5.57,18.32,302.3,82,99.8,13.68,6.233
2019-01-18,6.9,4.35,31.29,287.82,69.1,100.9,1.34,4.026
2019-01-19,10.08,5.65,15.03,337.72,97,101,9.9,1.511
2019-01-20,10.53,9.05,23.64,339.46,97.4,100.8,4.53,4.014
2019-01-21,10.95,6.37,28.49,317.88,76.6,99.4,15.49,9.819
2019-01-22,6.93,4.61,22,296.88,72.1,98.7,13.13,10.956
2019-01-23,7.36,5.56,31.13,287.83,71.8,99.9,2.97,6.467
2019-01-24,9.98,5.52,20.19,330.99,95.4,100.9,4.28,4.833
2019-01-25,9.68,8.65,25.16,334.2,95.5,101.3,1.36,4.363
2019-01-26,10.14,5.73,7.62,329.81,90.6,100.3,15.81,6.105
2019-01-27,6.03,4.32,16.43,296.68,80.8,100.8,6.67,6.981
2019-01-28,10,4.19,29.95,314.23,90.7,101.2,5.49,0.895
2019-01-29,9.94,6.03,19.46,304.82,75.6,101.2,8.61,9.084
2019-01-30,7.42,4.17,37.85,285.32,70.9,102.3,0,1.996
2019-01-31,7.23,3.29,13.87,304.87,84.2,102.4,13.77,2.269
2019-02-01,7.11,2.77,51.21,261.31,81.4,102.6,0.16,2.842
2019-02-02,8.93,5.94,17.01,317.36,81.4,102.4,3.86,5.731
2019-02-03,9.72,4.92,22.6,317.61,87.4,100.8,10.11,7.516
2019-02-04,6.24,4.38,26.61,300.25,78.5,101.1,12.44,10.375
2019-02-05,8.87,5.63,14.92,317.19,82.7,100.7,4.12,7.779
2019-02-06,8.87,4.73,42.25,296.14,77.8,99.2,10.3,8.519
2019-02-07,4.84,2.17,18.8,297.52,83.8,99.1,22.91,10.092
2019-02-08,4.03,2,40.5,290.52,83.7,99.4,15.31,6.933
2019-02-09,10.96,3.45,6.05,327.74,91.7,98.5,21.2,5.821
2019-02-10,10.32,5.7,43.91,303.98,65,98.7,3.45,12.711
2019-02-11,7.17,5.19,36.64,299.3,74.9,99.2,3.02,4.361
2019-02-12,5.74,2.68,50.44,275.96,73.1,99.5,3.74,6.863
2019-02-13,11.09,4.62,8.16,327.8,88.2,99.1,37.15,6.475
2019-02-14,8.74,2.41,20.13,312.98,86.3,98.5,19.21,1.828
2019-02-15,6.44,4.16,39.59,295.91,82.2,99.4,7.61,6.266
2019-02-16,5.6,2.25,67.5,241.85,69.9,100.7,0.08,3.105
2019-02-17,4.59,0.43,95.73,221.29,66.2,101.5,0,1.022
2019-02-18,4.09,-0.67,96.07,231.95,65.2,101.3,0,1.732
2019-02-19,4.26,-0.75,85.31,236.39,72.8,101.6,0,1.689
2019-02-20,4.06,-0.05,75.58,252.16,73,101.7,0,1.009
2019-02-21,3.07,-0.86,86.08,235.59,78.8,101.6,0.25,2.032
2019-02-22,2.19,-2.66,71.86,225.66,82.7,101.9,1.99,3.609
2019-02-23,1.48,-3.18,93.38,213.19,77.9,102.2,0,4.006
2019-02-24,2.34,-2.06,88.63,233.08,81.7,102.5,0.54,2.409
2019-02-25,5.04,-1.79,98.43,233.58,78,102.4,0,1.777
2019-02-26,3.55,-0.73,113.06,231.6,79.5,102,0,0.668
2019-02-27,3.03,-1.9,49.79,267.81,89.3,102,6.02,0.598
2019-02-28,4.17,-1.98,107.46,231.19,75.4,102.3,0,1.944
2019-03-01,4.86,0.1,92.5,259.59,75,102.9,0,2.259
2019-03-02,5.02,0.64,77.6,276.32,68.4,102.7,0.03,1.101
2019-03-03,3.77,1.45,42.94,290.26,78.5,102.2,2.91,1.736
2019-03-04,4.82,0.28,104.1,245.42,59.6,101.8,0,5.14
2019-03-05,0.56,-2.13,43.1,264.93,80.5,101.3,0.75,3.502
2019-03-06,3.98,-2.15,106.16,258.6,83.8,100.5,0,1.596
2019-03-07,6.95,2.13,52.44,309.98,96.2,99.6,5.1,1.012
2019-03-08,7.93,4.9,94.13,304.6,89.3,99,5.84,2.291
2019-03-09,7.83,3.95,84.73,300.02,81.4,98.7,8.62,2.997
2019-03-10,5.52,2.41,88.37,278.89,77.9,100.2,3.82,4.719
2019-03-11,5.25,3,71.95,287.23,75.6,100.4,3.64,5.315
2019-03-12,5.29,0.51,80.24,274.96,84.9,100.4,3.81,0.268
2019-03-13,6.11,0.55,108.48,262.69,77.8,101.4,0,0.519
2019-03-14,7.03,1.49,130.94,267.5,70.8,101.5,3.33,1.497
2019-03-15,7.41,4.21,139.51,276.44,76.7,101.2,11.68,4.231
2019-03-16,7.13,4.43,87.53,301.05,87.7,101.4,0.78,5.822
2019-03-17,7.54,4.18,82.26,308.98,88.4,101.9,3.68,1.417
2019-03-18,9.6,7.09,78.62,335.28,98.1,102.3,1.92,2.173
2019-03-19,8.53,6.18,124.89,288.52,88.4,102.6,0.23,1.206
2019-03-20,12.29,4.09,181.29,260.08,80.9,102.2,0,1.109
2019-03-21,11.36,6.2,180.22,268.29,81.5,101.9,0,1.814
2019-03-22,10.29,4.18,175.24,261.95,86.9,101.4,0,0.655
2019-03-23,10.62,3.21,181.91,251.06,84.2,100.9,0,0.424
2019-03-24,11.33,3.74,191.05,251.16,77.7,100.9,0,0.657
2019-03-25,12.93,4.37,189.19,262.1,81.1,101.5,0,0.842
2019-03-26,11.48,3.94,148.11,289.96,94.2,102.1,0.22,0.29
2019-03-27,12.7,4.64,179.7,275.87,86.7,102.6,0,0.279
2019-03-28,14.43,4.87,205.28,254.52,74,102.7,0,1.064
2019-03-29,14.27,4.35,205.84,262.41,66.1,102.1,0,1.891
2019-03-30,14.48,4.53,193.86,284.75,66.6,101.1,0.55,2.872
2019-03-31,11.6,8.87,79.76,325.54,89.4,99.8,4.61,1.998
2019-04-01,10.88,7.53,86.48,326.94,91.1,98.9,14.32,1.413
2019-04-02,10.26,8.05,120.32,319.42,78.3,99.8,2.67,5.849
2019-04-03,10.57,7.58,156.59,304.69,79.9,100.3,1.01,2.274
2019-04-04,10.71,8.63,111.87,333.43,94.8,99.1,12.28,1.433
2019-04-05,10.39,8.58,83.54,330.97,96.5,99.3,14.73,1.624
2019-04-06,11.39,9,142.98,320.77,91.5,99.8,0.81,1.895
2019-04-07,11.22,7.33,44.88,320.05,90.9,99,12.17,0.465
2019-04-08,8.87,3.66,55.22,313.16,90.2,98.7,8.55,2.401
2019-04-09,5.45,0.58,219.82,240.51,60.8,100.3,0,0.992
2019-04-10,7.63,4.36,52.56,313.02,88,98.5,6.44,3.132
2019-04-11,7.17,4.26,99.95,304.83,86.1,97.6,1.76,4.546
2019-04-12,7.19,3.63,95.53,298.56,83,98.1,3.86,1.626
2019-04-13,9.07,2.83,220.27,257.38,64.7,99.2,0.36,1.739
2019-04-14,8.18,3.84,54.47,304.01,76.1,100.1,6.28,5.371
2019-04-15,11.12,4.13,167.57,288.07,75.3,100.6,0.35,1.263
2019-04-16,12.32,6.54,181.4,290.19,64.3,99.9,0,4.343
2019-04-17,10.71,6.47,120.54,312.23,73,99.2,2.1,7.536
2019-04-18,8.31,5.28,115.38,307.71,75.1,98.9,0.1,7.732
2019-04-19,12.55,4.52,195.96,287.95,77.3,99.4,0,2.955
2019-04-20,13.04,10.26,106.06,339.84,91.5,99.6,12.15,1.761
2019-04-21,12.36,8.51,207.76,297.81,89.1,99.3,1.15,0.367
2019-04-22,12.18,8.65,173.26,313.23,89.6,98.9,4.89,0.762
2019-04-23,12.18,8.41,130.08,332.84,91.9,98.5,11.36,1.409
2019-04-24,11.48,7.81,104.62,325.33,92.3,98.4,20.63,0.24
2019-04-25,8.3,4.88,142.05,299.48,65.7,100.2,6.78,2.291
2019-04-26,8.95,4.22,198.96,279.96,63.7,101.6,0,2.505
2019-04-27,12.48,7.24,136.17,319.91,94.8,100.4,4.35,2.188
2019-04-28,10.62,6.89,174.2,313.79,84.8,99.6,18.02,4.843
2019-04-29,10.58,6.43,180.17,304.62,76,100.5,1.25,3.21
2019-04-30,11.04,6.13,191.62,296.77,70.8,101.9,0,0.764
2019-05-01,12.21,8.87,152.75,324.58,82.9,102.1,0.1,0.756
2019-05-02,13.78,8.82,202.86,306.94,82.1,102.2,0,0.278
2019-05-03,14.61,8.06,283.18,277.63,80.6,102,0,0.509
2019-05-04,15.6,8.62,250.67,289.2,75.9,101.9,0,0.349
2019-05-05,16.32,9.66,279.41,293.43,78,102.1,0,0.46
2019-05-06,17.41,10.11,285.15,295.75,80.1,101.9,0,0.531
2019-05-07,18.19,9,288.34,287.17,77.4,101.9,0,2.944
2019-05-08,15.17,8.16,211.09,300.99,74.5,102.1,0,2.845
2019-05-09,13.28,6.23,248.28,277.57,68.5,101.9,0,3.357
2019-05-10,14.21,5.81,249.68,276.46,71,101.7,0,3.314
2019-05-11,15.42,5.66,306.17,257.51,64.2,101.4,0,3.821
2019-05-12,15.01,6.03,306.91,258.1,63,101.1,0,2.075
2019-05-13,13.53,5.83,252.39,268.66,73.2,101.6,0,0.491
2019-05-14,13.42,6.69,211.81,289.76,71.3,102,0,0.266
2019-05-15,13.95,8.48,246.29,293.59,74.5,101.8,0,0.535
2019-05-16,13.61,8.63,178.37,316.42,77.4,101.2,0,1.921
2019-05-17,13.68,8.03,172.05,306.32,78.2,101,0,0.562
2019-05-18,14.19,8.51,191.22,313.22,79.6,100.9,0,0.749
2019-05-19,15.18,8.77,293.56,284.26,80,101,0,1.244
2019-05-20,15.67,9.24,270.86,288.25,76.1,101,0,0.721
2019-05-21,17,9.76,293.94,294.11,71.8,100.6,0,0.385
2019-05-22,16.37,10.2,287.15,297.7,74.1,100.4,0.98,1.265
2019-05-23,12.73,7.95,285.22,286.08,71.4,100.5,0,2.514
2019-05-24,13.25,10.83,205.45,324.61,79.4,99.6,29.12,5.1
2019-05-25,13.33,9.81,120.91,324.05,76,99.5,9.97,6.494
2019-05-26,11.68,9.02,193.31,308.87,69.8,100.1,10.86,9.102
2019-05-27,13.35,9.78,118.53,329.04,78.6,100.2,22.37,4.027
2019-05-28,12.27,9.6,187.12,311.52,69.3,100.2,1.96,9.759
2019-05-29,12.73,9.16,193.08,304.35,65.5,101.5,0.14,4.886
2019-05-30,13.77,9.68,212.11,312.93,79.8,102.1,0.96,3.408
2019-05-31,13.74,9.36,234.55,306.13,80.4,102.1,0.5,3.327
2019-06-01,13.7,9.04,257.1,299.3,81,102.1,0,3.246
2019-06-02,15.61,9.06,275.55,300.47,85,101.7,0,1.529
2019-06-03,16.65,10.9,271.11,312.11,81.9,101.3,0,0.994
2019-06-04,19.47,10.98,322,302.53,77.8,101.4,0,0.187
2019-06-05,20.39,13.06,303.67,313.17,74.3,101.5,0,0.933
2019-06-06,20.53,9.92,341.78,290.43,71.5,101.5,0,1.643
2019-06-07,22.5,12,341.73,308.02,68,101.2,0,1.447
2019-06-08,22.82,14.71,336.73,314.11,62.1,101.2,0,1.365
2019-06-09,22.08,12.69,338.06,302.22,66.3,101.3,0,1.038
2019-06-10,22.56,13.3,339.1,309.96,68.6,101.3,0,1.916
2019-06-11,22.22,11.74,346.8,293.12,64.4,101.4,0,1.941
2019-06-12,22.02,11.86,348.49,294.38,56.5,101.4,0,3.088
2019-06-13,22.56,11.95,346.05,300.41,57.1,101.2,0,3.642
2019-06-14,22.63,12.63,279.56,339.21,68.2,101.2,0,1.217
2019-06-15,21.9,15.12,339.06,325.37,75.3,101.2,0,0.21
2019-06-16,21.63,14.12,349.8,302.53,68.7,101.1,0,0.232
2019-06-17,22.53,14.91,337.78,310.05,67.3,101,0,0.239
2019-06-18,22.82,14.74,323.43,315.04,70.3,100.7,0,0.78
2019-06-19,20.46,14.36,287.66,323.01,80.8,100.4,0.26,1.991
2019-06-20,17.98,13.71,107.79,350.1,85.5,99.9,12.81,4.197
2019-06-21,16.93,12.94,231.69,328.96,76.3,99.4,8.17,6.935
2019-06-22,14.25,11.65,128.87,338.99,83.3,99.2,10.72,7.765
2019-06-23,15.07,11.24,217.14,321.8,76.2,99.9,5.18,2.935
2019-06-24,14.79,10.26,200.58,305.55,71.4,100.5,2.18,4.357
2019-06-25,15.91,8.73,197.08,301.33,66.1,101.2,0,1.429
2019-06-26,17.94,11.88,299.88,307.66,81.7,101.3,1,1.703
2019-06-27,17.95,12.95,309.32,310.27,83.6,101.7,0,1.642
2019-06-28,20.04,14.12,322.19,325.75,81,101.8,0,0.747
2019-06-29,22.93,13.81,280.57,342.27,78.2,101.3,0,0.646
2019-06-30,22.36,15.2,269.87,339.12,79.8,100.9,0,0.981
2019-07-01,20.87,15.43,227.37,357.47,80.9,100.7,1.07,3.327
2019-07-02,21.5,14.66,289.14,340.38,75.4,100.7,0.48,2.884
2019-07-03,20.62,13.24,327.91,311.31,77.8,100.7,0,0.303
2019-07-04,19.45,15.49,189.82,346.56,85.8,100.3,1.67,0.925
2019-07-05,19.34,14.33,288.44,316.19,76.4,100.1,1.2,1.939
2019-07-06,20.79,15.51,205.48,350.24,76,99.6,14.16,1.406
2019-07-07,19.08,16.04,246.11,336.4,78.5,99.7,2.91,3.021
2019-07-08,18.81,14.78,237.54,334.21,80.9,101.1,0.4,3.862
2019-07-09,21.19,14.44,318.85,320.35,80.1,101.8,0,0.578
2019-07-10,22.05,15.21,329.36,323.33,76.8,101.8,0,1.196
2019-07-11,21.12,14.99,248.28,334.13,83,101.5,1.25,0.369
2019-07-12,19.18,13.87,268.01,326.62,83.8,100.9,1.22,2.082
2019-07-13,18.81,14.67,161.91,353.99,86.2,100,9.03,3.789
2019-07-14,17.76,12.75,220.82,323.83,75.2,100,1.14,4.751
2019-07-15,18.88,14.35,243.9,333.39,76.3,100.6,0.73,4.892
2019-07-16,18.04,14.3,224.64,338.22,77.3,100.8,0.3,3.232
2019-07-17,17.57,12.96,261.14,313.84,73.4,100.6,0,2.364
2019-07-18,18.05,13.52,220.03,328.62,83.9,100.2,14.19,0.532
2019-07-19,19.14,12.31,234.09,320.32,84.3,100.1,6.38,1.092
2019-07-20,18.42,13.56,200.79,331.31,78,100.6,0.7,3.855
2019-07-21,18.37,11.83,302.1,295.55,72.9,101.1,0.17,0.967
2019-07-22,19.86,14.26,141.92,357.36,86.6,101.4,1.28,2.924
2019-07-23,22.08,13.4,318.2,309.74,78.9,101.9,0,0.678
2019-07-24,24.81,16.05,313.33,331.26,72.3,101.7,0,0.314
2019-07-25,26.34,16.68,296.04,338.26,68.3,101,0,1.779
2019-07-26,27.34,15.86,309.17,336.78,62.5,100.2,0,3.927
2019-07-27,22.99,16.85,281.56,335.74,80.6,100,0.75,0.564
2019-07-28,22.59,15.51,305.51,321.34,80.2,100.3,0,0.972
2019-07-29,21.79,15.92,266.06,337.66,80.8,100.2,0.05,1.887
2019-07-30,20.05,14.38,277.91,306.45,68.5,101,0,3.044
2019-07-31,19.67,14.09,263.35,312.17,70.8,101.4,0,2.116
2019-08-01,19.29,13.8,248.92,317.91,73.2,101.8,0,1.204
2019-08-02,22.04,13.77,289.02,309.3,77.7,101.5,0,0.258
2019-08-03,20.85,14.08,193.42,341.07,79.9,101,1.35,2.574
2019-08-04,18.19,13.72,204.49,324.22,64.1,101.1,0.3,3.666
2019-08-05,19.35,14.14,116.75,359.65,83.1,100.6,8.61,4.27
2019-08-06,17.32,13.8,215.45,314.35,70.1,100.7,2.78,5.122
2019-08-07,18.42,12.29,259.48,298.46,68.7,101.6,0.81,1.379
2019-08-08,19,16,115.83,365.04,79.1,101.2,0.32,5.066
2019-08-09,19.63,17.4,183.35,365.88,85.8,100.9,1.47,4.529
2019-08-10,18.49,13.91,209.45,322.44,70.3,101.3,5.28,3.147
2019-08-11,18.57,11.57,258.53,295.43,75,101.7,0,1.141
2019-08-12,22.78,12.55,271.19,308.09,71.3,101.2,0,0.891
2019-08-13,24.3,17.5,226.66,350,69.4,100.1,0.61,0.771
2019-08-14,19.81,14.54,133.68,354,87.6,100.1,8.06,2.872
2019-08-15,16.3,13.37,222.09,309.2,71.6,100.3,4.41,5.642
2019-08-16,17.95,13.08,210.2,311.19,66.6,101,1.83,4.799
2019-08-17,19.54,13.08,240.54,309.31,70.5,101.2,0,1.252
2019-08-18,23.75,14.65,209.49,343.26,63.6,100.3,1.1,3.436
2019-08-19,20.01,16.78,209.03,334.31,75.6,100.2,1.03,3.576
2019-08-20,17.05,14.28,92.7,342.24,81.7,100.4,14.14,1.307
2019-08-21,18.84,14.87,138.83,351.75,84.2,99.2,28.73,1.222
2019-08-22,19.06,15.18,202.13,343.16,83.3,99,8.84,1.712
2019-08-23,18.98,13.93,194.75,330.67,74.2,100.1,1.2,2.647
2019-08-24,16.84,12.96,171.8,315.67,71.6,100.7,0,3.639
2019-08-25,17.76,12.01,229.68,296.07,70.8,100.7,0,2.096
2019-08-26,17.85,11.63,136.39,331.57,79.9,100.8,2.79,0.267
2019-08-27,16.48,14.49,44.54,359.69,89.4,100.2,20.56,4.485
2019-08-28,18.36,12.33,205.97,310.74,74.2,100.7,0,4.135
2019-08-29,17.81,11.54,196.49,304.43,80.1,100.9,0,0.362
2019-08-30,18.17,12.73,130.35,330.58,83.3,100.4,14.55,0.623
2019-08-31,17.67,12.87,144.93,328.11,82.7,100.2,8.96,0.868
2019-09-01,17.17,13,159.6,325.72,82.1,100.1,3.37,1.47
2019-09-02,19.23,13.56,207.78,312.05,80.3,100.7,0,0.73
2019-09-03,18.36,14.28,89.7,361.91,91.4,101,3,2.147
2019-09-04,18.06,15.67,125.41,358.89,88.2,101.2,5.24,3.949
2019-09-05,18.42,12.99,124.48,346.87,86.1,101.6,2.85,2.212
2019-09-06,18.85,15.84,72.46,372.69,95.3,101,8.52,2.172
2019-09-07,18.32,14.98,93.3,354.58,91.9,100.2,21.47,2.994
2019-09-08,18.39,13.99,163.43,325.72,79,100.7,0.48,3.765
2019-09-09,19.46,14.35,129.88,342.28,89.4,101.6,0,1.068
2019-09-10,19.26,17.16,143.77,361.61,90.8,101.9,0.52,1.697
2019-09-11,19.35,17.65,65.28,385.65,96.4,101.9,1.83,1.911
2019-09-12,19.62,17.49,131.53,356.64,89.2,101.1,2.41,2.152
2019-09-13,18.18,13.15,173.23,309.87,70.5,101.2,3.07,5.014
2019-09-14,17.63,11.87,123.21,330.29,75.7,101.3,1.24,1.129
2019-09-15,18.2,14.19,165.22,327.37,78.7,101.2,3.57,3.363
2019-09-16,19.01,15.17,160.83,342.84,84.5,101.2,0,2.213
2019-09-17,19.51,14.7,141.86,344.34,84,101.6,0,0.227
2019-09-18,20.61,14.04,155.93,317.02,78.5,101.7,0,1.85
2019-09-19,21.73,12.54,185.97,296.71,65.5,101,0,3.363
2019-09-20,19.53,12.71,142.61,315.18,69.9,101.4,0.53,0.481
2019-09-21,17.44,10.54,179.26,276.32,72.3,102.6,0,2.714
2019-09-22,17.78,9.88,160.35,294.02,78.4,102.7,0,2.061
2019-09-23,18.69,10.56,170.28,291.44,79.4,102.6,0,1.135
2019-09-24,19.06,11.46,163.98,308.83,81.3,102.1,0,1.073
2019-09-25,19.47,13.32,154.72,319.57,79.9,101.4,0,1.474
2019-09-26,18.74,12.08,162.77,295,83.4,101,0,0.617
2019-09-27,17.86,11.83,148.67,299.81,85.6,101.2,0,0.33
2019-09-28,17.11,11.52,118.23,312.66,83.1,101.3,0,0.849
2019-09-29,17.07,11.57,130.76,308.92,78,101.6,0,2.67
2019-09-30,15.42,11.32,98.34,317.7,79.6,101.9,0,2.985
2019-10-01,16.94,11.29,123.63,317.44,79.9,102,0,2.766
2019-10-02,16.11,11.83,99.3,332.27,83.3,102.1,0.24,3.295
2019-10-03,16.06,11.86,92.09,327.52,83.8,102,0.07,2.364
2019-10-04,14.25,11.13,71.14,327.54,86.8,101.2,0.63,0.901
2019-10-05,13.99,7.48,16.98,327.06,90.8,98.9,23.02,0.856
2019-10-06,8.94,7.71,21.26,316.96,92,97.9,17.33,2.931
2019-10-07,11.12,6.44,94.88,291.11,83.6,97.9,7.91,0.751
2019-10-08,13.33,6.54,73.8,295.34,81.2,98.2,8.77,5.088
2019-10-09,10.58,8.57,29.41,320.13,87.6,98.7,13.92,6.544
2019-10-10,11.6,8.17,86.18,292.44,72,99.4,0.53,5.527
2019-10-11,12.71,6.97,107.1,268.61,68.5,99.9,0,4.067
2019-10-12,12.42,6.87,108.63,271.66,74,100.8,0,3.848
2019-10-13,14.54,8.12,116.74,268.14,70.8,101.4,0,3.689
2019-10-14,13.06,6.91,96.28,281.94,69.3,101.8,0,1.609
2019-10-15,13.11,8.35,75.62,306.36,73.8,101.5,0,2.58
2019-10-16,14.55,10.36,66.95,325.55,76,100.7,0,3.436
2019-10-17,15.1,12.67,28.43,362.87,93.9,100.9,8.14,1.194
2019-10-18,14.82,12.57,24.59,357.13,94.7,101.3,8.42,0.79
2019-10-19,14.83,12.32,53.58,345.36,90.8,101.5,1.22,0.493
2019-10-20,14.99,13,46.12,353.65,93.8,101.5,4.17,2.767
2019-10-21,14.64,13.22,35.05,354.89,92.5,101.4,2.18,2.587
2019-10-22,14.73,11.26,58.19,330.85,92,101.5,0.37,0.772
2019-10-23,15.19,11.12,74.31,322.76,89.6,101.6,0,0.781
2019-10-24,14.8,10.38,64.74,315.86,86.6,101.6,0,1.005
2019-10-25,14.86,9.18,83.13,289.01,88.6,101.9,0,1.541
2019-10-26,14.34,8.16,60.61,309.73,87.9,101.9,0,1.757
2019-10-27,13.81,8.95,59.68,310.45,82.4,101.5,0,2.202
2019-10-28,12.15,8.68,58.89,305.2,79.7,101.1,0,2.405
2019-10-29,12.32,6.74,75.85,282.72,78.8,101,0,2.182
2019-10-30,11.73,7.54,57.96,300.46,82.6,101.1,0,1.777
2019-10-31,11.3,8.37,43.85,310,84.3,101,1.85,2.424
2019-11-01,10.86,9.2,29.84,319.66,85.9,100.9,3.65,2.082
2019-11-02,12.55,8.4,48.49,304.27,93.3,101.3,0,1.642
2019-11-03,11.12,5.97,58.4,280.13,82.1,101.9,0,2.002
2019-11-04,8.45,3.66,65.17,250.49,82.4,102.1,0,1.89
2019-11-05,9.32,3.22,67.77,260.49,87,101.7,0,1.207
2019-11-06,5.81,1.39,62.98,247.25,88.8,100.9,0,1.876
2019-11-07,10.23,2.78,65.66,254.49,87.5,100,0,1.688
2019-11-08,9.72,4.13,26.62,305.39,94.9,100,7.96,1.061
2019-11-09,10.87,3.84,36.63,290.33,93.1,100.8,0.33,1.605
2019-11-10,12.04,7.58,27.32,327.37,94.8,100.7,5.15,0.281
2019-11-11,12.23,7.31,51.23,289.11,92.9,101.6,0,1.57
2019-11-12,13.56,7.86,24.2,334.98,94,101.9,7.34,1.615
2019-11-13,14.15,10.82,18.72,341.93,89.8,101,15.29,6.57
2019-11-14,11.2,9.52,31.64,299.39,72,101.3,0.43,6.054
2019-11-15,11.43,8.35,26.8,321.65,81.8,101.5,11.62,3.411
2019-11-16,11.96,7.9,11.35,325.96,86.8,100.2,26.69,4.407
2019-11-17,9.57,6.28,34.04,290.2,81.7,99.4,6.21,3.279
2019-11-18,7.52,4.8,44.51,252.35,75.2,99.6,0,3.258
2019-11-19,7.6,5.48,28.57,291.38,76.5,99.6,0.3,1.12
2019-11-20,6.55,2.38,22.71,258.79,81.8,100.4,0.35,4.336
2019-11-21,5.42,1.4,44.94,225.94,84.9,100.7,0,3.025
2019-11-22,5.46,1.24,37.68,250.95,81.5,100.3,0,1.704
2019-11-23,5.47,-0.16,39.19,238.73,79,101.2,0,1.384
2019-11-24,8.45,0.57,19.51,288.44,86.1,101.1,2.35,3.244
2019-11-25,8.84,3.68,26.31,296.5,90.2,101.3,0.96,0.556
2019-11-26,10.86,7.46,9.46,334.64,88.5,101.1,6.59,4.403
2019-11-27,11.81,10.42,9.6,348.19,88.5,100.5,9.65,5.615
2019-11-28,14.02,11.1,6.16,363.15,94.1,99.5,49.13,3.323
2019-11-29,13.41,11.88,19.46,344.71,79.6,98.4,20.85,4.759
2019-11-30,12.89,8.51,29.18,313.75,77.2,98.7,2.83,5.737
2019-12-01,9.68,7.04,20.38,286.02,79.5,99.6,1.21,3.738
2019-12-02,12.47,8.17,11.67,328.47,90.4,99.2,18.12,1.934
2019-12-03,13.29,9.66,7.95,336.71,88.3,98.8,34.55,5.237
2019-12-04,13.76,9.28,14.66,331.48,81,97.5,13.27,7.368
2019-12-05,11.61,9.3,13.49,317.71,65.1,98.2,4.29,9.962
2019-12-06,10.29,9.16,20.99,304.3,62.3,99.1,4.11,11.494
2019-12-07,9.86,5.05,7.12,313.37,86.1,98.8,29.19,2.621
2019-12-08,9.47,7.76,19.89,301.02,81.3,101.1,1.04,6.269
2019-12-09,10.58,8.79,5.93,339.83,88.8,100.1,37.02,2.455
2019-12-10,11.59,6.78,14.59,331.49,88.4,98.8,29.03,3.932
2019-12-11,8.12,5.06,26.25,279.72,68,99.1,0.78,3.078
2019-12-12,6.55,5.38,5.9,315.62,88,97.2,19.84,1.078
2019-12-13,6.98,4.55,7.07,305.9,77.7,98,34.95,10.85
2019-12-14,7.5,5.1,14.73,298.71,71.1,99.4,9.43,8.719
2019-12-15,7.91,2.58,29.88,245.66,80.8,101,0.41,3.305
2019-12-16,5.91,1.66,27.55,246.01,82.4,102.2,0,1.41
2019-12-17,5.56,1.38,20.76,267.75,84.3,102.4,0,2.326
2019-12-18,4.22,0.39,29.05,235.64,86.9,101.9,0.01,3.033
2019-12-19,3.05,0.71,18.12,240.71,89.2,100.8,2.03,3.915
2019-12-20,3.91,0.34,15.63,260.91,75.3,99.9,0,6.534
2019-12-21,6.86,3.8,5.62,311.19,81.8,98.5,8.01,9.732
2019-12-22,8.6,6.7,22.43,294.71,86,97.6,1.4,5.833
2019-12-23,8.75,5.52,24.55,281.66,78.9,97.9,3.94,2.571
2019-12-24,6.3,3,20.24,266.18,80.9,98.9,0.48,4.502
2019-12-25,3.9,2.36,18.1,283.82,87,99.5,1.1,5.079
2019-12-26,2.65,0.06,20.95,246.99,87.7,100.1,0.4,3.975
2019-12-27,3.34,-0.28,20.45,257.66,78.7,100.5,0,3.08
2019-12-28,3.49,1.09,17.86,268.33,84.8,100.4,0.42,3.532
2019-12-29,2.64,0.17,16.36,274.55,76.4,99.8,0.15,4.297
2019-12-30,3.58,0.94,21.2,271.15,81.9,100.1,0.22,3.85
2019-12-31,3.14,0.27,22.73,259.58,83.9,100.7,0.04,3.27
2020-01-01,2.7,-0.4,24.26,246.72,85.5,101.3,0,2.694
2020-01-02,3.55,-0.17,28.24,239.5,81.4,101.1,0,3.304
2020-01-03,2.83,-0.98,27.55,229.92,85,100.8,0,3.399
2020-01-04,1.06,-1.92,31.05,219.76,82.8,100.8,0.14,3.161
2020-01-05,1.05,-1.8,30.47,220.49,83,100.1,0,4.477
2020-01-06,2.28,-0.02,12.18,284.43,77.8,97.9,1.08,10.01
2020-01-07,4.01,1.19,7.7,303.43,94.5,96.5,8.36,4.596
2020-01-08,3.9,0.15,12.72,294.94,85.9,97.8,3.49,5.807
2020-01-09,1,-3.4,36.13,205.19,74.1,100.1,0,1.374
2020-01-10,4.83,-0.48,32.04,262.44,70.2,100.8,3.78,2.193
2020-01-11,8.68,4.17,6.97,330.34,94.2,100.4,19.25,2.167
2020-01-12,8.89,7.2,17.82,325.84,91,99.6,20.83,3.33
2020-01-13,10.17,8.56,9.85,346.41,96.8,100,17.1,6.105
2020-01-14,10.34,9.17,15.36,331.97,94.2,100.4,8.61,5.88
2020-01-15,9.38,7.54,20.79,314.34,92,101.1,6.12,5.868
2020-01-16,9.27,5.12,10.43,305.31,92,101.2,18.74,2.823
2020-01-17,8.18,1.67,38.72,265.67,88.8,101.3,1.62,1.651
2020-01-18,6.98,1.32,20.01,307.92,94.7,102.3,1.58,0.504
2020-01-19,7.46,6.57,8.87,333.25,97.8,102,7.46,2.486
2020-01-20,7.65,6.39,18.5,322.03,97.5,101.7,2.25,0.663
2020-01-21,7.86,5.74,28.28,302.69,94.5,101.5,0.98,1.269
2020-01-22,6.79,5.07,23.43,308.62,90.1,101.1,0.8,1.804
2020-01-23,6.61,1.43,17.43,285.25,91.7,100.8,7.82,0.668
2020-01-24,8.37,1.85,27.25,303.28,86.4,100.8,9.59,1.474
2020-01-25,9.7,8.38,11.45,345.94,97.4,100.3,19.21,6.443
2020-01-26,9.64,8.82,6.05,347.6,95.6,100.1,33.23,6.806
2020-01-27,9.34,6.85,39.82,315.66,87.4,99.1,10.12,7.853
2020-01-28,7.05,5.73,45.02,291.14,75.3,100,5.56,7.584
2020-01-29,8.92,6.37,19.54,322.06,81.3,99.5,6.64,8.644
2020-01-30,9.56,5.98,10.99,334.84,97.2,99.8,14.1,5.196
2020-01-31,8.99,4.59,34.1,309,81.5,98.5,11.39,11.004
2020-02-01,7.26,4.87,26.99,310.82,77.8,99,15.34,9.97
2020-02-02,9.93,5.45,19.08,331.23,95.4,99.2,28.15,5.605
2020-02-03,9.94,7.33,25.92,327.43,79.5,98.8,11.56,8.6
2020-02-04,7.78,6.44,48.73,293.44,75.6,100.5,2.81,8.688
2020-02-05,9.66,5.32,18.96,312.25,88.9,99.5,14.76,1.509
2020-02-06,6.15,4.63,26.12,307.95,89.8,98.2,19.65,2.355
2020-02-07,7.68,4.92,27.23,309.48,84.6,98.7,10.92,6.744
2020-02-08,7.19,5.26,35.62,300.46,84.4,99,6.32,5.373
2020-02-09,7.13,5.02,55.58,284.72,80.8,101.1,0.07,4.432
2020-02-10,6.39,3.11,50.18,291.83,81.6,102.1,0.64,2.705
2020-02-11,4.56,1.96,46.06,286.7,86.8,102,0.34,1.496
2020-02-12,6.86,2.04,40.44,294.7,88.3,101.7,0.67,1.182
2020-02-13,9.1,5.42,32.12,328.63,94.8,101.6,2.39,5.01
2020-02-14,9.21,7.37,63.11,325.1,93.6,101.9,1.66,4.251
2020-02-15,9.13,8.13,38.31,333.02,96.5,101.8,3.4,6.816
2020-02-16,8.6,5.42,41.04,324.93,93,100.2,3.85,7.781
2020-02-17,5.43,0.26,57.4,260.55,76.2,100.1,3.52,5.847
2020-02-18,5.02,-1.65,55.72,239.09,77.1,101.7,0.71,0.945
2020-02-19,5.17,-0.42,94.09,225.48,74.7,102.4,0,0.341
2020-02-20,6.09,0,97.66,231.17,74.4,102.5,0,1.849
2020-02-21,5.49,1.32,64.26,274.66,79.2,102.1,0,3.556
2020-02-22,6.93,-0.21,111.06,234.43,77.3,102.1,0,1.553
2020-02-23,8.33,0.24,115.03,225.55,73.2,102.4,0,1.368
2020-02-24,8.37,0.31,116.31,238.08,73,102.1,0,1.037
2020-02-25,6.59,0.34,100.5,254.64,88.2,102.5,0,1.059
2020-02-26,9.07,-0.13,118.62,238.62,85.7,102.5,0,1.902
2020-02-27,6.44,0.75,80.47,275,87.8,102.4,0,1.647
2020-02-28,4.41,1.49,74.85,289.39,90,101.9,0,0.224
2020-02-29,4.86,1.87,72.51,292.35,87.7,101.5,0.53,0.945
2020-03-01,5.31,2.25,70.17,294.73,85.4,101.1,0.92,1.858
2020-03-02,4.09,0.59,80.46,256.49,65.8,101.3,0,1.881
2020-03-03,3.7,0.43,66.79,262.7,67.8,100.9,0,2.228
2020-03-04,3.49,-0.43,91.41,241.47,62.6,100.8,0,2.35
2020-03-05,2.71,-1.31,79.51,240.36,65.7,100.3,0,0.385
2020-03-06,3.16,-2.07,130.49,211.15,62.7,99.7,0,0.889
2020-03-07,4.65,-0.2,102.7,258.61,71.7,100,0,1.872
2020-03-08,5.64,0.1,106.47,250.6,71.6,99.8,0,3.653
2020-03-09,4.6,-1.24,113.99,244.71,72.2,100,0,1.107
2020-03-10,5.02,-1.43,150.98,217.24,62.9,100.6,0,0.598
2020-03-11,5.46,2.56,56.23,293.72,77.2,100.2,9.77,2.015
2020-03-12,8.17,3.8,82.63,317.19,87.3,98.6,21.18,2.837
2020-03-13,9.54,7.65,99.75,319.16,93.4,97.9,5.59,1.541
2020-03-14,9.28,7.28,119.42,310.69,91.8,98.5,4.84,4.029
2020-03-15,9.78,7.28,112.59,309.5,89.9,98,6.07,2.223
2020-03-16,8.28,4.8,73.05,314.31,91.4,97.9,21.43,4.055
2020-03-17,6.49,2.16,99.96,277.5,87.3,99.1,0.97,0.714
2020-03-18,5.87,1.85,29.91,297.15,91.1,99.7,14.35,1.76
2020-03-19,8.48,4.9,69.72,310.59,95.5,99.4,5.58,0.292
2020-03-20,7.06,4.47,56.52,311.38,93.9,99,5.22,1.208
2020-03-21,6.37,4.49,83.77,309.68,94.8,98.7,4.86,0.837
2020-03-22,4.93,1.53,32.6,290.3,86,98.5,13.11,2.588
2020-03-23,4.88,0.81,100.51,266.17,68,99,0,0.744
2020-03-24,4.46,-1.1,119.14,253.37,61.3,99.9,0,5.008
2020-03-25,4.19,-1.63,87.3,250.79,73.2,100.8,1.25,2.754
2020-03-26,4.52,-2.29,188.36,217.42,67.5,100.3,0,2.944
2020-03-27,4.87,-0.7,132.11,255.58,64.4,100.1,0,2.916
2020-03-28,6.54,0.53,138.12,263.07,71.7,99.8,0,4.417
2020-03-29,5.65,-0.18,115.03,259.87,70.3,99.2,0,5.109
2020-03-30,9.6,2.29,88.36,307.02,87.3,97.9,9.66,2.869
2020-03-31,8.86,6.95,110.47,309.63,90.4,97.9,7.27,2.689
2020-04-01,8.19,6.19,74.55,321.23,85.3,97.6,8.21,6.422
2020-04-02,9.23,5.06,142.33,294.59,82.2,98.4,2.89,3.922
2020-04-03,8.52,3.47,144.39,284.88,82.9,99.5,0.55,1.574
2020-04-04,8.83,3.6,165.22,294.35,84.2,99.4,8.06,0.741
2020-04-05,9.51,6.3,122,307.12,88.8,97.9,4.28,2.681
2020-04-06,9.6,5.38,133.56,300.58,88.4,98.7,3.46,1.518
2020-04-07,9.24,5.06,137.62,298.65,80,100.2,0.03,2.346
2020-04-08,8.87,4.35,155.3,292.05,78.8,100.7,2.51,0.35
2020-04-09,10.11,7.34,79.29,333.17,95.5,100.4,13.98,2.803
2020-04-10,10.7,6.91,155.24,311.87,88,100.4,3.33,4.031
2020-04-11,10.21,7.28,70.12,338.44,94.2,100.1,8.82,1.706
2020-04-12,9.21,5.99,166.63,293.15,74.1,99.8,12.26,6.137
2020-04-13,7.46,5.27,84.02,294.83,81.8,99.6,11.88,8.32
2020-04-14,6.82,5.41,72.86,315.33,84.7,99.6,5.24,9.052
2020-04-15,8.2,5.61,127.67,307.57,90.3,99.6,4.98,2.051
2020-04-16,9.64,5.09,161.17,290.79,79.8,100.3,0.64,3.478
2020-04-17,7.89,3.62,140.97,288.94,73.3,100.6,1.56,2.003
2020-04-18,9.28,4.55,157.47,288.11,78.5,100.5,0.56,4.252
2020-04-19,9.56,5,156.82,291.7,76.8,100.6,0.2,4.373
2020-04-20,8.41,5.08,144.59,299.04,70.9,100.8,0,1.766
2020-04-21,8.07,4.33,129.43,299.29,73.4,101.2,0.02,1.433
2020-04-22,8.14,4.25,155.75,290.73,75.7,101.1,0.47,1.214
2020-04-23,8.84,3.19,203.79,270.16,73.1,100.9,0,0.672
2020-04-24,8.87,5.09,62.68,305.98,89.8,100,21.92,2.235
2020-04-25,9.76,3.32,179.07,277.04,81.7,101,0,2.384
2020-04-26,10.12,4.86,94.72,316.94,87,100.1,32.2,1.64
2020-04-27,9.04,5.74,194.41,288.38,74.6,99.2,4.29,7.164
2020-04-28,8.91,3.84,168.51,285.88,72.5,99.8,2.77,4.108
2020-04-29,8.46,3.19,138.1,289.87,86.7,100.5,4.47,1.21
2020-04-30,10.39,3.71,232.36,272.44,80.8,101.2,0.19,1.443
2020-05-01,11.29,7.53,147.24,316.1,92.7,101.3,8.52,1.019
2020-05-02,13.78,6.71,139.39,317.34,85.8,101.2,1.06,1.54
2020-05-03,13.09,5.83,255.51,281.56,66.2,100.9,0,4.595
2020-05-04,11.45,5.86,186.46,303.11,64.1,100.8,0.39,3.839
2020-05-05,9.15,5.83,178.94,292.47,79.1,99.8,1.1,0.599
2020-05-06,7.99,4.96,69.56,316.88,92.8,98.5,22.45,0.698
2020-05-07,7.96,4.33,136.84,312.1,84.5,99,10.25,2.663
2020-05-08,8.32,4.22,118.41,303.39,72,100.2,5.86,3.33
2020-05-09,8.36,3.43,185.24,282.55,60.7,101.3,0,1.357
2020-05-10,9.79,3.96,226.29,284.53,72.3,101.8,0.62,1.816
2020-05-11,11.97,7.6,154.69,327.66,93.5,102,2.72,2.391
2020-05-12,13.95,7.35,244.54,303.94,87.1,102.3,0,1.226
2020-05-13,14.83,9.3,224.78,318.69,84.2,102.1,0.38,2.142
2020-05-14,12.99,8.73,218.62,316.51,84.5,101.5,1.87,2.778
2020-05-15,12.62,8.54,150.14,326.73,82.8,101.1,1.83,4.018
2020-05-16,11.56,6.84,217.17,300.92,85.6,101.4,0.87,3.677
2020-05-17,11.48,7.56,159.98,314.89,86.9,100.7,12.78,6.223
2020-05-18,8.82,4.74,197.14,289.37,67.2,100.3,1.22,3.165
2020-05-19,7.01,3,173.09,266.1,62.6,100.5,1.11,3.656
2020-05-20,7.88,3.26,180.2,280.87,62.5,100.9,0,1.551
2020-05-21,10.15,3.83,68.47,307.97,83.4,100,12.96,4.207
2020-05-22,11.41,7.66,211.19,307.46,80.4,99.8,1.65,7.31
2020-05-23,11.22,7.98,208.25,314.94,82,100.3,4.76,5.385
2020-05-24,12.13,7.41,244.41,302.33,80.4,100.7,3.53,3.608
2020-05-25,11.47,8.71,102.89,335.87,92.5,100.5,8.76,2.849
2020-05-26,13.12,8.71,204.21,320.43,85.2,100.7,1.45,5.204
2020-05-27,14.1,8.23,262.47,295.09,82.3,101.8,0,3.515
2020-05-28,15.07,10.54,220.5,332.97,85.8,102.3,0,1.622
2020-05-29,16.13,9.92,287.69,310.15,83.8,102.3,0,0.624
2020-05-30,16.2,10.62,258.03,318.72,82.1,102.1,0,3.18
2020-05-31,15.67,9.99,278.24,309.13,83.3,101.9,0,1.674
2020-06-01,15.14,9.35,298.74,299.25,84.5,101.7,0,0.242
2020-06-02,16.78,11.66,296.95,310.66,82.1,101.3,0,0.723
2020-06-03,14.61,9.58,206.74,315.61,79.4,101,0.58,3.369
2020-06-04,12.19,9.01,181.71,310.66,66.9,101.4,0,4.838
2020-06-05,12.82,8.08,159.16,324.04,85.3,101.2,8.7,3.692
2020-06-06,13.5,9.51,262.83,304.84,77.6,100.6,2.26,8.091
2020-06-07,11.82,8.02,189.8,301.07,71.9,101,0,3.177
2020-06-08,11.54,7.72,95.42,327.51,87.2,99.9,16.7,0.732
2020-06-09,12.26,9.11,188.42,323.56,84.8,98.8,9.65,3.691
2020-06-10,12.39,9.62,175.29,326.34,81.4,98.4,9.17,7.31
2020-06-11,13.15,8.63,249.07,294.8,85.7,100.2,3.83,2.91
2020-06-12,14.47,8.33,300.97,286.98,83.8,101.2,0.24,0.846
2020-06-13,15.69,7.65,317.68,286.27,79.4,101.6,0,0.626
2020-06-14,15.02,11.15,253.65,316.85,77.5,101.7,0.85,0.817
2020-06-15,15.58,11.27,212.28,335.63,87.1,102,0,2.181
2020-06-16,16.21,11.21,267.88,326.35,89.3,102.2,0.13,2.308
2020-06-17,17.6,10.8,245.85,346.05,90,102.3,0,2.197
2020-06-18,17.6,11.49,309.58,323.05,86.4,101.9,0,2.776
2020-06-19,17.44,10.06,343.4,290.32,80.4,101.6,0,0.658
2020-06-20,16.52,9.7,318.6,288.69,78.4,101.8,0,0.293
2020-06-21,16.76,10.35,338.59,286.84,76.7,102.2,0,1.442
2020-06-22,16,10.44,336.3,286.75,85.3,102.3,0,2.579
2020-06-23,17.86,10.43,289.33,313.64,88.6,101.9,0,1.282
2020-06-24,21.94,14.59,313.65,345.95,78.5,100.3,0.87,1.146
2020-06-25,16.45,13.42,234.46,333.31,84.1,100.4,8.61,5.113
2020-06-26,15.81,14.03,133.09,355.39,91,100.4,17.79,2.809
2020-06-27,15.61,11.58,209.96,323.98,85.4,100.9,0.36,3.052
2020-06-28,18.22,11.5,316.01,313.71,78.9,100.8,0,0.458
2020-06-29,16.02,13.87,127.31,352.64,92.1,99.7,9.26,1.602
2020-06-30,16.49,13.68,298.86,317.93,82.9,100.2,0.16,3.665
2020-07-01,16.93,14.01,315.17,308.71,84.8,101.5,1.64,3.076
2020-07-02,17.35,12.98,319.19,307.95,85.4,102.4,0,2.282
2020-07-03,18.57,13.59,305.93,326.63,85.5,102.2,0,1.207
2020-07-04,18.4,13.53,312.53,324.49,84.5,101.7,0,2.349
2020-07-05,16.69,12.21,291.29,312.43,83.9,101.3,0,2.354
2020-07-06,17.64,12.18,277.61,320.96,87.7,100.6,0,1.209
2020-07-07,16.5,11.94,99.47,356.68,90.6,99.9,12.9,3.045
2020-07-08,14.76,10.93,222.57,317.23,75.7,100.2,0.11,3.956
2020-07-09,14.87,11.45,217.92,319.8,78.1,100.5,0,3.336
2020-07-10,18.42,11.44,315.15,314.92,79.8,100.5,1.47,1.136
2020-07-11,16.94,15.13,181.7,363.44,90.3,100.4,8.56,3.789
2020-07-12,18.31,15.69,250.83,363.15,90.2,100.5,4.88,3.773
2020-07-13,18.99,15.75,139.5,375.49,97.5,100.9,0.72,0.23
2020-07-14,20.66,15.98,195.53,373.09,95.9,101,3.65,0.658
2020-07-15,23.47,16.49,282.98,363.54,89.2,101.1,0,0.31
2020-07-16,24.23,17.55,258.3,361.24,85.5,100.8,2.18,2.47
2020-07-17,23.13,15.61,312.24,338.61,83.7,100.3,0.57,0.318
2020-07-18,18.44,13.43,251.07,334.32,75.3,100.3,5.43,4.67
2020-07-19,16.04,12.87,184.58,319.28,71,101,0,4.674
2020-07-20,17.65,14.05,174.18,360.57,88.6,100.5,11.67,5.832
2020-07-21,18.07,15.8,111.93,377.41,95.4,100.4,14.68,4.347
2020-07-22,18.77,16.15,101.36,381.1,95.6,100.4,5.29,4.055
2020-07-23,20.07,15.69,183.51,365.88,92,100.7,0.28,1.296
2020-07-24,23.38,16.55,249.05,350.85,82,100.7,0,1.182
2020-07-25,23.73,17.06,300.45,337.1,74.5,100.5,0,0.984
2020-07-26,20.97,14.66,224.89,345.14,86.5,100.6,0.3,2.388
2020-07-27,17.69,13.17,205.89,329.89,75.7,101.1,0.87,3.371
2020-07-28,17.78,11.71,288.11,294.5,74.6,101.5,0.06,2.355
2020-07-29,18.94,11.68,238.57,312.63,69.1,101.3,0,0.586
2020-07-30,18.75,14.98,184.36,352.72,81.2,101.1,5.92,1.467
2020-07-31,19.21,14.46,229.91,336.66,82.6,101.2,3.05,1.158
2020-08-01,19.66,13.95,276.06,320.7,84,101.2,0,1.314
2020-08-02,19.89,13.64,264.49,315.39,86,101.2,0,0.839
2020-08-03,20.5,14.36,263.11,326.27,85.5,101.3,0,0.6
2020-08-04,23.68,15.07,286.63,329.54,79.5,101.2,0,0.55
2020-08-05,25.41,16.76,195.14,365.12,72.4,100.7,1.29,1.936
2020-08-06,20,15.26,210.26,349.39,93.5,100.3,0,1.449
2020-08-07,19.77,16.18,172.89,361.59,92.1,100.1,2.57,0.552
2020-08-08,19.97,13.82,236.51,334.13,80.5,100.4,0,2.734
2020-08-09,19.14,12.15,254.6,308.95,76.4,101.1,0,0.423
2020-08-10,20.26,13.35,270.89,307.03,77,100.9,0,0.177
2020-08-11,20.29,13.47,280.69,308.16,79.8,100.6,0,1.272
2020-08-12,19.21,15.43,222.48,340.27,83.1,100.8,1.33,3.285
2020-08-13,17.89,12.13,242.86,302.44,73.2,101.4,0,1.482
2020-08-14,19.31,12.12,274.7,296.22,79.5,101.7,0,1.065
2020-08-15,20.88,14.39,262.16,325.48,84.7,101.8,0,0.857
2020-08-16,22.59,16.51,247.13,341.91,85.1,101.8,0,0.898
2020-08-17,22.47,15.82,260.01,331.88,85.7,101.9,0,0.289
2020-08-18,22.54,16.98,246.64,337.03,83.7,101.9,0,0.173
2020-08-19,21.78,15.59,228.21,333.36,85.4,101.8,0,0.699
2020-08-20,21.51,15.1,206.77,331.56,84.2,101.6,0,0.375
2020-08-21,21.48,14.38,241.22,311.82,85.9,101.4,0,0.313
2020-08-22,20.58,14.53,207.3,324.27,84.5,101,0,0.188
2020-08-23,20.52,14.47,184.25,329.12,82.1,100.7,0,2.272
2020-08-24,18.39,14.4,162.13,329.56,73.6,101.2,0,3.711
2020-08-25,19.8,14.54,199.28,336.79,78.9,101.4,0,4.064
2020-08-26,19.57,14.61,115.52,360.3,85,101.3,1.21,3.426
2020-08-27,17.46,12.62,149.59,325.64,76.4,101.2,0,0.452
2020-08-28,18.57,12.74,80.33,350.1,84.1,100,24.52,4.036
2020-08-29,15.13,11.26,184.78,288.22,61.1,100.8,0.25,4.061
2020-08-30,16.72,10.94,127.3,308.66,75.6,101.6,1.7,4.899
2020-08-31,16.92,11.82,130.04,318.57,77.6,101.8,0.92,4.237
2020-09-01,17.12,12.71,132.77,326.95,79.7,102,0,3.576
2020-09-02,20.39,11.1,229.28,296.56,76.6,102,0,0.982
2020-09-03,23.1,11.66,213.96,317.8,75.3,101.1,0.72,1.853
2020-09-04,19.43,16.62,192.77,346.23,87.4,100.7,2.99,1.79
2020-09-05,18.21,15.03,156.19,335.86,78.2,100.5,4.58,5.15
2020-09-06,17.26,13.47,131.87,343.79,82.3,98.8,47.69,5.029
2020-09-07,14.74,13.4,49.27,348.48,88.2,98.9,22.87,10.148
2020-09-08,15.83,12.01,132.3,325.48,77.7,99.6,1.7,5.011
2020-09-09,15.29,10.68,128.68,315.01,78.5,99.6,2.66,2.788
2020-09-10,14.52,11.25,79.96,334.83,81,99.9,20.56,6.534
2020-09-11,15.68,11.37,178.86,298.19,70.4,100.5,2.14,6.094
2020-09-12,16.25,11.63,116.33,319.6,77.4,101.6,2.17,4.892
2020-09-13,16.79,14.39,107.53,347.94,85.7,101.4,2.47,5.94
2020-09-14,15.59,10.84,48.53,346.63,91.6,100.7,20.44,0.844
2020-09-15,15.05,8.55,131.47,303.2,82.8,100.6,12.71,1.23
2020-09-16,15.55,10.28,176.32,302.41,80,100.5,1.39,0.682
2020-09-17,16.97,12.33,61.32,351.9,90.8,100.2,17.8,4.739
2020-09-18,17.56,14.51,128,349.12,87.7,100.3,9.39,5.151
2020-09-19,17.69,16.75,33.75,381.28,95.1,99.8,24.18,5.702
2020-09-20,17.68,12.66,66.63,348.57,83.9,99.4,17.07,5.689
2020-09-21,13.52,10.9,114.34,291.59,71.4,100.8,5.06,5.785
2020-09-22,13.74,9.62,111.9,295.58,70.9,101.7,0.95,2.807
2020-09-23,14.02,10.99,76.44,335.47,85.5,100.7,4.14,2.207
2020-09-24,15.51,10.69,79.78,335.32,86.2,99,22.92,6.878
2020-09-25,10.66,6.7,118.56,283.78,65.1,100.3,2.78,2.9
2020-09-26,10.72,5.83,140.99,260.16,62.7,101,0,0.386
2020-09-27,11.05,5.64,130.99,262.86,64.2,100.5,0.47,2.075
2020-09-28,9.33,4.84,109.88,270.8,65.3,100.9,1.2,2.39
2020-09-29,12.33,4.45,55.45,311.2,83.3,100.3,26.27,4.765
2020-09-30,15.41,12.36,39.49,356.48,94.7,97.7,54.53,6.165
2020-10-01,14.42,12.17,30.14,340.36,85.6,97.9,3.87,4.641
2020-10-02,13.91,9.31,120.48,298.82,81.2,99.2,1.96,2.258
2020-10-03,14.19,10.14,86.53,325.83,85.6,99.6,3.97,3.047
2020-10-04,14.68,12.3,43.32,335.58,83,98.8,37.41,2.538
2020-10-05,14.43,11.55,87.17,319.62,71.4,100,0,2.921
2020-10-06,16.82,13.52,39.87,370.48,88.1,99.3,16.11,1.713
2020-10-07,15.62,10.29,113.83,306.7,83.5,100.2,0.92,3.03
2020-10-08,13.77,8.99,109.25,289.55,81.2,101,1.58,1.285
2020-10-09,13.35,7.73,99.68,295.95,83.2,101.4,0.31,0.468
2020-10-10,13.87,9.2,64.51,313.5,88.1,101.8,1.62,2.143
2020-10-11,14.81,9.93,68.17,342.36,89.9,101.6,0.36,1.96
2020-10-12,13.84,9.03,36.65,341.27,92,101,12.51,2.267
2020-10-13,12.57,7.35,113.94,280.18,82.1,100.9,0,0.548
2020-10-14,13.2,10.67,66.97,314.33,79.5,100.3,6.87,4.458
2020-10-15,13.29,9.81,74.43,311.63,73.1,101.4,0,1.545
2020-10-16,13.65,9.42,72.43,311.43,79.2,101.7,0,2.415
2020-10-17,14.52,8.62,90.53,293.99,84.6,101.5,0,1.843
2020-10-18,13.94,8.15,97.52,283.91,92.2,101.6,0,0.87
2020-10-19,15.52,7.81,95.08,305.89,91.9,101.2,0,1.286
2020-10-20,15.89,9.08,98.1,296.59,88.8,101,0,1.171
2020-10-21,14.51,7.49,95.54,287.94,90.7,100.8,0,1.59
2020-10-22,14.1,7.73,84.04,298.13,94.2,100.7,0,1.915
2020-10-23,16.29,8.3,70.95,324.8,91.8,100.3,6.14,1.375
2020-10-24,14.81,13.25,27.54,353.08,95,99.8,18.7,1.7
2020-10-25,14.63,10.65,41.56,336.52,87,98.3,17.56,3.407
2020-10-26,11.96,10.37,42.1,330.84,86.4,98.3,14.03,9.102
2020-10-27,11.57,8.54,30.1,328.49,90.7,99.2,18.77,3.407
2020-10-28,9.34,5.98,56.34,284.07,79.5,100.6,0,2.338
2020-10-29,11.62,6.79,18.9,324.27,86.2,100.8,5.74,1.95
2020-10-30,13.26,11.32,35.87,335.95,85.4,100,1.03,4.21
2020-10-31,12.75,10.25,31.97,334.58,88.7,100,3.49,1.513
2020-11-01,12.24,9.18,28.08,333.59,92,99.9,5.94,0.394
2020-11-02,11.37,9.1,37.39,319.38,81.5,100.7,0,4.971
2020-11-03,11.21,5.39,61.7,271.53,80.3,101.2,0,2.713
2020-11-04,8.42,4.31,54.28,276.11,84.4,101.1,0,2.28
2020-11-05,8.78,3.75,51.84,267.22,83.2,101.1,0,1.856
2020-11-06,8.56,2.82,64.28,248.53,82.9,101.7,0,0.919
2020-11-07,10.14,3.31,61.24,265.73,87.6,102.2,0,0.48
2020-11-08,10.15,3.42,62.01,263.71,89.8,102.1,0,0.522
2020-11-09,11.24,2.92,60.21,268.38,89,101.4,0,1.774
2020-11-10,9.32,6.02,39.18,306.03,87.8,100.9,0,1.968
2020-11-11,7.83,4.45,36.45,284.48,80.6,101.4,0,3.249
2020-11-12,7.35,3.74,36.21,290.99,79,101.6,0,1.652
2020-11-13,7.3,1.26,58.65,231.99,77.5,101.3,0,1.769
2020-11-14,9.45,1.63,51.86,273.43,87.4,100.8,0.94,2.101
2020-11-15,14.28,9.49,19.77,352.84,92.6,99.9,3.17,2.161
2020-11-16,14.29,10.38,9.38,346.92,93.9,99,18.84,1.588
2020-11-17,11.34,9.54,38.91,287.51,81.4,100.1,1.48,3.621
2020-11-18,12.28,9.25,24.05,314.16,86.4,98.7,10.16,2.881
2020-11-19,12,10.95,22.54,336.24,83,97.7,6.3,2.85
2020-11-20,11.07,9.75,9.36,335.39,88.2,98.2,17.53,8.579
2020-11-21,10.34,9.02,19.1,327,88.3,98.9,8.95,7.374
2020-11-22,9.56,6.24,30.79,293.69,89.2,99.2,1.8,2.347
2020-11-23,7.97,5.05,24.4,294.42,92.5,99.2,0.79,1.514
2020-11-24,7.43,4.21,21.17,299.91,92.9,99.9,2.75,1.189
2020-11-25,6.91,1.55,39.28,263.69,81.2,99.9,6.37,0.411
2020-11-26,9.22,6.74,25.64,309.83,86.1,98.5,8.57,2.193
2020-11-27,11.04,7.33,11.51,324.76,90,96.6,24.72,1.342
2020-11-28,8.19,4.11,27.08,285.14,78.6,97.8,0,2.708
2020-11-29,6.79,2.23,31.93,265.73,77.5,98.9,1.83,2.505
2020-11-30,7.49,5.23,23.69,297.78,80.1,99.1,3.71,1.195
2020-12-01,7.95,5.1,2.9,322.11,91.7,99,56.1,4.004
2020-12-02,7,5.64,8.75,318.32,96.3,99.5,8.07,1.539
2020-12-03,8.69,5.16,15.16,313.06,93.9,99.9,2.47,0.901
2020-12-04,8.88,7.36,16.36,301.3,78,99.4,5.67,5.997
2020-12-05,9.99,7.35,7.32,320.96,85.6,98.4,19.24,1.934
2020-12-06,8.41,6.9,22.82,297.07,70.8,97.3,1.57,4.735
2020-12-07,7.58,5.87,20.01,287.95,71.5,98.2,2.62,9.094
2020-12-08,8.45,5.92,15.44,305.19,77.3,98.5,9.96,1.76
2020-12-09,8.58,6.18,11.36,307.4,81,98.1,8.89,2.623
2020-12-10,7.04,3.37,9.82,296.61,84.8,99.3,3.91,3.209
2020-12-11,6.88,1.84,31.13,270.65,77.1,100.2,11.22,1.994
2020-12-12,7.1,5.15,14.17,286.19,81.8,99.5,2.37,4.371
2020-12-13,6.77,3.77,25.54,279.54,90.1,101,4.1,0.741
2020-12-14,9.66,6.15,12.88,324.79,93.6,101.1,8.6,4.151
2020-12-15,9.9,7.94,10.74,341.69,98,101,10.06,1.537
2020-12-16,9.97,6.45,5.29,315.25,90.4,100.6,11.58,2.547
2020-12-17,9.35,6.5,21.07,294.54,80.6,100.8,1.03,6.548
2020-12-18,9.33,7.18,15.97,306.22,72.9,100.4,10.96,9.064
2020-12-19,10.23,7.21,5.58,338.23,93.9,100.8,12.01,8.398
2020-12-20,10.11,9.29,5.37,342.78,94.7,100.6,15.49,5.469
2020-12-21,9.46,8.23,5.76,338.72,95.6,100.1,14.48,0.619
2020-12-22,8.22,1.78,28.16,256.74,85.7,101.2,0,2.05
2020-12-23,6.33,1.66,11.1,297.49,83.1,101.4,0.44,2.101
2020-12-24,9.02,6.25,13.54,302.06,83.3,100.5,2.82,6.936
2020-12-25,9.17,6.61,9.93,315.41,81.2,98.9,8.17,6.965
2020-12-26,7.5,4.31,10.28,305.12,79.3,96.9,19.92,9.346
2020-12-27,6.31,1.49,29.63,242.95,71.5,98.7,0,2.883
2020-12-28,10.87,2.23,7.92,323.99,91.2,98.4,25,1.422
2020-12-29,9.04,5.32,10.87,312.52,75,97,27.26,11.023
2020-12-30,5.4,1.5,14.84,266.58,77.9,99.4,4.49,4.074
2020-12-31,4.8,0.27,20,254.64,76.7,100,2.26,1.153
2021-01-01,4.2,-0.96,25.19,245.15,75.2,100.6,0,1.106
2021-01-02,7.2,2.29,18.98,304.57,88.5,98.7,10.4,6.261
2021-01-03,8.22,6.26,11.92,315.96,89.2,100,3.49,3.342
2021-01-04,11.07,8.1,22.59,324.51,84.9,99.7,12.67,6.063
2021-01-05,10.78,7.67,23.83,298.33,81.9,100.5,20.6,5.561
2021-01-06,11.19,7.36,3.82,338.98,93.2,99.2,30.68,5.683
2021-01-07,7.61,6.14,24.04,281.23,82,100.8,0.67,5.238
2021-01-08,8.22,4.16,16.57,299.75,85.3,100.4,0.91,1.471
2021-01-09,11.17,7.97,6.09,344.14,93.6,98,21.51,1.934
2021-01-10,8.41,6.69,20.67,297.88,68,97.7,3.18,10.459
2021-01-11,7.55,6.52,21.26,295.85,73,98,2.99,8.549
2021-01-12,7.36,5.59,7,308.66,80,98.4,13.15,7.758
2021-01-13,7.72,4.24,27.05,277.01,83,100.3,0,1.951
2021-01-14,7.42,4.67,6.39,313.35,88.1,99.5,22.77,0.949
2021-01-15,5.82,1.78,38.16,242.98,76.3,100.5,0.03,2.591
2021-01-16,4.44,0.95,27.65,258.77,80.4,101.7,0,3.066
2021-01-17,2.14,-0.11,19.59,267.74,78.9,101.5,0,3.901
2021-01-18,1.52,-1.41,35.08,246.1,76,100.5,0,3.846
2021-01-19,0.43,-1.9,40.15,245.6,73,100.4,0.87,3.315
2021-01-20,8.07,-0.19,32.06,287.31,78.9,98.9,6.36,6.185
2021-01-21,6.5,4.51,27.62,281.88,71.6,99,3.53,6.456
2021-01-22,4.73,-0.32,28.04,248.11,78.4,98.8,0,0.219
2021-01-23,6.34,0.52,23.39,294.72,85.4,98.3,11.08,1.691
2021-01-24,7.25,5.47,34.92,298.69,83.2,96.6,9.89,6.83
2021-01-25,6.42,3.15,24.78,291.54,90.9,96.7,6.95,0.475
2021-01-26,5.45,1.43,25.36,292.87,94.3,97.5,5.52,1.062
2021-01-27,3.38,-1.65,53.38,238.21,77.9,99,0,1.281
2021-01-28,10.28,1.49,18.5,307.2,81.6,98.3,6.47,1.235
2021-01-29,9.27,6.62,33.74,300.59,89.9,98.8,10.76,5.161
2021-01-30,7.32,4.92,20.52,292.74,94.5,99.8,13.21,0.28
2021-01-31,10.1,6.05,20.43,315.5,89.3,99,4.7,1.474
2021-02-01,9.93,8.17,11.6,337.49,90.7,97.8,25.26,1.63
2021-02-02,9.06,6.04,32.49,308.77,83.7,97.6,7.55,5.877
2021-02-03,7.64,4.51,26.08,308.52,89.3,98.5,12.08,3.177
2021-02-04,6.2,-0.49,32.46,262.17,74.2,99.8,0.7,1.438
2021-02-05,2.2,-1.24,47.37,231.07,73.8,100.3,0,0.914
2021-02-06,3.12,-2.28,56.29,250.22,85.2,100.1,1.64,2.114
2021-02-07,5.87,1.77,17.55,295.85,88.2,99,6.75,5.972
2021-02-08,9.41,5.91,35.49,313.9,85.1,97.7,13.4,3.112
2021-02-09,8.12,7.02,46.56,289.55,93.2,98.6,0.67,1.626
2021-02-10,8.96,7.23,52.4,300.6,87.7,98.7,6.54,1.73
2021-02-11,8.78,7.01,43.53,302.56,89.8,98.7,7.91,1.099
2021-02-12,8.06,6.09,70.9,290.86,83.9,99.6,1.46,3.978
2021-02-13,9.44,7.04,18.24,328.73,90.8,99.6,15.58,1.917
2021-02-14,9.73,7.54,39.39,318.97,89.7,98.9,15.46,2.377
2021-02-15,9.97,7.94,48.44,309.79,88.4,98.7,6.97,1.386
2021-02-16,8.15,4.69,64.74,268.82,83.5,99.9,0,2.172
2021-02-17,7.69,1.06,92.09,243.84,75.3,101.2,0,1.737
2021-02-18,6.65,4.41,45.87,301.07,86,99.9,4.23,4.135
2021-02-19,9.19,3.68,63.53,304.71,93.8,99.3,1.63,0.557
2021-02-20,9.4,7.5,52.94,322.6,95.5,99.5,5.44,0.82
2021-02-21,9.07,7.55,60.03,310.92,93.9,99.6,3.49,0.948
2021-02-22,10.16,7.52,58.08,319.01,84,99.5,7.76,2.736
2021-02-23,9.52,5.33,54.51,296.02,86.1,100.2,0,3.638
2021-02-24,9.34,5.08,28.36,321.57,94.2,99.4,15.38,1.671
2021-02-25,8.13,7.02,62.75,308.9,90.3,99.4,23.79,4.315
2021-02-26,8.1,4.58,24.97,304.42,91.7,99.2,5.02,0.684
2021-02-27,8.17,4.62,76.88,291.42,87.8,100.3,2.98,2.49
2021-02-28,8.3,5.74,94.03,293.26,87.9,99.4,19.17,4.707
2021-03-01,7.18,2.77,81,279.02,79.5,98.5,4.19,2.107
2021-03-02,5.78,1.85,66.41,276.41,82.9,98.1,0,3.205
2021-03-03,3.76,1.61,63.26,277.25,82.1,98.8,0.26,4.75
2021-03-04,4.47,1.13,88.24,260.27,77.6,100.2,0,3.945
2021-03-05,6.52,0.55,104.66,257.89,67.4,101.6,0,2.393
2021-03-06,6.2,0.58,106.44,255.74,64.6,102.5,0,0.492
2021-03-07,7.73,4.58,83.31,303.26,71.8,102.6,0,1.821
2021-03-08,8.61,5.2,37.09,315.72,84.5,101.2,19.79,2.412
2021-03-09,8.17,5.13,70.39,305.71,86.2,100.9,2.85,7.115
2021-03-10,9.59,6.91,77,320.63,90,100.7,16.52,7.123
2021-03-11,9.81,6.77,57.11,314.65,83.8,99.9,11.75,8.127
2021-03-12,9.5,6.75,77.42,317.24,84,100.9,0.8,6.305
2021-03-13,10.05,6.51,31.94,336.48,94.8,99.8,25.89,5.094
2021-03-14,8.22,5.21,111.22,292.37,77.3,99.5,8.01,6.454
2021-03-15,8.25,4.59,77.73,295.26,78.8,98.8,20.93,6.07
2021-03-16,7.82,4.84,114.94,283.04,70.6,99.1,2.22,3.179
2021-03-17,8.32,2.21,105.83,290.11,73.9,98.7,20.3,1.89
2021-03-18,6.79,2.8,102.27,290.44,77.1,99.2,4.69,2.697
2021-03-19,6.89,1.06,134.75,258.59,74.2,100.2,12.93,3.068
2021-03-20,7.72,3.92,78.49,300.66,80.9,97.8,14.67,10.309
2021-03-21,8.66,3.23,144.03,262.19,68,98.8,0.82,4.223
2021-03-22,6.49,-0.29,155.34,244.15,72.5,99.7,0.53,0.832
2021-03-23,4.85,0.61,125.1,260.5,67.5,99.9,0.99,2.103
2021-03-24,5.59,1.76,160.95,261.54,67.5,100.3,0,1.416
2021-03-25,6.6,2.88,128.55,275.44,59.3,99.4,0.71,1.016
2021-03-26,7.32,1.42,109.16,261.57,61.8,99.6,0,3.916
2021-03-27,7.13,0.68,119.27,254.49,71.3,99.8,0,2.08
2021-03-28,6.46,0.79,123.98,256.67,73,99.8,0,0.686
2021-03-29,6.47,1.8,135.21,268.37,70.7,100,1.24,0.569
2021-03-30,7.79,2.34,165.54,264.94,75.7,100.1,2.08,1.291
2021-03-31,8.14,3.95,76.24,309.52,78.2,99,0.94,5.22
2021-04-01,10.38,5.4,149.24,310.31,78.4,98.9,3.59,4.576
2021-04-02,10.56,6.31,118.56,308.42,92.4,98.3,5.13,1.381
2021-04-03,10.14,5.79,170.34,284.96,85.7,99.1,0,3.492
2021-04-04,8.87,3.98,109.68,296.36,79.5,99.7,0.67,3.215
2021-04-05,7.43,3.16,121.11,283.82,75.4,99.1,0,4.247
2021-04-06,6.97,2.59,129.98,279.89,81.3,99.5,0.27,2.19
2021-04-07,7.92,3.4,122.13,280.73,72.9,100.1,0,3.443
2021-04-08,7.15,2.14,139,266.66,63.7,100.2,0,4.759
2021-04-09,8.07,1.07,205.52,243.34,66.4,100.6,0,1.027
2021-04-10,9.1,2.12,135.36,272.94,74.3,100.6,0,1.064
2021-04-11,9.9,5.09,140.71,292.4,65.9,99.7,0,4.175
2021-04-12,8.32,4,81.48,303.01,83.2,98.2,3.16,4.264
2021-04-13,6.94,3.5,115.89,295.49,79.1,98.2,2.74,2.352
2021-04-14,7.83,2.93,178.09,268.67,67.6,99.5,0,1.894
2021-04-15,6.37,1.35,124.38,264.25,72.6,99.9,3.13,0.803
2021-04-16,7.26,0.7,181.29,261.37,69.4,100.9,0.39,1.697
2021-04-17,7.72,0.66,142.44,283.24,73.8,101.3,0.49,3.074
2021-04-18,6.64,2.35,160.63,261.18,58.4,102.1,0,2.639
2021-04-19,8.67,2.99,208.84,263.28,66.6,102.1,0,2.407
2021-04-20,8.69,6.14,40.73,320.21,91,101,7.54,7.366
2021-04-21,10.8,7.6,142.22,318.75,86.4,100.8,1.12,4.594
2021-04-22,10.36,7.24,111.55,325.27,93.4,101,4.09,2.991
2021-04-23,9.8,8.19,50.93,340.97,92.8,99.7,27.04,3.683
2021-04-24,9.43,5.89,176.2,295.7,71.7,98.8,6.81,7.271
2021-04-25,9.53,5.88,209.5,284,72.7,99.4,4.74,3.766
2021-04-26,8.06,5.48,100.8,305.81,78.4,99.3,6.93,4.447
2021-04-27,9.99,4.9,84.2,309.05,83.8,99.1,12.4,3.197
2021-04-28,11.41,8.44,189.28,319.83,88.1,100.1,6.86,7.303
2021-04-29,11.77,8.27,148.74,326.94,92.2,101.8,2.06,2.702
2021-04-30,12.22,9.66,144.25,337.46,92.6,102.2,0.32,3.336
2021-05-01,12.48,7.64,171.97,317.49,86.9,102.3,1.04,2.173
2021-05-02,10.27,5.22,247.62,266.04,65.3,102.7,0,0.779
2021-05-03,11.12,4.67,238.96,275.21,74.6,102.8,0,0.271
2021-05-04,11.74,5.73,248.97,271.71,78.1,102.8,0,0.668
2021-05-05,10.53,8.11,139.06,319.32,86,102,4.18,4.44
2021-05-06,10.04,7.47,167.72,308.7,74.7,101.3,0,5.325
2021-05-07,12.6,5.04,240.06,281.81,65.5,101.5,0,2.224
2021-05-08,12.59,3.51,293.56,258.87,77.6,102.1,0,0.49
2021-05-09,15.14,8.71,230.31,312.65,83.3,102,0,0.505
2021-05-10,14.76,7.41,266.25,296.91,86.7,102,0,1.248
2021-05-11,13.37,9.39,197.22,318.37,88.1,101.9,0,1.858
2021-05-12,13.05,7.95,271.22,291.7,83.4,101.9,0,2.729
2021-05-13,14.93,7.03,301.61,276.13,83,101.9,0,1.114
2021-05-14,15.64,8.53,309.16,279.28,83.2,101.6,0,1.315
2021-05-15,14.39,6.89,281.48,281.96,77.1,101.5,0,0.876
2021-05-16,9.75,4.19,298.54,244.47,59.7,102.1,0,1.299
2021-05-17,10.48,4.55,113.96,299.06,78.9,101.4,1.43,1.898
2021-05-18,11.49,5.79,160.93,312.15,86.9,101.4,1.32,0.842
2021-05-19,13.11,8.66,225.93,316.27,84.3,101.3,0,2.862
2021-05-20,13.93,11.98,74.75,361.82,97.4,100.8,16.77,2.616
2021-05-21,14.62,10.85,233.41,323.68,88.6,100.2,0.67,1.108
2021-05-22,13.93,9.44,191.46,326.23,88.7,99.6,8.25,3.408
2021-05-23,12,8.04,176.07,299.79,66.9,99.8,6.43,11.847
2021-05-24,11.49,8.42,210.84,297.11,74.2,100.8,0.82,5.404
2021-05-25,12.98,6.75,215.71,295.55,74.2,101.5,0,1.633
2021-05-26,11.98,8.22,68.21,336.75,89.2,101.6,13.65,0.71
2021-05-27,16.23,11.35,223.59,339.77,91.3,101.4,1.83,0.29
2021-05-28,15.1,7.48,278.04,288.72,72.1,102.4,0,2.951
2021-05-29,15.28,5.75,325.11,266.76,75.2,102.7,0,0.816
2021-05-30,14.05,7.06,307,277.99,80.7,102.2,0,0.773
2021-05-31,14.44,7.43,314.96,277.65,77.8,101.7,0,0.775
2021-06-01,14.83,7.8,322.99,277.15,74.8,101.3,0,0.981
2021-06-02,15.04,9.7,291.68,303.75,76.2,100.4,0,0.63
2021-06-03,15.25,9.71,281,300.43,80.1,99.8,0,0.958
2021-06-04,14.8,9.69,278.83,299.53,82.1,99.8,0,0.945
2021-06-05,13.86,11.28,143.29,327.5,82.8,99.9,3.77,1.888
2021-06-06,14.06,10.47,207.42,318.77,84.1,100.2,3.79,1.298
2021-06-07,14.43,11.14,233.58,320.34,87.8,100.5,6.76,3.104
2021-06-08,14.76,12.43,117.99,354.35,94.4,101.4,15.24,2.698
2021-06-09,19.35,12.92,334.15,316.02,76.8,101.6,0,0.572
2021-06-10,18.91,12.8,301.5,318.26,76,101,0,0.992
2021-06-11,16.14,10.27,344.2,276.36,78.6,100.8,0,2.061
2021-06-12,15.33,12.51,158.69,336.1,94.6,100.5,4.2,1.692
2021-06-13,14.89,9.85,231.15,302.81,74.4,100.6,0.13,3.875
2021-06-14,13.59,7.96,259.98,291.06,76.9,100.9,0.75,3.038
2021-06-15,13.57,8.71,97.32,329.3,88.4,99.7,17.8,2.854
2021-06-16,15.23,9.82,258.26,309.52,74.3,101.1,2.42,2.825
2021-06-17,15.26,10.93,235.88,321.82,71.6,101.8,0,3.15
2021-06-18,17.76,11.14,299.34,313.02,78.1,101.7,0,0.736
2021-06-19,19.91,10.9,335.69,304.56,72.4,101.4,0,0.581
2021-06-20,20.57,11.53,244.25,332.71,80.6,100.9,0.63,1.327
2021-06-21,21.31,14.05,304.94,337.68,81.8,100.7,1.65,0.78
2021-06-22,19.31,14,274.06,331.95,87.5,100.7,0,0.402
2021-06-23,18.68,13.96,269.09,337.17,86.7,100.5,3.58,1.168
2021-06-24,16.87,12.55,295.94,314.96,78.1,100.6,8.01,2.304
2021-06-25,16.66,12.3,203.69,332.99,84.4,100.6,2.72,1.391
2021-06-26,17.09,12.78,210.53,338.94,89.1,100.4,3.67,1.339
2021-06-27,17.02,11.76,326.05,291.39,68.7,100.9,0,1.127
2021-06-28,17.8,13.58,251.9,335.54,85.9,100.9,0,1.335
2021-06-29,17.96,15.57,151.1,373.18,96.6,101,3.53,1.318
2021-06-30,23.06,16.24,302.31,360.41,83.4,100.5,0.07,0.491
2021-07-01,19.07,14.09,111.95,350.05,88.3,99.7,33.96,2.254
2021-07-02,16.7,12.91,267.65,311.53,75.7,100.1,1.45,5.615
2021-07-03,16.67,13.84,229.85,330.43,79.2,100.4,0,5.413
2021-07-04,15.71,12.08,254,307.34,73.9,101,0.59,4.216
2021-07-05,15.72,12.24,264.15,311.86,72.6,101.3,0,4.64
2021-07-06,17.46,11.07,275.99,302.3,72.6,101.5,0,2.569
2021-07-07,19.02,10.15,328.67,293.93,79.2,101.5,0,1.008
2021-07-08,18.51,12.26,265.08,325.95,88,100.9,0.52,1.243
2021-07-09,17.03,12.65,205.14,336.39,83.9,99.7,22.05,3.241
2021-07-10,17.4,10.83,236.1,317.68,83.7,99.2,2.4,0.826
2021-07-11,17.06,11.42,309.37,295.3,75.4,99.4,0.19,0.593
2021-07-12,16.14,11.02,248.48,303.64,78,99.4,0,1.479
2021-07-13,16.61,10.8,201.72,316.22,81.8,99.5,5.41,1.829
2021-07-14,17.94,10.97,271.11,308.12,77.5,99.9,0.16,1.264
2021-07-15,17.95,12.43,193.02,330.74,79.9,100.2,1.17,0.949
2021-07-16,17.54,11.38,266.74,303.58,74.2,100.4,0,1.817
2021-07-17,18.53,10.89,254.93,323.68,85.6,100.8,0.32,3.223
2021-07-18,17.31,13.5,293.56,316.3,76.3,101.1,0,4.175
2021-07-19,17.97,13.9,233.82,339.53,82,100.7,4.94,5.97
2021-07-20,16.18,13.21,243.48,318.56,76.1,100.1,0.96,6.335
2021-07-21,16.01,11.95,221.72,319.37,78.2,100,0,2.719
2021-07-22,15.76,11.95,229.84,320.21,76.4,99.9,3.37,4.543
2021-07-23,16.64,11.54,235.69,315.6,73.1,100.2,1.4,4.31
2021-07-24,17.08,12.31,252.66,316.73,73.1,100.6,0,3.672
2021-07-25,16.29,11.79,206.04,314.19,77.5,100.6,0.65,4.235
2021-07-26,15.72,12.51,156.22,346.9,86.7,100.4,8.44,4.65
2021-07-27,17.97,14.61,204.73,342.69,86.4,99.7,6.62,4
2021-07-28,17.37,14.39,197.22,350.68,88.9,99.6,6.34,1.524
2021-07-29,16.75,13.97,191.02,343.17,87.8,99,15.19,1.089
2021-07-30,16.29,13.71,156.97,346.16,85.1,99.6,7.03,7.509
2021-07-31,16.56,13.64,137.07,352.05,87.5,99.7,12.64,6.278
2021-08-01,16.83,13.57,117.21,357.94,89.9,99.7,18.25,5.183
2021-08-02,15.96,13.33,171.11,335.68,82.4,99.3,9.92,8.734
2021-08-03,15.95,12.54,175.87,329.87,82.4,99.7,4.36,6.036
2021-08-04,15.12,11.54,172.68,327.1,81.1,99.7,2.78,3.466
2021-08-05,16.79,12.1,218.11,317.36,75.9,100.2,1.62,3.951
2021-08-06,17.34,10.61,277.05,290.07,76.9,100.5,0.03,1.908
2021-08-07,17.28,11.01,254.28,295.75,73.6,100.8,0,3.156
2021-08-08,16.63,11.42,192.75,318.43,74.9,100.9,0,2.169
2021-08-09,18.83,12.07,184.88,333.61,79.4,100.4,0,0.389
2021-08-10,17.88,15.14,198.13,350.23,89.2,99.3,9.4,3.219
2021-08-11,19.07,13.01,202.51,334.13,82.4,99.6,7.97,4.721
2021-08-12,17.58,10.61,151.81,325.49,88.5,100.7,1.61,1.419
2021-08-13,18.07,15.24,75.1,358.72,94.1,100.2,34.02,2.194
2021-08-14,17.79,14.62,147.87,353.9,87.8,100,11.18,6.999
2021-08-15,17.48,14.17,199.15,330.86,75.9,99.9,5.86,10.57
2021-08-16,15.86,13.47,136.81,334.52,82.2,100.4,6.66,9.205
2021-08-17,16.75,12.5,221.58,300.71,72.6,101.4,0,4.959
2021-08-18,17.23,11.1,89.73,344.76,88,101.3,4.59,2.605
2021-08-19,16.75,13.87,200.86,328.64,75.1,101.1,7.32,6.355
2021-08-20,15.14,12.26,138.8,325.93,72.5,100.7,3.16,7.108
2021-08-21,15.75,11.77,167.69,321.47,78.5,99.9,7.89,6.687
2021-08-22,15.34,11.52,196.94,306.21,70.8,100.6,1.21,3.252
2021-08-23,13.89,10.14,147.2,315.03,67.3,101.1,0,0.622
2021-08-24,15.19,9.39,228.47,285.21,70.2,101.2,0,0.497
2021-08-25,15.97,8.47,230.89,276.91,73.4,101.4,0,1.509
2021-08-26,17.25,11.12,181.85,325.09,78.9,101.1,7.37,2.201
2021-08-27,14.41,9.79,196.27,295.69,71.8,101.7,0,0.356
2021-08-28,16.36,11.41,103.18,344.73,90.3,101.2,4.33,6.404
2021-08-29,17.08,11.95,180.99,316.7,77.6,101,0,5.116
2021-08-30,15.81,9.83,208.31,290.83,79.3,101.6,0,0.668
2021-08-31,15.58,9.5,212.8,290.5,76.7,101.8,0,1.51
2021-09-01,15.36,9.17,217.31,290.75,74.1,102,0,2.63
2021-09-02,15.46,9.55,187.97,302.53,75.8,102.5,0,1.671
2021-09-03,15.33,8.32,194.45,289.61,75.9,102.3,0,2.022
2021-09-04,15.96,9.94,179.27,301.08,76,102.1,0,1.307
2021-09-05,16.82,8.75,220.33,281.55,79.8,102,0,1.666
2021-09-06,15.19,10.04,142.53,309.18,85.7,102,0,0.221
2021-09-07,16.81,10.23,133.08,317.15,86.7,101.6,3.78,1.078
2021-09-08,16.33,11.83,188.84,304.89,85.7,101.5,2.5,2.095
2021-09-09,16.62,10.78,106.55,336.95,89.3,101,10.63,1.621
2021-09-10,15.12,12.02,142.24,313.87,77.7,100.6,4.49,7.003
2021-09-11,14.54,10.07,145.17,302.35,67.8,101.4,0.44,3.001
2021-09-12,15.17,11.18,109.72,325.44,75.7,101.4,1.07,0.88
2021-09-13,17.37,11.82,191.45,308.29,65.8,100.6,0,1.788
2021-09-14,17.4,12.27,79.39,365.52,89.7,99.4,11.29,1.257
2021-09-15,17.09,13.72,47.43,356.23,92.8,99.5,20.08,0.697
2021-09-16,15.17,11.47,156.77,312.15,77.8,100.1,10.05,2.476
2021-09-17,16.07,9.86,161.22,305.42,80.8,100.4,4.91,1.25
2021-09-18,15.29,8.95,169.54,282.11,80,101.1,0,0.56
2021-09-19,15.12,8.09,184.92,272.37,74.2,101,0,0.515
2021-09-20,15.88,10.38,79.69,344.44,90.8,101.4,3.52,0.399
2021-09-21,14.98,11.25,87.48,339.06,86.4,101.8,3.96,2.847
2021-09-22,14.08,9.62,126.68,293.2,78,102.2,0,3.956
2021-09-23,14.86,8.99,137.28,292.97,75.6,102.2,0,3.821
2021-09-24,16.03,9.29,157.95,287.4,77,101.9,0,3.51
2021-09-25,16.95,9.49,152.64,300.71,77.9,101.4,0,3.529
2021-09-26,18.39,12.59,49.51,367.25,89.1,101.2,6.99,2.255
2021-09-27,16.5,13.77,80.07,366.5,96.3,101.8,1.26,0.881
2021-09-28,16.39,15.41,30.17,380.55,98.6,101.9,18.73,1.494
2021-09-29,17.29,15.44,54.84,380.83,99.8,101.9,2.51,0.932
2021-09-30,17.62,15.17,80.18,374.35,99,101.9,0.98,1.572
2021-10-01,16.8,14.51,63,367.12,96.8,101.8,0.86,2.571
2021-10-02,15.6,13.27,82.03,353.31,91.9,101.5,1.59,3.535
2021-10-03,15.73,14.06,70.08,360.57,91.5,100.7,9.4,5.137
2021-10-04,15,9.62,106.08,300.76,69.5,100.6,3.6,5.076
2021-10-05,13.17,8.61,102.91,303.23,70.3,102,0,2.048
2021-10-06,14.29,12.12,89.56,331.32,80.4,102.2,0,3.579
2021-10-07,14.68,11.74,89.29,330.13,83.7,102,0,2.054
2021-10-08,14.88,11.99,74.7,341.78,86.2,101.7,0,3.468
2021-10-09,15.11,13.67,44.95,364.81,96.8,101.3,16.82,3.424
2021-10-10,14.37,10.05,116.33,297.58,80.7,101.4,2.06,1.545
2021-10-11,13.74,8.09,93.8,304.56,85.8,101.9,0,1.657
2021-10-12,14.45,12.87,56.49,355.18,90.7,101.5,6.64,3.988
2021-10-13,14.41,10.06,49.06,325.83,79.5,100.9,4.63,6.808
2021-10-14,14.5,10.19,31.97,348.48,90.8,100.3,11.21,8.487
2021-10-15,13.93,10.59,51.81,326.22,74.1,100.1,4.58,7.585
2021-10-16,11.84,8.54,67.78,306.18,68.6,100.9,0,2.303
2021-10-17,14.69,8.97,41.7,353.33,93,100.8,3.46,5.868
2021-10-18,15.53,14.09,26.64,372.03,92,100.4,8.03,7.959
2021-10-19,15.46,6.81,51.53,318.45,77.7,100.4,9.79,5.473
2021-10-20,7.89,4.5,76.55,255.64,62.3,101.7,0,3.62
2021-10-21,7.96,3.22,91.95,247.32,65.7,101.8,0,1.424
2021-10-22,7.68,2.35,72.14,263.98,74.9,101.2,4.09,2.21
2021-10-23,8.96,5.21,35.84,311.08,89.1,99.7,17.07,3.058
2021-10-24,12.54,5.97,45.11,319.65,89.7,98.8,23.2,1.168
2021-10-25,11.91,6.66,62.93,308.89,83.8,99.6,10.64,1.669
2021-10-26,13.92,6.76,39.86,322.56,89.8,99.9,8,1.741
2021-10-27,14.41,12.29,28.62,352.9,93.7,99.5,10.61,1.953
2021-10-28,13.62,11.11,51.99,336.05,90.8,98.8,9.85,1.44
2021-10-29,17.23,13.4,31.12,361.98,85.2,98.5,10.84,3.043
2021-10-30,15.64,13.5,64.19,319.12,82.2,98.8,0,2.501
2021-10-31,15.47,13.27,46.94,324.13,84.4,99,3.22,3.942
2021-11-01,15.29,13.04,29.77,329.09,86.6,99.2,6.18,4.323
2021-11-02,15.51,12.17,40.91,343.65,91.2,100.1,2.47,1.015
2021-11-03,12.65,10.71,39.4,332.72,89.1,100.7,0,2.256
2021-11-04,11.41,9.91,12.74,341.17,91.6,99.3,20.79,1.756
2021-11-05,11.87,9.64,57.31,290.38,83.8,99.7,1.47,3.655
2021-11-06,13.07,10.32,12.42,345.15,92.2,99.7,30.12,1.169
2021-11-07,11.63,9.28,20.29,322.02,88.7,99.1,15.04,1.24
2021-11-08,12.65,10.17,48.85,310.69,84.9,99.4,10.57,1.588
2021-11-09,12.23,9.87,22.55,330.69,87.9,100,8.74,4.464
2021-11-10,12.71,10.27,44.39,302.75,85,99.9,1.21,4.416
2021-11-11,11.74,9.92,20.77,328.04,86.4,99.4,15.53,5.668
2021-11-12,13.09,10.02,18.04,347.51,92.3,99.1,17.48,1.129
2021-11-13,11.19,8.09,23.88,325.94,90.7,99.9,3.87,1.33
2021-11-14,11.45,7.05,42.24,291.23,85.1,100.1,0,4.069
2021-11-15,8.7,7.17,24.98,306.04,77.9,100.4,0,5.868
2021-11-16,8.33,6.09,29.5,300.24,82.6,100.4,0,4.21
2021-11-17,8.18,4.56,31.67,287.25,86,100.1,0,2.249
2021-11-18,8.11,4.9,23.37,300.6,88.2,99.6,0.1,1.693
2021-11-19,9.61,4.9,37.36,286.76,87.8,99.7,0.79,1.74
2021-11-20,8.28,5.35,4.89,317.8,88.3,100.5,17.19,4.32
2021-11-21,9.54,6.21,30.58,306.82,88.4,101.5,3.85,2.352
2021-11-22,8.54,6.54,22.55,309.98,86.4,101.6,0,1.21
2021-11-23,7.66,3.52,23.73,290.77,91.4,101.6,7.44,1.095
2021-11-24,6.12,3.58,20.72,293.56,85.3,101.3,1.16,1.387
2021-11-25,9.73,4.24,25.17,295.51,87.9,99.9,5.69,1.017
2021-11-26,11.33,6.81,18.01,320.57,80.6,97.1,23.05,2.547
2021-11-27,8.4,5.87,4.28,311.1,80.6,95.3,17.56,5.287
2021-11-28,9.89,7.27,16.38,323.83,83.4,94.9,21.99,9.08
2021-11-29,9,7.08,15.71,307.56,80.3,96.9,13.78,8.611
2021-11-30,8.41,6.43,14.99,302.87,71.7,97.9,2.59,4.122
2021-12-01,8.88,6.6,9,315.57,86.9,97,16.57,2.055
2021-12-02,8.97,6.75,16.75,300,82.7,97.1,5.83,7.532
2021-12-03,9.09,7.52,21.59,294.61,75.7,98.5,1.95,6.638
2021-12-04,11.62,6.67,22.38,308.23,84.1,98,10.5,5.046
2021-12-05,10.6,8.41,9.77,324.25,79.6,97.4,16.29,11.434
2021-12-06,8.91,6.27,19.02,305.43,81.2,98.7,6.13,6.929
2021-12-07,9.18,4.99,29.02,273.82,71.6,100.6,0,2.966
2021-12-08,11.54,5.82,9.33,320.19,79.9,98.7,39.7,9.033
2021-12-09,8.48,6.44,16.99,306.65,72,99.4,6.53,10.625
2021-12-10,9.84,8.22,8.07,324.78,84.7,100,3.11,9.558
2021-12-11,11.48,8.86,10.09,343.44,93.1,100.8,13.52,5.794
2021-12-12,12.08,11.2,15.39,353.02,96.2,100.9,9.17,5.604
2021-12-13,11.94,10.66,8.65,351.77,95.2,101.3,4.83,5.922
2021-12-14,11.16,9.92,10.98,341.48,95.6,101.3,4.54,4.247
2021-12-15,11.7,11.04,7.21,360.06,98.6,100.9,11.95,2.432
2021-12-16,12.02,10.89,5.63,357.15,92.9,99.9,12.32,3.144
2021-12-17,11.56,7.36,3.01,321.81,81.2,97.5,25.52,7.132
2021-12-18,9.14,7.43,11.84,313.99,79.2,97.1,10.82,10.647
2021-12-19,10.56,6.97,6.48,320.59,82.6,97.8,22.67,8.387
2021-12-20,8.49,7.02,11.32,316.18,83,96.6,13.1,6.995
2021-12-21,7.94,5.48,22.98,275.8,70.1,99.4,0,5.6
2021-12-22,10.72,5.51,8.94,316.67,89.3,99.3,2.74,0.945
2021-12-23,10.1,4.95,17.97,301.87,75.4,98.3,13.77,7.989
2021-12-24,8.36,6.06,12.67,307.57,73.4,99.3,5.62,9.573
2021-12-25,10.46,7.18,23.75,307.92,81.4,99,19,8.433
2021-12-26,9.21,7.56,19.77,298.02,78.9,100.6,0.68,7.302
2021-12-27,11.62,7.24,5.56,337.94,90.8,100,22.2,3.407
2021-12-28,7.77,5.49,15.69,286.91,67.4,100.1,6.63,12.017
2021-12-29,8.18,6.83,16.19,304.88,72.8,100.7,7.55,11.086
2021-12-30,10.73,6.07,16.33,305.92,78.4,100,10.64,8.368
2021-12-31,10.76,5.52,12.85,314.43,83.9,100.6,9,4.469
2022-01-01,10.79,4.97,9.39,327.56,89.3,101.2,7.38,0.583
2022-01-02,10.73,8.97,13.56,345.43,96.6,101,4.84,4.671
2022-01-03,9.4,7.59,19.16,325.04,91.9,100.7,2.34,1.226
2022-01-04,10.19,7.1,23.84,315.03,86.5,99.8,13.48,3.725
2022-01-05,8.72,6.89,14.58,306.38,76.4,100.3,2.27,7.747
2022-01-06,12.09,7.16,2.58,342.18,94.4,99.6,43.96,3.177
2022-01-07,9.62,7.26,15.17,314.07,78.9,100.2,1.68,7.16
2022-01-08,9.29,6.43,15.87,315.24,88.7,99.7,10.05,7.239
2022-01-09,8.5,3.5,18.07,288.1,79.1,100.8,0,1.914
2022-01-10,10.96,8.1,4.59,334.62,94.1,100.3,15.04,5.849
2022-01-11,9.24,7.08,15.58,312.32,72.8,100.8,0,6.456
2022-01-12,11.32,7.93,9.26,340.06,96.1,101.4,9.5,4.826
2022-01-13,11.76,9.71,17.34,345.47,95.4,101.1,1.59,7.008
2022-01-14,9.81,9.05,14.06,343.09,96.7,101,3.58,4.3
2022-01-15,10.6,8.65,16.42,331.67,91.2,100.4,3.7,4.909
2022-01-16,10.62,7.96,11.8,319.73,84.9,99.5,11.69,4.813
2022-01-17,11.73,8.29,18.7,323.93,77.5,98.9,11.74,7.096
2022-01-18,9.99,6.82,27.03,294.57,70.4,99.3,1.67,2.198
2022-01-19,9.77,5.84,9.1,304.02,73.6,97.8,5.61,8.435
2022-01-20,6.63,4.41,27.43,286.94,73.4,98.6,6.76,6.586
2022-01-21,6.8,3.57,29.21,277.82,72.3,99.9,1.87,4.013
2022-01-22,8.93,3.65,16.21,300.82,78,100,23.38,3.46
2022-01-23,8.56,3.82,21.6,290.54,72.3,98.3,10.97,8.76
2022-01-24,5.58,3.5,13.96,291.58,76.4,97.7,6.77,4.077
2022-01-25,7.42,3.58,45.91,272.51,75.2,98.8,6.89,6.911
2022-01-26,7.63,4.92,18.04,299.39,85,99.9,3.24,1.681
2022-01-27,8.84,6.43,11.63,313.21,87.3,99.1,12.35,1.932
2022-01-28,8.21,6.31,39.59,273.51,78,100,0,1.659
2022-01-29,8.16,6.26,19.69,318.64,81.5,99.4,5.88,1.182
2022-01-30,6.79,3.92,33.94,284.53,78.7,100.3,1.32,3.422
2022-01-31,6.89,3.67,14.17,292.67,84.4,100.2,7.27,1.53
2022-02-01,8.76,5,32.08,290.87,83.8,100.7,0,2.14
2022-02-02,8.57,4.47,45.74,285.64,77.6,100.3,0,3.11
2022-02-03,8.72,2.99,35.43,297.13,87.1,99.1,7.37,4.601
2022-02-04,7.81,5.8,19.13,307.55,90.8,99.8,2.18,1.982
2022-02-05,8.31,2.7,44.07,294.39,87.5,100.7,0.85,2.599
2022-02-06,5.21,0.76,56.58,256.93,72.7,100.8,0,3.59
2022-02-07,6.79,5.05,24.59,306.93,84,100.5,1.86,5.045
2022-02-08,5.27,1.87,51.04,263.43,78.2,101.4,0,2.878
2022-02-09,5.55,0.97,23.9,291.81,86.7,101.4,3.56,3.426
2022-02-10,7.55,5.13,32.57,313.14,85.6,101.2,1.06,2.39
2022-02-11,8.26,4.69,43,303.55,87.4,100.7,2.85,0.853
2022-02-12,7.89,4.33,49.75,293.78,84.8,101.3,2.3,0.968
2022-02-13,9,7.23,23.77,338.95,98.6,101.2,9.57,3.052
2022-02-14,9.83,8.45,12.39,343.65,98,100.9,23.15,4.571
2022-02-15,9.29,3.57,60.96,297.71,83.3,101.2,2.86,3.33
2022-02-16,4.56,2.39,50.19,282.68,79.2,102.4,0,0.688
2022-02-17,6.74,3.2,34.57,312.77,93.7,102.3,0.96,0.388
2022-02-18,9.17,5.9,43.63,323.56,96,102.3,2.81,3.651
2022-02-19,10.31,6.79,49.91,324.88,93.7,102.4,0.27,2.604
2022-02-20,8.05,5.83,54.49,314.34,91.2,102.3,0.86,2.347
2022-02-21,8.87,7.27,50.39,325.78,95.5,101.9,2.73,3.527
2022-02-22,8.21,7.22,51.15,317.47,92.9,101.2,1.38,3.855
2022-02-23,8.78,6.09,33.98,312.13,85,100.2,2.65,6.211
2022-02-24,6.39,2.48,43.05,276.39,80,100.8,2.19,3.175
2022-02-25,7.66,2.23,68.95,283.27,80.9,101.1,0,0.426
2022-02-26,8.63,5.8,76.87,298.92,81.5,99.9,0,1.693
2022-02-27,12.12,6.18,39.63,329.72,91.2,97.9,4.48,2.464
2022-02-28,11.09,7.91,35.43,318.27,83.9,97.8,11.42,2.911
2022-03-01,8.71,5.27,73.76,283.4,70.9,99.2,0,2.774
2022-03-02,6.1,2.75,31.81,299.62,83.3,98.7,12.51,2.671
2022-03-03,7.43,5.28,75.86,290.5,73.2,98.8,3.19,8.115
2022-03-04,8.45,5.54,39.38,322.82,90.5,98.6,22.24,6.769
2022-03-05,6.13,2.75,18.3,300.65,84.7,97.5,12.16,0.702
2022-03-06,8.08,2.7,93.97,276.73,83,98.4,2.45,2.507
2022-03-07,8.72,3.05,44.56,306.41,89,98.8,6.21,1.05
2022-03-08,9.19,5.06,85.41,307.05,82.7,98.3,8.24,6.2
2022-03-09,8.7,5.24,71.87,298.53,77.7,99,9,7.551
2022-03-10,9.25,5.65,111.85,283.65,74.6,101.7,0,3.473
2022-03-11,9.63,6.96,74.2,321.89,86.7,101.3,3.78,5.654
2022-03-12,7.71,6.35,51.69,307.77,77.7,100.3,3.65,10.455
2022-03-13,7.59,5.59,75.46,297.94,82.2,99.1,6.54,6.569
2022-03-14,6.72,3.14,98.8,272.41,65.7,99.5,0,2.667
2022-03-15,4.83,0.51,90.78,246.7,67.4,99.6,0.22,2.491
2022-03-16,3.95,0.15,103.87,252.18,67.8,99.4,0.76,3.359
2022-03-17,6.45,1.19,133.42,261.33,68.1,99.8,0,2.519
2022-03-18,6.98,2.44,57.05,286.21,75.7,99.9,2.69,2.484
2022-03-19,6.65,2.17,123.17,266.79,67.8,100.5,0,2.142
2022-03-20,8.03,4.04,67.11,305.89,91.5,100,5.54,2.841
2022-03-21,7.07,1.9,129.32,264.31,68.6,100.3,0,2.427
2022-03-22,7.08,-0.23,176.06,230.14,72.2,100.5,0,0.44
2022-03-23,6.97,1.7,99.47,282.24,81.4,100.6,1.67,0.311
2022-03-24,8.26,3.94,84.38,311.72,89.9,100.4,0.67,0.47
2022-03-25,10.68,6.69,111.29,325.39,91.7,100.6,2.04,0.968
2022-03-26,10.13,7.69,48.87,342.17,97.1,100.2,31.31,0.618
2022-03-27,10.28,4.39,27.95,319.65,84.1,99.4,10.94,7.789
2022-03-28,9.89,4.59,144.33,266.43,64.5,101.7,0,4.557
2022-03-29,7.33,3.2,126.25,284.05,69.4,102.5,0,1.238
2022-03-30,8.6,2.39,184.96,264.95,73.6,102.4,0,0.862
2022-03-31,10.67,7.51,72.59,334.67,94.3,102,1.31,5.537
2022-04-01,9.97,8.26,111.73,329.03,95.2,101.6,2.95,6.447
2022-04-02,9.32,6.95,107.46,313.91,72.2,101.6,0,4.441
2022-04-03,8.86,5.85,169.73,289.78,69.3,101.8,0,1.052
2022-04-04,9.37,6.17,71.18,327.79,96.4,100.9,2.49,2.845
2022-04-05,9.9,5.84,126.53,303.57,75.6,100.9,0,2.487
2022-04-06,10.02,5.77,127.23,307.69,73.3,101.4,0,0.693
2022-04-07,9.74,3.23,166.47,264.7,64.6,101.6,0,3.636
2022-04-08,8.14,2.83,149.9,276.85,67.8,101.4,0,4.233
2022-04-09,7.07,2.5,150.33,269.23,72.6,101.3,0.55,4.675
2022-04-10,6.12,1.78,114.93,263.93,74.4,101.3,0.72,3.383
2022-04-11,6.98,2.65,155.28,274.49,72.4,101.1,0.77,5.242
2022-04-12,7.91,3.36,164.86,274.53,69.2,101.2,0,4.867
2022-04-13,8.8,3.84,121.44,303.5,74.8,101.3,0,1.346
2022-04-14,8.03,5.07,117.22,303.47,77.6,101.6,0,2.843
2022-04-15,8.75,3.22,171.24,277.73,77.8,101.8,0,0.832
2022-04-16,8.63,5.03,132.62,297.44,67.3,101.6,0,1.756
2022-04-17,10.05,5.33,128.22,309.24,81.8,101.2,0,1.157
2022-04-18,11.1,5.17,153.32,298.85,86.8,100.7,0,1.351
2022-04-19,10.23,6.13,137.87,301.99,88.5,100.2,1.79,5.347
2022-04-20,10.68,6.39,143.75,300.88,63.1,100,0.67,5.01
2022-04-21,7.71,4.86,154.38,292.95,67.8,101.1,1.19,0.831
2022-04-22,9.91,6.1,118.52,325.98,92.7,100.4,14.16,4.352
2022-04-23,9.52,7.03,123.31,307.28,77.1,99.2,8.41,9.205
2022-04-24,11.41,6.8,183.9,288.02,65.4,100.1,0,4.386
2022-04-25,10.53,5.72,152.18,305.22,73.8,101.5,0,1.158
2022-04-26,10.4,6.47,170.8,305.08,77,101.9,0,0.531
2022-04-27,11.51,6.27,208.86,297.73,80.6,102,0,1.596
2022-04-28,13.03,7.35,210.64,302.92,88.3,102.2,0,1.143
2022-04-29,12.89,6.12,240.52,279.96,82,102.4,0,0.778
2022-04-30,14.01,6.33,210.69,298.75,83.9,102.2,0,0.417
2022-05-01,12.67,8.22,193.11,302.51,80.9,101.7,0.64,0.477
2022-05-02,12.81,7.51,190.73,300.39,76.9,101.8,3.16,1.841
2022-05-03,11.18,7.22,218.87,298.16,72.2,101.9,0.38,2.465
2022-05-04,12.84,8.62,156.3,331.33,88.4,100.9,0.68,6.587
2022-05-05,11.18,6.74,209.39,291.59,65.4,100.8,0.06,3.327
2022-05-06,10.5,5.97,166.32,298.44,55.3,101,0,3.618
2022-05-07,14.11,7.47,175.24,315.37,83,100.3,5.71,4.21
2022-05-08,11.52,7.23,129.14,316.86,89.5,100.4,8.75,1.834
2022-05-09,12.25,8.75,156.84,325.79,88.2,100.4,1.19,3.992
2022-05-10,13.41,8.33,241.22,296.86,84.8,101,0,0.901
2022-05-11,14.06,8.25,261.16,287.86,84.8,100.9,0,0.538
2022-05-12,12.88,7.02,230.84,294.97,70,100.8,2.63,2.591
2022-05-13,11.36,6.07,242.44,273.84,68.8,100.9,0,0.154
2022-05-14,11.11,6.19,155.32,308.6,77.3,100.5,1.22,1.504
2022-05-15,10.69,6.38,140.19,308.22,87.1,100.4,4.29,3.273
2022-05-16,12.14,7.68,99.87,323.13,86.2,100.6,2.52,4.646
2022-05-17,15.69,7.78,230.43,304.16,75,100.6,0,5.197
2022-05-18,14.47,6.36,297.82,271.55,75.9,100.4,0,2.543
2022-05-19,14.36,7.55,319.26,267.85,79.3,100.6,0,0.681
2022-05-20,16.83,7.91,281.09,290.11,72.9,100.7,0.15,0.813
2022-05-21,16.68,11.92,209.27,336.39,80.1,100.6,7.56,2.29
2022-05-22,15.18,9.27,206.82,323.63,90.1,100.5,5.24,0.276
2022-05-23,14.45,8.51,291.5,286.01,88.2,100.4,0,0.672
2022-05-24,16.98,8.52,283.4,301.73,81.1,100.1,3.78,0.195
2022-05-25,15.34,11.53,180.13,328.89,88.5,100,8.95,1.218
2022-05-26,15.13,9.05,298.23,290.58,71.9,100.7,0,3.679
2022-05-27,15.09,7.1,287.64,286.13,69.7,101.1,0,0.44
2022-05-28,14.87,11.21,125.09,341.47,84,100.4,2.71,2.179
2022-05-29,15.73,11.11,226.72,326.34,86.6,100,3.3,0.565
2022-05-30,14.15,10.64,157.88,326.95,89,99.2,12.24,2.294
2022-05-31,15.21,10.25,235.84,310.96,84.8,99.7,6.25,2.087
2022-06-01,16.26,9.85,314.7,294.98,80.7,100.2,0,1.93
2022-06-02,17.55,9.92,268.94,311.27,79,100.9,0,0.278
2022-06-03,18.59,13.28,218.72,333.22,80.5,100.8,0,0.599
2022-06-04,18.74,12.47,288.11,322.43,85.7,101.3,2.02,0.239
2022-06-05,19.06,13.19,321.04,313.32,81.8,101.6,0,1.698
2022-06-06,16.75,12.06,305.44,296.96,68.8,101.6,0,3.483
2022-06-07,16.02,11.25,265.58,300.32,62,101.2,0,1.617
2022-06-08,15.55,10.11,227.9,306.77,69.4,100.7,0,0.72
2022-06-09,16.15,10.14,281.74,299.1,72.5,100.3,0,1.047
2022-06-10,14.88,10.21,196.96,314.5,83.7,100.1,3.48,0.686
2022-06-11,15.43,10.15,201.65,314.96,83.5,100.3,5.36,1.302
2022-06-12,16.5,11.28,277.33,308.52,78.9,100.6,3.58,0.839
2022-06-13,16.99,10.58,302.02,298.04,79.1,100.8,3.23,0.111
2022-06-14,17.32,10.12,275.69,302.18,77.4,100.7,0,2.379
2022-06-15,17.03,11.56,253.1,323.17,76.5,100.7,0,1.557
2022-06-16,16.69,11.67,280.65,314.93,77.4,100.8,0,1.939
2022-06-17,15.06,9.99,201.25,331.79,83.4,100.1,3.44,4.691
2022-06-18,12.33,9.36,155.07,315.04,62.5,100.3,0,2.46
2022-06-19,13.15,8.86,163.48,319.11,68.2,100.6,1.45,3.766
2022-06-20,14.48,10.73,147.22,340.89,79.8,99.7,8.69,2.881
2022-06-21,14.42,10.24,210.64,321.86,78.9,99.2,12.94,2.893
2022-06-22,13.7,9.45,271.91,297.4,74.2,99.6,0.97,4.202
2022-06-23,15.11,11.31,257.97,316.11,78.9,100.6,2.41,5.016
2022-06-24,16.07,12.43,231.68,336.91,88.8,101.2,3.94,1.348
2022-06-25,18.09,14.09,225.08,345.51,77.3,101.2,0,0.862
2022-06-26,16.86,14.79,109.62,370.69,90.2,100.6,18.67,1.207
2022-06-27,17.14,13.52,154.72,361.46,93.3,100.1,13.65,1.466
2022-06-28,15.87,12.83,259.47,322.67,80.2,99.9,2.81,5.465
2022-06-29,15.76,13.13,213.58,338.16,81.4,100.3,3.76,6.309
2022-06-30,15.49,12.32,48.34,362.03,94,99.9,45.33,4.377
2022-07-01,16.63,12.24,257.48,322.1,85.1,99.9,3.39,4.607
2022-07-02,15.91,11.06,264.54,306.6,80,100.3,2.84,3.844
2022-07-03,15.48,12.26,226.27,321.93,79.5,100.6,2.63,5.36
2022-07-04,16.9,11.21,110.51,351.25,92.2,100.5,15.28,2.916
2022-07-05,17.75,13.7,210.64,352.9,88.5,100.4,3.37,3.671
2022-07-06,19.07,13.78,241.18,345.98,83.6,101.1,0.22,2.146
2022-07-07,17.94,11.74,288.75,315.82,85.5,101.6,0,2.559
2022-07-08,17.4,13.14,217.71,348.7,88.2,101.5,0.7,2.7
2022-07-09,18.1,14.81,275.4,344.91,87.2,101.2,2.12,3.496
2022-07-10,16.94,13.15,204.23,335.94,79.8,100.7,2.02,6.444
2022-07-11,17.06,12.71,236.09,320.42,77.7,100.7,0.18,5.015
2022-07-12,16.15,12,177.83,335.37,85.7,100.5,1.74,3.939
2022-07-13,16.43,13.05,256.01,319.26,77.8,100.1,0.46,5.574
2022-07-14,17.35,10.88,317.6,288.12,77.5,100.6,0,2.127
2022-07-15,18.64,10.57,313.26,296.95,78.6,100.8,0,0.424
2022-07-16,20.86,14.27,326.92,313.79,66.1,100.1,0,2.16
2022-07-17,20.32,15.8,201.24,352.62,79,99.8,7.98,2.396
2022-07-18,20.21,15.06,178.39,363.01,88.6,99.7,41.37,2.159
2022-07-19,19.19,14.42,204.8,336.01,83.5,99.4,6.37,1.804
2022-07-20,17.17,14.4,182.31,336.09,87.6,99.4,13.87,1.053
2022-07-21,17.29,14.24,232.99,336.77,89.6,99.8,13.37,4.075
2022-07-22,17.55,13.81,256.53,326.38,83.1,100.4,1.01,5.035
2022-07-23,16.77,13.15,195.34,327.37,77.5,100.2,1.65,4.92
2022-07-24,17.36,12.66,161.61,343.12,88.9,99,20.51,2.028
2022-07-25,18.65,13.52,249.71,331.14,85.5,99.1,5.3,0.987
2022-07-26,17.22,11.72,242.55,311.68,76.9,100.7,0,0.839
2022-07-27,17.97,14.82,158.69,363.35,91.4,100.5,5.64,4.173
2022-07-28,18.17,15.78,158.05,361.92,92.2,99.9,2.98,3.05
2022-07-29,19.7,15.12,198.55,348.5,88.6,99.6,5.79,0.886
2022-07-30,17.91,14.32,230.77,330.96,88.8,99.9,11.34,2.466
2022-07-31,18.55,14.32,240.26,330.09,85.5,100.3,5.92,1.042
2022-08-01,19.19,14.32,249.79,329.29,82.3,100.6,0.32,0.859
2022-08-02,19.13,12.99,243.47,316.82,81.7,101.3,0,0.222
2022-08-03,19.8,14.21,245.71,335.75,81.1,101.2,0.81,0.659
2022-08-04,18.35,15.62,95.33,363.81,88.3,100.8,7.72,0.86
2022-08-05,18.65,13.25,208.71,333.91,80.6,100.4,7.97,2.427
2022-08-06,18.87,13.71,178.56,338.88,86.5,100.2,6.83,2.101
2022-08-07,19.27,13.72,271.74,315.32,79.9,100.6,0,1.665
2022-08-08,20.45,14.19,272.87,318.72,84.6,101,0,0.264
2022-08-09,19.82,14.42,265.18,316.41,86.6,101,0,0.527
2022-08-10,20.11,14.64,232.55,329.97,85.2,100.6,0,2.466
2022-08-11,18.23,16.04,168.68,359.69,82.9,100.2,6.45,5.188
2022-08-12,18.09,13.14,241.7,320.43,78,100.1,10.07,4.234
2022-08-13,17.85,11.97,252.14,297.36,76.9,100.5,0.32,2.987
2022-08-14,16.92,12.23,211.2,317.26,78.8,100.6,3.27,2.997
2022-08-15,17.79,12.84,193.44,330.79,78.4,100.5,4.38,1.845
2022-08-16,18.09,15.2,75.29,374.48,92.9,100,12.08,0.865
2022-08-17,19.06,15.45,177.75,356.08,92.2,99.7,6.33,0.296
2022-08-18,18.54,14.32,115.65,360.78,92.1,99.2,33.12,3.014
2022-08-19,17.25,12.15,161.36,332.19,76.4,99.6,7.63,2.865
2022-08-20,15.47,10.64,187.4,304.34,65.8,100.6,0,1.511
2022-08-21,15.88,11.34,140.44,325.29,72.8,100.6,0.4,1.313
2022-08-22,15.09,12.89,72.25,345.61,90.3,99.9,7.78,1.25
2022-08-23,16.86,11.15,205.04,317.01,83.6,100.1,1.98,1.492
2022-08-24,16.64,12.93,185.01,331.46,82.6,99.6,10.44,2.728
2022-08-25,16.86,12.58,192.52,313.02,78.7,99.8,9.06,4.892
2022-08-26,16.38,12.3,204.11,308.86,79.4,100.7,2.06,2.819
2022-08-27,15.87,12,108.03,327.94,86,100.1,5.22,0.791
2022-08-28,16.24,11.66,173.4,314.96,77.2,100.2,0.84,2.206
2022-08-29,17.04,10.94,199.66,305.7,77.6,99.6,0.12,0.109
2022-08-30,15.47,11.87,98.12,334.23,88.1,99.5,9.76,1.013
2022-08-31,15.98,11.24,154.97,312.28,80.8,100,5.39,1.32
2022-09-01,16.48,10.61,213.06,289.73,73.4,100.6,1.03,1.318
2022-09-02,16.86,9.76,175.68,314.1,80.7,100.5,0.04,2.812
2022-09-03,16.92,14.56,120.49,351.88,89.5,100.1,6.78,3.065
2022-09-04,17.61,12.35,203.19,314.9,77.4,100.3,4.13,3.939
2022-09-05,17.28,12.23,76.34,348.86,90.6,100.3,9.49,0.384
2022-09-06,17.3,13.52,187.62,320.32,75.5,100.7,1.63,3.339
2022-09-07,16.95,12.89,160.5,318.04,76.4,101,0,5.36
2022-09-08,17.6,10.8,197.1,291.51,76.2,101.4,0,0.721
2022-09-09,15.96,9.44,182.86,294.48,77.9,101.2,0,1.699
2022-09-10,17.12,12.04,149.37,316.01,76.5,100.1,0,2.344
2022-09-11,18.05,12.3,147.47,313.1,73.1,99.7,0,1.873
2022-09-12,18.28,11.5,181.18,313.07,79.2,99.7,6.12,1.656
2022-09-13,16.61,13.59,158.83,329.17,81.2,99.1,9.01,3.558
2022-09-14,15.39,11.63,72.88,328.04,85.9,98.7,19.54,1.827
2022-09-15,16.17,11,154.05,309.7,84.5,99.7,1.86,0.606
2022-09-16,16.73,12.85,55.62,353.98,90.7,99,38.95,4.195
2022-09-17,13.58,11.5,80.07,323.4,75.3,98.7,7.14,10.644
2022-09-18,15.28,11.5,116.14,320.84,85.1,99.4,7.38,3.135
2022-09-19,15,11.63,125.74,317.67,77.4,100.1,1.76,4.238
2022-09-20,15.11,11,76.27,330.81,76.4,100.4,2.49,5.868
2022-09-21,14.89,11.37,94.03,324.7,77,98.6,14.6,9.618
2022-09-22,13.53,10.02,101.72,310.42,72.1,98.8,8.36,7.262
2022-09-23,11.9,8.61,73.14,299.34,70.5,99.4,6.04,4.413
2022-09-24,12.68,9.53,44,313.39,76.8,99.8,3.95,5.941
2022-09-25,12.52,8.56,61.82,311.79,77.1,99.8,16.37,0.913
2022-09-26,13.63,10.58,60.81,321.81,88.3,98.2,6.79,0.994
2022-09-27,15.68,9.52,132.72,298.24,86.8,99.1,0,2.963
2022-09-28,14.02,9.34,76.19,321.11,84.6,99,3.64,2.408
2022-09-29,13.56,10.39,93.85,319.94,79.3,99.4,14.49,1.714
2022-09-30,13.96,10.81,116.26,320.94,80.8,99,23.8,1.922
2022-10-01,13.12,11.58,42.96,332.54,89.4,98.7,22.81,1.324
2022-10-02,13.97,11.16,93.5,318.09,79.1,99.1,10.62,2.73
2022-10-03,12.91,10.2,92.5,319.41,79.3,99.1,11.5,4.385
2022-10-04,15.21,9.5,74.54,323.82,87.4,97.5,11.79,4.08
2022-10-05,13.09,8.31,81.52,307.47,87.1,97.6,3.81,3.627
2022-10-06,11.88,8.9,86.95,301.16,70,100.2,0,2.485
2022-10-07,11.63,6.74,120.19,268.33,72.1,101.3,0,0.77
2022-10-08,10.95,7.28,23.95,320.01,85.8,100.8,14.67,1.276
2022-10-09,12.8,9.75,76.36,328.56,89.1,100.2,4.78,2.374
2022-10-10,13,9.86,74.49,324.36,83.2,99.6,9.37,4.141
2022-10-11,12.77,9.97,51.72,324.9,81.6,99.5,8.47,4.449
2022-10-12,11.46,9.75,53.52,317.94,73,100,2.73,6.808
2022-10-13,13.94,9.59,58.75,329.71,82.7,98.9,10.5,8.44
2022-10-14,10.75,9.16,52.17,316.48,73.7,98.7,11.86,10.434
2022-10-15,9.81,7.03,52.73,314.54,82.2,97.8,22.75,4.604
2022-10-16,9.89,7.61,52.76,306.78,71.4,98.3,13.45,9.798
2022-10-17,10.21,8.74,32.56,309.89,70.2,98.9,3.56,5.761
2022-10-18,10.26,8.31,60.41,305.53,80,99.3,8.29,6.328
2022-10-19,10.37,7.69,54.48,303.42,84.6,99.7,9.2,4.141
2022-10-20,10.01,6.08,96.55,259.64,79.2,99.6,0,1.109
2022-10-21,11.02,7.09,46.14,310.84,86.9,98.6,2.4,3.504
2022-10-22,10.91,6.5,58.93,308.17,89.9,98.9,4.73,0.47
2022-10-23,8.89,5.67,10.68,310.32,91.4,98.8,13.01,1.451
2022-10-24,9.14,5.47,57.26,289.1,82.9,99.3,3.57,4.282
2022-10-25,10.5,4.42,69.96,275.96,74.6,100.4,0,0.977
2022-10-26,10.22,3.14,84.75,258.33,73.9,100.6,0,4.181
2022-10-27,11.2,6.17,57.37,297.11,82.4,100.7,0,2.643
2022-10-28,9.45,5.78,41.58,299.93,90.3,100,0,1.445
2022-10-29,9.91,5.93,60.63,279.21,87.6,100,0.57,1.703
2022-10-30,9.51,5.51,53.8,285.48,80.2,100.9,0,1.24
2022-10-31,9.32,5.41,44.13,295.53,79.8,101.2,0,0.419
2022-11-01,9.13,5.32,34.52,306.56,79.4,101.5,0,1.056
2022-11-02,10.69,7.09,26.55,327.63,88.5,101.1,2.31,5.135
2022-11-03,10.91,9.93,18.51,345.42,93.7,100.8,13.49,4.794
2022-11-04,11.24,9.08,24.74,328.88,90.4,100.8,1.66,1.21
2022-11-05,10.42,8.64,39.09,326.9,88.5,100.2,0.77,1.501
2022-11-06,11.7,10.02,33.9,338.18,90.9,99.1,8.52,2.327
2022-11-07,12.72,11.37,21.71,350.51,94.5,98.4,8.1,1.011
2022-11-08,12.33,10.16,34.59,336,94.2,98.3,10.47,0.66
2022-11-09,10.5,8.29,33.26,309.69,80.5,99.5,3.11,3.603
2022-11-10,11.12,7.92,30.24,316.33,82.1,98.5,19.17,3.559
2022-11-11,9.6,8.14,16.15,302.81,72.4,98.8,9.2,8.412
2022-11-12,9.91,5.86,44.79,278.52,83.2,100.1,2.21,4.382
2022-11-13,8.88,3.89,31.85,290.87,78.6,101.4,0,0.478
2022-11-14,10.12,7.48,18.97,337.73,85.3,101.9,1.62,1.65
2022-11-15,11.24,9,14.98,350.25,96.8,102.3,1.79,0.542
2022-11-16,11.65,9.75,19,346.89,99.4,102.4,1.49,0.462
2022-11-17,11.34,8.31,31.04,327.36,94.4,102.2,0,0.892
2022-11-18,9.93,7.64,29.59,318.49,90.6,102.1,0,1.287
2022-11-19,8.91,6,33.83,301.29,92.1,102.1,0,1.831
2022-11-20,8.31,5.57,25.8,310.46,93.4,101.6,0,0.975
2022-11-21,7.29,5.43,30.19,303.68,88.8,100.8,0,0.869
2022-11-22,7.83,4.51,29.52,303.96,91.2,100.4,4.93,1.509
2022-11-23,10.76,6.65,19.33,327.95,95.8,100.4,5.14,1.814
2022-11-24,11.57,7.82,4.8,338.07,92.8,100.6,15.82,2.721
2022-11-25,13.94,9.22,24.55,336.49,90,100.6,0,1.803
2022-11-26,11.66,6.48,20.89,313.39,87.8,100.9,0,2.096
2022-11-27,6.93,3.13,28.53,256.01,80,100.8,0,3.686
2022-11-28,9.21,3.03,25.71,299.59,84.3,100.4,0,1.151
2022-11-29,8.95,5.65,19.88,313.3,93.8,100,0,1.116
2022-11-30,7.58,5.12,23.88,285.76,87.6,100.3,0,3.46
2022-12-01,5.79,2.75,22.07,261.77,80.1,100.6,0,3.553
2022-12-02,3.91,1.52,34.42,233.09,76.4,100.7,0,1.792
2022-12-03,3.56,-0.3,30.94,231.39,79.8,100.9,0,0.932
2022-12-04,3.34,-0.98,28.9,247.87,84.9,101.2,1.24,0.606
2022-12-05,3.79,-0.55,20.52,263.34,87.6,102.1,0.62,1.407
2022-12-06,7.67,0.7,9.28,306.4,92.6,102.2,7.48,1.155
2022-12-07,8.41,5.31,10.79,323.79,86.4,100.5,16.14,2.329
2022-12-08,9.24,7.91,20.37,314.57,91.8,99.4,7.7,5.56
2022-12-09,11.2,7.86,6.41,336.01,95.1,100.1,22.29,4.99
2022-12-10,11.87,10.24,5.67,354.76,94.6,99.4,26.73,7.293
2022-12-11,11.64,10.89,22.64,337.86,93.1,99.9,0,6.465
2022-12-12,10.97,7.46,18.69,328.2,95.5,100.5,1.53,1.273
2022-12-13,10.45,5.35,24.91,305.78,92.8,99.9,0,1.176
2022-12-14,11.94,10.31,3.67,354.02,93.8,99.4,35.64,1.428
2022-12-15,11.57,10.44,9.28,359.05,99.5,98.9,11.86,2.174
2022-12-16,10.8,9.95,18.73,318.92,96.1,99,2.55,3.717
2022-12-17,10.4,8.87,15.82,327.03,94.4,98.8,4.06,0.736
2022-12-18,9.22,5.1,26.11,279.28,85,99.3,0.01,0.942
2022-12-19,9.5,5,16.46,299.89,85.8,98.4,1.49,5.268
2022-12-20,9.96,7.52,17.09,320.86,90.3,98,1.56,3.692
2022-12-21,7.55,6.16,16.35,306.4,91.2,98.4,1.49,2.676
2022-12-22,6.5,4,19.98,292.12,84.4,100.9,0.89,2.998
2022-12-23,8.42,2.84,11.08,308.38,84.2,101.8,1.46,0.689
2022-12-24,9.88,6.93,11.88,307.68,89.4,101.2,16.52,4.239
2022-12-25,8.26,7.09,12.53,305.09,76,101.4,4.57,8.59
2022-12-26,7.15,4.45,25.05,284.21,84.5,100.6,13.41,2.315
2022-12-27,8.44,5.33,5.5,319.06,86.7,100.5,6.22,8.593
2022-12-28,9.65,6.77,15.5,318,80.4,99,12.18,10.689
2022-12-29,10.14,5.5,7.34,321.11,87.3,99.4,29.35,6.001
2022-12-30,8.71,3.33,13.97,292.59,76.9,99.4,4.42,8.599
2022-12-31,7.84,3.85,20.23,283.92,75.1,100.1,2.33,6.015
2023-01-01,6.97,4.36,26.56,277.11,73.2,100.8,0,3.435
2023-01-02,8.33,5.99,23.21,300.47,83.5,100.3,8.25,4.751
2023-01-03,8.46,6.36,26.97,283.92,82.9,100.9,0.91,1.914
2023-01-04,9.1,6.72,20.4,315.79,90.4,101,5.95,1.275
2023-01-05,7.16,5.98,15.59,307.27,90.6,100.7,0.42,1.385
2023-01-06,7.38,5.77,10.15,312.62,92.4,100.2,3.76,1.966
2023-01-07,9.71,7.16,22.5,319.69,85.6,98.4,10.7,3.683
2023-01-08,8.44,4.43,8.23,304.78,88.4,97.8,22.78,0.627
2023-01-09,6.95,4.97,15.78,295.04,83.7,97.6,2.27,5.125
2023-01-10,6.92,4.46,10.35,307.82,85.1,97.4,21.67,5.601
2023-01-11,6.36,4.92,12.62,292.22,78.5,98,8.4,1.845
2023-01-12,6.43,4.87,10.37,291.18,83.1,98.7,11.21,5.956
2023-01-13,8.8,5.05,10.79,315.74,85.5,98.8,26.31,1.394
2023-01-14,8.39,6.71,19.13,312.4,79.5,98.6,8.19,9.203
2023-01-15,10.28,2.91,13.58,312.63,85.3,98.4,29.31,9.235
2023-01-16,6.4,2.68,16.19,298.26,79.9,98,17.56,11.012
2023-01-17,7.14,5.12,31,278.57,78.2,98.2,2.36,6.803
2023-01-18,5.95,3.64,26,282.37,83.5,99,2.76,2.305
2023-01-19,3.93,-0.88,37.87,243.45,76.3,100.8,0,1.651
2023-01-20,3.69,-0.76,24.35,260.06,77.7,100.9,0,1.376
2023-01-21,3.77,0.97,15.91,284.25,77.8,99.4,2.56,5.13
2023-01-22,4.49,0.63,15.69,288.13,86.6,98.1,5.96,0.868
2023-01-23,4.21,-0.2,40.15,260.72,79.3,98.1,3.99,3.613
2023-01-24,8.41,3.01,19.72,303.93,88.6,96.4,17.33,1.126
2023-01-25,6.95,3.85,33.11,300.42,81,96.3,6.51,1.859
2023-01-26,8.42,6.66,21.51,312.92,83.2,96.4,10.89,3.908
2023-01-27,9.78,6.31,21.83,319.42,89.1,97,16.17,1.822
2023-01-28,8.51,4.56,44.49,301.83,84.3,96.4,23.8,2.334
2023-01-29,8.17,6.4,28.47,311.69,84.7,96.7,4.64,2.909
2023-01-30,7.86,5.43,28.82,303.73,78.4,98.3,8.94,3.514
2023-01-31,10.83,7.29,41.99,321.78,86.4,96.3,25.68,3.671
2023-02-01,8.08,6.75,15.55,326.91,86.9,96.9,29.33,11.225
2023-02-02,7.04,5.66,24.87,304.39,75.2,100.1,6.29,9.699
2023-02-03,8.09,6.37,43.43,298.93,86.7,101.6,0.3,4.585
2023-02-04,7.9,6.34,29.38,317.29,80.3,100.4,7.41,2.275
2023-02-05,7.78,5.41,58.73,288.11,74.2,100.2,8.99,7.037
2023-02-06,9.73,5.27,26.92,316.76,87.1,100,14.3,1.212
2023-02-07,9.01,5.24,31.51,303.04,75.6,98.8,3.72,6.653
2023-02-08,5.23,3.2,24.64,296.22,82.1,100,10.74,5.372
2023-02-09,9.56,3.04,14.05,317.23,86.1,100,24.43,2.443
2023-02-10,7.29,4.92,48.64,288.32,70.3,100.2,3.17,10.912
2023-02-11,5.91,3.31,35.76,299.58,80.3,99.6,12.19,8.785
2023-02-12,5.94,3.61,39.19,290.03,78.5,98.4,7.4,7.652
2023-02-13,6.25,2.79,58.42,281.87,81.1,98.3,3.84,2.487
2023-02-14,4.67,1.83,53.63,252.51,65.1,100.5,0,3.436
2023-02-15,4.12,0.5,78.63,237.31,76.5,101.9,0,0.671
2023-02-16,6.94,1.88,9.6,296.19,78.4,100.7,15.84,5.12
2023-02-17,6.19,4.76,53.77,287.76,76.6,101.1,3.02,7.215
2023-02-18,9.85,5.73,19.7,325.84,90.6,99.6,28.38,5.333
2023-02-19,6.73,4.17,36.84,298.85,75.3,98.8,11.09,9.619
2023-02-20,8.8,5.16,42.69,316.67,85,99.6,3.85,7.275
2023-02-21,8.59,3.95,47.31,306.54,81,99.2,11.58,9.152
2023-02-22,4.71,2.65,42.76,294.69,80.7,99.4,15.54,10.133
2023-02-23,7.21,3.29,73.99,293.66,81.6,100,9.3,6.908
2023-02-24,9.11,4.03,50.1,318.07,89.5,97.9,25.17,5.478
2023-02-25,5.06,1.72,97.49,259.83,73.4,99.7,2.85,1.774
2023-02-26,5.19,1.02,75.11,263.25,80.1,101.4,0,3.083
2023-02-27,5.75,0.86,94.83,258.36,74.1,101.5,0,4.404
2023-02-28,4.89,2.27,29.07,305.19,88.2,100.4,7.43,1.152
2023-03-01,8.21,2.45,83.35,292.88,82.9,100.9,1.38,0.328
2023-03-02,8.03,5.63,46.96,300.42,91,100.9,4.89,3.512
2023-03-03,7.61,5.26,82.37,287.28,81.5,101.1,0,4.591
2023-03-04,6.86,4.61,65.7,287.85,85.8,100.9,4.34,4.013
2023-03-05,7.96,5.08,87.43,288.08,78.3,101,0.8,5.389
2023-03-06,10.01,6.82,9.11,342.98,92.5,99.2,44.27,7.479
2023-03-07,9.42,5.22,84.55,302.69,68.4,99.4,2.5,9.514
2023-03-08,7.49,4.91,97.93,290.65,73.6,100.5,9.8,6.702
2023-03-09,9.16,6.01,92.46,293.1,76.7,100,10.08,7.137
2023-03-10,7.58,3.44,63.01,294.03,75.8,99.4,6.08,9.678
2023-03-11,6.69,4.07,74.07,289.56,72.6,99.9,8.19,9.856
2023-03-12,6.97,2.95,118.87,259.8,73.2,100.9,1.26,6.432
2023-03-13,7.72,2.25,105.88,277.39,76.7,101.4,0,0.755
2023-03-14,8.73,5.11,77.8,298.22,59.3,100.3,0.54,3.044
2023-03-15,9.15,6.12,54.89,325.69,92.4,99.2,5.93,1.11
2023-03-16,8.48,5.61,40.77,317.22,90.3,98.1,24.7,1.887
2023-03-17,7.43,3.65,32.76,309.78,83,97.8,25.24,5.869
2023-03-18,6.42,2.95,52.88,295.68,80,98,12.91,1.418
2023-03-19,8.26,5.8,97.57,308.87,93.8,97.3,8.03,0.865
2023-03-20,8.54,5.21,138.75,286.84,85.7,99.7,2.18,4.196
2023-03-21,10.14,5.61,123.85,305.07,84.8,99.6,6.02,1.198
2023-03-22,10.97,6.74,67.87,318.08,82.1,98.8,22.98,1.707
2023-03-23,10.45,6.37,145.18,298.93,74.6,99.5,2.51,1.435
2023-03-24,11.21,7.27,78.89,325.71,87.8,98.6,8.14,1.452
2023-03-25,10.45,8.45,155.61,299.15,86.7,99.6,0.59,2.868
2023-03-26,11.19,7.96,139.05,312.03,88.6,100.6,0,1.069
2023-03-27,13.12,8.98,82.35,326.62,88.5,100.5,1.12,0.822
2023-03-28,13.17,7.67,141.61,318.1,86.8,100.7,5.37,0.631
2023-03-29,11.45,8.4,158.82,311.25,91.1,101.1,4.42,2.989
2023-03-30,11.01,7.93,149.04,306.5,91.6,101.8,0,0.9
2023-03-31,11.33,6.14,141.47,306.67,93.3,101.8,0,0.57
2023-04-01,11.6,4.86,132.91,295.73,90.1,101.1,0,0.313
2023-04-02,12.31,8.79,112.31,315.9,81,100.5,0.64,0.822
2023-04-03,10.64,7.06,103.02,329.37,91.2,100,6.55,1.611
2023-04-04,13.86,8.73,137.47,330.48,84.4,100,0.09,2.501
2023-04-05,11.87,7.44,73.17,310.59,75,99.6,6.33,4.204
2023-04-06,9.55,6.72,121.23,301.81,83.7,99.5,3.85,2.098
2023-04-07,11.28,6.33,117.99,301.46,80.4,100.3,0.61,4.03
2023-04-08,7.84,4.84,130.5,292,70.6,100.9,0,5.599
2023-04-09,7.04,3.13,116.49,272.72,69.5,100.3,0,2.536
2023-04-10,7.71,3.43,72.37,300.44,85.1,99.4,7.13,0.505
2023-04-11,9.91,6.99,135.5,313.08,83.2,100.8,0,3.088
2023-04-12,12.67,7.01,130.61,329.82,89.5,101.5,0.37,0.565
2023-04-13,11.98,6.85,165.76,306.68,78.8,101.4,0,0.336
2023-04-14,10,4.79,155.94,293.79,74.9,101.3,0,0.228
2023-04-15,11,6.31,195.72,283.55,74.2,101.1,0,0.421
2023-04-16,10.86,6.24,136.65,299.26,78.1,100.7,0,0.601
2023-04-17,11.36,7.85,69.99,323.99,78.4,100,5.6,2.041
2023-04-18,10.44,7.08,164.87,307.57,82.7,100.1,5.24,4.411
2023-04-19,11.46,7.65,216.15,301.97,73,100.7,3.22,1.121
2023-04-20,12.71,9.06,124.61,336.01,93.6,100.7,0.62,0.367
2023-04-21,12.6,9.88,100.34,342.6,90.7,100.2,9.93,1.65
2023-04-22,14.1,9.63,115.76,338.05,90.5,99.4,10.46,1.351
2023-04-23,12.31,9.42,178.67,317.15,91.6,99.7,0.5,1.2
2023-04-24,13.07,8.82,218.57,306.63,90.1,100.2,0,1.563
2023-04-25,13.66,8.26,202.49,303.21,82.3,100.2,0,3.736
2023-04-26,12.43,7.47,170.35,302.62,80.7,100.5,0,3.236
2023-04-27,11.26,6.44,158.46,299.05,77.4,99.9,1.16,2.126
2023-04-28,9.17,4.69,141.74,290.02,69.8,99.7,1.26,2.199
2023-04-29,7.26,3.72,158,258.39,57.7,100.2,0.94,4.3
2023-04-30,8.36,3.51,195.38,267.77,59.1,100.5,0.02,4.366
2023-05-01,9.38,4.06,258.55,249.49,60.5,101.2,0,1.45
2023-05-02,11.3,3.79,112.96,299.97,78.8,101.7,0.59,1.61
2023-05-03,12.78,8.67,141.85,325.84,80.8,101.5,14.12,1.764
2023-05-04,12.97,10.25,135.46,340.02,93,101.2,7.64,2.422
2023-05-05,12.94,10.12,256.55,303.32,79.9,101.6,0.15,3.887
2023-05-06,14.32,8.42,233.04,302.06,77.4,101.6,0.4,0.22
2023-05-07,17.73,9.31,157.08,338.33,83.7,100,1.89,0.85
2023-05-08,13.21,9.02,241.41,301.91,78.2,100.1,0.37,3.497
2023-05-09,13.34,9.88,232.34,315.55,82,100,8.51,2.705
2023-05-10,13.97,10.76,149.44,345.08,93.1,99.3,4.91,1.728
2023-05-11,17.52,13.21,132.79,362.79,88.6,98.3,15.39,2.89
2023-05-12,17.09,12.51,146.58,351.67,94.8,98.8,7.48,0.616
2023-05-13,15.58,9.1,297.38,297.99,73.3,99.8,0.79,5.028
2023-05-14,13.19,8.36,242.85,301.83,67,100.7,0,5.09
2023-05-15,11.72,6.94,179.65,307.47,70.7,101,0.28,3.35
2023-05-16,13.66,6.13,232.9,283.65,71.3,100.6,0,0.998
2023-05-17,13.65,5.93,191.68,299.63,79.7,100.7,0.33,1.97
2023-05-18,15.11,8.05,177.12,308.55,71.4,101.2,0,3.117
2023-05-19,14.43,7.05,293.94,275.55,63.6,101.7,0,4.471
2023-05-20,15.49,6.65,305.53,280.94,65.6,101.7,0,3.072
2023-05-21,15.57,5.91,334.68,258.03,70.1,101.9,0,0.524
2023-05-22,16.16,6.7,337.57,263.95,68.5,101.7,0,0.509
2023-05-23,16,9.77,298.96,285.28,74.3,101.4,0,0.334
2023-05-24,16.43,10.13,263.11,299.27,76.4,101.4,0,0.35
2023-05-25,15.96,9.94,244.81,305.31,85.5,101.5,2.64,0.601
2023-05-26,17,11.44,253.79,315.3,87.3,101.7,0.5,0.904
2023-05-27,17.91,12.8,271.13,320.69,84.3,102,0,1.643
2023-05-28,20.1,12.25,282.28,338.52,84.7,102.2,0.8,0.503
2023-05-29,19.64,11.86,329.3,307.29,66.4,102.3,0,2.822
2023-05-30,20.87,9.55,338.53,287.02,68.8,102.3,0,1.959
2023-05-31,20,9.55,337.86,284.85,71.4,102,0,2.436
2023-06-01,19.12,9.54,337.2,282.74,74,101.7,0,2.914
2023-06-02,17.31,9.41,297.82,293.86,83.5,101.2,0,0.205
2023-06-03,18.52,11.11,281.57,310.81,69.7,101.2,0,0.461
2023-06-04,17.91,10.53,344.13,277.37,65.1,101.2,0,0.422
2023-06-05,17.58,11.47,328.3,290.91,75.2,100.9,0,1.662
2023-06-06,14.81,10.33,168.76,332.55,81.9,100.3,3.41,1.923
2023-06-07,13.74,9.72,160.59,318.78,82.2,99.5,1.46,0.214
2023-06-08,16.43,10.73,279.07,311,77.6,99.2,0.84,4.536
2023-06-09,14.23,9.76,209.64,300.15,78.9,99.2,4.53,1.099
2023-06-10,12.64,7.62,188.87,295.02,76.4,99.9,2.42,1.12
2023-06-11,13.81,7.58,192.96,309.36,66.3,100.9,0,1.152
2023-06-12,14.82,9.69,144.94,334.6,84.5,101.1,2.35,2.924
2023-06-13,16.54,12.77,198.98,345.17,87.8,101.4,1.8,3.254
2023-06-14,16.94,12.69,286.24,316.14,82.8,101.7,0,2.403
2023-06-15,19.05,12.21,323.45,303.04,84.1,101.9,0,0.724
2023-06-16,20.9,13.45,294.1,320.77,80.3,101.7,0,0.897
2023-06-17,20.55,12.07,316.44,303.37,79.8,101.8,0,0.887
2023-06-18,19.2,15.33,289.73,338.27,84.2,101.8,0.6,2.583
2023-06-19,17.92,13.74,125.98,355.08,91.4,101.5,14.42,2.667
2023-06-20,18.02,12.04,289.38,306.91,79.5,101.5,0,1.499
2023-06-21,17.48,12.23,248.56,326.45,79.7,101.7,0,3.063
2023-06-22,18.99,14.56,281.18,335.36,81.4,101.5,0.17,5.632
2023-06-23,17.2,11.76,247,318,76.3,101.7,0.45,4.078
2023-06-24,17.66,10.17,322.85,297.39,82.6,102,0,2.136
2023-06-25,17.88,14.72,276.89,332.88,81,101.6,0,3.951
2023-06-26,18.5,13.13,277.73,320.98,77.3,101.3,0,3.127
2023-06-27,19.24,10.99,331.17,298.66,82,101.6,0,1.171
2023-06-28,21.45,13.7,342.45,310.58,80.5,101.7,0,0.342
2023-06-29,22.93,15.17,339.68,315.2,78.5,101.7,0,0.547
2023-06-30,24.23,15.98,339.59,324.08,74.3,101.7,0,0.274
2023-07-01,25.42,17.25,340.53,332.34,70.5,101.5,0,0.128
2023-07-02,25.81,17.9,336.26,331.13,70.5,101.3,0,0.283
2023-07-03,25.3,17.32,328.22,334.92,71.8,101.5,0,1.062
2023-07-04,22.94,15.72,322.88,321.42,82.9,101.6,0,1.018
2023-07-05,23.17,14.97,335.78,316.02,77.2,101.4,0,0.949
2023-07-06,24.51,16.34,334.68,321.48,75.9,101.2,0,0.178
2023-07-07,28.28,17.71,328.5,349.29,65.6,100.9,0,0.357
2023-07-08,24.79,18.98,291.79,348.54,83.9,100.5,2.07,1.198
2023-07-09,22.18,16.28,206.06,363.48,78.3,100.5,1.37,1.03
2023-07-10,19.07,14.08,250.02,318.62,66.1,101.3,0.21,1.577
2023-07-11,19.21,13.6,205.35,346.66,82.5,101.3,1.21,2.231
2023-07-12,20.39,15.49,274.81,335.38,77.1,101.6,0,3.003
2023-07-13,21.38,14.13,300.53,323.6,81.7,101.9,0,1.633
2023-07-14,21.17,13.71,315.55,312.83,80.4,101.7,0,1.741
2023-07-15,23.36,13.66,309,320.18,77.9,101,0,0.467
2023-07-16,23.55,15.66,305.48,330.89,74.4,100.5,2.42,1.058
2023-07-17,23.66,15.28,300.7,320.7,69.2,100.7,0,2.132
2023-07-18,23.37,13.39,276.81,322.82,69.6,100.5,0,2.65
2023-07-19,20.11,14.5,114.24,346.27,71.7,100.2,0.07,2.685
2023-07-20,20.7,14.22,279.7,318.38,72.7,100.5,0,1.648
2023-07-21,21.02,13.92,283.76,320.8,75,100.9,1.97,3.402
2023-07-22,19.78,16.15,253.55,335.53,81.9,100.5,1.03,2.753
2023-07-23,18.95,13.86,205.94,342.76,82.9,99.2,12.67,4.56
2023-07-24,16.82,13.21,145.82,336.09,83.7,99,7.62,2.715
2023-07-25,18.67,14.04,208.38,335.75,69.3,99.8,1.9,2.892
2023-07-26,19.7,13.37,234.58,321.04,65.1,100.4,0,1.861
2023-07-27,20.48,11.28,299.68,302.89,75.4,100.9,0,2.312
2023-07-28,21.09,15.19,274.19,329.78,74.5,101.2,0,2.714
2023-07-29,21.42,14.21,255.56,327.2,78.4,101.2,0,1.648
2023-07-30,21.66,14.13,272.2,322.69,78.8,101.3,0,0.887
2023-07-31,22.26,14.62,278.89,323.25,80.6,101.4,0,0.683
2023-08-01,22.86,15.11,285.57,323.87,82.3,101.5,0,0.251
2023-08-02,23.04,16.15,255.17,334.09,78,101.6,0,0.191
2023-08-03,22.37,15.49,279.66,322.03,76.8,101.6,0,0.417
2023-08-04,21.94,14.76,260.88,323.41,82.2,101.3,0,0.416
2023-08-05,22.69,15.58,276.11,327.08,83.2,101.2,0.05,0.873
2023-08-06,22.14,15.82,264.57,326.4,78.5,101.4,0.99,2.087
2023-08-07,21.37,14.78,266.58,314.09,74.5,101.8,0.3,1.633
2023-08-08,20.93,14.23,227.78,334.96,78.9,101.7,1.51,2.997
2023-08-09,20.18,15.22,258.97,324.91,77.1,101.5,0,1.694
2023-08-10,20.6,16.95,94.85,379.33,92.2,101.1,2.21,2.427
2023-08-11,20.52,16.69,129.44,365.66,88.6,100.8,3.58,4.085
2023-08-12,22.14,13.25,260.98,313.4,72,100.9,0,0.673
2023-08-13,21.31,13.6,261.75,303.98,76.4,101.3,0,0.754
2023-08-14,21.76,13.85,217.88,328.9,74.9,101.1,2.52,1.405
2023-08-15,20.21,16.15,183.87,347.92,84.6,100.4,11.18,2.629
2023-08-16,21.24,14.34,181.54,337.18,80.8,100.5,11.14,2.941
2023-08-17,20.07,15.6,157.5,337.68,83.3,100.5,4.15,0.908
2023-08-18,19.31,15.09,146.25,345.74,87.2,100.4,9.8,1.457
2023-08-19,21.81,16.21,203.37,353.31,87.2,100.6,3.79,1.322
2023-08-20,21.74,16.84,212.33,353.39,84.1,100.8,22.53,3.885
2023-08-21,21.31,16.16,166.18,347.6,77.6,101,4.16,0.365
2023-08-22,20.26,15.21,230.39,322.44,74.9,100.9,0.55,2.294
2023-08-23,20.11,15.54,193.52,329.21,74.6,101,0.97,4.091
2023-08-24,19.57,15.51,41.31,356.71,86.1,99.8,52.89,2.269
2023-08-25,17.16,14.6,114.1,333.96,76.2,99.4,9.98,9.711
2023-08-26,16.43,13.42,150.27,329.25,76,100.2,4.26,7.332
2023-08-27,16.7,12.77,170.23,319.89,74.6,100.4,0.42,2.941
2023-08-28,19.8,13.71,186.53,332.95,71.8,99.6,0,1.993
2023-08-29,19.73,13.8,104.58,343.68,77.3,99.5,3.13,0.671
2023-08-30,18.34,12.46,213.76,309.21,71.1,100.1,0.81,1.937
2023-08-31,18.68,12.6,167.11,321.71,75,99.8,4.81,2.652
2023-09-01,19.02,12.75,120.94,333.99,79,99.5,8.82,3.785
2023-09-02,16.65,14.31,142.45,321.42,66.9,99.6,9.7,10.037
2023-09-03,15.18,12.49,69.96,331.55,84.1,99.5,30.87,4.948
2023-09-04,16.92,13.25,115.27,323.64,70.9,100.5,0.8,6.429
2023-09-05,17.76,13.8,91.42,340.66,76.7,100.1,16.06,4.931
2023-09-06,17.08,13.6,162.47,330.47,75.1,101.1,0,5.198
2023-09-07,17.77,14.58,145.01,340.78,81.8,101.2,0.86,5.282
2023-09-08,16.29,13.2,125.03,326.31,73.6,101.6,0,3.167
2023-09-09,17.54,13.31,153.19,331.64,85.7,101.5,0.01,2.953
2023-09-10,18.63,12.94,182.52,320.54,86.3,101.2,0,0.564
2023-09-11,17.72,13.7,150.28,335.93,80,101.1,1.14,2.08
2023-09-12,16.95,13.93,89.8,357.59,86.2,100.6,3.89,5.769
2023-09-13,18.07,15.64,115.86,353.92,87.7,100.7,1.37,5.598
2023-09-14,17.05,12.6,192.92,299.97,72.5,101.3,0.71,4.652
2023-09-15,15.66,10.56,137.44,310.59,74.8,101.7,0,1.574
2023-09-16,18.21,11.26,143.99,319.81,80.7,101.1,0,0.395
2023-09-17,16.91,12.21,135.79,324.01,75.7,101,1.06,2.386
2023-09-18,16.29,11.89,127.06,321.69,79.3,101.5,0,2.47
2023-09-19,16.82,12.84,110.69,343.64,81,101.2,0.62,3.509
2023-09-20,16.32,10.72,119.14,326.9,70,101.3,7.23,1.747
2023-09-21,16.4,10.58,44.66,347.37,82.9,101.2,16.65,2.22
2023-09-22,17.36,15.43,55.18,374.32,96.4,100.8,2.83,4.673
2023-09-23,17.63,13.37,105.35,344.19,90.4,101.3,0.57,3.076
2023-09-24,17.56,15.68,92.35,359.14,90.3,101.4,0.49,4.068
2023-09-25,16.7,12.68,130.16,317.26,73.1,101.2,1.2,5.237
2023-09-26,15.59,12.73,96.31,329.04,74.8,101,0,6.419
2023-09-27,16.54,13.91,72.8,352.31,86.8,100.3,2.07,6.308
2023-09-28,16.71,13.82,118.84,332.57,84.7,99.9,0.84,3.661
2023-09-29,19.63,12.12,75,345.33,83.6,98.3,8.6,1.604
2023-09-30,13.87,11.14,98.4,304.82,63.4,98.6,7.23,5.647
2023-10-01,14.93,12.32,41.42,331.97,77.5,98.5,23.6,2.079
2023-10-02,13.94,10.28,97,314.45,74,98.2,10.43,4.518
2023-10-03,13.32,9.45,97.23,296.88,75.5,98.8,3.52,2.077
2023-10-04,13.93,10.25,85.86,317.42,76.8,98.3,18.36,6.662
2023-10-05,13.69,9.27,67.33,322.99,77.6,98.3,11.37,6.202
2023-10-06,16.01,10.79,76.75,333.47,84.6,98.8,3.73,3.493
2023-10-07,14.26,12.04,97.73,303.77,62.9,99.2,5.07,8.307
2023-10-08,12.73,10.7,89.73,298.81,68.1,100,5.98,6.964
2023-10-09,11.56,8.06,36.6,309.31,81.4,99.7,13.93,1.963
2023-10-10,12.58,8.42,112.07,276.89,74.6,100.6,0.5,1.228
2023-10-11,10.16,6.81,76.05,292.06,69.4,101.6,0,1.389
2023-10-12,9.98,5.56,100.94,272.78,71.6,101.8,0,1.374
2023-10-13,11.76,5.93,114.99,275.15,69,101.9,0,0.826
2023-10-14,12.04,5.88,94.56,281.02,79.2,101.7,0,1.082
2023-10-15,11.55,7.74,83.68,288.36,71.2,101,0,1.538
2023-10-16,12.96,9.09,63.58,325.33,86.6,100.3,11.58,1.17
2023-10-17,14.13,10.44,82.38,318.44,83.5,99.8,3.81,2.808
2023-10-18,14.12,11.77,53.1,343.48,91.7,100.6,0.93,1.235
2023-10-19,14,11.07,51.37,341.64,89.2,101,0,1.151
2023-10-20,11.85,7.97,91.91,291.47,79.9,101.4,0,1.765
2023-10-21,13.38,10.21,71.82,329.51,86.9,100.8,1.92,5.685
2023-10-22,11.52,4.33,76.3,267.19,67.5,100.5,1.82,4.828
2023-10-23,8.26,2.86,87.28,237.52,69.1,101.6,0,1.839
2023-10-24,9.93,4,34.06,304.12,73.3,102.1,0.21,1.883
2023-10-25,12.24,9.88,67.19,317.55,78.8,102,1,5.861
2023-10-26,13.12,11.65,38.73,344.24,86.6,101.7,0.91,7.543
2023-10-27,12.77,8.89,55.32,321.21,74.9,101.4,2.27,4.045
2023-10-28,9.36,6.88,53.71,302.98,70.8,102.1,0.16,0.751
2023-10-29,12.28,8.87,33.68,334.04,91.4,101.9,4.23,2.533
2023-10-30,12.49,11.4,41.48,340.39,92.3,101.4,1.33,5.251
2023-10-31,12.89,11.28,36.88,346.26,95,101.4,4.97,3.411
2023-11-01,13.3,11.15,32.28,353.34,97.7,101.3,8.62,1.581
2023-11-02,11.59,6.92,49.37,304.68,81.8,102.1,0.85,1.643
2023-11-03,9.67,5.5,45.09,301.77,76.6,102.7,0,1.387
2023-11-04,7.85,4.76,54.77,287.35,79.4,102.7,0,0.789
2023-11-05,8.82,4.83,29.53,308.36,89.8,102.3,0.9,1.295
2023-11-06,9.12,3.41,41.89,277.48,82.1,101.6,0,1.42
2023-11-07,8.7,2.73,36.44,282.9,83.5,100.9,0,1.773
2023-11-08,9.95,6.47,43.94,282.75,84.6,101.1,0,4.471
2023-11-09,9.2,6.15,47.16,289.59,84.9,101.2,0,1.766
2023-11-10,8.74,4.82,40.08,288.32,91.3,100.5,0,1.172
2023-11-11,8.43,2.64,53.23,266.1,88.1,100.2,0.86,0.546
2023-11-12,9,5.25,24.14,302.85,88.4,99.2,5.08,0.935
2023-11-13,8.8,6.27,29.3,299.35,82.4,98.2,0.47,5.94
2023-11-14,7.01,4.32,36.56,278.83,70.3,99.2,0,5.058
2023-11-15,8.73,5.28,36.99,287.4,78.5,99.8,0,3.519
2023-11-16,7.64,4.64,31.95,296.02,85.5,99.8,0,1.33
2023-11-17,7.13,2.31,30.1,282.24,90.7,99.2,6.34,1.568
2023-11-18,6.76,1.88,30.28,277.99,83.7,99,0,1.481
2023-11-19,7,1.23,36.17,270.57,90.4,99.4,0.64,1.13
2023-11-20,8.76,4.21,42.29,280.7,93,100.6,0.71,1.778
2023-11-21,8.66,3.94,25.4,297.04,89.3,101.2,0,0.575
2023-11-22,8.21,5.86,26.99,315.66,89.2,100.9,5.22,1.024
2023-11-23,9.6,6.88,28.6,307.42,83.6,100.1,5.02,6.192
2023-11-24,9.04,4.89,28.86,286.47,86.5,99.7,4.09,2.81
2023-11-25,6.64,3.25,20.19,278.28,83.3,100,0,3.73
2023-11-26,5.93,2.44,27.68,269.02,91.7,99.9,0.25,2.151
2023-11-27,5.98,-0.25,37.9,241.92,88.3,100.4,0,1.158
2023-11-28,6.14,0.1,39.64,230.54,72.5,101.6,0,1.994
2023-11-29,3.93,-0.61,37.53,222.35,77.8,102.4,0,0.976
2023-11-30,5.28,-0.14,33.15,258.94,80.7,102.7,0,0.838
2023-12-01,6.07,0.08,23.82,272.69,83.7,102.6,0,1.312
2023-12-02,5.43,-0.26,34.17,245.62,86,102.8,0,1.699
2023-12-03,4.6,0.02,24.47,268.3,91.7,102.9,0,1.721
2023-12-04,5.62,1.3,25.23,276.19,92.6,102.2,0,1.553
2023-12-05,4.86,-0.06,30.16,252.82,86.7,101.3,0,1.672
2023-12-06,9.15,1.61,25.98,294.97,84.7,99.4,2.73,5.323
2023-12-07,9.92,8.7,25.87,326.41,92.2,97.4,11.05,1.528
2023-12-08,9.13,7.43,12.83,304.03,79.8,98.2,3.93,6.283
2023-12-09,8.03,6.64,7.89,312.55,80.1,97.5,10.76,5.712
2023-12-10,7.12,2.35,14.83,280.24,84,97.6,1.49,0.274
2023-12-11,7.6,1.42,14.82,289.08,88,99.3,0.12,1.535
2023-12-12,10.14,6.06,3.52,326.05,89.8,98.1,21.68,1.081
2023-12-13,8.49,6.77,17.92,292.71,75,99.1,1.27,7.6
2023-12-14,8.95,6.65,12.16,321.56,85.2,99.6,17.97,8.379
2023-12-15,7.06,0.98,29.39,252.65,72.5,101.4,0,1.435
2023-12-16,9.33,2.12,8,327.44,95.6,101.8,5.8,1.04
2023-12-17,9.05,7.95,9.03,336.4,98.1,101.9,2.72,1.318
2023-12-18,9.81,8.13,8.14,343.52,97.9,101.4,8.49,1.421
2023-12-19,8.57,5.07,21.03,297.77,97.3,101.2,0,0.278
2023-12-20,8.91,6.91,8.72,321.09,94.4,100.1,11.17,1.215
2023-12-21,7.79,4.45,12.42,297.83,89.7,98.9,7.19,1.72
2023-12-22,7.64,5.07,13.98,303.04,80.1,98.3,10.01,5.439
2023-12-23,10.07,5.1,7.87,320.52,78.4,96.7,14.23,10.058
2023-12-24,8.48,5.46,15.56,304.95,77.8,99.2,11.35,10.592
2023-12-25,10.91,3.13,6.83,304.03,82.7,100.6,10.52,1.018
2023-12-26,11.04,8.8,12.61,342.94,95.3,99.3,3.3,5.03
2023-12-27,10.3,7.21,6.04,334.44,92.6,99.3,7.71,3.738
2023-12-28,8.39,6.73,16.43,293.51,69.1,100,3.1,10.959
2023-12-29,9.05,7.53,20.66,316.5,90.4,101,5.09,7.908
2023-12-30,9,8.39,13.99,335.93,93.6,100.6,5.12,4.144
2023-12-31,8.94,6.68,14.83,323.6,90.9,100.5,6.53,2.885
2024-01-01,8.87,4.97,15.67,311.03,88,100.3,7.99,1.952
2024-01-02,6.78,2.8,30.77,258.41,78.3,102.2,0,2.822
2024-01-03,9.21,6.73,16.18,317.23,89.7,101.9,0,8.525
2024-01-04,8.69,6.59,8.93,328.19,91.8,100.5,8.78,8.157
2024-01-05,7.26,5.01,13.4,287.66,77.2,99.3,2.3,4.951
2024-01-06,9.66,3.41,7.94,314.61,88.7,100.1,7.68,5.437
2024-01-07,9.6,7.85,18.32,307.47,87.2,100.5,2.37,6.188
2024-01-08,10.02,7.19,6.05,341.47,94.9,100,25.61,5.272
2024-01-09,7.43,4.74,14.97,305.08,91.5,99.9,5.87,0.185
2024-01-10,8.89,5.35,5.99,324.24,94.8,99.3,20.54,0.525
2024-01-11,6.63,3.43,20.35,294.27,90.7,99.9,1.19,1.874
2024-01-12,7.48,3.79,26,297.97,94.3,100.1,0,0.85
2024-01-13,7.73,5.76,14.17,318.15,94.4,100.8,1.27,1.74
2024-01-14,9.72,6.53,9.98,339.71,97.2,101.1,6.32,3.635
2024-01-15,10.47,8.5,7.1,345.43,97.4,100.8,20.79,5.261
2024-01-16,8.52,7.3,16.61,312.64,86.4,101.2,0,7.56
2024-01-17,9.77,7,14.9,329.17,93.5,101.1,2.98,4.388
2024-01-18,9.91,8.67,15.29,339.35,93.3,99.9,7.3,2.34
2024-01-19,9.41,5.89,21.58,308.18,77.4,99.6,11.09,8.852
2024-01-20,8.47,5.94,17.94,310.57,83.3,100.4,18.85,7.794
2024-01-21,9.33,8.37,12.28,335.13,90.8,100.5,12.96,5.642
2024-01-22,11.33,8.78,8.79,350.09,93.3,99.2,46.21,1.582
2024-01-23,9.32,6.79,23.24,303.68,78.2,99.1,7.41,7.369
2024-01-24,7.44,6.41,28.36,285.82,67.2,100.6,3.1,8.728
2024-01-25,10.31,5.88,10.4,322.98,90.4,99.7,14.47,1.125
2024-01-26,7.62,2.87,36.23,280.49,90.5,99.8,1.57,1.194
2024-01-27,3.92,0.44,41.83,251,76,100.9,0,1.818
2024-01-28,7.75,0.89,14.05,288.61,88.2,100.1,5.7,0.576
2024-01-29,6.79,3.05,32.1,270.13,81.4,99.9,0,2.089
2024-01-30,5.34,2.12,20.73,283.36,82.9,99.5,5.19,1.994
2024-01-31,4.66,0.38,61.73,239.89,76.6,100.4,0,1.299
2024-02-01,5.63,3.28,12.94,308.28,88.9,99.5,15.21,2.322
2024-02-02,4.97,1.6,43.56,261.71,82.7,99.1,0,2.861
2024-02-03,5.45,1.77,46.75,242.32,78.8,100.8,0,3.472
2024-02-04,5.04,1.02,34.97,273.64,82.2,101.6,0.37,1.874
2024-02-05,6.13,0.79,55.79,268.76,83.1,101.5,0,1.299
2024-02-06,7.22,0.29,37.47,289.17,89.5,102.2,0,0.886
2024-02-07,8.13,5.89,40.71,315.36,93,102.4,0,1.071
2024-02-08,8.86,5.71,38.94,311.51,93.7,102.3,0,1.525
2024-02-09,8.23,5.85,44.26,315.23,92.6,102.4,0,0.442
2024-02-10,8.95,5.41,39.35,309.59,91.4,102.2,0,3.763
2024-02-11,7.58,5.61,42.55,307.33,81.2,101.8,0.51,3.904
2024-02-12,8.1,7.07,36.5,321.83,91.8,101.1,0,4.481
2024-02-13,8.33,2.1,64.64,281.33,76.6,100.6,0,1.9
2024-02-14,7.25,0.68,29.62,279.11,81.8,101,4.93,4.696
2024-02-15,6.25,1.69,45.41,273.57,70.7,100.9,0,3.167
2024-02-16,6.58,-0.7,68.77,261.27,81.6,101.8,5.34,1.423
2024-02-17,8.17,4.09,64.46,293.79,92,101.4,8.16,1.594
2024-02-18,6.25,2.04,35.76,292.92,92,101.8,6.98,0.537
2024-02-19,3.27,0.89,38.9,288.12,82.2,101.9,2.07,0.725
2024-02-20,3.17,-1.55,86.23,235.25,77.5,101.5,0,1.835
2024-02-21,3.4,-0.68,54.41,262.79,84.1,101.3,0,3.518
2024-02-22,4.14,0.04,94.71,255.26,77.1,100.7,0,1.177
2024-02-23,3.6,-0.08,53.32,279.09,79.5,99.7,0.18,2.788
2024-02-24,3.97,1.13,56.1,288.98,85,99,1.63,3.884
2024-02-25,5.38,1.95,28.73,297.49,84.8,99.1,8.39,0.97
2024-02-26,6.9,2.64,29.32,303.34,86.9,99.1,9.34,2.498
2024-02-27,8.92,5.43,48.07,318.84,76.6,97.6,12.99,6.903
2024-02-28,7.05,3.47,67.69,292.58,79.5,99,2.32,1.871
2024-02-29,5.49,2.84,48.44,288.62,76.1,99.3,1.17,1.908
2024-03-01,3.94,2.2,29.32,285.13,72.5,99.6,0,4.293
2024-03-02,4.93,0.24,119.95,241.96,65.5,100.3,1.88,1.57
2024-03-03,6.58,-3.98,73.45,260.09,79.7,101.4,3.73,2.036
2024-03-04,9.68,4.85,18.74,327.8,88.1,99.5,22.91,1.599
2024-03-05,9.66,2.96,48.32,306.15,76.3,98.4,16.63,3.681
2024-03-06,4.94,0.03,61.91,273.21,74.6,100.2,3.1,2.479
2024-03-07,7.58,2.63,54.56,316.58,91.9,98.5,17.48,1.066
2024-03-08,8.24,3.2,96.91,297.4,87.7,99.9,0.81,0.681
2024-03-09,12.01,6.71,82.4,333.41,90.5,99.2,8.38,3.842
2024-03-10,12.51,10.18,90.38,327.74,88.6,98.3,5.39,2.438
2024-03-11,10.44,7.88,75.83,332.85,93.2,98.1,12.67,2.806
2024-03-12,9.27,7.13,102.6,317.78,91.4,98.9,10.39,5.12
2024-03-13,8.97,6.38,95.66,306.71,81.8,99.6,2.45,1.222
2024-03-14,9.6,5.96,79.45,314.8,91.3,98.4,9,1.097
2024-03-15,7.91,3.35,63.02,287.31,78.7,98.1,3.1,4.982
2024-03-16,7.19,3.15,115,282.04,73.4,100,10.71,6.97
2024-03-17,7.61,4.46,81.79,303.9,77.7,101.1,3.48,5.427
2024-03-18,9.91,5.71,22.34,336.44,97.1,100.1,40.1,4.631
2024-03-19,10.02,8.58,64.92,338.5,96.9,99.5,3.02,3.833
2024-03-20,10.29,8.87,55.25,335.6,98.2,98.6,9.1,4.02
2024-03-21,10.24,7.23,61.12,330.97,96.3,97.8,19.4,2.651
2024-03-22,7.86,5.31,87.34,304.34,79,97.8,20.7,8.466
2024-03-23,8.29,4.8,115.12,292.79,79.5,97.2,1.4,3.942
2024-03-24,5.62,2.07,76.22,287.97,75.8,98.5,2.55,2.999
2024-03-25,4.87,0.78,135.34,249.57,59.1,99.8,0,2.256
2024-03-26,4.09,-0.65,131.3,247.39,67.1,100.1,1.35,3.416
2024-03-27,5.48,0.62,118.25,260.37,72.4,100.4,2.24,5.531
2024-03-28,6.85,2.3,88.6,297.2,83.3,99.2,5.44,1.045
2024-03-29,5.03,1.99,73.47,290.21,87.7,98.7,7.89,1.231
2024-03-30,6.43,0.67,136.85,259.67,76.6,99.8,2.45,2.01
2024-03-31,2.06,-0.19,35.39,286.88,92.1,100,14.19,3.318
2024-04-01,5.13,-5.38,193.78,227.2,68.5,99.8,0,1.777
2024-04-02,7.78,1.22,213.4,238.93,63.7,100.8,0,3.392
2024-04-03,7.8,0.29,200.33,240.72,65.2,101.7,0,0.965
2024-04-04,6.54,2.96,95.96,303.02,79.6,99.8,1.17,4.471
2024-04-05,10.19,4.97,115.26,311.69,91.3,98.1,12.23,0.968
2024-04-06,9.4,5.25,156.55,295.68,92,98.2,0,1.524
2024-04-07,9.25,4.93,118.39,299.01,89.6,98.3,6.5,0.658
2024-04-08,9.42,6.1,168.6,296.36,80.6,99,1.83,1.021
2024-04-09,9.15,4.96,145.34,286.59,85.3,99.1,0.42,0.518
2024-04-10,9.82,6.55,157.89,304.93,87.3,98.8,8.3,0.285
2024-04-11,8.23,5.8,78.39,308.54,89.7,98,6.55,2.441
2024-04-12,9.03,6.4,95.05,289.43,83.6,98.4,6.21,3.77
2024-04-13,10.36,5.5,165.83,299.79,83.4,99.1,3.54,0.628
2024-04-14,12.19,7.44,151.99,313.82,88.7,99.6,2.39,3.39
2024-04-15,13.01,6.72,189.7,301.29,76.9,100.9,0.29,3.733
2024-04-16,11.49,5.07,212.76,281.8,84.7,101.5,0,0.637
2024-04-17,10.13,6.56,90.41,316.45,91.3,100.6,3.51,2.968
2024-04-18,9.14,5.25,143.02,293.2,75.8,100.5,1.77,5.737
2024-04-19,9.19,7.02,69.52,322.94,86.9,100.2,6.3,6.567
2024-04-20,9.31,7.57,126.78,313.02,77.6,100.3,4.1,9.423
2024-04-21,10.67,7.55,88.88,331.38,93.6,100.2,18.1,6.29
2024-04-22,10.9,7.12,52.07,336.71,94.2,99.8,14.49,3.005
2024-04-23,10.7,7.35,135.16,317.59,75.8,99.2,2.13,6.802
2024-04-24,9.61,6.25,161.92,287.73,70.7,99.3,3.99,6.012
2024-04-25,8.41,6,130.09,304.47,80.8,99.8,7.96,6.172
2024-04-26,8.12,5.45,159.56,291.46,69.7,99.8,0.24,4.719
2024-04-27,8.04,5.23,71.4,309.58,81.4,98.7,5.05,4.144
2024-04-28,8.99,6.65,92.14,321.46,86.7,98.5,9.41,4.003
2024-04-29,9.13,5.93,163.41,295.39,75.7,99,5.03,5.131
2024-04-30,10.11,6.41,129.28,298.22,78.9,98.9,3.28,4.306
2024-05-01,10.02,6.38,195.86,295.16,70.4,99.3,2.64,0.841
2024-05-02,12.29,7.08,199.07,306.7,84.8,98,7.99,0.204
2024-05-03,11.04,7.46,178.57,318.18,83.9,98.6,17.96,5.046
2024-05-04,11.85,9.4,235.72,304.17,83.6,98.7,8.9,6.558
2024-05-05,13.01,9.51,236.17,306.53,86.3,99.7,2.55,1.105
2024-05-06,12.14,9.63,243.54,302.48,89.4,99.8,7.84,1.661
2024-05-07,11.63,8.2,225.08,303.22,84.1,100.5,4.44,3.276
2024-05-08,11.44,7.72,248.56,289.58,70.3,101,0.34,0.901
2024-05-09,11.93,8.06,219.72,308.77,83.4,100.4,3.5,1.901
2024-05-10,11.26,7.48,46.99,334.56,89.9,99.6,37.15,8.056
2024-05-11,13.35,8.07,261.59,285.29,75.6,100.3,0,5.54
2024-05-12,11.78,8.18,238.94,302.32,77.4,100.7,0.6,5.872
2024-05-13,9.7,7.45,157.19,307.5,72.6,100.7,3.43,6.516
2024-05-14,11.97,7.2,206.44,298.02,71.1,100.4,2.68,5.398
2024-05-15,9.76,6.53,178.67,299.55,66.8,100.8,0,3.972
2024-05-16,8.97,5.36,175.36,298.73,68.7,101.2,0,1.235
2024-05-17,10.47,6.19,154.54,310.97,74.6,100.9,2.07,0.452
2024-05-18,12.65,7.82,185.43,319.1,84.4,100.1,10.16,6.563
2024-05-19,11.74,6.98,260.66,281.1,71.1,101.3,0,2.516
2024-05-20,15.68,8.78,245.88,312.53,65.8,101.7,0,3.789
2024-05-21,18.25,9.02,246.61,330.83,81.3,100.9,18.65,1.992
2024-05-22,14.59,11.2,238.53,329.02,90.1,100.3,9.99,1.368
2024-05-23,12.32,9.9,211.5,321.29,77.8,100.6,1.53,3.34
2024-05-24,11.6,9.65,155.64,321.62,79.9,100.6,4.47,6.533
2024-05-25,14.23,9.43,228.61,317.39,78.9,100.8,5.23,5.706
2024-05-26,13.1,8.15,236.62,300.78,71.6,101.7,0,0.679
2024-05-27,12.77,8.63,142.38,328.03,88.5,101.2,2.72,2.662
2024-05-28,12.5,8.71,174.7,323.57,83.7,100.4,2.02,7.305
2024-05-29,11.01,7.31,160.29,303.45,66.1,100.7,0,5.633
2024-05-30,10.31,6.59,185.37,303.16,64.9,101,0,2.97
2024-05-31,10.66,6.27,202.75,294.7,69.5,100.9,0,1.888
2024-06-01,11.01,5.94,220.19,286.25,74,100.8,0,0.462
2024-06-02,11.66,5.4,266.71,277.18,74.2,100.9,0.02,2.051
2024-06-03,11.4,7.97,109.55,328.16,87.2,100.1,16.32,1.861
2024-06-04,13.77,10.58,133.27,346.21,93.7,98.9,10.41,0.93
2024-06-05,12.52,9.37,135.4,328.53,91,98.7,7.66,0.99
2024-06-06,10.79,8.17,106.29,321.14,83.7,99.1,8.19,4.455
2024-06-07,10.38,7.69,159.65,308.88,70.1,100.1,5.02,7.292
2024-06-08,11.37,7.95,130.6,327.7,84.3,99.9,9.35,9.241
2024-06-09,13.08,8.65,201.26,310.47,76,100.5,0,2.881
2024-06-10,12.51,7.03,297.94,284.24,75,101.2,0,2.698
2024-06-11,12.44,6.27,248.4,282.42,76.8,101.1,1.38,1.144
2024-06-12,10.6,6.65,182.82,296.22,70.5,101.3,2.59,2.216
2024-06-13,11.36,6.27,238.68,288.55,64.2,101.5,0,1.082
2024-06-14,11.33,7.35,181.85,309.29,80.9,100.4,1.67,0.953
2024-06-15,12.67,8.53,233.35,312.07,81.8,99.9,2.81,3.698
2024-06-16,12.34,9.21,192.7,318.68,84.4,100.5,2.58,5.132
2024-06-17,13.83,9.68,242.64,317.86,85.8,101.6,3.82,3.097
2024-06-18,16.03,12.86,164.38,360.59,95.8,101.8,2.99,1.803
2024-06-19,15.39,12.56,92.01,358.53,94.5,101.5,10.34,0.59
2024-06-20,14.14,11.78,269.76,321.34,82.4,100.6,1.72,2.406
2024-06-21,14.24,10.42,222.65,330.32,84.4,98.8,9.55,5.182
2024-06-22,13.03,9.71,190.43,313.75,72,99.3,1.12,5.24
2024-06-23,13.87,9.22,219.47,316.38,83.1,99.6,2.48,1.501
2024-06-24,15.17,12.39,149.79,351.73,89.9,99.4,9.81,1.478
2024-06-25,15.2,12.06,293.68,308.58,75.9,99.7,0,1.892
2024-06-26,14.46,11.55,241.51,312.57,83,99.7,3.56,1.513
2024-06-27,15.06,11.36,228.23,323.99,82.5,99.9,4.67,1.438
2024-06-28,15.2,11.7,128.86,358.92,92.6,99.6,14.97,2.061
2024-06-29,16.53,10.64,255.88,321.46,77.6,100.6,2.04,3.72
2024-06-30,15.68,8.52,306.59,288.02,75.4,100.9,0,1.372
2024-07-01,17.74,11.84,275.68,322.31,75.1,101,0,0.385
2024-07-02,16.05,14.45,72.6,357.27,90,100.5,7.64,1.178
2024-07-03,15.75,13.11,289.83,317.31,85.3,100.4,0,3.228
2024-07-04,15.64,11.64,243.82,316.63,81.5,100.3,0.06,1.308
2024-07-05,14.93,11.9,264.8,323.82,83.9,99.6,14.91,1.505
2024-07-06,13.61,11.43,182.31,325.41,86.4,99.7,9.94,3.306
2024-07-07,15.57,12.26,192.26,339.78,85.7,100.3,5.58,4.874
2024-07-08,16.1,10.79,257.68,311.99,76.6,100.7,0,3.263
2024-07-09,16,9.77,229.57,308.23,82.5,100.8,0.49,0.119
2024-07-10,17.21,10.73,307.02,298.72,81.4,101,0,0.933
2024-07-11,17.12,10.21,311.31,292.63,82.5,101.3,0,1.382
2024-07-12,16.82,10.81,306.66,290.48,81.7,101.3,0,1.4
2024-07-13,17.29,10.61,252.64,316.89,78.2,100.8,0.74,0.418
2024-07-14,17.04,13.19,190.62,348.14,91.7,100,3.36,0.75
2024-07-15,19.2,13.02,236.76,352.72,89.9,100.2,3.09,1.374
2024-07-16,18.49,13.55,300.52,316.56,82.5,101.1,0,0.848
2024-07-17,17.89,13.35,136.77,357.04,91.8,101.2,9.82,2.273
2024-07-18,17.95,13.92,133.08,365.95,93.9,100.5,15.28,2.633
2024-07-19,16.85,13.31,216.61,337.57,85.3,100.3,4.2,3.372
2024-07-20,16.23,11.62,270.81,306.25,77.9,100.4,0,3.528
2024-07-21,16.8,11.77,263.63,309.52,77.6,100.5,0,0.73
2024-07-22,16.58,11.02,257.76,310.22,74.9,101.1,0,0.606
2024-07-23,17.48,11.64,280.18,308,76.6,101.5,0,1.37
2024-07-24,17.36,11.72,297.91,301.26,77.9,101.4,0,1.269
2024-07-25,17.9,12.2,182.45,341.59,88.1,101.4,0.98,1.925
2024-07-26,20.82,15.57,260.93,354.89,88.5,101.5,0,2.472
2024-07-27,19.3,15.19,270.77,346.23,84.3,101.7,0.86,3.406
2024-07-28,17.8,13.72,232.26,333.64,83.1,101,8.75,5.485
2024-07-29,17.29,12.94,237.16,320.98,75,101,0,3.12
2024-07-30,16.36,11.97,227.2,319.2,81.5,100.8,0,3.674
2024-07-31,16.75,13.34,239.1,328.46,82.7,100.1,11.76,5.183
2024-08-01,17.13,14.71,251.03,337.56,84,99.4,23.1,6.694
2024-08-02,16.05,13.2,183.15,330.94,83,99,9.63,6.039
2024-08-03,16.06,12.56,211.28,327.85,82.4,99.3,20.85,5.157
2024-08-04,15.5,12.49,159,334.57,83.3,99.3,8.89,5.129
2024-08-05,16.4,12.76,179.84,330.21,83,99.9,19.89,5.122
2024-08-06,16.65,12.37,202.59,317.07,78.4,101,2.32,4.706
2024-08-07,16.37,11.17,239.45,296.76,68.6,101.6,0,3.13
2024-08-08,16.19,10.54,248.25,290.95,76.1,101.8,0,2.064
2024-08-09,17.47,10.89,211.6,323.95,85.1,101.5,2.67,1.847
2024-08-10,17.61,14.96,136.88,363.52,92.8,101.2,3.69,2.148
2024-08-11,17.11,15.55,64.95,379.5,94.2,100.6,31.94,2.333
2024-08-12,17.54,14.84,171.46,354.17,89.2,100,18.66,2.123
2024-08-13,17.1,13.68,195.18,328.84,80.1,99.8,25.85,3.416
2024-08-14,17.62,13.51,199.62,328.53,82.2,100.3,1.33,2.627
2024-08-15,17.99,15.81,94.9,373.43,95,100.6,7.65,2.326
2024-08-16,17.92,15.34,165.69,344.06,89.6,100.6,3.55,3.467
2024-08-17,17.38,13.33,227.44,315.65,79.9,101.2,0,3.871
2024-08-18,17.39,13.92,118.91,354.04,87.3,101.3,1.23,4.425
2024-08-19,18.21,16.2,158.81,365.95,91.8,100.9,2.31,3.989
2024-08-20,17.06,14.19,114.96,346.66,89.1,100.2,15.84,3.43
2024-08-21,16.92,13.5,195.91,314.25,78.6,100.3,4.15,6.697
2024-08-22,16.65,13.47,125.67,347.24,85.1,100.7,11.32,4.15
2024-08-23,17.58,14.11,198.95,335.87,81.6,100.1,24.44,6.536
2024-08-24,16.64,12.63,213.74,304.9,73.3,101.2,0,4.028
2024-08-25,16.24,12.35,153.4,322.21,74.7,101.1,1.05,4.526
2024-08-26,16.04,13.8,136.03,341.38,83.3,100.3,5.66,6.221
2024-08-27,17.35,13.75,126.2,353.7,86.8,100.3,17.27,4.622
2024-08-28,17.7,13.51,178.31,333.3,84.3,99.6,15.09,8.146
2024-08-29,15.91,12.97,173.67,317.48,73.4,100.2,1.89,7.855
2024-08-30,16.21,14.14,88.25,354.81,89.4,100.2,11.41,4.927
2024-08-31,17.28,12.36,70.88,355.87,89.4,99.2,21.41,0.158
2024-09-01,18.36,10.58,53.56,358.25,89.4,98.3,31.4,4.207
2024-09-02,12.09,8.63,114.16,314.47,69.3,100.4,12.28,2.446
2024-09-03,13.06,8.75,82.53,319.39,84,100.4,8.89,0.426
2024-09-04,13.65,8,137.11,297.79,80.6,100.6,0,1.982
2024-09-05,13.57,7.51,162.7,278.74,78.7,101.1,0.13,0.175
2024-09-06,13.44,8.11,99.13,310.54,84.4,100.5,7.86,0.161
2024-09-07,14.86,7.75,190.27,279.31,77.1,100.6,0,2.35
2024-09-08,14.32,7.87,171.05,285.87,74.3,101.3,0,1.167
2024-09-09,14.14,8.35,98.41,315.45,74.5,101.4,1.01,0.264
2024-09-10,14.18,11.15,71.15,348.64,92.8,101.2,25.85,1.7
2024-09-11,15.86,12.18,77.45,355.35,92.9,100.9,7.81,2.729
2024-09-12,15.29,12.03,69.64,355.68,94.5,100.9,6.3,0.265
2024-09-13,18.08,13.11,155.16,331.44,88.8,101.4,1.59,1.268
2024-09-14,18.91,11.22,186.01,302.87,82,102.1,0,1.491
2024-09-15,17.94,10.57,195.14,288.37,80.1,102.6,0,1.411
2024-09-16,17.18,9.61,193.85,283.08,83.8,102.5,0,0.567
2024-09-17,17.28,10.94,171.51,302.56,83.4,101.8,0,0.276
2024-09-18,18.39,11.9,172.11,312.3,81.8,101.3,0,0.545
2024-09-19,17.46,11.77,114.74,330.93,86.6,101,0,1.774
2024-09-20,18.23,10.89,159.62,308.67,78.2,100.8,0,2.16
2024-09-21,17.9,9.34,173.96,294.15,82.1,100.6,0,1.382
2024-09-22,16.37,10.68,133.01,312.66,90.5,100,0,0.132
2024-09-23,14.46,11.89,109.56,330.88,74.2,99.7,1.49,0.724
2024-09-24,15.17,11.67,52.02,341.87,86.5,98.5,16.95,1.153
2024-09-25,14.65,11.84,93.15,330.98,82.1,98.4,8.35,4.839
2024-09-26,14.12,10.63,118.41,308.96,77.6,99.5,2.03,4.144
2024-09-27,14.72,11.4,107.95,326.85,83.7,100.9,2.76,4.65
2024-09-28,14.29,9.83,141.63,293.1,82.9,101.8,0,1.396
2024-09-29,14.53,8.35,105.93,309.8,84.1,102.3,0,0.833
2024-09-30,14.26,11.43,85.43,337.57,86.3,102.1,0,4.122
2024-10-01,15.3,12.55,69.74,344.08,92.5,101.9,0,2.844
2024-10-02,14.7,12.04,93.75,337.32,87.5,101.9,0,1.979
2024-10-03,13.97,11.4,84.88,336.11,88.2,101.6,0,0.708
2024-10-04,15.12,12.48,93.36,333.96,88.6,101,0,1.544
2024-10-05,14.97,10.64,67.54,333.35,90.3,100.9,1.61,0.542
2024-10-06,16.72,10.45,59.13,337.23,91,100.3,5.31,0.742
2024-10-07,16.59,14.14,42.97,363.3,94,100.1,3.21,0.854
2024-10-08,18.64,14.79,84.18,354.88,87.5,99.7,1.75,2.656
2024-10-09,18.45,14.18,51.24,348.75,81.7,99,8.13,3.669
2024-10-10,15.23,13.5,82.03,325.87,90.7,99.9,4.47,1.593
2024-10-11,16.31,13.67,30.64,365.65,94.3,100.3,30.38,1.186
2024-10-12,16.31,12.63,75.14,338.24,91.8,100.4,29.06,3.39
2024-10-13,15.33,10.9,90.63,322.3,87.9,100.9,0,0.279
2024-10-14,16.28,10.65,59.39,350.52,92.1,101.2,2.19,1.093
2024-10-15,16.7,14.95,41.78,376.54,98.2,101.2,12.17,3.698
2024-10-16,15.73,10.51,62.93,319.29,83.5,101.3,1.78,4.243
2024-10-17,14.36,10.86,61.97,329.36,71.1,99.9,6.26,10.039
2024-10-18,10.9,8.69,49.32,300.62,70.8,99.5,5.55,7.442
2024-10-19,11.18,7.75,85.64,270.87,67.3,100.2,0,4.211
2024-10-20,9.75,5.92,79.99,274.29,66.2,100.9,0,0.953
2024-10-21,13.92,8.43,22.15,345.87,89.3,100.3,7.98,6.751
2024-10-22,14.51,7.47,36.55,326.69,81.8,100.4,4.45,6.406
2024-10-23,10.33,6.67,71.09,298.02,76.8,101.6,0,0.822
2024-10-24,11.86,8.08,62.23,314.16,78.3,102,0,0.904
2024-10-25,12.18,8.18,65.35,299.34,81.9,101.9,0,1.758
2024-10-26,12.04,7.34,82.75,268.96,78.4,101.8,0,3.406
2024-10-27,9.56,5.87,76.76,273.14,77.8,101.9,0,3.11
2024-10-28,11.37,6.66,66.87,295.65,83.8,101.6,0,1.882
2024-10-29,11.81,5.42,67.98,284.65,86.6,101.2,0,0.916
2024-10-30,13.12,7.67,48.86,325.71,89.2,101.1,0,0.893
2024-10-31,13.4,9.38,32.51,341.95,92.5,101,5.3,1.128
2024-11-01,13.69,11.09,16.27,357.31,95.8,101,10.22,2.239
2024-11-02,12.93,10.7,29.02,347.62,96.1,101.3,6.45,0.45
2024-11-03,13.53,7.47,17.44,336.55,94.4,100.8,26.86,2.496
2024-11-04,9.46,6.85,40.65,291.3,74.5,100.6,0,2.885
2024-11-05,9.61,7.68,30.82,303.21,80.9,99.9,1.77,4.399
2024-11-06,8.65,6.4,53.55,275.89,75.4,100.7,0,5.345
2024-11-07,8.79,6.16,31.93,301.86,81.8,101.8,0,1.038
2024-11-08,11.73,6.47,50.07,291.43,87,101.8,0,2.142
2024-11-09,11.7,6.87,58.96,281.85,87.2,101.6,0,1.036
2024-11-10,11.37,5.75,48.79,294.52,89.9,101.7,0,2.834
2024-11-11,11.57,5.16,46.98,294.28,80.5,101.5,0,2.667
2024-11-12,10.94,5.3,29.53,312.68,85.9,101.2,1.18,5.219
2024-11-13,11.65,7.38,9.65,332.02,92.5,100.4,22.75,5.504
2024-11-14,7.35,4.81,5.97,313.18,90.7,100.5,21.55,4.171
2024-11-15,5.88,4.68,12.98,306.28,86.8,100.5,1.06,3.815
2024-11-16,5.79,4.06,13.55,300.7,81.2,100.9,2.62,3.282
2024-11-17,13.15,4.97,5.28,328.66,92.4,98.9,22.7,2.755
2024-11-18,10.76,3.27,20.3,292.91,75.4,99.5,8.78,2.897
2024-11-19,7.24,2.67,35.16,268,78.3,101.1,1.6,1.826
2024-11-20,4.92,-0.29,47.9,230.49,77.6,101.7,0,0.74
2024-11-21,6.73,2.53,27.02,295.13,85.9,101.5,0,1.744
2024-11-22,11.85,5.41,14.02,341.29,96.9,101.2,2.41,1.354
2024-11-23,12.56,11.32,7.27,361.36,94.4,100.7,24.89,5.709
2024-11-24,12.73,10.02,11.21,354.82,97.9,101.1,11.6,3.112
2024-11-25,10.9,8.07,30.27,315.37,95.1,101.5,0,1.107
2024-11-26,11.99,10.17,12.27,346.74,94.3,100.6,5.35,4.867
2024-11-27,12.89,10.58,19.8,337.4,84.9,98.2,34.22,7.919
2024-11-28,10.98,6.98,26.77,308.9,78.1,97.2,2.55,7.495
2024-11-29,6.99,5.35,18.25,301.57,75.2,97.6,3.49,8.923
2024-11-30,6.08,2.27,26.06,270.37,72.5,98.9,0,4.176
2024-12-01,4.74,-0.7,32.68,233.57,75.2,100.6,0,0.382
2024-12-02,11.65,1.61,5.88,321.99,85.5,99.4,20.85,2.621
2024-12-03,10.39,5.7,22.65,303.69,73.9,98.9,1.61,2.771
2024-12-04,9.78,6.56,28.25,299.82,87.3,98.8,0.67,3.151
2024-12-05,8.78,5.73,19.74,312.1,96.6,99.8,1.68,1.209
2024-12-06,8.76,5.5,15.96,318.68,94.3,101,0,1.26
2024-12-07,9.18,7.31,18.23,319.44,93.2,100.6,3.62,1.545
2024-12-08,9.02,5.92,16.63,313.41,91.7,100.8,1.94,2.041
2024-12-09,6.15,0.87,20.62,275.57,82.3,101.5,0,2.019
2024-12-10,0.83,-1.74,24.56,238.69,86.2,101,0,2.407
2024-12-11,5.18,-0.99,17.56,272.63,92.7,100.4,1.83,2.415
2024-12-12,12.21,5.13,2.61,337.23,94.2,98.3,47.32,1.066
2024-12-13,10.34,6.81,27.97,287.8,83.5,98.4,1.21,6.139
2024-12-14,10.36,5.91,9.08,319.57,88.6,98.2,11.01,0.377
2024-12-15,10.98,6.95,21.77,309.89,80.4,99.6,0.74,3.912
2024-12-16,10.99,7.76,5.67,339.7,87.5,98.1,31.52,1.901
2024-12-17,8.96,6.41,15.93,300.28,79.9,98.3,5.83,4.562
2024-12-18,10.67,7.83,12.6,311.12,78.1,99,9.87,2.951
2024-12-19,11.91,8.17,10.83,324.29,83,98.5,15.58,5.867
2024-12-20,11.52,4.9,9.88,316.05,90.4,100,11.2,1.072
2024-12-21,8.83,7.03,3.73,313.16,88.9,100.3,10.38,3.432
2024-12-22,11.92,7.49,4.64,318,84.1,100,16.33,8.268
2024-12-23,8.78,6.79,15.01,297.37,71.6,99.8,3.55,10.374
2024-12-24,11.35,6.33,12.54,322.51,80,100.1,12.48,8.94
2024-12-25,7.66,5.9,8.66,300.33,72.9,100.3,12.52,11.43
2024-12-26,6.77,2.03,19.41,263.29,78.1,101.4,0.62,2.694
2024-12-27,8.18,1.64,10.58,305.46,86.8,100.9,1.73,0.542
2024-12-28,7.49,5.09,5.7,303.69,85.2,99.4,13.94,4.402
2024-12-29,7.71,5.21,16.07,301.22,78.5,99.5,7.01,7.228
2024-12-30,6.28,0.73,20.99,251.1,80.1,99.7,1.1,1.479
2024-12-31,5.47,0.54,25.92,237.6,78.2,100.5,0,1.12
2025-01-01,4.66,0.35,30.88,224.11,76.3,101.3,0,0.906
2025-01-02,9.11,1.04,4.37,307.19,85.4,100.5,17.18,2.219
2025-01-03,9.95,6.67,13.55,315.13,84.9,99,27.2,3.779
2025-01-04,11.17,6.52,5.57,320.89,87,98.6,27.1,8.161
2025-01-05,10.37,8.26,24.34,312.72,80.9,98.8,4.5,8.748
2025-01-06,11.62,7.24,14.17,327.27,84.6,98.9,7.81,8.1
2025-01-07,8.42,6.49,30.01,291.06,79.4,100.9,2.09,6.229
2025-01-08,11.67,7.91,15,323.6,84.4,101.4,1.11,7.275
2025-01-09,11.67,6.54,17.95,323.6,76.1,101.5,0.82,5.848
2025-01-10,7.61,4.78,25.55,302.23,77.8,102.6,0.88,0.344
2025-01-11,9.25,7.55,9.86,330.19,98.3,102.2,4.03,3.629
2025-01-12,9.02,7.14,19.03,323.36,97.6,102.1,0.55,1.561
2025-01-13,8.91,7.75,22,320.78,93.4,102.3,0.5,2.945
2025-01-14,8.76,7.5,22.03,320.13,92.4,102.5,0.97,2.966
2025-01-15,8.57,7.1,21.53,317.54,93.5,102.3,1.78,1.926
2025-01-16,9.07,6.43,19.91,313.12,83.9,102.9,1.28,4.381
2025-01-17,10.06,7.58,16.81,330.51,86.5,102.5,0.69,6.871
2025-01-18,9.3,8.26,22.7,328.11,88.6,102,1.01,4.538
2025-01-19,8.98,3.37,18.04,294.31,83.7,100.9,3.75,7.092
2025-01-20,3.34,0.84,38.73,236.44,64.8,100.9,0.02,3.973
2025-01-21,6.51,-0.31,30.19,262.06,79.6,101.1,4.25,3.765
2025-01-22,6.74,3.93,31.33,282.82,75.4,99.8,4.1,8.13
2025-01-23,4.22,1.11,42.32,238.9,70.8,100.8,0,2.878
2025-01-24,3.83,-0.19,50.27,219.88,79.2,101.7,0,1.507
2025-01-25,4.98,-0.58,38.04,241.81,81.5,101.7,0,1.345
2025-01-26,3.82,-0.53,35.05,253.73,78.2,101.8,0,1.219
2025-01-27,4.44,1.31,27.71,292.54,83.3,102.2,2.75,0.31
2025-01-28,7.34,3.32,37.19,296.01,95,102.4,2.16,0.752
2025-01-29,5.45,2.05,33.01,290.47,85.5,102.8,0.3,0.895
2025-01-30,5.96,2.88,25.77,304.93,82.4,102.6,0.87,3.03
2025-01-31,8.41,6,25.84,318.18,82.1,101.3,2.6,7.095
2025-02-01,8.02,5.37,10.86,315.54,81.9,99.9,15.52,9.743
2025-02-02,6.9,4.66,42.91,290.88,72.7,100.3,4.83,6.58
2025-02-03,9.02,4.74,17.88,320.68,91.9,100.2,8.48,6.953
2025-02-04,5.06,0.44,62.76,235.47,75.7,101.3,0,0.539
2025-02-05,4.5,-0.03,58.77,239.77,77.7,101.9,0,0.513
2025-02-06,7.56,0.9,44.99,292.08,89.4,101.8,0,1.887
2025-02-07,9.21,6.63,39.94,323.65,94.6,101.6,2.38,1.976
2025-02-08,6.83,0.91,64.84,265.49,72.7,102.3,1.61,3.159
2025-02-09,3.49,-0.02,58.98,255.89,72.7,103,0,0.346
2025-02-10,8.23,0.89,37.42,294.97,90.5,102.5,0.78,3.232
2025-02-11,9.49,4.95,28.02,315.78,91.8,101.5,2.67,3.696
2025-02-12,5.24,2.05,32.87,279.33,84.7,101.4,0.29,1.314
2025-02-13,4.8,2.17,16.55,293.88,86.9,100,5.73,2.872
2025-02-14,4.44,1.62,57.96,271.5,77.5,99.6,0.44,2.508
2025-02-15,3.18,-0.82,37.88,252.54,79.1,99.7,0.62,2.34
2025-02-16,0.98,-3.04,82.59,204.27,77.3,101,0,3.165
2025-02-17,0.55,-3.11,65.94,229.83,77.7,100.9,0.42,3.629
2025-02-18,1.22,-4.18,50.44,253.82,86.8,100.7,2.05,0.946
2025-02-19,1.31,-4.5,84.98,207.27,83.5,100.6,0,2.199
2025-02-20,2.69,-1.83,80.28,231.21,81.6,100.4,0.59,3.375
2025-02-21,2.2,-1.6,69.63,240.54,84.1,100.5,0,2.208
2025-02-22,2.85,-1.88,87.07,236.71,76.9,100.2,0,2.653
2025-02-23,2.09,-0.7,95.36,245.19,73.2,99.5,0,3.671
2025-02-24,3.15,-1.18,108.21,228.93,78.5,99.1,0,4.076
2025-02-25,3.96,0.43,113.03,235.8,71.5,100.5,0,2.31
2025-02-26,3.7,0,68.9,256.43,82.5,101.6,0,0.394
2025-02-27,2.77,0.3,17.33,295.62,90.7,100.1,7.05,2.984
2025-02-28,5.89,1.6,64.43,296.9,92,100.7,3.9,1.014
2025-03-01,4.91,1.26,33.16,297.75,85.6,100.6,8.48,5.175
2025-03-02,8.79,4.66,83.47,290.23,91.2,99.1,8.91,2.744
2025-03-03,7.69,4.87,30.89,310.46,90.7,98.1,15.09,3.703
2025-03-04,7.69,4.22,51.19,307.34,90.7,99.6,2.37,5.364
2025-03-05,7.12,5.42,58.18,311.26,92.3,100.4,5.34,3.399
2025-03-06,8.5,5.83,54.06,312.69,94.6,101.4,0.97,3.619
2025-03-07,9.47,7.38,93.44,317.3,92.8,101.6,0.08,4.641
2025-03-08,8.63,7.3,41.12,333.8,95.6,101.4,1.95,3.509
2025-03-09,8.82,6.96,62.75,325.22,90.5,100.1,2.02,1.38
2025-03-10,8.36,4.76,29.47,314.98,90.1,97.4,18.37,1.701
2025-03-11,7.57,4.2,53.35,300.67,86.8,96.9,9.87,7.716
2025-03-12,7.61,3.74,113.13,266.11,70.7,98.5,0,5.558
2025-03-13,6.23,0.57,81.21,264.79,78.7,99.2,0.16,2.056
2025-03-14,5.83,1.56,127.69,264.71,69.8,99.8,0.32,2.644
2025-03-15,7.34,1.34,92.09,277.28,79.8,101,2.36,3.78
2025-03-16,9.85,5.37,29.86,331.75,94.5,99.1,33.81,7.279
2025-03-17,7.26,4.82,62.41,303.95,73.3,98.6,16.38,11.871
2025-03-18,7.63,3.18,127.31,267.48,74.4,99.8,2.09,4.114
2025-03-19,9.87,2.93,29.23,322.45,90,98.9,18.56,0.854
2025-03-20,8.86,6.72,124.12,305.58,88.1,98.3,6.26,5.276
2025-03-21,7.84,4.8,138.19,275.35,74.6,98.1,2.71,1.893
2025-03-22,7.25,3.37,66.14,296.52,81.2,97.4,9.42,4.018
2025-03-23,8.89,5.28,170.03,257.86,69.9,98.1,0,1.8
2025-03-24,6.85,3.98,52.83,299.92,87.9,97.7,3.59,2.003
2025-03-25,6.09,4.02,132.4,283.94,69.1,98.7,1.21,6.965
2025-03-26,6.23,4.21,43.39,305.18,81.3,98.6,15.83,8.323
2025-03-27,6.06,2.62,106.23,276.23,76.3,99.1,0.36,3.073
2025-03-28,5.31,0.8,78.66,282.33,75.8,99.3,1.45,3.621
2025-03-29,7.46,1.66,149.33,264.95,71.2,99.7,0,1.163
2025-03-30,6.31,0.21,132.3,261.93,70.8,99.6,0,4.185
2025-03-31,4.11,-0.93,73.97,265.21,83.8,99.5,3.78,1.373
2025-04-01,5.19,-0.47,140.17,258.92,74.4,99.6,0,0.285
2025-04-02,6.93,0.22,205.46,230.87,71.1,99.5,0,0.796
2025-04-03,6.01,-0.68,185.48,230.4,67.8,99.6,0,0.242
2025-04-04,6.88,-0.11,128.46,257.39,65.4,99.6,0,2.755
2025-04-05,7.75,2.11,156.33,265.22,68.9,100.6,0,4.311
2025-04-06,6.71,1.36,153.72,268.76,68.6,100.8,0,4.602
2025-04-07,7.14,2.6,124.93,293.55,79.6,100.5,0.01,2.851
2025-04-08,7.7,2.96,121.5,298.78,83.2,99.9,1.17,0.947
2025-04-09,7.42,3.97,100.69,306.12,93,100.1,5.94,1.103
2025-04-10,9.02,6.42,127.29,308.07,80.9,100.8,0.32,5.052
2025-04-11,10.02,5.91,122.33,305.79,80.9,100.8,0.97,0.913
2025-04-12,9.78,6.37,96.48,311.63,71.1,100.7,0,2.402
2025-04-13,8.55,4.62,159.63,289.76,68.1,101.5,0,0.649
2025-04-14,9.53,5.08,145.71,308.96,82.9,101.8,0.11,1.083
2025-04-15,11.37,8.02,171.3,319.34,92.4,101.6,0,2.955
2025-04-16,11.1,5.13,77.74,321.42,93,101.4,9.15,0.898
2025-04-17,9.13,3.22,139.99,283.78,68.5,101.8,1.03,3.728
2025-04-18,7.53,2.08,198.52,259.33,57,101.8,0,4.606
2025-04-19,6.04,1.66,134.88,272.68,57.8,101.7,0,4.575
2025-04-20,6.59,1.11,173.74,257.89,58.9,101.7,0,3.679
2025-04-21,7.04,1.96,194.46,263.27,58.7,101.3,0,1.185
2025-04-22,7.02,2.87,207.87,269.32,63.3,101,0,0.64
2025-04-23,9.01,4.72,159.45,303.03,67.9,100.7,0,0.965
2025-04-24,11.65,7.17,136.25,318.41,80.9,99.9,1.93,1.51
2025-04-25,11.28,8.75,159.38,321.76,88.8,99.1,4.76,1.31
2025-04-26,11.84,8.46,153.47,319.8,87.9,99.4,15.65,3.411
2025-04-27,12.08,8.73,191.08,308.51,85.4,100.1,3.2,4.788
2025-04-28,11.18,8.86,61.53,350.6,98.3,100.5,23.81,1.756
2025-04-29,13.15,8.53,192.08,312.81,83.9,101.6,0.49,1.881
2025-04-30,11.01,5.66,284.51,261.97,68.8,102.8,0,1.005
2025-05-01,10.76,5.34,282.66,256.05,74.4,102.2,0,0.944
2025-05-02,14.09,4.61,261.69,271.59,75.6,101.4,0,2.541
2025-05-03,11.03,5.32,243.07,284.86,66.8,101.5,0,5.294
2025-05-04,11.67,5.46,202.58,301.97,68.2,101.5,0,3.113
2025-05-05,12.61,6.54,287.54,280.39,76.7,101.4,0,0.353
2025-05-06,14.78,6.7,276.02,283.02,77,101.4,0,2.167
2025-05-07,15.43,5.17,243.32,291.7,75.7,101.1,0.18,2.286
2025-05-08,14.95,9.48,166.21,328.55,76.9,100.4,6.4,3.406
2025-05-09,16.24,10.68,234.81,331.43,92.2,100.4,1.04,0.398
2025-05-10,16,10.63,111.08,348.41,91.2,100.3,9.74,1.617
2025-05-11,15.63,9.94,170.09,337.8,89.9,100.8,6.23,0.916
2025-05-12,13.79,9.38,254.06,312.14,80.2,101.7,1.4,3.875
2025-05-13,11.84,8.28,182.56,311.42,67.4,102.2,0.1,2.719
2025-05-14,10.08,4.36,141.93,284.03,80,101.7,1.84,2.338
2025-05-15,10.1,4.24,180.14,282.34,64.4,101.3,0.38,3.425
2025-05-16,12.08,6.47,178.78,303.5,66.9,101.4,0,2.097
2025-05-17,12.23,6.44,256.36,278.51,67.5,101.8,0,1.096
2025-05-18,14.37,4.24,313.69,252.6,70.7,102.4,0,2.432
2025-05-19,15.52,4.92,273.76,269.93,73.9,102.2,0,3.085
2025-05-20,15.74,5.95,320.28,264.81,79.4,101.9,0,0.379
2025-05-21,16.72,7.68,326.79,272.99,72.9,101.4,0,1.017
2025-05-22,15.14,7.16,281.08,282.35,72.6,101.4,0,2.54
2025-05-23,13.44,6.62,294.5,280.49,70,101.6,0,0.67
2025-05-24,14.67,7.84,291.61,282.9,77.3,101.3,0.07,0.361
2025-05-25,14.72,9.23,167.26,323.79,82.1,100.6,1.09,2.17
2025-05-26,13.3,7.7,153.34,317.72,87.1,100,4.71,1.238
2025-05-27,13.83,7.49,262.05,288.8,88.3,100.4,0.63,0.531
2025-05-28,15.51,8.49,142.41,323.42,82.3,100.2,8.88,2.91
2025-05-29,14.28,11.38,250.89,314.22,83.9,99.7,2.7,1.722
2025-05-30,14.4,10.22,143.87,330.09,82.8,99.6,5.07,3.431
2025-05-31,13.26,9.04,100.54,325.45,88.5,99.6,17.59,1.537
2025-06-01,12.13,7.86,57.23,321.3,94.2,99.6,30.1,0.442
2025-06-02,15.72,8.38,224.78,319.24,87.2,100.1,0.57,0.205
2025-06-03,15.82,9.84,327.63,291.25,85.6,100.4,0,1.957
2025-06-04,14.31,10.47,147.25,339.65,91.4,100.5,4.7,2.92
2025-06-05,14.05,10.35,262.25,298.31,77.3,101.4,0,3.827
2025-06-06,14.74,11.14,199.37,326.93,85.1,101.1,3.27,4.064
2025-06-07,14.18,10.54,247.79,303.91,73,101.5,0.5,6.237
2025-06-08,14.39,9.67,227.57,307.66,71.3,101.5,0,3.196
2025-06-09,14.6,9.6,269.21,309.41,81.3,101.5,0,1.586
2025-06-10,16.58,12.36,211.91,344.41,92.4,101.5,1.34,3.325
2025-06-11,16.07,12.72,248.8,335.51,88.7,101.6,0.23,1.899
2025-06-12,14.81,10.93,90.44,344.76,91.8,101.3,8.95,2.112
2025-06-13,15.43,9.84,294.28,301.2,76.5,101.2,0,0.882
2025-06-14,15.06,12.94,96.45,360.32,95.4,100.6,25.15,1.956
2025-06-15,21.86,13.99,279.46,353.18,77.8,100.4,6.66,2.011
2025-06-16,19.1,14.71,196,366.86,92.1,100,6.73,2.175
2025-06-17,15.91,11.78,306.75,305.06,80,101,1.5,3.07
2025-06-18,17.46,11.6,311.38,307.94,81.3,101.4,0,0.815
2025-06-19,18.57,12.77,308.78,319.29,86.4,101.6,0,0.834
2025-06-20,19.1,12.85,298.88,321.77,88.7,102,0,0.78
2025-06-21,21.84,14.18,308.26,335.55,85.4,102.2,1.64,0.227
2025-06-22,22.6,13.94,329.5,319.33,76.3,102.3,0,1.858
2025-06-23,21.87,13.13,332.81,316.01,80.2,102.1,0,2.56
2025-06-24,21.35,14.46,309.59,331.17,83.5,101.7,0,0.528
2025-06-25,24.43,15.54,329.98,339.49,79.1,101.5,0,0.791
2025-06-26,25.53,16.27,344.22,333.9,71.6,101.3,0,0.814
2025-06-27,23.08,15.86,344.12,321.68,78.1,101.1,0,0.209
2025-06-28,23.47,16.72,311.22,329.26,67,101.1,0,0.488
2025-06-29,22.36,17.44,332.24,335.76,77.5,101.6,0,1.063
2025-06-30,22.77,15.18,319.39,340.9,82.6,102,0,1.799
2025-07-01,21.06,14.22,333.37,309.89,73.1,102.5,0,0.758
2025-07-02,20.2,13.85,318.08,309.94,77.9,102.3,0,0.792
2025-07-03,19.53,14.65,199.11,347.97,84.4,101.5,1.25,2.285
2025-07-04,18.97,14.87,244.5,336.11,81.1,101,0,4.32
2025-07-05,19.73,14.83,217.27,352.86,86.6,100.9,1.51,3.614
2025-07-06,18.45,14.1,174.88,348.41,86.3,100.6,1.4,4.698
2025-07-07,18.07,13.26,228.16,333.16,84.9,100.9,0.85,3.418
2025-07-08,18.71,15.88,214.76,354.72,85.9,101.2,0,4.758
2025-07-09,19.84,14.26,232.06,347.5,84.8,101.3,0,3.171
2025-07-10,18.94,13.55,257.04,332.56,81.1,101.1,0,2.383
2025-07-11,19.9,13.57,287.17,328.35,81.2,101,0,1.874
2025-07-12,20.05,12.79,309.6,318.18,79.9,100.9,0,1.452
2025-07-13,19.39,17.08,110.96,380.15,92.5,100.4,13.59,1.329
2025-07-14,20.66,18.03,189.46,374.95,91.4,100.4,8.02,1.765
2025-07-15,22.37,16.96,217.66,357.4,82.6,100.1,1.54,0.885
2025-07-16,19.21,15.99,287.04,330.92,78.3,100.5,1.09,3.299
2025-07-17,18.64,13.49,287.27,309.92,77.3,100.5,1.92,4.558
2025-07-18,18.86,12.68,242.74,322.86,77.9,101.1,0.17,1.902
2025-07-19,19.67,14.61,141.04,355.8,89.2,101,6.54,3.098
2025-07-20,19.08,13.86,262.69,321.33,78.5,101.1,0,2.959
2025-07-21,19.06,14.26,227.13,331.11,80,100.2,6.25,5.382
2025-07-22,20.04,11.87,316.91,298.6,79.3,101.3,0,1.515
2025-07-23,22.96,15.28,312.79,330.52,78.8,101.6,0,0.369
2025-07-24,25.89,17.86,312.13,343.66,78.1,101.4,0,0.253
2025-07-25,25.52,18.88,307.22,349.03,78,101,0,0.117
2025-07-26,26.09,19.05,296.69,350.42,78.8,100.6,0,0.348
2025-07-27,24.19,17.25,303.99,334.79,79.6,100.8,0,1.273
2025-07-28,23.35,15.92,264.6,334.82,78.3,100.7,0.47,1.763
2025-07-29,18.89,15.54,219.9,326.44,71.7,100.8,0,5.21
2025-07-30,19.93,15.39,257.66,332.72,76,100.9,0.27,6.191
2025-07-31,20.18,15.47,208.72,350.85,83.4,100.9,2.66,4.515
2025-08-01,20.43,15.54,160.41,369.03,90.8,100.8,5.03,2.913
2025-08-02,18.96,14.57,230.82,335.29,82.5,100.6,14.41,4.021
2025-08-03,19.53,15.37,183.56,354.17,81.9,101.1,4.38,4.126
2025-08-04,20.11,17.23,140.99,371,87.8,101.1,1.17,4.799
2025-08-05,20.06,16.06,218.9,350.67,84.4,101.1,0.13,3.332
2025-08-06,20.17,14.63,231.26,336.86,81.2,101.1,0.85,2.482
2025-08-07,20.41,13.28,258.17,320.88,79.2,101,0,0.556
2025-08-08,20.01,14.54,177.85,349.67,85.1,101,5.07,3.43
2025-08-09,21.14,13.77,211.38,339.16,85,100.8,0,1.155
2025-08-10,19.81,12.57,254.74,314.53,65.8,100.9,4.91,3.684
2025-08-11,18.76,12.18,259.18,295.55,65.1,100.9,0,1.152
2025-08-12,18.17,11.88,231.17,313.53,74.1,100.7,8.58,1.722
2025-08-13,16.91,11.13,228.5,300.41,66.2,101.6,0,0.218
2025-08-14,18.89,13.06,245.2,314.43,66.8,101.8,0,0.891
2025-08-15,20.72,14.35,247.68,329.9,78.3,101.8,0,1.239
2025-08-16,19.76,15.22,219.69,333.21,84.6,101.5,1.07,1.491
2025-08-17,20.42,14.74,163.02,350.21,86.8,101.3,0.55,1.556
2025-08-18,19.09,14.09,212.47,327.98,82.9,101.3,0,1.218
2025-08-19,20.88,13.99,242.75,313.57,81.4,101.3,0,0.336
2025-08-20,21.49,13.63,254.6,312.79,84.1,101.3,0,1.041
2025-08-21,18.81,14.47,75.73,359.64,90.6,101,8.08,2.943
2025-08-22,20.83,17.58,187.04,372.49,90.6,100.8,4.31,3.785
2025-08-23,20.51,18.78,125.06,385.63,92.9,100.9,1.28,2.642
2025-08-24,21.26,17.53,165.69,366.02,94.4,100.7,2.83,0.793
2025-08-25,20.95,16.48,156.86,361.26,93.1,100.2,7.28,0.809
2025-08-26,19.67,14.13,194.57,339.85,82.3,100.1,14.69,1.789
2025-08-27,16.09,11.21,173.63,312.84,82.4,100.7,15.47,3.375
2025-08-28,15.5,10.64,206.76,287.24,63.2,100.8,0,3.194
2025-08-29,17.05,10.52,206.63,297.5,67.8,101,0,1.527
2025-08-30,17.12,10.86,176.09,302.53,70,101.4,0,1.304
2025-08-31,17.21,10.58,191.61,292.63,71.1,101.5,0,1.534
2025-09-01,17.29,10.31,207.34,282.64,72.3,101.6,0,1.479
2025-09-02,18.97,9.47,199.25,291.6,75,101.8,0,1.818
2025-09-03,20.49,10.49,215.29,294.55,79,101.8,0,1.731
2025-09-04,23.48,11.59,225.57,305.45,73.6,101.6,0,1.744
2025-09-05,23.12,13.03,221.39,307.89,67.7,101.6,0,1.737
2025-09-06,23.39,12.76,221.15,304.65,66,101.5,0,1.683
2025-09-07,23.64,13.62,217.37,308.58,64.8,101.6,0,1.359
2025-09-08,23.62,15.28,186.12,322.92,68.5,101.5,0,1.059
2025-09-09,23.84,15.14,185.47,324.3,67.8,101.4,0,1.039
2025-09-10,21.99,13.96,105.95,333.29,65.2,101,0,2.239
2025-09-11,26.02,17.73,165.82,360.8,59.7,100.5,0,2.929
2025-09-12,22.49,17.82,149.34,354.19,79,100.1,3.76,0.892
2025-09-13,19.74,16.38,143.67,353.6,83.4,100.3,3.93,2.32
2025-09-14,18.87,13.65,123.18,335.42,73.6,100.2,8.79,3.733
2025-09-15,17.98,12.89,110.07,337.72,82.2,99.9,40.85,1.562
2025-09-16,16.95,12.24,79.65,341.21,87.3,99.2,22.81,3.246
2025-09-17,15.57,12.61,108.19,330.03,79.3,99.9,6.42,5.121
2025-09-18,17.23,12.93,143.73,318.67,80.2,100.4,0.73,4.439
2025-09-19,16.09,12.95,103.51,341.52,81.5,100.9,3.03,3.13
2025-09-20,17.39,13.28,90.01,338.78,81.1,100.6,19.16,5.406
2025-09-21,15.61,11.73,112.93,317.52,68.6,100.5,5.37,6.652
2025-09-22,15.06,10.59,95.67,317.65,80.1,99.3,17.75,2.834
2025-09-23,15.26,10.18,113.22,311.83,80.2,99.8,6.9,3.298
2025-09-24,17.24,12.16,146.56,301.87,80.2,100.8,0,4.179
2025-09-25,16.07,11.09,145.6,301.82,83.3,100.7,0,2.066
2025-09-26,15.51,9.5,132.29,299.27,84.3,100.3,0,1.945
2025-09-27,16.28,11.37,113.47,323.78,81.1,100.6,0,2.509
2025-09-28,17.14,10.91,119.8,320.38,82.2,101.4,0.59,2.452
2025-09-29,16.11,9.3,118.76,300.19,76.5,101.8,0,1.601
2025-09-30,15.66,10.24,120.17,308.33,77.4,101.7,0,0.16
2025-10-01,15.59,10.32,116.32,307.32,79.1,101.5,0.3,1.421
2025-10-02,14.15,6.46,75.66,307.62,87.3,100.7,8.33,0.91
2025-10-03,10.58,5.27,95.47,280.43,67.5,100.6,2.58,2.802
2025-10-04,11.92,6.43,87.31,284.78,70.7,100.6,0.34,4.539
2025-10-05,13.25,10.04,69.05,313.33,78.7,99.9,0.36,5.794
2025-10-06,12.6,7.12,21.71,314.48,81.5,99.1,15.52,5.365
2025-10-07,10.93,6.09,62.75,286.54,77,98.5,6.04,2.907
2025-10-08,11.11,6.99,92.15,273.47,75.1,99.4,0.6,3.347
2025-10-09,11.83,7.08,80.67,282.5,72.5,100.7,0,2.53
2025-10-10,13.39,9.29,105.87,291.26,70.3,101.3,0,0.823
2025-10-11,12.9,8.38,75.24,285.06,70,101.2,0,1.52
2025-10-12,15.85,7.53,112.57,300.23,72.9,100.5,0,1.766
2025-10-13,14.94,11.54,40.81,355.6,90.1,99.7,3.55,1.5
2025-10-14,15.92,12.57,55,366.18,95.7,99.5,13.71,1.642
2025-10-15,16.5,15.68,40.66,379.84,92,99.7,12.62,2.69
2025-10-16,16.57,14.8,20.49,371.55,95.4,99.6,27.15,0.792
2025-10-17,16.85,12.73,41.92,347.08,90.2,99.3,6.27,1.06
2025-10-18,15.76,12.06,92.29,315.73,86,99.4,8.59,1.347
2025-10-19,14.34,11.81,49.35,333.93,80.8,99.2,20.35,1.801
2025-10-20,15.22,11.5,29.28,341.29,82.9,99.3,20.64,2.522
2025-10-21,15.09,13.24,70.97,329.21,75.7,99.6,5.79,4.237
2025-10-22,15.71,13.98,73.66,329.33,84.2,100.8,1.38,1.521
2025-10-23,17.19,14.47,91.8,311.6,74.6,100.1,0,4.662
2025-10-24,15.33,12.67,14.05,357.19,92.4,99.2,30.58,1.982
2025-10-25,14.52,10.66,25.26,340.91,89.4,99.3,23.61,1.765
2025-10-26,14.68,12.72,42.23,340.61,86.4,100.6,9.17,2.156
2025-10-27,15.08,10.93,75.16,295.06,79.3,101.3,0,3.155
2025-10-28,13.13,7.9,81.91,274.96,81.8,101.7,0,2.701
2025-10-29,11.54,8.05,52.6,304.82,84.1,101.9,0,2.118
2025-10-30,12.6,8.46,59.73,301.23,82.7,101.7,0,2.637
2025-10-31,12.3,8.44,55.69,305.88,84,101.6,0,2.535
2025-11-01,12,8.42,51.67,310.61,85.3,101.5,0.04,2.434
2025-11-02,11.21,8.55,49.56,314.07,86,101.1,0.06,2.257
2025-11-03,11.94,8.17,52.31,296.8,83.8,100.8,0,3.366
2025-11-04,9.51,5.69,44.01,296.58,77.6,101.1,0.61,4.388
2025-11-05,7.73,2.52,44.42,263.3,76.5,101.3,0.51,2.663
2025-11-06,7.68,1.49,67.26,238.06,81.7,101.8,0,1.344
2025-11-07,7.61,1.44,52.6,257.88,88,102,0,0.466
2025-11-08,7.47,2.57,57.13,256.53,90.8,101.4,0,0.973
2025-11-09,9.19,4.13,61.32,271.02,89,100.7,0,1.471
2025-11-10,10.83,7.45,31.37,305.7,87.5,100.3,2.02,1.141
2025-11-11,12.19,8.34,47.13,311.24,87.6,100.2,4.95,1.966
2025-11-12,13.32,11.88,36.98,341.71,88.7,100,6.1,5.902
2025-11-13,13.14,6.93,11.6,314.18,88.5,99.7,26.93,3.253
2025-11-14,8.94,4.52,50.23,253.99,75.6,101.4,0,0.588
2025-11-15,10.94,5.06,20.33,308.3,75.1,102.1,0.36,2.327
2025-11-16,12.35,10.53,36.5,329.17,87,102.1,0.39,4.147
2025-11-17,13.55,12.08,19.9,363.46,99.1,102,3.78,3.799
2025-11-18,12.78,10.74,25.31,333.3,91.3,101.2,2.73,2.214
2025-11-19,13.11,10.03,43.86,299.97,72,100.9,3.03,8.398
2025-11-20,10.71,6.44,19.65,306.44,72.2,100.1,7.76,10.51
2025-11-21,8.63,5.78,28.47,293.53,74.4,100.4,2.44,5.265
2025-11-22,6.93,4.29,21.24,301.93,86,99.8,2.22,2.711
2025-11-23,6.67,4.41,15.3,304.55,84.7,99,4.6,4.8
2025-11-24,7.57,5.25,16.61,292.72,72.7,99.2,0,7.128
2025-11-25,6.09,4.58,28.31,293.3,72.7,100.4,0.24,3.332
2025-11-26,13,5.5,19.78,326.23,91.1,99.3,27,2.014
2025-11-27,12.43,8.38,25.27,315.07,74.7,98.2,12.59,8.206
2025-11-28,8.74,5.79,13.42,304.87,75.3,97.5,17.77,7.024
2025-11-29,8.24,4.33,29.57,287.9,78,98.3,7.23,5.918
2025-11-30,7.26,3.59,36.04,262.88,63,100.2,0,2.681
2025-12-01,11.33,3.58,4.47,328.49,95.2,98.7,51.77,0.603
2025-12-02,10.48,5.7,23.92,315.19,91.5,97.9,11,1.679
2025-12-03,6.81,2.97,18.21,269.12,77.8,99.6,0.81,2.415
2025-12-04,5.91,0.13,28.66,231.58,73.6,100.3,1.24,1.581
2025-12-05,9.69,0.01,10.62,290.39,86.1,99.7,10.47,0.317
2025-12-06,10.55,8.46,19.31,295.98,85.4,99.4,7.17,6.25
2025-12-07,9.79,8.4,19.91,296.15,73.3,99.3,3.81,8.765
2025-12-08,9.1,3.94,29.36,273.94,76.9,99.9,0.84,3.89
2025-12-09,6.97,3,23.1,278.55,80.8,100.4,0,2.675
2025-12-10,12.37,6.92,6.43,317.33,82.2,99.1,23.53,1.216
2025-12-11,10.67,8.77,4.8,331.27,87.3,99.2,18.1,1.903
2025-12-12,9.59,7.73,22.92,297.98,80,99.1,4.48,5.11
2025-12-13,9.99,7.8,26.53,303.97,88.3,98.9,5.92,1.508
2025-12-14,9.14,6.47,21.68,300.08,81,97.4,12.97,4.762
2025-12-15,8.74,5.5,8.03,290.76,83.1,97.9,5.21,7.431
2025-12-16,7.86,4.08,13.53,278.74,85.3,100,7.17,3.741
2025-12-17,12.01,5.4,4.75,330.29,90.7,100,17,2.887
2025-12-18,9.93,7.78,5.06,312.81,87.9,99.8,2.98,3.847
2025-12-19,11.82,7.5,13.85,325.38,89.5,100.4,4.72,1.682
2025-12-20,11.95,8.33,16.83,315.6,79.5,99.3,11.31,7.961
2025-12-21,11.53,8.1,5.58,336.53,86.5,96.8,29.99,7.429
2025-12-22,8.38,6.31,9.15,309.91,72.3,96.2,11.19,11.754
2025-12-23,6.65,4.95,19.12,276.38,69.6,97.7,2.11,6.737
2025-12-24,6.08,3.47,10.12,282.92,74.4,98.7,14.19,6.597
2025-12-25,6.85,1.99,22.22,270.23,76.4,99.5,2.98,3.619
2025-12-26,11.31,4.53,6.51,331.9,90.4,99.3,16.53,1.793
2025-12-27,11.72,10.34,21.88,341.26,93.4,99.2,14.58,5.533
2025-12-28,11.4,5.76,13.5,307.38,77.2,99.4,11.57,10.861
2025-12-29,8.47,7.39,10.38,323.59,83.8,99.9,8.74,8.309
2025-12-30,10.09,6.54,18.74,307.29,82,99.5,9.29,7.84
2025-12-31,10.13,6.29,17.45,309.98,79.4,99.3,9.12,8.237
2026-01-01,10.17,6.04,16.16,313.79,76.8,99.2,8.98,8.636
2026-01-02,6.53,5.29,12.36,296.39,76.6,99,9.92,9.026
2026-01-03,11.36,5.76,10.18,322.55,83.1,99.6,5.08,4.225
2026-01-04,11.46,10.58,13.11,342.72,92.4,99.7,1.72,7.22
2026-01-05,11.2,3.32,6.22,320.14,91.9,99.9,30,2.373
2026-01-06,9.18,5.33,11.11,301.89,80.5,101.1,10.52,4.8
2026-01-07,10.42,6.27,20.29,306.45,81.7,101.1,16.82,6.012
2026-01-08,11.19,9.64,20.09,340.76,95.8,101.7,1.41,6.493
2026-01-09,9.65,8.48,17.01,335.41,96.7,102.4,2.21,3.553
2026-01-10,9.53,7.7,21.65,322.33,92.8,101.6,1.59,0.954
2026-01-11,10.12,8.24,16.88,323.84,92.5,101,3.27,1.955
2026-01-12,10.18,7,6.75,319.7,86.7,100,14.8,4.641
2026-01-13,12.37,6.36,15.54,322.7,82.4,97.3,34.62,4.461
2026-01-14,7.77,5.07,14.64,301.02,73.1,98.4,11.47,11.815
2026-01-15,7.16,4.06,9.3,301.56,82.4,97.9,11.6,5.52
2026-01-16,8.91,5.39,19.14,308.89,80.8,98.7,18.66,11.134
2026-01-17,8.28,5.34,19.06,298.57,76.8,99.3,11.76,10.698
2026-01-18,8.59,4.59,11.73,307.63,86.1,100,4.99,1.324
2026-01-19,11.42,7.96,5.5,343.05,92.1,99.2,25.05,2.854
2026-01-20,9.06,7.09,35.16,287.83,69.2,99.1,1.29,7.481
2026-01-21,7.67,6,29.93,285.76,69,100,1.72,6.585
2026-01-22,8.09,4.81,25.29,296.06,82.1,98.6,7.47,5.083
2026-01-23,9.12,7.72,19.77,308.73,87.4,97.3,3.81,1.618
2026-01-24,8.61,6,22.06,295.12,78.2,97.7,7.02,1.73
2026-01-25,9.16,6.44,18.29,315.24,88,97.7,29.1,2.547
2026-01-26,8.91,7.38,45.47,285.17,90.7,98.9,0,3.23
2026-01-27,11.56,8.62,16.35,333.03,87.9,99.3,12.65,3.924
2026-01-28,10.74,6.86,7.05,330.18,91.5,100,28.66,2.69
2026-01-29,9.98,6.64,39.11,299.12,83.2,100,1.07,2.049
2026-01-30,11.14,9.48,11.3,351.78,92.3,99.5,35.51,3.097
2026-01-31,11.57,10.61,11.04,356.68,95.5,100.2,24.46,2.3
2026-02-01,11.31,9.02,11.54,348.02,95.8,100.8,33.07,1.836
2026-02-02,9.73,5.86,27.7,323.91,95.4,100.9,14.18,0.913
2026-02-03,8.96,6.03,61.31,264.48,77.4,101.9,0,6.103
2026-02-04,10.23,8.49,11.25,337.92,86.6,101.4,16.28,6.491
2026-02-05,10.77,8.78,43.72,322.04,88,101.6,1.43,4.785
2026-02-06,11.53,8.96,22.74,330.85,86.9,101.4,1.58,2.224
2026-02-07,9.94,4.99,10.85,318.39,89.3,100.8,12.31,4.186
2026-02-08,9.94,5.59,14.64,323.23,83.1,101.1,16.35,9.06
2026-02-09,10.3,9.25,31.37,328.72,86.6,100.7,0.99,7.793
2026-02-10,10.75,9.87,27.7,342.95,90.3,100.7,1.43,7.008
2026-02-11,11.19,10.14,27.81,341.98,92,101.1,1.62,6.095
2026-02-12,11.21,9.99,35.9,345.6,94.4,101.7,7.93,5.694
2026-02-13,10.61,4.94,58.05,295.23,83.4,102.1,1.84,1.819
2026-02-14,9.09,3.71,47.95,298.42,87.1,102.7,0,0.34
2026-02-15,9.47,7.83,30.03,329.03,93.3,102.6,0,2.598
2026-02-16,9.06,7.47,51.37,311.04,88,101.8,6.33,5.204
2026-02-17,9.14,7.36,52.57,292.44,77.4,102.6,0,6.046
2026-02-18,9.67,7.3,45.17,317.33,88.8,102.4,0.87,6.56
2026-02-19,9.64,6.29,52.3,315.25,80.4,102,0.79,5.298
2026-02-20,6.3,1.98,50.6,283.71,68.7,102.4,0,1.442
2026-02-21,5.53,1.11,75.29,266.61,79.8,102.7,0,2.64
2026-02-22,5.83,1.03,73.52,264.05,68.4,103.1,0,0.543
2026-02-23,4.4,1.63,45.96,287.14,81.8,103,3.61,0.447
2026-02-24,5.73,3.01,36.46,304.03,85.6,102.6,2.77,1.159
2026-02-25,7.1,4.67,43.3,310.67,85.9,102.1,0.94,1.907
2026-02-26,6.89,3.75,77.9,284.8,72.9,101.8,0,0.516
2026-02-27,8.74,3.86,66.76,302.16,86.3,101.7,3.06,1.676
2026-02-28,8.44,6.3,55.18,302.94,76.3,101.5,3.63,7.562
2026-03-01,10.58,6.92,65.94,316.24,77.6,100.7,9.35,9.17
2026-03-02,8.59,6.3,65.51,310.36,79,101.4,2.85,5.17
2026-03-03,10.46,7.23,59.14,326.92,84.4,100.5,5.72,9.142
2026-03-04,7.47,3.67,21.56,303.6,79.9,100,11.67,8.437
2026-03-05,8.24,3,81.41,286.72,74.3,100.5,6.88,7.393
2026-03-06,8.53,2.55,50.76,296.75,78.6,101.2,8.87,3.436
2026-03-07,9.29,7.2,77.43,309.65,76.4,101,0,5.557
2026-03-08,9.4,7.9,60.22,332.54,91.1,101.1,0.93,3.123
2026-03-09,9.3,7.6,77.14,324.68,89.7,101.1,1.18,3.731
2026-03-10,10.03,7.62,68.04,327.13,95.7,100.8,1.32,1.284
2026-03-11,12.67,6.63,79.68,318.11,91.6,100.3,0,2.004
2026-03-12,11.17,7.19,97.68,299.9,84.4,99.9,3.31,1.745
2026-03-13,11.13,7.26,57.57,329.71,86,99.8,15.95,2.408
2026-03-14,9.56,7.32,52.64,325.42,94.4,99.9,10.22,0.798
2026-03-15,9.2,3.94,81.79,286.16,79.1,100.4,9.31,3.839
2026-03-16,8.75,2.26,129.18,267.4,67.3,101.3,0,0.944
2026-03-17,8.6,6.01,56.56,304.9,80.9,101.1,8.5,2.023
2026-03-18,11.13,7.42,61.42,319.7,86,100.9,12.39,5.458
2026-03-19,10.64,8.19,54.06,334.79,95.9,100.7,11.23,3.651
2026-03-20,10.18,7.23,39.22,320.91,81.5,98.9,11.68,7.623
2026-03-21,7.21,3.6,83.03,290.74,73.1,98.4,10.42,4.513
2026-03-22,7.43,2.54,143.77,261.88,70,99.3,0.43,2.666
2026-03-23,5.93,1.76,116.4,243.66,61.4,100.9,0,3.078
2026-03-24,8.46,0.73,122.81,267.96,78.1,101.6,0.69,2.262
2026-03-25,10.53,6.89,97.04,318.04,87,101.2,7.32,5.581
2026-03-26,7.56,6.06,73.66,306.74,82.7,101,5.05,3.829
2026-03-27,11.56,7.12,103.71,328.37,91.1,99.8,8.79,7.294
2026-03-28,8.32,5.64,97.87,302.17,76.3,99.7,11.1,8.521
2026-03-29,10.38,6.66,40.73,327.67,83.4,99.6,11.78,8.598
2026-03-30,9.07,6.65,96.63,314.36,73.5,99,11.59,9.056
2026-03-31,11.15,5.99,33.04,334.13,85.7,98.1,26.89,6.295
2026-04-01,8.95,6.33,158.86,290.38,64.4,98.6,1.99,7.386
2026-04-02,8.97,6.5,112.96,284.29,71.4,100.1,3.23,3.589
2026-04-03,9.35,5.03,142.58,275.28,73.9,100.8,0,2.721
2026-04-04,10.14,4.08,164.31,277.56,82.7,100.4,0.04,0.888
2026-04-05,12.42,6.76,140.87,304.25,71.7,99.9,0,3.997
2026-04-06,11.11,7.82,155.66,299.81,72.5,100.2,0,6.404
2026-04-07,10.11,6.77,166.41,300.13,75.6,101,0,5.512
2026-04-08,11.15,5.96,143.53,308.43,80.8,101.1,0,3.107
2026-04-09,11.22,6.86,139.83,310.57,79.7,101.2,0,2.389
2026-04-10,13.52,7.1,223.79,279.11,76.8,101.3,0,0.698
2026-04-11,11.48,6.27,155.93,295.55,77.2,100.9,3.82,2.432
2026-04-12,9.08,6.49,142.93,293.08,71.9,100.5,10.12,5.69
2026-04-13,11.06,6.76,67.4,327.34,85,100.7,6.66,7.807
2026-04-14,12.67,9.87,140.87,337.8,91.3,100.7,1.25,7.136
2026-04-15,11.67,7.09,94.49,336.44,91.7,100.6,12.02,6.489
2026-04-16,8.71,6.38,159.18,290.28,65.7,101,0.23,4.967
2026-04-17,8.7,4.3,174.87,271.87,71.1,100.7,0.78,1.705
2026-04-18,9.75,3.3,206.97,258.11,67.3,100.4,0,0.468
2026-04-19,9.6,3.96,171.64,278.34,73.2,100.8,0,2.966
2026-04-20,9.74,5.24,135.59,292.01,75.1,101,0,1.147
2026-04-21,9.78,6.42,95.3,302.54,83.8,100.7,8.6,2.325
2026-04-22,11.44,7.68,199.75,290.67,82.3,101.6,0,2.91
2026-04-23,12.39,9.22,121.57,321.33,84,101.6,0,1.159
2026-04-24,16.02,9.95,211.07,319.4,79.1,100.9,6.02,1.287
2026-04-25,11.49,7.25,146.2,309.46,71.3,101.3,0.51,1.65
2026-04-26,10.58,5.46,137.69,303.52,76.5,101.3,1.66,2.574
2026-04-27,11.09,7.35,167.52,313.96,80.3,100.6,4.3,1.797
2026-04-28,10.76,7.32,152.02,320.77,86.6,99.7,14.13,3.246
2026-04-29,8.37,5.27,127.38,303.18,78.4,99.2,15.67,7.984
2026-04-30,10.22,4.19,166.24,298.85,70.3,98.5,11.54,6.348
2026-05-01,8.72,5.95,156.44,293.15,72.4,99.8,1.96,4.567
2026-05-02,9.55,6.54,146.06,309.34,81.5,99.5,4.38,5.62
2026-05-03,11.68,8.25,171.7,320.53,87.6,99.4,7.54,4.936
2026-05-04,11.24,8.04,142.63,324.49,89.4,99.1,7.77,0.496
2026-05-05,14,7.87,229.55,304.91,88.2,100.2,1.86,0.235
2026-05-06,13.8,7.11,294.81,273.99,85,101.6,0,1.269
2026-05-07,12.16,7.55,233.63,286.41,78.7,101.6,0,1.882
2026-05-08,15.13,6.59,270.33,285.22,78,101.2,0.62,0.348
2026-05-09,15.77,10.56,248.77,317.66,85.3,101.1,0.99,0.222
2026-05-10,16.28,9.74,299.2,291.02,85.4,101.5,0,1.083
2026-05-11,15.75,8.91,303.05,282.05,86.6,101.7,0,0.656
2026-05-12,16.04,9.94,264.91,307.37,86.8,101.6,1.27,0.657
2026-05-13,16.18,9.35,287.85,294.23,78,101.3,0,0.444
2026-05-14,17.09,8.37,320.16,275.72,73.8,101.1,0,2.596
2026-05-15,16.28,8.85,270.5,300.96,81.2,101.2,0,1.275
2026-05-16,16.11,8.8,287.88,286.57,72,101.4,0,2.584
2026-05-17,14.63,7.08,293.46,263.71,64.9,101.5,0,3.096
2026-05-18,13.58,6.83,303.82,262.71,79.1,101.6,0,0.2
2026-05-19,16.19,7.6,313.75,274.76,79.6,101,0,1.122
2026-05-20,13.96,9.65,168.34,318.67,76.5,100.5,1.65,3.014
2026-05-21,11.59,7.53,192.27,301.28,71.6,100.9,0,2.823
2026-05-22,8.61,4.81,98.92,300.33,81.4,100.2,5.45,0.542
2026-05-23,10.15,4.8,196.76,291.08,63.1,100.4,0.9,3.214
2026-05-24,10.33,6.56,206.69,288.15,54.7,101,0,3.29
2026-05-25,11.46,5.42,87.91,316.28,77.2,101.2,8.24,1.833
2026-05-26,14.05,9.81,231.25,323.48,84.3,100.9,11.85,5.894
2026-05-27,13.84,9.07,247.54,296.77,78.1,101.8,0,4.157
2026-05-28,15.56,9.08,235.91,318.71,84.5,102.3,0,2.606
2026-05-29,16,9.82,269.69,311.33,85.8,102.5,0,1.136
2026-05-30,17.14,9.13,319.81,292.82,86,102.8,0,0.706
2026-05-31,17.16,9.8,314.42,297.02,86.2,102.7,0,0.816
2026-06-01,17.19,10.47,309.07,301.23,86.5,102.7,0,0.674
2026-06-02,17.57,10.9,319.82,306.85,81.5,102,0,3.116
2026-06-03,14.61,8.74,210.62,316.34,73.7,100.9,0.81,2.086
2026-06-04,12.18,7.78,185.85,312.51,64.8,100.6,0,1.198
2026-06-05,14.06,9.91,178.49,331.77,83.5,100.2,1.32,4.824
2026-06-06,14.84,10.31,303.45,298.22,78.4,100.3,0,0.486
2026-06-07,14.31,8.93,208.01,315.77,69.2,100.7,0.8,2.207
2026-06-08,14.54,8.72,238.14,299.48,66.7,101.1,0,0.341
2026-06-09,16.01,9.7,238.85,331.58,79.9,100.9,0,2.8
2026-06-10,15.35,12.96,144.64,359.93,93.4,100.3,16.26,5.586
2026-06-11,13.24,10.06,184.95,318.33,76.8,99.7,2.11,5.623
2026-06-12,14.36,8.47,228.56,292.03,68.1,100.2,0,4.038
2026-06-13,14.44,8.52,163.19,325.56,84.9,100.7,3.9,3.116
2026-06-14,15.97,13.26,155.52,358.8,92.9,100.9,5.1,4.887
2026-06-15,16.61,13.09,197.47,354.53,91.1,101.2,3.12,4.632
2026-06-16,15.45,9.4,240.52,314.27,82.9,101,3.28,2.915
2026-06-17,14.46,7.62,292.18,275.61,69.4,101.8,0,0.803
2026-06-18,16.63,7.52,336.51,278.89,75.6,102,0,0.75
2026-06-19,19.24,11.12,286.43,322.72,78.5,102.2,0,2.42
2026-06-20,18.54,12.14,290.37,321.91,79.3,102.1,0,2.865
2026-06-21,18.44,11.51,287.64,324.71,77.7,101.5,0,3.378
2026-06-22,17.74,11.41,240.59,324.81,82.6,100.7,6.72,1.725
2026-06-23,16.63,12.72,199.2,339.23,88.2,100.2,15.74,0.299
2026-06-24,17.3,12.55,242.52,327.89,84.8,100.3,4.63,1.197
2026-06-25,17.1,12.28,267.3,321.04,88.2,100.5,3.28,0.558
2026-06-26,17.91,11.63,309.05,306.78,85.6,100.8,1.09,0.929
2026-06-27,19.57,14.22,281.39,327.59,77,101.3,0,0.244
2026-06-28,22.53,14.41,300.7,330.7,70.1,101.4,0,1.873
2026-06-29,22.45,13.27,338.76,317.96,75.4,101,0,1.512
2026-06-30,22.45,13.37,302.28,335.68,80.2,100.1,1.37,2.402
2026-07-01,22.66,14.2,333.71,329.57,79.7,99.6,0,1.452
2026-07-02,20.48,14.55,149.9,359.94,87.8,99.8,6.77,0.49
2026-07-03,19.56,14.63,312.18,318.95,80.1,100.7,0,1.423
2026-07-04,21.61,15,261.63,344.9,74.4,101.2,0,0.47
2026-07-05,22.1,17.54,264.49,357.67,79.7,101,0,0.569
2026-07-06,23.34,16.93,224.39,360.15,84.5,100.4,1.54,0.182
2026-07-07,19.73,16,288.12,335.76,86.3,100.5,1.39,3.871
2026-07-08,19.27,14.98,265.53,331.82,88.8,100.6,13.09,1.106
2026-07-09,19.07,14.64,265.51,325.57,89.1,100.4,5.94,1.257
2026-07-10,19.77,15.31,265.16,334.22,87.6,100.3,5.43,1.104
2026-07-11,20.01,17.33,239.94,350.31,84.6,100.2,2.73,1.647
2026-07-12,18.6,16.26,251.8,331.49,78.7,99.8,4.8,4.124
2026-07-13,18.93,15.24,199.92,344.81,81.3,99.6,16.17,1.901
2026-07-14,18.25,13.96,243.99,327.16,80.3,99.7,1.75,4.388
2026-07-15,17.35,14.29,111.96,352.11,86.9,99.8,31.24,1.309
2026-07-16,20.23,15.67,201.04,361.4,91.4,99.6,22.13,0.828
2026-07-17,19.23,16.06,175.23,361.1,87.8,99.5,3.36,1.318
2026-07-18,18.8,16.08,254.09,343.65,82.9,99.2,10.88,2.545
2026-07-19,17.89,15.12,227.36,335.36,84.6,99.6,13.24,2.016
2026-07-20,19.62,15.65,232.96,351.75,87.4,100.4,4.83,1.88
2026-07-21,21.28,14.72,251.96,341.43,83.3,101,0.98,1.075
2026-07-22,20.25,14.08,268.2,332.28,83,100.7,0.3,1.257
2026-07-23,20.1,15.46,208.78,343.37,82.9,100.4,0.35,2.115
2026-07-24,18.84,14.69,260.75,326.28,80.2,100.5,0,2.804
2026-07-25,19.32,14.5,206.75,337.21,80.6,100.7,0.51,0.711
2026-07-26,18.55,15.5,230.69,330.31,83,100.7,1.45,3.049
2026-07-27,19.24,13.89,246.64,327.37,76.3,101,0,2.018
2026-07-28,19.79,14.28,266.15,322.46,80.9,101.1,0,1.376
2026-07-29,19.03,14.2,143.71,346.15,84.1,100.9,7.07,3.375
2026-07-30,17.31,13.49,193.16,317.51,70,101.3,1,6.208
2026-07-31,18.19,14.17,164.06,341.49,77.5,101.1,1.29,6.289
2026-08-01,19.07,14.84,135.34,365.54,85.1,100.9,1.57,6.408
2026-08-02,18.68,15.11,202.44,349.3,84.8,100.2,2.01,3.215
2026-08-03,18.2,13.23,201.7,332.02,80.5,100.1,3.03,3.693
2026-08-04,18.48,15.39,142.66,355.76,85.7,99.8,7.64,5.818
2026-08-05,16.69,14.2,176.27,334.22,78.7,99.7,7.11,7.357
2026-08-06,17.51,14.2,225.27,322.66,71.5,99.8,3.88,7.212
2026-08-07,16.88,13.14,232.77,312.39,74.6,99.8,3.29,3.93
2026-08-08,15.86,12.14,138.23,327.93,82.4,99.9,8.73,3.741
2026-08-09,17.29,12.71,185.66,314.43,75.4,100.3,0.82,4.102
2026-08-10,18.01,11.58,147.47,331.44,82.5,100.2,7.7,0.759
2026-08-11,16.95,13.21,166.24,339.14,83,98.9,8.51,1.84
2026-08-12,16.34,12.67,180.61,322.38,80.9,98.8,6.84,0.661
2026-08-13,18.41,12.86,165.14,351.73,90,99.3,4.21,1.535
2026-08-14,18.8,16.69,52.43,381.48,95.3,99.4,16.04,1.373
2026-08-15,18.22,15.98,224.1,329.83,79.8,99.6,12.4,4.891
2026-08-16,17.69,14.5,209.6,316.58,76,100.5,0.09,3.482
2026-08-17,18.72,14.66,182.05,345.23,83.6,100.3,8.01,1.379
2026-08-18,17.97,14.27,237.71,324.91,81.4,100.6,1.69,2.897
2026-08-19,18.53,13.4,256.16,300.59,79.7,101.2,0.18,1.018
2026-08-20,21.09,12.75,252.56,311.29,73.6,101.1,0,0.777
2026-08-21,21.59,15.53,188.17,344.42,75.8,100.1,3.45,0.627
2026-08-22,17.44,13.78,201.23,320.96,75.9,100.3,4.26,5.574
2026-08-23,17.1,13.89,122.51,347.87,84.5,100.4,12.45,6.985
2026-08-24,18.45,13.67,171.03,343.86,86.4,101,5.95,4.461
2026-08-25,18.41,14.15,166.53,346.84,91.9,101.6,2.67,2.279
2026-08-26,19.38,14.6,219.17,329.51,90.1,102,0,0.897
2026-08-27,19.65,14.34,225.31,335.4,88,102.1,0,1.424
2026-08-28,19.33,13.2,139.82,348.81,88.4,101.7,1.5,2.418
2026-08-29,16.79,11.62,233.08,287.93,69.6,101.8,0,1.787
2026-08-30,17.57,10.82,225.41,285.64,72.1,101.6,0,0.976
2026-08-31,18.24,10.82,228.33,288.77,76,101.7,0,0.772
2026-09-01,18.92,10.82,231.23,292.29,79.9,101.8,0,0.981
2026-09-02,18.7,12.29,173.64,324.75,90.6,102,0,0.656
2026-09-03,18.69,12.22,187.44,322.22,80.1,102.1,0,1.081
2026-09-04,17.84,13.05,170.88,328.86,80.5,101.9,0,1.158
2026-09-05,16.87,12.72,162.28,317.46,72.8,101.4,0,2.575
2026-09-06,16.06,11.36,143.17,308.94,71.3,101.6,0,3.495
2026-09-07,16.52,11.18,173.38,314.86,78.4,101.9,0,1.412
2026-09-08,17.4,11.72,146.56,324.73,79.2,101.9,0,1.931
2026-09-09,16.79,12.9,131.79,338.04,82.7,102,0.27,2.839
2026-09-10,17.46,11.99,154.26,317.81,81.4,101.7,0,2.261
2026-09-11,16.72,10.66,144.23,308.59,82.3,101.3,0,0.49
2026-09-12,17.06,10.69,165.12,312.87,80.7,101.2,0,0.736
2026-09-13,17.48,10.33,182.99,303.87,84.6,101.3,0,0.74
2026-09-14,16.62,11.55,110.48,339.22,85.8,101.2,0,1.153
2026-09-15,17.99,14.08,168.73,328.41,83.4,101.5,0,1.806
2026-09-16,16.48,9.83,183.21,288.51,71.3,102,0,3.318
2026-09-17,15.49,7.95,177.07,275.58,72.4,102,0,1.634
2026-09-18,18.15,10.16,115.18,322.46,73.2,101.2,0,2.08
2026-09-19,20.08,14.49,159.18,335.37,76.3,101.5,0,0.337
2026-09-20,24.2,14.38,113.61,363.99,72.5,101.9,0,1.111
2026-09-21,27.15,18.48,171.03,362.47,49.7,101.9,0,1.304
2026-09-22,25.84,17,135.35,354.29,58.8,101.9,0,1.533
2026-09-23,22.28,14.11,172.33,312.17,73.3,101.4,0,1.023
2026-09-24,21.09,13.83,168.81,309.06,78.9,101.2,0,0.709
2026-09-25,21.87,13.43,164.61,315.81,81.3,101,0,0.497
2026-09-26,22.16,14.9,124.01,341.56,82.8,100.5,0,0.936
2026-09-27,18.91,12.09,39.35,329.68,81.4,99.6,8.73,2.294
2026-09-28,15.51,10.73,134.83,292.28,70.4,100.3,2.21,3.258
2026-09-29,16.4,10.53,118.75,318.5,76.4,100.5,2.67,3.384
2026-09-30,16.04,11.5,97.43,314.07,82.7,100.5,0,0.795
2026-10-01,17.56,11.21,50.15,352.37,90.5,99.8,12.54,1.529
2026-10-02,13.19,8.87,99.7,297.39,84.1,100.1,5.22,0.964
2026-10-03,16.54,9.72,44.54,341.51,84.9,98.9,16.31,2.045
2026-10-04,13.9,11.97,87.7,306.69,65.1,98.8,3.54,7.933
2026-10-05,12.55,10.98,74.43,311.45,65.3,98.9,11.21,7.146
2026-10-06,12.32,9.24,67.39,308.14,78,98.2,15.02,2.573
2026-10-07,11.67,9.02,45.27,307.36,78.6,98.2,8.33,3.781
2026-10-08,12.97,7.15,67.51,310.68,81.8,98.3,17.11,2.23
2026-10-09,11.68,8.31,56.15,318.38,78.1,97.2,14.63,5.439
2026-10-10,13.21,10.63,62.41,314.15,78.9,98.4,7.96,8.054
2026-10-11,14.79,10.69,37.28,336.65,84.9,99.4,13.41,5.948
2026-10-12,14.44,10.88,29.06,331.71,81.6,99.6,14.33,6.053
2026-10-13,12.51,10,74.48,298.52,64.3,101,1.03,7.815
2026-10-14,14,8.63,88.55,294.12,76.5,101.8,0,0.9
2026-10-15,14.64,10.05,112.51,272.32,70.8,101.2,0,3.603
2026-10-16,14.7,9.02,95.07,285.18,79.9,100.8,0,3.475
2026-10-17,13.7,7.55,87.61,299.66,83.8,100.7,0,0.301
2026-10-18,12.99,10.63,46.99,322.7,77.4,99.9,2.04,1.669
2026-10-19,12.26,9.17,63.12,312.59,79.3,99.6,17.11,0.829
2026-10-20,12.18,8.34,70.91,298.54,69.8,99.8,0,0.349
2026-10-21,12.73,6.34,14.03,320.38,88.1,98.6,15.89,3.587
2026-10-22,13.14,11.58,45.72,329.55,83.8,98.9,1.52,6.585
2026-10-23,11.91,8.34,57.91,308.34,72.6,99.9,0,6.129
2026-10-24,9.04,5.87,25.68,281.1,78.8,99.7,3.03,1.848
2026-10-25,12.23,5.84,62.79,304.53,92.3,100.2,0.62,1.163
2026-10-26,10.53,8.17,44.43,310.55,83.4,100.9,0.14,3.806
2026-10-27,10.91,7.68,41.57,311.66,89.4,101.1,1.6,3.099
2026-10-28,10.56,7.33,67.96,291.75,87,101.1,0.56,3.977
2026-10-29,10.23,7,43.62,307.71,92.6,100.8,2.33,3.051
2026-10-30,10.61,6.41,64.29,282.22,88.3,101.1,0,2.821
2026-10-31,10.99,6.08,55.44,288.25,87.2,101.1,0,2.062
2026-11-01,11.37,5.76,46.64,294.11,86,101.2,0,1.962
2026-11-02,8.84,5,53.05,276.08,75,100.6,0,2.184
2026-11-03,9.84,5.51,57.69,289.73,75.8,100.6,0,1.125
2026-11-04,10.18,5.46,44.88,304.48,76,100.9,1.36,1.131
2026-11-05,11.87,9.27,50.32,318.67,82.5,100,16.17,6.098
2026-11-06,13,9.12,27.32,325.14,83.1,100,21.73,6.1
2026-11-07,13.26,9.97,31.26,338.78,88.9,98.4,51.55,8.496
2026-11-08,10.17,8.26,28.98,305.5,73,99.3,12.75,6.17
2026-11-09,13.95,10.11,10.6,356.05,94.4,97.7,48.18,7.902
2026-11-10,13.66,7,21.01,316.96,80.5,98.1,13.22,8.101
2026-11-11,10.62,7.79,14.08,316.82,79.5,99.4,2.77,5.421
2026-11-12,13.87,9.06,22.61,343.48,92.8,99.3,24.7,5.372
2026-11-13,9.76,7.05,31.58,289.16,65.2,99.2,6.1,11.282
2026-11-14,9.53,7.15,27.02,314.01,74.5,99.8,16.76,9.101
2026-11-15,10.54,6.31,12.23,320.05,84.1,97.7,34.24,1.563
2026-11-16,6.78,4.43,45.58,264.57,71.3,100.3,2.82,0.202
2026-11-17,10.25,5.81,19.15,317.35,86.1,98,23.93,1.784
2026-11-18,9.1,5.55,26.91,305.08,78,97.8,4.89,3.27
2026-11-19,6.58,4.69,6.79,315.31,88.5,96.2,48.92,4.654
2026-11-20,8,6.28,15.3,316.58,82.3,97.3,10.6,10.405
2026-11-21,6.3,2.27,31.08,267.31,80,98.5,0,1.448
2026-11-22,7.55,4.22,22.53,294.8,81.7,98.9,12.06,4.619
2026-11-23,6.8,2.53,39.07,263.66,80.7,100.6,0,1.323
2026-11-24,6.21,1.19,32.99,248.82,78.8,101,0,1.53
2026-11-25,8.13,1.65,14.84,303.15,87.1,100.7,3.79,3.538
2026-11-26,10.53,8.06,20.58,330.76,93.6,99.2,8.61,0.837
2026-11-27,8.55,6.38,37.62,285.71,82.9,98.6,3.1,3.475
2026-11-28,8.77,5.8,25.34,295.36,75.7,99.6,10.79,0.875
2026-11-29,11.27,8.39,25.68,309.57,73.9,98.4,12.45,5.878
2026-11-30,9.72,8.63,15.77,310.17,70.9,99.8,2.3,9.378
2026-12-01,9.82,6.59,17.55,307.95,88,101.1,6.33,0.691
2026-12-02,10.63,6.72,15.67,318.19,92.8,100.4,7.92,2.807
2026-12-03,9.54,6.82,12.3,321.93,92.5,101.2,4.05,4.186
2026-12-04,10.77,8.69,8.8,344.37,93.1,100.5,19.73,4.741
2026-12-05,8.58,4.68,17.19,286.27,75.8,100.3,9.44,6.754
2026-12-06,9.02,4.77,18.51,288.58,82.2,101.9,0.85,4.932
2026-12-07,10.71,8.99,10.53,343.55,92.6,102,14.93,3.107
2026-12-08,10.93,7.53,7.2,342.15,95.7,102,15.52,3.396
2026-12-09,8.97,7.2,15.17,315.84,81.5,102,0,4.818
2026-12-10,10.69,7.66,12.07,330.76,89.8,101.5,12.45,2.46
2026-12-11,10.92,6.93,20.64,320.26,86.6,100.2,18.24,5.748
2026-12-12,7.71,5.99,20.2,285.62,74.7,100.5,1.91,5.243
2026-12-13,11.14,6.55,4.61,341.82,93.8,99.1,52.18,2.936
2026-12-14,11.13,6.88,12.34,320.52,79.1,97.7,22.85,8.089
2026-12-15,7.74,5.75,12.98,304.43,72.9,97.8,12.62,10.756
2026-12-16,7.82,6.73,22.92,285.55,68.6,98.8,1.6,10.191
2026-12-17,6.86,1.27,3.95,303.13,84.8,98.3,20.03,0.863
2026-12-18,7.28,5.26,26.85,269.32,66.2,99.4,1.46,9.968
2026-12-19,6.26,3.22,11.32,283.96,87.1,99.8,1.42,0.887
2026-12-20,5.66,1.14,19.34,266.42,86.7,99.2,2.22,1.589
2026-12-21,5.42,1.37,26.81,254.92,85.2,100.7,0.01,1.803
2026-12-22,9.68,2.78,18.01,309.5,85,101,2.94,2.785
2026-12-23,10.22,9.56,2.52,346.84,94.6,100.1,28.73,6.149
2026-12-24,9.6,7.57,27.91,288.84,86.5,100.7,0.43,3.901
2026-12-25,10.54,8.07,12.49,329.25,74.1,100.2,11.57,8.135
2026-12-26,11.32,6.35,3.23,332.29,86.8,99.9,23.82,3.61
2026-12-27,11.03,8.06,6.7,329.2,86.6,98.7,13.45,7.652
2026-12-28,8.03,6.39,14.28,288.9,66.9,98.8,4.32,10.748
2026-12-29,11.79,5.91,7.4,326.68,80.9,98.3,12.32,6.742
2026-12-30,8.54,4,9.28,298.85,73.6,98.4,11.57,11.394
2026-12-31,9.37,4.41,9.13,310.46,81,99.5,15.98,9.233
2027-01-01,10.2,4.81,8.98,327.23,88.3,100.5,20.46,7.085
2027-01-02,10.8,8.24,21.47,332.06,90.5,101.1,7.78,4.27
2027-01-03,11.59,8.73,11.73,346.95,96.3,100.9,12.82,5.01
2027-01-04,11.53,6.4,11.41,325.24,89.1,101.1,4.42,4.648
2027-01-05,11.43,5.99,10.56,334.31,91.5,101.4,13.9,1.896
2027-01-06,11.14,9.76,12.62,348.6,97.5,101.2,2.66,4.832
2027-01-07,10.12,5.7,16.54,308.82,79.2,100.9,2.73,8.124
2027-01-08,8.87,5.9,25.27,309.73,81.6,102.4,1.41,7.189
2027-01-09,8.85,8.04,17.79,327.28,93,102.8,1.39,5.842
2027-01-10,8.44,5.48,19.05,311.42,91,102.4,0,1.757
2027-01-11,7.56,4.98,24.18,306.35,93.5,102.2,2.04,0.948
2027-01-12,7.74,5.34,12.55,320.59,96.9,102.4,2.35,1.029
2027-01-13,7.08,4.72,32.9,292.21,92.3,102.5,0,0.785
2027-01-14,6.05,2.58,23.31,281.55,88.4,102.6,0,0.686
2027-01-15,6.55,3.27,12.45,309.89,94.4,102.7,4.99,1.674
2027-01-16,5.74,3.47,34.16,264.16,88.4,103.2,0,3.812
2027-01-17,5.94,3.36,20.62,295.85,83.2,103.2,0,2.654
2027-01-18,5.92,2.22,28.39,271.91,92.9,103.1,0,1.907
2027-01-19,6.25,2.99,37.72,284.56,86.7,103.2,0,0.773
2027-01-20,7.07,3.35,20.65,304.63,90.3,102.6,1.21,1.749
2027-01-21,8.3,6.41,26.57,301.04,77.6,101.3,0,7.015
2027-01-22,8.58,6.33,17.12,312.7,83.6,100.4,2.16,7.853
2027-01-23,7.69,0.94,33.5,265.54,70.1,101,0.56,3.193
2027-01-24,3.41,-0.32,38.55,251.71,75.5,102.1,0,0.312
2027-01-25,8.71,1.62,17.52,295.53,91.5,101.3,1.76,1.959
2027-01-26,4.68,-0.37,47.85,244.97,80.7,102,0,0.367
2027-01-27,8.66,3.85,18.84,307.85,92.9,101.2,2.71,5.717
2027-01-28,6.94,2.15,37.72,273.1,80,101.1,0.16,2.032
2027-01-29,4.45,2.56,28.48,291.84,85.2,101.5,1.67,2.283
2027-01-30,6.16,1.65,24.9,293.44,88.7,101.1,3.38,3.072
2027-01-31,6.29,0.49,46.81,253.09,73.3,100.3,0,2.17
2027-02-01,6.36,-0.15,20.62,288.89,84.1,99.8,11.87,3.276
2027-02-02,3.88,0.61,60.64,237.88,66.5,100,0,0.643
2027-02-03,7.24,3.56,12.33,313.29,91.3,99.6,7.65,6.449
2027-02-04,7.35,5.81,23.3,316.67,88.2,98.9,13.42,6.597
2027-02-05,5.94,2.45,25,297.04,81.1,99.1,7.17,3.387
2027-02-06,4.58,0.89,62.45,244.23,75.7,99.6,0,1.3
2027-02-07,4.21,-1.15,30.66,254.15,87.7,100.4,2.81,0.454
2027-02-08,8.23,0.48,21.18,314.27,95.1,99.9,13.36,0.809
2027-02-09,8.15,4.94,58.68,290.9,82.8,98.6,9.86,3.656
2027-02-10,6.43,3,39.73,297.31,84.9,97.6,17.74,2.356
2027-02-11,4.3,3.16,7.92,310.71,89.8,96.1,27.39,5.209
2027-02-12,5.27,2.52,32.75,300.15,85.8,98,3.67,3.57
2027-02-13,4.69,0.84,46.03,269.27,84.2,98,0,3.064
2027-02-14,6.1,1.85,75.51,263.72,74.8,98.9,0,2.753
2027-02-15,6.21,2.26,47.79,284.58,78.3,99.8,0,3.279
2027-02-16,4.61,2.36,7.52,298.85,84.7,99,12.35,9.044
2027-02-17,9.24,3.79,60.91,304.88,86.9,98.4,1.45,4.017
2027-02-18,9.99,7.32,65.38,314.94,89.5,98.3,1.62,3.362
2027-02-19,8.91,5.35,55.1,308.43,95.3,98.8,5.29,1.213
2027-02-20,5.9,2.52,27.59,305.56,85.4,99.6,4.43,3.605
2027-02-21,4.08,1.67,57.69,279.43,70.4,98.7,0,7.544
2027-02-22,1.67,-1.14,64.53,247.14,66.8,99.3,0,6.459
2027-02-23,2.27,-1.89,94.95,240.57,70.8,100.7,0,0.735
2027-02-24,2.21,-1.94,96.91,223.41,65.7,101.6,0,1.441
2027-02-25,1.1,-2.03,70.46,224.21,69.9,101.7,0,3.292
2027-02-26,1.42,-1.91,79.46,226.24,73.6,101.3,0,4.162
2027-02-27,1.23,-1.58,74.2,248.16,70.8,101.7,0,2.684
2027-02-28,1,-1.75,68.34,252.47,71.1,101.5,0,1.761
2027-03-01,2.76,-2.11,121.48,221.46,72.7,101.4,0,2.054
2027-03-02,3.47,-1.57,41.6,289.68,89.3,99.6,10,2.72
2027-03-03,8.71,3.23,34.48,322.96,92.1,96.1,29.57,1.382
2027-03-04,6.66,1.72,62.51,293.97,86,95.9,16.31,0.681
2027-03-05,7.29,4.21,72.78,289.87,85.5,96.2,1.18,3.159
2027-03-06,6.75,1.53,80.58,275,85,98.3,0,1.196
2027-03-07,6.63,0.38,84.46,275.88,84.9,98.4,0,1.916
2027-03-08,4.47,0.51,107.58,273.92,78,98.4,5.08,2.775
2027-03-09,5.8,1.71,92.38,262.31,75.7,99.3,3.15,4.442
2027-03-10,5.9,-0.67,133.74,243.29,72.6,100.4,0,1.687
2027-03-11,7.69,1.54,20.33,318.58,91.7,98.2,26.24,5.588
2027-03-12,6.1,3.45,29.7,313.99,89.6,97.4,14,7.611
2027-03-13,6.98,1.36,106.99,265.56,70.7,100.9,0,2.531
2027-03-14,6.43,1.02,59.27,292.12,80.5,102,7.13,1.137
2027-03-15,9.02,6.44,25.61,343.78,96.9,101.4,50.93,2.672
2027-03-16,8.77,8.05,34.43,346.42,97.7,101.4,41.65,2.96
2027-03-17,8.87,6.25,112.92,314.11,89.6,100.6,11.07,5.387
2027-03-18,7.16,4.84,113.58,291.56,76,100.4,7.11,7.033
2027-03-19,7.94,4.4,86.33,302.03,78.5,98.6,7.93,6.697
2027-03-20,7.39,3.47,64.02,308.59,82.2,99,11.87,8.632
2027-03-21,8.1,4.95,92.58,307.84,76.4,98.2,16.2,10.858
2027-03-22,7,5.02,63.88,312.63,73.6,98.8,14.21,9.451
2027-03-23,8.53,3.52,109.12,285.87,80.4,100.3,4.02,4.639
2027-03-24,9.12,3.54,74.7,319.32,91,100.7,13.67,1.219
2027-03-25,9.48,6.55,41.3,330.82,90.6,100.1,31.43,4.137
2027-03-26,9.02,6.25,140.68,300.23,81.2,101.4,0,5.025
2027-03-27,8.93,7.14,103.36,318.08,89,101.3,1.9,3.788
2027-03-28,9.34,7.13,114.75,316.63,88,101,12.4,1.581
2027-03-29,12.4,7.04,123.06,315.39,73.5,100.2,2.46,1.952
2027-03-30,11.61,7.2,65.43,340.79,93.3,99.4,13.74,1.748
2027-03-31,9.71,7.27,139.06,288.53,80.1,100.9,0,4.083
2027-04-01,11.47,7.32,148.35,309.83,72.2,100.9,0,1.294
2027-04-02,11.98,9.45,75.23,346.38,93,99.9,5.33,1.296
2027-04-03,12.21,5.6,56.44,338.07,89.1,98.6,16.37,3.46
2027-04-04,8.29,5.7,54.99,314.88,75.3,99.2,1.9,5.008
2027-04-05,7.85,4.37,147.3,290.25,74.3,101,0,2.871
2027-04-06,8.23,3.9,126.61,301.42,74.2,102.2,0,0.904
2027-04-07,10.48,5.93,153.58,307.34,91,101.9,0,0.883
2027-04-08,8.69,6.54,116.49,304.15,82.1,101.1,0,1.737
2027-04-09,8.06,3.79,87.94,296.5,85.4,100.7,5.06,0.572
2027-04-10,8.52,2.71,126.23,282.76,82.9,100.3,5.57,1.07
2027-04-11,10.36,7.33,116.86,325.45,90,100.5,4.69,3.035
2027-04-12,10.62,9.04,110.95,338.86,95.6,100.7,2.18,3.467
2027-04-13,10.93,8.49,177.46,318.01,87.1,100.8,3.57,4.833
2027-04-14,10.49,7.28,155.33,301.36,81.7,100.4,11.33,4.658
2027-04-15,10.18,6.68,175.99,299.67,65.5,100.3,2.21,9.364
2027-04-16,10.65,6.07,104.13,316.32,80.6,99.2,25.55,8.281
2027-04-17,9.7,5.07,214.01,261.8,70.5,101.6,0,3.929
2027-04-18,10.98,6.89,134.15,321.4,83,101.5,1.24,5.31
2027-04-19,12.72,10.36,144.86,342.29,92.2,100.5,1.52,6.547
2027-04-20,11.03,8.68,76.47,339.21,95,100.3,7.92,3.926
2027-04-21,10.99,8.67,139.36,324.39,92.9,99.3,4,2.024
2027-04-22,12.06,9.64,102.2,349.67,97.1,99,11.77,2.022
2027-04-23,15.91,9.61,194.6,337.24,83.5,98.2,3.61,1.485
2027-04-24,10.44,7.4,150.65,315.62,83.9,97.1,15.33,2.323
2027-04-25,11.21,7.54,134.16,328.47,89.2,97.2,25.41,7.405
2027-04-26,9.79,7.26,102.63,311.23,86.7,97.8,12.7,7.992
2027-04-27,9.23,4.69,138.34,303.2,80.5,99.7,3.34,1.26
2027-04-28,8.29,3.1,200.17,271.96,73.6,101.4,1.21,0.497
2027-04-29,8.92,4.88,103.65,308.44,80.5,101.6,4.27,0.815
2027-04-30,12.42,6.96,177.47,310.07,75.5,100.6,3.27,1.376
2027-05-01,12.92,7.94,219.77,317.34,85.6,99.9,5.76,0.904
2027-05-02,12.27,9.34,149.05,336.93,93.4,98.9,16.78,4.168
2027-05-03,11.2,8,158.74,310.51,84.5,98.9,5.33,2.013
2027-05-04,8.56,7.31,63.6,325.72,90.4,98.4,18.19,9.325
2027-05-05,10.19,6.77,93.94,323.48,83.2,99.6,5.01,8.486
2027-05-06,12.31,7.69,214.42,296.46,79.9,101.5,0.33,1.435
2027-05-07,10.58,6.62,199.07,307.17,72.4,101.7,0,3.601
2027-05-08,13.69,6.81,257.44,308,82,100.6,0.72,4.014
2027-05-09,15.47,8.69,238.65,308.68,81.1,100.6,0,3.701
2027-05-10,12.66,7.91,195.43,312.01,86.9,100.5,0,0.413
2027-05-11,14.59,8.46,257.29,291.54,80.9,100.6,0,0.274
2027-05-12,14.17,7.26,248.83,294.87,88.7,100.8,1.54,0.527
2027-05-13,12.75,9.83,181.08,320.7,90.7,100.8,10.97,0.341
2027-05-14,14.88,8.17,298.6,280.75,75.7,101.6,0,2.549
2027-05-15,13.9,8.03,276.83,282.14,79.7,102.1,0,0.224
2027-05-16,14.11,8.06,240.08,304,85.3,101.4,6.02,2.045
2027-05-17,13.07,8.33,191.31,313.91,77,100.8,0.82,2.711
2027-05-18,12.37,8.43,199.07,309.93,73.2,100.5,0,3.256
2027-05-19,12.13,9.04,132.82,324.58,88.8,100.1,3.49,1.847
2027-05-20,11.17,8.14,162.45,312.34,76.9,99.9,0,2.894
2027-05-21,11.59,7.78,231.3,297.2,71.2,100,0,0.782
2027-05-22,12.37,7.07,219.55,303.51,69,100.3,0,3.519
2027-05-23,11.77,6.77,161.1,319.74,75.7,100.1,5.02,5.88
2027-05-24,16.57,8.71,230.33,331.95,84.5,99.9,0,3.524
2027-05-25,15.01,9.13,236.22,311.66,89.5,100.7,0.42,0.463
2027-05-26,17.66,8.58,297.2,301.73,78.7,101.3,0,0.813
2027-05-27,19.31,11.58,266.61,320.18,74.9,101.4,0,1.631
2027-05-28,18.76,9.89,341.78,283.45,64.8,101.3,0,3.241
2027-05-29,19.23,10.47,306.2,318.19,80.8,100.6,1.39,3.793
2027-05-30,18.67,13.56,171.32,348.45,85.7,99.7,9.74,1.289
2027-05-31,18.29,13.21,209.32,335.74,83.5,99.7,6.55,0.807
2027-06-01,17.92,12.86,247.43,322.93,81.4,99.7,3.36,0.245
2027-06-02,16.94,13.37,197.34,333.32,81.4,100,0,0.404
2027-06-03,13.65,8.92,51.23,342.8,92.5,99.4,30.82,2.799
2027-06-04,11.89,8.04,150.82,324.95,89.4,99.7,4.74,2.053
2027-06-05,12.43,7.72,193.78,312.24,69.5,100.3,0,1.399
2027-06-06,13.18,8.2,292.63,286.91,71.3,100.7,0,1.557
2027-06-07,13.8,7.97,206.75,309.55,75.9,100.5,0,1.613
2027-06-08,14.94,10.27,153.69,337.03,84,100,1.73,1.774
2027-06-09,16.34,11.52,267.57,323.11,89.8,99.4,8.74,0.86
2027-06-10,13.63,8.9,149.48,334.92,86.6,99.1,5.99,4.831
2027-06-11,13.43,8.18,198.4,319.79,81.8,99.2,1.94,2.95
2027-06-12,14.03,8.8,194.75,307.8,72.2,99.6,0,1.359
2027-06-13,14.26,8.89,234.12,300.19,75.7,100.1,1.31,4.288
2027-06-14,15.38,11.57,149.15,352.26,91.4,99.9,25.8,5.59
2027-06-15,15.64,13.22,180.85,341.96,93.9,99.8,20.48,1.356
2027-06-16,17,12.19,210.45,332.05,87.4,99.9,7.19,1.269
2027-06-17,17.23,12.8,177.48,344.71,86.3,100.1,2.49,4.008
2027-06-18,17.15,10.95,296.85,315.96,84,100.6,1.12,1.409
2027-06-19,15.94,10.76,185.1,334.7,86.1,100.7,2.74,2.926
2027-06-20,15.83,11.72,163.57,342.44,86.4,100.9,18,2.616
2027-06-21,15.26,11.7,251.75,325.46,79.1,101,4,6.064
2027-06-22,17.02,11.31,303.73,309.35,72.9,101.6,0,3.535
2027-06-23,17.52,10.44,277.17,316.76,83.2,101.8,0,0.791
2027-06-24,20.2,12.38,271.45,341.72,83.4,102.1,0,1.407
2027-06-25,18.34,11.27,304.72,314.86,74.2,102.3,0,4.306
2027-06-26,18.96,10.8,339.07,300.53,71.2,102.3,0,4.461
2027-06-27,18.76,10.18,313.61,308.93,79,101.8,0,3.658
2027-06-28,17.87,10.87,254.06,332.96,81.3,100.6,0,3.617
2027-06-29,15.78,10.37,258.69,311.9,69.4,100.6,0,2.866
2027-06-30,15.42,10.56,295.26,300.6,75.6,100.5,1.81,3.074
2027-07-01,16.4,11.38,253.76,318.26,80.2,100.6,1.89,3.801
2027-07-02,15.45,9.79,272.59,292.05,75.8,101,0,2.466
2027-07-03,17.68,10.53,314.28,302.29,75.4,101,0,0.38
2027-07-04,16.55,12.37,145.85,335.11,85.5,101,17.46,1.721
2027-07-05,18.08,12.79,284.46,323.05,80.9,100.5,0,2.15
2027-07-06,16.77,11.83,271.91,313.75,71.6,101.6,0,1.468
2027-07-07,15.82,10.88,178.04,333.4,90.1,101.4,10.74,3.904
2027-07-08,16.32,12.91,248.54,334.47,85.9,99.8,11.52,7.157
2027-07-09,15.02,11.64,178.7,332.71,72.3,99.7,0,3.968
2027-07-10,15.17,10.42,195.43,314.96,73.1,100.5,0.21,3.608
2027-07-11,16.52,12.32,275.42,308.63,77.4,101.1,0,3.714
2027-07-12,20.15,11.31,293.52,315.8,71.4,101,0,1.315
2027-07-13,20.49,16.19,312.3,332.64,74.1,100.8,0,0.71
2027-07-14,19.48,14.79,225.89,346.54,90.4,101.3,0,0.696
2027-07-15,20.43,14.79,192.87,357.87,89.7,101.2,3.21,0.264
2027-07-16,19.47,15.52,210.46,357.2,90.2,100.7,7.3,0.146
2027-07-17,20.07,14.77,303.78,322.34,87.8,100.4,0,0.67
2027-07-18,21.35,14.58,242.55,343.91,82,100.1,0.39,0.409
2027-07-19,18.83,15.77,178.08,350.33,88.1,99.7,13.28,1.217
2027-07-20,17.52,14.84,218.66,336.91,83.4,99.7,7.6,4.255
2027-07-21,18.13,14.44,225.88,343.07,80.4,99.9,8.49,6.97
2027-07-22,18.87,15.17,116.83,378.68,94.3,99.2,46.44,5.023
2027-07-23,18.32,14.13,131.13,363.38,90,98.8,31.88,4.41
2027-07-24,16.58,13.51,211.08,332.26,80.7,100,9.13,6.359
2027-07-25,15.39,13.31,144.02,341.28,86.1,100,14.98,2.629
2027-07-26,18.57,14.15,119.38,356.96,87.9,99.4,19.55,2.369
2027-07-27,18.48,13.6,235.28,326.86,86.4,99.4,1.99,0.484
2027-07-28,17.81,13.13,246.5,318.35,79.1,99.4,0.02,2.928
2027-07-29,17.9,12.7,239.81,317.43,85.2,99.3,2.74,1.149
2027-07-30,18.55,13.23,255.26,318.12,85.2,99.4,2.14,1.396
2027-07-31,18.29,13.41,262.21,316.02,82.4,99.5,3.27,1.426
2027-08-01,18.03,13.6,269.21,313.88,79.5,99.6,4.4,1.469
2027-08-02,17.16,12.81,217.71,319.14,81.7,99.7,4.72,0.165
2027-08-03,18.75,12.44,238.98,314.83,80.3,100,3.59,1.326
2027-08-04,17.91,13.4,198.63,320.24,81.7,100.4,0.98,3.419
2027-08-05,19.02,12.36,229.04,323.8,81.3,100.9,0,0.457
2027-08-06,19.21,12.85,269.26,311.23,78.4,101.4,0,1.199
2027-08-07,17.87,13.83,207,327.17,75.7,101.4,0,0.799
2027-08-08,17.55,12.35,216.16,311.26,75.8,101.5,0,1.758
2027-08-09,19.18,10.95,291.33,284.56,76.2,101.5,0,0.707
2027-08-10,18.47,11.79,259.77,303.65,81.3,101.3,0,1.5
2027-08-11,18.32,14.38,170.92,340.37,80.7,101,6.99,3.968
2027-08-12,17.25,13.91,199.65,324.62,73.5,100.9,0,4.127
2027-08-13,18.7,15.25,158.51,359.55,86.2,100.4,25.94,4.473
2027-08-14,16.98,12.85,74.38,350.09,89,99.9,25.09,1.585
2027-08-15,16.83,12.55,185.8,328.42,81.3,100.3,12.62,5.168
2027-08-16,17.22,11.98,175.45,318.54,80.1,101.5,4.72,2.656
2027-08-17,18.74,14.81,68.54,380.68,93.4,101.4,29.29,4.808
2027-08-18,19.1,17.63,143.52,383.1,93.5,101.4,59.89,3.624
2027-08-19,18.46,13.35,143.37,348.97,82.4,101.2,12.9,2.478
2027-08-20,18.05,10.84,245.16,313.56,79.1,101.3,0,1.659
2027-08-21,18.13,14.94,157.39,355.61,81,101.3,5.5,3.902
2027-08-22,17.29,13.78,149.57,336.98,77.1,101.5,0,1.599
2027-08-23,19.56,14.63,121.76,373.6,92.9,101.4,1.76,2.37
2027-08-24,19.93,15.91,185.95,352.54,89.8,101.8,0,2.353
2027-08-25,20.69,15.53,165.49,358.94,94.3,102,0,0.365
2027-08-26,22.54,15.44,206.6,354.52,90.6,101.3,0,0.308
2027-08-27,20.7,14.92,147.82,342.59,84.9,100.2,4.65,4.275
2027-08-28,16.78,11.89,160.66,317.95,75.3,101.2,0,4.955
2027-08-29,17.75,11.83,153.52,331.4,80.6,101.2,0,1.517
2027-08-30,18.15,16.22,74.22,375.96,90.7,100.5,11.39,2.896
2027-08-31,17.74,14.73,126.88,350.62,86.2,100.5,8.75,3.208
2027-09-01,17.33,13.24,180.36,326,81.7,100.5,6.11,3.868
2027-09-02,16.39,11.93,165.78,314.8,73.9,101.3,0,2.789
2027-09-03,18.13,14.69,96,356,86.2,101.1,5.7,5.213
2027-09-04,17.19,13.65,129.56,342.91,88.3,101,2.45,5.779
2027-09-05,17.8,15.79,97.19,366.9,92.9,100.8,0.48,3.185
2027-09-06,17.61,13.99,145.21,340.52,79.1,100.2,8.09,4.43
2027-09-07,15.97,12.83,119.85,330.28,79.4,99.9,5.98,5.524
2027-09-08,18.06,14,85.82,367.61,91.4,99.7,25.58,6.262
2027-09-09,19.22,14.03,58.69,364.28,86.7,99.2,18.46,8.884
2027-09-10,15.3,12.98,143.76,311.15,73.5,100.3,4.62,8.597
2027-09-11,15.75,12.55,126.63,336.37,77.4,101.2,5.62,4.221
2027-09-12,18.03,15.24,95.87,369.78,92.8,101,7.16,4.512
2027-09-13,18.75,14.65,157.54,339.32,89.1,101.6,0,1.429
2027-09-14,21.57,14.22,178.22,335.42,85.6,101.7,0,1.362
2027-09-15,22.55,16.63,171.35,346.53,76.4,101.4,0,2.922
2027-09-16,21.4,17.03,114.08,356.58,80.3,100.6,0,1.423
2027-09-17,18.65,15.13,110.12,353.54,93.4,100.7,0,1.512
2027-09-18,18.86,13.75,173.45,318.96,81.9,101.3,0,0.259
2027-09-19,20.94,13.48,162.36,327.63,85.4,101.6,0,1.026
2027-09-20,21.45,15.25,155.49,343.56,83.4,101.4,0,0.774
2027-09-21,17.91,14.97,80.28,365.49,96.4,100.8,2.24,2.053
2027-09-22,17.3,15.13,69.7,358.49,87.1,100.5,4,6.757
2027-09-23,18.19,15.29,84.2,370.02,91.1,100,11.01,7.725
2027-09-24,17.91,14.01,120.8,339.54,76.4,99.6,9.54,8.108
2027-09-25,14.02,11.52,48.11,328.96,78.7,99.1,22.62,5.7
2027-09-26,13.93,10.9,100.76,317.18,73.9,99.3,10.81,5.883
2027-09-27,16.1,9.87,65.48,330.42,81.6,98.6,26.94,4.576
2027-09-28,13.3,7.99,128.28,282.43,79.8,99,1.49,0.692
2027-09-29,13.59,7.64,116.05,286.56,74.7,99.6,2.96,1.412
2027-09-30,12.99,7.73,98.37,293.98,77.9,100.6,6.23,2.052
2027-10-01,12.3,9.09,43.41,326.4,92.4,101.1,12.28,0.284
2027-10-02,16.04,11.16,118.73,312.73,82.5,101.3,1.01,2.374
2027-10-03,15.51,12.56,39.33,342.59,79.6,100.6,4.04,4.447
2027-10-04,16.58,12.16,68.96,353.05,93,101.1,3.09,0.745
2027-10-05,17.34,15.7,67.9,371.74,94.9,101.5,1.55,0.861
2027-10-06,15.93,11.41,83.64,343.77,85,100.4,21.35,1.339
2027-10-07,13.64,10.76,100.4,292.41,78.2,100.6,2.48,3.828
2027-10-08,14.19,9.72,120.88,283.18,78.8,100.9,0,1.671
2027-10-09,15.82,11.27,47.52,344.38,94,100,15.61,0.899
2027-10-10,15.1,12.33,98.7,323.35,83.2,100,5.04,3.977
2027-10-11,15.87,11.86,30.27,347.43,82.7,99.5,18.73,2.667
2027-10-12,16.61,11.65,65.32,337.49,76.4,98.9,5.42,8.09
2027-10-13,16.95,11.7,73.78,330.93,76.2,99.2,15.59,10.186
2027-10-14,13.84,11.66,65.55,321.4,75.6,100.3,5.21,10.404
2027-10-15,13.94,10.9,73.74,311.81,79.5,100.4,3.52,8.826
2027-10-16,15.72,10.03,76.78,321.14,80.8,100.6,27.02,4.334
2027-10-17,15.72,11.51,60.32,330.32,77.4,99.8,2.61,9.123
2027-10-18,12.12,10.7,37.8,327.56,83.3,100,4.39,7.839
2027-10-19,13.75,9.88,56.39,320.88,81.6,99.4,6.48,5.623
2027-10-20,11.38,8.41,70.15,291.61,70.1,99,7.97,8.853
2027-10-21,10.85,7.74,77.69,267.54,69.2,100.6,0,4.574
2027-10-22,10.33,6.54,81.64,274.26,68.5,101.7,0,2.089
2027-10-23,12.99,9.47,64.3,326.09,84.1,102.1,1.39,5.206
2027-10-24,13.41,10.28,51.27,332.92,83.1,102.4,0,2.349
2027-10-25,11.57,8.7,60.71,317.27,91.3,102.6,0,0.78
2027-10-26,13.16,9.81,59.92,329.55,91.3,102.9,0,0.695
2027-10-27,12.06,9.05,29.78,335.41,94.6,102.7,0.71,0.683
2027-10-28,14.41,7.8,79.64,293.5,87.9,101.7,0,0.902
2027-10-29,12.48,7.88,67.73,294,85.3,100.1,2.75,1.833
2027-10-30,13.39,8.87,41.91,320.53,81.5,98.2,22.15,3.006
2027-10-31,11.92,8.15,40.11,308.43,73,98.2,14.99,7.813
2027-11-01,10.44,7.44,38.3,296.68,64.4,98.2,7.83,11.795
2027-11-02,9.38,7.32,39.29,302.77,65.6,99.6,3.54,8.443
2027-11-03,14.12,5.48,17.94,320.73,83.7,99.9,24.11,1.036
2027-11-04,15.32,12.59,26.11,347.98,92.3,99.8,8.88,5.156
2027-11-05,13.85,12.2,39.53,339.76,92.3,100.6,7.65,4.138
2027-11-06,14.31,12.24,9.74,368.9,97.6,99.8,62.98,2.455
2027-11-07,13.75,11.02,43.05,334.31,87.6,99.8,7.31,6.516
2027-11-08,13.28,10.04,35.84,310.58,70.4,99.8,7.45,10.921
2027-11-09,10.25,7.77,28.33,301.39,70.3,100,12.88,10.614
2027-11-10,9.84,7.57,22.46,307.57,68.1,100.7,9.19,7.663
2027-11-11,13,9.29,6.02,336.15,83.2,99.4,41.81,8.61
2027-11-12,12.85,8.29,22.72,312.89,75.7,99.4,23.2,7.884
2027-11-13,12.73,9.47,29.15,312.65,69.7,98.5,2.77,11.976
2027-11-14,9.63,5.3,11.59,299.03,74.1,100,6.45,3.923
2027-11-15,14.25,7.69,23.61,325.41,75.7,100.5,1.71,1.699
2027-11-16,14.59,7.19,10.7,325.25,90.1,99.9,12.63,2.005
2027-11-17,15.3,6.71,15.03,341.98,89.6,100,3.95,1.358
2027-11-18,15.21,13.28,9.24,370.23,88.2,99.6,27.59,2.173
2027-11-19,13.27,10.17,31.66,303.45,79.2,99.8,0.59,4.389
2027-11-20,12.65,9.14,29.78,308.56,84.2,99.3,8.56,2.051
2027-11-21,10.89,8.44,38.54,292.32,77.6,98.9,0,3.174
2027-11-22,9.27,7.55,20.83,299.24,72.3,99.4,6.01,4.685
2027-11-23,11.52,8.7,13.72,328.59,81,99.2,15.92,3.034
2027-11-24,10.46,7.32,12.96,315.81,78.8,98.4,17.18,6.457
2027-11-25,9.03,7.26,20.59,295.85,68.4,99.1,3.3,5.636
2027-11-26,8.67,6.83,16.13,297.11,80.2,98.8,7.02,2.563
2027-11-27,8.26,5.63,19.17,288.11,79.6,99.3,4.58,4.826
2027-11-28,10.81,7,17.8,322.38,88.2,99.3,14.64,2.038
2027-11-29,9.9,6.88,24.69,306.3,79.6,99.5,3.23,6.014
2027-11-30,11.48,6.81,16.82,311.98,84.8,100.1,26.73,2.506
2027-12-01,10.12,8.13,34.99,301.66,83.3,99.3,8.06,1.018
2027-12-02,9.98,5.88,30.92,291.9,81.6,99,12.29,2.926
2027-12-03,8.52,6.33,7.9,305.28,84.7,98.9,8.27,1.25
2027-12-04,9.53,7.11,21.27,308.53,88.6,99.6,3.44,2.341
2027-12-05,11.65,8.25,12.59,318.7,84.3,99.3,25.74,5.999
2027-12-06,9.66,7.9,15.39,312.13,74.9,100.5,0.27,2.855
2027-12-07,12.05,8.5,4.39,335.53,93.3,99.8,23.3,1.498
2027-12-08,10.6,7.9,5.39,318.62,86.8,98.4,18.51,2.255
2027-12-09,8.86,6.96,20.78,299.91,77.4,99,3.51,4.724
2027-12-10,9.38,6.19,19.16,309.47,83.7,98.8,12.24,2.929
2027-12-11,10.63,7.34,4.9,321.81,81.9,98.2,16.05,5.832
2027-12-12,7.67,4.77,10.98,287.25,75.8,98.6,9.65,3.479
2027-12-13,6.77,3.78,16.94,290.19,74.5,99.2,2.82,2.454
2027-12-14,5.37,1.74,20.65,271.9,81.7,98.9,1.94,0.572
2027-12-15,7.33,1.49,20.9,259.24,77.8,100.3,2.34,3.818
2027-12-16,10.33,1.7,20.5,299.8,81.3,101.3,9.86,1.405
2027-12-17,11.47,7.6,3.05,339.55,94.8,100.4,38.2,2.503
2027-12-18,11.48,6.82,22.67,294.84,70.5,100.5,8.44,9.05
2027-12-19,11.36,6.26,8.1,315.83,79.5,99.9,8.46,2.595
2027-12-20,9.96,7.31,12.75,316.26,68.6,100.2,5.71,12.516
2027-12-21,8.99,7,15.62,312.81,79.2,101.6,19.35,7.687
2027-12-22,10.38,8.88,8.64,343.39,90.1,100.9,15.17,6.224
2027-12-23,10.72,5.08,18.6,302.77,75.5,100.8,6.81,8.57
2027-12-24,7.51,4.45,17.21,302.41,77.1,102.3,4.96,8.205
2027-12-25,9.6,6.66,12.68,319.96,83.6,102.4,0,7.291
2027-12-26,9.87,6.69,13.34,313.02,75.9,102.2,0.07,6.24
2027-12-27,8.97,6.67,16.05,316.01,82.6,101.4,2.19,7.755
2027-12-28,8.81,7.13,5.47,321,83.1,100.3,5.78,9.563
2027-12-29,9,6.83,12.07,322.19,87,100.2,1.81,4.835
2027-12-30,10,5.72,12.78,310.5,75.4,98.6,9.25,6.852
2027-12-31,8.31,5.08,14.09,303.96,73.8,98.1,6.64,6.234
2028-01-01,6.63,4.45,15.4,298.54,72.2,97.5,4.02,5.617
2028-01-02,6.89,2.91,4,304.21,84.5,95.5,21.01,1.511
2028-01-03,7.37,4.63,9.72,296.34,84.9,96.4,2.17,6.292
2028-01-04,6.1,1.61,29.91,257.23,90,98.2,3.78,0.411
2028-01-05,4.84,1.53,30.96,256.24,89.7,99,2.51,0.628
2028-01-06,5.15,1.17,32.49,250.3,77.7,100.4,0,2.406
2028-01-07,10.42,1.56,4.65,321.15,87.9,99.8,20.77,2.437
2028-01-08,11.31,10.29,2.96,357.09,95.9,98.4,35.25,2.927
2028-01-09,10.62,6.57,21.03,301.55,68.6,99.4,6.53,10.88
2028-01-10,11.04,5.86,6.01,333.08,87,100.2,22.29,1.193
2028-01-11,12.06,10.53,6.66,361.05,97.2,99.5,21.98,1.673
2028-01-12,11.22,8.92,13.58,334.1,93.2,99.1,5.17,2.065
2028-01-13,9.01,7.93,21.14,324.71,92.9,99.4,9.64,0.656
2028-01-14,11.36,6.98,8.74,332.41,94,99.3,4.65,0.971
2028-01-15,9.55,6.99,27.02,300.82,91.1,99.6,4.9,4.83
2028-01-16,8.69,4.99,22.02,303.22,92.3,99,11.91,0.745
2028-01-17,7.29,4.22,19.19,303.77,94.1,99.4,4.14,1.179
2028-01-18,5.97,3.78,24.96,290.11,76.4,99.8,1.6,3.919
2028-01-19,4.46,0.99,36.75,237.42,77.8,99.4,0,1.359
2028-01-20,4.39,1,25.41,269.18,88.1,99.8,4.09,1.36
2028-01-21,4.24,-0.44,41.67,232.84,89.5,100.5,0,1.804
2028-01-22,5.19,-0.19,10.94,287.04,83.5,100.1,8.31,1.47
2028-01-23,5.14,0.24,28.49,283.51,90.5,99.2,28.23,0.96
2028-01-24,2.57,-0.38,27.68,273.13,87,99,3.69,3.749
2028-01-25,1.85,-0.03,17.86,284.75,91.6,99,6.03,5.673
2028-01-26,1.48,-5.47,29.05,236.58,88.1,99.5,0.11,3.916
2028-01-27,4.56,-5.75,27.76,261.64,84.1,100,4.05,2.885
2028-01-28,5.19,0.66,15.79,290.06,92.6,99.8,4.62,0.43
2028-01-29,10.7,0.91,11.02,316.18,93.7,99.4,12.36,0.714
2028-01-30,9.89,6.53,26.38,314.11,96.6,99.9,2.46,3.484
2028-01-31,10.88,8.37,29.74,330.31,92,99.6,18.06,5.701
2028-02-01,8.86,7.17,31.07,310.07,80.5,100.8,0,6.537
2028-02-02,9.88,6.1,18.33,333.3,94.7,100.6,7.01,1.786
2028-02-03,8.96,6.18,21.61,329.63,94.6,99.5,12.97,4.605
2028-02-04,7.19,3.2,46.65,273.01,68,100.3,3.37,6.019
2028-02-05,7.42,2.2,23.19,298.17,85.1,101.9,8.34,3.276
2028-02-06,9.1,6.92,42.37,317.73,89.8,101.3,3.18,7.058
2028-02-07,8.05,6.74,34.66,321.17,93.9,101.7,2.31,4.137
2028-02-08,8.64,7.42,32.82,329.1,94.6,100.9,8.32,2.961
2028-02-09,8.96,5.72,51.83,305.38,78.2,100.4,6.17,8.651
2028-02-10,9.49,6.21,15.37,335.01,89.3,99.6,13.66,8.03
2028-02-11,9.57,8.31,36.35,326.06,91.5,99.4,2.01,6.461
2028-02-12,10.23,8.85,37.48,340.03,92.4,98.8,5.35,3.188
2028-02-13,11.18,4.61,40.11,311.33,79.2,98.5,14.57,7.828
2028-02-14,7.41,4.11,64.66,283.09,80.7,101,2.96,1.404
2028-02-15,8.79,3.97,82.8,254.52,73.8,102,0,2.226
2028-02-16,7.3,3.23,85.92,261.3,72.6,101.8,0,3.54
2028-02-17,7.8,1.29,94.28,242.92,71.7,101.1,0,3.315
2028-02-18,4.44,-0.88,98.18,224.92,77.8,101.2,0,2.277
2028-02-19,2.66,-0.95,60.06,256.26,75.5,101,0,1.866
2028-02-20,2.12,-1.15,82.33,222.85,69.3,100.7,0,2.537
2028-02-21,3.35,-1.79,80.11,221.96,76.1,100.6,0,2.062
2028-02-22,3.54,-1.5,103.75,217.67,74.7,101.2,0,0.928
2028-02-23,7.58,-0.12,30.43,295.28,83.3,100.5,13.76,1.34
2028-02-24,7.9,4.58,89.79,278.95,86.4,100.7,0,2.737
2028-02-25,5.62,2.53,21.34,311.51,92.2,98.8,38.36,3.096
2028-02-26,4.46,-0.37,57.97,280.07,85.4,99.3,4.86,3.34
2028-02-27,5.94,-1.44,63.01,269.79,79.6,101.1,1.79,1.181
2028-02-28,8.87,4.93,37.3,331.26,97.5,101.1,14.2,3.255
2028-02-29,8.72,3.98,71.13,308.85,87.4,101.6,10.8,2.684
2028-03-01,8.58,3.04,105.4,286.09,77.3,102.1,7.4,2.529
2028-03-02,7.54,1.5,112.12,256.74,71.7,103.2,0,0.613
2028-03-03,7.94,5.28,50.24,317.06,86.6,102.3,10.43,4.623
2028-03-04,7.38,4.78,68.45,302.59,86.3,102.7,0,3.68
2028-03-05,7.95,5.56,81.58,308.78,84.2,103.1,1.11,4.168
2028-03-06,8.47,6.36,45.59,317.82,89.1,102,4.93,7.581
2028-03-07,8.64,5.68,94,294.41,74.2,102.4,0,3.376
2028-03-08,7.78,4.49,71.27,308.26,83.4,103,1.04,1.787
2028-03-09,9.06,3.55,75.87,302.49,85.2,101.9,2.59,6.465
2028-03-10,3.72,0.46,62.07,261.07,67.3,101.5,0,4.586
2028-03-11,4.89,0.5,91.46,252.58,64.9,101.2,0,2.767
2028-03-12,5.71,0.93,110.24,261.24,68.9,101.6,0,1.502
2028-03-13,6.7,3.91,25.9,311.65,90.1,99.8,16.68,4.248
2028-03-14,6.98,2.59,64.57,293.57,85.9,99.1,1.8,1.921
2028-03-15,5.36,0.52,112.86,258.16,77.6,99.5,0,0.277
2028-03-16,5.2,0.63,96.11,280.98,79.2,99.3,4.3,2.274
2028-03-17,8.92,2.41,36.03,312.76,87.3,98.5,18.55,2.015
2028-03-18,10.01,7.01,42.68,330.96,94.1,97.4,27.58,1.375
2028-03-19,10.25,6.49,127.97,291.22,80.5,98.2,1.91,1.838
2028-03-20,9.44,7.35,156.04,275.56,82.8,99,2.98,0.98
2028-03-21,11.85,6.9,87.05,305.75,75.4,99.5,3.54,3.058
2028-03-22,9.71,7.55,161.13,299.88,86.8,99.7,3.59,1.804
2028-03-23,9.53,7.27,36.66,335.01,92.4,100,36.28,2.227
2028-03-24,11.19,8.42,48.9,335.99,92.6,99.9,29.92,5.433
2028-03-25,11.11,7.61,65.99,324.23,88.1,100.9,1.66,4.769
2028-03-26,10.54,6.68,95.31,322.12,88.3,99.7,18.24,8.374
2028-03-27,8.2,5.41,113.73,287.9,69.9,100.2,3.56,6.396
2028-03-28,8.46,5.47,116.09,296.8,70.7,101.2,0,3.582
2028-03-29,10.64,5.75,99.29,329.56,96.4,101.6,2.14,3.06
2028-03-30,9.97,8.46,89.48,335.62,95,101.6,2.49,4.801
2028-03-31,9.96,7.92,99.33,330.1,91.8,101.2,1.28,4.419
2028-04-01,10.1,7.76,83.07,331.19,87.8,99.2,18.85,7.092
2028-04-02,9.51,7.59,114.05,314.88,70.3,100.6,0.96,6.438
2028-04-03,10.25,7.78,87.49,335.35,95.2,100.5,4.81,4.746
2028-04-04,9.8,5.65,115.09,300.47,80.6,99.8,9.82,6.164
2028-04-05,8.97,4.44,148.84,277.72,71.4,101.1,0,3.092
2028-04-06,10.16,5.89,76.47,325.65,95.1,101.5,7.84,4.863
2028-04-07,9.84,7.07,146.12,308.5,72.9,101.6,1.91,5.556
2028-04-08,11.46,6.75,50.68,331.6,89.1,99.9,32.92,8.329
2028-04-09,8.5,5.01,165.02,270.53,61.3,100.1,1.54,6.313
2028-04-10,8.29,2.81,207.6,244.94,66.1,101.1,0,1.2
2028-04-11,9.8,5.93,141.79,300.91,71.9,101,0,2.02
2028-04-12,10.3,5.85,152.94,294.63,82.3,101.4,7.46,1.439
2028-04-13,11.64,6,160.92,295.43,70.9,102.4,0,1.18
2028-04-14,13.03,8.53,173.4,297.95,70.1,102.1,0,1.349
2028-04-15,13.48,6.59,248.82,261.15,67.6,101.9,0,0.705
2028-04-16,13.01,5.83,251.42,260.25,78.8,101.9,0,0.077
2028-04-17,14.31,7.15,249.88,269.1,78.3,101.7,0,0.299
2028-04-18,15.27,7.81,258.77,275.27,73.9,101.3,0,0.465
2028-04-19,12.47,9.84,194.63,297.61,84.4,100.9,0,1.562
2028-04-20,12.96,10.4,68.35,341.92,90.4,100.3,19.57,1.151
2028-04-21,12.18,9.15,172.3,321.6,88.4,100,2.47,5.322
2028-04-22,9.88,7.17,174.85,296.13,69.8,101.2,1.02,7.24
2028-04-23,11.39,6.73,117.56,317.08,79.9,100.7,9.62,6.925
2028-04-24,11.34,7.78,157.23,310.87,83.6,100.3,8.6,5.783
2028-04-25,9.54,6.02,132.55,308.27,82.4,99.2,10.59,5.276
2028-04-26,9.15,5.14,139.32,298.42,81.2,99.5,3.06,0.721
2028-04-27,7.59,2.27,174.7,269.42,77.9,99.8,1.02,2
2028-04-28,8.54,1.1,270.34,228.89,61.1,99.4,0,0.684
2028-04-29,8.66,1.58,177.23,265.47,71.3,99.1,0.69,3.407
2028-04-30,9.17,2.9,264.27,245.04,67.1,100,0,0.308
2028-05-01,14.39,4.13,49.88,327.75,79.1,99.5,17.54,4.142
2028-05-02,13.7,8.33,96.05,332.23,88.9,99,12.08,1.629
2028-05-03,10.46,7.06,200.56,283.67,62.1,100.2,1.45,4.377
2028-05-04,12.39,7.37,223.08,294.98,61.6,101.2,0,0.45
2028-05-05,11.4,8.64,94.29,326.63,78.4,100.7,1.31,3.709
2028-05-06,12.92,8.28,142.72,331.23,93.1,99.7,5.64,0.428
2028-05-07,13.08,9.74,172.8,326.46,87.2,98.8,4.7,0.198
2028-05-08,10.11,0.69,39.75,314.4,90.4,99.2,30.5,4.053
2028-05-09,7.11,0.33,141.46,291.99,75,99.4,4.27,3.363
2028-05-10,9.11,3.54,208.91,273.19,69.8,99.3,0,1.28
2028-05-11,12.7,3.03,245.08,263.67,66.2,100.3,0,1.249
2028-05-12,12.24,4.93,221.28,290.01,73.9,101,0,1.318
2028-05-13,11.87,6.61,209.22,305.81,80.5,100.9,4.15,2.773
2028-05-14,12.15,8.73,184.42,322.21,84.3,100.2,3.87,4.756
2028-05-15,13.08,8.08,244.58,302.78,78.9,100.5,0,0.782
2028-05-16,12.88,7.74,215.14,311.98,80.4,100.7,1.15,0.795
2028-05-17,12.6,7.37,214.33,308.99,82.7,100,10.68,4.365
2028-05-18,10.29,8.09,115.7,317.01,83.8,98.8,15.22,7.485
2028-05-19,11.82,7.93,174.19,309.89,80.7,99.8,8.54,6.402
2028-05-20,9.32,7.89,110.33,316.04,79,100,9.05,11.846
2028-05-21,11.93,8.14,235.37,312.59,77.4,101.4,0,7.551
2028-05-22,13.06,7.64,211.4,315.33,85.6,102.2,1.15,3.771
2028-05-23,14.65,9.4,282.52,311.02,85.5,102.3,0,3.253
2028-05-24,13.34,6.82,253.36,284.96,83,102.4,0,0.569
2028-05-25,14.35,8.85,305.01,286.27,76.2,102,0,0.83
2028-05-26,15.35,10.37,229.85,328.04,87.2,101.4,2.51,2.331
2028-05-27,13.06,8.48,247.1,298.48,67.6,101.5,0,3.27
2028-05-28,12.65,6.89,236.92,280.64,64.3,101.7,0,2.074
2028-05-29,12.08,6.73,120.58,314.49,79.7,101.1,5.43,0.941
2028-05-30,14.69,10.62,63.88,350.43,87.3,99,21.06,2.108
2028-05-31,14.1,9.69,146.28,328.54,82.5,99.3,11.05,3.325
2028-06-01,13.51,8.76,229.68,306.53,77.7,99.7,1.04,3.994
2028-06-02,17.11,8.83,230.68,329.38,81.2,99.9,11.5,1.215
2028-06-03,15.26,11.75,247.08,332.16,88.7,99.2,4.23,2.648
2028-06-04,14.9,11.71,237.6,335.56,89.1,99.6,15.63,3.215
2028-06-05,15.33,13.5,124.85,366.38,90.5,100.1,3.07,3.181
2028-06-06,16.02,13.7,130.13,370.93,93.7,100.6,4.74,1.618
2028-06-07,15.88,12.45,184.57,348.59,93.3,101,1.07,1.59
2028-06-08,17.74,11.68,331.64,308.14,81.4,101.7,0,0.512
2028-06-09,19.74,13.05,299.37,332.96,76.4,101.7,0,0.788
2028-06-10,22.56,12.73,304.05,337.72,75.5,101.3,1.38,1.188
2028-06-11,25.19,16.83,330.19,349.83,73.4,101.2,1.44,1.076
2028-06-12,26.68,17.36,337.48,349.28,71.9,101.5,0,0.786
2028-06-13,26.33,17.49,332.42,346.41,69.3,101.4,0,0.936
2028-06-14,24.91,17.21,336.1,340.39,70.4,100.8,0,0.627
2028-06-15,16.92,11.66,229.13,321.53,65.3,101.1,0,4.343
2028-06-16,16.16,11.4,250.68,322.56,74.7,101.5,3.42,5.412
2028-06-17,16.09,13.62,151.75,358.51,91.5,101,1.95,6.512
2028-06-18,15.21,11.88,228.35,329.19,83.4,100.7,0.93,7.394
2028-06-19,14.81,7.34,177.42,317.27,84.6,100.3,4.84,4.369
2028-06-20,12.02,6.21,206.31,293.96,62.3,100.8,0,2.134
2028-06-21,13.07,6.65,312.04,271.37,60.7,100.8,0,0.869
2028-06-22,14.88,9.02,309.75,294.29,66.3,100.2,0,1.344
2028-06-23,14.28,11.1,131.19,338.95,87.2,99.2,19.94,2.776
2028-06-24,13.34,9.67,196.04,317.39,73.5,100.1,9.77,7.673
2028-06-25,14.51,9.93,273.89,305.98,76.5,100.9,3.42,4.096
2028-06-26,16.01,12.15,108.21,347.96,93.1,100.1,19.74,1.529
2028-06-27,16.25,11.58,261.89,321.1,86.6,100,5.75,5.546
2028-06-28,16.67,11.39,205.67,332.19,90.2,99.9,8.61,1.097
2028-06-29,17.3,12.23,219.31,340.44,82.4,99.6,2.68,3.843
2028-06-30,16.78,11.17,175.42,341.31,79.3,99.7,5.39,4.161
2028-07-01,14.81,10.67,160.44,338.15,90.1,99.6,12.64,3.189
2028-07-02,15.67,9.53,276.49,300.66,80.8,100.5,0,0.802
2028-07-03,15.2,10.79,278.54,300.74,81,100.6,8.83,0.541
2028-07-04,16.42,10.28,284.73,307.41,76.6,101.1,4.37,1.167
2028-07-05,17.24,13.45,211.14,353.13,91.1,100.8,9.94,0.747
2028-07-06,17.25,14.11,158.42,354.28,90.6,100.4,1.89,0.393
2028-07-07,17.13,13.28,152.03,350.25,92.7,99.7,7.54,1.811
2028-07-08,17.72,10.7,294.02,311.29,73.7,99.9,0,2.994
2028-07-09,17.71,10.75,321.84,291.25,72.7,100.5,0.53,0.629
2028-07-10,17.41,10.03,327.93,283.81,75.3,100.7,0,1.763
2028-07-11,18.34,11.58,280.15,316.3,80.5,100.8,0,2.021
2028-07-12,18.68,13.37,258.21,338.88,84.7,101,2.87,3.721
2028-07-13,17.6,13.06,224.06,340.82,85.2,101.4,0,3.7
2028-07-14,18.86,14.25,172.99,361.3,90.7,101.6,0.64,3.868
2028-07-15,20.11,14.91,260.05,344.06,89.3,101.6,0,0.787
2028-07-16,23.39,15.26,319.13,340.17,86.1,101.4,0,0.229
2028-07-17,24.48,17.28,320.05,339.44,79.5,101,0,0.362
2028-07-18,23.31,17.41,293.01,339.18,76.6,100.7,0,0.776
2028-07-19,18.86,13.67,244.38,320.74,72.2,101.1,0,2.193
2028-07-20,18.8,12.22,293.4,303.3,78.3,101.4,0,1.086
2028-07-21,20.17,13.46,313.63,306.47,80.5,101.5,0,0.827
2028-07-22,21.56,13.84,312.05,317.08,81,101.4,0,0.602
2028-07-23,21.73,16.11,295.88,334.23,78.4,101.1,0,0.136
2028-07-24,23.29,16.62,256,347.17,77.5,100.9,0,1.501
2028-07-25,20.35,15.65,194.72,349.35,81.2,100.3,0.23,0.698
2028-07-26,18.82,14.58,90.31,354.45,83,99.6,13.38,1.767
2028-07-27,17.26,13.84,218.92,326.82,76.6,99.5,10.53,4.096
2028-07-28,17.15,13.11,220.66,325.87,81.8,98.7,8.18,2.742
2028-07-29,17.05,13.51,255.73,315.72,77.8,98.6,7.08,2.379
2028-07-30,17.84,13.57,230.4,331.5,79.6,99,9.52,3.897
2028-07-31,17.88,13.93,225.29,330.93,80.5,99.2,8.39,3.908
2028-08-01,17.92,14.28,220.16,330,81.5,99.5,7.26,3.929
2028-08-02,18.48,13.4,288.11,301.89,79.1,99.6,1.18,2.043
2028-08-03,17.76,11.55,278.33,292.21,77.1,99.6,0,1.449
2028-08-04,18.55,11.63,271.16,302.33,76.6,99.6,2.5,1.877
2028-08-05,17.02,12.97,191.84,325.12,81.5,99.7,12.07,4.476
2028-08-06,17.6,13.43,224.98,322.78,78.8,99.9,5.43,5.076
2028-08-07,16.29,13.3,135.55,336.72,75.4,100.2,2.42,5.06
2028-08-08,16.73,12.88,178.5,331.12,79.6,100.4,2.95,4.061
2028-08-09,18.58,13.76,142.96,361.23,89.8,100.1,15.2,3.766
2028-08-10,17.76,14.07,230,336.77,76.5,99.1,13.91,8.656
2028-08-11,16.18,14.04,146.71,346.76,85.4,98.2,37.39,10.438
2028-08-12,16.49,13.9,206.94,327.34,84,98.8,6.63,7.227
2028-08-13,17.99,13.11,242.35,307.54,72.5,99.3,0,3.893
2028-08-14,16.58,11.88,210.63,302.17,74.4,100,1.96,3.572
2028-08-15,16.79,10.54,174.37,321.36,80.3,99.6,5.3,0.763
2028-08-16,16.19,12.8,125.35,335.27,80.7,98.8,21.72,9.009
2028-08-17,16.15,11.98,198.86,314.36,76.1,100.5,3.79,6.539
2028-08-18,14.89,11.35,152.01,315.04,75.9,100.8,3.46,3.993
2028-08-19,15.66,10.72,170.88,321.16,81.1,100.7,0.35,1.282
2028-08-20,17.52,14.28,141.96,365.32,92.3,99.7,18.12,1.265
2028-08-21,16.79,13.66,137.06,346.42,83.7,99,18.15,8.007
2028-08-22,16.69,12.95,162.01,327,77.6,99.6,7.96,6.29
2028-08-23,15.88,9.91,190.56,301.9,76.4,100.9,0.84,2.212
2028-08-24,17.44,13.37,169.03,348.42,86.5,100.1,15.09,6.434
2028-08-25,16.45,12.75,170.92,325.83,77.7,100.6,1.8,3.557
2028-08-26,16.51,11.35,183.63,315.88,75.9,101,3.53,4.067
2028-08-27,16.18,10.29,62.55,343.16,88.3,100.9,9.75,1.069
2028-08-28,18.46,15.44,63.12,379.31,95.5,99.4,37.48,5.225
2028-08-29,17.12,11.96,151.62,343.61,92.4,98.8,25.25,2.735
2028-08-30,15.63,10.65,208.19,297.57,71.4,100,4.78,3.617
2028-08-31,15.34,10.53,196.87,301.59,72.8,100.2,4.6,4.2
2028-09-01,15.05,10.41,185.6,305.82,74.2,100.5,4.41,4.803
2028-09-02,13.3,11.48,47.85,333.7,86.1,100.1,24.47,0.686
2028-09-03,16.53,12.56,111.79,345.41,85.6,98.3,39.72,4.1
2028-09-04,14.47,10.34,185.66,293.14,69.2,100.8,0,5.611
2028-09-05,14.1,9.48,179.51,285.1,60.8,102,0,3.195
2028-09-06,14.48,8.09,158.32,292.43,69.1,102.4,0,1.021
2028-09-07,16.54,11.48,148.01,321.19,79.3,102.5,0,1.447
2028-09-08,16.85,10.9,180.59,307.05,84.4,102.6,0,0.312
2028-09-09,17.87,11.31,155.36,329.63,87.1,102.1,0,0.14
2028-09-10,15.93,11.85,104.93,337.97,92.9,101.6,3.96,0.62
2028-09-11,17.65,11.23,200.59,301.38,86.4,101.4,0,0.737
2028-09-12,16.41,10.68,155.51,316.87,87.7,101.2,0,0.222
2028-09-13,16.8,11.69,161.67,318.89,85.9,100.8,0.44,0.959
2028-09-14,16.03,9.56,195.44,282.67,81.9,100.7,0,0.534
2028-09-15,17.36,10.66,159.76,314.99,82.2,100.2,0.59,0.41
2028-09-16,15.39,11.35,157.21,306.62,76.9,100.1,4.07,3.124
2028-09-17,13.59,10.46,112.97,318.75,75.7,99.8,10.09,3.715
2028-09-18,14,11.44,118.69,323.16,80.3,100.2,7.82,6.196
2028-09-19,16.23,12.77,117.66,342.76,91.3,100.5,8.84,4.36
2028-09-20,16.5,13.94,127.6,350.4,88.9,100.6,0.88,2.243
2028-09-21,16.2,14.52,68.51,365.31,90.3,99.8,13.24,1.312
2028-09-22,15.4,12.24,136.68,313.2,84.5,99,3.49,1.283
2028-09-23,12.83,10.9,25.65,328.8,87,97.6,56.82,3.497
2028-09-24,14.54,11.24,83.61,313.01,73.1,98.3,6.09,7.052
2028-09-25,14.31,11.13,85.5,334.65,82,98.2,16.04,4.278
2028-09-26,14.77,12.11,100.65,319.19,82.4,99.5,5.47,7.054
2028-09-27,16.66,11.88,70.67,349.92,88.3,99.9,6.93,2.691
2028-09-28,17.56,16.47,34.46,388.56,94.6,99.9,47.31,7.111
2028-09-29,16.88,15.16,33.13,378.28,91.9,100.8,9.5,5.182
2028-09-30,15.17,13.28,54.34,356.35,95.5,101.5,1.66,1.786
2028-10-01,18.44,12.23,133.38,328.01,87.8,100.9,2.74,1.384
2028-10-02,15.87,12.51,131.8,301.63,76.3,100.9,0.15,8.371
2028-10-03,15.79,11.14,108.06,315.13,85.5,101.3,0,3.357
2028-10-04,15.55,11.69,77.47,334.6,87.2,101.2,0,0.503
2028-10-05,15.81,13.34,88.07,339.16,89.1,100.9,0,1.474
2028-10-06,16.1,12.02,102.72,324.3,90,101,0,0.18
2028-10-07,16.55,11.61,88.47,318.35,88.3,101,0.29,0.417
2028-10-08,14.66,10.63,85.34,318.47,88.2,100.8,2.19,1.288
2028-10-09,14.82,10.05,85.23,326.17,90.9,100.6,0,0.53
2028-10-10,15.2,10.39,102.41,306.25,83.4,100.5,0,3.276
2028-10-11,13.4,8.83,62.3,308.19,88,100.6,0.54,2.702
2028-10-12,9.83,7.64,54.89,292.8,68,100.9,0,1.853
2028-10-13,9.85,6.43,67.86,290.97,69.2,100.5,0,1.84
2028-10-14,9.63,4.43,91.97,262.56,71.5,100.4,0,2.161
2028-10-15,11.62,4.33,45.59,304.15,76.8,100.7,0.05,3.702
2028-10-16,11.95,7.86,55.89,313.21,77.1,100.2,8.66,4.164
2028-10-17,8.57,5.58,78.74,256.1,60.2,101.1,0,3.05
2028-10-18,8.24,4.41,99.73,252.64,65,101.4,0,1.462
2028-10-19,11.64,4.6,58.87,306.19,80.1,101,8.77,1.332
2028-10-20,12.01,6.2,82.19,287.58,72.7,99.9,10.07,2.695
2028-10-21,9.05,5.83,51.77,279.01,74.7,99.3,3.32,2.041
2028-10-22,10.35,6,80.45,278.67,83.9,100,0,1.751
2028-10-23,9,5.2,64.18,276.85,76.1,100.3,0,1.803
2028-10-24,9.02,6.04,47.67,296.92,71.3,100.4,0,0.902
2028-10-25,10.58,5.86,40.36,311.28,83,100.6,1.76,0.689
2028-10-26,11.72,7.44,68.92,297.47,87,100.4,0,1.789
2028-10-27,11.24,8.95,5.05,331.94,90.5,99.3,38.24,1.869
2028-10-28,12.28,8.08,68.66,289.65,87.6,100.1,0.83,0.838
2028-10-29,14.26,9.54,9.33,342.44,91.5,99.5,32.71,1.975
2028-10-30,14.1,12.03,25.64,350.02,93.5,98.6,22.67,3.299
2028-10-31,13.23,11.57,36.83,333.25,86.2,98.4,14.11,5.363
2028-11-01,12.36,11.1,48.12,317.13,78.9,98.2,5.55,6.131
2028-11-02,11.42,9.59,34.76,312.68,79.1,98,13.47,5.624
2028-11-03,11.22,9.59,32.23,303.54,70.7,98.7,6.87,7.897
2028-11-04,11.27,9.51,33.74,316.08,75.7,98.7,10.27,8.362
2028-11-05,9.99,8.57,35.58,308.57,78.5,99.2,5.71,7.399
2028-11-06,10.3,6.26,53.81,289.76,78.2,100.1,0.9,4.254
2028-11-07,9.48,5.57,24.99,296.63,85.9,99.3,7.64,3.563
2028-11-08,10.03,5.58,40.63,296.2,88.8,99.6,3.47,0.92
2028-11-09,12.99,8.45,5.05,347.15,92.9,99.6,44.62,2.159
2028-11-10,11.16,9.23,40.9,311.35,80.9,99.4,9.71,4.813
2028-11-11,10.83,9.49,37.6,303.1,80.2,99.6,4.86,4.149
2028-11-12,11.45,8.51,38.96,306.99,73.8,98.7,7.44,2.87
2028-11-13,9.35,4.54,23.11,288.64,85.4,99.9,2.02,1.942
2028-11-14,9.88,3.37,47.31,276.5,87.4,100.6,0,0.477
2028-11-15,11.81,9.19,26.52,328.94,85.6,100.3,2.54,2.554
2028-11-16,11.61,10.65,25.01,346.19,90.8,100.1,24.15,1.19
2028-11-17,10.71,6.03,9.87,314.83,91.3,100.8,8.22,1.83
2028-11-18,7.8,4.28,36.29,262.7,78.9,101.9,0,1.537
2028-11-19,6.74,1.79,43.84,244.57,82.1,102.4,0,1.189
2028-11-20,6.24,3.54,27.86,275.08,78.7,102.6,0,2.587
2028-11-21,7.48,4.67,38.3,264.4,72.4,102.6,0,3.941
2028-11-22,7.39,5.01,35.98,271.28,68.7,102.3,0,4.788
2028-11-23,8.87,6.11,27.15,297.45,85.1,101.8,0,4.639
2028-11-24,7.08,4.65,22.48,288.83,89.6,101.3,0.42,2.082
2028-11-25,5.86,2.01,38.11,254.63,82.6,100.7,0,0.794
2028-11-26,5.97,2.59,29.44,250.33,77.1,100.3,0,1.834
2028-11-27,4.31,2.01,38.23,240.04,73.6,101.2,0,2.458
2028-11-28,4.18,0.99,40.77,223.33,67.3,101.6,0,1.715
2028-11-29,3.38,0.68,31.29,253.36,77.4,101.4,0.74,2.584
2028-11-30,2.44,-1.17,27.77,237.97,82.8,101.9,1.82,4.826
2028-12-01,2.61,-2.75,32.89,249.69,89.1,102.4,0.25,1.029
2028-12-02,4.39,-1.58,33.64,248.73,92.7,102,0,1.025
2028-12-03,6.35,1.02,17.34,288.68,93.2,101.5,2.85,1.002
2028-12-04,9.88,3.11,6.95,330.37,96.2,101.3,10.75,3.071
2028-12-05,10.1,8.9,17.85,327.04,91.7,101.5,0.07,7.328
2028-12-06,10.02,8.79,16.76,325.9,88,101.5,0,7.612
2028-12-07,10.81,6.97,8.12,331.47,88.3,100.8,8.07,7.803
2028-12-08,7.88,4.96,14.87,304.55,68.3,101.7,0,4.164
2028-12-09,9.28,3.81,9.62,320.43,94,101.5,5.56,0.468
2028-12-10,11.01,9.3,9.22,350.37,97.6,100.5,11.19,4.32
2028-12-11,11.19,9.94,4.2,354.36,96.3,100.1,16.08,5.451
2028-12-12,11.55,10.26,6.61,357.88,98.5,100.2,39.92,3.198
2028-12-13,11.07,10.4,10.62,356.16,97.1,100,43.87,2.862
2028-12-14,10.97,9.89,7.75,351.1,98.6,100.1,23.82,2.069
2028-12-15,11.15,6.95,7.51,341.45,95.4,100,12.63,3.88
2028-12-16,6.83,3.61,24.31,258.69,67.2,101.3,0,4.123
2028-12-17,4.77,2.57,24.01,250.35,70.2,102.3,0,3.546
2028-12-18,7.35,0.37,11.88,286.16,75.8,102.5,2.06,2.831
2028-12-19,9.52,5.36,7.84,316.49,78.3,99.2,36.89,10.056
2028-12-20,5.34,1.92,17.94,251.07,59.7,100.4,0,5.111
2028-12-21,2.7,1.16,22.93,239.24,63.8,100.7,0,4.305
2028-12-22,2.56,0.87,23.55,243.36,70.6,100.7,0,3.238
2028-12-23,2.37,-0.64,29.01,237.64,79.2,99.9,0,1.432
2028-12-24,3.13,-1.49,30.23,231.05,80.8,100,0,0.558
2028-12-25,3.53,-1.4,8.28,264.65,87.7,99,5.18,0.373
2028-12-26,3.27,-1.73,24.7,234.69,86.6,99.5,0,0.886
2028-12-27,6.31,0.43,18.16,287.65,89.2,100.2,0,1.765
2028-12-28,4.29,-1.23,21.71,251.66,84.7,100.1,0,0.661
2028-12-29,2.27,-1.63,12.23,281.96,87.7,99.2,1.23,1.154
2028-12-30,6.23,1.84,13.38,317.55,96,98.8,0,1.807
2028-12-31,7.1,3.51,13.33,317.57,91,98.7,1.4,3.68
2029-01-01,7.97,5.17,13.27,317.91,85.9,98.6,2.65,5.563
2029-01-02,5.6,3.58,13.07,308.77,75.5,98.3,0.36,5.392
2029-01-03,3.65,1.61,14.45,288.74,83.9,98.7,0,3.619
2029-01-04,3.1,0.45,24.38,254.11,90.3,99.8,0,2.309
2029-01-05,3.15,-0.16,19.2,274.37,82.5,100.7,0,1.941
2029-01-06,4.56,1.64,12.9,306.41,83.5,100.5,10.74,3.566
2029-01-07,7.97,4.29,17.79,325.33,93.2,100,4.22,2.278
2029-01-08,8.96,6.78,10.37,331.21,93.1,99.3,5.75,2.781
2029-01-09,9.48,8.32,13.42,344.15,97,99.4,9.87,1.29
2029-01-10,10.1,8.47,6.85,350.89,97.5,99.7,30.25,3.057
2029-01-11,9.29,6.76,10.64,336,98.7,99.8,15.22,2.828
2029-01-12,6.84,3.86,20.73,279.86,81.6,100.3,0,4.006
2029-01-13,4.33,2.44,28.36,261.6,69.2,100.2,0,6.203
2029-01-14,4.53,2.76,15.43,299.93,70.1,99.9,0,4.575
2029-01-15,4.22,2.61,17.13,300.6,86.7,99.9,1.06,1.847
2029-01-16,3.74,1.43,15.68,293.94,93.5,100.1,1.16,0.679
2029-01-17,3.63,0.19,38.46,263.61,85.6,100.6,0,2.539
2029-01-18,3.5,1.74,7.59,300.55,79.6,100.4,0.54,5.346
2029-01-19,2.8,1.57,14.91,302.13,83.3,99.8,0.96,4.457
2029-01-20,2.93,1.53,30.11,280.47,72.8,99.9,0,6.28
2029-01-21,4.07,0.15,35.45,245.02,69.7,100.9,0,4.667
2029-01-22,3.44,-0.17,47.38,225.6,71.6,102,0,3.74
2029-01-23,2.68,-1.42,40.73,214.93,71.7,102.4,0,2.558
2029-01-24,2.98,-1.49,39.92,235.49,77.6,102,0,2.286
2029-01-25,2.41,-1.55,42.86,242.43,78.1,102.1,0,2.543
2029-01-26,2.19,-0.88,49.96,230.11,72.7,101.4,0,3.472
2029-01-27,2,-1.15,42.99,230.73,80.3,100.9,0,2.49
2029-01-28,3.39,-0.57,44.25,265.21,86.2,101.7,0,1.051
2029-01-29,4.69,1.52,38.29,278.43,85.7,102.3,0,1.378
2029-01-30,4.91,0.74,53,272.21,89.4,102.6,0.35,0.886
2029-01-31,6.51,2.04,46.93,296.34,96.4,102.9,0.66,0.954
2029-02-01,6.43,3.25,31.75,306.02,88,102.8,0,1.736
2029-02-02,7.45,2.76,44.24,279.07,89.6,102.6,0,1.006
2029-02-03,7.76,3.71,35.04,303.67,91.5,102.2,0,3.425
2029-02-04,7.68,3.31,41.75,291.27,92.7,101.5,1.44,2.55
2029-02-05,4.17,0.12,47.64,254.92,82.6,101.8,0,1.23
2029-02-06,2.57,-0.71,31.56,270.15,85.6,101.2,1.26,1.149
2029-02-07,1.65,-2.18,64.26,218.99,80.4,101.1,0,4.412
2029-02-08,-1.18,-3.43,40.13,238.77,77.6,102,0.6,4.294
2029-02-09,0.18,-3.56,29.78,255.41,85.9,101.7,7.96,0.936
2029-02-10,2.3,-0.83,26.5,285.51,94.8,100.9,4.9,0.395
2029-02-11,2.83,0.64,50.85,269.33,86.7,100.6,0.02,1.785
2029-02-12,3.4,-1.4,75.54,241.73,83.9,101.6,0,0.698
2029-02-13,4.87,0.39,32.3,294.75,86.2,102,0,1.028
2029-02-14,6.38,3.95,39.85,311.5,94,102,0.33,1.467
2029-02-15,5.44,2.27,43.74,300.27,84.3,102.2,0.65,1.404
2029-02-16,2.51,-1.2,65.54,253.86,82,102,0.3,1.487
2029-02-17,4.31,0.11,68.11,244.49,76.4,100.5,0,2.17
2029-02-18,5.04,1.86,19.81,307.78,90.3,99.4,13.7,3.526
2029-02-19,5.28,2.11,55.39,297.79,94.8,100.2,1.88,0.695
2029-02-20,6.7,3.89,23.83,317.27,92.1,100.1,14.65,2.026
2029-02-21,7.18,5.46,84.33,301.05,93,100,6.59,3.13
2029-02-22,7.27,4.29,46.29,289.67,85.8,100.4,8.54,5.454
2029-02-23,9.68,4.67,46.37,314.15,90.3,98.4,38.84,6.24
2029-02-24,7.06,3.44,34.14,306.21,81.6,99.2,17.16,9.741
2029-02-25,7.33,5.11,64.54,308.11,88.9,101.2,2.34,3.198
2029-02-26,8.57,5.82,22.36,328.94,98.2,100.9,15.28,4.287
2029-02-27,6.47,4.64,61.27,293.14,78.2,100.3,4.16,8.322
2029-02-28,7.02,2.75,92.45,262.83,67.6,100.6,0.4,4.681
2029-03-01,4.31,1.06,103.78,256.27,66.2,101.1,0.14,3.763
2029-03-02,7,1.3,39.78,297.06,91.1,101.1,4.96,3.548
2029-03-03,8.93,5.95,43,325.42,91.3,100.3,6.3,5.952
2029-03-04,9.87,6.5,35.54,333.85,96.1,100.3,15.53,4.733
2029-03-05,10.05,6.92,48.05,338.31,96.4,100.8,5.46,3.119
2029-03-06,9.12,5.62,77.02,302.83,80.1,102.1,0.14,2.867
2029-03-07,7.77,5.07,38.98,320.64,87.4,101.7,15.49,1.242
2029-03-08,8.73,6.08,87.29,305.14,75.8,101.6,0.37,5.656
2029-03-09,7.31,3.57,42.73,305.45,88.6,101.7,4.48,0.549
2029-03-10,6.58,5.51,24.71,324.24,93.6,99.9,28.06,1.353
2029-03-11,7.54,4.83,86.83,291.8,75.1,99.1,8.23,6.742
2029-03-12,7.04,4.41,96.05,279.71,82.4,99.3,1.14,4.391
2029-03-13,8.02,3.78,97.17,290.92,78.6,99.5,0,1.454
2029-03-14,6.66,3.05,68.13,288.75,82.5,99.6,5.83,1.359
2029-03-15,6.62,2.33,101.9,275.86,80.9,100.9,0.32,2.944
2029-03-16,4.19,0.72,58.63,282.07,79.8,101.7,4.42,0.6
2029-03-17,6.77,2.32,129.03,281.84,91.9,100.7,1.4,0.441
2029-03-18,7.58,2.6,104.16,299.87,88.9,100.8,3.7,3.11
2029-03-19,8.13,4.45,102.13,289.05,88,101.3,1.91,3.862
2029-03-20,7.69,3.47,94.2,293.14,79.3,101.4,0,0.399
2029-03-21,8.98,4.46,82.09,315.82,89.7,100.8,4.84,1.771
2029-03-22,8.22,2.45,91,291.4,74.4,101.2,0,2.764
2029-03-23,6.39,0.91,143.31,260.15,69.1,101.9,0,2.604
2029-03-24,5.48,0.61,108.59,269.81,72.7,101.6,0,2.235
2029-03-25,2.89,-0.93,89.65,258.85,73.5,101.7,0.43,5.167
2029-03-26,2.56,0.04,100.86,273.38,73.8,101.7,0.35,6.375
2029-03-27,3.48,-0.09,124.69,264.55,66.5,101.4,0,7.051
2029-03-28,8.35,0.7,205.56,239.59,67.7,101,0,5.099
2029-03-29,8.27,2.62,132.24,291.84,79.5,101.1,0.08,2.283
2029-03-30,6.44,2.81,141.26,293.63,82.4,101.2,1.72,0.535
2029-03-31,6.67,3.14,126.9,286.89,70.9,101.2,0,2.562
2029-04-01,7.16,1.83,156.38,260.12,72.9,101.4,0,0.955
2029-04-02,5.96,1.42,128.65,272.97,79.3,101.5,0.42,0.968
2029-04-03,6.55,0.39,152.25,272.92,82.7,101.5,4.52,1.553
2029-04-04,8.04,4.5,152.36,289.55,79.7,100.8,0.83,4.426
2029-04-05,5.04,1.79,128.45,262.65,58.7,100.9,0,2.81
2029-04-06,6.99,-0.34,50.07,284.29,81.5,100.3,34.37,0.873
2029-04-07,7.77,1.84,120.44,301.18,86.6,98.4,13.72,5.347
2029-04-08,6.4,0.18,171.83,243.62,64,99.1,0.54,4.528
2029-04-09,6.26,2.29,154.82,262.91,71.8,99.1,3.37,5.118
2029-04-10,7.68,2.37,179.23,253.75,68.3,99.5,1.4,5.632
2029-04-11,7.37,0.44,160.49,259.03,71.8,99.3,0,0.47
2029-04-12,7.44,1.99,117.14,282.23,69.5,99,0,2.218
2029-04-13,6.13,2.81,94.61,294.36,73.1,99.3,1.13,3.187
2029-04-14,8.44,3.38,211.34,272.34,72.4,100.1,4.09,5.595
2029-04-15,7.98,5.6,128.93,301.46,79.7,99.6,6.42,5.925
2029-04-16,6.7,3.8,23.94,310.86,87.7,99.2,34.34,2.882
2029-04-17,7.83,2.4,173.26,278.03,70.5,100.3,0.41,1.544
2029-04-18,5.23,-0.13,179.9,257.5,64.3,100.9,1.12,1.872
2029-04-19,8.78,-0.12,121.73,286.16,84.5,100.8,2.5,2.906
2029-04-20,8.45,4.8,145.38,297.57,82.9,100.5,4.6,2.855
2029-04-21,9.45,6.55,94.66,323.78,93.8,99.2,5.82,5.756
2029-04-22,7.73,3.83,145.7,289.46,76.7,98.4,3.66,6.275
2029-04-23,7.86,1.99,150.33,273.43,71.9,99.2,0.26,0.96
2029-04-24,9.36,1.12,240.47,255.85,68.6,100.4,0.33,1.193
2029-04-25,9.05,4.44,185.7,290.29,75.5,101,0.43,1.931
2029-04-26,7.43,2.59,171.08,272.87,69.7,100.8,0,1.334
2029-04-27,8.37,1.31,121.95,287.49,77.2,99.8,2.01,3.433
2029-04-28,8.3,4.81,130.7,310.46,89.2,98.5,5.72,1.643
2029-04-29,9.12,4.57,139.38,293.19,81.6,99.5,2.26,5.489
2029-04-30,11.64,4.35,167.23,295.63,80.7,99.6,1.52,2.843
2029-05-01,11.56,8.53,244.76,289.68,81.3,99.5,2.98,1.313
2029-05-02,12.72,7.46,277.67,285.71,80.5,100.2,1.22,1.026
2029-05-03,11,7.79,71.64,328.4,87.5,100,8.65,0.526
2029-05-04,10.64,8.18,193.12,312.63,90.9,100.4,2.53,3.275
2029-05-05,11.27,7.94,123.72,333.89,92.8,100.3,7.01,1.631
2029-05-06,12.91,9.18,236.49,319.87,88.2,99.9,8.17,6.2
2029-05-07,11.98,7.09,149.56,313.25,90,101.4,0.75,0.413
2029-05-08,16.63,9.42,170.9,337.14,79.6,100.3,1.54,3.873
2029-05-09,11.47,8.73,171.08,321.38,86,99.4,8.06,6.882
2029-05-10,11.67,8.34,224.05,301.05,81.5,101.2,0.27,5.123
2029-05-11,12.11,8.84,294.96,285.66,75.4,101,0,1.936
2029-05-12,11.32,7.8,73.38,330.23,94,99.8,13.71,1.87
2029-05-13,10.22,5.86,222.17,278.75,69.9,100.3,1.35,5.065
2029-05-14,9.86,6.54,199.88,290.36,74,100.5,1.02,2.5
2029-05-15,11.25,7,153.41,319.92,84.8,99.2,11.7,2.231
2029-05-16,13.46,7.02,245.94,300.44,88.5,100.1,1.35,0.664
2029-05-17,13.19,6.26,298.58,273.09,80.8,101.3,0,1.188
2029-05-18,12.33,9.69,72.85,345.74,94.4,101.1,16.19,1.482
2029-05-19,14.68,9.72,234.07,322.15,86.1,101.1,16.85,3.075
2029-05-20,13.28,9.2,162.81,321.13,86.2,101.4,0.6,0.775
2029-05-21,14.51,7.46,281.97,284.91,82.7,101.7,0,0.981
2029-05-22,14.81,8.74,292.08,285.74,80.7,102.1,0,0.787
2029-05-23,16.32,9.21,314.66,296.84,80.1,102.1,0,1.437
2029-05-24,16.46,10.13,296.47,300.35,85.4,102,0,0.94
2029-05-25,16.45,10.18,296.1,301.58,81.1,101.8,0,2.435
2029-05-26,13.69,9.41,266.63,296.48,78.8,101.6,0,3.286
2029-05-27,12.57,8.06,207.01,306.9,73.6,100.8,2.04,4.103
2029-05-28,9.45,5.95,203.19,296.01,80.5,100.3,3.36,0.498
2029-05-29,11.22,5.07,265.91,276.09,70.9,100.4,0.46,1.354
2029-05-30,11.52,5.54,253.65,265.71,67,100.8,0,2.406
2029-05-31,12.17,5.7,274.56,268.18,70.4,100.9,0,2.184
2029-06-01,12.83,5.86,295.51,270.57,73.9,101,0.17,1.998
2029-06-02,13.19,7.14,221.39,302.98,75,101.1,1.71,0.71
2029-06-03,13.25,10.48,118.49,340.19,88.1,100.9,15.42,1.575
2029-06-04,13.96,10.87,210.19,331.99,87.8,101.1,5.86,4.748
2029-06-05,15.89,9.31,245.66,330.06,81.4,101.9,0,1.49
2029-06-06,17.03,12.77,156.95,354.08,78.4,101.9,2.71,0.611
2029-06-07,15.5,9.27,317.82,283.79,76.4,102,0,1.623
2029-06-08,15.87,9.71,276.2,309.94,75.3,101.9,0,0.786
2029-06-09,15.19,8.46,284.51,296.97,77.5,102,0,0.343
2029-06-10,16.3,9.74,342,280.92,78.1,102,0,1.241
2029-06-11,17.83,9.81,337.35,292.4,82.3,102,0,0.81
2029-06-12,17.59,10.46,266.11,308.87,79.9,101.9,0,0.694
2029-06-13,18.26,10.11,319.62,295.91,79.6,101.9,0,0.484
2029-06-14,19.52,12.31,337.6,302.67,80.5,101.9,0,0.707
2029-06-15,19.12,11.46,311.83,310.77,80.3,101.8,0,0.858
2029-06-16,18.09,10.18,252.05,320.09,77.7,101.3,0,1.289
2029-06-17,16.24,8.73,272.74,293.01,68.7,101.4,0,3.457
2029-06-18,16.69,8.2,308.92,290.2,77.8,101,0,0.811
2029-06-19,14.57,9.69,267.54,312.51,66.2,100.9,0,3.617
2029-06-20,13.13,8.77,229.84,297.93,69.6,100.8,0,0.458
2029-06-21,14.02,9.77,276.85,303.64,80.1,100.2,9.23,2.9
2029-06-22,13.08,8.21,234.93,289.47,65.7,100.4,0.87,2.772
2029-06-23,14.26,8.7,216.62,308.83,76.1,100.5,4.42,2.196
2029-06-24,14.58,10.91,136.87,337.28,90.6,100.4,15.97,1.111
2029-06-25,15.15,10.58,252.95,309.01,80.8,100.4,5.12,3.958
2029-06-26,15.94,9.38,321.08,288.29,76.4,100.9,0.24,1.724
2029-06-27,16.73,12.39,128.25,361.95,94.1,100.5,37.66,1.177
2029-06-28,18.09,15.3,207.07,370.96,96,100.4,20.62,3.568
2029-06-29,17.01,14.56,130.14,351.88,90.8,99.9,17.61,2.454
2029-06-30,17.02,12.65,273.44,329.98,79,99.5,4.93,6.866
2029-07-01,14.81,10.37,204.85,310.63,76.6,99.7,1.03,1.676
2029-07-02,15.8,10.78,286.81,305.71,74.3,99.5,1.89,2.128
2029-07-03,14.38,10.41,228.74,308.53,78,100,2.52,3.896
2029-07-04,15.26,10.21,272.32,303.21,75.9,100.6,0.62,1.637
2029-07-05,16.13,9.08,318.54,282.34,72.8,101.1,0,1.256
2029-07-06,16.01,8.99,314.38,282.59,79.1,101.5,0,1.668
2029-07-07,19.21,10.34,319.09,296.77,72.2,101.3,0,0.782
2029-07-08,18.06,12.74,185.56,330.26,75.2,101.4,1.3,1.104
2029-07-09,19.2,10.59,264.33,310.32,69.5,101.4,0,3.58
2029-07-10,17.98,12.11,196.64,339,72.5,101,0,3.787
2029-07-11,20.28,13.28,218.47,354.48,73.2,100.8,0,3.875
2029-07-12,19.24,12.72,282.97,320.7,81.5,100.7,0,0.811
2029-07-13,19.05,12.47,306.8,311.65,81.4,100.5,0,1.081
2029-07-14,18.71,14.86,162.78,360.09,88.6,99.8,9.45,1.168
2029-07-15,19,14.22,147.78,362.64,91.1,99.4,39.47,0.707
2029-07-16,16.37,10.83,219.43,324.06,83.5,99.5,13.15,0.884
2029-07-17,17.64,10.59,306.36,296.67,79.1,100.6,0,0.755
2029-07-18,16.91,14.89,38.96,372.86,96,100.6,60.85,1.733
2029-07-19,18.51,16.27,257.14,354.37,90.9,100.1,14.14,3.704
2029-07-20,18.01,15.35,227.78,347.88,86.1,100.1,3.09,3.54
2029-07-21,17.63,16.24,58.84,381.1,95.7,99.8,28.93,3.001
2029-07-22,18.46,14.33,168.05,359.57,91,99.8,24.05,5.105
2029-07-23,18.1,13.31,297.38,306.79,79.6,100.5,0.1,3.179
2029-07-24,17.18,12.93,237.96,316.83,81.8,100.7,1.46,4.365
2029-07-25,17.28,14.11,231.61,317.04,77.4,100.7,0.01,3.18
2029-07-26,19.18,13.93,123.24,366.35,82.1,99.7,9.28,1.127
2029-07-27,17.95,14.68,280.22,317.8,79.5,99.3,0.98,5.412
2029-07-28,15.91,12.77,150.41,339.43,81.7,99.7,4.33,6.367
2029-07-29,15.46,11.75,177.73,323.21,76.5,100.4,1.26,3.279
2029-07-30,16.86,11.96,253.65,314.53,78.4,100.7,0.22,2.109
2029-07-31,18.02,11.65,257.44,311.34,77.1,100.7,0,0.934
2029-08-01,19.18,11.33,261.24,308.2,75.8,100.7,0,0.357
2029-08-02,18.93,14.81,102.62,354.91,80.8,100.3,26.66,2.046
2029-08-03,18.25,14.56,235.47,330.85,88.4,100.4,1.9,1.112
2029-08-04,18.44,15.34,99.16,353.53,86.9,100.6,10.3,0.735
2029-08-05,18.85,13.96,219.74,337.99,87.8,100.6,3.91,4.121
2029-08-06,19.27,12.76,273.45,315.14,83.4,101.1,0,1.096
2029-08-07,19.16,13.63,127.57,356.57,91.2,100.8,6.36,2.733
2029-08-08,19.76,13.33,277.67,307.96,78.7,101.1,0,0.313
2029-08-09,19.64,13.98,263.03,321.6,82.7,101,0.17,1.746
2029-08-10,18.64,13.32,245.54,309.62,75.5,101.7,0,1.57
2029-08-11,19.21,12.48,269.14,298.51,75.5,101.8,0,0.364
2029-08-12,20.18,13.94,229.66,336.91,85,101.9,0,1.063
2029-08-13,22.64,15.03,245.62,338.43,85.2,101.9,0,0.876
2029-08-14,21.27,14.57,225.95,329.04,79.1,101.7,0,1.869
2029-08-15,19.06,12.02,231.43,310.97,81.1,101.6,0,0.216
2029-08-16,19.95,13.72,252.79,316.55,85,101.3,0,1.189
2029-08-17,19.4,13.99,230.01,320.79,80.7,100.8,0,0.7
2029-08-18,20.45,13.57,246.95,312.52,73.5,101,0,3.688
2029-08-19,20.59,13.16,223.73,317.24,79,101.2,0,2.93
2029-08-20,20.52,11.69,244.42,306.73,79.2,101.1,0,1.063
2029-08-21,20.06,12.79,233.95,316.25,80.3,100.5,0,1.009
2029-08-22,19.39,13.9,221.88,324.09,81.9,100.3,0,0.447
2029-08-23,18.77,15.16,85.68,361.75,89.7,100,8.08,1.184
2029-08-24,19.35,15.57,168.1,344.9,88.5,100.1,1.91,0.327
2029-08-25,19.85,14.31,229.44,322.67,87.9,100.6,0.67,1.065
2029-08-26,19.61,15.07,114.88,347.9,90.3,101,1.84,0.295
2029-08-27,20.18,14.63,115.89,367.03,90.9,100.8,1.09,0.495
2029-08-28,18.78,16.19,36.37,374.13,94,100.1,18.92,0.771
2029-08-29,18.05,14.56,192.73,317,80.9,99.9,2.16,3.614
2029-08-30,20.44,15.57,189.73,342.06,76.5,99.4,5.64,1.288
2029-08-31,19.46,15.94,141.97,351.12,78.8,99,10.64,2.635
2029-09-01,18.48,16.32,94.44,359.87,81.2,98.7,15.64,7.248
2029-09-02,18.83,14.62,112.33,350.87,80.4,98.5,15.69,3.901
2029-09-03,16.89,14.65,122.12,343.74,77.9,98.7,9.99,9.093
2029-09-04,15.03,12.85,96.04,328.85,76.9,99,6.35,3.626
2029-09-05,15.49,12.6,143.42,322.64,76.6,99.4,10.56,6.161
2029-09-06,14.93,12.99,155.72,312.55,71.2,99.7,4.78,7.067
2029-09-07,14.85,12.64,107.39,322.44,75.8,99.5,3,4.936
2029-09-08,15.75,12.97,115.07,320.29,71.6,100.1,1.03,6.683
2029-09-09,16.23,12.4,157.31,313.75,71.7,99.9,0.05,4.719
2029-09-10,14.58,11.71,91.73,332.75,83,99.2,17.74,3.707
2029-09-11,14.63,12.95,64.53,341.88,80.3,99.9,9.45,10.326
2029-09-12,15.09,12.23,123.85,323.02,80.7,100.8,11.19,6.581
2029-09-13,14.17,11.4,90.28,320.3,80.2,101.4,2.67,2.662
2029-09-14,17.24,12.83,82.25,365.88,93.9,100.5,4.16,0.79
2029-09-15,17.06,14.86,137.21,344.05,86.9,100.2,11.89,4.567
2029-09-16,16.02,11.51,118.91,316.34,79.8,100.8,1.28,4.782
2029-09-17,17.05,11.51,161.84,307.8,84.6,101.3,0.06,1.662
2029-09-18,16.71,13.75,60.15,347.25,86,100.8,17.51,5.287
2029-09-19,15.92,10.99,137.33,300.37,76.5,100.9,0.45,6.285
2029-09-20,16.96,11.15,40.04,358.89,93.2,100.8,9.04,2.103
2029-09-21,16.9,12.43,111.64,336.67,81.3,100.5,3.16,5.974
2029-09-22,16.36,10.14,103.39,329.27,81.9,100.8,0.11,1.32
2029-09-23,17.44,15.92,88.14,374.99,95.8,100.6,5.48,2.355
2029-09-24,19.63,13.95,107.61,358.72,89.3,99.8,17.93,0.939
2029-09-25,14.43,11.79,87.94,323.15,82.9,99.5,9.95,5.082
2029-09-26,15.02,9.52,151.35,279.21,74.8,100.9,0,2.12
2029-09-27,15.29,9.93,72.3,324.45,77.9,101.2,0.83,1.084
2029-09-28,16.33,13.26,19.87,354.62,91,100.5,42.11,4.24
2029-09-29,16.94,12.61,101.12,343.08,92.6,101,0.76,1.507
2029-09-30,16.21,13.41,133.9,315.49,79.4,101.3,1.38,5.077
2029-10-01,16.82,13.12,69.19,347.71,84.3,101.5,2.86,4.421
2029-10-02,16.87,12.8,55.03,358.1,85.7,101.4,3.22,3.104
2029-10-03,15.14,10.98,78.8,330.97,73.4,101.9,0,1.323
2029-10-04,16.47,12.62,58.06,346.94,87.7,101.4,1.02,0.734
2029-10-05,16.92,13.76,84.54,338.63,88,100.6,0,1.37
2029-10-06,20.4,12.86,115.23,328.49,81.9,100.5,0,1.598
2029-10-07,17.47,11.48,112.04,310.3,85,101.3,0,0.764
2029-10-08,13.76,8.42,121,275.27,74.3,101.9,0,2.927
2029-10-09,12.94,7.97,103.44,279.58,79.8,102.2,0,2.652
2029-10-10,13.09,7.59,127.78,257.53,77.7,101.9,0,2.109
2029-10-11,12.92,6.08,99.26,267.5,78.9,101.4,0,1.535
2029-10-12,11.86,6.2,91.42,285.95,80.4,101,0,1.717
2029-10-13,12.99,7.1,65.29,308.06,82.4,100.9,0,1.366
2029-10-14,14.81,8.95,71.3,322.96,87.1,101.1,0,1.163
2029-10-15,15.48,11.85,51.94,345.6,87.1,100.2,2.78,0.773
2029-10-16,13.49,11.08,50.67,323.11,81.3,99.6,8.28,3.886
2029-10-17,13.11,8.47,64.04,305.01,85.2,99.4,3.21,1.051
2029-10-18,12.03,7.15,26.73,314.46,84.7,99.8,4.94,4.242
2029-10-19,10.33,7.02,66.51,291.53,72,100,0,1.673
2029-10-20,11.82,6.1,72.79,288.94,73.5,100.4,0,0.916
2029-10-21,12.23,7.1,56.85,315.6,77.7,100.5,0,1.388
2029-10-22,13.87,9.24,73.23,318.36,77.4,100.2,0,1.889
2029-10-23,13.2,10.28,35.72,338.19,90.5,100,1.01,1.355
2029-10-24,12.91,9.48,9.86,328.26,89.5,99.3,25.77,0.739
2029-10-25,15.25,7.1,28.69,321.99,86.1,99,14.69,3.653
2029-10-26,12.53,10.19,41.9,310.59,70.2,98.8,8.83,12.599
2029-10-27,12.27,9.96,39.7,316.02,72,100.1,6.72,7.755
2029-10-28,16.01,12.06,19.79,368.83,93.3,98.8,55.87,6.753
2029-10-29,15.56,14.05,60.4,330.97,90.1,99.2,2.65,5.702
2029-10-30,14.41,11.25,68.43,303.92,81.4,100.7,0,3.265
2029-10-31,16.26,11.43,67.21,312.1,77.8,100.5,0,0.796
2029-11-01,18.12,11.62,65.99,322.01,74.1,100.4,0,4.196
2029-11-02,18,14.78,47.68,341.57,73.7,99.8,0,2.308
2029-11-03,18.08,14.03,61,338.78,84.1,99.5,0.44,1.761
2029-11-04,16.93,14.85,65.43,328.53,84,99.1,0,2.67
2029-11-05,16.2,10.7,37.54,319,82.3,98.9,22.93,1.192
2029-11-06,13.63,10.69,27.83,327.75,85.4,99.4,4.74,1.264
2029-11-07,14.87,9.91,40.22,336.56,85.3,98.8,14.15,2.271
2029-11-08,12.07,10.38,36.63,312.65,75,100.9,1.96,5.088
2029-11-09,13.75,11.39,13.91,348.81,87.9,100.4,30.64,3.345
2029-11-10,14.04,10.51,54.69,296.93,81,100,1.17,1.312
2029-11-11,14.06,9.23,26.34,315.43,74.1,99.6,11,6.615
2029-11-12,15.15,9.08,11.3,336.36,81.4,100,37.9,1.389
2029-11-13,15.09,8.7,8.18,326.98,83.7,99.5,30.54,5.27
2029-11-14,10.23,8.12,27.39,292.57,69.7,100.6,6.58,6.871
2029-11-15,12.3,8.29,22.44,315.21,78.7,101.2,4.72,4.307
2029-11-16,11.92,7.94,33.8,301.87,77.8,100.8,3.39,3.638
2029-11-17,12.95,7.75,10.56,323.75,82.3,99.6,18.31,1.871
2029-11-18,11.29,5.88,18.19,301.45,66.2,97.8,23.03,12.452
2029-11-19,8.18,5.68,20.45,306.1,72.4,98.5,21.81,9.139
2029-11-20,6.63,3.59,14.45,295.62,81.6,98.3,20.34,5.959
2029-11-21,8.58,4.45,11.12,302.16,85.2,97.7,18.39,0.852
2029-11-22,7.54,4.96,36.4,286.53,82.9,99.2,5.53,2.489
2029-11-23,7.45,2.46,28.84,264.57,81.8,99.7,0,1.117
2029-11-24,7.16,2.41,22.11,281.96,91.8,100.2,0.5,0.65
2029-11-25,7.23,2.77,28.79,274.52,85.8,100.8,0,3.502
2029-11-26,7.52,5.56,22.76,282.05,74.1,100.9,0,5.198
2029-11-27,6.75,4.78,26.78,288.39,76.7,100.4,0,4.122
2029-11-28,5.73,4.09,19.65,283.82,86.1,99.7,0.38,4.88
2029-11-29,6.02,4.31,23.31,289.46,87.4,99.2,0,4.173
2029-11-30,7.39,2.07,18.21,280.66,79.9,99.6,1.11,1.656
2029-12-01,7.05,1.87,36.15,262.19,78.1,99,5.33,2.3
2029-12-02,6.58,1.59,34.84,242.39,79.6,99.3,0,1.73
2029-12-03,4.74,-0.26,26.96,237.77,80.7,100,0,3.332
2029-12-04,6.94,3.89,2.16,299.1,71.5,99.3,24.76,9.875
2029-12-05,6.14,4.51,10.82,314.56,86.8,98,18.86,9.36
2029-12-06,6.72,3.9,23.64,280.45,72.5,100.3,0.6,2.722
2029-12-07,9.75,4.11,24.28,305.97,81.7,99.7,17.06,2.046
2029-12-08,9.6,8.19,24.24,294.34,88.6,99.9,4.13,4.672
2029-12-09,9.18,6.74,3.25,321.65,91.7,98,17.08,0.764
2029-12-10,8.94,6.71,24.1,302.29,79.9,98.2,1.89,9.255
2029-12-11,8.63,4.01,24.67,276.8,89,99.9,0.63,3.724
2029-12-12,10.4,3.85,15.24,313.39,92.7,100.8,6.28,1.313
2029-12-13,12.11,9.79,12.28,352.04,95.5,100.2,8.72,4.608
2029-12-14,9.9,6.98,16.65,300.82,77.3,101.4,0,4.625
2029-12-15,11.55,6.92,15.09,333.12,91.8,100.7,1.9,1.029
2029-12-16,12.8,11.28,7.41,366.76,97.4,100.1,22.77,2.82
2029-12-17,12.25,9.73,3.91,352.89,99.1,99.9,25.21,1.219
2029-12-18,10.46,9.21,10.45,327.35,95.6,100.5,2.5,4.062
2029-12-19,9.31,7.86,21.08,284.52,88.3,102.1,0,2.655
2029-12-20,11.68,8.82,6.95,342.53,88.4,101.3,18.19,2.024
2029-12-21,11.83,10.42,10.65,338,90,100.8,8.86,7.777
2029-12-22,11.52,7.54,8.1,333.16,92.2,101.4,16.42,3.906
2029-12-23,11.66,7.64,9.89,343.45,94.9,101,6.59,5.563
2029-12-24,11.74,8.37,15.61,335.95,93.3,100.1,10.68,4.325
2029-12-25,9.03,5.8,3.77,321.37,89.5,99.4,23.62,5.351
2029-12-26,6.6,2.16,29.17,260.55,87.4,100.5,0.52,1.02
2029-12-27,9.35,0.68,15.79,289.94,87.3,100.7,11.56,1.232
2029-12-28,11.23,7.48,3.49,323.9,85,99.1,21.16,5.979
2029-12-29,7.77,4.49,9.97,298.59,74.7,98.8,13.15,4.741
2029-12-30,6.47,3.01,10.56,289.92,81.5,97.1,10.43,2.707
2029-12-31,6.67,3.83,14.95,286.39,79.4,97.5,7.32,4.067
2030-01-01,6.86,4.66,19.38,283.15,77.3,97.9,4.24,5.428
2030-01-02,6.9,5.41,19.7,290.2,78.6,98.3,7.1,6.62
2030-01-03,6.76,2.65,11.87,297.47,82.5,99,19.23,3.027
2030-01-04,10.08,5.68,16.87,303.54,80.8,99.5,5.09,1.156
2030-01-05,9.63,7.12,26.13,288.28,73.4,98.5,0.06,4.565
2030-01-06,8.26,6.86,15.67,300.55,70.7,98.7,1.37,6.793
2030-01-07,9.6,5.62,8.93,327.71,90.5,97.5,35.98,2.955
2030-01-08,6.88,4.81,14.35,310.86,85.5,99.9,3.76,2.789
2030-01-09,7.16,2.18,33.13,263.27,87.9,101.6,0,0.96
2030-01-10,8.97,4.07,26.06,304.45,85.7,102.1,4.85,1.699
2030-01-11,9.66,3.55,12.12,317.59,92.6,102.1,11.67,1.524
2030-01-12,8.01,5.78,9.18,322.23,94.1,101.9,11.6,0.765
2030-01-13,8.81,5.64,13.67,309.08,83.5,101.7,9.51,8.383
2030-01-14,10.3,8.27,17.05,337.11,94.3,100.9,9.94,7.04
2030-01-15,10.79,8.11,16.05,330.84,91,100.7,6.68,7.797
2030-01-16,9.08,5.49,19.2,306.14,72.6,100.9,4.12,7.455
2030-01-17,10.1,4.04,17.02,310.07,82.3,99.9,27.63,8.022
2030-01-18,6.62,2.88,31.34,289.78,81.9,100.8,5.68,5.491
2030-01-19,10.19,4.53,21,315.38,84.6,99.6,34.16,8.359
2030-01-20,7.49,2.3,19.48,302.62,84.9,98.7,29.33,7.047
2030-01-21,3.73,0.61,41.57,241.54,71.2,100,3.64,2.641
2030-01-22,3.99,0.34,41.13,231.68,70.4,100.8,0,2.175
2030-01-23,5.01,-1.03,9.25,281.39,85.9,100.5,20.67,3.736
2030-01-24,8.83,2.93,27.02,299.15,84,98.9,21.31,3.063
2030-01-25,8.9,2.44,36.62,287.59,83.8,98.2,11.03,5.237
2030-01-26,5.9,1.9,24.48,274.83,77.8,98.8,3.26,5.948
2030-01-27,7.25,1.58,5.73,308.7,91.6,97.8,12.25,1.647
2030-01-28,7.13,3.78,30.68,306.42,92.9,97.9,5.69,2.705
2030-01-29,5.49,1.27,50.1,272.65,92.7,98.3,2.46,1.383
2030-01-30,4.83,2.3,29.66,294.34,81.9,98.7,2.2,2.313
2030-01-31,4.56,2.37,22.67,295.07,80.4,98.6,0,3.913
2030-02-01,4.94,2.2,32.31,288.59,83.1,99.1,0,2.377
2030-02-02,5.34,1.72,36.4,289.2,86.6,100,0,1.645
2030-02-03,7.92,3.45,34.44,301.56,87.4,99.6,3.16,4.302
2030-02-04,8.56,2.93,54.48,283.78,90,98.7,0.94,2.786
2030-02-05,6.54,2.31,52.1,276.2,85.5,98.7,0,3.795
2030-02-06,6.18,4.06,15.06,318.17,88.2,97.8,21.36,7.073
2030-02-07,7.56,4.16,31.82,310.16,94.5,98.3,7.98,2.076
2030-02-08,6.52,4.3,15.32,316.71,93.4,98.6,14.39,4.169
2030-02-09,7.65,4.94,14.19,311.73,87.9,98.8,8.11,3.243
2030-02-10,9.18,7.08,21.41,333.04,95.5,99,31.26,1.778
2030-02-11,10.63,7.68,46.05,319.5,90.3,98.7,18.02,3.677
2030-02-12,9.89,7.17,81.13,277.02,86.6,99.1,0,1.175
2030-02-13,9.57,6.23,69.78,289.75,89.6,98.7,5.17,1.256
2030-02-14,9.58,6.79,18.18,327.24,92.5,97.1,11.91,0.953
2030-02-15,8.23,5.68,44.4,312.95,96.4,97,2.93,2.147
2030-02-16,8.87,3.76,37.6,306.26,95.6,97.7,2.48,1.422
2030-02-17,9.64,7.93,53.77,329.79,96.8,97.8,4.31,0.64
2030-02-18,10.02,7.86,68.28,307.42,92.5,98,2.57,1.549
2030-02-19,9.14,7.85,60.06,316.38,95.1,98.5,7.8,1.381
2030-02-20,9.91,6.06,73.64,287.59,92.8,99.2,0,0.619
2030-02-21,9.4,4.78,63.36,296.65,92.8,99.4,1.88,0.705
2030-02-22,8.12,4.55,62.56,269.9,84.4,98.1,0,4.592
2030-02-23,8.06,5.61,55.97,308.46,91.9,97.2,2.62,0.372
2030-02-24,7.97,4.62,52.52,302.75,91.1,96.7,8.82,1.25
2030-02-25,7.28,2.68,95.37,271.72,73.5,98.4,0,3.549
2030-02-26,2.73,1.1,25.83,293.12,88.5,97.8,4.26,6.291
2030-02-27,3.59,-1.67,122.03,210.58,69.3,98,0,0.88
2030-02-28,3.22,-0.74,29.69,278.48,83.7,98.2,3.42,4.041
2030-03-01,4.95,1.49,103.16,266.35,73.2,99.5,1.16,1.821
2030-03-02,6.1,2.22,73.69,280.2,76.1,98.7,2.55,5.827
2030-03-03,4.73,0.48,111.75,244.13,64.1,98.8,1.15,3.842
2030-03-04,4.54,-1.72,128.29,213.09,65.9,99.1,0,1.246
2030-03-05,4.66,-1.54,137.75,218.2,64.1,99.3,0,1.029
2030-03-06,7.14,2.52,27.16,306.91,70.7,98.1,9.26,3.055
2030-03-07,8.32,3.92,79.41,303.22,79.4,96,11.41,1.516
2030-03-08,6.96,4.32,83.2,279.54,74.4,96.5,0.72,5.566
2030-03-09,8.67,3.81,83.47,302.47,81.4,97.5,29.09,2.307
2030-03-10,8.62,2.83,68.4,312.6,87.6,96.8,10.78,5.849
2030-03-11,6.93,2.52,94.02,289.77,78.2,98.6,4.95,3.992
2030-03-12,7.54,2.15,115.04,288.97,83.4,98.3,11.29,3.24
2030-03-13,10.47,6.83,80.99,321.48,90.2,97.4,12.34,3.031
2030-03-14,9.68,7.32,139.64,291.01,92.1,97.9,0,2.68
2030-03-15,11.31,7.7,69.49,315.28,91.3,98.6,5.64,2.941
2030-03-16,11.01,6.09,79.09,307.84,91.8,99.1,5.94,1.591
2030-03-17,9.29,5.24,106.84,296.67,93.8,99,1.3,0.324
2030-03-18,7.07,3.8,55.01,299.16,91.6,98.7,8.12,0.754
2030-03-19,6.37,2.35,151.57,257.78,69.5,98.9,0,5.106
2030-03-20,6.15,1.9,140.4,256.55,66.2,99.2,0,1.976
2030-03-21,6.76,0.43,129.46,258.35,72.4,99.4,0.17,0.256
2030-03-22,5.08,1.65,24.49,306.93,91.5,97.8,32.54,5.319
2030-03-23,4.64,1.29,97.08,288.92,75.7,97.7,17.78,4.742
2030-03-24,7.03,2.15,138.21,262.55,70.4,99.7,4.06,4.336
2030-03-25,7.19,1.67,150.37,256.04,69.1,100.6,0,0.155
2030-03-26,8.73,4.16,70.28,297.63,66.3,100.2,0,4.071
2030-03-27,10.33,3.49,159.89,281.35,67.6,100.4,0,4.397
2030-03-28,7.22,2.33,157.62,270.69,65.1,102.1,0,1.625
2030-03-29,7.33,3.14,137.81,276.96,71,102.8,0,0.544
2030-03-30,7.48,2.56,137.34,275.15,69.4,103,0,0.512
2030-03-31,7.89,2.97,136.65,293.75,72.1,102.7,0,0.19
2030-04-01,7.37,3.5,104.96,294.65,77.1,102.5,0,2.298
2030-04-02,7.64,1.62,142.32,279.31,75.4,102.2,0,1.072
2030-04-03,10.91,6.33,114.31,320.86,88.1,101.3,0.33,4.876
2030-04-04,8.52,4.61,117.21,298.7,80.1,99.3,8.34,8.999
2030-04-05,7.39,2.89,123.72,278.74,63.7,98.8,1.08,4.754
2030-04-06,4.99,0.76,126.68,251.07,59.2,99.5,0,3.061
2030-04-07,4.5,-1.28,168.3,232.64,64.9,99.1,0,1.241
2030-04-08,6.93,-1.26,212.31,232.04,62.3,98.8,0,1.346
2030-04-09,7.48,0.45,142.99,262.04,67,98.9,0,3.453
2030-04-10,5.16,3.12,53.42,300.84,75.6,98.7,3.21,3.397
2030-04-11,7.62,3.29,100.25,300.44,85.8,98.6,7.52,4.735
2030-04-12,8.78,3.37,163.45,277.15,76.4,98.8,1.09,4.812
2030-04-13,8.91,2.67,120.25,278.32,77.3,99.3,2.03,4.314
2030-04-14,9.8,5.08,139.05,292.53,82.2,99.6,2.27,5.542
2030-04-15,8.68,3.66,134.42,289.49,78.8,100.1,0,1.57
2030-04-16,8.51,3.36,171.86,281.73,72.7,100.2,0,0.279
2030-04-17,8.84,3.3,182.7,274.7,74.3,101,0,2.223
2030-04-18,7.53,2.05,153.53,274.59,72.2,101.2,0,0.917
2030-04-19,9.17,4.57,180.21,289.68,71.4,101,0,2.202
2030-04-20,10.37,3.8,141.61,292.05,90.4,101.1,1.3,0.62
2030-04-21,11.93,5.02,166.9,295.37,87.7,101.7,0,0.646
2030-04-22,10.75,4.86,179.02,293.33,78.9,101.7,0,0.963
2030-04-23,11.41,5.75,145.82,306.65,83.9,101.5,0,1.851
2030-04-24,8.92,4.03,168.38,291.56,76.7,100.9,0,0.909
2030-04-25,8,4.77,83.39,313.24,86.8,99.9,9.68,0.997
2030-04-26,8.83,4.05,118.39,312.41,92.9,98.5,13.11,0.795
2030-04-27,5.39,2.93,91.01,298.13,73.4,98.8,4.5,2.154
2030-04-28,6.97,2.29,144.25,274.27,61,99.5,1.59,2.843
2030-04-29,8.67,2.65,192.42,268.04,71.1,100.5,0.49,0.264
2030-04-30,10.18,2.56,162.63,281.5,84.4,100.9,2.02,1.122
2030-05-01,12.64,7.88,189.32,305.41,76.7,100.8,0,2.51
2030-05-02,15.95,9.82,225.94,313,71.5,101.1,0,2.997
2030-05-03,15.61,6.9,301.45,261.52,56.4,101.2,0,4.358
2030-05-04,12.64,4.97,229.23,281.65,76.1,100.7,0,5.464
2030-05-05,12.67,7.63,157.42,315.76,87.2,100,19.39,4.683
2030-05-06,14.81,9.22,207.47,315.32,80.2,100.4,0.28,5.358
2030-05-07,13.4,8.18,191.93,317.46,77.1,100.4,0,4.742
2030-05-08,11.57,4.85,242,287.54,70.9,99.7,0,4.79
2030-05-09,10.66,4.14,137.87,304.27,78.3,99.5,1.43,2.177
2030-05-10,9.25,5.4,123.78,308.27,84.9,99.7,6.02,3.474
2030-05-11,7.64,5,91.07,302.97,82.3,99.4,1.06,4.359
2030-05-12,8.89,4.65,228.33,276.24,61.3,99.4,0,2.037
2030-05-13,8.59,3.82,209.36,271.7,64.4,99.8,0,3.374
2030-05-14,10.99,3.95,238.17,278.41,66.5,99.9,0,0.252
2030-05-15,10.5,3.99,116.5,299.73,76.8,99.9,8.58,3.59
2030-05-16,13.97,7.65,129.6,341.05,89.5,99,7.51,3.652
2030-05-17,15.44,9.11,159.24,343.61,88.3,98.2,13.3,3.441
2030-05-18,9.82,8.16,142.88,326.23,90,100.3,6.36,2.169
2030-05-19,10.96,5.84,198.63,291.81,82.1,101.5,0,2.053
2030-05-20,13.63,4.71,209.09,295.82,80.6,101.3,10.84,1.007
2030-05-21,11.03,8.48,142.7,333.28,93.1,100.2,10.34,3.091
2030-05-22,10.34,8.92,94.85,333.38,94.1,100.2,12.46,2.223
2030-05-23,17.42,9.78,249.23,338.95,90.9,99.7,8.93,1.082
2030-05-24,14.86,10.11,248.46,323.09,83,99.9,2.81,1.096
2030-05-25,14.28,9.8,205.65,320.08,90.4,100.2,6.75,0.404
2030-05-26,16.2,9.53,269.25,310.14,85.2,100.5,0.78,2.84
2030-05-27,15.88,9.56,298.38,302.51,78.7,100.7,0,3.085
2030-05-28,14.53,7.97,284.78,302.58,79.9,100.7,0,0.617
2030-05-29,14.67,12.22,173.86,348.44,90.3,100.5,7.9,1.563
2030-05-30,13.98,11.04,278.49,312.44,85.1,100.1,3.36,5.586
2030-05-31,13.6,10.47,264.72,309.48,80.2,100.3,4.3,5.389
2030-06-01,13.21,9.9,251,306.76,75.4,100.5,5.25,5.195
2030-06-02,12.25,9.32,186.95,312.54,86.1,100.1,12.36,4.02
2030-06-03,13.2,9.34,143.54,326.72,88.7,100.5,9.39,2.999
2030-06-04,14.42,12.77,165.1,353.4,94.3,100,5.3,4.783
2030-06-05,14.4,12.44,134.09,357.1,97.3,100.2,7.32,2.13
2030-06-06,15.84,12.55,167.41,363.79,95.8,100.7,1.2,0.919
2030-06-07,15.66,10.76,171.91,340.04,94.3,101.3,2.38,0.945
2030-06-08,19.66,10.56,322.81,310.1,85,102,0,0.238
2030-06-09,21.43,14.48,314.09,329.65,84.3,102.5,0,0.119
2030-06-10,23.55,14.79,322.33,336.77,76.8,102.5,0,1.925
2030-06-11,23.88,14.71,341.8,326.37,74.9,102,0,1.509
2030-06-12,23.12,14.55,331.93,328.39,74.9,101.2,0,1.174
2030-06-13,20.43,13.96,269.41,336.74,83.1,100.9,0,0.998
2030-06-14,17.7,12.55,334.77,296.52,82.4,101.2,0,0.429
2030-06-15,19.82,13.21,338.27,297.81,69,100.8,0,0.313
2030-06-16,20.96,13.47,250.46,330.12,72.5,99.6,15.24,1.068
2030-06-17,15.36,12.45,240.94,331.49,80.4,98.9,9.35,4.422
2030-06-18,15.59,12.18,214.09,328.77,81.6,98.8,6.29,4.956
2030-06-19,15.79,12.23,234.84,321.17,79,99.7,7.98,6.661
2030-06-20,15.07,12.28,121.96,342.79,84.4,100.3,5.12,1.708
2030-06-21,16.8,12.12,224.08,334.86,89.1,100.1,26.95,4.414
2030-06-22,15.22,11.05,263.9,300.61,78.4,100.9,0,3.101
2030-06-23,15.16,11.08,107.88,346.74,88,100.6,11.59,0.579
2030-06-24,17.61,12.37,253.28,332.5,82.1,100.4,3.65,4.454
2030-06-25,15.57,11.6,232.75,323.82,81.1,101,3.42,3.116
2030-06-26,16.07,13.03,245.8,336.56,85.6,100.6,3.73,6.254
2030-06-27,16,12.07,298.65,306.84,75.5,100.4,0.42,5.876
2030-06-28,16.37,10.75,290.67,294.26,75.4,100.7,0,3.166
2030-06-29,16.96,9.53,302.71,291.37,81.8,100.9,4.74,0.424
2030-06-30,17.73,11.55,275.22,311.86,75.6,100.9,1.19,0.509
2030-07-01,17.28,12.08,252.25,313.58,78.2,100.7,1.32,0.238
2030-07-02,17.66,10.42,287.32,294.68,68.8,100.7,0,2.822
2030-07-03,18.13,9.32,272.49,300.75,74.3,100.6,0,1.942
2030-07-04,18.35,10.43,305.08,295.83,71.8,100.8,0,1.347
2030-07-05,18.31,11.54,319.23,293.3,75.7,101,0,0.231
2030-07-06,18.58,12.11,283.23,303.09,80.6,100.9,1.15,0.092
2030-07-07,18.8,12.76,320.61,304.39,77.2,100.7,0,0.661
2030-07-08,18.62,12.4,336.37,293.32,79.4,100.8,0,1.668
2030-07-09,19.49,12.64,325.99,304,80.7,101,0,1.11
2030-07-10,19.79,12.41,316.3,312.79,82.9,101.4,1.06,0.764
2030-07-11,20.55,13.7,284.21,326.15,81.7,101.6,0,0.671
2030-07-12,20.7,14.97,277.02,344.56,84.5,101.6,0,2.179
2030-07-13,17.39,14.38,141.97,357.27,88.6,101.2,8.84,2.905
2030-07-14,18.87,14.7,266.47,336.43,81.2,100.3,16.92,2.205
2030-07-15,16.85,13.25,155.41,336.57,80.7,100,1.86,3.727
2030-07-16,16.43,10.85,267.04,303.67,68,100.3,0,1.209
2030-07-17,16.76,11.42,191.95,328.76,86.4,100.8,3.54,3.016
2030-07-18,18.92,14.91,247.23,349.08,88.8,100.7,2.68,4.407
2030-07-19,19.28,15.2,206.07,360.54,87.3,100.6,0,3.456
2030-07-20,17.96,14.03,92.23,366.23,93.4,100.1,11.47,3.768
2030-07-21,17.3,13.74,248.91,321.26,79.3,100.1,3.79,6.206
2030-07-22,17.66,14.47,152.71,352.43,86.5,100.4,2.03,2.885
2030-07-23,19.39,16.83,189.25,372.84,93.5,100.7,4.46,3.799
2030-07-24,18.83,14.94,275.46,327.92,83.9,101.1,3.4,3.46
2030-07-25,19.13,14.16,287.54,315.43,81.5,101.1,0,1.309
2030-07-26,19.1,16.08,139.08,363.18,88.9,100.2,3.74,3.738
2030-07-27,18.83,15.91,110.83,365.57,92.5,99.4,43.2,4.608
2030-07-28,19.05,14.21,255.65,327.72,78.8,99.6,0.61,1.093
2030-07-29,19.01,12.95,287.14,303.17,71.6,100.3,0,1.801
2030-07-30,18.23,11.35,271.37,297.14,74.7,101,0,1.951
2030-07-31,18.34,11.56,288.55,291.75,75,101.2,0,1.615
2030-08-01,18.46,11.77,305.81,286.35,75.3,101.3,0,1.285
2030-08-02,19.11,13.25,235.82,324.7,82.8,101.4,0,1.647
2030-08-03,19.37,16.46,249.33,343.57,85.3,101.4,0,2.818
2030-08-04,18.4,15.37,206.13,339.42,79.7,101.2,2.33,5.613
2030-08-05,18.69,14.32,226.56,316.87,74.1,101.2,0,3.845
2030-08-06,18.73,12.5,192.6,333.57,81.4,101.2,0,2.852
2030-08-07,18.44,15.54,188.94,348.2,79.4,100.6,2.46,8.305
2030-08-08,17.15,13.49,185.53,324.58,73.5,100.5,2.5,6.769
2030-08-09,16.03,11.72,204.91,301.21,64.7,101,0,3.813
2030-08-10,18.62,10.77,181.35,322.84,76,100.9,0.92,2.157
2030-08-11,16.23,11.89,103.72,344.54,89.1,100.8,8.37,2.578
2030-08-12,16.48,13.15,158.02,340.34,80.6,99.7,12.18,4.485
2030-08-13,15.6,12.85,158.38,326.24,79.4,99.1,9.3,6.802
2030-08-14,16.76,12.86,162.89,330.48,79,99.1,4.08,3.399
2030-08-15,18.02,13.95,223.92,328.21,80.6,99.3,9.82,6.318
2030-08-16,17.51,13.59,226.11,310.65,77,100.5,1.39,3.858
2030-08-17,17.51,13.14,226.83,308.77,77.5,101.1,0.02,2.928
2030-08-18,18.86,13.42,81.29,356.59,90.8,100.8,6.25,0.787
2030-08-19,24.71,16.96,234.25,355.41,74.1,99.6,8.19,1.691
2030-08-20,17.91,13.43,162.83,336.53,86.8,99.5,10.68,3.932
2030-08-21,19.04,12.86,242.29,314.43,76.7,100.1,1.89,1.397
2030-08-22,17.91,14.71,156.27,346.97,84.5,99.7,17.1,1.88
2030-08-23,16.95,13.69,196.02,321.41,74.9,99.6,2.16,3.855
2030-08-24,17.21,13.96,177.63,337.12,83.1,99.6,11.77,6.067
2030-08-25,16.83,14.11,109.05,345.9,86.9,99.2,8.49,1.348
2030-08-26,16.37,13.59,155.82,326.52,80.7,100,6.11,5.9
2030-08-27,17.38,13.44,130.94,344.67,80.3,100.8,2.12,5.125
2030-08-28,18.48,16.34,82.93,380.37,95.8,100.7,20.68,3.926
2030-08-29,19.13,17.52,104.23,382,96.5,100.6,3.97,1.987
2030-08-30,18.06,13.13,155.54,339.54,78.2,100.2,25.68,4.739
2030-08-31,17.58,12.97,143.43,335.86,76.7,100.5,14.16,4.124
2030-09-01,17.09,12.81,131.38,332.5,75.2,100.7,2.63,3.517
2030-09-02,16.25,13.44,88.41,346.27,88.4,100.1,13.28,3.217
2030-09-03,16.29,11.46,189.21,308.79,80.1,100.3,5.19,2.456
2030-09-04,18.15,15.08,87.92,372.45,94.6,100.2,10.53,4.358
2030-09-05,18.04,14.6,113.23,352.4,83.4,99.9,14.06,5.263
2030-09-06,15.19,13.2,132.36,328.2,76.5,99.8,5.39,6.608
2030-09-07,16.09,13.25,141.26,332.68,78.5,99.7,5.61,5.979
2030-09-08,18.57,13.29,134.2,350.52,92.9,98.8,5.56,0.655
2030-09-09,16.71,14.18,93.6,354.73,93.2,98.9,49.84,3.126
2030-09-10,16.56,11.44,139.76,324.53,79.2,100.2,32.41,1.399
2030-09-11,15.46,10.73,143.91,308.86,80.3,101.2,2.4,2.521
2030-09-12,15.81,10.03,189.94,282.02,78.1,101.4,0,0.708
2030-09-13,16.31,10.04,122.55,317.38,80.4,101.4,1.05,0.825
2030-09-14,14.81,12.82,37.61,352.07,92.5,100.7,22.68,2.431
2030-09-15,16.91,11.85,128.9,330.4,89.4,101.2,3.69,1.556
2030-09-16,16.81,11.79,143.12,318.93,84.6,101.6,1.18,0.913
2030-09-17,17.01,12.73,60.91,361.62,93.6,101.7,4.63,3.102
2030-09-18,18.3,14.2,130.13,344.19,92.7,101.8,0,1.012
2030-09-19,18.16,12.61,150.05,321.46,87.9,101.9,0,1.328
2030-09-20,16.83,11.3,168.66,298.14,78.7,101.8,0,0.272
2030-09-21,17.78,11.86,142.59,319.78,77.8,101.3,0,0.999
2030-09-22,17.65,14.65,141.55,321.56,75.9,100.9,0,1.064
2030-09-23,17.34,14.16,92.73,336.77,76.1,100.4,1.61,1.629
2030-09-24,17.52,14.65,149.29,320.33,87.8,100,3.11,1.614
2030-09-25,17.95,14.43,33.3,358.4,92.3,100,11.14,0.651
2030-09-26,17.47,13.99,140.13,319.51,83,101.2,0,1.66
2030-09-27,17.73,15.35,88.74,356.34,84.8,101.1,0,1.044
2030-09-28,17.13,13.12,27.77,357.15,89.4,100.7,13.03,0.833
2030-09-29,15.8,11.26,136.19,297.64,79,101.1,0,1.308
2030-09-30,17.07,14.31,57.02,365.37,90.6,101.3,3.08,4.559
2030-10-01,17.25,15.82,39.53,373.9,95.1,101.9,12.49,4.5
2030-10-02,16.83,14.73,82.83,351.44,91.1,102.4,0,3.93
2030-10-03,16.07,14.11,70.34,353.39,90.4,102.2,0,3.421
2030-10-04,15.63,8.3,89.67,305.37,81.9,101.7,0.61,0.828
2030-10-05,12.51,6.62,138.65,262.66,68.2,101.9,0,0.801
2030-10-06,15.15,8.34,112.41,295.08,79.9,101.7,0,2.038
2030-10-07,15.11,12.46,90.3,324.87,84.7,101.6,1.77,3.643
2030-10-08,15.99,14.5,16.5,367.18,94.9,100.9,22.55,7
2030-10-09,15.86,11.92,58.12,327.61,84.3,100.3,5.26,6.922
2030-10-10,14.42,9.24,111.86,291.76,79.2,100.4,1.22,3.313
2030-10-11,14.25,8.15,71.01,315.09,85.1,100.6,1.29,2.279
2030-10-12,15.41,10.68,61.23,343.32,89,99.1,33.3,5.666
2030-10-13,13.24,8.16,91.45,300,82.7,98.5,16.46,3.805
2030-10-14,13.04,7.41,79.04,292.03,84.4,99.2,1.67,1.547
2030-10-15,12.27,8.34,58.53,308.57,83,99.5,1.15,1.212
2030-10-16,12.61,8.85,64.87,302.1,85.3,100.1,2.61,2.192
2030-10-17,12.82,6.3,104.7,280.22,81.8,101.1,0,0.918
2030-10-18,14.18,11.61,81.09,325.25,85.4,100.7,2.03,2.685
2030-10-19,14.32,10.56,17.38,351.48,94.6,99.6,34.65,0.987
2030-10-20,13.39,9.59,86.47,300.55,81.6,99.3,5.87,2.886
2030-10-21,13.24,8.95,38.67,315.51,84.3,99.9,2.93,0.765
2030-10-22,14.09,8.13,81.32,301.23,87.3,100.3,2.92,0.956
2030-10-23,13.72,10.46,38.53,334.03,89.3,100.3,1.48,0.759
2030-10-24,14.75,12.73,10.32,359.81,92.4,99.8,22.34,4.908
2030-10-25,16.35,10.46,35.64,343.78,90.7,99.8,23.77,1.193
2030-10-26,16.72,15.74,34.57,379.57,96.1,99.5,19.46,5.276
2030-10-27,16.57,11.87,52.58,333.95,81.4,100.1,20.02,5.794
2030-10-28,15.17,11.64,41.49,327.32,78,100.4,1.75,2.551
2030-10-29,15.3,12.48,49.65,323.28,76.1,100.1,3.65,8.25
2030-10-30,14.81,11.95,24.99,343.24,83.4,100.4,17.21,7.402
2030-10-31,14.8,11.91,30.24,339.64,82.5,100.5,12.5,6.396
2030-11-01,14.8,11.87,35.51,335.94,81.6,100.5,7.8,5.402
2030-11-02,15.88,10.45,33.95,336.16,73,99.3,21.58,10.752
2030-11-03,11.37,9.95,25.46,319.34,65,100.7,1.12,8.352
2030-11-04,15.1,10.14,19.04,342.05,85.4,99.6,20.16,7.207
2030-11-05,10.62,8.91,34.6,306.51,67.8,100.2,2.82,9.514
2030-11-06,11.81,9.2,25.61,321.6,72.7,100.1,10.76,7.677
2030-11-07,10.12,7.31,33.05,300.57,67.3,98.5,3.44,8.248
2030-11-08,7.65,4.07,45.22,254.19,63.1,100,0,3.894
2030-11-09,5.25,0.64,32.46,255.82,76.5,99.7,2.12,3.158
2030-11-10,5.41,2.34,23.36,285.67,85.9,100,2.2,3.066
2030-11-11,7.7,2.16,30.28,283.18,79.4,100.2,1.1,4.453
2030-11-12,10.09,7.65,29.03,311.16,88.3,99.7,3.55,4.365
2030-11-13,14.41,9.68,12.88,345.27,92.8,99.6,23.98,3.072
2030-11-14,12.59,9.35,30.92,312.53,76.4,99.6,2.96,7.215
2030-11-15,10.54,9.15,25.37,296.52,69.2,100.2,1.99,8.464
2030-11-16,10.64,7.53,27.1,311.6,75.7,99.6,16.68,5.669
2030-11-17,9.14,3.73,44.98,274.59,70.9,101.5,0,2.165
2030-11-18,11.67,7.32,24.61,323,92.8,102,2.08,4.519
2030-11-19,12.32,10.44,13.33,349.31,90.8,101.5,10.81,5.968
2030-11-20,10.8,7.07,30.13,293.45,80.4,101.2,0,3.468
2030-11-21,11.66,6.43,10.06,323.57,86.4,98.7,23.57,4.732
2030-11-22,11.62,7.14,13.03,328,83.4,98.9,9.79,7.983
2030-11-23,12.78,10.95,28.46,340.59,86.9,98.4,11.02,2.818
2030-11-24,12.09,7.37,26.26,307.53,71.6,99,3.75,7.608
2030-11-25,13.03,8.85,4.88,340.03,82.3,99.4,40.08,4.363
2030-11-26,13.07,7.72,4.69,341.49,90.7,98.6,23.33,1.834
2030-11-27,7.96,2.86,35.28,264.68,86.1,99.2,1.12,1.067
2030-11-28,5.8,1.09,38.51,231.66,78.7,100.1,0,0.662
2030-11-29,6.16,0.4,38.04,239.52,79.4,100.9,0,1.907
2030-11-30,7.82,3.92,20.6,296.84,83.5,100.1,0,3.439
2030-12-01,7.05,1.81,34.63,253.44,94.9,100.3,0,1.785
2030-12-02,7.58,2.56,18.72,299.61,96.1,100.3,0,0.701
2030-12-03,8.75,4.86,8.73,312.43,94.2,99.7,13.3,0.186
2030-12-04,8.93,6.14,18.31,315.27,90.6,100.3,13.4,1.946
2030-12-05,7.98,3.14,32.77,258.44,87.5,101.9,0,1.978
2030-12-06,6.92,2.73,20.53,285.75,87,102.1,0,3.197
2030-12-07,5.2,2.92,23.59,282.78,77.1,101.8,0,4.032
2030-12-08,5.7,2.07,23.24,286,86.7,101.8,0,2.567
2030-12-09,8.99,4.03,30.01,269.83,76.7,101.4,0,2.897
2030-12-10,7.29,1.58,25.22,258.69,66.1,100.6,0,2.052
2030-12-11,4.81,0.31,28.55,256.45,86.3,100.6,0,1.877
2030-12-12,9.09,4.46,10.03,320.01,89.5,99.9,2.6,4.699
2030-12-13,9.81,8.57,10.12,328.62,89.4,99.9,2.46,4.383
2030-12-14,10.37,6.77,20.68,302.68,92.7,99.9,0.22,0.868
2030-12-15,9.56,7,21.57,297.51,91.2,99.8,0,2.976
2030-12-16,9.93,6.79,16.03,321.67,94.3,99.3,2.69,1.819
2030-12-17,9.77,6.43,14.6,319,91.1,98.6,2.73,3.268
2030-12-18,10.29,9.26,24.85,302.94,85.3,97,4.94,5.952
2030-12-19,9.63,7.59,9.22,318.58,86.5,97.6,7.01,1.122
2030-12-20,9.24,4.78,9.95,307.53,89.7,98.7,20.38,0.759
2030-12-21,9.13,2.92,16.27,283.72,91.5,100,4.45,0.958
2030-12-22,12.39,6.44,6.53,330.37,90.5,99.7,28.63,2.834
2030-12-23,9.73,8.36,21.4,291.8,84.8,101,0,5.89
2030-12-24,9.28,6.55,15.56,308.88,93.3,101.8,0.12,2.435
2030-12-25,7.75,3.38,21.63,283.59,88.6,102.3,0,2.465
2030-12-26,8.27,6.33,16.15,312.37,92.8,102.2,0,1.338
2030-12-27,8.01,3.61,18.28,291.18,92.8,102.1,0,1.327
2030-12-28,6.38,2.04,21.17,284.42,91,101.5,0,0.799
2030-12-29,9.22,4.45,13.13,316.42,98.1,101,0.88,0.624
2030-12-30,11.25,5.46,10.79,323.87,91.9,100,6.75,1.566
2030-12-31,11.02,6.6,15.99,313.98,86.6,99.4,4.81,1.922
2031-01-01,10.79,7.75,21.22,305.25,81.2,98.8,2.89,5.694
2031-01-02,8,6.42,10.76,306.34,79.1,98.8,11.7,7.846
2031-01-03,8.84,5.73,28.85,294.67,83.7,99.7,8.82,6.384
2031-01-04,10.18,6.9,20.05,319.33,91.8,100.7,13.76,1.422
2031-01-05,11.19,8.73,22.13,326.72,91.1,100.2,5.42,6.167
2031-01-06,9.11,7.89,18.07,319.54,91.8,101.1,0.75,2.812
2031-01-07,10.88,8.69,10.3,352.38,97.2,101.2,10.02,1.422
2031-01-08,10.89,6,15.55,309.93,93.1,101.6,8.11,1.998
2031-01-09,7.23,2.8,31.49,252.63,82,102.4,0,2.464
2031-01-10,8.95,2.62,12.92,310.04,87.5,102.4,3.67,3.482
2031-01-11,10.98,8.59,8.67,342.42,92.1,101.2,19.63,8.613
2031-01-12,11.22,8.87,12.05,339.77,88.8,101.1,7.83,8.654
2031-01-13,10.79,9.4,14.63,341.33,92,101.7,1.75,7.52
2031-01-14,11.36,7.9,10.1,330.17,80.9,100.8,5.12,9.24
2031-01-15,7.89,2.6,20.99,281.79,69.7,101.5,5.13,3.165
2031-01-16,9.76,2.24,10.8,313.71,93,99.6,23.16,0.655
2031-01-17,2.86,-0.45,33.07,234.08,70,100.9,0,2.133
2031-01-18,1.32,-1.39,25.22,237.05,74.2,100,0,1.608
2031-01-19,2.83,-0.54,32.28,247.4,82.7,99,0,1.634
2031-01-20,2.64,-0.33,30.68,241.89,81.1,99.5,0,0.476
2031-01-21,3.91,0.52,27.37,265.21,85.3,100.6,0,1.731
2031-01-22,2.32,-1.07,44.58,232.23,93,101.3,0,1.54
2031-01-23,2.15,-1.56,46.67,222.04,89.2,101.7,0,2.191
2031-01-24,3.16,-0.5,38.71,246.25,78.9,102.2,0,2.547
2031-01-25,2.22,-0.27,40.07,245.03,89.4,102.1,0,1.274
2031-01-26,3.44,0.15,44.42,249.54,92,101.3,0,3.727
2031-01-27,4.13,0.31,30.1,262.73,90.1,101.1,0,1.244
2031-01-28,5.56,0.64,44.81,261.44,90,100.8,0,0.973
2031-01-29,6.09,1.15,27.37,291.92,94.4,100.7,1.27,1.839
2031-01-30,7.15,4.42,34.36,297.68,93.3,100.8,0,2.859
2031-01-31,8.25,3.47,50.88,279.07,93.6,101.2,0.43,1.956
2031-02-01,4.78,2.15,19.88,286.64,90.5,101.2,3,2.075
2031-02-02,4.47,1.71,35.37,275.35,92.5,100.6,0,1.103
2031-02-03,4.53,0.93,58.85,252.95,91.8,100.1,0,1.198
2031-02-04,3.42,-0.91,63.56,244.81,82.7,99.3,0,1.895
2031-02-05,2.92,-1.92,41.46,252.72,81.4,98.7,0,2.267
2031-02-06,3.88,-0.26,20.19,276.32,85.1,97.7,7.28,3.693
2031-02-07,7.16,2.41,21.7,305.77,92.8,97.8,15.04,2.348
2031-02-08,3.47,1.32,8.59,294.38,87.5,98.3,5.23,6.365
2031-02-09,3.09,-0.11,54.85,247.98,73.9,99.5,0,2.004
2031-02-10,5.86,0.45,41.34,261.29,73.3,99.5,1.72,6.917
2031-02-11,6.47,2.22,31,288.7,76.3,97.8,20.19,4.291
2031-02-12,3.55,-0.19,40.1,282.19,79.7,98.4,6.45,5.742
2031-02-13,3.21,0.4,8,294.04,89.3,96.8,20,1.756
2031-02-14,5.54,1.29,49.21,280.85,81.2,96.5,8.02,8.683
2031-02-15,5.38,-1.64,40.47,264.92,80.4,98.4,6.83,2.736
2031-02-16,3.62,-1.18,60.96,271.65,82.8,99.8,7.74,1.668
2031-02-17,4.12,0.53,25.08,287.32,87.7,99.7,4.62,2.776
2031-02-18,4.53,2.31,42.99,304.38,84,98.6,0,4.227
2031-02-19,2.97,-0.04,30.74,280.27,90,99.3,2.58,4.099
2031-02-20,2.49,0.01,13.21,287.95,87.5,99,4.84,5.825
2031-02-21,3.73,-0.99,103.39,224.94,73.2,100.7,0,0.502
2031-02-22,3.67,0.8,18.59,298.46,90.2,99.4,18.81,2.032
2031-02-23,3.33,0.78,57.2,274.8,74.1,100.1,1.28,4.048
2031-02-24,5.11,0.66,83.84,259.91,78.1,101.5,2.29,2.233
2031-02-25,7.73,5.04,16.68,322.16,95.5,100.2,17.35,4.332
2031-02-26,6.47,2.82,68.29,284.79,74.2,100.2,1.2,3.382
2031-02-27,5.42,0.18,68.58,274.04,81.3,100.8,0.24,0.289
2031-02-28,7.22,2.88,50.18,305.43,91,100,8.79,0.645
2031-03-01,6.06,2.43,79.53,272.35,79.5,100.1,2.84,5.601
2031-03-02,8.23,3.57,74.47,311.96,93.1,100.9,0.24,0.782
2031-03-03,8.71,7.24,41.72,336.86,96.8,100.9,15.54,2.96
2031-03-04,10.55,7.75,37.6,342.85,97.8,101,13.04,4.195
2031-03-05,9.78,7.41,62.1,334.78,97.4,101.9,2.85,3.114
2031-03-06,10.83,7.14,100.77,316.23,93.2,101.6,7.87,2.227
2031-03-07,10.42,6.13,94.1,310.28,78.1,102.6,4.31,2.693
2031-03-08,7.83,5.8,80.43,306.56,77.2,103.4,0,2.507
2031-03-09,8.5,5.89,72.81,320.91,92.2,102.3,2.3,3.443
2031-03-10,8.61,7.12,61.2,336.14,98.5,101.6,2.88,2.809
2031-03-11,8.77,7.34,69.74,331.04,96.8,101.1,1.26,2.592
2031-03-12,8.96,7.33,69.13,325.05,89.6,100.5,5.89,5.308
2031-03-13,8.3,6.76,95.5,296.64,71.2,100.4,2.85,9.45
2031-03-14,8.89,6.19,123.11,296.97,74.9,102,0,1.982
2031-03-15,9.34,7.13,133.53,300.28,86.4,102,1,1.783
2031-03-16,11.53,5.6,122.69,297.34,74.1,100.4,0,1.371
2031-03-17,7.86,5.03,110.49,293.35,73.4,99,4.98,3.508
2031-03-18,7.54,5.84,64.56,311.83,86.9,98.5,10.21,4.273
2031-03-19,8.57,4.53,102.72,290.87,88.8,99.4,1.17,0.335
2031-03-20,8.55,3.1,137.32,265.07,82,100.7,0,0.452
2031-03-21,9.18,3.19,111.49,287.09,78.7,100.4,0,0.809
2031-03-22,7.71,5.25,79.99,306.12,89.1,99.3,7.21,0.628
2031-03-23,7.76,3.22,25.6,314.67,92.7,97.9,35.92,2.097
2031-03-24,7.8,4.18,83.66,294.16,66,99.1,0,6.948
2031-03-25,8.4,3.24,149.28,260.16,81.8,100.9,0,2.042
2031-03-26,10.55,7.15,75.77,337.51,96.3,101.4,8.43,1.256
2031-03-27,11.04,8.94,81.05,338.66,97.5,102,0.82,1.216
2031-03-28,12.83,8.26,115.32,325.66,94,102.4,0,0.563
2031-03-29,13.58,6.17,199.25,272.62,83,102.5,0,0.711
2031-03-30,12.5,5.74,203.38,266.69,78.5,102.2,0,0.207
2031-03-31,8.81,3.6,187.09,267.27,68.6,102.1,0,4.544
2031-04-01,5.98,2.39,136.91,275.2,72.1,102.1,0,0.461
2031-04-02,7.44,2.22,97.14,288.82,70.6,101.1,1.59,2.499
2031-04-03,6.11,1.66,128.76,267.93,63.2,101.4,0,1.63
2031-04-04,8.85,2.76,116.92,294.26,83.8,101.2,1.46,3.347
2031-04-05,5.31,1.05,148.35,259.51,63.6,101.6,0,1.08
2031-04-06,7.34,2.77,61.32,302.76,81.9,101,4.39,4.522
2031-04-07,6.09,2.66,70.96,297.55,81,100.4,1.59,2.019
2031-04-08,7.02,2.68,88.62,301.17,79.9,99.2,2.39,6.154
2031-04-09,7.45,1.15,149.41,262.41,64.1,99.8,0,4.157
2031-04-10,7.14,2.94,69.51,305.46,85.8,99,9.23,1.725
2031-04-11,8.1,3.16,95.23,298.04,83,98.6,12.98,1.519
2031-04-12,6.51,2.53,106.39,288.99,79.1,99.3,3.64,4.259
2031-04-13,6.96,1.88,145,281.47,73.7,99.5,5.63,2.629
2031-04-14,6.33,1.81,178.99,256.92,59.3,100.4,0.76,2.02
2031-04-15,7.16,0.56,184.38,244,66.8,100.6,0,3.023
2031-04-16,7.29,2.71,146.02,276.12,78.1,100.2,3.71,4.147
2031-04-17,7.36,2.18,155.54,276.2,78.9,99.9,1.13,2.271
2031-04-18,6.68,3.59,90.01,309.36,88.9,99,7.32,3.947
2031-04-19,6.48,3.77,71.4,301.67,79,98.5,3.89,5.138
2031-04-20,8.68,3.71,173.04,281.42,73.8,99.5,0,1.853
2031-04-21,8.95,3.64,173.6,274,74,100.1,0,3.701
2031-04-22,9.35,4.41,192.38,281.93,73,101.1,0,1.085
2031-04-23,9.31,3.75,142.24,295.43,77.7,101.5,0,2.715
2031-04-24,10.24,4.81,200.3,284.88,67.1,101.2,0,3.647
2031-04-25,9.15,4.36,191.18,284.86,70.5,101,0,0.528
2031-04-26,8.04,3.1,108.82,304.5,81.2,101.3,4.99,2.748
2031-04-27,6.85,1.33,240.73,250.87,66.7,101.4,0,0.648
2031-04-28,9.44,3.36,185.84,291.03,62.4,100.6,1.52,2.51
2031-04-29,6.71,2.82,46.96,310.33,89.8,99.4,15.8,5.046
2031-04-30,8.9,4.29,154.55,301.13,84.4,99.6,3.71,1.413
2031-05-01,7.09,2.83,105.27,292.65,89,100.3,10.07,1.723
2031-05-02,10.23,3.28,164.39,295.08,83.7,101.1,0,0.809
2031-05-03,7.37,4.02,28.56,315.01,91.8,100.8,21.16,3.53
2031-05-04,9.35,3.66,247,262,66.1,101.2,0,4.612
2031-05-05,10.27,3.66,272.42,251.14,65.6,101.4,0,4.737
2031-05-06,9.66,3.06,266.96,262.02,71,101.4,0,1.063
2031-05-07,9.27,2.62,192.25,265.65,62.8,101.4,0,2.288
2031-05-08,9.21,4.82,247.62,272.03,62,101.7,0,1.363
2031-05-09,8.74,4.36,144,296.91,83.6,101.4,3.35,1.397
2031-05-10,9.13,3.34,220.98,270.8,73.1,101.6,0.95,0.448
2031-05-11,11.34,4.05,169.08,290.72,78.4,101.7,0,0.965
2031-05-12,11.76,6.69,252.85,282.96,71.9,101.6,0,1.061
2031-05-13,14.5,7.54,320.24,266.6,68.8,101.2,0,0.842
2031-05-14,14.13,7.62,306.75,274.77,79.2,101.5,0,1.159
2031-05-15,15.38,6.5,292.04,273.97,74.5,101.6,0,0.332
2031-05-16,16.41,10.79,318.57,283.99,64.4,101.4,0,0.628
2031-05-17,18.64,10.76,303.58,302.41,64.6,101,0,1.159
2031-05-18,16.47,11.72,208.15,324.81,79.1,100,2.02,1.06
2031-05-19,15.01,9.39,132.73,325.24,82.9,99.2,6.81,1.816
2031-05-20,12.87,9.78,228.59,306.33,82.7,99,3.38,1.362
2031-05-21,12.97,9.7,189.83,319.45,84.6,99.1,11.01,3.228
2031-05-22,13.65,9.85,221.22,316.42,78.1,100,4.99,2.674
2031-05-23,11.93,10.12,155.82,318.37,79.4,99.4,7.81,3.267
2031-05-24,12.09,9.17,167.59,323.35,86.9,99,12.46,6.933
2031-05-25,12.7,8.67,226.35,301.35,75.7,100.5,0.93,6.363
2031-05-26,12.03,7.58,175.36,315.08,79,100.4,10.88,0.727
2031-05-27,11.39,8.55,110.29,328.9,93.3,99.3,14.81,2.058
2031-05-28,15.04,7.52,290.27,288.17,84.7,100.4,1.11,0.463
2031-05-29,14.78,7.24,324.4,286.59,83.2,100.5,0,2.515
2031-05-30,12.94,8.97,268.27,293.15,72.6,100.5,2.26,2.97
2031-05-31,12.8,9.14,236.44,308.26,79.7,99.7,12.15,4.153
2031-06-01,12.66,9.3,204.88,323.43,86.7,98.9,22.04,5.393
2031-06-02,12.32,9.01,204.4,317.08,74.2,99.4,4.5,6.87
2031-06-03,12.79,9.45,143.12,322.7,78.1,100.1,5.22,1.098
2031-06-04,13.29,10.53,264.72,302.94,74.8,100.5,5.76,1.825
2031-06-05,13.23,10.3,279.95,292.05,72.7,101.5,0,2.927
2031-06-06,14.25,9.49,312.06,284.63,72.5,102.1,0,1.239
2031-06-07,18.5,9.3,282.7,315.04,66.9,101.8,0,1.243
2031-06-08,19.82,11.37,332.41,312.22,80.2,101.7,0,0.273
2031-06-09,21.43,14.51,285.46,347.79,87.2,101.7,0,0.312
2031-06-10,22.12,15.19,305.86,346.34,84.7,101.9,0,0.606
2031-06-11,20.37,13.33,283.63,334.88,80.7,101.9,2.29,0.724
2031-06-12,17.46,13.83,138.11,364.16,92.3,101.1,5.44,4.276
2031-06-13,15.42,11.28,224.4,329.56,78.6,101.1,1.1,2.979
2031-06-14,14.15,9.22,321.59,277.52,67.4,101.3,0,0.193
2031-06-15,14.7,8.88,315.96,287.17,68.7,100.3,0,1.776
2031-06-16,15.33,9.2,169.81,322.24,80.2,99.7,1.9,3.833
2031-06-17,18.86,13.58,150.7,353.93,82.5,99.1,3.39,2.486
2031-06-18,15.84,11.47,278.86,312.63,71.4,100,3.38,4.48
2031-06-19,14.7,10.63,47.67,334.21,83.7,99.8,38.65,1.997
2031-06-20,15.29,10.74,287.36,308.67,77.1,99.8,1.4,6.679
2031-06-21,14.93,11.97,78.21,351.94,89.2,99.1,20.7,0.385
2031-06-22,15.69,12.17,261.3,333.88,87.7,99.7,0,2.107
2031-06-23,20.92,12.23,225.63,353.05,83.8,99.5,8.58,0.875
2031-06-24,14.76,11.97,147.44,351.92,90,98.8,34.67,5.952
2031-06-25,13.26,11.29,136.07,340.24,86.6,99.4,16.54,6.424
2031-06-26,13.87,10.82,196.12,320.8,80.7,99.3,1.48,2.992
2031-06-27,14.5,10.61,214.56,326.83,85.2,99.7,5.63,3.393
2031-06-28,14.63,11.47,190.88,337.68,84.3,100.3,9.09,6.434
2031-06-29,15.47,12.19,234.47,333.59,88.5,100.2,3.09,3.298
2031-06-30,15.6,11.54,270.07,320.17,82.4,100.1,1.79,3.241
2031-07-01,16.37,10.85,312.79,302.29,79.1,100.3,0,2.308
2031-07-02,15.97,13.27,95.03,363.75,95.3,99.6,15.33,3.508
2031-07-03,15.67,12.89,191.07,343.44,89.1,98.9,13.74,7.047
2031-07-04,14.69,11.88,186.54,331.18,85,99.3,6.35,6.032
2031-07-05,14.99,10.94,243.01,310.05,76.7,99.4,2.75,5.718
2031-07-06,13.83,10.94,188.07,318.26,75.9,100,2.72,5.384
2031-07-07,15.08,10.01,294.36,292.09,76.5,100.5,0,2.847
2031-07-08,16.46,9.99,273.74,301.68,77.6,100.6,0,1.034
2031-07-09,16.75,11.66,231.42,333.59,84.9,99.8,2.8,1.923
2031-07-10,15.37,12.07,181.58,337.9,82.5,99.7,9.38,7.413
2031-07-11,15.11,11.43,173.03,332.61,82,100.7,6.51,5.287
2031-07-12,16.27,11.73,180.1,339.57,83.9,100.3,13.02,1.948
2031-07-13,15.07,12.33,205.34,320.89,80.8,100.4,1.55,6.128
2031-07-14,16.1,12.12,296.78,303.58,76.9,100.4,0,5.361
2031-07-15,16.96,10.61,318.94,288.13,78.3,100.9,0,2.409
2031-07-16,16.73,9.51,330.28,276.08,80.6,101.3,0,1.374
2031-07-17,18.55,11.1,316.6,289.24,79.8,101,0,0.729
2031-07-18,19.85,12.59,313.66,308.82,77.8,100.7,0,0.635
2031-07-19,20.77,14.75,192.47,355.39,82.4,100.6,6.26,1.461
2031-07-20,19.61,13.91,245.79,340.13,78.6,100.6,0.62,3.784
2031-07-21,19.18,13.22,238.12,343.79,82.9,100.2,0,2.012
2031-07-22,19.45,13.97,233.42,348.82,85.6,99.9,2.88,2.585
2031-07-23,16.46,14.14,137.03,353.39,88.8,100.1,1.64,2.749
2031-07-24,19.98,13.65,219.68,344.35,81.9,100.2,1.48,1.297
2031-07-25,19.2,13.34,278.51,314.13,82.5,100.9,0,0.616
2031-07-26,19.09,13.14,188.07,339.65,87.2,100.8,3.54,1.148
2031-07-27,18.78,12.68,284.97,302.93,76.9,100.9,0,2.48
2031-07-28,16.7,11.05,109.03,341.11,90.2,100.7,4.83,2.227
2031-07-29,18.36,16.12,138.54,379.08,94.4,100.6,1.77,3.23
2031-07-30,17.85,13.64,85.05,365.44,93.2,100.7,10.48,3.215
2031-07-31,17.86,13.54,151.22,347.07,87.5,100.9,5.59,3.683
2031-08-01,17.87,13.44,218.03,328.63,81.9,101,0,4.183
2031-08-02,17.88,11.92,254.75,309.89,76,101.2,0.36,3.344
2031-08-03,17.47,11.07,280.84,290.33,78.1,101.4,0,0.689
2031-08-04,19.48,11.89,294.34,297.94,75.3,101.2,0,0.459
2031-08-05,20.08,13.73,270.35,313.11,72.9,100.8,0,0.58
2031-08-06,19.89,16.9,170.96,357.01,80.2,100.5,0,1.51
2031-08-07,18.86,14.27,207.98,344.03,87.9,100.3,20.51,3.005
2031-08-08,17.17,13.33,213.1,321.53,82.6,100.3,0,4.008
2031-08-09,15.83,13.14,136,339.39,85.3,99.6,12.12,4.851
2031-08-10,18.89,13.11,204.4,331.85,82.7,99.7,5.72,3.325
2031-08-11,19.7,13.93,250.74,321.25,82.5,100.7,0,1.066
2031-08-12,17.67,13.94,146.69,350.13,87.6,100.9,8.45,3.789
2031-08-13,17.28,13.51,210.47,337.14,85.7,100.3,4.82,4.28
2031-08-14,17.74,14.36,180.91,349.66,90.3,98.6,15.63,3.678
2031-08-15,16.74,12.8,158.55,324.25,82.6,99.3,3.82,6.177
2031-08-16,17.58,10.85,204.76,313.09,79.6,100.6,0,1.012
2031-08-17,18.68,13.53,75.53,372.32,93.6,99.9,28.82,0.332
2031-08-18,17.23,14.8,198.58,331.53,84.9,99.4,3.43,4.556
2031-08-19,17.51,12.26,225.56,307.77,77.4,99.9,0,3.67
2031-08-20,17.61,10.74,251.3,299.12,76.2,100.3,0,0.801
2031-08-21,19.36,14.49,147.14,362.2,90.6,100,21.89,2.254
2031-08-22,18.36,12.41,168.83,337.06,85.3,100.2,12.27,1.534
2031-08-23,17.31,12.2,177.56,324.34,81.4,100.8,0,1.662
2031-08-24,18.16,13.78,163.27,343.32,82.2,100.7,0,1.622
2031-08-25,17.43,13.45,72.96,356.98,91.6,100.5,23.99,2.108
2031-08-26,18.02,12.85,203.18,320.64,85.7,100.9,0,1.625
2031-08-27,17.25,12.91,165,331.3,80.8,101.3,0,2.562
2031-08-28,16.75,11.61,130.53,324.78,83,101.4,1.27,1.459
2031-08-29,17.85,11.82,206.3,319,81.7,101.4,0,1.91
2031-08-30,17.61,11.71,181.44,311.47,82.4,101.5,0,1.698
2031-08-31,18.17,12.42,185.77,317.68,83.9,101.6,0,1.545
2031-09-01,18.73,13.14,190.11,323.66,85.5,101.6,0,1.529
2031-09-02,19,14.96,125.85,353.82,93.1,101.6,0,1.453
2031-09-03,19.44,15.93,153.39,352.55,93.5,101.6,0,1.865
2031-09-04,19.08,15.45,137.04,360.87,94.6,101.1,1.82,0.989
2031-09-05,19.64,15.77,185.63,343.96,89.7,100.8,0.09,1.404
2031-09-06,21.75,15.39,203.3,336.93,83.7,100.6,0,0.535
2031-09-07,22.09,16.63,190.19,336.89,84.9,100.3,0,0.582
2031-09-08,21.73,16.53,198.54,345.1,86.6,99.8,0,0.384
2031-09-09,18.96,14.68,148.18,350.73,91.3,99.3,40.93,1.027
2031-09-10,16.95,13.7,140.49,328.78,75.6,99.7,6.56,4.959
2031-09-11,17.67,14.33,167.9,316.07,72.9,100.7,0,4.024
2031-09-12,19.88,14.69,102.01,345.15,75.7,99.7,3.95,1.432
2031-09-13,16.01,13.54,68.77,343.29,82.1,99.1,23.07,4.586
2031-09-14,18.06,14.39,18.7,372.14,92.1,99.2,74.37,6.659
2031-09-15,15.97,13.72,150.3,315.46,71.5,99,6.96,8.246
2031-09-16,14.4,12.48,117.22,320.7,71.7,98.9,11.29,8.206
2031-09-17,13.69,11.34,89.59,329.11,79.1,98.8,21.91,6.279
2031-09-18,14.13,10.38,91.36,322.57,81.3,98.8,16.09,5.23
2031-09-19,14.18,11.97,67.26,333.87,79.1,99.6,6.91,5.788
2031-09-20,16.17,12.71,93.21,343.88,87.7,98.9,23.05,5.57
2031-09-21,14.35,12.62,96.44,310.94,72.3,99.3,6.06,9.162
2031-09-22,13.84,10.65,56.91,327.98,87,99.8,6.68,1.04
2031-09-23,15.25,10.14,85.94,336.77,90,99.4,10.27,0.756
2031-09-24,14.14,9.91,143.41,279.18,77.8,100.7,1.57,3.47
2031-09-25,14.94,9.13,93.14,321.12,82.5,101.5,7.36,3.745
2031-09-26,15.75,13.46,69.46,352.91,92.7,101.6,4.92,3.364
2031-09-27,15.33,12.43,99.69,335.68,88.3,101.8,0,2.811
2031-09-28,15.52,12.47,75.2,353.83,92.7,101.5,1.32,2.181
2031-09-29,14.73,11.6,74.42,338.99,78.3,100.8,2.73,3.762
2031-09-30,16.09,10.82,11.72,353.93,86.6,99.1,62.9,3.254
2031-10-01,13.12,9.34,117.48,308.69,75.5,98.7,8.68,2.145
2031-10-02,12.82,7.07,113.67,292.03,71.9,99.9,1.36,2.082
2031-10-03,13.79,8.73,97.7,294.52,68,100.3,0,0.608
2031-10-04,13.26,9.75,48.35,331,89.7,99.5,8.27,0.398
2031-10-05,12.59,8.77,80.49,311.93,78,100.6,0,2.425
2031-10-06,11.5,7.63,98.09,303.1,70.1,101.3,0.52,0.368
2031-10-07,14.2,11.48,46.81,350.69,88.1,100.1,40.01,6.084
2031-10-08,12.58,9.46,68.87,320.3,79.7,99.8,5.41,4.782
2031-10-09,15.12,9.4,16.87,340.12,87.9,97.8,29.02,4.053
2031-10-10,13.76,10.71,56.64,323.19,87.9,97.2,7.32,1.44
2031-10-11,15.85,10.29,70.11,328.6,85.3,98.1,8.09,2.727
2031-10-12,15.01,12.12,50.98,339.72,90.1,98,31.54,1.878
2031-10-13,12.27,10.79,44.02,324.32,81.4,99.6,10.13,7.569
2031-10-14,14.31,11.13,66.49,333.5,85.4,100.2,13.34,6.919
2031-10-15,13.79,9.34,19.07,334.38,85.7,100.2,13.08,6.709
2031-10-16,11.93,7.97,41.49,327.23,87.6,100.6,5.86,1.723
2031-10-17,14.01,10.5,26.49,339.7,86.1,99.4,6.45,5.7
2031-10-18,18.37,13.29,54.91,358.48,89.4,98.1,8.17,2.442
2031-10-19,15.26,12.31,37.46,333.19,86.3,99.5,5.86,1.246
2031-10-20,15.37,12.91,63.72,342.23,92.3,100.6,3.44,0.618
2031-10-21,15.9,13.04,21.48,369.06,97.5,101.2,30.41,0.469
2031-10-22,17.5,13.09,53.49,361.03,92.1,101,3.54,2.305
2031-10-23,15.98,13.74,37.36,368.25,96.4,99.9,3.92,1.185
2031-10-24,13.89,10.15,58.17,323.11,84.5,100.4,1.29,4.817
2031-10-25,11.51,9.11,43.63,315.93,68.8,101.4,0,1.804
2031-10-26,12.54,9.94,53.39,321.33,84.2,101,0,0.786
2031-10-27,17.43,11.38,31.33,352.05,88.9,99.5,10.47,1.892
2031-10-28,15.32,12.19,19.27,354.38,94.4,99.4,5.85,0.846
2031-10-29,13.44,9.81,66.95,313.72,82.7,100.1,5.86,3.495
2031-10-30,14.35,12.23,49.33,340.31,86.8,100.8,4.62,6.568
2031-10-31,14.77,13.2,36.2,357.81,91.6,100.8,6.1,6.093
2031-11-01,15.18,14.17,23.17,374.98,96.4,100.7,7.58,5.676
2031-11-02,14.58,13.42,18.82,368.88,96.8,101.1,3.93,2.227
2031-11-03,17.22,13.88,51.58,357.43,89.3,100.5,2.21,1.169
2031-11-04,15.1,10.2,54.9,313.9,65,101.5,2.41,6.889
2031-11-05,11.48,10.07,23.76,328.84,77.2,101.1,9.62,5.181
2031-11-06,10.28,7.16,49.75,286.65,76.3,101.4,0.13,4.573
2031-11-07,12.54,8.37,36.43,315.78,88.5,101.1,6.7,6.146
2031-11-08,8.58,5.91,34.35,297.88,75,101.7,0,0.963
2031-11-09,12.75,7.96,24.68,335.43,92.7,101.1,8.44,5.2
2031-11-10,10.92,7.27,55.63,294.46,81,101.3,1.45,0.726
2031-11-11,13.01,9.77,22.18,338.42,87.1,100.7,11.89,4.595
2031-11-12,11.08,9.78,43.62,287.39,66.6,101.6,0,7.491
2031-11-13,12.64,10.16,9.22,333.95,87.6,102.2,17.6,4.497
2031-11-14,12.68,11.91,34.84,324.56,85.7,102,0,5.193
2031-11-15,12.49,11.25,30.35,335.26,87.8,101.9,0,3.977
2031-11-16,12.22,10.39,35.05,309.43,87,101.7,0,1.237
2031-11-17,12.2,10.33,33.52,322.36,90.3,101.5,1.67,2.719
2031-11-18,11.65,9.49,31.32,330.74,86.9,101.7,4.51,5.261
2031-11-19,12.75,9.74,10.98,338.89,88.5,101.1,3.27,7.892
2031-11-20,11.75,8.6,14.18,328.67,81.8,101.5,9.27,5.41
2031-11-21,12.54,11.2,10.74,349.61,94.4,101.5,10.35,6.376
2031-11-22,11.57,10.2,22.19,330.04,93.1,101.5,0.43,2.586
2031-11-23,13.16,9.49,13.24,343.31,92.6,99.9,15.81,1.443
2031-11-24,9.51,7.28,22.84,310.1,77,99.3,7.19,3.723
2031-11-25,8.52,5.9,27.69,285.39,71.8,100.3,2.54,4.099
2031-11-26,11.52,5.96,9.2,326.3,85.9,100.5,7.54,1.799
2031-11-27,12.85,9.02,12.16,349.06,96,100,23.9,1.165
2031-11-28,11.65,7.28,22.24,327.67,91.4,100.7,1.97,1.803
2031-11-29,11.82,8.73,16.27,325.59,87.6,100.4,8.6,3.926
2031-11-30,12.61,9.86,6.53,332.25,88.9,101,7.49,7.465
2031-12-01,12.43,11.55,15.78,341.47,91.4,101.9,0.63,5.31
2031-12-02,12.12,11.07,13.24,348.66,91.3,101.3,6.89,1.282
2031-12-03,12.43,5.4,24.57,291.84,82.2,101.2,9.47,3.996
2031-12-04,10.77,7.9,18.02,294.73,68.8,101.9,0,5.56
2031-12-05,10.32,5.31,30.82,263.87,77.8,100.6,0,1.562
2031-12-06,9.91,6.14,13.66,299.45,70.2,98.9,9.23,6.098
2031-12-07,13.43,8.03,16.4,322.08,66.2,98,9.12,8.07
2031-12-08,9.07,7.35,14.92,299.61,68.1,100.2,5.65,9.497
2031-12-09,10.93,8.4,5.27,338.68,87.4,100.3,20.38,3.366
2031-12-10,10.77,7.96,3.54,333.38,87.1,99.1,30.32,3.877
2031-12-11,9.99,7.66,23.85,299.85,71.3,99.9,2.09,4.94
2031-12-12,11.38,9.28,18.17,330.09,89.7,100.1,22.31,5.815
2031-12-13,12.76,9.18,18.52,337.57,87.8,99.4,30.04,7.266
2031-12-14,9.91,7.41,14.82,304.01,67.4,99.3,2.39,7.629
2031-12-15,7.41,5.35,11.53,286.56,67.5,99.3,4.19,5.239
2031-12-16,9.72,6.79,7.86,323.7,85.1,98.2,18.04,1.816
2031-12-17,8.56,4.06,8.91,305.6,75.5,97.2,22.99,8.294
2031-12-18,6.39,4.21,11.12,297.65,73.9,97.9,12.52,9.061
2031-12-19,7.64,5.14,14.49,301.8,70,98.2,2.29,9.051
2031-12-20,7.9,6.09,16.03,308.01,81.9,97.8,30,6.44
2031-12-21,7.64,5.95,18.93,295.99,73.6,97.9,6.79,7.589
2031-12-22,6.9,3.54,10.36,284.84,82,98.1,5.63,3.685
2031-12-23,9.41,3.73,13.16,304.88,82.2,97.8,16.1,1.083
2031-12-24,9.37,4.93,17.73,308.4,83.1,95.3,9.33,5.064
2031-12-25,6.48,4.86,24.74,269.2,69.6,97.7,0,5.731
2031-12-26,5.74,3.37,15.2,282.97,77.9,99.2,4.3,3.039
2031-12-27,5.77,0.98,28.68,249.99,81.3,100.6,4.13,3.463
2031-12-28,10.36,2.13,9.91,319.41,92.2,100.3,32.17,1.384
2031-12-29,10.41,6.25,18.56,310.85,85.5,99.8,6.83,4.234
2031-12-30,11.94,5.59,17.74,303.12,74.6,99.1,7.52,10.554
2031-12-31,9.84,5.62,19.2,294.73,71.3,99.8,5.18,10.048
2032-01-01,7.75,5.65,20.65,289.2,68,100.6,2.81,9.542
2032-01-02,7.97,3.95,12.75,300.53,77.1,100.1,15.05,11.37
2032-01-03,10.45,5.63,7.92,324.93,91.4,99.3,24.75,5.317
2032-01-04,8.01,5.69,14.72,301.92,73.8,97.5,3.85,8.545
2032-01-05,6.24,3.45,32.07,249.94,72.3,99.1,0.74,4.193
2032-01-06,8.43,2.21,6.65,295.28,84.3,99.2,19.41,6.977
2032-01-07,6.16,1.84,14.83,292.95,79.1,98.5,17.34,11.097
2032-01-08,6.18,4.97,15.6,298.08,79.6,99.6,2.37,4.833
2032-01-09,9.62,5.14,9.76,324.91,87.5,97.7,29.47,8.718
2032-01-10,6.34,4.8,23.35,280,75.6,99.9,2.49,5.991
2032-01-11,5.58,2.66,24.69,276.1,77.4,100.2,1.28,2.589
2032-01-12,4.67,0.01,25.79,255.64,83.2,100.2,0.63,0.804
2032-01-13,8.87,1.69,2.53,310.54,88.7,98.7,40.84,1.891
2032-01-14,6.1,2.1,13,298.69,79.7,97.5,11.35,4.859
2032-01-15,4.01,-2.15,31.73,231.48,74.9,97.9,0,0.54
2032-01-16,3.51,-1.79,9.96,260.36,83.8,97.4,1.21,4.087
2032-01-17,4.3,3.06,4.51,309.67,89.8,96,30.75,4.329
2032-01-18,5.43,3.17,12.38,298.94,85.4,98.2,7.53,2.693
2032-01-19,6.15,2.59,34.16,269.9,80.4,98.8,0,1.296
2032-01-20,5.44,-0.08,44.95,231.77,83.6,100.1,0,0.81
2032-01-21,4.88,0.69,30.54,263.78,83.3,100.2,0.98,2.137
2032-01-22,5.2,2.53,20.11,301,82.8,99.7,12.66,3.352
2032-01-23,3.37,0.94,14.09,292.75,92,99.7,4.85,1.423
2032-01-24,4.05,-1,42.68,255.83,93.2,100.6,0.87,0.497
2032-01-25,3.41,-1.56,36.4,257.82,86,100.5,0,3.232
2032-01-26,5.3,2.28,33.16,294.39,90,100.8,2.08,2.244
2032-01-27,5.15,1.55,28.97,284.74,86,101.3,0.4,2.371
2032-01-28,2.54,-1.06,29.9,265.75,85.5,101.2,0.13,2.206
2032-01-29,1.39,-2.02,49.51,244.48,81.4,100.7,0,2.833
2032-01-30,2.4,-1.46,21.76,274.32,82.2,99.1,3.14,2.806
2032-01-31,5.2,2.42,19.16,304.03,83.7,98.3,15.48,4.334
2032-02-01,9.79,2.8,17.29,314.57,85.4,98.1,6.25,1.245
2032-02-02,10.1,6.52,10.54,327.22,81.7,96.4,34.61,11.988
2032-02-03,6.96,3.19,48.8,267.08,74.6,99,0.68,3.005
2032-02-04,6.67,1.76,26.26,312.23,91.7,97,41.02,0.822
2032-02-05,8.31,4.15,20.31,315.71,85.9,96.8,19.76,4.925
2032-02-06,7.85,4.83,22.94,308.46,80.1,96,18.01,8.217
2032-02-07,7.37,5.61,57.46,290.39,85.8,97,0.63,4.379
2032-02-08,9.81,6.09,24.12,334.35,87.4,95,30.81,1.822
2032-02-09,8.36,6.54,34.38,324.44,83.6,96.1,12.28,9.192
2032-02-10,7.14,4.2,43.68,298.08,81.1,98.9,9.27,4.908
2032-02-11,7.35,3.69,38.85,294.46,89.3,101.3,0.06,1.805
2032-02-12,7.48,4.49,26.24,313.71,85.9,100.8,14.57,1.769
2032-02-13,10.07,7.37,39.79,338.02,96.2,100.1,18.45,1.884
2032-02-14,9.92,6.25,66.76,314.26,90.1,99.6,17.57,6.234
2032-02-15,6.92,3.81,30.34,305.68,81.2,100.6,14.51,9.709
2032-02-16,8.83,5.72,13.91,317.02,88.8,99.8,20.98,7.089
2032-02-17,6.69,4.93,57.5,282.25,70,99.8,3.33,8.945
2032-02-18,7.16,4.91,58.58,290.69,72.6,100.6,1.54,7.147
2032-02-19,7.03,3.3,62.8,273.23,78.1,101.3,0,0.243
2032-02-20,5.98,2.74,67.19,280.84,71.8,101.8,0,2.414
2032-02-21,4.74,2.03,59.79,279.25,70,101.9,0,1.389
2032-02-22,5.98,2.14,24.22,305.3,81.6,101.2,6.54,1.392
2032-02-23,7.78,5.4,73.61,301.65,84.3,100,13.4,1.422
2032-02-24,7.91,5.26,93.37,279.29,81.2,99.9,4.73,2.144
2032-02-25,10.11,5.74,31.65,341.22,95.3,99.5,13.16,2.512
2032-02-26,12.44,8.76,78.87,322,86.2,99.6,2.36,1.335
2032-02-27,13.99,7.17,113.95,291.29,86,99.7,0,1.583
2032-02-28,10.71,8.18,66.64,298.97,86.5,100.5,6.53,1.8
2032-02-29,10.51,7.99,83.84,298.97,85.3,100.8,4.23,0.986
2032-03-01,10.32,7.8,101.05,298.76,84.1,101.1,1.92,2.141
2032-03-02,10.77,7.3,45.43,322.99,85.2,100.6,7.7,2.094
2032-03-03,8.41,6.56,92.42,303.54,86.1,99.8,13.19,1.986
2032-03-04,9.13,5.48,65.08,306.84,78.2,97.5,16.72,7.15
2032-03-05,7.04,4.9,80.39,292.25,72.8,98.3,4.31,8.012
2032-03-06,7.43,5.42,68.18,297.79,80.4,99,5.45,7.656
2032-03-07,7.72,5.55,84.53,292.23,77.5,100.1,1.72,5.43
2032-03-08,9.08,5.93,72.71,310.77,77.9,99.3,23.95,9.656
2032-03-09,10.7,5,21.35,318.23,82.7,99.2,10.63,8.628
2032-03-10,7.44,4.09,51.21,299.71,73.9,98,14.28,11.1
2032-03-11,7.07,3.83,115.84,280.17,72.9,98.5,3.05,4.152
2032-03-12,5.76,0.71,96.86,272.06,78.7,98.4,10.47,1.033
2032-03-13,5.9,-0.41,89.06,271.75,78.6,98.4,9.05,3.146
2032-03-14,6.09,1.9,93.47,288.89,83.3,97.5,3.8,3.936
2032-03-15,6.68,1.19,57.67,286.89,85.4,99.7,8.99,0.418
2032-03-16,4.06,-0.11,136.03,241.91,64.3,101.2,0,4.032
2032-03-17,5.73,-1.03,101.56,253.09,70.8,101.4,0,4.311
2032-03-18,4.45,2.2,30.71,301.97,83.8,99.3,7.47,6.233
2032-03-19,6.5,3.56,85.55,305.61,89.2,98.5,2.33,1.923
2032-03-20,6.57,1.2,109.94,267.1,68.8,100.4,0,1.811
2032-03-21,6.11,-0.19,97.82,266.02,67,101.1,0,3.467
2032-03-22,4.08,1.44,34.91,294.42,84,100.4,6.92,7.731
2032-03-23,5.77,1.88,82.63,298.16,76.8,100.7,0.23,7.115
2032-03-24,6.75,2.96,124.34,288.34,70.8,101.4,0,5.209
2032-03-25,7.98,3.92,96.53,306.24,79,100.4,0,3.323
2032-03-26,8.43,4.22,93.92,307.86,90.6,100.4,0.89,1.843
2032-03-27,9.07,6.37,74.02,320.47,92.5,101.1,3.3,0.456
2032-03-28,7.25,4.13,65.59,310.84,95.4,101.5,8.41,1.057
2032-03-29,7.95,2.81,154.44,272.74,86.4,101.6,0,1.481
2032-03-30,9.14,6.63,65.33,327.3,89.8,100,9.88,6.667
2032-03-31,7.6,5.27,98.46,300.61,73,98.9,14.46,10.738
2032-04-01,7.38,4.76,74.47,300.6,76.3,99.1,15.07,9.948
2032-04-02,6.44,2.53,142.36,251.54,63,100.9,0,3.763
2032-04-03,7.53,1.17,163.45,262.38,77.4,102.1,0,1.914
2032-04-04,9.21,5.35,107.2,318.13,88.2,102.4,9.24,1.858
2032-04-05,10.03,7.95,91.46,326.54,89.3,102,0.56,5.156
2032-04-06,9.46,6.74,125.34,315.26,73.8,101.6,2.24,8.586
2032-04-07,9.17,5.63,84.17,314.79,84.4,101.6,1.15,6.257
2032-04-08,10.68,7.34,81.53,338.14,90.6,100.3,3.65,8.059
2032-04-09,10.94,7.65,88.09,336.9,96.2,100.3,6.87,6.738
2032-04-10,9.59,5.98,123.65,309.99,82.9,101,0.08,5.573
2032-04-11,9.04,5.67,142.6,292.01,63.7,102.1,0,5
2032-04-12,9.86,5.19,162.69,286.51,80.4,102.8,0,2.117
2032-04-13,10.44,5.36,146.71,316.33,91.3,102.3,2.48,2.932
2032-04-14,12.77,7.55,198.86,305.26,91.8,101.9,2.89,1.346
2032-04-15,11.85,6.42,162.36,307.72,94.1,102.2,0,0.976
2032-04-16,11.28,8.62,169.24,320.59,91.8,102,0,1.912
2032-04-17,9.49,6.51,148.76,311.08,76.2,101.7,2.25,4.155
2032-04-18,8.05,2.91,152.44,285.86,68.6,101.3,2.38,5.689
2032-04-19,7.23,2.55,151.76,264.21,58.4,101.5,0,2.396
2032-04-20,7.76,1.28,229.06,241.32,67.5,101.5,0,0.746
2032-04-21,6.71,2.73,115.77,288.54,79.8,101.6,0.86,0.965
2032-04-22,9.25,3.05,163.59,290.43,78.1,102,0.24,0.544
2032-04-23,9.71,4.56,215.86,272.85,61.5,102,0,0.762
2032-04-24,10.41,5.35,242.22,268.39,68.7,102,0,0.516
2032-04-25,9.99,6.4,133.95,319.48,87.1,101.6,4.89,0.928
2032-04-26,11.08,7.23,150.48,318.99,86.8,101.3,1.75,1.897
2032-04-27,10.87,5.89,148.54,309.34,76.2,101.5,0,0.462
2032-04-28,12.53,4.85,251.59,266.64,66.4,101.6,0,0.733
2032-04-29,13.26,7.13,183.62,313.16,77.8,101.6,0.01,0.72
2032-04-30,11.97,6.84,182.05,301.89,62.2,101.7,0,2.965
2032-05-01,11.56,4.88,199.76,286.12,67.6,101.8,0,2.892
2032-05-02,9.4,5.89,145.15,307.23,68,101.7,0,3.354
2032-05-03,9.42,4.41,183.88,289.92,69.8,101.6,0,0.55
2032-05-04,10,5.75,171.57,298.57,65.9,101.4,0,1.88
2032-05-05,10.51,6.26,172.23,300.46,70.5,101.2,0,0.174
2032-05-06,11.99,7.56,172.09,311.04,71.6,101,0,1.746
2032-05-07,12.33,6.89,158.11,298.14,80.1,99.8,7.59,1.668
2032-05-08,11.27,9.04,222.08,300.91,85.4,99.4,8.04,4.814
2032-05-09,11.74,8.53,170.28,313.8,84.9,99.2,8.07,5.677
2032-05-10,11.77,7.89,186.23,312.56,87.7,99.2,1.85,3.857
2032-05-11,11.19,6.98,157.59,310.66,88.1,99.4,1.4,0.609
2032-05-12,10.68,6.66,129.04,321.61,91,100.2,10.67,1.316
2032-05-13,12,5.34,270.12,267.28,80.3,101.3,0,0.41
2032-05-14,11.8,5.6,275.36,274.54,75.9,101.3,0.2,1.426
2032-05-15,11.59,8.42,149.37,320.74,83.1,100,1.96,1.43
2032-05-16,12.49,7.5,104.71,323.32,84.5,99.4,6.82,1.952
2032-05-17,13.48,7.14,216.37,304.09,81.4,99,1.59,0.84
2032-05-18,14.98,10.05,228.54,318.84,83.1,98.8,6.14,2.14
2032-05-19,12.67,8.82,203.65,309.56,86.8,99,5.2,1.115
2032-05-20,12.22,9.26,180.47,324.08,86.7,99.5,4.99,1.59
2032-05-21,11.24,8.37,104.4,327.46,93.6,99.8,8.73,0.858
2032-05-22,14.41,8.98,261.55,300.82,85.8,100.2,3.61,0.487
2032-05-23,14.5,10.08,89.89,341.53,89.5,100.2,6.46,2.865
2032-05-24,17.2,11.55,167.98,346.37,79.2,99.7,8.89,6.258
2032-05-25,13.55,10.6,181.15,333.21,88.2,99.6,1.98,0.417
2032-05-26,13.82,11.55,290.34,311.48,86,99.8,6.17,2.091
2032-05-27,13.68,11.83,177.87,340.17,92.7,100,11.17,2.527
2032-05-28,14.21,11.51,278.31,309.19,85.7,100.2,0.62,1.65
2032-05-29,13.92,10.87,227.64,325.81,83.5,99.6,9.82,4.818
2032-05-30,13.92,11.17,208.74,325.73,83.2,100,1.7,4.643
2032-05-31,13.52,10.57,147.09,329.74,82.9,100.1,3.86,4.344
2032-06-01,13.13,9.97,85.92,333.64,82.5,100.2,6.02,4.054
2032-06-02,13.83,10.42,273.99,307.93,80.1,100.5,2.9,5.229
2032-06-03,13.24,9.47,225.14,307.27,76.3,100.8,4.55,4.184
2032-06-04,12.46,8.45,243.47,302.72,78,100.5,5.3,2.563
2032-06-05,12.43,7.74,182.29,308.17,83.1,100.2,11.16,2.492
2032-06-06,11.64,7.44,105.98,310.7,84.3,100.2,3.92,0.558
2032-06-07,13.54,8.57,257.82,297.48,77,100.3,3.22,2.598
2032-06-08,14.02,9.9,272.74,313.51,79.4,99.2,8.86,3.796
2032-06-09,13.5,10.47,128.76,333.41,84.3,99.1,11.46,6.617
2032-06-10,13.69,9.22,242.31,302.36,70.2,101,0,2.533
2032-06-11,13.49,9.41,62.95,349.35,91.2,100.9,27.77,1.634
2032-06-12,20.67,13.01,287.95,344.24,80.7,101.1,3.38,0.55
2032-06-13,24.04,15.56,265.85,358.69,70.4,100.2,0.61,2.821
2032-06-14,16.52,12.38,296.52,329.7,83.3,100.1,2.01,2.674
2032-06-15,13.75,11.3,261.14,307.9,79.7,100.4,4.08,5.536
2032-06-16,16.02,11.73,166.8,343.89,87.3,99.7,13.81,1.033
2032-06-17,14.23,11.09,198.1,331.96,84.9,99.1,5.31,4.736
2032-06-18,15.46,10.86,257.61,318.03,84.1,99.6,4.47,4.37
2032-06-19,15.85,10.89,325.68,296.66,78.5,100.1,0,1.763
2032-06-20,17.48,10.49,272.14,319.54,84.5,100.8,2.17,1.142
2032-06-21,15.05,10.92,292.26,309.19,81.5,100.9,11.78,3.132
2032-06-22,14.74,9.71,268.27,294.85,79.6,100.9,2.12,2.917
2032-06-23,14.76,9.34,246.22,306.4,79.5,101,0.38,2.306
2032-06-24,15.34,12.6,193.2,345.74,88.8,100.8,2.75,2.914
2032-06-25,16.63,11.64,272.06,322.18,85.1,101.5,0,2.944
2032-06-26,18.76,10.87,340.69,299.48,83.8,101.9,0,0.889
2032-06-27,21.17,12.88,316.16,320.13,84.3,102.2,0,0.756
2032-06-28,20.24,13.74,315.86,319.33,74.8,102.6,0,3.533
2032-06-29,20.05,12.57,317.62,316.49,78.6,102.2,0,3.874
2032-06-30,23.39,12.96,340.9,323.83,79.5,101.9,0,2.321
2032-07-01,23.2,13.39,344.85,314.02,78.7,101.5,0,1.019
2032-07-02,22.22,12.52,340.11,305.61,79.1,101.1,0,1.858
2032-07-03,22.16,13.04,319.75,312.42,81,101.3,0,0.526
2032-07-04,21.94,13.13,346.82,300.68,74.5,101.7,0,0.72
2032-07-05,22.73,13.75,299.33,323.62,73.8,101.7,0,0.119
2032-07-06,23.73,15.75,314.73,338.06,73.3,101.7,0,1.169
2032-07-07,21.94,14.63,333.73,318.41,78.9,101.7,0,0.519
2032-07-08,21,13.59,298.49,316.45,82.6,101.6,0,1.098
2032-07-09,19.96,13.89,318.13,317.48,83,101.6,0,2.772
2032-07-10,19.31,14.04,208.27,349.69,89.2,101.5,0,3.155
2032-07-11,19.59,13.81,316.12,324.01,86.1,101.5,0,1.316
2032-07-12,22.32,13.66,322.24,314.64,82.8,101.4,0,0.551
2032-07-13,24.33,15.43,283.9,344.47,78.4,101.4,0,0.19
2032-07-14,26.12,18.11,297.55,358.97,69.7,101.3,0,0.858
2032-07-15,24.72,17.69,303.65,342.74,76.9,101.3,0,0.268
2032-07-16,24.35,16.47,320.8,326.26,75.8,101.4,0,0.209
2032-07-17,26.49,18.15,321.26,345.41,69.9,101.6,0,0.155
2032-07-18,28,18.19,322.04,338.98,60.1,101.7,0,1.439
2032-07-19,28.82,20.21,223.78,372.17,59.7,100.8,0.65,1.292
2032-07-20,21.14,18.44,121.66,380.84,88.8,100.4,4.14,2.944
2032-07-21,20.09,17.11,123.1,378.88,90.4,100.1,2.66,2.952
2032-07-22,20.37,17.2,223.6,369.68,85.9,100.2,4.72,5.329
2032-07-23,19.05,14.37,289.41,319.14,73.1,99.9,4.76,6.741
2032-07-24,16.07,12.25,206.33,324.75,74.5,100,6.44,7.748
2032-07-25,17.59,11.66,197.7,332.03,76.2,100.6,1.46,5.949
2032-07-26,18.05,11.25,288.28,297.12,72.1,101,0,3.353
2032-07-27,19.9,14.06,251.17,339.5,84.2,100.8,0.47,3.644
2032-07-28,19.23,13.46,289.09,321.41,82,100.7,0,5.032
2032-07-29,18.39,13.42,232.9,329.32,72.2,100.5,0,2.96
2032-07-30,18.74,10.79,298.98,291.55,68.2,100.8,0,2.784
2032-07-31,19.41,12.07,278.43,308.03,73,100.7,0,2.57
2032-08-01,20.07,13.35,257.93,324.74,77.8,100.6,0,2.358
2032-08-02,18.27,11.44,306.48,281.91,74.3,101.1,0,0.62
2032-08-03,20.84,11.52,283.81,314.01,79.8,101.2,0,2.511
2032-08-04,21.53,12.77,289.57,309.96,79.9,101.1,0,1.447
2032-08-05,17.92,14.54,201.04,337.16,85.4,100.8,0.11,2.045
2032-08-06,18.61,13.13,161.34,335.02,80.6,100.3,6.15,2.495
2032-08-07,18.05,11.74,231.4,310.13,78.2,100.7,1.8,3.376
2032-08-08,17.84,13.31,203.04,324.45,81.3,100.6,10.04,5.507
2032-08-09,18.2,12.16,250,291.58,68.9,100.8,0.65,3.481
2032-08-10,17.86,10.58,276.58,284.38,70.3,101.4,0,1.489
2032-08-11,18.4,11.27,267.52,305.06,79.3,101.4,0,1.386
2032-08-12,20.66,13.42,272.77,317.36,79.7,101.1,0,1.05
2032-08-13,21.33,14.56,260.43,325,79.6,100.9,0,1.32
2032-08-14,19.57,13.82,227.24,320.55,80.1,101.1,0,1.783
2032-08-15,19.22,12.91,235.1,314.77,82.7,101.1,0,0.999
2032-08-16,20.93,13.59,254.61,317.02,80.2,100.6,0,0.553
2032-08-17,18.15,14.55,70.4,353.89,92.1,99.8,16.65,0.605
2032-08-18,15.85,12.35,174.52,332.25,82.6,99.4,16.55,5.93
2032-08-19,17.04,12.63,128.41,346.44,84,99.8,24.48,7.798
2032-08-20,18.2,13.48,119.89,349.21,88.9,100.7,2.44,3.402
2032-08-21,18.03,16.8,87.99,379.12,93.8,100.7,10.15,2.454
2032-08-22,17.84,13.01,106.63,354.06,86.1,100.1,15.64,5.885
2032-08-23,14.72,12.93,54.42,340.02,80.2,99.7,16.23,10.306
2032-08-24,18.2,13.81,210.61,327.11,82.6,100.1,0.16,4.342
2032-08-25,18.96,12.2,103.38,355.96,90.8,100.4,5.44,2.831
2032-08-26,16.37,12.11,167.86,315.57,73.1,101.3,0,2.695
2032-08-27,16.77,12.07,144.44,342.86,82,101.5,1.32,2.082
2032-08-28,18.67,15.7,106.1,371.15,94.1,101.5,2.35,2.722
2032-08-29,20.02,15.3,196.55,341.45,91.8,102,0,0.571
2032-08-30,20.2,14.69,197.38,340.7,93.8,102.3,0,0.085
2032-08-31,20.36,14.83,210.96,332.07,92.4,102.2,0,0.068
2032-09-01,20.52,14.96,224.6,322.19,91,102.1,0,0.105
2032-09-02,19.79,13.97,226.29,306,88,101.7,0,0.147
2032-09-03,21.04,14.19,215.04,315.72,87.7,101.6,0,0.261
2032-09-04,22.49,14.56,223.92,316.4,84.3,101.8,0,0.608
2032-09-05,22.36,15.76,194.98,331.82,83.3,101.8,0,0.342
2032-09-06,23.45,15.29,207.46,325.28,82.2,101.8,0,0.906
2032-09-07,21.37,13.84,210.32,311.06,84.9,101.9,0,0.955
2032-09-08,20.41,12.88,180.93,313.63,86.7,101.9,0,0.641
2032-09-09,20.57,14.37,195.52,318.78,85.2,101.5,0,0.102
2032-09-10,20.19,13.52,200.65,315.82,89,101.7,0,0.258
2032-09-11,19.4,14.38,146.14,335.75,89.8,101.7,0,1.92
2032-09-12,19.05,15.31,127.65,360.36,92.3,101.6,0,3.649
2032-09-13,20.57,14.73,156.99,347.04,90.2,101.6,0,2.316
2032-09-14,19.8,14.01,171.43,334.01,93.3,101.7,0,0.109
2032-09-15,21.11,15.42,141.38,346.26,86,101.3,0,0.383
2032-09-16,18.91,16.72,125.02,358.5,93.4,100.7,0.67,1.641
2032-09-17,18.81,15.52,100.18,360.86,93,100.6,9.28,0.288
2032-09-18,19.07,14.83,71.58,363.84,89.8,99.8,14.21,0.285
2032-09-19,17.62,11.77,125.49,327.81,83.1,100,3.03,2.225
2032-09-20,15.51,9.91,143.32,289.02,72.5,100.9,0,4.092
2032-09-21,16.89,11.24,162.4,292.31,72.3,101.1,0,4.22
2032-09-22,17.14,11.58,139,309.23,76.8,101,0,3.659
2032-09-23,16.92,11.7,115.98,323.57,84.9,101,0,2.431
2032-09-24,15.82,11.2,96.16,325.97,86.7,101.2,0.84,0.516
2032-09-25,17.59,11.27,144.31,322.92,85,101.1,1.51,0.491
2032-09-26,17.69,14.27,58.06,358.13,88.7,101.1,7.13,0.522
2032-09-27,16.88,12.23,89.3,333.2,90.1,101.8,4.41,2.532
2032-09-28,16.23,11.48,98.46,316.26,84.2,101.7,0,0.41
2032-09-29,17.18,13.34,59.38,347.74,89.5,101.4,3.05,3.14
2032-09-30,17.48,14.32,124.49,324.56,89.8,101.8,0,2.898
2032-10-01,19.99,13.71,142.86,321.77,86.8,102.1,0,0.586
2032-10-02,20.69,14.82,145.1,318.83,83.7,102,0,0.919
2032-10-03,19.64,13.52,141.32,315.5,89.5,101.6,0,0.401
2032-10-04,17.43,13.61,91.32,344.41,88.9,101,0.78,1.077
2032-10-05,16.41,12.64,91.53,337.14,85.8,100.9,0,0.653
2032-10-06,15.47,13.59,38.98,354.85,90.5,99.8,17.82,2.683
2032-10-07,13.64,10.57,55.46,314.46,75,98.3,4.37,2.136
2032-10-08,14.07,8.86,117.63,286.86,70.2,97.5,0,0.597
2032-10-09,16.08,7.36,77.2,299.34,84.8,98.9,0,4.106
2032-10-10,16.24,12.14,95.35,322.41,85.2,99.9,0,2.952
2032-10-11,14.98,10.54,93.19,315.79,83.9,100.7,0.8,2.351
2032-10-12,16.02,12.15,71.92,348.34,89.7,101.2,3.65,5.303
2032-10-13,16.39,14.77,56.35,362.21,94.2,101.8,1.92,5.091
2032-10-14,16.13,14.67,62.95,360.2,92.4,101.8,2,4.531
2032-10-15,16.32,15.33,35,373.83,97,101.7,3.84,3.486
2032-10-16,15.79,13.65,60.56,350.08,92.3,102.2,0,2.004
2032-10-17,16.11,13.27,53.5,348.81,92.9,102.2,0.69,0.394
2032-10-18,16.53,13.28,75.57,343.91,90.9,101.5,0,0.673
2032-10-19,15.85,13.02,60.29,340.27,82,100.6,1.35,5.785
2032-10-20,15.55,12.23,9.26,352.05,89.5,99.3,40.72,1.384
2032-10-21,14.59,8.03,47.03,318.65,85.3,98.7,12.77,3.529
2032-10-22,9.6,5.55,72.57,267.62,75.4,99.2,0.3,0.378
2032-10-23,11.41,5.08,64.42,277.01,76.2,99.6,0.79,0.432
2032-10-24,16.07,7.84,16.39,336.68,87.1,98.9,30.92,0.95
2032-10-25,14.5,12.95,51.81,322.26,67.7,97.8,3.18,8.818
2032-10-26,13.34,11.47,33.67,324.24,66.8,98.1,8.69,11.227
2032-10-27,12.66,9.84,45.31,315.28,68.7,99.7,3.8,3.964
2032-10-28,16.1,9.76,27.37,360.68,92.3,99.2,27.28,0.96
2032-10-29,15.99,14,71.04,325.4,89.4,99.7,5.82,2.167
2032-10-30,15.5,14.13,25.14,350.53,88.8,99.7,11.18,1.247
2032-10-31,15.47,12.37,28.66,344.14,88.1,99.7,15.54,1.699
2032-11-01,15.43,10.61,32.19,337.95,87.4,99.6,19.9,3.231
2032-11-02,13.59,9.67,45.02,311.98,72.2,99.7,10.17,2.358
2032-11-03,11.51,9.86,36.15,313.05,70.8,99.7,11.58,8.52
2032-11-04,11.65,8.74,49.27,308.42,78,101,3.05,4.27
2032-11-05,11.42,8.65,42.81,316.54,76.2,101.3,0.33,1.263
2032-11-06,13,9.45,55.79,310.48,85.4,100.7,2.65,1.85
2032-11-07,13.12,6.96,34.7,302.86,89.3,100.9,1.26,1.007
2032-11-08,12.1,6.24,61.49,273.26,86.1,101.7,0,0.582
2032-11-09,11.34,7.59,39.72,312.43,83.4,102.1,0,0.777
2032-11-10,9.78,6.48,52.54,292.51,80.4,102.4,0,2.462
2032-11-11,9.37,5.96,29.39,305.42,84.7,102.5,0,1.743
2032-11-12,9.38,5.28,40.96,290.87,81.6,102.4,0.03,0.87
2032-11-13,9.3,3.41,55.19,256.33,84.5,102.1,0,2.209
2032-11-14,11.51,6.86,40.36,293.79,94.3,101.7,0.51,2.579
2032-11-15,10.8,6.64,46.52,293.03,92,101.8,0,2.556
2032-11-16,10.42,5.42,27.88,293.48,91.2,101.6,0.44,1.193
2032-11-17,8.55,4.54,42.17,283.41,90.1,101.1,0,0.814
2032-11-18,6.79,3.62,22.75,288.07,77.4,101.1,0,1.053
2032-11-19,7.7,3.67,38.53,278.66,85.8,101.1,0,1.219
2032-11-20,6.42,2.4,26.52,280.51,76.3,101.2,0,1.017
2032-11-21,7.97,2.5,28.03,286.62,83.5,100.8,1.05,0.355
2032-11-22,9.15,4.99,19.24,311.99,90.7,100.2,25.2,0.817
2032-11-23,10.52,8.02,32.7,316.49,86.9,99.6,13.08,3.832
2032-11-24,10.58,8.47,10,327.75,91.3,98.6,23.23,1.831
2032-11-25,10.94,8.49,8.66,331.03,91.1,97.9,8.67,2.53
2032-11-26,11.22,8.85,29.19,306.53,80.9,98.2,4.17,5.128
2032-11-27,8.9,7.12,18.09,313.58,89,97.8,9.71,1.971
2032-11-28,9.94,7.1,29.98,290.67,80.7,98.7,2.23,0.275
2032-11-29,10.37,7.81,35.69,294.26,85.5,96.9,2.88,6.152
2032-11-30,9.54,4.72,27.18,280.82,90.1,98.9,0.29,3.272
2032-12-01,7.24,3.65,24.38,288.38,86.4,99.2,0,3.328
2032-12-02,8.12,6.28,11.12,306.51,82.1,98.3,0.49,5.061
2032-12-03,10.11,6.84,18.8,300.16,88.6,98,8.2,3.17
2032-12-04,9.75,7.72,14.01,305.95,90.7,97.6,4.86,1.437
2032-12-05,8.24,3.75,32.54,271.25,94.5,99,0,1.236
2032-12-06,10.16,2.85,16.34,295.43,91.7,98.9,5.62,1.94
2032-12-07,9.09,6.14,9.79,307.82,81,98.9,6.66,2.757
2032-12-08,7.7,4.38,21.56,283.61,86.8,99.5,1.22,1.028
2032-12-09,11.11,5.18,15.07,314.49,82.3,98.4,13.12,4.038
2032-12-10,11.3,8.78,29.8,295.42,74,99.5,5.8,4.287
2032-12-11,11.1,8.07,26.43,297,80.1,98.7,4.7,3.613
2032-12-12,9.92,8.4,13.25,320.66,79.6,98.2,14.89,7.945
2032-12-13,8.93,7.09,20.94,298.27,84.7,98.7,7.34,6.48
2032-12-14,7.76,3.61,26.51,277.28,85.5,99.8,1.39,2.792
2032-12-15,4.97,0.49,23.16,255.04,81.1,100.4,0,1.042
2032-12-16,3.78,-0.14,29.79,222.67,80.1,100.3,0,1.144
2032-12-17,3.86,-0.16,28.72,246.21,82.9,100.1,0,0.834
2032-12-18,4.71,0.77,18.2,267.23,81.1,99.8,0,2.077
2032-12-19,7.79,3.12,6.42,319.19,92.8,98.4,16.07,1.466
2032-12-20,7.99,5.8,8.72,322.23,92.7,97.8,13.3,4.26
2032-12-21,8.26,5.14,18.48,294,85,98.5,3.19,0.742
2032-12-22,10.43,6.33,12.42,315.47,88.7,97.8,12.31,1.138
2032-12-23,9.54,7.63,7.38,317.72,82,98.5,9.32,7.043
2032-12-24,11.99,7.82,5.95,331.19,91.7,98.6,27.6,1.518
2032-12-25,10.6,8.16,12.98,323.05,87.7,98.7,5.47,4.225
2032-12-26,10.18,8.76,19.06,308.15,78.6,100.3,0,5.947
2032-12-27,8.73,2.95,29.94,250.8,90.7,102.4,0,0.268
2032-12-28,6.46,2.1,30.25,245.11,81.7,103.3,0,2.16
2032-12-29,4.37,-0.41,30.36,239.96,89.8,102.3,0,1.554
2032-12-30,8.3,-0.77,16.74,289.01,94.7,101.4,0.96,0.924
2032-12-31,8.28,1.65,21.62,293.03,96.2,101.7,0.63,1.126
2033-01-01,8.26,4.07,26.51,295.37,97.5,102.1,0,1.147
2033-01-02,8.09,5.21,17.39,310.86,89.2,102.1,0,2.07
2033-01-03,6.14,2.64,29.13,274.14,89.8,102.3,0,1.561
2033-01-04,3.68,1.75,21.61,286.41,90.3,102.5,0,1.147
2033-01-05,3.81,0.09,19.16,270.87,85.6,102.4,0,1.282
2033-01-06,5.98,1.33,22.44,282.55,91.2,102.6,0,2.048
2033-01-07,4.88,1.74,16.78,285.39,89,102.4,0,1.232
2033-01-08,3.45,0.95,20.63,280.75,86.9,101.4,1.17,1.153
2033-01-09,4.87,0.54,12.11,299.75,90.4,100,6.86,1.455
2033-01-10,10.64,4.86,15.43,330.88,92.8,97.8,15.17,3.238
2033-01-11,10.66,8.22,14.31,334.42,95.8,96.2,7.83,1.436
2033-01-12,9.74,7.08,18.16,308.61,91.7,97,12.55,0.999
2033-01-13,8.84,6.92,27.17,294.18,92.8,97.8,3.58,1.563
2033-01-14,8.72,6.46,15.35,311.41,92.3,97.8,7.96,0.889
2033-01-15,8.4,6.23,12.32,323.4,93.6,98.1,16.53,4.117
2033-01-16,8.55,6.18,28.11,305.33,90.4,99.1,2.36,5.282
2033-01-17,6.83,2.79,35.37,264.23,92.5,100.6,0,0.663
2033-01-18,6.85,4.02,22.78,302.73,89.6,100.4,0.9,1.309
2033-01-19,6.88,3.81,12.21,302.13,90.9,100.3,6.61,2.159
2033-01-20,5.85,2.96,36.13,271.75,82.7,100.8,0,0.992
2033-01-21,4.93,0.19,37.42,246.99,83.4,101.7,0,2.047
2033-01-22,7.8,0.45,16.88,300.54,82,101.4,6.15,1.64
2033-01-23,10.93,7.84,5.63,347.46,95.3,99.8,36.48,6.226
2033-01-24,11.27,6.22,22.04,314.81,73.8,99.1,15.48,11.268
2033-01-25,7.03,5.69,18.68,303.38,73.3,100.5,9.63,9.809
2033-01-26,6.15,3.54,16.42,297.77,78.8,99.7,10.09,6.963
2033-01-27,4.6,2.03,42.73,253.73,68.8,101.5,6.28,2.055
2033-01-28,7.13,-0.7,38.3,273.25,81.8,103.1,0.8,1.448
2033-01-29,8.83,7.03,17.27,335.02,94.9,102.7,3.54,6.246
2033-01-30,9.63,8.32,23.85,336.52,93.8,101.7,4.88,8.225
2033-01-31,9.1,5.46,21.71,302.13,78.2,101.5,2.55,8.951
2033-02-01,5.83,1.9,40.68,271.96,75,101.7,1.26,1.026
2033-02-02,9.23,3.08,41.87,302.73,91.2,100.6,12.79,4.889
2033-02-03,4.42,1.74,33.3,286.83,76.8,101.6,0,1.146
2033-02-04,6.56,2.93,9.03,315.26,93.2,99.7,13.22,2.612
2033-02-05,7.35,2.44,44.27,291.95,91.8,99.2,9.61,0.924
2033-02-06,7.68,6.2,30.55,308.06,76.2,100.3,4.48,8.81
2033-02-07,9.45,6.63,17.51,337.16,94.4,100.4,17.27,9.01
2033-02-08,9.03,8.2,30,332.43,94.2,101.5,0.65,5.296
2033-02-09,9.26,8.02,20.07,336.42,96.2,101.3,13.91,2.465
2033-02-10,9.18,6.78,36.56,303.66,88.2,102.1,0,5.568
2033-02-11,9.57,7.34,35.17,317.86,93,102.5,0.1,5.045
2033-02-12,9.12,4.25,51.3,280.82,91.7,102.8,0,1.134
2033-02-13,6.76,2.12,47.03,284.2,79.4,103.4,0,2.299
2033-02-14,2.97,0.21,53.53,265.67,71.6,103.9,0,1.352
2033-02-15,7.1,1.49,43.21,294.6,92.8,103.1,1.46,0.49
2033-02-16,8.17,3.41,48.27,295.63,90.4,102.2,0,0.834
2033-02-17,8.45,4.57,67.97,293.79,82.4,101.3,0,2.801
2033-02-18,4.61,2.58,72.65,250.26,58.1,100.3,0.5,4.672
2033-02-19,5.49,2.88,43.81,286.49,76.5,100,1.19,2.627
2033-02-20,4.41,1.41,35.71,285.76,72.4,100.1,0.58,2.184
2033-02-21,3.43,-0.36,77.46,234.61,79.4,100.2,0,3.215
2033-02-22,2.94,-1.28,99.98,221.82,76,100.6,0,0.723
2033-02-23,3.96,-0.89,107.14,226.43,70.6,101.1,0,0.734
2033-02-24,5.94,-0.91,97.66,255.17,78.4,101.9,2.2,2.427
2033-02-25,7.02,4.11,101.81,279.04,70,101.7,1.21,5.941
2033-02-26,5.62,1.66,37.06,297.08,83.1,100,2.12,1.722
2033-02-27,3.4,1.17,52.94,272.65,68.1,99.1,0.71,2.916
2033-02-28,4.03,0.42,81,247.25,66.9,99.3,0.45,4.674
2033-03-01,4.92,0.69,85.4,258.6,69.9,99.5,1.1,4.347
2033-03-02,5.57,2.12,75.87,268.77,74.1,99,1,2.489
2033-03-03,4.66,0.12,85.07,257.17,76.2,99.4,0.05,1.608
2033-03-04,4.54,0.48,52.24,289.27,82.5,99.2,4.31,0.636
2033-03-05,5.27,0.43,70.24,269.82,85,99.4,0.67,2.279
2033-03-06,5.08,0.51,97.91,249.85,80.6,100.3,0.03,4.851
2033-03-07,4.68,-0.29,72.51,261.49,73.4,101.2,0,2.31
2033-03-08,4.46,-0.01,35.2,275.99,83.8,101,6.63,1.434
2033-03-09,5.87,0.66,96.51,266.1,79.7,101.2,0.13,1.821
2033-03-10,6.58,0.53,107.25,257.24,77,101.5,0,1.808
2033-03-11,7.57,2.07,76.01,295.02,91.2,101.6,0.93,2.816
2033-03-12,7.51,5.69,76.57,309.21,89.6,101.9,0.96,5.606
2033-03-13,7.76,6.38,66.78,317.22,89.7,101.9,0,5.153
2033-03-14,7.33,3.62,81.93,294.92,84.9,101,0.89,2.038
2033-03-15,8.78,2.92,87.78,303.85,75.4,99.2,0.65,3.948
2033-03-16,11.89,6.75,68.34,332.35,88.2,96.6,10.47,4.965
2033-03-17,10.51,8.04,70.01,339.87,97.5,96.9,9.57,1.452
2033-03-18,10.3,7.28,100.1,325.91,94.4,98.5,2.1,0.963
2033-03-19,11.99,6.55,119.34,312.38,91.8,98.9,1.15,1.287
2033-03-20,12.52,7.44,116.87,321.86,86.3,98.4,0.29,2.425
2033-03-21,10.55,6.51,94.43,319.43,87.5,98.3,1.02,3.541
2033-03-22,9.93,6.04,87.72,321.18,97.5,98.8,5.94,0.164
2033-03-23,10.25,6.01,94.25,314.24,96.7,99.7,7.19,0.315
2033-03-24,9.6,4.96,140.52,283.2,92.6,100.7,0,0.246
2033-03-25,9.55,4.79,73.42,306.9,91.7,100.9,2.96,2.343
2033-03-26,8.68,4.27,120.03,294.01,77.1,101,0,3.781
2033-03-27,7.83,3.27,123.31,289.01,72.8,100.4,0,4.723
2033-03-28,6.18,3.25,63.92,305.96,78.1,99.6,1.26,6.255
2033-03-29,6.38,2.74,74.27,304,79,100.6,0.95,3.873
2033-03-30,7.31,0.77,153.48,262.74,68.7,101.5,0,1.11
2033-03-31,7.5,3.64,135.16,283.65,77.5,101.2,0,1.122
2033-04-01,6.99,4.96,93.41,304.05,89,100.5,4.09,3.693
2033-04-02,8.02,3.8,151.29,285.06,88.3,100.2,5.69,0.981
2033-04-03,10.35,2.32,152.39,273.98,75.5,100.6,0,2.601
2033-04-04,7.53,2.24,111.25,273.17,75.7,100.5,0,2.994
2033-04-05,7.46,2.16,99.16,279.2,78.1,100.3,0,3.807
2033-04-06,7.81,3.93,72.74,291.94,74.7,99.7,2.01,7.081
2033-04-07,7.75,2.7,61.18,306.69,86.2,99.3,5.35,4.121
2033-04-08,11.82,2.53,169.85,286.35,83.2,99.1,0.77,3.442
2033-04-09,11.94,5.95,184.1,287.8,79.3,98.8,0.76,4.626
2033-04-10,12.01,5.01,171.09,287.83,81.8,98.7,1.2,2.761
2033-04-11,10.88,5.98,170.87,299.27,80.1,99.1,0,2.622
2033-04-12,8.53,4,121.06,290.19,74.1,99.8,0.83,2.146
2033-04-13,6.96,2.7,142.71,279.78,65.7,99.8,0,1.379
2033-04-14,8.85,2.31,151.8,280.07,80.6,99.5,0.74,1.975
2033-04-15,9.14,5.87,88.75,322.88,94.4,97.8,18.16,0.38
2033-04-16,6.47,2.24,98.04,299.55,86.4,97.5,11.51,1.671
2033-04-17,6.13,1.24,89.07,279.18,82.4,97.6,5.19,1.379
2033-04-18,8.66,2.94,167.1,282.5,74.8,99.1,0.73,3.718
2033-04-19,7.77,3.66,145.66,294.13,75,100.5,1.63,2.644
2033-04-20,8.46,2.67,187.05,267.01,69.5,101.1,0,2.606
2033-04-21,7.94,1.11,189.03,256.89,76.3,101.3,0,2.482
2033-04-22,8.99,2.66,155.25,273.36,74.5,101.4,0,3.205
2033-04-23,7.78,3.31,147.55,285.71,83.9,101.3,1.7,2.368
2033-04-24,9.31,4.4,162.55,293.02,80.8,101.3,0,0.793
2033-04-25,9.6,5.35,145.03,303.48,82.5,101.2,0,0.646
2033-04-26,9.85,4.85,157.29,305.24,83.2,101.2,1.75,0.596
2033-04-27,9,3.63,184.76,280.92,66.7,101.7,0,1.636
2033-04-28,8.31,4.97,172.94,293.72,68.9,101.7,0,0.811
2033-04-29,10.03,5.66,48.62,319.98,92,99.9,30.91,1.629
2033-04-30,11.05,7.06,199.07,312.36,91,100.3,4.3,2.783
2033-05-01,12.72,10.23,189.46,336.33,91.4,99.9,9.34,5.042
2033-05-02,10.61,6.71,204.56,293.98,70.4,99.9,4.61,9.298
2033-05-03,8.07,5.74,146.17,295.65,72.1,99.7,4.74,7.838
2033-05-04,7.32,4.59,113.27,289.36,75.2,98.7,5.75,1.971
2033-05-05,10.18,4.64,141.86,299.3,74.1,99.7,0.65,2.594
2033-05-06,10.34,5.06,167.15,292.33,73.7,101.2,0,1.392
2033-05-07,10.05,6.24,130.45,319.34,82.9,101.9,1.31,2.353
2033-05-08,11.9,7.64,220.15,310.27,83.5,101.8,0.73,0.918
2033-05-09,12.44,8.28,242.64,305.43,77.3,101.4,0,1.014
2033-05-10,11.39,8.37,89.85,326.89,84.3,101.5,1.97,2.651
2033-05-11,16.4,7.13,288.28,290.17,75.7,101.1,0,3.17
2033-05-12,17.54,8.63,228.95,324.19,85.4,100.5,3.58,1.745
2033-05-13,16.9,10.94,213.63,333.67,91.1,100.3,1.22,0.348
2033-05-14,21.09,12.48,239.55,345.82,87.8,99.8,11.07,0.53
2033-05-15,15.6,9.2,203.36,330.99,87.1,99.9,1.65,1.457
2033-05-16,14.05,8.89,226.15,316.85,81.4,100.7,0,1.292
2033-05-17,15.38,9.82,256.13,315.39,74.3,101,0,1.209
2033-05-18,13.02,8.17,238.62,291.95,64.8,101.7,0,0.992
2033-05-19,14.45,7.13,231.62,297.94,74.7,101.4,0.19,0.839
2033-05-20,11.84,6.21,211.43,286.01,66.7,101.1,0,3.101
2033-05-21,13.4,9.84,196.59,318.96,75.6,101,0.87,4.762
2033-05-22,15.59,10.82,213.26,318.65,82.9,101.1,1.57,4.97
2033-05-23,18.72,10.39,262.79,313.58,76.9,101.3,0,5.743
2033-05-24,17.41,9.17,325.74,286.6,70.4,101.2,0,5.461
2033-05-25,15.4,8.87,293.28,294.95,74.5,100.8,0,4.253
2033-05-26,13.44,7.99,233.75,299.16,80.6,100.3,0,1.375
2033-05-27,14.98,7.36,243.85,301.94,78.7,99.9,0.39,0.229
2033-05-28,14.56,9.48,194.61,314.39,87.5,99.8,5.02,0.236
2033-05-29,16.35,9.7,280.71,300.43,82.7,100,2.64,0.256
2033-05-30,17.62,10.65,321.14,296.96,80.4,100.8,0.53,0.383
2033-05-31,17.8,11.43,308.95,303.63,79.5,101.1,0.01,0.494
2033-06-01,17.97,12.21,296.85,310.27,78.5,101.4,0,0.609
2033-06-02,18.23,13.48,290.73,317.47,82.5,101.7,0.15,0.837
2033-06-03,20.86,13.76,232.07,343.36,72.2,101.4,0,1.402
2033-06-04,21.22,15.88,265.26,346.52,67.2,100.9,0,1.413
2033-06-05,18.63,14.58,226.28,344.94,76.7,100.2,4.93,2.679
2033-06-06,18.18,13.79,286.31,326.93,79,100.2,8.28,0.77
2033-06-07,17.15,14.71,121.12,358.36,87.1,100,6.9,0.971
2033-06-08,17.96,13.83,326.16,309.45,78.5,99.9,0.86,1.7
2033-06-09,16.33,13.84,300.91,321.67,78.7,99.8,4.15,2.88
2033-06-10,14.88,12.14,155.74,325.83,84.8,99.9,8.28,4.478
2033-06-11,16.81,12.47,255.87,320.89,79.2,100.3,1.92,1.965
2033-06-12,16.2,13.61,228.55,335.96,84.6,99.8,4.5,2.64
2033-06-13,15.89,12.9,287.35,311.81,78.4,99.7,4,2.953
2033-06-14,15.16,11.81,172.42,332.93,80,100.1,10.65,5.506
2033-06-15,14.04,11.77,87.69,340.49,87,100.2,22.88,5.333
2033-06-16,15.28,12.37,241.8,328.42,80.6,99.8,1.6,4.525
2033-06-17,16.1,13.22,245.29,326.25,81.7,100,1.6,4.189
2033-06-18,17.15,13.04,211.05,349.1,85.2,100.1,5,4.208
2033-06-19,17.54,15.24,149.95,372.92,93.5,100.1,9.22,4.302
2033-06-20,16.46,13.85,110.95,365.79,92.6,99.9,15.21,5.391
2033-06-21,18.74,13.79,242.96,355.37,88.8,100.6,5.95,4.511
2033-06-22,18.99,15.98,201.02,365.33,94.2,101.8,0.64,1.978
2033-06-23,20.11,14.85,274.28,347.52,94.5,102.2,0,1.018
2033-06-24,25.26,15.43,314.37,356.06,83.2,101.8,0,0.585
2033-06-25,24.22,18.38,314.79,351.41,74.3,101.6,0,0.563
2033-06-26,23.84,18.07,333.96,344.67,82.2,101.8,0,0.675
2033-06-27,25.92,18.07,341.39,342.6,81.1,101.6,0,0.209
2033-06-28,25.63,18.49,337.19,356.79,78.3,100.7,0,0.82
2033-06-29,18.49,13.13,299.52,320.22,68.4,100.5,0,4.377
2033-06-30,16.47,12.18,269.28,304.09,70.4,100.4,1.06,2.764
2033-07-01,16.55,12.14,234.57,322.69,76.8,100.3,5.97,3.555
2033-07-02,17.75,13.29,136.68,361.81,87.1,100.4,8.75,6.26
2033-07-03,16.71,13.89,225.88,336.01,78.6,100.8,1.17,5.473
2033-07-04,16.99,12.72,263.77,321.01,79.3,100.9,0,3.87
2033-07-05,18.71,14.21,211.69,358.08,89.7,100.9,0.91,2.722
2033-07-06,18.94,15.1,234.87,346.54,88.6,101.1,1.13,3.197
2033-07-07,19.45,15.43,265.52,345.47,86.2,101.5,0,1.814
2033-07-08,20.24,16.15,252.51,358.73,88.4,101.1,2,2.316
2033-07-09,18.22,12.95,283.2,314.54,79.5,101,0,2.056
2033-07-10,18.22,13.66,259.93,323.64,78.7,100.9,0,2.749
2033-07-11,18.8,14.57,162.15,362.73,87.4,100.4,8.09,5.296
2033-07-12,18.51,14.2,191.03,354.29,84.2,100.8,0.35,3.621
2033-07-13,17.78,13.54,205.04,333.86,76.3,101,0,4.184
2033-07-14,17.84,12.81,255.56,318.9,73.6,101.1,0,2.242
2033-07-15,19.2,12.55,251.78,339.84,80.6,101,0.61,1.796
2033-07-16,18.79,13.72,301.84,315.59,79.7,100.8,0.55,1.935
2033-07-17,18.96,13.45,117.08,351.79,89.7,100.3,5.98,0.833
2033-07-18,18.71,15.53,247.17,342.02,80.5,100.2,1.02,3.494
2033-07-19,19.76,16.37,250.36,354.16,84.1,100,9.08,1.415
2033-07-20,19.13,14.86,209.93,348.61,77.9,99.5,5.33,4.069
2033-07-21,15.89,12.42,177.78,324.25,80.6,99.4,14.93,2.903
2033-07-22,17.08,11.74,247.86,303.77,73.2,100.1,4.49,5.164
2033-07-23,18.83,12.12,116.5,347.21,84.5,99.3,29.62,2.705
2033-07-24,16.86,12.69,180.63,337.68,79.9,98.6,10.52,7.789
2033-07-25,15.14,11.64,190.68,310.75,72.1,100,2.39,5.857
2033-07-26,15.24,11.87,69.99,335.96,84.5,99.9,29.81,4.543
2033-07-27,17.27,13.12,238.52,326.96,77.1,98.9,4.54,4.364
2033-07-28,16.66,12.15,217.25,305.28,71.2,99.7,0,4.109
2033-07-29,17.57,13.44,214.33,339.59,78.8,99.5,13.17,6.159
2033-07-30,16.58,13.84,175.36,336.2,82.7,99.3,16.87,5.555
2033-07-31,16.45,13.36,193.42,333.64,81.5,99.2,14.55,4.998
2033-08-01,16.33,12.88,211.54,331.08,80.3,99.1,12.22,4.445
2033-08-02,19.47,12.64,189.54,342.33,83.2,98.1,8.98,2.662
2033-08-03,18.52,14.52,191.28,354.17,87.1,96.8,18.83,4.915
2033-08-04,17.29,13.78,93.56,343.1,74.5,97.9,8.47,8.696
2033-08-05,17.48,13.41,251.08,306.02,76.5,98.4,2.75,1.062
2033-08-06,17.07,12.09,198.28,324.85,81.3,99.6,5.17,5.407
2033-08-07,18.46,12.59,180.75,347.56,90.8,99.7,5.95,0.523
2033-08-08,16.32,13.21,108.41,339.14,88.8,99.9,9.75,1.783
2033-08-09,15.78,12.65,86.44,341.37,88.5,100.7,23.31,4.655
2033-08-10,19,13.36,176.77,346.42,88.1,99.9,11.75,5.463
2033-08-11,18.67,12.89,224.78,323.05,85.5,99.7,8.06,4.275
2033-08-12,17.71,14.21,213.95,329.57,83.5,100.3,6.8,5.585
2033-08-13,17.81,11.49,263.17,296.78,76.1,101.5,0,2.109
2033-08-14,17.75,11.07,260.66,289.17,76.6,101.9,0,1.888
2033-08-15,19.16,13.23,266.48,313.85,85.2,101.8,0,1.379
2033-08-16,24.75,14.34,272.11,330.52,79.4,101.2,0,0.987
2033-08-17,20.04,15.67,162.63,358.39,89.4,100.9,0.24,2.614
2033-08-18,18.4,14.9,176.12,339.4,87.5,101.4,0,2.515
2033-08-19,19.38,15.18,188.18,354.26,89.7,100.8,1.84,1.231
2033-08-20,18.58,14.38,179.69,340.16,82.7,100.4,1.75,4.395
2033-08-21,17.69,13.64,196.62,329.91,78.9,100.7,0,2.489
2033-08-22,18.06,15.15,150.89,340.17,80.1,100.5,0,3.213
2033-08-23,18.45,16.54,100.91,367.9,90.7,100.2,2.34,2.117
2033-08-24,18.8,16.71,70.59,367.1,89.9,99.7,18.06,1.823
2033-08-25,17.97,14.82,184.44,334.02,82.2,99.5,6.12,4.721
2033-08-26,17.27,13.15,163.02,331.78,80.6,100,4.58,5.323
2033-08-27,18.37,12.29,193.24,320.27,75.9,100.4,0,0.488
2033-08-28,19.71,15.04,144.07,354.67,80.5,100.2,1.13,1.073
2033-08-29,18.07,14.87,171.5,348.88,91.9,100.7,7.22,2.51
2033-08-30,19.03,15.13,183.02,348.27,85.1,101.4,0,2.118
2033-08-31,19.16,15.01,199.31,336.37,83.6,101.4,0,1.6
2033-09-01,19.28,14.9,215.87,325.24,82,101.5,0,1.117
2033-09-02,18.27,14.95,56.99,357.03,93.6,101.5,8.14,0.855
2033-09-03,18.51,15.01,119.44,357.48,90.1,101.1,0.28,2.742
2033-09-04,17.92,17.02,57.86,380.84,93.9,100.6,8.05,2.763
2033-09-05,18.09,17.33,69.74,381.86,96.1,100,13.25,3.878
2033-09-06,17.7,14.46,168.59,328.77,81,100.2,1.38,3.811
2033-09-07,18.2,16.71,54.8,374.56,94.7,100.1,11.73,2.89
2033-09-08,17.46,14.77,161.33,331.22,81.5,100.3,2.1,3.927
2033-09-09,18.11,14.48,131.06,335.11,81.5,100.1,2.74,5.742
2033-09-10,16.97,11.58,168.31,307.19,74.8,100,15.36,1.931
2033-09-11,14.38,10.16,177.59,287.4,67.6,101,0,1.198
2033-09-12,16.95,11.21,41.33,349.35,88.3,101,24.04,4.063
2033-09-13,19.2,16.07,100.29,370.81,92.2,101.3,3.65,1.318
2033-09-14,18.25,13.24,168.58,320.17,82.3,101.7,0,0.248
2033-09-15,19.5,12.56,166.57,322.51,85.7,101.2,0,2.056
2033-09-16,20.69,13.23,174.41,322,84.2,100.7,0,2.769
2033-09-17,18.37,12.61,113.22,330.08,83.7,100.4,1.91,1.427
2033-09-18,17.12,15.3,65.1,347.69,88.5,99.9,22.22,0.931
2033-09-19,16.19,12.96,142.88,314.63,75.6,99.9,2.41,4.249
2033-09-20,15.91,13.34,101.16,335.93,83.1,99.3,23.35,3.062
2033-09-21,16.93,13.38,133,337.55,81.2,100.3,11.06,6.63
2033-09-22,17.41,15.41,69.52,366.1,92,101,8.92,4.156
2033-09-23,18.14,16.89,54.49,384.45,97.1,101.3,11.8,3.144
2033-09-24,18.46,17.07,60.13,383.06,97,101.6,3.91,3.397
2033-09-25,18.49,17.41,54.87,386.47,96,101.2,3.53,4.837
2033-09-26,18.03,13.43,35.67,364.39,91.2,101,14.58,5.124
2033-09-27,16.15,12.33,137.93,301.76,69.7,101.9,0,2.957
2033-09-28,14.84,10.8,121.49,304.53,74.5,102.4,0,1.047
2033-09-29,15.41,10.52,124.07,309.72,73.9,102.1,0,0.702
2033-09-30,15.87,11.99,88.43,327.25,78.5,101.9,0.36,0.614
2033-10-01,17,12.01,132.55,307.26,77.2,102,0,0.622
2033-10-02,17.93,11.89,112.13,309.86,75,101.6,0,0.967
2033-10-03,17.54,16.17,45.64,371.35,94.5,101.1,5.74,4.145
2033-10-04,17.42,11.78,51.52,338.39,89.4,100.9,22.96,4.296
2033-10-05,14.05,10.69,59.05,324.29,80.5,101,5.25,3.912
2033-10-06,14.79,12.14,75.28,322.28,77.5,99.9,4.19,6.467
2033-10-07,14.16,10.26,57.49,316.9,71.1,98.3,12.5,10.875
2033-10-08,11.34,9.21,87.96,291.34,62.9,99.9,0,5.227
2033-10-09,13.74,9.43,91.26,306.25,73.2,100.6,0,4.217
2033-10-10,14.26,11.07,68.08,337.37,88.5,100.9,1.42,4.493
2033-10-11,15.93,13.57,43.78,362.39,93.1,100.9,1.64,6.995
2033-10-12,16.3,13.66,63.2,355.36,91.6,101,0.43,6.626
2033-10-13,15.81,12.99,83.64,338.26,85,101.5,0,2.672
2033-10-14,14.97,11.33,72.24,325.82,86.2,101.3,0,0.333
2033-10-15,14.62,11.82,91.59,321.21,83.9,100.3,8.18,1.307
2033-10-16,13.62,8.96,103,292.41,77,100.9,2.04,1.766
2033-10-17,14.7,10.7,42.5,334.46,85.5,101.2,2.83,4.26
2033-10-18,15.41,10.3,53.42,328.97,83.5,101.5,1.73,5.185
2033-10-19,12.61,9.52,82.03,299.29,62,102.4,0,2.813
2033-10-20,12.07,9.99,59.16,310.99,75.2,102.2,0.21,4.581
2033-10-21,14.32,6.7,20.58,328.27,87.8,100.9,10.46,5.563
2033-10-22,9.2,5,73.92,268.16,67.3,101.5,0,1.29
2033-10-23,10.86,5.66,47.54,306.38,73.2,101.6,0,0.331
2033-10-24,13.62,10.15,51.84,330.63,87.5,101.1,7.02,3.661
2033-10-25,12.68,7.32,51.94,312.5,87.3,101.6,0.59,1.573
2033-10-26,13.97,10.2,35.86,336.68,91.8,101.5,3.44,0.73
2033-10-27,13.17,10.09,81.57,280.86,81.7,100.9,0,3.443
2033-10-28,15.25,11.81,28.35,338.43,84.7,100.1,4.83,4.993
2033-10-29,16.46,13.65,38.01,344.15,89.7,99.5,9.77,2.046
2033-10-30,15.39,12.47,60.68,328.65,89.7,99.2,7.2,1.523
2033-10-31,14.53,11.49,50.14,325.14,90.4,99.1,5.39,0.746
2033-11-01,13.67,10.51,39.63,322.16,91,99.1,3.58,0.436
2033-11-02,12.5,8.87,52.19,305.76,86.2,99.4,0.85,3.405
2033-11-03,10.01,4.59,36.35,290.3,76.9,99.9,1.12,2.369
2033-11-04,7.14,2.86,68.83,233.06,68.7,100.9,0,1.35
2033-11-05,9.88,3.57,29.99,294.92,78.2,101.2,2.53,0.838
2033-11-06,9.39,7.4,26.37,310.83,81.1,100.6,5.8,2.017
2033-11-07,11.88,7.33,33.34,328.28,91.2,100.1,3.38,2.406
2033-11-08,11.63,8.5,48.07,301.46,85.6,99.8,3.04,2.753
2033-11-09,10.16,7.73,44.95,300.53,74.9,99.4,2.08,7.623
2033-11-10,11.03,8.83,31.42,309.07,78.1,99.1,7.73,9.908
2033-11-11,9.17,7.95,12.72,313.01,81.8,99.4,6.57,3.977
2033-11-12,8.81,6.27,21.96,296.52,76.7,99.1,15.53,6.525
2033-11-13,8.97,5.33,29.08,293.97,76.2,99.6,4.54,2.19
2033-11-14,12.92,6.59,18.99,326.76,86.9,97.7,24.49,7.011
2033-11-15,8.93,5.83,38.91,274.2,78.6,99,2.59,2.308
2033-11-16,7.99,4.3,49.31,252.96,72.9,100.2,0,1.025
2033-11-17,7.95,4.91,18.62,302.85,84.7,98.9,5.72,4.823
2033-11-18,7.76,3.92,35.88,278.51,88.5,100.3,0,1.822
2033-11-19,7.8,4.32,7.43,295.76,76.7,99.5,2.07,7.566
2033-11-20,7.52,1.64,31.5,251.42,66.9,100.3,0,3.357
2033-11-21,10.57,1.5,16.33,299.96,80.3,100.7,9.76,1.409
2033-11-22,10.92,8.57,35.7,307.14,77.5,99.8,13.92,6.291
2033-11-23,11.05,7.27,7.35,325.78,85.3,98.7,16.28,2.534
2033-11-24,8.46,6.95,12.46,312.78,76,97.7,20.04,10.446
2033-11-25,9.23,7.25,24.21,302.99,79.9,98.4,0.98,5.894
2033-11-26,8.62,5.68,24.13,306.71,82.7,99.6,0,0.375
2033-11-27,10.17,3.11,19.35,301.01,91.4,98.8,20.41,0.61
2033-11-28,9.76,5.05,35.92,273.6,80.4,97.7,6.78,2.661
2033-11-29,8.12,5.32,35.7,284.13,82.2,98.8,7.3,2.963
2033-11-30,9.97,3.38,20.55,294.83,86.5,99.7,7.88,1.274
2033-12-01,8.82,4.47,28.98,280.75,72.4,99.3,10.66,5.409
2033-12-02,7.36,4.52,18.48,292.21,78.3,99.5,3.25,4.227
2033-12-03,10.44,4.55,12,313.41,81.5,97.1,28.07,1.946
2033-12-04,7.51,4.48,15.89,308.04,84.2,97.8,5.66,1.556
2033-12-05,6.03,3.85,19.63,283.67,91.6,98.2,2.6,1.009
2033-12-06,5.75,2.76,29.79,254.79,83.7,99,0,2.72
2033-12-07,7.74,3.73,5.75,302.23,85.9,98.1,15.72,1.268
2033-12-08,8.4,3.66,6.08,302.32,86,97.9,22.56,4.824
2033-12-09,5.51,0.86,30.96,241.78,89.1,99.3,0,0.54
2033-12-10,5.42,1.76,24.18,275.54,89,98.8,0,1.999
2033-12-11,6.11,2.17,27.53,268.63,88.6,99.7,4.82,2.277
2033-12-12,5.9,3.26,24.49,281.7,88.2,100.3,1.19,1.691
2033-12-13,3.87,-0.82,24.14,232.86,81.8,101.3,0,1.257
2033-12-14,3.14,-1.43,26.67,241.78,78.8,101,1.61,2.644
2033-12-15,4.59,1.49,15.8,288.61,92.6,98.9,11.17,4.32
2033-12-16,3.21,0.61,28.97,248.51,80.8,99.6,0,2.494
2033-12-17,2.17,-1.54,27.23,223.32,79.5,100.6,0,0.558
2033-12-18,1.67,-1.79,30.65,218.2,79.6,100.8,0,0.805
2033-12-19,2.07,-0.51,17.55,251.58,82.2,100.9,0,0.539
2033-12-20,3.72,-0.82,2.32,298.33,89.1,99.1,31.39,5.358
2033-12-21,4.52,2.68,11.58,320.11,97.1,97.9,9.62,2.694
2033-12-22,10.42,3.58,2.41,339.18,94.5,99.1,42.44,2.008
2033-12-23,11.19,9.56,15.11,348.41,96.7,98.6,10.63,1.43
2033-12-24,9.75,7.1,19.31,321.99,92.1,98.7,14.1,5.829
2033-12-25,8.57,7.66,22.2,302.72,86.8,99.5,0,6.592
2033-12-26,7.72,0.68,11.74,283.26,72,100.2,2.27,3.813
2033-12-27,1.94,-1.49,29.47,216.18,70.7,100.1,0,1.458
2033-12-28,1.72,-1.58,31.37,212.23,76.6,99.7,0,0.682
2033-12-29,1.48,-1.64,31.89,208.25,82.7,99.7,0,0.899
2033-12-30,1.89,-1.66,28.91,222.74,85.6,100.5,0,0.794
2033-12-31,2.37,-1.97,27.11,232.38,85.4,100.8,2.04,1.515
2034-01-01,2.84,-2.28,25.33,245.69,85.1,101,4.06,1.645
2034-01-02,6.85,2.7,21.71,301.31,93.3,99.6,9.25,2.37
2034-01-03,6.78,3.05,16.9,303.82,94.7,98.9,2.17,2.531
2034-01-04,7.4,3.19,22.9,314.3,95.9,98.8,12.24,1.025
2034-01-05,7.81,6.29,16.88,310.39,88.1,97.2,13.24,7.164
2034-01-06,7.81,5.5,16.28,290.12,90.5,98.1,1.59,5.493
2034-01-07,6.48,4.31,16.91,305.28,94.5,99.5,4.67,2.557
2034-01-08,6.65,4.27,18.06,297.09,84.6,99.8,0,2.16
2034-01-09,7.38,5.22,22.84,296.08,86.3,100.1,4.61,4.553
2034-01-10,7.39,5.62,15.99,305.56,74.1,101,0,3.405
2034-01-11,7.28,2.91,20.12,292.79,75.8,100.5,0,2.477
2034-01-12,6.13,2.42,32.67,268.78,89.7,101,0,2.296
2034-01-13,7.87,1.58,29.95,277.54,85.4,102.2,0,2.702
2034-01-14,4.17,-1.14,40.61,220.19,74.6,103.1,0,1.281
2034-01-15,3.54,-0.87,40.92,224.08,80.4,103.3,0,1.326
2034-01-16,4.2,-0.28,42.4,226.44,71.1,102.9,0,1.879
2034-01-17,3.07,-0.93,40.31,235.18,92.2,102.4,0,0.398
2034-01-18,2.76,-1.12,41.93,221.28,82.4,102.3,0,0.55
2034-01-19,3.28,-0.68,42.65,237.49,80.2,102.5,0,0.85
2034-01-20,2.48,-0.93,28.93,274.2,92.7,102.3,0,1.427
2034-01-21,3.9,0.56,18,295.55,92.3,101.9,2.87,0.326
2034-01-22,6.04,2.03,19.55,311.85,90.8,101.7,7.24,1.913
2034-01-23,9.27,6.04,16.95,342.72,97.8,100.6,18.7,5.018
2034-01-24,10.36,8.16,6.46,344.49,97.3,99.7,24.77,5.126
2034-01-25,9.74,7.62,17.87,326.03,95.3,99.7,16.36,5.411
2034-01-26,9.66,6.88,35.94,308.99,89.2,99.9,18.75,4.582
2034-01-27,7.46,5.08,30.61,309.88,92.3,99.5,7.92,1.139
2034-01-28,10.76,5.55,5.52,335.78,91.9,98.5,15.16,1.155
2034-01-29,8.6,6.81,9.89,318.67,77.4,98.4,8.26,8.768
2034-01-30,9.71,6.31,22.23,311.74,82.9,100.4,4.35,6.99
2034-01-31,10.23,9.34,20.34,339.82,90.7,100.6,8.75,4.152
2034-02-01,9.63,6.78,16.69,324.14,94.7,100.4,6.97,2.927
2034-02-02,7.51,5.28,50.94,275.04,83.7,100.7,1.01,3.078
2034-02-03,8.37,5.63,9.42,299.74,79,100,18.23,2.254
2034-02-04,8.58,6.31,27.46,304.78,77.2,98.9,5.52,6.185
2034-02-05,9.37,6.62,24.98,321.99,85.9,99.2,7.16,2.385
2034-02-06,9.89,8.18,31.69,324.25,86.5,98,5.64,2.102
2034-02-07,8.41,4.47,31.34,307.21,88.2,97.5,6.4,1.129
2034-02-08,7.68,3.64,30.84,294.3,82.5,97.8,4.3,4.411
2034-02-09,6.44,2.24,44.13,283.94,80.2,99.2,1.6,0.604
2034-02-10,6.06,1.18,46.08,275.87,77.3,100.2,0.67,4.451
2034-02-11,7.48,4.52,36.13,298.16,85.8,99.3,13.07,2.88
2034-02-12,10.46,5.77,33.9,311.92,86.4,99.1,13.81,3.82
2034-02-13,8.49,6.3,45.68,311.51,76.9,99,6.99,7.937
2034-02-14,8.43,7.13,58.84,301.25,78.4,99.1,0.89,5.781
2034-02-15,7.4,1.53,47.86,268.53,77.4,100.6,1.6,1.312
2034-02-16,8.84,1.6,9.44,297.97,78.4,101.1,20.96,1.234
2034-02-17,7.98,6.42,51.08,299.09,77.6,101.1,2.42,7.329
2034-02-18,8.76,6.7,44.49,311.17,84.8,102.2,0.08,7.312
2034-02-19,8.06,6.4,38.79,323.3,93.7,102.2,3.36,1.877
2034-02-20,9.33,7.54,36.8,337.92,97.6,102,1.79,1.431
2034-02-21,10.19,8.6,46.22,338.11,95,101.9,3.56,4.358
2034-02-22,10.05,8.64,45.1,330.7,92.9,102.1,2.07,6.459
2034-02-23,9.68,7.05,48.05,319.79,85.8,102,6.04,6.096
2034-02-24,8.12,5.93,47.33,311.89,82.8,102.9,0.44,5.13
2034-02-25,10.4,5.7,29.96,323.24,87.1,102,14.13,3.399
2034-02-26,9.14,6.95,62.8,321.01,84.8,102,0.93,3.666
2034-02-27,9.56,8.38,57.8,335.1,94.9,101.5,3.38,2.773
2034-02-28,9.84,8.87,51.97,339.37,94.7,101,3.27,2.302
2034-03-01,10.24,8.72,38.67,325.94,95.6,101.1,6.49,2.595
2034-03-02,11.4,9.01,75.72,312.21,89,101.3,0.75,1.735
2034-03-03,13.71,9.54,124.13,281.81,76.8,100.9,0,1.989
2034-03-04,13.3,9.69,79.68,317.82,82.1,100.3,0,2.072
2034-03-05,11.61,6.44,120.67,296.04,78.4,100.5,10.93,4.085
2034-03-06,11.48,7.79,57.53,330.86,80.2,98.4,26.86,3.678
2034-03-07,8.53,4.94,95.54,295.97,70,100.2,10.44,8.294
2034-03-08,7.77,4.91,105.11,278.96,69.5,100.7,2.43,7.182
2034-03-09,9.71,6.92,28.46,317.97,77.1,98.3,28.15,4.842
2034-03-10,7.49,5.4,83.45,288.56,70,97.9,5.6,8.37
2034-03-11,7.03,5.26,85.29,274.66,64.5,98.9,4.98,9.262
2034-03-12,6.8,4.71,35.15,292.52,73.2,99.5,1.16,2.703
2034-03-13,10.03,4.7,46.56,307.43,77.2,99.1,19.17,4.118
2034-03-14,9.22,5.92,52.75,304.12,79.3,98.4,4.1,7.649
2034-03-15,7.88,6.13,115.35,278.87,66.1,99.7,2.55,9.362
2034-03-16,6.75,3.86,29.99,293.33,79.2,100.1,9.31,2.798
2034-03-17,8.34,4.25,151.78,255.89,65.9,100.8,0,3.386
2034-03-18,8.74,4.27,132.51,269.35,69.8,100,2.33,2.389
2034-03-19,9.49,5.55,86.26,308.17,79.1,98.6,2.44,6.258
2034-03-20,10.14,5.48,67.39,316.02,86,98.6,4.21,3.632
2034-03-21,8.51,4.94,69.91,311.39,90.4,97.4,5.8,1.028
2034-03-22,7.83,5.11,66.21,299.77,80.2,97.9,6.85,4.369
2034-03-23,8.63,4.51,85.95,297.4,78.6,97.8,9.01,1.053
2034-03-24,8.18,4.76,111.89,283.42,68.8,98.1,4.64,1.166
2034-03-25,8.14,4.47,116.46,292.4,84.9,98.2,2.67,0.634
2034-03-26,9.51,4.18,127.55,293.92,76.2,98.6,0.4,1.152
2034-03-27,8.26,5.61,68.53,315.49,84.6,97.6,2.77,4.318
2034-03-28,9.15,5.82,81.19,314.29,90,97.2,12.43,0.327
2034-03-29,7.5,4.31,83.58,304.86,87.2,96.6,9.87,2.807
2034-03-30,10.15,3.06,160.34,277.95,75.4,97.3,0,2.699
2034-03-31,6.64,4.14,108.99,283.89,66.8,98.8,0.59,3.967
2034-04-01,8.65,2.68,174.2,266.04,72.3,100.3,4.67,3.848
2034-04-02,9.63,6.77,119.1,307.45,87.4,100.6,0,2.829
2034-04-03,11.18,7.93,83.5,342.87,98,100.4,5.53,1.562
2034-04-04,11.1,7.3,139.19,312.87,85.1,101,0.18,1.246
2034-04-05,10.18,5.84,191.68,279.04,66.7,102,0,1.643
2034-04-06,9.53,4.95,157.87,285.09,68.4,102.5,0,1.196
2034-04-07,9.25,4.41,152.89,280.37,67,102,0,0.757
2034-04-08,9.51,4.25,176.9,270.41,68.7,101.3,0,0.276
2034-04-09,9.76,3.32,173.39,271.5,66.3,100.9,0,0.354
2034-04-10,11.41,7.11,168.55,304.45,66.6,100.2,0,1.97
2034-04-11,11.54,6.69,133.61,301.9,60.6,100.6,0,3.256
2034-04-12,10.9,5.48,184.84,301.44,76,100.1,1.79,1.685
2034-04-13,12.48,6.65,208.66,281.91,80.8,99.8,0,0.943
2034-04-14,12.24,8.39,207.52,288.37,82.5,99.7,1.41,1.023
2034-04-15,11.62,7.55,130.52,313.48,85.9,99.5,1.8,0.84
2034-04-16,11.69,6.67,129.87,300.02,89.3,99.8,2.75,0.627
2034-04-17,12.36,6.07,161.36,304.13,86.8,99.4,19.04,0.436
2034-04-18,9.8,6.05,161.76,305.35,73.5,98.9,7.92,2.752
2034-04-19,8.44,5.21,137.81,286.94,67.2,98.5,9.37,7.549
2034-04-20,12.52,6.09,86.07,329,77.4,99,3.94,1.581
2034-04-21,12.74,7.57,135.85,323.07,78.8,98.6,8.46,2.649
2034-04-22,10.04,6.84,120.68,308.66,80.5,99.6,5.48,4.624
2034-04-23,12.17,7.85,118.16,323.82,81.9,99.2,16.17,2.003
2034-04-24,11.7,7.95,131.49,315.2,85.3,98.9,7.67,2.163
2034-04-25,10.79,7.79,141.85,310.67,75.6,98.7,9.61,5.865
2034-04-26,11.14,8.28,185.64,310.68,84.4,99.5,5.55,6.006
2034-04-27,10.34,7.41,80.34,322.27,88.1,99.4,3.92,1.623
2034-04-28,9.81,6.85,139.84,307.09,78.5,99.2,2.76,4.163
2034-04-29,10.26,6.38,186.49,288.4,70.4,100.7,2.58,3.186
2034-04-30,10.42,4.87,253.77,266.3,69,102.1,0,2.057
2034-05-01,11.44,8.72,180.94,317.03,73.5,101.9,0.63,4.12
2034-05-02,15.63,8.93,287.63,284.6,74.2,101.1,0,0.461
2034-05-03,21.1,10.13,241.65,344.9,80.4,99.8,5.94,0.929
2034-05-04,16.47,10.78,238.36,329.6,82.7,99.4,2.28,1.197
2034-05-05,11.86,8.96,164.87,325.92,82.9,100.2,9.88,3.025
2034-05-06,11.38,8.4,75.1,321.84,87.2,99.9,13.19,1.155
2034-05-07,10.66,8.24,145.13,308.33,83.5,99.7,7.72,1.686
2034-05-08,11.16,8,139.99,305.78,85.3,99.2,7.48,1.105
2034-05-09,10.81,7.79,161.72,305.33,87.3,99,10.55,0.632
2034-05-10,12.25,7,245.86,284.5,85.5,100.2,4.66,0.792
2034-05-11,10.41,6.43,154.12,305.21,73.2,101.7,0,3.372
2034-05-12,11.18,5.44,208.29,290.66,62.1,102,0,2.879
2034-05-13,13.7,3.84,284.58,266.56,71,101.6,0,3.834
2034-05-14,18.5,6.42,289.89,305.99,74.3,100.6,0,2.113
2034-05-15,18.54,10.93,304.35,308.7,84.2,100.3,0,0.102
2034-05-16,20.04,11.71,271.94,320.75,78.5,100.4,2.48,2.849
2034-05-17,19.43,10.72,258.64,324.94,80.1,101,0,3.456
2034-05-18,19.4,12.1,287.81,326.06,85.7,101.8,0,0.445
2034-05-19,18.42,11.54,294.61,315.18,91,101.7,0,0.527
2034-05-20,18.8,11.17,307.36,311.23,85,101,0,0.666
2034-05-21,16.97,10.24,248.36,310.28,86.1,100.2,0,1.365
2034-05-22,18.73,10.6,271.77,317.61,81.7,99.5,16.15,0.456
2034-05-23,17.9,12.52,242.23,331.16,85.2,99.2,0.15,0.894
2034-05-24,19.27,11.74,164.99,340.05,85.2,99.8,4.99,2.959
2034-05-25,18.68,11.49,287.25,331.81,84.7,100.7,0,4.972
2034-05-26,18.28,10.78,306.79,315.43,75.6,101.1,0,4.949
2034-05-27,19.38,9.76,280.92,312.75,70,100.7,2.08,2.515
2034-05-28,19.6,11.3,314.67,301.87,65.5,100.4,0,3.44
2034-05-29,17.22,11.3,300.84,306.58,79.9,100.3,0,0.27
2034-05-30,17.39,10.88,320.44,294.77,81.4,100.6,0,2.14
2034-05-31,18.45,10.68,297.48,304.98,81,100.8,2.91,0.163
2034-06-01,19.51,10.47,274.75,315.09,80.5,101,5.81,1.528
2034-06-02,16.03,10.88,190.7,329.62,78.8,100.8,0.01,3.77
2034-06-03,14.81,12.11,56.97,349.85,94.1,100.3,10.93,0.41
2034-06-04,19.01,11.8,309.12,313.1,82.8,100.5,0,0.282
2034-06-05,18.14,14.41,163.71,356.36,87.8,100.6,5.86,1.593
2034-06-06,18.22,13.27,212.95,348.9,87.2,101.1,0,0.864
2034-06-07,19.29,12.26,298.29,318.79,79.1,101.6,0,1.147
2034-06-08,18.92,11.72,342.7,290.17,74.6,101.7,0,0.865
2034-06-09,19.66,11.86,317.17,302.42,73.8,101.4,0,0.268
2034-06-10,20.01,10.72,324.22,294.26,65.3,101.1,0,3.622
2034-06-11,15.68,8.99,330.67,271.72,63.3,101.5,0,4.349
2034-06-12,15.41,8.56,318.73,271.5,58.1,101.5,0,2.219
2034-06-13,15.44,8.81,291.59,285.89,69.7,100.9,0,1.402
2034-06-14,15.51,9.32,228.12,308.11,75.5,100.8,2.58,0.866
2034-06-15,15.63,7.98,308.29,276.97,65.9,100.7,0,0.191
2034-06-16,16.07,12.17,200.16,330.4,79.1,100.3,11.22,1.026
2034-06-17,16.38,11.9,251.57,319.14,78.5,100.5,1.74,5.451
2034-06-18,15.52,10.56,238.12,318.14,81.2,101.5,1.38,1.813
2034-06-19,15.41,12.69,69.8,363.83,95.1,100.7,38.51,3.163
2034-06-20,16.36,13.71,254.59,334.58,84.9,100.9,2.07,3.91
2034-06-21,16.5,13.88,272.86,333.82,84,100.9,0.79,2.281
2034-06-22,18,13.35,168.21,352.8,91.7,100.9,6.25,0.178
2034-06-23,17.07,14.65,231.91,347.61,88.6,100.8,1.79,2.914
2034-06-24,19.84,14.89,252.69,355.9,88.4,101.2,2.43,0.424
2034-06-25,19.19,15.41,272.28,347.72,85.9,101.2,0.24,0.942
2034-06-26,17.98,13.91,242.65,335.28,87.1,101,0,1.498
2034-06-27,18.24,13.9,173.45,358.26,90,101.3,0.71,0.894
2034-06-28,20.44,16.22,256.14,356.39,90.9,101.8,0.52,0.901
2034-06-29,22.53,15.4,307.75,351.08,86.4,101.6,0,0.517
2034-06-30,20.77,14.43,298.15,338.59,90.7,101.3,0,0.896
2034-07-01,21.74,15.12,300.17,336.92,86.5,101.2,0,0.587
2034-07-02,27.62,15.11,323.48,363.53,70.5,100.9,1.4,1.264
2034-07-03,22.55,13.7,259.68,331.74,76,100.8,1.1,3.115
2034-07-04,19.54,12.72,302.16,313.16,69.6,100.6,0.67,1.259
2034-07-05,17.68,13.59,130.33,361.02,87.6,99.8,16.03,2.463
2034-07-06,16.76,11.43,258.59,298.73,71,100.9,0,3.687
2034-07-07,17.59,11.8,281.93,328.38,73.4,101.2,0.7,4.144
2034-07-08,18.23,13.83,243.96,347.15,83.4,101.2,1.8,5.742
2034-07-09,16.99,13.03,281.52,310.59,71.7,101.8,0,4.939
2034-07-10,17.33,12.11,280.2,305.95,73.7,102,0,3.497
2034-07-11,18.12,11.96,292.08,312.42,72.4,101.6,0,2.695
2034-07-12,16.54,11.82,172.08,338.63,86.6,100.7,12.58,1.018
2034-07-13,16.27,12.77,212,332.48,87.1,99.7,13.76,1.559
2034-07-14,16.75,11.47,260.43,306.3,76.8,100.3,0,1.765
2034-07-15,16.49,11.37,304.08,289.32,72.7,100.7,0,1.793
2034-07-16,19.06,11.38,263.44,313.36,76.1,100.2,1.69,0.496
2034-07-17,17.69,13.64,281.12,309.88,80.7,99.7,2.42,1.978
2034-07-18,17.02,12.15,244.3,317.59,79.5,100,1.17,4.176
2034-07-19,17.43,12.06,255.15,314.06,78,100.6,1.14,2.364
2034-07-20,17.76,14.82,80.22,371.73,93.6,101,12.75,3.345
2034-07-21,20.34,16.81,165.21,379.45,93.5,101.3,4.89,3.48
2034-07-22,19.22,16.36,152.41,376.07,92.4,101.5,1.99,3.63
2034-07-23,19.5,13.89,232.9,349.23,85.2,101.2,3.98,2.06
2034-07-24,18.83,14.5,293.74,329.72,82,100.9,3,3.483
2034-07-25,18.08,14.32,246.81,330.47,81.7,101.2,0,2.476
2034-07-26,18.69,15.17,122.78,363.63,89.1,100.5,3.73,1.232
2034-07-27,19.21,15.31,164.16,366.57,91.3,100.1,12.11,5.131
2034-07-28,18.83,13.79,191.01,344.53,86.7,100.5,8.76,1.177
2034-07-29,19.16,13.3,291.73,311.91,75.6,101.4,1.47,2.224
2034-07-30,19.1,11.83,287.51,293.85,76.8,101.8,0,0.671
2034-07-31,19.7,12.63,277.99,307.8,75.4,101.7,0,0.602
2034-08-01,20.3,13.44,268.53,321.79,74,101.6,0,0.777
2034-08-02,21.64,15.52,202.35,348.68,77.1,101.3,0,0.194
2034-08-03,23.68,16.65,266.31,343.61,68.8,100.8,0,0.422
2034-08-04,20.68,17.3,152.41,366.81,87.9,100.2,5.49,2.123
2034-08-05,18.47,14.62,225.62,329.65,82.9,100.4,0,2.761
2034-08-06,19.38,13.97,153.42,353.18,86.9,100.1,5.54,1.1
2034-08-07,17.21,13.7,220.21,323.25,70.1,100.2,3.52,5.62
2034-08-08,16.68,12.7,167.5,334.47,81.4,99.9,6.42,2.929
2034-08-09,17,12.41,163.71,328.33,73.5,100.4,0.45,2.755
2034-08-10,16.07,10.85,180.83,311.84,71.9,101.1,1.17,2.102
2034-08-11,18.17,10.55,191.2,330.91,80.2,101.2,3.22,1.011
2034-08-12,18.79,15.87,189.63,358,86.8,101.4,1.82,3.976
2034-08-13,20.05,17.04,143.08,375.24,92.4,101.2,23.2,4.285
2034-08-14,18.95,15.48,196.53,345.96,86,101.3,0.93,3.913
2034-08-15,20.26,16.4,121.72,379,94.7,101.2,1.42,2.061
2034-08-16,18.89,15.32,154.37,355.49,84.3,100.8,13.06,5.121
2034-08-17,17.41,13.81,187.11,322.09,75.5,101.1,0.34,4.929
2034-08-18,17.54,13.23,210.79,321.89,78,101.3,0.21,3.61
2034-08-19,19.39,16.54,193.5,357.03,89,100.8,3.71,5.559
2034-08-20,19.55,15.42,98.58,369.01,92.5,100.5,13.53,4.704
2034-08-21,17.93,12.99,242.03,294.25,71.8,101,0,5.232
2034-08-22,16.9,11.12,221.81,292.33,72.3,101.3,0,1.077
2034-08-23,17.61,10.66,177.86,304.89,77,100.7,0,0.414
2034-08-24,17.15,12.08,156.82,330.8,84.2,100.2,2.59,1.77
2034-08-25,17.65,12.76,101.37,343.3,88.8,99.7,8.75,1.742
2034-08-26,17.71,13.49,102.69,352.28,87.5,99.6,5.74,2.98
2034-08-27,15.89,13.72,175.24,314.18,76.3,100.1,3.14,8.375
2034-08-28,17.08,13.37,180.76,320.05,76,100.9,0,4.632
2034-08-29,18.03,14.81,54.79,364.37,89.5,100.2,30.73,1.723
2034-08-30,17.27,13.8,156.48,323.56,83,99.6,6.86,3.196
2034-08-31,16.91,13.03,175.98,311.74,78.9,100.1,3.46,2.054
2034-09-01,16.55,12.26,195.49,301.09,74.8,100.6,0,1.217
2034-09-02,17.78,12.94,69.26,366.26,87.9,100.3,13.42,1.641
2034-09-03,18.25,16.96,54.92,383.47,93.9,99.7,18.29,2.548
2034-09-04,18.11,15.79,161.14,346.19,86.8,99.4,31.32,4.117
2034-09-05,17.56,14.62,192.86,325.17,77.6,100.4,9.31,3.402
2034-09-06,17.89,15.19,136.97,347.8,84.4,99.8,14.34,3.332
2034-09-07,17.86,13.73,167.43,323.13,76.6,100,8.31,5.033
2034-09-08,17.4,12.06,183.18,309.43,74.5,101.2,0,3.251
2034-09-09,15.4,11.34,155.43,304.29,77.9,101.4,0,0.328
2034-09-10,17.36,11.48,108.45,332.48,85.1,100.9,0.84,2.162
2034-09-11,16.93,10.65,198.1,295.18,81.4,100.9,0,1.218
2034-09-12,17.53,12.71,111.14,340.18,89,100.9,6.12,3.295
2034-09-13,19,14.52,47.15,377.3,92.5,100.4,32.69,5.833
2034-09-14,14.54,11.9,35.64,329.31,85.1,100.6,10.85,3.827
2034-09-15,16.28,10.23,183.83,289.87,77.4,101.4,0,0.733
2034-09-16,18.31,13.07,66.61,361.14,93.8,101.2,7.88,0.559
2034-09-17,18.89,14.01,120.87,337.57,91,101,0,0.436
2034-09-18,21.72,14.1,153.48,346.2,88.6,100.7,0.73,0.682
2034-09-19,18.31,14.85,108.28,357.98,89.2,100.9,1.62,5.147
2034-09-20,16.5,12.2,144.04,310.36,80,101.5,0,1.619
2034-09-21,17.02,11.85,115.24,320.1,79.3,101.3,0,0.311
2034-09-22,19.33,12.16,160.77,322.92,81.6,100.6,0,0.838
2034-09-23,17.93,13.21,57.75,359.37,90.1,100.8,2.4,2.398
2034-09-24,19.65,13.09,63.99,356.04,87.5,101.1,0.85,1.069
2034-09-25,17.07,12.28,90.39,338.29,88.5,101,1.68,3.253
2034-09-26,15.79,11.01,135.73,299.11,72.4,101.7,0,2.066
2034-09-27,18.39,12.68,141.88,309.52,70.9,101.4,0,2.021
2034-09-28,18.35,11.68,64.61,335.63,79.1,100.8,8.06,0.511
2034-09-29,15.62,9.99,141.67,277.31,71.3,102,0,2.105
2034-09-30,15.14,8.84,138.71,277.68,75,102.5,0,0.249
2034-10-01,15.93,9.53,146.39,280.02,71.4,102.3,0,1.146
2034-10-02,16.6,9.49,112.42,307.19,78.1,101.7,0,1.502
2034-10-03,16.55,11.99,110.67,318.29,82.9,100.9,0.04,0.84
2034-10-04,18.55,13.16,101.81,339.11,84.2,99.5,11.21,1.888
2034-10-05,14.9,12.88,58.15,335.18,86,98.7,2.59,0.389
2034-10-06,15.08,10.59,118.64,290.92,76.1,99.8,0,3.607
2034-10-07,15.41,10.77,103.99,306.25,75,99.6,0,2.925
2034-10-08,13.18,11.34,50.74,321.66,82.3,99.3,0.59,1.036
2034-10-09,15.01,11.03,101.86,309.59,80.1,100.8,0,2.392
2034-10-10,16.37,12.04,84.12,336.52,92.4,101.2,0.28,0.929
2034-10-11,16.16,11.3,30.81,335.85,90.6,101.5,5.3,1.536
2034-10-12,14.56,9.05,114.16,274.47,77.3,102.6,0,1.495
2034-10-13,13.69,7.75,110.17,270.17,80.7,102.8,0,0.562
2034-10-14,13.99,7.21,72.62,315.21,86.3,101.9,1.86,1.932
2034-10-15,14.36,11.96,79.22,331.58,86.1,100.9,2.71,5.655
2034-10-16,11.94,7.31,80.54,277.15,62.7,101.5,0,2.615
2034-10-17,11.4,6.59,79.73,277.1,65,102.3,0,2.597
2034-10-18,14.17,11.17,40.3,337.55,86.3,101.7,2.26,3.632
2034-10-19,15.44,10.65,63.03,327.97,89.8,101.7,0,0.777
2034-10-20,14.73,10.67,78.93,316.7,87.4,101.7,0,0.927
2034-10-21,14.14,10.44,70.6,316.97,87.8,101.5,0,1.356
2034-10-22,13.02,8.97,54.79,319.94,84.4,100,10.36,7.092
2034-10-23,9.21,6.56,55.73,276.07,65.6,99.5,0.12,2.819
2034-10-24,8.15,5.24,71.64,261.07,65,100.3,0,2.869
2034-10-25,11.31,5.66,13.76,320.57,83.8,98.8,20.96,4.483
2034-10-26,11.18,9.3,37.34,316.24,71,98.3,9.47,9.729
2034-10-27,10.47,7.49,51.93,306.61,78.7,99,14.19,3.26
2034-10-28,13.68,7.46,15.12,336.77,93,99.5,21.47,0.464
2034-10-29,15.17,13.57,33.85,362.53,91.8,99.1,15.08,2.321
2034-10-30,16.67,15.04,34.31,366.52,91.5,98.9,7.65,1.414
2034-10-31,16.16,13.5,50.25,337.65,85,99.1,5,2.148
2034-11-01,15.65,11.96,66.53,308.71,78.4,99.2,2.35,5.264
2034-11-02,12.53,10.9,51.24,297.42,72.1,100,1.02,8.269
2034-11-03,12.07,7.31,51.82,283.33,79,100.9,0.64,3.623
2034-11-04,12.8,6.28,55.85,294.41,84.1,100.6,2.45,3.064
2034-11-05,13.4,8.81,19.53,322.61,86.1,99,7.08,0.967
2034-11-06,11.14,7.97,51.33,283.85,66.7,100.7,0,3.508
2034-11-07,10.56,7.66,29.36,313.05,73.6,102,0,0.448
2034-11-08,10.71,8.4,20.12,326.17,78,101.8,0,0.887
2034-11-09,13.52,10.09,11.39,346.76,91.8,101,22.03,2.204
2034-11-10,10.55,8.6,29.46,322.39,78.6,101.4,0.82,3.304
2034-11-11,12.35,8.82,31.82,321.48,83.2,100.3,3.54,6.685
2034-11-12,10.88,6.48,23.98,308.3,72.5,100.1,7.4,8.847
2034-11-13,8.95,4.27,32.36,281.37,76.1,101.8,0,1.479
2034-11-14,10.3,6.53,17.37,322.52,82.1,101.8,1.28,1.273
2034-11-15,9.18,6.36,48.89,288.73,87,101.3,2.1,0.892
2034-11-16,8.03,3.57,39.36,265.11,84.1,101,0,1.14
2034-11-17,8.67,2.98,46.83,267.23,88.2,101.7,0,1.465
2034-11-18,11.75,5.72,35.08,308.88,90.1,101.5,0,1.833
2034-11-19,10.47,4.32,48.28,264.61,84.1,100.8,0,2.12
2034-11-20,10.9,4.29,40.47,291.95,87.8,101,0,2.188
2034-11-21,7.7,3.58,30.04,282.51,82.4,101.6,0,1.807
2034-11-22,8.71,5.17,25.76,295.97,90.1,101.7,0.33,3.663
2034-11-23,8.87,6.77,32.89,293.58,89.6,102,1.79,3.925
2034-11-24,7.88,5.3,19.57,302.52,82.2,102.3,0.64,3.419
2034-11-25,6.28,2.11,21.08,276.07,82.8,102.2,0,0.876
2034-11-26,10.47,2.55,13.41,290.49,92,101.6,0,1.525
2034-11-27,9.16,3.4,22.24,292.35,93.9,101.7,0.49,0.341
2034-11-28,9.45,4.73,20.08,306.56,91.7,101.8,0.97,0.636
2034-11-29,9.92,8.31,20.43,322,86.5,101.3,0.62,3.631
2034-11-30,9.26,6.09,28.49,305.92,82.2,100.8,8.85,2.514
2034-12-01,8.85,6.87,20.51,308.49,77.4,100.2,11.58,7.172
2034-12-02,12.39,7.12,7.39,335.32,85.5,99.7,18.89,7.524
2034-12-03,13.25,7.12,9.24,340.78,84.8,98.3,25.33,8.369
2034-12-04,7.87,4.8,25.77,279.43,71.6,99.8,4.35,6.437
2034-12-05,8.74,6.62,14.22,310.56,78,100.7,4.74,7.858
2034-12-06,9.1,2.72,19.82,290.05,81.8,101.8,0,2.197
2034-12-07,9.55,8.07,18.67,322.4,85.9,101,3.43,6.585
2034-12-08,9.3,5.01,6.46,313.39,83,99.5,13.07,8.126
2034-12-09,6.15,4.59,28.2,267.23,69.3,99.2,3.73,6.404
2034-12-10,7.36,4.18,24.82,280.05,73.3,100.1,7.08,4.052
2034-12-11,8.07,3.39,28.73,275.93,84.7,100.3,1.43,2.368
2034-12-12,9.89,4.07,8.84,317.1,90.2,100.2,18.37,6.018
2034-12-13,8.33,5.44,11.48,302.5,75.3,98.7,8.55,8.098
2034-12-14,5.74,2.12,11.88,298.51,85.7,98.2,15.08,3.459
2034-12-15,4.1,-0.06,26.15,232.75,82.2,98.5,0,1.332
2034-12-16,3.55,-0.54,25.51,230.96,79.7,100.3,0,0.428
2034-12-17,6.23,-0.03,5.86,295.16,89.3,99.9,4.16,2.003
2034-12-18,9.94,6.1,5.3,315.59,90.3,99.7,16.62,5.269
2034-12-19,11.09,5.6,4.82,335.5,88.2,99.9,36.35,1.63
2034-12-20,10.71,3.82,29.62,264.1,77.8,101.3,2.13,3.238
2034-12-21,6.96,3.46,25.35,287.6,83.1,102.6,0,1.561
2034-12-22,6.66,1.75,21.24,264.3,92.3,102.1,0,2.34
2034-12-23,4.18,-0.44,28.52,236.59,96.5,101.7,0,2.309
2034-12-24,3.34,-0.63,23.27,255.92,91.7,101.4,0,1.512
2034-12-25,4.17,1.36,15,291.78,90.6,101.2,0.82,0.854
2034-12-26,9.07,3.87,9.64,326.49,93.9,100.9,25.12,1.97
2034-12-27,10.25,6.91,22.8,315.44,92.7,100.5,27.45,3.256
2034-12-28,10.67,7.79,2.26,336.61,92.5,100.5,35.84,4.841
2034-12-29,9.31,6.82,18.43,302.63,66,100.5,1.65,9.928
2034-12-30,11.54,5.69,6.29,332.33,88.6,99.6,23.2,4.077
2034-12-31,11.42,5.92,9.08,323.79,82.5,99.1,17.27,7.873
2035-01-01,11.29,6.16,11.88,315.2,76.4,98.5,11.37,11.859
2035-01-02,9.09,6.29,11.66,313.31,78.6,98.9,19.68,9.091
2035-01-03,8.18,5.89,23.37,299.74,79.9,98.2,6.48,7.448
2035-01-04,8.5,3.86,18.47,307.9,86.4,98,8.39,1.471
2035-01-05,7.4,2,30.91,245.43,71.6,100.1,0,5.15
2035-01-06,8.26,1.92,4.73,305.51,86.5,100.2,11.96,1.872
2035-01-07,8,1.91,27.7,271.23,86.2,99.1,5.08,1.463
2035-01-08,6.12,1.6,32.57,261.39,88.8,100.2,0,1.51
2035-01-09,7.9,2.36,18.57,299.03,88.6,101.1,1.92,2.381
2035-01-10,8.44,7.24,22.38,317.56,88.2,100.4,15.4,6.335
2035-01-11,10.57,8.02,3.1,344.1,92,100.1,16.82,7.532
2035-01-12,11.28,8.37,8.49,350.11,95.6,99.8,15.6,7.326
2035-01-13,8.53,4.54,6.03,320.62,95,100,17.93,1.991
2035-01-14,5.02,1.15,28.14,254.39,79.2,100.4,2.56,1.704
2035-01-15,4.68,-1.09,33.77,236.34,72.4,101.7,0,1.455
2035-01-16,8.48,4.54,4.7,310.32,90,100.9,15.95,1.452
2035-01-17,7.13,2.48,39.88,255.46,90,101.8,0,0.986
2035-01-18,10.99,5.29,17.63,326.74,90.5,100.3,21.26,1.7
2035-01-19,6.68,1.66,41.08,242.32,83.1,101.6,0,1.469
2035-01-20,6.76,1.11,43.13,249.63,85.3,103.3,0,0.673
2035-01-21,4.02,-0.44,40.76,249.88,88.5,103.6,0,1.643
2035-01-22,2.43,-1.99,45.51,252.45,90.5,102.9,0,0.729
2035-01-23,7.57,1.92,30.46,300.81,90.2,102.2,0.59,1.127
2035-01-24,9.78,7.32,6.57,340.91,93.9,100.4,25.43,7.234
2035-01-25,7.84,5.12,30.38,300.13,80.3,100.3,3.85,3.037
2035-01-26,10.04,5.83,11.78,329.44,88.7,98.9,13.13,3.252
2035-01-27,7.98,1.94,27.8,296.25,82,99.4,7.43,1.185
2035-01-28,2.52,-0.69,51.9,223.91,68,103,0,1.362
2035-01-29,7.6,-0.15,32.93,295.71,74.6,102.8,0,4.476
2035-01-30,8.32,7.48,10.71,335.72,93.2,102.1,16,5.272
2035-01-31,8.86,7.87,8.16,340.79,95.2,101.3,20.69,5.778
2035-02-01,9.87,8.67,14.14,348.01,97,100.3,18.74,5.423
2035-02-02,10.05,9.26,22.71,345.63,90.4,99,18.47,3.333
2035-02-03,10.12,4.5,11.34,320.67,89.1,97.8,32.13,1.426
2035-02-04,6.56,4.27,50.48,283.12,76.5,97.9,2.43,1.51
2035-02-05,6.92,2.16,58.49,262.23,73.5,98.8,0,1.003
2035-02-06,6.72,1.26,59.79,271.96,79.7,99.6,2.32,0.836
2035-02-07,6.71,4.13,35.23,302.12,85.4,99.1,7.82,6.434
2035-02-08,5.85,2.05,62.53,265.22,72.3,99.6,1.36,4.55
2035-02-09,9.75,3.04,28.7,311.57,90.5,98.4,12.59,2.367
2035-02-10,5.81,3.12,46.41,284.28,75.5,98.1,5.61,8.252
2035-02-11,5.77,3.89,34.21,291.9,75.2,98.6,13.47,7.527
2035-02-12,6.08,4,40.98,290.74,79.3,99.2,5.56,4.435
2035-02-13,6.18,3.05,42.67,284.92,78.2,98.1,0,6.959
2035-02-14,5.7,2.77,44.4,293.62,83.3,98.3,0,2.475
2035-02-15,7.7,3.13,25.8,300.93,91.3,98.5,3.22,0.884
2035-02-16,8.54,5.71,34.47,313.78,91.9,97.7,0,2.34
2035-02-17,7.25,3.69,50.16,301.23,89.2,100.4,2.93,0.893
2035-02-18,10.19,7.26,22.57,324.34,92.7,100.7,11.35,4.657
2035-02-19,9.47,7.22,56.11,313.03,82.4,101.9,0,2.715
2035-02-20,9.29,7.46,36.47,337.72,97.6,101.7,1.38,1.743
2035-02-21,11.26,4.98,75.53,292.18,91.9,100.7,0,1.208
2035-02-22,9.73,8.23,33.73,331.32,93.9,99.4,7.8,2.323
2035-02-23,10.3,8.02,52.91,332.79,88.7,99.5,14.77,5.559
2035-02-24,9.9,8.4,10.77,347.55,97.3,98,40.01,2.877
2035-02-25,8.46,2.33,73.83,285.62,77.6,97.6,3.63,4.42
2035-02-26,4.39,0.4,45.09,279.84,80.6,98.1,11.21,4.594
2035-02-27,3.59,1.35,39.45,284.68,79.1,98.4,7.26,5.571
2035-02-28,4.93,1.07,103.55,256.57,74.6,98.6,1.49,2.792
2035-03-01,5.26,2.53,30.26,279.35,77.6,98.7,10.83,6.646
2035-03-02,6.14,2.43,92.77,255.65,74.3,98.5,0,2.685
2035-03-03,5.67,1.29,92.16,252.33,70.9,98.8,0,3.167
2035-03-04,6.13,1.25,87.7,260.99,72,99.1,0.25,3.119
2035-03-05,6.6,0.47,111.8,247.36,70.5,99.3,0,2.145
2035-03-06,6.71,0.81,106.93,258.23,65,99.7,0,1.67
2035-03-07,7.07,3.92,67.07,289.94,72.3,99.4,0,3.603
2035-03-08,10.78,5.99,44.03,322.61,91.9,97.8,9.11,1.472
2035-03-09,9.96,7.26,64.18,309.1,89.8,97.6,14.97,2.144
2035-03-10,9.66,7.35,102.77,313.26,87.7,98.3,21.65,2.4
2035-03-11,9.38,7.23,112.06,309.53,91.6,99.9,5.08,3.788
2035-03-12,12.15,8.56,111.78,307.46,76.9,100.4,0,2.225
2035-03-13,11.69,8.04,112.59,301.68,76.5,99.7,0,2.976
2035-03-14,12.28,7.48,76.52,338.61,92.6,99.7,11.84,0.497
2035-03-15,10.57,7.26,132.51,288.42,86.8,100.6,0.16,0.691
2035-03-16,10.23,6.84,121.43,280.63,82.2,101.4,1.75,1.306
2035-03-17,9.71,7.87,60.63,321.4,87.6,101,11.92,1.833
2035-03-18,10.95,8.59,77.36,334.97,92.1,101,4.81,0.922
2035-03-19,9.83,6.95,139.94,296.41,87.5,101.3,1.88,4.018
2035-03-20,10.55,8.28,73.43,338.97,96.2,100.8,23.7,1.656
2035-03-21,9.51,6.07,69.79,313.79,91,99.5,8.58,1.755
2035-03-22,8.4,3.75,95.83,295.83,84.6,98,12.94,0.605
2035-03-23,6.7,5.15,30.35,307.3,88.7,96.4,15.71,3.035
2035-03-24,9.86,5.15,123.43,312.17,88.2,96.4,10.79,4.931
2035-03-25,10.05,4.53,115.34,305.98,86.8,98.1,3.71,1.109
2035-03-26,7.8,3.7,146.01,281.52,79.6,99.7,5.25,0.12
2035-03-27,7.36,4.55,95.64,290.88,76.4,99,9.26,5.548
2035-03-28,7.43,3.31,117.72,280.11,76.9,99.5,3.36,1.545
2035-03-29,7.32,2.92,74.66,300,84.2,99.6,15.53,0.523
2035-03-30,6.45,0.07,167.42,242.16,65.3,100.6,0,2.405
2035-03-31,5.82,-0.11,161.96,245.65,68.8,100.6,0,0.648
2035-04-01,6.98,1.09,144.23,273.64,70.2,100.2,0,2.042
2035-04-02,6.76,3.43,111.76,287.33,63.7,100.1,0,3.256
2035-04-03,7.47,2.9,141.51,276.76,69.8,99.8,0.95,2.74
2035-04-04,7.77,2.81,168.15,267.63,68.6,100.4,0.99,0.862
2035-04-05,6.2,2.07,104.11,284.7,82.4,100,3.17,2.209
2035-04-06,8.32,2.28,137.83,270.65,75.1,100.3,1.66,4.233
2035-04-07,6.68,2.17,133.25,278.63,72.8,100.9,0.66,4.705
2035-04-08,6.04,2.32,94.73,293.82,80,100.7,2.37,2.457
2035-04-09,7.13,2.04,124.62,287.61,77.1,100.4,0,0.933
2035-04-10,7.01,2.01,162.97,268.26,78.8,100,0,0.808
2035-04-11,6.55,1.68,153.43,264.26,73.5,99.9,0,2.084
2035-04-12,5.68,1.76,150.93,262.66,62.6,99.9,0,2.062
2035-04-13,6.8,-0.42,170.48,253.23,70.9,100.3,2.04,2.668
2035-04-14,6.51,-0.71,217.34,230.93,65,100.7,0,0.913
2035-04-15,7.72,1.01,175.26,268.94,66.2,100.5,0,2.142
2035-04-16,7.53,4.22,117.79,304.88,84.5,99.8,7.18,4.346
2035-04-17,6.77,3.85,97.48,297.26,79.3,98.9,10.71,5.235
2035-04-18,6.89,2.56,142.23,267.24,63.5,99.6,1.27,3.046
2035-04-19,7.17,1.86,169,267.96,65.7,100.2,1.24,2.508
2035-04-20,8.02,2.19,164.7,274.78,67.4,100.1,0.05,1.125
2035-04-21,7.11,2.67,175.68,268.27,67.8,100.3,0,2.773
2035-04-22,4.84,2.39,37.11,290.73,84.5,98.8,12.78,2.006
2035-04-23,6.56,2.27,156.83,274.92,76.3,98.4,10.41,7.224
2035-04-24,8.28,4.21,149.46,308.91,80,98.1,11.31,4.449
2035-04-25,9.94,4.99,181.52,293.97,75.2,98.9,1.25,0.646
2035-04-26,10.62,5.19,178.2,300.12,73.8,99.9,0,0.484
2035-04-27,9.96,5.09,211.68,285.92,71.6,100.4,0,0.848
2035-04-28,12.51,4.61,199.5,291.42,66.3,100.7,0,1.249
2035-04-29,14.39,8.61,194.59,295.93,59.9,100.9,0,4.882
2035-04-30,13.19,4.8,286.94,265.67,76.1,101.2,0,0.563
2035-05-01,11.86,7.02,222.43,295.15,85.9,101.4,1.1,1.84
2035-05-02,12.14,6.78,156.37,316.66,90.8,101.6,8.26,1.367
2035-05-03,11.51,7.91,272.27,291.05,80.6,101.9,2.88,2.748
2035-05-04,11.15,6.28,224.81,284.98,75.8,102,0.47,4.209
2035-05-05,11.12,4.45,222.72,269.83,77.3,101.8,0,1.354
2035-05-06,13.16,8.09,207.92,315.07,67.4,100.5,0,0.781
2035-05-07,13.6,9.77,189.39,320.83,76.9,99.4,6.48,0.089
2035-05-08,13.04,9.18,174.01,335.1,91.4,99,10.76,1.593
2035-05-09,15.17,10.42,114.2,347.88,92.9,99,13.01,2.868
2035-05-10,13.13,9.58,247.85,308.28,78.8,100.1,0,0.119
2035-05-11,11.67,6.34,208.44,302.76,69.1,101.2,0,4.146
2035-05-12,10,5.64,151.12,310.21,68.6,101.2,0.12,2.807
2035-05-13,10.17,5.81,164.5,309.74,72.8,101.2,0,5.113
2035-05-14,10.59,4.91,179.36,301.75,74.7,101.2,0,1.947
2035-05-15,11.63,4.88,223.44,286.27,81.8,100.5,0,2.198
2035-05-16,12.25,5.09,241.43,293.34,85.8,99.7,1.52,0.895
2035-05-17,10.11,3.53,235.63,279.71,62.3,100.3,1.04,2.059
2035-05-18,10.35,5.61,164.75,300.98,74.8,100.9,5.35,4.903
2035-05-19,10.8,8.57,108.45,338.71,95.1,100.4,16.76,4.852
2035-05-20,12.24,9.48,187.22,333.27,89.8,99.2,6.63,0.599
2035-05-21,13.59,9.5,264.97,321.21,90.7,98.2,7.24,4.76
2035-05-22,10.73,8.77,81.8,334.25,93.9,98.9,13.01,4.477
2035-05-23,11.3,7.39,219.98,297.59,76.4,99.7,2.4,1.959
2035-05-24,12.23,6.73,163.06,316.95,83.8,99,6.56,3.103
2035-05-25,12.17,5.34,299.37,281,77.6,99.8,2.37,1.477
2035-05-26,12.09,9.42,159.68,330.27,90.1,98.4,18.04,2.149
2035-05-27,12.26,9.6,204.84,323.87,89.3,98.6,7.12,5.511
2035-05-28,12.24,8.53,221.69,299.47,81.6,100,1.47,4.607
2035-05-29,12.54,8.75,270.49,295.48,80.3,101.3,1.4,2.627
2035-05-30,12.61,10.7,110.29,338.84,89.1,101.5,26.46,2.088
2035-05-31,13.59,9.87,188.55,325.68,88.2,101.3,16.84,2.299
2035-06-01,14.56,9.05,268.03,312.2,87.2,101.2,7.23,3.966
2035-06-02,15.89,8.27,288,300.88,78.5,101.7,0,0.151
2035-06-03,15.25,12.3,126.04,355.86,90.2,101.4,3.45,0.649
2035-06-04,14.33,11.92,154.75,340.69,92.2,100.8,5.01,2.445
2035-06-05,13.76,10.3,247.72,317.69,85.6,100.5,2.88,4.29
2035-06-06,13.76,11.38,154.79,346.28,92.6,100,9.53,1.801
2035-06-07,18.4,11.46,228.01,345.48,83.1,99.5,1.94,2.165
2035-06-08,17.3,11.24,175.55,340.28,87.8,99.7,3.63,1.43
2035-06-09,16.75,11.46,236.86,329.65,88,99.9,2.63,0.368
2035-06-10,16.4,12.37,133.75,336.26,86.6,99.7,1.97,1.067
2035-06-11,16.03,11.91,161.6,320.45,81.6,100.2,2.66,3.702
2035-06-12,16.99,12.21,283.22,317.27,78.5,100.6,0,0.597
2035-06-13,19.67,11.6,184.86,353.86,88.5,100.8,5.69,0.339
2035-06-14,15.54,11.04,304.2,297.48,87.5,101.4,0,1.677
2035-06-15,16.58,11.75,231.04,338.23,90.3,101.5,2.76,0.967
2035-06-16,15.35,12.24,229.96,334.39,85.1,101.2,0.72,4.548
2035-06-17,14.71,11.49,231.39,319.22,84.5,100.5,1.78,4.231
2035-06-18,13.96,9.38,208.67,314.42,83.4,99.3,3.61,3.054
2035-06-19,13.8,7.95,206.37,303.08,75.8,99.9,1.47,1.754
2035-06-20,14.07,7.57,220.68,310.3,73,100.6,2.71,2.076
2035-06-21,15.27,10.64,114.17,352.55,93.6,99.5,39.24,2.178
2035-06-22,15.28,12.13,225.26,336.77,86.5,99.7,5.97,4.775
2035-06-23,14.01,11.55,196.99,321.95,83.6,100.5,8.03,5.685
2035-06-24,14.59,11.44,233.92,320.13,80.8,101,4.33,5.058
2035-06-25,13.93,10.85,209.49,320.3,82,100.9,7.83,3.805
2035-06-26,15.55,10.19,247.11,313.27,75.6,100.6,3.31,3.41
2035-06-27,15.14,11.14,255.84,314.68,81.5,100.7,3.16,4.526
2035-06-28,15.9,10.23,238.97,312.86,85.7,100.2,1.85,0.934
2035-06-29,13.72,10.15,55.98,329.37,90.7,99.3,11.67,1.8
2035-06-30,16.37,11.48,291.96,309.13,80.7,99.4,0,0.786
2035-07-01,14.42,11.18,108.19,331.12,83.3,99.6,5.44,3.213
2035-07-02,15.21,9.85,264.8,299.46,75.3,100.2,0,2.009
2035-07-03,15.67,9.77,85.03,340.59,89.7,100.2,10.85,3.048
2035-07-04,16.04,12.65,156.02,352.59,89.4,100.5,6.51,5.287
2035-07-05,16.96,13.7,130.38,367.64,94.8,100,9.57,1.998
2035-07-06,16.26,13.7,277.77,327.4,82.1,100.2,0.96,5.453
2035-07-07,16.15,13.73,259.62,330.53,81.1,100.4,0.08,4.175
2035-07-08,15.81,12.48,244.69,324.28,85.3,100.3,6.97,5.807
2035-07-09,15.81,11.91,225.55,326.02,83.4,100.6,0,3.529
2035-07-10,18.32,10.45,309.39,305.59,77,101,0,0.563
2035-07-11,17.27,12.27,258.31,320.85,76.3,101.6,0,1.599
2035-07-12,18.74,12.82,318.63,316.1,82.1,101.5,0,1.666
2035-07-13,20.98,14.42,289.1,337.9,78.3,101.5,0,0.546
2035-07-14,22.52,16.51,274.52,362,82.5,101.8,0,0.104
2035-07-15,23.27,18.45,280.25,364.32,87.2,101.9,0,0.142
2035-07-16,23.51,16.56,330.98,321.46,70.1,101.6,0,1.932
2035-07-17,23.21,14.05,306.79,315.35,78.9,101.3,0,1.018
2035-07-18,21.61,15.78,275.05,347.45,85.8,101.4,0,0.726
2035-07-19,21.88,15.32,294.58,338.27,80.6,101.3,0,0.287
2035-07-20,22.15,14.26,316.48,311.45,72.8,101.4,0,2.502
2035-07-21,21.99,12.68,260.52,320.6,78.4,101.3,0,1.734
2035-07-22,21.06,14.52,219.66,345.05,85.9,101,0.4,0.193
2035-07-23,21.57,16.76,255.55,348.4,85.5,101,0.31,1.393
2035-07-24,21.13,14.98,225.36,345.71,85.1,100.5,19.79,2.413
2035-07-25,17.92,14.28,202.53,330.14,73.1,100.3,11.9,4.641
2035-07-26,16.66,13.15,133.05,334.26,81.8,99.6,24.56,4.74
2035-07-27,17.8,13.34,250.39,311.48,78.4,100.5,0,5.495
2035-07-28,16.77,13.03,120.64,350.63,90.1,100.4,9.03,3.966
2035-07-29,18.02,13.62,204.45,337.96,85,100.2,7.59,2.383
2035-07-30,18.26,11.96,279.27,301.31,78.4,100.9,0.25,0.436
2035-07-31,18.01,12.35,279.84,302.65,77.4,100.9,1.69,0.726
2035-08-01,17.76,12.74,280.42,304.02,76.3,100.9,2.74,1.782
2035-08-02,18.67,12.96,206.66,337.03,83.9,100.3,3.51,1.001
2035-08-03,18.28,15.28,137.72,358.77,92.8,99.6,16.27,0.552
2035-08-04,19.57,14.93,206.98,349.04,89.4,99.8,6.17,1.832
2035-08-05,18.27,15.02,191.93,355.09,86.6,100.1,10.6,3.084
2035-08-06,17.02,13.86,197.79,328.86,83.4,100.1,2.07,6.37
2035-08-07,16.24,13.77,141.51,340.48,85.3,100.2,5.54,5.433
2035-08-08,18.02,13.03,202.72,324.11,80.7,100.1,0,3.91
2035-08-09,17.2,13.72,230.5,330.07,80.2,99.9,1.6,3.058
2035-08-10,18.54,15.41,165.11,352.53,93.8,99.3,19.41,1.038
2035-08-11,16.33,11.53,91.31,330.04,88.8,99.3,7.09,2.962
2035-08-12,16.82,13.28,181.13,331.23,86.3,99.5,10.63,5.739
2035-08-13,18.18,14.45,221.44,330.39,83.5,100.4,4.28,5.374
2035-08-14,18.42,16.42,86.33,370.7,96.2,100.4,7.31,2.43
2035-08-15,18.45,15.28,219.14,335.56,82.6,100.3,0.79,4.011
2035-08-16,17.55,14.84,84.32,363.62,92.3,100,32.27,0.535
2035-08-17,17.02,14.19,140.53,343.46,86.7,100.5,23.23,3.696
2035-08-18,16.68,11.3,247.17,288.7,74.3,101.8,0,1.109
2035-08-19,17.91,10.99,259.38,304.77,81,101.6,0,2.058
2035-08-20,18.46,15.8,99.91,375.65,93.2,101.1,3.29,3.334
2035-08-21,18.74,14.69,91.16,371.24,95.5,100.9,6.36,2.548
2035-08-22,19.41,12.29,236.71,317.07,80.8,100.9,0,0.326
2035-08-23,19.38,16.05,186.32,348.47,86.4,100.4,4.22,1.483
2035-08-24,17.99,14.87,173.91,330.38,80.3,100.1,7.72,4.782
2035-08-25,18.22,13.9,188.74,329.8,80.5,100.2,5.42,5.839
2035-08-26,17.32,12.01,187.57,313.22,72.3,100.9,0,2.93
2035-08-27,17.62,14.51,46.94,370.55,91.9,100.7,9.72,4.382
2035-08-28,18.81,13.58,141.62,347.81,87.4,100.8,7.39,4.699
2035-08-29,17.45,12.3,206.39,303.53,79.6,101.3,0,1.478
2035-08-30,19.68,12.74,171.71,347.55,88.1,100.8,2.97,0.841
2035-08-31,20.72,13.99,192.28,340.17,86.9,100.7,1.9,1.399
2035-09-01,21.75,15.24,213.12,331.52,85.8,100.7,0.74,1.9
2035-09-02,20.11,13.74,194,328.54,79.8,101.2,0,3.676
2035-09-03,18.61,11.82,222.04,299.47,85.6,101,0,0.237
2035-09-04,19.75,14.13,125.24,351.74,90.5,100.9,0,0.318
2035-09-05,19.5,14.79,136.63,351.15,90.4,101,0,0.818
2035-09-06,18.82,13.97,164.59,328.73,82.5,101.1,1.79,2.631
2035-09-07,17.3,11.86,185.49,298.2,74,101.9,0,2.138
2035-09-08,18.79,13.23,205.4,307.08,80,101.8,0,1.373
2035-09-09,18.82,15,157.88,335.55,89.2,101.2,0,2.323
2035-09-10,22.23,13.85,201.8,327.46,81.1,101,0,0.729
2035-09-11,20.4,15.19,179.73,337.08,87.3,100.7,6.04,1.673
2035-09-12,16.1,12.2,181.07,305.54,69.4,101.5,3.14,3.113
2035-09-13,14.23,8.98,200.33,263.78,67.9,102.3,0,0.371
2035-09-14,16.48,9.7,160.92,297.84,72,101.7,0,1.736
2035-09-15,16.71,11.88,51.32,332.96,83.2,101.2,6.84,3.073
2035-09-16,15.67,9.46,148.09,299.71,73.8,101.2,0,0.614
2035-09-17,16.71,11.77,76.5,344.74,86.7,100.2,7.45,0.524
2035-09-18,17.5,15.77,81.88,352.6,89.7,99.6,9.81,1.777
2035-09-19,17.7,13.33,151.84,325.91,86.1,100.3,3.45,1.246
2035-09-20,18.11,12.83,112.15,334.33,88.6,101,0,1.364
2035-09-21,18.6,14.16,149.52,335.55,88.6,101.5,0,0.83
2035-09-22,20.57,14.28,123.16,343.36,82,101.1,0,1.85
2035-09-23,21.31,14.9,145.31,334.8,77.2,99.8,3.76,1.924
2035-09-24,16.41,13.16,95.72,330.87,75.1,99.9,12.73,7.908
2035-09-25,14.74,11.13,84.21,324.48,75.3,100.9,1.75,3.774
2035-09-26,16.77,11.86,93.51,342.29,79.3,101.3,0,0.513
2035-09-27,17.23,14.15,85.13,352.91,91.3,101.1,0.89,1.184
2035-09-28,16.94,14.77,88.75,360.47,91.6,100.9,3.65,1.575
2035-09-29,15.9,12.12,141.26,307.74,80.1,100.8,10.52,2.564
2035-09-30,15.46,9.27,142.46,285.04,78.7,101.5,0,1.18
2035-10-01,15.79,11.23,96.07,322.31,84.7,101.7,0,1.507
2035-10-02,15.91,11.35,83.97,327.78,83.1,101.3,0.5,0.548
2035-10-03,15.32,11.56,47.18,323.5,82.3,100.1,14.87,0.921
2035-10-04,13.47,11.81,56.16,331.4,81.2,99.6,10.04,8.232
2035-10-05,14.14,11.46,49.36,332.05,81.5,100.3,6.4,6.79
2035-10-06,16.11,13.15,89.86,330.31,78.2,100.5,0.41,0.843
2035-10-07,20.45,14.85,117.13,334.01,64.6,99.8,0,4.836
2035-10-08,21.88,14.61,123.2,331.97,71.2,100.2,0,3.03
2035-10-09,19.8,13.08,128.91,303.15,74.8,100.3,0,3.03
2035-10-10,19.28,12.3,120.87,318.43,84.8,99.6,0,1.968
2035-10-11,17.15,13.29,58.83,351.05,88.6,98.9,17.68,1.896
2035-10-12,16.05,13.01,74.99,333.42,77.2,98.9,10.34,3.549
2035-10-13,16.55,14.29,80.35,334.65,81.3,100.4,1.56,2.2
2035-10-14,18.37,14.44,79.63,353.47,86.1,100.7,0,1.758
2035-10-15,18.78,16.3,42.32,365.77,89.2,100.7,2.88,1.769
2035-10-16,20.31,16.26,97.54,353.8,80.7,100.2,2.4,3.292
2035-10-17,16.38,13.42,76.16,334.02,87.7,100.2,3.62,1.566
2035-10-18,15.68,11.81,84.27,312.64,87.9,101,0,1.832
2035-10-19,16.32,10.91,71.03,325.55,89.6,101.4,0,1.319
2035-10-20,14.47,10.33,62.78,321.68,83,100.9,0,1.193
2035-10-21,14.9,11.88,63.62,339.17,87.8,100.9,0,0.289
2035-10-22,14.98,11.57,64.06,332.54,84.2,101.3,0,1.274
2035-10-23,13.99,10.84,61.11,328.4,84.8,101,0,0.696
2035-10-24,14.56,10.08,81.67,301.78,83,100.9,0,1.308
2035-10-25,14.23,10.15,43.1,333.2,87.8,100.7,0,1.278
2035-10-26,15.37,13.87,22.06,363.62,93.1,100.1,4.64,1.003
2035-10-27,16.72,14.06,37.48,355.15,90.3,99.5,5.97,1.995
2035-10-28,16.97,11.46,36.02,337.04,87.1,98.9,10.67,0.681
2035-10-29,13.68,9.7,50.4,294.09,74.3,100.2,0,1.475
2035-10-30,13.16,9.23,73.43,275.52,74.6,101,0,1.101
2035-10-31,13.28,8.62,68.36,278.48,79.3,101,0,0.294
2035-11-01,13.41,8.01,63.28,282,83.9,101,0,1.049
2035-11-02,13.88,8.4,34.62,330.55,88.5,100.5,3.61,1.339
2035-11-03,12.9,10.74,59.12,312.26,82.4,100.9,1.36,5.219
2035-11-04,13.69,10.71,36.2,322.32,84.5,101.1,1.14,0.813
2035-11-05,15.31,9.31,23.09,346.27,91.9,99.7,8.46,1.028
2035-11-06,10.89,8.54,26.14,315.62,70.3,100.2,0,6.033
2035-11-07,11.83,8.34,42.99,291.22,69.4,100.3,0,3.489
2035-11-08,13.06,8.84,40.53,314.39,88.6,100.4,0,1.59
2035-11-09,14.15,11.63,24.5,349.81,90.4,99.7,5.52,2.176
2035-11-10,15.28,13.26,26.34,354.31,91.9,99.5,2.25,1.433
2035-11-11,14.38,11.43,25.21,332.46,90.4,99.8,7.49,1.384
2035-11-12,14.26,10.86,28.53,332.97,85,99.5,10.47,1.757
2035-11-13,12.92,10,46.03,294.54,77.8,100,0,1.821
2035-11-14,15.58,11.84,23.18,349.85,87.7,99.9,7.6,2.63
2035-11-15,13.85,11.14,21.3,327.76,91.8,100.2,21.93,0.969
2035-11-16,14.88,12.49,16.15,346.09,86.3,100.3,7.15,2.108
2035-11-17,14.72,9.33,44.93,305.42,76.5,101,7.38,4.171
2035-11-18,12.27,6.59,35.33,288.4,74.2,101.7,2.14,3.36
2035-11-19,13.85,9.9,25.81,321,71.5,101.1,25.83,4.483
2035-11-20,14.02,11.68,32.85,318.85,79.4,100,4.1,8.911
2035-11-21,13.15,8.68,23.71,317.61,69.8,99.7,17.3,10.98
2035-11-22,9.53,5.56,8.23,315.2,80.4,99.2,27.58,4.363
2035-11-23,7.94,3.41,16.48,305.21,81.2,99,27.93,4.743
2035-11-24,8.33,5.36,18.89,308.11,79.9,99.4,10.83,5.615
2035-11-25,13.06,8.33,9.1,341.95,91.8,98.6,20.05,8.246
2035-11-26,13.35,7.2,22.01,331.55,83,98.8,5.27,4.225
2035-11-27,10.16,3.86,14.65,304.85,90.5,99,12.94,1.648
2035-11-28,12.68,5.34,8.38,317.03,84.1,100,11.36,3.264
2035-11-29,10.05,8,21.17,300.62,66.5,99.8,3.08,11.322
2035-11-30,8.58,5.21,27.3,279.71,64.7,100.5,0,5.648
2035-12-01,11.25,4.32,9.69,320.48,88,100.5,4.13,0.921
2035-12-02,11,8.12,23.15,311.39,90.4,100.7,1.68,2.06
2035-12-03,13.33,10.19,7.43,358.08,95.3,99.9,25.23,2.358
2035-12-04,11.21,8.53,20.16,305.04,77.6,99.6,6.31,3.598
2035-12-05,8.58,5.54,28.21,280.04,90.8,98.7,1.04,1.328
2035-12-06,7.97,5.65,31.68,283.29,81.6,98.5,1.05,2.477
2035-12-07,8.15,5.5,17.05,305.36,91.1,97.1,3.52,1.122
2035-12-08,6.67,3,21.77,272.3,90.6,97.3,0,0.624
2035-12-09,7.35,1.05,20.06,279.07,84,97.8,9.54,2.647
2035-12-10,6.79,3.54,19.72,291.45,85.2,98.1,2.91,0.656
2035-12-11,6.23,1.85,19.62,272.54,85.8,99.1,0,0.729
2035-12-12,5.61,0.96,11.68,272.31,80.9,99.9,3.92,1.945
2035-12-13,2.79,-1.33,29.27,226.4,83,100.2,0,0.537
2035-12-14,6.19,1.19,15.13,287.55,82.7,100.3,0,1.166
2035-12-15,7.79,5.52,11.02,319.6,91.1,99.9,4.76,1.432
2035-12-16,9.5,6.78,11.71,319.6,92.1,99.3,1.52,2.264
2035-12-17,13.01,9.47,12.77,344.64,90.8,98.1,15.49,2.304
2035-12-18,13.17,11.14,15.36,325.32,90.4,98.2,24.9,3.35
2035-12-19,11.34,9.18,2.32,329.22,92.8,98.3,19.49,1.617
2035-12-20,10.16,8.3,19.37,307.49,81,99.3,4.88,6.492
2035-12-21,11.09,7.72,3.65,320.77,85,99,30.93,4.963
2035-12-22,11.43,7.05,10.47,328.69,87.4,96.9,24.11,5.677
2035-12-23,7.98,5.35,12.8,306.17,72.1,98.3,10.65,9.568
2035-12-24,9.27,6.36,4.41,321.14,81,97.6,24.03,2.454
2035-12-25,7.99,5.23,8.06,297.47,70.3,97,8.11,8.301
2035-12-26,10.26,6.34,17.72,308.98,79,98.8,8.09,7.737
2035-12-27,11.03,6.62,12.23,323.89,85.9,98.7,15.65,8.154
2035-12-28,7.33,5.98,16.05,295.48,69.9,99.6,6.12,9.826
2035-12-29,10.53,4.79,12.88,312.7,81.4,97.6,21.45,8.94
2035-12-30,9.03,5.02,12.17,312.68,82.9,97.7,20.61,12.282
2035-12-31,8.22,4.93,16.11,302.05,82.6,99,11.89,9.179
2036-01-01,7.42,4.84,20.09,293.47,82.2,100.3,3.16,6.095
2036-01-02,10.64,6.37,10.95,334.13,93.2,100.2,15.84,3.603
2036-01-03,10.08,6.93,14.35,331.09,86.6,99.5,5.64,1.547
2036-01-04,10.04,4.31,30.05,290.31,85.3,99.6,1.58,0.425
2036-01-05,11.87,7.46,8.75,326.18,87.8,99.1,14.38,2.352
2036-01-06,9.94,8.39,29.81,283.64,80.6,100.7,0,2.033
2036-01-07,9.09,5.89,14.08,309.21,84.5,99.4,16.46,1.67
2036-01-08,8,6.61,24.87,296.08,77.4,100.8,1.49,5.169
2036-01-09,8.14,5.27,20.39,314.21,92.1,101.8,0.81,0.981
2036-01-10,8.85,6.79,17.03,325.86,96,101.5,2.93,0.835
2036-01-11,8.94,6.45,11.62,327.66,93.8,101.3,3.93,3.398
2036-01-12,6.47,1.66,37.02,245.67,84.7,102.2,0,1.891
2036-01-13,6.03,0.95,23.4,266.33,84.2,102.8,0,1.786
2036-01-14,5.38,1.17,24.38,276.7,75.1,103.4,0,1.511
2036-01-15,5.86,3.21,19.73,302.99,79.9,103.5,0.62,0.695
2036-01-16,5.15,0.88,38.61,253.25,94.6,102.7,0.46,0.488
2036-01-17,6.37,0.67,34.83,271.04,95.1,101.9,0,0.711
2036-01-18,5.62,1.3,35.44,266.54,97.4,101.4,0,1.46
2036-01-19,5.04,0.49,32.89,273.9,97.3,101.4,0,1.075
2036-01-20,5.53,1.16,26.83,275.71,92.5,101.5,0,1.806
2036-01-21,5.09,0.85,26.41,270.56,80.9,101.4,0,2.883
2036-01-22,5.75,1.99,30.9,281.61,86.4,101,0.57,2.841
2036-01-23,5.41,2.48,37.41,276.75,88.7,101.4,0,2.906
2036-01-24,4.72,1.46,29.34,279.85,89.3,101.7,0,0.872
2036-01-25,5.13,2.41,30.52,283.6,77.8,101.5,0,2.051
2036-01-26,5.02,0.43,50.63,250.42,86,101.8,0,1.549
2036-01-27,4.5,0.66,19.33,289.38,89.8,102.1,5.07,0.457
2036-01-28,7.48,2.11,23.44,305.28,92.7,101.9,5.55,1.753
2036-01-29,6.22,2.92,29.1,298.95,83.6,102.1,0,0.567
2036-01-30,6.78,2.22,31.65,289.03,86.6,102,0,0.96
2036-01-31,6.04,1.68,39.21,280.67,80.4,101.7,0,2.516
2036-02-01,6.91,3.18,38.15,292.38,81.7,101,0,3.789
2036-02-02,5.39,0.38,65.5,232.58,73.5,100.7,0,3.686
2036-02-03,3.56,1.85,45.12,268.03,73.1,100.7,0,5.89
2036-02-04,3.93,1.62,46.29,254.82,69.4,99.6,0,7.781
2036-02-05,4.42,2.29,39.14,284.26,71.7,99.4,0,4.728
2036-02-06,4.75,1.98,47.84,278.28,76.1,100,0,3.424
2036-02-07,8.49,3.68,48.94,296.43,80.4,99.7,0,5.279
2036-02-08,10.45,7.29,59.22,310.09,76.4,99.4,0.38,6.167
2036-02-09,11.18,7.95,68.37,299.53,84.4,100.5,0,1.611
2036-02-10,8.71,0.79,67.78,250.14,86.4,101.2,0,1.927
2036-02-11,5.89,-1.32,84.92,215.62,83.8,101.7,0,1.734
2036-02-12,5.11,-1.31,86.77,224.83,81,101.2,0,0.676
2036-02-13,7.28,1.82,55.18,278.78,87.5,100.6,0,2.197
2036-02-14,3.73,0.62,57.24,261.81,79,101.4,0,1.683
2036-02-15,6.25,1.99,36.92,299.83,82.3,100.9,3.94,5.528
2036-02-16,3.4,-0.27,58.08,262.13,76.8,100,0.75,2.318
2036-02-17,1.58,-5.53,30.06,232.88,84.4,99.1,9.02,2.614
2036-02-18,4.36,-10.56,55.63,237.49,84.4,99.2,3.9,2.928
2036-02-19,2.84,-3.36,87.78,213.45,75.5,99.6,0,1.171
2036-02-20,4,-2.46,100.59,222.2,73,99.6,0,0.536
2036-02-21,3.57,-1.9,102.79,223.42,70.8,99.1,0.91,1.442
2036-02-22,2.48,-6.17,34.18,258.84,85.7,98.9,19.39,2.5
2036-02-23,6,-5.09,37.69,279.35,87.6,99.4,0.98,0.777
2036-02-24,7.59,5.52,52.6,316.09,93.5,99.6,4.8,3.54
2036-02-25,8.63,5.67,103.63,279.28,75.5,99.3,0.26,1.522
2036-02-26,8.04,5.76,85.65,291.26,88,98.8,6.36,1.093
2036-02-27,9.45,5.15,46.99,307.22,85.7,98.4,4.4,4.593
2036-02-28,10.45,6.34,95.04,301.01,79.7,98.9,8.49,1.589
2036-02-29,10.16,6.52,98.07,295.03,83.8,99.1,4.91,1.195
2036-03-01,9.86,6.7,101.09,288.77,87.8,99.4,1.34,0.749
2036-03-02,8.15,6.37,23.06,315.4,82,98.8,8.19,4.928
2036-03-03,9.31,6.84,56.7,325.25,94.5,97.9,13.4,0.81
2036-03-04,9.19,6.54,95.42,296.46,91.3,99.8,1.54,0.658
2036-03-05,11.74,7.94,73.69,331.95,91.3,99.7,7.13,2.449
2036-03-06,10.39,9.08,68.66,332.87,94.6,99.7,5.05,1.174
2036-03-07,10.6,8.72,56.23,321.57,86.3,99.4,6.38,1.84
2036-03-08,11.14,7.74,87.57,318.37,81.2,98,12.17,2.79
2036-03-09,9.45,7.34,76.37,310.34,83,98.8,5.37,3.156
2036-03-10,10.06,6.99,86.42,298.87,83.5,98.9,4.84,2.067
2036-03-11,8.91,6.79,117.33,291.67,85.3,100.4,0.44,4.04
2036-03-12,13.42,6.07,101.98,306.6,75.7,100.2,0,3.904
2036-03-13,13.91,7.49,100.51,307.37,71.7,99.1,1.57,2.079
2036-03-14,9.92,6.16,130.21,270.73,70.2,101.4,0,1.029
2036-03-15,9.49,6.9,60.29,298.22,81.9,100.1,7.37,2.098
2036-03-16,8.39,5.11,108.56,283.09,81.8,100.5,5.9,6.183
2036-03-17,9.6,5.27,125.98,285.74,77,101.6,0,0.811
2036-03-18,9.67,3.26,144.68,271.27,73.5,102.2,0,1.597
2036-03-19,8.42,4.62,133.8,279.59,65.4,102.1,0,3.128
2036-03-20,6.74,3.56,92.68,295.39,77.2,101.8,2.27,1.981
2036-03-21,8.45,4.53,127.8,276.17,89.2,101.8,0.98,0.94
2036-03-22,9.49,5.64,119.86,292.06,85.9,101.6,0.01,1.046
2036-03-23,8.31,6.42,38.63,327.47,94,101.1,25.05,0.821
2036-03-24,8.77,6.25,85.72,315.33,90.6,100.5,10.55,1.373
2036-03-25,9.09,5.48,72.9,312.9,86.5,99.2,9.1,5.097
2036-03-26,6.78,3.58,98.98,284.64,74.8,99.4,0.49,5.615
2036-03-27,6.59,3.62,120.34,290.62,76,99.8,0,6.407
2036-03-28,6.46,2.95,112.12,283.06,70.6,100.3,0,4.667
2036-03-29,7.05,0.9,133.79,275.25,72.4,101,0.86,0.594
2036-03-30,8.4,4.82,102.32,304.74,73.9,100.7,2.12,1.751
2036-03-31,7.03,3.95,52.6,300.32,90.8,99.3,14.65,1.351
2036-04-01,9.08,3.25,137.17,273.84,84.3,99.5,1.72,0.905
2036-04-02,8.85,2.91,76.47,297.36,85.6,98.9,8.9,0.72
2036-04-03,8.77,6.15,149.53,289.38,80.5,99.1,4.64,2.419
2036-04-04,9.18,6.28,113.27,314.11,84.3,98.1,22.15,1.157
2036-04-05,10.05,7.73,94.37,323.46,84.9,98.4,15.98,1.971
2036-04-06,11.67,6.89,146.07,312.86,86.7,99.3,7.17,0.93
2036-04-07,11.02,6.23,157.73,294.57,81.3,100.3,1.66,4.914
2036-04-08,11.07,7.02,172,298.73,86.2,100.2,5.89,2.364
2036-04-09,9.66,6.13,151.36,302.46,75.5,100.3,0,2.543
2036-04-10,9.61,4.25,208.25,263.4,72.8,101.1,0,0.592
2036-04-11,11.26,6.02,138.86,319.41,73.3,101.1,1.89,1.962
2036-04-12,10.9,6.01,167.39,296.67,86.8,100.6,4.08,0.668
2036-04-13,9.43,5.86,36.09,324.86,91.7,99.6,18.76,0.278
2036-04-14,9.96,6.79,180.69,297.7,70.9,99.8,2.45,4.429
2036-04-15,10.55,6.72,86.52,317.76,86.4,99.4,8.07,1.852
2036-04-16,11.52,7.34,154.97,311.46,83.8,99.5,11.36,2.09
2036-04-17,13.14,9.92,115.73,328.82,90.1,99.3,11.89,1.317
2036-04-18,11.39,9.17,154.4,312.93,89.9,99.8,6.03,1.219
2036-04-19,11.57,9.5,188.78,305.98,87.2,100.4,3.18,1.578
2036-04-20,10.95,8.24,163.74,310.79,87.9,100.8,4.69,4.189
2036-04-21,11.29,6.83,176.8,307.38,91.8,100.1,8.33,0.675
2036-04-22,10.01,7.02,97.55,326.79,92.6,99,11.41,0.937
2036-04-23,9.22,7.05,59.7,327.08,90.2,97.8,24.45,7.568
2036-04-24,10.46,7.19,122.67,324.23,85.7,98.6,14.17,6.261
2036-04-25,10.58,6.36,129.82,309.7,89.1,98.5,3.26,3.636
2036-04-26,10.46,5.48,172.33,299.02,87,99.5,4.41,0.937
2036-04-27,9.91,4.85,171.19,280.92,77.3,100.4,2.88,2.539
2036-04-28,11,5.76,143.68,314.68,83.6,100.6,8.47,1.257
2036-04-29,12.79,9.28,162.49,321.76,88.9,100,16.86,1.362
2036-04-30,13.34,8.93,213.64,310.78,82.8,100.3,1.31,0.702
2036-05-01,13.73,10.62,188.03,336.6,89.8,100.1,4.84,1.184
2036-05-02,12.45,9.38,243.7,302.3,85.6,100.6,2.35,4.373
2036-05-03,16.42,9.99,191.15,332.33,75.4,100.8,2.08,2.183
2036-05-04,14.25,10.08,60.11,352.87,91.8,99.3,26.3,1.396
2036-05-05,13.22,9.31,200.34,322.86,90.7,99.1,0.48,3.995
2036-05-06,11.46,9.18,97.37,327.29,87.5,99.2,6.32,0.728
2036-05-07,12.63,9.22,267.41,282.69,82.4,99.8,0.04,3.482
2036-05-08,13.96,8.11,277.39,278.46,85.3,100.4,0,0.667
2036-05-09,15.71,7.61,280.76,292.33,76.2,100,0,0.196
2036-05-10,13.18,8.29,202.29,314.74,86.1,99.1,5.27,1.605
2036-05-11,10.83,8.29,213.58,303.63,65.8,99.2,3.15,2.405
2036-05-12,11.11,7.78,144.44,312.75,76.8,99.5,11.43,4.68
2036-05-13,11.03,8.02,92.22,321.97,84.3,99.7,13.28,5.664
2036-05-14,12.5,9.31,133.57,330.19,87.8,100.4,7.69,1.921
2036-05-15,16.06,11.64,213.88,341.12,89.5,101.1,4.5,0.453
2036-05-16,17.93,11.06,198.88,324.02,74.3,100.7,0.94,3.484
2036-05-17,13.94,10.8,256.39,301.77,81.8,100.4,2.25,1.569
2036-05-18,14.12,10.03,235.58,308.33,84,100.8,2.44,4.565
2036-05-19,14.72,8.79,260.37,300.58,74.4,101.4,0,3.455
2036-05-20,14.55,9.72,268.27,305.01,79.3,101.5,0.7,3.28
2036-05-21,14.11,9.35,132.3,340.86,93.5,101.4,2.07,2.758
2036-05-22,13.35,9.43,255.51,311.03,77.4,101.1,0,4.858
2036-05-23,12.32,9.2,170.14,314.56,75.4,100.5,1.79,5.807
2036-05-24,12.93,7.12,199.23,293.8,65.5,100.7,1.02,1.849
2036-05-25,11.95,7.66,191.28,304.78,69.1,101.6,0,1.223
2036-05-26,13.08,7.2,262.66,296.08,73,102.1,0,2.602
2036-05-27,14.68,9.47,287.53,305.18,83.2,102.2,0,2.248
2036-05-28,16.58,10.11,325.8,288.55,84.9,102,0,1.054
2036-05-29,18.41,9.83,341.56,284.98,81.4,101.8,0,0.511
2036-05-30,18.11,10.57,276.52,310.77,79.6,101.9,0,3.565
2036-05-31,17.3,9.8,293.98,297.46,77.7,101.9,0,1.139
2036-06-01,16.49,9.02,311.41,284.14,75.7,102,0,0.606
2036-06-02,15.73,8.9,244.85,313.42,84.1,101.8,0,2.313
2036-06-03,16.02,9.69,299.54,296.8,88,101.5,0,1.477
2036-06-04,16.01,10.57,184.95,322.52,87.7,100.9,0,1.506
2036-06-05,15.98,9.42,225.85,319.33,85.4,100,2.13,1.466
2036-06-06,13.63,8.77,204.64,311.04,77,99.6,2.16,3.051
2036-06-07,14.4,8.55,291.59,292.58,70.9,100.5,0.94,2.823
2036-06-08,14.33,11.19,106.26,342.4,88.1,101,13.45,1.469
2036-06-09,18.16,11.2,331.94,308.16,81.1,101.4,0,0.324
2036-06-10,22.02,14.01,341.48,325.4,71.3,101,0,4.07
2036-06-11,20.7,14.03,317.84,333.41,84.2,100.8,7.38,0.233
2036-06-12,24.75,13.93,297.81,352.43,80.6,101,0,1.193
2036-06-13,26.56,19.09,294.05,383.16,80.1,100.9,0,0.214
2036-06-14,24.72,16.4,332.38,352.48,84,100.9,0,1.096
2036-06-15,19.12,13.85,244.62,337.95,81.6,101,6.31,0.86
2036-06-16,18.82,12.53,317,312.35,75.6,100.9,0,1.793
2036-06-17,18.55,13.26,301.15,323.22,83.4,100.7,0,1.238
2036-06-18,18.73,13.71,281.69,330.22,86.4,100,1.72,1.566
2036-06-19,17.78,13.11,247.59,334.04,85.9,99.3,2.15,1.385
2036-06-20,16.9,13.99,161.97,358,93.5,99.8,13.67,1.593
2036-06-21,19.54,13.35,255.89,335.15,85.8,100.7,1.68,0.544
2036-06-22,17.11,12.27,179.07,328.37,82.3,101.2,2.04,0.296
2036-06-23,18.73,11.8,263.99,310.56,80.5,101.2,0.2,0.263
2036-06-24,20.46,13.54,223.55,346.76,83.4,100.8,3.36,1.174
2036-06-25,17.9,14.46,265.3,332.31,80.7,100.2,10.79,3.414
2036-06-26,16.36,12.24,152.74,327.22,80.8,99.9,10.61,2.977
2036-06-27,17.03,11.82,236.76,322.32,78.2,99.7,12.83,4.655
2036-06-28,17.64,10.86,318.78,295.15,75.4,100.8,0,3.241
2036-06-29,17.15,10.85,288.84,304.94,77.5,101,0,1.576
2036-06-30,16.65,14.81,99.72,367,93.7,100.4,7.55,1.236
2036-07-01,16.86,13.51,249.67,329.74,85.8,99.9,8.73,3.621
2036-07-02,16.88,13.55,241.05,332.08,84,99.8,1.51,3.989
2036-07-03,15.63,12.19,136.28,340.38,84.1,99.4,4.98,5.079
2036-07-04,18.42,11.94,247.13,326.05,76.5,99.7,2.84,3.918
2036-07-05,16.48,10.42,288.04,298.58,73.1,100.5,0,2.744
2036-07-06,16.72,12.63,115.59,353.8,89.4,99.6,9.52,3.078
2036-07-07,16.03,12.77,197.66,343.5,86.8,99.2,9.46,6.192
2036-07-08,14.89,12.03,189.7,327.24,78.8,98.9,10.94,8.483
2036-07-09,15.75,12.79,222.43,326.95,81.2,99.5,6.89,6.199
2036-07-10,16.29,12.82,155.66,342.77,85,99.1,13.61,5.043
2036-07-11,16.16,12.85,261.81,320.21,78.5,99.2,4.63,5.848
2036-07-12,16.27,12.47,227.21,323.49,83.1,99.5,7.44,1.342
2036-07-13,17.01,12.81,277.22,315.17,82.5,100.3,5.13,3.384
2036-07-14,17.34,11.54,261.52,322.03,77.9,101.3,0,4.373
2036-07-15,17.7,14.77,255.2,342.42,79.8,101.5,0,4.507
2036-07-16,17.93,13.05,266.61,321.94,80.2,101.4,0,3.077
2036-07-17,18.55,14.17,225.34,347.13,87.6,101.1,0.63,3.117
2036-07-18,18.07,15.64,101.49,375.29,93.5,100.4,28.42,5.917
2036-07-19,17.86,13.1,231.81,338.13,80.1,100.8,0.6,3.632
2036-07-20,19.17,13.15,112.78,365.08,92.7,101,3.36,3.497
2036-07-21,18.22,16.34,120.99,376.21,92.9,100.5,22.83,4.832
2036-07-22,17.52,13.66,207.83,336.19,78.3,99.9,3.01,6.585
2036-07-23,15.04,11.25,79.08,327.73,82.6,99.2,15.94,2.091
2036-07-24,14.83,12.4,194.7,314.91,75.6,100,5.21,6.04
2036-07-25,15.59,10.54,192.7,310.9,71.1,100.5,0,4.221
2036-07-26,18.27,11.18,168.19,345.64,87.3,100.2,6.64,2.191
2036-07-27,17.06,12.28,229.86,321.03,82.1,100,7.37,5.711
2036-07-28,16.51,13.27,196.85,327.22,71,100.6,0.93,6.109
2036-07-29,16.76,12.99,266.55,314.36,77.4,100.4,3.49,3.072
2036-07-30,15.83,12.01,194.44,324.25,83,100.1,4.44,2.218
2036-07-31,16.5,11.69,233.59,312,79.3,100.2,2.29,2.427
2036-08-01,17.17,11.38,273.29,299.81,75.5,100.3,0,2.654
2036-08-02,17.58,11.18,250.53,305.37,74.9,100.7,0.02,0.418
2036-08-03,18,13.8,151.9,355.79,89,100.1,10.95,0.841
2036-08-04,18.6,14.36,215.29,343.95,84.4,100,0.64,2.603
2036-08-05,18.44,14.77,145.25,355.17,86,99.2,12.55,2.509
2036-08-06,17.45,14.27,213.69,333.01,80.4,100,2.37,6.146
2036-08-07,18.73,15.89,46.74,387.54,93,100,27.48,2.1
2036-08-08,16.18,14.07,184.49,327.47,75.4,100.3,1.65,7.164
2036-08-09,16.79,13.76,140.19,340.71,85.2,100.6,11.24,5.16
2036-08-10,17.4,12.21,247.14,300.85,73,100.6,0,3.37
2036-08-11,17.27,10.35,239.29,293.93,74.6,101.1,0.07,2.744
2036-08-12,17.05,10.92,197.09,311.16,75.8,101.8,0,1.424
2036-08-13,17.94,11.56,232.41,303.61,75,102,0,0.299
2036-08-14,18.69,12.92,204.03,322.24,76.8,101.7,0,0.266
2036-08-15,18.12,13.62,193.64,327.4,79.3,101.1,0.53,0.199
2036-08-16,18.87,13.55,165.76,335.95,81.6,100.5,0.63,0.294
2036-08-17,17.64,13.62,148.13,342.05,89.3,100.1,10.32,2.308
2036-08-18,17.69,13.7,210.51,330.86,79.1,100.7,1.82,3.625
2036-08-19,19.33,14.51,137.07,364.05,92.5,100.5,29.68,4.4
2036-08-20,17.36,13.73,176.78,324.07,80.7,100.6,0.99,5.044
2036-08-21,17.72,14.2,179.1,343.21,85.4,101,2.81,5.095
2036-08-22,17.63,14.6,155.26,343.51,86,101.2,6.62,6.422
2036-08-23,18.45,14.42,154.33,352.49,88.5,101.5,0.55,3.478
2036-08-24,18.79,15.88,187.78,347.2,88.2,101.3,0.11,3.344
2036-08-25,19.21,15.46,146.89,349.34,91.7,101.1,0.33,0.991
2036-08-26,19.26,14.26,143.15,348.98,88.2,100.7,1.02,0.321
2036-08-27,17.94,15.06,91.76,361.82,89.6,100.6,10.23,2.4
2036-08-28,16.72,12.91,118.87,345.3,79.2,100.8,4.6,4.359
2036-08-29,17.18,10.9,183.59,309.17,69.3,101.2,0,3.729
2036-08-30,17.68,11.21,163.51,314.87,72.5,101.6,0,2.285
2036-08-31,18.36,10.92,194.29,309.93,71.6,101.5,1.17,2.015
2036-09-01,19.04,10.64,225.28,306.05,70.7,101.3,2.14,1.273
2036-09-02,18.17,14.13,152.51,349.8,89.8,100.3,7.52,1.928
2036-09-03,17.49,11.08,182.18,305.34,77.4,99.9,1.84,1.32
2036-09-04,15.54,10.17,192.21,288.83,68,100.8,0,1.135
2036-09-05,15.29,10.1,127.17,310.33,71.5,101,0.47,3.497
2036-09-06,17.41,12.46,120.39,339.6,88,100.1,8.85,4.277
2036-09-07,16.93,13.23,169.92,320.86,80.6,100.1,2.43,3.606
2036-09-08,19.16,15.4,51.91,380.21,90.2,99.5,20.12,1.393
2036-09-09,17.8,14.83,130.23,339.35,82.6,99,20.61,5.071
2036-09-10,17.21,14.6,97.83,354.41,87,99.4,13.5,2.89
2036-09-11,16.8,10.66,53.11,348.27,89.7,98.6,25.89,0.347
2036-09-12,14.12,10.5,125.93,314.82,70.3,99.9,0.71,2.485
2036-09-13,15.4,9.46,67.83,332.09,80.3,100.3,12.55,3.62
2036-09-14,15.82,11.71,152.53,319.87,84,99.1,25.89,3.538
2036-09-15,14.18,10.55,126.27,305.27,80.8,99.1,8.06,3.576
2036-09-16,14.2,10.4,103.72,312.37,79.3,99.6,4.86,3.953
2036-09-17,15.5,9.64,156.89,295.87,74,100.3,0.49,0.96
2036-09-18,16.31,8.7,158.31,303.4,74.5,101.3,3.83,1.399
2036-09-19,16.72,12.05,25.15,367.44,95,100.6,51.41,4.488
2036-09-20,18.05,12,60.99,345.96,84.7,99.6,55.37,4.095
2036-09-21,15.6,11.01,138.42,307.61,73.6,100.8,1.41,5.291
2036-09-22,15.39,9.88,125.94,304.12,77.5,101.3,0,0.419
2036-09-23,16.77,11.34,113.75,323.72,74.8,100.9,0,2.027
2036-09-24,16.68,11.09,128.71,310.08,80.1,100.5,0,3.517
2036-09-25,16.09,11.42,64.97,339.64,89.9,99.5,4.33,2.217
2036-09-26,16.68,13,92.99,348.85,88.9,99.6,1.75,1.873
2036-09-27,15.82,12.92,15.23,351.15,89.3,98.5,55,4.434
2036-09-28,14.57,12.05,54.2,347.73,85.5,98,7.35,4.642
2036-09-29,17.96,12.41,118.46,343.06,88,98.7,0.38,1.154
2036-09-30,16.58,11.77,86.48,344.73,84.3,98.8,8.05,3.689
2036-10-01,15.02,10.34,110.42,315.78,77.9,99.6,0,2.552
2036-10-02,15,9.27,68.5,320.54,87.9,100.3,0,0.267
2036-10-03,15.47,10.3,143.11,284.82,77.1,101.6,0,3.125
2036-10-04,16.04,9.32,132.16,304.27,83.8,101.9,0,3.64
2036-10-05,18.35,14.22,97.32,337.8,85.5,101.7,0,4.688
2036-10-06,18.17,13.16,93.16,339,84.1,101.6,0,2.822
2036-10-07,17.07,11.92,97.74,327.86,90.1,101.5,0,0.553
2036-10-08,17.3,10.82,119.96,311.5,90.4,101.4,0,0.627
2036-10-09,16.73,12.22,80.61,341.6,90.6,101.5,0,0.694
2036-10-10,16.26,11.78,92.12,327.03,84.5,101.8,0,1.461
2036-10-11,14.55,10.98,96.72,313.91,85.6,101.5,0.42,0.075
2036-10-12,13.53,8.65,51.61,312.76,88,100.5,1.03,1.034
2036-10-13,8.72,6.96,30.2,304.91,80,100.1,1.64,4.442
2036-10-14,8.29,6.2,25.04,304.19,79,99.2,4.06,5.556
2036-10-15,9.76,6.26,50.58,294.88,66.3,98.6,1,2.753
2036-10-16,9.64,5.17,57.22,287.83,65,99.1,5.13,3.858
2036-10-17,10.09,5.7,82.51,278.44,76.1,98.7,1.76,0.553
2036-10-18,10.21,5.3,49.69,302.31,76.3,98.8,2.82,3.279
2036-10-19,9.73,6.11,38.11,297.04,87.7,99.3,14.31,0.809
2036-10-20,11.01,4.62,91.28,270.75,81.1,99.9,0,0.392
2036-10-21,10.65,6.21,46.15,305.54,86.7,100,12.47,0.61
2036-10-22,8.29,5.71,37.04,296.53,89.4,100.3,8.04,4.039
2036-10-23,8.8,5.73,69.41,285.6,81.2,100.5,1.93,0.272
2036-10-24,10.06,5.26,52.72,296.51,89.2,98.3,27.26,0.911
2036-10-25,9.06,4.41,30.36,302.55,92.4,98.4,6.9,1.003
2036-10-26,8.62,6.18,32.54,294.02,82.4,97.9,2.47,1.186
2036-10-27,11.28,5.95,61.12,284.98,82.1,98.3,0,1.941
2036-10-28,10.66,7.69,38.57,311.87,77.5,100.2,0.15,2.593
2036-10-29,10.6,9.08,24.37,326.56,75.2,100.5,2.07,6.487
2036-10-30,9.97,6.25,23.15,310.85,82.9,100.8,20.58,2.249
2036-10-31,10.74,7.75,33.41,320.38,87.9,100.5,13.37,1.458
2036-11-01,11.51,9.25,43.73,329.53,92.9,100.1,6.17,1.483
2036-11-02,12.19,8.32,44.13,314.29,93.1,99.9,0.09,1.081
2036-11-03,10.7,6.8,57.13,298.71,93,100,0,0.433
2036-11-04,13.35,8.88,4.61,342.57,94.2,99,29.18,1.78
2036-11-05,11.76,10.69,20.53,328.78,85.9,98,20.36,8.703
2036-11-06,10.91,8.41,24.17,318.62,78.1,98.6,11.15,10.507
2036-11-07,10.45,9.06,33.84,314.56,80,99.7,5.81,7.723
2036-11-08,10,7.72,31.02,298.01,71.4,99.1,4.36,9.555
2036-11-09,8.53,3.91,51.85,255.91,70.8,99.9,0,2.405
2036-11-10,7.82,2.82,34.95,269.54,76.6,100.1,0,1.545
2036-11-11,8.09,3.79,41.4,273.28,76.7,100.8,0,2.199
2036-11-12,7.96,2.71,39.46,268.92,78,101.4,0,1.715
2036-11-13,7.02,1.99,35.11,278.94,78.6,101.1,0,2.713
2036-11-14,7.62,5.15,32.11,287.42,80,100.8,0.64,1.376
2036-11-15,7.18,4.9,38.45,266.79,76.6,100.8,0,0.914
2036-11-16,9.16,3.97,44.3,282.75,84.5,99.6,0,1.918
2036-11-17,12.84,9.18,7.59,342.41,89.6,97.7,17.76,2.193
2036-11-18,10.4,7.1,21.87,305.57,88.8,98.2,1.09,0.585
2036-11-19,9.02,4.14,46.09,261.25,89.8,98.8,0.21,0.622
2036-11-20,10.28,4.37,27.7,305.48,91,99.6,1.27,1.386
2036-11-21,11.01,8.34,33.29,312.01,76.9,99.1,25.07,5.671
2036-11-22,10.76,8.72,38.53,296.48,82.5,100.7,1.79,2.243
2036-11-23,10.33,8.05,28.19,311.13,82,99.6,11.19,1.684
2036-11-24,10.07,8.03,12.04,318.94,83.4,99.5,12.53,1.72
2036-11-25,10.05,7.1,17.4,316.22,77.2,99.2,14.72,5.498
2036-11-26,8.82,6.44,13.35,304.44,87,99.2,4.41,1.973
2036-11-27,9.44,7.87,20.38,295.85,86.6,99.9,2.19,6.312
2036-11-28,9.05,4.96,27.71,284.58,88.3,101.1,0,0.905
2036-11-29,8.5,5.83,23.08,313.49,83,101.6,0,2.25
2036-11-30,7.19,4.81,23.03,293.07,83.6,101.2,0,1.715
2036-12-01,10.79,5.36,16.6,324.85,96.3,100.7,7.6,0.828
2036-12-02,11.5,8.2,9.46,329.63,91.4,100.3,4.87,4.355
2036-12-03,9.04,6.12,27.14,293.36,72.2,100.9,1.1,3.311
2036-12-04,8.8,3.66,30.41,288.79,90.1,100.8,5.83,0.317
2036-12-05,10.1,8.62,21.67,317.07,91.5,101.5,0,2.702
2036-12-06,8.88,4.75,29.24,276.38,89.6,101.3,0.25,2
2036-12-07,6.37,4.3,14.58,306.14,87.3,101.4,1.05,1.736
2036-12-08,9.9,5.92,12.08,319.76,90.2,101.2,10.7,1.692
2036-12-09,9.9,7.31,7.19,321.51,95.1,101.3,1.36,2.22
2036-12-10,9.87,4.57,23.52,296.43,89.4,101.6,0.13,2.213
2036-12-11,10.01,6.24,8.68,319.14,92.3,101.3,11.06,3.792
2036-12-12,8.18,5.52,14.18,299.2,80.9,101.5,2.07,3.115
2036-12-13,10.23,5.31,12.59,321.48,84.2,100.1,22.84,8.694
2036-12-14,7.87,4.95,9.47,302.93,72.2,99.6,8.79,11.388
2036-12-15,10.25,6.73,2.49,330.15,86.9,99.3,40.56,7.602
2036-12-16,8,6.8,10.42,311.6,80.2,97.9,15.08,8.492
2036-12-17,7.98,4.95,17.36,302.27,83.4,97.4,11.56,1.922
2036-12-18,5.13,3.6,9.47,305.07,90.8,97.7,12.91,1.021
2036-12-19,4.62,0.82,10.5,279.55,88,98.5,3.51,1.241
2036-12-20,5.35,-0.04,12.38,253.05,78.1,100.2,3.3,3.011
2036-12-21,4.98,-0.87,29.93,232.63,77.6,101.3,0,1.294
2036-12-22,4.22,0.38,28.82,228.14,79.7,101.8,0,1.732
2036-12-23,4.2,2.2,18.36,269.62,69.8,101.6,0,4.663
2036-12-24,4.72,3.05,13.54,280.43,62.7,102.2,0.17,3.961
2036-12-25,5.4,2.76,10.95,301.76,72.8,102.7,3.73,2.513
2036-12-26,3.65,0.06,18.84,255.77,84.5,103.3,0,1.538
2036-12-27,3.78,0.75,20.75,285.57,91.2,103,0,0.326
2036-12-28,2.94,-0.33,24.65,268.63,97.1,102.6,0,0.708
2036-12-29,3.9,-0.37,15.19,295.26,98.1,102.6,0.59,0.544
2036-12-30,6.68,2.6,8.51,320.75,99.1,102.9,2.45,1.166
2036-12-31,7.8,3.23,8.25,320.55,97.3,102.7,3.22,3.218
2037-01-01,8.92,3.85,7.98,324.91,95.5,102.5,4.01,4.897
2037-01-02,8.63,7.28,14.97,316.08,89,102.1,1.48,4.822
2037-01-03,9.62,7.55,15.1,338.33,96.6,101.7,3.46,5.747
2037-01-04,9.49,5.33,18.25,316.33,94.2,101.7,2.05,0.759
2037-01-05,8.03,5.19,11.61,324.81,96.8,101.6,3.84,0.378
2037-01-06,8.14,5.79,14.67,321.54,96.6,101.1,1.31,0.834
2037-01-07,8.06,6.59,12.12,327.61,94.7,100.2,6.54,0.507
2037-01-08,7.16,4.45,23.27,297.51,86.3,100.1,2.15,1.428
2037-01-09,8.32,4.71,4.57,320.41,90.1,98.6,32.82,2.817
2037-01-10,7.24,4.64,9.57,303.49,89.4,97.9,10.14,0.66
2037-01-11,8.63,6.75,14.43,316.85,89.8,98.1,10.93,2.049
2037-01-12,9.2,5.62,16.81,318.17,93.2,97.1,10.11,1.203
2037-01-13,7.81,5.56,23.21,298.44,84.9,97,10.85,1.643
2037-01-14,7.55,5.35,21.12,307.98,89.7,97.4,6.84,2.801
2037-01-15,6.94,4.7,12.02,300.65,84.7,98.1,3.63,2.618
2037-01-16,5.84,2.95,29.69,279.08,87.8,99.1,0,2.311
2037-01-17,4.32,2.05,17.25,290.02,87,99.8,0,1.01
2037-01-18,4.76,1.28,29.27,280.15,84,99.5,0.96,3.394
2037-01-19,5.35,3.13,24.01,284.22,88.1,98.4,2.82,4.13
2037-01-20,5.85,3.62,27.11,277.95,87.5,100.2,0,3.784
2037-01-21,3.65,1.32,34.24,266.36,72.9,101,0,2.667
2037-01-22,1.6,-0.62,9.12,286.68,90,99.7,7.87,3.506
2037-01-23,1.44,-2.77,21.46,269.11,94.8,100,1.22,1.162
2037-01-24,5.83,-0.67,8.56,283.08,90.4,99.5,9.53,1.425
2037-01-25,8.66,3.43,12.45,304.94,88.4,98.3,20.02,1.058
2037-01-26,7.69,3.94,14.97,308.31,85.2,98.8,9.07,6.195
2037-01-27,6.15,2.04,41.62,277.23,85.2,100.7,2.68,2.587
2037-01-28,8.13,5.04,8.81,317.94,93.8,100.9,13.18,2.993
2037-01-29,9.03,5.65,34.02,304.46,84.9,100,6.1,7.544
2037-01-30,6.9,3.83,29.5,290.92,76.1,100.7,3.57,4.938
2037-01-31,6.03,1.77,49.07,266.66,89.4,100.6,7,0.974
2037-02-01,8.03,5.47,28.44,305.1,89.2,101.6,1.12,6.33
2037-02-02,9.66,7.74,20.72,338.7,94.5,101.4,2.93,7.626
2037-02-03,8.19,7.23,32.11,330.73,96.1,101.8,2.68,4.826
2037-02-04,8.39,7.06,30.31,326.14,92.9,101.4,1.35,4.865
2037-02-05,9.08,7.72,27.29,335.86,95.9,101.4,1.91,2.24
2037-02-06,9.47,6.5,23.31,325.36,92,100.6,9.74,2.777
2037-02-07,7.14,5.19,48.69,291.55,76.5,101.6,0.91,7.157
2037-02-08,7.97,6.06,46,296.44,81,101.9,0,2.058
2037-02-09,9.25,5.25,31.83,290.33,87.3,101,6.05,1.631
2037-02-10,9.93,5.57,23.64,326.86,90.4,100.8,3.56,1.111
2037-02-11,9.77,6.99,46.47,303.99,89,100.6,4.43,2.271
2037-02-12,12.24,7.28,68.98,286.91,80.7,100.4,0,2.538
2037-02-13,9.93,6.72,65.13,305.73,84.2,100.5,7.52,0.737
2037-02-14,8.45,5.44,72.22,298.74,88.2,100.5,9.16,0.582
2037-02-15,8.44,6.77,66.86,296.74,85.1,100.3,6.81,4.082
2037-02-16,11.13,7.23,14.82,332.76,86.2,99.5,20.77,2.04
2037-02-17,8.51,6.35,64.76,290.22,73.9,100.5,4.13,2.879
2037-02-18,8,5.89,74.43,286.52,70.4,99.9,9.59,1.389
2037-02-19,7.42,5.55,44.3,302.81,73.3,98.1,13.19,6.994
2037-02-20,7.35,5.27,68.48,300.86,76.3,98.9,5.26,6.745
2037-02-21,9.41,4.77,29.79,325.38,95.8,97.1,23.75,2.884
2037-02-22,8.27,4.47,70.28,278.61,82.9,98.6,2.57,5.49
2037-02-23,10.26,6.2,24.99,332.62,94.4,99.1,16.34,4.51
2037-02-24,8.93,4.13,58.07,286.18,70.3,99,5.81,7.265
2037-02-25,6.41,3.79,64.42,292.09,76.2,99.5,11.89,7.47
2037-02-26,7.82,1.93,78.68,285.99,81.6,99.6,12.69,5.283
2037-02-27,8.73,4.9,86.03,275.76,80.7,102.2,0,1.892
2037-02-28,9.02,5.15,76.45,297.86,79.9,103,0,0.769
2037-03-01,8.51,6.81,56.65,313.09,86.4,103.1,2.85,2.481
2037-03-02,9.21,6.2,91.25,311.06,85.1,103.1,0,4.616
2037-03-03,10.41,7.21,91.32,315.19,90,102.7,0,2.965
2037-03-04,8.83,6.6,69.43,314.95,86.6,102.5,0,2.734
2037-03-05,9.17,6.7,66.6,317.29,93.3,102.3,0.87,1.839
2037-03-06,8.19,5.01,42.58,311.56,84.7,101.2,8.74,6.558
2037-03-07,9.08,6.26,98.66,294.79,70.3,101.4,0.87,6.229
2037-03-08,10.19,5.55,75.65,320.44,94.5,102.3,0,1.278
2037-03-09,9.18,7.15,83.34,322.1,90.6,102.1,1.49,4.084
2037-03-10,8.3,6.25,79.68,307.51,78,102.4,0,5.185
2037-03-11,9.44,7.02,71.7,324.11,87.7,102.4,1.33,4.829
2037-03-12,9.17,7.89,66.72,332.76,94.3,101.9,3.3,4.806
2037-03-13,9.28,8.33,64.01,325.33,93.4,101.4,2.08,5.175
2037-03-14,9.26,7.69,104.14,317.43,90.3,100.7,1.36,2.659
2037-03-15,8.33,4.56,39.05,314.84,88.5,99,25.69,5.311
2037-03-16,7.43,3.67,116.03,271.25,70.7,98.9,2.45,4.3
2037-03-17,6.16,1.26,119.9,257.56,71.7,99.1,0.84,1.173
2037-03-18,5.46,-0.01,154.71,222.5,62.1,99.1,0,2.463
2037-03-19,6.73,0.81,171.19,229.67,58.6,99.6,0,2.307
2037-03-20,7.22,0.12,175.48,220.08,56.7,100.5,0,1.328
2037-03-21,6.85,0.12,179.77,218.91,59.2,100.5,0,1.036
2037-03-22,8.34,-0.1,163.3,246.76,60.9,99.6,1.57,3.995
2037-03-23,7.44,2.36,95.09,294.39,80.8,97.5,3.83,5.507
2037-03-24,7.67,3.55,72.36,302.34,87.9,97.5,11.13,3.993
2037-03-25,6.71,1.35,112.46,270.18,70.8,99.1,0.02,0.917
2037-03-26,7.8,1,118.11,274.96,78.9,99.9,1.26,0.433
2037-03-27,9.68,3.92,86.5,310.09,88.9,99,5.96,3.62
2037-03-28,10.07,7.29,105.65,319.18,90.9,99.1,8.41,5.863
2037-03-29,9.81,6.9,102.54,317.36,84.8,100.2,17.31,5.33
2037-03-30,11.37,8.64,122.53,333.43,89,99.8,9.06,5.244
2037-03-31,10.22,9.24,86.29,343.71,96,100.2,5.05,3.31
2037-04-01,14.23,8.99,84.37,335.28,89.2,100.2,1.24,0.425
2037-04-02,15.33,7.13,126.59,330.19,80.4,98.6,3.11,1.616
2037-04-03,8.59,6.16,119.9,296.25,66.5,100,3.26,8.127
2037-04-04,9.39,6.99,66.07,321.8,85.2,100.3,11,6.101
2037-04-05,10.11,7.84,48.27,339.03,94.5,99.1,34.47,1.976
2037-04-06,10.01,8.14,112.12,322.81,87.7,97.9,7.7,2.943
2037-04-07,11.29,7.11,112.4,317.23,87.1,97.5,4.83,1.254
2037-04-08,9.02,7.12,59.72,310.83,86,97.4,4.97,3.809
2037-04-09,10.87,6.39,90.31,308.96,79.1,98.8,23.57,7.004
2037-04-10,10.23,6.13,112.17,314.11,84.4,98.8,15.36,6.727
2037-04-11,7.98,5.65,108.57,305.46,73,99.2,6.43,5.977
2037-04-12,9.64,5.62,142.99,296.91,81.2,98.3,4.45,1.756
2037-04-13,10.23,6.47,130.76,312.35,73.3,99.3,5.58,8.289
2037-04-14,9.05,6.75,151.72,296.6,65.5,100.8,0,7.953
2037-04-15,9.37,5.79,73.71,314.57,75.9,100.7,1.05,2.717
2037-04-16,12.07,9.22,113.82,342.53,93.9,100,3.96,1.383
2037-04-17,13.82,8.65,168,316.13,85.5,100.5,5.9,0.225
2037-04-18,12.48,8.88,143.28,331.47,88,100,15,3.365
2037-04-19,11.73,8.77,120.81,334.26,93.7,99.7,5.31,3.004
2037-04-20,12.29,8.1,144.65,318.74,91,99.6,6.04,1.363
2037-04-21,11.97,6.36,212.95,287.56,76.6,100.6,0,5.012
2037-04-22,11.82,6.75,56.76,332.67,91.6,100.9,10.67,1.661
2037-04-23,12.22,9,235.7,284.21,77.5,101.1,0,6.297
2037-04-24,11.11,8.96,211.71,297.91,78.1,101.3,6.08,6.67
2037-04-25,11.48,8.16,209.46,290.95,74.1,101.7,0,3.455
2037-04-26,12.94,8.28,166.43,309.46,74.1,100.1,2.69,4.029
2037-04-27,9.41,7.29,163.46,299.24,72.2,99.8,4.1,8.466
2037-04-28,10.23,5.6,205.99,270.71,61.3,101,0,4.272
2037-04-29,10.41,3.02,217.17,265.85,70.6,101.5,0,2.2
2037-04-30,11.52,5.55,213.84,284.22,75.3,101.1,0,0.504
2037-05-01,12.28,7.4,171.45,296.21,71.1,101,0,2.604
2037-05-02,9.51,7.59,65.29,320.83,77.9,99.6,3.78,5.971
2037-05-03,11.59,7.53,165.15,321.49,91.6,99.2,3.38,0.139
2037-05-04,11.8,6.59,179.96,300.74,72.5,100.6,0,3.228
2037-05-05,10.26,5.83,161.32,299.66,71.8,100.7,0,1.053
2037-05-06,10.67,5.98,169.59,301.16,70.5,100.4,0,2.531
2037-05-07,11.32,5.44,201.52,287.01,62.3,100.2,0,3.231
2037-05-08,10.4,4.6,180.29,284.57,73.9,100.2,0.77,3.15
2037-05-09,10.48,4.26,245.16,266.3,70.7,100.5,0,0.553
2037-05-10,10.62,3.59,256.2,260.67,74.7,100.7,0.49,0.276
2037-05-11,10.5,6.53,122.77,307.43,79,100.8,6.41,2.503
2037-05-12,13.3,5.29,244.84,276.75,67.3,100.9,0,3.899
2037-05-13,13.27,7.63,154.24,314.91,71.1,100.8,0.73,4.254
2037-05-14,13.1,8.39,142.01,326.55,69.3,100.8,0.17,2.57
2037-05-15,13.38,7.38,187.63,313.14,86.7,100.2,3.82,0.731
2037-05-16,14.85,9.75,267.67,309.06,84.8,100.2,2.7,0.563
2037-05-17,13.92,9.58,188.13,324.36,86.6,100.5,0.93,0.536
2037-05-18,13.77,10.47,106.32,331.35,91,99.9,10.18,1.396
2037-05-19,12.87,8.25,79.91,325.37,89.2,98.7,34.52,1.527
2037-05-20,10.78,8.29,27.26,338.63,90.2,97.8,58.27,12.004
2037-05-21,11.71,9.76,82.82,337.5,92.7,99.2,8.77,7.28
2037-05-22,12.99,8.57,229.68,303.01,84,99.7,0,2.549
2037-05-23,12.94,7.42,200.93,306.39,85.9,100.3,2.3,0.763
2037-05-24,12.35,6.81,217.95,291.48,73.1,100.9,1.67,4.349
2037-05-25,10.58,6.84,140.19,309.81,70,100.3,11.96,5.909
2037-05-26,12.61,7.42,160.71,312.66,64.6,100.6,0,3.798
2037-05-27,12.3,7.18,222.53,312.04,81.6,101.3,2.01,2.486
2037-05-28,13.51,10.45,128.43,342.4,92.5,100.8,7.14,4.618
2037-05-29,11.25,8.53,156.25,315.6,81.4,100.1,5.84,8.065
2037-05-30,11.06,7.98,168.84,308.28,74.9,100.1,3.11,7.129
2037-05-31,11.09,7.86,180.99,306.44,74.5,100.1,2.6,6.554
2037-06-01,11.12,7.74,193.16,304.6,74.1,100,2.08,5.988
2037-06-02,11.3,7.53,164.27,309.34,78.6,99.5,14.13,4.137
2037-06-03,10.52,6.56,129.21,315.92,79.2,99.1,12.78,8.318
2037-06-04,11.29,7.71,176.97,312.46,73.9,100.3,3.58,5.166
2037-06-05,12.03,6.59,226.58,292.29,78.8,100.8,2.45,0.601
2037-06-06,13.2,5.86,276.9,273.81,80.2,100.9,0.26,0.656
2037-06-07,13.16,7.74,278.54,287.02,82.5,100.9,1.37,1.695
2037-06-08,13.12,7.42,284.7,286.95,82.6,101.1,2.3,0.371
2037-06-09,13.52,7.49,254.34,293.05,70,101.3,0,3.213
2037-06-10,12.38,6.35,234.81,290.11,71.7,101.4,0,0.506
2037-06-11,12.96,7.3,283.49,288.14,80.7,101.3,0.33,1.744
2037-06-12,14.25,8.51,214.59,321.95,85.2,101.2,0.55,2.899
2037-06-13,14.48,10.91,155.26,345.42,91.8,100.8,3.96,4.947
2037-06-14,14.4,9.66,274.59,299.16,80.4,100.4,0,4.805
2037-06-15,14.53,9.64,261.38,311.61,79.8,100.2,0,3.099
2037-06-16,13.54,9.58,204.02,322.65,82.2,100.4,1.29,4.056
2037-06-17,14.13,10.8,258.58,315.01,81.2,100.6,0,3.66
2037-06-18,15.07,12.08,167.75,347.75,94.3,99.8,13.71,3.799
2037-06-19,15.2,9,302.61,285.92,78.1,100.2,0,2.146
2037-06-20,14.81,7.84,332.91,279.78,78.5,100.5,0,1.584
2037-06-21,14.83,11.96,231.83,335.06,83,99.8,14.12,5.897
2037-06-22,13.72,10.77,226.76,314.72,80,100.4,4.15,7.449
2037-06-23,14.55,9.57,203.12,309.14,77.1,101.3,1.72,3.276
2037-06-24,15.34,8.92,322.5,280.11,76.6,102,0,2.081
2037-06-25,17,10.14,287,304.98,74,102.1,0,0.47
2037-06-26,19.59,11.82,278.23,322.28,74.9,102.1,0.62,1.756
2037-06-27,19.82,11.2,341.43,297.78,72.8,101.9,0,2.61
2037-06-28,20.82,11.17,306.06,309.64,72.9,101.7,0,2.82
2037-06-29,20.26,12.68,326.55,303.29,67.1,101.3,0,4.365
2037-06-30,20.72,12.39,289.24,317.96,70.4,100.8,0,3.584
2037-07-01,19.13,12.19,307.62,314.73,78.4,100.4,0,0.66
2037-07-02,18.17,14.05,156.87,347,87.5,100,2.91,2.011
2037-07-03,18.6,12.9,310.67,317.38,87.3,99.8,0,1.699
2037-07-04,18.03,12.89,254.72,333.69,85.8,99.8,0.07,3.099
2037-07-05,17.99,11.9,223.81,330.99,84.1,100.2,2.06,0.91
2037-07-06,16.9,12.04,243.21,319.85,79.9,100.8,0.79,0.292
2037-07-07,17.41,10.78,313.75,293.27,76.1,100.8,0,1.447
2037-07-08,17.46,11.39,267.22,314.26,79.7,100.2,0,1.795
2037-07-09,17.34,13.29,166.69,345.71,88.4,99.6,9.78,1.178
2037-07-10,17.59,13.19,260.99,326.12,84.4,100.4,0.81,2.269
2037-07-11,17.3,13.58,251.9,324.77,82.7,101.3,0,2.859
2037-07-12,16.93,15.07,169.62,360.28,90.3,100.9,5.07,2.415
2037-07-13,17.82,13.34,228.17,339.78,85.8,100.6,16.49,4.143
2037-07-14,18.14,13.11,197.98,348.09,91.2,100.8,3.17,0.697
2037-07-15,20.63,15.9,199.79,361.42,87.5,100.1,2.41,0.281
2037-07-16,18.84,15.79,254.23,343.2,90.3,99.2,25.42,0.747
2037-07-17,18.36,15.54,236.48,343.51,88.5,99.3,7.9,1.046
2037-07-18,19.33,14.64,218.77,353.19,87,99.9,6.7,2.557
2037-07-19,19.97,15.06,276.9,336.58,83.9,100.8,0,0.641
2037-07-20,19.32,14.78,222.01,332.26,87.4,100.9,2.08,0.397
2037-07-21,20.5,15.48,149.58,366.06,87.3,100.5,2.27,0.462
2037-07-22,19.06,14.95,183.52,344.36,89.3,100.2,1.24,0.818
2037-07-23,18.4,13.84,142.83,342.36,88.9,100,13.03,0.228
2037-07-24,19.24,13.04,200.49,337.91,84.9,100,3.47,2.681
2037-07-25,19.44,13.15,262.5,324.71,79.9,100.3,0,2.693
2037-07-26,19.25,13.54,288.3,309.93,81.3,100.6,0,2.114
2037-07-27,18.85,15.27,167.54,356.84,90,100.2,3.74,3.551
2037-07-28,18.27,15.24,228.62,332.18,79.1,100.3,2.06,6.516
2037-07-29,18.16,13.41,235.18,326.45,80.6,100.7,0.88,4.287
2037-07-30,19.11,11.98,279.49,305.63,79.7,100.9,0,0.928
2037-07-31,19.02,12.58,276.75,308.54,78.8,100.8,0,1.207
2037-08-01,18.94,13.18,274.02,311.54,77.8,100.7,0.16,1.709
2037-08-02,18.71,12.67,262.99,307,73.5,100.6,0,3.45
2037-08-03,17.84,12.43,155.4,347.06,88.6,100.5,19.81,1.185
2037-08-04,18.37,14.01,243.8,324.21,72.5,100.5,7.21,5.289
2037-08-05,17.94,13.58,227.19,325.61,76.3,101.1,0.05,4.657
2037-08-06,18.6,15.29,234.49,346.78,87.1,100.7,6.65,4.657
2037-08-07,18.27,14.54,219.32,327.34,74.1,100.1,3.95,7.339
2037-08-08,16.3,13.5,187.94,326.68,80.7,99.9,9.16,6.569
2037-08-09,17.35,12.82,227.13,313.6,76.2,100.3,0.96,4.508
2037-08-10,17.16,12.55,171.85,338.04,78.8,100.4,3.43,3.035
2037-08-11,17.92,14.63,39.65,375.55,93.5,99.6,46.34,1.873
2037-08-12,17.4,13.88,224.87,331.92,79.2,99.2,4.27,4.891
2037-08-13,16.18,13.5,183.74,325.27,79.6,100.1,5.57,6.643
2037-08-14,17.8,12.45,226.23,311,74.7,101.1,0,2.902
2037-08-15,17.64,13.34,208.32,331.21,78,101.4,0,2.811
2037-08-16,17.61,15.73,148.71,356.38,83.6,101.2,3.18,2.71
2037-08-17,18.34,15.53,162.27,358.81,84.5,101.3,4.34,1.726
2037-08-18,18.85,17.17,87.83,379.74,95.9,101.3,3.37,1.516
2037-08-19,20.51,14.85,210.49,338.78,83,101.7,0,0.477
2037-08-20,21.91,14.32,248.98,328.13,81.4,102,0,0.462
2037-08-21,21.57,14.71,248.42,330.14,80.1,101.8,0,0.466
2037-08-22,22.13,14.96,251.21,320.61,86.7,101.7,0,0.656
2037-08-23,22.67,13.81,253.72,312.21,84.4,101.1,0,0.434
2037-08-24,19.9,12.73,216.92,311.61,78.7,101.7,0,3.942
2037-08-25,18.48,11.33,223.62,291.46,69.8,102.4,0,2.744
2037-08-26,18.98,10.99,240.49,288.76,72.3,102.3,0,0.143
2037-08-27,20.76,12.9,236.7,302.47,77.9,101.8,0,0.226
2037-08-28,20.9,14.09,235.41,312.09,83.8,101.5,0,0.405
2037-08-29,19.16,13.23,210.73,312.21,86.7,101.5,0,0.362
2037-08-30,19.67,13.61,222.13,312.25,83.6,101.3,0,0.2
2037-08-31,19.76,13.94,210.8,320.13,85.7,101.1,0,0.431
2037-09-01,19.86,14.26,199.54,327.7,87.8,100.9,0,0.892
2037-09-02,19.9,14.63,171.36,338.41,84,101.2,0,0.992
2037-09-03,19.97,14.92,206.71,329.02,86.4,101.1,0.29,1.377
2037-09-04,18.15,15.05,159.82,348.09,79.8,101.1,5.09,3.871
2037-09-05,17.58,14.37,146.99,336.08,77.6,101.4,0,3.771
2037-09-06,18.11,15.35,129.72,339.77,83.6,101.5,0,3.217
2037-09-07,18.93,15.04,110.71,360.52,89.2,101.6,0.4,2.406
2037-09-08,20.57,15.34,163.98,342,91.1,101.8,0,0.324
2037-09-09,22.36,15.3,202.78,332.85,86.1,101.7,0,0.315
2037-09-10,22.62,16.49,201.68,334.24,82.9,101.6,0,0.366
2037-09-11,22.15,15.95,203.1,322.23,80.6,101.1,0,0.455
2037-09-12,23.51,15.88,197.89,340.22,73.3,99.9,0,0.701
2037-09-13,18.49,14.91,107.9,357.37,88.9,98.7,19.7,4.768
2037-09-14,16.95,13.72,128.47,320.3,77.3,100.1,1.69,8.531
2037-09-15,15.76,13.26,151.02,306.03,69.5,100.3,1.19,8.092
2037-09-16,13.73,11.64,101.5,312.51,69.1,100.2,2.19,6.52
2037-09-17,13.93,9.74,100.1,306.93,71.8,100.6,1.13,1.801
2037-09-18,13.02,8.85,105.45,303.09,64.8,101.1,0,1.24
2037-09-19,15.37,8.78,96.67,322.29,80.6,101.3,0,3.159
2037-09-20,15.63,12.42,139.86,316.59,72.9,101.7,3.01,4.12
2037-09-21,16.66,12.62,45.64,353.94,89.2,101.9,5.19,5.538
2037-09-22,18.79,14.53,97.26,351.99,94.1,102.3,0,3.741
2037-09-23,16.5,14.08,96.47,356.37,91.9,102.4,0.22,3.087
2037-09-24,16.67,14.34,69.23,351.26,88.1,101.4,0.4,4.811
2037-09-25,16.05,11.22,132.08,309.49,75.1,100,20.18,6.577
2037-09-26,12.72,10.14,112.41,290.82,66.5,100.5,1.27,4.587
2037-09-27,15.2,10,86.76,331.51,86.4,99.9,15.76,6.251
2037-09-28,13.46,10.95,50.28,327.6,87.9,99.4,5.79,4.198
2037-09-29,13.26,9.71,104.01,297.46,74.5,100.1,0.47,3.239
2037-09-30,12.56,8.41,105.23,290.76,71.5,101.4,0,1.212
2037-10-01,14.98,7.69,83.04,324.19,78.2,101.7,2.91,1.511
2037-10-02,15.82,11.65,75.72,330.6,80.9,101.1,9.71,6.345
2037-10-03,12.2,9.34,79.3,302.38,60.4,101.4,0,4.646
2037-10-04,10.91,8.93,74.28,313.06,73.2,101.5,0,1.104
2037-10-05,13.77,7.94,92.99,298.7,79.4,101.6,0,2.16
2037-10-06,14.38,9.9,66.67,312.17,89.7,101.7,2.44,3.533
2037-10-07,15.82,10.37,91.07,324.58,88.1,101.2,1.7,5.844
2037-10-08,17.15,11.6,117.96,316.75,78.8,100.9,2.71,4.715
2037-10-09,17.51,13.55,72.17,344.35,90.7,100.3,10.85,2.732
2037-10-10,14.16,11.31,48.18,338.28,90.6,100.3,4.04,3.086
2037-10-11,12.29,9.18,98.99,298.52,79.6,100.6,0,3.685
2037-10-12,13.96,8.19,82.84,289.48,86.7,100.9,0,2.839
2037-10-13,13.47,8.19,86.47,307.27,85.5,101.5,0,0.104
2037-10-14,13.82,10.14,71.29,332.88,85.9,101.4,0.95,4.172
2037-10-15,13.37,8.51,99.53,304.84,75.3,101.3,1.01,2.695
2037-10-16,13.5,6.68,65.11,318.22,85,101.5,3.08,3.319
2037-10-17,13.52,12.08,42.4,345.26,88.7,100.4,4.06,5.974
2037-10-18,12.49,9.55,67.84,308.34,77.9,99.1,13.1,6.898
2037-10-19,10.42,5.45,69,269.57,66.2,99.4,0,2.854
2037-10-20,8.48,4.23,84.03,264.88,67.4,99.8,3.39,2.821
2037-10-21,7.87,2.77,74.39,257.01,64.6,100,0.94,3.001
2037-10-22,6.95,0.74,85.57,234.19,78.6,100.3,0,1.606
2037-10-23,9,2.65,94.76,245.21,75.4,100.5,0,1.14
2037-10-24,11.2,5.17,76.35,272.18,74.4,100.7,0,4.559
2037-10-25,10.44,6.33,78.23,269.28,79.7,100.7,0,4.044
2037-10-26,10,5.07,46.96,300.57,78.5,99.2,10.36,2.504
2037-10-27,9.27,4.68,17.26,310.25,89.3,97.7,12.18,1.125
2037-10-28,11.13,5.77,35.85,297.91,84,98,5.76,5.828
2037-10-29,10.68,5.39,72.37,261.79,79.4,99.7,0,3.439
2037-10-30,10.26,4.33,62.15,274.69,79.1,100.7,0,2.128
2037-10-31,10.47,5.59,60.08,278.6,76.6,100.6,0,2.932
2037-11-01,10.68,6.85,58,282.2,74,100.5,0,3.771
2037-11-02,10.47,4.8,43.35,282.13,83.3,99.6,0,2.914
2037-11-03,10.1,3.87,50.18,293.23,89.8,99.3,0.67,2.087
2037-11-04,10.17,8.07,26.9,328.9,92.5,99.1,14.84,4.389
2037-11-05,8.28,5.55,19.7,316.6,88.6,98.7,12.37,3.154
2037-11-06,8.78,4.87,45.01,274.19,72,99.5,0,4.105
2037-11-07,6.42,1.67,51.95,249.48,75.5,100.1,0,0.656
2037-11-08,6.08,0.39,42.94,256.65,82.3,100.3,0,2.119
2037-11-09,7.86,3.97,37.55,302.69,81.6,100.3,0,1.473
2037-11-10,8.53,5.29,51.26,279.78,75.1,99.9,0,3.089
2037-11-11,8,5.45,45.19,293.28,80.9,99.8,0,3.86
2037-11-12,8.9,4.76,44.25,289.73,86.9,100.4,0,3.199
2037-11-13,10.35,5.57,32.95,312.03,88.2,100.9,0,1.948
2037-11-14,7.35,4.32,30.79,297.43,91.2,101.4,0,1.347
2037-11-15,7.54,4.22,29.25,305.35,93.9,101.2,0,0.794
2037-11-16,11.1,5.88,31.1,320.33,94.9,100.5,3.31,1.028
2037-11-17,11.25,4.19,49.96,275.15,83.2,100.6,1.58,0.533
2037-11-18,10.98,4.33,15.18,319.88,92.1,99.8,5.86,2.034
2037-11-19,12.66,10.08,20.21,338.57,90.1,99.9,10.89,6.245
2037-11-20,12.94,12.28,16.31,363.03,97.5,100.4,8.22,4.766
2037-11-21,12.43,10.92,17.91,350.22,95,101,8.12,0.824
2037-11-22,10.84,6.94,20.94,318.11,92.3,100.7,0,1.574
2037-11-23,11.32,5.88,23.01,314.9,92.7,100.2,0,2.115
2037-11-24,11.67,9.92,29.88,327.86,88.1,99.7,4.71,3.921
2037-11-25,11.8,9.3,22.65,332.8,85.1,99.4,7.49,1.694
2037-11-26,10.52,7,33.32,301.11,79.5,100.8,10.1,1.319
2037-11-27,11.62,6.75,16.12,325.16,90.9,100.2,22.04,1.062
2037-11-28,11.28,7.7,15.3,320.75,86.1,99.4,26.93,4.1
2037-11-29,10.49,7.48,28.59,306.86,76.3,99.4,19.88,1.331
2037-11-30,12.12,8.51,16.34,315.85,69.2,97.3,9.65,4.992
2037-12-01,10.09,8.35,10.61,322.62,78.3,97.7,16.18,12.009
2037-12-02,10.58,8.52,25.45,309.16,81.4,98.6,6.04,5.674
2037-12-03,10.4,7.24,27.43,298,68.8,97.9,3.56,5.982
2037-12-04,8.47,6.03,17.68,297.33,76.4,97.5,5.86,4.375
2037-12-05,7.43,3.88,17.38,296.73,76.7,98.7,10.74,3.802
2037-12-06,6.01,2.55,12.16,277.09,85,99.1,1.43,0.365
2037-12-07,4.57,1.41,13.21,256.55,85.5,99.6,1.74,1.642
2037-12-08,5.12,0.58,25.88,254.95,88.8,100.8,0,0.686
2037-12-09,6.86,0.69,13.03,294.37,89.4,100.8,2.06,1.985
2037-12-10,8.36,6.56,15.25,323.72,91.8,100.7,12.08,2.469
2037-12-11,10.47,7.24,10.8,334.85,91,100.5,10.95,2.616
2037-12-12,10.32,8.15,26.59,295.74,83.9,100.7,7.99,1.771
2037-12-13,11.73,8.15,4.41,333.35,87.1,99.7,18.4,1.794
2037-12-14,8.72,5.92,7.55,311.06,90.7,98.9,11.06,0.976
2037-12-15,8.58,6.91,19.3,298.02,83.8,99.8,2.86,6.391
2037-12-16,11.09,7.36,2.72,338.84,92.5,100,37.38,3.29
2037-12-17,11.78,8.54,3.33,347.76,93.9,99.3,52.78,2.973
2037-12-18,8.67,5.98,28.45,277.55,78.9,100.8,0,2.256
2037-12-19,12.17,6.21,14.41,333.58,85.9,98.8,32.25,3.074
2037-12-20,9.14,7.72,20.16,308.23,74.6,100.5,6.86,9.061
2037-12-21,9.99,8.25,9.38,330.61,94.3,100.5,7.52,3.064
2037-12-22,11.25,8.9,13.37,344.24,96.2,99,14.34,1.57
2037-12-23,9.76,7.85,6.42,316.74,88.7,97.9,16.28,4.123
2037-12-24,12.17,8.05,5.5,342.26,92.3,97.1,45.8,2.651
2037-12-25,10.71,7.59,12.68,309.93,75.5,97.9,16.7,9.771
2037-12-26,7.88,6.24,6.13,309.41,84.3,97.7,12.11,2.678
2037-12-27,7.3,3.9,10.93,294.16,83.9,99.5,16.97,4.855
2037-12-28,6.08,1.81,24.12,257.02,83.9,99.9,0,0.766
2037-12-29,9.6,1.87,9.79,293.54,86.9,99.3,5.24,0.899
2037-12-30,11.05,8.87,17.59,332.15,92.2,97.9,23.18,1
2037-12-31,10.67,8.16,10.1,326.18,82.1,96.7,13.95,3.595
2038-01-01,10.28,7.45,2.65,321.23,72,95.5,4.7,9.117
2038-01-02,7.63,5.98,5.25,301.61,80.3,94.8,10.49,7.687
2038-01-03,7.57,5.4,22.01,282.74,79.8,96.9,0.56,5.651
2038-01-04,6.66,4.18,20.98,288.04,79.1,98.3,1.53,3.373
2038-01-05,4.86,1.9,29.47,238.32,78.2,100.4,0,1.398
2038-01-06,7.14,-0.98,13.12,273.64,85.4,100.8,12.7,0.552
2038-01-07,7.17,2.03,25.65,266.29,78.1,100.1,2.76,5.569
2038-01-08,8.02,2.96,3.71,306.94,82.7,99.2,18.14,0.846
2038-01-09,5.69,3.59,28.44,276.48,78.3,98.3,1.46,3.4
2038-01-10,6.22,3.3,34.52,265.27,75.1,100.2,0.58,3.756
2038-01-11,6.64,1.39,22.76,289.43,85.7,101.5,0,0.393
2038-01-12,7.28,5.34,17.29,309.11,87.6,102,1.24,2.921
2038-01-13,9.65,5.52,22.52,303,82.6,101.7,9.69,6.535
2038-01-14,8.46,5.31,16.16,310.95,79.5,102.1,8.22,5.941
2038-01-15,9.07,4.47,8.22,319.71,87.2,99.4,39.66,8.305
2038-01-16,5.9,3.88,16.6,289.58,75.9,99.4,10.53,9.258
2038-01-17,5.87,3.42,38.14,248.44,72.5,100.4,0,3.694
2038-01-18,9.09,2.87,10.48,322.16,95.7,100.4,11.15,3.889
2038-01-19,7.64,5.3,22.79,290.94,77.9,100.3,3.21,7.717
2038-01-20,6.33,3.6,22.46,293.95,79.5,100,17.57,9.97
2038-01-21,6.58,3.16,39.6,269.93,76.3,100.5,1.89,5.284
2038-01-22,6.88,4.6,25.89,312.47,89.5,101.6,0.76,0.391
2038-01-23,8.79,6.64,21.51,333.94,97.8,102,4.87,2.393
2038-01-24,9.1,7.29,19.59,334.75,95.6,101.4,12.27,2.759
2038-01-25,7.27,4.26,38.15,286.56,81.2,101.1,11.45,4.543
2038-01-26,7.47,4.44,10.88,306.56,80.6,100.7,18.01,2.677
2038-01-27,7.73,3.67,25.23,294.24,80.4,99.5,17.06,5.861
2038-01-28,6.82,3.59,21.83,304.06,88.8,100.6,7.54,5.158
2038-01-29,7.64,5.32,32.74,312.55,95.8,101.7,7.42,3.318
2038-01-30,8.1,7.15,25.14,326.56,96.5,102.4,1.83,2.523
2038-01-31,8.61,6.96,14.49,328.18,97.3,102.4,11.52,2.013
2038-02-01,10.02,6.42,17,335.39,96.8,102,5.66,3.582
2038-02-02,9.6,6.63,24.52,324.51,94.5,101.6,5.88,5.404
2038-02-03,7.02,5.46,52.12,287.74,83.2,101.9,1.92,6.651
2038-02-04,7.78,5.76,31.02,305.79,85.1,101.8,0.65,7.75
2038-02-05,8.93,6.71,19.98,324.32,88.3,100.2,11.21,6.885
2038-02-06,8.37,5.25,8.92,322.64,90.5,98.4,34.01,3.265
2038-02-07,6.93,3.56,47.74,271.34,77.8,99.3,0,2.759
2038-02-08,8.88,4.13,31.21,307.08,82.7,99.6,25.25,2.773
2038-02-09,10.22,5.89,44.99,311.1,78,98.3,12.56,8.949
2038-02-10,6.14,4.58,30.39,291.04,71.3,99.2,7.28,9.457
2038-02-11,6.19,3.07,25.19,286.2,82.3,98.3,8.54,1.14
2038-02-12,6.51,4.11,47.81,298.89,81.1,97.4,9.87,8.632
2038-02-13,7.13,4.39,40.03,306.25,82.2,97.7,13.02,4.698
2038-02-14,6.41,4.93,56.01,292.18,73.1,98.1,5.18,9.744
2038-02-15,6.83,4.07,48.4,291.56,80.9,98.9,5.6,3.002
2038-02-16,6.28,1.94,61.27,258.19,73.2,101.7,0.69,3.745
2038-02-17,9.05,5.58,26.22,328.51,92.8,100.8,18.19,7.408
2038-02-18,9.07,3.16,35.41,305.77,80.6,98.5,16.22,11.06
2038-02-19,6.17,3.3,83.24,256.2,67.6,99.4,0.04,5.628
2038-02-20,9.05,3.05,35.39,317.53,94,99.4,17.74,3.779
2038-02-21,8.67,4.05,46.16,299.07,73.9,98.5,10.94,11.851
2038-02-22,4.98,2.86,41.28,290.71,77.7,97.9,10.82,10.669
2038-02-23,5.36,1.54,67.07,267.45,76.4,100.2,2.33,2.773
2038-02-24,9.29,1.85,19.63,320.14,90.7,100.4,20.67,1.407
2038-02-25,9.76,5.66,48.19,313.23,83.9,99.6,1.64,8.384
2038-02-26,6.93,3.88,46.37,302.82,79.4,100.8,6.2,10.333
2038-02-27,8.49,5.46,30.42,327.25,95.5,101.3,7.44,5.177
2038-02-28,9.5,7.4,51.01,335.81,98.2,100.9,6.95,3.447
2038-03-01,9.44,6.51,59.98,330.75,97.7,101.2,4.97,0.628
2038-03-02,9.88,8.05,46.5,342.69,98.2,101.3,5.31,1.62
2038-03-03,9.2,7.98,35.27,343.94,99,101.8,8.65,1.892
2038-03-04,9.01,6.14,86.86,313.65,94.5,102,0.45,0.57
2038-03-05,11.57,5.71,115.32,306.24,95.2,101.6,0,0.945
2038-03-06,11.42,6.09,133.98,271.35,85.7,101.3,0,1.14
2038-03-07,12.37,3.72,130.79,252,71.9,101,0,1.989
2038-03-08,11.19,4.63,103.15,288.16,81.2,100.3,0.51,1.892
2038-03-09,10.12,7.21,119.97,298.67,86.4,100.5,3.98,0.824
2038-03-10,10.38,7.98,26.27,342.95,91.4,99.8,28.51,1.917
2038-03-11,10.32,7.37,129.42,285.54,91.2,100.1,1.06,1.887
2038-03-12,11.72,7.54,66.34,311.06,85.8,99.5,15.32,1.511
2038-03-13,10.84,4.98,30.33,312.66,85.2,98.4,33.83,3.911
2038-03-14,8.81,4.73,46.73,303.81,85,99,10.79,4.182
2038-03-15,10.66,4.79,158.22,271.67,78.1,99.6,1.34,2.855
2038-03-16,9.86,6.07,109.55,304.03,86.9,99.2,7.79,1.566
2038-03-17,8.75,6.03,95.87,307.79,83.9,99.8,12.79,4.945
2038-03-18,7.8,5.48,82.05,279.57,75.7,100.9,2.39,3.365
2038-03-19,10.92,6.35,111.62,305.33,78.6,101,0.41,1.572
2038-03-20,10.73,9.03,35.92,343.54,89.3,100.7,20.3,1.488
2038-03-21,14.96,9.64,157.69,299.6,72,100.5,0,2
2038-03-22,11.6,5.1,52.43,307.86,89.1,100,3.76,0.333
2038-03-23,12.08,5.22,98.77,322,92.2,99.2,6.9,1.243
2038-03-24,12.02,6.53,62.92,333.09,95.1,98.6,23.05,0.559
2038-03-25,8.93,5.86,126.53,289.96,87.6,98.1,3.6,0.983
2038-03-26,8.3,4.65,61.98,297.81,80.7,97.4,13.3,1.004
2038-03-27,9,5.01,122.61,298.6,81.4,99,4.81,3.747
2038-03-28,11.01,4.57,80.87,314.37,87.8,99.8,2.9,1.351
2038-03-29,10.84,6.86,31.68,323.21,87.5,99.5,22.5,6.252
2038-03-30,8.13,5.9,110.55,298.31,73.8,99.5,10.56,9.409
2038-03-31,8.66,5.48,111.07,293.88,76.7,99.7,12.57,7.588
2038-04-01,9.14,5.41,136.85,278.02,67.7,100.4,0.6,4.308
2038-04-02,9.37,4.7,172.32,276.46,69.1,101.3,0,1.031
2038-04-03,9.11,4.24,138.48,281.22,73.5,101.7,0,0.211
2038-04-04,10.27,5.79,136.86,302.79,67.1,101.5,0,0.885
2038-04-05,8.76,6.13,74.11,313.05,84.4,101,4.3,0.758
2038-04-06,9.94,5.67,149.83,291.07,86.5,101.3,0,0.487
2038-04-07,11.92,7.7,190.4,297.41,72.7,101.1,0,1.029
2038-04-08,12.18,8.48,156.41,314.86,70.1,100.9,0,2.402
2038-04-09,11.05,5.79,119.48,302.76,71.5,101.6,0,1.842
2038-04-10,9.55,3.87,154.79,280.15,70.2,101.9,0,2.66
2038-04-11,8.27,4.82,95.22,293.45,71.9,101.4,0,1.459
2038-04-12,9.44,4.54,183.29,275.99,76.8,101.2,0,0.413
2038-04-13,10.22,3.87,193.04,268.32,80.9,100.6,0,0.384
2038-04-14,9.03,5.22,101.99,300.63,86.8,99.8,2.79,0.76
2038-04-15,9.7,6.24,81.59,324.64,92.6,99,26.08,1.978
2038-04-16,7.92,5.42,134.74,289.98,68.5,98.8,8.28,8.095
2038-04-17,10.09,5.54,53.46,328.84,87.7,98.3,14.31,8.082
2038-04-18,9.63,5.67,145.11,294.21,66.6,97.6,13.45,11.624
2038-04-19,8.96,5.93,128.37,305,75,97.9,13.14,7.751
2038-04-20,9.5,6.36,143.18,311.89,79.5,98.6,18.77,1.579
2038-04-21,9,6.24,99.48,313.27,87.3,97.2,12.26,1.627
2038-04-22,8.93,5.3,186.51,272.79,63.1,99.5,0.19,4.614
2038-04-23,9.28,3.84,219.74,263.54,67.2,100.9,0.09,1.603
2038-04-24,10.8,7.46,132.52,329.99,91.2,101.7,8.94,1.734
2038-04-25,13.9,9.19,214.06,312.04,75.3,102.2,1.38,0.838
2038-04-26,15.11,7.89,198.53,304.44,71.4,101.9,1.09,0.798
2038-04-27,15.32,8.21,274.17,285.43,78.1,102.5,0,3.741
2038-04-28,14.62,7.41,265.06,281.51,76.2,102.6,0,4.216
2038-04-29,14.86,6.95,240.12,296.7,75.9,102.3,0,3.828
2038-04-30,15,7.65,259.4,279.97,75,101.7,0,3.341
2038-05-01,14.28,7.1,231.13,296.39,72.9,101.2,0,1.677
2038-05-02,9.59,5.42,142.8,298.53,68.2,100.7,0.31,2.883
2038-05-03,8.22,3.33,138.99,287.6,68.1,100.2,0.5,2.411
2038-05-04,11.1,2,308.74,234.84,61.7,100.4,0,1.406
2038-05-05,13.99,3.64,303.47,251.86,62.1,100.9,0,2.643
2038-05-06,13.82,5.31,119.71,315.14,77.9,100.7,2.93,4.111
2038-05-07,12.75,7.86,173.43,324.54,88,100,3.13,1.064
2038-05-08,12.24,6.23,224.77,284.88,67.5,100.4,0,2.582
2038-05-09,10.65,5.79,137.13,298.8,67.8,100.8,1.39,2.465
2038-05-10,11.51,6.93,167.71,310.2,65.8,100.6,0,2.985
2038-05-11,11.13,6.92,220.06,290.67,72.7,100.5,0,2.833
2038-05-12,12.84,7.43,155.93,309.74,74.7,100.5,0.3,0.602
2038-05-13,13.72,7.52,206.6,296.01,76.8,101,0,3.241
2038-05-14,14.4,7.99,207.41,303.19,76.5,101.7,0,2.295
2038-05-15,14.56,8.35,302.21,291.28,78.4,102.1,0,2.126
2038-05-16,15.67,10.82,252.24,320.37,89,102.3,0,2.069
2038-05-17,18.25,10.79,310.83,309.65,86.9,102.2,0,0.421
2038-05-18,18.55,11.55,321.09,297.79,85.2,102.1,0,0.295
2038-05-19,18.71,11.11,252.3,316.41,80.8,102.1,0,1.709
2038-05-20,16.96,8.79,308.41,282.52,82.2,102.3,0,0.412
2038-05-21,18.04,11.75,292.69,304.5,80.2,102.2,0,1.195
2038-05-22,15.56,9.97,319.96,287.62,83.7,101.7,0,3.162
2038-05-23,15.08,9.01,287.29,292.37,73.7,101.4,0,1.295
2038-05-24,14.16,7.9,314.72,286.77,75.9,101.4,0,2.28
2038-05-25,12.89,8.57,121.31,336.54,90.7,99.8,19.7,5.131
2038-05-26,10.73,6.56,218.57,296.43,69.4,98.6,2.14,2.474
2038-05-27,11.47,7.36,191.48,306.5,69.3,98.8,6.56,4.616
2038-05-28,12.38,9.7,240.78,297.19,74.1,99.9,2.09,3.614
2038-05-29,14.52,10.86,269.65,309.78,64.8,101.2,0,2.085
2038-05-30,19.25,13.19,259.7,340.69,76.4,101.1,0,0.722
2038-05-31,21.11,13.42,280.48,340.5,78.6,100.8,0,0.621
2038-06-01,22.97,13.66,301.52,340.54,80.8,100.5,0,0.409
2038-06-02,16.81,13.43,245.21,337.47,90,100.3,1.59,2.732
2038-06-03,14.15,12.19,156.6,337.97,91.5,99.9,14.09,4.456
2038-06-04,14.64,10.6,220.81,317.57,83.2,99.5,8.22,3.604
2038-06-05,13.72,9.33,185.14,317.06,78.4,100.1,3.11,1.591
2038-06-06,14.75,9.17,247.41,300.05,72.5,100.7,0,1.558
2038-06-07,14.01,8.35,191.44,320.37,86.3,100.6,1.14,3.217
2038-06-08,13.87,7.59,282.51,278.32,67.8,101,0,1.126
2038-06-09,14.17,8.89,212.41,301.61,72.3,100.3,0,4.468
2038-06-10,15.69,8.64,308.04,297.49,79.2,100,0,3.821
2038-06-11,15.79,10.42,240.77,319.95,80.9,99.8,0.71,0.63
2038-06-12,13.49,9.04,189.46,318.35,79.8,100.2,1.25,4.205
2038-06-13,12.18,8.23,204.34,303.46,66.5,100.7,0,2.645
2038-06-14,13.5,9.27,231.59,311.15,70.3,100.5,5.38,6.908
2038-06-15,14.2,8.22,260.52,293.04,65.1,100.9,0,4.896
2038-06-16,13.59,6.22,288,282.14,69.9,100.9,0.06,2.725
2038-06-17,15.13,9.95,264.72,311.59,84.2,101,0,4.27
2038-06-18,16.7,9.97,279.43,309.88,82.9,101,0,0.716
2038-06-19,21.55,12.03,264.75,339.66,69.9,100.5,0,2.394
2038-06-20,18.73,13.72,195.72,353.92,85.2,99.2,14.2,1.721
2038-06-21,16.47,13.52,199.09,353.35,93.9,99,13.09,0.294
2038-06-22,15.52,12.35,192.37,340.3,93.7,99,10.17,1.089
2038-06-23,15.91,11.45,238.26,323.03,86.9,99.5,1,1.217
2038-06-24,14.88,10.84,299.89,295.95,77.5,100.1,0,3.424
2038-06-25,16,12.96,248.64,340.55,88.9,99.3,9.37,4.038
2038-06-26,14.99,11.98,207.79,336.82,83.4,98.7,12.27,5.559
2038-06-27,14.91,12.23,193.09,337.84,85.7,98.8,12.22,7.202
2038-06-28,15.41,12.14,236.16,326.96,83.5,99.8,4.27,4.716
2038-06-29,15.98,11.24,287.91,308.16,83.8,100.4,4.54,2.149
2038-06-30,15.74,11.08,283.32,299.53,87.3,100.7,6.01,0.703
2038-07-01,16.87,11.24,304.51,301.14,80.8,100.7,1.89,1.774
2038-07-02,17.22,9.58,304.98,291.17,77.9,100.4,0.6,0.987
2038-07-03,17.29,9.56,314.48,290.55,73,100.6,1.11,2.092
2038-07-04,16.58,11.31,224.83,316.95,77.1,101.2,0.62,2.82
2038-07-05,16.09,13.25,100.17,358.52,92.4,100.1,20.26,2.8
2038-07-06,16.71,13.06,181.9,344.68,91.7,98.5,5.13,0.405
2038-07-07,16.21,13.12,107.94,351.52,93.2,97.6,10.21,0.237
2038-07-08,17.87,13.43,218.59,348.16,90.9,97.9,13.57,1.315
2038-07-09,19.04,12.34,321.32,305.51,79.4,99.5,0,2.361
2038-07-10,17.03,11.73,335.79,285.74,73.6,100.7,0,2.969
2038-07-11,16.68,11.75,201.3,335.99,84.7,101.4,0,2.656
2038-07-12,18.8,15.61,192.18,371.89,92.9,101.3,0.96,1.691
2038-07-13,18.38,14.61,224.46,343,84.5,101.4,12.55,2.888
2038-07-14,18.95,12.36,327.34,297.62,76.1,102,0,0.624
2038-07-15,19.99,12.93,301.82,310.1,78.5,101.7,0,0.219
2038-07-16,20.62,14.33,282.62,320.89,77.5,101.1,0,0.343
2038-07-17,21.14,13.57,308.88,320.93,81.7,101.2,0,1.292
2038-07-18,18.49,13.12,318.3,298.85,78.1,101.7,0,2.305
2038-07-19,20.32,14.34,209.64,360.78,88.3,101.6,1.69,1.987
2038-07-20,19.52,16.83,177.83,372.79,92.9,100.9,7.8,3.237
2038-07-21,19.35,15.62,148.24,367.75,92.9,100.4,4.51,2.377
2038-07-22,17.19,14.34,210.3,341.43,82.5,100.3,1.42,5.25
2038-07-23,16.29,13.85,176.73,335.44,79.7,100.3,6.93,6.635
2038-07-24,17.05,13.22,245.33,320.31,76.3,100.9,1.19,5.46
2038-07-25,19.21,16.71,199.72,369.45,92.5,100.4,2.58,4.933
2038-07-26,17.67,14.36,133.5,341.85,84.1,100,9.16,4.874
2038-07-27,16.72,12.82,239.96,317.38,74.5,100.5,14.53,5.833
2038-07-28,15.6,11.68,198.75,323.25,78.3,100.5,7.85,5.105
2038-07-29,15.8,11.01,237.11,302.22,75.5,100.8,1.36,2.563
2038-07-30,17.45,10.43,129.66,337.46,82.8,100,16.07,1.234
2038-07-31,17.41,12.76,173.69,341.96,82.8,99.8,10.32,2.048
2038-08-01,17.37,15.1,218.04,346.64,82.8,99.5,4.57,6.138
2038-08-02,17.57,12.56,214.89,326.4,77,100.3,0.94,4.763
2038-08-03,15.92,10.23,159.15,318.63,77.3,100.8,1.81,0.364
2038-08-04,17.8,10.34,242.13,298.08,76.3,100.8,0,0.779
2038-08-05,17.32,10.59,275.13,288.26,76.7,101.2,0,1.888
2038-08-06,18.28,10.74,268.72,295.52,73.9,101.1,0,0.138
2038-08-07,21.72,14.7,199.63,355.82,69.5,100.1,0.45,1.096
2038-08-08,18.63,14.33,178.42,358.72,90.3,99.6,7.04,2.381
2038-08-09,17.04,13.09,179.67,338.01,76.8,100.1,2.94,2.76
2038-08-10,18.49,14.62,193.74,343.32,79.9,99.7,6.29,7.494
2038-08-11,16.11,11.45,185.65,309.55,75.5,101,0.97,4.355
2038-08-12,17.41,11.39,252.97,307.24,72.9,101.3,0,2.825
2038-08-13,17.93,13.52,265.81,312.2,78.3,101.5,0,2.647
2038-08-14,21.99,13.04,274.76,315.07,76.4,101.4,0,0.542
2038-08-15,24,17.37,271.82,331.91,72.4,100.7,0,1.228
2038-08-16,21.51,14.23,164.13,349.4,83.2,100.2,1.34,1.475
2038-08-17,17.66,12.01,253.65,294.25,79,100.6,0,1.998
2038-08-18,17.97,14.94,210.22,334.7,83.2,100.4,7.63,2.198
2038-08-19,17.83,13.83,191.12,332.25,82.4,99.5,8.85,1.083
2038-08-20,17.36,13.15,192.61,328.02,74,100.2,0.65,3.485
2038-08-21,17.01,13.32,141.46,335.08,78.4,100.6,5.76,5.794
2038-08-22,16.01,13.19,172.78,321.15,74.6,101.3,0.01,5.504
2038-08-23,17.92,11.78,230.16,301.27,77.9,101.7,0,1.608
2038-08-24,18.71,11.78,152.85,334.27,87.9,101.5,0.26,0.618
2038-08-25,20.23,14.9,206.27,347.22,89.7,101.5,0,0.447
2038-08-26,20.77,15.68,182.98,351.15,83.5,101.9,0,1.878
2038-08-27,20.41,14.32,215.74,333.47,85.6,102.2,0,0.208
2038-08-28,19,14.35,174.16,336.51,90.2,102.1,0,0.342
2038-08-29,19.55,13.3,198.06,321.12,90.3,101.8,0,0.169
2038-08-30,22.9,13.81,231.58,318.32,77.9,101.1,0,1.783
2038-08-31,22.36,15.38,217.13,327.38,75.4,100.6,0.8,1.166
2038-09-01,21.81,16.95,202.74,335.47,72.9,100.1,1.58,1.317
2038-09-02,18.22,15.54,102.71,355.09,92.5,99.5,37.17,0.928
2038-09-03,17.63,14.63,171.35,323.7,75.5,100.2,0,5.038
2038-09-04,17.28,13.13,72.5,349.41,84.9,99.6,23.47,4.906
2038-09-05,15.21,12.33,144.09,319.58,68.5,99.3,7.18,5.961
2038-09-06,13.54,12.12,58.74,337.44,82.3,99.1,26,6.53
2038-09-07,15.45,11.91,91.23,334.3,82.2,99.4,37.64,1.436
2038-09-08,16.95,10.72,194.13,297.63,75.6,100.2,0.73,3.651
2038-09-09,16.8,9.64,211.15,279.46,74.9,101.3,0,0.501
2038-09-10,16.63,9.94,194.54,293.17,77.3,101.5,0,0.93
2038-09-11,17.47,12.8,108.64,342.13,86.7,101.4,0,1.248
2038-09-12,18.16,13.23,161.32,332.65,90.9,101.4,0,0.755
2038-09-13,17.66,15.57,105.72,359.03,90,101.4,0.96,2.461
2038-09-14,17.72,15.5,106.59,355.01,93.1,101.5,0.23,0.911
2038-09-15,18.94,15.62,102.76,367.44,95.1,101.5,0.67,0.352
2038-09-16,20,14.13,163.54,324.05,87.5,100.7,0,0.812
2038-09-17,18.31,12.74,105.44,332.45,89.6,100,3.06,0.893
2038-09-18,16.16,11.56,155.63,305.54,80.8,100.6,2.67,1.819
2038-09-19,17.48,12.31,80.07,348.15,84.8,100.5,5.48,1.118
2038-09-20,16.43,11.15,157.71,295.89,75.8,101.1,0,2.909
2038-09-21,16.94,11.47,83.37,340.56,82.1,100.8,6.08,1.733
2038-09-22,17.57,14.3,97.28,352.64,88.6,100.6,15.49,1.497
2038-09-23,21.53,14.57,152,349.43,85,100.8,0,0.662
2038-09-24,23.28,15.28,161.3,348.91,88,101,0,0.825
2038-09-25,24.81,17.21,158.67,355.6,78,100.9,0,1.907
2038-09-26,24.43,16.95,133.81,356.21,78.3,100.7,0,1.665
2038-09-27,24.27,16.63,154.85,340.65,74,101,0,2.494
2038-09-28,21.13,15.25,149.34,333.83,83.3,101.9,0,0.312
2038-09-29,18.81,14.52,96.34,345.68,88.6,102.2,0,1.592
2038-09-30,18.22,13.12,141.73,310.06,89.5,102,0,0.366
2038-10-01,17.92,12.69,108.95,327.66,91.6,102,0,0.301
2038-10-02,19.04,12.8,139.24,309.92,87.2,101.9,0,0.654
2038-10-03,17.9,11.54,126.96,293.2,78,101.3,0,0.969
2038-10-04,17.57,11.45,136.13,293.13,84.1,100.9,0,0.481
2038-10-05,19.89,10.92,136.22,308.2,84.3,101.1,0,1.25
2038-10-06,17.8,13.43,50.77,350.55,92.2,101.7,0.87,0.469
2038-10-07,19,13.03,124.68,316.66,92.6,101.8,0,0.739
2038-10-08,18.84,13.27,119.14,312.17,82.4,101.4,0,1.275
2038-10-09,18.72,14.07,86.92,342.2,83.3,100.8,3.22,0.596
2038-10-10,16.82,14.13,97.45,326.9,87,100.6,0.69,0.934
2038-10-11,16.88,13.36,15.8,354.21,86.3,99.1,35.61,2.073
2038-10-12,14.26,11.13,66.84,324.08,75.6,98.4,7.25,4.881
2038-10-13,15.69,12.05,61.2,334.64,77.5,99.5,8.95,7.078
2038-10-14,13.39,10.62,52.57,309.19,69.9,99.5,11.11,9.231
2038-10-15,12.08,9.2,29.69,311.78,79.6,99.4,14.48,4.992
2038-10-16,11.06,6.66,54.22,295.09,86.1,98.3,10.7,0.276
2038-10-17,13.32,5.45,100.93,265.36,83.8,98.5,0,3.675
2038-10-18,13.06,9.16,82.91,286.2,85.5,98.4,0,3.802
2038-10-19,13.25,8.24,77.86,303.32,87,98.7,3.41,1.773
2038-10-20,13.55,9.89,44.25,320.47,88.4,99.7,6.5,0.654
2038-10-21,14.12,9.97,55.7,314.32,83.9,100.1,0.68,2.696
2038-10-22,15.19,12.36,69.75,341.62,89.2,100.7,2.13,0.918
2038-10-23,15.77,13.29,48.41,350.96,91.8,101.4,0.79,0.292
2038-10-24,15.5,11.93,87.52,316.73,87.8,101.3,0,1.067
2038-10-25,14.73,11.04,68.25,323.03,90.5,101,0.62,1.428
2038-10-26,14.75,10.54,71.35,317.39,87.9,100.7,0,0.998
2038-10-27,14.94,9.95,55.45,316.8,85.7,100.7,0,1.341
2038-10-28,14.29,8.29,79.22,292.53,86.4,100.9,0,1.871
2038-10-29,14.54,8.87,68.33,306.52,86.2,101.2,0,1.062
2038-10-30,14.67,11.08,58.24,326.37,89.1,101.7,0,0.918
2038-10-31,14.54,11.93,50.22,333.28,88.9,101.7,0.1,0.771
2038-11-01,14.41,12.79,42.22,340.54,88.8,101.6,0.48,0.894
2038-11-02,14.25,10.52,36.53,334.71,87.8,101.9,1.04,1.052
2038-11-03,12.86,8.4,62.18,299.4,88.8,101.8,0,0.509
2038-11-04,14.46,9.41,27.87,326.79,86.4,101.3,2.42,5.098
2038-11-05,12.74,11.21,31.83,318.8,77.5,101.3,1.52,7.507
2038-11-06,15.03,12.38,18.4,361.95,91.9,100.3,8.61,7.098
2038-11-07,14.63,10.95,40.25,322.83,74.6,100,12.65,8.515
2038-11-08,12.24,8.81,30.52,308.62,73.5,100.6,0,5.645
2038-11-09,12.17,7,53.5,279.74,82.8,100.8,0,1.361
2038-11-10,12.35,6.15,57.4,266.14,81.1,100.5,0,3.824
2038-11-11,11.55,6.54,53.91,266.62,70.7,100.5,0,5.041
2038-11-12,8.69,6.6,31.56,296.78,71.5,101.2,0,3.931
2038-11-13,9.55,4.06,44.73,264.29,76,101.4,0,3
2038-11-14,8.08,2.28,54.95,240.9,84,101.4,0,1.656
2038-11-15,8.06,1.8,52.34,246.44,77.2,101.5,0,2.425
2038-11-16,7.36,5.06,40.3,275.19,71.9,100.9,0,3.937
2038-11-17,6.44,3.58,19.85,286.48,75.4,100.9,0,1.925
2038-11-18,6.83,1.94,45.96,247.33,91,101.9,0,1
2038-11-19,8.38,1.79,41.8,262.9,80.3,102.5,0,1.557
2038-11-20,8.17,6.33,10.2,319.79,88.4,102.2,8.79,0.834
2038-11-21,8.11,5.9,19.87,314.17,93.9,101.9,2.02,1.3
2038-11-22,6.94,3.81,20.33,298.68,89,101.8,0,1.766
2038-11-23,7.39,4.81,16.78,302.55,83.9,101.2,0.02,2.306
2038-11-24,8.76,5.15,31.59,289.73,84.5,100.9,0,2.939
2038-11-25,9.15,5.16,26.11,301.03,85,101.1,0.12,3.489
2038-11-26,6.56,2.55,28.71,281.97,88.1,101.2,2.28,1.537
2038-11-27,3.5,-0.12,38.28,239.96,83.5,101.9,1.03,3.255
2038-11-28,2.84,0.31,33.2,246.02,87.6,101.8,0.47,2.986
2038-11-29,3.77,0.38,20.92,256.47,88.5,101.6,0.93,1.515
2038-11-30,4.76,-0.43,23.85,263.13,89.4,101,0.88,2.763
2038-12-01,3.26,-1.17,34.44,230.7,88,101,0,2.535
2038-12-02,4.24,-1.14,30.68,249.74,82.6,101.1,0.36,0.837
2038-12-03,5.9,3.02,30.65,271.52,87,100.9,0.4,1.57
2038-12-04,6.41,2.75,16.09,295.8,88.5,101.3,0,0.711
2038-12-05,6.68,3.53,16.22,302.14,86.6,101.5,0.24,0.695
2038-12-06,5.11,2.31,15.71,287.69,84.2,100.7,0.15,2.493
2038-12-07,5.28,-0.19,13.24,283.59,90.2,98.8,2.3,1.77
2038-12-08,10.48,5.23,16.54,324.03,94.5,98.6,3.18,2.26
2038-12-09,10.64,8.65,18.69,334.51,94.8,98.5,5.19,1.743
2038-12-10,10.21,8.05,19.42,327.15,90.9,98.8,6.38,0.856
2038-12-11,10.89,7.94,11.99,338.77,94.8,97.6,6.62,2.033
2038-12-12,11.11,9.89,10.91,346.02,95.9,97.7,13.46,0.902
2038-12-13,10.81,8.1,15.41,333.53,95.2,97.6,0.4,1.311
2038-12-14,10.35,8.04,7.94,338.67,98.6,98,8.43,0.329
2038-12-15,10.49,8.89,13.12,334.54,94.7,98.5,11.29,1.461
2038-12-16,9.7,6.56,10.87,310.28,95,98.8,3.26,1.164
2038-12-17,10.72,7.4,12.23,326.47,94.3,99.3,2.81,1.17
2038-12-18,11.58,10.19,14.15,326.67,95.3,99.2,5.72,0.978
2038-12-19,11.32,7.31,5.04,318.18,92.3,99.4,9.86,2.352
2038-12-20,10.96,8.9,20.87,321.95,91.6,100.4,2.68,4.221
2038-12-21,11.94,10.25,10.58,332.87,95.1,101.2,4.68,2.973
2038-12-22,11.82,10.15,9.77,354.48,91.3,101.1,12.53,1.474
2038-12-23,11.18,8.77,5.02,350.31,96.4,100.6,42.18,1.056
2038-12-24,9.32,6.9,27.09,292.23,77.3,101.5,0.18,3.668
2038-12-25,10.5,8.32,2.51,334.33,82.8,101,17.42,7.195
2038-12-26,10.5,9.18,12.72,338.76,89.2,100.8,4.04,3.192
2038-12-27,11.66,7.2,20.46,326.29,89.3,100,6.77,1.946
2038-12-28,12,9.86,5.34,322.81,86.2,98.3,10.47,1.471
2038-12-29,9.95,6.41,16.71,298.33,76.8,98.1,8.94,4.995
2038-12-30,7.67,5.21,22.6,283.25,71.1,99,10.61,6.282
2038-12-31,7.8,4.12,20.39,286.28,72.8,98.6,11.04,3.895
2039-01-01,7.94,3.03,18.18,287.69,74.6,98.3,11.47,1.435
2039-01-02,8.62,3.87,17.68,295.83,89.5,95.8,2.8,0.804
2039-01-03,8.02,5.02,17.73,303.06,80.6,96.7,3.45,4.223
2039-01-04,6.65,1.92,18.3,281.96,80.9,96.2,2.43,1.416
2039-01-05,6.08,0.67,24.76,270.12,79.9,97.9,0.32,0.734
2039-01-06,4.09,1.17,30.64,230.69,77.4,98.2,0,2.437
2039-01-07,6.39,1.48,28.08,254.46,77.7,100.2,0.48,2.694
2039-01-08,9.71,4.01,6.74,307.01,85.1,99.3,15.77,1.226
2039-01-09,9.51,7.54,21.42,299.98,83.6,99.8,8.81,1.542
2039-01-10,12.05,8.48,30.48,300,82.4,100,7.56,6.051
2039-01-11,11.89,9.35,6.1,341.26,91.2,100.4,15.7,2.233
2039-01-12,12.48,11.12,20.57,328.58,81.4,99.9,2.02,1.62
2039-01-13,11.46,9.24,32,312.03,78.1,100.2,0.65,8.124
2039-01-14,11.31,9.91,9.42,347.07,92.6,100.3,11.09,1.473
2039-01-15,11.46,6.5,20.39,307.59,72.7,99.3,8,6.919
2039-01-16,11.02,6.89,6.9,324.57,82.9,97.2,29.13,6.855
2039-01-17,7.54,5.05,13.53,300.68,74.9,96.1,21.98,9.518
2039-01-18,7.59,2.05,28.63,281.73,81.8,97.2,11.97,3.332
2039-01-19,6.12,0.83,29.89,265.86,80,98.3,1.1,0.845
2039-01-20,6.87,3.62,5.87,310.14,83.2,96.9,32.5,5.946
2039-01-21,5.66,0.59,15.84,265.52,82,98.2,5.71,1.161
2039-01-22,6.01,2.92,30.32,285.41,80.3,98.7,1.53,1.787
2039-01-23,4.98,-0.65,47.56,231.38,76.2,100.2,0,1.803
2039-01-24,7.49,2.75,12.22,306.79,87.1,98.4,22.34,0.874
2039-01-25,8.51,3.35,9.97,302.72,76.8,97.3,15.46,8.967
2039-01-26,7.24,3.81,37.84,281.4,80.1,97.9,10.39,8.351
2039-01-27,6.73,4.23,21.41,282.97,76.1,99.9,5.1,6.184
2039-01-28,8.83,3.34,3.01,315.99,86.7,98.5,24.84,7.488
2039-01-29,4.83,2.26,23.39,283.73,83.6,96.9,7.4,2.04
2039-01-30,6.18,0.72,49.28,254.81,85.5,99.8,2.98,1.554
2039-01-31,9.3,2.28,21.18,318.33,94.6,100.9,6.72,3.381
2039-02-01,9.74,8.88,17.69,342.15,95.1,101.2,7.85,5.066
2039-02-02,9.14,8.35,24.48,335.64,93.4,101.3,8.75,3.286
2039-02-03,8.58,5.48,35.16,311.93,92.2,100.9,2.87,0.977
2039-02-04,6.63,3.49,42.03,293.91,90.5,100.9,1.3,1.444
2039-02-05,7.38,4.14,37.73,290,86.5,101.9,2.59,3.569
2039-02-06,6.51,2.32,66.2,258.4,78.4,103.1,0,1.289
2039-02-07,5.95,0.99,64.71,258.71,76.8,103.1,0,0.981
2039-02-08,5.63,0.02,76.52,234.21,81.6,102.2,0,0.894
2039-02-09,4.89,1.79,32.78,297.71,86.7,101.5,1.31,0.369
2039-02-10,6.9,1.44,74.02,261.7,86.4,101.5,0.52,1.351
2039-02-11,7.11,1.14,73.5,264.62,86.9,101.4,0,2.205
2039-02-12,7.85,4.54,43.82,297.18,72.9,101,0,2.211
2039-02-13,7.52,3.15,64.56,280.53,83.9,101.5,0,0.349
2039-02-14,9,2.3,63.46,272.35,87.5,102.3,0,1.818
2039-02-15,7.48,3.41,52.51,301.07,82,102.5,0,0.997
2039-02-16,6.91,2.73,53.13,296.4,84,102.3,0,0.574
2039-02-17,8.63,5.7,52.25,321.07,95.5,102.4,0.62,2.6
2039-02-18,8.23,6.14,43.32,321.72,94.8,102.2,1.45,1.433
2039-02-19,7.66,4.81,51.85,305.1,89.2,102,0.43,0.795
2039-02-20,8.01,4.12,50.49,304.6,92.6,101.6,4.47,1.152
2039-02-21,4.51,3.04,23.38,300.37,89.5,100.5,4.59,4.478
2039-02-22,4.54,0.26,80.2,242.32,73.9,101,0,4.684
2039-02-23,6.35,-1.05,56.05,264.77,83.2,101.3,1.69,3.49
2039-02-24,6.07,3.24,83.37,267.66,74.9,100.7,0.86,2.885
2039-02-25,6.2,2.04,80.9,262.47,76,101.4,0,1.409
2039-02-26,5.74,-0.65,111.05,232.51,81.5,101.9,0,0.824
2039-02-27,5.95,1.74,59.73,285.64,74.7,101.7,0.07,1.301
2039-02-28,5.67,2.51,57.24,295.38,77.3,102.3,0.76,0.51
2039-03-01,6.33,1.81,69.54,295.46,83.5,102.7,0.53,0.481
2039-03-02,7.05,4.44,67.26,310.38,86.4,102.7,0.17,1.747
2039-03-03,8.61,5.91,68.37,317.94,94.7,102.5,0.76,2.851
2039-03-04,8.92,6.16,62.9,314.38,93.4,102.3,0.19,0.622
2039-03-05,8.43,5.37,62.66,312.86,90.2,102,0.62,0.234
2039-03-06,8.11,4.36,72.94,304.37,85.9,102.1,0,0.375
2039-03-07,7.38,4.47,79.32,310.08,88.9,101.8,0.74,2.157
2039-03-08,8.86,5.47,62.59,313.92,89.9,100.7,2.67,3.06
2039-03-09,7.05,3.64,92.93,282.88,61.9,101.1,0,2.278
2039-03-10,8.61,4.18,79.94,301.31,81.2,100.9,0.96,2.999
2039-03-11,5.56,2.21,59.08,287.58,83.1,100.5,2.07,0.476
2039-03-12,7.24,2.55,88.31,299.09,83.9,100.5,1.9,2.749
2039-03-13,8.88,6.25,112.89,303.15,81.1,100.2,0,2.357
2039-03-14,7.53,3.5,109.82,284.82,84.6,100,1.23,1.05
2039-03-15,7.5,5.89,53.13,321.13,94.8,99.1,11.23,4.432
2039-03-16,6.81,2.3,72.16,294.71,93.5,98.8,5.33,1.065
2039-03-17,6.16,-0.26,162.38,223.82,70,99.8,0,0.449
2039-03-18,4.58,1.58,21.68,293.11,84.2,98.8,10.36,2.661
2039-03-19,7.11,1.62,74.1,292.71,90.1,99.4,4.86,2.267
2039-03-20,10.85,5.97,57.74,342.05,97,99.5,9.62,0.694
2039-03-21,11.03,8.35,38.8,342.72,94.1,98.3,34.13,0.798
2039-03-22,9.86,5.76,97.52,309.67,84.6,98.1,10.74,2.217
2039-03-23,10.35,4.88,27.84,332.32,89.4,97.9,41.15,1.482
2039-03-24,10.98,8.22,98.99,332.58,93.3,97.2,9.81,5.025
2039-03-25,9.82,6.16,142.55,291.56,82.4,97.7,0,2.678
2039-03-26,9.97,5.53,99.47,312.48,92.7,98.2,7.06,2.426
2039-03-27,9.66,5.01,78.75,307.61,91,98.4,7.39,2.097
2039-03-28,9.74,5.28,124.57,296.23,91.4,98.3,6.31,0.168
2039-03-29,10.07,4.89,123.27,307.7,86.5,99.2,2.79,0.575
2039-03-30,10.24,6.28,46.25,327.9,93.4,98.6,18.02,1.303
2039-03-31,9.41,5.59,150.79,291.09,76.9,98.1,5.62,2.962
2039-04-01,7,4.06,86.74,290.12,72.9,98.5,5.16,2.439
2039-04-02,7.96,4.24,129.12,273.56,71.8,100.6,1.22,4.337
2039-04-03,9.92,4.4,97.19,296.72,66.9,100.7,0.38,2.074
2039-04-04,11.62,7.03,181.54,288.31,58.7,100.3,0,2.199
2039-04-05,7.8,5.43,49.4,308.53,82.7,100.3,9.93,0.885
2039-04-06,9.34,4.91,186.34,274.68,77.7,101.7,2.68,3.909
2039-04-07,10.4,8.36,92.66,333.82,94.7,101.6,3.34,2.563
2039-04-08,9.5,7.04,80.95,327.28,90.7,100.7,16.7,1.295
2039-04-09,9.69,6.52,173.91,280.16,80.1,100.3,2.81,1.118
2039-04-10,10.4,5.83,171.29,294.09,78.7,99.7,4.14,0.859
2039-04-11,9.84,5.48,144.85,301.09,72.9,99.1,2.41,1.02
2039-04-12,11.44,6.79,97.85,319.16,82.5,99,3.94,4.454
2039-04-13,11.78,7,156.47,300.09,77.7,99.9,0,4.833
2039-04-14,11.95,7.35,181.15,297.24,82.1,100.8,0,3.842
2039-04-15,11.06,5.57,139.89,295.44,75.4,101.7,0,2.648
2039-04-16,11.29,5.57,222.28,275.55,72.2,101.9,0,0.984
2039-04-17,11.6,5.31,240.96,260.66,81.8,101.7,0,0.929
2039-04-18,13.54,4.85,245.89,270.14,83,101.5,0,0.638
2039-04-19,12.56,5.93,168.73,290.74,87.2,101.5,0,2.267
2039-04-20,11.71,5.55,225.19,277.9,84.7,101.7,0,0.605
2039-04-21,13.51,6.84,209.11,305.77,89.8,101.7,0,0.852
2039-04-22,13.19,9.22,181.46,319.22,90.5,102,0.9,0.27
2039-04-23,15.49,8.14,248.79,293.43,81.9,102.2,0,0.117
2039-04-24,13.94,6.89,230.52,280.07,83.3,102.3,0,0.677
2039-04-25,14.78,5.11,268.54,268.29,81.2,102.3,0,1.057
2039-04-26,14.73,5.97,273.48,265.86,80.4,102.2,0,1.491
2039-04-27,14.2,6.55,259.23,279.92,77.7,101.9,0,3.068
2039-04-28,14.3,6.88,236.23,286.75,75.3,101.6,0,3.653
2039-04-29,14.42,7.25,184.81,299.48,69.5,101.2,0,4.543
2039-04-30,16.51,9.15,150.34,333.97,76.4,100.6,6.71,4.578
2039-05-01,13.4,8.37,244.4,296.69,89.6,101,2.39,1.235
2039-05-02,13.81,7.59,230.16,292.34,87,101.1,0,0.645
2039-05-03,12.98,8.95,206.99,300.7,88.4,101.2,0.65,1.126
2039-05-04,12.56,10.27,111.76,341.86,93.7,101.1,6.13,1.116
2039-05-05,13.83,8.58,274.18,282.12,86.7,101.4,0,2.006
2039-05-06,13.48,10.41,155.87,331.43,87.9,101.2,9.61,1.733
2039-05-07,13.78,8.77,267.81,299.79,83.5,101.3,8.16,2.804
2039-05-08,14.76,9.39,216.86,307.69,76.3,101.6,0,0.605
2039-05-09,15.26,9.57,207.02,303.3,74,101.6,0,0.381
2039-05-10,17.86,9.12,249.96,304.8,78.4,101,0,0.973
2039-05-11,16.37,10.85,168.72,333.17,71.2,100.3,6.07,7.695
2039-05-12,12.28,9.78,128.81,318.35,71,101.8,0.65,6.852
2039-05-13,12.71,9.18,233.71,298.47,74.9,102.2,0,2.824
2039-05-14,15.62,9.49,244.67,306.32,77.1,101.6,0,1.356
2039-05-15,16.77,12.52,230.38,329.69,77.6,101,5.35,1.475
2039-05-16,13.76,8.07,304.84,276.36,75.5,101.1,1.2,1.866
2039-05-17,17.94,9.01,248.53,322.39,83.3,100.5,5.02,1.102
2039-05-18,12.77,8.55,238.95,287.97,65.3,101.5,0.02,3.672
2039-05-19,13.96,8.18,267.11,301.84,73,101.5,1.02,1.399
2039-05-20,13.52,9.99,187.5,319.11,80,101.3,1.21,5.682
2039-05-21,12.76,9.56,199.7,305.05,65.1,101.9,0,5.556
2039-05-22,15.37,10.06,101.15,347.77,90.1,100.9,35.3,6.004
2039-05-23,11.31,9.83,168.36,313.14,63.1,100.9,0.21,9.913
2039-05-24,13.13,8.92,111.4,325,80.8,100.7,10.21,6.43
2039-05-25,11.13,7.92,117.51,308.94,69.7,100.3,0.86,7.447
2039-05-26,10.29,6.26,177.96,301.5,69.4,100.5,3.21,1.707
2039-05-27,9.69,5.28,197.31,288.61,60.6,101.4,0.86,2.009
2039-05-28,10.32,4.55,246.04,269.98,64.2,101.4,2.7,2.48
2039-05-29,13.61,8.02,149.52,332.26,91.9,100.7,11.82,4.718
2039-05-30,14.32,9.58,239.68,317.06,86.1,101.1,0,4.872
2039-05-31,14.59,10.47,225.06,326.13,86.8,101.3,0.3,4.621
2039-06-01,14.85,11.35,210.53,335.3,87.6,101.5,0.49,4.372
2039-06-02,16.92,11.67,282.61,314.45,83.8,101.9,0,0.529
2039-06-03,18.46,11.83,284.64,317.12,83.2,102,0,0.329
2039-06-04,19.28,12.72,307.5,315.65,81.5,101.7,0,0.373
2039-06-05,18.99,13.63,275.54,326.13,77.9,100.7,0,0.545
2039-06-06,14.86,11.26,113.5,333.66,84.7,99.9,2.85,1.3
2039-06-07,13.16,9.88,86.05,324.11,85.6,98.9,11.09,1.398
2039-06-08,14.97,11.51,284.83,301.19,72,99.2,2.53,2.106
2039-06-09,17.4,12.02,320.45,299.06,72,100.3,0.5,0.865
2039-06-10,18.41,13.25,311.93,316.27,75.3,100.7,1.17,0.511
2039-06-11,18.74,13.92,179.07,355.49,88,100.8,8.42,0.317
2039-06-12,21.47,13.42,209.99,353.49,90.2,100.7,7.16,0.212
2039-06-13,22.23,12.77,193.12,354.17,88.1,100.5,3.95,0.704
2039-06-14,21.07,15.42,302.15,339.12,89.2,100.6,0.08,1.129
2039-06-15,24.03,15.12,325.8,335.75,79.6,100.8,0,1.111
2039-06-16,23.67,14.64,319.05,336.62,80.5,100.7,0,3.266
2039-06-17,19.73,14.44,241.5,349.26,82.5,100.4,7.22,5.101
2039-06-18,17.44,10.85,146.47,347.21,81.6,101,2.01,3.967
2039-06-19,18.36,9.63,336.94,286.74,74.1,101.8,0,2.116
2039-06-20,19.29,11.61,329.39,300.93,75.4,101.7,0,0.274
2039-06-21,18.38,10.92,321.18,295.34,73.8,101.5,0,1.042
2039-06-22,17.58,11.77,262.91,317.5,78.6,101.4,0,0.266
2039-06-23,18.48,12.54,300.3,313.08,80.7,101.2,0,0.429
2039-06-24,19.67,13.41,332.1,309.19,83,101.1,0,1.666
2039-06-25,17.96,12.58,269.03,325.85,87.1,100.9,7.18,1.442
2039-06-26,18.36,15.03,197.76,360.2,90,100.6,11.11,3.331
2039-06-27,18.67,13.63,313.28,317.78,79,101.2,0,1.16
2039-06-28,20.42,14.31,297.42,329.71,80.2,101.5,0,0.833
2039-06-29,19.78,16.83,216.52,355.6,87.8,100.8,0,1.44
2039-06-30,17.8,14.92,248.77,340.12,79.7,100,13.27,6.378
2039-07-01,16.11,13.63,194.84,340.14,81.2,100.4,4.74,7.987
2039-07-02,16.95,13.51,236.18,328.17,76.6,101.1,0.45,4.67
2039-07-03,17.51,12.75,274.15,316.09,74.5,101.4,0,1.513
2039-07-04,20.78,12.64,308.2,324.78,71.1,101.3,0,0.849
2039-07-05,20.37,15.28,315.26,324.71,76.7,100.8,0,1.057
2039-07-06,17.94,14.97,255.61,341.73,80.8,100.7,0.55,3.703
2039-07-07,16.71,13.63,155.94,342.64,81.7,100.6,3.37,4.599
2039-07-08,16.91,13.06,237.21,315.01,70,100.7,0.81,5.174
2039-07-09,15.57,12.34,166.4,323.66,73.4,100.5,3.36,4.391
2039-07-10,16.15,11.24,220.13,312.89,68.9,100.4,0,1.157
2039-07-11,17.13,9.58,201.85,314.28,71.2,100.8,0,2.1
2039-07-12,17.43,11.8,286.91,311.82,77,101.1,2,2.953
2039-07-13,17.59,14.25,163.76,366.67,92.3,100.7,20.06,4.873
2039-07-14,17.7,14.57,151.82,365.61,89.6,99.5,9.76,6.941
2039-07-15,16.22,13.25,193.37,329.25,80.9,99.2,4.67,7.026
2039-07-16,15.94,12.77,175.21,326.79,79,99.6,3.28,6.149
2039-07-17,16.74,12.35,221.75,318.23,74.1,100.2,1.76,3.693
2039-07-18,16.85,11.6,244.17,311.78,79.3,100.5,3.16,4.282
2039-07-19,17.17,11.54,132.86,349.22,89.1,99.4,11.08,1.64
2039-07-20,17.59,12.72,227.16,330.29,79,99.4,3.57,1.928
2039-07-21,16.9,12.39,262.88,302.64,75.1,100.4,0.15,3.402
2039-07-22,17.84,13.4,126.34,346.52,87.3,100.2,6.74,0.692
2039-07-23,18.52,15.52,214.73,353.9,90.1,100.4,2.08,3.567
2039-07-24,19.04,13.83,287.67,321.29,79.5,100.8,0.92,0.923
2039-07-25,19.13,16.63,163.67,380.68,93.7,100.2,22.7,3.044
2039-07-26,18.2,13.45,261.11,316.14,79.1,100.7,0,2.477
2039-07-27,18.03,11.68,307.74,288.38,77,101,0,1.304
2039-07-28,18.49,13.17,272.93,327.71,78.3,101.2,0.1,2.069
2039-07-29,18.35,15.2,254.52,336.17,84.5,101.2,0.12,2.72
2039-07-30,19.6,15.82,187.63,362.46,87.7,101.1,0.34,1.932
2039-07-31,19.66,14.74,219.74,344.97,87,101.2,0,1.533
2039-08-01,19.73,13.65,252.43,327.27,86.3,101.2,0,1.143
2039-08-02,21.18,14.63,283.22,330.1,87.4,101.3,0,1.096
2039-08-03,21.03,14.95,274.17,329.73,85.4,101.1,0,1.17
2039-08-04,19.67,14.56,134.74,354.54,86.3,100.9,2.72,3.917
2039-08-05,19.62,13.03,291.35,295.8,74.7,101.5,0,0.673
2039-08-06,19.41,13.53,261.38,305.02,75.2,101.5,0,1.73
2039-08-07,19.1,16.36,113.55,376.51,92,100.9,3.34,3.592
2039-08-08,19.47,17.65,99.38,385.07,95.2,100.5,8.56,4.241
2039-08-09,19.77,16.27,194.47,362.5,87.4,100,3.18,4.002
2039-08-10,18.7,14.6,227.7,331.46,78.3,99.9,4.3,6.773
2039-08-11,17.38,13.65,190.08,325.12,76,100.5,3.53,3.41
2039-08-12,17.9,13.15,202.29,323.68,76.7,99.8,18.14,2.348
2039-08-13,17.15,13.2,214.57,314.4,68.1,100.7,0.4,6.798
2039-08-14,17.07,13.2,151.48,340.1,80.8,101.1,3.1,4.387
2039-08-15,18.39,13.56,167.98,346.57,88.6,101.2,4.31,1.732
2039-08-16,18.69,15.54,144.32,354.97,88.6,100.7,13.68,4.662
2039-08-17,17.72,13.35,227.07,309.81,73.4,100.9,0.45,6.177
2039-08-18,19.11,12.93,85.12,363.3,88.7,101.1,3.32,2.877
2039-08-19,18.85,14.12,138.14,368.46,92.8,100.8,9.88,3.666
2039-08-20,16.72,13.22,232.71,311.02,77.7,100.9,4.7,3.485
2039-08-21,14.86,12.36,116.66,327.87,76.8,101.1,5.07,5.3
2039-08-22,16.37,13.04,123.02,338.14,82.1,100.8,10.47,5.596
2039-08-23,17.78,15.24,113.87,368.59,92.9,99.8,26.34,3.395
2039-08-24,16.81,12.45,171.8,317.41,75.9,100.1,3.33,3.201
2039-08-25,17.01,11.63,221.22,294.57,71.8,100.9,0,3.852
2039-08-26,17.15,10.86,127.2,332.89,81.3,101,0,1.025
2039-08-27,17.9,13.23,128.68,349.68,87.2,101.4,2.77,2.843
2039-08-28,17.81,12.71,197.22,317.37,75.1,102,0,4.199
2039-08-29,18.61,13.54,203.93,331.28,79.3,101.9,0,3.369
2039-08-30,18.55,13.53,141.87,358.36,91,101.8,0,3.361
2039-08-31,17.89,13.32,145.06,347.71,87.5,101.6,1.36,4.358
2039-09-01,17.22,13.12,148.26,336.92,84.1,101.4,2.49,5.357
2039-09-02,16.15,12.61,156.34,322.9,77.3,101.5,0,3.6
2039-09-03,17.73,13.22,97.94,347.55,86.5,101.4,2.75,4.568
2039-09-04,15.47,12.93,120.38,328.51,81.8,101.5,1.54,5.893
2039-09-05,17.31,13.24,126.4,354.21,88.6,101.8,1.58,2.776
2039-09-06,17.95,15.68,132.23,357.58,92.9,102,0.61,4.228
2039-09-07,18.14,14.93,156.56,350.64,91,102,0,1.815
2039-09-08,18.3,15.01,134.56,355.71,91.5,101.5,0.42,2.438
2039-09-09,18.24,15.03,161.31,348.79,85.3,101.3,0.89,4.423
2039-09-10,17.81,14.8,145.36,346.4,86.1,101.3,0.05,4.926
2039-09-11,17.74,13.41,121.57,346.91,86.9,101.2,1.46,3.054
2039-09-12,15.41,12.75,63.58,351.85,85.3,101.3,7.09,2.2
2039-09-13,17.22,13.56,34.58,368.86,94.6,100.2,88.47,0.875
2039-09-14,15.92,13.36,103.95,339.48,79.8,99.7,8.26,6.086
2039-09-15,14.41,10.27,84.27,323.02,86.6,99.2,15.85,0.459
2039-09-16,16.22,10.82,155.34,306.43,79,99.3,0,1.784
2039-09-17,15.25,9.34,139.48,298.29,78.3,99.7,0,1.583
2039-09-18,15.36,10.97,105.68,330.01,88.6,99.7,6.16,0.409
2039-09-19,16.79,11.21,105.22,339.14,83.7,99.9,1.25,2.556
2039-09-20,17.44,14.74,131.72,341.87,89.5,100,4.9,4.746
2039-09-21,15.94,13.71,112.31,340.02,80.6,99.4,12.29,8.179
2039-09-22,15.85,12.12,121.12,325.05,81,99.9,1.47,0.482
2039-09-23,12.96,9.88,53.95,327.63,78.2,99.6,6.7,6.629
2039-09-24,15.18,10.32,126.63,299.94,72.9,100.6,0,4.941
2039-09-25,14.72,10.11,76.14,326.36,84.1,100.5,0.63,3.761
2039-09-26,13.26,10.98,39.66,345.71,91.8,100.1,33.69,2.096
2039-09-27,15.44,10.48,115.62,323.13,86.6,100.7,1.41,4.042
2039-09-28,17.2,14.92,53.01,371.18,95.8,100.7,11.01,4.8
2039-09-29,16.67,12.08,85.67,349.82,92,100.6,3.25,2.675
2039-09-30,14.29,10.3,131.86,292.35,76.1,101,6.56,2.783
2039-10-01,13.52,8.67,130.76,277.4,68.8,102.4,0,1.562
2039-10-02,15.21,9.53,109.34,316.01,83,102.6,0.44,1.983
2039-10-03,14.79,12.08,95.6,326.52,85.5,102.4,0,3.483
2039-10-04,14.93,12.49,87.79,341.58,85.7,101.8,2.82,4.205
2039-10-05,14.74,11.69,77.61,336.26,87.2,101.2,0.54,3.205
2039-10-06,13.97,9.2,116.9,293.01,83.6,101.2,0,0.479
2039-10-07,15.29,9.58,97.09,320.55,85.3,100.9,0.39,1.091
2039-10-08,16.05,13.07,83.8,321.26,86.5,100.6,0,0.863
2039-10-09,16.38,11.31,124.67,293.25,84.9,100.3,0,0.814
2039-10-10,17,11.03,115.51,307.75,80.3,99.6,7.75,0.628
2039-10-11,12.78,10.65,80.62,316.01,76.1,100.1,3.69,6.053
2039-10-12,16.01,11.46,30.79,360.06,91.6,100.5,13.27,7.625
2039-10-13,16.25,15.18,27.3,374.27,94.8,100.6,5.61,5.567
2039-10-14,15.3,13.27,33.47,355.21,90,100.6,10.95,5.864
2039-10-15,13.63,10.38,61.34,319.05,82.5,100.9,0,3.42
2039-10-16,14.95,10.79,40,346.02,87.9,100,17.67,3.89
2039-10-17,15.82,10.39,24.33,338.15,82.6,97.9,32.84,4.848
2039-10-18,11.58,9.95,37.03,318.43,74.4,97.6,10.87,7.187
2039-10-19,10.45,8.17,36.18,309.97,77.9,98.4,11.42,3.518
2039-10-20,9.86,8.22,38.47,310.36,72.6,98.9,9.44,5.762
2039-10-21,11.39,8.55,50.4,304.66,64,100.1,0.7,1.663
2039-10-22,12.67,7.45,62.2,307.73,79.2,99.3,3.55,4.764
2039-10-23,16.66,12.73,47.9,366.36,92.1,99.1,6.65,3.303
2039-10-24,14.58,11.24,81.52,302.35,68,101.1,1.53,6.557
2039-10-25,13.77,11.87,46.58,335.26,87,102.1,0.27,4.463
2039-10-26,14.23,10.76,56.55,334.11,93.4,102.5,0.69,0.2
2039-10-27,13.14,9.06,53.25,309.23,86.6,102.2,0,1.78
2039-10-28,12.75,7.15,80.06,280.2,89.3,101.7,0,1.223
2039-10-29,11.46,6.62,66.99,298.44,93.5,101.4,0,1.362
2039-10-30,12.43,8.03,51.42,313.44,89.2,101,0,1.177
2039-10-31,12.33,7.83,46.51,311.43,91.7,100.8,0,1.199
2039-11-01,12.24,7.63,41.61,309.96,94.2,100.5,0,1.226
2039-11-02,13.01,8.45,61.31,312.39,89.9,100.5,0,0.656
2039-11-03,12.93,9.08,38.93,334.15,92.2,101.3,0.44,2.565
2039-11-04,13.21,11.85,42.66,341.57,88.6,101.4,0.58,7.368
2039-11-05,13.46,12.57,14.11,359.72,91.7,100.5,7.98,9.008
2039-11-06,13.19,9.32,11.94,337.9,91.5,99.6,16.71,8.603
2039-11-07,10.02,6.61,47.59,280.42,78.1,100.6,0,1.092
2039-11-08,8.89,5.09,41.29,288.16,78.9,101.4,0,1.402
2039-11-09,8.58,4.66,44.49,273.58,73.1,101.5,0,2.328
2039-11-10,9.44,7.27,26.21,311.09,78.1,101.1,0.23,3.598
2039-11-11,9.34,6.17,27.36,290.48,67.4,100.1,3.61,6.711
2039-11-12,11.69,9.19,21.1,338.19,86.8,100,11.86,5.625
2039-11-13,11.67,8.47,55.25,277.09,63.4,100.6,0,4.494
2039-11-14,11.34,5.02,55.83,258.38,67.9,101.5,0,1.961
2039-11-15,9.99,2.6,53.78,253.59,78.3,102,0,1.36
2039-11-16,5.76,1.68,48.06,246.31,90.3,102.5,0,1.595
2039-11-17,5.61,1.5,45.26,263.78,93.4,102.6,0,1.449
2039-11-18,8.07,4.15,20.96,307.79,92.6,102.6,1.24,0.594
2039-11-19,8.09,4.45,28.26,293.87,89.9,102.2,0.9,0.405
2039-11-20,9.06,4.99,23.79,312.87,90.5,101.7,0,0.326
2039-11-21,9.13,5.91,22.49,309.69,91.2,101.6,0,0.853
2039-11-22,9.11,4.63,30.21,299.84,92.3,101.6,0.01,0.783
2039-11-23,10.94,7.31,14.2,334.97,93.2,101.2,2.99,1.371
2039-11-24,9.29,4.34,20.08,301.03,94.4,100.8,0.63,0.636
2039-11-25,10.48,6.79,15.29,321.72,94.9,100.7,5.53,0.614
2039-11-26,11.54,7.18,4.05,319.02,86.5,99.7,18.45,2.44
2039-11-27,10.22,6.89,18.54,311.66,76.3,98.5,9.07,6.287
2039-11-28,7.96,5.82,10.16,301.05,84.3,97.2,11.64,2.647
2039-11-29,8.77,7.31,12.58,302.43,78.5,98.7,4.59,7.741
2039-11-30,8.19,4.33,10.98,297.3,78.6,99.3,4.39,0.167
2039-12-01,10.54,2.55,25.71,293.18,91.9,99.5,4.4,1.085
2039-12-02,12.02,9.81,12.64,326.34,87.1,98.3,15.14,1.293
2039-12-03,10.47,8.31,14.47,311.57,77.8,97.1,28.55,6.572
2039-12-04,9.31,6.79,20.04,297.88,83.9,98,3.92,3.319
2039-12-05,6.83,2.72,24.72,263.16,67,100.4,0,3.223
2039-12-06,4.17,0.12,30.66,226.7,75.2,101.1,0,2.024
2039-12-07,4.44,0.11,32.47,240.06,79.6,101,0,1.816
2039-12-08,11.56,3.92,16.03,320.2,89.5,99.1,24.32,1.068
2039-12-09,10.36,8.17,13.24,324.97,87.1,99.1,8.9,5.882
2039-12-10,8.74,7.05,24.49,303.83,86.6,100,4.72,3.893
2039-12-11,8.65,4.04,20.42,280.94,86.5,101.1,1.23,2.624
2039-12-12,7.92,3.63,24.7,280.78,87.2,101.7,0,1.06
2039-12-13,6.59,3.36,8.48,301.13,88.7,101.5,3.38,2.159
2039-12-14,7.08,1.86,20.63,265.13,83.6,101.7,0,1.801
2039-12-15,6.08,1.61,19.13,290.03,84.9,101.7,0,3.191
2039-12-16,5.98,3.93,19.95,290.24,77.4,101,0,3.961
2039-12-17,6.18,4.09,17.57,294.75,79.7,100.4,0,3.407
2039-12-18,7.74,5.03,23.21,275.44,75.1,99.6,0,6.538
2039-12-19,7.08,5.61,13.98,293.64,74.4,98.9,0,8.06
2039-12-20,8.96,6.33,20.54,302.83,84.6,98.4,0.67,5.413
2039-12-21,8.51,6.47,10.79,315.25,85.1,98.6,2.56,4.507
2039-12-22,7.32,4.76,14.63,301.02,85.1,98.4,1.03,4.41
2039-12-23,9.29,6.23,16.15,311.12,88,97.7,2.85,4.826
2039-12-24,9.33,8.3,14.09,328.47,95,98,7.5,0.723
2039-12-25,9.34,8.08,9.1,311.44,95,99.1,4.86,0.678
2039-12-26,11.46,8.28,8.66,327.6,88.8,98.6,9.55,5.412
2039-12-27,12.31,10.77,23.33,326.92,88.6,97.7,7.27,2.085
2039-12-28,11.01,9.87,17.43,318.36,89.1,98.2,1.91,1.717
2039-12-29,9.89,5.68,10.59,309.77,95.4,98.8,2.47,1.24
2039-12-30,7.1,2.89,25.84,266.87,93.6,99.5,0,1.57
2039-12-31,7.04,2.78,25.23,267.33,94.4,99.7,0,1.6
2040-01-01,6.99,2.66,24.63,268.12,95.1,99.8,0,1.633
2040-01-02,9.53,2.85,9.69,307.91,87.5,98.2,7.18,1.962
2040-01-03,9.02,6.87,19.12,307.06,86.3,97.6,5.84,3.724
2040-01-04,8.35,5.93,25.59,287.35,91.3,98.5,0.57,1.941
2040-01-05,8.93,5.49,15.42,304.22,88.5,100.5,2.49,4.207
2040-01-06,7.8,5.28,26.62,279.35,71,101.5,1.66,6.422
2040-01-07,10.41,5.92,20.04,310.61,83.5,100.4,21.28,7.829
2040-01-08,8.17,4.75,12.9,306.52,85.3,99.7,8.35,1.455
2040-01-09,5.11,2.6,28.68,276.87,86.4,98.1,1.26,2.004
2040-01-10,5.05,1.62,29.55,242.2,73.1,99.4,0.44,2.972
2040-01-11,4.66,-0.56,25.6,246.9,78.2,100.6,0,0.869
2040-01-12,7.3,1.5,14.29,306.98,89.8,100.1,11.69,0.664
2040-01-13,8.58,3.59,26.62,297.72,94.2,101.1,2.9,0.695
2040-01-14,10.41,8.39,10.78,341.28,97.5,101,11.7,2.573
2040-01-15,9.97,8.23,22.61,311.78,89.1,100.6,5.69,6.934
2040-01-16,8.61,5.77,31,297.06,82.3,101.6,0.36,3.434
2040-01-17,9.99,5.35,9.16,325.77,93.6,101.9,8.69,4.136
2040-01-18,9.28,7.43,24.92,317.44,88.3,101.7,0,6.679
2040-01-19,10.63,7.8,12.34,343.52,93.6,101.3,9.64,8.288
2040-01-20,10.56,9.6,14.13,343.34,90.3,101.3,2.24,8.899
2040-01-21,9.88,5.98,9.29,324.79,91.4,101.2,10.28,5.229
2040-01-22,10.24,5.95,19.78,327.27,92.4,101.2,3.68,6.557
2040-01-23,7.64,1.53,27.3,271.96,78.6,102,0,3.305
2040-01-24,5.31,0.95,30.94,273.04,85.3,102.1,0,1.01
2040-01-25,7.53,5.12,16.47,315.22,94,101.3,7.24,2.312
2040-01-26,7.8,4.76,37.96,296.82,89.6,101.3,0,1.609
2040-01-27,10.03,5.32,28.7,314.54,86.7,100.9,17.89,1.953
2040-01-28,10.96,9.83,8.64,353.7,97.9,99.9,18.92,3.991
2040-01-29,11.12,10.17,13.55,346.86,94.4,99,17.1,4.073
2040-01-30,11.49,9.21,20.6,325.97,88.7,98.2,10.14,5.013
2040-01-31,11.31,10.26,19.38,338.86,88,97.9,11.22,3.427
2040-02-01,10.95,7.77,24.85,317.57,81.4,96.4,3.95,2.681
2040-02-02,8.04,6.61,27.59,310.35,73.2,97.3,5.82,12.406
2040-02-03,7.27,2.88,48.31,279.26,79.5,99.2,7.73,5.585
2040-02-04,5.55,0.33,46.66,259.65,77.8,100.3,3.96,1.973
2040-02-05,5.01,-0.34,70.22,237.62,79.1,101,0.82,3.027
2040-02-06,8.1,-0.54,42.78,271.7,77,101.5,17.42,1.358
2040-02-07,9.98,8.16,12.1,340.99,95.7,100.5,10.83,7.343
2040-02-08,10.7,9.63,20.12,342.94,95.9,101.1,7.37,6.312
2040-02-09,10.8,9.27,39.85,341.75,96.1,102,1.46,3.842
2040-02-10,9.45,6.04,37.96,310.62,94.1,101.9,0,0.58
2040-02-11,10.46,6.43,44.58,313.17,90.2,99.9,7.19,1.118
2040-02-12,9.32,6.96,60.99,293.56,75.6,98.5,7.32,6.205
2040-02-13,8.96,6.28,41.96,303.72,76.9,98.2,4.65,8.756
2040-02-14,8.92,6.61,64.36,303.46,82.5,99.1,1.39,4.829
2040-02-15,6.76,4.03,34.52,301.51,83.6,99.1,4.73,1.084
2040-02-16,5.2,2.88,86.54,245.23,65,101.1,0,1.041
2040-02-17,10.02,2.14,16.01,323.73,87,100.2,15.46,2.242
2040-02-18,10.7,8.49,80.48,314.12,93,99.4,3.84,2.583
2040-02-19,9.56,7.89,41.76,309.32,92,98.4,6.28,2.074
2040-02-20,8.83,6.2,82.56,283.12,82.2,97.6,0.69,2.972
2040-02-21,6.42,1.99,60.15,266.97,70,98.5,0,2.89
2040-02-22,4.6,0.69,99.8,221.82,63.5,100.2,0,0.45
2040-02-23,7.24,2.21,31.27,289.26,85.2,99.9,9.58,0.583
2040-02-24,9.24,2.31,61.11,293.36,88.9,100,8.76,1.898
2040-02-25,10.06,7.85,64.13,318.45,93.7,98.7,18.41,1.419
2040-02-26,8.28,6.63,42.89,322.74,94.6,98.8,14.67,3.211
2040-02-27,6.74,1.92,50.16,283.82,78.7,100.1,2.38,4.146
2040-02-28,4.69,0.31,106.43,231.62,65.7,100.9,0,1.321
2040-02-29,4.52,0.24,92.09,238.82,67.5,100.9,0,1.411
2040-03-01,4.36,0.17,77.83,247.13,69.3,100.9,0,3.233
2040-03-02,5.31,1.95,79.38,274.55,74.7,101.3,0,4.689
2040-03-03,6.14,1.06,108.5,253.25,78.5,101.7,0,1.056
2040-03-04,8.81,2.86,89.3,291.31,75.1,101.5,0,2.339
2040-03-05,6.68,1.57,93.09,251.81,64.5,101.5,0,2.539
2040-03-06,6.69,2.31,131.54,260.27,76.9,101.7,0,0.63
2040-03-07,9.34,4.75,63.14,321.07,93.2,101.4,4.63,5.616
2040-03-08,8.11,6.32,68.83,310.86,85.9,101.4,1.11,6.156
2040-03-09,9.93,7.92,77.42,323.05,90.2,101.2,1.62,8.09
2040-03-10,8.77,1.4,29.2,309.48,93.3,100.9,13.37,2.735
2040-03-11,4.09,0.15,105.99,252.32,60.8,102.2,0,1.904
2040-03-12,5.47,-1.02,146.64,238.73,67.4,102.8,0,1.61
2040-03-13,6.33,3.09,83.29,293.1,76.4,101.8,0,0.965
2040-03-14,9.29,3.31,92.01,303.89,91.4,99.6,7.29,0.633
2040-03-15,9.02,5.5,80.02,304.2,96,99.2,4.67,0.567
2040-03-16,9.16,4.82,70.14,299.77,94.2,100.4,3.47,0.933
2040-03-17,8.8,3.94,125.51,268.86,73.2,101.9,0,1.745
2040-03-18,6.91,2.04,161.92,237.23,69.1,102.2,0,0.992
2040-03-19,6.88,4.4,66.37,307.69,81.6,102.2,0,1.665
2040-03-20,9.6,3.64,156.61,263.19,85.2,102,0,0.906
2040-03-21,11.06,3.02,169.83,257.37,79.9,101.3,0,0.403
2040-03-22,12.74,4.19,181.9,257.44,78.2,100.8,0,1.467
2040-03-23,9.86,3.27,163.08,261.3,83.1,101,0,0.239
2040-03-24,9.97,4.05,158.71,270.21,88.4,100.7,0,1.435
2040-03-25,10.14,6.14,139.94,291.11,88.5,100.3,0,0.986
2040-03-26,9.57,6.42,57.64,318.02,92.1,99.2,8.3,1.127
2040-03-27,8.72,4.94,81.98,298.81,81.3,98.7,6.63,6.731
2040-03-28,5.51,1.75,63.19,294.26,81,99.2,23.81,9.048
2040-03-29,8.18,1.44,117.74,276.93,75.2,100.2,7.34,6.371
2040-03-30,8.57,4.63,160.95,272.49,68.5,101.9,1.81,3.12
2040-03-31,11.19,6.73,149.58,318.95,86.9,101.4,8.81,5.633
2040-04-01,10.13,6.67,104.03,320.77,93.3,101.7,2.79,3.113
2040-04-02,11.18,8.44,116.2,326.55,94.6,101.6,0.97,4.041
2040-04-03,11.04,8.99,115.59,332.14,94.4,101.4,1.44,4.775
2040-04-04,10,6.79,154.34,295.75,72.3,101.5,1.92,7.41
2040-04-05,9.51,6.39,136.91,289.52,65.2,101.9,0,5.009
2040-04-06,10.03,5.5,72.64,313.96,84.5,100.5,12.37,6.989
2040-04-07,9.06,4.44,140.72,283.58,74,99.7,2.14,1.508
2040-04-08,8.44,2.76,207.86,252.54,60.8,100.4,1.9,1.555
2040-04-09,7.59,0.87,144.02,265.02,65.4,100.6,0,2.539
2040-04-10,7.66,3.66,190.67,261.22,62,100.2,1.94,4.867
2040-04-11,8.68,2.95,195.96,253.33,57.6,101.3,0,3.018
2040-04-12,8.44,3.22,96.95,299.36,71.8,102,1.97,1.163
2040-04-13,11.24,6.39,123.45,320.62,81.2,101.1,6.05,1.102
2040-04-14,10.75,5.57,160.64,314.32,90.1,99.1,14.72,3.399
2040-04-15,8.55,4.91,183.73,284.77,67.5,98.8,7.8,6.807
2040-04-16,9.2,3.86,168.84,284.6,66.6,98.3,1.85,1.699
2040-04-17,7.88,5.18,71.65,300.42,83.1,98.6,12.54,6.811
2040-04-18,9.05,5.94,140.67,295.95,83.4,98.9,7.64,5.181
2040-04-19,8.87,5.81,160.39,290.17,73.8,99.6,2.93,5.943
2040-04-20,8.01,5,48.6,308.62,84.4,98.6,10.59,1.242
2040-04-21,9.51,5.54,102.15,314.58,81.9,99.5,7.83,2.646
2040-04-22,9.82,5.15,172.28,288.59,62.8,101.4,0,1.346
2040-04-23,10.76,2.95,179.05,286.39,67.8,101.9,0,2.336
2040-04-24,9.21,4.68,102.64,313.74,86.5,101.9,7.63,0.546
2040-04-25,10.7,8.19,124.13,333.95,95.1,101.1,7.77,1.312
2040-04-26,10.3,7.77,227.56,301.64,86.5,99.9,6.25,2.827
2040-04-27,9.24,6.14,132.52,313.7,86.7,99.5,4.35,1.308
2040-04-28,10.3,7.07,160.48,308.04,84.1,99.5,1,2.258
2040-04-29,8.17,6,107.6,314.35,91.9,99.3,5.01,3.07
2040-04-30,10.76,5.45,149.68,305.48,86.8,99.3,5.08,0.175
2040-05-01,9.53,6.24,132.04,311.68,86.8,99.4,2.8,0.992
2040-05-02,11.23,5.97,193.53,294.34,83.8,99.5,0,0.9
2040-05-03,11.45,6,199.9,289.43,90.5,99.9,3.26,0.22
2040-05-04,12.15,6.18,255.73,283.81,87.6,99.8,1.45,1.986
2040-05-05,11.55,7.1,187.69,303.52,79.8,99.7,0,2.205
2040-05-06,12.21,7.13,208.07,294.25,71.5,99.8,0,1.851
2040-05-07,10.46,7.01,144.34,314.18,80.6,98.4,18.98,5.332
2040-05-08,9.55,5.34,103.74,306.73,82.7,97.7,14.14,3.544
2040-05-09,11.85,4.54,278.44,273.37,77.1,98.2,1.53,2.371
2040-05-10,11.54,8.16,183.03,311.11,74.5,98.3,6.34,6.053
2040-05-11,12.59,8.78,183.4,311.86,74.5,98.5,11.13,2.75
2040-05-12,11.29,8.75,122.24,312.46,75.2,98.6,5.54,9.206
2040-05-13,14.35,8.85,235.08,301.07,75.9,100.3,0,0.266
2040-05-14,15.11,9.6,226.17,311.22,70.5,100.6,0,4.551
2040-05-15,16.32,8.53,253.18,310.88,68,101.2,4.17,5.235
2040-05-16,13.89,7.13,273.07,283.2,69.1,101.4,0,2.788
2040-05-17,12.72,6.23,225.93,290.05,75,101,0,0.895
2040-05-18,12.41,7.46,191.05,302.33,70.5,100.1,0,1.376
2040-05-19,13.76,6.53,222.24,284.66,73.8,100.6,2.07,3.248
2040-05-20,12.36,6.97,209.31,299.62,61.4,100.8,0,4.236
2040-05-21,12.68,6.6,199.64,297.28,65.9,100.7,0,4.402
2040-05-22,13.38,5.25,229.42,283.03,70.3,100.9,0,3.486
2040-05-23,13.3,6.89,187.1,299.92,70.8,101.1,0.84,2.855
2040-05-24,13.38,6.13,239.54,286.02,74.3,101.2,0,1.06
2040-05-25,13.11,7.55,215.44,289.86,77.2,101.2,1.03,1.974
2040-05-26,14.1,8.25,239.36,301.13,73.3,101.1,0.14,2.367
2040-05-27,13.88,8.14,253.68,293.5,69.6,101.3,0,3.475
2040-05-28,13.8,7.35,271.41,283.45,70,101.6,0,0.595
2040-05-29,14.97,8.34,235.84,305,79.6,101.8,0,0.999
2040-05-30,15.64,12.36,241.2,334.15,89.3,101.9,0,1.418
2040-05-31,15.44,11.62,203.46,342.43,90.7,101.5,2.04,1.541
2040-06-01,15.24,10.88,165.86,350.14,92.2,101.2,3.93,1.676
2040-06-02,15,9.16,302.97,278.67,70.6,101.2,0,2.15
2040-06-03,14.81,7.62,304.25,282.49,71,101,0,0.939
2040-06-04,13.21,9.1,94.46,326.56,79.3,100.5,5.55,0.765
2040-06-05,12.26,8.66,74.14,331.52,88.2,99.3,36.8,3.63
2040-06-06,13.51,9.5,217.75,316.97,84.2,99,3.81,1.152
2040-06-07,14.73,8.4,251.68,295.42,81.2,99.5,3.67,2.298
2040-06-08,15.06,9.92,160.09,320.77,81.1,100.6,0.26,1.611
2040-06-09,14.83,8.92,322.74,285.69,75,101,0,0.845
2040-06-10,14.83,8.82,312.07,280.23,68.2,101.5,0,1.068
2040-06-11,15.92,9.04,323.38,290.1,70.2,102,0,0.373
2040-06-12,17.24,9.67,318.75,293.22,70.2,102.2,0,1.093
2040-06-13,18.05,9.6,315.1,298.12,75.4,101.9,0,2.459
2040-06-14,19.03,8.72,311.08,297.2,79.7,101.1,0,3.173
2040-06-15,19,11.72,230.23,323.76,78.4,100.5,0,2.917
2040-06-16,18.47,11.36,255.34,326.49,83.4,100.5,7.42,1.918
2040-06-17,17.34,13.54,222.09,334.25,81.6,100.4,5.56,0.815
2040-06-18,17.02,14.23,137.58,353.07,84.6,99.8,5.72,1.947
2040-06-19,16.06,13.91,122.15,359.8,95.4,99.2,21.09,1.851
2040-06-20,16.63,12.21,188.89,336.93,87.6,100.3,3.25,1.369
2040-06-21,16.69,12.37,209.58,336.61,84.5,100.8,1.36,1.81
2040-06-22,15.9,14.3,74.01,368.49,95.6,100.4,12.86,2.016
2040-06-23,15.94,12.25,223.44,322.64,84.8,100.3,7.12,4.377
2040-06-24,15.8,10.92,309.34,293.69,74.8,100.9,0,3.519
2040-06-25,16.36,11.31,114.9,347.89,87.5,100.4,18.11,0.322
2040-06-26,17.07,12.99,189.03,346.42,83.7,100.3,5.64,1.669
2040-06-27,19.66,10.92,292.97,320.51,71.3,100.7,3.37,3.633
2040-06-28,17.5,12.62,188.84,348.94,81.7,100.1,0,1.367
2040-06-29,17.31,13.68,188.34,353.99,89.8,100,3.59,1.528
2040-06-30,18.11,15.22,208.45,352.61,86.4,99.5,7.42,5.564
2040-07-01,16.73,13.63,260.68,319.04,73.5,99.8,2.71,6.968
2040-07-02,15.85,12.3,261.04,315.39,72.8,100,1.61,3.682
2040-07-03,17.33,12.09,209.03,332.61,78.7,100,4.78,0.755
2040-07-04,18.03,13.79,290.11,329.34,85.2,99.7,3.03,0.948
2040-07-05,17.08,13.02,166.49,343.93,79.9,100.4,1.98,4.898
2040-07-06,17.28,12.98,259.91,319.28,70.8,100.7,0.96,3.979
2040-07-07,17.7,11.7,313.57,298.74,69.3,100.5,0,1.823
2040-07-08,15.73,10.81,225.74,315.62,75.4,100.2,2.22,1.717
2040-07-09,17.53,12.26,235.26,334.34,83.4,100.1,2.32,1.682
2040-07-10,16.18,12.01,285.07,308.04,79.9,100.2,0,2.608
2040-07-11,18.86,12.96,237.2,346.35,90.4,100,9.13,0.577
2040-07-12,17.76,14.59,190.34,349.05,90.3,100,7.64,1.262
2040-07-13,19.08,13.9,241.54,337.16,82.7,100.3,2.27,0.542
2040-07-14,19.57,13.3,263.61,331.36,82.9,100.2,2.56,1.164
2040-07-15,19.75,13.19,278.42,327.13,80.9,100.1,0,0.59
2040-07-16,18.22,13.89,168.45,350.07,79.3,100.4,0,0.599
2040-07-17,18.86,13.69,304.96,322.44,81.6,100.7,0,1.189
2040-07-18,20.06,13.6,262.16,329.81,82,100.5,0,0.83
2040-07-19,19.49,13.78,196.1,346.48,88.5,100.7,0.82,2.874
2040-07-20,18.68,14.42,279.84,323.35,79,100.9,0,3.999
2040-07-21,17.28,14.25,247.97,324.04,78,100.5,0,5.199
2040-07-22,16.99,12.95,174.7,332.11,81.6,100.3,2.7,3.286
2040-07-23,16.94,13.77,235.47,334.57,81.6,99.5,3.18,7.556
2040-07-24,17.06,13.42,218.18,336.17,80.5,99.6,5.55,7.218
2040-07-25,18.17,12.96,252.62,313.93,74.2,100.2,1.51,4.924
2040-07-26,17.09,12.25,249.67,311.8,79,100.9,0,3.218
2040-07-27,18.49,15.3,182.7,359.59,89.3,100.5,6.97,3.082
2040-07-28,17.85,14.45,230.85,340.18,87,100.2,2.04,3.191
2040-07-29,18.94,14.29,161.86,349.25,90.6,99.6,11.3,0.522
2040-07-30,18.23,14.13,228.77,329.03,85.5,99.2,0.79,3.073
2040-07-31,18.66,14,245.35,325.37,84.7,99.5,0.94,1.548
2040-08-01,19.1,13.88,262.11,321.78,84,99.7,1.07,0.715
2040-08-02,20.59,13.23,205.47,340.01,84.2,99.8,5.06,1.231
2040-08-03,18.8,15.28,242.07,340.98,87.7,99.2,4.9,0.863
2040-08-04,18.39,13.8,214.53,325.55,87.3,98.9,7.02,0.304
2040-08-05,18.76,13.46,226.74,327.73,88.6,98.9,4.48,0.672
2040-08-06,19.17,14.47,209.77,345.71,82.9,99.6,1.9,3.364
2040-08-07,17.84,14.81,190.72,349.11,83.2,100.5,0.97,3.362
2040-08-08,18.84,17.37,93.36,376.84,94.4,100.9,14.53,1.891
2040-08-09,22.46,18.11,236.13,358.46,81.2,100.6,0.07,0.844
2040-08-10,19.58,15.54,240.1,340.09,89,100.3,12.36,2.456
2040-08-11,18.84,14.6,229.51,323.85,85,100.5,6.25,1.37
2040-08-12,20.1,13.17,246.27,319.32,80.7,100.7,0,2.08
2040-08-13,19.03,14.37,209.94,333.49,78.4,101,0,0.686
2040-08-14,19.15,13.71,220.44,319.89,82.2,101,0.27,1.23
2040-08-15,18.31,14.21,189.18,336.91,79.9,100.7,0,4.586
2040-08-16,18.83,15.33,160.79,354.38,86.2,100.6,5.17,3.758
2040-08-17,19.44,15.27,186.5,346.83,89.5,100.8,2.31,1.873
2040-08-18,19.78,17.25,230.06,341.61,85.5,100.4,0,2.799
2040-08-19,18.52,14.43,212.31,324.58,73.2,100.5,2.54,6.365
2040-08-20,18.27,13.05,203.95,312.25,73.5,101.5,0,4.36
2040-08-21,19.31,13.47,210.3,326.72,72.7,101.6,0,0.513
2040-08-22,18.05,16.2,69.32,368.77,89.7,100.8,8.86,1.816
2040-08-23,19.27,17.11,215.02,346.35,86,100.1,1.79,3.316
2040-08-24,18.98,14.76,197.27,332.09,86.5,100.9,1.21,2.319
2040-08-25,19.23,14.15,214.84,323.02,86,101.2,0.18,1.349
2040-08-26,18.92,15.14,136.47,353.08,88.9,100.6,6.18,3.983
2040-08-27,18.47,15.07,190.29,334.41,80.9,100.3,2.49,4.276
2040-08-28,18.83,14.95,164.22,338.19,82,100.6,0,3.064
2040-08-29,19.21,16.42,84.01,372.58,91.4,100.5,7.78,1.739
2040-08-30,18.84,15.55,198.18,338.31,81.1,100.7,13.68,3.817
2040-08-31,18.72,14.79,170.43,338.43,78.8,100.6,9.45,2.979
2040-09-01,18.6,14.03,143.03,339.38,76.4,100.5,5.21,2.147
2040-09-02,16.91,13.68,141.84,324.55,81.9,99.9,9.92,5.679
2040-09-03,18.38,12.99,181.7,315.23,77.4,101.1,0,2.98
2040-09-04,19.41,13.39,190.13,321.55,81.5,101.4,0,0.137
2040-09-05,22.32,14.34,206.14,325.35,81.8,101.4,0,1.932
2040-09-06,19.99,13.68,189.65,317.51,80.4,101.5,0,1.748
2040-09-07,19.88,12.04,205.35,303.27,80.3,101.5,0,1.829
2040-09-08,18.69,12.63,163.48,327.91,77.8,101.6,0,1.936
2040-09-09,18.72,13.45,143.12,335.8,77.9,101.3,0,0.973
2040-09-10,19.96,14.98,141.43,349.07,84.7,100.2,9.21,0.386
2040-09-11,15.89,12.41,120.77,330.98,77.3,99.3,7.8,1.522
2040-09-12,15.39,11.18,170.28,290.28,65.3,100,0,3.601
2040-09-13,14.99,11.64,100.98,317.35,77.5,100.5,1.18,3.83
2040-09-14,15.94,10.47,92.6,324.89,81.5,100.7,18.45,1.655
2040-09-15,19.05,13.22,131.94,357.18,90.9,99.8,73.78,3.957
2040-09-16,17.62,14.02,121.2,342.97,81.7,99.9,2.51,7.124
2040-09-17,15.69,10.99,126.37,316.57,71.1,100.7,0,0.96
2040-09-18,15.78,10.14,159.83,298.71,67.1,100.9,0,3.557
2040-09-19,16.81,12.09,139.2,320.98,72.3,100.4,0,5.021
2040-09-20,18.44,13.8,84.69,340.69,83.9,99.7,6.57,2.723
2040-09-21,18.81,14.17,142.03,328.72,83.2,99.7,6.87,1.551
2040-09-22,17.91,13.23,145.31,314.75,82.4,99.9,0.64,0.642
2040-09-23,19.38,14.23,97.38,358.09,86.5,100.5,0.68,1.386
2040-09-24,19.9,17.6,107.84,376.21,90.2,101.2,0.68,1.006
2040-09-25,17.9,11.46,141.86,320,71.1,101.4,0,3.086
2040-09-26,15.45,10.87,124.7,311.52,76.2,101.2,0,2.612
2040-09-27,17,11.28,143.7,300.14,76.5,100.9,0,0.631
2040-09-28,17.28,11.47,124.33,323.23,83.2,101,0,0.474
2040-09-29,17.97,13.54,115.64,336.79,82.9,100.8,0,0.384
2040-09-30,19.37,13.23,130.82,324.57,82.5,100.4,0,2.213
2040-10-01,19.45,13.37,88.57,350.25,85.5,100.3,2.17,1.894
2040-10-02,18.21,16.22,96.04,353.5,81.4,99.8,2.04,1.017
2040-10-03,23.59,16.77,135.16,354.57,74,99.1,0.22,5.92
2040-10-04,20.86,16.35,63.52,354.68,82.1,98.9,1.52,4.186
2040-10-05,19.42,15,128.38,329.78,81.9,99.8,5.55,1.769
2040-10-06,18.49,15.94,82.15,351.1,88.7,100.1,12.86,1.723
2040-10-07,17.4,14.23,90.64,333.71,89.8,99.5,5.47,1.244
2040-10-08,17.06,13.17,76.3,331.26,89.8,99.5,3.72,1.08
2040-10-09,17.07,13.41,75.99,329.22,87.2,99.2,2.04,2.816
2040-10-10,15.85,13.5,79.82,335.17,87.9,98.9,9.96,1.287
2040-10-11,15.26,12.07,54.85,337.81,88.2,99.6,18.07,3.361
2040-10-12,15.61,12.1,98.99,300.62,75.2,101,0.02,4.158
2040-10-13,16.8,13.35,63.01,352.7,86.4,100.5,12.09,5.11
2040-10-14,15.69,12.06,26.39,341.69,88.3,99.4,19.52,3.287
2040-10-15,12.46,10.14,44.44,319.33,78.5,98.5,5.95,2.322
2040-10-16,13.74,11.05,65.34,309.29,74.1,99.4,4.03,5.283
2040-10-17,16.71,11.56,33.52,357.92,92.8,99.2,12.23,2.021
2040-10-18,17.11,13.1,56.68,333.48,76.1,99.1,12.56,7.136
2040-10-19,13.72,12.16,43.1,328.25,75.2,98.8,16.1,8.348
2040-10-20,14.05,12.29,53.45,331.04,80.9,99.9,4.41,8.495
2040-10-21,14.75,12.11,57.35,336.96,85.5,100.9,1.69,5.269
2040-10-22,14.76,12.95,52.8,341.92,87.1,101.3,2.59,3.773
2040-10-23,15.14,13.98,55.66,338.29,85.1,101.1,11.49,6.442
2040-10-24,14.32,11.87,54.12,314.16,71.8,101.9,0.47,6.957
2040-10-25,14.56,12.51,58,332.08,84.9,102.6,0,2.928
2040-10-26,14.64,12.99,52.36,338.24,90.2,102.1,0,1.823
2040-10-27,16.34,9.81,79.96,302.47,84.8,101.4,0,0.764
2040-10-28,15.2,13.19,30.24,357.48,92.1,100.9,2.65,1.505
2040-10-29,14.34,11.92,52.19,326.94,80.6,100.8,2.2,2.584
2040-10-30,13.91,11.52,64.47,308.63,68,100.5,2.17,7.469
2040-10-31,14.56,10.31,48.54,319.73,75.9,100,9.47,6.12
2040-11-01,15.21,9.1,32.81,332.04,83.8,99.5,16.77,3.424
2040-11-02,11.58,8.83,37.62,308.85,73.3,99.1,6.77,4.454
2040-11-03,10.4,8.08,32.86,293,70.6,99.8,3.32,4.896
2040-11-04,11.26,8.39,37.29,306,68.3,100.8,0.43,2.304
2040-11-05,14.69,10.19,22.32,344.72,92.1,100.7,9,5.165
2040-11-06,14.86,13.02,18.53,360.85,93.5,100.7,24.33,7.256
2040-11-07,13.07,8.91,60.75,289.63,74.8,100.8,2.34,5.398
2040-11-08,8.85,6.45,48.28,270.78,60.1,101.6,0,3.428
2040-11-09,9.7,7.54,36.35,302.22,75.9,101.8,0,3.471
2040-11-10,10.48,6.09,59,273.6,75.9,102,0,3.103
2040-11-11,9.38,5.39,34.53,295.56,81.2,102,0,0.448
2040-11-12,10.36,5.26,37.36,293.7,74.8,101.5,0,0.629
2040-11-13,10.86,9.12,14.23,329.82,87.4,100.5,8.68,6.111
2040-11-14,11.96,8.46,22.06,317.82,81.1,100.5,6.83,5.379
2040-11-15,12.28,7.24,24.14,315.11,81.5,101,2.88,2.434
2040-11-16,13.27,12.25,22.8,357.08,92.2,100.6,7.71,7.966
2040-11-17,12.51,6.96,33.64,282.9,73.7,100.5,2.53,8.033
2040-11-18,12.82,5.31,9.77,317.24,88.7,100,18.9,4.338
2040-11-19,8.85,3.28,39.25,267.35,77.3,101,1.77,1.53
2040-11-20,11.79,4.11,22.52,316.81,83.9,101.5,1.72,3.227
2040-11-21,11.97,6.91,20.04,320.64,82.6,100.4,28.51,8.24
2040-11-22,8.1,6.72,15.64,306.25,77.4,100.7,11.6,9.001
2040-11-23,10.1,7.36,10.6,320.39,83.8,100.8,3.23,8.411
2040-11-24,13.19,9.07,7.01,350.04,92.5,100.2,21.67,6.138
2040-11-25,13.88,9.62,17.84,329.15,82,99.2,7.09,7.229
2040-11-26,9.76,8.58,19.52,299.53,63.1,99.7,4.36,9.536
2040-11-27,9.89,7.36,25.72,289.37,70.8,100.6,0.92,6.578
2040-11-28,13.62,5.99,4.39,334.92,89.1,100.4,30.97,1.936
2040-11-29,13.55,9.13,22.75,337.89,92.8,100.6,1.77,3.818
2040-11-30,9.89,7.84,24.97,318.87,90.1,101.5,0.05,0.843
2040-12-01,12.59,9.81,9.85,358.98,98.4,100.8,25.72,2.104
2040-12-02,13.05,12.26,6.71,366.94,99.2,100.6,22.95,3.161
2040-12-03,12.76,9.35,6.3,354.71,98.1,100,22.57,2.289
2040-12-04,10.2,7.39,23.16,307.36,90.1,99.8,4.26,0.283
2040-12-05,8.26,5.64,13.67,304.48,86.8,98.9,17.81,2.401
2040-12-06,8.69,6.87,25.98,288.31,74.8,99.9,1.73,4.89
2040-12-07,7.85,3.16,9.92,287.33,89.7,99.9,4.84,1.113
2040-12-08,11.9,3.41,14.34,317.39,93.8,100.5,10.98,2.069
2040-12-09,12.41,6.54,19.62,321.58,86.4,99.7,10.83,6.646
2040-12-10,7.83,5.59,11.38,303.38,81.4,98.9,16.26,6.138
2040-12-11,6.37,4.81,31.51,249.77,76.3,100.2,0,2.964
2040-12-12,5.67,2.38,22.92,259.74,77.7,101.2,0,1.477
2040-12-13,4.58,0.5,29.45,237.19,87.6,101.4,0,1.497
2040-12-14,6.14,1.53,8.34,285.63,91.9,101.3,3.88,0.929
2040-12-15,7.67,3.22,9.95,308.94,92.2,102,2.48,1.314
2040-12-16,8.81,7.41,9.14,328.7,92.5,102.1,3.52,3.678
2040-12-17,10.41,8.5,7.43,342.98,94.9,101.7,6.85,4.418
2040-12-18,10.8,6.81,6.57,335.48,93.1,100.7,13.76,3.741
2040-12-19,6.86,3.76,9.43,296.66,88.8,99.9,5.78,1.623
2040-12-20,6.38,3.32,17.17,283.95,77.7,100,0.93,0.495
2040-12-21,6.61,5.18,12.67,299.74,79.8,99.4,16.26,5.511
2040-12-22,7.51,5.41,15.7,299.08,79,100.3,1.89,3.601
2040-12-23,10.72,7.34,10.13,332.93,93.9,99.7,12.81,1.499
2040-12-24,12.25,7.11,5.24,346.06,96.5,99,35.51,6.247
2040-12-25,7.82,6.34,16.04,287.19,71.9,100.1,4.31,9.18
2040-12-26,8.79,7.27,8.24,308.93,77.1,100.8,7.83,8.801
2040-12-27,9.61,6.61,8.62,323.63,89.9,101.2,5.42,7.856
2040-12-28,10.39,9.56,15.34,328.68,90.5,101.5,1.87,8.249
2040-12-29,9.93,6.61,15.8,315.42,83.5,101.3,5.76,8.603
2040-12-30,6.69,3.64,10.81,282.44,78.7,100.7,5.97,5.912
2040-12-31,5.29,2.8,19.69,263.63,76.9,100.9,2.99,3.619
2041-01-01,3.89,1.96,28.63,245.59,75,101.1,0,1.972
2041-01-02,2.63,0.1,31.98,224.15,70.2,101.8,0.63,2.761
2041-01-03,3.75,-1.12,22.79,235.05,77.6,102.1,0,1.276
2041-01-04,9.55,-0.84,10.19,297.5,87.4,102,9.81,2.338
2041-01-05,10.84,5.28,16.94,321.73,90,102,7.39,3.233
2041-01-06,11.43,8.93,7.74,351.29,94.3,100.4,36.79,8.214
2041-01-07,9.06,4.81,14.01,303.03,80.2,99.4,11.29,9.778
2041-01-08,6.75,4.89,13.06,296.4,74.1,98.8,11.29,10.49
2041-01-09,6.68,3.5,27.73,274.51,77.4,99.2,2.34,2.709
2041-01-10,8.34,2.81,12.72,312.07,86,97.4,16.16,4.711
2041-01-11,9.56,5.56,6.6,310.16,87.1,97.2,22.57,2.787
2041-01-12,7.31,3.3,18.75,300.39,87.8,97.7,6.49,1.373
2041-01-13,4.36,-0.3,36.77,252.82,82.4,98.7,0,0.685
2041-01-14,3.49,-1.22,38.74,228.02,80.1,99.3,0,0.423
2041-01-15,3.98,-1.74,18.55,273.55,83.9,99.5,14.88,1.936
2041-01-16,2.41,-3.35,24.43,252.15,86.7,99,0,3.478
2041-01-17,3.15,-0.32,16.95,256.55,81,98.8,0,5.026
2041-01-18,2.44,-0.55,29.91,236.69,78.1,99.3,0,2.603
2041-01-19,3.95,-1.36,42.35,220.4,77.1,100.9,0,0.981
2041-01-20,3.15,-0.77,17.64,278.19,75.5,100.8,0,2.382
2041-01-21,8.77,1.36,15.9,320.46,92.5,100.7,16.62,1.652
2041-01-22,10.25,8.47,23.11,327.4,92.8,99.6,14.87,5.661
2041-01-23,8.6,6.46,27.39,290.28,91.2,99.9,0,3.402
2041-01-24,7.02,5.11,34.24,292.21,85.6,100.4,2.89,2.638
2041-01-25,7.63,5.08,32.04,304.13,87.9,100.1,15.89,1.457
2041-01-26,7.65,6.01,26.19,309.06,89.2,98.9,13.68,2.11
2041-01-27,9.66,6.4,27.67,325.42,93.3,99,11.57,2.532
2041-01-28,9.83,8.22,22.37,327.27,95,98.6,12.12,1.643
2041-01-29,8.39,7.32,29.22,317.47,91.6,99.3,2.67,4.166
2041-01-30,7.88,6.47,41.01,303.04,89.9,99.9,2,0.688
2041-01-31,8.23,5.5,31.29,308.48,90.6,99.1,2.45,3.277
2041-02-01,6.3,3.67,20.57,293.54,92.2,98.3,2.58,2.863
2041-02-02,6.61,3.3,23.63,294.87,95.3,97.7,2.04,0.808
2041-02-03,5.91,2.11,46.52,281.37,85.6,99,0,1.717
2041-02-04,4.55,0.37,47.78,267.26,83,99.5,2.19,2.038
2041-02-05,7.75,1.71,43.49,302.3,88.4,99.3,9.44,3.14
2041-02-06,10.73,7.58,27.8,341.71,96.5,99.2,22.59,0.856
2041-02-07,10.87,8.73,35.45,318.28,86.2,99.1,10.1,5.277
2041-02-08,11.25,6.97,19.86,310.43,88.6,99.2,16.16,1.221
2041-02-09,8.32,5.58,47.82,283.75,92.2,99.3,0,1.305
2041-02-10,7.71,5.74,43.88,302.9,93.1,100.7,2.24,3.567
2041-02-11,8.33,6.04,49.38,311.85,86.5,101.4,1.32,0.463
2041-02-12,8.65,6.6,31.2,309.57,89.5,100.3,10.22,1.852
2041-02-13,8.8,6.11,69.2,293.09,88.7,99.8,4.93,1.299
2041-02-14,8.5,6.22,24.57,319.02,93,98.2,6.56,0.542
2041-02-15,8.08,6.06,34.63,313.04,90.4,98.3,8.96,4.281
2041-02-16,9.88,7.04,16.83,334.94,93.4,99.2,24.57,0.977
2041-02-17,9.91,7.51,23.49,331.62,97,99.6,12.59,0.462
2041-02-18,8.52,6.22,35.47,311.51,91.5,99.7,15.05,0.911
2041-02-19,9.31,5.41,45.96,284.93,82.8,99.2,14.97,1.968
2041-02-20,9.66,5.91,69.56,300.35,83.4,99,10.18,1.757
2041-02-21,10.99,9.71,21.81,357.94,97.1,99.8,18.39,3.1
2041-02-22,14.07,10.31,89.71,325.1,85.8,100.8,1.54,1.594
2041-02-23,14.28,10.64,100.81,299.56,83.5,100.7,0,1.708
2041-02-24,11.45,9.01,36.95,345.02,97.3,101.6,2.66,0.933
2041-02-25,11.62,7.71,66.02,326.88,97.5,102.2,0.67,0.25
2041-02-26,12.2,6.37,109.21,289.3,95,101.8,0,0.558
2041-02-27,12.51,6.4,108.24,297.08,88.5,101.7,0,0.373
2041-02-28,13.49,6.63,116.68,290.42,91.6,102.1,0,0.304
2041-03-01,9.07,6.28,53.72,315.64,97.1,102.4,0.79,0.159
2041-03-02,9.53,5.82,105.04,288.31,88.4,102.1,0,0.35
2041-03-03,7.97,5.81,60.06,309.99,88.7,100.1,5.77,4.726
2041-03-04,6.76,4.24,60.42,291.02,78.9,98,8.85,7.569
2041-03-05,6.64,3.15,79.63,278.01,78.4,97.3,6.95,4.181
2041-03-06,7.48,3.64,95.91,272.35,72.7,98.6,0.22,2.415
2041-03-07,6.86,3.24,74.05,279.07,70.6,99.9,0,2.625
2041-03-08,8.5,1.67,86.53,285.81,88,100.4,0,2.641
2041-03-09,8.83,4.09,81.83,297.55,79.2,100.5,0.94,1.588
2041-03-10,7.2,3.53,51.24,308.68,80.8,100.4,4.94,2.657
2041-03-11,8.59,6.27,67.98,319.5,89.8,100,2.41,1.357
2041-03-12,9.16,5.71,93.33,295.08,82.4,101.3,0,4.318
2041-03-13,9.75,7.23,24.28,337.24,95.1,100.8,10.8,4.017
2041-03-14,10.87,9.61,49.83,352.65,98.4,100.8,14.53,3.776
2041-03-15,10.79,8.59,68.01,327.76,95.7,100.8,12.6,5.284
2041-03-16,10.29,8.15,66.01,319.02,93.2,101.9,0.77,3.584
2041-03-17,10.53,8.87,73.09,335.51,96.7,102.4,1.42,2.954
2041-03-18,9.76,7.62,93,319.6,93.3,102.4,0.47,0.97
2041-03-19,9.39,7.14,102,318.39,91.7,101.5,0.81,0.895
2041-03-20,9.75,6.63,128.86,298.23,76.8,101.3,1.01,3.831
2041-03-21,9.43,5.48,157.59,276.02,74.6,101.6,0.1,5.142
2041-03-22,8.22,7.12,55.64,326.45,92.4,101.3,9.51,5.856
2041-03-23,9.26,7.44,53.42,335.42,97.4,101.3,19.81,2.989
2041-03-24,9.24,4.64,58.22,318.05,92,100.7,15.17,1.87
2041-03-25,7.25,2.89,119.35,273.49,66.6,101.5,0,4.024
2041-03-26,6.8,2.37,139.55,268.22,72.8,102,0.67,3.908
2041-03-27,5.24,1.68,102.63,265.75,71.6,101.7,0.35,4.292
2041-03-28,5.42,1.07,105.26,272.05,63.8,101.4,0,4.416
2041-03-29,6.21,-0.04,107.06,264.89,68,101.4,0,2.422
2041-03-30,6.83,0.14,114.67,266.77,82.5,101.1,1.77,0.796
2041-03-31,7.42,2.6,134.02,268.36,64.5,101.7,0,2.311
2041-04-01,6.69,2.39,110.67,284.53,74.7,101.6,6.51,1.881
2041-04-02,9.12,6.47,91.16,316.56,86.8,99.8,8.03,8.108
2041-04-03,9.69,5.77,154.47,282.71,74.2,100.2,0.81,5.322
2041-04-04,10.26,6.44,106.32,322.52,91.1,100.4,5.07,5.616
2041-04-05,9.92,7.38,96.46,318.94,79.8,100,4.51,8.012
2041-04-06,9.75,5.89,78.7,316.14,84.8,100.3,7.96,2.97
2041-04-07,11.93,9.6,52.43,347.77,91.6,99.4,8.87,8.395
2041-04-08,10.02,6.54,105.41,304.27,75.3,99.7,2.63,8.503
2041-04-09,9.61,4.75,199.65,264.8,66.6,100.5,2.53,0.534
2041-04-10,9.19,5.01,119.21,307.3,76.7,98.3,27.13,7.912
2041-04-11,9.62,4.1,107.11,306.67,74.8,98.5,8.44,8.071
2041-04-12,9.84,3.02,192.83,266.16,60.7,101.3,0,2.415
2041-04-13,7.34,3.53,53.44,308.39,84.3,101.9,13.19,1.136
2041-04-14,9.85,6.53,113.55,325.23,91.2,101.9,4.71,0.303
2041-04-15,9.52,3.18,239.57,249.84,71.5,101.6,0,0.434
2041-04-16,10.74,3.58,166.95,297.7,82.4,100.8,0.88,3.723
2041-04-17,11.11,5.9,222.9,283.43,77.3,100.8,0,4.806
2041-04-18,10.58,4.81,164.42,294.39,72.8,101.3,0,2.896
2041-04-19,9.89,4.98,150.26,301.22,79.1,100.6,2.16,1.462
2041-04-20,10.85,6.85,189.92,299.35,85.2,99.7,11.21,0.858
2041-04-21,9.61,5.55,208.74,283.26,69.6,100.8,1.25,4.549
2041-04-22,10.14,6.49,189.45,290.66,74.9,102.2,1.76,3.379
2041-04-23,12.44,6.19,256.9,273.58,81.2,102.9,0,0.543
2041-04-24,13.61,6.47,257.72,272.85,77.7,102.9,0,0.447
2041-04-25,14.68,7.54,259.89,279.48,82.4,102.4,0,0.143
2041-04-26,14.53,8.32,275.23,274.76,82.1,101.8,0,0.664
2041-04-27,12.38,7.78,245.75,288.54,72.8,101.3,0,2.096
2041-04-28,10.47,7.21,143.42,304.54,73.6,101.1,0.17,4.414
2041-04-29,9.36,4.53,181.01,275.11,64.2,101.1,0,2.001
2041-04-30,9.3,4.1,206.55,268.54,65.6,101.4,0,0.629
2041-05-01,10.73,4.02,167.92,298.96,80.2,101.3,8.58,1.508
2041-05-02,12,8.47,162.41,332.38,92.1,99.6,21.43,5.001
2041-05-03,10.58,8.14,138.85,317.44,88.2,99,7.64,5.272
2041-05-04,11.39,8.46,139.64,323.78,89,99.1,8.6,2.204
2041-05-05,11.43,8.98,176.28,316.16,90.4,98.5,7.68,4.091
2041-05-06,10.34,7.94,137.55,305.91,83.2,99.3,3.74,5.665
2041-05-07,11.64,5.72,233.24,271.3,74.5,100.1,0,2.014
2041-05-08,12.63,6.19,192.66,286.93,69.8,100.3,0,0.38
2041-05-09,12.39,9.38,148.69,314.12,81.5,99.8,8.14,1.373
2041-05-10,11.05,8.37,177.46,308.57,80.3,100.4,8.19,5.699
2041-05-11,10.55,7.88,136.9,312.53,81.2,100.8,2.59,4.877
2041-05-12,14.82,8.13,258.71,286.05,73.7,101.5,0,1.475
2041-05-13,15.59,6.59,292.29,286.89,77.3,102.2,0,0.549
2041-05-14,16.92,10.43,279.75,309.42,81.3,102.2,0,1.391
2041-05-15,15.44,8.65,260.26,298.1,79.9,101.6,0,3.933
2041-05-16,17.99,7.25,307.52,286.77,75.7,100.9,0,3.06
2041-05-17,18.31,9.57,283.86,312.18,84,100.4,0,1.013
2041-05-18,14.41,9.25,175.56,322.14,78.6,100.5,1.55,4.159
2041-05-19,12.42,8.29,213.78,292.2,59.9,101.8,0,4.716
2041-05-20,12.94,8.65,209.04,304.06,67.6,101.9,0,4.906
2041-05-21,13.75,8.79,238.55,301.05,65.9,101.7,0,1.972
2041-05-22,13.53,8.57,224.44,295.48,77.5,101.1,0.74,4.45
2041-05-23,13.77,7.65,238.7,288.22,78.6,100.7,0.19,0.913
2041-05-24,16.62,7.88,295.6,293.28,72.8,100.8,0,0.825
2041-05-25,18.54,13.68,197.1,341.35,64.6,100.6,0,3.882
2041-05-26,15.5,10.19,237.14,319.61,81.5,100.1,14.32,1.348
2041-05-27,15.21,9.89,245.09,311.56,85.4,100.2,4.82,0.78
2041-05-28,14.78,9.04,209.63,315.29,88.1,100,9.82,0.44
2041-05-29,15.7,8.93,161.03,321.41,84.9,100.4,2.05,4.471
2041-05-30,15.59,9.1,259.85,304,72,101.2,0,5.312
2041-05-31,16.23,8.6,296.31,292.35,72.4,101.3,0,4.483
2041-06-01,16.88,8.09,333.34,280.75,72.8,101.5,0,3.653
2041-06-02,17.95,7.49,347.53,274.67,69.7,101.2,0,3.025
2041-06-03,13.9,8.32,282.62,291.76,80,101,0,0.291
2041-06-04,14.07,10.75,134.9,338.98,87.9,100.6,3.26,2.938
2041-06-05,12.28,9.18,110.78,332.57,90.4,100,7.87,2.994
2041-06-06,11.77,6.8,169.3,308.53,72.1,100.4,5.65,5.343
2041-06-07,13.01,7.42,181.34,307.8,65.8,101.3,0.01,1.971
2041-06-08,13.87,9.18,204.3,311.74,75.6,101.4,0.84,3.674
2041-06-09,13.97,9.05,242.52,297.52,69.3,101.3,0,2.903
2041-06-10,15.3,9.38,300.39,290.14,78.5,101.4,0,0.905
2041-06-11,14.84,12.25,126.39,346.26,90.3,101.4,1.46,1.336
2041-06-12,15.36,13.62,53.36,373.69,97.9,100.8,39.7,1.99
2041-06-13,15.02,11.78,252.27,325.52,86.7,100.6,5.08,6.11
2041-06-14,14.53,11.17,241.63,311.96,83.3,100.9,2.11,3.551
2041-06-15,14.81,12.38,134.57,348.99,94.9,100,6.5,0.969
2041-06-16,16.21,12.29,229.16,332.58,87.3,100.1,6.93,5.179
2041-06-17,16.48,10.86,139.4,339.1,87,100,29.16,0.682
2041-06-18,15.88,12.5,178.23,342.21,89,98.4,18.85,3.195
2041-06-19,15.8,12.23,159.19,345.59,88.1,98.8,6.92,7.583
2041-06-20,15.86,11.15,282.56,309.01,68,100.5,0,4.724
2041-06-21,14.57,9.3,195.24,321.61,85.7,101.5,1.43,2.445
2041-06-22,16.68,13.58,157.42,366.2,94.1,101.7,3.6,3.096
2041-06-23,17.91,13.86,222.83,347.99,91.6,101.7,0.49,1.707
2041-06-24,21.11,13.04,337.54,320.27,87.7,101.4,0,0.159
2041-06-25,22.16,16.86,318.27,345.79,85.5,101,1.18,0.12
2041-06-26,20.57,15.73,277.38,342.03,85.4,100.7,0.27,0.154
2041-06-27,22.22,14.03,315.1,325.48,75.4,100.6,0,0.684
2041-06-28,21.63,14.58,319.83,325.84,82.3,100.6,0.54,0.626
2041-06-29,22,16.7,263.06,351.63,84.1,100.6,2.84,0.403
2041-06-30,18.04,14.91,84.72,359.14,86.7,100.4,9.48,1.454
2041-07-01,18.76,13.31,297.57,327.03,77.1,101.2,0.4,2.68
2041-07-02,19.7,12.72,321.11,316.46,85.2,101.7,0,1.28
2041-07-03,19.84,13.77,272.36,327.46,84.7,102,0,1.8
2041-07-04,20.68,14.39,311.32,328.02,83.5,102.1,0,1.671
2041-07-05,19.89,14.9,246.83,336.61,83.5,102.1,1.85,0.361
2041-07-06,20.08,13.85,333.05,308.91,80.1,101.8,0,1.39
2041-07-07,20.11,13.6,270.72,330.44,81.4,101.6,0,2.092
2041-07-08,19.12,13.89,324,303.28,73,101.8,0,2.15
2041-07-09,19,12.83,269.4,332.21,83.2,101.5,0,3.45
2041-07-10,18.45,14.73,217.94,353.74,88,101.1,0.04,4.755
2041-07-11,19.17,13.38,235.08,332.43,74.1,100.9,0,1.363
2041-07-12,19.99,12.48,290.39,315.15,77.2,101.4,0,0.718
2041-07-13,19.55,12.45,303.63,316.46,79.6,101.2,0,2.907
2041-07-14,18.29,13.3,273.65,325.68,78.4,100.1,3,4.425
2041-07-15,15.97,11.48,186.61,326.85,78.4,99.4,1.34,2.028
2041-07-16,17.42,12,179.95,326.95,78.2,99,2.09,3.298
2041-07-17,18,11.93,276.28,304.73,70.5,99.9,0.03,2.398
2041-07-18,17.79,12.62,230.36,331.72,77.2,100.7,0,4.641
2041-07-19,17.69,12.41,252.72,315.45,80.2,101.3,0,2.975
2041-07-20,19.88,12.22,292.99,310.27,77.2,101.4,0,0.433
2041-07-21,22.46,15.09,265.24,337.8,76.2,100.9,0,0.362
2041-07-22,22.35,16.81,253.1,345.07,76.2,100.6,0,0.534
2041-07-23,23.25,16.74,276.89,349.73,77.5,100.4,4.11,0.421
2041-07-24,22.03,15.42,279.94,328.58,82.4,100.3,0,1.015
2041-07-25,19.61,15.23,303.22,318.54,78.6,100.6,0,1.933
2041-07-26,19.58,16.99,252.94,341.14,78.2,100.6,0.58,4.264
2041-07-27,20.3,17.61,195.4,366.44,86.4,100.7,2.35,4.875
2041-07-28,21.43,16.4,230.73,348.49,88.8,101,0,1.298
2041-07-29,26.29,15.54,261.96,357.95,79.7,100.8,3.04,1.606
2041-07-30,23.63,15.65,149.17,354.47,74.8,100.5,15.48,3.08
2041-07-31,23.76,16.49,202.37,359.76,81.4,100.4,8.57,1.654
2041-08-01,23.89,17.34,256.1,365.15,88,100.2,1.66,0.266
2041-08-02,23.32,18.52,240.36,367.92,90.7,100.1,6.82,0.204
2041-08-03,24.16,18.45,203.26,369.9,89.9,99.7,16.27,0.139
2041-08-04,20.01,16.81,111.64,369.97,91.8,99.7,8.36,3.982
2041-08-05,19.65,15.11,267.88,311.44,76.2,100.4,0,2.928
2041-08-06,20.48,15.16,265.63,318.83,77.1,100.8,0.7,1.421
2041-08-07,20.92,16.88,139.42,368.27,85.1,101,3.07,1.551
2041-08-08,19.3,15.41,62.02,366.72,93.3,100.4,18.98,1.52
2041-08-09,20.56,15.02,238.58,328.59,77.8,100.5,0.71,2.88
2041-08-10,19.26,13.17,253.85,307.68,81.1,100.9,0,1.748
2041-08-11,20.25,14.37,204.26,342.14,83.3,100.6,7.74,1.133
2041-08-12,18.65,14.16,192.52,337.34,80.2,100.2,1.43,2.568
2041-08-13,20.18,13.79,167.54,335.77,74.2,100.2,0,0.711
2041-08-14,23.14,16.5,205.11,358.65,81.1,100.3,2.16,1.796
2041-08-15,22.49,16.35,238.27,337.41,76.8,100.4,2.44,0.633
2041-08-16,20.14,16.02,201.98,338.71,83.7,100.3,4.58,0.104
2041-08-17,19.97,15.57,220.87,331.52,87.2,99.9,3.78,0.747
2041-08-18,20.25,15.66,78.45,364.13,89.1,99.5,33.56,2.441
2041-08-19,22.05,16.56,238.82,330.96,74.2,99.6,0,3.05
2041-08-20,19.6,16.29,132.32,349.36,86.4,99.8,5.22,3.021
2041-08-21,23.73,18.05,226.34,359.96,79.9,100,1.1,3.503
2041-08-22,22.72,18.04,226.4,349.21,77.5,100.3,2.2,3.171
2041-08-23,20.66,16.06,209.69,337.17,79.7,100.1,3.36,0.611
2041-08-24,19.9,15.22,181.51,332.12,79.2,99.4,2.86,0.684
2041-08-25,19.13,14.29,210.97,328.14,83.4,99.3,5.55,2.989
2041-08-26,19.01,15.34,188.89,336.01,81.9,99.8,1.65,3.26
2041-08-27,19.69,17.34,101.49,377.48,95,99.8,6.88,3.715
2041-08-28,19.31,16.53,138.54,354.01,86.4,99.9,7.45,3.397
2041-08-29,20.18,14.96,186.19,336.33,80.2,100.4,0.55,1.779
2041-08-30,19.12,13.05,162.9,336.37,83,100.5,13.76,2.318
2041-08-31,18.89,14.05,173.57,335.41,80,100.3,20.25,3.43
2041-09-01,18.65,15.04,184.28,333.59,77,100.1,26.75,4.712
2041-09-02,18.11,13.82,179.06,321.02,75.5,100.7,3.72,4.445
2041-09-03,19.32,14.87,107.97,356.66,88.1,100.2,11.27,5.771
2041-09-04,19.58,15.38,128.75,345.07,83,100.2,45.26,5.874
2041-09-05,17.62,12.66,174.1,309.32,66.8,100.9,0,5.925
2041-09-06,17.42,11.92,155.19,307.83,68,101.4,0,0.387
2041-09-07,19.19,13.83,166.91,329.86,66.6,101.2,0,3.64
2041-09-08,18.04,14.25,89.75,343.7,74.6,101.1,0.15,3.628
2041-09-09,19.48,13.17,121.75,339.3,83.1,101.1,2.65,3.62
2041-09-10,20.51,14.75,149.64,342.48,80.2,101.1,0,3.18
2041-09-11,20.67,13.83,189.52,319.75,77.7,101.2,0,3.1
2041-09-12,20.62,12.65,193.22,305.96,78.8,101.1,0,2.829
2041-09-13,19.9,13.03,184.51,305.28,79.2,101.2,0,3.101
2041-09-14,19.38,12.51,161,310.46,80.6,101.4,0,2.627
2041-09-15,18.52,12.09,157.16,315.35,84.8,101.3,0,0.663
2041-09-16,18.55,11.8,161.78,312.33,80.9,101.3,0,1.497
2041-09-17,16.84,10.58,181.03,277.63,68.1,102.2,0,2.089
2041-09-18,17.26,9.69,179.06,288.54,68.9,102.2,0,1.235
2041-09-19,17.36,12.11,151.37,314.29,77.7,101.7,0,1.244
2041-09-20,20.53,12.57,168.05,322.31,79.7,101,0,0.557
2041-09-21,19.16,17.31,104.07,370.03,92.9,100.2,2.9,1.85
2041-09-22,18.91,16.87,124.81,361.73,85.5,99.1,32.15,4.14
2041-09-23,16.91,14.45,120.54,333.61,75.8,99.5,6.53,7.178
2041-09-24,16.82,14.18,61.49,348.05,79.5,100,5.09,7.588
2041-09-25,16.02,11.38,99.77,311.48,68.6,99.7,2.72,8.263
2041-09-26,15.3,9.61,79.58,320.71,70,100.1,6.39,1.523
2041-09-27,15.18,11.15,62.93,332.28,82.1,98.1,38.84,6.312
2041-09-28,12.98,9.59,70.3,309.22,72,99.1,6.36,3.49
2041-09-29,15.6,10.44,84.7,338.39,86.9,98.3,4.99,2.321
2041-09-30,18.32,13.45,31.41,366.55,88.9,97.7,21.05,5.718
2041-10-01,16.63,13.02,126.03,313.13,76,99,0.26,4.17
2041-10-02,18.56,12.39,77.97,345.33,86,98.8,13.86,1.694
2041-10-03,16.42,14.38,103.82,336.07,88.3,99.1,21.43,1.699
2041-10-04,15.77,13.17,104.5,323.32,81.6,99.6,6.47,4.06
2041-10-05,16.79,14.18,46.73,356.07,89.6,99.9,18.99,1.163
2041-10-06,16.43,14.6,57.48,358.23,88.5,99.9,1.96,5.59
2041-10-07,16.31,11.86,103.07,322.73,80,100.6,1.12,6.499
2041-10-08,16.29,10.91,72.5,340.96,87.4,100.9,1.21,1.503
2041-10-09,15.95,12.13,99.38,325.55,78.6,100.6,7.86,5.457
2041-10-10,15.14,11.53,74.4,329.23,76,100.8,11.8,3.526
2041-10-11,14.96,10.11,112.13,288.78,79,101.3,0.47,1.078
2041-10-12,16.27,12.89,66.54,333.59,83.8,101.1,0.54,1.979
2041-10-13,15.19,9.62,22.83,334.25,91.4,101,23.5,1.878
2041-10-14,11.57,7.05,67.39,288.71,69.8,102.1,0,1.963
2041-10-15,14.29,7.74,89.21,295.78,77.9,102.7,0,4.253
2041-10-16,13.83,11.84,65.36,330.12,86.5,102.7,0,2.387
2041-10-17,13.46,9.65,65.06,316.94,86.4,102.8,0.12,1.354
2041-10-18,12.73,8.82,85.88,290.36,79,103,0,2.728
2041-10-19,12.17,7.13,96.61,276.41,82.1,103,0,0.672
2041-10-20,13.4,7.58,82.11,303.44,86.8,102.5,0,0.486
2041-10-21,13.47,10.4,54.58,331.77,82.5,102,1.52,4.527
2041-10-22,13.34,9.11,41.53,328.66,79.5,100.7,10.96,4.822
2041-10-23,9.35,5.88,45.79,286.8,80.1,100.1,0.79,3.57
2041-10-24,8.75,5.64,72.33,262.96,77.6,100.5,1.11,2.116
2041-10-25,9.64,4.35,88.21,248.02,74.4,100.8,0,2.258
2041-10-26,11.46,3.74,65.91,280.29,88.3,100.6,0.63,0.486
2041-10-27,13.26,6.89,45,327.2,90.6,101.1,1.07,3.023
2041-10-28,13.38,11.14,54.5,326.9,86.7,101.3,0.85,5.285
2041-10-29,12.7,8.69,58.69,311.41,86.8,101.8,0.3,2.61
2041-10-30,13.9,8.9,44.91,313.31,87,101.9,0.62,2.9
2041-10-31,12.81,8.43,51.22,307.57,85.6,102,0.22,1.92
2041-11-01,11.71,7.97,57.54,302.42,84.1,102.1,0,1.184
2041-11-02,12.99,8.5,63.73,302.49,89.2,102.1,0,0.679
2041-11-03,12.89,7.47,46.89,308.69,91.6,102.1,0,1.33
2041-11-04,12.92,10.35,45.1,324.15,87.1,101.9,0.35,3.113
2041-11-05,13.74,10.65,29.92,337.7,94.8,101.7,3.64,2.889
2041-11-06,13.51,8.8,50.29,320.3,93.4,102.2,0.78,0.305
2041-11-07,12.45,7.32,60.61,290.97,92.8,102.3,0,0.915
2041-11-08,11.41,8.65,40.67,308.93,87.4,101.6,0,1.057
2041-11-09,12.49,7.9,33.22,317.39,88.2,100.7,7.73,2.188
2041-11-10,7.98,2.97,46.17,252.11,66.9,101.6,0,1.533
2041-11-11,7.44,2.78,49.36,263.45,75.2,101.8,1.11,1.417
2041-11-12,11.61,5.13,15.29,334.18,89.9,101.7,23.6,5.218
2041-11-13,13.21,11.61,12.64,358.33,91.7,100.5,20.24,7.504
2041-11-14,12.52,8.82,27,319.81,82,98.9,1.38,1.443
2041-11-15,12.44,7.08,17.44,316.08,85.1,98.1,6.47,1.156
2041-11-16,10.32,6.3,35.39,300.27,80.6,98.8,10.91,0.759
2041-11-17,11.62,8.67,25.18,325.52,86.6,97.5,25.58,4.858
2041-11-18,11.01,8.61,21.7,318.83,84.2,98.5,9.34,5.647
2041-11-19,12.26,8.51,32.82,319.36,83.6,100.7,7.18,7.103
2041-11-20,13.9,12.01,11,361.5,90.6,99.9,39.11,4.63
2041-11-21,13.79,9.43,33.78,312.55,78.3,99.7,18.95,5.456
2041-11-22,11.04,7.36,39.4,283.69,76.6,100.4,8.05,1.321
2041-11-23,13.55,10.23,10.17,335.75,87.8,100.5,12.34,6.347
2041-11-24,13.09,12.21,15.38,346.22,91.9,101.3,1.61,2.459
2041-11-25,14.06,12.63,7.06,359.02,85.6,99.6,28.2,3.889
2041-11-26,12.79,8.82,23.55,321.13,81.7,99.3,2.78,5.851
2041-11-27,10.43,8.17,15.75,320.36,81.4,99.1,13.5,6.075
2041-11-28,11.69,10.15,30.33,304.94,84,100.6,1.48,7.353
2041-11-29,12.96,11.41,17.4,348.25,95.9,101.6,3.25,5.173
2041-11-30,12.22,10.09,12.18,348.72,97.5,102.1,1.69,2.504
2041-12-01,11.92,10.43,10.27,351.69,98,102,2.19,2.178
2041-12-02,12.51,10.18,15.04,348.02,94.9,101,3.07,1.674
2041-12-03,13.17,11.95,7.85,358.78,93.8,99.7,20.59,1.971
2041-12-04,13.28,9.62,26.07,310.83,83.5,99.1,2.97,3.539
2041-12-05,10,8.66,13.17,316.65,86,97.9,9.5,4.139
2041-12-06,9.59,7.48,10.96,312.31,80.9,98.6,3.8,6.298
2041-12-07,7.53,4.26,30.93,260.86,68.2,100.8,0,2.345
2041-12-08,5.64,2.19,30.96,244.79,81.9,102.3,0,1.268
2041-12-09,7.03,1.96,24.38,269.66,89.3,102.7,0,1.31
2041-12-10,8.08,4.78,17.91,306.61,84.1,101.5,2.54,0.813
2041-12-11,7.77,3.93,29.33,271.01,84.2,101.2,0,1.228
2041-12-12,8.98,5.36,14.03,307.29,86.2,101.7,0.67,4.15
2041-12-13,11.38,8.67,11.92,324.6,82.5,101.2,0,9.034
2041-12-14,11.17,7.04,4.86,328.93,87.1,100.1,13.98,9.962
2041-12-15,7.98,3.81,10.55,282.13,72.3,100.2,3.91,6.865
2041-12-16,10.87,3.6,6.35,312.42,84.1,99.9,9.94,3.966
2041-12-17,12,9.69,10.15,348.24,92,99.4,3.8,7.898
2041-12-18,11.98,7.83,14.95,316.69,80.1,100.4,1.69,4.494
2041-12-19,11.35,8.19,12.92,332.69,89.7,100.6,2.07,2.423
2041-12-20,11.66,6.08,11.55,314.91,91.3,100.6,8.74,3.781
2041-12-21,11.29,5.3,18.05,305.48,91.4,101.2,0.79,1.056
2041-12-22,11.37,4.25,6.91,298.96,84.1,101,13.02,3.854
2041-12-23,7.24,0.99,26.24,256.09,77.5,102.9,0,1.976
2041-12-24,7.84,4.89,13.62,306.24,77.3,102.9,0.38,2.104
2041-12-25,7.66,5.66,14.74,303.21,81.8,102.1,0.08,0.88
2041-12-26,8.71,5.4,8.83,304.85,89.5,101.5,7.97,1.862
2041-12-27,9.42,2.86,26.62,277.73,81.3,102.3,0,3.521
2041-12-28,9.86,9.17,14.75,323.58,80.8,101.7,0,5.689
2041-12-29,10.23,7.44,15.25,309.85,81.2,101.1,7.58,5.899
2041-12-30,11.09,8.78,17.58,316.14,85.3,101.5,0.84,7.926
2041-12-31,10.72,8.86,15.34,321.24,84.5,101.4,1.17,7.327
2042-01-01,10.35,8.95,13.1,328.69,83.7,101.2,1.49,6.77
2042-01-02,9.12,5.7,9.93,320.66,89.1,99.9,11.52,1.318
2042-01-03,7.18,4.49,19.44,282.21,71.9,100.7,1.3,4.302
2042-01-04,10.36,6.45,24.05,303.61,84.7,100.2,28.02,6.906
2042-01-05,8.01,6.6,15.29,306.94,75.3,100.5,7.5,9.139
2042-01-06,7.62,2.42,25.1,268.54,69.3,101.4,0.66,3.918
2042-01-07,3.93,-0.19,31.38,230.69,76.4,101.8,0,1.3
2042-01-08,10.29,3.36,4.1,313.32,84,99.9,27.51,2.532
2042-01-09,7.3,3.34,16.34,293.56,73.8,99.3,11.46,10.06
2042-01-10,5.36,3.03,9.25,301.66,79.2,99.1,23.33,9.947
2042-01-11,5.93,3.12,25.52,266.99,82.8,98.7,0.94,3.746
2042-01-12,5.39,2.27,29.37,264.87,81.4,99.7,4.9,0.874
2042-01-13,7.05,4.31,18.13,300.82,79.3,99.1,8.17,7.259
2042-01-14,7.74,3.23,36.43,266.02,74.9,100.7,0.97,4.068
2042-01-15,10.87,4.61,10.11,332.8,93.2,100.3,14.28,2.129
2042-01-16,9,4.25,28.16,285.33,73.6,99.9,8.62,7.993
2042-01-17,8.88,4.49,20.25,309.47,81.2,99.1,15.81,8.106
2042-01-18,8.89,6.82,16.76,318.93,82.3,97.1,16.67,9.465
2042-01-19,10.74,5.6,27.84,313.13,83.4,98.2,13.49,7.831
2042-01-20,10.98,8.01,20.56,319.14,70.7,99,4.82,11.291
2042-01-21,10.62,6.65,14.2,327.07,90.7,100.4,5.96,3.697
2042-01-22,10.5,6.66,12.68,323.17,84.3,99.9,9.94,5.77
2042-01-23,10.8,6.07,9.62,321.41,81,99.8,21.67,9.01
2042-01-24,11.49,9.39,16.94,339.5,87.8,99.1,23.37,7.576
2042-01-25,11.7,6.18,19.07,313.91,78.6,99.4,10.25,9.875
2042-01-26,8.01,5.7,23.64,300.03,74.6,99.9,2.45,8.293
2042-01-27,8.73,4.04,17.62,308.28,80.9,97.1,24.89,8.161
2042-01-28,6.33,4.5,21.58,291.27,75.3,97.2,7.74,10.242
2042-01-29,10.81,5.27,11.47,314.46,83.5,98.4,14.03,7.21
2042-01-30,8.15,6.64,27.17,307.51,64,98.7,3.07,13.098
2042-01-31,7.22,5.07,32.73,294.43,74.9,99.9,6.46,9.458
2042-02-01,6.7,5.28,28.81,290.19,71.3,101,2.31,6.578
2042-02-02,6.07,2.99,33.17,279.77,77.9,100.8,0.5,1.605
2042-02-03,3.22,-1.11,24.73,251.42,76.6,99.7,0.49,2.298
2042-02-04,4.24,-0.9,47.52,254.36,83.3,99.4,2.27,1.482
2042-02-05,3.76,-1.18,62.37,239.02,79.8,99.6,0,0.484
2042-02-06,3.69,-0.69,42.56,258.95,78.4,99.5,0,0.307
2042-02-07,3.43,-0.48,56.8,248.56,72.6,99.2,0,1.262
2042-02-08,6.21,0.47,24.12,290.91,82.6,99.4,18.6,1.511
2042-02-09,9.23,3.8,28.57,303.86,92.5,98.9,9.66,1.167
2042-02-10,8.58,7.08,37.76,325.27,97.7,99.6,1.51,1.966
2042-02-11,10.02,7.37,24.55,338.23,96,99.7,9.55,0.785
2042-02-12,10.04,7.12,51.35,327.49,93,98.3,10.83,2.827
2042-02-13,8.35,6.11,52.81,302.66,94,98.9,2.36,2.607
2042-02-14,9.85,6.19,33.96,310.07,89.4,98.9,6.94,2.405
2042-02-15,9.3,7.66,47.52,311.63,89.8,98.7,12.12,1.268
2042-02-16,9.16,7.59,46.42,321.19,88.7,99.6,9.42,1.13
2042-02-17,10.37,8.79,46.52,337.62,92.7,99.1,6.16,1.336
2042-02-18,9.5,8.55,49.16,324.8,91.7,99.8,11.02,4.433
2042-02-19,10.46,7.66,63.16,305.96,86.3,99.7,0.32,3.415
2042-02-20,8.37,5.45,48.11,307.16,89.6,99.1,1.23,2.761
2042-02-21,9.1,4.39,63.05,293.74,86.9,99.7,0,2.699
2042-02-22,8.54,4.45,70.26,293.85,85.3,100.2,0,2.93
2042-02-23,6.41,2.33,73.61,266.45,76.3,100,0,0.443
2042-02-24,8.09,4.1,78.08,301.93,88.4,99.3,4.96,4.472
2042-02-25,8.96,7.64,32.4,325.57,92.9,98.8,14.73,1.821
2042-02-26,10.64,8.35,42.95,335.15,90.9,98.3,7.69,1.457
2042-02-27,10.77,9.44,81.47,319.96,81.3,96.7,4.17,2.782
2042-02-28,9.66,6.46,45.44,324.58,88.2,95.9,5.77,3.15
2042-03-01,6.86,5.22,19.63,311.31,77.1,96.9,10.13,11.272
2042-03-02,6.78,4.19,96.56,263.79,62.6,97.8,0.66,5.757
2042-03-03,6.81,4.11,19.53,302.79,78.4,97.2,13.87,1.332
2042-03-04,7.15,4.23,72.4,292.01,89.2,97.1,6.04,2.361
2042-03-05,6.87,3.25,76.41,289.89,90.6,97.5,3.15,0.216
2042-03-06,7.82,3.49,96.69,281.47,82.7,98.1,0.88,0.993
2042-03-07,7.96,1.55,114.52,262.2,88.7,98.9,0,0.808
2042-03-08,7.95,3.43,94.51,283.05,72.8,99.1,0,4.505
2042-03-09,7.2,4.67,46.2,311.33,83.6,98.8,5.27,6.271
2042-03-10,8.1,5.15,102.68,306,82.5,99.3,2.41,5.58
2042-03-11,8.06,4.09,129.62,279.89,66.6,100.5,0,6.538
2042-03-12,9.29,3.97,88.19,305.46,75.8,100.9,1.09,4.187
2042-03-13,11.18,9.28,41.58,350.47,93.5,100.2,16.32,1.766
2042-03-14,12.68,10.28,64.36,350.33,93.3,100.6,6.83,1.392
2042-03-15,14.6,10.1,101.5,333.48,90.6,100.5,0.09,1.282
2042-03-16,11.74,9.48,64.62,343.36,95.9,99.9,3.21,1.148
2042-03-17,9.81,5.7,68.54,312.52,86,99.9,13.11,3.448
2042-03-18,7.45,5.18,94.89,290.39,73.3,100.2,4.12,5.184
2042-03-19,7.4,2.2,81.65,281.88,84.8,99.9,8.83,0.533
2042-03-20,6.05,0.2,168.1,229.21,68.3,100.7,0,0.809
2042-03-21,4.92,-0.09,94.72,247.41,77.3,101.1,0.53,2.34
2042-03-22,7.62,1.2,92,278,71,100.8,0,5.468
2042-03-23,9.04,6.28,32.96,327.14,82.9,99.5,6.07,6.271
2042-03-24,13.4,8.57,89.01,337.16,87.5,98.1,4.02,4.122
2042-03-25,11.2,8.24,126.86,310.25,87,97.6,7.23,1.087
2042-03-26,12.87,8.02,161.46,301.44,75.5,98,0.62,4.481
2042-03-27,10.57,8.02,129.44,291.8,87.5,98.4,2.22,0.756
2042-03-28,12.33,7.94,145.76,297.18,79.5,99.6,0.04,1.264
2042-03-29,14.11,7.84,191.26,280.48,76.8,99.6,0,2.377
2042-03-30,11.02,6.55,121.28,295.36,90.9,100,2.27,0.252
2042-03-31,12.07,6.46,81.32,312.7,79.6,99.7,0.91,3.084
2042-04-01,12.2,8.39,153.06,314.19,80.7,98.9,7.72,3.885
2042-04-02,11.65,7.6,134,298.27,84.5,99.3,2.86,4.163
2042-04-03,10.34,5.7,131.68,286.94,84.6,99.7,0.32,4.048
2042-04-04,9.32,3.67,154.79,280.13,84.3,99.3,0,1.419
2042-04-05,10.73,4.02,187.15,275.3,86.6,99.6,0,1.031
2042-04-06,9.87,5.8,200.77,273.76,68.8,100.3,0,1.356
2042-04-07,10.04,5.15,192.63,274.24,69.4,100.5,0,1.008
2042-04-08,11.22,6.94,86.15,325.68,79.9,100.4,0.12,2.706
2042-04-09,13.2,8.24,133.35,321.42,88.5,101.3,0.58,0.595
2042-04-10,11.95,9.17,118.05,306.36,91.9,101.9,4.52,1.145
2042-04-11,13.48,8.22,206.53,297.52,80,102,0,3.877
2042-04-12,13.41,10.25,116.03,333.61,84.2,102.2,1.19,2.987
2042-04-13,14.46,8.44,208.53,281.31,75.8,102.4,0,1.181
2042-04-14,17.75,6.5,242.45,281.88,68.7,102.1,0,0.61
2042-04-15,14.91,9.44,165.47,304.28,85.7,101.7,0,0.605
2042-04-16,13.87,8.17,248.79,276.65,83.7,101.5,0,0.556
2042-04-17,14.09,6.75,253.93,267.64,82.5,101.5,0,0.192
2042-04-18,15.5,8.28,235.96,285.93,78.7,101.3,0,0.392
2042-04-19,17.22,7.66,237.67,294.98,76.9,100.9,0,1.142
2042-04-20,18.72,10.31,217.94,317.88,72.6,100.3,0.56,1.606
2042-04-21,15.81,11,155.66,339.27,89.1,99.8,4.46,1.049
2042-04-22,13.62,9.08,164.73,331.16,92.5,99.6,16.05,0.325
2042-04-23,12.81,8.15,114.15,328.26,83.8,99.7,2.7,5.206
2042-04-24,12.23,8.69,149.87,314.58,86.3,98.9,0.81,0.452
2042-04-25,14.03,9.76,197.11,315.75,79.6,98.9,4.19,1.235
2042-04-26,11.97,8.62,135.11,305.75,88.7,99.2,6.41,0.315
2042-04-27,12.76,8.8,180.46,304.73,89.2,99.5,5.16,0.965
2042-04-28,14.02,7.56,226.81,300.08,84.6,99.7,0.45,1.806
2042-04-29,14.35,7.61,233.64,288.24,80.7,100.3,0,2.758
2042-04-30,11.62,7.38,163.25,294.86,66.7,100.5,0.14,4.368
2042-05-01,9.72,4.91,235.66,264.91,53.6,101,0,1.575
2042-05-02,9.29,5.37,196.44,276.94,54.7,101.5,0,2.254
2042-05-03,12.51,4.57,202.7,290.68,61,101.8,0,1.221
2042-05-04,13.29,8.62,138.54,319.36,91.3,101.2,12.44,1.17
2042-05-05,15.05,7.73,192.07,314.35,87.9,101.4,0.24,0.302
2042-05-06,15.83,11.87,112.08,352.15,88.8,100.7,5.29,0.764
2042-05-07,14.27,10.84,271.93,296.44,83.3,100.2,1.61,1.437
2042-05-08,13.93,8.82,261.04,285.03,86.4,100.1,2.89,0.568
2042-05-09,14.9,6.75,141.58,313.99,85.1,100,2.37,2.869
2042-05-10,10.35,6.27,178.97,300.88,68.4,100.5,0.53,5.875
2042-05-11,9.12,5.84,120.78,306.2,67.2,100.2,0.25,5.521
2042-05-12,12.93,6.88,131.18,321.07,82,100.4,0.2,4.176
2042-05-13,12.39,9.8,60.28,344.21,94.1,99.6,58.8,2.531
2042-05-14,12.32,9.37,119.62,327.23,89.3,100,24.61,7.747
2042-05-15,18.06,7.94,280.41,305.5,79.1,100.4,0.5,0.982
2042-05-16,14.02,10.04,125.31,338.41,85.5,100.4,30.76,4.63
2042-05-17,15.76,9.25,245.84,316.51,81.4,101,0.66,3.765
2042-05-18,15.53,8.2,268.54,294.87,83.9,101.1,0,1.419
2042-05-19,15.55,10.31,261.02,312.66,83.7,101.4,0,2.845
2042-05-20,16.06,10.62,284.68,315.97,84.5,101.6,0,1.969
2042-05-21,17.94,12.58,277.68,327.97,90.9,101.6,0,1.433
2042-05-22,20.11,13.44,300.69,326.82,86.1,101.2,0.6,0.351
2042-05-23,21.36,16.1,322.19,328.92,77.4,100.9,0,1.024
2042-05-24,21.19,15.92,314.25,328.13,79.9,100.8,2.19,0.363
2042-05-25,17.32,11.56,225.37,332.97,78.8,101.3,0,4.777
2042-05-26,16.47,9.11,320.7,284.03,76.1,101.5,0,0.213
2042-05-27,16.86,10.48,271.98,310.12,71.4,101.4,0,0.221
2042-05-28,16.94,11.88,241.92,322.33,75.5,100.6,0,0.853
2042-05-29,16.16,9.98,124.69,343.09,83,100,5.04,3.699
2042-05-30,15.21,9.42,124.54,335.64,78.1,99.9,6.38,4.303
2042-05-31,15.81,9.88,146.99,335.4,73.8,99.9,3.42,3.397
2042-06-01,16.41,10.34,169.49,335.26,69.5,99.9,0.41,2.496
2042-06-02,17.01,10.1,243.41,311.87,70.8,100.4,0,1.809
2042-06-03,17.8,10.09,323.23,295.1,75.7,101.2,0,0.44
2042-06-04,18.98,12.55,214.11,336.12,79,101,3.72,0.582
2042-06-05,16.97,14.17,308.56,317.99,84.6,100.3,4.93,1.37
2042-06-06,15.41,12.81,174.25,333.66,86.8,99.6,10.71,0.138
2042-06-07,16.04,11.43,183.68,327.26,87.5,99.5,6.33,1.636
2042-06-08,16.29,10.57,255.59,318.68,83.6,99.9,7.01,0.877
2042-06-09,14.22,9.75,255.69,311.31,62.6,100.5,0,2.736
2042-06-10,14.09,9.21,296.4,285.34,63,101.1,0,0.391
2042-06-11,16.26,11.61,208.81,330.54,82.1,100.1,24.61,4.254
2042-06-12,14.73,12.3,227.43,324.09,77.4,99.9,8.42,6.232
2042-06-13,14.94,11.44,224.69,317.17,76.9,100,5.75,2.881
2042-06-14,15.58,10.19,261.19,305.38,77.7,100.1,5.55,1.79
2042-06-15,14.98,9.57,163.37,317.59,80.8,100.4,5.34,1.279
2042-06-16,13.73,8.35,196.84,307.53,74.7,100.3,3.4,2.022
2042-06-17,13.22,9.34,224.16,303.83,62.2,100.5,2,4.244
2042-06-18,13.95,7.95,182.9,303.93,80.1,100.6,9.95,0.737
2042-06-19,16.45,12.01,149.58,352.45,89.8,99.7,18.01,1.248
2042-06-20,15.37,11.96,228.86,334.08,77.8,99.8,7.42,7.431
2042-06-21,14.37,11.3,214.51,322.18,70.5,100.6,0.47,6.317
2042-06-22,17.19,12.23,148.62,356.7,92.1,100.6,5.39,1.331
2042-06-23,18.44,13.97,278.88,334.32,88.3,101.3,0,1.81
2042-06-24,21.97,13.74,318.66,335.46,80.3,101.5,0,0.383
2042-06-25,23.44,16.8,313.02,342.07,62.9,101.3,4.16,3.115
2042-06-26,24.79,17.82,285.74,373.52,74.5,100.9,7.58,0.738
2042-06-27,21.4,14.11,221.2,358.59,82.5,100.9,9.14,2.132
2042-06-28,19.5,12.92,280.05,319.41,75.2,100.9,0,1.682
2042-06-29,16.37,12.59,277.09,308.38,73.7,100.7,0.65,3.785
2042-06-30,17.63,12.82,283.99,315.73,73.6,101.5,0,3.16
2042-07-01,19.94,12.34,335.88,299.94,74.4,101.5,0,0.301
2042-07-02,23.11,15.14,328.17,338.93,74.5,100.8,4.47,0.375
2042-07-03,22.82,17.47,307.07,350.06,88.1,100.3,1.37,0.726
2042-07-04,21.98,16.32,291.31,342.54,86.5,100.6,0,1.277
2042-07-05,21.36,14.65,315.67,321.6,78.2,100.9,0,1.948
2042-07-06,20.03,15.12,245.47,342.74,86.4,100.5,6.89,0.417
2042-07-07,18.59,14.78,253.5,334.28,84,99.9,3.33,1.279
2042-07-08,21.71,16.55,228.95,354.33,75.7,100.1,0,0.7
2042-07-09,20.12,15.2,320.61,319.99,78.8,100.4,0,0.856
2042-07-10,23.81,14.79,203.14,363.15,80.4,100.3,4.81,1.086
2042-07-11,20.05,16.54,280.73,340.53,87.5,100.3,11.24,1.802
2042-07-12,20.53,15.5,285.98,325.29,80.4,100.9,1.72,0.758
2042-07-13,23.66,15.08,276.84,342.56,73.3,100.5,5.51,1.947
2042-07-14,19.96,15.2,218.63,342.72,84.8,100,23.13,0.468
2042-07-15,19.07,13.97,268.22,314.98,75.9,99.7,0,2.501
2042-07-16,20,14.48,261.66,329.55,75.3,99.8,1.72,1.121
2042-07-17,20.12,14.67,263.25,326.92,71,100.1,1.77,0.916
2042-07-18,19.84,13.57,294.08,312.73,74.8,100.5,0,1.51
2042-07-19,19.05,14.79,206.08,342.34,80.2,100.9,0,2.671
2042-07-20,20.68,15.2,270.09,331.43,78,100.8,0,0.74
2042-07-21,21.54,15.28,288.61,327.15,81.1,100.7,0,0.11
2042-07-22,23.09,16.46,293.69,340.47,80.8,100.7,1.39,0.295
2042-07-23,22.56,18.05,244.02,356.84,87.5,100.6,6.94,0.12
2042-07-24,23.15,17.42,275.07,349.73,84.9,100.2,4.54,2.3
2042-07-25,21.21,15.77,214.3,346.53,74.8,100.4,0,2.674
2042-07-26,20.44,15.49,229.41,342.42,73.8,100.7,0,0.768
2042-07-27,19.71,15.25,234.36,337.73,79.4,100.6,14.77,2.324
2042-07-28,19.91,15.33,143.19,360.65,88.8,99.6,8.58,3.736
2042-07-29,19.74,13.9,215.01,335.68,83.9,99.2,3.63,1.831
2042-07-30,18.71,12.28,269.53,298.72,73,99.8,1.36,2.119
2042-07-31,17.97,12.67,222.62,305.47,73.8,100.1,2.84,3.684
2042-08-01,17.24,13.05,176.24,312.3,74.5,100.4,4.31,5.294
2042-08-02,18.3,12.88,232.58,305.75,71.1,100.6,1.13,2.362
2042-08-03,18.45,11.32,274.09,296.53,73.7,100.9,0,1.951
2042-08-04,18.67,13.53,139.85,344.92,80.6,99.7,19.28,6.475
2042-08-05,16.91,12.33,201.78,318.52,74.2,100.1,8.07,3.006
2042-08-06,17.4,13.7,204.48,331.85,73,99.6,3.85,3.351
2042-08-07,17.69,12.08,257.89,299.5,67.9,100.6,0,1.821
2042-08-08,17.93,11.3,191.82,318.61,78.7,100.4,2.32,1.166
2042-08-09,19.28,13.21,237.26,320.48,79.5,99.5,0,0.703
2042-08-10,20.31,13.52,242.42,318.63,77.9,99.3,0,0.498
2042-08-11,18.77,14.09,251.66,317.05,83.1,99.6,2.5,1.292
2042-08-12,19.54,13.88,250.78,318.4,83.1,99.9,2.25,0.613
2042-08-13,20.24,13.85,252.25,319.67,77.4,100.2,2.23,2.564
2042-08-14,19.88,12.92,189.87,332.96,77.5,100.2,0.88,4.351
2042-08-15,18.16,12.77,113.46,337.08,78.9,100.2,0.27,4.69
2042-08-16,17.82,11.61,176.23,310.54,77.5,100.6,0,2.353
2042-08-17,18.8,11.26,259.27,293.32,74.9,101.2,0,0.215
2042-08-18,19.32,12.96,120.17,353.5,84.9,101.1,5.05,0.434
2042-08-19,19.82,13.46,235.49,318.46,80.7,101.5,0,1.711
2042-08-20,19.54,13.31,207.11,331.16,81.3,101.2,3.62,2.666
2042-08-21,17.61,14.53,121.21,330.75,79.8,100.9,3.04,5.155
2042-08-22,17.01,13.85,76.73,352.86,90,100.8,18.1,2.949
2042-08-23,18.67,14.8,31.89,379.48,95.9,100.2,29.5,3.278
2042-08-24,18.48,14.64,74.36,363.12,93.3,99.8,29.83,4.569
2042-08-25,17.64,14.23,134.55,341.15,83.8,99.6,24.08,4.408
2042-08-26,17.39,14.17,100.73,340.91,81.6,98.9,17.57,7.852
2042-08-27,18.7,14.32,192.43,327.4,81.2,100.4,1.35,5.945
2042-08-28,19.03,15.46,96.06,367.1,91.8,101.2,1.09,2.528
2042-08-29,20.62,17.66,156.98,366.74,90.2,101.1,0.18,1.056
2042-08-30,20.01,14.58,136.94,338.53,83.4,101,1.82,2.106
2042-08-31,19.33,13.54,165.23,324.4,81.9,101.3,0.92,1.807
2042-09-01,18.65,12.49,193.87,311.84,80.3,101.6,0,1.551
2042-09-02,20.03,14.52,175.35,342.65,87.8,101.7,0.41,1.996
2042-09-03,19.93,14.37,198.45,325.52,89.9,101.8,0.78,0.133
2042-09-04,19.49,13.98,200.14,318,88.9,102.1,0,0.183
2042-09-05,20.31,14.23,208.64,317.23,89,102.1,0,0.168
2042-09-06,18.95,13.44,146.69,329.03,90.5,102,0,0.181
2042-09-07,20.81,14.21,208.68,318.24,85.4,101.8,0,0.313
2042-09-08,21.1,14.54,210.5,308.8,82.5,101.5,0,0.06
2042-09-09,21,14.24,203.85,314.92,82.9,101.3,0,0.563
2042-09-10,18.28,12.5,132.64,331.12,78.3,101.5,0,3.942
2042-09-11,18.61,12.19,179.88,315.1,63.8,101.6,0,3.418
2042-09-12,19.62,14.06,169.18,326.23,65.8,101.2,0,3.905
2042-09-13,21.24,14.09,189.95,328.97,72.8,100.9,0,0.736
2042-09-14,20.87,14.87,175.35,338.57,87.4,100.6,0,0.479
2042-09-15,19.73,15.38,60.56,364.08,93,99.9,7.38,0.473
2042-09-16,20.26,16.84,134.49,363.11,89.4,99.4,7.08,0.521
2042-09-17,18.78,14.07,123.69,329.64,73.1,99.5,10.21,6.778
2042-09-18,16.87,13.55,129.86,332.9,77.3,99.4,19.84,8.857
2042-09-19,17.08,14.3,128.55,335.34,80.8,99.7,21,8.187
2042-09-20,18.31,15.3,45.3,362.06,88.4,99.6,38.16,6.613
2042-09-21,17.03,14.67,128.78,328.73,76.9,100.7,1.97,5.089
2042-09-22,17.29,14.67,89.94,345.07,79.8,100.3,2.21,4.574
2042-09-23,15.67,13.2,99.37,317.42,74.7,99.7,4.44,6.345
2042-09-24,15.31,11.88,89.53,327.53,78,99.5,5.97,2.153
2042-09-25,14.95,10.75,91.42,317.86,85.5,99.7,5.12,1.419
2042-09-26,14.34,9.07,145.84,285.62,72.8,100.6,0,1.04
2042-09-27,17.08,13.1,41.77,361.98,92.7,100.8,5.01,4.942
2042-09-28,17.81,14.07,93.28,349.99,90.4,101.2,0,1.532
2042-09-29,17.72,14.2,82.83,361.1,93.4,101.4,0,1.462
2042-09-30,17.62,11.1,130.03,314.61,80.1,101.6,0,0.995
2042-10-01,14.13,9.28,131.54,290.99,80.3,102,0,0.278
2042-10-02,15.88,11.54,80.09,340.28,86,101.7,0,3.225
2042-10-03,15.69,13.44,81.18,344.79,86.8,101.4,0.81,4.63
2042-10-04,16.13,13.86,62.26,349.52,88.4,101,0.6,5.062
2042-10-05,15.11,10.43,81.55,319.04,72.7,100.5,4.09,6.116
2042-10-06,13.13,8.7,115.25,281.29,60,101.5,0,2.034
2042-10-07,14.03,9.2,76.48,315.26,68.2,101.7,0,0.817
2042-10-08,14.9,10.59,104.69,309.85,73,101.4,0,2.621
2042-10-09,15.6,10.05,73.03,319.15,84.3,101.4,0.03,1.55
2042-10-10,16.27,12.38,72.75,333.78,79.9,100.8,0,1.713
2042-10-11,16.97,12.59,12.27,362.79,87.6,99.5,17.87,0.731
2042-10-12,18.1,16.08,46.32,377.55,95.4,99.1,16.59,0.879
2042-10-13,17.24,12.92,32.15,369.48,95.1,99.4,20.85,2.063
2042-10-14,13.28,11.16,46.28,341.12,80.9,100.8,6.83,3.83
2042-10-15,11.16,8.37,17.52,326.62,76.7,101.2,6.58,4.144
2042-10-16,12.08,8.44,46.74,329.08,80.4,101.5,0,1.643
2042-10-17,13.45,8.9,99.06,296.29,74.9,101.8,0,0.431
2042-10-18,14.03,8.98,78.68,310.08,81,101.9,0,0.365
2042-10-19,12.76,8.58,72.04,309.81,85.1,101.7,0,1.934
2042-10-20,11.96,9,64.81,315.69,87.3,101.6,0,1.714
2042-10-21,12.25,6.48,89.98,279.02,87.5,101.2,0,1.121
2042-10-22,15.91,6.59,79.61,306,82.5,100.6,0,1.324
2042-10-23,16.27,11.54,47.34,333.2,81.3,100.1,0,2.045
2042-10-24,16.59,12.28,38.46,345.23,94.5,100.4,1.85,0.819
2042-10-25,15.25,9.71,83.73,292.28,93.1,101,0,1.273
2042-10-26,14.93,7.68,59.22,306.36,86.2,100.7,0,2.021
2042-10-27,14.1,10.19,40.82,335.21,86.7,101,0,1.103
2042-10-28,12.05,8.92,52.78,311.05,84.5,101.1,0,2.054
2042-10-29,13.47,9.04,48.61,328.01,87.4,100.8,1.86,1.118
2042-10-30,15.18,13.16,35.34,350.79,92,100,12.11,2.408
2042-10-31,15.01,11.54,28.18,337.16,91.3,99.7,19.47,1.223
2042-11-01,14.85,9.91,21.04,325.07,90.6,99.3,26.82,0.606
2042-11-02,15.14,11.02,13.98,339.33,87.8,98.4,9.88,0.809
2042-11-03,14.75,10.97,37.36,333.19,88.8,98.7,8.75,1.698
2042-11-04,15,12.04,44.74,326.59,81.2,98.5,6.17,1.786
2042-11-05,15,11.7,47.28,331.22,82.4,99.5,6.04,4.221
2042-11-06,15.81,14.43,28.45,368.99,94.9,100.6,12.44,4.567
2042-11-07,15.25,14.45,34.1,357.67,93,101.4,1.46,3.901
2042-11-08,14.99,12.01,37.17,331.24,91.4,101.5,0.35,0.996
2042-11-09,14.14,9.49,52.75,317.07,87.8,101.2,0,1.223
2042-11-10,16.12,14.17,33.89,354.78,92.9,101,0.69,1.481
2042-11-11,16.62,14.5,51.19,341.87,88,100.4,0,2.152
2042-11-12,16.47,13.51,26.62,347.69,90.4,100,12.22,1.459
2042-11-13,14.35,13.26,27.55,326.87,89.3,100.6,2.28,1.343
2042-11-14,13.69,7.68,30.98,294.05,86.7,100.9,0.62,1.567
2042-11-15,12.9,7.64,47.98,293.45,86.4,101.2,0,0.685
2042-11-16,12.57,8.74,15.08,331.01,94.8,101.2,8.97,0.476
2042-11-17,11.76,8.39,36.07,299.71,89,100.5,0,2.386
2042-11-18,12.01,9.21,19.45,320.99,86.6,99.2,10.88,0.372
2042-11-19,10.94,8.86,31.09,291.99,68.1,100.9,3.02,5.255
2042-11-20,12.99,9.22,16.87,326.94,85.1,101.7,2.82,5.099
2042-11-21,13.43,10.45,21.02,326.41,82.9,101.3,0.88,2.186
2042-11-22,10.59,7.56,28.94,297.69,88.3,100.6,0.73,1.429
2042-11-23,11.61,8.05,19.93,328.02,95.2,100.6,2.9,1.5
2042-11-24,11.42,7.1,20.91,315.42,92.4,100.6,2.31,0.671
2042-11-25,9.26,4.76,40.06,259.97,90.8,101.2,0,1.29
2042-11-26,9.32,3.83,38.68,261.46,92.3,102,0,1.947
2042-11-27,10.01,6.48,26.9,303.08,91.1,102.3,0,1.803
2042-11-28,10.29,6.71,26.03,310.01,86.4,102,0,1.697
2042-11-29,8.38,4.13,31.01,271.33,86.3,101.9,0,1.855
2042-11-30,7.6,3.2,19.61,286.89,84.3,101.7,0,2.481
2042-12-01,7.2,4.24,19.79,296.71,85.1,101.5,0,1.53
2042-12-02,6.98,3.11,15.67,289.21,88.1,101.3,0.99,1.26
2042-12-03,9.01,2.52,22.89,272.08,90.1,101.7,0.48,0.664
2042-12-04,7.47,3.19,26.82,261.32,92.2,102.5,0,1.445
2042-12-05,9.53,4.13,25.16,292.3,92.4,102.3,0,1.884
2042-12-06,9.06,4.62,25.71,295.99,89.4,101.7,0,1.54
2042-12-07,11.21,8.18,17.96,333.65,94.9,101,1.05,1.359
2042-12-08,13.6,10.95,11.82,347.36,92.9,99.6,15.57,1.857
2042-12-09,12.66,10.51,18.56,320.6,87,99.1,5.39,1.658
2042-12-10,11.57,6.87,18.94,291.6,70.9,99.2,5.71,3.578
2042-12-11,11.2,6.76,8.36,303.79,79.1,98,6.48,7.421
2042-12-12,10.21,7.17,16.48,304.21,73.8,98.7,12.7,4.992
2042-12-13,9.58,7.48,21.9,290.83,73.2,99,2.28,6.377
2042-12-14,8.17,5.98,17.67,290.26,77.3,98.4,0.99,4.347
2042-12-15,7.72,2.79,24.18,258.47,85.2,98.7,0,0.564
2042-12-16,11.15,2.48,13.72,301.59,88,99.1,14.62,1.839
2042-12-17,11.46,7.46,11.01,310.25,75,98.8,15.35,8.113
2042-12-18,11.51,7.7,7.42,314.97,77.9,100.2,19.57,7.013
2042-12-19,9.16,6.77,24.23,283.9,68.2,101,2.55,7.109
2042-12-20,12.81,7.34,4.21,328.35,82.7,99.7,19.35,3.426
2042-12-21,8.6,6.4,16.97,297.92,67.5,98.9,4.77,6.197
2042-12-22,7.16,5.17,11.6,306.06,77.8,98.7,2.73,2.154
2042-12-23,5.84,0.77,24.92,258.26,90.3,98.6,1.77,0.997
2042-12-24,4.79,0.28,29.43,235.18,85.5,99.5,0,0.786
2042-12-25,4.79,0.63,29.41,241.16,83.8,101.4,0,0.686
2042-12-26,9.96,2.37,10.54,321.95,90.2,102.1,1.72,2.042
2042-12-27,9.84,8.66,15.1,329.74,94.9,102.1,1.46,4.631
2042-12-28,9.91,8.6,14.44,333.4,94.9,102.1,2.81,3.779
2042-12-29,10.26,8.67,13.47,333.67,93.7,101.4,2.39,4.883
2042-12-30,10.59,9.82,9.83,345.24,93.2,100.2,24.48,5.86
2042-12-31,10.57,7.51,8.29,334.25,89.3,99.6,16.88,4.492
2043-01-01,10.54,5.21,6.75,324.49,85.4,99,9.29,3.145
2043-01-02,6.23,0.37,10.97,270.6,82.1,99.2,6.48,1.163
2043-01-03,6.3,-0.79,28.36,249.49,81.1,100.6,4.61,0.628
2043-01-04,5.63,0.36,20.19,272.16,76.7,101.1,0,0.653
2043-01-05,7.61,3.27,14.96,301.9,76.5,100.5,3.28,1.222
2043-01-06,8.88,5.58,20.65,307.07,87,99.9,15.36,5.287
2043-01-07,5.49,2.36,16.18,278.33,78.3,100.7,1.06,2.736
2043-01-08,6.69,3.86,4.23,317.7,87.9,100.7,21.2,6.547
2043-01-09,6.8,5.25,17.6,310.01,83.7,100,3.92,4.218
2043-01-10,10.38,6,18.75,323.88,93.3,99,1.41,1.435
2043-01-11,10.56,8.94,22.69,309.11,85.4,99.4,4.04,5.402
2043-01-12,10.92,10.4,3.45,353.36,96.3,100.5,36.98,5.244
2043-01-13,10.56,7.41,17.59,328.21,95.3,100.6,2.58,0.451
2043-01-14,9.85,7.56,19.04,327.6,92.6,100.1,0,1.708
2043-01-15,8.78,6.61,8.83,321.69,87,100,5.34,3.618
2043-01-16,7.9,6.03,22.98,307.12,79.5,100.4,0,5.01
2043-01-17,7.74,5.29,25.96,304.07,85.3,100.9,0,1.963
2043-01-18,8.36,4.75,23.27,314.05,92.5,100.8,1.75,1.421
2043-01-19,8.41,4.55,29.68,303.71,94.4,101.1,0,1.308
2043-01-20,8.83,6.25,26.86,310.2,92.3,100.5,4.52,2.022
2043-01-21,11.34,7.33,14.3,322.2,83,97.8,40.6,2.186
2043-01-22,7.55,5.55,25.87,290.76,77.4,97.6,5.67,4.158
2043-01-23,7.03,4.92,23.19,295.19,77.4,98.7,4.79,4.846
2043-01-24,6.33,3.36,19.4,300.32,84.7,99.9,11.49,6.043
2043-01-25,11.03,6.14,13.79,315.88,91.1,99.8,18.14,2.319
2043-01-26,10.76,6.48,21.83,316.82,79.5,98,23.14,7.912
2043-01-27,8.95,6.85,14.89,322.16,82,99.2,16.06,11.802
2043-01-28,9.36,8.56,31.44,323.76,91.2,101,5.55,6.529
2043-01-29,9.87,6.63,27.83,308.53,82.7,100.4,18.09,5.774
2043-01-30,7.05,5.73,25.19,308.88,83.3,100.5,8.19,4.621
2043-01-31,7.19,5.16,37.04,292.41,83.5,101.1,0,1.126
2043-02-01,7.89,3.22,56.29,258.91,78.9,102.2,0,0.499
2043-02-02,9.13,5.84,17.64,319.91,89.9,101.9,7.82,2.196
2043-02-03,9.09,6.02,36.56,310.16,82.8,101.3,13.65,5.951
2043-02-04,9.39,5.72,17.28,325.28,90.4,101,12.25,7.13
2043-02-05,9.97,3.35,38.85,290.89,77.6,99.8,17.37,5.15
2043-02-06,5.21,2.86,54.06,249.55,69.5,100.1,0.89,5.166
2043-02-07,4.66,1.76,54.04,248.35,62.5,100.4,0.03,4.234
2043-02-08,4.79,1,61.09,235.85,66.6,100.8,0,3.225
2043-02-09,8.77,1.12,17.6,299.18,91.4,100.9,5.71,4.539
2043-02-10,9.98,7.91,21.47,337.95,90.8,99.9,14.99,9.491
2043-02-11,7.88,4.99,40.96,301.28,76.4,99.3,8.12,7.605
2043-02-12,5.46,2.29,31.78,286.98,79.1,98.4,5.41,1.789
2043-02-13,5.26,0.67,26.72,277.93,88,99.4,7.09,2.097
2043-02-14,4.61,-0.46,83.55,237.77,72.9,101.3,0,1.851
2043-02-15,6.27,-0.15,64.7,266.24,73.4,102.2,0,0.686
2043-02-16,7.61,4.74,76.17,285.8,77.9,102.5,0,0.925
2043-02-17,6.93,3.24,72.64,275.46,77.6,101.9,0,0.628
2043-02-18,7.44,4.45,70.37,289.05,81.6,101,6.32,3.195
2043-02-19,7.71,4.26,37.57,302.63,81.9,100.3,14.11,6.358
2043-02-20,6.27,4.41,49.5,292.72,82.8,100.4,1.9,5.066
2043-02-21,10.18,4.99,23.46,326.79,91.5,100.1,13.06,5.387
2043-02-22,7.95,5.28,45.09,302.24,77.5,98.9,7.95,6.409
2043-02-23,7.56,4.88,54.16,291.73,80.6,99.1,1.08,2.458
2043-02-24,7.79,4.12,75.42,275.77,72.9,100.5,0,2.252
2043-02-25,5.92,2.67,45.8,286.67,80.4,100.2,0.77,0.88
2043-02-26,7.92,5.8,66.17,301.06,77.9,99.5,7.34,7.529
2043-02-27,7.63,4.84,97.08,267.78,71.5,100.2,0,2.888
2043-02-28,7.92,3.16,74.74,291.39,84.4,101.2,0.1,1.15
2043-03-01,10.8,7.64,77.27,321.91,92.6,101.7,0,2.595
2043-03-02,9.55,7.19,58.61,321.3,92.4,101.7,2.39,5.284
2043-03-03,7.7,5.57,52.21,307.22,79.2,101.4,2.42,9.396
2043-03-04,9.67,6.73,42.83,327.69,91.2,101.3,1.9,6.562
2043-03-05,9.94,8.29,68.13,326.21,93.8,101.6,1.97,5.597
2043-03-06,8.91,6.33,56.6,321.94,86,100.7,7.54,8.323
2043-03-07,7.88,5.58,82.93,299.76,76.3,99,7.08,7.562
2043-03-08,7.42,3.91,73.29,296.16,76.2,99.7,1.4,2.186
2043-03-09,5.75,1.34,118.83,250.48,64.3,99.6,0,1.018
2043-03-10,5.9,0.91,86.83,272.8,68.1,99.6,0,2.022
2043-03-11,9.29,3.53,123.75,275.49,73.4,100.3,0,1.62
2043-03-12,9.72,3.52,152.6,241.28,68.5,100.4,0,2.315
2043-03-13,11.49,1.27,158,246.24,75.7,100.2,0,1.589
2043-03-14,8.84,2.74,91.79,287.57,81.8,100,0.24,1.635
2043-03-15,9.8,5.33,89.96,311.83,93.1,100,2,0.737
2043-03-16,11.27,7.79,27.42,347.15,97,99.9,25.92,4.739
2043-03-17,11.47,10.09,51.03,353.97,98,100.5,4.66,3.266
2043-03-18,10.81,8.15,107.6,321.13,77.8,101,11.65,7.54
2043-03-19,10.68,7.29,104.39,316.4,84.6,101.3,0.53,8.578
2043-03-20,11.41,8.62,115.99,319.72,89.8,101.1,0.19,5.765
2043-03-21,9.37,6.2,121.23,295.82,78,100.9,0,0.794
2043-03-22,7.84,4.7,88.03,296.37,80.2,101,1.35,3.388
2043-03-23,9.44,3.89,158.3,274.94,70.1,100.7,0,1.89
2043-03-24,9.36,4.91,121.64,294.74,72.9,100.7,0,0.424
2043-03-25,10.12,5.72,170.97,274.98,81.4,101.2,0,1.584
2043-03-26,9.65,7.37,53.46,335.11,93.2,100.6,25.04,1.716
2043-03-27,12.39,9.03,123.28,336.34,96.2,100,1.47,0.43
2043-03-28,11.6,9.49,66.06,348.22,95.5,99.8,9.3,0.775
2043-03-29,11.57,7.39,121.41,311.5,81.6,99,4.79,3.642
2043-03-30,9.6,6.02,138.69,293.2,73.5,99.2,2.74,1.246
2043-03-31,9.19,5.89,75.82,311.63,84.9,98.5,8.72,0.457
2043-04-01,8.59,5.62,133.8,297.64,82.5,99.4,10.02,5.386
2043-04-02,8.33,5.92,106.26,291.01,77.8,100.3,7.44,5.659
2043-04-03,10.22,4.89,135.82,277.42,73.5,100.4,0,3.319
2043-04-04,10.18,5.51,153.66,281.9,75.7,100.7,0.72,1.78
2043-04-05,7.8,4.23,129.75,286.27,65.1,101.7,0,2.119
2043-04-06,8.32,4.47,177.59,284.74,64.8,101.7,0,0.613
2043-04-07,7.91,6.21,38.48,322.59,91.1,100,31.45,1.214
2043-04-08,8.89,5.44,96.53,312.63,90.7,98.8,8.88,0.647
2043-04-09,7.5,3.9,95.72,295.98,90.6,99.8,2.61,0.331
2043-04-10,9.95,3.1,181.46,271.5,77.5,100.1,0.29,1.066
2043-04-11,9.6,2.52,171.67,264.88,73.2,101.1,0,0.371
2043-04-12,9.93,6.09,113.8,310.41,86.7,100.3,3.1,0.587
2043-04-13,10.79,7.88,111.91,313.43,85,98.6,8.77,0.943
2043-04-14,10.15,7.18,58.23,308.96,77,98.1,10.47,2.915
2043-04-15,10.42,5.87,184.55,281.8,81.7,98,3.41,0.674
2043-04-16,10.09,5.68,114.54,299.45,83.5,98.1,6.25,1.074
2043-04-17,12.34,7.21,110.72,311.88,85.2,97.9,3.23,4.409
2043-04-18,12.91,7.84,178.3,305.35,79.2,98,2.43,4.713
2043-04-19,12.31,8.17,181.14,295.7,84.1,98.7,2.16,1.519
2043-04-20,11.54,5.76,201.22,278.29,82.5,99.6,0,1.017
2043-04-21,14.12,5.58,228.89,276.1,74.4,100.4,0,1.733
2043-04-22,12.62,7.62,188.16,284.79,73.1,100.5,0,5.256
2043-04-23,10.02,6.01,161.52,292.03,69,101,0,5.131
2043-04-24,10.3,5.28,187.63,291.52,66.9,101.8,0,1.299
2043-04-25,11.97,5.6,192.66,289.97,81.3,102,0,0.662
2043-04-26,12.25,4.94,258.92,261.34,81.2,101.6,0,0.956
2043-04-27,11.52,6.74,122.83,306.52,86.2,100.6,1.15,1.98
2043-04-28,11.46,8.62,87.52,329.3,91.3,99.6,7.07,3.81
2043-04-29,11.37,7.84,228.3,282.42,68.4,99.8,0,3.578
2043-04-30,12.53,8.49,74.35,347.85,90.5,99.9,17.99,1.449
2043-05-01,13.39,10.98,204.89,320.79,86.9,100.1,3.63,1.91
2043-05-02,13.75,10.63,247.48,310.28,84.9,100.2,0.01,1.281
2043-05-03,14,9.58,209.92,315.52,88.9,100.6,0,1.099
2043-05-04,16.86,9.77,263.96,310.6,81.1,100.5,0.89,0.712
2043-05-05,19.23,12.21,232.22,346.75,82.6,99.6,19.44,4.796
2043-05-06,15.38,12.03,242.74,318.43,82.3,99.9,1.39,0.291
2043-05-07,15.97,11.98,91.04,355.98,92.1,99.7,8.75,1.027
2043-05-08,15.73,11.39,163.58,345.19,86.2,99.7,0,2.856
2043-05-09,14.09,9.98,149,331.35,85.1,99.7,8.71,2.145
2043-05-10,13.53,7.63,178.25,311.56,74.8,100.9,4.19,1.502
2043-05-11,13.06,8.9,194.61,322.13,83.5,101.2,6.51,3.013
2043-05-12,12.31,9.22,169.84,312.13,78.1,100.9,2,7.004
2043-05-13,11.72,8.16,207.57,299.41,63.5,101.7,0,2.515
2043-05-14,13.79,9.22,107.79,332.41,86,101.4,14.14,4.757
2043-05-15,14.09,7.41,290.01,288.56,82.6,101.8,0,0.809
2043-05-16,15.56,9.85,245.31,314.22,87.9,101.9,0,0.824
2043-05-17,16.98,10.33,285.52,308.43,86.4,102,0,0.701
2043-05-18,14.93,10.06,267.61,302.13,72.2,101.5,0,2.573
2043-05-19,13.07,8.54,219.09,305.6,61.1,100.7,0.17,3.147
2043-05-20,14.33,8.71,201.31,301.79,69.7,100.3,0,2.381
2043-05-21,12.82,6.68,268.08,287.95,71.1,99.8,0,2.569
2043-05-22,10.7,7.97,117.6,314.72,84.6,99.3,4.23,1.2
2043-05-23,11.94,8.81,92.73,328.57,88.5,98.9,10.62,3.804
2043-05-24,12.31,9.12,166.14,333.08,90.7,98.6,16.07,1.611
2043-05-25,13,10.32,182.94,330.17,84.1,99.8,4.35,3.818
2043-05-26,14.6,8.65,309.87,283.21,82.6,100.5,0,2.04
2043-05-27,13.82,7.71,306.71,285.3,79.6,100.8,0,3.623
2043-05-28,13.83,10.39,235.06,313.49,80.5,101.2,0,4.275
2043-05-29,14.5,12.05,83.09,358.56,95.3,100.8,21.92,1.892
2043-05-30,14.23,10.45,237.59,321.18,83.8,101.1,0,4.342
2043-05-31,14.65,10.83,243.08,321.42,82.3,101.2,0,3.486
2043-06-01,15.06,11.22,248.56,321.75,80.9,101.2,0,2.644
2043-06-02,16.06,10.8,252.25,322.11,79.2,101.2,0.61,0.474
2043-06-03,15.59,9.84,285.46,296.36,77.7,101.1,0,0.682
2043-06-04,16.34,8.97,318.02,286.46,79.8,100.9,0,0.344
2043-06-05,15.8,10.15,248.42,306.46,77.7,100.8,0.42,0.532
2043-06-06,14.53,10.09,170.58,321.58,85.5,100.1,10.51,0.358
2043-06-07,13.86,9.03,290.5,293.36,78.1,99.8,12.36,3.037
2043-06-08,16.19,9.04,310.71,292.74,67.1,99.8,0,0.528
2043-06-09,17.47,12.78,198.86,352.29,82,99.7,3.22,1.414
2043-06-10,17.19,11.99,305.6,318.15,79,100.3,2.83,0.719
2043-06-11,21.3,12.54,209.25,355.28,77.3,100.4,3.03,2.153
2043-06-12,19.39,14.48,129.17,366.17,85.6,100.1,9.52,0.223
2043-06-13,15.08,12,72.19,343.56,92.4,100.1,21.98,3.166
2043-06-14,15.72,10.03,299.48,296.62,82.1,100.7,2.32,2.821
2043-06-15,18.54,11.4,291.68,310.77,77.4,101.5,0,1.522
2043-06-16,20.16,12.53,338.49,309.47,80.9,101.9,0,0.625
2043-06-17,18.55,12.26,291.78,316.36,81.6,101.9,0,0.614
2043-06-18,19.86,14.5,282.47,332.76,81.3,101.7,0,1.13
2043-06-19,20.2,13.27,283.14,328.89,82.2,101.6,0,0.474
2043-06-20,21.99,15.55,288.65,345.72,84.1,101.5,0,0.856
2043-06-21,19.84,13.68,332.66,315.55,81.3,101.6,0,2.395
2043-06-22,19.06,13.27,289.94,329.1,78.3,101.5,0,2.606
2043-06-23,19.71,12.87,278.05,320.15,79,101.6,0,1.971
2043-06-24,19.75,13.51,311.61,319.16,80.3,101.9,0,2.315
2043-06-25,19.58,14.69,248.77,344.61,83.8,102.2,0,2.059
2043-06-26,18.72,14.03,249.06,344.69,87.1,102.1,0,2.568
2043-06-27,19.39,15.6,159.83,367.62,88.5,101.3,0.86,5.146
2043-06-28,18.56,13.77,164.5,357.61,86.9,100.3,4.44,6.737
2043-06-29,16.84,12.35,240.57,317.35,66.9,100.4,0.82,3.122
2043-06-30,16.51,10.23,237.86,305.85,70.8,100.4,4.72,1.926
2043-07-01,17.68,10.16,255.02,298.51,68.6,100.1,0.87,1.666
2043-07-02,15.52,10.37,199.81,310.51,66.8,100.6,0,1.57
2043-07-03,15.68,10.99,213,316.77,62.1,100.6,0,1.947
2043-07-04,15.79,10.86,107.01,338.93,89.1,100.3,11.01,4.726
2043-07-05,16.04,12.91,211.19,335.15,83.9,99.4,9.33,5.622
2043-07-06,18.27,12.33,274.97,321.04,78.5,99.8,0.58,1.826
2043-07-07,16.82,12.22,284.73,307.2,75.7,100.2,0,2.694
2043-07-08,17.51,11.9,171.84,335.68,88.8,99.8,11.62,1.174
2043-07-09,17.69,12.07,279.7,313.25,81.7,100.3,5.77,2.008
2043-07-10,16.92,11.27,225.42,317.73,77.1,100.8,0,1.793
2043-07-11,16.9,12.85,65.93,357.48,90.4,100.5,41.86,2.527
2043-07-12,18.8,16.33,165.66,373.47,91.7,100.2,9.17,0.752
2043-07-13,21.35,15.52,228.12,355.89,86,100.2,6.56,0.708
2043-07-14,19.9,15.39,269.16,337.04,86,100.5,5.34,0.905
2043-07-15,19.82,15.04,309.42,322.18,83.8,100.9,0.78,0.583
2043-07-16,20.3,14.57,308.72,325.69,86.7,100.9,4.52,0.857
2043-07-17,19.64,14.42,319.56,309.58,82.1,101.2,0,2.602
2043-07-18,19.99,16.9,164.25,367.43,91.1,100.8,1.1,2.799
2043-07-19,20.95,17.29,281.94,350.49,83.1,100.5,0,0.83
2043-07-20,19.45,17.21,158.1,365.75,89.1,99.8,7.14,2.415
2043-07-21,18.61,15.03,156.83,357.07,84.6,99.2,9.98,4.755
2043-07-22,17.94,14.6,252.6,325.67,76.3,100,1.33,7.173
2043-07-23,18.52,14.25,264.27,318.82,76.3,100.5,0.53,5.101
2043-07-24,18.35,13.26,297.6,300.81,79.1,100.9,0,2.191
2043-07-25,19.62,14.39,229.14,349.3,88.2,100.9,1.12,1.772
2043-07-26,20.02,17.36,185.29,369.75,92.4,100.6,0.4,1.484
2043-07-27,18.66,17.07,72.49,382.86,95.3,100.5,4.13,1.142
2043-07-28,20.32,14.65,305.41,320.89,80.9,101,2.12,1.761
2043-07-29,21.67,13.87,311.26,306,75.9,101.3,0,0.438
2043-07-30,22.96,14.95,307.96,317.19,78.7,101.1,0,0.696
2043-07-31,22.01,15.08,282.64,324.46,80.7,101,0,1.358
2043-08-01,21.05,15.22,257.75,331.86,82.8,100.9,0,2.028
2043-08-02,20.08,14.4,243.39,336.09,84.5,101,0,2.493
2043-08-03,19.99,16.24,207.58,350.86,84.3,101,0,2.189
2043-08-04,21.54,16.03,260.74,342.15,86.9,101,0.52,1.016
2043-08-05,19.73,14.76,256.86,322.83,70.9,101.4,0.54,2.78
2043-08-06,20.08,12.46,292.45,292.9,71.9,101.8,0,0.649
2043-08-07,21.73,15.19,220.86,341.69,78.5,101,0.07,0.758
2043-08-08,19.31,16.45,212.4,353.29,83.6,100.6,3.55,5.491
2043-08-09,20.26,16.62,110.82,370.66,89.2,100.1,21.67,5.11
2043-08-10,19.32,16.28,231.6,332.94,77.5,100.1,1.15,7.846
2043-08-11,19.49,15.84,233.92,335.65,80.2,100.6,0,2.702
2043-08-12,20.03,15.93,125.78,354.23,81.4,99.8,7.6,1.764
2043-08-13,16.63,14.84,105.2,351.41,83.9,99.2,13.6,10.754
2043-08-14,18.01,14.42,221.97,325.52,72.8,100.2,0.37,7.122
2043-08-15,18.59,14.96,155.73,360.53,86.9,100.6,11.63,4.154
2043-08-16,18.51,15.92,189.41,355.38,87,99.7,52.05,6.311
2043-08-17,17.02,15.01,92,360.14,88.1,99.5,11.41,6.06
2043-08-18,17.97,14.27,161.7,341.34,84.8,99.9,2.2,0.276
2043-08-19,17.75,13.34,134.46,331.83,81.9,99.8,1.2,1.459
2043-08-20,17.86,12.49,191.85,312.38,72.7,100.5,0,4.619
2043-08-21,17.45,11.73,181.15,315.12,74.8,101.3,0,0.531
2043-08-22,18.91,13.65,227.94,321.63,77.8,101.5,0,1.844
2043-08-23,19.14,13.7,168.47,355.28,88.9,101.7,0.53,2.637
2043-08-24,20.31,17.15,158.11,372.71,94.2,101.7,0,2.29
2043-08-25,20.86,16.48,201.86,349.15,90.8,101.7,0,1.289
2043-08-26,22.91,16.24,208.83,347.98,85.9,101.4,0.13,0.384
2043-08-27,21.25,18.05,193.09,352.28,90.1,101.1,0,1.006
2043-08-28,20.84,18.31,186.75,363.16,90.9,101.1,0,1.175
2043-08-29,21.36,17.89,128.49,377.14,93.8,101.2,2.42,0.511
2043-08-30,22.25,15.73,176.83,344.49,73,101,0,1.649
2043-08-31,20.69,14.5,201.7,319.99,74.4,101.5,0,1.334
2043-09-01,19.13,13.27,227.06,296.6,75.6,101.9,0,1.295
2043-09-02,19.82,12.61,210.98,304.08,74.4,101.6,0,0.351
2043-09-03,20.12,15.63,185.28,342.34,74.8,100.6,17.82,0.943
2043-09-04,18.79,15.28,159.89,341.22,83,100.2,10.44,5.491
2043-09-05,16.87,13.03,122.56,328.86,70.5,100.9,1.54,3.022
2043-09-06,16.24,10.76,191.89,295.44,63,101.9,0,3.122
2043-09-07,17.19,14.21,141.11,330.32,77.6,102,0,5.768
2043-09-08,17.06,14.13,165.74,323.61,73.2,101.8,0,3.982
2043-09-09,17.21,13.3,119.16,328.44,81.5,101.1,5,3.635
2043-09-10,16.43,12.47,156.54,305.3,74.3,100.9,0.85,2.744
2043-09-11,16.74,11.85,158.06,316.85,71.7,101.5,0,1.962
2043-09-12,17.49,13.75,72.14,352.03,85,101.2,7.21,5.116
2043-09-13,17.17,13.9,152.75,327.18,80.3,101.3,0.61,5.151
2043-09-14,18.09,15.3,88.65,369.51,91.6,101.1,2.03,4.172
2043-09-15,18.33,15.48,62.45,368.55,90.6,100.8,9.28,3.908
2043-09-16,18.6,12.19,168.91,328.7,84.4,101.3,2.09,0.504
2043-09-17,19.65,17.27,106.69,379.46,97.5,101.7,1.34,1.822
2043-09-18,22.23,16.51,168.97,349.42,91.6,102.1,0,0.428
2043-09-19,24.19,16.86,176.97,346.48,79.5,102.1,0,0.711
2043-09-20,20.92,17.66,109.51,363.77,88.3,101.7,0.9,1.51
2043-09-21,18.52,15.35,69.14,368.04,93.8,101.5,2.44,1.205
2043-09-22,19.29,14.95,133.16,339.22,87.5,101.5,0,0.553
2043-09-23,19.47,15.26,128.87,339.91,88.7,101,0,0.608
2043-09-24,19.72,14.46,125.2,340.12,92.5,101,0,0.627
2043-09-25,17.81,15.37,128.07,340.63,84.2,101,1.12,3.327
2043-09-26,17.15,14.13,87.32,342.17,82.3,100.5,5.01,5.812
2043-09-27,15.16,12.25,69.19,320.99,76.3,100.3,3.13,5.809
2043-09-28,14.94,10.66,126.49,292.5,70.9,99.9,0,1.155
2043-09-29,14.21,9.4,77.72,309.16,74.5,99.8,2.09,1.868
2043-09-30,16.92,11.55,36.04,340,81.8,98.9,28.74,4.594
2043-10-01,13.9,9.86,52.53,319.59,74.6,97.7,17.86,12.344
2043-10-02,12.76,8.82,56.02,322.88,78.7,98.5,8.89,5.636
2043-10-03,12.86,8.36,104.98,296.46,75.3,98.9,1.8,2.485
2043-10-04,12.8,7.74,125.88,282.75,75.5,99.9,0.24,0.614
2043-10-05,13.74,9.38,55.17,316.73,83.9,99.7,10.04,3.174
2043-10-06,15.13,13,43.14,346.92,86.1,99.6,16.89,6.947
2043-10-07,13.71,10.87,83.89,318.97,76.2,99.4,28.06,7.212
2043-10-08,14.04,10.47,82.17,303.15,71.1,101.3,0.34,5.335
2043-10-09,14.78,10.58,75.55,329.87,76.3,101.6,0,1.254
2043-10-10,15.18,12.42,59.24,325.85,85,100.6,9.57,1.504
2043-10-11,15.52,12.12,90.16,322.88,83.1,100.5,2.8,5.252
2043-10-12,14.91,12.31,26.94,343.97,90.4,99.6,8.84,2.726
2043-10-13,13.68,10.87,88.32,306.1,70.4,99.8,2.16,5.745
2043-10-14,17.24,10.62,14.2,364.58,91.9,99.3,27.54,1.824
2043-10-15,17.6,14.57,22.33,382.61,97.9,99.4,37.61,0.514
2043-10-16,16.1,13.99,43,365.84,95.7,100,1.52,0.337
2043-10-17,15.34,11.67,82.98,328.97,82.5,100.3,8.63,5.406
2043-10-18,14.45,11.79,40.65,339.44,84.7,101,1.67,6.095
2043-10-19,15.3,13.23,12.99,365.45,93.6,100.7,34.59,5.23
2043-10-20,16.21,11.88,25.52,352.23,92.2,99.7,23.31,4.829
2043-10-21,14.55,11.54,69.2,318.02,76.9,100.4,8,7.927
2043-10-22,12.33,10.04,68.03,304.7,70.7,100.1,6.1,8.649
2043-10-23,11.26,9.4,51.57,306.19,75.4,100.1,6.99,6.205
2043-10-24,11.77,9.61,28.03,328.33,75.7,100,6.89,3.59
2043-10-25,15.71,11.31,13.27,360.62,90.8,98.2,46.06,2.753
2043-10-26,13.99,11.4,68.3,304.82,76.7,99.1,0,4.58
2043-10-27,15.33,10.95,13,354.71,91.8,98.5,28.06,0.477
2043-10-28,14.05,10.82,51,333.69,86.5,98.5,1.98,1.044
2043-10-29,14.39,11.31,41.87,327.94,84.5,98,15.71,2.487
2043-10-30,13.93,11.02,55.62,315.25,81.7,98.1,2.66,4.355
2043-10-31,12.91,9.1,52.32,312.89,84.6,98.6,4.61,2.663
2043-11-01,11.9,7.18,49.01,310.62,87.4,99.1,6.56,1.039
2043-11-02,9.72,5.93,73.45,274.82,69.8,100.6,0,1.115
2043-11-03,8.18,5,58.63,269.57,71.3,101.1,0,1.186
2043-11-04,9.17,5.1,51.55,279.81,69.1,102.1,0,1.329
2043-11-05,10.39,6.26,25.62,320.3,78.8,102.1,1.04,1.625
2043-11-06,11.23,9.51,27.82,334.59,88.9,101,10.13,1.966
2043-11-07,11.52,7.9,20.99,329.75,90.3,100.4,4.72,0.659
2043-11-08,14.43,6.85,49.2,313.07,82.1,99.7,0,2.391
2043-11-09,15.13,13.01,38.21,331.38,86.4,98.4,1.9,3.023
2043-11-10,14.74,10.15,35.66,309.61,79,97.1,11.97,2.554
2043-11-11,12.61,9.67,57.65,275.98,78.8,98,0,5.69
2043-11-12,11.17,7.07,12.84,317.34,84.6,98.7,6.56,6.873
2043-11-13,11.12,7.95,43.87,298.56,88.5,98.9,2.36,3.355
2043-11-14,12.02,8.71,40.61,302.29,82.5,97.7,14.1,1.34
2043-11-15,11.91,9.07,15.51,327.22,81.8,97.5,17.96,2.612
2043-11-16,11.35,8.89,38.21,306.13,85.8,98.1,3.99,2.494
2043-11-17,9.91,8.16,16.52,311.5,86.5,98.8,5.24,3.276
2043-11-18,11.6,5.43,41.38,290.56,86.4,100,4.49,1.033
2043-11-19,13.87,10.09,25.08,344.43,91.6,99.7,32.69,3.868
2043-11-20,11.18,7.74,44.07,302.01,84.2,100.2,12.61,2.612
2043-11-21,10.55,8.1,31.85,299.01,78.5,101.2,4.27,6.26
2043-11-22,12.38,9.7,8.46,325.03,85.2,101.1,19.63,8.569
2043-11-23,12.32,8.92,22.68,318.97,79.9,100.5,4.84,7.119
2043-11-24,12.39,8.48,25.43,316.14,81.4,100.1,5.96,7.035
2043-11-25,12.86,8.46,9.02,341.52,93.8,100.6,15.44,7.546
2043-11-26,11.92,9.81,20.67,335.83,88.9,100.8,2.12,6.171
2043-11-27,12.69,6.62,7.65,339.38,92.4,99.8,21.66,3.178
2043-11-28,9.74,5.32,33.41,277.43,79.8,101.2,1.14,2.101
2043-11-29,9.69,7.49,26.87,297.59,77.8,101.3,3.23,1.375
2043-11-30,12.89,8.34,10.43,350.23,94.5,99.5,8.56,1.029
2043-12-01,10.76,6.56,10.79,334.36,95.4,99.4,12.94,2.267
2043-12-02,7.47,3.81,35.63,261.41,79.1,99.9,1.47,1.675
2043-12-03,10.56,5.49,11.88,310.49,83.8,98.4,10.31,4.771
2043-12-04,11.27,8.99,13.18,324.18,86.4,98.3,11.49,6.316
2043-12-05,12.4,8.92,11.14,335.28,91.7,99.7,33.38,5.384
2043-12-06,11.8,7.99,14.82,310.37,81.4,99.6,19.86,7.527
2043-12-07,9.75,8.24,21.37,302.99,74.5,101,1.05,5.414
2043-12-08,10.8,8.59,13.64,339.43,94.2,100.6,5.98,0.569
2043-12-09,13.01,8.56,21.95,326.25,77.6,99.8,14.22,6.878
2043-12-10,10.45,8.09,10.29,320.55,80.3,100.6,0.83,4.696
2043-12-11,12.96,9.19,10.07,353.38,94,100.1,7.67,1.251
2043-12-12,12.62,6.63,24.44,300.36,72.9,101.1,11.15,5.723
2043-12-13,10.59,8.39,17.18,317.14,78.7,101.7,1.11,4.757
2043-12-14,9.2,5.51,13.98,301.35,79.2,100.9,13.8,3.703
2043-12-15,7.49,5.06,15.68,298.73,80.4,101.5,3.85,2.875
2043-12-16,11.47,6.2,5.22,328.91,88.1,100.8,37.95,1.18
2043-12-17,10.97,7.02,7.18,334.65,90.3,99.9,28.49,1.59
2043-12-18,9.28,7.47,6.03,335.55,93.1,99.5,18.69,1.903
2043-12-19,9.72,5.19,26.19,289.63,91,100.5,2.46,0.324
2043-12-20,6.68,2.3,18.25,268.73,82.1,101.6,0,3.515
2043-12-21,4.19,1.04,24.75,260.37,81.9,101.7,0.43,0.753
2043-12-22,5.94,2.96,14.21,295.3,77.3,99.5,1.18,1.885
2043-12-23,5.27,-1.19,6.13,281.15,87.7,98.4,10.94,0.62
2043-12-24,4.82,-3.1,9.44,250.37,82.6,98.7,5.42,3.136
2043-12-25,3.78,-2.4,28.86,241.79,77.1,99.4,0,0.856
2043-12-26,5.71,2.77,21.91,272.96,75.6,100,2.12,3.653
2043-12-27,5.27,2.88,17.45,286.37,82.6,99.6,0.29,2.932
2043-12-28,4.15,2.06,7.27,297.92,82.2,98.7,5.2,7.54
2043-12-29,5.02,3.12,19.94,284.79,87.1,99.9,0,4.144
2043-12-30,4.64,1.95,21.63,279.31,85.4,100.5,1.25,2.804
2043-12-31,6.18,2.34,20.53,285.69,86.7,100.4,1.66,3.678
2044-01-01,7.71,2.73,19.42,296.45,87.9,100.3,2.07,4.557
2044-01-02,10.48,7.77,14.29,336.47,92.1,99.8,23.01,1.833
2044-01-03,9.38,5.16,19.06,314.66,87.5,99.5,13.42,1.546
2044-01-04,7.99,3.88,28.62,272.5,81.7,101,2.77,4.692
2044-01-05,6.79,2.32,18.58,284.7,90.3,102,1.22,1.163
2044-01-06,6.31,2.8,19.66,292.26,88,102.1,0.38,2.663
2044-01-07,6.94,4.93,14.94,311.62,86,101.6,4.9,1.923
2044-01-08,8.32,5.43,20.78,320.1,91,100.9,3.37,1.444
2044-01-09,10.71,8.26,8,347.9,96.6,100.3,23.98,1.163
2044-01-10,11.28,9.15,17.9,338.35,95.7,100.2,12.32,2.378
2044-01-11,9.61,6.68,6.51,316.28,94.3,100.6,3.1,1.07
2044-01-12,7.8,5.97,24.76,290.19,84.2,101.1,0.64,4.925
2044-01-13,8.95,6.58,7.24,312.85,84.1,100.7,17.5,5.826
2044-01-14,7.84,6,29.96,296.22,78.9,99.4,12.35,3.942
2044-01-15,8.64,6.19,14.22,313.87,76.4,96.4,23.89,8.981
2044-01-16,7.94,6.29,11.04,311.45,76.7,96.6,12.01,11.027
2044-01-17,7,4.45,12.62,298.73,77.7,97.1,9.49,6.991
2044-01-18,5.98,3.84,27.61,258.1,71.8,97.9,2.42,5.901
2044-01-19,5.21,3.17,19.85,279.7,80.4,98.4,3.39,3.463
2044-01-20,5.4,3.19,21.33,290.53,85.9,99.1,0.81,1.637
2044-01-21,5.78,2.54,35.99,261.66,86.1,100.2,0,2.976
2044-01-22,4.93,0.52,33.31,261.65,85.5,100.7,0,1.156
2044-01-23,3.71,-0.45,45.88,246.59,87.1,101,0.17,0.794
2044-01-24,4.13,0.42,27.38,273.4,84.7,100.8,0.44,1.704
2044-01-25,4.34,1.83,11.39,301.62,88.5,99.9,6.2,2.762
2044-01-26,7.37,3.29,14.86,304.17,91.1,98.6,20.06,0.502
2044-01-27,4.35,0.81,25.54,272.55,86.2,100.8,1.69,2.125
2044-01-28,9.57,1.4,8.84,318.21,91,101.6,9.02,1.846
2044-01-29,9.93,5.72,21.1,322.85,88.7,101.2,5.45,4.96
2044-01-30,7.33,4.55,41.06,303.96,91.6,101.2,7.15,0.594
2044-01-31,9.55,6.22,20.57,335.81,94.1,100.3,13.92,2.761
2044-02-01,7.94,5.69,35.91,295.1,69.3,100.4,3.24,10.742
2044-02-02,8.39,6.87,40.42,306.17,85.8,101.2,10.99,6.511
2044-02-03,9.79,7.35,20.76,334.46,94,100.8,19.71,5.357
2044-02-04,10.96,6.61,35.77,309.09,86.9,100.7,7.68,3.02
2044-02-05,11.15,8.91,13.03,350.41,96,100.2,34.18,5.956
2044-02-06,10.39,9.24,28.36,342.02,95.2,101.2,6.18,3.317
2044-02-07,10.08,8.04,35.7,329.24,93.7,102.2,2.16,1.72
2044-02-08,8.46,3.95,44.02,294.76,91.8,102.5,0,0.633
2044-02-09,8.05,1.42,70.71,273.76,90.6,101.9,0,1.14
2044-02-10,11.69,6.31,72.95,294.34,89.4,101.8,0,1.45
2044-02-11,11.9,4.25,77.51,272.57,89,102.2,0,1.254
2044-02-12,7.89,1.92,77.61,248.6,88.7,102.9,0,1.513
2044-02-13,7.19,0.66,85.4,236.71,76.7,103.2,0,1.193
2044-02-14,7.73,1.27,81.79,258.83,84,102.7,0,0.612
2044-02-15,8.36,3.85,60.24,299.92,91.3,101.8,0.2,0.749
2044-02-16,8.38,3.17,30.79,295.46,86.9,101.7,5.3,0.972
2044-02-17,8.37,2.77,82.6,265.74,85,102.9,0,2.176
2044-02-18,8.39,4.05,52.27,304.63,83.3,103.1,0.01,1.879
2044-02-19,8.21,5.3,51.44,296.54,81.2,102.2,3.64,5.307
2044-02-20,8.25,5.54,69.22,280.66,80.5,102.1,0.16,5.626
2044-02-21,8.51,6.52,59.19,313.02,83.5,100.9,2.81,7.155
2044-02-22,8.84,5.91,48.1,315.65,87.6,99.8,7.61,8.399
2044-02-23,6.39,4.46,48.86,299.73,76.2,99.3,6.63,5.68
2044-02-24,4.85,2.47,35.39,289.24,89.6,99.2,8.31,0.792
2044-02-25,5.18,0.77,88.87,251.6,85.7,99,0.08,1.702
2044-02-26,5.47,0.13,85.52,256.51,78.4,98.6,0,2.196
2044-02-27,5.65,3.33,33.63,307.62,89.1,96.5,11,2.327
2044-02-28,6.22,2.56,51.02,290.7,89,97.7,3.57,0.294
2044-02-29,6.56,2.51,71.85,280.13,86.8,98.1,2.34,0.421
2044-03-01,6.91,2.47,92.83,269.21,84.7,98.5,1.1,0.873
2044-03-02,6.94,1.45,102.71,260.85,83.8,99.1,0.29,0.599
2044-03-03,6.33,0.85,128.32,237.69,73.7,100.3,0,0.887
2044-03-04,7.84,4.55,63.19,309.17,78.3,100.6,2.84,6.285
2044-03-05,7.87,6.05,54.77,302.82,81.1,100.3,9.94,5.323
2044-03-06,9.37,5.88,59.17,307.63,86.4,100.9,7.83,6.728
2044-03-07,9.32,3.13,63.89,306.67,82.7,99.3,12.87,8.64
2044-03-08,7.33,3.56,83.68,286.57,74.8,98.8,11.97,6.724
2044-03-09,6.39,3.5,110.02,265.48,72.6,99.5,0.55,1.576
2044-03-10,6.67,2.94,55.28,304.92,82.7,97.4,10.52,2.977
2044-03-11,7.07,2.74,72.5,282.57,77.9,97.3,1.8,0.342
2044-03-12,8.23,1.36,113.05,268.76,79.8,98.2,0.59,2.024
2044-03-13,6.59,3.65,26.84,300.34,86.3,98.1,7.04,5.915
2044-03-14,6.56,4.29,88.17,294.69,80.9,98.9,2.95,6.959
2044-03-15,7.94,1.68,159.81,247.89,62.8,100.6,0,4.769
2044-03-16,7.28,0.83,82.6,289.56,82.6,101.2,5.37,1.999
2044-03-17,7.71,4.6,91.68,305.62,84.1,100.6,5.66,7.603
2044-03-18,6.72,3.73,86.08,285.43,76.3,100.2,9.59,7.014
2044-03-19,8.85,3.74,56.06,303.27,87,100.1,15.12,3.365
2044-03-20,8.86,5.61,70.38,312.77,81.7,98,11.77,7.612
2044-03-21,7.17,3.64,77.87,301.81,84.3,97.8,4.46,1.786
2044-03-22,7.7,3.57,130.12,281.44,87.4,98.6,3.66,0.493
2044-03-23,8.74,2.59,144.18,264.38,76.5,99.2,0,3.64
2044-03-24,6.45,2.89,143.79,267.02,77.5,100.1,0,3.936
2044-03-25,8.04,2.29,114.86,278.38,74.8,100.4,0,2.768
2044-03-26,7.83,3.5,140.78,270.66,70.5,99.2,0,6.385
2044-03-27,6.6,3.3,74.66,299.92,79.8,97.7,1,6.327
2044-03-28,7.34,2.43,67.04,288.3,88.3,97.6,8.91,0.885
2044-03-29,7.72,1.25,121.3,273.85,86.9,97.9,1.6,0.348
2044-03-30,9.33,2.76,170.72,269.16,81.3,98.8,0,0.416
2044-03-31,8.25,3.27,112.14,285.82,83.6,99.5,3.59,4.728
2044-04-01,9.37,5.47,145.97,285.93,76.2,100.3,0,3.176
2044-04-02,8.85,5.16,68.19,307.53,84.3,100.4,4.78,1.947
2044-04-03,8.96,5.56,141.26,290.99,74.4,101,0,4.831
2044-04-04,8.6,5.62,109.96,305.46,83.2,101.2,1.9,3.271
2044-04-05,9.53,4.95,146.62,287.31,80.9,101.3,3.57,3.866
2044-04-06,9.52,2.09,219.22,242.75,69.4,101.7,0,0.333
2044-04-07,8.9,6.2,73.21,308.39,81.2,100.3,14.24,2.279
2044-04-08,8.95,6.42,165.03,287.79,84,99.8,2.48,3.504
2044-04-09,8.95,5.15,68.14,314.23,85.7,98.6,11.37,1.388
2044-04-10,7.64,4.98,52.06,313.41,78.7,98.2,15.42,7.623
2044-04-11,8.22,4.86,169.95,291.32,76.8,98.8,2.45,0.731
2044-04-12,10.28,4.11,178.78,278.02,74.6,100,0,3.449
2044-04-13,9.6,4.69,178.19,284.15,74.4,101.5,0,0.86
2044-04-14,10.85,5.74,242.34,279.07,72,101.6,0,0.356
2044-04-15,11.14,8.12,73.3,339.84,93.1,101.2,6.42,1.475
2044-04-16,9.75,6.24,129.27,295.21,81.8,101.4,0,0.5
2044-04-17,8.18,5.3,97.78,299.53,80.5,100.3,6.22,4.861
2044-04-18,8.85,4.76,133.92,286.59,72.2,99.7,6.15,3.469
2044-04-19,9.25,4.07,179.26,266.49,61,100.9,0,2.235
2044-04-20,9.45,3.99,177.28,277.97,65.3,101.6,0,1.678
2044-04-21,10,4.02,141.43,291.94,72.3,101.8,0,3.296
2044-04-22,10.16,5.01,168.63,288.74,76.7,102.2,0,3.463
2044-04-23,9.92,4.55,162.79,290.19,79.5,102.4,0,0.402
2044-04-24,10.46,5.39,145.4,310.32,77.8,101.7,0,0.654
2044-04-25,10.06,5.88,148.58,294.81,74.3,100.5,0,6.536
2044-04-26,8.53,5.27,147.35,292.61,62.8,99.8,1.28,4.345
2044-04-27,8.83,4.19,163.07,283.66,62.2,100.5,0.7,2.565
2044-04-28,7.85,3.43,177.33,277.18,63.1,101.1,0,2.638
2044-04-29,9.35,3.51,161.43,297.11,85.4,101.4,1.69,2.384
2044-04-30,11.22,7.71,156.4,326.11,91.5,101.1,6.46,5.634
2044-05-01,12.36,8.49,120.37,324.45,88.7,101,0,5.044
2044-05-02,12.03,8.71,55.13,347.04,94.3,100,18.44,6.585
2044-05-03,10.5,7.71,173.22,304.73,79.8,99.7,3.69,6.375
2044-05-04,9.83,6.29,189.76,299.38,78.8,99.7,7.05,3.704
2044-05-05,10.13,4.74,224.16,269.55,70.2,101.2,0,0.763
2044-05-06,11.15,4.72,194.27,299.66,77.1,101.1,1.94,0.854
2044-05-07,10.23,6.31,87.11,317.23,90.9,100.3,18.45,0.888
2044-05-08,10.38,5.19,188.67,300.16,82.2,100.3,3.88,0.831
2044-05-09,10.56,6.94,170.47,307.44,81.5,100.2,6.31,4.538
2044-05-10,10.83,6.87,220.66,300.59,80.9,100.7,3.43,3.573
2044-05-11,12.55,7.56,120.24,329.92,80.8,99.9,5.58,1.361
2044-05-12,14.19,10.98,125.48,339.96,84.9,99,9.11,3.595
2044-05-13,14.46,10.03,242.42,307.33,82.2,99.7,0.84,0.812
2044-05-14,20.83,10.77,146.19,366.4,85.3,100.1,20.96,3.016
2044-05-15,14.75,11.15,223.04,323.05,90.1,100.3,3.42,1.111
2044-05-16,14.61,11.06,221.91,329.37,83,99.9,0.25,1.365
2044-05-17,13.4,9.82,132.05,332.01,93.6,99.4,1.4,0.396
2044-05-18,19.1,10.47,181.07,353.26,84,99,9.92,3.354
2044-05-19,14.16,10.36,255.06,314.19,90.8,99,0,1.841
2044-05-20,16.26,9.99,257.03,327.25,90.2,98.5,11.93,2.472
2044-05-21,11.65,8.94,54.03,342.83,92.8,98.1,55.35,8.44
2044-05-22,10.81,8.46,57.09,337.22,91.4,98.9,32.98,8.079
2044-05-23,13.92,9.72,276.61,307.61,81.4,99.6,0.74,1.197
2044-05-24,12.1,8.66,51.26,329.7,92.6,99,17.3,4.157
2044-05-25,10.75,7.18,158.44,320.76,86.4,99,10.75,1.506
2044-05-26,10.44,6.63,161.97,312.29,74.4,99.8,12.39,4.25
2044-05-27,13.1,6.45,202.36,303.73,70.9,100.3,1.56,2.098
2044-05-28,14.84,8.85,158.93,331.18,89.5,99.9,8.76,2.448
2044-05-29,15.33,10.06,177.97,336.87,87.8,99.3,6.85,2.447
2044-05-30,14.02,9.57,258.93,317.26,85.7,99.7,4.09,0.724
2044-05-31,13.62,9.79,234.61,319.63,86.6,100,2.98,0.154
2044-06-01,13.22,10.01,210.37,321.04,87.6,100.4,1.87,0.606
2044-06-02,17.33,8.48,207.22,321.98,72.6,100.5,2.07,2.798
2044-06-03,15.15,10.22,234.29,326.83,86.6,100,3.19,0.825
2044-06-04,14.75,10.39,241.15,329.28,88.2,100.2,8.81,0.967
2044-06-05,14.74,12.21,247.11,332.79,86.2,100.1,8.79,2.099
2044-06-06,16.08,11.82,274.47,321.85,84.2,100.7,0.85,1.327
2044-06-07,12.19,8.23,85.59,334.8,90.1,101.1,20.89,5.125
2044-06-08,14.48,8.15,231.99,322.38,75.2,101.7,0.66,6.386
2044-06-09,16.15,8.04,341.37,285.79,68,102.4,0,4.696
2044-06-10,18.69,7.09,345.64,280.42,75.3,102.2,0,1.566
2044-06-11,19.7,9.47,346.42,293.55,74.8,101.5,0,0.446
2044-06-12,21.97,10.75,351.99,302.11,69.8,100.8,0,1.083
2044-06-13,25.8,13.53,338.88,344.31,70.6,100.2,0,2.265
2044-06-14,20.84,14.64,181.73,361.15,85.5,100.2,30.2,1.017
2044-06-15,16.67,14.05,135.84,368.78,95.1,100.5,23.13,1.469
2044-06-16,17.18,12.66,264.77,333.23,89.7,101,0,1.053
2044-06-17,16.82,12.49,258.6,322.02,82.8,101.2,0,2.095
2044-06-18,17.63,11.03,328.11,290.65,80.3,101.8,0,0.716
2044-06-19,18.75,12.56,330.02,304.84,79.2,102,0,0.654
2044-06-20,18.99,13.21,288.95,327.51,84.4,102,0,1.84
2044-06-21,19.65,13.99,321.18,325.54,84.5,102.1,0,1.508
2044-06-22,21.91,14.05,303.67,328.38,80.5,102.1,0,0.133
2044-06-23,23.38,16.46,342.52,333.62,76.8,101.7,0,0.392
2044-06-24,23.06,17.13,330.18,336.89,79.3,100.9,0,1.299
2044-06-25,18.14,11.67,244.96,319.12,76.5,100.5,1.04,1.04
2044-06-26,15.44,10.7,224.57,310.99,69.3,100.6,1.94,2.976
2044-06-27,15.31,10.99,215.83,313.23,64.8,101,0,3.113
2044-06-28,15.07,11.51,206.71,324.33,79.1,101.1,0.35,4.05
2044-06-29,17.5,11.51,303.99,310.27,79,101.3,0,1.862
2044-06-30,16.98,10.73,331.57,288.92,78.3,101.4,0,1.86
2044-07-01,18.06,12.22,213.06,334.07,85.4,100.9,1.16,1.039
2044-07-02,17.15,14.72,169.9,361.54,92.3,100.5,1.53,3.928
2044-07-03,18.08,14.51,154.96,367.21,93.3,99.8,16.19,2.137
2044-07-04,17.13,13.53,254.44,334.85,84.5,99.9,6.64,5.401
2044-07-05,16.6,13.48,240.13,328.76,82.8,100.5,0.77,3.201
2044-07-06,18.22,13.79,122.01,365.64,91.9,99.5,19.51,1.154
2044-07-07,16.88,14.91,197.79,350.68,93.7,99,13.61,1.182
2044-07-08,17,13.36,210.5,347.53,88.5,99.3,3.4,5.729
2044-07-09,16.69,13.09,267.21,322.61,80.5,100,2.66,4.167
2044-07-10,17.53,14.61,252.83,340.72,90.8,99.4,13.3,1.22
2044-07-11,17.48,13.09,247.99,327.03,86.4,99.2,8.32,2.76
2044-07-12,15.52,12.56,181.4,323.85,77.7,99.8,3.86,5.398
2044-07-13,17.01,11.85,289.12,298.94,71,100.5,0,4.564
2044-07-14,18.2,12.65,163.43,357.17,88.1,100.9,0.88,2.148
2044-07-15,18.94,16.68,167.73,378.96,93.7,100.7,6.19,2.19
2044-07-16,17.93,13.52,123.68,353.19,89.8,100.1,24.5,3.559
2044-07-17,17.22,12.01,264.73,315.16,81.8,100.4,1.97,3.133
2044-07-18,17.32,12.99,191.92,330.79,86.5,100.6,5.82,0.457
2044-07-19,19.02,13.02,304.62,306.19,78,100.7,0,0.634
2044-07-20,18.03,15.46,103.84,373.95,92.7,100.4,12.83,2.201
2044-07-21,18.52,16.71,132.21,375.66,93.9,100.2,4.67,3.275
2044-07-22,18.23,14.94,235.97,343.16,85.5,100,8.31,3.067
2044-07-23,17.59,13.39,168.1,337.89,82.7,100.3,0.85,1.601
2044-07-24,17.93,13.91,194.45,346.07,86.2,100.2,5.21,4.091
2044-07-25,18.11,13.43,249.9,321.19,84,100.7,1.67,4.011
2044-07-26,18.5,13.6,179.54,342.05,87.9,100.8,0.99,1.414
2044-07-27,19.55,15.61,187.88,359.26,91.5,100.6,0.66,0.779
2044-07-28,19.88,15.58,246.27,340.43,87.3,100.4,0,0.738
2044-07-29,19.77,15.58,193.75,362.12,91,100.3,0.99,0.951
2044-07-30,21.32,17.3,245.31,360.6,84.7,99.9,2.15,0.6
2044-07-31,20.05,16.76,239.2,349.49,84.5,99.6,8.31,0.94
2044-08-01,18.77,16.22,233.1,338.48,84.1,99.4,14.46,1.755
2044-08-02,18.66,16.02,176.76,358.03,88.6,99.4,33.29,7.223
2044-08-03,18.29,14.44,143.48,345.44,85.3,100.3,12.71,6.128
2044-08-04,18.11,13.68,234.85,317.47,71.5,101.2,1.68,5.384
2044-08-05,17.78,15,83.42,368.6,87.8,101.2,22.05,4.171
2044-08-06,18.68,14.09,224.36,336.53,81.8,100.6,0,1.807
2044-08-07,17.53,13.5,215.86,327.53,78.3,100.1,5.26,4.721
2044-08-08,16.79,13.56,191.45,327.48,77.3,99.7,4.65,5.486
2044-08-09,17.5,13.55,217.74,329.34,78.5,99.3,7.22,5.922
2044-08-10,17.35,13.25,153.61,332.74,81.1,99.4,17.68,5.158
2044-08-11,19.46,12.35,267.2,306,77.8,100.4,0,2.089
2044-08-12,18.34,13.22,199.78,328.43,82.7,100.9,0,2.245
2044-08-13,17.32,12.6,217.03,327.54,84.1,101.1,0,2.722
2044-08-14,18.78,15.28,152.89,360.91,90.7,101,7.31,3.711
2044-08-15,20.87,16.09,160.97,373.05,93.2,100.7,1.76,3.515
2044-08-16,19,15.47,128.46,363.59,90.9,100.2,16.02,5.164
2044-08-17,18.5,15.17,170.66,354.48,86.2,100.3,1.78,3.895
2044-08-18,18.5,15.25,216.72,330.13,78.5,100.5,3.76,7.081
2044-08-19,16.91,13.87,210.72,314.68,79.1,100.8,4.1,5.77
2044-08-20,16.57,12.8,163.82,327.15,82.8,100.7,6.64,3.89
2044-08-21,17.19,14.04,161.21,340,82.6,100.2,0.35,3.968
2044-08-22,17.06,13.42,144.9,337.46,83.2,100.3,0.45,2.272
2044-08-23,18.4,14.93,153.35,350.6,88.3,100.5,3.77,3.7
2044-08-24,17.54,13.67,194.43,324.02,79.9,101.2,0,3.509
2044-08-25,17.78,13.24,173.93,327.09,83.1,101.6,0,1.035
2044-08-26,22.59,12.76,242.22,320.79,77.6,101.5,0.02,1.877
2044-08-27,21.28,17.08,186.78,355.78,81.3,100.5,4.32,1.598
2044-08-28,18.69,14.98,154.24,351.61,90.2,100.6,4.4,4.889
2044-08-29,18.47,14.33,135.17,349.71,86.2,100.7,10.03,3.302
2044-08-30,18.08,13.86,73.42,364.37,89.3,100.6,19.95,0.747
2044-08-31,17.87,12.85,151.75,326.78,84.3,100.8,10.02,0.724
2044-09-01,17.66,11.84,232.38,289.83,79.3,100.9,0,0.778
2044-09-02,18.27,11.94,216.76,293.35,75.8,100.9,0,0.834
2044-09-03,20.28,12.59,171.6,330.36,78.2,100.4,2.15,0.855
2044-09-04,17.72,15.52,179.79,335.92,71.1,99.6,4.63,6.913
2044-09-05,17.24,14.35,162.84,326.67,73.6,99.7,7.8,8.529
2044-09-06,15.36,11.24,61.33,326.95,80.1,99.6,24.5,2.381
2044-09-07,15.12,11.17,149.28,310.36,76.9,100.4,3.93,3.804
2044-09-08,15.25,10.14,54.56,325.28,78.5,101.1,4.55,6.049
2044-09-09,17.2,13.53,166,330.03,82.3,100.6,3.97,6.245
2044-09-10,16.39,12.56,144.88,327.34,84.4,101.1,0,0.794
2044-09-11,17.38,11.93,103.85,339.13,89.4,101.3,0,0.284
2044-09-12,18.08,13.11,160.8,336.32,89.9,101.3,1.17,0.12
2044-09-13,19.16,13.81,174.35,323.3,80.6,101.3,0,1.037
2044-09-14,18.67,12.53,177.78,318.15,81.3,101.4,0,0.339
2044-09-15,18.57,13.66,154.36,339.88,89.7,101.5,0,0.075
2044-09-16,18.26,13.67,140.11,332.07,88,101.3,0,0.359
2044-09-17,17.14,12.69,166.32,315.71,77.4,101.3,0,1.356
2044-09-18,16.59,11.45,150.34,311.81,76.3,101.2,0,1.255
2044-09-19,16.66,12.17,61.89,346.91,87.8,100.8,10.24,4.25
2044-09-20,15.57,11.69,142.99,306.85,72.9,100.7,7.42,5.251
2044-09-21,14.13,10.51,109.09,301.34,66.5,101.6,0,2.422
2044-09-22,14.42,9.69,158.26,286.83,71.1,101.9,0,0.292
2044-09-23,16.11,9.62,163.28,284.99,74.4,102,0,0.538
2044-09-24,16.3,9.97,128.72,307,79.2,101.9,0,0.734
2044-09-25,15.9,9.84,145.23,295.37,80,102,0,2.848
2044-09-26,13.5,9.87,100.4,315.33,80.3,102.5,0.1,2.26
2044-09-27,15.02,8.54,105.35,313.05,78.7,102.3,0,0.835
2044-09-28,14.45,10.37,110.78,313.17,78,102,0,2.358
2044-09-29,14.22,8.93,120.02,300.02,79.4,102,0,0.219
2044-09-30,15.81,11.26,91.95,334.13,82.4,102.2,0,1.272
2044-10-01,16.94,11.4,121.36,308.23,76.9,102.4,0,1.816
2044-10-02,16.2,9.28,137.34,279.09,73,102.4,0,1.411
2044-10-03,16.06,8.95,147.11,273.72,77.7,102.2,0,0.698
2044-10-04,16.59,8.88,139.87,283.34,82.8,101.6,0,0.45
2044-10-05,16.65,12.69,70.73,342.13,91.4,101.3,1.36,1.47
2044-10-06,16.79,15.26,60.31,368,95.8,101.3,0,1.633
2044-10-07,16.68,14.85,56.42,367.37,95.3,101.6,1.12,1.694
2044-10-08,18.73,13.49,102.96,336.74,90.6,101.8,0,0.857
2044-10-09,19.17,11.73,126.58,305.9,84,101.9,0,1.369
2044-10-10,21.03,12.65,123.79,314.84,71,101.8,0,2.427
2044-10-11,20.23,12.68,123.13,302.68,74.1,101.7,0,1.376
2044-10-12,17.12,10.42,121.23,288.04,86.5,101.3,0,0.751
2044-10-13,16.49,11.06,61.41,338.67,92.2,101.2,0.73,0.46
2044-10-14,16.56,13.76,64,345.38,91.6,101.5,0,1.597
2044-10-15,17.24,11.94,94.87,317.25,91.5,101.7,0,0.36
2044-10-16,18.32,11.17,95.77,321.36,88.7,101.3,0,1.783
2044-10-17,17.15,10.19,107.17,289.71,84.2,100.9,0,1.76
2044-10-18,17.69,9.33,103.57,298.15,85.8,100.8,0,1.778
2044-10-19,15.45,11.02,54.32,332.97,94.2,100.4,1.42,0.384
2044-10-20,14.06,6.81,69.86,293.89,69.5,100.6,6.15,2.367
2044-10-21,9.83,6.43,83.66,259.24,61.8,101,0,3.262
2044-10-22,11.68,6.59,67,294.98,70.2,100.9,0.69,1.855
2044-10-23,14.31,10.97,48.24,319.36,85.6,100.8,0,5.826
2044-10-24,14.19,11.18,69.01,308.18,82,101.3,0,4.151
2044-10-25,14.29,12.62,66.16,323.81,87.7,101.4,1.28,4.638
2044-10-26,15.52,12.32,43.92,344.75,93.1,101.4,0.85,3.737
2044-10-27,14.5,10.65,47.2,329.97,93.8,101.4,0,0.432
2044-10-28,14.75,10.95,68.29,327.41,89.8,101.5,0,1.245
2044-10-29,14.46,10.02,56.85,327.19,87.9,101.3,0.3,1.234
2044-10-30,12.18,9.26,56.68,299.61,76.4,101.1,0,1.837
2044-10-31,11.28,7.57,41.33,301.92,79.4,101,1.1,2.492
2044-11-01,10.39,5.87,26.11,304.6,82.4,100.9,2.13,2.277
2044-11-02,11.3,5.06,62.85,273.22,85.4,101.4,0,2.4
2044-11-03,10.96,5.93,65.37,270.4,90.8,101.8,0,1.991
2044-11-04,11.54,5.61,68.19,266.65,86.6,101.9,0,0.519
2044-11-05,12.71,6.41,52.22,295.66,85.7,101.9,0,0.467
2044-11-06,12.31,6.96,49.6,302.16,90,101.9,0,1.066
2044-11-07,11.63,7.55,30.81,323.02,90.3,101.8,0,0.666
2044-11-08,10.2,8.2,41.85,317.37,89.2,101.7,0.63,0.718
2044-11-09,11.98,9.27,28.81,335.81,93.4,101.1,2.17,0.741
2044-11-10,12.62,8.3,32.31,318.03,93.5,100.5,0.05,1.099
2044-11-11,10.78,7.11,40.33,306.66,89.1,100,0,1.692
2044-11-12,13.5,9.95,27,323.83,92.1,99.7,4.08,2.213
2044-11-13,12.99,9.2,32.14,327.42,96,99.9,5.64,0.561
2044-11-14,12.02,6.23,21.69,305.9,87.4,99.6,5.26,1.522
2044-11-15,8.23,3.68,16.92,286.1,86.5,99.1,7.07,0.663
2044-11-16,9.95,5.62,35.69,283.91,81.6,99.6,5.1,3.647
2044-11-17,9.27,5.75,39.12,278.64,67.7,100.4,0.86,5.197
2044-11-18,8.04,5.22,20.5,292.6,70.7,99.8,3.3,5.585
2044-11-19,7.84,5.27,26.03,276.57,68.8,100,1.66,4.988
2044-11-20,6.56,4.3,26.46,284.62,76.1,100.3,2.03,3.895
2044-11-21,9.6,5.02,8.12,311.62,82.7,99.8,18.22,5.861
2044-11-22,8.87,7.09,26.6,294.62,70.1,100.2,3.88,5.344
2044-11-23,9.18,6.34,30.56,296.01,69.1,100.2,5.26,5.654
2044-11-24,8.83,6.07,20.82,305.01,83.4,100,13.21,2.726
2044-11-25,7.95,2.76,39.02,260.18,92,100.7,0.84,1.398
2044-11-26,7.25,2.08,35.53,267.88,85.6,101.7,0,2.166
2044-11-27,6.12,3.79,22.07,291.74,82.6,101.4,0.67,3.9
2044-11-28,5.34,3.71,21.56,278.8,74.9,100.9,0,6.399
2044-11-29,4.65,2.82,23.84,285.72,87.7,100,5.96,5.368
2044-11-30,7.98,4.24,24.9,293.77,80,99,1.51,7.35
2044-12-01,6.01,3.78,16.12,296.31,89.3,99,6.03,2.265
2044-12-02,6.86,4.27,10.75,308.87,92.1,99.2,16.74,1.008
2044-12-03,6.39,4.85,17.16,304.25,91.3,99.4,5.45,2.405
2044-12-04,5.84,2.38,23.23,284.91,91,99.5,0.62,1.679
2044-12-05,4.53,0.45,31.15,245.82,95.5,99.7,0,1.552
2044-12-06,9.02,1.01,12.07,308.24,92.4,98.9,20.11,2.573
2044-12-07,10.41,8.98,16.54,328.52,94.5,99.1,5.21,3.54
2044-12-08,10.31,7.63,7.59,325.52,91.2,98.5,7.93,3.853
2044-12-09,7.88,4.6,18.47,297.84,87.2,99,0,3.024
2044-12-10,8.47,4.23,22.13,296.76,84.5,100,5.05,3.697
2044-12-11,12.48,8.54,7.67,347.37,95,99.8,5.99,5.058
2044-12-12,12.16,11.13,14.06,350.17,94.4,100.6,0.74,5.354
2044-12-13,11.21,9.81,13.36,342.2,95.4,100.9,1.69,1.482
2044-12-14,11.43,9.42,14.89,332.03,91.8,100.4,3.2,1.629
2044-12-15,11.35,8.87,24.76,304.81,95,101.1,1.71,2.444
2044-12-16,10.21,8.63,22.14,305.31,85.9,102,0,1.687
2044-12-17,9.19,7.57,13.51,316.37,78.2,101.6,0.85,4.718
2044-12-18,8.9,6.34,14.27,319.25,88.2,102,1.02,2.666
2044-12-19,6.81,0.82,19.72,274.07,87.1,102.4,0,1.795
2044-12-20,4.9,0.45,17.92,283.77,89.8,102.3,0,1.064
2044-12-21,8.57,3.9,13.54,311.07,93.9,101.9,0.62,1.214
2044-12-22,10.44,6.39,6.11,321.37,95.6,101.4,8.64,0.933
2044-12-23,7.36,3.58,26.27,276.39,97.7,101.1,0,1.502
2044-12-24,5.21,2.25,24.78,266.09,96.6,101.6,0,1.921
2044-12-25,6.33,0.35,21.42,267.64,93.5,101.8,0,0.98
2044-12-26,4.38,-1.21,20.31,259.09,90,100.9,1.31,1.262
2044-12-27,9.66,4.21,15.46,313.04,82.1,100.3,9.92,5.837
2044-12-28,11.15,9.64,13.5,341.78,95.3,100.9,5.44,7.192
2044-12-29,11.28,7.36,14.5,317.56,81.5,101,2.84,9.76
2044-12-30,11.05,7.01,9.14,323.3,78,101.1,6.37,8.929
2044-12-31,11.3,8.7,10.22,333.64,81.7,100.6,4.58,9.886
2045-01-01,11.54,10.39,11.29,343.6,85.3,100,2.8,10.863
2045-01-02,10.44,4.67,12.5,310.37,82.6,99.6,13.33,6.299
2045-01-03,5.43,2,16.15,261.96,79.9,100.3,8.94,4.022
2045-01-04,4.22,-0.78,23.09,241.88,80.3,100.4,0,0.372
2045-01-05,6.07,-0.34,8.45,286.08,81.1,99.9,10.78,4.324
2045-01-06,5.34,1.59,32.96,254.13,74.2,99.7,1.48,2.928
2045-01-07,2.99,-3.16,20.17,242.21,83,100.2,12.19,1.656
2045-01-08,1.56,-2.67,20.57,238.68,85.6,100.6,0.34,1.877
2045-01-09,2.88,-7.77,28.79,250.39,89.5,101.1,0.25,0.712
2045-01-10,4.66,0.62,20.83,300.9,91.2,101.6,0,0.67
2045-01-11,6.84,3.68,21.99,309.6,91.3,102.3,0.59,1.234
2045-01-12,9.56,5.56,11.49,332.29,92.6,102.2,1.91,6.264
2045-01-13,9.43,8.38,19,333.31,95.8,102.2,5.36,5.049
2045-01-14,8.39,5.88,16.79,317.77,90.9,102.1,1.49,2.857
2045-01-15,10.6,6.15,18.76,331.41,92.9,100.9,12.78,1.891
2045-01-16,10.85,8.03,19.67,311.34,77.9,100,7.68,8.945
2045-01-17,11.55,7.42,6.64,347.7,96.2,100,34.81,5.196
2045-01-18,11.03,9.31,23.68,340.78,95.6,100.2,1.13,3.322
2045-01-19,10.49,6.77,29.7,318.42,78.5,99.5,10.37,9.682
2045-01-20,6.76,4.5,10.18,299.4,83.4,99.5,6.76,1.37
2045-01-21,5.3,3.99,3.38,303.33,87.2,98.2,7.66,5.951
2045-01-22,5.49,3.21,37.97,271.63,79.8,98.9,0.4,4.345
2045-01-23,4.11,-0.82,20.56,269.61,85.1,98.9,4.53,1.425
2045-01-24,4.96,-0.85,29.91,277.11,75.7,99,3.3,2.188
2045-01-25,6.08,3.7,30.36,292.12,90.9,98.4,0.69,0.958
2045-01-26,8.38,3.9,26.97,304.2,88.1,98.8,5.76,0.482
2045-01-27,9.33,6.04,6.11,313.31,93.1,98.9,18.64,2.665
2045-01-28,9.67,8.08,29.39,308.63,85.2,100.3,4.55,6.576
2045-01-29,9.59,7.84,19.6,323.66,94.4,100.2,5.61,1.642
2045-01-30,11.31,7.94,9.52,332.31,87.4,99.5,23.97,6.122
2045-01-31,10.39,8.58,24.26,310.06,81,99.3,3.15,7.06
2045-02-01,9.39,8.16,40.89,315.08,75.8,100.2,6.85,9.546
2045-02-02,9.12,7.52,29.94,322.46,88.5,101.2,3.29,2.645
2045-02-03,9.88,8.68,38.84,331.8,92.8,100,12.51,2.305
2045-02-04,9.65,7.95,21.77,327.33,93.9,100.4,6.73,3.87
2045-02-05,10.05,8.29,20.48,341.08,96.3,100.7,14.42,1.256
2045-02-06,8.76,6.8,54.13,298.65,90.9,100.8,2.89,0.841
2045-02-07,9.14,6.15,40.89,306.36,84.9,100,8.76,3.363
2045-02-08,7.17,4.49,45.49,289.75,77.1,100.1,5.58,4.973
2045-02-09,7.03,3.88,51.47,278.64,76.1,100.5,2.46,3.734
2045-02-10,6.24,0.23,76.53,251.15,78.3,100.7,5.06,0.301
2045-02-11,6.43,3.78,25.16,300.44,82.4,100.4,11.84,3.73
2045-02-12,6.34,1.35,58.65,271.36,77.4,100.8,9.13,0.912
2045-02-13,6.25,3.73,34.14,297.37,77.9,99.9,10.58,6.782
2045-02-14,6.93,4.06,35.75,298.9,79.1,99.4,12.69,5.506
2045-02-15,7.55,5.61,34.13,314.84,83.5,99.9,12.7,8.807
2045-02-16,8.03,4.5,40.74,306.72,77.4,98.2,22.98,9.973
2045-02-17,7.02,4.49,51.32,278.14,72.6,98.8,5.07,7.524
2045-02-18,8.97,4.07,51.1,288.63,80.1,99.2,7.26,3.264
2045-02-19,8.97,3.2,21.43,309.23,82.8,96.8,12.88,6.648
2045-02-20,5.49,2.44,87.62,246.62,67.6,98.6,0.2,4.545
2045-02-21,5.23,0.11,60.2,255.57,73.4,99.3,1.42,2.154
2045-02-22,5.16,-0.5,81.54,241.41,76.7,99.8,0,0.162
2045-02-23,5.76,0.64,20.49,296.76,84.6,98.4,11.89,0.968
2045-02-24,5.1,2.7,39.85,287.78,73.3,98.3,6.28,6.265
2045-02-25,5.94,1.4,45.26,296.02,87.3,97.2,9.2,0.908
2045-02-26,7.36,3.94,67.05,301.85,83.5,97.5,7.85,2.713
2045-02-27,8.84,5.03,57.38,298.07,77.9,97.4,5.66,6.736
2045-02-28,7.58,2.76,88.51,268.41,73.1,99.5,1.09,5.143
2045-03-01,6.67,2.13,70.75,268.66,80,100.9,1.46,0.229
2045-03-02,5.66,0.93,130.97,229.44,66.5,102.3,0,1.247
2045-03-03,5.75,-0.38,124.91,235.91,67.5,102.5,0,1.397
2045-03-04,6.21,3.06,75,294.59,66.5,102.2,0,1.075
2045-03-05,5.87,3.19,76.78,287.79,65.9,101.6,0,1.875
2045-03-06,3.86,-0.22,64.86,261.5,65.9,100.3,1.22,5.543
2045-03-07,4.2,0.47,85.67,285.98,82.7,99.6,0.78,5.13
2045-03-08,7.14,2.63,74.71,297.71,86.6,99.2,4.25,0.924
2045-03-09,7.59,5.1,70.93,293.3,84.4,99.4,4.28,3.269
2045-03-10,8.45,5.69,106.9,297.02,82.6,100.2,0.67,4.773
2045-03-11,8.4,5.3,60.12,304.75,82.5,99.3,13.84,5.541
2045-03-12,7.89,5.3,115.98,276.06,72.3,99.8,3.86,8.057
2045-03-13,7.84,4.72,119.14,287.09,67,101.4,0,1.908
2045-03-14,6.88,2.16,159.88,243.47,71.9,101.9,0,0.785
2045-03-15,7.75,2.69,72.89,302.55,81.1,101.5,0,2.267
2045-03-16,9.03,6.79,86.44,323.78,93.6,100.3,8,5.818
2045-03-17,8.46,6.65,34.75,328.67,98.5,100.2,11.16,3.369
2045-03-18,7.62,4.23,71.33,306.64,93.6,100.1,10.22,0.399
2045-03-19,7.23,1.76,101.58,269.16,79.5,99.8,3.91,2.203
2045-03-20,6.67,2.24,147.77,257.22,62.3,100.3,0,2.816
2045-03-21,6.34,1.22,155.77,247.3,67.6,100.2,0,1.792
2045-03-22,5.77,1.26,132.34,262.85,73.6,99.9,0.38,1.122
2045-03-23,7.13,1.77,90.65,291.17,72.1,99.8,0.04,1.455
2045-03-24,7.72,3.72,104.01,286.99,79.8,100.3,2.21,4.174
2045-03-25,8.08,2.27,150.21,267.98,81.6,100.6,0,0.58
2045-03-26,8.73,2.01,189,249.75,74.1,100.4,0,1.134
2045-03-27,8.65,2.47,129.54,280,75.5,101.1,0,0.871
2045-03-28,7.97,4.52,123.04,292.62,71.6,101,0,1.657
2045-03-29,6.12,0.92,113.55,265.98,74,100.7,7.56,1.252
2045-03-30,6.57,1.11,157.11,246.07,65.8,101,0,2.055
2045-03-31,6.56,0.55,98.11,278.91,76.7,101,1.84,3.495
2045-04-01,6.69,1.8,116.23,286.35,77.3,100.9,1.56,1.982
2045-04-02,7.61,2.72,196.32,254.43,70.2,101,0,0.826
2045-04-03,8.2,2.16,151.5,268.06,72.8,101.2,0,0.485
2045-04-04,8.47,2.29,153.97,268.98,71.2,101.8,0,0.954
2045-04-05,8.21,2.34,192.64,251.45,71.8,102,0,0.173
2045-04-06,8.2,2.11,161.93,268.22,77.2,101.7,0,0.331
2045-04-07,8.53,1.56,212.7,253.38,70.5,101.8,0,0.234
2045-04-08,9.13,3.5,165.89,273.5,74.1,102,0,0.636
2045-04-09,9.54,3.77,79.74,311.81,95.1,101.1,12.29,3.841
2045-04-10,10.93,7.23,136.08,320.86,87.6,100.5,3.43,6.074
2045-04-11,9.34,6.12,157.75,286.68,79.6,101.1,0,3.347
2045-04-12,9.96,4.48,179.82,272.97,74,100.8,0,0.703
2045-04-13,9.34,2.98,174.16,265.18,73.2,101.1,0,1.209
2045-04-14,9.12,2.89,192.61,268.98,70.9,101.3,0,0.92
2045-04-15,9.02,4.64,97.51,304.42,89.8,101.2,1.82,1.019
2045-04-16,10.47,7.4,130.14,323.61,91.6,101.4,0,1.144
2045-04-17,11.44,7.64,146.21,320.87,88.8,101.4,1.71,2.723
2045-04-18,9.69,5.96,117.41,309.81,86.9,101.3,3.62,4.134
2045-04-19,11.64,6.38,158.08,299.8,79.2,101,0,1.292
2045-04-20,9.84,3.63,235.2,258.57,70.5,101.5,0,1.443
2045-04-21,9.95,4.16,194.45,276.05,78.2,101.4,0,0.951
2045-04-22,10.57,7.4,119.28,328.03,88.3,100.5,5.27,2.162
2045-04-23,10.12,7.22,72.78,327.22,91.1,99.4,16.08,5.777
2045-04-24,8.52,6.5,117.42,309.45,77.3,99.2,8.29,8.163
2045-04-25,9.09,6.41,154.67,299.46,72.1,98.8,13.18,10.737
2045-04-26,10.62,7.15,154.26,307.6,70.2,100.3,7.42,8.052
2045-04-27,11.15,6.21,123.94,311.78,77.9,99.8,7.39,9.456
2045-04-28,9.64,6.13,160.95,291.85,64.7,100.9,2.05,7.912
2045-04-29,10.53,5.88,159.31,295.05,64.2,101.6,0,3.942
2045-04-30,10.41,4.85,260.42,274.1,62.9,101.9,0,1.357
2045-05-01,11.56,4.18,166.83,302.23,89.7,102.1,1.29,1.615
2045-05-02,14.11,8.33,219.1,310.24,80.3,102.5,0,0.501
2045-05-03,11.74,5.76,185.9,296.75,81.1,102.2,0.58,0.403
2045-05-04,11.38,6.13,160.41,313.7,88.5,101.6,1.26,1.176
2045-05-05,10.9,7.69,179.63,309.94,73.1,101.4,0.73,2.955
2045-05-06,11.2,7.95,177.71,308.94,76.8,101.6,0,4.507
2045-05-07,10.93,7.35,194.33,302.83,75.6,101.5,1.42,2.619
2045-05-08,11.9,8.49,149.03,328.88,89.8,100.7,6.76,4.074
2045-05-09,10.7,7.71,163.92,310.37,76.6,100,3.91,9.16
2045-05-10,9.03,5.6,169.97,287.65,66.9,100.6,4.51,6.186
2045-05-11,9.42,3.95,226.41,267.72,59.7,101.4,0.56,3.17
2045-05-12,8.35,2.67,200.17,267.85,57.2,101.9,0,1.388
2045-05-13,9.05,2.63,230.36,267.22,61.7,101.7,0,0.533
2045-05-14,9.82,4.39,282.57,262.75,64.9,100.9,0,0.651
2045-05-15,10.28,5.76,170.65,309.1,84.1,99.9,0.29,0.265
2045-05-16,12.25,6.82,180.61,298.18,74.4,99.7,0,4.751
2045-05-17,11.94,6.33,114.14,302.53,81.7,100,0,3.39
2045-05-18,13.24,6.68,283.81,281.2,71.1,100.1,0.47,1.451
2045-05-19,17.31,7.25,204.15,322.94,86.1,100.5,11.14,1.936
2045-05-20,16.99,10.3,182.73,337.81,79.8,100.7,0,1.879
2045-05-21,14.18,9.08,120.01,331,86.5,100.3,11.63,2.045
2045-05-22,17.36,9.22,310.13,307.54,79.2,100.5,2.4,1.45
2045-05-23,14.29,10.99,218.74,320.88,90.1,100.6,4.66,0.563
2045-05-24,13.62,10.38,179.66,330.73,91,100.9,0.01,0.922
2045-05-25,13.76,10.88,150.88,348.93,93.9,100.6,9.96,1.14
2045-05-26,13.28,9.34,260.69,303.87,84.7,100.6,0.94,3.198
2045-05-27,15.09,9.45,273.68,302.48,83.6,101.1,0,0.695
2045-05-28,14.9,9.73,282.95,300.39,80.8,101.5,0,0.161
2045-05-29,15.31,9.75,294.59,297.49,84.5,101.5,0,1.442
2045-05-30,14.26,9.8,203.85,328.22,84.8,100.9,4.65,3.971
2045-05-31,14.14,9.3,219.21,316.29,81,100.9,2.57,4.072
2045-06-01,14.02,8.8,234.62,304.35,77.3,100.8,0.49,4.205
2045-06-02,13.86,8.41,287.81,300.93,83,100.7,0,2.486
2045-06-03,12.95,10.29,217.69,318.59,82,100.3,3.09,5.967
2045-06-04,12.7,9,208.08,303.53,83,100,0.55,2.118
2045-06-05,12.32,7.6,219.42,309.54,63.2,100.2,0.1,2.27
2045-06-06,12.01,7.04,188.11,310.75,61.5,100.7,0,2.021
2045-06-07,12.71,7.34,305.26,275.9,69.9,100.7,0,1.742
2045-06-08,13.9,8.89,279.72,294.44,77.9,100.3,0,1.327
2045-06-09,16.15,8.05,288.42,296.42,76.5,100.1,0.6,0.678
2045-06-10,13.78,8.31,196.17,307.06,76.9,100.2,0,0.62
2045-06-11,14.92,8.93,313.4,290.78,77.1,100.9,0,3.23
2045-06-12,14.08,9.14,265.57,293.94,74.3,101.2,0,3.496
2045-06-13,15.54,9.95,135.84,350.81,94.9,100.7,11.37,1.98
2045-06-14,15.02,9.75,292.24,309.72,88.9,100.5,1.43,1.856
2045-06-15,15.79,11.65,274.83,321.73,84.9,100.6,0.81,5.482
2045-06-16,16.14,9.75,147.58,328.77,87.6,100.5,21.73,0.65
2045-06-17,15.62,8.78,263.89,291.17,72.2,100.9,0,1.292
2045-06-18,16.37,8.81,317.12,280.91,72.7,100.7,0,1.371
2045-06-19,18.78,10.46,329.95,296.38,75,100.6,0,0.248
2045-06-20,19.96,10.94,316.93,305.66,73.1,100.8,0,2.787
2045-06-21,19.63,12.48,222.57,344.95,76,100.8,1.89,4.173
2045-06-22,20.37,13.03,291.91,333.16,81.8,100.9,0.21,0.487
2045-06-23,21.4,15.49,248.58,353.74,87.7,100.9,12.53,0.277
2045-06-24,19.52,15.76,253.17,347,86.7,101.3,0.88,4.08
2045-06-25,21.67,15.05,325.49,325.19,82.1,101.6,0,1.509
2045-06-26,21.96,15.03,325.75,326.78,82.5,101.7,0,1.222
2045-06-27,23.42,16.18,318.59,335.27,80.3,101.4,0,0.133
2045-06-28,24.77,15.99,346.03,325.7,68.4,101.1,0,1.94
2045-06-29,24.05,14.77,344.06,321.55,72.8,100.8,0,2.618
2045-06-30,24.51,15.2,284.32,353.55,78.5,100.4,4.62,0.282
2045-07-01,20.42,17.64,109.2,374.7,93.5,100.1,20.59,0.812
2045-07-02,20.35,17.55,283.86,350.06,88.8,99.6,4.3,2.536
2045-07-03,19.77,17.32,248.03,346.87,87.4,99.2,7.63,1.235
2045-07-04,19.36,15.48,222.5,348.74,90.3,99.3,26.46,2.394
2045-07-05,17.49,13.4,241.94,328.32,85,100,4.66,0.847
2045-07-06,18.9,13.96,78.73,359.53,85.6,99.3,15.47,3.518
2045-07-07,18.12,12.6,170.78,356.63,88.2,98.4,34.74,1.418
2045-07-08,16.97,11.54,248,308.76,68.1,100.7,0.41,3.584
2045-07-09,17.76,13.76,89.85,357.03,89.5,100.1,24.92,2.207
2045-07-10,18.34,15.19,239.23,343.59,85.6,99.2,4.33,4.821
2045-07-11,16.57,13.36,130.22,348.55,86,99.4,9.35,7.921
2045-07-12,17.64,11.71,285.7,306.84,69.4,100.8,0,3.453
2045-07-13,19.73,12.18,225.76,333.7,73.2,101.2,2.47,0.44
2045-07-14,22.73,16.05,320.59,337.37,66,100.8,0,2.701
2045-07-15,22.18,15.7,307.45,335.97,80.4,100.2,1.16,0.476
2045-07-16,21.02,15.22,295.78,331.28,84.8,100.7,2.5,0.714
2045-07-17,19.97,15.27,304,323.78,81.6,100.9,0,1.504
2045-07-18,20.96,14.63,273.97,327.98,81.5,101.3,0.62,0.343
2045-07-19,18.93,15.03,115.25,359.52,90.3,101.1,13.32,2.079
2045-07-20,20.38,16.95,225.5,366.28,91.8,100.6,23.46,4.885
2045-07-21,19.18,14.9,265.25,330.17,82.9,100.3,2.47,2.846
2045-07-22,19.56,13.15,294.06,311.37,82.2,100.6,0,1.947
2045-07-23,19.76,14.24,289.38,319.52,79.4,100.9,0,0.57
2045-07-24,22.56,16.34,239.02,348.92,72.2,100.4,2.1,2.466
2045-07-25,20.07,14.33,199.83,338.24,73.8,100.2,0.57,1.64
2045-07-26,19.8,15.13,195.61,350.44,84.7,100,21.62,1.884
2045-07-27,18.75,16.21,143.35,358.62,90.3,99.9,9.11,0.907
2045-07-28,18.44,15.49,196.99,352.99,84.1,100.2,4,3.102
2045-07-29,16.88,13.09,185.38,327.74,81.6,99.7,6.77,2.635
2045-07-30,18.4,12.67,213.75,322.21,78.7,99,5.17,1.535
2045-07-31,18.77,13.39,228.56,326.49,79.4,99.2,2.79,2.716
2045-08-01,19.13,14.11,243.43,330.81,80,99.4,0.16,4.276
2045-08-02,19.46,15.12,172.11,352.18,88,99.1,6.4,1.332
2045-08-03,18.13,15.18,173.59,351.98,85.9,99.3,5.21,5.305
2045-08-04,17.99,14.81,197.31,332.73,80.9,99.9,2.14,5.474
2045-08-05,18.18,14.6,196.93,340.46,80.8,100.1,2.47,5.174
2045-08-06,18.94,14.11,138.64,356.53,89.1,99.7,27.54,0.636
2045-08-07,19.11,16.86,178,357.97,90.4,99.4,30.52,1.829
2045-08-08,19.55,16.48,218.15,349.58,86.7,99.7,4.12,4.161
2045-08-09,19.57,15.02,207.59,337.57,81.9,100.5,1.18,3.325
2045-08-10,19.51,13.66,246.55,312.87,75.7,101.2,0,2.025
2045-08-11,18.8,13.2,144.87,344.75,85.3,101.2,25.57,3.078
2045-08-12,20.72,17.74,107.65,393.88,94.2,100.8,12.25,5.212
2045-08-13,20.02,17.72,206.26,357.54,89.8,100.9,0.64,3.59
2045-08-14,18.68,17.07,59.22,371.16,93.5,100.5,10.25,3.37
2045-08-15,19.1,15.16,221.51,326.9,81,100.4,3.27,4.079
2045-08-16,16.64,14.35,148.71,336.68,83.3,100.3,8.12,5.207
2045-08-17,16.31,12.44,168,312.47,72.5,100.5,0.67,4.313
2045-08-18,15.99,11.04,171.42,305.54,66.9,100.7,0,2.103
2045-08-19,16.42,10.8,78.68,330.95,75.7,100.5,20.02,3.318
2045-08-20,13.55,11.4,63.25,341.8,88.6,99.4,63.35,2.773
2045-08-21,15.76,11.97,173.81,306.36,74.8,101,0.66,4.994
2045-08-22,17.16,13.58,213.53,320.18,76.6,101.3,0.49,3.537
2045-08-23,18.27,14.65,112.05,363.71,83.2,100.6,5.08,1.149
2045-08-24,19.04,16.11,85.88,381.36,93.7,99.7,31.32,0.827
2045-08-25,18.22,15.86,179,348.61,88.9,99.8,4.01,3.071
2045-08-26,17.94,14.47,150.98,341.02,91.9,100.1,8.22,0.736
2045-08-27,19.22,13.36,226.4,311.12,84.1,100.6,0,0.238
2045-08-28,19.28,13.44,213.75,312.87,80.4,101,0,2.628
2045-08-29,17.55,12.25,213.59,304.73,82.8,101.2,0,0.59
2045-08-30,18.54,12.02,220.49,300.73,83.3,101.4,0,0.587
2045-08-31,18.55,12.33,199.4,309.31,82.8,101.4,0,0.323
2045-09-01,18.56,12.63,178.58,317.64,82.4,101.4,0,0.046
2045-09-02,18.34,12.83,197.47,309.94,82.4,101.3,0,0.13
2045-09-03,18.66,12.83,187.29,311.84,83.3,101.3,0,0.144
2045-09-04,20.33,14.42,169.59,337.42,79.6,101.1,0,0.489
2045-09-05,19.3,14.17,172.95,333.97,85.5,100.7,3.33,0.953
2045-09-06,17.16,12.55,197.77,308,80.1,100.1,8.47,2.331
2045-09-07,15.69,12.11,137.72,319.11,82.5,99.7,9.24,2.499
2045-09-08,15.58,13.36,114.76,328.97,78.4,100,3.09,6.998
2045-09-09,17.53,13.67,160.73,327.65,79.8,100.5,1.86,4.577
2045-09-10,18.26,12.81,165.34,329.93,87.4,100.9,2.45,1.52
2045-09-11,17.38,12.04,171.69,309.75,85.5,101.1,0,0.118
2045-09-12,17.91,12.47,180.3,311.85,83.6,101.4,0,0.782
2045-09-13,19.34,13.44,185.69,320.99,88.1,101.4,0,0.321
2045-09-14,17.51,13.24,112.73,340.52,92,101.5,1.39,0.204
2045-09-15,18.23,13.98,126.27,342.17,89,101.7,0,0.263
2045-09-16,18.56,13.53,137.38,325.65,88.8,101.9,0,0.64
2045-09-17,18.31,13.08,156.18,320.28,87.6,102.2,0,0.777
2045-09-18,18.4,13.3,146.5,329.14,84.8,102.2,0,0.478
2045-09-19,17.64,12.5,142.4,319.58,86.6,102.2,0,0.075
2045-09-20,18.04,12.56,165.48,322.84,86.4,102,0,0.887
2045-09-21,19.02,15.33,89.24,366.23,95,102,0.68,1.273
2045-09-22,20.23,14.41,137.72,341.19,88.8,102.1,0,1.529
2045-09-23,18.34,11.95,139.51,312.58,83.6,102.2,0,1.073
2045-09-24,18.21,13,145.05,319.71,85.7,102.5,0,0.282
2045-09-25,17.3,12.07,137.55,312.18,84,102.5,0,1.672
2045-09-26,16.16,11.63,117.76,318.11,80.1,102,0,0.424
2045-09-27,17,12.81,110.87,338.7,80.6,100.8,1.37,2.779
2045-09-28,17.27,15.71,110.01,346.88,84.2,99.9,6.14,5.992
2045-09-29,17.13,12.46,43.92,360.78,89.5,99.5,23.71,2.82
2045-09-30,14.5,10.97,73.98,322.28,87.6,99.4,18.09,1.44
2045-10-01,15.6,10.56,126.74,297.62,80.2,99.9,3.2,0.963
2045-10-02,16.95,13.98,74.21,335.52,78.8,99.7,9.06,1.446
2045-10-03,19.46,14.1,58.37,352.01,80.8,98.6,9.77,2.206
2045-10-04,15.01,12.43,112.15,314.57,70.7,100.1,2.57,4.704
2045-10-05,17.01,14.05,108.06,340.26,78.5,101,3.71,2.574
2045-10-06,17.1,16.29,17.34,383.41,96.1,101.3,17.97,3.01
2045-10-07,17.33,15.57,102.6,343.91,90.2,101.6,0.87,2.453
2045-10-08,16.65,14.12,58.02,364.17,93.4,101.5,5.58,3.096
2045-10-09,15.62,11.47,96.51,306.51,79.3,102.1,0,2.248
2045-10-10,14.78,10.43,101.13,302.37,71.8,102.4,0,0.322
2045-10-11,14.27,10.08,95.68,305.05,77.2,102,0,2.24
2045-10-12,13.72,10.31,70.14,313.88,81.7,101.7,0,1.056
2045-10-13,14.19,9.67,87.28,310.22,81,101.4,0,1.009
2045-10-14,14.94,11.67,45.56,343.98,90.4,100.6,11.47,1.212
2045-10-15,15.03,11.64,89.49,304.39,83.7,101,0,2.273
2045-10-16,16.08,13.75,90.13,333.56,83.7,100.8,0,0.926
2045-10-17,15.18,11.52,37.51,339.8,88.8,100.6,3.22,0.19
2045-10-18,13.9,10.94,43.67,325.53,90.7,100.2,1.79,0.425
2045-10-19,14.13,9.85,52.37,322.99,78.6,98.8,19.28,4.574
2045-10-20,12.6,9.78,27.28,325.39,80.8,98.9,18.03,7.194
2045-10-21,13.91,11.45,41.45,325.13,73.7,99.8,9.9,7.109
2045-10-22,12.48,11.14,57.06,311.35,68.4,101,1.08,9.857
2045-10-23,15.48,11.81,19.88,356.82,85.8,101.4,14.19,5.643
2045-10-24,15.15,14.45,38.68,367.14,90.1,101.1,3.98,5.239
2045-10-25,14.72,8.12,13.18,332.94,84.2,100.4,38.59,5.064
2045-10-26,11.89,8.12,78.32,280.13,68,101.4,0.29,3.439
2045-10-27,13.77,9.79,40.81,334.39,87.6,101.4,6.32,5.189
2045-10-28,14.44,12.66,36.97,350.77,89.2,101.5,1.14,5.822
2045-10-29,14.56,13.33,37.04,352.83,91.9,101.4,2.21,5.05
2045-10-30,14.53,9.64,15.98,349.49,92.8,101,15.03,2.807
2045-10-31,12.83,8.92,28.62,327.34,84.4,101.5,7.8,0.386
2045-11-01,11.13,8.2,41.36,305.57,76,102,0.57,3.872
2045-11-02,11.12,6.91,55.28,294.03,70,103.1,0,1.8
2045-11-03,12.74,8.62,28.07,331.47,77.5,103,2.84,3.946
2045-11-04,14.44,11.1,46.14,345.07,90.1,102,6.3,5.385
2045-11-05,14.31,11.34,23.64,350.49,91.1,101.8,0.8,2.305
2045-11-06,14.79,11.4,38.82,342.4,90.6,101.8,0,1.977
2045-11-07,12.48,10.04,29.83,326.79,89.6,102,0,1.706
2045-11-08,13.09,9.33,44.85,327.19,92,102,0,2.964
2045-11-09,13.6,11.45,30.52,347.7,91.8,101.2,3.62,7.455
2045-11-10,13.54,8.98,40.5,308.54,78.1,100.8,0,4.287
2045-11-11,12.12,8.23,20.06,331.64,89.3,100.2,15.94,4.504
2045-11-12,11.52,3.98,33.67,290.09,72.3,99.4,6.69,6.559
2045-11-13,8.36,3.76,43.95,269.25,73.1,99.6,4.08,2.502
2045-11-14,9.2,5.78,17.95,307.37,89.8,98.2,10.86,2.226
2045-11-15,8.85,6.17,21.01,307.5,85.7,98.6,7.18,4.824
2045-11-16,8.32,5.73,21.93,284.43,77.5,99.2,3.01,3.071
2045-11-17,7.75,2.97,37.83,246.09,71.3,101.3,0,2.066
2045-11-18,7.24,1.19,29.02,268.48,73.6,102.3,0,0.724
2045-11-19,8.09,4.14,25.89,292.82,78.3,101.8,0,0.532
2045-11-20,7.62,3.89,15.35,288.85,84.8,101.4,0,1.5
2045-11-21,7.23,3.43,14.5,290.36,83,100.7,1.26,4.212
2045-11-22,9.75,5.57,32.91,300.65,93.4,100.1,3.55,1.154
2045-11-23,11.9,5.81,9.31,323.66,92.9,98.5,14.58,2.36
2045-11-24,11.83,8.85,16.63,310.65,86.4,96.7,8.63,1.404
2045-11-25,11.33,9,31.05,322.7,86.6,97.4,9.48,2.28
2045-11-26,10.05,6.85,21.88,303.22,84.1,99.1,3.96,3.836
2045-11-27,10.37,6.14,18.15,301.16,89.2,100.3,2.06,1.313
2045-11-28,9.5,7.28,15.9,303.78,79.5,99.8,1.35,6.459
2045-11-29,7.76,5.98,7.47,318.12,88.6,99.8,8.7,3.525
2045-11-30,5.98,2.81,24.37,286.91,81.8,100.5,0.51,2.697
2045-12-01,5.38,2.01,19.68,293.36,90.8,100.1,6.33,1.969
2045-12-02,10.71,4.63,12.19,308.61,89.5,100,16.01,0.686
2045-12-03,8.46,6.38,25.09,283.57,73.3,100.1,0.08,4.601
2045-12-04,8.1,4.79,17.83,302.74,76,100.8,0.43,0.391
2045-12-05,8.61,2.61,26.28,288.39,87.8,100.2,4.23,0.427
2045-12-06,11.46,7.31,12.5,316.31,80.4,99,24.48,2.676
2045-12-07,9.24,7.08,25.66,287.08,76.6,99.5,0.69,4.969
2045-12-08,7.45,4.47,18.19,291.51,89.8,100.3,0.56,2.694
2045-12-09,6.19,0.93,28.91,243.16,79.6,101.7,0,3.852
2045-12-10,4.22,-0.61,27.41,239.54,79.8,102.2,0,0.622
2045-12-11,5.57,0.84,17.27,280.07,84.4,101.9,0,1.48
2045-12-12,7.78,4.03,13.22,305.95,83.8,101.1,2.41,1.277
2045-12-13,10.12,4.41,17.04,313.53,88,99.8,29.35,1.638
2045-12-14,8.98,6.76,13.53,301.11,85.5,99.8,7.94,5.825
2045-12-15,9.74,6.29,6.17,332.38,92.9,100.8,18.66,1.288
2045-12-16,12.04,8.92,7.94,354.87,98.6,100.8,11.68,4.721
2045-12-17,11.32,10.03,13.51,347.73,98.2,101.1,2.87,4.364
2045-12-18,11.43,10.26,6.22,352.75,96.5,99.9,23.66,2.964
2045-12-19,10.51,5.69,11.78,314.38,92.8,99.4,16.58,2.748
2045-12-20,5.96,2.41,23.22,263.78,75.6,100.5,0.14,2.112
2045-12-21,4.02,0.09,30.37,220.44,75.4,101.2,0,1.518
2045-12-22,7.2,0.39,8.51,294.41,87.5,101,4.31,2.162
2045-12-23,8.51,6.81,11.13,316.58,84.7,100.4,4.35,8.674
2045-12-24,7.42,5.21,15.1,293.02,71.4,100,6.23,7.056
2045-12-25,7.03,5.18,25.78,274.09,74.2,100.7,0,3.474
2045-12-26,6.38,4.1,14.47,298.92,76.3,101.6,0,0.591
2045-12-27,10.39,4.85,5.53,338.63,97.1,101.5,15.31,1.566
2045-12-28,10.87,8.68,11.39,332.78,94,101.1,12.31,6.553
2045-12-29,10.42,7.61,17.89,324.22,93.2,101.4,3.83,4.737
2045-12-30,11.11,8.43,17.33,327.66,90.3,101.2,2.99,7.555
2045-12-31,10.22,8.04,19.72,318.03,89.1,101.6,1.55,5.374
2046-01-01,9.33,7.64,22.11,309.4,87.9,101.9,0,3.22
2046-01-02,9.7,9.08,11.06,340.36,98.3,101.9,2.37,2.798
2046-01-03,9.43,6.12,28.48,295.62,80.1,101.5,7.99,4.313
2046-01-04,6.55,4.01,32.54,248.64,75.2,102,0,2.23
2046-01-05,5.75,1.52,21.19,267.64,84.4,102.1,0,1.94
2046-01-06,3.9,0.62,25.14,250.56,81.1,101.8,0,2.045
2046-01-07,3.29,0.25,16.06,269.12,80.8,101.1,0,0.944
2046-01-08,3.63,-0.21,30.49,246.78,82.1,100.9,0,1.278
2046-01-09,1.4,-1.91,30.53,234.89,85.7,100.6,0,1.918
2046-01-10,3.15,-2.38,22.57,264.04,84.7,99.4,0.36,4.24
2046-01-11,4.43,2.16,28.18,273.39,80.5,98.7,1.94,8.685
2046-01-12,3.94,3.06,10.13,294.33,74.9,99,0,8.829
2046-01-13,3.35,0.44,21.75,271.97,77.3,100.5,0,4.446
2046-01-14,1.14,-1.07,22.32,255.75,77.6,102.1,0,2.338
2046-01-15,0.36,-1.39,12.36,274.56,83.3,102.6,4.38,1.851
2046-01-16,0.14,-4.05,21.08,259.24,91.5,102,2,2.312
2046-01-17,-0.4,-7.93,37.72,206.44,93.7,102.3,0,1.726
2046-01-18,1.31,-6.27,38.35,219.3,82.5,102.1,0,0.924
2046-01-19,6.25,-2.31,16.16,311.93,95.2,101.2,4.78,2.96
2046-01-20,7.07,5.7,7.62,330.31,97.2,99.9,30.05,5.63
2046-01-21,6.12,3.33,24.05,298.53,94.2,99,3.79,0.761
2046-01-22,5.94,0.89,41.74,272.67,87.2,99.4,1.39,0.62
2046-01-23,8.82,5.83,18.93,324.55,91.9,99,4.45,7.858
2046-01-24,10.73,8.18,16.08,337.13,89.4,98.6,15.88,8.312
2046-01-25,10.75,8.48,3.97,348.37,96.7,98.7,44.25,4.661
2046-01-26,10.43,8.92,25.26,344.64,98.5,98.5,16.79,3.702
2046-01-27,9.2,4.22,18.86,318.12,93.8,98.6,15.71,0.298
2046-01-28,5.35,2.88,29.57,272.57,65.6,99.6,0,6.847
2046-01-29,3.08,2.16,41.17,273.26,68.1,99.7,0,7.631
2046-01-30,3.59,2.24,15.97,298.84,72.2,99.4,0,7.938
2046-01-31,4.93,1.73,44.16,253.04,73.8,99.9,0,5.054
2046-02-01,3.62,-1.27,48.85,242.75,82.7,100.1,0,0.866
2046-02-02,3,-1.7,56.07,234.89,78.4,99.8,1.02,1.103
2046-02-03,5.79,0.24,12.03,294.19,83.3,99.6,3.8,3.76
2046-02-04,6.76,2.28,32.42,291.31,83.2,99.1,0.97,3.34
2046-02-05,4.19,-0.32,51.99,254.65,82.5,99.1,0.09,2.175
2046-02-06,5.35,-0.43,37.51,281.65,79,99.1,1.28,3.944
2046-02-07,11.07,5.4,38.84,322.69,90.4,97.6,5.71,1.772
2046-02-08,10.38,8.35,39.71,333.96,93.2,97.6,1.11,1.202
2046-02-09,10.22,6.93,39.16,329.55,97.3,97.6,3.18,0.934
2046-02-10,9.17,6.99,32.81,326.65,96.9,97.5,4.75,0.598
2046-02-11,7.83,4.14,22.93,316.12,88.5,97.9,5.09,1.574
2046-02-12,5.12,1.65,67.77,259.65,68.5,98.9,2.66,3.498
2046-02-13,5.12,2.62,43.18,282.75,78.4,99.4,10.2,5.369
2046-02-14,6.09,0.5,44.26,284.08,83.3,100,8.73,0.219
2046-02-15,11.11,5.44,24.42,347.74,99.2,100.1,9.88,2.424
2046-02-16,10.57,8.47,73.18,323.26,96.7,101.2,0.55,1.816
2046-02-17,11.85,6.54,58.09,320.83,96.4,101.1,0.97,0.753
2046-02-18,9.44,5.06,72.93,294.83,96.8,100.3,0,0.263
2046-02-19,9.58,6.17,38.41,333.51,97.7,100.4,0.74,0.492
2046-02-20,11.62,9.12,39.71,346.12,93.1,100.8,3.1,1.228
2046-02-21,13,10.13,55.95,326.45,81.2,101,0,2.136
2046-02-22,12.11,7.31,75.19,296.53,83.1,100.4,0,1.902
2046-02-23,10.41,8.76,34.09,334.71,95.1,100.3,2.74,0.623
2046-02-24,11.82,8.03,77.97,315.54,91,100.7,0,0.716
2046-02-25,12.9,9.27,63.81,339.18,91,100.7,0.39,1.98
2046-02-26,12.18,8.99,57.92,334.64,86.3,100.6,0,2.637
2046-02-27,10.4,4.89,107.75,270.2,86.6,101.2,0,1.413
2046-02-28,8.98,2.75,118.44,259.23,86.1,101.2,0,1.051
2046-03-01,7.83,4.36,87.36,293.84,86.4,100.8,0,1.914
2046-03-02,6.95,4.47,65.58,303.82,87.1,100.4,0.11,1.993
2046-03-03,8.22,4.3,93.3,289.71,86,100,0,0.859
2046-03-04,7.03,3.13,81.1,276.83,80.8,100.4,0,0.665
2046-03-05,9.01,2.37,104.71,277.02,77.7,100.8,0,1.152
2046-03-06,9.08,4.37,99.66,296.09,78.3,100.8,0,2.78
2046-03-07,10.71,4.2,106.13,292.71,85.8,101.3,0,1.655
2046-03-08,10.06,5.5,117.35,291.76,90.4,101.9,0,0.109
2046-03-09,8.98,3.93,90.91,287.73,92.3,102.3,0,0.248
2046-03-10,9.82,5.16,67.19,317.35,94.3,102,1.37,1.069
2046-03-11,8.47,5.82,98.25,291.98,76.1,100.3,1.32,5.726
2046-03-12,7.66,2.45,77.49,274.88,67.8,99.1,0.41,4.081
2046-03-13,5.04,1.26,116.15,244.59,63.6,98.8,1.08,5.314
2046-03-14,6.78,2.89,108.36,259.49,67.9,98.7,1.26,5.676
2046-03-15,7.09,2.82,111.26,261.4,69.6,99.8,0.54,3.477
2046-03-16,8.44,2.36,130.88,259.74,69.8,101,0,0.717
2046-03-17,10.91,6.39,118.43,291.79,82.5,102.1,0,1.157
2046-03-18,12.52,7.34,167.56,271.12,70.7,102.5,0,1.285
2046-03-19,12.36,9.18,112.63,308.31,67.4,101.9,0,1.102
2046-03-20,11.12,9.39,45.79,337.44,87.8,100.9,5.41,0.985
2046-03-21,13.68,9.93,73.4,333.03,66.1,99.5,0.3,3.793
2046-03-22,11.84,6.69,159.48,286.04,79.5,99.1,1.33,1.186
2046-03-23,11.35,6.26,69.86,321.07,87.5,99.5,5.44,0.365
2046-03-24,9.34,5.74,130.39,299.48,79.8,100.3,5.19,5.89
2046-03-25,10.55,6.34,130.55,299.04,85,101.3,0,0.471
2046-03-26,9.81,6.91,84.67,322.42,89.8,101.5,4.1,0.64
2046-03-27,10.38,8.13,81.84,337.46,96.7,101.2,7.43,0.457
2046-03-28,8.92,4.32,86.55,305.93,85.3,101.1,5.08,1.885
2046-03-29,7.33,3.62,113.31,291.06,75.9,101.2,0.07,3.525
2046-03-30,8.57,3.53,120.81,286.61,77,101.2,0.52,2.874
2046-03-31,8.12,4.42,108.41,300.68,82.5,101.3,2.03,2.849
2046-04-01,9.1,3.5,105.74,298.55,79,101.2,0.41,0.804
2046-04-02,9.79,4.36,113.96,306.63,86.1,100.8,1.83,0.086
2046-04-03,8.55,4.37,91.04,297.26,84.8,99.6,4.91,1.457
2046-04-04,8.62,3.49,134.56,283.68,75,99.8,0.62,0.755
2046-04-05,6.76,1.42,147.62,270.68,69.7,100.8,5.28,2.947
2046-04-06,8.37,0.22,218.78,226.55,61.5,101.3,0,0.616
2046-04-07,11.4,4.51,174.64,284.96,61.7,100.8,0,3.103
2046-04-08,9.25,4.73,126.72,291.73,64,101,0,3.89
2046-04-09,8.9,3.84,142.93,288.48,61.6,101.5,0.05,2.483
2046-04-10,9.33,4.07,151.62,287.64,63.6,101.3,0,3.187
2046-04-11,7.46,2.96,124.57,279.76,73.5,101.1,0,2.406
2046-04-12,7.28,1.69,148.19,264.64,70.5,100.6,0,2.167
2046-04-13,8.04,1.03,149.33,270.98,64.6,100.4,0.75,1.3
2046-04-14,8.61,5.12,82.61,304.6,65.2,100.4,0.82,3.933
2046-04-15,9.35,3.91,143.95,284.58,60.4,101.4,0,3.996
2046-04-16,9.07,2.82,175.8,274.31,61.8,102.5,0,1.994
2046-04-17,9.87,3.2,154.92,286.02,70.1,102.9,0,1.388
2046-04-18,10.46,4.95,244.08,282.66,74.9,102.7,0,2.695
2046-04-19,12.19,8.9,120.18,338.26,95.9,101.7,1.98,3.822
2046-04-20,11.17,3.04,148.81,305.98,87.6,100.3,1.85,1.796
2046-04-21,6.84,1.77,169.37,262.93,63.1,99.7,3.24,1.675
2046-04-22,8.06,2.55,215.17,250.31,57.6,99.9,0.43,4.037
2046-04-23,9.71,4.3,126.74,306.32,68.4,100.4,0.42,5.054
2046-04-24,11.17,9.16,125.06,330.92,79,100.3,4.67,3.23
2046-04-25,17.51,9.07,209.43,327.51,64.7,100.3,0,1.759
2046-04-26,15.64,12.05,156.71,347.33,81.2,100.1,5.91,2.588
2046-04-27,13.33,9.13,79.5,335.92,92.3,99.9,9.13,1.096
2046-04-28,14.16,7.09,236.9,295.46,83,100.7,0,0.313
2046-04-29,16.67,9.41,261.59,306.51,79.7,101.2,0,4.189
2046-04-30,13.41,6.54,256.76,289.32,73,102,0,4.966
2046-05-01,12.96,5.21,287.72,256.25,63.3,102.3,0,4.076
2046-05-02,13.54,5.74,236.95,280.85,72.9,102.4,0,2.989
2046-05-03,13.06,4.23,282.58,259.93,79.2,102.2,0,0.098
2046-05-04,13.6,8.04,262.79,287.07,79.2,101.6,0,0.88
2046-05-05,13.11,7.98,120.94,317.02,82.8,100.4,6.11,1.05
2046-05-06,10.93,5.39,191.99,284.42,66.8,100.5,0.37,2.148
2046-05-07,9.09,5.04,161.91,295.5,64.5,99.8,0.31,5.917
2046-05-08,10.23,4.62,180.95,297.29,73.9,98.9,2.54,2.871
2046-05-09,9.93,5.75,151.93,297.29,75.9,99.6,1.63,2.726
2046-05-10,9.58,5.29,131.67,312.97,79.4,99.9,3.17,4.138
2046-05-11,7.38,4.9,90.98,303.11,65.2,100.4,0,2.476
2046-05-12,11.33,4.72,218.05,290.26,67.1,100.5,0,1.53
2046-05-13,10.78,6.15,219.12,295.41,60.5,100.8,0,1.828
2046-05-14,10.02,6.16,172.4,303.3,63.9,101.6,0,2.134
2046-05-15,10.36,6,177.54,301.33,66.9,102.1,0,5.082
2046-05-16,14.25,6.01,319.37,268.52,68.8,102.1,0,5.848
2046-05-17,15.93,6.01,313.57,278.41,76.7,101.8,0,3.549
2046-05-18,12.98,5.57,189.81,308.18,81.2,100.9,1.85,2.183
2046-05-19,9.94,5.2,163.01,296.43,71.1,100.5,0.81,3.062
2046-05-20,10.03,4.87,208.26,282.01,70.7,100.1,0.39,2.091
2046-05-21,10.15,3.72,166.5,285.12,77,100.4,1.68,0.304
2046-05-22,13.17,5.18,171.1,301.88,72.1,100.1,0,2.808
2046-05-23,12.81,7.46,192.94,302.58,69.2,99.8,0,5.244
2046-05-24,12.7,7.51,251.37,296.31,84,100.6,2.25,0.218
2046-05-25,14.47,7.32,129.64,323.62,82.8,100.4,8.95,2.18
2046-05-26,13.91,9.9,295.13,301.42,88.3,100.5,3.2,2.046
2046-05-27,13.7,8.51,305.09,282.41,84.4,101,0,1.967
2046-05-28,14.29,10.51,198.36,332.5,90.7,100.8,3.92,0.656
2046-05-29,13.87,9.55,289.16,300.55,84.9,100.4,0.2,1.811
2046-05-30,13.26,9.3,253.12,310.25,88.2,100.3,5.27,4.249
2046-05-31,13.44,8.71,238.88,309.99,79.8,100.8,3.35,4.313
2046-06-01,13.61,8.12,224.74,309.25,71.4,101.2,1.43,4.51
2046-06-02,11.07,6.21,226.89,286.84,57.7,101.8,0,3.028
2046-06-03,11.31,7.27,255.3,292.92,62.9,101.6,0.25,2.811
2046-06-04,13.6,7.9,212.17,324.8,83.5,100.8,6.58,4.775
2046-06-05,12.39,9.75,113.99,338.92,92.8,100.8,21.24,3.987
2046-06-06,13.83,7.99,245.74,298.38,70,101.8,0,1.478
2046-06-07,14.99,7.87,346.35,270.28,72.5,102.3,0,0.689
2046-06-08,14.66,7.61,332.18,269.32,73.9,102.1,0,0.247
2046-06-09,15.75,10.51,161.46,335.4,79.1,101.2,0.66,0.519
2046-06-10,13.89,11.67,128.88,345.48,91.7,100,21.47,1.011
2046-06-11,14.39,10.77,194.15,327.86,88.9,99.2,9.86,1.009
2046-06-12,15.13,10.36,217.44,321.28,87.8,99.1,4.12,0.504
2046-06-13,14.28,10.59,180.98,329.08,89.7,99.2,10.29,3.867
2046-06-14,14.5,11.44,206.66,329.71,87.9,99.3,15.74,2.793
2046-06-15,14.78,9.9,291.52,294.46,76.8,99.8,0,4.16
2046-06-16,15.05,9.02,325.3,283.05,79.5,100.1,0,2.817
2046-06-17,15.61,8.99,284.85,293.16,78.4,100.1,0,2.247
2046-06-18,16.28,9.47,316.49,288.75,79.4,100.6,0.59,0.541
2046-06-19,15.08,9.83,281.02,291.13,78.8,100.8,0,1.651
2046-06-20,15.59,11.97,116.08,350.66,91.5,100.7,10.97,1.407
2046-06-21,16.86,13.07,297.7,322.89,89.8,101.1,1.14,1.25
2046-06-22,17.14,13.81,295.42,318.86,84.7,101,0.92,3.344
2046-06-23,17.05,11.62,265.4,310.47,81.8,100.6,0.42,1.216
2046-06-24,17.7,10.85,202.75,322.92,76.8,100.4,0,0.153
2046-06-25,19.3,14.2,252.22,341.41,81.3,100.4,3.18,1.681
2046-06-26,18.49,13.33,219.83,331.76,82.1,100.5,0,0.462
2046-06-27,17.75,14.97,201.53,349.98,91.3,99.8,11.04,2.606
2046-06-28,16.29,12.88,171.05,330.57,83.5,99.4,11.4,3.839
2046-06-29,17.07,12.12,295.95,302.63,74.6,100.9,0,4.298
2046-06-30,17.48,13.12,130.97,360.49,95,100.6,27.42,2.88
2046-07-01,17.42,12.81,287.89,316.47,81.7,100.5,0.91,4.119
2046-07-02,17.34,11.45,259.96,317.08,81.2,100.6,3.06,4.287
2046-07-03,17.92,12.55,290.52,319.06,77.8,101.2,0,2.358
2046-07-04,17.5,11.81,261.89,312.04,82.6,101.7,2.2,0.297
2046-07-05,19.08,12.86,308.12,316.36,78.5,101.5,0,0.765
2046-07-06,19.22,15.59,315.68,322.94,75,100.9,0,1.777
2046-07-07,18.2,15.9,139.37,370.69,91,100.2,11.18,1.826
2046-07-08,18.93,14.98,210.21,364.38,91.8,99.7,5.93,4.392
2046-07-09,17.95,14.02,272.5,320.13,77.8,100.4,2.55,6.411
2046-07-10,17.54,13.74,97.32,355.21,88.6,100.8,4.44,3.583
2046-07-11,20.12,16.45,150.18,385.7,93.7,100.7,12.04,5.112
2046-07-12,19.76,17.35,188.33,377.86,92.5,100.8,7.82,4.551
2046-07-13,24.49,17.15,208.64,374.29,78.5,100.1,0.4,0.805
2046-07-14,20.18,16.07,115.71,377.62,94.1,99.6,9.42,1.226
2046-07-15,17.15,13.37,242.63,327,81.8,100.2,4.88,5.63
2046-07-16,16.86,12.85,166.65,334.6,83,100.8,6.37,2.24
2046-07-17,18.78,13.75,266.08,327.3,80.6,100.3,2.2,1.166
2046-07-18,17.94,12.66,271.24,318.62,82,100.7,4.92,2.136
2046-07-19,19.29,13.79,279.42,317.26,75.2,100.8,0.51,2.978
2046-07-20,17.88,12.16,220.39,324.83,82.8,101.1,0.93,1.269
2046-07-21,18.81,16.7,81.91,382.46,96.5,100.2,38.48,3.089
2046-07-22,18.98,15.36,216.13,353.25,90.2,99.6,11.93,2.327
2046-07-23,19.64,14.05,272.19,333.21,75.5,100.1,0,2.824
2046-07-24,17.9,12.68,271.99,305.9,71.5,100.9,0.9,0.654
2046-07-25,18.24,11.35,257.9,307.75,70,101.1,0,1.202
2046-07-26,18.26,13.1,235.77,326.82,81.2,100.8,2.78,2.537
2046-07-27,19.13,16.29,215.05,359.07,83.5,100.3,6.38,4.214
2046-07-28,20.31,16.16,93.55,375.99,92.9,100.1,9.2,3.769
2046-07-29,20.07,16.03,208.61,357.78,86.2,100,0.01,2.273
2046-07-30,19.63,16.06,156.88,356.61,87.6,99.1,16.53,3.166
2046-07-31,19.26,15.81,202.27,341.26,82.8,99.5,10.08,4.316
2046-08-01,18.89,15.56,247.97,325.86,78.1,99.9,3.63,5.557
2046-08-02,20.17,16.51,156.66,371.75,89.5,99.8,16.37,1.923
2046-08-03,19.14,15.58,255.21,330.04,82.1,100,2.38,4.113
2046-08-04,19.61,15.77,171.37,350.75,85.4,99.6,8.12,1.301
2046-08-05,19.55,15.28,226.7,336.91,82.6,99.3,6.17,0.224
2046-08-06,18.76,15.29,222.18,339.76,85.4,99.8,2.46,3.416
2046-08-07,18.55,15.61,220.45,343.18,81.3,100.1,1.3,4.262
2046-08-08,18.93,15.18,241.4,328.03,77.4,100.5,3.24,5.407
2046-08-09,19.25,14.26,211.99,324.71,78.6,100.9,0,3.714
2046-08-10,19.54,14.15,142.87,364.49,90.8,100.8,2.62,2.067
2046-08-11,20.13,16.38,210.22,358.75,88.9,100.6,10.55,3.396
2046-08-12,19.4,15.83,224.75,345.34,89.5,99.7,36.78,2.05
2046-08-13,20.62,15.41,195.76,350.51,89.5,100.1,6.76,3.045
2046-08-14,22.09,16.31,245.37,344.8,85.5,101.1,0,1.216
2046-08-15,22.01,15.35,266.22,332.03,86.4,101,0,1.248
2046-08-16,20.46,15.05,238.58,334.41,75.6,100.7,2.16,1.073
2046-08-17,19.78,14.2,254.86,312.43,77.6,101.3,0,1.41
2046-08-18,19,14.78,147.9,332.89,82.8,100.8,7.35,3.393
2046-08-19,19.84,15.78,165.66,356.87,82.6,100.6,4.63,6.335
2046-08-20,19.29,14.59,192.99,328.33,75.4,100.9,0,2.328
2046-08-21,18.68,13.87,169.36,339.09,86.8,100.6,10.17,2.683
2046-08-22,17.92,11.83,225.64,297.35,73.4,101,0,1.236
2046-08-23,18.51,11.91,230.2,293.79,69.1,101.1,0,0.15
2046-08-24,18.57,12.27,203.83,307.43,73.9,101,0,0.495
2046-08-25,18.56,12.29,231.77,295.72,75.1,100.9,0,0.472
2046-08-26,20.25,12.28,185.71,321.66,76.3,100.9,0.59,1.123
2046-08-27,19.38,14.62,96.97,352.31,76.8,101,19.98,3.8
2046-08-28,21.08,14.54,197.18,337.09,77.7,101.3,10.12,3.689
2046-08-29,21.99,13.24,210.77,328.47,81.1,101.7,0,1.643
2046-08-30,21.85,13.63,218.59,318.55,84.1,101.8,0,0.796
2046-08-31,21.65,13.62,215.5,314.92,81.3,101.6,0,1.197
2046-09-01,21.44,13.61,212.44,310.13,78.5,101.3,0,1.602
2046-09-02,20.72,12.41,198.44,313.85,82.7,100.7,0,1.423
2046-09-03,19.7,14.04,145.87,336.5,87.6,100.3,0.98,0.672
2046-09-04,19.56,15.33,158.77,345.81,89.1,100.6,2.35,0.555
2046-09-05,20.65,14.73,179.58,341.65,86.8,101.1,1.24,1.266
2046-09-06,19.67,14.97,159.67,335.43,83.9,101.1,0,0.265
2046-09-07,20.25,15.76,151.3,349.73,81,100.4,6.23,1.122
2046-09-08,19.21,16.2,157.98,344.26,84.6,100,5.88,3.891
2046-09-09,19.36,16.3,73.09,370.57,88.8,100.3,13.2,4.975
2046-09-10,18.82,15.56,157.55,326.2,76.3,100.9,0,4.594
2046-09-11,19.72,16.38,58.74,367.37,89.9,100.9,15.87,4.105
2046-09-12,19.57,17.92,85.72,377.65,94.7,100.8,4.93,3.531
2046-09-13,18.94,16.1,174.31,330.19,77.1,100.6,3.43,5.837
2046-09-14,17.88,15.09,126.94,333.67,76.5,100.2,7.42,7.515
2046-09-15,17.05,14.57,113.7,339.16,77.1,100.4,1.38,5.361
2046-09-16,16.98,11.6,170.76,300.66,72.3,100.8,0,1.152
2046-09-17,19.55,13.95,87.31,365.63,87.1,100.2,13.54,4.553
2046-09-18,19.6,16.33,25.12,379.87,91,99.7,23.79,4.332
2046-09-19,17.52,14.58,42.48,352.07,82.4,99.6,5.5,3.276
2046-09-20,17.79,13.14,128.16,312.19,76.4,100.3,0,2.267
2046-09-21,18.93,12.41,129.78,329.91,82.7,100.5,21.48,3.242
2046-09-22,18.76,14.14,141.23,329,85.9,100,3.28,2.296
2046-09-23,16.68,14.32,100.84,336.96,84.9,99.9,4.31,2.975
2046-09-24,16.77,13.22,44.7,343.53,86.3,99.5,35.45,1.104
2046-09-25,16.04,13.05,54.02,335.02,80.2,99.6,12.47,5.807
2046-09-26,16.33,13.09,118.98,323.71,82.7,99.4,10.45,4.889
2046-09-27,16.16,12.22,110.13,316.1,82,100,2.22,1.647
2046-09-28,16.1,11.4,122.34,311.94,80.8,100.3,0.13,1.529
2046-09-29,15.04,11.21,101.34,323.55,82,100.6,0.27,1.57
2046-09-30,15.63,10.94,97.18,317.29,82.2,100.9,0.17,1.275
2046-10-01,16.23,9.9,101.62,317.55,81.2,100.6,0.48,1.123
2046-10-02,17.04,12.2,71.65,341.69,82.2,99.1,10.53,1.593
2046-10-03,14.72,11.97,48.75,329.2,76.6,99.3,15.68,7.026
2046-10-04,17.12,13.66,78.69,346.69,82.9,100.1,18.68,5.398
2046-10-05,17.78,16.6,33.1,386.25,96.2,100.6,25.6,4.256
2046-10-06,17.23,16.57,37.85,384.35,94.1,100.7,7,2.129
2046-10-07,17.38,13.2,107.4,330,90.9,101.1,11.47,2.109
2046-10-08,16.73,13.04,88.43,332.69,87,101.4,0,3.692
2046-10-09,18.55,15.66,56.56,368.86,87.9,101.1,1.27,6.219
2046-10-10,15.98,14.04,99.97,324.15,78.7,101.8,0.43,5.706
2046-10-11,17.19,15.53,80.7,358.12,90,100.9,3.7,5.632
2046-10-12,16.77,12.45,39.65,343.88,85.6,100.5,9.08,3.886
2046-10-13,13.53,11.46,59.61,309.25,70.2,101,1.22,5.433
2046-10-14,15.02,12.34,36.99,351.07,85,101.2,4.5,6.525
2046-10-15,15.46,12.21,75.73,321.69,75.9,100.6,10.59,8.71
2046-10-16,13.39,9.41,99.65,291.56,70.5,101.3,0,2.712
2046-10-17,15.78,10.16,36.37,349.51,91.9,101.3,3.74,2.494
2046-10-18,15.34,11.26,88.55,315.47,82,101.8,1.33,3.3
2046-10-19,14.48,12.49,50.97,338.02,86.1,101.4,2.26,4.632
2046-10-20,13.86,9.35,30.23,329.04,79.7,99.7,17.16,7.687
2046-10-21,11.36,9.02,41.4,311.24,74.9,98.6,9.76,3.665
2046-10-22,15.05,9.87,58.63,326.41,80.7,96.5,31,9.589
2046-10-23,11.99,7.89,57.77,303.37,67.3,98.1,10.49,5.113
2046-10-24,15.01,6.41,29.32,319.51,79,96.8,21.91,6.1
2046-10-25,11.45,9.67,48.51,314.87,75.2,98.1,9.92,9.691
2046-10-26,11.92,10.16,60.91,304.73,77,98.8,5.84,7.585
2046-10-27,12.27,9.13,52.95,309.56,78.1,98.8,7.95,0.495
2046-10-28,12.27,10.53,26.5,331.42,83.1,97.8,15.76,10.138
2046-10-29,13.3,9.77,46.49,320.22,79.6,98.6,14.82,6.212
2046-10-30,10.43,8.4,35.92,307.32,77.5,97.3,13.97,8.86
2046-10-31,10.71,8.49,44.45,304.29,78.1,97.5,10.62,6.786
2046-11-01,11,8.59,53.03,301.18,78.7,97.6,7.27,4.908
2046-11-02,10.92,8.55,40.98,302.6,75.1,98.9,0.73,5.398
2046-11-03,9.07,5.94,32.03,300.77,85,100,2.93,1.669
2046-11-04,9.45,4.82,62.01,262.68,79.5,100.8,0,1.15
2046-11-05,8.89,4.61,39.95,296.41,88.2,101.1,1.65,0.344
2046-11-06,9.9,4.25,53.95,279,91.1,100.9,2.99,1.641
2046-11-07,12.63,3.7,33.79,306.92,90.7,100.7,18.11,1.875
2046-11-08,12.07,9.43,39.22,305.5,73.4,99.8,2.63,9.65
2046-11-09,13.26,8.96,18.48,325,78.9,99.8,10.47,5.194
2046-11-10,13.19,9.2,19.47,339.97,93.1,98.9,10.28,6.754
2046-11-11,10.21,5.94,55.73,273.34,78.4,100.5,0,0.807
2046-11-12,13.29,8.04,13.78,346.06,94.4,100.5,12.35,2.546
2046-11-13,13.29,11.58,24.98,340.86,95.1,100,5.46,1.109
2046-11-14,13.73,7.74,21.23,327.66,86.3,98.7,27.38,4.356
2046-11-15,9.18,6.22,25.15,305.56,85.2,98.7,11.75,2.747
2046-11-16,9.3,7.08,36.42,287.81,76.1,98.5,3.14,4.033
2046-11-17,9.76,7.51,33.74,291.41,73,99.4,6.77,7.594
2046-11-18,9.41,7.11,36.24,287.47,69,99.9,1.23,5.105
2046-11-19,9.08,3.79,35.88,269.09,79.6,100.5,1.6,1.408
2046-11-20,9.19,3.02,32.2,277.39,78.6,101.4,0.32,1.022
2046-11-21,9.57,8.28,15.7,315.35,81.6,100.5,15.12,6.938
2046-11-22,12.48,8.31,4.57,343.4,91.9,100.2,22.1,7.012
2046-11-23,12.88,10.39,23.58,344.37,92.1,100.1,9.28,5.973
2046-11-24,13.15,8.67,18.19,328.84,80,99,16.37,10.114
2046-11-25,9.99,6.44,15.64,308.6,77.8,98.5,14.58,5.295
2046-11-26,9.4,6.39,29.77,290.46,74.1,98.4,3.4,8.407
2046-11-27,12.13,5.37,19,307.92,85.4,100,1.99,1.928
2046-11-28,12.47,11.51,18.4,352.86,92.7,99,12.17,2.969
2046-11-29,12.15,8.44,12.7,337.22,85.1,97.8,25.29,8.36
2046-11-30,11.95,9.25,24.24,332.48,86.2,97.9,27.98,6.852
2046-12-01,11.86,5.54,15.42,315.52,89.9,97.3,9.24,1.288
2046-12-02,7.87,3.28,29.19,273.89,75.9,99.2,0.02,0.557
2046-12-03,11.85,5.49,25.71,315.71,86.9,98,15.93,1.187
2046-12-04,12.14,10.31,22.27,327.14,84,98.1,9.28,6.162
2046-12-05,12.16,8.55,9.75,328.64,82.4,98.3,18.09,5.262
2046-12-06,10.32,8.36,8.06,306.38,67.6,99.5,5.5,10.184
2046-12-07,13.33,9.05,3.47,350.4,90.9,99.6,42.3,5.862
2046-12-08,13.17,12.03,11.06,358.69,98.5,99.3,7.47,4.793
2046-12-09,12.26,8.71,16.96,317.09,87.9,99.8,5.28,6.018
2046-12-10,11.45,8.09,15.2,313.01,92.1,100.5,4.47,2.873
2046-12-11,10.18,7.99,24.62,287.5,90,101.3,0,2.165
2046-12-12,9.28,5.82,23.14,274,89.4,101,0,1.703
2046-12-13,6.67,4.8,16.92,293.52,89.3,101,0,1.605
2046-12-14,10.2,5.35,3.56,326.05,92,99.7,26.43,0.973
2046-12-15,7.67,2.95,28.27,258.03,83.5,99.3,0.21,2.406
2046-12-16,5.95,1.12,14.5,275.48,83.5,99.2,9.26,3.252
2046-12-17,7.91,3.91,25.01,288.64,95.4,97.9,1.79,1.683
2046-12-18,7.36,3.91,16.83,301.47,94,98.9,0.14,0.953
2046-12-19,6.81,3.84,20.18,266.42,87.5,99.5,0,3.9
2046-12-20,5.91,3.36,18.13,286.75,83.3,101.2,0,2.282
2046-12-21,5.05,2.82,27.55,257.54,92.1,101.5,0.59,2.894
2046-12-22,5.97,3.09,20.22,279.42,86,101.3,0,4.224
2046-12-23,4.67,2.61,13.68,279.78,83.8,101.6,0.72,3.978
2046-12-24,4.07,1.25,19.58,265.45,86.5,101.9,0,2.109
2046-12-25,5.29,2.17,25.01,265.84,84.9,102.2,0.35,3.439
2046-12-26,3.58,0.48,26.21,241.4,85.4,102.4,0,2.346
2046-12-27,4.11,1.7,16.06,269.56,93.5,101.5,0.62,1.32
2046-12-28,4.08,1.57,26.11,262.25,94.8,100.9,0,2.135
2046-12-29,4.24,-0.11,28.84,241.07,92.1,101.2,0,0.913
2046-12-30,3.37,-0.35,30.88,227.1,86.1,101.3,0,1.516
2046-12-31,3.47,-0.42,26.83,233.71,86.9,101.1,0,2.011
2047-01-01,3.57,-0.49,22.83,241.13,87.8,101,0,2.51
2047-01-02,2.44,-0.65,21.65,246.58,81.5,101.2,0.01,4.131
2047-01-03,1.36,-1.44,25.88,234.51,84.9,101.2,0,2.515
2047-01-04,2.43,-1.87,31.86,228.57,82.8,101.5,0,0.966
2047-01-05,3.33,-0.83,25.59,248.62,81.3,102.2,1.79,1.078
2047-01-06,5.75,1.02,20.71,290.89,84.5,102.6,0,1.1
2047-01-07,8.16,5.21,14.66,319.3,82.3,102.4,3.44,4.645
2047-01-08,9.65,8,9.36,338.34,91.3,101.3,4.16,6.497
2047-01-09,10.23,7,14.9,312.17,76.8,100.1,6.16,8.642
2047-01-10,7.18,5.03,14.65,292.16,77.2,100.1,7.09,7.371
2047-01-11,6.01,1.74,16.99,277.85,84.3,100.9,1.38,2.236
2047-01-12,7.68,5.54,15.99,315.71,91.2,99.5,20.59,3.945
2047-01-13,10.39,5.82,9.2,309.84,84.4,99.3,24.24,5.766
2047-01-14,8.67,5.52,8.6,313.95,82.7,97.5,5.96,10.131
2047-01-15,7.32,5.2,23.64,296.92,73,97.6,6.37,9.695
2047-01-16,5.83,3.92,40.11,270.69,79.1,98.5,3.24,4.019
2047-01-17,5.43,1.81,36.49,262.38,84.8,98.3,2.13,1.26
2047-01-18,4.26,2.01,11.42,290.64,81.6,96.6,0.93,4.84
2047-01-19,4.86,-0.65,40.49,241.78,83.2,97.4,0,2.518
2047-01-20,8.99,-0.04,25.05,293.17,86.5,99,10.31,1.246
2047-01-21,9.03,6.5,21.8,304.7,76.9,97.9,9.05,9.904
2047-01-22,6.85,5.29,22.24,281.35,84.2,98.7,2.73,5.51
2047-01-23,10.83,4.44,7.29,321.73,90.1,99.1,6.33,0.8
2047-01-24,9.4,5.77,40.78,301.79,80.8,99,7.14,7.865
2047-01-25,7.16,5.51,39.01,287.77,78,100.8,1.41,6.799
2047-01-26,9.21,7.02,25.18,323.55,94.1,101.7,1.11,6.291
2047-01-27,8.65,7.7,16.17,323.38,95.1,101.9,1.29,4.188
2047-01-28,8.63,6.61,44.81,289.88,89.5,101.5,0,1.421
2047-01-29,10.88,6.6,39.35,297.41,82.1,100.6,0,2.02
2047-01-30,9.86,6.72,13.39,316.04,87.6,101,3.51,2.49
2047-01-31,8.42,6.06,54.15,272.39,84.2,101,0,2.443
2047-02-01,10.6,6.89,12.58,329.48,88.4,98.9,36.45,3.897
2047-02-02,7.41,5.95,43.63,285.67,76.1,99.4,1.08,6.614
2047-02-03,6.66,2.72,51.11,261.37,75.2,100.6,0,2.578
2047-02-04,8.45,2.72,10.48,319.71,90.3,98.6,24.71,6.524
2047-02-05,7.03,2.6,50.3,287.8,83.7,99.4,0.99,1.725
2047-02-06,6.42,2.76,30.22,295.82,82.1,100.1,3.69,0.932
2047-02-07,10.69,4.29,27.77,323.38,95.5,98.9,16.78,2.316
2047-02-08,11.48,7.8,41.49,328.98,80.9,97.2,15.61,6.957
2047-02-09,8.65,7.38,41.28,301.85,71.8,97.7,0.71,6.853
2047-02-10,7.63,5.7,35.91,293.15,75,98,1.39,6.246
2047-02-11,7.33,3.41,64.14,267.97,73.3,98.9,0.77,3.794
2047-02-12,6.36,2.76,70.66,260.84,75.3,99.4,0.5,2.707
2047-02-13,7.62,2.39,18.31,300.2,85.3,98.9,10.83,0.808
2047-02-14,6.85,1.4,55,274.24,84,99.3,0.79,0.785
2047-02-15,8.3,0.31,54.61,271.91,82.1,99.9,5.8,1.601
2047-02-16,6.3,4.77,40.98,295.46,75.3,99.1,7.22,10.053
2047-02-17,8.76,6.01,48.45,312.67,84.8,99.9,7.75,7.558
2047-02-18,9.77,6.04,65.19,304.67,78.9,100.1,8.12,8.449
2047-02-19,8.93,5.89,40.09,307.26,88.2,101.1,5.38,2.397
2047-02-20,9.97,8.2,56.82,330.76,91.8,100.2,7.07,1.331
2047-02-21,9.45,5.97,39.08,309.6,87.8,100.4,12.39,4.577
2047-02-22,12.2,6.19,21.21,313.75,79.5,101.3,6.41,1.523
2047-02-23,12.15,7.72,41.56,336.48,89.7,100.9,8.87,2.608
2047-02-24,8.99,4.73,101.77,269.25,87.5,102.1,1.24,2.293
2047-02-25,9.41,3.26,76.74,281.19,85.3,102,4.67,0.579
2047-02-26,11.32,5.64,72.94,321.17,91.5,100.8,0.91,0.954
2047-02-27,10.51,7.15,57.22,329.62,96.6,99.4,8.11,1.469
2047-02-28,9.8,4.77,29.92,313.11,84.3,98.2,15,4.465
2047-03-01,6.68,3.75,61.82,297.15,75.4,98.7,7.72,9.074
2047-03-02,10.13,6.06,20.14,329.22,87.8,98,24.12,4.413
2047-03-03,8.43,6.66,86.88,293.12,80,98.6,4.49,6.564
2047-03-04,9.06,6.47,77.67,303.05,75.7,97.7,12.77,3.368
2047-03-05,8.58,5.94,50.85,294.74,68.3,98.4,6.07,7.221
2047-03-06,10.03,4.69,55.51,311.59,84.6,98.2,12.4,0.951
2047-03-07,8.36,4.65,119.27,267.87,78.2,100.1,1.93,3.214
2047-03-08,9.21,5.29,98.63,282.31,83.8,101.2,0,2.101
2047-03-09,9.46,8.07,52.2,337.28,92.7,101,15.56,2.732
2047-03-10,10.09,7.58,85.04,322.89,84.8,100.2,6.34,1.533
2047-03-11,9.38,5.76,91.74,312.56,88.6,99.3,11.96,4.008
2047-03-12,7.92,4.94,42.36,299.05,77.3,99.2,12.35,4.352
2047-03-13,7.75,5.16,53.8,303.04,82.1,99.7,5.92,8.678
2047-03-14,7.1,5.31,88.64,294.25,79.1,99.8,8.21,9.262
2047-03-15,9.15,5.09,138.16,261.39,67.5,101.3,0,4.874
2047-03-16,10.06,5.23,68.04,326.01,93.4,101.6,4.5,0.938
2047-03-17,9.65,8.39,63.36,331.52,95.4,101.9,1.3,4.345
2047-03-18,10.78,9.11,83.13,341.21,96.3,102.1,1.64,4.112
2047-03-19,9.71,7.77,77.81,333.59,97,102.4,2.73,2.197
2047-03-20,9.99,7.4,107.2,318.18,93.9,102.4,1.04,1.547
2047-03-21,9.44,5.05,105.71,303.07,91.9,102.3,0,0.969
2047-03-22,10.24,4.89,81.42,305.56,95.1,101.9,0.72,1.127
2047-03-23,10.57,5.8,82.42,326.59,95.1,101,5.36,2.222
2047-03-24,9.57,4.31,156.02,280.19,75.3,101.8,1.08,0.791
2047-03-25,9.46,6.44,79.29,323.91,91.6,101.1,3.79,0.935
2047-03-26,11.68,8.52,63.36,324.68,89.4,99.9,4.72,1.425
2047-03-27,9.25,6.8,142.13,281.58,74.9,100.5,1.95,4.275
2047-03-28,10.04,6.31,54.95,313.99,79.7,100.4,32.47,2.438
2047-03-29,10.49,7.69,45.27,329.84,94.5,99.8,21.05,2.33
2047-03-30,9.91,6.72,110.01,308.08,83.4,100.2,9.62,3.045
2047-03-31,9.98,7.25,160.33,290.23,61.3,100.6,1.9,8.958
2047-04-01,11.34,6.65,38.22,324.67,85.4,101,14.59,2.976
2047-04-02,11.78,8.17,143.5,316.81,77.7,101.7,3.04,6.735
2047-04-03,11.42,6.97,48.95,331.1,87,102.1,4.45,3.191
2047-04-04,11.21,6.73,147.43,298.64,73.5,101.9,2.04,8.464
2047-04-05,9.69,6.02,128.06,285.75,72.5,103.2,0,4.504
2047-04-06,10.47,7.19,111.9,307.37,89.4,102.7,1.37,3.839
2047-04-07,12.84,8.91,216.69,275.98,84.1,102.3,0,1.434
2047-04-08,11.95,9.19,173.02,308.59,88.3,101.7,2.07,4.115
2047-04-09,11.19,10.27,44.41,351.26,96.2,100.9,23.53,5.16
2047-04-10,10.61,6.01,60.5,311.73,80.2,100.4,23.44,4.815
2047-04-11,8.59,6.12,130.41,300.52,68.1,100.9,3.74,5.379
2047-04-12,8.37,5.67,138.85,288.58,65.1,100.4,10.71,8.071
2047-04-13,11.08,7.19,106.09,309.78,68.4,100.2,1.82,1.318
2047-04-14,10.27,4.75,118.2,310.65,80.4,98.7,27.74,2.614
2047-04-15,10.5,7.03,88.42,322.12,82.8,99.4,16.62,7.546
2047-04-16,10.32,7.59,155.97,309.23,78.5,100.4,1.8,5.617
2047-04-17,11.84,9.43,110.02,334.14,90.4,99.7,8.27,2.956
2047-04-18,11.87,10.42,109.07,339.42,88.2,100.2,1.17,4.071
2047-04-19,11.97,10.26,118.91,333.69,93,100.6,5.37,2.893
2047-04-20,13.04,8.91,124.24,333.46,95.2,100.7,4.08,1.454
2047-04-21,14.26,9.38,147.54,323.46,84.2,98.8,3.46,2.488
2047-04-22,10.4,8.36,97.87,327.77,81.3,99.2,15.39,9.827
2047-04-23,10.3,7.94,170.91,310.58,77.1,99.9,12.9,7.862
2047-04-24,11.61,6.97,178.45,294.36,75.7,100.8,6.06,5.964
2047-04-25,11.67,4.71,193.61,286.96,79.4,102.3,0,1.216
2047-04-26,13.55,9.09,155.34,338.31,86.9,102.6,0,0.658
2047-04-27,13.5,10.53,169.17,330.35,92,102.5,0,1.203
2047-04-28,15.41,9.65,267.41,294.66,77,101.8,0,0.5
2047-04-29,15.19,9.23,252.73,290.91,75.6,101.3,0,0.332
2047-04-30,15.53,8.21,276.03,289.55,77.3,101.1,0,0.99
2047-05-01,15.75,11.57,206.38,324.31,90.9,100.9,0,1.669
2047-05-02,16.74,11.39,247.46,323.81,87.8,101.3,0,1.383
2047-05-03,19.71,11.88,281.15,313.07,77.7,101,0,1.209
2047-05-04,13.27,9.29,131.56,324.65,74.2,101.4,0.99,5.747
2047-05-05,12.48,8.65,159.07,314.88,62.8,102.4,0,1.982
2047-05-06,12.6,7.84,262.8,277.49,70.7,102.8,0,0.518
2047-05-07,17.89,7.7,296.44,281.78,73,102.2,0,0.828
2047-05-08,18.02,11.97,288.09,308.07,77,101.2,0,1.008
2047-05-09,16.14,11.3,237.44,324.38,90.6,101,0.15,0.804
2047-05-10,20.58,10.36,229.97,332.58,81,100.1,4.52,2.321
2047-05-11,16.04,9.59,116.04,345.54,88.6,99.1,4.13,2.977
2047-05-12,11.65,7.34,136.54,320.22,79.4,99.3,20.93,3.468
2047-05-13,11.14,7.29,150.15,310.7,74,98.9,10.08,6.905
2047-05-14,11.37,7.97,118.12,318.31,82.2,98,14.87,0.587
2047-05-15,13.13,8.07,207.3,308.29,72,99.1,16.62,3.926
2047-05-16,11.82,8.45,174.68,310.36,74.7,98.9,9.15,3.145
2047-05-17,11.56,7.09,185.27,305.1,71.5,98.1,11.69,3.559
2047-05-18,10.97,5.84,123.04,302.73,83.6,99.1,6.38,5.143
2047-05-19,14.06,6.99,223.77,288.12,71.5,100.8,0,3.419
2047-05-20,13.89,6.72,290.2,280.54,75.5,101.8,0,1.003
2047-05-21,16.92,10.29,302.03,302.22,72.2,102.1,0,0.402
2047-05-22,18.5,8.56,335.36,279.9,67.5,101.9,0,1.303
2047-05-23,18.8,9.3,327.01,287.09,62.7,101.8,0,2.541
2047-05-24,18.83,10.01,301.51,291.99,64.4,102.1,0,2.753
2047-05-25,18.5,8.8,331.57,282.08,74.9,102.3,0,2.374
2047-05-26,18.77,7.85,333.84,274.24,69.2,101.8,0,1.383
2047-05-27,18.85,8.53,335.37,281.25,61.6,100.8,0,2.768
2047-05-28,17.88,8.99,337.85,282.89,64.6,100.4,0,4.713
2047-05-29,15.9,11.43,191.8,329.01,83.1,100.3,2.68,4.036
2047-05-30,19.33,11.37,322.69,304.84,73.4,100.4,0,1.025
2047-05-31,17.71,11.38,246.17,317.31,80.3,100.5,1.89,0.695
2047-06-01,16.08,11.38,171.67,329.91,87.2,100.6,3.78,0.58
2047-06-02,18.04,11.58,313.7,308.64,80.3,100.5,0,0.358
2047-06-03,18.24,11.81,255.84,329.92,86.1,100.1,3.46,0.942
2047-06-04,15.68,11.27,207.09,333.82,84.8,100.1,0,3.78
2047-06-05,15.13,9.62,151.49,325.7,85.4,99.8,6.85,0.796
2047-06-06,15.43,10.13,288.35,296.86,82.7,100.1,0.24,0.843
2047-06-07,16.52,10.54,306.81,298.36,84.2,100.4,0.98,2.117
2047-06-08,15.69,10.5,267.01,300.34,80.5,100.4,0,1.72
2047-06-09,16.5,12.55,140.18,357.41,89.7,100,14.81,0.825
2047-06-10,14.67,12.06,111.24,349.86,89.5,98.9,22.61,4.789
2047-06-11,15.04,11.76,116.53,345.88,91.1,98.7,18.07,4.267
2047-06-12,18.07,10.92,296.73,314.78,77.3,100,0.19,3.009
2047-06-13,14.86,10.56,118.37,338.69,91.8,100.3,12.93,1.641
2047-06-14,13.78,11.31,174.34,337.12,85.4,99.7,3.33,5.025
2047-06-15,16.95,11.42,191.15,346.7,85.6,99.7,6.41,2.019
2047-06-16,15.41,10.37,219.59,331.8,79,100.2,2.5,2.334
2047-06-17,15.62,10.14,264.62,311.79,67.2,101,0,1.945
2047-06-18,15.28,10.84,222.45,316.72,76.1,101.3,0,0.432
2047-06-19,17.5,10.35,331.05,294.87,77,101.6,0,0.245
2047-06-20,18.96,11.74,331.64,306.21,79,101.7,0,0.393
2047-06-21,17.92,12.58,295.5,315.93,83.3,101.6,0,0.564
2047-06-22,17.74,12.69,320.58,308.52,82.3,101.4,0,2.487
2047-06-23,19.78,12.28,338.28,308.45,80,101.4,0,0.474
2047-06-24,22.41,14.59,340.61,331.03,71.9,100.8,10.44,0.58
2047-06-25,16.47,13.42,230.12,335.44,76.8,100.6,2.94,5.461
2047-06-26,15.19,13.29,119.5,345.89,82.5,100.3,16.93,4.711
2047-06-27,15.15,12.03,188.54,325.17,77.8,99.8,4.21,8.067
2047-06-28,15.82,11.31,275.18,298.61,67.9,100.6,0,5.221
2047-06-29,16.77,11.52,113.32,360.2,92.8,100.5,9.27,3.69
2047-06-30,16.89,14.32,188.99,355.51,92.6,100.6,11.38,5.35
2047-07-01,16.01,12.39,251.81,311.38,79.2,100.9,2.26,5.331
2047-07-02,16.24,11.59,270.71,311.77,80.5,101.3,0.03,2.849
2047-07-03,17.77,11.66,295.35,305.9,80.9,101.3,0,1.394
2047-07-04,18.75,13.5,229.75,343.3,85.1,101.2,0.74,1.889
2047-07-05,19.02,13.29,315.64,318.95,84.5,101.5,0,1.894
2047-07-06,19.63,12.98,323.9,313.39,85.1,101.8,0,1.269
2047-07-07,21.05,14.45,329.09,321.09,85.3,101.7,0,1.229
2047-07-08,21.82,14.95,317.87,330.92,85.6,101.8,0,0.864
2047-07-09,23.36,16.77,328.52,339.88,83.3,101.8,0,0.634
2047-07-10,24.5,17.42,331.97,338.39,82.3,101.6,0,0.19
2047-07-11,25.64,18.88,327.88,350.53,79.1,101,0,0.203
2047-07-12,23.66,16.46,255.85,347.79,73.4,100.5,0,1.322
2047-07-13,21.12,14.45,217.64,351.88,81.6,100.4,0,1.338
2047-07-14,17.35,13.64,145.62,347.12,84.5,99.9,3.98,2.737
2047-07-15,17.61,13.24,229.8,318.21,71.8,100.5,1.52,5.806
2047-07-16,16.81,11.2,282.66,302.18,70.9,100.8,0,3.317
2047-07-17,16.94,13.06,225.97,334.24,81,100.4,2.21,3.867
2047-07-18,18.14,14.98,268.21,334.52,81.2,99.8,9.53,5.625
2047-07-19,18.29,12.93,181.37,339.2,82.8,99.6,15.97,4.833
2047-07-20,17.84,13.17,201.31,345.14,84,100,0.69,1.979
2047-07-21,17.81,15.1,169.11,363.93,89.9,100.5,3.16,5.219
2047-07-22,20.01,16.04,222.3,357.97,90.3,101,0.82,3.324
2047-07-23,18.03,14.76,134.59,355.53,86.2,100.6,8.57,4.249
2047-07-24,17.63,12.33,275.14,300.42,77.3,101,0,1.661
2047-07-25,18.6,12.78,280.21,318.11,81.8,101,0,1.908
2047-07-26,18.42,13.54,225.88,334.96,85.4,101.2,0,4.099
2047-07-27,19.91,14.51,248.08,347.15,87.7,101.4,0,4.052
2047-07-28,21.3,16.54,231.57,362.43,88.7,101.8,0,2.754
2047-07-29,20.35,15.73,224.8,359.62,86.2,101.7,0,2.772
2047-07-30,20.61,15.61,238.52,346.27,86.4,101.5,0,1.042
2047-07-31,20.9,15.02,263.83,335.86,87.3,101.4,0,1.056
2047-08-01,21.19,14.42,289.59,325.46,88.3,101.4,0,1.113
2047-08-02,22.44,14.76,274.65,331.7,87.1,101.2,0,0.692
2047-08-03,25.17,16.29,293.17,329.05,78.7,101,0,0.135
2047-08-04,25.31,17.21,271.08,344.81,74.9,100.8,0,0.073
2047-08-05,26.3,19.34,260.08,361.72,73.3,100.5,0,0.257
2047-08-06,26.69,19.02,280.55,352.96,69.7,100.6,0,0.667
2047-08-07,24.69,17.63,221.08,352.09,76.4,100.9,0,0.833
2047-08-08,25.14,17.35,265.96,343.63,75.2,101.2,0,0.955
2047-08-09,25.56,15.96,285.39,323.7,70.8,101.6,0,2.821
2047-08-10,25.27,15.27,283.36,318.7,74.4,101.8,0,2.022
2047-08-11,23.81,14.88,275.16,318.61,80,101.6,0,0.85
2047-08-12,26.02,15.91,276.49,331.83,72.4,101.4,0,2.079
2047-08-13,24.86,17.16,255.62,349.6,75.8,100.9,0,0.805
2047-08-14,24.5,16.56,207.78,348.18,70.7,100.7,0,3.15
2047-08-15,22.72,15.54,240.9,328.5,70.4,100.9,0,4.042
2047-08-16,24.29,14.94,252.67,327.7,68.3,100.8,0,3.122
2047-08-17,24.69,14.49,228.9,340.01,75.7,100.8,0.31,3.519
2047-08-18,23.28,17.06,154.63,365.93,84,100.4,3.76,1.435
2047-08-19,19.87,16.46,125.76,365.62,90.1,100.1,7.75,3.698
2047-08-20,18.3,14.4,146.02,337.17,74.3,100.4,0,3.617
2047-08-21,20.04,15.24,214.59,331.28,75,100.3,1.03,1.815
2047-08-22,19.6,14.66,181.64,327.66,80.1,100.4,2.19,2.422
2047-08-23,19.88,16.35,190.29,337.69,78.2,100.4,0,4.747
2047-08-24,19.76,15.2,230.04,319.45,78.4,101.3,0,2.212
2047-08-25,21.42,15.33,198.57,338.85,81.4,101.5,0,0.373
2047-08-26,22.34,16.08,208.94,349.02,79,101.4,0,0.642
2047-08-27,23.08,18.01,152.59,371.28,81.7,101.4,0,0.341
2047-08-28,21.27,17.17,154.25,362.68,87.9,100.9,18.29,2.301
2047-08-29,18.61,15.41,191.38,331.67,73.4,100.8,2.6,5.49
2047-08-30,17.75,13.36,179.79,327.91,74.9,99.7,9.01,8.172
2047-08-31,17.27,13.03,180.38,316.66,69.4,99.9,4.66,6.919
2047-09-01,16.79,12.71,180.97,305.26,63.9,100,0,5.745
2047-09-02,17.27,12.2,164.15,312.85,71.2,100.5,0,2.824
2047-09-03,18.42,10.55,196.66,315.04,81,100.9,0.28,1.424
2047-09-04,19.35,16.28,96.57,369.8,91.7,100.8,4.29,4.389
2047-09-05,17.84,14.82,78.57,356.68,88.6,100.5,6.85,2.691
2047-09-06,19.63,14.84,95.34,372.11,91.5,100.3,29.4,4.018
2047-09-07,18.65,14.05,153.19,333.85,83.4,100.5,4.94,2.493
2047-09-08,18.36,13.53,79.57,351.98,89.6,101.1,1.02,0.538
2047-09-09,21.72,14.76,177.51,336.7,86.5,101.2,0,0.487
2047-09-10,20.34,17.44,105.37,369.45,91.8,100.9,1.8,1.309
2047-09-11,18.98,13.9,193.78,309.37,79,101.2,0,1.054
2047-09-12,18.56,12.87,172.33,317.95,81.4,101.6,0,1.597
2047-09-13,18.84,16.19,47.24,380.52,93.7,100.9,17.48,4.906
2047-09-14,18.7,17.25,71.94,381.91,94,100.9,3.64,4.123
2047-09-15,19.85,17.05,68.48,381.29,94.6,100.9,4.36,4.246
2047-09-16,19.87,17.08,132.79,363,90.6,101,1.61,3.72
2047-09-17,20.54,17.17,106.87,368.98,90.1,100.4,0.54,1.243
2047-09-18,19.75,14.64,99.52,365.68,89.4,100.3,1.75,1.156
2047-09-19,17.34,13.1,137.89,311.07,75.2,101.1,0.51,3.806
2047-09-20,18.11,12.71,76.44,344.17,80.1,100.9,13.49,3.201
2047-09-21,18.55,13.75,67.68,356.75,89.2,100.1,70.65,5.081
2047-09-22,17.86,12.61,118.66,335.99,83,101.2,0,1.589
2047-09-23,18.91,15.6,77.55,371.84,86.8,101.1,0.81,0.947
2047-09-24,20.86,15.64,150.12,342.69,79.9,100.2,5.79,0.932
2047-09-25,17.63,14.42,101.14,344.4,78.3,100,6.37,5.514
2047-09-26,16.29,13.68,102.49,325.13,71.9,100.8,4.86,4.581
2047-09-27,18.49,13.45,50.27,355.98,87.4,100,31.34,2.698
2047-09-28,15.51,13.79,91.88,321.06,70.5,100.1,6.64,7.988
2047-09-29,15.64,13.57,88.23,321.41,70.6,99.9,11.27,9.413
2047-09-30,14.26,11.52,64.86,322.23,79.9,99.7,8.88,3.701
2047-10-01,13.32,11.62,90.95,302.45,69.9,100,6.29,6.138
2047-10-02,13.72,10.83,79.63,321.61,75,100.2,11.55,4.96
2047-10-03,16.83,12.31,63.94,347.66,82.8,98.4,25.38,2.561
2047-10-04,15.2,13.73,57.95,333.26,72,97.2,14.37,4.274
2047-10-05,15.34,12.73,115.4,314.6,70.4,97.8,6.15,6.004
2047-10-06,14.33,12.16,94.62,317.37,76.6,98.5,7.09,4.653
2047-10-07,16.5,11.87,85.02,344.11,86.7,97.5,24.6,1.637
2047-10-08,13.99,10.11,87.58,306.16,78.1,98.6,5.55,3.551
2047-10-09,14.55,8.82,120.22,282.03,80,99.5,0,0.412
2047-10-10,14.65,7.77,120.29,288.11,79.8,99,2.32,0.889
2047-10-11,13.36,11.45,60.2,324.45,81,98,18.42,2.237
2047-10-12,13.55,11.6,49.56,334.67,83.5,98,15.33,4.391
2047-10-13,13.7,11.31,76.42,320.55,79,98.9,8.34,5.862
2047-10-14,12.78,10.16,86.68,294.12,73.8,99.8,2.8,5.137
2047-10-15,12.56,9.51,41.67,319.66,71.6,100.3,3.85,6.501
2047-10-16,12.73,7.54,107.25,275.9,78.7,100.7,0.67,0.453
2047-10-17,14.47,8.8,87.5,322.95,81,101.7,0,0.663
2047-10-18,15.66,13.73,37.39,365.52,95.8,101.4,2.79,1.926
2047-10-19,16.47,11.64,57.41,352.25,93.7,101.5,6.33,3.632
2047-10-20,14.15,9.56,58.51,331.43,90.8,102.2,0,0.3
2047-10-21,16.83,11.31,57.46,341.89,89.5,101.2,0.44,3.976
2047-10-22,11.31,7.89,54.63,300.22,72.9,101.3,0,1.41
2047-10-23,10.19,5.67,73.11,283.24,73.3,101.5,0,1.317
2047-10-24,11.68,5.89,80.97,272.74,78.7,101.9,0,0.673
2047-10-25,12.23,6.93,68.23,289.55,78.7,102.3,0,1.085
2047-10-26,12.17,6.44,78.59,274.99,79.5,102.3,0,1.106
2047-10-27,11.81,6.79,81.07,280.28,83,101.6,0,0.322
2047-10-28,11.36,7.39,65.43,304.39,82.7,100.5,0,1.398
2047-10-29,10.44,8.32,50,298.43,81.2,99.7,0,5.126
2047-10-30,11.69,8.98,9.64,334.4,86.5,98.8,26.54,8.532
2047-10-31,13.1,10.09,22.08,338.79,89.9,98.5,14.73,4.815
2047-11-01,14.52,11.2,34.58,342.28,93.3,98.1,2.92,1.164
2047-11-02,13.72,10.32,51.51,308.64,89.3,98.5,2.38,0.88
2047-11-03,15.13,11.2,32.74,334.07,88.3,97.8,11.1,4.012
2047-11-04,13.7,12.45,18,351.28,90,98.1,12.79,7.086
2047-11-05,12.88,7.8,30.39,326.14,90.4,100.1,3.54,1.015
2047-11-06,10.71,6.75,62.37,272.95,70.3,101.5,0,4.713
2047-11-07,11.41,9.16,30.84,332.41,70.3,101.2,3.67,4.446
2047-11-08,15.12,10.74,52.82,326.94,90.1,99.8,3.62,1.39
2047-11-09,14.75,12.41,36.53,338.9,92.1,99.1,3.75,1.334
2047-11-10,13.3,9.36,43.15,313.47,92.9,98.8,1.14,1.399
2047-11-11,13.5,8.63,50.63,307.58,95.3,100.3,0,1.599
2047-11-12,12.41,8.45,37.35,318.63,93.2,101.1,0.07,0.508
2047-11-13,13.17,11.28,15.11,357.56,96.6,100.9,4.09,1.398
2047-11-14,13.73,8.66,15.65,336.53,96.1,100.7,6.04,1.4
2047-11-15,11.03,6.82,29.62,297.18,84.4,100.9,0.37,2.366
2047-11-16,8.57,5.39,48.74,258.76,76.9,101.3,0,1.81
2047-11-17,7.35,2.18,47.4,246.61,78.1,100.7,0,0.797
2047-11-18,9.71,1.79,13.07,286.64,81.8,99.4,4.41,3.612
2047-11-19,6.84,4.76,36.1,252.98,62.6,98.6,0,6.968
2047-11-20,7.97,5.32,29.99,268.69,62.1,99.9,0,5.034
2047-11-21,10.51,5.05,16.02,293.8,87,101,5.83,3.253
2047-11-22,10.38,4.62,35.66,285.88,90.9,101.8,0,1.333
2047-11-23,11.73,9.49,17.77,333.19,92.1,101.7,1.25,5.203
2047-11-24,12.9,11.28,21.25,343.2,91.2,101.2,3.48,7.536
2047-11-25,12.45,10.82,14.56,345.14,96.3,101.5,6.1,3.75
2047-11-26,11.78,10.34,23.17,333.93,93.3,101.7,1.56,3.229
2047-11-27,10.36,6.36,31.81,275.24,74.1,102,0,3.982
2047-11-28,6.83,5.78,20.16,297.33,70.4,102.3,0.12,2.179
2047-11-29,6.71,5.24,18.88,299.09,85.5,102.3,0.57,1.566
2047-11-30,7.6,4.21,31.36,270.07,91,102.4,0,2.63
2047-12-01,7.45,2.8,25.61,272.19,88.8,102.6,0,0.805
2047-12-02,5.59,1.85,35.15,250.34,77.5,102.3,0,2.038
2047-12-03,6.92,2.6,27.9,253.62,71.5,102.1,0,4.076
2047-12-04,6.89,2.26,31.47,250.02,74.8,101.4,0.24,2.169
2047-12-05,4.07,0.32,29.62,235.23,76,100.8,0,0.79
2047-12-06,3.88,0.16,19.23,253.99,87.3,100.1,1.21,3.342
2047-12-07,3.45,1.46,29.99,245.47,84.8,99.8,0,2.569
2047-12-08,4.75,1.94,26.37,256.89,85.4,99.7,0,4.587
2047-12-09,4.98,1,20.67,259.88,84.2,99.7,0,1.629
2047-12-10,4.42,0.64,28.65,255.87,82.7,99.3,0,1.314
2047-12-11,5.15,0.92,13.88,285.72,90.1,99.5,1.44,0.434
2047-12-12,4.23,-0.1,28.16,239.94,89.7,100.7,0,1.169
2047-12-13,5.99,2.32,24.8,268.07,90.9,102.4,0,1.005
2047-12-14,10.02,3.33,9.42,320.1,85.4,102.7,11.24,3.939
2047-12-15,10.69,9.65,14.97,342.14,95.8,102.7,4.71,4.852
2047-12-16,10.52,9.65,14.19,336.72,96.8,102.7,2.07,6.066
2047-12-17,10.16,9.26,16.84,324.85,93.3,102.4,0.98,6.472
2047-12-18,9.51,8.27,13.09,329.49,92.9,101.7,1.79,5.754
2047-12-19,8.68,7.5,16.5,321.02,89,100.5,0.65,4.28
2047-12-20,8.49,2.06,4.09,305.29,87.8,100.2,18.62,2.803
2047-12-21,3.54,1.58,20.27,260.89,75.3,101.1,0,2.725
2047-12-22,6.14,-1.27,22.81,264.14,83.7,101.3,1.67,0.62
2047-12-23,7.92,6.16,6.26,325.24,92.8,99.8,23.04,5.993
2047-12-24,8.25,5.44,4.2,318.78,93.5,99.2,13.89,4.208
2047-12-25,7.39,5.01,24.53,273.41,77.7,99.6,1.32,5.67
2047-12-26,5.16,0.95,29.66,241.02,84.3,100.6,0,1.223
2047-12-27,5.21,2.77,26.73,278.74,70.2,101,0.71,2.561
2047-12-28,9.93,2.85,7.28,337.76,95.4,101,7.86,1.265
2047-12-29,9.91,8.77,17.1,335.42,94.9,101.7,1.07,0.785
2047-12-30,9.68,5.36,15.3,315.33,97.3,101.9,0.64,0.743
2047-12-31,8.53,3.81,22.34,290.05,94.3,101.9,0.09,1.131
2048-01-01,7.37,2.27,29.48,263.49,91.4,101.8,0,1.314
2048-01-02,7.1,2.73,29.81,264.4,70,101.8,0,1.68
2048-01-03,6.27,0.45,30.18,255.05,90,101.5,0,0.417
2048-01-04,3.64,-0.32,20.83,277.11,95.3,101.4,0.01,0.432
2048-01-05,5.94,0.22,20.52,293.79,93.5,101.4,0,1.753
2048-01-06,11.8,5.8,4.74,341.18,92.8,99.7,23.74,2.293
2048-01-07,11.5,6.98,29.12,303.05,79,99.7,4.04,6.179
2048-01-08,8.34,5.6,17.43,318.63,89,99.4,6.13,1.63
2048-01-09,10.97,7.37,9.1,337.27,93.8,99.7,8.73,4.874
2048-01-10,11.71,10.88,17.88,342.12,95.5,100.1,6.98,7.544
2048-01-11,11.88,10.12,10.72,350.32,93.8,100.3,16.33,6.109
2048-01-12,11.14,8.66,6.99,351.3,98.6,100.8,17.15,0.871
2048-01-13,12.4,11.09,8.95,360.23,98.6,101.2,8.99,6.258
2048-01-14,11.99,9.22,7.32,356.07,98.2,101.6,5.4,3.075
2048-01-15,9.21,4.47,11.46,324.25,88.3,102.4,2.16,2.947
2048-01-16,8.71,5.55,17.54,329.33,95.1,101.7,4.27,0.788
2048-01-17,9.32,7.61,19.38,326.09,98.3,102.4,0.49,0.394
2048-01-18,9.37,7.56,11.01,337.13,96.9,102.6,15.17,1.57
2048-01-19,9.06,7.26,21.57,311.94,85.6,102.1,0.58,1.9
2048-01-20,10.3,8.4,21.01,331.77,97.6,101.4,0.98,2.022
2048-01-21,10.43,9.92,10.78,346.96,97,100.4,16.23,5.214
2048-01-22,10.85,9.61,18.26,339.02,92.3,99.2,3.22,2.01
2048-01-23,10.9,8.54,19.48,317.92,91.2,98.3,4.16,1.525
2048-01-24,9.13,7.06,42.9,292.35,83.1,98.3,6.3,1.643
2048-01-25,8.32,5.75,33.39,306.98,88.5,97.5,13.44,0.909
2048-01-26,6.41,3.63,9.54,298.63,88,97.4,18.8,3.189
2048-01-27,7.73,3.73,43.18,277.26,89.2,98.9,1.85,2.189
2048-01-28,6.54,3.5,15.56,295.76,81.7,99.3,3.15,2.61
2048-01-29,8.53,3.59,45.82,292.33,88.9,99,12.1,3.174
2048-01-30,8.62,4.86,51.31,278.29,84.9,98.8,5.26,0.41
2048-01-31,7.87,4.91,32.11,284.98,85.3,98.7,2.98,1.127
2048-02-01,7.59,4.42,40,289.41,79.5,98.1,0,0.762
2048-02-02,7.64,3.48,34.18,300.65,86.2,97.5,4.87,1.643
2048-02-03,8.61,6.22,25.1,310.8,85.3,98.1,8.19,7.444
2048-02-04,8.23,5.27,26.05,286.25,70,98.6,8.33,5.394
2048-02-05,9.04,6.01,57.09,293.71,82.2,99,7.14,3.508
2048-02-06,6.69,2.6,55.41,267.45,78.4,100.8,0.5,4.324
2048-02-07,4.44,-0.04,70.37,224.06,78.5,102.5,0,1.654
2048-02-08,6.14,0.79,38.74,288.13,70.8,102.7,0,0.795
2048-02-09,7.61,5.24,34.75,309.19,78.1,102.8,2.77,1.541
2048-02-10,6.27,2.73,72.11,239.56,73.8,102.3,0,1.715
2048-02-11,7.27,1.04,75.13,231.34,75.5,102.4,0,1.251
2048-02-12,5.33,1.96,58.37,252.23,76.2,101.9,0,1.226
2048-02-13,8.01,3.08,64.44,284.99,84.2,100.8,1.85,1.199
2048-02-14,10.01,7.76,31.86,339.1,93.7,99.8,37.2,3.505
2048-02-15,10.07,6.09,77.69,293.35,80.9,100.3,6.27,6.294
2048-02-16,7.71,4.33,56.72,281.97,86.1,101.1,0.75,0.419
2048-02-17,7.67,4.72,41.18,307.42,88.1,100.9,2.84,1.279
2048-02-18,7.26,6.13,70.55,284.15,74.2,100.9,2.93,7.884
2048-02-19,7.2,6.06,40.32,311.28,83.1,101.1,5.02,7.858
2048-02-20,10.06,6.34,26.44,339.59,95.9,100.2,40.25,5.676
2048-02-21,9.97,6.74,56.76,304.28,78.9,98.6,2.98,7.29
2048-02-22,7.7,4.16,78.51,277.06,81.9,97.3,0.29,0.898
2048-02-23,7.59,3.83,77.05,286.23,82.6,97.7,1.17,0.909
2048-02-24,7.02,2.8,81.89,271.59,85.3,98.4,0,0.797
2048-02-25,7.89,1.88,91.95,268.23,81,99.6,0,0.757
2048-02-26,10.03,4.46,33.08,320.55,84.2,100.2,14.37,1.638
2048-02-27,10.64,7.65,59.5,334.79,95.9,100.6,4.23,2.083
2048-02-28,9.36,4.2,86.75,278.44,91.5,101.4,0,0.306
2048-02-29,9.47,4.29,101.67,272.46,87.5,101.5,0,0.473
2048-03-01,9.59,4.38,116.58,268.12,83.4,101.7,0,1.118
2048-03-02,8.73,6.83,75.2,304.33,87.1,101,4.01,3.981
2048-03-03,6.8,4.23,46.18,300.31,82.7,99.4,9.23,6.757
2048-03-04,7.87,5.14,67.3,293.16,77.8,99.2,5.69,5.328
2048-03-05,8.05,3.61,89.94,274.16,74.8,99.8,0,3.42
2048-03-06,7.5,2.51,55.06,309.12,91,99.5,3.23,0.838
2048-03-07,10.55,5.98,105.49,306.58,92.9,99.9,0.45,0.157
2048-03-08,10.22,7.9,49.22,328.31,97.2,101,2.56,1.659
2048-03-09,10.11,8.77,32.39,343.14,95.6,100.9,12.41,3.407
2048-03-10,9.99,8.96,59.39,341.98,94.7,100.6,13.38,3.831
2048-03-11,11.15,9.07,136.51,303.79,87.1,101.2,0.79,4.472
2048-03-12,14.53,9.84,88.55,338.78,78.3,100.9,2.19,1.264
2048-03-13,10.92,9.56,59.15,330.97,93.2,101.1,11.83,3.424
2048-03-14,11.16,8.94,115.16,309.76,90.3,101.6,1.03,2.237
2048-03-15,10.78,7.81,117.2,305.16,85.3,101.7,1.99,3.146
2048-03-16,9.32,7,78.17,310.68,78.6,102.4,0,2.776
2048-03-17,9.64,7.95,73.86,317.74,84,102,0,3.777
2048-03-18,10.68,8.84,104.49,324.65,83.1,101.4,3.47,5.731
2048-03-19,10.79,8.24,96.44,302.64,86,101.8,0,4.295
2048-03-20,10.66,8.13,100.64,314.67,87.6,101.3,0.86,1.357
2048-03-21,10.45,7.16,57.43,332.58,94.8,100.6,6.68,3.624
2048-03-22,9.41,5.93,134.81,269.67,71.2,101.3,0.79,5.323
2048-03-23,10.01,4.6,106.96,293.12,78.2,102.5,0,2.178
2048-03-24,10.62,5.95,176.29,261.53,76.8,102.2,0,1.098
2048-03-25,12.84,5.17,181.8,271.07,78.1,101.9,0,1.164
2048-03-26,13.12,5,184.58,275.57,76.5,101.9,0,1.833
2048-03-27,14.19,7.64,178.45,290.04,78.3,101.2,0,0.766
2048-03-28,16.54,8.98,152.76,313.47,78.9,100.3,0,2.728
2048-03-29,15.55,9.26,172.15,300.87,79.1,100,0.52,2.986
2048-03-30,15.39,6.67,172.77,304.23,79.5,100.1,0.78,2.05
2048-03-31,13.97,7.09,198.23,283.42,74.6,100.5,0,1.999
2048-04-01,11.1,4.95,206.71,253.5,77.1,101.1,0,0.093
2048-04-02,12.6,4.82,212.3,256.8,80.5,101.6,0,0.21
2048-04-03,13.03,6.47,201.56,281.89,80.9,101.8,2.45,1.378
2048-04-04,10.37,7.44,133.58,310.71,77.2,101.5,4.18,4.454
2048-04-05,9.23,6.48,93.24,309.71,73.9,100.8,4.19,8.737
2048-04-06,8.96,6.36,125.83,291.26,70.2,100.3,2.56,7.445
2048-04-07,9.92,6.49,139.26,281.77,59.6,101.2,0,4.372
2048-04-08,10.27,5.57,155.36,298.65,74.7,102,1.9,1.849
2048-04-09,11.82,9.54,102.18,342.62,96.6,102.1,7.83,4.392
2048-04-10,12.57,9.84,144.59,329.52,91.5,102.3,1.94,4.778
2048-04-11,12.59,8.99,154.11,318.35,89.2,102.4,0.84,4.398
2048-04-12,11.75,9.24,138.45,321.69,90,102.5,0.52,4.099
2048-04-13,12.36,8.48,174.54,311.98,88.3,102.4,0,3.291
2048-04-14,12.54,7.37,189.11,297.23,85.4,102.6,0,0.687
2048-04-15,14.15,7.24,211.65,283.53,87.8,102.8,0,0.29
2048-04-16,15.09,7.46,246.56,274.5,87,102.5,0,0.549
2048-04-17,15.7,8.25,250.27,283.2,85.7,102.4,0,0.442
2048-04-18,16.21,7.45,203.72,283.99,76.9,102,0,0.609
2048-04-19,15.7,7.16,257.3,267.73,83,101.9,0,0.514
2048-04-20,16.67,8.75,251.36,282.87,73.3,101.8,0,0.662
2048-04-21,16.87,10.83,261.82,286.64,73.1,101.3,0,1.416
2048-04-22,13.64,7.97,153.33,313.32,73.2,100,2.44,8.453
2048-04-23,9.43,5.49,151.86,288.92,65.6,100.1,1.84,3.186
2048-04-24,8.25,3.93,158.8,275.84,56,101,0,2.699
2048-04-25,8.16,3.34,164.57,272.12,58,101.1,0,1.914
2048-04-26,9.68,2.67,207.84,265.55,67.6,101.2,0.21,0.597
2048-04-27,11.23,5.2,255.74,271.29,67.3,101.5,0,1.803
2048-04-28,12.06,7.55,180.75,313.72,76.4,101.6,0.57,2.006
2048-04-29,13.68,7.91,264.57,283.89,75.9,101.9,0,1.503
2048-04-30,13.03,8.32,228.41,298.1,84.4,102.2,0,2.298
2048-05-01,13.72,7.64,219.6,303.3,81.8,101.9,0,2.858
2048-05-02,13.93,11.03,272.42,294.52,79.4,101.2,0,3.212
2048-05-03,11.9,9.31,96.19,323.12,80.6,100.5,9.81,7.169
2048-05-04,13.12,9.25,224.04,310.93,74.9,101.2,0,5.156
2048-05-05,13.11,9.38,238.42,305.72,69.6,101.1,0.56,8.475
2048-05-06,12.79,8.44,146.94,325.96,77,101.5,2.22,3.214
2048-05-07,14.74,9.19,200.88,329.6,80.8,101.3,0.81,0.59
2048-05-08,14.01,6.01,302.17,261.19,64.4,102,0,1.048
2048-05-09,13.09,6.13,280.56,267.92,72,102.3,0,0.244
2048-05-10,12.93,6.81,261.58,270.71,69.2,102.6,0,0.632
2048-05-11,16.45,7.57,298.73,283.27,74.6,102.4,0,0.848
2048-05-12,17.16,10.13,282.78,298.85,80.6,102.4,0,0.211
2048-05-13,17.39,9.61,303.36,284.47,74.3,102.3,0,2.846
2048-05-14,16.81,8.89,294.66,284.3,69.6,102.2,0,1.914
2048-05-15,16.95,7.22,327.24,258.98,66.7,102.2,0,0.268
2048-05-16,17.56,9.62,320.24,276,64.7,101.7,0,0.576
2048-05-17,16.53,10.87,222.81,320.45,79.5,101.2,1.8,3.781
2048-05-18,14.78,9.39,214.39,322.7,75.9,101.4,1.28,3.58
2048-05-19,14.49,10.13,179.84,328.26,71.4,101.4,2.34,3.473
2048-05-20,13.67,9.66,158.44,320.38,65.4,101.6,0,2.564
2048-05-21,14.91,9.25,233.06,310.19,78.5,101.4,6.34,3.325
2048-05-22,14.1,9.97,218.74,301.23,62.9,102,0,4.955
2048-05-23,15.63,8.9,272.81,296.79,73.7,102.6,0,0.854
2048-05-24,17.87,9.47,275.19,300.28,71.5,102.7,0,1.465
2048-05-25,17.26,7.91,325.03,275.93,74.6,102.7,0,0.639
2048-05-26,20.99,9.23,334.49,297.74,73.1,102.4,0,0.583
2048-05-27,21.44,12.23,293.18,313.77,70.5,102.1,0,0.49
2048-05-28,18.7,12.25,248.69,316.76,70.1,101.4,0,2.71
2048-05-29,17.17,9.17,319.45,285.8,64.8,101.2,0,3.916
2048-05-30,18.22,8.62,320.09,288.45,68.5,101.2,0,1.111
2048-05-31,19.81,9.1,331.74,283.92,61,101.2,0,1.233
2048-06-01,21.41,9.59,343.4,279.22,53.6,101.2,0,1.166
2048-06-02,21.35,12.37,342.64,287.33,50.8,101.1,0,1.258
2048-06-03,19.56,10.28,330.56,283.88,70.1,101,0,0.514
2048-06-04,19.27,10.87,290.97,297.35,74.7,101,0,0.967
2048-06-05,19.73,11.84,315.45,304.44,78.2,101,0,0.212
2048-06-06,20.93,13.08,328.48,307.52,78,100.9,0,1.338
2048-06-07,21.02,12.48,337.58,307.98,76.7,101,0,1.009
2048-06-08,21.54,13.43,340.47,309.86,74.2,101,0,0.643
2048-06-09,23.71,14.08,302.03,333.4,72,101.2,0.57,0.836
2048-06-10,22.96,15.15,302.22,334.44,75.8,101.2,1.66,0.444
2048-06-11,24.58,14.15,347.54,310.87,61.7,101.2,0,1.426
2048-06-12,25.29,14.14,317.03,328.25,63.5,101.2,0.61,2.431
2048-06-13,23.75,14.39,344.25,312.09,69.2,101.2,0,0.22
2048-06-14,23.65,15.29,277.37,340.53,73.5,101,0.05,1.107
2048-06-15,18.19,13.87,292.01,314.55,64.6,100.8,0.81,7.356
2048-06-16,17.18,12.81,185.87,330.13,74.9,100.1,14.6,3.538
2048-06-17,14.53,10.75,95.36,340.81,81.3,98.6,11.57,8.265
2048-06-18,13.69,10.69,168.72,319.91,75.7,99.4,3.53,5.483
2048-06-19,16.07,10.78,253.96,312.11,80,100.4,5.62,0.781
2048-06-20,18.42,10.28,324.55,293.95,75.3,101.4,0,0.653
2048-06-21,16.78,12.68,270.32,327.65,76.5,101.5,0,2.094
2048-06-22,18.82,13.96,252.06,337.4,83.3,101.1,0.56,1.448
2048-06-23,19.81,12.62,318.25,313.9,83.9,100.4,0,0.988
2048-06-24,19.95,13.69,183.36,350.64,82.2,99.7,0.12,0.367
2048-06-25,18.57,13.25,252.62,326.16,75.9,99.2,9.6,0.619
2048-06-26,16.87,12.31,150.37,346.88,86.8,98.2,32.85,3.213
2048-06-27,17.91,12.37,137.04,356.51,86.8,99.1,26.63,5.785
2048-06-28,17.95,15.06,203.19,346.06,85.1,100,2.44,1.552
2048-06-29,17.11,12.19,253.81,322.64,85.4,100.1,10.49,2.345
2048-06-30,17.94,11.29,282.15,312.15,80.4,100.3,1.86,3.684
2048-07-01,17.47,14.26,203.41,345.48,82.2,100.6,6.54,4.347
2048-07-02,18.6,13.87,275.33,330.72,77.8,101,2.04,5.027
2048-07-03,17.55,12.91,290.31,310.29,78.3,101.7,0,2.349
2048-07-04,19.33,14.92,198.44,356.4,88.6,101.7,1.19,2.382
2048-07-05,19.66,13.88,117.68,372.75,89.3,101.1,12.34,2.5
2048-07-06,17.57,13.38,234.34,320.36,70.7,100.8,0,6.774
2048-07-07,16.8,12.97,248.91,322.08,75.1,101,0.84,5.14
2048-07-08,18.57,13.34,247.1,333.91,80.5,100.5,2.33,2.386
2048-07-09,18.49,11.68,280.4,311.95,74.7,100.7,0,1.31
2048-07-10,18.17,12.33,290.98,317.21,76.2,101.2,0,3.004
2048-07-11,17.71,14.27,238.21,347.43,82.6,101.3,0.16,5.593
2048-07-12,17.76,14.41,198.96,347.65,82.9,101.2,0.51,5.316
2048-07-13,17.51,12.79,223.57,327.02,79,101,0.45,2.648
2048-07-14,18.82,11.59,312.23,293.7,72.7,100.7,0.42,1.259
2048-07-15,18.75,11.35,305.52,297.48,73.5,100.8,0,2.275
2048-07-16,18.67,11.41,213.94,325.39,84.1,100.4,3.61,0.251
2048-07-17,19.12,13.5,229.29,331.41,77.5,99.7,0.86,2.708
2048-07-18,19.03,12.05,275.63,307.57,72.9,100.3,0,1.457
2048-07-19,20.57,13.61,293.75,319.77,64.6,99.9,0,4.085
2048-07-20,19.24,12.53,260.68,309.74,70.7,100.1,0,2.606
2048-07-21,18.65,13.52,214.35,329.21,75.5,100.1,0.75,0.761
2048-07-22,17.93,12.84,108.17,346.54,81.8,100,7.39,1.476
2048-07-23,18.41,11.82,289.94,300.98,76.3,100.2,0.38,1.613
2048-07-24,19.52,13.72,191.82,337.3,82,99.5,6.51,0.806
2048-07-25,19.18,14.91,234.52,341.4,88,99.3,6.71,1.395
2048-07-26,19.45,13.27,264.48,317.75,74.6,100.3,0.55,4.222
2048-07-27,18.52,13.37,138.43,348.11,85.5,100.5,16.24,1.553
2048-07-28,18.83,15.49,177.14,357.91,88.4,100.4,12.61,1.137
2048-07-29,19.63,13.72,283.74,307.64,79.4,101.3,0,1.226
2048-07-30,21.4,13.79,261.79,326.3,74.6,101.7,0,0.731
2048-07-31,21.63,13.98,261.35,323.8,71.7,101.6,0,1.459
2048-08-01,21.85,14.18,260.9,321.39,68.7,101.4,0,2.19
2048-08-02,22.13,13.93,257.28,333.36,73.1,100.7,0.14,2.767
2048-08-03,21.85,16.41,216.7,356.67,84.4,100.1,2.88,0.497
2048-08-04,20.72,16.7,277.6,331.68,85.2,100.4,0.24,1.812
2048-08-05,19.31,16.78,173.21,340.08,84.7,100.1,5.32,0.558
2048-08-06,18.4,16.37,186.63,346.35,83.5,99.3,12.75,3.017
2048-08-07,20.07,15.26,261.79,336.7,86.3,100.1,3.1,1.999
2048-08-08,19.67,14.91,229.61,330.99,86.7,100,5.48,0.467
2048-08-09,19.58,14.64,237.64,325.32,77,100.3,1.34,1.668
2048-08-10,18.23,14.35,173.26,341.41,86.7,100,12.97,3.329
2048-08-11,19.53,13.98,238.82,315.48,77.1,100.4,2.19,5.334
2048-08-12,17.57,13.01,87.92,339.77,85.8,100.2,6.73,0.817
2048-08-13,18.09,14.69,77.95,360.2,89.2,98.5,8.3,2.325
2048-08-14,16.51,15.68,40.27,369.39,93.5,97.7,64.51,7.155
2048-08-15,18.96,15.47,139.05,368.54,86,98.8,16.38,3.504
2048-08-16,19.46,13.81,243.09,322.2,80.8,100.2,1.44,3.451
2048-08-17,19.7,12.94,231.26,316.87,76.6,100.3,0,0.574
2048-08-18,21.56,15.83,183.94,345.77,70.8,99.4,0,3.353
2048-08-19,18.4,14.85,171.7,339.52,87.6,99.3,7.7,0.117
2048-08-20,19.76,14.63,132.86,354.78,89,99.7,3.69,1.134
2048-08-21,20.5,16.31,130.54,363.72,86,99.4,5.53,3.45
2048-08-22,20,16.17,161.98,348.4,87.8,99.1,8.65,0.875
2048-08-23,18.96,15.32,187.73,344.44,89.7,99.5,7.29,2.273
2048-08-24,19.32,16,178.47,349.45,87.2,99.8,1.16,1.567
2048-08-25,20.04,15.83,209.03,337.16,85.1,99.6,0.6,1.084
2048-08-26,18.89,14.17,205.09,318.97,83.6,99.7,0,1.556
2048-08-27,19.01,14.26,172.51,340.58,88.1,99.5,7.46,0.968
2048-08-28,19.66,14.64,211.41,323.16,85.2,99.6,1,1.553
2048-08-29,18.97,13.51,216.35,312.22,85,99.5,0,0.791
2048-08-30,19.23,14.01,206.86,315.41,86.2,100,1.85,0.554
2048-08-31,19.1,13.83,206.46,315.11,82.6,100.6,1.12,1.105
2048-09-01,18.97,13.65,206.06,315.12,79,101.3,0.24,1.672
2048-09-02,18.45,14.94,72.5,363.14,87.9,101.6,2.77,2.97
2048-09-03,19.12,16.16,180.56,348.99,86.4,101.3,2.85,4.086
2048-09-04,17.67,14.51,168.01,326.02,78,101.6,0,3.422
2048-09-05,17.97,12.98,196.98,313.07,78.1,102.2,0,0.754
2048-09-06,18.45,12.76,182.08,314.58,81.7,102.2,0,0.894
2048-09-07,19.22,14.7,186.79,326.78,85,101.3,0,1.495
2048-09-08,18.62,16.12,76.49,352.98,84.2,100,3.08,4.393
2048-09-09,17.94,14.54,169.11,318.38,72.3,100,0.72,5.181
2048-09-10,18.7,15.9,149.8,343.78,81.1,100.3,0.71,4.294
2048-09-11,18.91,15.77,150.33,347.82,84.2,100.1,13.98,1.796
2048-09-12,17.82,15.59,159.78,332.99,78.5,99.3,11.25,6.03
2048-09-13,16.77,13.9,143.99,320.7,79.7,99.7,8.75,5.544
2048-09-14,17.04,13.64,162.16,317.71,77.3,100.4,4.05,3.118
2048-09-15,17.57,15.6,65.76,356.69,85.9,100.2,11.89,1.572
2048-09-16,19.33,14.39,138.66,344.23,78,99.5,5.01,2.652
2048-09-17,15.83,14.23,38.7,354.91,88.2,98.4,35.15,4.205
2048-09-18,17.22,14.07,133.54,325.92,80,99.9,1.27,4.838
2048-09-19,17.63,14.19,139.63,330.43,76.3,100.3,0,5.781
2048-09-20,17.4,15.46,60.82,370.33,89.5,100.2,28.58,4.861
2048-09-21,16.23,12.25,89.3,338.01,86.5,100.5,7.75,3.039
2048-09-22,13.86,10.4,45.12,325.79,88.1,100.7,11.51,1.825
2048-09-23,16.71,11.25,149.59,317.98,82.6,100.6,0.91,2.118
2048-09-24,17.57,14.82,118.38,347.11,86.2,100.4,2.55,2.282
2048-09-25,16.65,13.33,98.76,331.53,77.8,100.1,13.81,3.408
2048-09-26,16.38,12.28,82.51,334.27,79.3,100.3,15.38,1.63
2048-09-27,16.44,14.46,135.77,327.64,73.7,100.3,9.98,5.955
2048-09-28,16.53,14.19,107.44,324.87,71.1,101,1.49,5.985
2048-09-29,15.02,11.48,24.36,337.79,83.6,101.4,34.49,0.139
2048-09-30,18.54,12.04,73.75,349.66,92.8,101,8.05,2.926
2048-10-01,21.77,12.87,141.5,331.76,89.9,101.1,0,1.356
2048-10-02,22.85,15.75,132.57,344.14,88.3,101,0,0.905
2048-10-03,22.95,16.16,139.13,343.75,83.9,100.7,0,1.291
2048-10-04,23.23,16.76,119.83,355.7,82.9,100.1,0,1.017
2048-10-05,19.37,16.44,73.62,359.55,89.1,99.8,0.3,0.681
2048-10-06,19.12,14.5,49.33,358.56,82.5,99.4,3.31,1.602
2048-10-07,15.01,13.51,64.19,319.25,66.8,99.6,8.44,3.254
2048-10-08,13.67,11.58,66.1,312.06,77.8,100,10.82,1.259
2048-10-09,13.9,9.33,100.48,291.83,75.9,100,1.89,0.399
2048-10-10,14.96,9.59,107.39,298.27,73,100.5,0,0.802
2048-10-11,17.33,12.22,48.59,355.68,94.1,100.1,8.63,1.631
2048-10-12,17.69,14.82,91.09,349.85,88.9,100.7,8.5,4.362
2048-10-13,17.72,16.34,43.29,382.58,94.9,100.7,15.75,5.495
2048-10-14,16.79,15.78,46.52,373.96,94.2,101,3.98,4.755
2048-10-15,16.42,15.58,30.12,378.65,95.6,100.9,14.45,2.623
2048-10-16,16.62,15.22,25.49,377.88,97.3,100.9,13.22,1.404
2048-10-17,16.2,12.64,77.3,337.97,87.7,101.5,1.17,2.664
2048-10-18,16.99,11.74,74.22,338.23,88.6,101.7,0,0.854
2048-10-19,17.46,12.7,71.64,332.36,91.7,101.8,0,0.902
2048-10-20,16.92,12.34,69.81,335.99,88.7,102.2,0,1.461
2048-10-21,16.44,12.82,72.98,334.48,90,102.3,0,0.58
2048-10-22,15.65,12.07,44.39,347.56,93,101.7,0.47,0.171
2048-10-23,14.84,9.71,35.96,340.09,95.1,100.9,2.16,0.476
2048-10-24,9.63,6.42,84.08,263.63,66.2,101.7,0,2.833
2048-10-25,11.34,4.92,65.66,283.92,70.3,102.1,0,0.566
2048-10-26,14.04,11.06,22.22,344.68,83.5,101.4,6.21,4.049
2048-10-27,14.86,10.74,50.8,335.41,85.9,101.1,0.79,2.321
2048-10-28,14.91,9.58,39.73,337.99,84.3,100.8,2.46,0.883
2048-10-29,15.91,14.89,29.92,372.67,98.1,100.5,3.14,1.678
2048-10-30,15.48,14.18,17.74,365.34,97.1,100.4,6.47,0.292
2048-10-31,15.55,13.93,21.48,363.27,95.4,100.3,8.14,0.476
2048-11-01,15.61,13.67,25.23,361.11,93.8,100.1,9.81,0.72
2048-11-02,16.08,13.11,21.66,351.11,84.5,98.3,30.28,7.566
2048-11-03,13.43,11.6,58.49,310.33,78.5,97.5,2.54,7.648
2048-11-04,11.66,8.51,16.41,329.4,90,97.6,20.37,2.739
2048-11-05,9.67,6.09,47.45,279.4,85.5,98.3,0,3.242
2048-11-06,8.64,4.22,63.51,250.55,77.6,99.3,0,0.755
2048-11-07,10.31,3.5,54.92,261.32,65.1,99.9,0,5.138
2048-11-08,11.84,9.21,24.46,329.31,74.9,98,3.11,9.27
2048-11-09,13.82,11.58,47.46,336.52,88.9,98,4.01,1.169
2048-11-10,14.86,12.62,34.57,335.17,86.4,98.4,1.99,3.27
2048-11-11,13.27,11.61,15.18,335.05,88.7,97.1,12.93,2.324
2048-11-12,12.08,9.99,39.2,303.08,84,96.9,4.91,1.099
2048-11-13,12.08,9.32,38.15,304.07,83.8,98,3.01,0.752
2048-11-14,11.29,7.96,37.94,287.27,78,99.3,0.64,2.913
2048-11-15,10.67,4.91,49.39,272.88,85,100.2,0,0.993
2048-11-16,11.87,8.66,18.3,325.8,84.6,98.7,14.17,0.746
2048-11-17,9.98,8.46,21.84,307.05,69.1,99.3,8.49,6.955
2048-11-18,13.23,8.75,20.17,328.65,80.3,100,13.77,5.15
2048-11-19,13.89,11.88,20.21,342.92,87,99.6,7.6,2.43
2048-11-20,12.56,9.94,14.77,319.83,83.3,98.9,12.36,1.668
2048-11-21,12.12,9.69,25.08,311.01,81.5,99.8,5.21,0.817
2048-11-22,14.25,9.99,25.15,331.43,88.1,97.9,11.67,4.685
2048-11-23,12.44,10.39,19.25,320.12,87.4,98.6,4.94,1.791
2048-11-24,14.52,10.1,14.71,339.2,84,98.1,15.44,1.372
2048-11-25,12.52,9.14,27.94,296.2,63.8,99.2,2.7,7.566
2048-11-26,12.5,9.7,28.98,309.08,85.2,99.9,0.91,1.453
2048-11-27,11.29,9.37,13.33,312.8,85.3,98.9,4.03,4.337
2048-11-28,11.73,8,15.97,315.15,88.1,98.6,8.34,0.709
2048-11-29,9.35,5.02,34.08,277.4,95.5,99.2,0.04,0.922
2048-11-30,10.76,5.66,18.96,312.39,95.3,100.4,2.07,0.704
2048-12-01,10.13,7.32,8.89,321.34,94,100.6,1.75,0.693
2048-12-02,13.54,9.65,5.87,357.23,95.6,99.5,28.36,0.633
2048-12-03,12.81,6.32,23.18,296.75,72.3,101.2,0,1.571
2048-12-04,10.28,5.8,30.1,283.42,82.4,101.7,0,4
2048-12-05,7.78,5.28,19.53,288.3,75.5,101.7,0,4.55
2048-12-06,5.93,2.04,19.53,263.91,80.3,101.8,0,2.563
2048-12-07,4.28,1.06,18.72,252.01,89.5,101.9,0,1.432
2048-12-08,5.05,1.7,27.07,266.17,90.6,102,0,1.238
2048-12-09,8.07,3.4,11.69,318.54,93.6,102.2,2.51,1.047
2048-12-10,9.42,6.63,15.87,329.64,96.5,102,1.22,0.43
2048-12-11,9.65,6.94,13.58,331.2,95.7,101.4,1.73,0.438
2048-12-12,8.25,4.32,22.17,298.18,88.5,101.4,0.08,1.835
2048-12-13,6.48,3.54,22.33,271.07,85.6,100.5,0,3.331
2048-12-14,5.39,3.75,9.26,294.03,75.9,99.3,0,3.865
2048-12-15,7.29,4.42,21.63,279.4,87.9,99.6,0,3.337
2048-12-16,6.8,4.59,19.12,275.44,89.2,100.3,0.9,3.334
2048-12-17,7.36,5.73,15,303,92.2,101.2,0.87,1.46
2048-12-18,6.88,4.3,16.13,300.62,89.8,101.3,0.37,0.873
2048-12-19,7.18,3.89,16,292.62,91.1,101.4,0,0.748
2048-12-20,7.19,4.33,16.55,292.98,95.6,101.6,0.5,1.072
2048-12-21,6.52,3.08,18.53,292.07,88.5,101.1,0,1.321
2048-12-22,5.81,1.22,20.27,273.52,87.6,100.8,0.34,0.481
2048-12-23,9.92,1.45,9.24,306.65,89.5,101.2,4.47,3.611
2048-12-24,9.56,5.87,16.2,302.82,80.4,100.7,3.37,4.082
2048-12-25,7.66,5.17,23.98,301.95,87.4,100.2,5.82,0.664
2048-12-26,11.79,6.74,17.12,321.29,75.9,98,15.09,6.226
2048-12-27,7.63,5.47,20.41,307.74,85.2,97.6,8.61,2.288
2048-12-28,5.77,3.22,28.59,244.3,67.3,100.6,0,3.556
2048-12-29,5.39,0.19,28.9,255.08,77.3,101.4,0,0.518
2048-12-30,7.58,4.57,11.06,311.58,90.6,101.3,3.77,0.969
2048-12-31,8.55,5.24,13,313.61,91.9,101,7.69,0.91
2049-01-01,9.52,5.91,14.94,317.04,93,100.8,11.59,1.048
2049-01-02,8.13,4.92,18.69,297.54,85.1,100.8,3.22,1.548
2049-01-03,7.46,3.39,20.87,288.69,82.5,101.6,1.05,0.983
2049-01-04,11.09,6.45,4.69,332.81,93.5,100.8,15.7,1.605
2049-01-05,11.81,7.05,11.35,322.72,82.8,99.8,8.23,4.881
2049-01-06,7.98,5.75,14.83,288.26,74.7,99.6,5.84,7.229
2049-01-07,8.68,6.59,15.89,306.31,83.6,99.9,2.95,6.148
2049-01-08,8.47,4.19,4.28,322.85,92.4,97.8,24.84,4.639
2049-01-09,5.06,1.79,12.07,298.06,81.5,97.2,28.01,3.341
2049-01-10,5.88,2.72,23.96,284.03,77.7,98,2.01,3.329
2049-01-11,7.53,5.08,21.07,297.07,79,98.9,6.75,1.88
2049-01-12,9.24,6.07,13.48,326.95,94.6,97.1,15.21,1.348
2049-01-13,7.69,5.08,32.61,277.61,73.7,98.2,1.37,6.298
2049-01-14,7.21,4.72,28.93,287.33,81.8,99.1,2.36,1.994
2049-01-15,5.67,3.16,14.83,298.79,90.4,98.3,5.4,3.547
2049-01-16,6.34,-0.34,32.28,261.03,79.4,100.4,3.4,1.908
2049-01-17,7.47,5.71,28.04,285.6,74.6,101.5,1.85,5.713
2049-01-18,7.28,4.29,20.99,296.58,83.1,100.6,12.89,6.949
2049-01-19,5.17,2.82,36.63,241.65,65.3,100.6,0,4.526
2049-01-20,4.49,1.85,9.45,280.85,79.4,100.1,2.32,2.377
2049-01-21,4.39,0.22,43.63,248.94,90.3,100.2,1.9,1.346
2049-01-22,3.8,-0.67,46.55,234.64,86.3,100.4,0,0.701
2049-01-23,4.44,1.23,29.85,285.36,87.4,100,6.44,1.019
2049-01-24,4.33,-0.58,48.98,227.18,84.1,100.6,0,1.126
2049-01-25,7.51,1.1,26.9,306.33,94.7,101.1,2.64,2.512
2049-01-26,7.95,6.77,23.63,317.36,86.4,101.1,0.45,4.181
2049-01-27,8.6,7.14,23.24,320.45,84.9,100.7,3.04,5.105
2049-01-28,7.24,3.87,47.8,285.43,80.3,100.5,5.35,3.007
2049-01-29,6.19,5.1,23.58,294.52,79.3,99.9,4.27,6.579
2049-01-30,5.51,0,59.49,222.22,77.6,99.9,0,0.44
2049-01-31,5.45,-0.36,48.01,243.13,68.9,99.7,0,4.419
2049-02-01,5.94,3.78,21.44,301.92,73.2,99.8,0,5.084
2049-02-02,5.87,3.62,25.46,300.95,87.8,100.3,1.04,2.576
2049-02-03,9.48,4.04,17.15,321.68,91.2,99.8,16.61,2.61
2049-02-04,11.77,6.5,9.57,341.75,93.9,99,29.28,1.407
2049-02-05,8.98,6.09,56.34,291.34,87.3,100.4,1.06,1.708
2049-02-06,8.61,5.14,34.81,299.82,78.4,99.9,7.08,1.846
2049-02-07,7.67,4.04,48.6,291.32,72.6,100.3,5.43,1.616
2049-02-08,9.86,5.82,30.19,313.78,86.2,98.7,14.39,3.145
2049-02-09,9.36,6.62,14.31,317.13,86.9,97.5,22.7,1.695
2049-02-10,7.63,5.48,56.08,287.3,77.7,97.9,3.46,3.844
2049-02-11,6.95,4.72,42.6,295.29,79.5,98.8,6.23,2.962
2049-02-12,8.03,4.65,55.78,298.21,86.6,100.1,2.37,2.615
2049-02-13,10.13,5.53,12.68,335.77,95.7,99.5,30.02,1.027
2049-02-14,8.54,5.64,70.46,288.41,90.1,99.5,1.34,0.35
2049-02-15,7.73,6.56,58.16,307.39,81.4,98.9,9.96,6.07
2049-02-16,8.43,4.53,64.1,291.01,85.9,100.2,0.52,1.055
2049-02-17,8.79,4.52,85.87,279.91,83,101.9,0,0.367
2049-02-18,7.72,1.59,90.44,255.48,74.8,102.8,0,1.603
2049-02-19,5.31,1.57,77.82,260.92,76.7,103.4,0,1.406
2049-02-20,4.07,-0.24,89.54,228.28,67,103.4,0,0.994
2049-02-21,5.05,0.09,88.48,234.81,77.2,102.9,0,0.917
2049-02-22,7.4,0.36,64.23,279.34,91.1,102.5,0,0.67
2049-02-23,7.81,3.87,72.35,295.14,88.3,102.3,0,0.336
2049-02-24,6.48,3.5,30.68,293.85,84.3,101.3,3.96,3.156
2049-02-25,6.44,2.14,88.74,252.84,67.9,100.9,0,2.33
2049-02-26,7.6,1.77,49.57,277.99,82.6,100.9,1.39,4.077
2049-02-27,6.75,3.4,28.68,306.64,87.7,99.2,11.48,9.287
2049-02-28,6.69,3.37,91.38,257.17,68.6,99.4,1,3.887
2049-03-01,5.49,1.32,123.82,241.69,74.3,100,2.57,1.081
2049-03-02,3.66,-0.45,41.76,273.87,86,100.5,8.48,1.379
2049-03-03,4.59,-2.6,128.87,217.02,68.4,101.2,0,1.545
2049-03-04,6.39,2.98,70.85,281.22,71.7,101,3.48,3.44
2049-03-05,6.7,1.53,83.72,272.49,78.2,100.4,0,3.216
2049-03-06,8.54,2.77,59.93,298.39,86.7,101.3,3.9,1.483
2049-03-07,9.31,5.16,59.97,327.79,95.5,101.7,16.41,0.82
2049-03-08,9.43,5.62,60.97,321.7,89.2,100.8,13.19,1.708
2049-03-09,9.19,5.57,58.07,326.06,93.3,99.8,7.28,0.648
2049-03-10,9.95,6.21,48.23,316.6,93.1,100.3,6.85,2.533
2049-03-11,8.92,1.81,152.9,239.08,74.2,101.6,0,3.054
2049-03-12,6.64,0.5,142.03,236.02,78.4,102,0,0.451
2049-03-13,7.09,1.48,126.76,257.97,80.2,101.7,0,0.272
2049-03-14,7.7,2.06,99.16,280.2,76,101.9,0,0.192
2049-03-15,7.39,3.16,75.67,296.43,89.7,102.3,0,0.277
2049-03-16,8.5,2.89,124.51,284.6,81.7,102.6,0,1.311
2049-03-17,7.82,4.92,82.16,305.35,85.1,102.5,0.67,0.438
2049-03-18,9.06,6.11,95.32,316.82,89.6,102.3,2.56,2.763
2049-03-19,9.21,6.29,73.54,314,88.9,102.4,0,4.486
2049-03-20,10.07,8.27,83.81,337.83,97.3,102.6,3.76,4.215
2049-03-21,9.45,7.8,101.72,322.5,94,102.6,1.17,3.669
2049-03-22,9.43,7.14,84.37,328.05,91.6,101.8,2.76,3.541
2049-03-23,9.12,7.91,48.6,338.22,97,101.1,13.41,3.118
2049-03-24,9,7.46,111.86,321.29,90.8,100.2,1.62,2.543
2049-03-25,9.25,5.77,15.14,327.47,93.4,98.9,39.22,2.75
2049-03-26,7.05,3.81,82.47,294.47,80.1,98.6,10.09,3.488
2049-03-27,7.24,3.42,131.28,279.91,74.7,98.2,7.16,4.472
2049-03-28,8.75,2.94,162.13,262.26,66.6,98.8,0.1,1.951
2049-03-29,7.63,0.99,144.38,253.07,68.3,100,0.74,1.038
2049-03-30,7.26,0.8,134.91,275.18,73,101,1.55,2.857
2049-03-31,9.49,4.22,86.92,305.49,87.1,100.5,3.93,3.683
2049-04-01,7.61,3.47,143.36,278.88,68.7,101,0,0.863
2049-04-02,10.43,5.28,75.81,331.76,97.7,100.3,7.83,2.312
2049-04-03,9.63,3.43,59.08,317.35,91.2,99.3,25.83,0.517
2049-04-04,8.53,4.09,161.07,278.73,65.9,101.3,0,1.715
2049-04-05,8.76,6.08,97.08,314.42,75.9,101,1.72,6.393
2049-04-06,8.99,3.92,203.36,263.93,72.9,100.3,0.39,2.649
2049-04-07,9.31,3.25,116.03,287.61,75.8,99.9,0.89,2.497
2049-04-08,8.06,3.08,141.93,273.98,66.7,99.7,0,3.148
2049-04-09,8.9,2.59,196.98,256.83,67.8,100.5,0,0.642
2049-04-10,9.41,1.88,158.34,271.34,79.3,101.2,0,2.831
2049-04-11,9.93,6.39,121.11,316.54,89,101.1,2.84,3.853
2049-04-12,9.39,6.75,118.57,307.36,80,100.1,7.85,7.332
2049-04-13,8.91,6.54,97.57,310.99,81.3,99,18.76,8.671
2049-04-14,9.76,4.92,176.03,275.38,62.8,100.4,0,4.269
2049-04-15,10.14,4.28,86.75,316.86,84.4,101.1,6.52,3.48
2049-04-16,10.04,6.25,162.33,303.68,78.5,100.6,7.07,6.794
2049-04-17,8.64,5.95,115.55,296.24,73.5,101,6.84,6.771
2049-04-18,10.62,6.73,23.39,332.23,92.1,101,33.36,5.708
2049-04-19,11.19,9.81,68.19,351.66,97.9,100.8,11.55,3.836
2049-04-20,10.79,8.89,131.93,318.58,90.2,100.6,1,1.825
2049-04-21,13.69,10.05,210.23,304.88,75.3,100,0,1.208
2049-04-22,11.15,9.21,49,334.94,90.3,99.1,16.21,2.38
2049-04-23,11.14,8.88,191.98,307.44,81.1,99.5,4.92,5.931
2049-04-24,13.42,9.04,67.74,347.4,85.5,98.6,21.05,3.178
2049-04-25,11.04,7.34,159.7,309.4,69.8,99.2,7.18,9.332
2049-04-26,10.67,6.85,191.41,295.12,80.2,100.2,6.19,6.231
2049-04-27,10.04,6.88,203.63,291.03,71.7,100.9,2.92,4.206
2049-04-28,10.56,6.43,177.43,314.44,85.4,100.7,8.75,1.834
2049-04-29,12.05,7.67,120.26,320.17,81.6,99.9,7.17,1.903
2049-04-30,12.04,7.67,153.57,320.56,89,98.7,5.16,0.466
2049-05-01,12.49,7.01,237.69,287.41,76.3,99,0.3,0.216
2049-05-02,13.02,8.11,202.11,304.67,78,100.1,0,1.683
2049-05-03,14.26,7.35,218.08,299.63,78.1,101.3,0,0.806
2049-05-04,15.03,7.16,187.99,311.62,79.6,101.7,2.18,1.02
2049-05-05,13.98,4.77,288.53,267.66,79.5,102.1,0,1.028
2049-05-06,13.3,7.87,172.28,318.37,86.5,102,0,3.933
2049-05-07,11.87,7.4,221.95,289.77,72.2,102.4,0,1.857
2049-05-08,14.63,7.02,293.45,283.83,80.3,102.4,0,0.401
2049-05-09,16.87,8.05,298.64,288.05,79.6,101.5,0,0.453
2049-05-10,15.91,10.01,235.46,311.35,80.9,100.5,0,0.279
2049-05-11,13.2,9.13,220.99,302.85,89.9,100.6,0,2.379
2049-05-12,14.31,9.31,244.07,309.29,82.6,101.5,1.11,0.557
2049-05-13,18.19,9.17,304.86,296.82,79.8,101.6,0,0.551
2049-05-14,16.13,10.79,215.29,317.92,75.7,101.3,0,1.384
2049-05-15,14.07,9.55,154.72,329.74,69.2,101.9,0.3,3.89
2049-05-16,12.34,8.03,201.73,299.3,61.7,102.1,0,2.934
2049-05-17,13.34,6.93,210.31,294.15,59.1,102.3,0,3.046
2049-05-18,11.95,7.15,184.63,298.37,71.6,101.6,0,0.662
2049-05-19,11.97,8.18,109.8,317.69,79,100.4,2.75,1.933
2049-05-20,13.74,7.77,251.48,292.01,76,100.3,0.05,0.981
2049-05-21,13.22,8.6,118.05,322.91,83,100.3,10.68,3.248
2049-05-22,10.94,8.4,157.96,313.34,65.1,101,1.02,7.288
2049-05-23,11.96,7.8,204.19,306.62,73.1,101.5,0.14,2.445
2049-05-24,14.51,10.52,103.03,350.81,91.6,100.4,11.68,5.159
2049-05-25,13.51,10.68,182.2,319.5,70.8,100.7,0.74,9.753
2049-05-26,12.03,8.57,227.45,295.97,63.9,101.5,0.49,9.332
2049-05-27,10.82,7.7,179.56,304.44,68.7,101.5,1.57,6.932
2049-05-28,10.67,7.08,189.51,302.62,72.1,100.7,4.52,4.312
2049-05-29,10.52,5.85,184.78,286.85,78.4,100.3,1.18,2.15
2049-05-30,12.69,5.25,265.55,276.12,77.7,100.4,2.47,0.25
2049-05-31,12.75,6.1,259.06,282.59,78.7,100.2,2.75,0.234
2049-06-01,12.82,6.96,252.65,288.86,79.7,100.1,3.03,0.266
2049-06-02,13.75,7.67,242.64,296.73,74.3,100.3,1.69,4.088
2049-06-03,11.24,7.33,174.27,303.35,76.4,100.7,0.97,4.389
2049-06-04,12.01,6.91,187.85,306.39,81.4,101,0.71,2.121
2049-06-05,14.52,7.08,326.42,271.94,77.3,101.5,0,0.803
2049-06-06,14.7,7.54,286.96,291.07,84.7,101.6,0,2.042
2049-06-07,16.23,8.35,317.46,289.7,78.7,101.5,0,0.658
2049-06-08,13.08,7.87,196.79,308.48,58.1,102.1,0,2.234
2049-06-09,12.93,7.22,204.15,301.65,64.1,101.6,0.55,1.271
2049-06-10,14.02,6.25,215.42,294.88,64.4,101.6,0,3.604
2049-06-11,15.72,7.43,222.95,294.45,69.2,102.1,0,3.348
2049-06-12,18.66,7.5,332.42,296.55,66,101.8,0,3.345
2049-06-13,18.65,12.82,158.82,354.39,79.7,100.7,21.45,1.735
2049-06-14,14.96,12,289.96,317.71,84.4,100.8,3.38,5.031
2049-06-15,15.01,12.03,183.47,337.58,87.1,100.4,14.97,4.723
2049-06-16,16.59,10.24,231.02,332.34,82.8,100.4,21.27,0.597
2049-06-17,16.15,13.49,222.12,357.42,92.5,99.5,22.85,4.452
2049-06-18,16.31,11.89,267.39,332.73,83.5,100,3.47,0.822
2049-06-19,15.83,12.48,250.1,336.24,87.8,99.2,6.01,0.935
2049-06-20,16.74,10.45,320,294.79,73.9,100.9,0,1.824
2049-06-21,16.83,10.24,250.49,336.31,84.1,101.7,0.69,1.952
2049-06-22,16.07,11.78,284.86,321.73,83.7,102,1.04,3.272
2049-06-23,17.19,12.18,122.77,362.04,91.9,101.6,8.07,1.022
2049-06-24,16.15,11.42,290.43,313.28,79.9,101,0,2.694
2049-06-25,15.24,10.95,243.02,308.79,79.1,100.8,0.76,4.646
2049-06-26,15.88,10.9,270.64,301.75,71.1,101,0.2,5.04
2049-06-27,13.68,8.66,209.51,288.71,75.3,101.3,0,1.632
2049-06-28,16.5,9.5,295.83,301.5,78.3,100.8,0,0.439
2049-06-29,16.22,11.59,165.19,351.42,91,100.7,2.96,2.149
2049-06-30,17.22,12.75,314.77,311.5,80.8,100.9,0.85,4.792
2049-07-01,17.53,12.99,340.12,294.14,70.6,100.8,0,2.392
2049-07-02,18.46,11.85,202.79,327.34,73.1,99.6,6.17,1.006
2049-07-03,16.77,11.94,292.44,317.25,85.4,100.3,2.25,4.75
2049-07-04,16.75,10.63,263.69,324.34,82.8,101.2,2.39,1.739
2049-07-05,17.21,13.27,265.95,336.24,83.7,100.7,16.06,6.502
2049-07-06,15.64,12.78,153.96,334.64,86.6,101.4,3.08,5.621
2049-07-07,18.53,12.25,231,339.75,85.4,101.7,0.04,4.03
2049-07-08,18.46,11.04,322.98,299.73,77.1,101.6,0,1.609
2049-07-09,19.97,13.42,279.67,328.33,81.2,101.5,0,1.944
2049-07-10,19.93,11.93,330.71,314.24,80.1,101.7,0,2.581
2049-07-11,19.89,14.45,305.35,331.61,82.4,101.7,0,2.368
2049-07-12,21.86,14.5,308.18,335.7,85.6,101.9,0,0.527
2049-07-13,22.68,16.54,329.81,333.88,82.1,101.5,0,0.996
2049-07-14,22.4,15.1,245.14,343.67,81.9,101.3,0.17,1.854
2049-07-15,21.6,14.76,305.27,330.27,82.6,100.9,0,0.177
2049-07-16,24.77,17.38,238.39,356.45,70,99.9,1.38,1.132
2049-07-17,20.95,16.45,236.3,354.98,86.8,99.1,3.31,2.553
2049-07-18,17.46,13.25,237.1,322.36,72.5,99.5,1.71,3.323
2049-07-19,15.41,13.06,148.56,331.72,77.8,99.8,11.94,5.993
2049-07-20,16.89,11.6,254.63,307.44,71.2,100.4,2.44,5.683
2049-07-21,17.65,11.95,123.87,353.32,88.5,99.6,6.42,1.205
2049-07-22,18.33,13.75,207.39,348.12,90.6,99.6,5.59,0.589
2049-07-23,18.4,13.13,256.4,316.02,81.1,100.4,0,0.308
2049-07-24,19.51,13.99,185.06,357.26,91.7,100.3,2.95,1.867
2049-07-25,19.03,14.36,217.9,339.48,78.6,100.5,2.17,4.136
2049-07-26,18.7,14.8,217.91,347.53,81.7,100.5,0.25,2.807
2049-07-27,18.42,14.53,246.23,333.88,78.2,100.8,0.79,5.417
2049-07-28,18.19,14.46,219.31,332.08,83.7,101.3,1.48,3.67
2049-07-29,18,15.02,227.66,343.08,80.2,100.6,6.4,8.601
2049-07-30,18.35,12.14,261.68,308.31,78.3,101.3,0,2.185
2049-07-31,18.05,11.66,238.35,310.31,80.8,101.3,0,2.038
2049-08-01,17.76,11.18,215.18,312.26,83.2,101.3,0,1.979
2049-08-02,18.98,14,160.97,340.87,86.3,101,3.23,3.26
2049-08-03,18.5,12.08,306.42,280.13,71.1,101.4,0,1.533
2049-08-04,19.28,11.6,281.13,297.37,81.5,101.4,0,0.414
2049-08-05,21.13,12.88,289.56,310.66,78,101.2,0,0.262
2049-08-06,21.22,14.62,291.72,314.61,76.7,100.6,0,0.576
2049-08-07,21.45,14.15,270.94,334.53,85,100.2,0.38,1.093
2049-08-08,21.78,17.21,226.79,360.89,87.5,100.6,1.5,2.077
2049-08-09,21.61,15.56,222.32,342.55,85.9,101,0,1.412
2049-08-10,21.61,13.6,280.37,311.31,83,100.9,0,0.456
2049-08-11,25.19,16.5,219.31,359.51,75.9,100.4,1.55,1.196
2049-08-12,22.78,16.88,192.24,359.55,74,100.4,1.05,0.442
2049-08-13,21.21,16.85,164.46,357.77,81.5,100.7,0,0.795
2049-08-14,21.37,14.44,205.29,338.89,73.5,101,2.47,1.8
2049-08-15,20.63,13.27,232.62,318.01,75.5,101.2,0,1.217
2049-08-16,20,13.02,257.97,312.61,76.5,101,0,0.325
2049-08-17,19.48,15.39,145.92,353.73,81.5,100.4,4.57,4.432
2049-08-18,20.13,14.4,65.09,362.86,87.1,99.7,27.15,7.581
2049-08-19,17.31,13.37,227.68,298.46,62.9,100.7,0,4.642
2049-08-20,17.79,13.49,102.3,341.33,85.6,101.1,2.82,4.629
2049-08-21,20.83,16.97,140.87,381.81,95.6,101.2,2.98,3.385
2049-08-22,19.11,14.59,175.83,339.28,82.1,101.2,1.37,4.156
2049-08-23,18.48,13.39,171.23,324.92,78.3,101.6,0,1.79
2049-08-24,19.71,12.79,195.44,325.26,82.5,101.8,0,0.291
2049-08-25,21.94,13.8,238,322.7,75.1,101.8,0,1.279
2049-08-26,21.34,14.09,166.71,346.47,79.9,101.4,0,1.737
2049-08-27,20.98,14.96,212.05,326.93,81.2,100.8,0,0.15
2049-08-28,18.89,14.83,90.72,359.33,91.6,100.3,10.91,4.48
2049-08-29,18.57,15.16,184.14,324.48,77.2,100.5,1.42,6.456
2049-08-30,17.95,12.47,117.89,332.07,80.1,100.5,0,1.293
2049-08-31,17.59,12.85,134.27,325.53,76.1,100.6,0,2.612
2049-09-01,17.22,13.24,150.77,318.69,72.2,100.6,0,4.129
2049-09-02,17.37,12.71,191.11,307.74,68.4,100.7,2.48,2.774
2049-09-03,16.59,10.23,112.2,317.27,77.6,101.4,1.21,2.893
2049-09-04,19.34,13.34,35.83,374.17,93.2,100.9,33.22,4.229
2049-09-05,19.25,14.36,36.97,377.55,95.3,100.7,34.9,4.555
2049-09-06,18.77,13.62,95.16,348.99,87.9,100.6,27.08,3.829
2049-09-07,16.62,14.17,148.54,314,77.5,100.3,4.28,7.977
2049-09-08,17.14,13.68,146.78,323.48,77.6,101.1,0,4.376
2049-09-09,18.09,15.98,127.78,352.25,82.1,100.7,0,3.269
2049-09-10,19.58,14.51,146.14,346.11,89.6,100.4,3.06,0.252
2049-09-11,17.98,13.39,107.34,348.4,80.2,100.9,0,1.411
2049-09-12,18.36,13.25,139.94,338.19,76.1,100.4,15.76,0.813
2049-09-13,15.44,12.67,91.36,334.98,85,100.2,20.3,5.045
2049-09-14,17.55,13.27,147.28,329.86,88.5,100.5,1.3,2.325
2049-09-15,18.28,14.74,133.58,338.28,86.4,100.6,3.2,0.538
2049-09-16,21.45,15.93,124.53,351.72,72.1,99.4,1.3,3.596
2049-09-17,18.6,14,75.72,352.81,86.5,98.3,4.89,0.73
2049-09-18,17.14,14.06,106.96,339.34,81.7,98.2,9.27,1.353
2049-09-19,17.23,13.84,103.78,345.01,79.4,98.7,17.81,5.782
2049-09-20,17.4,14.16,77.44,356.77,87.8,98,27.72,2.185
2049-09-21,16.38,14.28,106.09,342.29,83.9,98.2,11.57,4.672
2049-09-22,16.33,13,113.21,332.11,84.4,98.2,6.36,1.092
2049-09-23,16.11,12.99,97.34,328.94,89.2,98.9,8.81,1.147
2049-09-24,15.6,12.81,119.04,317.9,80.6,100,0.23,4.478
2049-09-25,15.75,11.47,121.04,308.47,80.9,100.5,2.07,2.427
2049-09-26,15.9,10.6,131.22,299.57,83.2,101.3,0,0.976
2049-09-27,15.47,11.1,75.27,330.84,85.7,101.1,4.84,1.097
2049-09-28,16.08,10.86,129.79,313.03,86.5,100.7,4.49,0.337
2049-09-29,17.53,9.64,138.47,298.34,80.8,101.3,0,1.681
2049-09-30,16.17,9.92,129.87,310.52,79.9,101.9,0,1.315
2049-10-01,16.85,12.52,45.12,359.05,92.7,101.4,3.76,5.049
2049-10-02,14.91,10.41,127.15,297.62,79.7,101.8,0,1.118
2049-10-03,15.15,10.96,95.17,333.21,80.3,101.7,0,0.653
2049-10-04,15.46,12.39,111.23,320.25,78.4,101.4,0,0.654
2049-10-05,16.54,13.3,42.96,352.49,90.5,100.9,9.61,3.067
2049-10-06,16.94,12.15,120.96,325.01,86.4,101.5,0,0.212
2049-10-07,18.2,15.23,58.13,368.13,95.3,101.3,1.71,0.534
2049-10-08,17.93,13.29,92.47,337.78,90.7,101.2,0,0.519
2049-10-09,17.77,12.52,113.66,313.97,92.5,101.6,0,0.308
2049-10-10,16.6,11.9,86.43,327.1,95,101.8,0,0.697
2049-10-11,16.7,11.14,95.21,313.15,94.3,101.4,0,0.626
2049-10-12,16.13,10.37,84.93,322.16,91.8,101.1,0,1.028
2049-10-13,16.2,11.71,85.98,328.49,85,101.4,0,2.226
2049-10-14,15.76,10.57,89.04,316.3,87.6,101.7,0,2.375
2049-10-15,15.65,11.71,79.13,321.16,86.8,101.9,0,3.115
2049-10-16,14.86,10.89,73.83,324.29,86.2,101.8,0,1.586
2049-10-17,14.89,9.89,80.52,307.04,89.8,101.7,0,1.524
2049-10-18,14.98,9.98,76.56,326.32,85.7,101.6,0,1.215
2049-10-19,14.54,11.04,67.98,326.57,84.1,101.9,0,1.103
2049-10-20,14.64,10.56,44.31,335.46,88.5,101.9,0,0.476
2049-10-21,15.2,10.94,45.47,348.43,91.6,101.5,0.99,1.111
2049-10-22,15.27,13.36,35.75,358.62,92.4,100.6,8.6,4.897
2049-10-23,13.44,9.65,25.14,339.92,92.3,100.1,26.86,4.363
2049-10-24,12.11,9.71,11.87,339.94,92.3,98.6,32.88,5.338
2049-10-25,14.36,11.28,11.78,346.02,91,97.9,18.49,2.463
2049-10-26,15.27,10.39,42.13,334.35,91.8,97.7,22.84,2.299
2049-10-27,10.56,7.38,76.22,288.61,75.8,99.7,3.1,1.829
2049-10-28,16.44,7.99,25.25,348.17,89.7,98.9,18.49,1.224
2049-10-29,15.89,13.17,62.99,318.54,83.5,98.5,3.26,5.915
2049-10-30,14.67,12.21,39.84,334.14,83.6,98.6,16.37,5.297
2049-10-31,14.51,12.34,45.36,328.1,79.9,98.8,10.89,6.624
2049-11-01,14.35,12.47,50.9,323.18,76.2,99,5.41,8.011
2049-11-02,12.98,6.34,20.16,299.37,84,99.4,18.55,1.065
2049-11-03,11.65,7.14,63.24,270.58,73.4,101.3,0,2.542
2049-11-04,13.89,10.45,32.25,339.15,84.7,101.8,1.85,6.648
2049-11-05,14.37,12.94,41.08,335.15,84.4,101.6,0.83,7.785
2049-11-06,14.53,12.8,37.63,338.16,85.9,101.6,1.18,6.163
2049-11-07,14.27,11.47,40.31,332.14,88.1,101.2,0.63,1.612
2049-11-08,15.32,11.6,19.08,354.67,94.5,101.3,2.44,1.954
2049-11-09,12.26,8.72,17.1,342.41,95.1,101.5,10.32,2.203
2049-11-10,12.4,7.64,4.08,327.61,87.5,101.3,58.57,6.034
2049-11-11,9.25,5.27,35.64,276.22,68,102.1,0,3.887
2049-11-12,9.2,4.01,54.45,266.24,82.2,102.1,0,0.786
2049-11-13,8.76,5.6,47.62,283.5,72.4,101.9,0,1.095
2049-11-14,8.66,3.6,49.03,266.58,73.1,102.2,0,0.744
2049-11-15,8.95,3.35,52.53,252.06,84.1,102.7,0,0.843
2049-11-16,8.14,2.3,52.07,245.75,85.5,102.6,0,0.749
2049-11-17,8.37,1.96,49.78,257.36,90.3,102.2,0,1.569
2049-11-18,9.13,4.38,37.17,288.82,90.5,101.6,0,1.963
2049-11-19,8.12,4.74,37.55,287.27,86.8,100.9,1.01,2.312
2049-11-20,12.16,6.19,16.21,326.47,84.7,100.3,0.99,3.346
2049-11-21,13.08,10.48,36.15,322.15,85.2,99.4,2.27,5.494
2049-11-22,11.87,9.5,6.17,336.03,90,98.8,11.21,4.013
2049-11-23,9.87,7.21,19.28,316.29,90.8,98.7,1.03,1.779
2049-11-24,10.77,6.53,29.55,315.06,94.5,98.8,1.94,0.232
2049-11-25,13.14,10.05,19.35,342.01,94.8,98.9,11.5,3.136
2049-11-26,15.17,11.74,9.49,366.26,95.3,98.3,25.07,1.063
2049-11-27,14.39,11.03,22.45,329.38,89.4,97.7,14.36,1.061
2049-11-28,12.93,10.77,14.52,330.56,80.8,97.8,3.31,3.231
2049-11-29,13.91,10.5,5.52,338.28,88.4,97.6,14.89,1.499
2049-11-30,12.86,9.87,7.21,339.33,91.9,97.9,22.79,6.417
2049-12-01,10.1,5.12,30.28,268.02,85.7,99.3,0,0.619
2049-12-02,12.28,4.18,14.37,309.56,90.7,98.9,7.24,1.394
2049-12-03,12.95,10.42,15.23,342.97,91.1,97.6,13.14,1.839
2049-12-04,10.66,9.48,22.67,320.93,74.3,98.3,19.32,8.945
2049-12-05,10.19,8.46,14.4,318.56,87.9,98.1,2.43,2.369
2049-12-06,8.75,2.69,23.6,284.55,82,99.1,2,1.835
2049-12-07,4.48,1.17,13.57,266.41,83.3,99.1,3.42,3.605
2049-12-08,4.75,2.89,8.06,292.47,80.4,98.3,3.29,5.129
2049-12-09,7.17,2.45,28.47,258.59,78,98.6,1.88,3.314
2049-12-10,6.9,2.77,22.11,272.03,73.1,99.1,1.02,2.648
2049-12-11,5.92,0.05,29.08,257.05,79.2,99.4,6.14,0.633
2049-12-12,3.49,-0.27,18.73,272.64,83.1,99,2.96,3.449
2049-12-13,3.61,-0.85,31.23,230.57,80.1,99.6,0,1.524
2049-12-14,10.03,2.88,20.19,300.91,89.2,97.8,15.17,1.591
2049-12-15,8.54,4.65,15.42,302.33,96,97.1,2.59,1.33
2049-12-16,8.49,5.39,19.75,301.13,80.3,97.6,3.44,2.766
2049-12-17,11.59,5.5,11.17,323.3,88.4,96.2,19.94,3.041
2049-12-18,8.68,4.34,15.82,298.17,89.2,98.9,5.64,2.629
2049-12-19,8.03,2.91,10.42,278.28,92.9,100.2,5.69,0.376
2049-12-20,10.94,3.47,11.46,311.08,89.6,100,24.61,1.024
2049-12-21,10.99,8.7,12.53,331.38,87.5,98.4,26.46,5.985
2049-12-22,9.23,7.33,14.45,307.91,78.1,98.4,7.64,8.304
2049-12-23,9.23,7.13,16.61,308.29,80.6,100,5.52,5.118
2049-12-24,12.88,9.33,4.64,358.92,94.8,99.1,33.91,3.76
2049-12-25,12.44,6.27,10.4,316.77,79.9,98,16.78,9.256
2049-12-26,8.04,5.66,21.94,288.51,71.1,99.7,10.1,9.736
2049-12-27,10.55,6.3,3.39,332.23,87.2,100,30.89,5.553
2049-12-28,9.6,0.86,24.99,261.66,83.2,100.4,5.94,1.932
2049-12-29,4.37,0.76,9.06,274.08,82,100.7,0,1.87
2049-12-30,9.15,3.3,22.44,302.6,91.7,101,5.96,0.956
2049-12-31,9.43,5.71,24.81,307.35,91.4,101.2,5.39,2.963
2050-01-01,9.71,8.14,27.19,309.79,91,101.3,4.82,5.194
2050-01-02,10.92,8.94,8.79,341.06,93.9,101.1,7.12,5.468
2050-01-03,11.91,6.77,3.8,331.25,84,99.8,10.44,7.93
2050-01-04,8.34,4.99,22.35,293.37,68.5,99.7,9.08,3.534
2050-01-05,12.08,7.97,22.97,318.04,69.8,96.8,8.33,7.873
2050-01-06,8.37,4.37,19.93,300.3,76.8,97.4,5.48,6.574
2050-01-07,6.86,2.02,29.42,257.91,77.4,99.8,1.36,4.328
2050-01-08,10.25,2.31,12.63,309.73,82,100.7,9.69,1.175
2050-01-09,11.82,7.28,17.95,316.73,79.6,100.3,23.05,5.962
2050-01-10,8.44,6.32,8.73,305.29,78.5,101.2,9.13,2.026
2050-01-11,10.41,6.19,22.26,310.45,88.2,99.8,28.2,2.528
2050-01-12,10.34,6.05,19.22,293.31,71.7,98.9,7.49,8.488
2050-01-13,6.75,3.05,3.71,304.53,83.4,98.4,14.83,1.872
2050-01-14,6.31,4.71,26,286.49,76.4,99.5,2.01,5.423
2050-01-15,10.63,5.43,9.93,317.05,80.4,99.2,26.4,7.975
2050-01-16,8.01,6.23,20.16,302.93,67.8,97.6,6.25,13.561
2050-01-17,6.7,5.2,21.1,291.76,75.9,97.4,9.47,9.432
2050-01-18,6.18,4.66,35.47,254.18,72.3,98.9,0,4.895
2050-01-19,7.73,4.11,17.11,280.56,76.5,100.5,12.22,6.199
2050-01-20,8.86,4.27,19.41,304.35,80.8,98.6,12.39,11.479
2050-01-21,5.61,3.75,14.73,288.52,80.6,99.1,14.58,6.933
2050-01-22,5.46,2.19,40.8,271.14,74.5,99.8,3.87,3.69
2050-01-23,5.65,1.27,26.41,257.62,77.2,101.3,1.76,3.804
2050-01-24,9.42,0.64,16.45,305.37,84.8,101.4,23.45,0.75
2050-01-25,10.05,6.64,24.81,319.44,88.2,100.4,3.43,7.391
2050-01-26,8.42,3.67,11.18,310.9,89.7,98.7,12.37,2.441
2050-01-27,6.84,4.84,43.53,269.02,73.8,100,0,6.443
2050-01-28,9.44,4.12,7.33,305.83,86.1,100.2,26.52,4.29
2050-01-29,6.42,4.47,27.54,293.48,75.2,99.5,7.33,10.294
2050-01-30,6.6,3.44,19.98,296.89,79.3,99.4,18.57,10.637
2050-01-31,9.84,5.9,7.22,322.3,92.7,99.8,35.35,4.287
2050-02-01,9.88,6.46,12.07,325.22,84,98.7,21.72,6.635
2050-02-02,7.86,6.09,27.13,309.04,79.8,98,15.6,9.918
2050-02-03,7.21,5.41,23.73,301.64,80.1,100.1,2.7,6.669
2050-02-04,8.05,5.22,16.55,318.12,87.9,98.6,22.02,6.227
2050-02-05,6.79,4.55,16.44,311.52,77.4,98.7,8.3,11.338
2050-02-06,8.25,5.49,32.58,310.73,80.4,99.4,9.28,7.512
2050-02-07,10.33,5.88,7.15,337.44,93.4,99.1,25.8,2.377
2050-02-08,8.28,4.52,29.41,305.11,74.8,98,16.15,10.582
2050-02-09,8.06,5.95,38.25,301.81,71.4,100.7,3.01,8.916
2050-02-10,7.82,5.78,41.17,307.62,85.2,101.8,0.44,1.838
2050-02-11,6.8,5.76,27.97,318.75,88.2,100.6,8.62,2.279
2050-02-12,6.83,5.1,29.95,312.39,94,101.3,2.12,1.733
2050-02-13,7.5,3.35,55.4,285.95,83,102.3,0,3.144
2050-02-14,6.44,2.22,70.45,263.93,80.6,102.5,0,3.58
2050-02-15,5.26,1.92,49.13,280.28,80.4,102.1,0,3.369
2050-02-16,5.44,2.41,54.19,288.82,84.3,101.8,0,3.491
2050-02-17,6.05,3.31,49.84,294.97,82.2,102.3,0,3.327
2050-02-18,4.73,1.74,50,283.26,84.8,102.5,0.26,2.712
2050-02-19,4.64,1.4,52.94,284.27,80.6,102,0,0.325
2050-02-20,5.38,1.71,76.21,267.69,80.2,101.7,0.99,3.27
2050-02-21,4.28,-0.41,76.74,230.42,71.1,102.3,0,3.916
2050-02-22,3.93,-0.87,101.6,230.48,71.5,101.9,0,0.969
2050-02-23,3.92,-0.36,96.26,235.09,68.9,101,0,0.957
2050-02-24,5.29,-0.39,75.34,246.88,80.9,100.6,0,2.465
2050-02-25,3.9,-1.01,108.57,230.78,73.2,100.9,0,0.768
2050-02-26,5.79,2.54,67.26,295.41,79.8,99.6,11.74,5.336
2050-02-27,4.42,0.66,91.82,257.06,70.9,98.8,0,1.771
2050-02-28,4.72,-1.39,116.48,232.21,75,99.6,0,0.474
2050-03-01,2.85,-0.13,12.14,293.14,87.7,98.1,6.78,7.518
2050-03-02,5.33,2.53,55.1,306.64,86.8,98.1,1.5,3.765
2050-03-03,7.13,3.53,88.1,299.41,89.3,98.1,2.35,3.776
2050-03-04,6.02,2.32,83.81,272.7,78.6,99.6,0,3.513
2050-03-05,7.02,1.65,21.76,299.47,80.6,99,7.54,7.172
2050-03-06,10.34,5.91,59.35,323.32,92.4,97.6,7.23,2.351
2050-03-07,6.45,3.94,92.73,288.29,70.2,100.8,1.32,3.136
2050-03-08,5.64,1.36,107.83,265.76,70.6,103.2,0,1.681
2050-03-09,7.54,4.47,67.01,308.32,92.4,103.4,0,3.083
2050-03-10,8.7,3.95,102.03,296.56,94.7,103.3,0,0.65
2050-03-11,8.6,2.85,133.02,264.18,88.8,102.5,0,1.382
2050-03-12,7.52,0.82,107.09,276.76,88.5,101.1,0,1.975
2050-03-13,7.72,4.34,59.41,309.32,89.5,100,1.25,2.497
2050-03-14,7.72,3.36,92.33,291.02,93.3,99.3,2.36,1.295
2050-03-15,8.99,3.82,117.5,278.42,89.1,99.6,0.55,1.895
2050-03-16,7.03,1.59,105.26,262.96,77.4,100.4,0,3.242
2050-03-17,5.72,0.09,131.94,240.52,73.2,101,0,0.466
2050-03-18,5,0.6,97.76,268.46,61.7,100.7,1.07,2.071
2050-03-19,1.46,0.63,34.13,294.81,91.7,99.7,8.68,5.592
2050-03-20,6.05,0.66,121.37,283.62,76.4,98.9,12.03,4.239
2050-03-21,7.34,5.15,94.66,302.46,80.8,97,8.67,5.595
2050-03-22,7.97,5.02,125.88,293.74,73.9,97.4,2.3,5.242
2050-03-23,7.7,5.69,89.88,312.75,86.3,97.7,17.72,5.02
2050-03-24,7.45,4.5,79.56,298.51,82.7,99.4,4.32,6.361
2050-03-25,8.72,4.52,111.72,292.81,80.3,100.1,0,0.54
2050-03-26,8.1,2.79,133.92,280.35,84.5,100.7,0,0.748
2050-03-27,8.39,3.81,121.04,297.85,78.1,100.2,1.44,0.844
2050-03-28,9.03,6.1,125.62,313.95,78.3,98.2,12.92,1.516
2050-03-29,8.57,6.12,100.01,313.35,84,97.8,19.19,8.01
2050-03-30,8.94,6.68,137.09,299.86,76.5,99.6,0.84,6.248
2050-03-31,10.25,6.64,92.29,315.67,84,99.2,14.96,1.46
2050-04-01,9.1,7.36,122.98,306.3,78.4,98.9,8.07,6.08
2050-04-02,10.25,7.57,155.2,301.7,78.3,100,4.31,2.9
2050-04-03,10.12,7.26,160.71,304.95,81.5,99.6,5.34,6.612
2050-04-04,8.36,6.63,143.43,297.76,73.2,100.5,5.54,8.244
2050-04-05,9.1,6.58,83,309.56,83.2,100.1,22.43,3.027
2050-04-06,10.36,7.09,104.99,308.47,90.1,99.1,10.96,1.329
2050-04-07,10.01,7.45,122.92,304.49,80,98.6,4.34,3.612
2050-04-08,9.7,3.83,55.77,306.41,85.5,97.2,25.48,0.882
2050-04-09,8.39,3.94,96.89,305.54,74.9,96.3,10.77,11.372
2050-04-10,8.17,5.69,108.99,304.85,78.8,97.5,4.76,8.757
2050-04-11,10.89,4.3,141.28,284.24,71.1,97.7,0.82,1.113
2050-04-12,8.1,4.21,98.01,300.79,81.2,98.2,2.98,2.4
2050-04-13,9.17,4.82,190.09,274.83,63.9,98.9,0,2.353
2050-04-14,9.51,3.32,180.82,274.33,72.5,99.4,2.71,5.48
2050-04-15,8.71,5.76,180.4,279.66,70.1,100.3,2.81,6.478
2050-04-16,9.34,5.05,178.8,284.47,68.5,101.5,1.61,5.736
2050-04-17,9.62,5.08,181.96,284.26,63.3,102.5,0,2.764
2050-04-18,12.38,4.01,222.86,273.39,73.6,102.2,0,0.874
2050-04-19,11.51,3.94,249.8,265.46,73.1,101.2,0,2.395
2050-04-20,13.18,5.96,199.59,296.28,69.2,100.8,0,3.724
2050-04-21,11.42,8.27,210.89,303.74,75.3,100.8,1.75,1.11
2050-04-22,11.79,8.79,231.09,294.71,81.3,101.6,0,1.82
2050-04-23,12.66,6.97,233.14,288.38,82.8,102.1,0,0.695
2050-04-24,14.46,6.41,250.95,277.74,76.1,101.8,0,0.277
2050-04-25,14.64,7.71,236.83,291.8,76.4,100.9,0,0.101
2050-04-26,11.55,9.05,66.39,329.63,88,100.2,12.53,4.422
2050-04-27,15.53,8.81,112.81,346.99,90.1,100,9.32,3.847
2050-04-28,12.73,8.75,170.06,314.26,86.4,100,3.44,0.46
2050-04-29,14.3,7.44,262.88,283.25,80.8,100.8,0,0.736
2050-04-30,15.23,8.21,273.74,286.86,77.2,101.6,0,1.842
2050-05-01,16.64,8.43,241.51,306.03,82.8,102.2,0,2.551
2050-05-02,17.34,8.62,281.67,281.71,75.2,101.8,0,0.897
2050-05-03,15.83,9.01,299.72,270.79,66.5,100.7,0,0.441
2050-05-04,12.25,7.76,84.95,322.86,89,99.7,7.03,2.12
2050-05-05,13.02,8.61,172.17,322.62,68.6,100.6,0,2.163
2050-05-06,12.25,6.58,199,297.61,66,101.2,0,1.965
2050-05-07,15.11,8.31,231.34,315.08,78.5,101.4,0,2.655
2050-05-08,14.89,8.16,287.19,295.49,74.5,101.5,0,4.917
2050-05-09,15.86,9.13,235.07,310.33,81.2,101,1.42,5.113
2050-05-10,16.42,9.56,250.29,308.26,85.1,100.4,2.79,0.97
2050-05-11,14.08,8.41,242.76,300.43,89.4,100.2,0.88,0.586
2050-05-12,13.84,7.09,248.96,301.3,80.2,100.5,1.59,3.455
2050-05-13,11.64,6.07,238.06,285.34,61.6,102,0,3.185
2050-05-14,12.23,6.97,297.52,273.99,68.6,102.1,0,0.252
2050-05-15,12.08,6.72,198.13,302.31,74.7,100.6,0,1.93
2050-05-16,9.26,5,200.71,280.15,61,99.7,0.8,1.914
2050-05-17,9.99,3.92,178.56,275.76,67.2,99.4,4.76,1.672
2050-05-18,10.88,6.13,217.35,288.19,62.8,100.1,1.07,2.586
2050-05-19,10.94,5.03,259.04,273.3,72.2,100.3,0.31,1.348
2050-05-20,11.68,3.92,262.7,269.13,75.7,100.4,0,0.724
2050-05-21,10.07,5.31,210.6,287.67,74.3,101,0.68,0.696
2050-05-22,11.28,5.78,225.26,291.14,74.3,101.1,1.63,0.997
2050-05-23,11.01,6.25,241.72,286.38,64.7,101.1,3.09,4.685
2050-05-24,10.59,5.92,193.54,291.73,70.6,101.2,1.75,3.656
2050-05-25,10.93,5.33,96.22,316.47,85.6,100.3,25.18,2.307
2050-05-26,10.99,6.24,138.62,323.09,84.1,98.9,19.71,1.098
2050-05-27,10.7,4.88,197.19,289.8,69.1,99.9,1.61,5.085
2050-05-28,11.76,7.03,261.57,275.58,67.1,100.9,0,3.892
2050-05-29,11.86,7.66,75.38,331.32,85.6,100.2,20.45,1.88
2050-05-30,12.8,10.61,202.48,332.07,91.2,99.6,8.98,2.162
2050-05-31,12.97,10.87,190.76,335.31,91.9,99.6,8.35,2.289
2050-06-01,13.15,11.12,179.08,337.69,92.6,99.7,7.71,2.425
2050-06-02,12.62,9.34,214.19,318.65,86.2,100.3,2.32,4.268
2050-06-03,13.78,8.4,231.53,313.46,87.2,100.6,1.52,0.942
2050-06-04,15.13,10.03,244.93,323.32,84.6,100.5,6.53,1.494
2050-06-05,11.6,9.52,130.15,333.96,92.6,99.5,21.86,2.112
2050-06-06,13.27,8.35,181.88,318.92,85.9,99.7,4.28,1.542
2050-06-07,15.49,8.67,241.36,306.54,82.6,100.3,1.06,1.029
2050-06-08,15.28,8.69,297.49,296.13,85.8,100.8,0.87,2.44
2050-06-09,13.98,8.98,263.54,302.96,80.1,101,0,3.91
2050-06-10,15.48,7.36,344.03,271.75,80.3,101.1,0,1.277
2050-06-11,16.76,9.65,316.86,290.13,79.5,101.1,0,0.838
2050-06-12,17.59,10.21,349.02,283.68,77.6,101,0,0.71
2050-06-13,16.47,9.94,232.01,321.2,77.1,101,1.87,2.659
2050-06-14,15.13,8.76,319.55,288.7,71.2,101,0,0.536
2050-06-15,17.29,11.55,193.2,348.17,86.7,100.4,11.2,1.214
2050-06-16,15.2,12.97,159.65,346.43,91.5,99.7,6.82,1.774
2050-06-17,16.56,11.78,269.2,323.29,83.9,100.2,3.68,2.483
2050-06-18,14.24,10.47,191.11,320.89,71.2,101.1,0,4.019
2050-06-19,12.92,9.76,175.87,317.63,72.7,101.3,0,2.579
2050-06-20,13.83,10.41,45.36,347.99,92.2,100.2,49.39,2.179
2050-06-21,13.57,9.49,122.48,330.87,83.6,98.9,7.47,8.074
2050-06-22,11.89,9.46,93.58,335.3,88.2,99.1,13.73,11.559
2050-06-23,13.53,10.55,203.9,327.56,85.2,99.6,1.5,7.691
2050-06-24,13.91,10.09,236.6,314.57,80.8,100.3,0.46,8.069
2050-06-25,14.07,10.22,236.99,320.63,83.4,101.1,0,4.956
2050-06-26,17.53,11.21,275.3,331.05,87.6,101.1,3.22,3.109
2050-06-27,16.66,10.82,280.62,315.52,88.8,101.5,0,1.512
2050-06-28,18.69,13.8,306.74,342.08,86.9,101.5,0,1.084
2050-06-29,18.47,12.46,301.85,320.36,79.8,101.7,0,1.92
2050-06-30,19.06,11.18,305.26,304.27,76.3,101.6,1.1,0.593
2050-07-01,18.63,11.94,344.83,288.67,75.3,101.4,0,0.314
2050-07-02,18.36,10.87,344.29,285.8,73.1,101.2,0,0.519
2050-07-03,17.69,11.01,298.51,301.14,77.7,101.4,0,0.529
2050-07-04,17.53,10.61,336.16,286.02,74.3,101.7,0,0.72
2050-07-05,18.37,10.89,325.88,293.65,75.3,101.9,0,0.458
2050-07-06,18.16,12.46,234.23,331.3,78.8,101.5,0,0.616
2050-07-07,18.6,11.52,289.6,312.65,84.4,101.4,0,1.756
2050-07-08,18.12,13.51,214.36,337.96,81.8,101.3,0,2.997
2050-07-09,19.7,13.22,300.54,325.97,81.1,101.5,0,0.539
2050-07-10,19.59,13.72,244.23,334.57,83.2,101.5,0,0.446
2050-07-11,21.85,14.25,310.49,330.59,81.3,101.5,0,0.452
2050-07-12,21.44,15.17,286.16,336.23,83.5,101.2,0,0.838
2050-07-13,18.85,13.03,241.77,339.98,87.6,100.4,22.13,1.273
2050-07-14,17.6,11.67,244.18,322.46,80.9,100.7,0,0.258
2050-07-15,16.74,13.23,91.66,348.89,91.1,100.8,7.23,0.315
2050-07-16,17.39,13.19,190.65,334.43,90.4,101.1,0.88,1.515
2050-07-17,17.5,14.71,213.29,346.17,88.9,100.3,19.15,4.795
2050-07-18,17.67,12.48,264.48,320.87,72,101.4,0,1.704
2050-07-19,17.25,10.98,286.64,301.92,80.5,102.1,0,0.321
2050-07-20,17.55,13.43,128.74,351.78,90.4,101.9,0.88,2.235
2050-07-21,18.55,12.98,239.09,324.47,81.3,101.7,0,1.987
2050-07-22,18.72,13.52,241.63,331.32,82.1,100.8,2.58,5.067
2050-07-23,17.77,13.18,269.24,313.23,77.1,100.3,2.92,3.69
2050-07-24,17.39,12.45,266.18,308.36,70.7,100.7,0.16,3.362
2050-07-25,16.54,11.78,179.85,327.15,86.2,100.3,15.99,1.093
2050-07-26,16.27,10.07,260.5,293.13,76.2,100.4,1.94,1.022
2050-07-27,16.99,10.05,290.31,288.58,79.5,100.4,0,1.938
2050-07-28,19.38,12.03,285.3,306.92,73.4,100.4,0,0.604
2050-07-29,22.29,16.02,219.02,350.19,66.7,100.1,0,3.05
2050-07-30,18.49,14.64,165.86,361.09,88.5,99.8,9.33,1.572
2050-07-31,18.58,14.22,173.98,354.27,86,100,6.69,2.026
2050-08-01,18.66,13.81,182.15,347.47,83.5,100.3,4.05,3.747
2050-08-02,17.87,12.97,218.51,328.3,84.5,100.9,0,3.19
2050-08-03,17.7,14.26,88.64,354.44,92.4,100.7,6.23,0.064
2050-08-04,20.04,13.86,240.67,330.01,86.4,100.5,0,2.628
2050-08-05,18.52,14.61,195.19,342.34,88.3,100.9,1.18,3.189
2050-08-06,20.5,14.98,166.68,370.55,94.3,101,0.89,0.693
2050-08-07,20.62,17.2,223.78,366.84,94.1,101.3,1.9,1.743
2050-08-08,20.61,16.68,139.7,366.61,91.1,101.4,2.03,0.839
2050-08-09,19.97,15.62,223.4,342.8,85.9,101.2,0.31,1.115
2050-08-10,20.5,14.41,259.21,322.85,83,101.1,0,0.615
2050-08-11,20.04,14.21,255.38,321.86,85.4,101.4,0,1.433
2050-08-12,21.05,15.14,269.12,323.59,82.5,101.9,0,1.096
2050-08-13,21.66,14.5,267.78,319.75,80.5,102,0,0.717
2050-08-14,21.58,14.7,241.46,331.95,89.4,101.9,0,0.559
2050-08-15,24.34,16.19,262.53,350.81,84.9,101.5,0,0.174
2050-08-16,24.8,20.14,229.91,368.56,82.3,100.7,0,0.939
2050-08-17,25.25,19.07,228.31,361.05,81.3,99.5,0,0.698
2050-08-18,20.49,16.02,209.53,349.77,78.8,100.2,0.85,2.731
2050-08-19,19.52,15.19,248.31,319.11,76.7,100.8,0,1.5
2050-08-20,19.95,16.91,68.95,381.16,93.4,100,9.68,0.943
2050-08-21,21,15.86,215.03,336.77,85.3,99.9,0,0.806
2050-08-22,19.65,14.3,189.34,329.4,79.9,99.5,0,2.433
2050-08-23,18.78,13.97,192.21,326.06,83.7,99.2,4.95,0.392
2050-08-24,16.81,12.72,170.62,327.49,85.6,99.9,3.15,2.226
2050-08-25,16.13,11.34,172.62,302.08,79.6,100.5,4.73,1.358
2050-08-26,16.14,11.47,160.38,310.82,69.7,100.8,0,1.155
2050-08-27,17.81,11.59,157.82,328.18,75.3,101,0,0.216
2050-08-28,19.87,15.17,115.54,371.9,92.8,100.6,1.91,0.373
2050-08-29,19.58,15.7,170.41,346.29,85.2,100.8,3.73,4.059
2050-08-30,18.84,14.22,189.97,322.38,83.1,101.3,0,2.261
2050-08-31,19.11,14.51,146.42,343.7,87.5,101.1,1.88,1.808
2050-09-01,19.38,14.8,103.23,364.56,92,101,3.62,1.124
2050-09-02,20.23,18.13,69.92,389.86,95.4,101.2,2.53,3.557
2050-09-03,21.44,17.02,165.11,361.11,85.4,101.7,1.31,3.029
2050-09-04,20.54,15.76,145.78,364.68,87.3,101.7,0,1.805
2050-09-05,20.14,17.17,159.03,357.21,87.5,101.4,0,2.026
2050-09-06,21.43,16.05,133.21,364.22,93.3,101.4,0,0.595
2050-09-07,22.67,16.94,178.72,356.93,92.9,101.5,0,0.509
2050-09-08,22.01,16.61,178.52,346.52,90.9,101.6,0,0.701
2050-09-09,20.46,15.02,156.84,337.58,83.2,101.3,0,1.427
2050-09-10,20.34,14.98,171.72,345.42,82,101,0.05,1.681
2050-09-11,23.68,18.59,186.03,351.98,74,100.7,0,0.897
2050-09-12,22.32,19.48,133.27,362.97,77.3,100,0.74,1.144
2050-09-13,21.05,19.43,123.15,382.52,89,100.3,1.46,2.1
2050-09-14,20.08,14.38,76.98,356.7,87,100.3,7.35,0.785
2050-09-15,20.52,13.75,147.79,327.97,80.9,100.5,1.07,0.373
2050-09-16,19.03,15.2,157.4,333.31,75,100.6,2.11,1.92
2050-09-17,21.38,14.12,140.1,341.38,82.3,100.5,2.17,1.829
2050-09-18,22.72,17.21,145.06,354.32,83.3,100,3.08,1.596
2050-09-19,21.2,15.73,148.46,336.81,79.1,100.4,0.61,0.728
2050-09-20,20.53,17.67,120.23,361.74,87.8,100.3,6.53,0.198
2050-09-21,19.77,16.15,159.09,335.54,82.2,100.2,0.8,1.021
2050-09-22,17.74,15.28,48.47,355.84,85.6,99.7,6.55,0.412
2050-09-23,17.71,13.26,29.81,354.58,90.9,98.5,17.17,2.339
2050-09-24,16.56,14.14,98.53,330.66,82.3,97.8,4.57,2.006
2050-09-25,18.14,11.96,115.25,311.59,82.9,97.6,0.19,2.215
2050-09-26,17.84,11.56,134.93,316.68,87.6,98.2,4.41,0.775
2050-09-27,17.49,13.49,90.36,347.8,86.9,99.1,3.86,0.639
2050-09-28,18.83,15.01,92.26,352.42,86.7,99.1,7.25,2.583
2050-09-29,18.66,14.39,83.56,344.43,85.9,99.4,6.08,0.986
2050-09-30,16.49,13.66,100.62,318.1,73.9,99.2,7.68,4.706
2050-10-01,17.47,13.79,80.25,338.1,80.8,98.8,19.77,2.637
2050-10-02,18.15,14.01,45.5,363.42,88.2,96.6,40.39,6.121
2050-10-03,14.51,10.53,93.79,305.25,69.6,99.5,2.03,5.699
2050-10-04,12.3,9.46,86.64,284.99,63.8,101.1,0,2.602
2050-10-05,11.73,7.88,86.27,286.73,64.8,101.8,0,1.497
2050-10-06,15.26,8.14,93.92,319.63,75.8,102,0,1.461
2050-10-07,17.31,13.83,46.6,359.25,94.7,101.9,1.51,2.076
2050-10-08,16.76,13.32,98.4,333.06,91.1,101.9,0,0.595
2050-10-09,15.51,12.03,55,343.14,91.4,101.3,0.81,0.584
2050-10-10,15.43,11.59,75.56,341.54,88.1,100.4,14.46,1.247
2050-10-11,13.97,9.85,90.01,311.55,82.2,99.8,7.14,1.16
2050-10-12,12.29,8.36,103.34,279.15,69.4,99.6,0.41,1.739
2050-10-13,11.64,6.6,92.83,280.32,68.9,100.1,6.31,1.481
2050-10-14,14.09,10.52,48.73,328.5,82.2,97.5,30.37,9.133
2050-10-15,12.2,8.98,60.62,302.17,67.7,98.5,1.32,5.488
2050-10-16,10.04,7.47,69.35,280.4,62.4,99.9,0.55,5.119
2050-10-17,10.5,6.8,41.46,302.32,74.3,100.2,4.13,1.142
2050-10-18,10.02,6.49,30.28,318.3,90.2,99.6,10.43,1.851
2050-10-19,15.95,10.12,39.3,352.58,94.2,99.1,19.79,2.275
2050-10-20,15.73,14.36,40.37,354.9,92.5,99.1,11.36,2.233
2050-10-21,16.54,12.92,24.16,348.67,90.4,98.7,16.08,1.348
2050-10-22,14.81,12.68,29.76,342.45,84.9,97.9,21.42,3.576
2050-10-23,13.78,10.11,45.96,329.22,85.9,97.5,19.13,1.059
2050-10-24,12.88,9.75,27.95,323.07,79,96.5,21.03,2.577
2050-10-25,12.96,10.61,56.49,315.28,81.2,97.3,5.32,1.849
2050-10-26,11.94,10.32,25.89,325.6,89.3,97.8,13.39,1.063
2050-10-27,12.01,8.82,33.43,312.5,91,98,6.35,1.304
2050-10-28,12.35,8.35,52.68,307.16,88.5,98.6,1.71,0.468
2050-10-29,12.35,8.08,44.36,305.8,90.1,99,1.14,1.582
2050-10-30,12.1,6.61,57.11,293.87,87.1,100.1,0,0.496
2050-10-31,11.83,6.19,62.52,288.7,85.5,100.1,0.91,1.255
2050-11-01,11.56,5.76,67.94,286.08,83.8,100.1,1.73,1.828
2050-11-02,13.17,10.4,16.64,344.65,92.4,97.8,22.83,0.506
2050-11-03,12.39,9.56,26.81,331.42,92.5,97.8,19.87,2.012
2050-11-04,11.77,8.43,35.67,310.31,87.9,98.9,0,1.762
2050-11-05,11.94,7.28,59.78,295.58,87.8,100.3,0,1.298
2050-11-06,13.76,9.33,12.22,341.97,92.6,99.8,17.15,2.06
2050-11-07,14.27,12.16,24.89,354.42,91.5,99.3,10.39,4.477
2050-11-08,15.54,12.61,16.7,367.52,95.4,100,43.51,5.859
2050-11-09,15.07,11.9,40.44,343.21,89.7,99.9,32.27,7.344
2050-11-10,11.87,9.17,41.04,299.06,79.2,100.3,4.35,7.177
2050-11-11,9.61,6.71,47.78,278.49,65.8,101.2,0,2.074
2050-11-12,8.23,5.61,26.23,310.48,89.2,100.7,3.53,2.194
2050-11-13,9.96,6.1,35.5,316.1,80.9,100.8,2.6,2.44
2050-11-14,13.49,9.99,17.23,346.89,93.2,100,2.4,1.879
2050-11-15,13.34,10.7,39.99,327.28,89.8,99.3,33.28,1.367
2050-11-16,13.21,9.66,35.6,320.83,86.5,99.2,8.72,1.352
2050-11-17,13.2,11.55,29.48,331.29,91.3,99.1,18.26,2.005
2050-11-18,11.94,9.93,40.66,303.8,84.7,99.9,2.16,3.338
2050-11-19,12.32,10.29,32.55,319.76,86,100.7,8.52,6.664
2050-11-20,13.32,12.3,22.01,355.28,93.5,100.7,6.22,5.329
2050-11-21,13.18,9.67,35.51,308.64,78.5,100.4,15.1,6.294
2050-11-22,11.86,10.17,19.62,323.21,82.3,100.8,4.33,8.425
2050-11-23,12.4,10.08,27.46,320.36,89.9,102,0.08,1.855
2050-11-24,10.37,8.24,25.31,317.05,92.3,102.3,0,1.052
2050-11-25,11.83,10.02,16.94,342.68,94.5,102.2,1.61,1.038
2050-11-26,11.89,10.01,28.06,332.74,95.7,102.4,0.93,0.388
2050-11-27,12.22,9.4,13.96,339.58,96.9,102.7,1.96,0.314
2050-11-28,11.08,7.05,24.22,316.77,94,102.8,2.12,0.813
2050-11-29,8.93,6.47,24.45,306.2,91.6,102.4,0.67,0.837
2050-11-30,9.5,6.15,20.05,315.76,91.6,102,1.27,0.504
2050-12-01,12.44,9.22,11.86,341.27,93.9,101.6,6.4,2.289
2050-12-02,11.4,9.57,14.28,342.63,93.1,101.4,2.37,1.544
2050-12-03,13.02,10.59,10.5,343.97,92.8,100.5,14.34,2.16
2050-12-04,11.44,7.65,18.74,313.08,79.5,99.8,10.63,5.016
2050-12-05,9.27,7.08,18.2,301.79,67.8,100.5,4.31,9.339
2050-12-06,8.45,5.29,16.34,288.26,68.1,100.3,9.86,9.593
2050-12-07,10.13,7.15,13.14,307.36,82,101.8,2.33,5.969
2050-12-08,13.42,9.9,7.19,357.76,94.4,100.7,26.1,6.789
2050-12-09,13.24,7.32,19.11,311.36,68.8,100.2,13.06,11.126
2050-12-10,8.41,5.88,13.76,304.43,73.9,99,19.26,11.27
2050-12-11,7.71,4.93,14.43,309.66,77.9,98.9,21.43,9.326
2050-12-12,9.15,6.38,7.64,326.37,95.1,98.4,13.17,1.88
2050-12-13,8.88,6.46,15.14,302.71,72.6,98.7,5.59,10.511
2050-12-14,7.05,4.81,11.31,290.72,69.6,99.2,10.86,9.584
2050-12-15,7.1,5.04,9.62,296.11,77.2,99.3,6.34,5.8
2050-12-16,7,2.25,20.8,258.7,73.5,99.5,0.84,3.19
2050-12-17,5.68,0.8,25.3,251.29,80.8,100.2,0,0.929
2050-12-18,4.6,-0.38,30.1,227.98,79.4,101.4,0,1.123
2050-12-19,4.29,-0.01,26.64,247.2,77.9,102,0,0.954
2050-12-20,10.77,4.24,5.62,332.32,93.6,101.2,12.98,1.964
2050-12-21,10.92,6.72,9.48,326.71,93.1,100.5,15.76,4.281
2050-12-22,8.62,6.14,15.23,305.47,80.6,100.5,5.16,7.025
2050-12-23,11.65,7.81,8.99,344.38,94.4,100.3,13.34,6.867
2050-12-24,11.58,9.61,3.37,350.32,92.3,99.9,9.62,7.023
2050-12-25,11.64,6.76,6.54,338.32,92.5,100.1,11.9,4.44
2050-12-26,8.28,5.9,24.08,289.9,74.4,101.4,0,3.903
2050-12-27,11.24,7.3,14.7,332.94,81.9,101.5,2.65,4.422
2050-12-28,11.37,9.97,13.37,343.38,92.6,100.6,2.57,2.732
2050-12-29,10.46,5.94,19.42,301.81,74.1,100.4,9.1,5.746
2050-12-30,8.43,6.84,7.93,312.9,78.4,100.8,16.45,8.447
2050-12-31,9.78,6.03,10.08,310.66,82.2,99.9,23.78,7.915
