date,tmax,tmin,swdown,lwdown,relhum,pres,prec,windspeed
2016-01-01,8.67,5.45,37.7,299.15,91.6,101.1,6.24,2.196
2016-01-02,9.47,5.37,39,283.26,85.7,100.3,4,4.307
2016-01-03,10.76,4.73,23.71,303.26,82.2,99.4,4.68,4.175
2016-01-04,6.08,3.68,30.95,286.7,74.2,98.5,1.89,6.476
2016-01-05,7.49,4.34,15.55,297.44,72,99.4,0.27,5.494
2016-01-06,4.51,2.28,3.78,306.83,90.8,98.4,12.18,1.791
2016-01-07,4.31,2.38,20.36,304.61,94.3,98,2.92,1.203
2016-01-08,4.42,1.35,21.85,294.61,89,98.7,0.49,0.843
2016-01-09,7.96,0.64,5.8,299.59,91,98,7.66,1.967
2016-01-10,7.65,5.47,20.42,308.77,88.4,97.3,3.38,3.37
2016-01-11,7.01,3.19,21.66,294.88,87.2,100,0.58,3.859
2016-01-12,6.98,1.77,33.41,282.86,88.9,100.9,0,1.867
2016-01-13,9.37,5.13,24.63,298.68,87.3,100,0.46,1.671
2016-01-14,8,4.12,21.63,283.79,81.4,100.6,0.7,3.079
2016-01-15,6.7,2.78,32.59,265.53,77.7,101.7,0,1.456
2016-01-16,9.19,4.71,18.67,321.66,91.8,100.8,3.58,1.757
2016-01-17,8.04,-1.61,52.64,244.19,91.2,101.4,0.2,1.033
2016-01-18,8.66,-2.1,28.85,286.06,92.5,101.7,0.03,1.326
2016-01-19,12.97,8.61,22.73,335.29,86.1,100.9,4.27,2.874
2016-01-20,11.39,4.65,52.03,274.8,65.7,102.3,0.07,6.321
2016-01-21,12.43,4.87,26.39,313.31,79.2,102.3,0.25,2.892
2016-01-22,11.83,7.7,24.23,329.84,87.8,102,0.08,1.909
2016-01-23,9.83,4.16,32.99,283.56,81,101.6,7.6,3.247
2016-01-24,8.92,4.54,49.93,269.24,78.6,102.5,0,4.782
2016-01-25,10.55,6.94,52.41,294.31,83.2,102.7,0,4.614
2016-01-26,9.14,7.2,33.1,317.15,84.5,102.8,0.27,4.075
2016-01-27,10.09,7.62,40.57,318.4,84.5,102.7,0.2,4.613
2016-01-28,9.08,6.29,44.04,313.35,83.5,102.3,0.16,3.232
2016-01-29,9.04,5.88,30,314.77,88.2,102,0.19,1.464
2016-01-30,11.42,6.18,16.55,329.98,93.1,101.3,5.32,1.342
2016-01-31,10.2,5.11,34.27,305.16,73.3,100.7,2.53,5.509
2016-02-01,7.12,2.77,37.7,291.77,78,100.7,12.94,0.449
2016-02-02,8.7,4.3,68.61,283.33,77.7,101.2,0.57,4.083
2016-02-03,7.02,1.17,17.03,291.11,85.3,102,2.6,2.408
2016-02-04,10.55,4.14,46.82,293.6,78.5,101.2,2.88,3.935
2016-02-05,10.04,3.96,52.19,281.33,77.7,103,0,6.137
2016-02-06,8.88,0.13,44.71,286.54,83.2,103.7,0.12,0.763
2016-02-07,1.92,-3.02,85.98,211.18,70.8,103.9,0,1.808
2016-02-08,2.48,-3.65,77.9,217.55,82,104.5,0,0.771
2016-02-09,2.98,-2.85,69.44,230.28,84.7,104.5,0,0.443
2016-02-10,4.32,-3.02,83.57,243.33,85.6,104.2,0,1.563
2016-02-11,6.77,-0.17,38.43,295.06,90.8,104.1,0.07,0.707
2016-02-12,7.75,-1.41,45.12,283.25,87.5,104.1,0.4,2.062
2016-02-13,8.79,4.61,51.61,311.98,84.2,103.4,0.5,4.588
2016-02-14,8.51,1.08,41.96,280.51,76,102.1,1.26,4.487
2016-02-15,5.21,-0.04,72.43,249.78,77.7,102.2,0.03,1.62
2016-02-16,5.3,0.21,91.83,250.06,76,101.9,0,1.687
2016-02-17,6.05,0.22,68.06,284.22,78.1,101.6,0.06,2.375
2016-02-18,6.68,2.49,57.68,287.7,85.4,100.6,0.88,3.63
2016-02-19,4.77,-0.86,43.93,277.04,80.4,100.6,1.46,2.503
2016-02-20,6.04,-1.38,67.61,265.75,78.8,102.1,0.47,1.003
2016-02-21,4.55,-0.99,78.55,259.66,75.2,102.7,0,2.108
2016-02-22,3.77,-3.13,118.83,213.61,76.2,102.2,0,2.058
2016-02-23,4.72,-2.29,124.42,236.81,76.2,101.7,0.13,1.545
2016-02-24,2.98,-0.82,97.65,259.34,73.6,102.2,0.48,1.507
2016-02-25,3.31,-3.1,108.97,233.65,70.5,101.7,0,2.215
2016-02-26,1.54,-2.47,74.75,255.82,60.3,101.8,0.04,3.791
2016-02-27,3.29,-1.34,63.16,285.83,81.2,102.2,1.24,1.899
2016-02-28,1.2,-1.88,59.23,277.43,83.2,100.7,0.95,1.397
2016-02-29,1.75,-2.27,67.23,267.9,82.4,100.2,0.48,1.139
2016-03-01,2.3,-2.66,75.22,261.16,81.6,99.7,0.02,0.881
2016-03-02,3.25,-0.39,52.84,293.97,85,100.7,1.91,1.195
2016-03-03,1.8,-1.15,60.56,284.91,80.4,100.9,1.07,2.58
2016-03-04,3.34,-1.94,63.4,289.02,82.7,99.9,1.49,4.1
2016-03-05,5.28,2.65,28.04,314.82,91.7,99.4,14.99,4.694
2016-03-06,7.49,2.73,67.75,307.03,91.1,100.2,2.28,2.459
2016-03-07,3.92,0.47,28.84,305.41,87.7,100.6,7.31,3.402
2016-03-08,5.46,1.47,68.3,299.98,79.5,101.2,0.22,2.945
2016-03-09,4.06,0.03,84.41,284.75,74,101.5,0.2,2.049
2016-03-10,3.63,-0.87,88.95,279.77,77.6,101.9,0.5,1.91
2016-03-11,3.26,-0.89,85.56,275.49,77.5,102.4,0.42,1.84
2016-03-12,3.32,-1.87,143.31,241.99,73.3,102.5,0.04,1.376
2016-03-13,4.66,-2.07,157.16,245.72,76.3,102.4,0.03,0.408
2016-03-14,5.92,0.65,113.93,287.55,75.6,101.8,0.14,0.791
2016-03-15,4.78,0.6,100.68,282.22,74.4,101.3,0.11,0.536
2016-03-16,6.27,0.54,109.77,274.22,75,101.3,0.06,0.519
2016-03-17,6.2,1.57,92.35,289.6,73.2,101.2,0.04,1.126
2016-03-18,7.58,2.89,37.17,302.38,90.2,98.7,8.19,1.492
2016-03-19,9.59,4.07,102.39,306.8,86.9,99.5,4.5,2.161
2016-03-20,10.81,3.32,152.04,274.02,80,100.9,0,1.228
2016-03-21,9.72,2.94,111.73,302.97,88,100.8,0.11,0.601
2016-03-22,9.46,3.91,93.45,303.45,88.4,99.5,0.8,1.685
2016-03-23,8.1,4.78,80.89,309.75,91.1,100.6,2.28,1.374
2016-03-24,8.32,1.46,90.45,288.03,83.8,101.5,0.14,1.233
2016-03-25,12.02,1.54,113.07,308.17,89,101.5,1.22,1.628
2016-03-26,9.46,6.92,127.38,312.99,78.7,101.6,0.61,3.608
2016-03-27,9.96,5.42,87.72,312.42,77.9,101.3,3.45,4.284
2016-03-28,11.03,3.44,133.78,284.82,76.7,101.5,0.04,3.088
2016-03-29,14.08,7.02,143.05,318.79,81.5,100.7,3.8,4.817
2016-03-30,9.03,4.51,130.96,282.41,66.8,100.8,1.7,6.949
2016-03-31,9.72,4.81,113.2,297.76,76.5,101.2,1.24,5.266
2016-04-01,12.74,7.8,150.77,305.97,76.2,101.1,0.02,4.832
2016-04-02,14.54,7.61,132.58,315.33,84.2,101.8,0,3.743
2016-04-03,14.05,9.91,92.57,336.38,84.6,101.9,0.46,1.816
2016-04-04,18.4,9.2,210.86,303.07,74.3,101.1,0,1.935
2016-04-05,13.77,7.52,194.72,282.73,69.8,101.3,0,1.603
2016-04-06,13.7,5.93,120.48,309.63,74.2,100.3,3.36,1.303
2016-04-07,9.22,4.07,41.73,301.92,81.7,99.4,17.42,1.771
2016-04-08,10.69,3.56,129.88,287.2,66.9,101.1,0.17,3.283
2016-04-09,15.59,6.58,160.47,323.39,83.5,99.9,1.35,3.966
2016-04-10,11.67,7.13,153.89,302.82,65.9,99,1.4,9.823
2016-04-11,10.04,5.98,131.75,300.78,59.5,100.4,0.71,8.456
2016-04-12,13.36,5.98,103.89,321.75,80.4,101.4,1.39,4.69
2016-04-13,15.29,9.13,156.05,316.69,81.6,101.9,0,4.162
2016-04-14,14.12,5.99,203.37,280.07,80.4,102.2,0.06,2.806
2016-04-15,18.8,3.75,249.56,272.34,79.8,102.1,0.02,0.612
2016-04-16,20.42,6.33,250.33,286,82.1,101.8,0,0.913
2016-04-17,21.11,8.61,209.02,312.99,79.7,101.2,0.02,0.656
2016-04-18,14.03,8.32,166.85,307.68,69.6,101.2,0.08,4.523
2016-04-19,14.76,7.77,197.12,295.96,77,101.3,0.04,5.208
2016-04-20,12.09,7.64,186.74,295.63,64.7,100.6,1.07,8.131
2016-04-21,10.76,5.6,165.76,287.58,69.4,100.4,0.88,6.227
2016-04-22,9.22,4.63,135.88,295.92,72.3,100.1,1.82,4.218
2016-04-23,10.82,4.92,131.82,296.75,71.9,100.8,0.41,3.589
2016-04-24,11.49,6.7,133.6,312,72.9,99.5,3.08,3.956
2016-04-25,8.52,4.74,125.58,301.05,72.3,99.4,4.43,4.174
2016-04-26,11.63,4.51,190.01,293.94,67.9,100.5,0.18,1.794
2016-04-27,11.08,1.94,181.66,267.92,73.3,101.5,0.07,0.624
2016-04-28,10.1,3.37,150.06,296.6,75.1,101.7,0.31,0.323
2016-04-29,14.84,5.82,139.4,325.82,79.4,100.5,1.89,4.462
2016-04-30,9.89,5.27,168.3,292.04,74.9,99.3,1.88,4.654
2016-05-01,8.78,4.68,165.6,287.8,62.7,99.7,0.82,4.941
2016-05-02,10.39,4.36,136.72,301.5,71.9,100.1,0.65,4.13
2016-05-03,11.07,6.07,102.39,301.72,80,99.4,1.8,5.65
2016-05-04,8.92,1.77,178.28,272.79,62.4,99.1,1.09,5.623
2016-05-05,8.69,1.67,95.47,295.9,80.6,99.3,3.54,2.177
2016-05-06,8.64,4.06,149.54,300.61,85.6,99.8,4.63,0.855
2016-05-07,10.71,2.55,180.55,283.84,71,100.1,0.22,0.65
2016-05-08,9.42,3.88,152.81,289.51,75.2,100.4,2.35,1.365
2016-05-09,9.6,2.66,145.44,286.94,74.8,100.3,4.67,2.172
2016-05-10,7.9,1.87,125.29,296.01,74.1,100.3,6.19,2.1
2016-05-11,9.99,3.91,164.42,301.24,78.2,100.3,3.8,1.344
2016-05-12,12.18,3.91,201.7,294.96,72.4,101.1,0.15,0.852
2016-05-13,11.24,4.45,181.2,290.31,78.8,101.8,3.68,0.901
2016-05-14,10.07,1.69,164.94,279.1,77.4,101.8,1,0.621
2016-05-15,12.02,3.92,209.51,284.7,72.8,101.3,0.15,1.408
2016-05-16,12.58,7.19,202.9,302.53,65.1,100.6,0.09,1.644
2016-05-17,12.21,6.7,169.56,309.89,79,100.5,3.87,1.549
2016-05-18,13.82,6.62,206.79,302.97,73.5,100.9,1.11,3.635
2016-05-19,16.38,8.93,212.12,319.73,75.5,100.4,1.52,4.152
2016-05-20,14.99,8.33,223.11,296.18,77.8,100.1,4.73,4.987
2016-05-21,13.27,8.27,184.26,316.41,72.6,100.7,0.7,3.432
2016-05-22,19.3,10.11,253.58,325.82,78.9,101,0.27,1.917
2016-05-23,21.49,10.52,275.6,322.92,74,101.1,0.06,1.481
2016-05-24,21.8,12.24,263.11,328.32,70.1,100.6,0.96,2.645
2016-05-25,21.37,13.29,132.28,362.71,83.6,100.5,19.01,1.717
2016-05-26,21.01,11.48,213.24,336.91,82.9,100.7,1.76,0.297
2016-05-27,16.96,9.39,195.64,309.23,70,101.2,0.05,1.899
2016-05-28,15.46,9.3,237.02,291.02,68.6,101.4,0.04,2.932
2016-05-29,16.38,8.41,303.22,276.76,67.7,101.6,0,2.089
2016-05-30,19.33,5.33,315.78,283.88,71.4,102.1,0,1.782
2016-05-31,20.48,7.34,317.31,294.22,70.6,102,0,2.124
2016-06-01,21.64,9.36,318.83,304.72,69.8,101.9,0,2.466
2016-06-02,22.16,11.19,213.35,345.8,77.8,101.3,0.47,2.573
2016-06-03,23.84,13.9,196.02,354.44,80.7,101.2,6.77,2.68
2016-06-04,24.35,13.2,339.55,304.88,63.8,101.4,0,3.542
2016-06-05,23.9,10.3,322.05,301.66,63.3,101.5,0,0.826
2016-06-06,18.21,9.1,342.61,271.35,61.4,101.2,0,1.472
2016-06-07,16.72,8.51,224,300.35,63.2,101.3,0.07,1.92
2016-06-08,16.55,6.3,275.54,279.39,71,101,0,0.709
2016-06-09,14.69,9.42,181.29,316.42,62.6,101.2,0.07,1.678
2016-06-10,16.15,9.52,167.18,325.98,75.5,101.3,2.25,1.345
2016-06-11,14.28,9.13,142.33,319.73,85,101.1,4.05,0.528
2016-06-12,15.76,9.24,181.17,328.7,73.9,100.9,2.51,0.612
2016-06-13,13.96,7.64,206.93,301.23,77.8,100.8,6.85,0.539
2016-06-14,15.59,5.21,224.13,284.79,76.8,101.4,1.61,1.095
2016-06-15,17.8,6.5,234.85,299.28,65.3,101.7,0,2.569
2016-06-16,18.69,12.34,232.62,330.4,68.3,100.2,0.55,6.588
2016-06-17,15.88,11.6,216.08,321.34,71,99.9,0.12,5.76
2016-06-18,16.77,11.38,220.3,320.71,74,99.5,0.16,4.366
2016-06-19,13.13,7.9,150.88,314.1,83.9,100,3.12,1.266
2016-06-20,14.55,6.83,211.09,292.95,67.2,101.3,0.27,4.692
2016-06-21,16.63,9.76,192.98,321.56,71.6,101.5,0.77,3.616
2016-06-22,16.61,11.02,102.45,347.48,83.4,99.5,11.33,3.538
2016-06-23,15.97,10.57,244.46,317.58,77.3,98.6,2.81,7.349
2016-06-24,17.16,10.77,237.23,325.37,72.9,100.5,0.04,4.459
2016-06-25,24.48,13.43,299.35,339.95,79.2,101.3,0.03,2.226
2016-06-26,23.3,15.15,274.53,344.02,79.2,101.4,0.06,0.477
2016-06-27,25.85,13.39,319.72,336.44,74.1,101.1,0,1.421
2016-06-28,23.52,15.39,284.63,339.94,80.4,101.1,0.04,1.23
2016-06-29,25.54,15.15,283.4,341.37,73.5,101,0.09,1.676
2016-06-30,17.05,11.86,235.38,324.33,72.9,101.7,5.23,2.427
2016-07-01,18.53,10.71,299.89,294.96,67.3,102,0.03,1.581
2016-07-02,18.07,11.86,176.96,335.55,70.5,101.8,0.22,1.411
2016-07-03,19.33,12.04,76.52,367.02,91.6,101.4,29.15,1.479
2016-07-04,21.74,14.55,125.17,375.16,90.5,101.2,12.24,2.036
2016-07-05,24.38,16.73,207.43,378.65,84.7,101.3,1.9,1.806
2016-07-06,24.27,16.89,195.38,377.57,82.9,101.3,3.3,2.354
2016-07-07,24.4,15.59,307.98,339.06,78.1,101.4,0.02,0.884
2016-07-08,20.07,12.52,247.99,325.47,76.1,101.4,0.12,2.75
2016-07-09,19.32,12.24,263.33,324.25,65.6,101.1,1.51,3.493
2016-07-10,18.45,11.81,270.37,310.85,70.7,101,2.06,1.944
2016-07-11,17.04,9.89,236.15,298.12,74.4,101.6,0.43,2.171
2016-07-12,18.53,11.37,203.13,334.43,78.2,101.4,1.6,4.774
2016-07-13,18.76,13,233.2,330.23,73.9,101.1,0.69,3.133
2016-07-14,18.22,13.4,167.13,350.09,83.8,100.6,8.74,4.374
2016-07-15,19.25,12.95,221.78,340.02,79.9,100.9,0.04,2.867
2016-07-16,21.68,12.66,244.01,338.27,77.7,100.8,0.76,2.874
2016-07-17,17.34,11.55,187.89,318.44,72.1,100.8,0.09,2.927
2016-07-18,17.84,10.88,202.3,317.49,74.3,100.6,1.24,2.278
2016-07-19,16.36,8.6,205.32,301.41,80.2,100.5,3.38,0.55
2016-07-20,18.25,9.77,261.27,299.29,69,100.7,0.15,1.432
2016-07-21,17.31,9.11,244.21,290.76,69.1,100.8,1.79,2.331
2016-07-22,19.04,10.3,244.59,318.86,71.9,100.7,0.13,4.17
2016-07-23,15.68,11.15,141.54,317.59,78.3,100.4,1.93,2.382
2016-07-24,17.03,10.4,161.76,323.77,79,100.4,0.6,3.586
2016-07-25,19,13.22,225.21,328.25,78.4,100.3,0.62,1.727
2016-07-26,20.57,11.55,196.65,329.07,78.5,100.6,0.67,0.634
2016-07-27,21.55,13.12,240,334.87,77.9,101,0.14,1.498
2016-07-28,17.75,11.42,214.8,314.9,69.2,101.1,0,3.869
2016-07-29,15.29,9.38,216.99,290.25,75.1,100.3,3.07,2.583
2016-07-30,16.86,8.05,218.87,295.37,71.7,100.3,0.64,2.528
2016-07-31,16.97,9.17,219.4,299.48,71.8,100.5,1.49,3.064
2016-08-01,17.09,10.3,219.92,303.82,71.8,100.7,2.34,3.616
2016-08-02,17.73,9.7,237.24,298.6,70.7,100.9,0.13,3.783
2016-08-03,20.31,10.91,212.76,324.63,73.1,100.9,0.23,2.078
2016-08-04,20.22,11.94,205.07,336.71,78.5,100.8,0.7,1.883
2016-08-05,18.86,11.87,209.16,325.78,72.4,101,0.22,2.938
2016-08-06,19.09,11.77,248.55,306.45,73.6,101.2,3.01,2.964
2016-08-07,18.08,11.59,179.03,315.11,69.6,101.4,0.47,2.383
2016-08-08,18.77,12.26,171.8,336.98,74.9,101.3,0.81,2.462
2016-08-09,21.32,11.13,216.81,331.14,78.7,101.3,0.08,0.888
2016-08-10,21.35,13.29,182.91,342.92,80.1,101.4,4.38,0.818
2016-08-11,22.84,11.65,253.39,321.2,74.6,101.8,0.04,1.058
2016-08-12,20.3,11.26,198.7,331.45,82.1,102.1,0.05,2.453
2016-08-13,20.52,14.51,252.84,323.92,75.7,101.9,0.02,3.45
2016-08-14,20.31,12.44,182.54,335.08,79.2,101.7,0.09,1.819
2016-08-15,22.04,12.27,260.13,310.42,75.2,101.3,0,3.615
2016-08-16,19.69,13.03,153.69,347.44,88.1,101.2,5.36,1.391
2016-08-17,16.69,11.24,114.62,333.18,83.7,101,4.74,1.059
2016-08-18,19.12,10.08,219.23,298.61,63.7,101,0.09,1.211
2016-08-19,19.44,11.89,84.5,359.56,86.6,99.9,8.53,1.502
2016-08-20,22.91,14.88,182.17,345.1,82.4,99.4,4.16,1.522
2016-08-21,21.41,12.87,228.18,316.26,79.1,99.8,1.43,2.45
2016-08-22,18.69,12.71,109.24,341.13,88.3,99.6,7.65,0.458
2016-08-23,17.58,12.55,111.98,344.67,85.3,99.4,4.55,2.61
2016-08-24,16.8,13.26,91.54,350.69,89.2,100.5,6.19,0.638
2016-08-25,20.45,12.77,170.26,338.72,80.2,101.6,0.22,0.418
2016-08-26,21.29,13.73,136.01,347,82.9,101.3,2.19,4.085
2016-08-27,22.99,15.7,205.48,351.43,82.8,101,0.21,5.496
2016-08-28,18.77,12.82,204.15,306.41,72.7,101.4,0,3.608
2016-08-29,20.75,12.15,152.5,334.7,80.4,101.5,0,3.647
2016-08-30,21.57,15.96,202.64,329.36,78.7,101.5,0,3.918
2016-08-31,21.01,15.42,182.81,337.32,78.6,101.3,1.14,4.474
2016-09-01,20.45,14.89,163.09,343.64,78.4,101.1,2.27,5.032
2016-09-02,17.96,12.52,194.96,302.6,65.3,100.7,0.69,6.169
2016-09-03,17.69,11.11,163.73,306.19,67.1,101.2,0.22,3.381
2016-09-04,20.06,12.05,80.56,352.22,83.5,100.6,4.61,4.127
2016-09-05,21.33,12.59,179.9,330.85,79,100.5,0.2,5.171
2016-09-06,17.84,13.09,154.47,324.6,69.1,100.7,1.53,4.801
2016-09-07,14.39,10.9,127.41,318.1,82.9,100.1,26.43,1.533
2016-09-08,15.65,9.08,181.64,280.42,69.9,101,0.26,2.937
2016-09-09,16.18,7.91,175.23,294.94,71.8,101.6,1.09,3.105
2016-09-10,20.22,10.8,95.63,357.01,87.5,100.9,9.52,3.894
2016-09-11,18.44,14.88,108.94,348.77,82.2,100.1,4.55,5.887
2016-09-12,18.46,12.37,185.35,315.74,80.2,99.4,3.28,3.159
2016-09-13,14.15,8.87,97.96,309.01,76.9,100.5,1.02,1.249
2016-09-14,16.21,6.18,183.07,283.69,72.9,101.8,0,1.027
2016-09-15,18.59,12.14,85.93,356.6,80.4,102,0.05,0.884
2016-09-16,18.91,9.62,201.33,286.04,73.6,101.6,0,1.918
2016-09-17,19.62,8.52,171.76,309.09,80.1,100.8,0.02,1.53
2016-09-18,19.11,12.66,164.98,319.26,79.2,100.5,0.24,2.073
2016-09-19,19.05,11.09,149.83,315.98,77.9,100.7,0.06,1.545
2016-09-20,19.35,13.11,163.06,322.7,81.6,100.2,3.46,3.24
2016-09-21,19.75,13,145.67,325.65,77.6,100.7,1.38,3.884
2016-09-22,19.2,14.27,127.74,339.6,81.9,100.6,3.77,5.517
2016-09-23,20.13,11.79,117.69,335.06,82.2,101.2,0,1.733
2016-09-24,22.81,12.22,119.63,343.96,80.7,100.3,6.61,1.374
2016-09-25,16.98,10.43,174.02,277.9,73.8,101.4,0,3.37
2016-09-26,17.76,8.78,165.75,293.37,74,101.5,0.15,0.778
2016-09-27,17.87,12.09,99.97,330.21,80.6,100.2,3.06,2.752
2016-09-28,18.44,10.58,68.34,332.88,83.3,99.1,7.5,5.831
2016-09-29,14.77,10.28,125.12,297.55,73.4,100,0.08,5.963
2016-09-30,14.28,9.49,89.3,299.99,76.3,99.4,2.05,2.059
2016-10-01,14.42,8.01,121.64,288.66,78,99.4,0.24,3.714
2016-10-02,14.76,8.56,103.24,302.98,85,100,0.28,1.527
2016-10-03,17.33,11.05,89.31,348.34,89.2,100,0.69,0.97
2016-10-04,17.89,13.24,97.34,342.33,82.4,99.8,0.34,5.739
2016-10-05,16.52,9.7,75.89,317.46,78.4,99.8,2.63,5.078
2016-10-06,12.44,8.84,82.03,297.24,69.4,100.3,0.03,6.024
2016-10-07,13.72,9.64,106.66,296.36,74,100.8,0,5.541
2016-10-08,17.41,11.03,58.96,361.68,91.8,101.6,0.36,1.051
2016-10-09,18.71,13.56,77.9,356.27,91,101.9,0.16,0.933
2016-10-10,15.88,12.84,46.22,353.07,91.3,101.9,0.85,0.268
2016-10-11,17.01,12.94,68.44,343.15,89.3,101.6,0.26,1.525
2016-10-12,15.31,11.22,55.68,333.99,89.8,101,1.98,0.42
2016-10-13,13.39,8.94,73.08,315.67,81.1,100.7,1.67,4.013
2016-10-14,9.66,5.38,73.95,284.75,80.4,99.8,1.69,2.773
2016-10-15,10.9,5.53,74.32,306.48,83.7,99.7,2.69,1.24
2016-10-16,8.16,5.22,78.64,294.99,81.2,99.2,2.3,2.279
2016-10-17,8.93,6.05,58.89,301.45,85.9,99.1,4.27,1.987
2016-10-18,12.39,5.12,111.2,269.89,85.4,100.3,0.07,1.337
2016-10-19,11.39,2.97,67.29,290.15,88,100.4,1.43,1.462
2016-10-20,10.1,7.36,71.62,294.71,86.1,99.5,1.75,4.412
2016-10-21,10.54,5.36,68.06,285.86,78.2,99.9,0.15,4.702
2016-10-22,8.95,5.19,70.79,297.33,73.9,99.8,0.06,1.465
2016-10-23,8.19,3.71,85.54,282.33,72.2,99.4,0.07,0.567
2016-10-24,11.06,3.31,86.46,285.98,78.9,100,1.28,1.48
2016-10-25,13.17,7.59,79.62,299.08,91.1,99.9,4.13,1.723
2016-10-26,11.92,5.36,68.3,310.22,89.2,101.1,0.03,0.593
2016-10-27,15.64,10.43,37.82,340.44,93.6,101.2,2.16,0.853
2016-10-28,12.65,5.55,97.4,266.74,84.3,101.9,0,0.688
2016-10-29,12.08,5.46,44.61,307.65,91,102,1.57,1.59
2016-10-30,12.15,5.29,83.88,283.71,86.9,102.1,0,1.334
2016-10-31,11.76,5.76,74.29,287.64,85.5,102.3,0,0.989
2016-11-01,11.38,6.24,64.7,291.16,84.1,102.5,0.02,1.558
2016-11-02,10.63,5.75,57.17,313.79,88.8,102.6,0.47,0.994
2016-11-03,11.01,8.45,32.19,335.51,93,102.5,1.62,1.541
2016-11-04,11.51,8.24,50.74,321.07,89.9,102,0.42,2.882
2016-11-05,10.79,7.81,49.44,320.7,88.6,101.5,0.58,2.49
2016-11-06,9.42,7,31.88,314.33,93.8,100.2,0.33,0.223
2016-11-07,10.89,6.3,66.13,283.63,72.1,100.1,0.83,5.477
2016-11-08,15.65,8,58.23,321.63,83.4,100.5,0.38,6.431
2016-11-09,15.75,12.31,61.43,324.39,81.3,100.7,0.15,4.642
2016-11-10,13.46,7.13,67.47,295.85,71.7,100.7,1.15,4.292
2016-11-11,12.95,8.22,62.83,290.72,82.1,101,0.45,4.224
2016-11-12,13.89,9.07,59.17,297.61,86.4,101.8,0,3.054
2016-11-13,13.78,10.31,41.09,322.55,83.9,101.8,0,2.042
2016-11-14,14.5,10.55,44.18,341.99,85.1,101.4,0.9,2.32
2016-11-15,12,6.39,10.05,309.04,90.4,101.2,4.44,2.346
2016-11-16,8.57,4.24,53.86,260.55,78,101.2,0.3,3.479
2016-11-17,6.9,2.78,35.44,281.98,84.9,101.2,3.45,2.648
2016-11-18,12.48,4.48,33.64,296.44,80.9,100.8,0.35,3.973
2016-11-19,10.5,6.9,47.56,291.52,76.5,100.8,0.28,4.315
2016-11-20,13.11,5.58,43.1,288.1,81.4,99.5,1.41,6.618
2016-11-21,6.98,3.18,28.17,278.87,79.6,100.1,1.52,4.499
2016-11-22,5.19,0.69,35.04,276.45,71.3,100.8,3.43,2.69
2016-11-23,5.23,-0.78,46.84,266.86,80.8,100.8,4.82,2.421
2016-11-24,5.87,0.56,40.22,271.88,80.1,101.7,0,1.039
2016-11-25,8.93,2.58,22.39,313.55,89.2,101.3,3.34,1.627
2016-11-26,12.36,5.3,40.31,313.42,89.7,100.6,6.8,2.215
2016-11-27,8.93,5,48.47,257.01,71.8,100.9,0,4.883
2016-11-28,12.82,5.59,17.61,314.67,88,101.6,5.11,3.638
2016-11-29,14.65,9.21,29.01,331.5,88.6,101.1,0.62,4.57
2016-11-30,14.17,6.8,24.82,317.51,86,100.9,4.83,3.27
2016-12-01,8.43,5.34,26.78,288.04,80.1,101.1,0.12,3.698
2016-12-02,11.45,6.76,18.95,305.36,80.7,99.5,2.49,5.845
2016-12-03,8.86,5.93,35.9,287.74,67.5,100.4,0.22,5.379
2016-12-04,14.47,6.62,22,328,85.8,99.9,3.91,4.655
2016-12-05,9.94,7.56,40.67,278.51,67,99.8,0,6.608
2016-12-06,8.69,4.37,38.4,253.94,64.6,100.5,0,6.459
2016-12-07,11.94,4.36,3.64,327.18,88.5,99.4,12.45,2.152
2016-12-08,10.22,8.33,6.72,332.44,94.2,97.3,11.65,1.209
2016-12-09,8.56,5.77,14.96,321.81,92.5,98.1,2.82,3.176
2016-12-10,8.19,4.29,27.5,292.77,85.1,97.9,1.84,4.342
2016-12-11,11.13,3.7,19.51,294.35,86,98.5,18.09,1.95
2016-12-12,10.79,3.69,8.59,311.32,80.3,97.3,7.87,7.244
2016-12-13,7.1,3.5,19.87,299.56,73.2,100.1,0.02,2.827
2016-12-14,7.4,3.12,20.38,303.64,84.2,100.6,1.26,2.075
2016-12-15,7.66,5.74,5.69,325.88,92.8,99.6,15.24,2.641
2016-12-16,8.03,4.72,15.72,319.95,96.9,100,0.33,0.086
2016-12-17,6.68,3.45,19.31,302.82,93.9,100.8,0.54,0.685
2016-12-18,6.44,3.15,14.77,314.46,93.8,101.1,6.98,1.766
2016-12-19,3.72,1.42,19.12,297.73,84.4,102.4,0.47,2.522
2016-12-20,2.91,-0.09,22.2,281.15,70.5,102.4,0.14,3.233
2016-12-21,1.34,-3.09,17.8,272.74,83.9,101.5,0.62,1.47
2016-12-22,-0.92,-3.84,32.81,244.7,81.4,101.6,0.05,0.48
2016-12-23,2.61,-2.53,19.47,289.65,91.2,101.8,0.19,0.778
2016-12-24,1.92,-0.73,18.2,296.61,92.9,101.8,0.44,1.172
2016-12-25,4.35,1.5,16.17,307.99,96.7,101.4,0.25,1.031
2016-12-26,10.85,4.39,17.46,320.16,92.6,101.1,0.8,1.492
2016-12-27,12.77,5.69,19.33,325.52,77.7,100.4,5.55,3.557
2016-12-28,5.93,1.01,15.18,291.72,88.8,99.7,9.14,1.114
2016-12-29,5.42,2.54,22.82,269.82,74.2,100.4,0.9,6.888
2016-12-30,8.67,1.3,22.43,293.7,85.8,101.2,3.34,1.349
2016-12-31,10.93,5,18.39,320.14,89.1,100.8,5.86,1.556
2017-01-01,13.19,8.7,14.34,342.39,92.4,100.4,8.39,1.975
2017-01-02,13.44,5.93,13.65,308.58,87.9,100,8.81,4.218
2017-01-03,8.17,5.5,24.57,284,70.1,100.3,0.16,6.526
2017-01-04,7.74,5.06,37.36,275.36,77.5,100.2,1.64,3.573
2017-01-05,10.71,6.99,21.37,317.41,74.1,97.7,4.23,9.779
2017-01-06,7.06,3.3,22.65,304.71,85.3,98.5,2.98,4.184
2017-01-07,4.19,-1.28,42.47,243.01,81,100.2,0.06,1.785
2017-01-08,4.92,-1.96,28.41,266.9,77.6,101.3,0.11,2.416
2017-01-09,11.62,4.92,23.45,319.85,84.9,99.8,1.47,5.07
2017-01-10,6.94,3.42,21.88,278.5,72.6,99.6,3.78,5.202
2017-01-11,5.19,2.11,28.36,264.64,75.8,98.7,0.09,6.157
2017-01-12,5.63,2.82,32.26,276.01,82.4,98.4,0.76,4.839
2017-01-13,8.7,4.2,22.54,311.5,81.5,97.6,5.25,5.986
2017-01-14,6.81,4.02,27.27,290.27,74.3,100,0.83,5.683
2017-01-15,5.83,2.75,21.86,279.73,81.4,100.7,1.01,2.135
2017-01-16,8.87,3.3,15.62,325.66,95.8,100.1,6.55,2.033
2017-01-17,10.54,5.88,28.09,306.78,75.7,99.4,1.93,7.006
2017-01-18,9.36,5.5,14.71,305.43,84.3,99.8,4.71,6
2017-01-19,10.74,5.83,18.95,313.35,88,99.6,1.04,2.149
2017-01-20,11.16,5.61,34.54,289.69,67.2,98.2,1.09,5.039
2017-01-21,6.47,4.01,37.11,291.76,74,98.7,1.87,6.442
2017-01-22,5.36,2.21,37.39,269.05,71.6,100.6,0.23,4.081
2017-01-23,6.78,1.98,40.75,283.19,86.8,101.8,0.84,2.015
2017-01-24,11.74,4.81,35.54,322.08,90.8,101.7,0.73,3.941
2017-01-25,12.18,8.89,37.57,327.97,88.1,102,0.06,3.731
2017-01-26,10.82,6.36,38.54,317.26,86.8,101.8,1.61,0.742
2017-01-27,8.8,6.39,30.33,314.16,90.8,101.9,0.96,2.449
2017-01-28,10.27,5.79,38.59,305.08,91.8,101.9,0.05,0.679
2017-01-29,11.8,4.89,45.13,304.99,90.2,102,0.43,1.02
2017-01-30,9.28,4.55,41.72,308.21,90.2,102.3,0.11,0.817
2017-01-31,11.34,6.38,49.55,305.94,86.8,101.9,0,2.833
2017-02-01,11.23,5.79,32.01,318.08,85.6,101,3.22,2.55
2017-02-02,6.87,3.84,49.42,286.75,79.8,101.6,0.27,3.543
2017-02-03,8.69,3.69,45.81,297.59,84.8,101.8,0.03,4.002
2017-02-04,10.27,6.39,38.49,307,83.4,101.5,0.21,3.763
2017-02-05,6.46,2.26,59.5,268.29,80.2,100.9,2.61,3.393
2017-02-06,7.26,1.12,36.88,285.2,78.8,99.9,1.5,1.452
2017-02-07,7.97,4.4,62.87,297.09,86.5,98.3,8.51,2.242
2017-02-08,10.23,4.72,58.65,301.62,74.8,97.4,5.27,4.892
2017-02-09,5.28,3.21,49.94,282.62,75.1,98.3,2.47,5.759
2017-02-10,12.5,4.17,47.5,294.92,81.5,99.9,2.75,4.528
2017-02-11,14.59,10.13,49.23,332.84,81.6,99.5,2.1,5.909
2017-02-12,10.22,6.47,49.78,291.41,78.2,100,2.83,4.836
2017-02-13,11.2,5.17,31.79,306.14,80.3,100.8,5.53,4.427
2017-02-14,11.27,7.32,70.31,291.59,66.1,99.7,1.91,9.006
2017-02-15,7.84,4.61,61.89,275.44,67.6,99.6,0.17,7.148
2017-02-16,6.67,0.58,54.88,269.07,73.8,99.9,1.5,4.586
2017-02-17,4.29,-2.32,97.25,236.68,73.4,101.4,0,0.294
2017-02-18,9.87,0.98,47.19,303.81,75.5,101.3,0.34,2.943
2017-02-19,10.32,5.48,96.5,278.06,65.9,101,1.22,7.38
2017-02-20,9.65,5.46,78.93,299.49,74.6,102.4,0.15,7.266
2017-02-21,11.86,7.77,85.81,309.59,81.5,102.9,0.07,6.333
2017-02-22,12.14,8.72,88.41,311.09,84,102.9,0,5.151
2017-02-23,11.9,7.45,72.19,312.73,85.9,102.8,0.34,2.881
2017-02-24,10.39,5.1,68.96,303.56,83.2,101.7,2.61,3.001
2017-02-25,7.79,3.07,92.36,263.38,75.1,101.1,0.12,4.608
2017-02-26,9.45,6.46,58.11,311.17,84.1,100.6,2.63,5.567
2017-02-27,10.09,5.82,60.09,305.62,84.4,100.2,3.01,3.242
2017-02-28,11.95,3.4,56.76,307,88.5,100,0.83,1.445
2017-03-01,12.43,8.73,99.81,310.97,74.2,100,3.04,3.583
2017-03-02,10.86,5.87,122.08,264.03,62.4,100.9,0.17,5.666
2017-03-03,11.82,5.09,87.77,295.68,74.7,100.2,7.43,4.673
2017-03-04,10.82,3.92,98.02,285.82,66.7,99.5,9.1,4.993
2017-03-05,11.63,3.29,69.35,307.59,75.7,97.9,9.47,9.035
2017-03-06,9.46,4.6,89.72,301.85,73.7,100.3,3.77,3.95
2017-03-07,9.13,4.12,81.25,290.6,70.8,99.2,4.52,8.542
2017-03-08,9.5,4.74,113.45,273.9,70.4,100.5,0.67,6.17
2017-03-09,10.13,4.4,47.93,305.76,82.6,99.8,2.72,2.512
2017-03-10,7.68,2.87,117.4,270.41,68.9,99.8,2.22,6.709
2017-03-11,8.15,2.67,64.07,301.07,82.5,99.8,4.84,4.644
2017-03-12,9.65,4.26,114.98,301.48,84,99.3,5.52,5.392
2017-03-13,5.77,1.85,58.89,283.05,80.4,99.8,2.68,3.057
2017-03-14,5.38,0.86,131.26,244.85,59.6,101.5,0.04,2.878
2017-03-15,5.53,-1.35,137.38,243.14,60.8,102.4,0,2.024
2017-03-16,5.93,-1.29,127.46,268,71.9,102.4,2.23,0.464
2017-03-17,11.92,2.69,108.13,309.5,86,101.8,1.25,3.726
2017-03-18,13.01,8.6,128.02,308.37,79.6,101.6,0.07,2.76
2017-03-19,15.17,8.25,103.04,322.3,81.4,102,0.07,2.23
2017-03-20,13.24,7.62,144.44,300.29,78.6,102.4,0.07,2.324
2017-03-21,15.94,6.01,191.09,262.99,79.5,102.1,0,1.059
2017-03-22,12.77,4.01,123.53,286.4,75.7,102.1,0.06,2.904
2017-03-23,11.61,2,168.14,258.06,72.4,102.8,0.03,0.466
2017-03-24,16.31,4.45,177.81,284.78,77.7,102.6,0.03,2.619
2017-03-25,14.61,7.02,112.01,311.5,76.2,101.7,0,3.444
2017-03-26,11.41,7.06,156.38,292.2,70,100.4,1.01,3.742
2017-03-27,11.09,6.41,121.98,306.8,75.5,98,6.98,4.836
2017-03-28,7.57,5.65,61.57,314.64,83.6,97.4,8.43,7.684
2017-03-29,10.35,4.4,133.97,288.75,80.3,98.2,0.73,3.353
2017-03-30,6.86,4.43,65.9,309.82,92.6,97.8,5.32,1.108
2017-03-31,9.62,3.65,108.14,298.72,86.5,98.3,1.66,1.171
2017-04-01,11.65,2.38,151.84,279.86,72.9,99.7,0.08,0.095
2017-04-02,10.39,3.79,103.19,310.36,84.7,99.6,16.07,2.966
2017-04-03,6.8,2.65,90.33,305.35,83.2,99.3,3.96,1.698
2017-04-04,6.66,1.58,104.65,285.9,67,100,0.13,2.676
2017-04-05,7.43,-0.54,147.85,255.74,61.7,101.2,0.02,1.123
2017-04-06,6.75,-0.81,108.21,263.8,76.8,101.6,0.61,1.174
2017-04-07,7.8,-1.38,158.16,262.18,71.3,101,0.06,1.678
2017-04-08,8.11,0.76,158.97,267.76,64.7,100.7,0.12,3.097
2017-04-09,5.83,-0.06,115.98,263.92,63.1,101,0,2.021
2017-04-10,5.96,0.1,98.81,291.75,83.3,100.7,2.44,1.096
2017-04-11,8.07,1.27,134.22,282.82,79.3,100.7,0.21,0.693
2017-04-12,10.34,-0.6,176.19,258.44,74.9,101.6,0.07,0.104
2017-04-13,11.36,-0.34,171.57,271.5,73.5,102.1,0.09,0.351
2017-04-14,11.22,4.94,131.85,305.76,67.7,102,0.1,0.506
2017-04-15,11.03,5.76,151.34,301.18,67.4,101.7,0.09,1.652
2017-04-16,11.75,5.62,146.97,309.98,79.6,101.7,0.53,0.748
2017-04-17,13.92,6.89,134.86,315.7,77.9,102,0.07,1.148
2017-04-18,12.64,3.95,146.81,297.56,74.4,102.3,0,1.2
2017-04-19,13.68,4.68,141.86,297.4,76.6,102.3,0,0.482
2017-04-20,13.45,6.33,169.75,302.31,72.4,102.2,0.14,1.381
2017-04-21,11.29,6,131.21,308.69,73.3,102.1,0.08,1.62
2017-04-22,14.6,2.6,276.07,251.21,75.4,101.6,0,0.177
2017-04-23,15.47,8.28,151.8,316.55,79.7,101.3,0.17,2.775
2017-04-24,16.73,8.54,190.95,306.35,77.3,101.1,0.05,4.031
2017-04-25,10.98,5.37,165.57,283.84,55.7,101.3,0.03,5.006
2017-04-26,11.11,3.7,175.69,268.71,61.2,101.5,0.05,3.641
2017-04-27,9.85,4.3,149.26,296.41,77.9,101.3,1.41,0.466
2017-04-28,11.14,4.68,143.13,297.76,69.1,100.9,0.2,1.384
2017-04-29,13.01,2.15,242.59,258.74,65.3,100.4,0,0.887
2017-04-30,14.9,5.96,196.66,297.15,77.9,100.8,0.08,4.392
2017-05-01,15.83,8.37,191.92,306.95,77.8,101.7,0.04,2.99
2017-05-02,17.47,10.12,261.73,301.61,70.6,101.8,0,3.388
2017-05-03,15.65,7.44,155.34,322.67,82.2,100.9,9.18,1.527
2017-05-04,11.73,6.47,163.85,309.56,70.4,100.9,1.56,6.096
2017-05-05,10.61,4.7,144.36,282.47,63.7,100.1,3.04,7.352
2017-05-06,10.6,6.52,136.3,307.87,69.8,101.2,1.5,3.503
2017-05-07,10,3.85,136.61,289.03,73.8,100.7,1.77,0.706
2017-05-08,10.71,3.58,105.19,312.18,79.1,100.6,3.22,1.349
2017-05-09,10.14,4.79,173.82,299.46,76.5,98.6,7.83,4.238
2017-05-10,10.29,4.85,168.39,306.29,80.9,98.4,2.73,3.176
2017-05-11,9.68,5.59,138.75,297.56,67.1,99.3,0.76,4.376
2017-05-12,10.86,4.09,203.9,281.27,69.1,100.4,2.9,3.023
2017-05-13,11.09,2.96,199.35,279.05,62.7,100.6,0.37,1.713
2017-05-14,9.91,5.04,151.36,296.69,62.1,100.5,0.1,3.879
2017-05-15,13.57,3.83,200.28,287.32,71.9,100.9,0.49,2.25
2017-05-16,16.81,6.81,176.46,324.37,76.6,100,3.35,1.694
2017-05-17,12.82,7.46,176.65,309.72,68.7,99.5,4.27,7.935
2017-05-18,10.66,7.1,106.79,319.63,86.4,99.6,5.84,0.31
2017-05-19,13.02,5.64,197.81,293.31,74.4,100.2,1.99,2.322
2017-05-20,13.9,4.41,205.24,282.46,74.3,100.8,0.49,2.322
2017-05-21,13.55,3.27,213.1,286.66,82.1,100.9,4.03,1.025
2017-05-22,15.9,6.06,236.14,296.44,78.4,101.5,3.01,0.136
2017-05-23,17.62,6.66,250.55,295.94,71.7,102,0,3.35
2017-05-24,18.56,8.46,237.06,317.61,72.9,101.3,3.74,5.076
2017-05-25,21.26,9.21,235.54,329.14,80.2,100.7,8.79,0.426
2017-05-26,20.94,9.43,261.21,312.41,72,100.9,0.45,1.126
2017-05-27,18.63,9.59,251.71,310.96,73.9,101.1,0.11,1.534
2017-05-28,18.19,9.16,204,319.29,72.6,100.8,1.54,1.619
2017-05-29,15.4,7.35,239.41,287.56,70,100.7,0.48,3.033
2017-05-30,14.91,6.3,214.62,293.34,74.9,100.6,2.4,1.248
2017-05-31,15.4,6.3,225.49,290.15,75.4,100.6,2.01,1.241
2017-06-01,15.9,6.3,236.42,286.95,75.9,100.6,1.62,1.272
2017-06-02,16.87,6.48,246.43,291.17,74.4,100.6,0.64,2.243
2017-06-03,14.26,6.91,131.42,323.67,85.4,99.8,11.53,2.149
2017-06-04,15.59,10.32,215.23,314.22,84.2,98.9,4.91,1.031
2017-06-05,11.3,7.73,129.95,325.95,88.2,99.7,4.94,3.699
2017-06-06,13.15,5.24,223.11,294.32,68,101,0.6,2.53
2017-06-07,13.89,5.01,172.06,308.1,67.4,100.9,0.62,0.915
2017-06-08,13.15,8.5,172.08,321.2,78.2,100.5,3.2,2.711
2017-06-09,15.19,6.41,244.43,288.9,66.4,101,0.36,3.152
2017-06-10,19.1,6.57,200.87,320.07,75.5,100.8,3.64,2.97
2017-06-11,19.45,10.66,272.32,321.78,79,101.2,0.23,6.452
2017-06-12,16.65,9.65,296.26,291.01,67.2,102.1,0.07,3.621
2017-06-13,16.58,8.87,261.45,301.99,74.1,102.5,0.09,2.307
2017-06-14,18.52,9.95,238.52,331.53,81.4,101.9,0,1.704
2017-06-15,21.18,12.08,226.27,353.88,84.2,101.5,3.37,0.795
2017-06-16,20.26,12.74,266.21,331.92,76.2,101.3,0,1.248
2017-06-17,21.09,13.47,244.18,334.53,73.9,100.9,0.28,1.247
2017-06-18,18.33,12.19,267.46,314.71,74.4,100.9,4.15,3.491
2017-06-19,16.89,11.83,310.71,300.38,67.9,101.3,0.1,4.412
2017-06-20,14.55,9.96,187.73,322.91,66.6,101.5,0.62,2.307
2017-06-21,16.38,8.59,235.28,308.66,69.5,101.7,0,1.495
2017-06-22,20.71,10.77,231.85,334.3,73.5,101.7,0.06,0.994
2017-06-23,21.02,7.9,325.65,293.29,75.5,101.5,0.05,0.753
2017-06-24,21.16,9.03,267.28,314.61,78.2,101,0.28,0.861
2017-06-25,14.25,8.84,123.29,337.04,84.5,100.5,8.87,2.052
2017-06-26,14.47,8.31,147.84,338.99,87.1,100.8,10.69,2.113
2017-06-27,12.83,8.44,125.66,331.13,88.7,101.2,9.6,0.842
2017-06-28,14.7,9.88,131.33,342.08,91.4,101.3,5.07,0.778
2017-06-29,17.45,8.49,309.72,292.76,74.5,101.5,0.43,0.734
2017-06-30,20.01,6.89,239.99,313.47,73.8,101.4,0,1.705
2017-07-01,21.76,12.12,206.47,342.85,77.9,100.9,0.36,1.143
2017-07-02,19.09,11.23,181.59,336.04,77.9,100,1.14,0.445
2017-07-03,17.99,11.35,224.72,314.36,77.2,100.1,5.37,4.141
2017-07-04,17.44,10.26,228.96,304.46,70.4,100.5,0.19,4.072
2017-07-05,17.99,10.53,217.21,315.09,81.5,100.1,5.95,2.523
2017-07-06,17.83,11.29,231.08,311.2,73.9,100.5,0.38,3.503
2017-07-07,15.03,13.52,79.55,351.96,91.1,99.8,30.33,1.075
2017-07-08,16.81,12.14,233.05,323.78,74.1,100.4,2.25,5.634
2017-07-09,15.44,11.77,104.15,325.11,85.7,100.7,4.24,1.564
2017-07-10,18.12,11.05,296.74,297.65,70.5,101.1,0,3.422
2017-07-11,18.03,10.78,183.48,318.25,77.7,100.9,1.37,1.371
2017-07-12,18.81,9.12,224.1,313.52,76.3,100.7,5.74,2.218
2017-07-13,16.03,12,146.41,331.96,85.6,99.9,5.4,0.492
2017-07-14,17.95,11.36,294.95,294.16,72,100.6,0,2.863
2017-07-15,18.28,9.99,188.76,319.53,76.6,100.6,0.43,1.714
2017-07-16,16.72,13.05,93.66,354.01,89.6,99.8,5.19,1.001
2017-07-17,19.43,13.54,184.17,357.64,89.1,100,18.77,2.99
2017-07-18,19.87,14.41,166.74,353.55,86.8,100,9.79,0.892
2017-07-19,16.41,14.06,57.56,369,94.5,99.9,25.97,1.474
2017-07-20,17.68,14.23,111.64,367.86,88.8,100,13,2.092
2017-07-21,21.38,13.36,239.48,340.07,74.1,100.6,0.76,2.115
2017-07-22,21.42,10.47,318,287.58,75.9,101.1,0,0.832
2017-07-23,23,11.29,283,306.58,72.6,101.3,0,0.491
2017-07-24,23.53,11.09,312.05,301.04,73.6,101.4,0,0.58
2017-07-25,24.09,12.48,302.38,313.08,75.3,101.2,0,0.345
2017-07-26,23.55,14.35,276.58,331.22,77.4,100.9,0.36,1.112
2017-07-27,24.03,15.76,263.34,333.53,74.6,100.8,0.35,0.744
2017-07-28,25.39,14.37,265.79,331.19,75.7,101.2,0.31,0.527
2017-07-29,25.17,14.31,275.84,329.86,78.9,101.4,0.63,0.436
2017-07-30,24.46,16.15,252.54,349.06,84.2,101.3,3.94,0.947
2017-07-31,25.5,16.66,263.06,347.46,80.4,101.3,2.08,0.631
2017-08-01,26.55,17.16,273.56,346.04,76.6,101.3,0.22,0.442
2017-08-02,27.68,16.45,242.58,361.39,75.6,101.2,0.69,0.844
2017-08-03,24.89,17.28,130.41,371.8,81.6,100.7,7.39,0.649
2017-08-04,22.5,14.88,267.43,321.19,74.1,100.5,0.92,2.786
2017-08-05,20.7,14.07,164.91,344.49,80.9,100.2,3.02,1.408
2017-08-06,21.37,15.01,221.2,333.94,77.7,100,4.7,1.586
2017-08-07,21.45,14.72,248.79,321.92,72.6,100.4,1.77,3.37
2017-08-08,22.91,14.48,188.25,354.87,80.7,100.8,4.53,2.135
2017-08-09,20.89,15.5,103.63,361.44,88.1,100.6,8.99,2.475
2017-08-10,21.91,14.7,237.36,333.93,75.1,101,0.07,3.574
2017-08-11,19.95,13.76,158.59,333.83,78.1,101.2,0.22,2.681
2017-08-12,18.57,12.16,220.19,324.3,84.5,101.4,10.74,0.915
2017-08-13,17.4,12.69,119.61,345.92,81.3,101.4,7.31,2.137
2017-08-14,17.92,11.49,128.01,323.41,75.9,101.4,0.31,1.156
2017-08-15,18.13,11.85,149.53,320.93,76.9,101.4,0.19,3.002
2017-08-16,19.9,11.71,191.06,324.17,74.6,101.6,0.27,2.752
2017-08-17,20.49,13.55,189.21,335.23,77.9,101.3,0.45,2.887
2017-08-18,20.25,12.73,189.77,325.94,76.7,101.1,0.17,2.061
2017-08-19,19.15,12.72,142.35,341.13,81.9,100.8,0.97,1.272
2017-08-20,21.75,14.81,223.58,334.05,81.9,100.8,2.75,0.758
2017-08-21,22.14,12.66,204.51,327.8,79.8,101.2,0.52,0.4
2017-08-22,19.98,14.11,93.89,355.65,87.7,100.9,14.49,0.715
2017-08-23,20.86,15.21,157.72,361.94,86.1,101,14.06,1.438
2017-08-24,19.56,13.65,173.23,337.43,82.9,101.4,0.87,0.879
2017-08-25,19.63,11.79,208.12,321.36,80.8,101.2,1.75,0.837
2017-08-26,19.93,13,187.72,326.11,73,101.4,0.06,1.636
2017-08-27,20.58,10.44,222.68,302.35,76.1,101.5,0,0.311
2017-08-28,21.1,10.84,227.94,304.69,77.9,101.5,0.23,0.481
2017-08-29,20.85,12.19,192.94,318.17,80.1,100.9,0.98,1.607
2017-08-30,18.87,12.86,152.64,324.13,82.1,100.8,1.84,2.646
2017-08-31,17.72,11.79,192.93,304.16,76.2,101.1,0.94,1.74
2017-09-01,16.56,10.71,233.45,283.93,70.3,101.4,0.03,1.052
2017-09-02,14.84,9.28,156.24,297.36,71.8,101.6,0.08,2.307
2017-09-03,18.78,10.16,176.98,308.53,71.4,101.4,0.03,3.514
2017-09-04,19.11,12.7,169.68,323.55,72.8,100.7,0,2.724
2017-09-05,18.98,13.08,108.74,340.27,81,99.7,2.62,2.685
2017-09-06,17.78,12.5,136.85,327.57,79.4,99.5,5.21,2.403
2017-09-07,18.54,12.52,152.34,326.07,76.4,99.4,3.39,2.937
2017-09-08,16.22,13.07,145.16,316.05,76.5,98.4,2.83,5.951
2017-09-09,17.23,12.85,187.92,308,74.8,99.8,0.82,6.333
2017-09-10,20.73,12.87,146.62,354.96,82.3,100.2,1.04,4.914
2017-09-11,21.63,17.62,162.86,358.08,79,100.6,0,4.719
2017-09-12,21.4,13.41,117.75,349.58,83.9,100.3,3.16,2.252
2017-09-13,16.97,11.91,188.37,298.03,68.3,101.1,0.05,6.003
2017-09-14,18.51,13.09,153.59,331.61,74.8,101.2,0.26,6.718
2017-09-15,19.33,14.37,72.98,356.25,81.1,100.6,2.52,5.624
2017-09-16,17.43,12.31,157.76,317.29,75.6,100.8,0.06,0.828
2017-09-17,17.74,12.48,24.01,355.52,90.1,99.1,37.29,1.333
2017-09-18,15.9,11.63,161.65,302.42,77.3,99,2.1,3.267
2017-09-19,15.78,11.52,124.25,308.2,76.2,100,1.18,3.859
2017-09-20,19.16,11.59,104.27,346.1,81.6,99.5,2.48,2.408
2017-09-21,17.75,10.08,171.63,290.99,69.4,100.2,0,3.778
2017-09-22,15.81,9.67,82.44,322.04,90.6,100.7,0.09,1.062
2017-09-23,16.21,9.13,180.47,279.39,77.4,101,0,1.5
2017-09-24,16.69,8.95,145.63,299.1,77.9,100.9,1.02,0.887
2017-09-25,16.45,8.56,154,294.75,79.3,100.7,0.3,0.89
2017-09-26,15.68,8.99,89.66,330.17,88.9,100.2,3.36,1.961
2017-09-27,16.97,11.86,81.39,338.16,82.2,99.6,7.69,1.805
2017-09-28,15.78,9.96,146.25,289.65,79.1,100.5,0.05,3.472
2017-09-29,16.11,9.41,133.46,298.44,78,101.7,0,2.645
2017-09-30,15.45,10.1,73.91,322.01,84,101.5,0.18,1.125
2017-10-01,14.45,10.35,38.04,334.63,92.2,99.9,3.82,0.791
2017-10-02,12.46,8.07,111.56,298.26,74.7,100,0.05,1.977
2017-10-03,10.37,5.07,130.56,271.09,70,101,0,1.262
2017-10-04,11.89,5.28,96.56,293.49,81.6,101.1,0.05,0.779
2017-10-05,12.51,4.24,100.73,293.94,78.4,101.5,0.05,0.607
2017-10-06,12.14,6.55,86.29,309.79,79.1,101.8,0.04,0.466
2017-10-07,12.17,7.76,86.94,310.23,78.2,101.8,0.53,1.544
2017-10-08,14.05,9.73,87.06,326.34,86.8,101.4,0.51,1.549
2017-10-09,12.5,8.29,70.95,321.29,90.7,101,0.56,0.732
2017-10-10,12.77,8.59,81.69,326.68,88.8,100.7,4.97,2.246
2017-10-11,10.99,7.69,58.92,320.56,93.2,99.9,4.49,0.676
2017-10-12,14.67,7.07,129.17,287.93,81.8,100.5,0.72,1.069
2017-10-13,16.49,11.21,92.25,322.53,87.8,101.1,0.43,1.191
2017-10-14,15.5,8.73,85.33,318.2,86.3,101.8,0.05,0.377
2017-10-15,14.85,11.12,75.83,330.1,85.1,101.7,0.08,2.544
2017-10-16,14.94,10.12,81.3,312.75,80.4,100.9,0,3.985
2017-10-17,12.5,9.59,57.99,334.49,83.4,100.1,0.76,2.662
2017-10-18,11.39,9.23,30.4,338.08,85.3,99.7,9.01,4.264
2017-10-19,12.59,9.46,44.5,340.02,90.1,99.6,2.84,1.944
2017-10-20,14.28,9.65,24.64,348.25,92.4,99.7,7.15,1.761
2017-10-21,15.81,13.32,33.11,345.97,88.7,99.1,3.01,1.83
2017-10-22,18.39,12.67,47.67,352.99,88.2,99.1,6.8,1.626
2017-10-23,13.9,11.08,12.54,339.72,93.9,100.5,11.8,0.653
2017-10-24,13.06,8.44,78.39,302.82,82.7,101.9,0.04,1.069
2017-10-25,11.48,5.4,81.58,287.51,81.1,102.5,0,1.492
2017-10-26,14.88,8.66,74.38,321.14,86.1,101.5,0.38,0.969
2017-10-27,15.01,9.02,74.52,329.22,87.7,101,0.12,1.826
2017-10-28,15.09,11.97,52.78,350.87,90.6,101.2,0.39,1.059
2017-10-29,13.78,9.7,89.29,294.04,81.6,101.2,0,3.819
2017-10-30,12.24,9.61,32.37,333.91,87.5,100.9,5.38,0.572
2017-10-31,11.2,8.85,28.73,332.53,84.5,100.9,4.26,2.082
2017-11-01,10.17,8.08,25.09,332.44,81.5,101,3.14,4.547
2017-11-02,9.15,4.22,68.41,272.24,64.9,100.9,0.04,3.387
2017-11-03,8.8,4.88,20.82,324.3,84.1,100.4,6.83,2.564
2017-11-04,12.09,8.12,51.68,328.26,93.9,100.7,0.33,0.744
2017-11-05,11.33,9.1,31.15,336.78,94.5,100.3,0.65,2.255
2017-11-06,10.3,7.26,67.57,298.26,83.3,99.7,0.3,2.984
2017-11-07,14.43,7.23,13.03,341.71,93.4,98.1,19.4,3.255
2017-11-08,14.14,11.19,59.83,315.53,90.6,97.4,2.29,1.347
2017-11-09,13.43,10.32,30.54,321.08,92,97.9,2.52,1.269
2017-11-10,13.25,8.09,64.21,296.32,87.7,98.3,4.58,0.988
2017-11-11,12.5,9.45,50.46,317.85,91.4,96.9,6.44,2.564
2017-11-12,11.77,8.85,36.07,313.76,91,97.1,1.96,2.283
2017-11-13,12.08,7.83,47.86,306.9,87.4,98,0.99,1.317
2017-11-14,11.31,6.49,43.6,295.48,92.2,98.9,0.3,2.004
2017-11-15,11.89,6.78,47.3,293.51,91.1,100.1,0.17,1.842
2017-11-16,12.98,7.61,40.05,330.09,90.3,99.9,2.54,2.826
2017-11-17,14.35,10.32,37.78,310.3,88.3,99.7,0.1,1.73
2017-11-18,13.48,11.06,34.01,314.89,88.4,99.2,1.28,1.544
2017-11-19,12.82,10.08,34.41,313.46,86.5,98.5,0.77,2.039
2017-11-20,11.71,8.81,44.91,303.7,84.8,97.7,8.51,5.221
2017-11-21,8.81,4.86,38.45,281.71,75.5,99.8,1.23,5.327
2017-11-22,6.4,0.97,50.68,257.38,78,101.2,0.38,1.909
2017-11-23,9.33,0.56,14.18,319.5,94.2,101.1,13.28,0.788
2017-11-24,11.66,7.74,9.86,334.87,96.6,101,8.87,0.988
2017-11-25,10.85,6.56,30.58,315.78,96,101.4,1.84,0.492
2017-11-26,12.6,9.53,11.82,339.43,95.2,100.9,3.58,1.161
2017-11-27,11.3,7.9,40.57,300.25,88.6,100.9,0,3.202
2017-11-28,12.46,6.58,24.12,307.15,91.6,101.3,0.12,2.259
2017-11-29,9.99,4.22,39.8,271.89,90.3,101.8,0.05,2.383
2017-11-30,6.7,0.09,48.71,259.41,93.4,101.7,0.13,0.103
2017-12-01,7.41,2.95,23.37,315.21,94.9,101.1,0.92,1.911
2017-12-02,5.78,2.93,27.14,297.38,86.8,101.9,0.03,1.195
2017-12-03,8.59,1.54,26.47,304.58,85.5,102.6,0,1.085
2017-12-04,11.78,8.47,19.35,330.38,90.1,101.9,0.01,3.93
2017-12-05,12.11,8.33,25.38,323.42,87,100.9,0.64,4.559
2017-12-06,8.33,3.19,22.34,305.37,85.8,100.8,0.14,0.48
2017-12-07,4.5,-0.26,25.68,269.93,86.3,101.3,0,1.475
2017-12-08,4.89,1.97,20.68,296.19,90.5,101.8,0.25,0.731
2017-12-09,5.39,0.91,22.84,287.43,87,101.7,0.12,1.616
2017-12-10,6.53,1.96,19.32,291.75,87.7,101.9,0.05,0.986
2017-12-11,3.91,-0.22,22.02,277.89,91.8,102.6,0.2,0.548
2017-12-12,2.65,-1.72,27.98,264.87,94.1,102.9,0.24,0.501
2017-12-13,2.57,-2.24,21.38,273.63,95.9,102.4,0.88,0.508
2017-12-14,5.53,1.18,22.97,300.75,94.6,101.5,0.06,1.103
2017-12-15,4.92,0.42,17.55,280.79,88.2,101.1,1.93,2.144
2017-12-16,3.74,-1.33,32.13,244.24,73.9,101.5,0,2.684
2017-12-17,9.22,1,26.13,282.94,88.4,101,0,4.659
2017-12-18,10.3,6.44,30.58,311.33,90.4,100.4,1.97,2.973
2017-12-19,12.45,9.95,22.75,327.57,83.5,100.2,0.04,5.487
2017-12-20,12.21,6.9,20.69,311.49,75,99.8,0.19,4.288
2017-12-21,9.91,4.91,19.97,298.18,76,99.1,21.09,3.31
2017-12-22,13.76,3.4,10.45,311.44,86.2,98.6,8.66,3.778
2017-12-23,13.82,8.42,31.88,316.37,70.4,98.4,13.66,9.598
2017-12-24,10.35,8.34,32.13,287.78,66.8,100.9,0.45,5.667
2017-12-25,13.98,5.55,14.17,308.55,77.3,100.3,4.13,5.708
2017-12-26,12.26,4.79,11.28,305.21,79.4,100.6,8.37,2.926
2017-12-27,12.46,7.18,14.7,319.05,73.2,98.6,21.29,7.156
2017-12-28,8.18,6.76,28.33,290.42,62,98.6,0.32,7.962
2017-12-29,7.34,4.9,25.67,284.01,75.3,98.4,6.8,1.757
2017-12-30,6.11,1.91,16.26,285.39,84.3,97.1,5.57,2.812
2017-12-31,6.94,2.91,13.41,300.81,80.1,96.7,8.26,6.607
2018-01-01,7.77,3.92,10.58,315.82,76,96.3,10.96,10.41
2018-01-02,5.64,2.1,29.53,267.82,73.9,98.2,0.83,4.439
2018-01-03,5.28,0.56,37.79,264.99,93.2,98.7,0.62,0.406
2018-01-04,5.4,-1.12,40.78,263.4,91.7,100.3,0.05,1.273
2018-01-05,7.28,2.83,38.12,270.7,79.6,99.8,0.65,4.152
2018-01-06,6.94,2.88,34.31,263.02,64.2,100,0.03,6.94
2018-01-07,7.78,1.47,27.35,282.63,86.2,101.9,1.18,2.778
2018-01-08,10.88,5.71,27.38,314.91,93,102.5,1.41,1.828
2018-01-09,10.38,7.86,25.49,315.98,85.3,102.5,0.03,3.522
2018-01-10,11.44,6.31,27.47,310.91,83.3,102,4.48,4.036
2018-01-11,12.39,5.77,29.84,316.64,91.6,101.9,3.06,2.714
2018-01-12,11.2,8.7,27.73,310.35,80.6,101.2,0.05,4.416
2018-01-13,10.69,4.68,25.17,292.95,73.5,100.2,4.63,6.007
2018-01-14,7.71,4.84,42.7,263.53,65.2,101.3,0,7.048
2018-01-15,9.75,5.47,28.18,304.48,81.2,102,3.73,4.971
2018-01-16,11.47,5.29,18.71,300.33,76.6,101.1,4.21,7.058
2018-01-17,10.41,5.4,23.71,310.11,75.7,101.9,0.22,4.11
2018-01-18,13.05,7.06,33.17,325.18,89,101,2.14,3.76
2018-01-19,10.55,7.45,21.09,322.61,86.9,100.6,0.54,3.187
2018-01-20,10.8,6.81,18.28,310.47,85.4,99.8,2.19,3.978
2018-01-21,10.05,5.16,30.46,290.84,82.8,99.9,0.44,4.446
2018-01-22,9.86,5.17,38.87,294.56,70.4,99,0.44,7.675
2018-01-23,8.76,4.15,23.71,298.66,64.9,99.7,0.08,8.084
2018-01-24,8.01,5.05,28.04,302.16,78.2,101.8,0.72,2.86
2018-01-25,11.06,6.61,37.72,321.36,92.6,102,0.57,1.584
2018-01-26,8.79,5.43,43.32,300.25,89.8,101.8,0.1,1.036
2018-01-27,6.04,3.92,30.08,299.86,85.2,101.5,0.16,0.981
2018-01-28,8.01,3.45,41.02,289.04,91.7,101.7,0.93,0.917
2018-01-29,10.6,3.47,61.1,292.53,87.8,101.9,0.9,3.836
2018-01-30,8.83,6.16,36.91,323.38,91.8,102.8,1.61,0.284
2018-01-31,12.13,6.36,47.05,327.89,89.4,103,0.22,3.537
2018-02-01,10.71,5.31,56.5,305.88,86.9,102.8,0.45,2.38
2018-02-02,7.99,4.41,33.43,307.93,87.6,103.3,0.39,1.067
2018-02-03,4.6,2.73,43.37,297.16,84.7,103.3,0.4,0.695
2018-02-04,8.8,3.39,42.97,295.41,82.9,102.9,0.07,1.947
2018-02-05,7.9,1.09,78.79,247.1,79.3,103.6,0,1.072
2018-02-06,7.89,0.92,47.83,287.2,79.7,103.5,0.17,2.959
2018-02-07,10.18,6.06,51.62,310.26,78.5,102.6,0.19,5.563
2018-02-08,10.87,6.54,53.31,303.57,83.3,101.8,0.69,4.161
2018-02-09,10.06,6.57,53.97,315.46,83.6,100.9,0.78,2.105
2018-02-10,7.51,2.88,37.29,293.24,80.3,99.3,4.37,2.449
2018-02-11,4.64,-1.48,65.59,251.51,78.1,101.6,1.1,1.854
2018-02-12,8.21,-0.98,85.3,272.42,81.5,102.6,0.01,2.272
2018-02-13,9.11,5.24,69.89,291.93,87.4,101.8,0.12,3.056
2018-02-14,8.1,4.45,49.05,300.53,83.2,101.4,0.28,1.854
2018-02-15,7.01,3.72,66.74,283.93,82.8,101.1,1.49,3.256
2018-02-16,7.82,2.42,71.58,277.53,72.7,101.9,0.03,0.848
2018-02-17,9.07,4.28,82.9,276.18,75.3,101.5,0,2.728
2018-02-18,10.75,3.81,49.7,307,85.5,100.3,1.29,3.143
2018-02-19,10.8,5.49,94.45,283.58,78.8,100.6,0.21,1.731
2018-02-20,9.11,4.08,27.08,281.44,86.7,101,2.79,1.93
2018-02-21,8.88,3.98,18.72,304.27,90.1,100.1,7.94,1.013
2018-02-22,8.23,3.32,38.48,297.09,91.7,99.7,2.28,1.89
2018-02-23,8.44,3.36,84.95,272.88,74.2,100.1,0.12,4.501
2018-02-24,8.63,1.02,91.71,285.35,88.3,100.8,2.31,0.865
2018-02-25,12.66,8.3,49.39,339.31,89.3,100.9,2.61,3.517
2018-02-26,12.74,9.41,43.53,335.62,89.6,101.6,1.88,2.076
2018-02-27,13.54,6.28,127.31,269.48,83.3,101.9,0,1.058
2018-02-28,14.76,6.51,113.29,288.93,86.1,101.8,0.04,1.599
2018-03-01,15.16,9.02,94.37,307.06,86.3,101.5,2.98,1.376
2018-03-02,12.96,5.6,128.55,281.85,86.3,102.2,0.09,0.618
2018-03-03,10.84,6.51,84.97,317.5,84.2,102.2,0.44,1.711
2018-03-04,8.51,4.92,94.14,295.38,81,101.9,0.08,1.397
2018-03-05,10.69,5.67,17.02,318.97,86.7,100.6,11.03,1.28
2018-03-06,10.58,5.79,92.91,297.14,78.3,100.2,4.12,3.362
2018-03-07,11.95,5.97,76.46,315.44,75.7,98.5,13.38,7.464
2018-03-08,7.73,4.23,82.75,287.42,66.2,100.2,0.88,5.77
2018-03-09,11.64,4.22,89.82,299.75,83.1,100.1,0.63,3.2
2018-03-10,10.27,4.75,80.07,292.18,75.1,99.8,2.36,6.063
2018-03-11,7.31,4.16,119.19,258.78,58,100.4,0.92,8.492
2018-03-12,11.43,4.24,70.71,308.73,74.2,101.2,0.24,7.864
2018-03-13,13.54,7.09,103.1,311.62,81.9,101.8,0.14,5.119
2018-03-14,13.05,8.05,91.35,321.46,86.9,102.4,0.27,0.149
2018-03-15,14.05,7.78,153.46,294.94,76.5,102.3,0.1,2.166
2018-03-16,12.5,6.28,89.8,304.17,80.6,101.9,0.03,0.84
2018-03-17,13.6,7.33,118.96,300.79,83.4,101.7,0.03,2.963
2018-03-18,13.1,3.91,115.64,285.02,77.2,102,0.33,3.169
2018-03-19,10.93,1.4,127.31,279.54,74.5,102.7,0,0.247
2018-03-20,11.34,4.01,116.76,289.2,71.1,103,0.15,1.165
2018-03-21,9.68,3.54,138.98,280.36,68,103.8,0.12,1.925
2018-03-22,9.38,2.25,189.09,244.79,73.8,103.9,0,0.459
2018-03-23,13.25,0.47,197.53,246.06,80.7,103.3,0,0.929
2018-03-24,10.2,4.09,121.04,295.55,78.3,102.4,0.12,2.662
2018-03-25,6.69,2.65,110.33,283.46,62.1,100.7,1.18,4.899
2018-03-26,6.85,2.96,87.46,293,69,99.9,1.92,3.446
2018-03-27,7.54,0.82,111.25,267.39,74.3,100.8,0.1,1.701
2018-03-28,9.3,2.75,107.74,293.12,79.1,100.1,0.64,5.713
2018-03-29,7.64,2.06,142.83,276.62,70.8,100.2,2.12,0.634
2018-03-30,9.1,1.68,90.27,306.24,86.9,99.4,6.82,1.607
2018-03-31,10.86,6.47,147.18,302.23,74.5,97.6,5.59,5.133
2018-04-01,10.97,6.89,156.81,296.31,73.5,97.7,3.58,7.232
2018-04-02,9.07,6.46,87.61,305.27,80.8,99.3,5.74,7.112
2018-04-03,10.23,5.73,135.67,297.69,66.3,101.8,0.22,4.452
2018-04-04,11,4.63,76.46,318.67,84.1,102.1,3.21,1.769
2018-04-05,16.15,8.65,142.44,321.43,86,101.9,0.17,2.76
2018-04-06,15.71,7.73,114.9,318.67,81.7,101,0.08,2.021
2018-04-07,12.08,7.06,91.93,323.56,84.1,99.1,7.6,1.116
2018-04-08,12.19,5.94,154.35,289.05,76.4,99.8,1.75,3.573
2018-04-09,10.67,3.51,151.76,275.04,73.6,100.1,0.47,2.558
2018-04-10,8.69,3.39,79.89,304.83,85.6,98.6,5.44,2.379
2018-04-11,10.45,5.35,114.71,313.56,90.4,98,2.87,0.891
2018-04-12,11.38,6.1,124.66,308.54,81.8,99.4,0.97,1.516
2018-04-13,10.62,5.51,123.07,306.48,74.9,99.7,0.12,0.381
2018-04-14,12.03,6.12,103.19,317.59,77.4,100,0.87,1.712
2018-04-15,9.95,5.95,113.45,309.8,72.9,101.6,0.67,1.872
2018-04-16,12.13,5.29,168.54,296.31,64.6,102.1,0.09,1.7
2018-04-17,12.9,5.17,127.02,321.91,87.2,101,4.76,1.791
2018-04-18,13.98,8,148.4,322.83,78.8,100.3,0.2,2.103
2018-04-19,13.72,7.37,151.92,312.66,80.7,100.5,0.18,1.52
2018-04-20,16.02,7.69,194.93,313.05,75.4,100.5,0.18,0.527
2018-04-21,14.87,10.36,83.82,345.4,91.5,100.3,9.29,2.476
2018-04-22,16.93,10.3,164.95,327.82,81.7,100.3,5.02,2.69
2018-04-23,19.57,8.36,238.29,299.3,77,101.3,0.35,1.306
2018-04-24,19.47,7.92,261.66,292.86,78.1,101.4,0,1.179
2018-04-25,13.93,7.46,140.85,303.43,80,101.2,0.11,2.606
2018-04-26,10.76,6.65,131.06,305.42,67.1,101.3,0.15,3.066
2018-04-27,10.08,4.3,145.39,291.26,66.6,101.6,0.42,2.574
2018-04-28,12.39,4.14,201.26,296.36,68.2,101.4,1.06,0.197
2018-04-29,15.04,9.37,116.22,336.3,82,100.1,1.97,2.786
2018-04-30,15.28,8.8,131.36,322.33,85.4,99,12.1,2.236
2018-05-01,13.85,7.83,132.42,321.92,79.2,97.8,7.33,0.289
2018-05-02,10.85,7.79,133.14,313.85,85.8,96.8,8.69,3.808
2018-05-03,13.44,7.87,166.72,309.23,81.4,97.3,3.23,2.229
2018-05-04,12.89,7.87,145.8,308.88,78.4,98.8,3.68,2.169
2018-05-05,12.38,7.73,122.39,312.06,81.8,99.7,4.63,2.492
2018-05-06,13.68,7.51,182.35,303.99,79.5,100.4,2.66,3.632
2018-05-07,15.69,6.5,219.21,288.12,75.1,101.1,0.09,3.412
2018-05-08,16.9,5.79,236.97,292.38,75,101.6,0.03,0.746
2018-05-09,17.91,10.38,185.53,332.76,75.8,101.7,2.89,2.494
2018-05-10,17,9.17,221.91,320.74,71.8,101.5,1.11,3.738
2018-05-11,13.2,9.31,56.86,338.71,83.7,100.8,8.3,3.536
2018-05-12,17.77,8.69,259.24,291.51,79.2,100.8,1.27,1.439
2018-05-13,16.87,8.22,180.65,315.63,81.2,100.4,3.2,2.671
2018-05-14,15.88,8.17,228.17,307.35,66.7,101,0.05,4.774
2018-05-15,15.86,9.14,171.02,320.33,79.5,100.1,11.04,4.071
2018-05-16,13.33,6.87,234.45,277.16,62.7,100.5,0.07,4.179
2018-05-17,12.65,7.06,172.03,298.67,75.4,100.7,2.31,3.494
2018-05-18,12.99,4.89,177.25,302.48,74.4,101.3,1.44,1.429
2018-05-19,15.85,3.9,198.86,296.31,76.5,102.1,0.07,0.652
2018-05-20,18.52,6.95,252.04,299.76,74.5,102.5,0,0.337
2018-05-21,20.55,7.35,276.05,300.26,73.6,102.3,0,0.679
2018-05-22,19.96,8.19,234.68,308.7,74.1,101.7,0.07,1.108
2018-05-23,16.07,8.02,162.63,309.28,79.3,101.2,0.49,0.854
2018-05-24,14.2,9.01,172.44,315.79,74,100.9,0.04,2.263
2018-05-25,15.11,9.83,185.41,324.59,76.5,101.1,1.18,0.929
2018-05-26,15,8,208.51,304.2,68.1,101.1,0.17,0.038
2018-05-27,17.57,9.72,177.87,328.05,68.9,100.8,0.1,0.349
2018-05-28,19.35,8.72,249.95,317.22,67.7,100.8,0.21,0.804
2018-05-29,19.49,12.4,197.55,336.58,74.3,100.3,1.1,0.563
2018-05-30,16.45,7.51,223.21,303.76,70.8,100.1,0.17,2.462
2018-05-31,16.68,7.62,216.42,307.51,73.3,100.4,1.29,0.576
2018-06-01,16.91,7.72,209.67,311.08,75.8,100.7,2.42,1.213
2018-06-02,19.05,11.17,189.22,335.5,83.2,100,18.49,1.872
2018-06-03,17.89,10.03,236.55,311.52,78.4,100.9,0.85,1.321
2018-06-04,17.94,10.08,261.56,299.97,76.6,101.7,0.99,0.787
2018-06-05,20.99,7.95,322.6,289.01,70.5,102.2,0,0.515
2018-06-06,21.78,9.44,320.4,298.28,70.8,102.1,0.03,0.986
2018-06-07,20.54,10.46,295.84,305.83,70.7,101.2,0,2.446
2018-06-08,22.17,11.86,296.64,323.3,68.3,100.8,0.03,4.092
2018-06-09,22.55,11.9,302.18,326.82,69.9,100.6,0,3.357
2018-06-10,21.88,13.19,276.39,331.92,69.6,100.4,0.16,2.718
2018-06-11,23.23,13.1,203.2,363.56,86.8,99.8,34.11,0.447
2018-06-12,15.25,8.83,130.94,325.95,75.1,99.8,5.99,4.222
2018-06-13,12.72,8.34,184.61,307.63,72.6,99.7,4.33,3.992
2018-06-14,15.27,7.05,224.19,309.5,70.7,100,3.97,4.048
2018-06-15,16.88,10.93,240.81,312.38,67,99.6,0.15,4.816
2018-06-16,16.5,10.35,264.78,302.91,72.6,99.1,2.6,5.82
2018-06-17,15.46,9.84,198.39,302.04,75.4,100.2,0.74,4.436
2018-06-18,16.13,8.75,199.22,299.1,72.2,100.8,1,3.333
2018-06-19,17.58,8.43,260.96,291.8,69.8,101.5,0.2,2.569
2018-06-20,19.77,7.18,284.62,294.83,69.4,102.1,0,0.945
2018-06-21,21.96,9.47,297.94,311.59,73.8,102.1,0,2.289
2018-06-22,24.18,11.25,326.75,319.39,71.5,101.8,0,0.92
2018-06-23,26.39,12.29,319.13,326.86,69.9,101.7,0.32,1.165
2018-06-24,27.76,16.24,280.88,356.18,67.6,101.1,1.09,1.984
2018-06-25,25.91,17.77,241.68,371.1,82,101,9.61,0.592
2018-06-26,23.3,15.24,290.38,341.38,73.9,101.3,0.26,1.954
2018-06-27,21.61,14.63,304.79,327.58,75.3,101.7,0.22,1.971
2018-06-28,20.97,13.84,268.55,328.67,69.4,102.3,0.07,2.303
2018-06-29,23.34,10.69,342.46,298.9,60.9,102.3,0,2.05
2018-06-30,23.34,12.56,279.39,326.96,69.7,101.9,0.02,2.173
2018-07-01,24.74,12.12,303.7,317.87,73.7,101.3,0.03,0.38
2018-07-02,25.93,14.43,315.35,329.21,69.3,101.1,0,1.063
2018-07-03,24.95,14.37,328.42,317.94,67,101.3,0,2.632
2018-07-04,23.41,15.77,291.27,334.35,74.3,101.4,0,3.86
2018-07-05,24.06,14.43,266.69,335.48,72.2,101.6,0,2.419
2018-07-06,22.3,13.53,255.98,333.79,79.7,101.3,6.31,2.109
2018-07-07,20.82,12.61,265.17,314.04,66,101.8,0.09,1.018
2018-07-08,20.38,10.42,239.12,314.85,70.4,102.3,0.03,0.965
2018-07-09,25.06,11.7,290.01,330.3,72.2,102.3,0.04,0.578
2018-07-10,26.28,14.67,309.53,335.48,65.6,102,0.06,2.544
2018-07-11,25.73,15.05,281.4,338.87,68.1,101.3,0.12,1.19
2018-07-12,23.47,15.43,250.35,342.67,71.1,100.8,0.39,0.728
2018-07-13,24.68,15.59,290.82,331.23,69.3,101,0.1,0.89
2018-07-14,24.08,13.62,262.08,327.45,70.6,101.2,0.6,0.453
2018-07-15,22.59,14.95,233.07,337.18,70,101.1,0.63,1.091
2018-07-16,21.74,13.32,222.96,324.96,66.4,100.7,0.23,1.257
2018-07-17,23.17,10.63,215.88,322.69,70.2,100.1,0.19,0.528
2018-07-18,18.14,15.34,87.94,356.96,89,99.2,11.04,2.768
2018-07-19,19.64,14.52,159.21,342.54,84.7,99,5.83,2.285
2018-07-20,22.38,15.03,185.08,352.12,79.8,99.7,5.92,3.027
2018-07-21,20.71,15.41,226.46,337.43,73.2,100,1.84,4.896
2018-07-22,22.48,14.22,289.87,316.84,68.1,100.4,0.06,4.555
2018-07-23,17.66,12.89,145.7,329.85,85.4,100.3,7.92,1.944
2018-07-24,20.89,12.02,275.39,301.19,68,101.3,0.04,2.015
2018-07-25,22.67,10.67,201.36,333.97,74.3,101.6,0.8,1.368
2018-07-26,26.04,15.01,283.08,342.64,70.9,101.2,0.04,0.975
2018-07-27,26.5,15.6,227.84,348.84,74.9,100.9,0.11,0.475
2018-07-28,27.75,15.21,287.38,340.9,75.4,100.7,1.92,1.407
2018-07-29,23.46,15.12,200.04,349.02,78.1,100.9,0.2,2.21
2018-07-30,23.17,13.77,196.55,343.9,80.2,100.8,4.99,2.508
2018-07-31,22.08,12.83,227.69,325.25,79,100.8,3.8,1.665
2018-08-01,21,11.89,259.24,306.54,77.7,100.8,2.61,0.881
2018-08-02,18.51,12.34,228.02,304.2,74.6,100.5,2.29,4.003
2018-08-03,18.7,11.74,160.7,335.2,80.9,100.2,2.01,2.272
2018-08-04,21.54,14.81,241.3,325.87,74.2,100.2,0.17,3.906
2018-08-05,20.69,13.41,214.33,326.43,76.6,100.6,0.15,3.263
2018-08-06,21.11,15.05,250.67,320.65,71,100.5,0,4.405
2018-08-07,21.57,13.45,250.12,317.85,71.2,100.3,1.38,2.688
2018-08-08,18.82,12.71,248.73,301.18,69,100.3,0.88,4.569
2018-08-09,19.93,12.17,188.4,326.31,73.5,101.2,0,4.019
2018-08-10,23.5,14.61,270.22,319.35,73.8,101.2,0,3.379
2018-08-11,23,15.31,246.59,343.83,76.7,100.8,0.1,5.045
2018-08-12,19.66,13.33,226.61,320.86,69.2,101.1,4.15,2.837
2018-08-13,18.64,12.01,171.39,315.73,67.9,101.7,0.11,3.323
2018-08-14,18.63,13.02,170.4,336.5,70.9,101.8,0.12,3.157
2018-08-15,21.56,14.04,174.89,355.02,76.3,101.4,0.8,3.654
2018-08-16,21.14,15.58,151.06,347.6,81,101,0.28,3.758
2018-08-17,17.93,12.33,200.59,305.71,69.4,100.7,0.11,3.696
2018-08-18,18.25,10.81,227.12,300.88,66.9,101.2,0.13,1.739
2018-08-19,18.52,9.89,186.17,308.17,68.4,102,0,1.341
2018-08-20,20.53,8.78,234.6,294.35,70.5,102.2,0,1.645
2018-08-21,21.45,11.93,206.56,318.8,70.8,101.9,0,2.275
2018-08-22,22.47,13,175.59,337.12,78.7,101.3,0.04,3.551
2018-08-23,23.68,14.87,188.11,349.1,77.6,100.8,0.41,2.824
2018-08-24,19.26,12.7,163.17,333.33,80,100.3,3.33,1.318
2018-08-25,16.01,11.4,135.92,326.56,62.5,101.3,0.04,1.687
2018-08-26,17.01,9.68,218.89,289.14,64.4,102,0.04,1.813
2018-08-27,20.1,12.18,184.38,326.15,77.5,101.9,0.08,3.958
2018-08-28,18.23,11.88,199.84,312.21,70,101.4,0,3.613
2018-08-29,14.52,10.65,146.95,313.81,66,101.4,0.25,2.585
2018-08-30,17.56,9.51,172.56,312.88,67.4,101.9,0.14,2.869
2018-08-31,19.42,11.01,183.25,322.71,73.3,101.7,0.1,3.795
2018-09-01,21.29,12.52,193.92,331.77,79.2,101.5,0.05,4.727
2018-09-02,17.03,11.84,63.4,354.35,91.9,101.1,6.97,0.344
2018-09-03,21.69,12.76,164.93,350.14,81.2,100.7,0.88,3.429
2018-09-04,20.32,13.73,144.02,344.12,80,100.9,2.55,3.925
2018-09-05,18.18,11.93,153.38,320.38,72.4,101.8,0.05,1.777
2018-09-06,21.72,10.04,212.42,310.53,75.1,102.1,0,1.909
2018-09-07,24.02,11.6,212.87,319.68,77.8,102.1,0,0.497
2018-09-08,25.36,14.17,211.51,321.91,69.8,102,0,1.178
2018-09-09,25.08,13.08,175.73,328.61,74.3,101.9,0,1.092
2018-09-10,26.86,13.56,218.29,322.07,75,101.4,0,0.729
2018-09-11,22.35,14.49,134.3,345.58,82,101.1,0.02,2.569
2018-09-12,22.76,15.59,147,348,77.4,101.1,0,1.284
2018-09-13,22.36,15.24,119.78,348.24,80,100.8,0.06,0.979
2018-09-14,18.05,12.86,127.94,332.88,78.7,100.6,15.6,1.3
2018-09-15,16.21,11.3,51.49,325.61,78.7,99.1,7.78,1.806
2018-09-16,18.14,11.7,82.61,338.61,75.4,98.4,8.26,1.668
2018-09-17,17.99,12.12,132.97,320.31,70.2,99.2,0.04,2.52
2018-09-18,19.28,10.84,171.34,307.58,78.9,100.8,0,0.57
2018-09-19,24.49,11.11,143.19,349,82.2,101.1,0.21,1.821
2018-09-20,25.59,15.05,189.54,320.5,69.3,100.7,0,2.689
2018-09-21,22.57,12.92,152.11,332.88,82.8,100.5,0.12,1.214
2018-09-22,19.65,14.37,98.88,355.56,85.7,100.6,0.1,0.609
2018-09-23,19.14,12.99,99.86,338.6,87.6,101.1,0.11,1.003
2018-09-24,21.03,10.99,160.77,320.12,81.2,101.4,0.03,0.82
2018-09-25,20.43,14.27,122.06,336.68,85.4,101,0.37,1.328
2018-09-26,19.23,12.09,69.44,347.99,88,99.9,5.18,1.309
2018-09-27,17.53,11.44,111.23,309.53,80.2,99.7,0.47,2.889
2018-09-28,15.05,11.57,95.54,308.71,81.9,99.5,1.62,4.322
2018-09-29,16.26,11.62,117.34,306.4,80.2,100.1,0.8,4.358
2018-09-30,17.86,10.13,124.49,312.53,78.2,101,0,2.041
2018-10-01,19.76,12.62,54.59,350.95,86.6,100,5.01,2.634
2018-10-02,16.12,13.54,46.74,333.74,88,99.8,1,1.419
2018-10-03,17.27,12.04,127.21,314.62,82.6,100.6,0.27,3.334
2018-10-04,15.38,9.14,98.27,305.16,76.3,101.4,0.05,1.438
2018-10-05,17.03,9.56,84.31,329.87,81,100.9,0.32,1.402
2018-10-06,16.31,12.53,53.07,343.31,86.5,100.1,0.84,1.391
2018-10-07,16.95,8.94,131.22,282.53,81.6,100.4,0.04,2.983
2018-10-08,15.16,5.8,87.47,308.7,84.2,101.1,5.48,1.545
2018-10-09,16.51,11.45,31.14,349.27,94.1,100.6,21.45,2.147
2018-10-10,17.46,10.4,84.52,344.21,93.9,101.1,0.29,1.112
2018-10-11,17.45,15.52,25.51,377.03,94,101.2,8.75,3.508
2018-10-12,18.74,14.71,62.89,359.74,91.1,100.6,14.02,2.585
2018-10-13,17.86,10.99,110.11,317.54,87.6,100.5,2.24,0.478
2018-10-14,15.87,10.44,74.98,332.31,90.5,100,0.17,0.951
2018-10-15,14.45,11.35,56.2,339.39,82.7,100,0.4,1.605
2018-10-16,14.7,11.23,57.54,349.58,88.7,99.8,3.12,2.38
2018-10-17,15.1,12.92,36.86,360.77,95,99.9,10.86,2.178
2018-10-18,14.76,12.86,46.79,356.99,93.2,100.5,5.84,1.229
2018-10-19,15.23,10.69,59.23,338.71,84.7,101.3,0.75,1.702
2018-10-20,13.69,8.93,87.33,302.22,82.8,101.6,0,1.054
2018-10-21,14.6,9.26,53.58,339.56,89.1,101.4,0.25,0.924
2018-10-22,12.24,9.78,77.35,321.9,79.6,101.2,0.23,1.079
2018-10-23,11.8,7,54.54,305.9,87.9,101.5,0.22,0.825
2018-10-24,13.36,7.55,65.23,310.75,83.1,101.7,0.26,1.887
2018-10-25,14.56,8.17,86.7,310.86,82.5,101.5,0.04,1.704
2018-10-26,13.35,7.8,64.55,311.71,81.3,101.2,0.04,0.696
2018-10-27,12.27,8.12,57.46,315.59,83.9,100.6,0.03,1.075
2018-10-28,13.05,8.73,48.63,332.18,91.1,100.4,3.21,1.31
2018-10-29,9.94,5.22,19.2,319.11,91,101,14.08,1.606
2018-10-30,13.07,4.87,45.34,324.89,93.4,100.7,0.4,1.454
2018-10-31,13.64,7.81,47.14,332.58,90.5,100.8,0.37,2.36
2018-11-01,14.21,10.75,48.94,338.62,87.6,100.9,0.33,3.277
2018-11-02,12.52,10.04,30.22,335.97,92.4,101.4,2.01,2.226
2018-11-03,15.42,10.19,56.97,316.54,92.4,102,0,1.587
2018-11-04,12.05,9.44,40.34,329.41,90.9,102.1,0.6,1.957
2018-11-05,10.88,8.78,40.95,329.23,91.5,101.9,1.82,2
2018-11-06,10.39,8.3,41.16,325.69,89.7,101.7,0.71,1.662
2018-11-07,10.82,7.03,57.2,302.82,82.4,101.6,0.03,2.255
2018-11-08,10.57,7.91,38.15,322.08,87.2,101.8,0.47,1.649
2018-11-09,9.93,7.67,38.39,321.28,86.6,102.4,0.32,1.589
2018-11-10,10.05,7.24,42.06,313.54,86.9,102.5,0.12,1.525
2018-11-11,9.39,6.36,36.8,315.27,87.8,102.3,0.41,0.973
2018-11-12,10.09,5.8,39.78,307.91,89.1,102.3,0.27,0.886
2018-11-13,9.26,5.96,31.86,316.51,91,102,0.59,0.702
2018-11-14,8.85,4.43,32.81,302.31,90.3,101.7,0.23,0.565
2018-11-15,10.5,3.43,57.22,269.28,87.5,101.3,0.02,1.939
2018-11-16,7.42,3.08,43.99,278.22,89.5,100.9,0.04,0.881
2018-11-17,8,2.43,38.66,292.09,86.9,100.6,0,1.25
2018-11-18,9.4,3.98,53.28,280.64,83.3,100.4,0,2.13
2018-11-19,9.47,4.53,52.12,290.52,90,100.6,0.02,0.731
2018-11-20,8.36,0.91,57.63,262.81,89.4,101.2,0.09,0.326
2018-11-21,10.4,4.98,10.54,323.42,90.5,100.4,5.81,1.723
2018-11-22,7.77,2.36,49.86,264.03,88,101,0.3,0.644
2018-11-23,9.01,4.35,45.79,281.47,87.8,101.3,0,1.11
2018-11-24,10.25,6.46,25.44,321.28,93.8,101.3,0.85,1.277
2018-11-25,10.38,8.39,21.9,337.78,96.4,101.3,0.41,0.968
2018-11-26,10.83,6.85,43.33,302.92,93.1,101.4,0.04,0.794
2018-11-27,10.14,7.85,28.04,322.96,93.3,101.1,0.07,0.811
2018-11-28,13.46,8.61,26.14,315.5,90.6,100,1.04,1.893
2018-11-29,10.29,6.57,39.62,283.12,89.1,100,0,1.865
2018-11-30,9.65,6.34,19.82,312.44,94.3,99.4,1.57,0.906
2018-12-01,8.51,3.59,42.54,284.88,87.4,98.5,2.75,1.754
2018-12-02,9.55,7.9,7.12,330.14,93.8,97.1,17.96,0.546
2018-12-03,9.21,7.01,30.12,316.46,91.3,98.9,10.39,0.319
2018-12-04,10.64,7.35,22.71,329.68,95.4,97.6,11.31,1.859
2018-12-05,9.48,6.13,13.4,331.72,90.3,99,7.4,1.163
2018-12-06,6.11,1.84,38.4,274.26,77.7,101.7,0,1.07
2018-12-07,3.6,-2.6,44.26,221.75,87.4,102.6,0,1.11
2018-12-08,4.3,-2.18,24.29,277.01,75,102.4,0,0.832
2018-12-09,7.26,2.83,27.26,287.69,83.2,102.3,0.03,1.028
2018-12-10,5.68,0.53,19.15,298.77,95.1,101.9,1.39,0.306
2018-12-11,6.62,4.21,23.45,299.38,81.5,101.1,0.18,1.917
2018-12-12,5.78,3.74,13.26,316.64,92.6,100.5,4.91,1.374
2018-12-13,5.92,1.86,19.71,301.42,96.1,100.6,0.72,0.778
2018-12-14,7.4,0.84,11.53,307.33,95.8,100.5,5.73,1.463
2018-12-15,10.3,6.18,37.07,300.75,95.5,100.3,0.18,0.657
2018-12-16,10.03,6.57,27.83,297.03,92.4,100.2,6.37,1.589
2018-12-17,12.14,6.42,12.38,322.49,91.9,100.4,1.94,1.575
2018-12-18,12.57,10.05,20.57,336.43,89.1,100,2.95,1.75
2018-12-19,11.63,6.21,20.15,303.26,89.1,99.5,6.61,2.016
2018-12-20,13.3,9.32,12.18,339.94,90.7,98.8,11.27,1.8
2018-12-21,11.83,8.76,27.46,306.44,82.6,99,1.01,2.905
2018-12-22,14.98,11.34,15.35,331.91,81,98.8,6.44,3.583
2018-12-23,13.68,10.59,10.94,324.07,81.1,99.2,3.48,2.774
2018-12-24,11.95,8.07,29.06,304.24,87.1,99.7,1.11,1.967
2018-12-25,9.13,5.14,34.26,272.36,81.5,100.9,0,1.452
2018-12-26,12.05,8.82,18.46,327.67,85.7,100,0.75,2.38
2018-12-27,11.88,6.82,28.6,303.94,83,99.9,0.31,2.474
2018-12-28,7.48,4.86,36.22,277.22,74.1,101.4,0.3,2.916
2018-12-29,11.85,6.72,11.93,332.5,89.9,100.8,4.93,1.839
2018-12-30,11.73,8.75,12.84,333.83,88.9,100.2,1.33,1.679
2018-12-31,11.08,8.52,18.02,325.31,88.3,100,0.75,1.552
2019-01-01,10.42,8.28,23.2,316.02,87.6,99.8,0.17,2.236
2019-01-02,10.12,7.49,36.36,305.99,91.4,99.6,3.9,0.965
2019-01-03,8.57,5.08,11.3,316.26,96,99.3,8.51,0.16
2019-01-04,9.78,4.69,17.59,311.35,93.4,99,1.34,0.648
2019-01-05,7.12,1.54,33.74,260.62,90.6,99.1,0,0.788
2019-01-06,6.67,4.54,19.03,301.5,86.8,97.8,2.82,4.533
2019-01-07,8.34,6.26,22.81,324.72,90.8,97.9,3.72,4.824
2019-01-08,7.75,4.78,29.42,305.18,90.7,99.3,0.75,2.916
2019-01-09,5.27,3.02,24.15,298.55,87.1,100,0.58,2.589
2019-01-10,3.31,1.44,23.62,292.8,76.3,99.7,0.28,3.866
2019-01-11,4.16,1.04,20.83,289.99,86.4,100.4,0.06,1.046
2019-01-12,5.14,0.94,28.43,283.65,86,100.5,0.28,1.086
2019-01-13,8.19,3.2,18.66,312.46,91.3,99.4,1.96,1.799
2019-01-14,7.83,4.81,20.69,311.92,93,99.3,2.3,1.797
2019-01-15,6.1,1.25,21.38,293.7,90.8,101.1,0.64,1.709
2019-01-16,5.19,0.15,32.83,281.26,86.9,101.6,0.02,0.413
2019-01-17,7.18,3.76,34.37,297.67,83.4,100.5,2.39,3.306
2019-01-18,7.89,4.77,18.33,304.79,77.5,101.5,0.54,4.477
2019-01-19,10.56,4.7,32.7,323.39,91.7,101.6,0.79,1.502
2019-01-20,12.15,9.3,35,322.78,90.9,101.5,0.04,3.038
2019-01-21,12.15,7.63,22.4,309.18,74,100.5,1.25,6.962
2019-01-22,7.66,3.84,31.33,270.52,66,99.7,0.18,7.075
2019-01-23,7.75,4.45,33.11,293.41,65.9,100.6,0.04,5.662
2019-01-24,12.1,4.82,33.73,322.29,89.2,101.5,1.79,3.277
2019-01-25,10.3,8.27,35.77,319.59,88.3,102,0.08,3.028
2019-01-26,10.89,4.82,27.23,307.72,83,101.2,3.41,3.695
2019-01-27,8.49,4.82,36.82,289.94,75,101.5,2.12,5.764
2019-01-28,10.53,3.69,52.54,292.68,89.6,101.8,1.48,2.626
2019-01-29,10.86,6.94,48.96,303.77,71.8,101.9,0.4,6.51
2019-01-30,7.99,3.81,43.69,294.56,66.2,102.6,1.47,2.677
2019-01-31,6.75,2.94,36.56,298.33,79.8,103,1.3,1.591
2019-02-01,7.29,2.02,64.07,263.7,81.8,103.1,0.93,1.902
2019-02-02,7.59,1.65,32.82,287.62,76.9,103.3,0.04,2.386
2019-02-03,10.25,4.92,48.39,310.51,80.5,101.8,4,4.402
2019-02-04,7.5,3.35,68.56,252.66,72.1,102,0,5.916
2019-02-05,9.02,4.71,50.01,290.45,79.6,101.8,0.28,4.473
2019-02-06,9.39,4.2,55.83,289.17,75.5,100.1,7.04,5.549
2019-02-07,6.87,3.34,59.07,273.81,72.5,100,0.48,6.532
2019-02-08,5.79,2.64,65.83,271.55,71.8,100.2,0.17,6.001
2019-02-09,12.93,2.88,25.34,317.13,87.1,99.5,2.12,5.181
2019-02-10,13.04,5.63,56.11,283.67,59.3,99.8,0.04,9.547
2019-02-11,6.05,4.06,16.88,297.34,87.5,99.9,6.3,0.945
2019-02-12,5.69,1.68,59.64,266.13,76.2,100.2,0.52,4.56
2019-02-13,12.78,1.83,26.06,313.69,84.4,100.1,5.1,4.937
2019-02-14,13.56,6.68,46.83,315.3,85.1,99.2,3.92,5.57
2019-02-15,8.01,5.07,68.09,284.35,72.8,100.2,0.6,5.994
2019-02-16,6.6,2.04,78.1,260.52,64.1,101,0.16,3.745
2019-02-17,4.32,-0.19,79.65,239.5,70.7,101.8,0.03,0.746
2019-02-18,3.9,-2.73,115,215.95,66,101.6,0,1.618
2019-02-19,4.04,-2.3,105.24,229.69,71.2,101.9,0,1.397
2019-02-20,4.52,-2.24,79.89,248.7,80.7,102,0.03,1.26
2019-02-21,3.34,-2.6,80.29,241.24,80,101.9,0.04,0.385
2019-02-22,3.97,-4.06,108.85,228.6,80.1,102.1,0.56,1.173
2019-02-23,0.76,-4.57,87.59,232.04,79.9,102.4,0.17,1.238
2019-02-24,0.14,-6.35,31.78,253.53,89.3,102.6,6.04,0.946
2019-02-25,3.93,-8.64,82.29,244.45,86.5,102.8,0.09,2.174
2019-02-26,4.28,-2.82,115.94,241.67,81.9,102.4,0,0.301
2019-02-27,3.91,-1.41,98.15,266.79,84.2,102.3,0.03,0.966
2019-02-28,4.27,-2.27,119.24,246.49,77.2,102.5,0.03,0.858
2019-03-01,5.21,-1.05,84.35,255.23,72.6,103.1,0,1.109
2019-03-02,5.56,-2.73,88.79,266.2,73.1,103.2,0.05,1.049
2019-03-03,5.92,-0.79,88.41,260.6,63.5,102.8,0,1.461
2019-03-04,4.54,-1.07,76.09,259.68,57.5,102.2,0,3.67
2019-03-05,0.57,-3.63,53.39,268.16,80.1,101.6,1.52,2.739
2019-03-06,6.85,-2.66,86.06,293.7,92.8,100.9,2.35,1.257
2019-03-07,8.09,2.79,49.39,295.46,92.9,100,5.45,0.954
2019-03-08,8.39,2.49,59.91,304.46,91.3,99.3,10.14,1.793
2019-03-09,8.93,4.42,99.59,295.75,79.4,99.2,1.2,5.785
2019-03-10,8.12,1.92,101.36,270.21,73.8,100.8,0.12,3.596
2019-03-11,7.73,0.88,104.18,269.47,71.9,101.1,0.04,2.49
2019-03-12,6.94,0.53,85.83,279.35,82.7,100.8,3.06,1.554
2019-03-13,7.03,-0.87,132.65,251.86,81.5,101.8,0.07,0.132
2019-03-14,7.85,-1.06,135.6,262.57,67.5,102.1,0.03,0.695
2019-03-15,7.76,2.59,79.56,282.85,76.1,101.7,1.43,2.382
2019-03-16,8.88,1.94,102.2,283.93,79.8,102,0.18,3.863
2019-03-17,10.4,5.24,93.83,311.52,80.5,102.5,1.38,2.286
2019-03-18,12.62,5.16,120.44,289.37,84,102.9,0,3.912
2019-03-19,13.7,2,171.65,260.38,81.3,103.1,0,0.748
2019-03-20,14.74,3.05,192.9,254.94,77.3,102.6,0,1.264
2019-03-21,12.4,3.77,152.51,267.25,83.1,102.3,0,1.715
2019-03-22,13.56,4.17,151.26,278.26,80.6,101.7,0.16,1.906
2019-03-23,12.94,1.19,196.46,242.69,76.5,101.2,0,1.634
2019-03-24,13.88,0.5,197.54,248.99,79.1,101.3,0,0.979
2019-03-25,16,2.38,197.26,266.01,81.5,101.9,0.02,0.418
2019-03-26,16.09,3.5,189.05,271.28,77.7,102.5,0,1.039
2019-03-27,15.06,3.74,210.38,251.7,72.2,103,0,1.374
2019-03-28,14.78,2.07,217.23,246.39,70.1,103,0,2.301
2019-03-29,16.09,3.56,217.55,257.39,62.5,102.4,0,2.543
2019-03-30,16.41,4.77,183.12,286.44,68.1,101.5,0.93,2.386
2019-03-31,13.92,8.83,118.32,310.11,84.5,100.3,5.83,1.079
2019-04-01,14.61,9.54,138.77,307.58,78.8,99.6,3.08,4.04
2019-04-02,12.92,7.46,158.79,275.43,65.2,100.6,0.15,5.701
2019-04-03,14.48,5.55,174.8,290.96,75.8,100.9,0.21,1.313
2019-04-04,15.96,10,200.3,313.98,77.5,99.8,1.31,2.719
2019-04-05,13.77,9.41,125.01,309.25,81.8,100,2.01,1.896
2019-04-06,15.07,8.63,138.25,300.85,75.3,100.5,0.08,1.496
2019-04-07,13.35,7.13,79.29,312.9,88.6,99.4,6.49,0.811
2019-04-08,12.86,6.27,149.79,302.72,81.6,99.1,4.53,3.123
2019-04-09,7.71,3.24,96.21,304.22,77,100.6,1.12,1.865
2019-04-10,10.53,5.64,50.28,326.05,93,98.7,10.76,1.755
2019-04-11,11.4,5.93,78.97,327.86,93.3,97.6,15.27,0.75
2019-04-12,8.69,3.02,125.83,286.41,75,98.5,1.59,3.476
2019-04-13,8.06,1.99,144.2,271.09,79.9,99.5,2.66,1.882
2019-04-14,10.92,2.46,181.75,258.62,64.4,100.8,0.11,3.587
2019-04-15,12.45,1.2,155.96,278.39,72.4,101.1,0.02,1.159
2019-04-16,11.75,5.96,110.12,309.96,60.8,100.2,0.66,3.577
2019-04-17,11.8,6.74,109.34,326.26,88.1,99.3,15.36,3.623
2019-04-18,13.56,6.04,162.03,318.73,85.7,98.9,12.71,2.344
2019-04-19,14.89,5.86,144.91,324.46,85.4,99.7,2.76,1.478
2019-04-20,14.78,10.48,103.38,334.25,88.9,100.1,5.27,1.898
2019-04-21,14.95,8.05,143.07,311.89,86,99.7,3.4,0.675
2019-04-22,14.27,6.56,180.3,296.2,79.7,99.5,1.54,1.544
2019-04-23,13.93,8.98,165.25,312.07,80.9,99.1,3.36,2.854
2019-04-24,14.11,7.78,125.63,313.22,83.2,98.8,3.66,0.826
2019-04-25,9.61,4.56,100.66,301.48,72,100.2,5.62,1.71
2019-04-26,11.55,3.23,194.11,288.65,58.1,102.1,0.11,1.919
2019-04-27,16.05,6.69,100.67,342.37,88,101,5.18,1.77
2019-04-28,12.49,7.83,206.12,299.4,75.1,100.4,3.84,5.401
2019-04-29,12.71,7.28,144.56,311.1,76.1,100.7,1.88,1.05
2019-04-30,12.38,6.32,207.08,289.84,66.5,102.3,0.17,0.7
2019-05-01,15.68,6.76,228.46,291.61,68.4,102.6,0.03,0.743
2019-05-02,17.15,5.61,262.3,276.11,71.2,102.5,0,0.879
2019-05-03,17.05,6.51,244.74,281.76,72.2,102.4,0,0.91
2019-05-04,18.74,5.71,277.53,273.35,68.8,102.4,0,0.647
2019-05-05,20.53,7.43,280.23,286.16,70.6,102.4,0,0.2
2019-05-06,21.47,7.92,280.17,294.73,71.9,102.3,0,0.421
2019-05-07,21.9,8.77,277.51,298.79,69.2,102.2,0,1.389
2019-05-08,17.78,8.93,250.28,302.01,69.7,102.3,0.01,3.535
2019-05-09,14.46,6.54,263.61,271.37,66.8,102.1,0.03,2.998
2019-05-10,16.64,6.8,255.12,284.84,66.9,101.8,0.07,3.389
2019-05-11,16.92,7.07,303.31,263.99,62,101.5,0,3.914
2019-05-12,16.91,6.34,313.58,251.66,55.1,101.3,0,3.31
2019-05-13,16.35,3.88,287.28,262.79,61.6,101.9,0.05,1.856
2019-05-14,15.57,3.99,253.51,274.35,62.3,102.4,0.1,1.192
2019-05-15,15.35,9.11,171.94,320.33,65.1,102.3,0.05,0.437
2019-05-16,15.53,8.32,154,312.89,68.2,101.7,0.23,2.141
2019-05-17,14.25,6.49,155.82,308.41,80.7,101.4,0.51,0.6
2019-05-18,16.48,8.17,174.3,319.17,71.6,101.3,0.03,0.071
2019-05-19,17.08,7.99,211.91,303.56,72.4,101.4,0.31,0.256
2019-05-20,18.09,8.81,243.48,304.15,74.5,101.5,0.95,0.08
2019-05-21,19.72,7.92,260.51,295.99,68.4,101.1,0.02,0.914
2019-05-22,18.79,8.56,284.66,284.13,67.7,100.8,0.75,0.123
2019-05-23,17.38,9.74,306.48,279.85,64.2,101,0,2.807
2019-05-24,16.17,10.31,160.28,330.14,74.5,100.3,3.37,3.583
2019-05-25,15.27,8.76,132.95,311.02,72.6,100.4,0.28,4.608
2019-05-26,14.2,9.19,218.17,297.2,56.9,100.9,0.07,6.199
2019-05-27,16.33,8.96,159.03,332.75,76.9,101,1.06,2.689
2019-05-28,15.25,10.88,227.32,314.43,61.3,100.9,0.04,5.757
2019-05-29,14.41,9.64,209.36,314.66,58,102,0.1,2.745
2019-05-30,16.33,7.75,203.21,306.67,67.8,102.5,0.02,1.429
2019-05-31,16.92,7.49,226.07,300.39,70,102.5,0,1.376
2019-06-01,17.51,7.24,249.06,294.19,72.3,102.5,0,1.323
2019-06-02,18.99,5.74,269.84,292.32,71.1,102.2,0.03,0.502
2019-06-03,20.65,8.86,287.35,296.83,68.3,101.7,0.04,0.472
2019-06-04,23.49,8.16,301.57,307.08,64.5,101.8,0.03,0.973
2019-06-05,21.97,12.35,296.99,306.84,68.1,101.9,0,3.122
2019-06-06,24.78,10.44,337.57,299.55,60.3,101.7,0,2.929
2019-06-07,26.05,11.42,344.11,301.11,54.8,101.5,0,2.185
2019-06-08,25.83,12.55,338.31,302.31,50,101.5,0,2.765
2019-06-09,25.43,12.84,337.94,301.43,51.7,101.5,0,3.099
2019-06-10,24.31,10.68,344.22,289.25,52.6,101.6,0,2.341
2019-06-11,24.55,9.47,345.99,285.14,52.5,101.7,0,2.784
2019-06-12,25.03,11,342.89,297.56,56.7,101.5,0,3.831
2019-06-13,27.33,13.81,298.56,339.09,51.7,101.3,0.59,3.878
2019-06-14,27.65,14.06,265.92,350.31,55.6,101.4,0.67,2.387
2019-06-15,26.71,13.37,341.78,308.69,53.7,101.5,0,2.105
2019-06-16,26.11,11.52,325.01,309.74,52.6,101.4,0.37,1.599
2019-06-17,25.63,14.45,274.07,330.65,58.2,101.3,0.03,0.965
2019-06-18,25.12,15.02,262.23,338.3,61.6,101.2,1.03,1.645
2019-06-19,23.86,13.88,213.56,340.5,72.4,100.9,2.72,0.925
2019-06-20,21.65,14.36,163.97,345.69,79.8,100.5,4.55,3.375
2019-06-21,19.5,12.78,289.03,317.54,68.5,100.1,1.23,4.987
2019-06-22,17.17,12.04,221.33,314.78,65,100.1,0.39,6.137
2019-06-23,18.39,10.38,220.23,302.66,65.2,100.4,0.8,3.391
2019-06-24,16.36,10.33,198.11,313.1,61.7,101.1,0.28,4.282
2019-06-25,19.66,9.43,213.47,313.76,59.4,101.6,0.05,1.783
2019-06-26,22.07,12.11,258.78,317.63,62.3,101.7,0,1.501
2019-06-27,24.24,11.41,258.67,319.85,67.6,102.1,0,0.776
2019-06-28,26.13,11.71,330.25,308.08,62.2,102.2,0,0.819
2019-06-29,27.46,14.15,275.32,339.33,62.5,101.6,0.08,0.859
2019-06-30,24.9,15.93,227.84,355.78,70.6,101.1,0.2,0.954
2019-07-01,24.95,16.78,212.92,356.92,67.1,100.8,0.52,1.495
2019-07-02,25.51,15.53,280.9,344.92,64.3,100.9,0,1.142
2019-07-03,25.9,13.02,325.97,314.95,60.3,101,0.51,0.181
2019-07-04,22.55,13.99,146.45,345.79,70.7,100.8,0.55,2.633
2019-07-05,22.31,12.23,229.78,317.24,64,100.6,0.21,2.632
2019-07-06,22.99,11.92,200.34,338.32,68.4,100.2,2.07,1.589
2019-07-07,22.35,15.9,150.3,361.39,76.1,100.4,2.5,1.829
2019-07-08,24.94,14.24,291.38,320.72,62.8,101.6,0.03,2.161
2019-07-09,28.37,13.79,327.33,325.71,61.4,102.1,0,0.816
2019-07-10,27.79,15.41,276.73,340.92,63,102.1,0.03,0.798
2019-07-11,26.74,15.25,274.78,336.2,62.9,101.8,0.09,1.422
2019-07-12,26.43,16.07,326.2,314.57,57.1,101.3,0,2.157
2019-07-13,24.21,15.89,199.16,352.75,65.9,100.5,0.27,2.608
2019-07-14,20.14,14.43,251.2,331.4,69.8,100.5,4.4,2.873
2019-07-15,21.35,12.76,232.78,316.87,65.7,101.1,0,3.071
2019-07-16,21.19,12.2,211.81,319.7,69.4,101.3,0.26,1.528
2019-07-17,21.55,12.34,249.37,310.36,61.7,101.1,0,2.276
2019-07-18,22.54,13.06,225.33,327.83,71.3,100.7,4.02,2.324
2019-07-19,21.72,12.06,225.73,313.63,69.5,100.5,1.12,1.421
2019-07-20,19.56,10.8,243.16,312.51,80.9,100.8,5.94,0.77
2019-07-21,21.43,11.74,276.49,300.91,66.4,101.5,0.23,1.131
2019-07-22,22.73,11.84,203.6,341.55,73.1,101.9,0.28,2.578
2019-07-23,26.04,15.5,278.93,333.68,71.5,102.2,0.08,0.329
2019-07-24,29.45,14.73,325.33,315.57,49.3,102.1,0,1.797
2019-07-25,31.12,16.36,311.23,326.07,52.5,101.4,0,3.075
2019-07-26,31.44,16.84,290.01,344.48,55.8,100.5,0.32,2.335
2019-07-27,27.12,15.94,278.58,327.86,62.7,100.4,0.24,1.101
2019-07-28,28.41,15.6,277.87,327.17,65,100.6,0,0.763
2019-07-29,28.95,15.63,299.9,330.13,64,100.6,0,2.258
2019-07-30,23.9,14.89,289.02,309.06,61.5,101.4,0.02,1.746
2019-07-31,24.58,13.59,297.22,301.57,60.9,101.7,0,1.372
2019-08-01,25.26,12.3,305.36,294.71,60.2,102,0,0.969
2019-08-02,27.51,11.88,262.04,322.3,62.3,101.9,0.05,0.313
2019-08-03,27.29,13.61,290.23,311.13,62.4,101.5,0,2.262
2019-08-04,21,11.93,203.9,315.9,58,101.5,0.04,2.602
2019-08-05,24.1,10.99,255.83,324.35,65.5,101.3,0.03,3.019
2019-08-06,21.77,13.4,256.24,316.02,60.9,101.2,0.83,3.234
2019-08-07,22.53,11.39,267.19,292.63,56.3,102,0,2.018
2019-08-08,23.97,11.2,233.69,316.43,61.8,101.9,0,3.196
2019-08-09,27.53,15.2,274.64,332.3,65.5,101.6,0.05,3.344
2019-08-10,22.54,13.31,247.13,305.82,67,101.6,0.08,2.08
2019-08-11,24.5,10.82,296.8,281.52,54.3,102,0,0.798
2019-08-12,29.14,10.43,273.71,312.99,52,101.5,0.11,2.059
2019-08-13,30.38,16.79,261.88,340.23,56.6,100.5,0.21,0.601
2019-08-14,26.33,16.89,223.6,338.81,69.2,100.6,0.08,3.759
2019-08-15,21.5,11.55,240.63,297.94,61.3,100.9,0.16,3.318
2019-08-16,21.37,9.49,235.61,286.29,54.8,101.5,0.09,2.993
2019-08-17,25.24,7.77,276.07,287.81,52.3,101.5,0,0.712
2019-08-18,28.53,15.1,236.88,344.7,60.2,100.5,2.47,1.642
2019-08-19,23.05,15.79,256.21,315.95,60.8,100.8,0.03,4.176
2019-08-20,22.42,14.67,143.18,346.1,62.6,101,6.02,1.379
2019-08-21,23.5,14.89,160,361.15,83.4,99.9,12.49,1.709
2019-08-22,18.86,13.92,133.97,337,81.6,99.5,3.83,4.237
2019-08-23,19.88,14.01,207.85,327.91,72.7,100.4,1.49,3.39
2019-08-24,19.83,12.76,187.76,319.97,68.6,101.2,0.03,3.02
2019-08-25,20.63,11.96,197.19,312.66,69.2,101.1,0.31,2.235
2019-08-26,21.19,10.95,162.29,327.69,70.1,101.2,0.49,0.473
2019-08-27,20.75,15.14,84.01,375.81,91.1,100.5,14.24,0.618
2019-08-28,20.6,14.34,143.69,355.26,75.8,100.8,7.63,2.03
2019-08-29,20.94,11.07,215.73,305.82,72.6,101.2,0.03,0.437
2019-08-30,22.23,13.96,195.54,325.28,71.1,100.9,2.42,1.17
2019-08-31,20.18,13.36,184.4,321.39,74.9,100.7,4.07,1.769
2019-09-01,18.14,12.76,173.19,318.28,78.6,100.5,5.71,2.449
2019-09-02,20.78,12.69,220.44,312.49,77.3,101.1,0.03,2.291
2019-09-03,22.66,12.65,166.65,345.19,76.4,101.6,0.08,2.031
2019-09-04,22.26,17,193.95,345.81,76.1,101.8,0.02,3.797
2019-09-05,23.6,16.68,145.38,362.06,80.2,102,0.06,1.903
2019-09-06,25.95,16.18,142.59,368.88,82.4,101.5,5.79,1.659
2019-09-07,22.61,16.66,153.88,351.81,83.2,100.7,1.97,3.643
2019-09-08,20.23,13.63,174.64,314.72,72.7,101.2,0.03,2.729
2019-09-09,23.17,12.52,183.96,325.55,76.2,102.1,0,1.612
2019-09-10,24.09,13.51,179.11,328.73,73,102.5,0,1.73
2019-09-11,24.63,14.09,200.62,325.31,73.6,102.4,0,0.492
2019-09-12,26.62,14.45,207.87,324.26,66.6,101.7,0,2.245
2019-09-13,19.88,12.67,204.41,298.69,66.1,101.6,0.07,2.307
2019-09-14,21.94,9.67,188.72,302.46,67.3,101.8,0,0.792
2019-09-15,21.36,12.35,159.53,324.92,74.2,101.6,0.27,1.685
2019-09-16,25.75,11.08,195.56,326.51,71.2,101.8,0,1.805
2019-09-17,23.12,14.7,173.53,328.26,79,102,0.02,0.147
2019-09-18,22.89,14.72,188.34,315.8,64.6,102.1,0.01,2.812
2019-09-19,25.6,12.62,200.01,297.49,57.8,101.4,0,3.128
2019-09-20,23.53,11.55,163.84,321.35,69.4,101.6,0,0.757
2019-09-21,20.48,13.17,130.74,330.97,70.1,102.7,0.02,1.695
2019-09-22,22.02,12.16,181.78,298.98,67,102.8,0,1.739
2019-09-23,21.84,8.49,185.94,288.58,68.2,102.8,0,1.909
2019-09-24,19.94,10.04,117.56,326.82,82.3,102.4,0.02,2.188
2019-09-25,23.44,10.06,176.57,297.12,69.1,101.7,0,2.232
2019-09-26,21.89,9.62,166.65,296.95,74.2,101.4,0,1.644
2019-09-27,18.77,8.87,163.37,289.94,82.7,101.5,0,1.155
2019-09-28,18.26,8.84,109.6,324.49,79.7,101.7,0.07,0.805
2019-09-29,19.16,11.79,105.51,325.71,71.8,101.8,0.03,1.611
2019-09-30,17.99,11.1,111.48,319.86,74.4,102,0.15,2.011
2019-10-01,19.19,9.46,124.17,310.23,73.8,102.2,0.06,1.982
2019-10-02,17.51,13.09,83.69,349.46,78.4,102.2,0.31,1.832
2019-10-03,17.92,12.24,102.49,333.79,76.2,102.2,0.18,1.703
2019-10-04,16.98,9.87,77.34,326.34,77.6,101.6,0.04,1.031
2019-10-05,15.22,9.49,42.24,334.07,88.5,99.4,16.26,1.7
2019-10-06,11.86,9.31,48.99,332.15,92.8,98.1,7.85,1.183
2019-10-07,13.44,7.37,103.88,293.78,74,98.3,0.08,2.477
2019-10-08,12.65,5.29,39.28,309.75,86.7,98.3,14.96,3.287
2019-10-09,14.45,9.85,63.34,332.3,90.8,98.5,23.08,2.159
2019-10-10,10.7,9.39,43.35,339.93,90.8,99.3,10.85,1.685
2019-10-11,13.87,8.15,80.09,316.91,78.2,100,1.11,1.432
2019-10-12,14.08,7.46,93.79,309.81,68.2,100.9,0.07,2.643
2019-10-13,15.3,9.34,76.14,322.42,74.5,101.6,1.04,2.811
2019-10-14,13.97,8.67,91.8,313.84,77.4,102.1,0.05,2.218
2019-10-15,13.78,9.33,77.66,320.48,75.5,101.8,0.06,1.698
2019-10-16,15.44,8.49,77.64,326.72,79.8,101.2,0.5,2.057
2019-10-17,15.07,12.9,31.03,363.7,95.2,101.3,13.09,1.591
2019-10-18,14.41,11.46,55.4,343.49,90.3,101.7,3.89,1.197
2019-10-19,14.7,8.72,83.03,310.27,88.1,101.9,0.03,0.402
2019-10-20,16.18,7.46,104.92,306.1,87,102,0,0.871
2019-10-21,16.55,10.79,60.93,335.52,90.2,101.9,0.17,1.718
2019-10-22,17.15,11.29,81.61,334.83,90,102,0.13,0.521
2019-10-23,14.63,10.02,46.88,338.62,93.3,102,0.17,0.472
2019-10-24,15.15,9.61,60.89,336.11,90.4,101.9,0.05,1.228
2019-10-25,15.51,10.62,73.49,331.08,88.3,102.2,0.45,1.352
2019-10-26,12.78,7.93,69.34,302.29,80.6,102.1,0.08,2.431
2019-10-27,13.38,7.02,60.94,304.18,87,101.8,0.05,2.583
2019-10-28,12.14,6.41,63.58,299.43,83.7,101.3,0.07,2.226
2019-10-29,11.49,3.23,83.55,281.33,84.7,101.2,0.06,1.758
2019-10-30,11.22,7.15,55.91,311.64,84.5,101.4,0.17,1.152
2019-10-31,10.8,6.91,47.25,315.39,85.1,101.5,1.19,1.173
2019-11-01,10.38,6.68,38.56,320.12,85.6,101.5,2.2,1.556
2019-11-02,12.32,8.23,52.04,325.38,88.6,101.8,0.05,0.802
2019-11-03,9.45,3.83,70.05,271.95,76.1,102.3,0.02,2.022
2019-11-04,9.68,2.25,87.1,250.72,83,102.6,0,1.744
2019-11-05,8.58,0.52,85.02,254.55,85.7,102.2,0.1,1.282
2019-11-06,7.77,2.1,46.01,295.84,85.2,101.3,0.17,1.836
2019-11-07,8.91,2.65,60.84,289.21,90,100.3,0.54,2.279
2019-11-08,12.57,7.84,34.83,331.37,95.2,100.3,2.31,0.526
2019-11-09,10.45,8.79,31.65,340.33,95.3,101.2,5.86,1.183
2019-11-10,12.39,9.36,36.93,333.63,94.1,101.1,2.59,1.597
2019-11-11,13.19,6.14,67.61,273.23,89.6,102.1,0,2.56
2019-11-12,12.5,4.55,47.79,297.95,88.3,102.5,0,1.225
2019-11-13,15.39,10.15,33.72,333.67,87.6,101.9,1.18,3.102
2019-11-14,11.69,7.54,58.18,284.35,78,102,0,3.808
2019-11-15,11.15,8.15,31.56,323.29,79.7,102.1,0.8,1.948
2019-11-16,13.84,8.42,48.62,320.22,88.4,100.9,7.18,2.767
2019-11-17,10.12,5.7,57.62,275,86.5,100,0.22,3.296
2019-11-18,7.52,2.87,51.44,265.69,83.7,100,0.2,1.91
2019-11-19,8.03,3.36,44.98,283.64,83,100,0.12,2.07
2019-11-20,6.47,3.1,33.12,297.41,89.4,100.5,0.89,2.349
2019-11-21,5.2,1.93,33.63,282.12,79.8,100.7,0.5,2.651
2019-11-22,6.66,3.16,46.9,281.29,80.3,100.5,1.39,1.593
2019-11-23,5.71,-0.6,53.4,248.93,80.3,101.5,0.02,1.768
2019-11-24,6.87,-1.58,43.53,257.98,84.3,101.7,0.24,2.986
2019-11-25,8.67,5.41,45.51,298.78,91.3,101.7,1.05,2.566
2019-11-26,10.1,5.72,39.55,290.53,87.4,101.8,0,2.196
2019-11-27,11.29,7.16,25.81,314.67,85.7,101.3,0.12,2.095
2019-11-28,14.82,9.22,31.29,336.85,86.9,100.4,0.68,2.296
2019-11-29,14.12,12.21,20.14,333.54,75.5,99.6,2.65,4.431
2019-11-30,12.51,7.7,22.01,304.83,81.1,99.5,9.29,1.853
2019-12-01,10.66,5.58,41.87,285.9,80.8,100.2,3.06,3.974
2019-12-02,13.95,6.79,17.74,320.6,87.8,100,0.92,1.728
2019-12-03,15.06,8.6,25.89,317.43,84.5,99.7,7.31,3.532
2019-12-04,15.44,9.54,25.99,316.6,78.5,98.6,2.61,6.166
2019-12-05,12.27,8.37,23.73,304.79,78.8,99.2,5.73,5.79
2019-12-06,10.97,8.47,34.53,292.59,60.4,100.1,0,7.041
2019-12-07,14.83,7.3,19.67,336.24,84,99.3,13.38,4.746
2019-12-08,10.03,6.51,34.94,285.85,73.7,101.8,0,4.739
2019-12-09,10.3,6.2,17.15,312.44,83.8,101,0.18,1.829
2019-12-10,12.81,4.8,26.03,302.05,84.4,99.6,1.71,2.636
2019-12-11,8.04,3.28,26.72,291.76,79.5,99.5,12,2.851
2019-12-12,8.03,5.75,9.45,305.46,79.8,97.8,7.06,6.48
2019-12-13,6.53,4.56,26.75,279.3,71.5,99.1,0.73,7.271
2019-12-14,7,4.42,36.51,258.76,72.3,100.2,0,5.654
2019-12-15,8.47,4.86,22.61,303.25,81.4,101.5,1.03,3.756
2019-12-16,6.31,-1.27,38.86,245.83,91.5,102.6,0.03,0.77
2019-12-17,5.1,-0.16,19.02,286,90.7,102.6,0.03,0.438
2019-12-18,3.94,-0.13,28.4,274.4,92.1,102.1,1.58,1.417
2019-12-19,1.93,0.05,18.55,287.68,90.3,100.9,1.07,1.7
2019-12-20,3,0.28,10.29,299.08,80.3,99.9,1.34,5.11
2019-12-21,8.45,2.89,7.15,328.91,93.2,98.5,18.24,4.908
2019-12-22,9.63,7.33,13.31,336.14,93.9,97.7,9.03,3.223
2019-12-23,8.08,4.99,30.19,281.15,75.8,98.4,0.02,1.942
2019-12-24,6.25,3.83,15.2,309.04,84,98.9,0.17,4.008
2019-12-25,3.82,1.81,15.2,300.93,80.2,99.4,0.65,3.637
2019-12-26,2.18,-0.38,13.16,284.98,88.2,100.2,2.21,2.282
2019-12-27,2.77,-0.11,26.05,287.19,85.3,100.6,0.66,2.187
2019-12-28,2.13,-1.5,22.09,278.9,85.8,100.6,0.21,1.699
2019-12-29,0.25,-3.21,11.38,274,85.2,100,2.08,3.123
2019-12-30,1.76,0.05,10.45,300.93,91.6,100.2,1.2,2.894
2019-12-31,1.63,-0.19,17.13,290.63,86.2,100.9,0.71,2.692
2020-01-01,1.51,-0.43,23.77,281.15,81,101.5,0.22,2.491
2020-01-02,0.8,-1.18,22.48,266.25,75,101.1,0.03,4.035
2020-01-03,2.53,-0.75,26.47,268.14,67.8,100.8,0.03,3.648
2020-01-04,0.77,-1.92,28.6,262.39,81,101,0.04,2.7
2020-01-05,0.44,-2.04,21.96,273.35,72.9,100.2,0.22,4.142
2020-01-06,0.98,-2.76,3.39,296.76,96.7,97.7,17.14,5.247
2020-01-07,1.67,-1.34,15.46,298.25,97.4,96.7,0.78,0.842
2020-01-08,2.34,0.58,12.1,303.6,93.6,97.9,8.94,1.886
2020-01-09,1.65,-6.16,41.44,228.33,83.3,100.4,0.82,1.478
2020-01-10,1.33,-7.55,44.93,220,81,101.6,0,1.16
2020-01-11,6.46,1.37,12.72,303.33,87.1,101.3,0.05,2.134
2020-01-12,9.59,6.49,28.53,306.29,86.2,100.5,0.99,2.978
2020-01-13,12.27,8.82,26.7,321.32,87.1,100.8,0.06,5.556
2020-01-14,12.85,10.6,17.91,339.34,87.4,101.3,1.5,4.744
2020-01-15,12.15,6.39,26.99,304.51,86.9,101.8,0.66,3.938
2020-01-16,11.09,4.07,17.62,302.15,90.6,101.9,1.29,1.811
2020-01-17,9.41,1.07,29.48,276.2,86.4,101.7,1.38,4.226
2020-01-18,5.71,0.38,48.4,273.72,91.8,102.8,0,1.606
2020-01-19,8.53,5.04,33.55,309.56,87.9,102.5,0.27,2.301
2020-01-20,8.71,4.34,36.46,299.47,91.7,102.2,0.22,1.427
2020-01-21,7.23,3.62,30.15,300.3,91.3,102.1,0.06,0.637
2020-01-22,7.13,4.66,30.67,308.94,89.4,101.7,0.45,2.227
2020-01-23,6.54,3.58,18.54,304.73,92.7,101.3,3.45,0.486
2020-01-24,6.84,-0.23,59.33,267.17,83.7,101.5,0,1.582
2020-01-25,11.72,6.76,25.29,322.85,87.4,101.3,0.16,4.548
2020-01-26,11.3,9.95,23.13,329.13,80.3,101.2,0,5.537
2020-01-27,10.71,7.14,41.95,300.35,79.5,100,2.32,5.328
2020-01-28,7.95,5.41,55.62,278.8,70,100.8,0.13,4.901
2020-01-29,10.28,6.03,37.5,316.64,84.7,100.3,1.81,6.374
2020-01-30,11.9,7.77,36.35,324.54,86.7,100.5,1.06,5.839
2020-01-31,11.17,5.76,41.62,300.36,72,99.6,1,8.324
2020-02-01,8.76,5.56,41.94,285.9,63,100,0.35,7.685
2020-02-02,11.82,5.85,38.7,312.89,89.2,100.1,1.92,3.674
2020-02-03,11.68,8.77,58.75,307.88,68.3,100,0.82,7.019
2020-02-04,9.69,6.48,69.33,276.41,61.9,101.5,0.07,4.931
2020-02-05,11.54,5.97,43.86,313.01,85.2,100.2,2.86,1.69
2020-02-06,8.03,3.88,32.82,306.23,82.4,98.7,8.59,2.55
2020-02-07,8.93,3.88,55.23,293.94,84.3,99.5,1.34,4.169
2020-02-08,7.39,3.7,44.18,289.08,81.5,99.6,1.44,4.891
2020-02-09,6.87,3.52,41.54,294.77,81.3,101.1,0.75,1.969
2020-02-10,5.88,2.95,49.33,291.7,78.8,102.2,0.33,1.785
2020-02-11,5.05,2.4,43.35,300.22,87.6,102.1,1.13,1.266
2020-02-12,5.07,2.49,58.11,298.68,83.2,102,1,1.264
2020-02-13,10.25,2.9,75.6,283.37,86.4,102.3,0,4.265
2020-02-14,12.2,8.45,66.98,315.36,85.8,102.5,0.05,4.332
2020-02-15,11.68,8.47,70.51,312.82,86.4,102.4,0.11,4.023
2020-02-16,10.34,7.58,72.94,312.58,84,101.1,0.43,4.287
2020-02-17,8.9,2.51,73.74,284.54,72.4,100.6,1.7,3.526
2020-02-18,6.15,-2.09,93.99,234.44,73.7,102.1,0.03,1.495
2020-02-19,5.3,-3.26,109.73,218.28,79,102.8,0,0.623
2020-02-20,6.3,-1.93,104.41,240.63,71.1,102.9,0,1.912
2020-02-21,6.88,1.91,85.23,276.65,71.3,102.3,0.05,4.279
2020-02-22,7.92,0.05,125.79,230.66,61,102.3,0,3.461
2020-02-23,7.68,-2.04,118.58,234.17,82.7,102.8,0,1.604
2020-02-24,4.82,-2.25,99.35,257.76,87.3,102.5,0.09,1.559
2020-02-25,7.01,0.52,96.01,275.33,85.5,102.8,0.07,1.966
2020-02-26,9.47,2.67,119.73,277.93,79.9,102.8,0.06,2.929
2020-02-27,7.54,3.58,78.18,303.53,85,102.6,0.09,2.393
2020-02-28,5.9,2.13,49.05,306.27,87.9,102.2,0.36,1.348
2020-02-29,6.01,2.85,53.32,306.43,86.4,101.8,0.42,0.475
2020-03-01,6.13,3.58,57.59,306.18,84.9,101.3,0.47,0.773
2020-03-02,4.97,0.27,84.37,272.79,70.9,101.5,0.64,1.301
2020-03-03,5.15,-0.85,57.12,273.07,74.8,101.3,1.72,3.12
2020-03-04,4.09,-1.41,82.44,260.94,63.9,101.3,0.03,2.241
2020-03-05,6.47,-0.73,93.02,273.67,78.8,100.7,2.14,1.995
2020-03-06,0.79,-8.91,53.36,255.04,92.7,99.8,11.55,1.147
2020-03-07,2.06,-12.56,95.56,235.18,86.5,100.4,0,0.324
2020-03-08,2.33,-1.2,40.1,289.56,79.2,99.9,1.01,2.64
2020-03-09,5.97,-1.7,127.76,242.76,70,100.2,0,1.099
2020-03-10,5.45,-3.27,145.7,230.59,67.8,101,0.03,0.704
2020-03-11,8.13,0.96,112.59,275.55,60.8,100.9,0,1.989
2020-03-12,8.73,3.16,78.98,311.62,81.6,99.4,2.7,2.902
2020-03-13,13.39,7.63,133.11,304.1,80.3,98.6,1.08,2.993
2020-03-14,12.01,7.6,98.22,309.16,82.1,99.3,3.27,2.796
2020-03-15,13.72,7.57,122.62,289.93,76.3,98.9,1,2.884
2020-03-16,12.77,5.56,123.96,288.04,80.9,98.6,0.3,2.329
2020-03-17,8.88,3.59,87.84,295.64,76.1,99.5,0.11,1.834
2020-03-18,9.59,3.74,79.37,296.06,88.2,100,0.74,1.595
2020-03-19,10.53,4.61,84.9,309.03,88.8,99.6,1.58,1.574
2020-03-20,6.61,4.6,54.2,314.15,91.1,99.2,8.7,3.472
2020-03-21,10.6,3.31,150.73,284.19,71.2,99.1,0.2,2.068
2020-03-22,8.39,2.78,99.55,290.09,82.1,98.7,2.49,0.538
2020-03-23,5.91,1.86,81.38,301.02,84.3,99.2,4.28,1.3
2020-03-24,7.28,1.11,142.2,271.45,65,100.4,0.06,4.279
2020-03-25,6.47,-3.33,203.31,217.09,54.8,101.3,0,0.353
2020-03-26,5.54,-1.31,157.93,250.82,62.3,100.4,0,3.768
2020-03-27,6.4,0.45,123.87,286.52,67.7,100.1,1.77,3.97
2020-03-28,5.98,0.77,83.3,301.69,79.9,99.8,2.74,3.456
2020-03-29,4.41,2.08,52.94,307.1,85.4,99.2,4.78,3.978
2020-03-30,13.48,3.43,95.89,310.05,87.4,98.4,5.92,0.78
2020-03-31,11.05,6.45,133.21,289.39,80.8,98.8,4.16,3.367
2020-04-01,11.58,5.69,187.88,275.03,64.8,98.6,0.83,4.836
2020-04-02,10.6,3.39,154.53,274.29,73.7,98.9,0.56,4.559
2020-04-03,9.23,5.18,110.53,305.36,71,100,0.26,4.196
2020-04-04,11.09,3.07,105.3,300.12,76.3,100,6.63,1.072
2020-04-05,10.7,6.04,137.35,289.91,83.7,98.4,3.02,1.501
2020-04-06,10.71,4.07,129.85,286.75,83.9,98.9,1.82,0.635
2020-04-07,10.38,5.96,122.05,310.68,84.1,100.3,1.53,2.723
2020-04-08,11.81,5.56,169.04,295.47,72.4,101.1,0.15,1.981
2020-04-09,14.92,7.49,109.7,321.4,84.8,101.1,0.4,3.415
2020-04-10,15.81,10.53,164.3,325.68,82.2,101.1,0.07,4.848
2020-04-11,14.5,9.92,134.16,325.08,79.2,100.8,0.12,1.933
2020-04-12,10.44,6.4,129.9,304.3,70.5,100.3,7.29,4.598
2020-04-13,9.81,5.37,128.61,300.45,67.7,100.5,4.85,7.941
2020-04-14,10.03,5.06,152,297.35,64.6,100.4,1.05,6.8
2020-04-15,9.15,5.22,101.93,309.29,83.4,100.1,4.48,3.918
2020-04-16,9.53,5.19,110.96,306.96,84.4,100.4,5.13,1.234
2020-04-17,9.55,3.6,171.73,280.37,66.8,100.8,0.35,1.704
2020-04-18,8.5,3.08,128.59,301.31,84.9,100.6,5.58,0.828
2020-04-19,10.13,4.64,119.21,310.78,74.9,100.6,1.69,1.607
2020-04-20,10.75,5.18,156.75,306.02,60.3,100.9,0.11,1.618
2020-04-21,9.29,4.65,158.04,294.89,63.5,101.5,0.08,1.732
2020-04-22,9.41,4.6,122.5,303.35,72.3,101.5,0.86,2.405
2020-04-23,10.44,4.53,133.68,301.13,76.4,101.3,0.15,1.444
2020-04-24,9.56,5.51,85.22,313.43,85.4,100.6,8.03,1.771
2020-04-25,12.43,3.52,229.38,266.69,68.2,101.4,0.07,2.368
2020-04-26,12.96,1.56,143.52,293.12,75.1,100.9,0.82,2.129
2020-04-27,11.32,5.61,169.36,297.66,69.4,99.9,1.82,4.379
2020-04-28,10.1,3.77,147.95,285.85,67.3,100.4,0.53,3.108
2020-04-29,9.74,4.55,136.84,295.11,81.6,101.1,4.17,2.833
2020-04-30,12.78,4.58,165.53,291.33,74.7,101.7,0.4,2.248
2020-05-01,15.72,5.39,168.4,311.08,79,101.8,0.1,0.951
2020-05-02,16.09,5.97,164.88,300.81,72.6,101.4,0.05,1.796
2020-05-03,14.4,6.58,233.79,298.39,65.3,101,0.05,3.856
2020-05-04,11.62,6.19,150.84,313.79,62.4,100.8,0.17,3.96
2020-05-05,9.2,5.82,118.02,309.79,84.6,100.1,3.79,1.064
2020-05-06,9.61,5.69,101.11,308.84,84.2,99,2.64,0.949
2020-05-07,10.78,4.23,121.45,310.5,87.6,98.9,3.32,1.145
2020-05-08,6.11,4.57,46.82,317.65,87.8,100.1,16.84,3.078
2020-05-09,8.82,2.27,206.85,271.32,61.7,101.6,0.09,1.499
2020-05-10,11.82,2.11,200.24,271.18,66.6,102.2,0.13,1.343
2020-05-11,14.19,1.84,165.42,305,81.2,102.4,1.55,2.068
2020-05-12,15.55,8.51,192.23,322.17,84.6,102.6,1.81,1.932
2020-05-13,16.57,7.89,235.27,304.2,79.9,102.5,0,1.983
2020-05-14,14.34,7.63,241.41,294.73,76.2,101.9,0.29,2.568
2020-05-15,13.17,7.34,153.23,307.53,80.8,101.6,0.71,2.941
2020-05-16,15.2,6.56,211.03,293.48,76.4,101.8,0,1.851
2020-05-17,14.79,7.86,224.24,309.48,73.6,101.4,0.85,3.757
2020-05-18,10.81,5.81,186.59,297.79,64.3,100.7,2.9,3.987
2020-05-19,8.78,3.46,171.19,286.35,58.8,100.9,1.54,3.249
2020-05-20,9.46,1.25,181.2,262.24,58.5,101.2,0.02,2.117
2020-05-21,10.11,2.06,118.42,291.97,73.9,100.8,6.11,3.015
2020-05-22,12.72,6.08,184.33,297.27,71.3,100.5,0.05,4.745
2020-05-23,14.53,8.92,196.51,326.22,81.7,100.9,5.64,3.631
2020-05-24,15.09,9.2,253.82,305.9,68.6,101.2,0.36,2.564
2020-05-25,15.32,8.39,153.92,331.36,78.5,101.1,0.79,1.961
2020-05-26,18.45,10.91,189.45,343.75,78.5,101.2,0.78,4.682
2020-05-27,16.78,9.51,286.52,298.74,74.1,102.2,0,2.715
2020-05-28,17.04,10.39,252.61,308.1,76.7,102.6,0,2.093
2020-05-29,18.67,10.6,223.61,333,78.8,102.7,0.76,0.781
2020-05-30,17.28,9.74,192.58,324.63,83.6,102.3,5.6,1.676
2020-05-31,17.7,9.36,220.72,325.68,80.1,102.2,2.82,1.824
2020-06-01,18.12,8.99,248.65,326.75,76.6,102,0.05,1.996
2020-06-02,22.01,8.41,335.19,293.61,78.2,101.7,0,0.751
2020-06-03,22.41,10.81,299.57,321.15,69.5,101.5,0.03,2.183
2020-06-04,13.76,10.07,169.8,322.5,61.2,101.9,0.07,2.641
2020-06-05,15.71,9.6,179.59,329.43,69.3,101.8,0.04,3.564
2020-06-06,16.1,9.8,267.62,305.35,66.2,101.2,0.05,4.571
2020-06-07,14.97,7.87,263.45,290.3,64,101.5,0.04,2.165
2020-06-08,15.13,6.09,156.07,312.55,76.8,100.5,0.85,0.966
2020-06-09,15.24,8.7,196.24,311.34,69.4,99.6,0.58,3.95
2020-06-10,15.39,10.4,267.31,295.15,64.3,99.5,1.13,5.926
2020-06-11,15.58,8.09,230.78,290.93,76.2,100.8,3.5,2.276
2020-06-12,19.72,6.53,286.54,289.56,69,101.6,0,1.027
2020-06-13,19.89,9.77,224.28,320.2,66.5,101.9,0.1,0.851
2020-06-14,17.73,8.26,222.83,314.83,71.2,102.1,0.62,0.486
2020-06-15,20.55,7.12,286.46,297.36,66.7,102.4,0,0.92
2020-06-16,19.96,9.92,244.2,318.51,78.1,102.6,0.04,1.307
2020-06-17,20.94,10.61,314.84,320.89,80.5,102.7,0.02,1.745
2020-06-18,20.79,12.95,288.92,329.8,78,102.3,0.1,2.337
2020-06-19,21.93,11.77,331.62,308.7,71.8,101.9,0.03,0.877
2020-06-20,19.25,11.73,313.98,297.54,59.4,102.2,0,1.945
2020-06-21,20.15,8.09,309.74,286.64,64.2,102.6,0.04,0.765
2020-06-22,23.92,9.57,343.59,294.98,66.8,102.7,0,0.701
2020-06-23,27.04,9.78,340.88,311.94,64.2,102.3,0.22,0.357
2020-06-24,24.98,15.95,323.59,330.68,63.2,100.9,0.43,2.499
2020-06-25,22.24,13.39,281.72,321.1,65.9,101.1,0.39,5.047
2020-06-26,22.21,12.26,276.3,322.36,67.6,101.2,0.01,3.415
2020-06-27,22.79,14.65,267.41,333.79,66.7,101.3,1.31,2.001
2020-06-28,23.89,11.53,318.3,308.52,62.2,101.2,0,1.034
2020-06-29,21.66,14.85,197.3,348.5,73,100.4,3.96,2.421
2020-06-30,20.69,11.77,267.92,307.25,67.1,100.9,0.08,3.672
2020-07-01,22.69,12.44,317.97,300.93,64.1,102.1,0.04,3.775
2020-07-02,23.82,11.76,292.27,308.3,67.3,102.8,0.08,0.98
2020-07-03,24.96,11.91,305.86,317.72,66.7,102.5,0,0.555
2020-07-04,25.09,13.39,318.18,315.8,63.5,102,0.03,1.14
2020-07-05,25.4,12.7,302.84,322.19,66.2,101.7,0.03,0.675
2020-07-06,28.17,12.09,341.28,312.76,65.7,101,0,1.727
2020-07-07,24.84,14.13,317.89,322.39,70.5,100.4,0.32,3.788
2020-07-08,19.08,12.72,288.5,316.46,65.2,100.5,0.08,1.926
2020-07-09,20.13,11.37,210.64,324.59,69.7,100.9,0.08,1.047
2020-07-10,25.53,9.3,332.72,301.74,64.4,101,0,1.726
2020-07-11,22.7,15.95,201.3,351.49,69,101,0.22,3.641
2020-07-12,25.01,17.84,259.65,366.79,74.3,101.1,0.12,4.498
2020-07-13,26.56,17.97,194.97,373.74,79,101.3,1.29,1.715
2020-07-14,28.93,17.49,286.04,355.5,72.9,101.3,0.74,0.409
2020-07-15,33.19,17.49,304.51,360.52,62.1,101.3,0.94,1.381
2020-07-16,31.07,18.62,301.58,362.82,60.3,100.9,3.93,3.508
2020-07-17,28.84,15.78,320.72,332.22,68.6,100.7,0.4,0.441
2020-07-18,21.95,14.06,272.58,320.99,63.5,100.8,0.16,3.61
2020-07-19,18.77,12.22,205.75,309.05,58.8,101.5,0.03,3.187
2020-07-20,21.96,12.7,222.01,337.41,74,101.2,0.88,5.133
2020-07-21,22.92,17.01,154.95,376.8,77.9,100.9,1.15,4.708
2020-07-22,24.9,17.3,274.21,347.89,74.7,101,0,4.325
2020-07-23,27.99,18,291.99,347.96,71.5,101.2,0,3.194
2020-07-24,34.78,15.53,322.77,338.28,55.1,101.1,0,1.001
2020-07-25,38.19,20.7,316.98,355.76,40.3,101,0,1.261
2020-07-26,30.1,14.71,296.02,332.68,67.5,100.9,0,2.163
2020-07-27,20.17,12.84,235.81,310.21,63.7,101.6,0,3.311
2020-07-28,20.99,10.26,256.63,290.75,63.5,101.9,0.18,2.083
2020-07-29,24.93,7.72,300.11,288.2,60.3,101.8,0,0.842
2020-07-30,24.76,12.88,195.91,330.86,58.8,101.6,0.05,0.566
2020-07-31,26.53,12.46,246.28,319.93,58.6,101.6,0.03,0.775
2020-08-01,28.3,12.04,297.66,308.86,58.3,101.5,0,1.083
2020-08-02,27.03,13.03,257.89,321.72,65.1,101.5,0.5,0.797
2020-08-03,29.99,13.31,284.08,321.51,61.2,101.6,0,1.339
2020-08-04,32.33,13.05,279.64,326.6,56.7,101.5,0,0.358
2020-08-05,33.92,19,218.02,364.95,44,101,2.31,1.728
2020-08-06,27.8,15.61,280.04,324.05,70.9,100.7,0,2.134
2020-08-07,25.33,14.44,258.06,334.38,75.8,100.5,2.3,2.649
2020-08-08,22.46,16.56,151.93,358.72,80,100.7,8.4,1.199
2020-08-09,23.39,14.35,272.39,306.58,58.8,101.4,0.03,1.484
2020-08-10,23.93,11.07,284.77,288.65,56.8,101.3,0,1.593
2020-08-11,25.13,11.55,259.76,303.72,63.6,101,0.24,0.338
2020-08-12,23.99,14.65,194.26,335.51,73.1,101.3,3.26,2.735
2020-08-13,23.54,12.76,254.11,305.38,68.6,101.8,0.16,1.456
2020-08-14,25.58,9.54,281.33,291.28,66.8,102.1,0,0.352
2020-08-15,27.95,11.17,285.81,303.73,66.7,102.1,0,0.811
2020-08-16,29.7,13.73,269.81,330.12,64.6,102.1,0.02,0.913
2020-08-17,28.01,16.1,249.56,337.16,66.7,102.3,0,2.24
2020-08-18,25.61,14.62,205.96,341.43,70.1,102.3,0.04,2.527
2020-08-19,25.97,16.35,225.34,342.88,68.5,102.1,0.1,2.896
2020-08-20,24.88,14.42,206.46,332.99,70.3,101.9,0.04,1.925
2020-08-21,25.36,13.72,209.13,327.11,66.2,101.7,0.03,2.602
2020-08-22,26.17,15.37,227.54,334.99,69.6,101.3,0.04,1.428
2020-08-23,30.06,13.79,251.6,322.99,62.8,101.1,0,0.697
2020-08-24,22.07,13.2,183.35,324.11,66.8,101.6,0.05,1.954
2020-08-25,25.92,12.14,251.35,313.33,65.6,101.9,0,2.362
2020-08-26,26.68,14.39,240.96,322.49,66.7,101.7,0,2.237
2020-08-27,25.84,14.17,178.59,342.07,74.8,101.5,0.04,0.339
2020-08-28,27.11,13.54,157.11,345,65,100.5,0.52,2.862
2020-08-29,17.55,10.13,183.86,292.19,52,101.1,0.08,2.404
2020-08-30,19.12,7.29,169.82,297.53,60.1,102.1,0.06,2.567
2020-08-31,20.8,9.12,197.56,294.67,63.4,102.3,0.03,2.11
2020-09-01,22.48,10.95,225.09,287.08,66.7,102.5,0,1.664
2020-09-02,25.32,6.7,241.54,286.67,64.6,102.3,0,1.712
2020-09-03,29.02,11.95,234.48,318.66,62.3,101.4,0.08,1.465
2020-09-04,25.7,13.94,217.29,319.56,67.6,101.3,0.03,2.843
2020-09-05,21.73,13.9,194.17,317.65,67.3,101.2,0.08,4.229
2020-09-06,19.79,14.41,136.28,335.14,72.1,99.7,9.05,3.868
2020-09-07,17.69,13.22,120.49,314.69,66.2,99.8,0.29,7.326
2020-09-08,18.55,12.28,163.07,314.14,66.3,100.2,0.19,3.666
2020-09-09,18.78,9.96,181.29,305.59,77.2,100,2.36,2.115
2020-09-10,17.38,10.27,146.09,305.5,65.7,100.7,0.49,5.197
2020-09-11,17.73,10.48,160.26,296.15,63,101.1,0.16,5.466
2020-09-12,18.77,9.87,162.68,298.52,65.6,102.2,0.02,3.578
2020-09-13,19.69,12.73,164.54,331.14,76,102.1,0.03,3.519
2020-09-14,20.52,13.35,163.95,331.67,73.1,101.3,0.09,3.092
2020-09-15,16.97,11.96,87.64,332.56,75.8,100.9,1.1,0.136
2020-09-16,16.69,11.17,110.91,327.9,82.8,100.7,9.07,0.823
2020-09-17,19.13,11.23,74.21,352.03,80.8,101,1.65,3.904
2020-09-18,22.32,17.54,145.74,361.07,79.5,101,0.6,4.143
2020-09-19,22.04,18.09,136,360.16,79.6,100.7,1.37,5.16
2020-09-20,22.28,12.79,135.3,338.78,76.9,100.2,1.25,3.708
2020-09-21,16.93,10.11,176.33,277.89,65.9,101.4,0.06,4.383
2020-09-22,16.61,8.43,128.49,297.99,63.5,102.2,0.08,2.67
2020-09-23,14.21,9.25,69.57,314.32,77.8,101.2,0.15,0.516
2020-09-24,18.41,9.88,84.64,322.17,80.1,99.9,2.76,5.901
2020-09-25,12.77,8.04,99.5,306.72,72.6,100.6,1.97,3.504
2020-09-26,12.36,6.68,99.68,301.83,61.2,101.4,1.53,0.332
2020-09-27,10.25,4.68,45.24,311.33,81.3,100.7,25.26,1.871
2020-09-28,9.63,5.36,114.92,290.01,66.6,101.3,1.14,2.572
2020-09-29,11.54,5.02,81.37,301.69,72.1,101.1,0.48,4.443
2020-09-30,17.93,10.24,58.64,353.92,84.5,98.8,7.85,6.999
2020-10-01,17.68,13.49,26.58,359.73,88.4,98.6,26.59,3.43
2020-10-02,17.03,9.81,108.23,312.25,81,99.7,0.09,1.632
2020-10-03,16.76,9.32,106.41,304.24,83.8,100.3,0.85,2.333
2020-10-04,15.95,10.24,45.02,320.49,86.6,99.6,6.51,2.224
2020-10-05,16.69,8.45,134.59,299.91,73.9,100.8,0.03,1.978
2020-10-06,20.27,12.87,112.92,336.91,78.8,100.2,0,2.111
2020-10-07,16.7,8.53,56.08,320.27,87.8,100.6,7.12,1.353
2020-10-08,15.65,6.48,138.98,273.36,81,101.5,0,0.709
2020-10-09,14.43,5.59,133.32,272.53,86.9,101.8,0.4,0.797
2020-10-10,16.76,6.23,117.46,301.5,83,102.3,0.04,2.295
2020-10-11,17.86,11.44,119.84,326.15,83.2,102.3,0.05,2.396
2020-10-12,16,10.94,102.84,316.23,82.7,101.5,0.18,2.076
2020-10-13,13.46,8.62,45.77,325.21,90.8,101.2,0.68,0.426
2020-10-14,16.39,7.92,105.96,310.13,84.9,100.9,0.58,2.334
2020-10-15,13.54,8.09,75.99,311.79,79.6,101.9,0.03,0.227
2020-10-16,15.23,10.34,90.16,324.06,77.1,102,0.07,2.138
2020-10-17,15.8,7.31,115.08,285.16,88.2,101.9,0,1.199
2020-10-18,13.66,7.35,60.42,321.76,94.2,102,0.24,1.105
2020-10-19,16.38,9.88,91.03,325.71,90.6,101.6,0.11,1.571
2020-10-20,15.8,10.33,89.34,324.97,92.3,101.4,0.13,1.422
2020-10-21,14.12,10.06,75.32,329.11,90.5,101.1,0.22,2.078
2020-10-22,15.11,10.3,65.79,343.28,90.8,101,0.26,2.298
2020-10-23,15.84,12.01,37.13,347.19,94.7,100.8,2.53,1.171
2020-10-24,16.64,12.14,54.08,322.41,89.2,100.6,0.33,1.506
2020-10-25,15,11.05,37.94,324.14,85.5,99.1,21.83,2.615
2020-10-26,13.73,9.57,88.51,288.48,78.9,99.2,0.04,5.601
2020-10-27,12.63,7.49,67.13,296.49,79.7,99.8,0,4.726
2020-10-28,10.23,6.17,44.41,310.87,84.7,100.8,0.68,0.517
2020-10-29,10.85,6.26,50.18,310.14,78.7,101.4,0.05,1.256
2020-10-30,13.6,8.12,57.28,311.3,86.6,100.7,0.17,1.428
2020-10-31,12.1,7.76,49.3,309.84,84.1,100.5,0.1,0.929
2020-11-01,10.61,7.4,41.31,308.49,81.6,100.3,0.04,1.492
2020-11-02,12.74,7.02,72.63,285.12,80.6,100.8,0,3.582
2020-11-03,11.66,7.83,63.07,314.85,81.7,101.4,0.12,3.523
2020-11-04,8.71,6.07,48.8,307.53,80.3,101.4,0.32,3.087
2020-11-05,8.85,3.14,79.82,252.3,81.3,101.4,0,2.092
2020-11-06,8.29,0.26,77.22,247.6,90.9,102,0,0.625
2020-11-07,8.21,0.28,69.52,265.9,93.9,102.6,0.11,0.274
2020-11-08,5.92,2.51,45.6,302.8,95.9,102.5,0.21,0.511
2020-11-09,8.5,1.34,41.26,309.68,95.9,101.8,0.19,1.364
2020-11-10,10.01,7.51,48.17,320.99,88.6,101.1,0.37,2.476
2020-11-11,8.64,6.45,49.33,310.11,76.2,101.5,0.44,3.043
2020-11-12,7.67,0.99,61.17,261.68,72.2,101.9,0.06,2.344
2020-11-13,7.12,-1.97,72.43,230.68,81.2,101.8,0,1.532
2020-11-14,10.13,-0.03,31.77,303.51,93.2,101.3,0.2,1.317
2020-11-15,14.86,9.32,25.12,352.03,94.5,100.6,0.39,1.856
2020-11-16,14.68,9.83,17.87,323.16,90.2,99.8,3.52,1.579
2020-11-17,12.75,8.01,57.76,277.54,84.5,100.8,0,1.651
2020-11-18,13.45,9.52,33.9,320.32,88.4,99.4,2.97,2.496
2020-11-19,12.58,9.67,48.15,293.39,80.1,98.8,0.23,3.315
2020-11-20,11.89,9.18,49.32,291.52,74.1,99.3,0.23,6.095
2020-11-21,11.12,5.38,45.93,269.2,84.2,99.7,0,3.959
2020-11-22,9.34,2.99,45.57,268.37,90.2,99.7,0,1.371
2020-11-23,7.29,2.6,32.11,284.5,93.7,99.5,0,0.923
2020-11-24,8.57,4.84,28.63,312.16,94.1,100.1,1.01,1.413
2020-11-25,7.72,3.39,29.01,288.75,88.1,100.4,0.45,2.436
2020-11-26,10.68,6.09,19.41,319.45,92.5,99.1,12.18,1.21
2020-11-27,12.52,7.66,31.8,312.47,84,97.5,1.98,3.489
2020-11-28,9.37,3.25,29.44,277.33,88.7,98.5,0,2.706
2020-11-29,6.61,1.12,27.9,282.21,93.9,99.3,0.47,0.698
2020-11-30,8.79,3.29,31.36,295.22,89.5,99.6,14.79,1.612
2020-12-01,9.03,6.4,20.83,321.87,88.4,99.3,5.3,2.741
2020-12-02,7.38,5.86,15.36,323.16,95.4,99.8,4.03,0.887
2020-12-03,8.86,5.57,21.28,313.8,93.3,100.4,0.4,1.513
2020-12-04,8.7,4.55,25.17,280.44,87.1,100.2,0.9,2.937
2020-12-05,10.45,4.65,16.77,308.75,86.7,99.2,3.38,1.753
2020-12-06,8.21,5.62,14.33,305.21,88.8,98.1,1.08,1.382
2020-12-07,8.35,5,29.83,281.85,79.3,99.1,0.02,4.112
2020-12-08,8.58,4.28,10.94,299.22,87.4,99.3,3.04,1.511
2020-12-09,8.42,5.22,38.21,273.95,85.4,98.9,0.08,1.576
2020-12-10,6.6,3.89,30.85,293.52,85.2,99.9,2.57,3.643
2020-12-11,5.38,1.87,34.48,274.02,77.7,100.8,0.22,2.685
2020-12-12,6.63,4.4,19.44,302.78,85.2,100.1,5.18,4.311
2020-12-13,7.73,3.95,25.23,297.24,84.6,101.3,0.16,1.784
2020-12-14,10.24,5.47,17.33,314.48,91.7,101.7,1.22,3.155
2020-12-15,11.13,7.24,22.45,329.75,93.1,101.5,6.06,2.588
2020-12-16,10.61,5.17,20.28,306.07,91.9,101.2,2.29,1.586
2020-12-17,8,3.16,34.57,260.93,85,101.6,0,3.864
2020-12-18,9.02,6.33,34.1,282.8,79.4,101.3,2.31,6.127
2020-12-19,10.82,6.14,25.98,301.91,85.8,101.7,0.16,5.64
2020-12-20,10.91,6.63,25.27,286.12,88,101.4,0.04,2.97
2020-12-21,10.12,7.15,18.16,317.08,91.9,100.7,0.55,1.203
2020-12-22,9.33,0.67,15.44,296.25,91.7,101.5,0.6,0.352
2020-12-23,5.56,-0.44,22.89,287.5,87.8,102,0.09,1.707
2020-12-24,9.89,4.89,31.39,296.39,86,101.3,0.05,3.473
2020-12-25,9.95,5.39,27.94,294.6,81.6,99.9,1.99,3.805
2020-12-26,8,4.68,10.89,294.92,67.3,98,0.87,8.341
2020-12-27,7.11,2.73,31.3,277.61,72.6,99.2,0.39,3.832
2020-12-28,12.4,3.23,8.86,325.93,88.9,99.1,5.65,3.419
2020-12-29,11.11,6.51,25.52,302.7,64.8,98.3,1.03,8.988
2020-12-30,7.87,1.29,18.85,291.03,78.8,99.9,2.38,4.444
2020-12-31,5.94,0.41,27.62,275.07,79.8,100.5,2.04,1.726
2021-01-01,4,-0.47,36.37,261.53,81,101.1,1.68,1.129
2021-01-02,10.12,3.3,15.86,318.01,91.9,99,10.94,3.706
2021-01-03,9.28,7.4,14.67,333.3,95.3,100.4,1.96,0.792
2021-01-04,13.06,8.67,36.48,309.57,82,100.6,1.75,4.912
2021-01-05,10.79,6.59,33.42,280.67,79.5,101.4,0,3.82
2021-01-06,12.65,7.08,15.23,327.24,85.3,100.1,4.42,4.333
2021-01-07,8.7,4.37,43.65,261.59,80,101.5,0,3.461
2021-01-08,9.21,3,22.79,307.06,86.3,101,8.34,1.566
2021-01-09,13.7,8.63,19.16,332.16,89.7,98.8,2.39,2.488
2021-01-10,9.26,6.33,26.98,286.37,66.6,98.8,0.73,6.59
2021-01-11,7.81,4.35,42.37,261.85,71,98.9,0.06,4.783
2021-01-12,7.38,4,27.88,273.21,79.1,99.4,0.36,5.794
2021-01-13,8.27,4.49,28.01,298.49,81.6,100.6,0.13,3.084
2021-01-14,8.45,4.46,8.17,311.05,89.5,100.2,8.39,1.061
2021-01-15,5.99,1.87,32.85,276.19,81,100.9,1.67,2.779
2021-01-16,4.37,1.13,19.08,289.84,79.5,101.8,0.3,2.456
2021-01-17,2.32,-1.38,27.5,264.48,75.1,101.7,0.4,3.005
2021-01-18,1.23,-2.64,33.71,256.63,82.1,100.8,0.09,2.685
2021-01-19,0.07,-2.66,53.66,252.5,71.1,100.9,0.11,1.748
2021-01-20,9.33,0.14,39.93,281.83,74.7,99.9,1.64,3.833
2021-01-21,6.51,2.11,29.93,262.22,71.7,99.8,0,2.961
2021-01-22,2.55,0.49,4.51,288.62,90.9,99,16.49,1.515
2021-01-23,8.28,-1.04,34.97,283.2,88.5,99,3.56,1.387
2021-01-24,8.6,4.79,51.07,279.78,80.7,97.5,1.31,4.983
2021-01-25,5.62,3.08,16.7,296.98,92.8,97.3,5.19,1.258
2021-01-26,6.88,2.82,40.81,277.73,88.2,98,1.67,2.161
2021-01-27,4.24,1.95,41.6,290.71,88.1,99.4,8.57,0.463
2021-01-28,13.1,2.9,39.32,310.37,83.6,99.2,0.97,2.06
2021-01-29,12.07,8.26,63.52,288.78,79.8,99.7,1.79,3.716
2021-01-30,10.19,5.99,64.69,286.51,83,100.4,3.01,2.774
2021-01-31,12.42,6.7,37.8,307.23,87.4,99.7,1.57,1.438
2021-02-01,11.02,7.58,37.28,314.44,85,98.7,3.31,2.526
2021-02-02,11.15,8.7,64.6,282.47,76.7,98.5,0.1,5.476
2021-02-03,11.24,7.09,65.64,286.58,77.7,99.2,0.34,4.485
2021-02-04,7.03,1.82,50.08,278.83,73,100,0.05,0.93
2021-02-05,3.32,-1.42,22.95,268.49,68,100.4,0.7,1.117
2021-02-06,4.22,-1.89,37.21,261.63,83.2,100.6,0.52,1.024
2021-02-07,7.72,1.18,18.53,311.86,90,99.4,9.46,3.551
2021-02-08,10.33,6.88,45.05,316.09,89.9,98.4,6.44,2.581
2021-02-09,10.84,4.83,81.25,271.27,84.5,99.3,0,1.833
2021-02-10,10.83,6.48,69.85,290.81,82.4,99.5,1.3,1.786
2021-02-11,10.38,5.06,59.81,286.8,87.7,99.4,2.41,1.345
2021-02-12,8.9,4.78,74.6,269.26,81.6,100.3,0.11,2.477
2021-02-13,10.37,5.36,33.4,310.37,89.1,100.4,1.51,2.08
2021-02-14,11.58,7.1,60.26,307.79,88,99.6,2.43,2.614
2021-02-15,11.52,7.06,71.22,299.38,84.7,99.5,3.66,1.859
2021-02-16,7.64,5.3,25.11,300.66,87.3,100.2,3.81,2.065
2021-02-17,7.91,1.69,97.11,252.38,73.8,101.5,0.21,0.81
2021-02-18,7.56,4.99,41.04,317.84,91.7,100.4,4.77,2.642
2021-02-19,10.81,6.66,72.11,305.59,90.3,99.9,1.9,0.951
2021-02-20,11.79,7.16,74.4,310.36,89.4,100.1,1.2,1.278
2021-02-21,11.3,6.44,94.7,290.29,85.3,100.1,4.42,1.939
2021-02-22,12.19,6.45,71.25,311.77,79.4,100.3,1.32,2.897
2021-02-23,13.06,8.3,46.79,323.84,86.2,100.8,2.55,2.858
2021-02-24,12.8,6.35,60.48,305.21,82.4,100.2,0.15,2.723
2021-02-25,10.56,6.19,97.56,283.5,82.4,100.1,1.27,3.595
2021-02-26,10.94,5.94,66.04,297.96,85.9,99.8,2.66,2.214
2021-02-27,10.26,5.27,93.03,288.32,75,100.8,0.39,3.894
2021-02-28,10.61,5.67,102.9,294.93,78.7,100.1,4.38,2.744
2021-03-01,8.39,4.8,71.37,295.29,81.7,98.9,0.6,1.26
2021-03-02,7.71,2.62,73.38,294.13,75.9,98.3,1.33,1.968
2021-03-03,5.37,2.41,56.83,301.99,78.5,98.8,0.25,1.513
2021-03-04,5.61,2.1,52.24,302.18,78.6,100.2,0.9,1.878
2021-03-05,6.92,-0.22,82.71,266.11,66.1,101.8,0,1.77
2021-03-06,6.7,-3.49,147.51,231.54,74.8,103,0,0.397
2021-03-07,8.28,-0.01,94.6,280.72,68.9,103.2,0.07,0.873
2021-03-08,8.35,3.34,67.63,305.15,77.6,102.1,0.88,1.7
2021-03-09,9.12,6.06,92.89,294.66,78.8,101.6,0.75,4.37
2021-03-10,11.32,5.74,94.11,295.13,80,101.5,0.03,4.767
2021-03-11,13.33,6.35,88.26,303.55,77.9,100.8,3.6,6.362
2021-03-12,11.82,6.02,112.46,305,73,101.8,0.05,4.428
2021-03-13,15.43,10.53,136.49,322.54,79.6,100.7,3.78,4.617
2021-03-14,10.89,6.45,119.03,298.11,72.3,100.4,2.68,4.342
2021-03-15,10.23,5.9,64.35,297.05,74.1,99.8,4.04,3.949
2021-03-16,10.59,5.41,107,293.33,73.6,99.7,5.39,1.397
2021-03-17,8.53,3.59,84.77,285.23,78,99.2,3.93,3.523
2021-03-18,7.44,2.67,88.68,282.22,76.8,99.6,1.73,2.424
2021-03-19,8.01,2.14,140.87,277.49,66.2,100.8,2.56,2.861
2021-03-20,8.58,4.28,100.56,294.42,77.5,98.8,4.11,7.363
2021-03-21,9.55,3.55,146.59,274.86,63,99.2,0.57,6.069
2021-03-22,7.9,-0.44,109.88,261.46,72.4,100,0.12,1.057
2021-03-23,6.29,1.3,144.38,262.69,66.8,100.2,0.55,2.43
2021-03-24,5.96,-0.76,127.53,255.06,70.2,100.6,0.35,1.517
2021-03-25,7.5,-2.69,162.57,240.58,64.3,100,0.05,1.312
2021-03-26,8.15,2.21,143.61,267.27,58.5,99.7,0,3.37
2021-03-27,7.98,2.49,105.75,279.66,58.8,99.8,0,2.068
2021-03-28,8.18,0.96,135.7,265.34,63.3,100.2,0.04,2.13
2021-03-29,8.28,0.42,143.54,260.42,68.1,100.4,0.15,0.77
2021-03-30,9.55,-0.59,138.28,273.75,68.1,100.6,0.77,0.978
2021-03-31,9.93,3.94,68.79,324.95,93.2,99.2,9.6,3.344
2021-04-01,12.9,6.08,105.12,328.27,91.3,99.2,3.39,1.794
2021-04-02,12.04,7.92,116.98,305.3,86,98.8,3.56,0.979
2021-04-03,12.09,6.36,92.68,318.25,90.9,99.2,6.64,0.954
2021-04-04,10.62,4.94,96.96,313.08,83.2,99.9,3.38,2.76
2021-04-05,8.38,3.48,80.07,306.26,85.7,99.1,3.05,3.239
2021-04-06,8.26,3.1,128.92,290.86,74,99.8,0.19,0.553
2021-04-07,8.89,3.47,98.39,307.89,71.9,100.2,4.94,3.427
2021-04-08,6.51,3.01,53.54,314.36,83.8,100,9.81,4.711
2021-04-09,8.11,2.6,136.87,293.98,65.8,100.8,1.61,1.776
2021-04-10,10.73,3.67,145.09,293.5,67.8,101.1,0.14,1.566
2021-04-11,9.69,4.06,134.85,286.99,65.5,100,0.06,2.538
2021-04-12,11.07,4.41,125.04,300.77,78.8,98.5,8.02,0.802
2021-04-13,8.98,3.12,111.5,296.03,80.3,98.4,1.51,1.024
2021-04-14,9.62,0.88,157.45,271.42,68.1,99.9,0.03,0.993
2021-04-15,7.6,0.59,94.5,278.03,77.1,100.2,3.42,0.345
2021-04-16,8.78,0.84,178.06,276.25,69.2,101.1,3.06,1.329
2021-04-17,8.67,-1.27,184.06,256.58,68.1,101.7,0.53,0.93
2021-04-18,7.17,3.68,161.11,283.74,56.7,102.3,0.35,1.838
2021-04-19,8.69,4.03,243.53,263.04,61.3,102.5,0.12,2.238
2021-04-20,9.85,5.33,92.12,309.48,79.6,101.7,1.09,5.711
2021-04-21,12.82,7.93,151.66,317.12,74.3,101.3,0.06,4.507
2021-04-22,14.12,7.41,139.8,319.04,80.6,101.6,0.52,2.847
2021-04-23,12.64,8.14,112.43,318.77,76.4,100.7,0.55,4.087
2021-04-24,11.9,6.7,175.21,298.55,67.8,99.7,3.55,4.887
2021-04-25,12.84,4.45,189.71,277.97,70.3,100,1.92,2.246
2021-04-26,9.79,4.91,155.4,283.3,77.2,100,2,4.59
2021-04-27,13.11,3.71,95.82,300.69,85,99.8,3.4,3.602
2021-04-28,14.12,8.38,189.22,300.98,70.2,100.8,0.23,6.189
2021-04-29,17.58,8.68,193.23,323.01,75.1,102.4,0.05,3.307
2021-04-30,16.27,9.01,202.76,317.66,79.9,102.8,0.08,2.785
2021-05-01,19.28,9.1,228.38,319.51,81.4,102.7,0.11,1.338
2021-05-02,13.42,7.71,248.44,279.46,62.5,102.9,0.11,1.966
2021-05-03,12.05,3.77,223.85,269.03,66.6,103.2,0.12,1.399
2021-05-04,12.5,3.94,199.56,284.35,70.9,103.3,0.09,0.517
2021-05-05,14.55,6.94,207.59,294.77,71,102.6,0.03,2.585
2021-05-06,12.17,8.19,150.58,319.55,70,101.8,0.32,4.027
2021-05-07,13.68,5.81,192.88,295.14,58.9,101.8,0.09,1.634
2021-05-08,14.2,2.47,238.82,267.8,70.7,102.5,0.09,1.106
2021-05-09,17,3.84,266.69,281.49,71,102.4,0.02,0.373
2021-05-10,17.41,6.78,256.51,300.7,80.3,102.3,0.14,1.067
2021-05-11,16.01,8.35,170.5,322.34,79.3,102.4,0.35,0.367
2021-05-12,16.98,6.32,212.74,291.84,77.8,102.3,0.21,1.203
2021-05-13,18.19,4.47,297.16,269.08,75.9,102.3,0,0.195
2021-05-14,20.43,7.55,227.64,304.26,69.4,102,0.04,0.753
2021-05-15,18.85,7.69,262.53,295.55,69.5,101.8,0.34,0.916
2021-05-16,12.33,7.06,227.35,288.28,56.2,102.3,0.21,2.371
2021-05-17,13.97,4.69,176.28,297.12,65.9,101.9,3.23,1.194
2021-05-18,14.44,6.62,180.9,312.73,82.3,101.8,0.32,0.231
2021-05-19,18.53,10.82,259.12,310.39,72.4,101.9,0,3.29
2021-05-20,19.18,10.37,190.33,330.15,78.7,101.4,0.08,3.162
2021-05-21,20.61,9.29,238.94,312.07,76.9,100.7,0.04,0.507
2021-05-22,19.34,10.53,219.26,324.19,73.7,100.3,1.56,4.081
2021-05-23,14.09,8.19,226.18,283.48,59.9,100.7,0.78,7.805
2021-05-24,13.75,7.88,184.49,302.84,67.8,101.4,0.89,3.512
2021-05-25,15,8.72,162.7,323.72,72,101.7,1.67,2.084
2021-05-26,13.82,7.59,102.76,331.06,80.8,102.2,7.11,1.081
2021-05-27,16.19,11.84,115.38,348.14,89.8,101.7,8.55,0.747
2021-05-28,15.97,7.39,319.35,277.31,63.5,102.6,0,3.159
2021-05-29,17.08,6.43,307.6,277.93,61.6,102.9,0,2.632
2021-05-30,14.88,5.35,223.29,284.67,66.1,102.5,0.06,1.87
2021-05-31,15.62,5.63,220.23,292.1,66.7,102,0.06,1.167
2021-06-01,16.35,5.9,217.18,299.51,67.3,101.6,0.07,0.956
2021-06-02,17.96,6.98,219.1,317.65,69.4,100.8,0.01,0.416
2021-06-03,18.61,9.96,214.86,321.75,70.4,100.1,0.93,0.189
2021-06-04,17.49,9.41,212.6,308.5,72.4,100.3,0.73,1.179
2021-06-05,15.59,9.83,155.71,317.65,80.9,100.4,5.2,1.08
2021-06-06,15.24,8.3,166.05,314.88,81.6,100.8,6.34,1.277
2021-06-07,16.69,10.45,219.08,316.94,76.4,101.2,6.32,4.025
2021-06-08,21.28,10.71,266.78,322.13,72.8,102.1,0.04,3.15
2021-06-09,23.62,9.19,337.33,304.37,69,102,0,1.306
2021-06-10,23.99,12.55,267.65,327.1,71.5,101.3,0.07,0.183
2021-06-11,19.86,11.57,315.74,303.18,65.6,101.1,0.89,2.689
2021-06-12,20.87,10.65,205.46,328.69,79.8,101.2,0.48,3.106
2021-06-13,17.31,9.59,217.56,303.65,70.9,101.1,0.32,2.588
2021-06-14,14.93,8.74,197.13,300.15,65.9,101.4,0.26,3.011
2021-06-15,16.76,9.3,176.22,328.37,82.9,100.2,8.73,2.297
2021-06-16,16.79,10.14,236.99,314.75,67.4,101.3,0.9,3.649
2021-06-17,15.68,11.49,254.8,308.12,65.7,102.1,0.01,3.151
2021-06-18,19.75,11.58,234.55,321.26,72.1,101.9,0.26,1.291
2021-06-19,21.64,9.85,246.2,323.39,64.4,101.6,0.12,1.448
2021-06-20,20.63,13.84,142.68,366.55,75.3,101.1,0.11,0.92
2021-06-21,23.5,14.35,279.78,346.64,78.7,101,4.08,1.051
2021-06-22,23.68,16,270.32,351.75,79.6,101.1,0.73,0.67
2021-06-23,24.2,14.84,276.79,347.37,73.7,101,1.05,2.395
2021-06-24,21.34,13.46,188.58,355.74,81.2,101,18.4,0.859
2021-06-25,20.12,13.04,199.8,347.82,77.8,101,6.14,2.268
2021-06-26,21.47,12.74,249.31,334.06,77.6,101,3.2,2.53
2021-06-27,21.36,13.43,234.72,339.46,76.9,101.3,0.36,1.014
2021-06-28,23.93,12.82,282.51,328.74,74.6,101.4,0,2.148
2021-06-29,25.1,15.15,255.92,351.6,77.8,101.5,0.07,1.915
2021-06-30,27.37,15.07,325.05,344.51,71.8,100.9,0,0.859
2021-07-01,21.48,14.24,204.55,331.52,77.4,100.2,16.38,2.256
2021-07-02,19.23,12.52,312.89,293.27,64.1,100.7,0,4.443
2021-07-03,19.95,13.22,288.43,317.81,70.2,101.1,0.22,3.63
2021-07-04,21.22,10.69,234.99,321.21,76.5,101.4,1.61,1.786
2021-07-05,21.99,9.34,318.25,297.88,67.7,101.7,0,1.656
2021-07-06,19.68,12.38,297.75,310.41,69.7,101.9,0,2.633
2021-07-07,21.78,11.41,250.13,327.07,75.3,101.9,0.63,1.521
2021-07-08,24.13,11.02,308.9,320.87,70.2,101.4,0.72,1.289
2021-07-09,19.85,13.67,221.62,342.99,76.3,100.3,6.45,3.572
2021-07-10,19.78,12.94,224.33,337.61,78.3,99.6,3.36,3.005
2021-07-11,19.69,11.07,262.57,315.5,71.5,99.8,0.45,2.452
2021-07-12,17.35,10.18,139.02,334.68,86.7,99.8,8.63,0.17
2021-07-13,18.72,12.13,188.03,336.2,81.5,99.8,9.4,2.226
2021-07-14,17.75,12.9,148.08,348.8,84.3,100.2,5.85,0.476
2021-07-15,18.14,12.72,187.42,334.8,76.4,100.5,0.22,2.723
2021-07-16,18.65,12.04,249.48,314.17,69.7,100.8,0.08,3.131
2021-07-17,21.19,11.24,286.3,312.4,71.5,101.2,0.05,2.56
2021-07-18,20.21,13.54,296.71,318.57,71.7,101.5,0.09,3.134
2021-07-19,20.09,12.48,274.94,314.9,71.5,101.3,0,4.152
2021-07-20,18.39,13.76,250.07,323.26,70.7,100.6,0.17,4.401
2021-07-21,17.1,12.33,153.53,341.04,81.9,100.4,1.83,1.531
2021-07-22,18.72,11.95,243.19,321.46,76.6,100.4,4.13,2.475
2021-07-23,18.02,10.52,221.28,302.19,69.2,100.7,0.36,3.722
2021-07-24,17.67,10.32,193.73,313.46,74.2,101.1,1.35,2.64
2021-07-25,18.8,11.66,220.52,315.73,66.5,101.1,0,2.597
2021-07-26,20.46,11.24,277.2,304.19,66.7,100.9,0,3.591
2021-07-27,21.41,11.64,233.68,320.89,76,100.4,2.17,4.192
2021-07-28,20.6,13.74,174.96,345.39,77.1,100.1,6.03,2.101
2021-07-29,20.75,14.76,261.58,330.51,77.3,99.6,7.33,2.922
2021-07-30,18.99,13.88,218.98,323.63,73.6,100.3,0.25,4.927
2021-07-31,19.4,13.39,198.03,331.2,76.5,100.4,1.07,4.551
2021-08-01,19.82,12.89,177.25,338.58,79.4,100.5,1.89,4.2
2021-08-02,19.47,14.42,277.8,314.86,68.1,100.1,0.92,5.647
2021-08-03,18.75,12.28,216.48,310.44,65.8,100.3,0,4.426
2021-08-04,17.27,11.52,152.11,332.96,81.5,100.1,6.52,2.585
2021-08-05,18.22,11.72,217.99,318.11,73.8,100.7,0.59,3.901
2021-08-06,19.09,11.17,198.5,325.12,83.3,100.9,4.22,0.932
2021-08-07,19.75,12.15,270.99,307.73,69.2,101.2,0.11,2.421
2021-08-08,20.76,11.63,252.32,307.56,74.2,101.3,0.05,1.71
2021-08-09,23.28,9.44,226.49,320.5,77.1,100.9,0,0.799
2021-08-10,21,15.41,228.46,343.32,79.8,99.9,7.2,3.066
2021-08-11,21.11,13.83,237.22,319.83,76,100.2,1.38,4.565
2021-08-12,23.18,11.22,220.04,325.82,74.6,101.1,0.09,1.944
2021-08-13,23.42,14.14,189.74,347.09,81.9,100.8,3.31,2.814
2021-08-14,19.9,14.44,213.73,336.43,75.8,100.7,0.29,5.592
2021-08-15,18.77,14.74,218.63,318.02,64.8,100.8,0.04,6.873
2021-08-16,19.22,13.49,231.09,306.79,65,101.1,0.33,6.912
2021-08-17,17.83,12.43,162.54,319.66,70.5,101.9,0.4,4.195
2021-08-18,21.99,10.73,221.03,322.04,70.5,101.9,0.04,3.633
2021-08-19,20.02,12.92,136.58,339.41,78.4,101.7,2.37,3.588
2021-08-20,17.28,11.45,119.94,329.05,72.6,101.4,0.88,3.449
2021-08-21,17.37,10.26,159.37,311.69,73.4,100.5,0.52,5.062
2021-08-22,16.88,10.12,188.47,311.86,70.6,101,1.45,4.097
2021-08-23,15.87,8.75,171.02,295.03,71,101.5,0.06,1.379
2021-08-24,16.6,8.69,162.47,314.17,62.7,101.6,0.19,0.523
2021-08-25,17.9,7.94,204.41,288.77,65.3,101.8,0.1,1.998
2021-08-26,18.14,9.75,180.35,303.35,74.7,101.6,1.15,3.755
2021-08-27,17.05,8.31,182.47,297.29,73.9,102.1,0.28,0.885
2021-08-28,19.16,8.99,156.77,328.97,75.1,101.8,0,4.293
2021-08-29,17.31,12.24,164.29,317.24,73.8,101.5,0.08,4.3
2021-08-30,19.02,10.67,182.09,308.43,70,101.9,0.03,0.982
2021-08-31,18.48,10.22,186.1,306.27,68.3,102.1,0.04,0.775
2021-09-01,17.93,9.76,190.1,303.29,66.7,102.3,0.05,1.337
2021-09-02,18.16,8.48,165.9,312.25,68,102.7,0.11,1.067
2021-09-03,16.78,9.13,156.6,310.74,68.2,102.6,0.11,1.181
2021-09-04,19.01,8.05,176.56,301.86,67.7,102.3,0.03,1.49
2021-09-05,18.65,7.48,207.76,283.85,74.4,102.3,0,0.75
2021-09-06,19.53,9.52,204.88,298.89,74.8,102.3,0.1,0.717
2021-09-07,21.41,8.68,193.13,300.93,72,102.1,0.02,1.1
2021-09-08,21.73,11.92,155.63,329.56,76.3,101.9,0.57,1.73
2021-09-09,22.13,9.89,194.46,310.72,75.7,101.6,0,2.169
2021-09-10,19.13,11.91,187.3,310.16,70,101.3,1.8,3.933
2021-09-11,16.25,8.52,187.66,282.96,64.1,101.8,0.06,2.047
2021-09-12,17.13,5.52,144.94,300.89,67.5,101.9,0.05,0.514
2021-09-13,20.14,12.2,140.04,328.49,57.9,101.1,0.02,2.132
2021-09-14,22.74,12.76,166.32,343.69,73,100.1,2.8,1.556
2021-09-15,19.6,14.03,72.36,350.92,89.7,100.1,10.56,1.243
2021-09-16,18.49,11.02,165.63,308.6,71.1,100.7,1.74,2.721
2021-09-17,18.07,10.65,164.8,307.7,76.1,100.8,0.27,2.795
2021-09-18,17.17,8.11,166.73,294.94,73.7,101.5,0.05,0.65
2021-09-19,17.73,8.67,176.4,296.68,64.6,101.4,0.06,1.2
2021-09-20,19.73,9.2,152.44,310.94,72.8,101.9,0,1.441
2021-09-21,16.07,10.94,76.64,352.04,90.1,102.2,3.22,0.408
2021-09-22,15.89,10.9,102.62,331.89,79.1,102.3,0.69,1.485
2021-09-23,16.18,10.07,103.56,335.87,79.9,102.3,1.05,1.923
2021-09-24,16.77,12.57,88.55,352.07,86.4,102,1.46,3.435
2021-09-25,19.06,11.71,119.02,341.36,79.7,101.5,0.8,3.604
2021-09-26,19.84,13.5,78.14,356.65,92.7,101.5,3.16,1.324
2021-09-27,22.04,12.29,151.17,331.02,87,102.2,0.14,1.493
2021-09-28,20.22,13.5,81.38,350.4,90.4,102.4,0.03,1.379
2021-09-29,20.22,14.14,78.53,363.77,89.4,102.4,0.12,0.784
2021-09-30,20.9,16.5,97.58,372.15,89.2,102.3,0.27,0.576
2021-10-01,21.31,16.4,104.3,369.61,86.1,102.2,0.21,0.981
2021-10-02,20.26,14.23,91.47,358.54,86.1,102,0.42,0.915
2021-10-03,19.11,12.17,115.09,331.39,81.9,101.3,0.03,3.078
2021-10-04,15.71,11.13,102.64,317.9,69.5,101.1,1.1,4.321
2021-10-05,13.88,7.88,130.99,288.6,67.7,102.4,0.05,0.798
2021-10-06,16.18,6.16,147.57,276.45,77.7,102.7,0,1.014
2021-10-07,17.52,5.58,146.82,274.79,82.1,102.5,0,0.46
2021-10-08,18.48,5.51,143.94,284.37,82.9,102.2,0,0.534
2021-10-09,17.59,9.33,108.28,318.07,85.3,101.9,0.07,2.202
2021-10-10,14.88,7.59,104.15,291.77,75.6,101.7,0.02,2.397
2021-10-11,15.15,7.11,104.29,298.88,81.1,102.4,0.06,1.57
2021-10-12,15.63,9.34,101.94,316.16,80.5,102.1,0.04,2.319
2021-10-13,14.65,10.5,91.05,316.74,76.1,101.5,1.38,3.92
2021-10-14,16.92,10.37,76.67,325.25,80.8,101.1,0.08,5.92
2021-10-15,16.38,11.03,58.12,335.57,82.4,100.7,1.16,5.485
2021-10-16,12.68,9.03,71.82,313.5,83.8,101.3,1.32,2.215
2021-10-17,16.82,9.96,87.24,335.24,82.3,101.5,0,3.861
2021-10-18,16.92,12.91,82.57,322.95,83.3,101.3,0,5.796
2021-10-19,18.47,8.79,68.93,324.31,83.2,101,4.92,5.153
2021-10-20,9.75,5.44,94.46,276.21,61.9,102,0.05,2.033
2021-10-21,9.25,2.9,102.24,256.8,66.1,102.2,0,1.424
2021-10-22,9.05,0.33,87.14,268.91,71.1,101.8,1.72,0.768
2021-10-23,9.75,5.16,43.22,320.41,82.4,100.4,8.62,2.541
2021-10-24,15.07,5.78,94.21,299.03,82.3,99.5,0.55,1.763
2021-10-25,15.11,11.69,72.6,326.03,83.7,100.1,6.91,1.203
2021-10-26,16.53,11.56,64.91,317.68,85.8,100.5,0.18,1.738
2021-10-27,14.68,11.84,28.78,336.42,93,99.9,2.34,2.012
2021-10-28,14.89,12.39,48.92,333.7,88.1,99.4,3.48,1.933
2021-10-29,18.97,13.65,63.5,351.87,82.1,99.1,3.95,3.394
2021-10-30,16.63,13.11,64.45,329.81,84.5,99.5,0.41,2.358
2021-10-31,16.4,12.96,62.96,330.4,86.5,99.5,1.49,2.914
2021-11-01,16.16,12.8,61.46,330.89,88.5,99.6,2.56,2.915
2021-11-02,15.64,11.3,52.79,335.69,92.2,100.5,0.79,1.223
2021-11-03,12.82,10.69,38.2,340.87,88.1,101.2,0.21,1.524
2021-11-04,12.71,9.58,12.45,336.85,91.4,99.9,8.41,1.679
2021-11-05,13.26,8.13,78.65,277.73,83,100.4,0,2.916
2021-11-06,15.12,9.65,54.93,322.66,82.5,100.5,0.04,1.65
2021-11-07,12.37,10.28,54.02,310.21,82.1,99.7,2.21,1.418
2021-11-08,12.62,10.4,36.71,329.37,89.4,100.1,7.18,1.479
2021-11-09,12.51,10.72,23.66,345.6,92,100.3,8,3.363
2021-11-10,11.75,9.37,38.53,316.72,90.4,100.3,2.94,2.643
2021-11-11,12.42,9.27,27.08,336.15,90.3,99.9,9.23,3.542
2021-11-12,13.19,9.46,16.31,343.72,93.6,99.6,17.05,0.54
2021-11-13,11.76,8.6,39.7,320.82,91.8,100.2,1.66,1.665
2021-11-14,11.01,8.5,36.89,316.35,92.6,100.3,0.17,2.423
2021-11-15,9.15,6.16,17.75,321.75,87.3,100.4,2.62,4.035
2021-11-16,8.96,6.11,20.68,326.3,93,100.5,4.25,3.159
2021-11-17,8.05,5.54,27.15,313.73,90.3,100.3,0.98,1.768
2021-11-18,7.5,4.63,36.84,306.04,88.8,100,1.56,0.568
2021-11-19,8.51,2.76,45.17,277.02,93.8,100.2,0.02,1.108
2021-11-20,9.16,5.74,27.14,317.72,92.8,100.7,0.06,2.576
2021-11-21,8.74,5.19,29.65,308.57,94.8,101.8,0.11,1.724
2021-11-22,7.99,4.47,32.2,300.77,92.1,102,0.31,1.321
2021-11-23,6.43,2.82,43.95,279.7,88.4,102,0.11,0.597
2021-11-24,5.14,2.15,32.17,286.11,83.2,101.9,0.04,0.471
2021-11-25,9.88,2.6,28.51,311.36,90.5,100.6,1.68,1.044
2021-11-26,11.76,7.84,40.42,315.38,84.5,98,11.43,2.696
2021-11-27,8.68,5.9,14.47,303.88,84.6,95.9,20.64,3.678
2021-11-28,10.18,5.69,21.94,290.94,75.9,96,0.59,6.544
2021-11-29,9.56,6.81,34.6,298.42,67.5,97.9,4.43,6.487
2021-11-30,8.47,5.51,38.42,296.79,85.7,98.4,4.41,1.948
2021-12-01,9.87,5.73,19.45,288.05,84.6,97.9,2.11,3.302
2021-12-02,8.9,5.81,39.56,264.2,80.9,98,0.26,5.165
2021-12-03,8.97,4.47,44.48,265.22,75.6,99.2,0.14,4.154
2021-12-04,12.62,6.02,40.48,313.24,88,98.9,11.2,3.987
2021-12-05,10.67,8.03,42.95,297.68,72.2,98.5,2.78,8.867
2021-12-06,9.2,5.44,21.82,299.32,78,99.4,9.08,5.696
2021-12-07,7.31,4.15,34.62,283.62,77.1,101.1,0.37,2.073
2021-12-08,12.17,6.23,9.45,311.69,76.5,99.8,5.76,5.254
2021-12-09,8.27,6.04,39.05,264.46,68.9,100.4,0,6.346
2021-12-10,10.65,6.45,23.17,294.03,81.1,100.9,0.02,5.942
2021-12-11,12.54,8.21,32.07,305.89,86.2,101.7,0.04,3.756
2021-12-12,14.34,12.13,25.87,345.26,84.7,101.8,0.27,4.572
2021-12-13,12.97,10.07,21.06,339.67,87,102.1,0.72,3.101
2021-12-14,11.28,8.6,25.7,321.93,89,102,0.16,1.693
2021-12-15,13.47,10.31,24.77,338.55,89.9,101.6,0.24,1.584
2021-12-16,12.77,10.55,18.44,342.15,88.2,100.8,3.67,1.745
2021-12-17,12.76,7.54,3.22,322.76,81.9,98.5,33.14,4.983
2021-12-18,9.21,6.94,35.71,273.65,74.3,98.2,0.03,6.734
2021-12-19,10.72,6.76,13.19,305.89,75.8,98.8,4.6,5.669
2021-12-20,8.11,6.8,21.89,307.05,81.7,97.4,3.92,7.091
2021-12-21,8.85,4.77,19.37,294.47,68.1,100,0.09,6.043
2021-12-22,11.4,4.3,12.06,318.74,89.6,100.1,1.32,1.164
2021-12-23,11.22,5.07,36.85,276.83,72.5,99.2,0.18,4.849
2021-12-24,7.67,4.71,36.13,268.35,75.2,100.3,0.33,4.92
2021-12-25,11.34,5.83,10.55,304.17,85.5,99.9,7.12,4.637
2021-12-26,9.52,5.83,31.6,280.98,82,101.5,0,3.234
2021-12-27,13.15,7.51,13.2,335.09,85.4,101,3.23,2.794
2021-12-28,9.98,5.89,32.23,279.95,69.1,101.1,0.77,7.018
2021-12-29,8.41,6.39,29.13,279.49,67.5,101.7,0.3,6.678
2021-12-30,12.56,6.9,29.66,308.7,77,100.8,3.81,7.7
2021-12-31,12.08,6.5,20.71,314.24,83.1,101.3,3.83,5.277
2022-01-01,11.59,6.09,11.72,320.05,89.2,101.8,3.86,2.881
2022-01-02,11.29,8.14,21.07,326.7,89.6,101.7,0.16,3.758
2022-01-03,9.59,6.86,21.56,319.68,91.2,101.3,0.54,1.09
2022-01-04,10.78,6.76,30.01,294.92,85.7,100.6,0.44,2.262
2022-01-05,9.16,5.94,39.63,280.91,72,101.1,0,4.01
2022-01-06,14.27,6.99,19.37,334.03,88.9,100.5,3.99,3.382
2022-01-07,13.82,6.55,25.42,316.55,77.5,100.8,0.26,3.874
2022-01-08,10.99,6.15,27.97,306.01,83.6,100.4,0.82,4.496
2022-01-09,9.03,5.16,20.66,298.54,75.1,101.3,0.03,2.916
2022-01-10,12.22,5.61,17.75,313.3,88.5,101,0.14,4.214
2022-01-11,10.76,7.19,25.47,303.39,70.7,101.4,0,5.504
2022-01-12,12.72,6.87,34.05,314.84,88.9,102.1,0.03,4.197
2022-01-13,13.2,9.79,39.86,311.36,86.6,101.9,0,5.245
2022-01-14,10.82,9.35,27.8,324.4,84.5,101.7,0.06,3.556
2022-01-15,13.12,9.57,40.75,320.67,84.2,101.2,0.12,3.457
2022-01-16,12.67,8.98,32.68,317.88,79.1,100.4,0.84,3.622
2022-01-17,13.93,8.62,33.18,311.11,73.5,99.9,1.29,5.291
2022-01-18,11.2,6.34,35.82,296.47,77.5,100,3.62,1.303
2022-01-19,10.18,6.17,27.56,298.74,71.2,99,2.63,6.058
2022-01-20,7.33,2.43,32.64,279.09,71.5,99.4,2.6,6.161
2022-01-21,6.17,1.04,35.52,262.59,85.3,100.4,0.19,2.799
2022-01-22,7.19,0.44,41.31,280.71,75.8,100.9,1.77,2.707
2022-01-23,8.88,4.03,43.6,280.75,77.3,99.2,6.66,4.401
2022-01-24,6.08,3.05,20.5,293.3,84.3,98.5,3.19,2.701
2022-01-25,7.69,3.24,56.1,254.46,75.1,99.7,0.55,5.013
2022-01-26,8.85,3.13,28.25,287.47,80.7,100.6,0,1.671
2022-01-27,10.98,6.18,21.79,318.46,87.6,99.8,3.1,1.704
2022-01-28,9.1,4.51,44.48,281.83,83.1,100.6,0.41,2.277
2022-01-29,8.8,4.45,36.48,293.74,83.1,100,4.69,1.904
2022-01-30,7.43,1.4,57.51,261.55,76.8,100.9,0.04,2.573
2022-01-31,5.47,2.18,11.8,290.29,87.4,100.8,3.84,1.405
2022-02-01,9.34,1.7,61.23,268.99,88.7,101.5,0,1.531
2022-02-02,8.16,4.23,40.13,304.83,78.7,100.9,0.29,3.851
2022-02-03,10.06,4.16,54.87,296.86,88.8,99.6,5.06,2.715
2022-02-04,8.31,6.16,19.45,324.81,96.3,100.1,8.24,1.462
2022-02-05,8.31,3.13,39.04,311.02,93,101,1,1.282
2022-02-06,5.8,2.32,33.64,302.55,86.1,101.1,0.15,2.302
2022-02-07,7.07,4.3,21.96,317.93,91,100.9,7.78,3.602
2022-02-08,4.33,2,50.21,278.15,82.1,101.8,0.12,1.959
2022-02-09,5.68,0.91,44.83,296.28,80.6,102,2.7,2.145
2022-02-10,8.13,3.25,45.78,295.24,85.2,101.8,0.63,2.529
2022-02-11,9.78,3.42,66.16,281.83,87.1,101.4,0.17,1.083
2022-02-12,8.69,3.95,62.97,287.65,79.7,101.9,0.05,1.286
2022-02-13,10.71,4.22,51.05,303.64,83.8,101.9,0.1,2.443
2022-02-14,12.02,7.86,47.35,320.63,86.6,101.6,0.44,3.446
2022-02-15,10.5,5.64,74.78,298.32,82.4,101.7,0.95,3.348
2022-02-16,5.95,3.51,46,302.11,82.7,102.8,0.67,0.557
2022-02-17,8.62,3.65,34.52,318.1,95,102.7,1.97,0.411
2022-02-18,10.82,6,55.85,314.11,91.3,102.7,0.24,2.297
2022-02-19,10.9,7.25,49.14,326.29,91.5,102.8,0.97,2.298
2022-02-20,9.36,6.28,61.15,317.56,87.3,102.8,0.58,1.836
2022-02-21,10.6,5.05,55.38,307.85,87,102.4,0.23,1.777
2022-02-22,10.31,3.63,83.86,291.24,84,101.9,0.05,2.059
2022-02-23,10.94,6.01,82.69,301.5,83.5,100.9,1.24,3.217
2022-02-24,8.37,4.64,75.2,291.58,71.9,101.4,0.04,3.135
2022-02-25,8.46,3.71,81.65,294.09,75.9,101.6,0.11,0.937
2022-02-26,9.12,3.95,84.69,285.88,82,100.5,0.8,2.073
2022-02-27,14.14,7.06,46.51,332.69,92.6,98.4,1.42,2.072
2022-02-28,11.85,7.26,67.67,300,77,98.6,0.75,3.661
2022-03-01,7.71,5.02,25.37,302.19,90.1,99.7,3.55,0.816
2022-03-02,6.45,3.72,58.72,301.29,83.6,99.1,9.77,2.758
2022-03-03,8.02,3.38,87.62,272.23,73.3,99.6,0.33,5.453
2022-03-04,10.49,5.68,96.98,290.58,79.2,99.4,3.95,5.265
2022-03-05,8.95,3.22,80.78,290.47,80.6,98,4.67,3.067
2022-03-06,9.14,4.06,95.54,294.78,77.3,99,1.58,4.784
2022-03-07,10.52,2.72,38.9,307.75,91.7,99.5,4.72,0.875
2022-03-08,11.07,7.14,106.33,290.4,68.2,99.3,7.15,6.959
2022-03-09,8.88,5.38,85.29,284.26,72.2,99.8,1.1,7.127
2022-03-10,10.09,5.72,108.14,280.28,71.4,102.2,0.07,3.988
2022-03-11,11.91,5.79,105.55,306.17,73.7,102.1,0.05,4.456
2022-03-12,10.1,5.1,95.59,291.91,76.3,101.1,2.47,6.5
2022-03-13,8.39,5.81,68.46,307.68,79.3,99.7,1.95,5.512
2022-03-14,7.41,2.63,97.44,280.46,67.9,99.8,1.41,3.374
2022-03-15,6.91,-0.07,90.37,267.13,71.6,99.9,1.45,2.329
2022-03-16,4.37,-1.27,118.08,252.64,62.2,99.6,0.25,2.946
2022-03-17,6.05,1.28,98.15,269.92,63.8,100,0.43,2.438
2022-03-18,6.17,1.09,58.51,285.39,80.5,100.3,3.19,2.462
2022-03-19,6.73,1.73,113.74,266.9,65.5,100.8,0.03,2.265
2022-03-20,8.55,2.98,79.72,306.31,89.8,100.5,4.25,3.518
2022-03-21,7.43,0.99,100.2,274.54,71.1,100.6,0.98,1.094
2022-03-22,8.2,-1.58,179.54,235.6,69.9,100.8,0,0.322
2022-03-23,8.68,-1.13,127.16,266.34,71.2,101,0.08,0.521
2022-03-24,10.27,4.17,83.83,310.58,80.6,100.9,0.15,1.421
2022-03-25,14.21,6.75,97.55,331.74,87.3,101.2,1.62,0.752
2022-03-26,14.62,10.09,67.41,336.34,88.2,100.9,0.89,2.186
2022-03-27,11.3,5.64,96.27,320.23,74.3,100.5,1.99,7.813
2022-03-28,9.76,5.64,136.73,279.7,64,102.1,0.56,5.22
2022-03-29,8.41,1.76,151.65,257.58,64.1,102.8,0.06,2.167
2022-03-30,9.79,1.85,139.53,284.41,69.1,102.9,0.07,1.041
2022-03-31,13.27,5.2,114.09,319.09,80.8,102.7,0.07,3.759
2022-04-01,14.09,8.85,198.33,301.46,79.2,102.2,0,4.49
2022-04-02,10.95,7.32,116.32,313.01,70.6,102,0.39,3.754
2022-04-03,10.38,5.06,122.98,298.62,70.3,102.2,0.08,0.833
2022-04-04,12.86,7.03,100.13,315.7,79.5,101.4,0.1,3.282
2022-04-05,10.79,7.17,156.76,301.41,71.7,101.3,0.35,2.231
2022-04-06,11.11,6.56,118.36,307.47,73.1,101.7,0.14,0.43
2022-04-07,10,2.83,154.03,270.81,63.2,101.8,0.04,2.899
2022-04-08,8.56,0.32,123.71,273.28,68,101.5,0.35,2.291
2022-04-09,7.35,2.89,98.81,302.27,76.1,101.3,1.64,2.682
2022-04-10,7.5,2.08,102.9,294.66,69.8,101.3,0.51,2.49
2022-04-11,7.25,2.21,91.77,297.09,73.5,101.1,2.44,2.318
2022-04-12,8.56,2.48,122.14,291.34,65.8,101.2,1.15,2.918
2022-04-13,9.91,2.24,139.33,292.49,69.6,101.5,0.13,1.064
2022-04-14,9.28,4.8,119.11,305.76,73.2,101.8,0.69,0.831
2022-04-15,9.3,3.23,160.88,290.22,70.4,102,0.82,1.337
2022-04-16,10.1,4.53,138.8,297.41,65.6,101.8,0.13,1.263
2022-04-17,10.65,2.93,162.63,281.33,67.6,101.5,0.05,0.978
2022-04-18,12.21,5.59,132.26,310.14,82.1,101,0.61,1.346
2022-04-19,12.73,7.87,124.11,317.55,81.3,100.8,0.91,3.972
2022-04-20,10.39,7.48,155.39,305.14,61.3,100.5,0.22,5.748
2022-04-21,10.22,5.55,167.93,293.02,59,101.5,0.09,1.492
2022-04-22,12.53,5.4,136.23,312.82,77.8,101.1,0.44,3.56
2022-04-23,11.16,7.63,152.61,307.38,68.5,100,1.58,6.941
2022-04-24,11.21,6.76,160.36,298.37,64,100.5,0.5,4.728
2022-04-25,11.9,5.5,172.48,296.05,68.9,101.9,0.19,1.397
2022-04-26,11.83,6.64,159.93,307.64,65.9,102.3,0.13,0.736
2022-04-27,13.69,5.8,192.48,296.36,66.7,102.5,0.13,0.847
2022-04-28,15.73,3.9,205.99,291.5,75.9,102.6,0,0.608
2022-04-29,17.03,5.91,206.79,295.39,76.4,102.8,0,0.745
2022-04-30,16.03,5.56,231.88,283.3,75.3,102.5,0,0.791
2022-05-01,14.1,6,242.07,276.76,73.1,102.1,0.02,1.268
2022-05-02,16.57,4.5,210.18,283.05,75.9,102.2,0.13,0.954
2022-05-03,14.67,5.89,260.13,275.26,65.8,102.4,0,2.033
2022-05-04,18.03,10.06,164.33,335.7,77.1,101.5,0.12,5.067
2022-05-05,12.66,7.8,148.16,313.29,72,101.2,2.47,3.764
2022-05-06,9.82,5.74,157.88,295.91,51.5,101.3,0.04,2.855
2022-05-07,13.19,7.13,119.1,325.28,80.1,100.8,4.34,4.151
2022-05-08,13.94,8.79,134.67,325.07,83.6,100.9,3.3,3.109
2022-05-09,14.96,9.07,175.63,315.55,80.5,100.8,1.08,3.343
2022-05-10,14.96,9.47,147.15,327.16,80.4,101.4,0.46,0.656
2022-05-11,17.24,7.58,186.79,312.54,73.1,101.3,0.08,0.073
2022-05-12,13.51,7.46,169.06,307.15,72.3,101.1,0.18,1.908
2022-05-13,13.63,5.74,219.79,291.82,59.9,101.2,0.19,0.798
2022-05-14,14.95,8.28,171.52,315.7,66.7,100.9,0.25,2.17
2022-05-15,12.44,6.38,162.47,301.85,77.2,100.6,2.54,0.517
2022-05-16,11.24,7.48,79.51,330.36,91.7,100.5,15.22,1.393
2022-05-17,16.14,9.78,153.64,328.09,78.4,100.6,5.8,2.807
2022-05-18,15.68,8.57,188.51,319.01,76.2,100.7,0.74,1.707
2022-05-19,17.44,6.6,274.94,284.23,74.3,101,0.07,0.958
2022-05-20,18.95,7.57,278.25,294.04,70.3,101.1,0.06,1.644
2022-05-21,18.37,10.95,199.29,327.78,84.3,100.9,3.41,0.456
2022-05-22,16.94,8.59,215.31,303.62,83.7,100.9,3.05,0.176
2022-05-23,19.62,7.75,301.11,285.4,73.8,100.8,0.36,0.79
2022-05-24,18.42,8.85,216.98,309.34,84.4,100.4,12.36,0.321
2022-05-25,16.04,10.59,177.37,321.54,84.1,100.4,4.83,1.963
2022-05-26,17.31,7.89,233.49,296.42,72.1,101.2,0.78,2.056
2022-05-27,17.61,6.2,233.05,296.65,67.9,101.5,0.12,0.091
2022-05-28,17.23,9.73,138.15,332.78,75.5,100.8,2.47,0.572
2022-05-29,18.62,11.28,223.87,328.1,79,100.4,1.97,0.812
2022-05-30,17.35,11.41,209.71,325.78,78.5,99.8,9.55,3.135
2022-05-31,17.8,10.31,226.07,317.45,76.4,100.2,5.07,2.888
2022-06-01,18.26,9.21,242.47,309.23,74.4,100.6,0.6,2.705
2022-06-02,20.55,7.21,295.07,297.25,71.5,101.3,0.03,0.323
2022-06-03,21.03,12.15,212.22,332.16,76.5,101.2,0.03,0.896
2022-06-04,23.17,10.83,289.56,315.59,72,101.6,0.13,0.435
2022-06-05,23.22,11.67,329.19,304.64,67.6,102,0,0.697
2022-06-06,19.81,12.63,316.05,300.48,66.6,101.9,0.03,2.458
2022-06-07,17.58,10.78,258.03,299.77,61.4,101.5,0,1.586
2022-06-08,16.26,10.57,213.73,317.68,65.5,101,0.04,1.134
2022-06-09,18.44,10.05,244.49,310.04,65.4,100.7,0.08,0.618
2022-06-10,19.62,9.27,263.27,307.23,66.1,100.5,0.54,1.008
2022-06-11,16.59,10.83,184.31,322.85,81.1,100.6,6.77,0.372
2022-06-12,18.56,8.57,272.68,297.63,79.9,100.9,4.52,1.257
2022-06-13,20,11.14,196.7,336.5,74.4,101.1,0.75,2.434
2022-06-14,18.29,11.49,186.36,331.97,70.8,100.9,0.04,1.826
2022-06-15,19.08,9.98,271.44,307,71.5,100.9,0.06,1.932
2022-06-16,19.19,11.28,269.27,321.44,73.7,101.2,0.3,1.057
2022-06-17,18.78,9.26,274.23,308.28,74.7,100.6,1.11,4.08
2022-06-18,13.76,9.64,176.16,319.03,66.3,100.6,0.48,2.825
2022-06-19,14.46,8.56,190.85,308.48,63.8,101.1,0.16,2.753
2022-06-20,17,7.97,211.18,309.32,64.4,100.4,0,2.173
2022-06-21,15.27,10.95,104.53,335.39,83.9,99.7,8.08,1.182
2022-06-22,15.64,9.96,219.21,307.9,68.1,100.1,0.32,4.281
2022-06-23,17.34,9.17,223.42,306.22,66.6,101.2,0,3.608
2022-06-24,18.95,10.67,196.73,329.35,77.7,101.7,0.65,1.593
2022-06-25,22.17,10.35,287.58,316.66,66.6,101.7,0,0.953
2022-06-26,23.88,13.84,234.08,347.3,69,101.2,0.03,1.644
2022-06-27,21.92,14.42,174.25,364.06,82.3,100.6,7.22,2.317
2022-06-28,19.19,12.42,310.77,302.72,68.8,100.7,0.98,4.834
2022-06-29,18.24,12.59,271.4,314.1,70.9,101,0.49,4.783
2022-06-30,20.34,13.13,166.3,351.87,73.5,100.7,0.19,3.584
2022-07-01,20.64,12.58,284.37,326.26,73.2,100.5,4.04,3.479
2022-07-02,19.55,10.63,241.34,312.12,72.7,100.9,1.23,3.255
2022-07-03,17.92,11.01,224.9,314.9,72.1,101.2,0.16,4.208
2022-07-04,19.4,12.61,151.33,347.64,84.6,101.1,2.08,3.634
2022-07-05,18.2,14.51,184.06,341.19,77.2,100.9,0.78,3.684
2022-07-06,18.95,14.19,192.24,347.14,78.6,101.5,0.15,2.909
2022-07-07,21.39,11.71,270,320.74,78.6,102.1,0.03,1.085
2022-07-08,23.36,11.53,306.17,316.84,78.5,101.9,0,0.964
2022-07-09,23.15,12.22,249.26,332.46,76.6,101.7,0.09,1.475
2022-07-10,20.4,13.52,200.29,338.7,73,101.2,0.64,3.872
2022-07-11,19.06,12.85,249.67,322.56,68.1,101.2,0.03,3.225
2022-07-12,20.38,12.3,205.58,333.08,75.7,101,0.11,2.673
2022-07-13,20.31,13.36,294.76,309.49,69.8,100.6,0.06,3.252
2022-07-14,19.96,11.48,249.24,309.6,67.8,101,0.06,2.089
2022-07-15,23.94,8.34,294.79,301.73,63.6,101.2,0.03,0.402
2022-07-16,24.24,13.52,263.24,329.88,61.8,100.5,0.04,1.229
2022-07-17,24.63,16.38,239.11,355.91,71.1,100.2,6,1.216
2022-07-18,22.95,15.96,268.42,346.26,80.3,100,8.77,0.86
2022-07-19,20.21,14.55,212.48,332.88,77,99.9,2.41,1.443
2022-07-20,19.46,13.94,199.64,328.61,81.4,100.1,5.55,1.907
2022-07-21,20.72,14.63,243.64,331.07,73.7,100.5,0.8,4.523
2022-07-22,19.73,13.37,219.64,331.67,79.9,100.9,4.6,2.862
2022-07-23,19.79,12.86,226.63,324.11,70.6,100.7,0.5,2.57
2022-07-24,19.36,12.79,155.9,338.63,82.5,99.7,4.79,3.136
2022-07-25,19.92,14.79,229.84,335.32,76.6,99.6,2.38,4.919
2022-07-26,21.42,13.04,235.96,323.81,77.3,101.1,0.48,0.846
2022-07-27,22.58,12.54,253.78,329.66,73.8,101.1,0,3.467
2022-07-28,23.58,15.86,201,356.98,77.5,100.5,2.31,3.046
2022-07-29,22.22,15.06,207.88,357.69,85.8,99.8,10.29,0.755
2022-07-30,21.05,13.89,249.57,322.88,79.9,100.4,5.94,3.433
2022-07-31,21.06,13.38,244.26,323.86,79.8,100.7,4.28,2.664
2022-08-01,21.06,12.88,238.98,324.74,79.6,101,2.62,1.969
2022-08-02,22.93,12.16,267.53,315.14,73.5,101.7,0.18,0.571
2022-08-03,24.65,14.28,264.89,330.65,67.6,101.7,0,0.533
2022-08-04,25.27,14.19,251.27,336.47,71.3,101.2,0.84,0.705
2022-08-05,19.81,13.51,221.14,326.89,76.4,100.8,7.04,2.26
2022-08-06,21.12,12.99,210.97,327.94,81.5,100.7,6.2,2.488
2022-08-07,21,13.51,258.77,317.83,72.4,101,0.03,2.61
2022-08-08,23.7,14.92,270.42,333.25,75.2,101.3,0.42,0.971
2022-08-09,23.84,14.6,272.41,319.94,73.1,101.4,0,1.182
2022-08-10,25.93,13.23,268.82,322.54,62.9,101.2,0,2.067
2022-08-11,23.34,15.6,208.32,338.38,75.7,100.9,0.75,4.406
2022-08-12,21.56,12.61,132.23,351.35,83.5,100.6,4.83,2.494
2022-08-13,20.09,10.74,214.21,305.65,71.2,100.9,0.29,1.458
2022-08-14,20.08,10.95,214.74,311.84,71.7,101,0.16,1.731
2022-08-15,21.22,10.37,216.91,314.29,67.9,101.1,0.21,1.559
2022-08-16,21.11,13.98,90.08,370.77,88.3,100.5,18.12,1.004
2022-08-17,21.38,14.85,164.01,353.92,86,100.1,3.29,0.968
2022-08-18,21.1,15.36,177.55,346.79,84.1,99.4,2.6,1.847
2022-08-19,17.52,12.59,111.19,345.39,83,99.7,16.07,2.76
2022-08-20,16.59,10.47,224.49,292.84,64.3,100.9,0,2.469
2022-08-21,17.98,8.63,188.07,312.29,69.6,101.2,0.13,1.559
2022-08-22,19.27,12.42,139.97,341.08,84.6,100.2,4.92,1.177
2022-08-23,18.82,13.52,169.82,341.86,78.8,100.6,12.45,2.906
2022-08-24,19.32,13.66,186.03,342.74,80.4,100.1,3.39,2.374
2022-08-25,18.53,12.65,212.87,313.48,74.9,100.3,1.89,4.452
2022-08-26,19.52,11.44,200.37,318.32,74.8,101.2,0.16,2.019
2022-08-27,22.17,13.82,142.51,358.66,84.6,100.5,2.94,2.35
2022-08-28,20.44,11.39,223.62,305.74,71.3,100.6,0.06,1.24
2022-08-29,19.21,11.05,138.98,326.54,77.8,99.9,0.69,0.447
2022-08-30,17.91,12.67,167.15,334.04,84.5,99.8,18.08,1.9
2022-08-31,17.64,11.8,167.82,326.55,82.4,100.3,12.17,1.574
2022-09-01,17.38,10.94,168.5,319.18,80.3,100.8,6.26,1.339
2022-09-02,19.51,10.17,218.35,301.19,70.6,101.1,0,3.327
2022-09-03,20.71,14.63,172.82,335.44,78.4,100.7,0.15,3.122
2022-09-04,20.44,10.99,216.96,304.16,74.6,100.9,0,2.508
2022-09-05,17.97,11.24,60.99,350.04,90,100.9,5.02,0.737
2022-09-06,19.62,11.81,169.79,322.45,81.9,101.1,0.37,1.655
2022-09-07,18.51,9.6,196.41,297.2,71.8,101.5,0.04,1.919
2022-09-08,19.52,11.33,171.27,314.63,74.2,101.7,0.1,0.502
2022-09-09,17.34,7.47,192.75,288.05,79.6,101.5,0,0.391
2022-09-10,18.68,11.5,127.8,333.82,76.5,100.5,0.17,1.353
2022-09-11,14.48,10.68,58.94,334.19,91.4,100,6.1,1.655
2022-09-12,19.66,9.48,171.06,324.97,82.7,100.2,4.4,0.609
2022-09-13,19.05,12.31,197.57,305.91,75.4,99.8,4.83,3.64
2022-09-14,17.15,11.24,150.73,307.31,74.5,99.4,0.33,3.853
2022-09-15,18.69,12.49,167.33,322.71,77.8,100.1,0.49,2.976
2022-09-16,18.63,12.38,101.36,344.91,84.8,99.7,4.08,3.344
2022-09-17,15.03,11.01,134.21,300.85,66.2,99.5,0.1,7.048
2022-09-18,17.17,11.08,124.4,322.87,79.4,99.9,12.96,3.158
2022-09-19,16.01,10.16,150.25,311.95,79.9,100.5,2.28,2.873
2022-09-20,15.41,9.31,135.19,297.61,72.3,101.1,0,4.143
2022-09-21,15.08,11.34,158.52,300.79,71.7,99.6,3.82,7.25
2022-09-22,13.57,9.01,110.49,298.88,74.5,99.6,2.6,6.07
2022-09-23,14.21,7.7,130.92,297.42,75.7,100,1.25,3.782
2022-09-24,13.71,7.15,106.52,297.23,81.6,100.4,1.78,4.068
2022-09-25,14.17,7.75,115.12,304.36,76.7,100.5,8.46,2.232
2022-09-26,13.86,8.04,74.07,315.37,90.7,98.7,5.2,1.096
2022-09-27,16.33,8.86,117.79,323.3,88.6,99.3,0.46,0.568
2022-09-28,16.51,8.7,107.36,322.13,84.7,99.5,1.45,2.377
2022-09-29,15.79,8.14,125.82,299.92,75.8,100,0.14,1.552
2022-09-30,16.37,10.75,143.37,304.31,76.2,99.8,2.66,1.595
2022-10-01,15.78,11.81,94.9,319.49,85.7,99.4,4.67,1.535
2022-10-02,16.09,10.88,101.96,306.57,81.2,99.9,0.88,2.217
2022-10-03,14.74,10,87.42,309.96,80.9,99.9,0.72,1.967
2022-10-04,15.73,10.6,106.77,330.17,84.1,97.8,5.87,2.127
2022-10-05,13.44,9.76,61.53,325.29,80.9,98.5,2.16,6.117
2022-10-06,13.05,7.77,108.17,293.62,72.1,100.5,0.04,3.334
2022-10-07,12.26,4.75,90.93,284.98,79,101.7,0.11,0.358
2022-10-08,12.67,4.11,93.65,299.04,81.6,101.4,11.45,0.908
2022-10-09,13.82,8.69,85.8,306.53,87.2,100.8,0.17,2.445
2022-10-10,14.69,9.87,94.65,329.11,82.7,100.2,2.01,1.731
2022-10-11,15.08,8.53,63.04,329.25,83.8,100,1.45,1.853
2022-10-12,12.33,8.3,86.6,299.82,71.7,100.7,1.63,4.25
2022-10-13,15.12,9.15,95.79,316.54,81.1,99.7,0.39,5.526
2022-10-14,11.79,8.53,99.42,276.95,68.3,99.6,0.55,7.127
2022-10-15,15.8,7.83,90.63,313.57,79.2,98.5,17.26,5.917
2022-10-16,11.03,8.02,98.78,271.66,72.7,99.3,0.68,6.917
2022-10-17,10.7,7.33,42.58,307.05,86.9,99.6,4.43,3.101
2022-10-18,11.41,6.13,105.65,267.93,81,100.1,0,4.281
2022-10-19,10.99,5.64,84.16,276.94,81.6,100.4,0.77,3.372
2022-10-20,11.42,6.03,93.25,283.13,82.7,100.1,1.65,1.626
2022-10-21,13.29,8.09,63.52,319.53,93,98.9,6.38,1.622
2022-10-22,13.79,8.28,81.22,302.59,88.7,99.4,0.12,0.596
2022-10-23,9.51,7.47,7.98,334.2,92.9,98.9,36.76,2.888
2022-10-24,9.92,3.18,60.29,274.09,86,100,0.42,2.092
2022-10-25,11,1.16,89.55,270.55,89.3,100.7,0.07,0.827
2022-10-26,11.28,5.83,25.07,329.58,88,100.6,13.66,2.927
2022-10-27,13.01,10.44,37.25,350.76,93.8,100.8,3.07,1.686
2022-10-28,12.21,7.31,42.89,334.37,93.6,100.2,4.2,1.009
2022-10-29,9.17,5.9,49.21,307.46,89.8,100.2,1.82,1.161
2022-10-30,11.23,6.03,69.46,290.9,85.8,101.1,0.04,0.984
2022-10-31,10.57,5.9,62.4,298.67,85.1,101.5,0.08,0.611
2022-11-01,9.9,5.76,55.38,306.58,84.3,101.9,0.12,0.526
2022-11-02,9.19,5.83,53.95,307.39,81.6,101.8,0.09,2.452
2022-11-03,11.2,7.5,55.65,308.68,86.7,101.4,0.09,2.849
2022-11-04,10.69,7.57,49.01,318.01,86.7,101.4,0.28,0.835
2022-11-05,10.19,7.27,54.97,313.15,89,100.8,0.16,1.333
2022-11-06,12.62,8.18,29.03,341.49,93,99.7,4.62,2.164
2022-11-07,14.56,12.24,35.85,330,91.9,99.1,0.37,1.524
2022-11-08,12.87,9.78,43.02,310.56,90.3,98.9,2.35,1.311
2022-11-09,10.19,7.04,61.56,276.95,84.9,100.2,0.65,2.247
2022-11-10,12.3,6.12,62.48,284.79,82.4,99.3,1.65,3.178
2022-11-11,9.32,5.87,56.71,267.49,78.1,99.7,0.35,4.701
2022-11-12,10.7,6.4,66.15,269.96,77.4,100.7,0,4.422
2022-11-13,9.18,3.02,54.09,286.88,82.4,101.8,0.01,0.414
2022-11-14,10.54,6.74,37.72,327.3,84.8,102.4,0.61,1.021
2022-11-15,10.83,8.4,22.55,341.89,93.9,102.8,2,0.614
2022-11-16,12.24,9.37,30.83,342.98,96.1,102.8,0.86,0.519
2022-11-17,9.99,7.28,41.48,315.09,90,102.5,0.48,1.581
2022-11-18,9.64,7.28,18.27,330.03,90.5,102.3,1.28,2.149
2022-11-19,9.7,8.02,26.59,331.54,92.5,102.3,0.74,2.31
2022-11-20,8.37,5.82,28.65,317.45,91.1,102,0.37,1.3
2022-11-21,5.89,4.86,20.63,313.94,90.9,101.2,0.52,0.705
2022-11-22,10.25,5.14,18.38,325.65,95.9,100.8,2.85,1.398
2022-11-23,11.96,7.74,26.9,330.95,95.8,100.8,0.1,0.861
2022-11-24,13.01,10.22,14.67,344.19,95.6,101,5.52,1.828
2022-11-25,12.22,9.11,25.9,322.91,94.3,101.1,0,1.798
2022-11-26,10.5,7.38,19.9,331,92.3,101.2,0.34,3.418
2022-11-27,7.41,4.13,32.31,293.8,78,101,0.16,4.205
2022-11-28,7.61,3.89,36.87,296.22,82.2,100.8,0.04,1.756
2022-11-29,11.35,5.22,18.06,331.39,95.8,100.4,1.73,1.011
2022-11-30,9.66,5.42,20.16,322.24,93.6,100.4,4.09,1.122
2022-12-01,6.73,3.61,24.16,298.54,81.9,100.7,0.24,1.498
2022-12-02,4.26,-0.45,46.83,233.15,76.3,100.9,0,1.503
2022-12-03,3.62,-2.11,46.89,238.81,83.2,101.3,0,1.538
2022-12-04,4.5,-0.36,23.57,274.18,87.7,101.7,0.12,2.575
2022-12-05,2.8,0.5,17.51,298.43,94.2,102.5,2.12,1.233
2022-12-06,4.24,0.95,18.36,292.33,85.8,102.9,0.04,1.272
2022-12-07,5.81,0.23,15.79,285.76,79.7,101.4,0.23,1.301
2022-12-08,9.37,5.85,30.16,287.65,89.6,100.2,0.54,3.715
2022-12-09,12.53,5.99,16.43,314.12,90,101,0.26,4.173
2022-12-10,13.66,12.08,21.35,334.03,84.4,100.4,1.38,7.5
2022-12-11,14.12,10.93,31.72,317.89,82.9,100.8,0,5.034
2022-12-12,11.22,7.04,21.28,321.61,91.6,101,0.52,1.088
2022-12-13,11.67,6.95,19.68,332.85,93.7,100.5,0.43,1.388
2022-12-14,13.14,10.24,11.25,332.4,88.5,100.2,2.27,2.055
2022-12-15,13.8,11.83,28.59,334.76,90.3,99.6,5.51,1.936
2022-12-16,12.44,9.03,37.29,293.48,88,99.8,0,2.715
2022-12-17,10.98,7.18,18.93,294.23,92.4,99.4,0.79,1.094
2022-12-18,9.23,5.24,35.27,284.39,92,99.8,0,0.697
2022-12-19,10.39,6.36,14.49,330.37,93.1,98.5,8.37,3.782
2022-12-20,10.42,7.94,15,324.57,91.8,98.3,5.31,1.424
2022-12-21,8.61,5.65,32.32,292.14,88.8,98.7,0.36,3.33
2022-12-22,8.2,5.9,24.49,313.35,83.1,101,0.14,2.301
2022-12-23,5.92,2.65,22.77,294.04,84.4,102.4,0.04,0.238
2022-12-24,11.15,4.79,18.29,302.62,87.3,101.8,0.9,2.267
2022-12-25,8.56,4.43,27.31,277.71,83,102.2,0.55,4.077
2022-12-26,12.03,4.47,28.45,307.42,84.2,101,12.68,3.627
2022-12-27,8.66,4.87,21.47,302.91,82.5,101.3,0.23,4.424
2022-12-28,10.57,7.65,22.69,316.97,72.4,99.9,1.28,8.115
2022-12-29,11.21,6.23,17.88,314.17,79.8,100.2,3.05,5.122
2022-12-30,9.25,4.85,24.04,291,66.3,100.1,0.12,7.915
2022-12-31,8.37,4.65,24.68,293.85,68.1,100.7,0.09,5.893
2023-01-01,7.48,4.46,25.32,296.11,70,101.3,0.07,3.871
2023-01-02,9.47,4.06,22.56,303.68,85.5,101.1,1.78,1.895
2023-01-03,7.96,4.74,29.56,291.94,88.6,101.6,0.04,1.029
2023-01-04,9.24,5.93,18.28,314.25,91.4,101.6,0.56,1.548
2023-01-05,7.19,5.01,19.03,308.25,92.4,101.3,0.46,1.561
2023-01-06,7.86,5.35,26.67,312.66,91.4,100.8,0.36,1.877
2023-01-07,9.9,7.52,22.58,327.6,88.5,99.1,6.91,3.757
2023-01-08,8.75,4.05,18.4,295.28,88.9,98.4,4.73,1.151
2023-01-09,7.68,4.74,11.95,311.29,88.7,97.6,8,4.454
2023-01-10,7.63,4.25,35.59,279.64,78.7,98.3,2.43,4.794
2023-01-11,6.56,3.03,17.6,280.49,86.9,98.7,1.82,1.302
2023-01-12,6.94,2.95,42.87,262.2,85.2,99.5,0,3.455
2023-01-13,9.1,2.27,14.67,294.79,88.2,99.6,4.35,1.716
2023-01-14,8.08,5.24,40.5,268.01,77.9,99.5,0,6.127
2023-01-15,12.13,5.03,12.89,303.06,77.4,99.4,3.47,6.543
2023-01-16,6.09,3.51,35.39,288.26,72.3,99.1,0.58,8.113
2023-01-17,7.36,3.75,49.38,267.68,76.9,99,0.08,5.841
2023-01-18,6.29,2.97,24.42,291.67,84.9,99.3,1.88,3.053
2023-01-19,4.51,1.62,44.96,278.36,76,101.1,0.29,2.162
2023-01-20,4.13,-1.76,39.94,259.5,80.3,101.4,0,0.692
2023-01-21,3.7,0.49,13.64,292.63,83.1,99.7,11.17,3.786
2023-01-22,3.06,-3.11,42,261.57,90.3,98.7,1.87,2.001
2023-01-23,7.42,-6.67,34.26,274.93,92.9,98.6,3.72,1.682
2023-01-24,9.09,4.33,25.11,285.31,86.1,97.3,6.5,2.07
2023-01-25,6.04,2.44,35.18,292.04,83.7,97.1,2.21,2.059
2023-01-26,8.93,5.5,32.15,282.45,81,97.4,0.1,2.749
2023-01-27,11.18,5.24,24.78,290.65,84,97.8,4.15,2.036
2023-01-28,10.11,7.09,54.4,289.39,70.4,97.3,2.85,3.828
2023-01-29,9.71,6.68,49.9,294.92,77.4,97.6,0.67,3.869
2023-01-30,9.31,5.38,55.44,279.2,70.8,99.2,2.46,2.555
2023-01-31,12.28,7.91,51.49,314.82,77.9,97.5,8.33,5.157
2023-02-01,9.87,7.54,42.95,306.11,74.1,98.2,4.32,10.166
2023-02-02,7.73,5.58,55.38,281.41,66,100.9,0.09,6.923
2023-02-03,9.82,5.07,71.99,278.64,80,102.3,0.06,3.47
2023-02-04,8.64,6.02,37.56,310.35,79.1,101.3,1.87,2.202
2023-02-05,8.05,1.48,68.16,253.61,74.7,101,0.28,3.023
2023-02-06,10.55,0.11,34.67,295.53,88.2,100.9,3.03,1.735
2023-02-07,10.63,4.47,66.27,282.31,71.7,99.7,1.05,5.491
2023-02-08,5.29,1.09,44.08,260.91,77.3,100.6,0.32,3.796
2023-02-09,11.03,-0.26,43.89,291.73,82.7,100.9,3.28,2.472
2023-02-10,9.47,4.91,75.79,259.72,65,101.1,0.05,6.723
2023-02-11,8.03,4.21,65.73,289.91,74.4,100.5,0.49,5.236
2023-02-12,6.96,3.81,75.1,278.57,73,99.3,0.16,6.177
2023-02-13,6.94,3.07,62.7,283.7,78.3,98.9,0.56,3.697
2023-02-14,4.96,2.03,59.41,277.09,68.6,100.5,0.36,1.808
2023-02-15,5.38,-1.47,96.78,228.94,71.3,102.3,0,1.55
2023-02-16,6.41,-1.37,32.99,275.58,78.7,101.7,2.01,2.614
2023-02-17,7.77,3.42,95.8,253.69,75.2,101.9,0,4.549
2023-02-18,13.12,3.76,44.75,313.36,86.5,100.6,3.94,4.388
2023-02-19,7.41,5.32,63.73,291.03,69,99.6,2,7.588
2023-02-20,12.13,5.14,61.07,302.19,78.8,100.5,0.2,5.681
2023-02-21,12.28,6.3,75.89,299.78,77.9,100.1,2.49,7.307
2023-02-22,7.96,3.64,91.82,279.62,66.8,100.4,1.05,7.089
2023-02-23,7.86,3.88,75.05,297.44,75.5,100.9,8.21,5.532
2023-02-24,11.83,6.54,79.77,299.83,77,98.9,2.73,7.695
2023-02-25,6.76,0.79,63.68,277.83,79.5,99.9,2.86,2.2
2023-02-26,7.05,0.47,85.13,269.54,76.4,101.5,0.33,1.216
2023-02-27,6.84,1.79,100.42,283.19,71.7,101.6,1.74,3.673
2023-02-28,7.34,4.03,49.11,311.69,89.2,100.7,14.71,2.166
2023-03-01,9.18,2.59,80.04,296.93,89.6,101.4,0.35,0.419
2023-03-02,11.18,4.6,78.89,297.41,85.2,101.5,0.53,2.622
2023-03-03,8.74,2.69,94.68,266.11,76,101.7,0.05,2.377
2023-03-04,6.57,2.61,36.77,291.29,90.8,101.4,5.7,1.172
2023-03-05,9.83,1.42,127.64,267.44,72.6,101.8,0.04,3.537
2023-03-06,11.62,6.86,71.14,319.12,77.4,100.4,2.23,6.165
2023-03-07,11.85,7.16,112.23,296.97,67.6,100.3,0.91,6.45
2023-03-08,10.02,5.18,132.75,281.76,63.6,101.3,1.25,4.408
2023-03-09,10.66,6.97,96.19,308.42,70.7,100.9,0.66,4.148
2023-03-10,8.56,4.35,90.95,281.44,72.2,100.4,2.06,5.966
2023-03-11,8.3,4.5,136.26,264.42,62.3,100.8,0.37,7.431
2023-03-12,8.61,3.73,117.66,272.08,64.5,101.5,0.07,4.907
2023-03-13,9.16,3.24,104.67,281.9,69.5,102,0.09,0.685
2023-03-14,10.08,3.7,96.17,287.28,60.4,100.8,0,3.104
2023-03-15,12.14,6.98,57.86,321.39,88,99.8,2.21,0.939
2023-03-16,10.57,5.92,75.85,306.2,88.1,98.8,6.26,2.301
2023-03-17,8.39,3.64,111.41,282.83,69.5,98.6,1.18,5.689
2023-03-18,7.88,1.33,47.4,280.81,83.7,98.7,7.98,1.64
2023-03-19,9.88,5.28,99.44,300.45,84.7,97.8,1.34,3.403
2023-03-20,11.01,4.75,140.09,287.5,68.9,100.3,0.08,3.742
2023-03-21,14.88,6.35,102.16,327.04,88,100.2,5.34,1.138
2023-03-22,11.68,5.63,89.96,295.81,77.6,99.5,9.88,1.775
2023-03-23,11.68,3.78,154.62,274.86,69,100.1,0.14,1.811
2023-03-24,14.2,7.95,104.76,321.44,85.9,99.4,3.64,1.988
2023-03-25,13.86,8.44,123.15,304.83,75.3,100.4,0.02,2.494
2023-03-26,15.43,9.15,104.25,329.34,86.2,101,0.62,0.947
2023-03-27,19.33,8,159.59,298.45,80.4,101,0,1.275
2023-03-28,18.45,4.74,190.4,289.12,81.1,101.3,0,0.741
2023-03-29,15.6,8.11,180.96,290.59,75.7,101.7,0,3.961
2023-03-30,16.32,6.65,198.34,276.99,76.9,102.3,0,1.62
2023-03-31,16.81,5.27,210.69,275.12,80.3,102.2,0,0.097
2023-04-01,16.17,6.46,153.34,294.97,77.2,101.6,0,0.701
2023-04-02,15.1,5.95,146.64,301.4,75.4,101,0.19,1.152
2023-04-03,12.57,7.07,91.92,320.32,80.3,100.6,1,1.866
2023-04-04,15.74,9.33,119.58,325.73,79.8,100.5,0.23,2.387
2023-04-05,12.85,7.1,100.58,298.42,74.3,100.1,5.4,1.875
2023-04-06,11.82,6.13,129.5,296.81,77.3,100.2,0.83,1.672
2023-04-07,12.03,6.23,124.77,306.84,82.8,100.6,2.62,1.813
2023-04-08,8.39,4.68,95.76,305,77.2,100.9,1.24,3.234
2023-04-09,7.44,4,91.37,302.07,77.6,100.5,1.45,1.209
2023-04-10,10.05,3.58,95.02,296.46,80.6,100,4.93,2.118
2023-04-11,12.66,6.53,147.28,303.77,76.5,101.3,0.18,2.196
2023-04-12,14.08,9.13,114.56,333.49,84.2,101.9,1.24,1.465
2023-04-13,11.83,5.11,218.16,274.2,69.3,101.8,0.05,2.476
2023-04-14,11.58,5.89,134.74,309.3,72.7,101.6,0.25,1.773
2023-04-15,11.89,6.61,149.31,303.88,73.9,101.5,0.09,0.795
2023-04-16,13.13,7.58,169.68,303.76,67.8,101.2,0.2,0.875
2023-04-17,13.55,6.11,105.91,313.36,76.9,100.6,3.03,1.865
2023-04-18,13.74,8.8,190.58,307.39,70.4,100.7,0.97,3.867
2023-04-19,15.21,6.32,199.53,302.4,67.7,101.2,1.14,1.313
2023-04-20,17.03,9.63,149.45,339.75,87.2,101.1,4.2,0.606
2023-04-21,14.52,10.31,72.67,342.76,89.8,100.7,11.49,1.515
2023-04-22,16.1,10.56,162.69,327.12,85.4,99.9,6.39,1.341
2023-04-23,15.35,10.1,161.86,322.95,84.5,100.1,3.49,3.727
2023-04-24,15.65,8.14,165.15,311.5,81.9,100.6,0.23,1.03
2023-04-25,14.88,7.67,162.51,322.31,80.8,100.4,0.12,2.296
2023-04-26,13.96,8.13,135.41,320.04,77.1,100.5,0.35,2.142
2023-04-27,13.13,7.44,175.29,302.69,70.3,100.2,0.05,2.053
2023-04-28,11.42,4.09,146.42,304.04,74.1,99.9,3.99,2.792
2023-04-29,7.76,1.7,122.54,276.03,62,100.7,0.46,3.606
2023-04-30,9.35,3.14,150.41,280.01,62.6,101.1,0.29,3.754
2023-05-01,11.18,1.23,178.36,272.95,66.3,101.6,0.08,0.405
2023-05-02,12.46,5.74,137.33,311.06,75.6,102.1,0.13,1.202
2023-05-03,15.48,5.86,177.64,307.59,65.4,102.2,0.16,1.558
2023-05-04,21.36,10.51,265.67,317.47,68.4,102,0,2.009
2023-05-05,18.28,8.83,210.31,311.09,74.5,102.1,0.02,2.564
2023-05-06,19.83,6.41,233.37,303.18,73.1,101.9,0.06,0.818
2023-05-07,23.24,13.11,233.95,336.32,73,100.5,0.37,1.3
2023-05-08,15.59,7.22,247.49,292.06,73.2,100.6,0.03,1.808
2023-05-09,18.56,6.44,266.9,284.73,62.8,100.7,0,2.304
2023-05-10,20.02,9.61,257.03,314.56,69.1,99.8,0.33,1.102
2023-05-11,20.17,12.99,186.91,351.55,81.2,98.6,10.48,1.552
2023-05-12,15.85,12.1,119.21,349.21,90.1,99.1,5.77,1.721
2023-05-13,13.81,9.65,130.1,341.73,90.2,99.9,21.97,1.611
2023-05-14,15.1,7.7,223.47,304.4,65.6,100.7,0.03,3.645
2023-05-15,12.27,8.52,139.6,319.17,69.5,101.1,0.25,1.969
2023-05-16,13.67,6.97,158.61,311.54,70.7,100.8,0.18,1.214
2023-05-17,12.53,7.82,148.07,313.58,79.3,101,1.15,1.322
2023-05-18,15.9,8.93,165.71,324.95,78,101.4,1.06,3.02
2023-05-19,15.03,8.41,236.98,292.87,62.1,101.8,0.06,3.788
2023-05-20,16.66,7.46,279.51,286.91,58.3,101.8,0.02,3.483
2023-05-21,18.23,5.83,283.59,283.46,62.3,102.1,0.07,1.254
2023-05-22,17.65,5.44,329.38,263.37,62.2,102,0,0.986
2023-05-23,17.78,6.52,285.84,280.22,68.5,101.8,0.04,0.868
2023-05-24,18.59,7.75,249.73,303.72,64,101.9,0.03,0.602
2023-05-25,19.64,10.47,260.65,306.6,66.6,102,0.04,0.357
2023-05-26,21.26,9.49,239.38,312.17,77.1,102.2,0.27,1.462
2023-05-27,21.72,10.99,262.93,319.62,73.5,102.4,0,0.836
2023-05-28,22.86,11.9,267.56,330.46,78.9,102.5,2.14,0.705
2023-05-29,19.87,10.54,330.36,291.37,63.7,102.6,0,2.432
2023-05-30,20.41,9.16,316.88,294.94,65.5,102.6,0.03,2.671
2023-05-31,19.94,9.37,304.46,296.11,68.8,102.3,0.03,2.373
2023-06-01,19.46,9.58,292.13,297.27,72.1,102,0.03,2.074
2023-06-02,20.8,10.14,275.15,319.11,67.6,101.5,0.03,2.014
2023-06-03,18.94,9.71,244.1,305.04,64.7,101.5,0.06,2.467
2023-06-04,19.5,7.39,301.33,284.53,66.2,101.6,0.04,0.636
2023-06-05,21.08,8.54,289.43,299.35,67.2,101.3,0.37,1.065
2023-06-06,17.3,10.13,198.19,320.09,79.1,100.7,4.63,2.123
2023-06-07,14.42,9.8,158.46,317.6,80.2,99.9,3.1,0.563
2023-06-08,17.7,8.98,192.74,317.87,78,99.3,2.96,1.883
2023-06-09,17.72,10.5,233.31,318.96,71,99.6,1.52,2.587
2023-06-10,12.98,7.61,134.6,314.95,83.3,100.3,6.76,2.542
2023-06-11,14.68,5.93,205.41,293.98,67.4,101.3,0.29,2.468
2023-06-12,17.69,9.82,200.32,329.89,70.6,101.6,0.36,2.777
2023-06-13,20.03,12.65,205.68,340.91,76.1,101.8,0.12,2.151
2023-06-14,21.94,11.22,255.69,320.67,73.4,102.1,0.05,0.951
2023-06-15,22.6,12.23,290.93,322.64,72.3,102.2,0,0.761
2023-06-16,23.25,13.75,235.35,344.81,74.1,102.1,0.05,0.443
2023-06-17,26.04,12.96,311.26,327.19,72.8,102.2,0.04,0.281
2023-06-18,26.7,14.94,335.13,326.74,67.1,102.3,0.03,1.563
2023-06-19,24.59,14.28,277.64,342.74,75.3,102,0.68,3.215
2023-06-20,20.79,12.36,244.73,323.25,72.2,101.9,0.27,1.693
2023-06-21,21.66,11.94,281.34,314.82,68.5,102.1,0,2.267
2023-06-22,23.97,14.41,340.54,309.34,70,102,0,3.967
2023-06-23,20.81,12.89,298.17,313.24,71.8,102.1,0,3.041
2023-06-24,22.28,12.06,284.18,314.95,73.5,102.4,0.04,1.279
2023-06-25,25.39,10.64,309.08,312.45,72.1,102,0,1.526
2023-06-26,22.06,12.82,280.53,314.89,71.5,101.7,0,1.821
2023-06-27,24.21,11.05,331.96,298.48,69.6,101.9,0,0.535
2023-06-28,26.55,11.63,325.59,312.3,67.2,102,0,0.277
2023-06-29,26.96,14.4,314.56,325.27,62.3,102.1,0,1.185
2023-06-30,28.98,14.32,339.41,325.3,58.4,102,0,1.1
2023-07-01,30.51,14.81,350.31,318.43,54.1,101.9,0,1.35
2023-07-02,30.9,16.19,342.32,327.2,50,101.7,0,1.146
2023-07-03,31.28,15.14,337.64,325.79,50.1,101.8,0,0.566
2023-07-04,29.44,17.53,302.96,340.57,67.6,102,0.12,0.637
2023-07-05,30.28,15.12,319.11,333.17,65.6,101.7,0,0.653
2023-07-06,31.37,15.41,307.83,342.42,59.4,101.6,0.02,1.216
2023-07-07,34.66,18.73,332.58,354.83,48.6,101.3,0.09,1.083
2023-07-08,30.19,18.88,301.23,355.94,65.2,100.9,5.17,1.496
2023-07-09,24.8,17.86,285.88,347.4,78,100.9,3.87,3.296
2023-07-10,21.83,14.34,251.9,330.69,67,101.6,6.72,1.481
2023-07-11,21.25,14.08,183.72,355.35,78.7,101.7,3.71,3.132
2023-07-12,22.5,15.41,241.39,340.91,75.3,102,0.43,2.66
2023-07-13,26.02,13.85,285.02,326.81,71,102.3,0,0.898
2023-07-14,26.29,14.36,319.79,318.15,68.5,102.1,0,1.093
2023-07-15,27.69,14.24,323.06,315.29,65.7,101.4,0,0.392
2023-07-16,27.04,17.88,296.67,336.16,58.4,100.8,0.46,2.445
2023-07-17,26.41,15.65,312.81,318.7,58.2,101,0,2.773
2023-07-18,22.21,14.21,157.77,346.6,72.9,100.8,7.24,3.118
2023-07-19,21.12,15.06,181.44,356.16,73.2,100.3,1.07,2.977
2023-07-20,22.55,15.15,241.94,335.24,65,100.8,0.03,1.18
2023-07-21,23.19,14.37,258.82,321.14,66.7,101.4,0.17,3.097
2023-07-22,22.57,14.93,254.68,331.38,75.6,101,4.18,2.259
2023-07-23,22.28,15.1,225.04,337.02,74.2,99.9,1.48,4.261
2023-07-24,18.94,13.4,189.93,332.39,81.2,99.1,5.61,2.798
2023-07-25,18.78,14.02,147.03,347.73,74.8,100,1.52,3.011
2023-07-26,19.78,12.02,226.01,317.95,66.3,100.8,0.03,2.886
2023-07-27,21.87,13.66,296.7,308.33,66.8,101.4,0.02,3.17
2023-07-28,22.56,15.29,247.45,337.12,72.2,101.6,0.28,2.488
2023-07-29,24.19,13.54,259.55,325.88,75.6,101.6,0.03,1.383
2023-07-30,26.72,13.87,270.77,333.4,70.8,101.7,0.04,0.389
2023-07-31,27.29,14.66,275.86,333.46,65.9,101.8,0.05,0.553
2023-08-01,27.86,15.45,280.97,333.59,61,101.9,0.05,0.75
2023-08-02,26.06,15.78,265.55,321.14,59,102,0,1.952
2023-08-03,25.04,14.22,267.92,319.06,64.2,101.9,0.03,1.808
2023-08-04,24.43,13.87,253.58,318.16,70.3,101.7,0,0.975
2023-08-05,26.81,13.12,263.38,319.19,65.5,101.5,0.27,0.45
2023-08-06,26.19,14.21,263.91,328.42,72.5,101.8,1.39,1.382
2023-08-07,25.78,15.67,246.78,328.63,66.6,102.1,0.05,1.918
2023-08-08,25.11,14.75,233.24,333.36,63.6,102.1,0.05,1.653
2023-08-09,24.94,16.4,240.32,339.32,67.7,101.9,0.05,1.642
2023-08-10,26.54,16.05,195.35,356.23,68.2,101.6,0.29,2.557
2023-08-11,25.75,17.31,175.28,363.74,75.4,101.3,6.41,2.11
2023-08-12,24.08,16.15,181.07,355.93,75.9,101.3,3.37,0.593
2023-08-13,25.02,16.16,218.2,342.6,72.6,101.6,1.09,0.828
2023-08-14,26.77,12.81,236.61,324.91,70.3,101.5,0.07,1.751
2023-08-15,22.58,16.08,208.73,342.87,82.8,101,9.32,1.359
2023-08-16,21.91,13.97,180.5,335.78,83.7,100.8,3.2,0.561
2023-08-17,21.68,14.84,193.65,337.07,79.4,101,4.27,0.9
2023-08-18,22.7,15.58,213.56,338.62,75.3,100.9,0.65,3.929
2023-08-19,26.55,15.06,206.72,355.15,74.7,101.2,0.86,2.739
2023-08-20,25.22,18.16,125.77,377.52,82.6,101.4,5.54,2.585
2023-08-21,25.3,16.42,153.45,366.58,77,101.5,0.52,0.42
2023-08-22,23.04,15.46,183.78,341.29,74.3,101.3,2.54,1.504
2023-08-23,23.13,14.41,214.58,322.95,68.3,101.6,0.31,3.038
2023-08-24,24.39,15.04,160.25,351.32,75,100.7,3.07,2.56
2023-08-25,20.84,13.67,236.9,302.03,66.3,100.3,0.24,6.429
2023-08-26,19.86,12.97,223.77,298.46,61.5,100.9,0,5.042
2023-08-27,19.41,11.39,189.39,306.07,68.8,100.9,0,2.964
2023-08-28,22.37,10.4,180.52,317.78,65,100,0.1,1.395
2023-08-29,23.13,12.79,176.38,335.34,73.4,99.9,0.63,0.383
2023-08-30,19.93,12.17,227.64,298.95,62,100.5,0,3.322
2023-08-31,21.19,11.92,176.94,317.33,69.5,100.4,1.91,2.995
2023-09-01,22.46,11.67,126.55,336.35,77,100.2,3.8,2.888
2023-09-02,19.78,14.15,189.17,307.89,57.4,100.4,0.26,5.928
2023-09-03,17.43,12.78,142.9,323.55,77.4,100.2,7.79,4.023
2023-09-04,18.91,11.36,163.64,307.04,65.7,101.2,0.04,4.108
2023-09-05,22.77,12.97,144.03,345.1,78.4,100.8,3.06,2.559
2023-09-06,19.67,11.06,193.4,302.86,68.8,101.7,0.04,2.65
2023-09-07,21.02,11.89,172.28,317.6,74.9,101.8,0,3.108
2023-09-08,20.1,11.72,159.4,315.66,77.8,102,0.44,1.919
2023-09-09,20.62,9.8,197.48,308.14,79.4,102,0.05,0.605
2023-09-10,23.01,10.88,212.34,306.79,79.6,101.6,0.05,0.473
2023-09-11,22.77,11.61,195.18,318.73,78.7,101.6,0.09,1.221
2023-09-12,20.03,12.32,161.33,325.78,74.4,101.2,0,3.849
2023-09-13,23.02,15.87,161.38,344.94,78,101.3,0,3.517
2023-09-14,20.83,11.71,130.22,326.94,77.6,101.8,0.17,2.344
2023-09-15,20.72,10.14,198.71,294.75,73,102.1,0,0.197
2023-09-16,22.66,8.84,152.96,328.86,78.9,101.5,0,0.728
2023-09-17,21.59,11.57,144.56,327.48,75,101.4,0.15,1.544
2023-09-18,18.08,8.76,123.94,312.81,74.9,101.9,0.11,1.094
2023-09-19,21.07,8.53,184.67,299.3,73.2,101.8,0,1.308
2023-09-20,18.13,10.42,121.48,320.85,73.1,101.6,1.77,1.704
2023-09-21,15.92,9.77,97.8,329.48,76.6,101.8,3.02,1.33
2023-09-22,20.92,14.76,78.72,368.96,88,101.3,0.35,2.697
2023-09-23,22.14,16.73,141.37,358.13,82.6,101.8,0.23,2.249
2023-09-24,23.2,14.84,158.17,328.8,79.8,101.9,0.01,2.675
2023-09-25,21.04,11.01,120.73,319.51,76.6,101.8,0.24,2.54
2023-09-26,18.46,9.43,154.34,294.4,68.6,101.6,0,3.131
2023-09-27,19.3,12.79,139.14,332.44,78.7,101,0.06,3.592
2023-09-28,20.38,14.19,114.83,345.38,78.1,100.5,0.06,1.532
2023-09-29,22.76,13.28,132.58,339.86,78.6,99,2.83,1.829
2023-09-30,15.89,10.23,118.52,288.54,64.6,99.4,1.01,3.915
2023-10-01,17.67,10.2,123.07,314.32,73.2,99.4,2.45,2.066
2023-10-02,15.76,9.05,119.47,291.05,69.3,99,0.7,2.862
2023-10-03,12.96,8.11,54.8,301.15,84.8,99.4,8.18,1.859
2023-10-04,15.4,7.88,91.52,314.43,76.2,99.2,3.92,4.092
2023-10-05,17.42,11.52,123.4,323.76,73.8,98.9,4.91,5.72
2023-10-06,21.2,11.29,114.67,338.56,80,99.5,3.19,3.451
2023-10-07,15.6,10.8,115.1,293.5,72.1,100,0.74,4.619
2023-10-08,14.83,9.74,120.04,285.15,74.6,100.8,0.61,3.525
2023-10-09,12.53,8.84,47.82,317.95,80.7,100.1,27.78,3.274
2023-10-10,13.05,7.06,109.28,282.62,77.6,101.1,0.91,3.173
2023-10-11,10.72,6.76,72.93,303.42,75.5,101.8,0.24,1.048
2023-10-12,10.34,5.33,89.57,292.94,71.4,102.1,0.18,1.13
2023-10-13,11.44,4.36,98.5,271.56,73.2,102.3,0.03,1.484
2023-10-14,12.54,2.93,111.63,276.46,78.3,102.1,0.09,0.385
2023-10-15,11.74,4.25,109.18,279.96,73.4,101.5,0.08,0.826
2023-10-16,15.08,5.68,105.37,289.13,72.7,101,0.05,0.831
2023-10-17,13.17,6.17,98.53,295.72,81.5,100.1,1.41,1.002
2023-10-18,15.37,11,58.55,349.53,92.9,100.7,0.73,1.064
2023-10-19,14.82,11.98,58.28,351.58,92.6,101.3,1.67,1.191
2023-10-20,13.52,6.37,91.46,301.65,78.6,101.6,0.75,1.605
2023-10-21,13.6,4.73,76.15,292.07,84.8,101.3,0.03,2.547
2023-10-22,11.78,4.6,59.83,289.22,65.3,100.8,0.53,3.314
2023-10-23,8.81,2,109.28,236.28,65.5,102,0,1.23
2023-10-24,9.59,1.92,62.26,278.65,80,102.6,0,1.633
2023-10-25,12.2,3.56,79.75,276.03,78.5,102.7,0,2.459
2023-10-26,13.48,6.7,74.04,290.52,83.5,102.5,0,3.554
2023-10-27,14.85,8.58,59.99,311.5,82.6,101.9,0.3,3.734
2023-10-28,9.87,6.94,59.73,309.3,74.2,102.5,0.28,0.16
2023-10-29,11.94,5.7,55.59,310.76,77,102.5,0.08,1.838
2023-10-30,13.6,8.32,60.19,316.14,82.1,102,0.05,2.702
2023-10-31,13.59,8.57,55.27,325.39,86.2,101.9,0.58,1.998
2023-11-01,13.58,8.81,50.36,334.41,90.3,101.7,1.11,1.333
2023-11-02,11.15,8.61,67.37,317.14,75.2,102.4,0.24,2.232
2023-11-03,9.48,3.95,61.06,288.76,69.4,103,0.18,1.915
2023-11-04,8.11,-0.02,85.7,238.75,85.7,103.1,0,0.882
2023-11-05,7.4,-1.24,80.74,259.6,89.1,102.7,0.06,1.218
2023-11-06,9.03,5.83,59.58,309,80.3,101.9,0.52,1.024
2023-11-07,9.34,4.43,43.66,298.69,79.1,101.1,0.22,1.873
2023-11-08,9.94,6.03,40.82,308.17,84.1,101.1,1.06,1.136
2023-11-09,9.18,4.75,65.76,280.83,82.3,101.4,0.43,1.274
2023-11-10,8.86,3.16,56.87,285.34,92,100.8,1.02,0.809
2023-11-11,7.04,0.98,36.19,286.28,90.6,100.6,0.1,0.79
2023-11-12,8.12,1.9,70.05,259.89,75.6,99.9,0,1.083
2023-11-13,9.42,6.01,32.56,313.58,78.2,98.7,0.12,3.531
2023-11-14,6.29,3.64,33.93,298.25,68.9,99.3,0.07,4.47
2023-11-15,7.93,5.3,27.85,317.83,81.8,99.7,1.63,3.586
2023-11-16,7.25,4.28,32.27,307.74,86,100,0.11,1.006
2023-11-17,6.44,3.86,22.96,313.54,92.8,99.6,4.74,0.879
2023-11-18,5.28,1.18,30.72,285.66,94.1,99.4,0.1,0.589
2023-11-19,6.77,1.04,33.44,296.7,93,99.7,1.77,0.919
2023-11-20,8.05,5.04,37.49,305.51,93.2,100.8,0.39,0.962
2023-11-21,8.24,4,28.14,308.66,94.8,101.6,0.24,0.338
2023-11-22,7.3,4.01,33.24,304.39,92,101.4,0.81,0.92
2023-11-23,10.58,4.32,48.07,289.85,85.7,100.8,0.06,3.214
2023-11-24,9,3.51,29.49,284,82.5,100.3,0.03,2.099
2023-11-25,6.54,3.03,15.4,312.51,94.6,100.2,5.86,1.933
2023-11-26,5.96,4.82,8.26,320.36,93.4,100,18.38,3.542
2023-11-27,6.59,0.89,29.96,278.21,88,100.6,3.07,1.124
2023-11-28,6.36,0.03,38.72,248.8,76.3,101.9,0.31,2.349
2023-11-29,4.85,-1.71,50.77,227.78,80.5,102.7,0,1.586
2023-11-30,4.45,-1.91,24.61,273.21,89.7,103.1,0.03,0.834
2023-12-01,4.25,-1.66,33.85,274.09,90.9,103,0.03,0.413
2023-12-02,3.33,-2.66,47.32,241.49,87,103.1,0,1.48
2023-12-03,5.82,-1.93,21.41,297.42,92.1,103.1,0.68,1.548
2023-12-04,4.48,-0.93,37.4,256.22,85.7,102.4,0.07,2.445
2023-12-05,2.28,-3.29,27.75,270.82,89.9,101.7,0.08,1.627
2023-12-06,10.17,2.32,19.39,326.29,93.2,99.8,4.2,3.363
2023-12-07,10.62,7.87,37.64,314.27,90.8,98.1,4.83,1.769
2023-12-08,10.24,6.14,35.12,280.45,87.4,99.1,1.17,3.373
2023-12-09,8.56,5.56,38.57,282.98,87.8,98.4,0.36,2.516
2023-12-10,6.16,3.88,9.12,301.53,90,97.9,8.39,0.872
2023-12-11,7.63,3.15,38.75,272.64,90.7,99.8,1.05,1.659
2023-12-12,11.75,4.41,8.93,310.12,88.6,99,4.16,1.627
2023-12-13,9.2,5.74,33.7,270.31,76.5,99.8,0,5.249
2023-12-14,10.05,5.63,28.29,293.3,83.6,100.5,1.16,5.807
2023-12-15,7.92,-0.41,25.26,266.34,75,101.7,0.43,2.636
2023-12-16,10.15,0.84,23.23,302.97,91.5,102.4,3.96,2.194
2023-12-17,9.28,3.92,21.05,308.17,94,102.5,0.06,1.218
2023-12-18,9.12,6.61,9.55,323,94,102,4.32,0.999
2023-12-19,8.93,7.59,12.08,340.26,97.6,101.6,2.27,0.13
2023-12-20,8.71,4.61,11.56,307.22,94,100.7,4.59,1.246
2023-12-21,8.03,2.1,19.52,287.38,91.8,99.6,2.11,1.153
2023-12-22,7.48,4.5,29.87,295.95,74.4,99.3,4.93,5.992
2023-12-23,10.32,6.48,21.3,316.54,71.1,98.1,8.77,8.876
2023-12-24,8.23,5.21,25.9,285.3,64.1,100.1,0.18,9.052
2023-12-25,12.29,2.18,15.68,305.14,83.5,101.4,5.7,1.482
2023-12-26,13.36,10.3,20.74,340.77,88.2,100.1,0.85,4.303
2023-12-27,13.61,7,9.48,339.63,89.9,100,2.96,2.717
2023-12-28,8.49,5.97,32.29,265.93,71.9,101,0.23,7.025
2023-12-29,10.31,7.31,21.75,300.97,81,101.8,0.06,4.507
2023-12-30,9.34,5.58,36.6,271.67,87.8,101.3,0,1.349
2023-12-31,10.28,5.68,26.81,294.88,89.2,101,1.51,1.289
2024-01-01,11.23,5.79,16.99,324.03,90.6,100.7,3.01,1.431
2024-01-02,5.94,2.02,33.97,273.45,73.2,102.6,0,2.017
2024-01-03,8.77,3.59,28.06,286.55,83.2,102.7,0,5.444
2024-01-04,8.95,6.05,25.22,303.32,83.6,101.3,2.6,5.042
2024-01-05,8.06,4,20.98,291.94,79.6,99.8,0.67,4.769
2024-01-06,10.01,3.17,22.11,299.25,83.5,100.9,0,3.897
2024-01-07,10.86,9.11,27.32,311.31,90.3,101.3,1.4,3.402
2024-01-08,11.2,8.69,25.01,317.61,83.8,101,0.54,2.807
2024-01-09,9.56,7.37,11.1,327.55,92.4,100.4,7.38,0.651
2024-01-10,9.55,4.17,19.56,304.38,92.2,99.8,5.62,1.298
2024-01-11,8.47,1.95,6.5,310.2,95.8,100.2,6.44,1.863
2024-01-12,6.95,5.6,18.22,322.81,95.3,100.4,0.44,0.681
2024-01-13,8.33,4.36,32.35,294.23,91.3,101.4,0.14,1.838
2024-01-14,10.56,5.61,31.52,316.88,90,101.9,0.04,2.248
2024-01-15,13.12,9.49,32.93,327.78,86.8,101.6,0.2,4.668
2024-01-16,11.41,6.95,30.1,315.59,83.4,101.8,0.1,3.503
2024-01-17,11.75,5.79,24.76,322.89,86.6,101.8,0.21,2.672
2024-01-18,11.17,8.81,24.57,329.38,87.7,100.7,0.42,1.666
2024-01-19,10.54,4.91,39.39,278.13,73.8,100.5,0.29,5.269
2024-01-20,9.27,4.32,51.72,272.78,74.6,101.3,0,5.176
2024-01-21,10.59,8.01,29.39,312.32,77,101.3,0,3.626
2024-01-22,12.52,8.48,25.32,331.18,87.3,100.2,2.05,2.28
2024-01-23,11.88,6.85,49.64,288.01,75.5,100.1,0.45,5.582
2024-01-24,8.9,4.29,50.4,258.59,66.8,101.5,0.04,4.421
2024-01-25,11.23,3.35,16.79,305.37,92.3,100.4,1.65,1.186
2024-01-26,10.97,3.79,33.93,294.51,90.7,100.1,0.73,1.748
2024-01-27,5.82,0.88,36.91,280.34,82.8,101.2,0.04,0.857
2024-01-28,6.15,3.01,18.3,300.45,88.4,100.7,1.69,1.198
2024-01-29,6.6,2.5,44.13,280.9,86.9,100.3,0,0.598
2024-01-30,6.62,2.24,42.05,293.13,81,99.9,2.55,2.594
2024-01-31,5.18,0.49,60.36,270.05,74.2,100.7,0.72,2.251
2024-02-01,6.29,1.28,47.22,279.37,75.7,100.2,5.56,1.171
2024-02-02,4.64,1.59,23.02,297.44,90.3,99.2,6.29,1.232
2024-02-03,6.32,1.04,53.76,274.22,75.8,101.2,0.8,3.193
2024-02-04,5.22,0.66,45.41,262.09,79.1,101.8,0.06,1.596
2024-02-05,6.1,-0.79,71.43,257.63,83.7,101.8,0.33,1.689
2024-02-06,5.45,0.78,74.43,262.46,74,102.5,0.03,0.737
2024-02-07,8.92,4.42,45.67,317.87,88.9,102.8,1.12,1.941
2024-02-08,8.8,5.73,43.69,313.37,92.7,102.7,0.85,1.671
2024-02-09,9.56,5.24,51.87,304.88,88.8,102.7,0.16,1.027
2024-02-10,9.1,4.03,48.78,305.88,86.3,102.6,0.28,1.983
2024-02-11,7.65,5.35,39.21,306.77,82.1,102.2,1.1,3.065
2024-02-12,8.85,6.89,41.27,321.43,90.2,101.6,2.71,3.548
2024-02-13,9.1,2.11,62.37,289.99,79.8,101,1.2,2.673
2024-02-14,6.86,0.12,59.96,274.48,70.3,101.6,0.05,3.963
2024-02-15,7.09,1.4,56.77,288.46,73.5,101.2,1.51,3.75
2024-02-16,6.65,-0.2,92.34,246.4,73,102.3,0,1.666
2024-02-17,8.61,2.85,38.29,300.52,90.4,101.8,4.46,2.767
2024-02-18,4.91,0.69,53.7,285.07,82.2,102.1,0.53,1.2
2024-02-19,3.17,-3.28,68.5,249.51,79.2,102.4,0.05,0.378
2024-02-20,3.07,-1.36,61.75,266.55,80.8,101.7,0.27,1.675
2024-02-21,3.48,-0.44,49.4,289.59,80.7,101.3,0.68,2.076
2024-02-22,4.39,0.27,54.2,292.84,84.7,100.9,0.85,0.921
2024-02-23,3.98,-0.06,61.48,290.16,85.5,100.2,1.27,1.222
2024-02-24,6.05,2.9,48.98,306.29,90.3,99.3,6.06,1.918
2024-02-25,6.25,-0.25,84.88,272.67,80.9,99.8,1.5,1.433
2024-02-26,8.94,2.89,62.25,299.4,86.9,99.7,4.71,1.466
2024-02-27,10.6,7.74,115.21,284.95,67.7,98.7,0.32,6.526
2024-02-28,8.41,4.99,63.28,292.43,70.3,99.6,0.1,4.201
2024-02-29,6.77,3.31,41.85,300.47,79.9,99.6,10.77,0.651
2024-03-01,5.13,1.64,20.43,309.93,89.6,99.5,21.43,4.186
2024-03-02,5.1,1.07,97.09,271.96,73.9,100.5,5.79,2.109
2024-03-03,7.37,0.78,125.05,256.72,72.8,101.9,0.03,1.87
2024-03-04,11.46,2.77,25.18,320.35,82.2,100.5,6.78,2.157
2024-03-05,12.14,4.18,67.95,312.83,73.3,99,0.4,5.87
2024-03-06,6.17,2.56,54.99,300.47,79.5,100.6,6.26,1.316
2024-03-07,13.04,3.99,89.62,306.3,83.7,99.2,2.35,4.375
2024-03-08,13.36,6.97,132.05,289.81,81.5,100.4,2.18,1.92
2024-03-09,13.94,9.63,70.74,332.29,91.6,99.7,4.35,2.174
2024-03-10,14.39,10.85,86.53,333.82,86,98.9,4.49,2.408
2024-03-11,13.34,9.51,120.62,308.61,78.1,99,0.36,3.977
2024-03-12,11.94,8.37,113.6,296.37,75.6,99.7,0.48,4.185
2024-03-13,12.46,6.33,87.6,310.33,86.7,100.1,3.22,1.332
2024-03-14,12.15,5.98,92.92,309.06,83.2,99.1,3.56,1.848
2024-03-15,10,5.62,104.72,293.7,75.5,98.7,2.78,4.292
2024-03-16,8.59,4.58,101.36,281.74,73.1,100.6,0.57,4.503
2024-03-17,9.76,3.77,124.86,279.03,68.5,101.7,0.66,3.574
2024-03-18,13.86,6.57,96.09,325.97,84.7,101,0.29,4.091
2024-03-19,15.33,9.51,96.83,321.1,83.2,100.2,0.16,2.84
2024-03-20,15.14,9.37,96.97,323.01,86.6,99.3,5.83,3.259
2024-03-21,13.37,7.4,100.72,307.22,83.7,98.6,2.3,3.668
2024-03-22,9.86,6.25,149.07,281.05,64.3,98.8,0.61,6.59
2024-03-23,9.93,3.39,123.84,266.51,66.3,97.9,0.38,2.721
2024-03-24,7.32,1.2,61.49,290.34,86.9,98.7,8.64,0.861
2024-03-25,6.11,-0.27,120.17,246,63.9,100.1,0.23,1.601
2024-03-26,4.21,0.03,112.08,276.82,75.3,100.6,4.46,3.829
2024-03-27,7.81,0.68,148.21,272.23,71.4,101,0.2,4.263
2024-03-28,10.71,3.89,124.7,305.17,84.2,99.7,12.43,2.412
2024-03-29,9.39,3,167.63,268.36,66.9,99.2,0.2,3.281
2024-03-30,7.59,2.31,127.34,281.3,65.7,100,0.5,0.707
2024-03-31,8.32,-0.74,141.01,263.33,73.9,100.3,0.56,0.45
2024-04-01,6,0.39,146.19,256.55,66.5,100.2,0.92,3.547
2024-04-02,8.16,0.16,149.35,252.92,63.6,101.3,0.35,4.436
2024-04-03,9.53,-0.61,186.03,255.36,61.6,102.1,0,0.96
2024-04-04,6.62,3.58,45.53,316.4,89.8,100.1,12.96,3.341
2024-04-05,12.81,6.64,85.3,319.19,91.1,98.7,10.16,0.765
2024-04-06,13.6,7.02,157.09,293.33,82.1,98.7,1.23,1.908
2024-04-07,10.91,5.51,141.69,293.05,76.9,98.8,2.2,2.043
2024-04-08,11.41,4.74,154.68,286.97,70.3,99.6,0.68,1.996
2024-04-09,12.03,6.06,150.71,302.22,76.6,99.6,2.42,2.946
2024-04-10,9.81,6.91,77.98,311.94,90.6,99.3,6.68,1.194
2024-04-11,11.12,5.45,135.29,292.13,73.9,98.7,0.22,2.234
2024-04-12,12.79,4.4,185.74,271.32,72.4,99.1,0.52,2.603
2024-04-13,10.24,4.33,79.75,307.64,93.2,99.4,8.09,1.665
2024-04-14,11.97,8.02,81.03,331.54,92.2,99.6,10.2,1.424
2024-04-15,12.79,7.73,130.02,313.24,84.5,101,3.18,1.545
2024-04-16,13.88,4.69,168.67,291.37,73.4,101.8,0.1,1.075
2024-04-17,13.74,3.92,155.98,301.73,81.2,101.1,0.43,2.527
2024-04-18,10.82,6.39,143.15,303.51,71,101.1,0.66,3.593
2024-04-19,10.04,6.01,85.29,298.13,81.8,101,0.38,4.077
2024-04-20,11.8,8.57,146.44,311.2,71.8,101.1,0.09,5.573
2024-04-21,14.76,8.19,191.82,303.22,77.7,101,0.04,6.877
2024-04-22,14.88,11.02,162.09,321.38,78.8,100.6,0.4,6.215
2024-04-23,14.45,6.55,160.56,321.69,80.3,100.1,3.76,4.457
2024-04-24,12.68,5.94,190.85,288.44,65.4,100.1,0.44,4.24
2024-04-25,10.19,5.39,139.33,297.78,70.7,100.4,1.56,3.313
2024-04-26,9.95,3.22,136.8,281.73,71.4,100.4,0.63,2.842
2024-04-27,11.11,3.79,89.39,301.98,86.3,99,8.93,0.862
2024-04-28,10.79,5.27,132.24,300.5,76.9,99.1,1.55,4.935
2024-04-29,10.14,4.18,143.16,284.34,72.4,99.7,1.08,2.39
2024-04-30,9.93,3.35,133.94,280.26,80.8,99.6,1.95,3.687
2024-05-01,12.5,4.39,162.43,300.21,74.5,99.8,5.14,1.156
2024-05-02,13.44,7.77,187.91,313.36,82.3,98.4,6.05,0.857
2024-05-03,13.28,6.95,185.13,307.36,72.6,99.4,3.52,4.968
2024-05-04,15.98,9.96,235.96,303.82,66.7,99.6,0.5,4.832
2024-05-05,16.61,9.93,152.46,333.17,83.8,100.2,3.25,1.208
2024-05-06,17.58,8.57,247.45,303.7,71.9,100.3,2.41,2.223
2024-05-07,14.63,6.48,217.4,285.58,79.2,101,3.29,2.079
2024-05-08,14.29,5.51,198.74,291.54,67.2,101.5,0.49,2.037
2024-05-09,15.51,8.11,247.39,299.92,73.6,101.1,2.19,3.081
2024-05-10,13.62,8.61,99.23,321.28,80,100.6,4.23,5.892
2024-05-11,14.67,8.23,264.62,289.25,69,100.8,1.59,5.463
2024-05-12,14.86,8.69,158.74,323.7,79.1,101.2,1.82,3.675
2024-05-13,12.08,7,166.76,301.72,68.8,101.3,0.28,4.351
2024-05-14,12.09,6.05,179.34,284.3,70,101,0.91,4.157
2024-05-15,10.86,6.02,163.57,298.88,65.7,101.3,0.19,3.973
2024-05-16,10.71,5.7,176.59,299.54,60.6,101.7,0.16,1.944
2024-05-17,13,5.09,141.87,315.55,86.8,101.3,3.79,0.584
2024-05-18,16.58,9.26,271.2,296,75,100.8,0.02,5.486
2024-05-19,15.31,7.95,282.09,286.8,63.5,101.7,0.06,0.699
2024-05-20,19.22,8.43,270.04,300.48,69,102.1,0,3.76
2024-05-21,22.45,9.39,223.44,337.8,77.8,101.3,1.67,2.227
2024-05-22,19.89,11.1,269.01,313.19,74.3,100.8,0.22,2.796
2024-05-23,16.67,9.96,213.5,322.43,75,101.1,2.43,2.584
2024-05-24,13.44,9.62,193.63,308.6,67.2,101.3,0.04,4.67
2024-05-25,15.13,8.82,264.74,284.77,67.9,101.4,0,4.855
2024-05-26,15.68,7.48,203.31,302.14,72.5,102.1,0.18,0.297
2024-05-27,16.08,8.86,193.97,321.74,75.2,101.7,0.13,2.093
2024-05-28,14.62,8.97,182.92,310.54,76.3,101,0.32,4.457
2024-05-29,11.37,7.66,191.07,301.97,61.2,101.2,0.13,5.749
2024-05-30,10.84,6.73,187.22,308.38,68.6,101.5,2.85,3.011
2024-05-31,10.99,6.72,172.23,308.06,71.1,101.3,1.66,2.053
2024-06-01,11.14,6.72,157.23,307.79,73.6,101.2,0.48,1.146
2024-06-02,13.51,6.02,183.16,305.15,70.8,101.3,0.59,1.115
2024-06-03,14.45,5.57,140.82,315.19,73.8,100.7,1.12,1.857
2024-06-04,16.39,10.03,106.41,345.7,90.5,99.5,15.41,1.279
2024-06-05,17.16,9.9,197.63,325.09,79.2,99.3,2.87,3.27
2024-06-06,13.92,6.61,190,302.29,73.4,99.8,0.49,4.596
2024-06-07,12.89,5.66,202.36,286.98,68.1,100.8,0.53,3.814
2024-06-08,12.87,7.42,148.13,307.94,68.3,100.8,0.11,6.737
2024-06-09,13.89,7.31,185.15,307.55,74.8,101,0.47,2.684
2024-06-10,15.65,8.33,202.41,315.76,70.7,101.6,0.53,1.576
2024-06-11,15.07,8.1,238.47,300.6,71.5,101.3,0.35,1.412
2024-06-12,12.35,6.75,189.64,315.29,75,101.4,4.51,1.395
2024-06-13,11.89,5.33,176.93,297.95,66.5,101.8,0.16,0.99
2024-06-14,15.45,5.19,232.02,308.15,71.4,100.9,1.92,0.457
2024-06-15,15.36,9.79,198.19,323.04,78.4,100.4,2.18,1.883
2024-06-16,15.26,9.47,214.96,312.54,74.5,101,1.84,3.274
2024-06-17,18.62,8.5,268.88,305.19,71.5,102.1,0,3.08
2024-06-18,22.42,13.03,230.85,354.45,80.1,102.3,0.08,1.811
2024-06-19,24.34,12.18,268.52,344.43,79.2,101.9,0.53,0.922
2024-06-20,20.2,12.08,229.21,343.15,80.8,101,2.42,1.066
2024-06-21,18.28,11.5,277.58,322.73,72.7,99.4,2.1,4.204
2024-06-22,14.64,9.44,183.64,311.64,74.4,99.8,1.74,4.239
2024-06-23,16.72,8.07,206.75,308.43,73.2,100.2,0.33,2.501
2024-06-24,19.79,12.71,224.95,341.77,78.2,100.1,1.41,2.443
2024-06-25,19.46,12.79,181.49,343.35,73.4,100.2,0.62,1.301
2024-06-26,16.3,10.1,219.42,306.68,75.4,100.3,3.64,2.395
2024-06-27,19.1,9.37,255.84,314.22,70.7,100.6,0.26,2.285
2024-06-28,19.46,11.89,191.32,350.56,84.4,100.2,11.57,1.636
2024-06-29,17.52,10.17,306.26,294.69,67.5,101.1,0.02,4.102
2024-06-30,18.38,8.94,217.56,308.96,72,101.4,0.41,1.527
2024-07-01,20.85,11.38,254.7,325.09,72.9,101.4,0.09,1.107
2024-07-02,17.01,13.53,108.81,350.78,87.8,101.1,3.04,1.244
2024-07-03,19.75,11.95,298.42,316.15,73.2,101,3.36,3.062
2024-07-04,19.1,11.58,221.94,322.52,70.8,100.9,0.11,2.027
2024-07-05,18.93,12.07,270.98,316.53,71.3,100.2,2.48,2.714
2024-07-06,16.84,10.63,257,308.26,72.6,100.3,0.99,4.058
2024-07-07,17.87,9.42,236.2,302.37,74.8,100.9,0.48,4.152
2024-07-08,18.59,10.45,232.89,307.58,73.7,101.2,0.37,1.586
2024-07-09,19.76,8.57,269.98,296.19,69.2,101.1,0,0.672
2024-07-10,20.31,10.57,259.55,315.25,71.3,101.3,0.32,0.498
2024-07-11,20.59,11.34,308.2,296.36,69.7,101.7,0.02,1.224
2024-07-12,21.32,8.65,304.84,291.21,69.6,101.7,0.02,0.64
2024-07-13,22.75,10.86,270.76,318.86,64.2,101.2,0.62,1.297
2024-07-14,21.56,15.12,224.36,348.41,78.3,100.5,1.66,2.376
2024-07-15,20.43,15.06,245.25,343.72,81.5,100.5,6.18,2.837
2024-07-16,20.71,12.88,208.55,340.55,76.4,101.4,1.22,1.213
2024-07-17,23.98,11.45,278.84,326.77,73.5,101.7,0,3.046
2024-07-18,22.84,17.68,165.82,375.39,81.4,101.2,0.76,5.24
2024-07-19,21.08,14.88,214.7,344.58,72,100.7,0.87,2.958
2024-07-20,20.28,11.65,242,315.39,68.9,100.8,0.09,1.662
2024-07-21,20.32,9.94,279.76,293.31,69,100.9,0.29,1.123
2024-07-22,20.42,10.41,260.16,299.81,69,101.4,0,0.766
2024-07-23,19.85,9.57,232.52,301.35,68.4,101.9,0,0.379
2024-07-24,21.71,12.04,264.48,312.37,67.1,101.8,0,0.687
2024-07-25,22.82,11.2,239.45,324.93,74.4,101.9,1.12,1.34
2024-07-26,22.05,16.38,213.66,355.79,80.6,101.9,0.34,2.147
2024-07-27,22.13,14.13,242.96,340.44,77.2,102.1,0.1,2.147
2024-07-28,21.6,13.38,179.27,334.33,77.8,101.5,1.35,3.597
2024-07-29,18.65,12.84,253.72,308.45,70.7,101.4,0.04,3.503
2024-07-30,20.38,11.66,260.68,303.5,68.9,101.3,0.03,3.329
2024-07-31,21.31,13.03,259.03,316.27,69.9,100.8,0.74,4.177
2024-08-01,22.23,14.41,257.37,328.99,70.9,100.2,1.46,5.041
2024-08-02,20.24,13.23,237.2,312.27,70.7,99.8,0.06,5.022
2024-08-03,20.52,13.13,223.95,312.78,66.8,100,0.06,4.058
2024-08-04,19.21,12.46,241.21,305.93,71.1,100,0.97,4.731
2024-08-05,18.75,12.23,219.98,306.43,74.2,100.6,0.88,4.911
2024-08-06,19.71,11.3,241.24,303.36,67.5,101.5,0.18,3.116
2024-08-07,19.34,11.41,226.52,301.19,65.8,102.1,0.11,2.692
2024-08-08,19.76,10.15,207.12,304.91,67.4,102.2,0.34,1.741
2024-08-09,20.78,8.74,246.42,293.49,67.7,102,0.06,0.865
2024-08-10,23.07,11.11,209.56,324.08,73.1,101.7,0.45,2.537
2024-08-11,22.46,14.51,212.34,342.23,68.8,101.3,0,2.815
2024-08-12,24.03,15.55,210.02,354.14,73.3,100.7,1.83,2.653
2024-08-13,22.01,13.84,199.33,328.4,68.5,100.5,2.73,2.875
2024-08-14,22.55,12.47,241.51,316.77,68.8,101,0.05,3.298
2024-08-15,22.24,16.61,141.14,361.49,79.1,101.3,2,2.214
2024-08-16,22.1,15.05,161.73,341.78,78.1,101.2,1.2,2.576
2024-08-17,21.9,12.59,224.99,310.47,70,101.7,0.03,2.602
2024-08-18,22.35,11.81,245.36,310.32,71.1,101.9,0,3.372
2024-08-19,23,15.2,227.55,340.03,75.4,101.5,0.04,3.464
2024-08-20,19.68,14.71,90.71,355.2,86.6,100.8,8.29,2.251
2024-08-21,19.46,12.73,220.15,305.02,72.6,100.9,0.09,4.559
2024-08-22,20.58,12.04,232.88,306.02,69.7,101.4,0.01,3.656
2024-08-23,21.26,14.21,138.53,334.8,75.8,100.8,1.07,4.445
2024-08-24,19.04,11.62,235.37,294.06,68.8,101.6,0.08,2.902
2024-08-25,19.37,9.52,191.21,300.66,66.8,101.6,0,2.468
2024-08-26,20.21,12.94,192.33,330.92,71.4,100.9,0.3,4.096
2024-08-27,20.7,12.66,209.11,328.13,74.5,101,0,3.819
2024-08-28,21.87,15.59,189.67,342.5,78.9,100.3,3.52,5.793
2024-08-29,18.3,11.59,232.29,285.96,63.8,100.8,0,4.641
2024-08-30,20.26,12.47,171.8,326.61,76.4,100.8,0,3.482
2024-08-31,20.68,13.07,144.74,345.08,79.3,99.8,2.21,3.376
2024-09-01,21.09,13.67,117.63,360.22,82.2,98.8,4.41,3.398
2024-09-02,13.71,10.1,135.36,325.55,66,100.6,4.15,4.467
2024-09-03,16.12,9.2,128.11,316.77,75.6,101,2.72,2.673
2024-09-04,16.63,9.13,158.06,297.25,76.1,100.9,0.3,1.44
2024-09-05,15.86,5.58,160.87,283.29,78.7,101.6,0.83,0.599
2024-09-06,15.72,6.75,110.42,319.8,85.5,100.9,4.11,0.541
2024-09-07,15.77,6.12,170.89,288.38,78.5,100.9,0.11,0.552
2024-09-08,16.01,5.9,188.64,278.87,71.4,101.5,0.02,1.268
2024-09-09,16.44,5.84,184.61,286.55,72.4,101.8,0.06,0.448
2024-09-10,16.84,10.87,109.59,328.69,71.1,101.8,0.03,1.732
2024-09-11,18.75,11.06,116.15,340.39,75.7,101.6,0.31,2.952
2024-09-12,19.39,13.83,112.56,350.15,80.2,101.4,0.17,0.565
2024-09-13,21.91,12.58,169.95,328.81,73.1,101.7,0,1.302
2024-09-14,21.54,11.95,198.7,301.88,70.3,102.4,0,2.821
2024-09-15,20.16,9.93,208.96,280.99,66.2,102.8,0,3.056
2024-09-16,20.11,10.95,186.44,295.33,74.1,102.7,0,2.706
2024-09-17,19.77,7.96,168.92,303.96,79.2,102.1,0.12,1.453
2024-09-18,19.97,8.88,178.45,312.88,76,101.7,0.02,1.786
2024-09-19,19.12,13,109.27,352.44,81.9,101.3,0.71,2.377
2024-09-20,20.79,12.01,138.79,323.96,67,101.1,0.06,2.471
2024-09-21,21.07,8.37,181.22,302.09,79.6,100.8,0,1.012
2024-09-22,21.07,10.56,142.97,325.81,87,100.3,2.44,0.233
2024-09-23,19.3,9.48,124.6,327.59,86.7,100.1,1,0.154
2024-09-24,16.64,10.99,59.45,331.23,83.9,99.4,5.04,1.995
2024-09-25,18.35,10.8,112.14,324.65,80.2,99.2,2.21,3.067
2024-09-26,15.22,9.26,105.47,304.39,82.6,100.1,3.29,3.582
2024-09-27,15.38,8.54,119.43,302.88,75.4,101.5,0,3.35
2024-09-28,16.77,9.03,125.71,304.52,80.7,102.2,2.17,1.833
2024-09-29,16.49,7.36,150.29,291.94,77.8,102.7,0.04,0.594
2024-09-30,16.54,6.95,109.75,316.11,81.2,102.5,0.05,1.074
2024-10-01,16.17,11.44,78.51,349.49,84.8,102.4,0.36,1.514
2024-10-02,16.29,12.43,89.07,349.78,85.9,102.3,0.71,0.856
2024-10-03,16.62,11.32,88.89,340.86,82.6,102,0.12,0.248
2024-10-04,19.88,11.13,136.07,316.87,82,101.5,0.04,0.513
2024-10-05,19.42,11.41,115.52,325.39,85.6,101.4,0.11,0.422
2024-10-06,20.79,10.95,109.69,330.05,85.2,100.8,0.25,0.92
2024-10-07,19.04,14.13,55.38,359.41,90.4,100.5,2.52,1.239
2024-10-08,19.94,12.95,88.28,339.41,83.9,100.2,0.26,2.201
2024-10-09,17.8,12.18,58.67,328.42,83.9,99.5,5.93,1.838
2024-10-10,18.85,11.63,125.86,302.13,82.4,100.5,0.04,1.951
2024-10-11,19.51,10.98,86.99,343.72,84.3,101.1,0,1.435
2024-10-12,18.01,14.12,58.32,353.53,86.1,101,5.99,1.062
2024-10-13,14.86,12.24,46.09,350.4,94.5,101.3,10.62,1.697
2024-10-14,17.8,13.23,69.77,362.68,90.6,101.8,0.15,1.411
2024-10-15,19.68,15.18,76.05,351.46,88,101.9,0.12,2.297
2024-10-16,16.95,13.19,64.65,338.5,90.8,101.8,1.16,1.757
2024-10-17,16.9,9.79,87.62,310.71,74.9,100.7,0.87,5.775
2024-10-18,11.1,8.63,81.13,291.65,67.2,100.1,0.63,5.021
2024-10-19,11.93,8.68,79.36,310.14,69.2,100.6,1.25,3.727
2024-10-20,9.94,6.08,74.78,298.62,64.8,101.4,0.04,1.073
2024-10-21,15.32,7.02,59.95,325.6,78.1,101.1,0.11,3.426
2024-10-22,15.92,9.41,55.79,331.9,83.9,101,1.31,5.064
2024-10-23,12.59,8.27,78,315.73,78.4,102,0.04,0.667
2024-10-24,12.34,7.28,60.82,308.73,79.5,102.5,0.06,0.757
2024-10-25,12.19,5.67,72.16,285.38,79.1,102.4,0,1.42
2024-10-26,11.89,6.01,101.15,261.04,69.7,102.2,0,3.139
2024-10-27,8.95,3.71,60.94,287.43,75.1,102.1,0.15,2.862
2024-10-28,11.23,5.19,55.39,314.64,82.8,101.8,0.08,1.306
2024-10-29,10.83,8.13,39.92,327.75,93.5,101.6,0.54,0.194
2024-10-30,12.34,5.53,84.97,292.51,86.1,101.7,0.03,1.268
2024-10-31,14.04,7.33,69.8,312.29,86.4,101.6,0.03,1.616
2024-11-01,15.73,9.13,54.59,332.63,86.7,101.6,0.03,1.97
2024-11-02,16.51,11.57,51.45,341.96,87.9,101.8,0.09,1.605
2024-11-03,12.9,8.78,16.3,332.84,91.3,101.4,5.67,2.259
2024-11-04,9.48,6.84,58.88,306.49,74.2,100.7,1.22,2.818
2024-11-05,9.01,6.97,22.43,316.91,82.1,99.8,2.01,2.568
2024-11-06,9.74,5.66,34.67,299.72,78.9,100.5,0.44,2.152
2024-11-07,8.01,5.38,40.54,302.41,69.4,102,0.04,1.597
2024-11-08,10.97,5.8,43.91,305.78,88,102.1,0.24,1.988
2024-11-09,11.82,7.47,63.29,295.79,85.1,101.9,0.03,1.687
2024-11-10,12.43,5,61.72,295.16,87,102.1,0.08,2.238
2024-11-11,12.87,6.36,45.67,305.6,85.9,101.9,0.52,2.796
2024-11-12,11.66,2.9,67.51,268.32,87.2,101.8,0,2.504
2024-11-13,12.4,7.71,43.31,305.62,84.1,101.2,0,4.135
2024-11-14,13.82,10.48,16.77,338.27,89.9,100.8,10.32,3.611
2024-11-15,13.15,6.81,11.47,335.07,93.7,100.6,11.53,1.171
2024-11-16,7.09,5.72,16.03,324.58,93.8,101.1,9.42,2.555
2024-11-17,14.68,7.12,20.97,333.45,89.5,99.8,8.02,3.36
2024-11-18,11.41,3.17,18.53,289.57,74,99.7,1.12,3.51
2024-11-19,7.7,0.76,43.15,273.19,84.6,101.5,3.56,2.282
2024-11-20,5.06,-0.2,61.05,241.52,83.2,102.1,0.18,1.249
2024-11-21,8.59,2.33,25.96,311.81,90.3,102,2.63,0.906
2024-11-22,13.27,6.69,28.55,321.27,93.7,101.8,0.6,2.108
2024-11-23,13.42,10.45,28.4,339.74,85.9,101.6,0,4.479
2024-11-24,14.99,11.91,39.52,329.47,86.9,101.8,0,4.283
2024-11-25,14.73,9.79,32.53,318.12,90.9,101.9,0.06,2.85
2024-11-26,13.08,9.74,31.52,325.08,87.4,101.4,0.37,2.265
2024-11-27,13.65,11.04,35.88,316.23,80.9,99.3,7.3,5.542
2024-11-28,11.58,8.16,20.77,316.71,84.8,98.1,1.19,3.735
2024-11-29,8.15,5.22,38.81,265.46,70,98.4,0.5,5.699
2024-11-30,6.18,2.93,18.43,289.4,72.8,99.4,1.11,4.993
2024-12-01,5.55,-0.43,41.23,253.27,82.9,101.1,0,0.871
2024-12-02,10.89,1.94,15.57,321.1,84.4,100.3,3.55,2.607
2024-12-03,8.53,4.78,37.4,279.13,72.2,99.5,0,3.47
2024-12-04,10.12,7.03,27.18,314.52,87.9,99.2,0.97,2.321
2024-12-05,8.51,6.97,13.49,328.06,95.5,100.1,2.04,2.083
2024-12-06,9.29,7.22,23.13,328.73,95.6,101.3,0.67,1.32
2024-12-07,9.62,7.88,24.18,330.05,95.4,101.1,0.25,1.151
2024-12-08,8.78,4.37,18.23,318.8,92.2,101.1,0.86,2.007
2024-12-09,4.46,0.73,21.04,289.35,86.3,101.8,0.51,1.731
2024-12-10,0.99,-0.8,27.48,271.73,78.1,101.4,0.18,1.215
2024-12-11,2.63,-1.62,22.84,283.11,89.7,101,0.05,1.024
2024-12-12,14.04,2.67,6.16,328.58,91.9,99.2,9.69,2.156
2024-12-13,13.82,6.69,37.49,290.28,88.1,99.1,0.66,4.154
2024-12-14,12.06,7.63,24.28,327.31,85.4,98.8,7.83,4.236
2024-12-15,10.17,5.16,37.22,278.11,80,100.5,0,2.678
2024-12-16,12.01,9.87,23.08,326.68,76.8,99,5.02,2.492
2024-12-17,10.23,5.85,31.08,279.31,84.9,99.2,0.82,2.581
2024-12-18,11.03,6.1,13.63,303.93,84.2,99.9,1.18,1.866
2024-12-19,12.88,8.64,24.96,311.76,75.2,99.6,8.05,4.949
2024-12-20,15.14,7.96,31.51,319.26,83.2,100.7,3.83,3.92
2024-12-21,12.52,7.04,12.12,316.77,87.9,101,11.51,3.096
2024-12-22,13.61,6.73,9.82,309.18,79.4,100.9,0.8,6.126
2024-12-23,13.52,7.99,17.88,314.54,66.2,100.6,1.36,7.22
2024-12-24,13.58,7.38,19.96,307.15,77.3,100.9,0.13,5.958
2024-12-25,8.44,5.87,28.25,282.35,64.2,101.2,0.12,8.067
2024-12-26,8.05,1.46,11.42,288.45,80.8,101.9,4.6,3.713
2024-12-27,8.73,1.62,13.25,309.57,93.5,101.4,2.74,0.737
2024-12-28,7.22,5.3,13.47,302.51,86.9,100,9.4,3.528
2024-12-29,7.86,3.57,30.33,271.64,75.8,100.3,0,4.339
2024-12-30,6.16,3.46,27.32,282.51,86.9,100.1,0.6,2.631
2024-12-31,5.67,1.41,32.38,265.96,84,100.9,0.3,2.018
2025-01-01,5.18,-0.64,37.45,245.63,81.1,101.8,0,1.407
2025-01-02,9.26,-0.82,10.92,300.04,89.6,101.3,1.66,1.427
2025-01-03,10.99,4.83,7.67,301.46,89.5,99.8,6.34,2.453
2025-01-04,12.45,4.38,18.28,306.23,85.4,99.6,1.41,6.16
2025-01-05,12.4,9.73,22.87,324.73,81.8,99.6,1.01,6.037
2025-01-06,14.08,8.79,33.79,302.42,79.8,99.8,0,7.361
2025-01-07,9.41,4.64,36.52,262.75,73.7,101.5,0,4.765
2025-01-08,12.59,3.84,27.19,288.87,78,102.4,0,4.627
2025-01-09,12.96,6.19,20.38,308.85,85.4,102.1,1.42,5.334
2025-01-10,6.43,2,26.94,286.71,81.9,103.1,0.1,0.102
2025-01-11,9.27,4.09,25.69,312.92,86.7,102.8,0.23,2.484
2025-01-12,9.84,6.6,36.71,312.5,92.7,102.6,0.67,1.911
2025-01-13,9.55,4.88,32.12,309.6,92.6,102.8,0.14,1.672
2025-01-14,9.23,6.38,32.46,314.69,90.7,103,0.23,1.354
2025-01-15,7.91,5.67,29.94,312.68,91.5,102.9,0.44,0.75
2025-01-16,9.47,5.11,32.8,302.98,84.3,103.4,0.28,2.402
2025-01-17,10.09,5.52,42.62,291.34,81.2,103.1,0,4.901
2025-01-18,9.26,7.59,29.84,317.17,86.1,102.5,0.49,4
2025-01-19,9.23,5.39,34.58,307.36,80.6,101.4,0.28,4.695
2025-01-20,5.52,0.23,31.93,255.88,55.9,101.2,0.34,2.694
2025-01-21,4.47,-0.82,50.56,241.81,72.2,101.7,0,2.184
2025-01-22,7.23,3.03,36.97,295.34,73.7,100.5,0.62,6.452
2025-01-23,5.46,0.6,51.9,257.28,65,101.1,0.13,2.306
2025-01-24,4.2,-1.96,60.56,228.85,75.1,102,0,1.527
2025-01-25,5.02,-1.95,31.38,261.07,82.5,102,0.78,2.225
2025-01-26,4.22,-1.07,56.33,255.27,85.5,102.1,0.13,1.185
2025-01-27,3.33,-1.66,43.29,272.19,88,102.5,0.11,0.612
2025-01-28,6.75,-2.08,28.54,289.02,89.3,102.8,0.67,1.705
2025-01-29,4.75,1.39,36.54,289.78,81.6,103.2,0.08,1.283
2025-01-30,2.85,0.35,41.62,282.05,80.1,103.2,0.08,1.204
2025-01-31,7,1.4,39.66,299.51,79.1,102.3,0.1,3.63
2025-02-01,8.62,6.67,14.99,317.45,86.6,100.9,6.09,6.307
2025-02-02,8.51,5.44,42.86,295.88,75.9,101,1.33,6.07
2025-02-03,11.3,6.6,38.56,322.68,84.4,100.9,1.59,6.867
2025-02-04,8.55,-0.13,38.51,285.41,82.1,101.6,1.91,1.223
2025-02-05,4.9,-2.65,78.87,236.08,83.5,102.3,0,0.562
2025-02-06,8.36,-0.3,79.91,265.62,81.2,102.3,0.07,2.246
2025-02-07,9.73,4.88,42.92,311.92,89.7,101.9,1.51,3.037
2025-02-08,4.95,0.21,52.64,282.11,76.3,102.5,2.03,2.705
2025-02-09,4.03,-0.84,59.1,265,79,103.3,0.15,0.767
2025-02-10,7.49,0.64,46.22,301.33,84.4,103,0.62,3.417
2025-02-11,9.1,6.19,33.18,325.23,89.6,102,4.42,4.072
2025-02-12,7.25,2.95,64.8,289.99,85,101.8,0.63,0.239
2025-02-13,6.34,2.97,33.09,309.35,92.9,100.4,3,1.909
2025-02-14,4.71,1.03,45.35,290.55,86.3,99.7,2.75,1.266
2025-02-15,4.4,-1,60.54,261.54,72.5,99.9,0.89,1.965
2025-02-16,0.99,-3.17,63.82,242.36,76.3,101.2,0.04,1.083
2025-02-17,0.39,-3.5,54.59,250.91,77.5,101,0.19,1.179
2025-02-18,1.7,-3.19,94.88,219.33,70,100.9,0,1.226
2025-02-19,1.38,-3.61,97.6,225.04,79.1,100.9,0,0.83
2025-02-20,1.46,-1.85,70.69,258.12,77.8,100.5,0.18,2.11
2025-02-21,2.41,-1.34,79.3,268.86,82.1,100.7,0.13,0.602
2025-02-22,2.39,-1.11,76.55,267.84,77.8,100.4,0.14,3.087
2025-02-23,2.38,-1.49,79.47,263.99,67.1,99.5,0.06,5.025
2025-02-24,4.16,-1.15,70.46,285.52,78.5,99.2,0.95,2.779
2025-02-25,5.57,-1.69,89.05,257.85,67.8,100.7,0.03,1.243
2025-02-26,6.57,-1.95,83.09,250.37,70.4,102.1,0.03,2.383
2025-02-27,8.94,0.48,41.31,304.62,88.8,100.6,6.43,1.377
2025-02-28,9.15,3.95,85.16,293.36,84.1,101.2,1.1,2.721
2025-03-01,5.71,2.06,22.27,315.62,92.7,101.2,8.13,3.277
2025-03-02,10.78,5.74,65.64,304.76,87.9,99.8,1.47,3.006
2025-03-03,10.33,6.6,67.75,303.23,80,98.9,5.74,7.652
2025-03-04,11.12,5.19,94.5,297.24,79.4,100.2,0.74,4.766
2025-03-05,11.27,5.73,49.57,320.13,87,100.9,1.98,3.888
2025-03-06,11.5,7.19,79.17,324.67,88.5,101.9,1.94,2.963
2025-03-07,13.12,7.13,109.55,303.77,81.7,102.2,0.03,3.031
2025-03-08,12.01,6.38,92.55,306.73,84.8,101.9,0.04,3.232
2025-03-09,11.38,5.32,97.57,301.04,83.6,100.7,0.33,1.187
2025-03-10,9.59,5.85,54.31,298.84,82.8,98.2,7.87,2.712
2025-03-11,9.56,5.77,68.38,306.83,83.8,97.8,7.59,7.137
2025-03-12,6.95,3.73,47.26,291.5,84.6,99.2,3.65,5.339
2025-03-13,7.27,1.16,64.98,285.08,84.9,99.6,2.5,0.903
2025-03-14,6.29,2.41,85.52,282.99,72.5,99.9,2.46,0.914
2025-03-15,8.64,1.35,109.07,279.14,70.9,101.5,0.63,3.147
2025-03-16,13.28,5.51,95.51,317.32,81,100.1,1.5,6.143
2025-03-17,9.95,5.28,126.62,280.21,62,99.7,0.93,9.078
2025-03-18,9.09,4.46,95.65,290.62,67.3,100.4,1.8,5.01
2025-03-19,13.21,4.48,43.84,333.04,88.3,99.7,8.53,2.028
2025-03-20,12.11,6.65,139.39,304.4,76.9,99.1,5.12,4.311
2025-03-21,9.57,4.02,104.19,295.64,80,98.7,10.03,2.033
2025-03-22,8.3,3.98,95.98,281.35,77.9,98.2,1.74,3.967
2025-03-23,11.19,2.18,171.07,266.05,73.2,98.6,5.44,1.806
2025-03-24,8.15,4.93,69.66,312.82,86.1,98.2,8.41,2.822
2025-03-25,8.11,1.31,116.4,271.82,66.2,99.3,0.05,2.206
2025-03-26,9.87,1.1,209.59,228.25,57.7,99.4,0,4.111
2025-03-27,9.24,3,114.71,285.2,73.5,99.6,1.01,2.368
2025-03-28,8.93,0.16,186.61,247.98,66,99.8,0,2.438
2025-03-29,9.24,1.34,145.98,284.28,69,100,0.05,1.183
2025-03-30,5.55,2.29,54.13,298.66,77.1,99.7,3.02,2.776
2025-03-31,6.01,0.48,143.21,274.72,69.8,99.7,1.14,1.045
2025-04-01,7.29,0.38,115.53,278.15,79.9,99.9,1.3,0.364
2025-04-02,8.05,-0.25,191.25,244.51,67.7,99.8,0.03,1.199
2025-04-03,8.22,-3.52,205.57,231.12,66,99.9,0,1.328
2025-04-04,4.76,2.01,58.66,302.13,78.9,99.7,3.81,2.591
2025-04-05,7.84,2.91,100.15,305.5,77.4,100.7,2.08,3.355
2025-04-06,8.18,3.04,117.35,304.67,72.8,100.9,0.47,2.683
2025-04-07,8.57,2.85,130.33,302.99,78.3,100.7,0.68,0.875
2025-04-08,10.75,4.39,98.76,314.59,84.1,100.3,2.45,0.689
2025-04-09,11.63,6.06,138.33,291.59,79.5,100.5,1.05,5.095
2025-04-10,12.07,6.03,152.58,296.25,65.1,101.4,0.07,3.311
2025-04-11,12.84,5.56,152.16,304.33,62.2,101.1,0.1,0.865
2025-04-12,11.4,5.46,116.12,299.44,67.8,101,0.07,2.738
2025-04-13,9.01,3.16,142,273.3,68.3,101.9,0.09,1.894
2025-04-14,12.6,1.83,172.11,280.12,67.1,102.4,0.04,0.87
2025-04-15,14.99,6.69,179,300.9,78.8,102.1,0,4.281
2025-04-16,11.7,5.56,74.24,322.41,90,101.8,8.14,1.033
2025-04-17,9.73,2.23,122.16,290.58,68.3,102.1,3.28,3.421
2025-04-18,8.47,0.44,238.09,238.27,51.8,102,0,3.753
2025-04-19,6.57,0.61,178.03,259.7,46.7,101.9,0,3.778
2025-04-20,7.69,1.07,165.67,265.92,51.3,101.9,0,2.9
2025-04-21,9.23,0.63,226.02,251.75,52.9,101.6,0.05,2.942
2025-04-22,8.45,2.05,174.51,279.76,61.7,101.3,0.08,2.421
2025-04-23,11.56,4.26,156.8,294.38,66.5,101.1,0.07,1.461
2025-04-24,14.39,4.14,150.53,298.72,79.7,100.5,1.12,1.517
2025-04-25,14.26,7.98,181.16,298.21,84.1,99.9,3.78,1.749
2025-04-26,14.57,7.64,154.26,306.51,80.3,100.3,3.2,3.437
2025-04-27,15.18,10.87,155.77,331.24,80.8,100.9,1.3,2.562
2025-04-28,19.79,11.63,226.34,321.46,73,101.2,0,3.195
2025-04-29,17.56,8.42,155.01,315.86,79.6,102,0.05,1.361
2025-04-30,13.52,5.86,244.81,260.06,63.8,103,0.03,1.815
2025-05-01,13.09,2.29,294.85,243.1,69,102.5,0,1.28
2025-05-02,16.65,2.74,279.46,263.24,68.5,101.6,0,2.061
2025-05-03,12.82,6.02,212.44,293.41,63.5,101.6,0.11,4.528
2025-05-04,13.57,5.89,200.24,305.34,66.4,101.7,0.61,3.284
2025-05-05,16.77,6.96,263.97,291.76,71.1,101.7,0.02,0.536
2025-05-06,16.39,5.92,297.22,267.97,69.8,101.7,0,2.783
2025-05-07,18.98,6.24,224.1,303.77,65.5,101.2,0.24,3.871
2025-05-08,19.54,10.97,161.2,336.45,77.2,100.6,2.29,2.523
2025-05-09,22.42,9.56,277.95,318.52,78.3,100.7,7.33,0.718
2025-05-10,19.51,12.84,127.94,353.96,88.6,100.4,12.37,1.783
2025-05-11,17.47,11.15,149.89,344.64,86.2,101,5.85,0.468
2025-05-12,16.07,8.66,236.68,303.75,70.2,102.1,0.3,4.063
2025-05-13,13.24,7.55,193.46,286.02,68.8,102.5,0.33,2.887
2025-05-14,12.8,6.18,115.07,310.16,80.7,102.1,4.59,2.45
2025-05-15,11.82,3.45,194.67,278.65,67.7,101.8,0.22,3.221
2025-05-16,12.28,6.36,143.37,303.57,62.5,101.7,0.1,2.626
2025-05-17,14.14,7.32,223.97,302.27,65.9,102.1,0.99,0.854
2025-05-18,16.58,4.96,282.01,273.11,64.9,102.5,0.04,1.593
2025-05-19,17.86,6.01,321.8,262.9,61.6,102.4,0,2.057
2025-05-20,18.69,4.93,289.15,284.35,70.8,102.2,0.05,0.743
2025-05-21,19.01,6.24,293.16,281.13,70,101.8,0.03,0.617
2025-05-22,17.06,8.44,262.06,296.38,72.5,101.7,0.06,1.689
2025-05-23,16.08,7.83,295.32,282.37,61.1,101.9,0.03,1.884
2025-05-24,17.16,8.38,214.91,305.95,72.8,101.7,1.16,0.363
2025-05-25,17.34,9.22,178.54,322.17,68.1,101,0.37,0.98
2025-05-26,15.41,8.42,201.28,315.74,83.4,100.5,11,0.79
2025-05-27,17.97,9.19,248.18,303.5,73.6,100.8,0.38,2.26
2025-05-28,18.67,7.8,164.1,325.18,78.2,100.7,5.73,1.623
2025-05-29,17.31,10.86,230.33,313.5,71.6,100.4,1.39,2.113
2025-05-30,14.42,9.25,110.03,321.93,86.8,100,7.14,2.599
2025-05-31,15.62,8.97,150.12,318,84.3,100,4.05,2.083
2025-06-01,16.82,8.69,190.19,314.08,81.9,100,0.96,1.282
2025-06-02,18.34,9.38,237.57,308.42,77,100.5,0.66,0.548
2025-06-03,20.31,8.16,249.83,304.6,75.4,100.8,0.8,1.833
2025-06-04,19.18,11.38,229.09,330.44,80.2,101.1,5.17,4.08
2025-06-05,16.84,9.91,250.21,312.85,71.6,101.9,0.27,1.583
2025-06-06,19.72,8.17,241.78,310.57,77.9,101.7,0.63,3.914
2025-06-07,15.79,10.27,199.56,316.18,65.5,102,0.04,3.571
2025-06-08,15.53,9.76,236.1,304.6,66.2,101.9,0,3.406
2025-06-09,17.4,10.34,294.98,295.77,64.5,101.8,0.05,1.275
2025-06-10,19.09,9.89,202.06,334.2,79.9,102,0.15,2.035
2025-06-11,20.75,10.36,233.03,328.13,80,102.1,1.13,0.305
2025-06-12,21.07,12.07,211.09,332.17,78.3,101.7,1.67,2.071
2025-06-13,22.36,12.26,294.2,317.22,72.3,101.6,0.05,1.545
2025-06-14,22.29,12.35,316.89,309.56,68.3,101.2,0,2.866
2025-06-15,27.14,10.44,239.18,344.8,69.7,100.8,0.83,1.799
2025-06-16,22.68,15.28,280.52,339.28,69.4,100.7,0.15,4.163
2025-06-17,21.62,11.45,228.34,331.12,72.9,101.4,0.68,1.442
2025-06-18,21.73,9.47,282.44,304.9,70.8,101.8,0.03,1.055
2025-06-19,23.28,12.11,306.75,310.57,69,102,0.04,1.101
2025-06-20,25.01,13.11,304.94,323.49,69.9,102.3,0.46,0.398
2025-06-21,25.42,14.15,314.03,322.87,64.3,102.5,0.04,2.067
2025-06-22,25.68,13.26,308.44,325.31,65.4,102.5,0,3.121
2025-06-23,25.12,13.09,330.38,317.05,65,102.3,0.02,3.204
2025-06-24,26.34,14.21,311.64,335.05,67.7,102,0,2.604
2025-06-25,26.76,14.24,341.72,317.52,63.3,101.8,0,2.189
2025-06-26,28.54,14.25,343.84,320.92,61.6,101.6,0,2.608
2025-06-27,28.21,13.8,347.05,313.28,59,101.4,0,2.708
2025-06-28,29.22,13.28,345.34,311.82,59,101.5,0,0.406
2025-06-29,30.8,15.61,345.19,325.19,53.4,102,0,2.077
2025-06-30,30.8,14.77,344.51,326.42,59.8,102.3,0,1.482
2025-07-01,25.76,17.04,232.3,355.15,67.1,102.7,0.07,1.284
2025-07-02,24.3,12.96,314.87,303.83,62.1,102.6,0,1.1
2025-07-03,27.05,13.23,312.76,321.61,56.8,101.9,0.06,1.538
2025-07-04,22.31,17,280.11,341.92,67.7,101.4,0.06,2.415
2025-07-05,23.93,16.06,229.76,352.05,71.1,101.3,1.26,1.863
2025-07-06,24.31,15.92,297,335.51,70.4,101.1,0,4.117
2025-07-07,22.84,16.38,258.25,339.99,70.4,101.4,0.07,2.192
2025-07-08,25.96,16.26,307.27,332.86,64.5,101.6,0.03,3.002
2025-07-09,22.65,16.4,158.93,366.31,77.8,101.7,0.16,1.995
2025-07-10,22.91,15.3,300.01,328.01,71.8,101.5,1.04,2.343
2025-07-11,23.84,14.3,290.96,324.99,67.9,101.4,0.02,2.292
2025-07-12,26.61,12.25,326.68,304.72,63.2,101.3,0,1.463
2025-07-13,24.53,15.71,225.09,354.1,80.1,101,6.46,2.707
2025-07-14,29.96,18.3,302.39,352.11,64.6,100.9,0.1,1.819
2025-07-15,30.5,18.03,262.03,352.01,55.9,100.6,0.67,1.952
2025-07-16,24.24,16.07,260.37,324.99,61.6,100.9,0.04,3.641
2025-07-17,24.51,14.45,263.39,326.77,67.4,101,2.39,2.42
2025-07-18,24.78,13.44,257.57,318.13,63.1,101.5,0.01,2.643
2025-07-19,26.13,13.66,284.64,331.53,67.8,101.5,0,3.396
2025-07-20,25.28,16.54,286.88,320.25,61.2,101.5,0.02,1.297
2025-07-21,25.16,15.9,235.76,346.52,65.5,100.8,0.19,4.128
2025-07-22,25.75,13.95,325.13,302.6,58.3,101.6,0,1.743
2025-07-23,30.82,11.61,322.82,312.26,61,101.9,0,0.286
2025-07-24,32.78,17.41,321.33,336.23,51.6,101.7,0,1.494
2025-07-25,32.9,17.15,316.95,335.65,54,101.3,0,1.671
2025-07-26,33.86,18.03,315.81,334.69,53.8,101,0.04,0.703
2025-07-27,34.57,18.2,303.49,343.15,54.1,101.1,0.6,0.591
2025-07-28,34.23,18.58,286.37,350.42,57.7,101,2.41,0.946
2025-07-29,22.46,16.48,251.87,329.26,62.1,101.2,0.18,3.011
2025-07-30,23.98,15.3,261.48,333.96,64.1,101.4,0.1,3.65
2025-07-31,25.35,16.28,229.27,344.77,64.5,101.4,0.08,3.237
2025-08-01,26.72,17.26,197.37,353.77,64.8,101.3,0.05,2.829
2025-08-02,22.96,14.66,162.22,335.44,71.2,101.1,2.56,2.2
2025-08-03,24.92,12.56,235.82,320,60.9,101.6,0,2.843
2025-08-04,25.92,16.67,269.42,334.31,66,101.6,0.04,3.644
2025-08-05,26.59,14.68,270.32,313.02,67.1,101.6,0,1.728
2025-08-06,26.28,12.09,264.53,315.47,67.2,101.4,0.02,1.189
2025-08-07,27.23,13.69,232.36,330.06,67.5,101.4,0.2,1.48
2025-08-08,27.83,16.89,247.62,346.91,69.6,101.5,0.04,2.541
2025-08-09,29.31,14.63,263.35,335.31,68.8,101.3,0.03,2.498
2025-08-10,22.6,13.09,205.71,322.36,64.7,101.3,0.5,2.161
2025-08-11,21.92,12.63,103.85,348.35,60.1,101.2,0.54,0.688
2025-08-12,22.17,10.94,223.3,303.74,59,101.1,0.12,2.914
2025-08-13,21.14,8.58,292.84,270.91,50.7,102,0,0.775
2025-08-14,24.66,10.03,241.98,307.12,51.2,102.2,0,0.948
2025-08-15,25.33,9.75,226.13,314.35,59.8,102.2,0.02,0.789
2025-08-16,26.71,11.7,245.25,320.6,68.4,102,0.68,0.945
2025-08-17,27.7,13.08,240.08,328.65,67.2,101.7,0,1.981
2025-08-18,25.43,14.49,208.09,339.08,69.5,101.6,0.04,1.143
2025-08-19,27.19,11.83,250.71,317.5,68.7,101.7,0.12,0.799
2025-08-20,27.48,11.84,246.81,315.53,71.1,101.7,0.5,0.49
2025-08-21,25.97,13.99,208.91,330.33,67.8,101.4,0.09,1.213
2025-08-22,26.45,16.91,190.62,358.6,72.2,101.4,0.29,3.409
2025-08-23,27.2,16.15,228.91,340.55,72.7,101.4,0.02,2.917
2025-08-24,29.84,14.54,217.95,343.87,71.6,101.1,0.68,0.481
2025-08-25,27.4,16.49,207.27,346.91,75.2,100.6,3.4,2.003
2025-08-26,22.77,14.74,194.56,334.15,77.2,100.5,7.5,2.642
2025-08-27,21.17,11.7,193.87,304.06,62.7,101.1,0.02,2.939
2025-08-28,17.93,10.24,147.09,316.98,67.3,101,1.1,1.126
2025-08-29,18.26,9.7,136.42,315.81,62,101.3,0.12,1.007
2025-08-30,19.51,10.38,198.26,296.89,63.1,101.6,0,1.057
2025-08-31,19.71,9.62,215.33,286.66,62.9,101.7,0,1.399
2025-09-01,19.91,8.87,232.43,277.39,62.7,101.9,0.02,1.294
2025-09-02,21.64,9.05,195.39,298.23,68.2,102,0.02,2.017
2025-09-03,25.44,12.09,220.02,319.03,64.2,102,0,2.747
2025-09-04,28.21,12.96,237.95,303,57.4,101.8,0,2.736
2025-09-05,27.49,12,234.79,298.18,49.9,101.8,0,2.496
2025-09-06,28.6,11.88,234.01,295.1,43.8,101.8,0,2.281
2025-09-07,29.33,10.59,231.11,301.05,47.4,101.9,0,1.622
2025-09-08,28.88,10.58,204.1,310.29,50.6,101.8,0,1.533
2025-09-09,27.26,12.04,169.79,321.66,50.3,101.8,0,2.074
2025-09-10,26.08,15.32,93.94,361.09,61.7,101.4,1.55,1.967
2025-09-11,31.39,16.55,200.29,347.87,47.5,100.9,0.27,1.663
2025-09-12,23.95,16.67,118.34,352.57,78.2,100.7,1.19,1.433
2025-09-13,23.84,15.53,149.78,331.71,73,101,0.33,2.407
2025-09-14,20.16,13.04,84.29,339.41,73.3,100.8,2.63,1.903
2025-09-15,21.44,11.4,143.89,323.22,74,100.6,0.2,2.055
2025-09-16,20.32,11.94,124.67,324.88,77.1,99.8,1.83,3.888
2025-09-17,18.29,11.67,133.17,308.5,67.4,100.4,0.32,4.943
2025-09-18,19.94,12.22,142.58,330.3,72.4,100.9,0.06,4.133
2025-09-19,19.56,13.19,139.09,328.62,71,101.4,0.44,2.978
2025-09-20,20.34,11.61,68.83,347.95,82.5,101.3,2.28,3.614
2025-09-21,17.67,12.53,145.87,309.29,63.9,101.1,0.05,4.131
2025-09-22,19,9.36,127.09,326.03,78.4,99.7,5.2,3.414
2025-09-23,14.33,8.6,40.24,317.33,85.7,99.9,18.28,1.195
2025-09-24,18.53,10.61,129.01,340.11,82.1,100.7,4.06,2.965
2025-09-25,18.75,13.95,68.27,364.3,83.5,100.8,0.98,3.189
2025-09-26,16.4,13.13,47.57,351.16,93.6,100.6,5.63,0.081
2025-09-27,18.07,11.27,125.21,319.53,86.4,100.9,0.36,0.937
2025-09-28,17.53,10.8,112.34,328.66,85.2,101.6,0.84,1.141
2025-09-29,17.16,10.14,135.81,303.91,69.3,102,0.04,2.036
2025-09-30,16.43,7.26,119.69,309.72,81.6,102.1,0.02,0.552
2025-10-01,17.56,10.88,111.64,327.1,72.6,101.9,0.06,0.853
2025-10-02,16.98,7.02,105.76,302.49,76.4,101,0.68,2.718
2025-10-03,11.6,4.61,104.96,275.14,64.6,100.8,0.94,2.291
2025-10-04,11.61,4.89,77.94,301.62,71.5,101,5.9,2.79
2025-10-05,13.64,9.12,78.62,316.22,82.7,100.4,1.91,4.673
2025-10-06,15.42,10.52,104.19,307.5,80,99.7,1.66,5.546
2025-10-07,11.68,6.66,92.56,297.29,79.3,99,3.53,2.438
2025-10-08,12.7,6.45,98.47,287.8,74.4,99.9,0.53,3.106
2025-10-09,12.33,5.66,98.62,283.96,74.9,101.2,0.03,1.748
2025-10-10,14.07,5.16,131.67,277.07,66.5,101.8,0.06,1.163
2025-10-11,15.17,8.4,113.9,300.48,67.9,101.5,0.19,1.858
2025-10-12,16.73,7.15,95.36,317.84,77.3,100.9,1.69,2.612
2025-10-13,14.99,12.48,24.69,359.45,96.5,100,20.15,0.849
2025-10-14,18.01,12.93,78.71,347.38,88,100.2,3.92,1.952
2025-10-15,19.07,15.67,75.36,357.18,82.7,100.5,0.16,1.911
2025-10-16,20.83,15.25,85.25,345.89,82.2,100.2,0.12,1.566
2025-10-17,19.2,10.98,63.3,336.06,89.2,99.8,0.89,0.792
2025-10-18,18.14,10.13,108.78,305.36,84.6,100.1,0.09,1.377
2025-10-19,16.53,11.62,88.97,311.66,78.1,100,1.7,2.284
2025-10-20,16.82,10.56,66.13,319,77.5,100.2,4.85,2.195
2025-10-21,17.5,12.42,101.89,304.39,76.2,100.6,1.38,2.98
2025-10-22,17.87,11.94,75.34,316.78,86.1,101.4,0,1.862
2025-10-23,19.68,11.93,92.89,321.76,81.6,100.7,0.03,2.323
2025-10-24,15.23,11.78,13.31,350.68,92.1,99.4,21.76,2.617
2025-10-25,16.28,10.3,76.75,323.79,75.9,100.2,2.37,2.969
2025-10-26,16.86,11.11,74.93,321.42,76.7,101.2,0.04,2.074
2025-10-27,16.39,10.53,69.83,314.53,85.4,101.6,0.02,3.115
2025-10-28,13.84,8.09,94.38,276.75,79.5,101.9,0,3.574
2025-10-29,11.83,7.88,61.57,319.58,84.1,102.1,0.32,2.809
2025-10-30,11.4,8.12,58.59,310.32,83.5,101.9,0.12,2.788
2025-10-31,11.79,8.06,68.35,308.42,82.4,101.8,0.13,3.012
2025-11-01,12.18,8,78.02,307.17,81.4,101.7,0.14,3.236
2025-11-02,11.77,9.11,31.07,335.09,91.1,101.2,1.35,2.492
2025-11-03,11.26,8.6,38.12,327.31,90.1,101,1.04,2.437
2025-11-04,8.99,6.44,34.75,319.51,79.9,101.3,1.33,3.647
2025-11-05,8.23,2.28,57.35,266.1,67.3,101.5,0.04,2.832
2025-11-06,7.54,-0.58,84.73,230.61,83.4,102.1,0,1.379
2025-11-07,4.35,-1.9,59.91,255.54,96.4,102.4,0.15,0.247
2025-11-08,7.42,-1.87,73.54,251.44,92.6,102,0.1,0.794
2025-11-09,8.69,0.88,71.93,252.85,92.4,101.3,0,0.986
2025-11-10,11.12,5.12,50.88,295.96,89.8,100.9,0.31,0.898
2025-11-11,12.42,4.62,68.46,285.26,90.7,100.9,0.07,1.489
2025-11-12,14.24,9.65,45.07,304.92,87,100.9,0.03,2.43
2025-11-13,14.91,8.38,25.11,332.01,85.2,100.3,13.99,2.597
2025-11-14,9.53,1.89,68.56,243.51,80.5,101.7,0,0.933
2025-11-15,8.98,0.73,61.41,262.58,84.2,102.8,0,0.765
2025-11-16,11.68,6.14,60.51,294.29,85.1,102.8,0,1.452
2025-11-17,14.79,7.53,48.42,314.1,88,102.7,0.02,1.428
2025-11-18,12.84,5.71,58.43,284.64,82.1,101.9,0,1.089
2025-11-19,13.04,6.86,56.45,278.4,77,101.7,0,3.211
2025-11-20,11.15,6.34,40.91,293.62,68.2,101,0.26,6.033
2025-11-21,9.11,6.17,43.46,279.62,65.4,101.1,0.07,5.139
2025-11-22,10.85,5.69,9.98,322.21,92.1,100.2,10.52,0.956
2025-11-23,10.59,6.73,32.78,309.45,90.6,99.2,0.98,0.36
2025-11-24,7.13,5.23,8.29,321.55,89.3,99.2,15.11,5.162
2025-11-25,5.98,4.2,29.01,301.08,74.1,100.8,0.07,2.805
2025-11-26,13.14,3.62,25.77,325.23,84.1,100.3,5.98,1.913
2025-11-27,13.11,7.84,47.4,289.08,81.3,99.1,0.59,4.099
2025-11-28,9.93,5.98,41.9,279.18,76.1,98.4,0.92,4.924
2025-11-29,8.09,3.98,17.98,280.38,80,99.1,1.18,5.762
2025-11-30,7.85,3.51,34.35,284.47,64.3,100.7,1.06,2.709
2025-12-01,13.76,4.53,22.88,332.27,89.7,99.5,9.75,2.687
2025-12-02,11.79,7.32,15.92,309.19,88.4,98.5,8.47,2.868
2025-12-03,8.57,5.65,25.37,307.12,79.5,100,3.55,3.232
2025-12-04,6.56,0.37,42.33,251.89,75.1,100.7,0.21,1.904
2025-12-05,10.52,-0.94,13.17,293.08,85.1,100.3,5.19,2.51
2025-12-06,11.42,7.19,29.21,294.09,85.9,100.2,0.59,4.027
2025-12-07,11.48,6.29,25.41,286.88,82.8,100.3,5.95,3.962
2025-12-08,9.65,5.32,31.29,288.61,74,100.5,1.8,2.843
2025-12-09,7.26,5.31,15.08,312.2,94,100.7,6.81,2.104
2025-12-10,13.54,7.06,14.15,321.42,85,100,8.66,1.663
2025-12-11,10.58,7.89,16.72,314.25,84.9,100,0.5,1.455
2025-12-12,10.13,6.48,32.66,276.68,86.7,99.9,0,2.355
2025-12-13,10.98,5.68,35.94,283.72,92.3,99.6,0.59,1.142
2025-12-14,9.61,5.79,35.45,281.37,82.8,98.3,6.95,3.689
2025-12-15,9.02,5.73,38.45,285.4,83.5,98.6,4.73,5.396
2025-12-16,8.69,4.75,32.16,274.56,80.1,100.5,0.03,4.791
2025-12-17,13.8,5.64,13.69,330.39,88.2,100.8,4.99,3.596
2025-12-18,13.98,8.62,6.57,340.24,90.2,100.3,13.5,4.174
2025-12-19,12.18,6.24,27.75,307.87,88.6,101.1,0.12,1.326
2025-12-20,13.15,7.68,25.47,308.29,80.1,100.2,0.97,3.937
2025-12-21,12.25,7.93,13.33,323.04,82.3,98,9.55,4.565
2025-12-22,8.41,6.57,28.38,296.33,67.3,97.3,0.15,7.735
2025-12-23,8.38,4.33,26.44,287.23,69.1,98.3,0.44,5.398
2025-12-24,6.21,3.14,29.16,263.59,73.7,99.4,0.12,4.724
2025-12-25,5.68,2.29,29.43,261.39,80.7,100.1,0.67,3.133
2025-12-26,12.92,3.26,14.66,324.84,88.8,100.2,6.65,2.781
2025-12-27,14.12,12.1,23.14,342.91,86.8,100.1,0.72,3.668
2025-12-28,14.64,7.19,27.48,305.58,67.1,100.4,0.3,7.518
2025-12-29,8.82,6.67,24.31,296.08,84.3,100.9,3.73,4.028
2025-12-30,11.16,6.76,26.07,309.84,83.2,100.4,4.73,5.251
2025-12-31,11.19,6.41,26.52,301.69,79.8,100.2,2.43,5.333
2026-01-01,11.22,6.05,26.98,292.05,76.4,100,0.13,5.415
2026-01-02,7.67,4.32,19.06,279.87,77.6,99.9,1.07,5.51
2026-01-03,12.78,5.37,13.52,328.29,89.4,100.2,2.59,2.766
2026-01-04,13.36,11.99,26.72,328.96,81.3,100.7,0,5.955
2026-01-05,13.37,5.9,17.49,307.02,80.8,100.6,5.5,4.112
2026-01-06,8.12,3.34,20.1,282.98,72.5,102,0.14,2.052
2026-01-07,10.59,4.22,36.83,293.61,84.9,101.9,1.62,3.501
2026-01-08,12.99,9.81,30.69,318.56,88.9,102.5,0,4.929
2026-01-09,11.01,8.15,28.27,321.89,90.3,103,0.21,1.638
2026-01-10,10.45,6.64,22.28,316.97,92.1,102.2,0.61,1.019
2026-01-11,11.34,5.67,34.54,290.3,90,101.7,0.09,1.458
2026-01-12,11.09,5.6,24.31,288.52,87.6,100.9,1.03,2.463
2026-01-13,14.26,5.83,19.5,321.01,80.4,98.6,14.98,5.477
2026-01-14,8.01,6.33,33.17,288.67,63.9,99.5,0.17,7.854
2026-01-15,12.78,5.4,9.9,313.97,81.9,98.5,23.47,4.572
2026-01-16,9.71,5.67,27.84,295.73,74.9,99.9,4.01,7.998
2026-01-17,9.36,4.82,45.04,270.49,72,100.2,3.64,7.118
2026-01-18,10.3,4.31,12.27,304.91,86,100.6,3.14,1.795
2026-01-19,13.47,8.76,32.71,332.23,84,100.2,4.17,3.293
2026-01-20,9.83,6.01,37.37,291.47,75.9,100.1,0.89,4.151
2026-01-21,8.2,4.06,52.37,264.72,72.4,100.9,0.13,2.699
2026-01-22,8.84,3.51,17.77,299.6,88.9,99,6.79,2.924
2026-01-23,10.86,7.39,35.6,309.4,84.1,98,1.12,1.744
2026-01-24,9.15,4.9,10.3,292.59,82.3,98.4,11.31,2.024
2026-01-25,10.67,6.88,42.44,296.25,71.5,98.6,0.17,2.169
2026-01-26,10.54,6.81,46.05,282.63,88.5,99.7,0.53,2.119
2026-01-27,13.87,7.35,27.57,319.55,83.9,100.4,1.06,3.814
2026-01-28,13.09,10.31,33.94,328.6,82.7,100.9,2.29,2.344
2026-01-29,10.43,4.78,43.51,296.08,87,100.8,1.55,1.423
2026-01-30,12.6,10.16,40.86,333.07,79.6,100.5,0.43,2.345
2026-01-31,13.72,11.72,32.27,339.95,87.7,101,1.2,2.083
2026-02-01,14.04,9.78,58.28,305.26,84.7,101.5,0,1.572
2026-02-02,15.76,7,49.39,319.88,83.2,101.4,2.53,2.197
2026-02-03,9.89,4.85,73.95,265.87,76.1,102.7,2.27,3.319
2026-02-04,11.97,6.15,33.58,318.83,78.7,102.4,0.05,3.268
2026-02-05,13.31,8.84,61.47,304.79,85.7,102.4,0.08,3.718
2026-02-06,12.15,7.93,43.35,301.53,86.3,102.2,0.19,1.435
2026-02-07,12.1,4.38,22.76,309.32,88.6,101.4,2.87,2.182
2026-02-08,10.69,4.29,49.84,285.37,67.8,102.2,0.12,6.626
2026-02-09,11.52,8.96,65.46,303.77,76,101.8,0.1,8.262
2026-02-10,12.41,9.5,71.57,315.03,76.2,101.8,0.07,5.446
2026-02-11,13.17,9.67,53.33,326.57,80.1,102.1,0.13,4.024
2026-02-12,13.53,9.89,69.75,312.45,79.5,102.7,0,4.45
2026-02-13,12.94,8.42,66.25,312.73,82.8,102.7,1.1,4.312
2026-02-14,11.5,7.72,42.51,324.55,92.9,103.2,0.76,0.226
2026-02-15,11.4,7.08,71.63,307.72,86.1,103.2,0.12,2.699
2026-02-16,10.39,5.37,69.53,297.87,83.1,102.6,0.09,3.767
2026-02-17,10.07,5.95,67.13,288.49,73.6,103.2,0,3.548
2026-02-18,10.31,6.57,82.01,304.35,78.4,103.1,0.13,3.899
2026-02-19,11.53,6.39,58.64,308.59,83.4,102.5,0.74,3.933
2026-02-20,6.48,3.32,66.28,293.26,68,102.7,0.1,0.827
2026-02-21,6.57,0.8,81.63,268.85,73.5,102.9,0.05,1.098
2026-02-22,4.81,0.51,70.59,271.96,69.6,103.5,0.04,1.056
2026-02-23,3.92,0.6,73.6,274.93,73.8,103.5,0.06,0.458
2026-02-24,5.37,0.62,88.43,274.69,71.1,103.2,0.04,0.246
2026-02-25,6.8,2.55,75.17,287.95,68.4,102.7,0.04,0.871
2026-02-26,6.39,1.77,71.9,287.17,74.4,102.3,0.13,0.396
2026-02-27,7.38,2.81,99.78,282.93,71.2,102.4,0.06,1.449
2026-02-28,9.5,5.42,96.82,292.43,72.3,102.3,0.28,3.595
2026-03-01,13.31,6.22,51.42,322.65,77.9,101.6,0.87,6.335
2026-03-02,9.61,5.8,77.92,305.63,67.3,102.1,0.48,3.533
2026-03-03,12.72,8.47,100.75,307.66,80.7,101.4,0.03,6.304
2026-03-04,10.78,5.86,58.75,302.61,79.1,100.7,6.39,5.226
2026-03-05,8.94,4.69,107.95,270.46,59.7,101.2,0.02,6.17
2026-03-06,9.11,2.9,107.24,286.61,64.1,101.9,0.04,2.437
2026-03-07,12.27,5.29,117.75,288.49,78.5,101.6,0.29,2.517
2026-03-08,13.54,5.22,108.59,289.84,79.6,101.9,0,3.035
2026-03-09,14.46,5.09,153.02,264.52,80.4,101.7,0,1.87
2026-03-10,16.52,5.03,147.9,287.64,82,101.3,0,0.72
2026-03-11,13.99,9.52,78.48,328.44,89.1,100.7,1.24,1.315
2026-03-12,13.87,5.59,127.21,286.71,75.9,100.6,0.29,2.508
2026-03-13,14.47,5.46,119.49,300.88,76.4,100.7,0,2.251
2026-03-14,14.66,10.34,103.08,322.14,80.3,100.5,0.13,2.077
2026-03-15,10.44,5.13,102.97,291.28,76,100.9,4.17,2.891
2026-03-16,10.39,3.61,166.16,254.49,62.4,101.9,0,0.966
2026-03-17,11.62,3.25,102.55,288.91,77.4,101.8,0.65,1.404
2026-03-18,13.41,4.41,120.11,288.45,80.5,101.8,0,4.601
2026-03-19,14.28,10.13,127.01,311.02,83.2,101.5,0.15,5.068
2026-03-20,13.23,6.24,99.34,309.25,76.1,99.9,1.6,5.427
2026-03-21,9.09,3.46,131.56,272.23,70.9,99.1,1.21,4.076
2026-03-22,7.71,2.59,102.6,286.84,66.3,99.4,0.94,2.445
2026-03-23,7.38,1.54,153.92,245.7,51.6,101.1,0.08,2.974
2026-03-24,8.4,-0.72,177.63,249.14,63.7,102.1,0.31,2.194
2026-03-25,12.94,7.03,88.81,321.52,84.6,101.7,1.51,3.804
2026-03-26,10.55,5.88,98.52,306.93,72.2,101.6,1.92,3.308
2026-03-27,14.02,7.49,129.55,313.21,83.3,100.7,1.32,5.854
2026-03-28,11.22,6.85,132.7,295.96,71,100.5,3.43,6.842
2026-03-29,12.26,6.25,121.39,299.23,72.6,100.6,0.22,6.892
2026-03-30,11.7,7.2,108.31,309.31,71.4,99.9,1.73,6.003
2026-03-31,14.86,6.28,113.47,321.47,80.5,99.1,6.52,4.837
2026-04-01,10.41,5.19,110.63,291.64,71.5,99.5,2.97,4.385
2026-04-02,10.64,4.41,131.09,275.27,72.3,100.7,0.88,2.069
2026-04-03,11.68,3.14,117.25,288.47,74.6,101.3,2.55,0.51
2026-04-04,12.61,6.4,147.15,304.08,77.3,100.9,0.85,1.032
2026-04-05,14.52,5.51,144.04,294.99,69.7,100.4,0.03,2.827
2026-04-06,14.92,7.52,133.36,310.04,71.7,100.3,0.04,4.762
2026-04-07,12.66,7.35,161.75,316.11,77.2,100.9,1.11,3.872
2026-04-08,13.48,6.23,157.45,307.93,76.3,101.2,0.67,2.357
2026-04-09,14.9,5.86,146.3,301.25,79.8,101.7,0.03,0.796
2026-04-10,17.22,4.47,220.64,278.43,76.9,101.8,0,0.685
2026-04-11,14.79,5.11,176.35,279.82,75,101.4,0.02,1.769
2026-04-12,11.85,4.32,145.84,278.56,68.4,101.1,1.07,3.914
2026-04-13,12.73,4.33,137.13,289.13,73.2,101.6,0.14,5.523
2026-04-14,15.81,9.77,161.61,318.46,80.5,101.6,0,5.681
2026-04-15,16.89,11.15,226.03,313.91,75.3,101.5,0.14,6.351
2026-04-16,12.11,6.84,94.07,316.05,68.3,101.5,2.36,1.381
2026-04-17,10.5,3.95,129.9,285.11,71.1,101.1,0.56,0.353
2026-04-18,11.62,1.35,177.88,267.89,68.1,100.8,0.17,0.399
2026-04-19,9.61,5.23,102.36,303.1,78.5,100.9,2.16,1.469
2026-04-20,11.38,4.29,140.79,298.77,72.9,101.4,0.26,0.997
2026-04-21,14.15,2.48,227.01,263.15,64.4,101.4,0,2.367
2026-04-22,16.18,5.41,248.7,274.14,72.2,102.1,0,1.997
2026-04-23,20.55,4.76,270.61,277.17,68.3,102.1,0,0.982
2026-04-24,23.26,8.4,261.83,309.74,72,101.4,0.56,0.987
2026-04-25,13.32,8.32,163.58,320.12,79.2,101.6,1.03,2.508
2026-04-26,13.83,7,156.89,307.87,75.1,101.8,0.87,1.642
2026-04-27,15.71,7.21,200.36,311.76,73.6,101.1,1.57,2.344
2026-04-28,14.83,9.52,216.92,307.7,75.3,100.3,0.78,4.083
2026-04-29,12.18,6.91,144.66,305.18,73.8,99.9,0.91,6.148
2026-04-30,9.05,5.5,142.5,297.85,66.2,99.1,8.66,6.489
2026-05-01,10.32,6.11,148.86,308.69,69.4,100.3,1.37,3.701
2026-05-02,11.8,6.13,141.28,309.66,72.9,100.2,0.15,3.094
2026-05-03,14.16,7.68,133.74,318.88,78.5,100.1,0.37,3.778
2026-05-04,12.5,9.4,90.23,328.86,87,99.5,5.86,1.35
2026-05-05,16.52,8.18,158.48,313.18,81.9,100.6,0.34,1.303
2026-05-06,20.04,6.07,236.54,301.72,76.6,102,0,0.487
2026-05-07,18.73,8.66,275.24,293.76,72.6,101.9,0,0.839
2026-05-08,20.85,6.73,249.41,302.46,73.2,101.5,0.83,1.155
2026-05-09,21.53,7.9,267.52,298.98,73,101.5,0.03,1.538
2026-05-10,21.35,9.36,236.11,307.67,76,101.8,0.33,0.746
2026-05-11,20.76,9.39,287.9,294.48,71.4,102,0.27,1.294
2026-05-12,18.31,9.14,266,292.35,69.4,101.9,0,2.56
2026-05-13,20.08,7.63,246.81,308.47,73.6,101.5,0.4,1.326
2026-05-14,20.87,8.35,303.66,290.89,71.1,101.3,0.02,0.717
2026-05-15,18.96,9.35,211.92,313.28,75.2,101.4,0.08,0.866
2026-05-16,18.02,7.14,259.5,292.52,68,101.6,0.01,0.891
2026-05-17,16.25,6.64,260.87,274.6,61.3,101.8,0.06,1.217
2026-05-18,17.69,7.45,314.8,274.8,65.3,101.9,0.02,0.957
2026-05-19,20.79,7.46,304.84,283.48,63,101.5,0.02,0.909
2026-05-20,16.85,9.79,216.8,307.13,72.8,100.9,2.25,1.661
2026-05-21,13.87,7.6,168.77,304.03,71.5,101,1.65,1.07
2026-05-22,8.23,4.65,85.37,301.74,84.3,100.6,7.07,0.471
2026-05-23,12.14,5.12,207.08,298.65,67.9,100.8,2.37,2.107
2026-05-24,11.47,5.47,176.52,286.12,64.8,101.5,1.07,3.011
2026-05-25,14.38,3.85,164.51,301.83,61.3,101.8,0.86,2.227
2026-05-26,16.99,8.96,154.18,331.91,86,101.5,5.7,3.188
2026-05-27,15.58,8.88,230.22,298.28,68.3,102.3,0,2.881
2026-05-28,17.9,7.75,286.29,293.68,76.3,102.7,0,2.118
2026-05-29,19.05,10.47,275.82,313.21,78,102.9,0.21,1.634
2026-05-30,20.79,9.99,291.5,310.85,74.2,103.1,0.03,0.74
2026-05-31,20.8,10.83,281.12,314.8,71.8,103.1,0.03,0.884
2026-06-01,20.82,11.67,270.85,318.92,69.4,103,0.03,1.029
2026-06-02,21.98,10.01,317.47,299.79,69.9,102.3,0,1.835
2026-06-03,16.46,8.51,190.47,325.2,75.2,101.1,3.06,1.889
2026-06-04,12.77,8.41,157.77,319.05,58,100.9,0.13,1.232
2026-06-05,15.72,9.22,177.43,321.94,64.2,100.8,0.15,3.407
2026-06-06,18.36,10.64,254.75,314.91,68.5,100.7,0.12,1.233
2026-06-07,16.6,9.94,205.7,318.78,59.4,101,0.07,1.772
2026-06-08,16.79,8.41,207.77,309.04,59.7,101.4,0.09,0.799
2026-06-09,20.46,7.68,277.72,301.17,61.2,101.5,0.03,2.345
2026-06-10,20.2,12.64,243.02,332.05,74.5,100.9,0.05,4.387
2026-06-11,18.8,13.15,280.85,319.56,63.5,100.2,0.45,4.242
2026-06-12,15.68,8.33,203.27,295.19,62.5,100.6,0.15,2.954
2026-06-13,20.59,6.53,287.94,296.47,60.9,101.3,0.04,3.245
2026-06-14,20.79,14.08,187.01,348.53,75.4,101.5,0.44,3.482
2026-06-15,22.04,13.94,274.79,328.57,72.9,101.8,0.04,3.287
2026-06-16,19.5,10.85,231.62,323.74,70.5,101.4,1.55,2.883
2026-06-17,18.46,10.01,272.64,302.06,60.8,102,0.37,1.261
2026-06-18,20.03,6.77,304.71,283.53,61.9,102.4,0.03,0.83
2026-06-19,20.46,10.18,195.37,331.76,67.7,102.5,0.05,1.551
2026-06-20,20.4,12.55,188.23,345.21,69.6,102.3,0.29,1.545
2026-06-21,21.43,9.38,297.54,299.11,66.3,101.7,0.19,1.13
2026-06-22,19.24,11.2,184.82,330.45,78.4,101,4.12,0.931
2026-06-23,17.57,11.61,168.21,338.8,84.9,100.6,7.22,0.626
2026-06-24,18.32,11.55,183.79,333.68,85.6,100.6,11.12,0.405
2026-06-25,21.78,9.99,271.87,314.78,74.6,100.9,0.68,1.027
2026-06-26,22.69,12.04,304.77,313.51,70.9,101.2,0.74,2.617
2026-06-27,23.02,10.34,241.7,322.96,67.9,101.6,0,0.519
2026-06-28,25.45,13.68,266.49,339.72,61.1,101.7,0.09,1.857
2026-06-29,25.69,14.03,336.67,324.05,60.8,101.3,0.44,1.801
2026-06-30,27.92,14.02,268.07,355.36,71,100.3,0.09,2.195
2026-07-01,26.7,15.42,271.18,354.59,69.8,99.8,1.93,2.069
2026-07-02,24.08,15.69,212.94,359.13,75,100.2,20.84,0.757
2026-07-03,25.19,13.98,295.06,324.85,64.1,101.1,0.04,1.225
2026-07-04,25.63,15.08,242.94,343.35,65.1,101.6,0.03,1.042
2026-07-05,28.07,16.55,308.57,343.1,60.8,101.4,0,0.959
2026-07-06,30.64,17.36,310.71,360.35,66.1,100.8,4.34,1.499
2026-07-07,24.73,16.18,299.07,332.78,69.2,101,1.07,3.639
2026-07-08,25.94,15.23,286.32,332.85,66.8,101,0.32,1.875
2026-07-09,22.87,15.3,276.54,330,78.7,100.8,7.31,0.896
2026-07-10,23.48,14.31,286.12,325.34,74.6,100.8,2.95,2.43
2026-07-11,26.38,15.31,272.38,335.9,66.8,100.7,0.37,2.065
2026-07-12,23.07,15.2,256.59,329.79,67.2,100.4,1.44,3.744
2026-07-13,23.53,13.66,200.84,340.13,70.2,100.3,1.88,2.275
2026-07-14,22.35,14.21,286.38,320.71,67.4,100.2,1.04,3.077
2026-07-15,23.91,13.28,197.26,348.96,71.4,100.2,0.7,1.058
2026-07-16,22.99,16.53,221.59,356.56,82.5,100,6.46,1.06
2026-07-17,22.71,14.94,176.39,349.31,77.3,100.2,0.92,2.174
2026-07-18,24.07,15.36,291,325.02,66,100,0.39,3.057
2026-07-19,22.39,13.79,288.24,311.21,65,100.3,0.34,2.851
2026-07-20,22.93,14.4,228.31,337.63,73.8,100.9,1.08,2.808
2026-07-21,22.07,14.99,136.31,364.72,79.5,101.3,1.42,1.904
2026-07-22,22,16.46,155.72,365.82,80.3,101,2.24,0.535
2026-07-23,22.79,15.45,217.28,343.26,71.5,100.9,1.02,1.533
2026-07-24,25.49,13.71,219.7,344.63,73.6,100.9,0.43,1.221
2026-07-25,24.72,13.86,241.7,328.48,71.7,101.1,0.91,1.763
2026-07-26,22.63,15.06,249.11,326.25,68.1,101.3,0.08,3.434
2026-07-27,24.65,13.62,244.04,328.17,70.6,101.4,0.31,2.134
2026-07-28,24.41,13.31,254.01,321.8,66.2,101.5,0.03,1.236
2026-07-29,25.54,14.8,242.03,346.3,73.1,101.4,0.25,3.285
2026-07-30,21.46,13.7,250.6,314.29,57.5,101.8,0.15,3.17
2026-07-31,22.41,13.41,277.88,310.53,61.7,101.7,0.08,3.584
2026-08-01,23.35,13.11,305.54,306.71,65.8,101.6,0,4.04
2026-08-02,26.92,13.94,259.5,330.86,70.4,100.7,0,2.528
2026-08-03,22.82,15.86,253.45,329.98,65.9,100.7,0,3.233
2026-08-04,24.27,15.57,232.03,343.87,68.6,100.5,1.27,4.817
2026-08-05,20.04,13.48,232.26,311.62,68.3,100.5,0.24,5.002
2026-08-06,20.63,13.24,239.84,305.88,63.3,100.5,0.04,4.433
2026-08-07,20.88,12.91,185.17,332.96,71.8,100.2,11.8,1.708
2026-08-08,20.03,11.31,227.26,307.37,67.7,100.5,0.53,3.88
2026-08-09,19.41,12.17,191.32,313.15,69.9,100.9,0.46,3.563
2026-08-10,21.22,10.36,162.84,327.06,70.1,100.7,6.78,1.134
2026-08-11,18.16,13.22,168.39,337.81,70.5,99.6,1.35,2.686
2026-08-12,19.88,11.86,205.29,324.13,73.9,99.4,2.29,2.081
2026-08-13,21.53,14.83,168.62,353.64,76,100.1,0.18,3.47
2026-08-14,21.81,15.41,90.94,369.42,85.8,100.1,5.24,1.884
2026-08-15,22.28,14.2,243.26,316.05,69.9,100.3,1.79,3.713
2026-08-16,21.58,12.73,211.45,314.57,71.8,101,0.03,2.638
2026-08-17,23.35,11.33,222.6,318.59,69.8,100.9,0.27,1.578
2026-08-18,23.36,13.78,204.2,328.17,70.5,101.1,0.87,2.731
2026-08-19,23.18,11.16,244.01,306.25,69.7,101.6,0.04,0.828
2026-08-20,26.14,11.41,267.31,308.33,64.1,101.5,0,1.035
2026-08-21,26.1,15.15,196.89,338.68,76,100.6,2.78,0.733
2026-08-22,21.55,12.46,239.04,296.76,62.4,101,0.03,4.081
2026-08-23,21.06,13.36,244.84,302.69,67,101.3,0,4.054
2026-08-24,22.26,12.83,212.13,315.95,68.8,101.6,0.06,2.45
2026-08-25,24.08,14.17,185.75,338.92,74.5,102,0.07,0.958
2026-08-26,25.5,12.17,239.93,314.77,72.3,102.3,0,0.532
2026-08-27,26.32,12.68,249.02,314.51,74.2,102.5,0,0.642
2026-08-28,27.28,13.02,240.06,328.33,75.3,102.1,0.02,1.537
2026-08-29,20.4,12.28,207.39,300.1,62.3,102.1,0.06,0.811
2026-08-30,19.78,10.56,214.86,300.66,59.7,101.9,0.02,1.934
2026-08-31,21.26,9.2,228.05,293.52,64.3,102.1,0,1.811
2026-09-01,22.73,7.85,241.36,288.89,69,102.3,0,1.594
2026-09-02,22.53,13.46,166.86,337.36,79.1,102.4,0.12,0.783
2026-09-03,20.87,13.44,167,335.26,72.7,102.4,0.07,0.663
2026-09-04,20.75,11.65,172.73,318.3,70.4,102.2,0.05,0.738
2026-09-05,19.94,12.04,131.05,334.29,68.8,101.7,1.87,0.716
2026-09-06,19.46,10.6,167.94,311.05,63,101.8,0.03,1.253
2026-09-07,20.17,9.2,189.86,296.14,64.7,102.1,0,1.024
2026-09-08,19.6,8.11,144.17,316.89,70.7,102.2,0.02,0.934
2026-09-09,19.26,11.23,134.55,337.38,73.1,102.1,0.3,1.875
2026-09-10,20.76,13.17,151.16,333.24,75.8,101.8,0.45,2.883
2026-09-11,23.33,13.08,169.13,329.5,70.3,101.5,0,1.95
2026-09-12,21.35,11.57,156.77,321.82,79.2,101.5,0.05,0.409
2026-09-13,20.52,8.81,169.43,307.1,73.4,101.6,0.04,0.52
2026-09-14,21.47,9.86,186,307.33,77.3,101.6,0.03,0.999
2026-09-15,18.94,11.37,110.42,327.98,83.5,101.8,0.5,1.542
2026-09-16,19.41,10.63,123.47,314.61,73.4,102.3,0.04,1.797
2026-09-17,16.74,5.99,177.43,276.48,68,102.3,0.06,2.446
2026-09-18,22.51,10.41,160.17,325.12,58.8,101.6,0,2.13
2026-09-19,28.22,12.2,160.75,339.78,50.5,101.9,0,0.746
2026-09-20,31.88,14.74,140.97,369.28,41.6,102.4,0,0.686
2026-09-21,33.43,17.94,165.12,357.47,30.2,102.5,0,1.584
2026-09-22,27.63,15.67,186.92,315.21,43.1,102.3,0,2.558
2026-09-23,26.18,10.92,185.67,308.45,68.2,101.7,0,1.261
2026-09-24,29.02,11.2,180.02,330.67,67.9,101.5,0,0.429
2026-09-25,29.46,11.92,176.89,323.24,68.3,101.4,0,0.432
2026-09-26,29.11,10.71,171.79,319.66,60.3,100.8,0,0.803
2026-09-27,18.66,11.04,63.07,336.92,79.5,100.1,6.32,1.987
2026-09-28,16.08,9.86,128.94,289.53,71.6,100.8,0.85,3.916
2026-09-29,18.77,8.65,144.95,299.75,68.8,101.1,0,3.097
2026-09-30,20.99,13.47,101.45,352.03,78.1,101,0.87,2.569
2026-10-01,21.23,14.61,106.11,340.46,69.9,100.5,0.04,1.653
2026-10-02,14.79,7.24,73.22,309.29,79.4,100.4,1.25,1.846
2026-10-03,16.43,7.11,22.02,336.8,87.3,99.7,11.99,1.637
2026-10-04,16.21,9.81,117.69,288.42,69.2,99.6,0.08,3.884
2026-10-05,14.7,9.46,106.12,284.56,66.5,99.7,0.21,4.015
2026-10-06,12.28,8.43,50.65,317.73,86.2,98.9,4.5,1.854
2026-10-07,13.27,7.34,94.77,288.97,79.8,99,1.27,4.619
2026-10-08,14.01,8.67,77.33,306.77,79.4,99.2,4.38,3.122
2026-10-09,12.17,8.25,89.16,298.24,80.5,98,4.41,5.039
2026-10-10,14.34,9.22,96.3,293.43,77.1,99.2,0.69,5.786
2026-10-11,15.26,8.18,89.45,311.08,79.5,100.2,0.29,3.47
2026-10-12,15.85,9.37,34.5,334.07,86.9,100.3,5.19,2.493
2026-10-13,14.56,7.97,93.78,292.08,68,101.7,0.04,3.574
2026-10-14,15.87,5.89,117.6,279.12,75.8,102.3,0,1.016
2026-10-15,15.81,8.3,127.58,269.91,69.5,101.6,0,2.71
2026-10-16,14.87,7.42,110.05,290.83,80.5,101,0.59,2.708
2026-10-17,13.73,7.15,87.88,304.35,82.6,101.1,0.06,0.835
2026-10-18,14.65,6.61,98.05,286.38,74.9,100.5,0.03,1.242
2026-10-19,12.58,6.97,44.1,307.28,83.2,100.2,2.36,0.799
2026-10-20,12.28,3.92,101.87,267.47,76.4,100.2,0,0.073
2026-10-21,12.04,6.58,29.91,337.62,92.4,98.8,10.3,1.63
2026-10-22,12.8,11.92,15.98,353.8,93.5,98.8,14.82,3.625
2026-10-23,12.93,8.57,46.09,327.42,80.6,99.8,1.95,2.833
2026-10-24,9.44,4.05,63.1,283.41,77.4,100,1.56,1.61
2026-10-25,9.84,3.37,99.05,273.62,85.2,100.5,0.42,0.732
2026-10-26,10.88,7.94,44.3,326.09,88.2,101,1.53,1.167
2026-10-27,11.72,7.49,47.15,326.22,85,101.2,1.81,1.882
2026-10-28,11.76,7.96,59.01,315.49,82.2,101.2,0.26,2.338
2026-10-29,11.12,7.43,47.1,324.97,86.8,100.9,0.87,1.143
2026-10-30,11.85,8.57,46.74,330.58,87.5,101.3,1.74,0.878
2026-10-31,11.61,8.14,53.89,323.5,84.7,101.3,0.91,1.435
2026-11-01,11.37,7.7,61.06,316.71,82,101.4,0.09,2.487
2026-11-02,8.82,5.67,52.46,298.4,74.3,100.8,0.09,2.374
2026-11-03,8.3,5,71.84,288.59,74.3,100.8,0.05,0.764
2026-11-04,10.31,5.69,45.35,310.1,81.2,101.3,0.06,1.036
2026-11-05,12.76,7.37,48.3,303.76,86.2,100.8,2.23,3.037
2026-11-06,13.59,8.07,60.95,301.74,82.8,100.8,2.49,4.344
2026-11-07,13.93,9.68,30.66,319.09,83,99.4,3.61,5.788
2026-11-08,10.52,8.01,53.71,293.61,71.3,100,0.21,4.776
2026-11-09,16.55,8.9,58.07,329.67,82.1,98.8,1.83,6.22
2026-11-10,15.54,8.38,54.02,298.09,71.5,98.9,1.12,6.78
2026-11-11,12.62,7.47,30.6,321.8,87.6,100.1,6.2,3.158
2026-11-12,15.75,11.97,45.95,334.31,83.7,100.2,0.11,5.313
2026-11-13,14.06,7.8,57.87,294.25,66.5,100.2,1.56,6.423
2026-11-14,10.92,8.59,44.25,292.74,65.2,100.8,0.39,5.328
2026-11-15,12.98,6.28,34.9,307.91,75.4,98.7,13.86,6.567
2026-11-16,8.33,4.2,58.65,264.19,75.3,100.9,0.5,0.876
2026-11-17,12.14,6.89,46.66,296.93,82,98.8,5.2,2.939
2026-11-18,8.43,5.96,13.37,303.77,83.9,98.2,21.96,0.784
2026-11-19,9.62,4.24,16.18,318.93,87.9,96.7,15.94,4.738
2026-11-20,8.76,3.28,52.96,270.21,70.7,98.4,0.17,4.782
2026-11-21,5.13,2.89,9.89,297.76,88.5,98.7,4.92,1.291
2026-11-22,7.05,2.16,26.62,282.29,80.9,99.6,0.65,4.695
2026-11-23,8.01,2.2,37.01,283.74,81,100.9,0.03,1.856
2026-11-24,6.18,2.33,32.86,289.87,85,101.4,0.05,1.269
2026-11-25,8.15,3.31,24.56,319.47,92.7,101.3,0.14,1.683
2026-11-26,11.25,7.94,8.31,333.55,94.3,99.8,6.77,1.192
2026-11-27,8.65,6.09,26.18,303.08,82.6,99,1.65,3.612
2026-11-28,8.99,4.74,42.49,284.23,76.6,100.4,6.2,1.188
2026-11-29,11.29,8.11,41.61,294.48,77.5,99.4,0.86,3.368
2026-11-30,10.4,6.99,35.26,277.88,74.3,100.7,0.05,4.859
2026-12-01,10.37,4.04,22.07,296.71,91.3,101.7,4.86,1.012
2026-12-02,11.14,6.86,17.52,314.63,90.4,100.9,0.46,3.028
2026-12-03,9.4,6.08,20.68,296.6,87.7,101.8,0.01,3.245
2026-12-04,10.66,7.36,18.68,322.79,88.4,101.3,2.07,2.558
2026-12-05,10.53,4.39,41.46,275.49,81,101,1.09,4.369
2026-12-06,7.94,4.51,32.11,282.86,76.5,102.6,0.14,3.346
2026-12-07,10.77,5.69,29.45,299.1,88.6,102.9,0,1.951
2026-12-08,11.45,8.52,29.91,313.9,90.9,102.7,0.03,1.744
2026-12-09,11.1,6.35,22.34,322.54,85.6,102.6,2.73,1.945
2026-12-10,8.79,5.63,26.02,303.13,80.2,102.3,0.1,1.668
2026-12-11,12.28,5.85,16.34,312.87,87.9,101,1.84,2.898
2026-12-12,8.32,3.91,39.47,267.54,81.8,101.2,0.24,2.298
2026-12-13,11.52,6.71,18.32,318.56,89,100.2,1.58,2.191
2026-12-14,12.15,6.23,33.97,300.57,77.9,98.7,7,5.147
2026-12-15,8.05,6.13,20.42,287.58,63.8,98.9,0.53,7.126
2026-12-16,8.66,5.85,30.67,279.19,68.8,99.8,0.07,5.554
2026-12-17,12.77,4.79,15.43,323.82,86.9,98.7,11.57,1.69
2026-12-18,7.42,3.19,38.74,242.36,70.9,100.3,0,5.632
2026-12-19,5.5,3.17,4.12,308.82,90.2,100,22.35,1.397
2026-12-20,6.43,1.62,27.58,285.88,89.9,99.4,0.45,2.512
2026-12-21,5.64,1.52,37.62,269.94,80.6,101.2,0,2.608
2026-12-22,7.67,1.17,32.6,272.54,82.1,101.8,0.02,2.155
2026-12-23,10.99,7.7,19.65,325.11,84.1,101.2,2.21,3.702
2026-12-24,10.2,6.53,37.62,284.98,90.1,101.5,2.79,1.921
2026-12-25,11.09,7.08,28.63,302.65,72.2,101.2,0.22,4.63
2026-12-26,12.3,5.95,12.52,315.4,81.4,100.9,1.01,2.788
2026-12-27,12.64,8.28,25.32,320.51,79.5,99.8,6.68,4.876
2026-12-28,9.75,4.73,32.82,267.55,72.6,99.8,0.32,6.495
2026-12-29,14.12,4.57,20.72,315.58,76.6,99.5,1.02,5.289
2026-12-30,10.35,5.4,25.36,289.02,66.1,99.5,0.31,7.52
2026-12-31,10.67,5.24,25.48,288.95,72.6,100.5,0.16,6.345
2027-01-01,11,5.08,25.6,295.18,79.1,101.4,0,5.171
2027-01-02,12.9,10.84,20.29,331.07,90.2,101.9,0.66,3.28
2027-01-03,14.02,11.66,30.44,332.93,88,101.7,1.89,4.305
2027-01-04,13.95,6.44,12.34,326.82,90.3,101.8,3.09,3.171
2027-01-05,13.42,5.14,24.05,314.11,88.7,102.1,0.41,2.933
2027-01-06,12.8,10.91,13.46,341.08,86.3,102,0.1,3.847
2027-01-07,12.24,4.88,24.16,299.5,77.9,101.7,0.4,3.652
2027-01-08,8.21,4.75,36.43,277.7,77.3,103.1,0,4.153
2027-01-09,9.28,5.82,25.11,302.53,89.1,103.3,0.14,2.621
2027-01-10,7.79,4.02,31.67,298.86,87,102.9,0.06,1.115
2027-01-11,7.74,3.42,36.8,299.95,89.7,102.6,0.29,1.388
2027-01-12,8.01,5.99,21.57,323.49,95.4,102.8,4.29,1.045
2027-01-13,6.54,3.27,25.74,302.74,89,102.9,2.04,0.72
2027-01-14,4.79,0.09,31.88,275.14,86.3,103.1,0.04,0.414
2027-01-15,4.48,-0.46,25.25,293.7,91.3,103,2.14,0.531
2027-01-16,6.13,2.99,31.32,294.62,85.7,103.2,3.09,1.51
2027-01-17,5.24,2.14,23.19,289.03,83.6,103.2,0.45,1.637
2027-01-18,4.71,0.66,38.97,275.71,80.2,103.3,0.43,1.809
2027-01-19,5.8,-1.68,29.58,271.69,92.7,103.5,0.03,0.616
2027-01-20,5.3,1.29,25.54,295.84,89.9,103.1,0.33,1.474
2027-01-21,7.94,4.11,37.06,300.56,81.5,101.9,0,4.498
2027-01-22,8.52,4.97,36.39,303.15,79.8,101.1,0.49,5.653
2027-01-23,8.65,0.19,29.8,287.08,69.9,101.4,1.24,3.838
2027-01-24,3.97,-2.01,49.35,264.1,82,102.6,0.58,1.174
2027-01-25,8.32,2.57,35.04,298.08,90.8,101.9,1.59,3.34
2027-01-26,5.73,-0.54,51.65,260.65,82.7,102.4,0.07,0.257
2027-01-27,8.98,-0.03,41.32,297.76,87.1,101.8,2.8,4.66
2027-01-28,7.71,0.24,39.15,280.51,80.5,101.3,3.33,1.486
2027-01-29,3.96,-0.07,33.96,274.02,87.6,101.7,1.12,1.289
2027-01-30,5.18,-0.15,31.65,289.28,88.5,101.6,3.65,3.173
2027-01-31,6.24,0.61,52.67,262.15,74.6,100.5,3.49,3.102
2027-02-01,6.09,-1.39,36.39,279.6,79.3,100.5,0.36,3.209
2027-02-02,6.02,-0.73,76.84,254.08,73.6,100.3,2.63,0.398
2027-02-03,7.23,-0.13,24.72,291.92,81.4,100.4,0.88,3.82
2027-02-04,8.73,4.46,33.27,296.78,87.7,99.5,4.23,3.902
2027-02-05,6.2,2.25,44.28,269.16,82.8,99.7,1.02,3.521
2027-02-06,5.24,-0.09,52.14,259.78,78.2,99.9,0.16,2.247
2027-02-07,7.02,-0.51,56.81,263.41,81.1,100.9,0.07,2.773
2027-02-08,9.35,1.64,46.5,302.66,92.3,100.6,1.4,1.164
2027-02-09,8.69,3.46,59.61,287.66,82,99.2,3.39,2.391
2027-02-10,9.04,2.76,24.03,297.96,89.9,97.9,11.87,2.221
2027-02-11,6.9,3.79,35.52,310.41,78.1,96.6,6.3,8.261
2027-02-12,6.68,2.82,46.2,284.65,76.3,98.6,0.84,5.38
2027-02-13,6.52,2.68,43.61,292.39,84.1,98.4,5.65,1.31
2027-02-14,7.24,2.25,72.97,268.26,77,99.4,0.03,4.277
2027-02-15,8.09,1.64,68.85,277.62,78.6,100.2,0.4,1.033
2027-02-16,7.99,4.34,15.4,320.67,91.2,99.2,20.81,4.859
2027-02-17,11.27,7.16,80.72,296.95,90,98.8,0.89,1.703
2027-02-18,10.04,6.78,43.86,314.5,92.9,98.8,1.91,1.902
2027-02-19,10.27,5.74,66.79,311.15,93.2,99.2,0.17,0.751
2027-02-20,6.93,3.72,44.56,310.19,88.1,99.9,0.47,2.917
2027-02-21,3.7,-0.61,24.03,300.22,89.7,98.7,5.46,5.883
2027-02-22,1.38,-1.47,41.43,283.3,78,99,0.84,3.856
2027-02-23,2.59,-2.82,109.14,232.99,69.8,101,0.03,0.871
2027-02-24,1.65,-4.04,103.84,222.88,72.6,102,0.03,1.158
2027-02-25,0.76,-3.58,69.33,236.94,74.1,102,0.05,1.312
2027-02-26,1.28,-2.67,82.01,251.54,72.3,101.5,0.06,2.194
2027-02-27,0.66,-2.58,62.52,260,74.3,102,0.15,1.571
2027-02-28,0.5,-2.01,64.27,273.11,79.5,101.8,1.45,1.36
2027-03-01,0.01,-3.8,58.82,276.21,91.1,101.7,4.19,1.836
2027-03-02,2.25,-2.8,41.34,294.55,88.1,100.4,1.13,2.573
2027-03-03,10.51,2.28,50.01,307.43,91.3,96.9,7.24,1.599
2027-03-04,8.35,3.09,81.42,276.55,81.1,96.7,1.99,3.751
2027-03-05,8.69,3.37,84.5,284.48,87.6,96.6,3.99,1.102
2027-03-06,7.68,1.97,84.34,294.51,81.7,98.5,1.46,0.966
2027-03-07,6.09,1.92,54.16,299.64,81.5,98.6,2.74,2.429
2027-03-08,4.63,0.87,76.57,276.44,81.2,98.8,4.98,2.517
2027-03-09,8.51,1.23,145.76,244.89,67,100,0.02,4.878
2027-03-10,7.98,2.11,120.31,279,71.4,100.8,3.16,0.528
2027-03-11,11.55,2.63,68.54,316.59,89.3,98.8,4.96,1.552
2027-03-12,8.12,3.67,79.81,303.6,66.8,98.5,1.05,8.208
2027-03-13,6.88,3.49,86.89,300.48,66.6,101.1,1.28,4.361
2027-03-14,7.57,1.72,82.73,289.7,70.2,102.7,0,0.707
2027-03-15,13.66,5.54,77.36,328.57,83.5,102.3,0.32,2.863
2027-03-16,13.09,8.76,67.98,327.04,80.5,102.2,0.12,2.994
2027-03-17,12.31,7.14,90.69,314.34,82.2,101.3,2.61,3.981
2027-03-18,9.44,5.35,131.57,281.82,64.4,101.2,0.12,5.39
2027-03-19,10.14,4.26,123.78,293.94,74.8,99.6,3.95,5.06
2027-03-20,8.29,3.35,81.54,291.82,73,99.9,0.66,6.199
2027-03-21,10.39,6.1,136.61,292.34,67.3,99.4,1.44,8.451
2027-03-22,8.82,4.7,139.52,266.33,60.6,99.7,0.19,6.912
2027-03-23,9.74,3.43,98.66,279.86,64.2,100.9,0.17,4.887
2027-03-24,10.83,2.99,54.77,318.77,88.8,101.4,6,1.232
2027-03-25,12.86,6.59,55.15,313.96,85.5,100.8,5.11,3.024
2027-03-26,10.9,5.18,118.39,282.85,70.3,102.1,0.07,4.071
2027-03-27,10.85,5.72,80.89,308.39,78,102,0.24,2.069
2027-03-28,12.58,4.68,162.94,282.24,73,101.6,0.06,1.098
2027-03-29,14.35,5.54,128.86,304.3,72.8,100.8,0.12,2.091
2027-03-30,14.8,7.55,102.96,318.19,86.9,100.1,2.05,1.738
2027-03-31,12.46,5.98,144.8,286.06,68.2,101.6,0.11,2.413
2027-04-01,14.38,5.12,128.53,299.25,76.6,101.4,0.03,1.438
2027-04-02,17.02,9.96,129.45,333.07,88.9,100.4,5.05,1.206
2027-04-03,13.22,6.89,81.59,329.34,79.2,99.3,5.3,3.772
2027-04-04,7.73,5.78,45.35,313.54,74.1,99.7,3.3,6.624
2027-04-05,8.42,3.99,113.14,300.15,72.8,101.3,0.19,2.194
2027-04-06,9.2,3.1,139.68,293.25,68.1,102.7,0.14,0.654
2027-04-07,13.15,6.79,111.97,320.6,80.1,102.4,0.64,3.326
2027-04-08,12.05,5.43,150.58,296.85,74.8,101.7,0.07,1.419
2027-04-09,12.33,4.53,139.97,292.54,80.9,101.2,2.15,0.509
2027-04-10,12.3,4.33,189.81,286.84,72.6,100.9,1.35,2.085
2027-04-11,13.55,7.04,153.87,302.72,74.8,101.2,0.33,2.806
2027-04-12,15.23,7.68,158.54,318.84,77.6,101.6,0.04,4.127
2027-04-13,14.31,10.42,93.24,339.94,83.6,101.5,10.61,3.097
2027-04-14,13.8,9.1,174.1,310.55,74.4,101.2,1.87,3.699
2027-04-15,11.91,8.11,149.1,306.9,58.6,101.2,0.17,6.136
2027-04-16,13.75,8.06,158.41,316.6,67.6,100.2,2.27,8.829
2027-04-17,11.55,5.31,130.59,294.25,66.3,102.2,0.44,3.057
2027-04-18,14.69,4.93,234.64,281.27,68.2,102.3,0.06,4.816
2027-04-19,15.7,9.81,225.48,307.26,78,101.4,0.04,7.558
2027-04-20,18.48,10.18,186.19,310.67,73,101,0.03,3.805
2027-04-21,18.14,9.28,122.39,333.13,80.7,100,3.07,2.925
2027-04-22,17.75,12.59,178.77,329.91,81,99.7,0.63,2.766
2027-04-23,17.76,10.13,186.9,331.02,81,98.8,1.75,1.862
2027-04-24,12.62,8.44,185.08,301.93,74.3,98,3.14,3.427
2027-04-25,11.82,8.23,139.7,313.86,76.6,98.3,1.62,6.706
2027-04-26,11.91,6.76,183.39,291.02,64.3,98.8,0.31,7.181
2027-04-27,11.8,6.61,157.14,303.61,76.7,100,3.35,2.831
2027-04-28,9.09,1.94,120.73,282.67,73.3,101.7,1.19,1.675
2027-04-29,12.91,1.41,196.52,275.07,67.3,102.1,0.09,0.979
2027-04-30,14.57,5.16,208.43,286.98,61.7,101.2,1.09,1.587
2027-05-01,16.95,7.4,212.98,317.9,77.4,100.4,3.78,0.929
2027-05-02,14.72,9.05,183.78,309.98,81.9,99.5,6.48,3.489
2027-05-03,13.98,7.1,162.98,306.55,76.9,99.7,3.63,3.264
2027-05-04,9.89,6.94,133.8,299.11,67.3,99.4,0.3,8.096
2027-05-05,9.98,6.57,105.07,307.84,73.7,100.3,3.04,6.778
2027-05-06,13.66,7.91,182.28,308.84,75.8,101.6,2.79,1.693
2027-05-07,13.93,7.1,194.68,310.38,65.2,101.8,0.06,1.673
2027-05-08,13.28,6.43,137.59,325.85,81.9,100.6,3.37,1.223
2027-05-09,16.86,9.14,194.73,325.83,79.6,100.7,1.44,2.634
2027-05-10,15.64,7.59,171.39,309.38,76.1,100.8,0.08,1.083
2027-05-11,16.88,6.51,261.94,286.29,73,101,0,1.236
2027-05-12,18.5,7.36,229.62,296.54,70.9,101.2,0.17,0.462
2027-05-13,15.92,7.29,194.49,306.67,74.7,101.2,0.3,1.281
2027-05-14,17.27,8.46,228.5,312.23,70.2,101.8,1.93,1.916
2027-05-15,17.71,7.16,246.43,296,67.1,102.4,0.01,1.914
2027-05-16,17.79,4.5,306.92,265.76,68.6,101.9,0,0.145
2027-05-17,14.63,9.02,231.28,302.81,71.4,101.1,0.69,2.784
2027-05-18,13.52,8.38,175.76,312.11,68.6,100.9,0.04,2.745
2027-05-19,14.78,8.82,137.8,333.01,82.8,100.6,8.45,2.146
2027-05-20,10.71,6.6,105.32,313.75,88.6,100.4,13.07,2.114
2027-05-21,14.35,4.77,205.72,283.64,67.5,100.4,0.5,0.742
2027-05-22,13.73,6.82,180.1,317.49,72.9,100.4,11.63,3.227
2027-05-23,11.93,6.97,58.59,338.84,91.4,100,29.14,1.714
2027-05-24,17.86,8.87,180.26,332.56,85.3,100.1,1.96,0.725
2027-05-25,18.3,8.9,180.6,320.01,81.8,101.2,0.52,0.698
2027-05-26,20.5,7.36,271.38,308.91,78.8,101.7,0.05,0.706
2027-05-27,21.84,11.37,286.21,312.99,68.1,101.7,0,2.669
2027-05-28,20.32,9.82,325.01,289.03,66.8,101.5,0,3.681
2027-05-29,23.25,12.05,229.95,355.11,75.3,100.7,0.91,3.119
2027-05-30,21.84,13.35,230.76,345.71,79.3,100,4.47,0.617
2027-05-31,22.11,12.57,250.09,334.59,75.3,100,2.89,0.71
2027-06-01,22.37,11.79,269.49,323.36,71.2,100,1.31,0.872
2027-06-02,19.21,13.19,190.8,332.86,72.9,100.4,2.46,0.602
2027-06-03,16.04,12.61,156.58,340.12,85.4,99.9,10.86,4.119
2027-06-04,14.93,10.18,157.09,334.8,81.2,100,4.94,2.6
2027-06-05,14.25,9.13,217.68,315.74,73.8,100.7,1.08,2.065
2027-06-06,14.77,7.84,234.82,303.28,66.3,101.1,0.23,2.03
2027-06-07,16.33,5.65,226.45,295.31,69.5,101,0,1.679
2027-06-08,17.02,10.29,169.44,339.58,86.8,100.3,3.02,1.646
2027-06-09,20.62,10.59,288.13,308.45,75.4,99.8,0.41,0.421
2027-06-10,17.41,10.3,177.52,319.16,85.9,99.3,9.21,0.314
2027-06-11,16.46,11.35,159.76,341.59,89.1,99.3,8.19,1.336
2027-06-12,16.17,9.43,240.65,311.44,68.9,99.9,2.69,1.158
2027-06-13,15.82,8.49,233.15,289.73,66,100.7,0.35,2.703
2027-06-14,17.61,10.52,202.71,320.42,75.4,100.8,1.37,3.62
2027-06-15,16.72,12.99,145.29,341.96,86,100.5,5.42,1.269
2027-06-16,18.87,12.58,163.49,347.42,81.8,100.2,2.89,1.793
2027-06-17,15.91,11.53,102.19,349.47,93.2,100.2,16.15,0.818
2027-06-18,18.17,11.37,175.65,338.46,85.2,100.8,3.02,0.846
2027-06-19,19.41,11.3,202.04,327.01,85.4,101.2,6.53,1.817
2027-06-20,21.27,11.48,269.41,334.69,75.8,101.5,0.22,2.825
2027-06-21,16.8,12.26,246.54,324.05,74.1,101.4,0.65,4.212
2027-06-22,17.56,11.01,298.94,297.11,69.8,102,0,3.18
2027-06-23,19.49,9.96,303.11,305.06,74.1,102.2,0,0.866
2027-06-24,21.41,13.49,208.4,352.28,77.9,102.3,0.41,1.828
2027-06-25,18.81,11.58,293.69,313.55,69.3,102.4,0,2.591
2027-06-26,20.49,10.44,260.29,311.01,68.9,102.3,0.39,2.752
2027-06-27,20.64,11.28,219.89,332.78,68.4,101.8,0.76,3.173
2027-06-28,18.22,10.72,166.36,339.43,80.4,100.8,7.36,1.798
2027-06-29,17.3,11.44,191.38,339.6,76.8,100.8,1.98,1.621
2027-06-30,19.65,8.34,291.68,294.61,68.3,101,0,0.598
2027-07-01,19.18,11.3,259.76,315.05,73.7,101.1,0.27,2.786
2027-07-02,19.68,11.47,210.54,325.08,76.6,101.4,0.84,1.324
2027-07-03,20.29,12.29,201.48,345.34,78.6,101.4,1.94,0.436
2027-07-04,21.37,13.19,231.08,345.91,70.9,101.5,0.06,1.247
2027-07-05,18.62,14.14,227.54,328.44,76.5,100.9,0.64,3.58
2027-07-06,18.63,10.23,208.84,323.34,75.2,101.8,1.44,1.001
2027-07-07,20.06,9.08,230.07,322.34,72.8,101.9,0.19,3.006
2027-07-08,19.52,13.78,196.05,341,79,100.5,3.24,5.104
2027-07-09,17.18,12.37,186.85,328.4,69.8,100.3,0.21,4.095
2027-07-10,16.6,10.41,200.2,312.22,68,101,0.38,2.249
2027-07-11,21.16,9.44,289.66,305.98,64.2,101.6,0.05,1.206
2027-07-12,22.79,10.36,286.74,310.96,63.5,101.4,0,1.23
2027-07-13,25.59,13.11,296.38,325.31,71.2,101.2,0.02,0.66
2027-07-14,25.09,14.88,278.57,333.87,73.8,101.6,0,1.432
2027-07-15,24.35,15.33,216.84,353.45,79.6,101.5,0.75,0.702
2027-07-16,24.44,16.03,205.38,358.21,73.4,101,1.04,1.47
2027-07-17,25.35,14.33,305.98,326.45,70.7,100.8,0.1,0.345
2027-07-18,26.13,15.89,268.11,341.13,68.2,100.6,0,1.025
2027-07-19,21.89,15.05,190.46,338.82,74.2,100.2,4.76,2.209
2027-07-20,21.24,13.8,265.34,314.95,70.7,100.4,2.36,4.226
2027-07-21,20.67,14.15,261.45,316.17,67.9,100.8,0.04,5.287
2027-07-22,23.88,15.71,224.69,367.41,77.7,100,1.09,5.55
2027-07-23,21.58,14.61,198.77,343.57,74.2,99.6,1.99,5.131
2027-07-24,19.99,13.47,272.65,312.17,65.8,100.7,0.08,4.972
2027-07-25,19.71,11.89,185.39,324.5,71.8,100.6,0.28,2.587
2027-07-26,20.08,14.28,156.19,352.38,76.2,99.7,1.07,2.271
2027-07-27,20.85,14.04,188.33,345.05,80.4,99.7,3.87,0.803
2027-07-28,19.91,11.36,205.45,319.69,80.3,99.9,1.44,1.253
2027-07-29,20.85,10.92,191.82,324.02,78.4,99.8,0.66,0.976
2027-07-30,23.09,13.54,248.38,332.64,77.6,99.9,1.45,2.118
2027-07-31,21.82,13.36,235.45,326.65,76.5,100,2.23,2.306
2027-08-01,20.55,13.18,222.44,320.79,75.5,100.1,3,2.528
2027-08-02,20.5,12.36,239.13,310.95,72.3,100.2,1.11,2.519
2027-08-03,20.27,10.71,203.26,318.42,75.4,100.3,2.34,0.37
2027-08-04,18.86,13.08,164.61,336.12,83.1,100.5,5.39,0.646
2027-08-05,20.82,11.71,270.74,307.6,74,101.3,0,1.417
2027-08-06,21.94,12.68,235.58,318.16,73.6,101.8,0.28,1.375
2027-08-07,21.08,13.97,242.5,325.89,69.3,101.7,0.66,1.926
2027-08-08,20.2,11.36,222.11,320.32,71.7,101.7,0.04,0.73
2027-08-09,21.22,11.79,265.91,304.84,67.2,101.8,0,0.858
2027-08-10,23.69,10.46,296.66,292.65,60.7,101.8,0,1.978
2027-08-11,21.84,12.71,201.49,334.68,74.9,101.5,1.01,3.279
2027-08-12,20.61,11.71,218.94,317.24,68.4,101.5,0.04,2.407
2027-08-13,23,11.88,231.42,329.63,74.6,101.2,0.22,3.206
2027-08-14,22.72,15.66,154.83,355.09,79,100.4,4.69,4.422
2027-08-15,19.65,13.62,213.09,316.07,69.9,100.9,0.54,4.922
2027-08-16,20.99,12.57,186.32,322.8,69.5,102,0.07,2.331
2027-08-17,22.05,13.96,205.69,344.6,74.6,102.1,0,4.063
2027-08-18,23.54,15.95,247.53,344.96,78.4,102.1,0.03,3.39
2027-08-19,23.49,15.92,187.11,368.91,81.1,101.7,0.75,3.963
2027-08-20,24.29,15.61,224.07,347.78,73,101.8,0.05,1.565
2027-08-21,25.49,15.16,211.02,347.11,79.3,101.7,0.16,1.559
2027-08-22,23.44,13.19,198.66,335.79,71.9,101.8,0.04,0.489
2027-08-23,25.44,13.87,206.9,344.16,76.9,101.9,0.02,2.229
2027-08-24,24.02,16.05,215.28,342.38,77.8,102.2,0.05,1.53
2027-08-25,26.92,13.72,222.15,341.33,79.7,102.4,0.02,0.359
2027-08-26,28.34,15.63,254.17,336.12,72.6,101.7,0,0.545
2027-08-27,27.15,15.58,230.51,332.83,69.4,100.8,1.77,3.212
2027-08-28,19.76,12.17,197.04,308.93,67.9,101.7,0,2.709
2027-08-29,21.87,10.37,232.62,300.95,71.1,101.7,0,1.332
2027-08-30,23.77,11.19,244,303.04,73,101.1,0,1.978
2027-08-31,22.1,12.16,201.99,314.74,73.8,101,0.25,2.396
2027-09-01,20.42,13.13,160.66,324.54,74.6,101,0.49,2.871
2027-09-02,18.26,11.05,169.87,306.66,64.7,101.7,0,2.671
2027-09-03,21.39,10.55,200.83,318.29,72.9,101.8,0.04,3.738
2027-09-04,21.2,14.39,198.61,331.99,75,101.5,0.46,3.402
2027-09-05,24.24,15.17,169.31,348.87,77.5,101.4,0.03,2.869
2027-09-06,18.43,12.26,64.68,341.11,84.6,100.8,8.19,2.28
2027-09-07,17.91,11.21,171.17,309.5,71.5,100.6,0,4.217
2027-09-08,19.82,15.3,137.85,349.27,76,100.4,0.07,5.713
2027-09-09,24.01,13.59,181.16,343.39,77.2,100.2,1.65,6.991
2027-09-10,18.66,12.47,186.93,292.97,62.4,101,0.2,5.832
2027-09-11,18.17,11.28,147.12,315.36,65.9,101.8,0.03,2.953
2027-09-12,22.35,13.16,178,331.44,77.9,101.7,0,3.249
2027-09-13,23.73,14.09,176.7,338.04,81.5,101.9,0.26,0.451
2027-09-14,25.31,13.13,196.16,326.69,75.3,102.1,0,1.946
2027-09-15,24.92,16.01,110.38,363.57,75.1,101.8,1.25,2.425
2027-09-16,27.07,16.53,180.37,349.89,70.2,101.1,2.36,0.9
2027-09-17,22.51,14.36,144.95,338.22,78.7,101.2,0.04,1.414
2027-09-18,22.56,14.34,153.28,334.38,81.9,101.7,0.02,0.402
2027-09-19,25.44,12.24,168,336.65,73.3,101.9,0,1.354
2027-09-20,27.18,15.24,184.69,336.3,74.9,101.8,0,0.819
2027-09-21,22.84,15.79,149.05,340.87,81.7,101.3,0,2.477
2027-09-22,20.35,15.67,116.81,340.71,78,101.2,0,4.093
2027-09-23,21.22,15.61,112.19,352.51,77.4,100.8,0,5.538
2027-09-24,20.51,13.37,92.77,340.64,83.3,100.2,3.62,5.001
2027-09-25,18.61,10.79,125.42,303.36,73.8,99.8,1.41,4.107
2027-09-26,16.23,11.3,137.65,294.07,66.2,100.1,0.32,5.204
2027-09-27,19.1,12.2,58.96,355.03,88.4,99.4,82.24,2.594
2027-09-28,15.55,8.75,102.22,312.76,87.2,99.3,7.2,1.226
2027-09-29,12.52,7.35,53.11,304.28,88.2,100.1,5.43,1.464
2027-09-30,15.17,7.88,131.28,286.41,73.6,101.2,0.33,3.2
2027-10-01,15.73,9.21,100.09,302.18,80.5,101.7,0.37,2.908
2027-10-02,17.2,7.93,120.63,302.59,78.4,101.8,0.08,1.377
2027-10-03,15.99,11.6,34.99,347.1,84,101.1,8.2,2.458
2027-10-04,19.01,11.79,118.64,345.78,86.6,101.6,0.39,0.937
2027-10-05,18.99,14.33,97.89,352.75,83.3,102.1,0.19,0.877
2027-10-06,17.22,11.14,115.54,310.18,72.7,101,1.74,1.454
2027-10-07,14.82,9.52,121.39,294.78,77.7,101.1,2.7,4.039
2027-10-08,15.94,8.62,125.63,288.66,75.8,101.5,0,2.599
2027-10-09,17.37,11.14,71.92,350.01,88.1,100.7,5.41,1.467
2027-10-10,17.05,10.67,89.66,305.87,83.4,100.6,0.11,2.852
2027-10-11,16.61,10.43,85.42,323.87,79.8,100.3,0.38,2.741
2027-10-12,17.81,12.2,106.37,326.26,75.1,99.6,0.03,5.035
2027-10-13,18.75,11.17,100.26,323.16,80.1,100,2.06,6.85
2027-10-14,15.56,10.32,122.27,281.23,68,101.1,0,6.09
2027-10-15,15.66,10.84,86.65,302.97,74.6,101.1,0.11,6.155
2027-10-16,15.64,9.92,100.21,310.66,76.1,101.4,0.33,3.759
2027-10-17,16.89,9.88,71.23,324.78,82.5,100.5,1.94,4.563
2027-10-18,13.58,9.32,87.8,293.12,78,100.7,0,4.455
2027-10-19,17.04,8.94,61.41,327.14,86.3,100.1,1.2,2.929
2027-10-20,11.66,8.12,88.88,280.03,71.9,99.7,4.13,6.879
2027-10-21,12.18,8.53,64.35,312.82,67,101,0.3,3.795
2027-10-22,10.85,5.88,98.5,283.54,66.8,102.1,0.02,1.198
2027-10-23,14.64,6.86,93.1,295.96,73.9,102.7,0,2.948
2027-10-24,13.72,7.82,82.61,309.17,83.5,102.9,0.08,1.091
2027-10-25,13.18,8.93,56.63,332.71,89.8,103,0.21,0.545
2027-10-26,12.52,7.01,55.67,321.72,90.6,103.4,0.24,0.511
2027-10-27,12.55,5.5,79.74,288.04,94,103.1,0.07,0.157
2027-10-28,14.3,4.67,94.06,283.07,89.3,102.2,0.09,0.807
2027-10-29,13.21,6.7,67.65,310.08,87.6,100.7,0.74,1.681
2027-10-30,13.99,9.36,50.43,324.17,83.1,99.2,7.44,2.597
2027-10-31,13.24,8.4,67.63,294.69,73.3,99.2,3.76,4.135
2027-11-01,12.5,7.44,85.12,265.37,63.5,99.2,0.08,5.917
2027-11-02,11.98,6.74,62.19,289.44,71.6,100.3,0.07,3.038
2027-11-03,15.12,5.11,34.5,319.24,91.4,100.6,0.89,1.343
2027-11-04,18.17,13.17,31.33,341.75,86.8,100.6,7.36,4.209
2027-11-05,16.46,12.64,64.15,335.06,83.1,101.3,0.33,1.973
2027-11-06,16.35,14.13,26.96,352.75,87.9,100.6,0.11,2.264
2027-11-07,15.08,10.6,70.72,303.17,82.6,100.5,0.18,4.106
2027-11-08,15.03,9.43,68.34,288.63,69.3,100.7,0.89,7.065
2027-11-09,10.64,7.57,63.13,272.44,71.4,100.9,0.99,6.68
2027-11-10,10.1,7.11,58.38,276.61,66,101.5,0.13,4.615
2027-11-11,13.42,7.17,27.63,309.2,77.9,100.6,4.6,4.559
2027-11-12,13.39,8.26,24.72,308.99,77,100.4,1.75,3.886
2027-11-13,14.39,8.17,54.67,292.8,69.9,99.5,2.46,7.072
2027-11-14,15.22,6.25,36.5,300.42,81.1,100.5,3.93,3.443
2027-11-15,15.11,6,40.07,327.86,78.7,101.4,0.09,1.295
2027-11-16,16.57,14.12,37.48,340.1,85.1,100.6,4.85,2.506
2027-11-17,16.32,13.81,37.4,343.35,88.6,100.7,0.62,1.855
2027-11-18,17.31,14.13,46.83,333.2,76.2,100.4,3.3,2.245
2027-11-19,14.6,8.25,52.27,292.37,81.4,100.6,3.58,2.357
2027-11-20,14.16,7.5,37.33,305.47,87.8,100,10.07,2.005
2027-11-21,10.94,6.42,21.47,299.49,92.6,99.5,3.12,1.211
2027-11-22,9.49,5.48,41.33,267.81,86.1,100.2,0.16,1.867
2027-11-23,11.22,5.94,35.23,300.74,88,100,0.68,1.303
2027-11-24,12.7,5.39,25.14,301.56,81.9,99,11.08,2.665
2027-11-25,8.47,5.05,36.31,280.45,76,99.8,0,2.247
2027-11-26,9.42,5.51,28.36,281.74,86.6,99.5,0.53,1.441
2027-11-27,9.11,5.4,39.47,280.02,72.7,100,0.03,4.661
2027-11-28,11.38,6.13,34.19,310.63,82.9,100.1,5.57,1.663
2027-11-29,10.12,4.67,41.5,262.7,73.8,100.4,0,5.913
2027-11-30,12.51,4.17,24.09,306.58,88.7,100.8,11.2,2.349
2027-12-01,12.25,6.81,46.62,289.73,85.1,100.1,2.13,1.269
2027-12-02,10.73,3.79,41.38,277.42,83.4,99.6,4.79,2.386
2027-12-03,9.29,5,22.09,293.63,89.9,99.5,1.55,1.833
2027-12-04,9.09,6.17,23.56,305.44,91.5,100.3,0.13,1.611
2027-12-05,13.75,7.71,13.04,324.81,85.4,100,5.24,4.051
2027-12-06,9.41,6.99,25.15,310.25,70.1,101.1,0.03,3.033
2027-12-07,13.68,7.7,20.65,337.21,89.7,100.6,3.86,1.408
2027-12-08,11.3,6.28,10.16,319.25,90,99.2,3.27,1.795
2027-12-09,8.66,5.69,34.65,279.15,83.2,99.7,0.07,2.392
2027-12-10,8.68,6.12,28.81,301.82,83.9,99.4,11.11,1.694
2027-12-11,11.43,5.6,10.95,313.06,88.4,99.1,9.34,3.167
2027-12-12,7.64,3.09,13.16,266.8,82.4,99.4,2.38,2.384
2027-12-13,7.04,2.04,33.19,274.45,85.4,99.7,12.36,0.601
2027-12-14,6.27,3.16,26.93,282.44,84.9,99.5,2.61,3.226
2027-12-15,5.91,1.17,33.77,253.96,84.8,100.9,0.5,3.455
2027-12-16,7.9,0.43,34.39,268.12,81.8,102.1,0,1.538
2027-12-17,11.12,7.94,11.03,327.19,87.9,101.3,3.91,2.732
2027-12-18,11.85,4.65,38.54,279.79,76,101.3,5.21,3.973
2027-12-19,13.76,4.84,13.08,315.13,84,100.8,5.8,2.852
2027-12-20,10.56,6.32,34.22,267.87,59.7,101.3,0,8.419
2027-12-21,9.44,4.89,28.25,287.48,70.2,102.5,0.04,4.16
2027-12-22,10.74,9.39,16.16,328.76,78.5,101.9,0.19,5.148
2027-12-23,11.93,5.65,20.83,306.98,76,101.7,0.5,4.125
2027-12-24,7.4,3.53,37.09,261.35,73.5,103.1,0,4.566
2027-12-25,8.87,3.7,24.47,293.89,83.6,103.3,0.17,3.084
2027-12-26,10.86,6.31,25.2,305.68,91.2,102.9,1.12,2.098
2027-12-27,11.75,6.7,21.65,316.6,89.4,102.2,2.84,3.73
2027-12-28,10.36,7.03,23.03,297.99,80,101.2,0.13,6.357
2027-12-29,9.9,7.34,33.57,302.46,90.5,100.9,0.64,2.39
2027-12-30,10.28,5.89,22.37,306.8,81.4,99.5,2.43,3.124
2027-12-31,8.11,4.47,28.37,287.12,81.6,98.9,1.35,2.8
2028-01-01,5.93,3.05,34.35,266.36,81.7,98.3,0.26,2.484
2028-01-02,7.56,4.35,7.72,310.8,81.5,96.4,15.67,5.492
2028-01-03,8.16,5.42,21.56,303.95,76.4,97.1,4.8,8.612
2028-01-04,7.27,4.26,27.68,276.27,84.4,98.8,0.31,4.714
2028-01-05,6.8,3.19,31.99,269.65,84.3,99.5,0.08,3.531
2028-01-06,6.36,2.41,25.83,276.19,82.8,100.9,0.04,2.37
2028-01-07,10.8,3.25,8,332.63,92.6,100.4,5.35,1.457
2028-01-08,13.22,10.68,19.76,335.35,90,99.3,3.47,2.321
2028-01-09,11.71,5.62,35.41,281.59,66.3,100.3,1.88,6.217
2028-01-10,13.59,5.4,10.34,334.29,86.2,101,5.82,1.525
2028-01-11,13.77,12.14,24.51,339.82,88.5,100.2,0.13,2.041
2028-01-12,12.11,8.61,33.87,296.84,85.2,99.9,0.03,1.963
2028-01-13,11.45,7.88,34.84,311.91,89.5,100,4.04,1.061
2028-01-14,13.46,8.24,12.33,316.38,88.8,99.9,0.07,2.421
2028-01-15,11.34,7.79,45.01,276.94,85.9,100.4,0,2.366
2028-01-16,9.12,7.23,28.68,296.68,88,99.6,0.68,2.321
2028-01-17,8.83,5.34,40.29,280.13,89.2,100,0.41,3.243
2028-01-18,6.07,1.53,39.25,263.46,80.9,100.4,0.91,3.284
2028-01-19,3.2,0.42,8.73,294.78,88.5,99.6,13.46,1.391
2028-01-20,4.32,1.07,12.67,298.56,89.7,100.1,8.44,2.326
2028-01-21,4.6,-0.16,35.03,281.14,90.6,100.8,0.38,0.901
2028-01-22,3.16,-1.1,46.71,260.88,83.2,100.8,0.2,0.813
2028-01-23,3.72,0.49,3.84,303.63,89.5,99.9,28.59,1.946
2028-01-24,1.13,-0.88,20.66,293.62,92.9,99.4,3.86,1.338
2028-01-25,0.8,-1.3,24.21,290.05,93.5,98.9,2.52,0.91
2028-01-26,0.72,-1.52,19.25,288.76,91,99.5,4.32,1.52
2028-01-27,2.41,-4.78,34.46,244.92,87.9,100.6,0,3.361
2028-01-28,4.05,0.59,10.46,293.54,92.9,100.3,6.98,0.602
2028-01-29,12.8,2.86,16.38,326.64,94.3,100.1,8.26,1.947
2028-01-30,12.88,7.86,35.08,319.35,91.7,100.6,0.39,3.659
2028-01-31,14.43,8.72,25.55,323.7,88.6,100.4,0.21,4.234
2028-02-01,10.08,6.04,55.07,284.67,76.8,101.4,0.05,3.699
2028-02-02,12.72,6.23,47.41,315.74,88.8,101.4,1.29,1.497
2028-02-03,11.82,5.79,35.44,317.46,86.8,100.2,6.8,2.359
2028-02-04,6.79,3.18,42.75,276.54,70.7,100.8,1.01,5.798
2028-02-05,7.82,3.15,39.26,303.63,82.6,102.5,0.19,2.763
2028-02-06,11.55,7.3,59.67,305.03,85.3,102.1,0.17,5.143
2028-02-07,10.01,6.3,53.83,302.08,86.4,102.3,0.04,2.47
2028-02-08,10.59,6.64,66.99,310.77,83.7,101.7,0.1,1.692
2028-02-09,10.59,6.14,49.33,309.43,77.7,101.2,0.78,4.454
2028-02-10,10.34,6.82,51.44,312.98,78.1,100.7,0.08,6.478
2028-02-11,11.72,9.07,84.09,299.78,78.6,100.3,0,5.18
2028-02-12,14.04,10.45,70.61,323.61,82.1,99.7,0.09,2.431
2028-02-13,13.5,5.55,59.22,294.28,72.2,99.4,2.37,4.785
2028-02-14,9.82,3.33,85.77,256.87,74,101.6,0,2.806
2028-02-15,9.83,2.79,96.81,269.02,71.9,102.5,0.04,1.607
2028-02-16,6.91,3.42,98.07,274.48,70.5,102.2,0.15,3.288
2028-02-17,7.06,1.31,98.6,263.66,72.2,101.4,0.46,4.391
2028-02-18,4.49,-0.21,92.3,259.5,71.2,101.5,0.06,3.499
2028-02-19,2.25,-1.94,67.08,269.59,75.7,101.4,0.72,1.631
2028-02-20,1.89,-4.39,79.06,244.09,77,101.1,0.02,1.604
2028-02-21,2.35,-3.91,95.91,221.4,80.4,100.9,0,0.57
2028-02-22,3.41,-3.34,117.51,220.01,79.8,101.7,0,0.4
2028-02-23,6.57,-0.89,37.4,281.94,81.4,101.2,2.45,1.353
2028-02-24,9.45,4.35,74.53,279.62,84.4,101.3,1.8,1.486
2028-02-25,10.79,4.38,88.06,301.27,83.5,99.4,2.71,1.851
2028-02-26,5.78,2.12,43.55,301.91,80.7,99.6,3.91,4.479
2028-02-27,6.68,-1.55,89.01,269.56,75.6,101.7,0.45,1.543
2028-02-28,12.36,4.32,75.37,312.27,88,101.8,0.26,3.065
2028-02-29,11.18,4.73,85.41,303.19,82.1,102.1,0.54,2.61
2028-03-01,9.99,5.14,95.51,293.76,76.2,102.5,0.83,2.314
2028-03-02,8.42,-0.17,128.89,246.02,76,103.7,0,0.126
2028-03-03,9.84,1.94,93.93,279.48,74,103,0.11,2.511
2028-03-04,8.14,4.66,66.38,304.47,81.8,103.2,0.23,1.872
2028-03-05,9.25,4.85,73.49,307.34,80.8,103.7,0.32,2.161
2028-03-06,11.45,5.45,52.01,307.37,84.9,102.7,3.77,5.134
2028-03-07,9.42,5.65,89.02,296.3,72.9,102.8,0.51,3.505
2028-03-08,7.54,3.27,95.68,287.88,73.6,103.5,0.2,1.11
2028-03-09,10.69,5.6,76.97,311.71,82.8,102.5,1.01,5.142
2028-03-10,5.98,0.79,74.42,281.09,59.2,101.8,0.13,3.897
2028-03-11,5.45,0.19,92.92,262.19,57.5,101.4,0.05,2.785
2028-03-12,5.7,0.5,88.67,267.25,69.7,101.9,0.07,1.77
2028-03-13,7.14,1.22,43.87,301.9,84.7,100.6,5.66,2.624
2028-03-14,6.66,2.46,69.68,294.44,87.4,99.3,3.54,1.126
2028-03-15,5.42,-0.6,80.9,273.32,76.5,99.8,0.23,1.321
2028-03-16,5.61,-1.07,100.87,258.76,78.8,99.8,3.15,2.738
2028-03-17,9.94,-0.5,27.58,304.76,89.7,99.2,6.47,1.709
2028-03-18,11.98,6.93,82.15,312.37,87.3,98.2,3.46,2.084
2028-03-19,12.97,5.81,152.31,275.84,79.4,98.9,0.67,1.613
2028-03-20,13.2,6.15,158.25,279.45,73.4,99.7,0.49,1.469
2028-03-21,13.64,5.24,93.91,303.1,77.9,100.1,2.46,3.019
2028-03-22,12.64,7.62,158.38,291.76,75.4,100.3,1.31,2.754
2028-03-23,12.98,6.53,90.74,310.97,79.9,100.9,1.52,2.222
2028-03-24,16.42,10.81,86.18,346.17,86.9,100.7,1.53,4.957
2028-03-25,16.68,8.69,95.59,325.49,84.2,101.6,0.09,4.494
2028-03-26,15.6,8.58,145.49,315.21,73.5,100.6,0.24,7.208
2028-03-27,8.96,5.23,117.91,289.6,65.8,100.8,1.32,5.604
2028-03-28,9.45,4.59,102.48,296.93,70,101.7,0.13,3.369
2028-03-29,14.36,5.89,126.67,320.17,78.7,102.1,0.16,2.836
2028-03-30,13.61,9.7,144.13,323.19,82.4,102.3,0.13,4.148
2028-03-31,14.44,8.88,165.64,308.24,75.2,101.9,0.07,3.587
2028-04-01,14.29,8.79,136.66,309.93,74.8,100.1,1.31,5.886
2028-04-02,11.48,7.53,130.21,304.29,58.5,101.3,0.1,5.571
2028-04-03,14.12,7.33,123.47,312.37,79.6,101.3,0.03,4.478
2028-04-04,10.92,5.68,88.13,302.29,74.9,100.4,3.2,4.135
2028-04-05,10.25,4.6,156.4,275.7,67.6,101.6,0.62,2.835
2028-04-06,12.27,4.65,134.29,298.01,79.5,102.1,0.06,4.093
2028-04-07,11.13,5.73,150.57,294.23,75,102.3,1.32,2.527
2028-04-08,14.54,5.9,192.02,296.27,75.7,100.8,0.26,6.981
2028-04-09,9.48,6.07,138.31,291.32,57.2,100.7,0.44,5.57
2028-04-10,10.08,4.93,191.99,274.68,58.6,101.6,0.11,0.912
2028-04-11,12.48,4.71,187.98,278.3,61,101.6,0.09,1.388
2028-04-12,12.98,3.28,130.82,292.71,73.6,102,0.88,0.987
2028-04-13,14.28,0.9,206.34,267.69,72.2,102.8,0.1,0.776
2028-04-14,15.28,7.16,205.39,280.99,62.6,102.5,0.04,1.909
2028-04-15,15.95,3.49,256.28,249.94,63.7,102.2,0,1.664
2028-04-16,16.5,2.77,258.23,253.96,72.1,102.3,0,1.416
2028-04-17,17.38,4.61,263.4,260.05,70.4,102.1,0,0.953
2028-04-18,19.18,6.31,265.33,274.25,67.8,101.8,0,0.724
2028-04-19,19.89,8.9,265.9,282.58,62.4,101.5,0,2.59
2028-04-20,18.48,10.52,156.24,324.2,68.4,101,0.14,1.914
2028-04-21,16.2,9.65,208,303.55,74.6,100.7,2.34,4.065
2028-04-22,11.97,8.09,163.86,308.61,63.5,101.8,0.4,4.204
2028-04-23,13.88,8.01,140.88,313.78,70.4,101.4,0.46,4.634
2028-04-24,14.37,8.83,194.47,302.93,68.9,101,0.2,5.186
2028-04-25,11.55,6.49,160.35,303.02,71.3,99.9,1.23,5.254
2028-04-26,8.6,5.2,110.11,302.57,89.1,99.8,11.4,1.031
2028-04-27,8.49,3.22,124.95,295.83,81,100.1,8.06,1.19
2028-04-28,8.87,2.01,180.56,270.33,74.9,99.7,1.1,0.191
2028-04-29,11.08,0.55,189.28,267.95,65.5,99.2,0.54,0.349
2028-04-30,12.32,4.24,221.19,281.74,60.1,100.3,0.06,0.669
2028-05-01,18.52,5.72,116.39,332.02,80.8,100,5.3,2.611
2028-05-02,18.5,8.05,149.59,331.85,81.1,99.6,1.83,1.972
2028-05-03,13.25,6.61,197.26,282.1,60.2,100.8,0.68,3.661
2028-05-04,14.04,3.63,177.29,290.4,61.9,101.7,0.09,1.208
2028-05-05,14.73,8.69,112.45,335.28,78.2,100.8,3.07,3.003
2028-05-06,15.61,9.48,132.07,328.45,83.6,100.1,0.94,1.343
2028-05-07,13.14,6.19,118.64,312.23,85.6,99.2,2.65,1.25
2028-05-08,9.66,2.19,56.05,314.31,91.4,99.1,33.21,2.108
2028-05-09,7.01,1.21,123.15,296.99,77,99.7,2.01,2.91
2028-05-10,11.22,1.7,226.68,257.52,66,99.8,0.1,0.785
2028-05-11,9.38,2.1,138.1,295.04,84.9,100.6,3.71,1.179
2028-05-12,13.14,2.78,211.12,274.43,75.3,101.3,0.29,1.839
2028-05-13,14.23,4.13,186.83,296.45,65.5,101.4,0.14,2.602
2028-05-14,16.08,8.31,190.74,318.57,79.3,100.8,2.78,3.533
2028-05-15,14.95,7.58,176.48,319.07,75.7,100.8,0.34,1.164
2028-05-16,15.85,6.83,196.41,305.65,76.7,101.2,0.41,0.858
2028-05-17,14.39,7.62,179.79,308.22,77.4,100.6,4.81,2.822
2028-05-18,11.87,7.53,169.01,310.09,75.6,99.6,2.67,5.921
2028-05-19,14.08,8.17,196.13,313.92,73.4,100.5,3,6.067
2028-05-20,12.23,7.28,186.78,295.08,61.5,100.9,0.59,8.337
2028-05-21,12.22,8.12,164.13,316.48,66.5,101.9,0.03,6.475
2028-05-22,14.85,8.73,267.06,312.02,74.7,102.6,0,3.252
2028-05-23,17.01,10.25,275.57,312.94,78.4,102.7,0.11,2.874
2028-05-24,17.51,8.99,313.35,277.64,68.3,102.7,0,0.597
2028-05-25,17.86,8.66,246.27,309.48,68.3,102.4,0.05,0.471
2028-05-26,20.36,8.67,287.47,298.84,67.6,101.9,0,2.587
2028-05-27,18.79,8.76,226.82,312.44,72,101.8,0.79,1.719
2028-05-28,15.15,6.44,298.16,268.59,63.2,102,0.03,1.019
2028-05-29,19.71,4.44,254.62,299.27,67.4,101.4,0.07,0.806
2028-05-30,19.23,11.32,135.04,343.89,75.2,99.8,2.09,2.865
2028-05-31,17.76,10.75,213.93,319.07,71.3,100,1.44,3.03
2028-06-01,16.29,10.17,293.16,294.24,67.4,100.2,0.79,3.392
2028-06-02,20.1,11.14,150.87,358.25,88.3,100.3,7.91,1.07
2028-06-03,19.48,12.32,219.21,330.94,73.6,99.9,0.63,3.142
2028-06-04,19.13,12.72,210.33,343.66,75.6,100.4,2.84,3.734
2028-06-05,19.9,14.49,270.14,330.38,73,100.9,0,3.002
2028-06-06,23.99,12.48,325.22,312.65,72.8,101,0,1.662
2028-06-07,23.23,13.48,260.93,344.62,76.4,101.5,0.05,2.25
2028-06-08,22.96,13.9,260.52,347.65,77.1,101.9,0.15,0.889
2028-06-09,23.01,13.99,229.64,350.39,75.9,101.9,0.04,3.025
2028-06-10,26.91,12.63,327.47,335.43,68,101.7,0,2.598
2028-06-11,29.79,15.5,341.18,335.92,60.1,101.6,0,2.161
2028-06-12,29.65,16.55,342.54,334.54,51.6,101.9,0,2.283
2028-06-13,30.54,16.16,338.64,339.94,54.3,101.7,0,2.642
2028-06-14,31.16,16.59,336.71,341.72,63.8,101.1,0,0.241
2028-06-15,18.45,13.01,285.91,312.73,62.4,101.4,0.36,4.129
2028-06-16,18.38,12,282.93,303.44,56,102.1,0.03,3.541
2028-06-17,21.51,14.1,185.67,362.44,75.9,101.6,0.38,4.709
2028-06-18,22.38,13.7,302.05,331.44,69,101.2,0,4.834
2028-06-19,17.36,10.43,252.56,306.43,64.1,100.8,0.05,4.43
2028-06-20,14.11,8.89,219.37,297.64,58.8,101.2,0.35,2.514
2028-06-21,18.5,6.42,284.42,288.43,60.3,101.1,0.64,0.123
2028-06-22,19.73,11.16,244.74,322.34,70.7,100.5,0.19,0.584
2028-06-23,18.74,11.73,257.68,317.78,75.1,99.7,6.26,3.478
2028-06-24,16.69,10.27,257.42,301.58,63,100.9,0.46,5.799
2028-06-25,17.74,10.41,236.77,308.99,65.2,101.5,0.14,4.095
2028-06-26,18.59,12.26,161.79,341.43,84.7,100.8,6.77,2.605
2028-06-27,20.41,12.85,264.44,317.2,71.4,100.7,0.24,4.968
2028-06-28,18.73,12.47,107.54,348.83,90.5,100.2,7.15,0.913
2028-06-29,18.98,12.96,231.92,336.94,87.2,99.9,18.37,0.572
2028-06-30,17.6,11.46,148.22,335.14,87.8,99.9,11.44,0.807
2028-07-01,17.28,11.61,156.31,322.62,81.5,100,3.43,3.755
2028-07-02,18.92,11.05,204.49,331.12,73.8,100.8,0.97,1.227
2028-07-03,17.28,11.17,241.35,317.88,77.6,101,5.48,1.941
2028-07-04,20.12,9.12,244.53,311.96,70,101.6,0.04,1.882
2028-07-05,21.56,14.01,207.99,355.19,78.6,101.3,2.2,1.453
2028-07-06,19.06,12.66,134.71,352.76,88.3,100.8,11.52,0.266
2028-07-07,18.71,14.76,137.23,352.66,89.7,100,8.65,0.756
2028-07-08,17.53,11.14,147.16,339.64,86.1,100.1,4.33,0.982
2028-07-09,19.69,9.05,283.89,290.51,73,100.9,0.43,0.951
2028-07-10,20.39,9.14,307.03,293.31,71.9,101.1,0.49,0.808
2028-07-11,21.98,9.41,293.5,301.09,68.5,101.3,0,1.999
2028-07-12,21.07,14.06,215.75,338.28,79.7,101.4,1.13,2.602
2028-07-13,21.95,13.73,264.84,332.45,74.8,101.8,0.03,2.186
2028-07-14,23.76,15.73,280.04,344.66,78.9,102,0.02,2.02
2028-07-15,24.28,15.56,252.43,349.99,82.3,102,0.12,0.8
2028-07-16,26.75,15.26,324.07,332.48,73.1,101.8,0,1.763
2028-07-17,29.56,16.12,321.98,335.98,66.7,101.4,0,2.076
2028-07-18,28.5,15.59,322.24,328.69,71,101.1,0,0.411
2028-07-19,22.04,15.95,277.91,323.68,73,101.4,0,2.429
2028-07-20,22.23,14.26,223.52,340.13,73.2,101.8,0.65,0.674
2028-07-21,24.18,12,292,309.93,68.8,101.9,0.05,0.339
2028-07-22,25.34,12.93,323.4,308.99,64.3,101.7,0,0.945
2028-07-23,25.61,13.97,287.79,323.66,67.1,101.4,0,2.082
2028-07-24,23.31,16.02,148.53,364.46,80.1,101.2,6.2,2.98
2028-07-25,21.85,15.82,139.16,375.28,81.6,100.5,4.05,2.327
2028-07-26,22.5,13.75,212.06,345.96,80.2,100.1,4.33,2.527
2028-07-27,20.61,12.37,220.74,323.6,68.2,100.2,2.55,3.687
2028-07-28,19.22,14.07,71.24,352.76,88.7,99.3,14.14,1.772
2028-07-29,19.83,13.42,220.23,330.91,77,99.1,6.68,2.404
2028-07-30,21.16,12.24,207.15,319.87,73.5,99.7,2.04,2.856
2028-07-31,21.34,13,229.78,318.73,72.6,99.9,1.27,3.144
2028-08-01,21.52,13.76,252.64,316.39,71.7,100.1,0.51,3.469
2028-08-02,21.86,11.72,263.97,308.99,69.9,100.1,0.05,0.813
2028-08-03,22.42,12.24,263.58,320.45,71.2,100,4.52,1.425
2028-08-04,22.42,14.52,266.47,331.42,72.1,100,4.43,2.549
2028-08-05,20.1,13.24,275.37,303.8,71.7,100.3,0.58,4.594
2028-08-06,20.61,13.14,255.47,310.88,71.4,100.5,1.01,4.159
2028-08-07,18.88,11.85,219.3,311.53,71.9,100.8,1.21,3.567
2028-08-08,17.65,10.5,165.55,312.21,72.1,100.9,0.22,2.931
2028-08-09,19.49,11.5,98.32,348.91,86.9,100.9,7.73,3.159
2028-08-10,20.45,14.57,267.1,321.57,71,100,0.39,6.191
2028-08-11,18.63,14.13,216.12,326.84,72.4,99.4,1.07,8.272
2028-08-12,19.81,13.61,216.54,322.26,72.7,99.5,0.88,5.919
2028-08-13,16.06,12.65,127.24,333.83,86.6,99.8,7.89,3.537
2028-08-14,17.59,11.17,187.56,316.19,78.3,100.5,1.91,2.906
2028-08-15,19,9.59,195.38,318.62,77.6,100.3,0.67,1.677
2028-08-16,16.55,12.2,181.48,312.43,73.9,99.9,1.21,6.732
2028-08-17,18.42,10.82,186.33,306.01,67.3,101.1,0,3.825
2028-08-18,16.53,11.07,150.66,314.02,75,101.4,1.2,2.761
2028-08-19,17.44,10.14,157.4,327.46,84,101.2,2.06,2.225
2028-08-20,19.35,15.69,98.73,366.24,88.7,100.4,6.61,3.054
2028-08-21,19.13,13.71,225.22,320.99,73.7,99.8,2.86,6.022
2028-08-22,18.72,12.04,202.27,307.13,75.4,100.2,3.35,4.268
2028-08-23,19.6,11.2,198.43,307,71.5,101.4,0,2.851
2028-08-24,20.92,13.12,175.91,339.53,79.9,100.9,0.25,4.472
2028-08-25,17.47,11.42,151.15,314.64,74.9,101.1,0.09,3.102
2028-08-26,17.9,11.23,172.86,310.47,74.9,101.6,0,2.932
2028-08-27,17.1,10.55,99.11,343.13,80.6,101.4,1.07,1.117
2028-08-28,21.97,16.29,113.84,370.28,85.2,100.2,4.25,4.898
2028-08-29,20.22,14.01,210.01,334.51,79.4,99.4,2.89,4.914
2028-08-30,17.55,11.37,203.15,308,67.1,100.5,0.46,3.373
2028-08-31,17.34,10.8,197.12,302.5,67.8,100.8,0.32,3.624
2028-09-01,17.14,10.24,191.07,296.99,68.4,101.1,0.19,3.896
2028-09-02,16.19,9.64,80.4,324.52,82.7,100.8,16.77,1.344
2028-09-03,19.64,12.81,188.01,337.17,78.6,99,8.06,6.209
2028-09-04,16.19,10.17,178.22,295.23,69.9,101.3,0.73,5.029
2028-09-05,15.27,9.44,179.68,299.62,65.1,102.4,0.07,2.406
2028-09-06,16.7,7.99,176.54,300.32,68.7,102.8,0.09,0.825
2028-09-07,18.13,8.32,206.44,295.9,74.1,103,0,0.075
2028-09-08,20.08,9.74,220.1,295.59,77,102.9,0,0.5
2028-09-09,19.89,8.87,183.65,316.58,82.1,102.4,0.01,1.727
2028-09-10,17.68,10.63,197.78,296.44,75.7,102,0.03,1.116
2028-09-11,18.56,8.42,198.3,302.43,80.1,101.7,0,0.661
2028-09-12,19.27,11.7,148.54,339.22,83.3,101.5,0.04,0.705
2028-09-13,18.65,11.75,149.58,329.21,85.2,101.2,1.91,0.768
2028-09-14,19.44,10.76,166.31,327.93,80.3,101.1,0.06,0.446
2028-09-15,18.27,12.3,141.21,325.33,83,100.6,0.83,0.165
2028-09-16,19.08,11.92,134.46,326.73,84.1,100.7,25.51,2.14
2028-09-17,15.78,10.29,137.56,305.73,74.2,100.4,4.97,3.211
2028-09-18,16.21,9.68,158.65,294.22,72.7,101,0.07,4.695
2028-09-19,18.79,12.17,129.14,342.56,81.4,101.1,0.12,3.786
2028-09-20,20.26,13.82,161.36,334.96,81.4,101.3,0.11,2.625
2028-09-21,18.15,13.04,113.09,339.79,83.8,100.5,4.82,1.26
2028-09-22,17.83,12.21,115.23,331.35,82.1,99.5,12.43,1.293
2028-09-23,16.43,11.3,69.02,329.75,81.5,98.2,18.31,1.513
2028-09-24,15.92,9.45,158.61,293.7,73.2,99.2,0.96,4.339
2028-09-25,16.58,11,117.27,320.07,82.7,99,3.12,4.137
2028-09-26,15.99,10.79,111.84,306.69,83.8,100.3,0.48,4.479
2028-09-27,20.22,11.79,76.05,349.28,88.1,100.6,0.35,3.306
2028-09-28,21.24,16.99,147,343.26,81.5,100.8,0,7.962
2028-09-29,19.77,13.2,166.75,303.35,77.8,101.5,0,5.274
2028-09-30,20.38,11.48,117.22,324.18,90.3,102,0.15,0.756
2028-10-01,21.76,9.75,167.16,295.89,81.2,101.4,0,0.814
2028-10-02,17.62,11.81,145.94,299.74,73.8,101.6,0,4.012
2028-10-03,16.95,10.24,119.92,306.71,81.4,101.8,0,2.242
2028-10-04,16.26,10.88,83.15,327.3,87.6,101.6,0,0.473
2028-10-05,17.98,10.57,142.02,302.32,83.3,101.4,0,0.811
2028-10-06,17.67,9.38,137.1,299.17,86.6,101.4,0,0.515
2028-10-07,17.93,8.85,120.3,303.36,86.3,101.5,0,0.641
2028-10-08,15.19,11.08,120.51,316.82,84.1,101,3,1.218
2028-10-09,16.06,11.77,94.24,340.62,86.4,100.9,1.62,0.831
2028-10-10,16.01,11.52,99.11,336.64,83.4,100.6,1.27,2.08
2028-10-11,14.44,8.29,108.45,303.83,81.9,100.8,0.8,0.997
2028-10-12,11.03,6.27,72.77,296.06,73.7,101.1,0.06,0.957
2028-10-13,10.72,5.25,101.11,291.09,70.7,100.8,0.14,1.557
2028-10-14,9.88,3.33,93.15,271.56,71.1,100.7,0.06,1.549
2028-10-15,11.64,2.98,97.18,275.26,76.6,101.2,0.04,2.224
2028-10-16,12.27,7.09,41.1,308.97,85,100.7,2.37,3.894
2028-10-17,9.33,4.67,101.73,264.79,58.3,101.3,0.03,1.859
2028-10-18,10.02,2.74,107.24,263.67,62.9,101.7,0.03,1.689
2028-10-19,10.29,1.46,102.14,277.21,75.7,101.5,0.39,1.769
2028-10-20,11.68,4.65,51.89,306.14,82.2,100.3,1.77,2.713
2028-10-21,8.54,4.59,72.8,289.39,77.9,99.7,2.25,2.679
2028-10-22,10.32,4.34,70.84,295.8,84.2,100.2,0.3,0.816
2028-10-23,9.78,2.7,89.65,271.57,79.1,100.6,0,1.582
2028-10-24,9.67,4.27,90.63,281.1,71.8,100.7,0,1.875
2028-10-25,10.55,5.6,52.91,309.92,82.1,101.1,0.88,1.841
2028-10-26,12.72,6.11,69.86,298.34,80.3,101.1,0.09,1.413
2028-10-27,10.66,7.28,14.82,320.14,90.6,99.9,11.53,2.129
2028-10-28,13.1,4.81,80.86,287.43,93.4,100.6,0.11,1.131
2028-10-29,14.74,7.05,16.61,330.45,89.4,100.4,2.01,1.936
2028-10-30,16.71,13.61,55.38,347.82,86.4,99.5,3.66,3.111
2028-10-31,15.51,12.36,68.66,324.22,83.3,99.3,2.17,3.556
2028-11-01,14.3,11.12,82.12,300.94,80.2,99,0.69,4.053
2028-11-02,13.36,9.58,66.1,303.29,81.6,98.7,7.51,3.851
2028-11-03,14.09,8.47,79.75,280.55,78.2,99.6,6.66,5.056
2028-11-04,12.34,8.01,73.75,276.71,78.3,99.6,0.36,4.66
2028-11-05,11.21,7.61,73.23,269.21,76.3,99.9,0.05,5.123
2028-11-06,11.84,4.33,77.9,261.23,81,100.7,0,2.764
2028-11-07,8.18,4.2,10.59,312.9,92.7,99.4,20.46,2.327
2028-11-08,10.09,6.05,44.65,304.93,89.9,100,3.29,4.004
2028-11-09,14.26,7.14,50.03,326.27,86.8,100.5,3.1,1.88
2028-11-10,13.67,8.02,29.55,310.79,87.4,100.1,11.06,2.622
2028-11-11,11.67,7.48,56.6,286.26,87.4,100.4,1.12,1.896
2028-11-12,11.68,5.31,64.65,278.49,80.1,99.5,7.16,2.188
2028-11-13,10.09,2.76,57.29,262.39,86.9,100.4,0,0.879
2028-11-14,7.3,2.58,42.48,296.62,95.6,101.1,0.18,0.441
2028-11-15,11.75,4.42,50.25,288.04,91.8,101.1,0.04,1.234
2028-11-16,10.61,7.73,52.95,302.26,92.6,100.8,0.07,1.013
2028-11-17,10.55,7.28,25.15,335.4,95.4,100.9,9.38,1.052
2028-11-18,8.7,5.72,46.03,300.87,81.9,102,3.41,1.429
2028-11-19,7.95,3.42,46.89,273.7,77.2,102.5,0,1.056
2028-11-20,6.85,2.32,50.14,261.93,76,102.7,0,1.346
2028-11-21,6.76,2.49,38.21,279.23,66.2,102.6,0.41,2.447
2028-11-22,6.31,4.07,27.21,295.36,66.2,102.2,0.21,4.128
2028-11-23,8.41,5.35,41.88,289.67,73.3,101.8,0.04,3.91
2028-11-24,8.05,4.69,42.54,292.53,85.6,101.4,0.88,1.772
2028-11-25,6.2,3.26,27.42,294.82,85.9,100.9,0.43,0.842
2028-11-26,5.51,0.97,44.9,263.38,78.5,100.6,0.47,2.195
2028-11-27,4.05,1.18,34.64,264.69,72.8,101.4,0.04,1.617
2028-11-28,3.41,-0.71,51.56,221.95,63.5,101.8,0,1.117
2028-11-29,2.71,-0.75,39.65,257.62,77.7,101.6,0.03,1.919
2028-11-30,2.24,-1.37,22.51,267.88,83.6,101.9,0.77,1.528
2028-12-01,2.22,-2.85,31.68,257.31,88.4,102.6,0.2,0.809
2028-12-02,3.29,-2.92,38.95,243.07,92.6,102.3,0,1.368
2028-12-03,5.12,-1.95,22.38,259.18,96.2,101.8,1.3,1.329
2028-12-04,7.31,-2.91,16.83,302.52,90.2,102,1.19,2.543
2028-12-05,9.85,6.52,35.95,298.42,91,102.3,0.06,4.085
2028-12-06,9.43,6.84,33.5,288.5,87.5,102.3,0.04,4.262
2028-12-07,11.3,7.76,27.33,308.63,85.3,101.7,1.01,5.513
2028-12-08,7.8,5.36,17.57,312.9,87.7,102.2,0.96,1.774
2028-12-09,9.88,5.42,27.28,313.44,91.9,102,0.37,1.488
2028-12-10,13.19,7.64,28.61,324.36,90.2,101.3,0.3,2.704
2028-12-11,13.09,9.73,28.37,324.93,84.5,101,0.64,3.848
2028-12-12,14.27,11.61,19.31,335.28,88.3,101.1,0.03,3.351
2028-12-13,11.93,10.2,17.6,329.57,83,100.8,0.23,2.617
2028-12-14,13.32,10.12,24.17,322.83,89.1,100.9,0.34,2.446
2028-12-15,12.99,8.75,11.2,344.09,91.1,100.8,6.72,2.593
2028-12-16,8.63,3.51,20.67,288.65,80.4,101.7,0.63,1.881
2028-12-17,5.27,2.14,25.32,280.16,73.4,102.7,0,1.574
2028-12-18,5.61,0.49,30.97,276.76,84.7,103.2,0.14,1.94
2028-12-19,10.4,5.08,12.61,317.23,71.4,100.3,3.66,8.257
2028-12-20,6.66,2,24.54,265.77,56.5,100.7,0.12,4.639
2028-12-21,3.29,1.43,31.12,246.06,54.5,100.9,0.05,3.472
2028-12-22,3.85,0.78,30.81,256.68,63.9,101,0,3.178
2028-12-23,3.19,-1.33,33.63,243.83,80.9,100.4,0.08,3.244
2028-12-24,2.69,-3.49,39.74,233.9,88.1,100.4,0,1.562
2028-12-25,0.79,-2.83,8.91,264.99,87.2,99.4,0.07,0.676
2028-12-26,3.58,-2.39,29.74,270.37,88.6,99.9,0.17,2.183
2028-12-27,4.85,-2.5,38.91,249.95,87.6,100.8,0.05,1.82
2028-12-28,2.07,-3.26,34.5,249.42,88.6,100.6,0.04,1.119
2028-12-29,2.49,-2.75,15.92,300.41,93.3,99.7,1.85,1.331
2028-12-30,6.74,1.89,14.81,322.59,97.3,99.2,2.79,1.495
2028-12-31,7.18,3.64,14.67,326.84,96.4,99,4.6,2.222
2029-01-01,7.63,5.38,14.54,330.07,95.5,98.8,6.4,2.952
2029-01-02,5.42,2.54,11.26,313.91,93.6,98.4,9.12,2.934
2029-01-03,2.71,1.6,14.73,303.9,89.4,98.8,0.91,1.902
2029-01-04,3.47,0.45,22.15,289.26,90.3,100,0.07,0.631
2029-01-05,3.33,-1.91,31.51,275.29,86.8,101.1,0,0.839
2029-01-06,5.52,0.82,7.13,309.63,87.1,100.9,6.39,2.993
2029-01-07,8.34,5.53,11.96,333.55,97.2,100.4,3.4,1.961
2029-01-08,9.89,7.26,17.58,331.21,94.8,99.8,4.36,2.171
2029-01-09,11.56,8.9,40.43,311.6,91.7,100.2,1.71,1.416
2029-01-10,11.56,9.88,17.4,327.83,90.1,100.5,0.31,1.832
2029-01-11,12.03,8.8,26.74,325.57,87.1,100.5,0.02,2.69
2029-01-12,9.12,3.07,20.85,304.26,86.6,100.5,0.35,1.885
2029-01-13,3.71,0.85,26.13,275.58,69,100.3,3.5,4.992
2029-01-14,3.34,0.83,17.27,307.01,92.7,100.1,9.15,3.163
2029-01-15,3.66,2.29,18.63,309.36,94.1,100.2,5.22,2.039
2029-01-16,4.61,1.82,26.24,303.64,94,100.5,0.2,0.326
2029-01-17,5.2,2.46,23.69,308.76,93.4,101,3.32,1.541
2029-01-18,2.7,0.55,7.45,304.71,93.9,100.6,12.12,4.449
2029-01-19,2.58,0.68,14.43,305.91,92.9,100,4.08,3.538
2029-01-20,2.84,-0.66,8.72,302.79,93.5,100,15.48,5.194
2029-01-21,2.24,-1.39,26.8,271.25,80.8,100.9,1.7,3.519
2029-01-22,1.46,-2.96,53.75,212.11,73.9,102.1,0,3.277
2029-01-23,1.68,-3.28,54.82,216.37,73.1,102.5,0,2.541
2029-01-24,0.96,-4.43,46.19,238.59,70.2,102.2,0,2.177
2029-01-25,1.63,-2.26,54.3,248.53,68.4,102.1,0,2.166
2029-01-26,0.37,-5.42,32.38,238.22,76.4,101.6,0.32,1.733
2029-01-27,-0.39,-6.53,46.71,237.44,87.1,101.1,0.23,0.638
2029-01-28,2.26,-3.06,36.18,269.78,89.3,101.9,0.08,0.993
2029-01-29,3.68,0.23,35.61,283.6,89.3,102.5,0.02,1.152
2029-01-30,4.58,-0.16,48.41,282.44,88.1,102.9,0.02,1.094
2029-01-31,5.59,-1.58,35.07,289.66,95.2,103.2,0.5,1.128
2029-02-01,6.54,2.24,39.27,302.37,89.1,103.1,0.04,1.873
2029-02-02,8.21,3.84,43.49,297.87,87,102.9,0.02,1.971
2029-02-03,7.59,3.79,38.99,302.58,88.1,102.6,0.99,2.604
2029-02-04,8.45,5.76,59.18,305.76,89.5,101.9,2.08,3.152
2029-02-05,6.19,0.05,41.41,281.94,84.1,102.1,1.05,0.72
2029-02-06,3.16,-0.55,49.54,280.45,79.3,101.6,2.43,1.425
2029-02-07,-0.47,-5.66,30.25,271.46,94.4,101.3,4.04,1.178
2029-02-08,-2.78,-8.83,41.39,236.56,90.1,102,2.13,1.803
2029-02-09,-1.54,-13.03,57.05,221.39,86.7,102.2,0,0.513
2029-02-10,1.24,-7.94,37.32,268.44,90.9,101.5,1,1.92
2029-02-11,2.91,0.26,48.01,285.84,87.1,100.8,0.14,1.983
2029-02-12,4.83,-1.79,66.66,259.99,83.9,102,0.06,1.283
2029-02-13,5.34,-2.09,88.72,252.76,79.9,102.6,0,2.156
2029-02-14,6.16,1.02,43.44,291.3,80.9,102.6,0.05,2.463
2029-02-15,3.83,-0.1,65.79,279.79,74.7,102.8,0.09,1.043
2029-02-16,4.01,-0.75,74.63,267.66,80.3,102.5,0.32,2.267
2029-02-17,3.62,0.01,63.69,284.1,81.6,101.2,0.23,2.809
2029-02-18,5.41,2.15,30.62,309.7,91.3,99.9,6.43,2.85
2029-02-19,7.12,3.23,59.15,301.95,90.7,100.5,0.4,0.944
2029-02-20,7.6,3.31,39.58,315.18,91.1,100.8,8.7,1.753
2029-02-21,10.19,4.78,102.17,279.14,80.7,100.6,0.82,3.084
2029-02-22,8.79,2.98,71.39,281.02,82.7,101.1,1.58,4.163
2029-02-23,11.19,3.63,14.14,311.92,85.7,99.4,11.59,5.645
2029-02-24,7.63,5.72,89.65,289.37,69,99.9,1.31,7.733
2029-02-25,9.76,5.08,76,303.91,75.5,101.8,0.16,3.205
2029-02-26,11.35,8.03,54.14,317.3,89.5,101.7,0.22,3.885
2029-02-27,9.59,5.03,80.84,294.88,72.6,101,0.27,4.599
2029-02-28,7.39,3.6,95.46,274.3,64.1,101,0.17,4.823
2029-03-01,5.08,1.82,121.35,259.78,60.2,101.4,0.17,3.565
2029-03-02,7.88,0.93,69.23,296.16,80.6,101.6,0.35,2.749
2029-03-03,11.44,5.63,57.48,314.95,85,101.1,0.07,4.541
2029-03-04,14.15,6.87,80.41,316.12,83.5,101.1,0.07,5.778
2029-03-05,14.51,10.51,121.76,313.32,82.1,101.7,0,6.391
2029-03-06,10.67,5.29,97.01,294.47,73.8,102.6,0.55,2.319
2029-03-07,9.9,4.78,63.85,313.21,80.5,102.4,1.69,1.275
2029-03-08,10.02,6.75,110.99,295.69,69.5,102.1,0.1,4.346
2029-03-09,8.98,4.98,60.54,306.26,75.6,102.3,0.37,1.339
2029-03-10,7.73,3.94,35.99,315.87,89.2,100.5,5.99,1.457
2029-03-11,9.29,4.6,124.5,284.13,68.3,99.7,3.17,7.049
2029-03-12,8.3,2.86,102.59,278.3,72.3,99.9,0.26,4.06
2029-03-13,8.27,3.11,100.65,291.89,81,99.8,1.13,1.941
2029-03-14,7.83,1.29,104.43,274.42,84,100.1,3.72,2.099
2029-03-15,7.13,1.62,92.01,286.44,77.4,101.1,0.14,0.987
2029-03-16,5.3,1.54,97.99,285.12,71.4,102.2,1.48,0.326
2029-03-17,6.2,1.37,74.09,299.51,91.5,101.1,3.55,0.46
2029-03-18,8.32,2.49,107.21,290.71,81,101.3,1.18,2.337
2029-03-19,10.02,4.05,121.7,290,82.2,101.8,1.54,2.872
2029-03-20,9.66,4.97,104.68,303.16,74.4,101.8,0.09,1.291
2029-03-21,10.37,5.73,74.79,325.37,92.7,101.2,7.91,1.548
2029-03-22,8.78,4.22,70.33,315.28,87.9,101.6,1.36,2.282
2029-03-23,5.34,0.9,98.24,278.82,75.9,102.2,0.24,2.627
2029-03-24,5.62,0.45,88.53,280.35,72.6,101.9,0.34,2.427
2029-03-25,2.79,-1.52,89.88,262.97,70.5,101.8,0.48,3.124
2029-03-26,2.51,-1.31,93.06,285.44,78,101.6,3.1,3.595
2029-03-27,2.86,-0.39,85.85,289.65,73,101.3,0.54,4.57
2029-03-28,8.78,-0.35,170.52,262.66,64.9,101.1,0.05,3.476
2029-03-29,8.77,-0.7,136.9,291.19,78,101.4,0.23,0.769
2029-03-30,8.11,3.13,145.29,290.39,76.4,101.6,0.28,0.576
2029-03-31,8.18,2.03,116.31,290.67,71,101.4,0.26,0.877
2029-04-01,8.06,2.02,127.31,282.71,69.9,101.6,0.09,0.976
2029-04-02,6.18,-0.9,126.26,258.29,71.3,101.8,0.03,0.87
2029-04-03,7.75,-1.12,128.16,265.76,75.2,101.9,0.36,1.213
2029-04-04,8.92,2.07,133.49,295.29,77.1,101.3,1.73,3.387
2029-04-05,5.6,0.75,94.92,282.07,69,101.3,1.35,3.009
2029-04-06,6.39,-0.75,75.94,282.38,79.5,100.9,5.22,1.284
2029-04-07,9.92,5.29,129.39,308.73,79.3,99.1,1.62,5.039
2029-04-08,8.44,1.97,190.03,251.88,57.5,99.6,0,2.903
2029-04-09,8.28,1.5,148.66,260.59,63.6,99.6,0,2.009
2029-04-10,10.09,0.86,206.49,245.55,64.7,100.1,0.03,3.464
2029-04-11,5.5,0.74,76.39,287.23,76.3,99.6,0.86,2.329
2029-04-12,2.53,0.99,26.49,303.32,94,99.1,24.49,2.207
2029-04-13,5.6,1.01,74.41,303.69,79.3,99.3,11.09,4.745
2029-04-14,9.04,4.35,143.62,299.44,67.2,100.7,0.62,5.657
2029-04-15,10.09,5.64,170.44,284.11,73.7,100.3,1.53,5.305
2029-04-16,9.34,3.21,98.49,296.96,84,99.5,3.56,1.054
2029-04-17,9.87,3.51,163.25,298.92,73.8,100.4,6.38,1.319
2029-04-18,5.96,-0.36,115.08,276.26,74.9,101.1,1.88,1.164
2029-04-19,8.88,-1.17,152.61,276.17,72.4,101.4,0.63,3.286
2029-04-20,10.29,5.75,149.54,304.22,77.2,101,1.31,3.428
2029-04-21,12.97,7.76,111.46,327.77,85.8,99.9,3.22,5.484
2029-04-22,9.45,4.78,147.19,286.58,76,99.1,1.87,4.762
2029-04-23,5.76,2.16,58.53,300.42,90.3,99.3,16.91,1.026
2029-04-24,9.85,3.11,175.64,283.23,61.3,100.5,0,2.078
2029-04-25,9.54,3.74,155.58,297.17,71.4,101.2,0.82,1.668
2029-04-26,9.66,2.97,191.48,276.48,65.1,101.1,0.04,0.803
2029-04-27,11.88,4.11,130.55,303.9,79.2,100.1,3.18,1.16
2029-04-28,9.78,4.98,128.8,307.96,81.9,99.3,6.6,4.182
2029-04-29,12.84,4.84,270.11,264.69,63.8,100.3,0.19,4.988
2029-04-30,16.04,4.71,149.36,311,83.1,100,3.63,1.65
2029-05-01,15.89,7.96,238.63,285.35,69.9,100.2,0.22,2.042
2029-05-02,16.92,7.7,264.21,285.04,70.4,100.8,0,1.047
2029-05-03,14.57,8.23,141.18,314.95,83.2,100.4,13.23,1.429
2029-05-04,14.33,7.68,211.9,288.26,72,101,1.11,3.92
2029-05-05,17.73,8.65,190.12,329.53,79.8,101,1.68,2.484
2029-05-06,17.48,10.66,256.8,307.04,71.9,100.8,0.57,6.29
2029-05-07,17.89,10.09,175.6,324.2,75.7,101.8,0.04,1.7
2029-05-08,21.06,11.27,180.6,329.94,75.1,100.7,0.11,2.423
2029-05-09,15.46,10.35,183.74,321.16,73.2,100.2,1.08,5.362
2029-05-10,15.07,7.23,187.81,296.95,67.5,101.8,0.04,2.661
2029-05-11,17.89,5.02,285.32,278.7,66.9,101.5,0.06,1.214
2029-05-12,18.41,6.36,215.87,310.85,74.5,100.4,0.99,2.346
2029-05-13,11.71,5.35,197.31,272.17,63.3,100.8,0.14,3.452
2029-05-14,12.37,5.2,167.3,298.59,62,101.1,0.09,2.119
2029-05-15,13.99,6.6,126.95,325.25,82.1,99.8,7.96,1.641
2029-05-16,14.84,8.95,225.31,303.78,79.1,100.5,1.1,3.26
2029-05-17,17.16,4.84,209.41,303.21,77.5,101.7,0.08,0.302
2029-05-18,17.66,8.98,157.96,327.83,77.2,101.8,0,2.387
2029-05-19,17.71,9.57,169.63,325.33,81.9,101.6,2.59,2.508
2029-05-20,16.69,8.2,176.21,314.53,80.9,101.8,0.87,1.124
2029-05-21,16.34,8.26,221.98,308.68,71.6,102.1,0.14,1.015
2029-05-22,17.87,6.86,261.08,296.66,73.9,102.5,0.05,0.481
2029-05-23,20.58,9.21,299.26,293.95,66.7,102.5,0,0.505
2029-05-24,21.1,7.79,285.63,298.09,74,102.4,0,0.532
2029-05-25,22.31,9.15,291.66,301.82,73.6,102.2,0,0.877
2029-05-26,17.55,9.48,282.66,288.72,70.2,101.9,0.04,0.898
2029-05-27,16.09,7.73,217.35,298.65,71.9,101.2,0.03,1.459
2029-05-28,13.04,6.9,226.24,290.17,62.1,100.8,0.69,2.142
2029-05-29,12.76,5.74,201.35,291.91,63.5,100.9,0.34,1.664
2029-05-30,13.39,5.9,228.46,283.84,61.7,101.2,0.09,1.305
2029-05-31,14.46,4.72,243.9,277.91,62.8,101.3,0.09,0.801
2029-06-01,15.52,3.54,259.43,271.94,63.8,101.4,0.1,0.311
2029-06-02,16.91,4.79,254.49,282.01,65,101.5,0.06,0.081
2029-06-03,19.84,6.47,258.98,309.06,65.1,101.6,2,1.546
2029-06-04,17.92,10.8,262.69,315.47,72.2,101.8,0.66,3.592
2029-06-05,22.14,10.84,315.68,316.58,70.4,102.4,0,1.133
2029-06-06,23.95,11.73,238.36,349.3,69.6,102.3,0.19,0.423
2029-06-07,19.93,11.23,309.9,311.16,70.3,102.3,0.01,1.739
2029-06-08,18.9,10.21,214.52,328.91,69.7,102.2,0.51,1.4
2029-06-09,16.72,9.24,276.52,292.78,61.9,102.3,0.1,2.373
2029-06-10,20.19,6.93,332.1,281.24,67,102.3,0,1.376
2029-06-11,22.26,9.1,321.57,298.56,70.3,102.4,0,0.713
2029-06-12,19.78,10.69,295.79,301.21,68.7,102.2,0.03,1.817
2029-06-13,19.13,8.48,270.97,302.11,69.6,102.3,0.03,1.35
2029-06-14,22.98,7.79,319.8,293.91,72.8,102.3,0,0.55
2029-06-15,21.82,11.26,324.61,304.06,70.9,102.2,0,0.546
2029-06-16,20.5,11.67,228.72,334.6,77.4,101.6,1.33,0.757
2029-06-17,17.34,9.47,215.96,311.22,67.8,101.5,0.55,1.994
2029-06-18,18.98,8.67,267.88,307.57,72.2,101.3,0.03,1.043
2029-06-19,17.03,9.87,189.83,323.46,67.6,101.1,0.04,1.538
2029-06-20,15.78,9.28,236.47,310.43,59.6,101.1,0.18,0.538
2029-06-21,17.61,9.39,215.05,308.8,68.8,100.7,2.32,1.596
2029-06-22,15.59,7.44,190.26,304.43,71.8,100.9,0.25,1.113
2029-06-23,17.49,6.22,219.49,304.51,70.2,101.1,1.31,2.372
2029-06-24,17.6,10.94,135.21,342.4,79.8,101,2.89,1.703
2029-06-25,17.9,10.81,222.61,307.79,74.8,101.1,1.95,2.988
2029-06-26,18.43,9.89,140.55,329.08,87,101.4,11.19,1.513
2029-06-27,21.26,12.46,156.38,357.64,81.6,101.2,4.08,3.336
2029-06-28,23.48,14.89,270.03,352.16,76.1,101.1,0.66,3.846
2029-06-29,22.27,14.69,225.89,351.25,75.6,100.7,1.93,3.626
2029-06-30,20.86,14.06,310.51,314.58,66.1,100.2,0.76,4.852
2029-07-01,19.41,13.94,190.7,345.91,82.2,100.1,5.26,1.581
2029-07-02,17.69,11.54,178.04,338.86,76.9,99.8,7,2.181
2029-07-03,17.83,9.36,224.47,300.52,66.8,100.5,0.35,3.172
2029-07-04,15.92,9.8,163.41,317.29,81,101,3.26,1.293
2029-07-05,18.19,8.17,221.84,304.62,72.6,101.5,0.43,1.184
2029-07-06,20.4,8.08,302.18,295.55,66.1,101.9,0,0.255
2029-07-07,22.02,12.78,228.99,337.53,63.1,101.6,0.44,1.064
2029-07-08,19.9,13.73,198.83,338.92,62.4,101.7,0.03,2.768
2029-07-09,21.19,12.96,220.43,343.98,65.3,101.6,0.1,3.562
2029-07-10,16.44,12.56,85.63,361.81,88.3,101.2,14.7,3.001
2029-07-11,18.94,13.8,114.71,366.28,86.8,100.9,5.44,1.946
2029-07-12,21.41,12.15,273.71,320.08,70,101,0.04,1.278
2029-07-13,23.41,10.25,304.62,308.21,71.7,101,0.24,0.825
2029-07-14,21.63,14.76,231.08,344.01,83.3,100.2,6.47,1.369
2029-07-15,20.52,14.73,183.82,350.04,79.3,99.9,5.01,3.213
2029-07-16,18.61,14.05,214.09,348.9,85,99.8,10.5,2.938
2029-07-17,20.84,12,246.92,325.26,78.9,101,0.97,1.445
2029-07-18,23.51,14.21,213.18,353.28,75.5,101.3,0.59,2.987
2029-07-19,23.26,15.41,228.56,353.23,80,100.8,2.81,3.186
2029-07-20,22.76,14.55,264.45,330.22,70.8,100.7,0,3.033
2029-07-21,23.87,16.48,178.84,367.98,77.2,100.7,0.17,3.855
2029-07-22,23.57,16.41,244.74,354.75,74.8,100.6,0.86,4.69
2029-07-23,21.32,13.63,164.88,341.46,77.8,100.9,4.33,1.301
2029-07-24,20.8,12.74,273.88,309.24,70.5,101.2,0.02,3.418
2029-07-25,20.45,13.03,207.42,322.65,73.4,101.2,0.15,1.938
2029-07-26,23.79,14.12,242.9,346.17,69.8,100.3,0.95,1.336
2029-07-27,21.86,15.63,271.55,330.5,74.6,100,1.91,3.436
2029-07-28,20.48,13.4,238.93,319.34,70.6,100.3,0.08,3.265
2029-07-29,18.04,11.12,185.28,309.37,72,100.9,0.36,1.785
2029-07-30,18.88,9.29,212.91,303.85,71.1,101.2,0.21,0.703
2029-07-31,20.1,9.29,231.07,304.84,70.9,101.1,0.12,0.296
2029-08-01,21.32,9.29,249.14,305.6,70.7,101.1,0.04,0.46
2029-08-02,21.62,12.02,144.56,328.14,82.5,100.6,16.1,0.473
2029-08-03,23.11,13.58,245.3,328.88,71.7,100.9,0.05,2.256
2029-08-04,23.75,13.81,169.08,356.69,73.1,101.1,2.18,0.718
2029-08-05,22.55,15.78,248.39,331.62,76.7,101.1,0.11,3.8
2029-08-06,24.85,14.75,264.15,330.38,72.7,101.5,0.03,2.402
2029-08-07,24.55,17.24,238.04,357.93,80.3,101.3,0.95,3.244
2029-08-08,24.57,17.44,218.22,358.38,78.2,101.4,0.27,0.363
2029-08-09,25.4,14.98,259.3,330.53,72.6,101.4,0.01,1.529
2029-08-10,22.33,13.25,287.13,303.45,67.7,102,0,1.397
2029-08-11,23.59,10.71,258.54,306.75,73.1,102.2,0,0.24
2029-08-12,24.97,12.27,282.27,312.98,70.6,102.2,0,0.618
2029-08-13,26.46,15.41,246.11,339.66,72,102.1,0,0.829
2029-08-14,23.49,15.22,181.85,340.13,68.7,102,0.04,2.073
2029-08-15,23.74,13.76,179.1,346.03,70.6,101.8,0.15,1.637
2029-08-16,22.57,14.37,224.04,326.03,73.8,101.6,0.03,0.609
2029-08-17,23.22,12.3,238.36,321.48,74.4,101.1,0.58,0.901
2029-08-18,22.71,13.62,202.05,333.1,74.7,101.1,2.38,3.044
2029-08-19,24.68,15.2,222.67,345.43,67.3,101.4,0.05,2.977
2029-08-20,25,14.67,222.43,341.86,68.9,101.3,0.46,2.881
2029-08-21,23.61,13.93,234.29,321.78,66.6,100.7,0.03,2.438
2029-08-22,24.73,11.52,227.74,318.35,71,100.8,0.11,1.416
2029-08-23,20.93,13.73,96.83,354.99,87.8,100.5,2.53,1.262
2029-08-24,18.31,14.66,84.33,356.52,91.3,100.4,6.66,0.735
2029-08-25,23.27,15.31,176.06,353.68,74.9,101,0.56,2.333
2029-08-26,23.83,13.91,153.02,354.15,84.5,101.4,9.1,1.312
2029-08-27,23.35,16.96,159.25,369.99,86.1,101.3,3.16,1.332
2029-08-28,21.58,15.88,96.33,367.17,85.8,100.7,4.7,1.078
2029-08-29,21.73,13.91,221.03,313.26,72.8,100.6,0.12,3.465
2029-08-30,22.12,14.11,206.9,332.54,72.8,100.1,0.56,1.695
2029-08-31,21.59,15.49,202.12,337.03,71.6,99.9,0.74,2.826
2029-09-01,21.06,16.86,197.3,340.31,70.4,99.7,0.92,5.394
2029-09-02,22.4,15.33,170.89,339.44,75.5,99.6,7.5,3.703
2029-09-03,19.99,14.62,177.17,323.77,63,99.7,0.02,5.925
2029-09-04,16.85,11.78,103.92,327.96,78.2,99.6,2.48,2.269
2029-09-05,17.57,11.19,186.94,296.88,73,100.1,0.56,5.055
2029-09-06,18.21,11.02,186.33,297.99,65.8,100.4,0.02,4.515
2029-09-07,15.34,11.53,97.98,327.7,82.9,100.1,4.2,1.501
2029-09-08,17.78,10.76,163.68,315.22,75,100.8,1.25,3.774
2029-09-09,18.5,12.22,134.35,340.71,77.5,100.4,3.05,1.966
2029-09-10,19.59,12.3,167.15,330.39,76.9,99.8,16.45,5.304
2029-09-11,17.65,12.13,181.52,298.86,67.7,100.7,0.08,6.038
2029-09-12,17.37,10.98,167.24,297.07,72,101.5,0.33,4.603
2029-09-13,17.01,10.24,133.38,315.51,70.1,101.9,1.56,3.097
2029-09-14,20.78,11.9,103.34,363.33,87.5,101.1,3.24,2.179
2029-09-15,20.97,14.45,99.53,355.12,87.9,100.8,1.3,2.542
2029-09-16,18.81,11.84,168.54,304.78,77.4,101.3,0,2.612
2029-09-17,20.15,10.03,181.9,309.83,74.2,101.8,0.03,0.978
2029-09-18,19.03,12.73,143.63,325.04,76.8,101.5,0,3.692
2029-09-19,18.65,12.51,181.13,312.8,73.3,101.5,0,3.98
2029-09-20,21.43,12.79,138.55,348.61,80,101.5,0.02,2.945
2029-09-21,21.45,13.66,148.16,348.49,79.4,101.1,0.69,3.945
2029-09-22,20.02,12.71,114.9,346.24,80.2,101.4,0.29,1.026
2029-09-23,22.44,14.15,147.92,347.18,82.7,101.3,0.03,2.099
2029-09-24,23.82,16,121.64,351.11,80.7,100.5,6.76,1.433
2029-09-25,17.48,12.3,138.8,310.27,75.7,100.1,2.46,4.664
2029-09-26,16.91,9.22,161.86,283.07,70.8,101.4,0,2.886
2029-09-27,16.44,7.38,96.31,309.67,80.4,101.8,0.09,0.77
2029-09-28,19.25,10.35,117.45,329.84,81.2,101.2,0,2.411
2029-09-29,21.98,15.57,125.99,358.4,84.7,101.6,0.24,2.198
2029-09-30,20.06,10.58,121.39,318.74,79.3,101.9,0.32,1.946
2029-10-01,20.29,9.68,154.77,311.92,71.9,102.2,0,1.977
2029-10-02,20.25,15.77,102.31,363.87,83.6,102,0.14,3.298
2029-10-03,18.29,14.46,77.18,356.67,83.5,102.3,0.1,0.55
2029-10-04,19.79,14,132.11,337.16,78.7,101.9,0.23,1.048
2029-10-05,21.32,12.31,93.56,335.64,74.4,101.1,0.03,0.668
2029-10-06,22.5,12.84,132.7,318.38,71.4,100.8,0,1.963
2029-10-07,18.17,9.85,92.65,314.67,75.6,101.7,0.08,2.622
2029-10-08,15.53,8.11,146.7,263.67,61.7,102.1,0,3.185
2029-10-09,14.92,6.84,112.4,275.24,69,102.5,0.03,2.849
2029-10-10,14.71,6.4,141.8,258,72.4,102.2,0,2.234
2029-10-11,13.82,4.48,122.96,262.86,74.6,101.8,0,1.747
2029-10-12,11.96,5.79,107.74,276.06,76.8,101.3,0,1.922
2029-10-13,13.36,5.02,92.13,306.94,81.4,101.2,0.09,0.803
2029-10-14,14.26,9.72,71.32,332.39,87.4,101.4,0.35,0.476
2029-10-15,14.62,9.41,42.14,337.6,85.4,100.9,1.31,1.068
2029-10-16,14.06,9.17,89.06,290.91,83.9,100.3,0.55,3.392
2029-10-17,13.28,9.26,62.13,304.56,86.3,99.8,1.07,2.368
2029-10-18,13.36,7.64,61.7,301.15,80.7,100.4,0.38,3.502
2029-10-19,10.84,6.39,96.63,287.25,71.4,100.3,0.57,1.861
2029-10-20,12.5,4.25,104.36,272.03,80.8,100.8,0,0.231
2029-10-21,13.69,2.76,95.42,285.18,79.1,100.9,0,0.644
2029-10-22,13.36,5.69,76.65,311.64,88.8,100.7,1.41,1.33
2029-10-23,14.08,10.4,45.83,349.61,94.3,100.5,1.2,1.655
2029-10-24,13.9,9.01,25.32,333.19,90.1,99.7,6.33,0.609
2029-10-25,16.24,6.51,40.71,318.71,84.5,99.8,1.37,3.186
2029-10-26,13.7,9.66,91.59,280.85,64.2,99.9,0.15,8.301
2029-10-27,13.13,10.07,60.57,308.14,71.7,100.9,4.94,5.002
2029-10-28,17.28,12.25,45.96,343.55,83.5,99.8,0.58,6.684
2029-10-29,17.97,14.48,21.31,370.93,87.8,100,4.96,2.868
2029-10-30,16.14,12.09,79.81,311.16,84.4,101.2,0,0.822
2029-10-31,17.52,12.64,77.22,318.45,83.6,101.1,0.09,1.212
2029-11-01,18.9,13.18,74.64,325.38,82.8,101,0.16,2.727
2029-11-02,18.28,12.94,77.61,317.11,87.4,100.4,0,2.081
2029-11-03,18.11,13.77,65.31,330.98,89,100.2,0,1.48
2029-11-04,18.34,13.63,59.54,336.86,84.7,99.7,0.02,2.522
2029-11-05,16.12,9.53,53.15,308.46,82.3,99.5,3.49,1.18
2029-11-06,14.53,9.06,41.27,314.55,89.5,100,3.06,1.73
2029-11-07,16.01,8.88,42.84,322.59,85.1,99.6,7.44,1.86
2029-11-08,13.06,7.44,73.33,274.55,78.2,101.6,0,2.829
2029-11-09,13.6,8.3,43.18,317.48,84.4,101.3,2.33,1.774
2029-11-10,14.22,9.94,72.4,309.85,87.9,100.7,0.86,1.12
2029-11-11,13.68,6.15,65.15,278.35,77.1,100.4,2.33,3.559
2029-11-12,14.13,5.96,14.02,317.79,85.8,101,2.2,1.695
2029-11-13,16.58,7.39,10.91,338.72,90.8,100.1,20.56,2.25
2029-11-14,10,6.05,50.18,285.29,75.8,101.3,0.8,3.963
2029-11-15,11.53,7.14,53.97,301.13,77.6,101.9,0.04,2.675
2029-11-16,11.88,5.66,44.19,288.54,86.1,101.3,0.62,2.737
2029-11-17,13.19,5.3,24.24,313.26,84.7,100.4,5.28,1.74
2029-11-18,12.25,5.32,37.99,281.73,70.8,98.8,0.63,7.419
2029-11-19,8.53,4.8,49.05,268.71,69.9,99.4,0.26,5.738
2029-11-20,7.02,3.12,36.28,270.25,77.6,99,0.42,4.366
2029-11-21,8.2,2.81,17.65,280.8,84.2,98.5,3.83,2.911
2029-11-22,7.29,1.49,32.02,278.96,88.6,99.2,1.11,1.3
2029-11-23,7.01,1.65,43.95,275.72,88.3,100.1,0,1.643
2029-11-24,8.53,3.45,30.52,300.21,82.4,100.5,0.21,2.875
2029-11-25,6.25,2.65,31.44,290.78,92.3,101,0.04,1.878
2029-11-26,6.92,3.47,34.92,300.11,80.4,100.9,0.16,4.114
2029-11-27,6.65,3.51,23.87,288.8,83.1,100.3,0.24,2.931
2029-11-28,5.22,3.39,14.72,307.08,93.1,99.7,4.77,1.721
2029-11-29,4.47,1.76,22.44,290.24,93.6,99.4,2.44,0.62
2029-11-30,7.19,2.65,30.05,293.57,86,100.2,0.14,1.53
2029-12-01,6.64,2.71,17.4,299.34,94.3,99.5,1.24,0.376
2029-12-02,6.34,-2,44.05,245.96,89.3,99.7,0,0.928
2029-12-03,4.79,-3.47,43.12,261.14,91.6,100.1,0.05,1.063
2029-12-04,7.63,4.59,4.6,329.04,89.4,99.2,31.91,4.639
2029-12-05,13.5,6.96,19.01,334.63,87.9,98,15.26,1.425
2029-12-06,7.24,4.08,26.23,300.11,78.2,100.5,1.95,0.644
2029-12-07,10.33,4.46,30.92,299.73,80.9,100.5,4.44,2.614
2029-12-08,10.7,3.41,23.29,286.83,90.5,100.6,3.22,2.344
2029-12-09,11.05,3.56,8.25,316.5,93,98.5,15.32,0.811
2029-12-10,9.21,6.27,32.21,282.67,73.6,99,0.09,6.752
2029-12-11,9.23,4.56,33.58,280.5,80.6,100.5,0,4.926
2029-12-12,11.04,3.06,18.58,315.29,90.5,101.4,4.65,0.921
2029-12-13,13.77,10.92,29.33,318.93,87.3,101.1,0.33,5.051
2029-12-14,13.8,5.32,36.69,287.23,89.1,102,0.12,1.383
2029-12-15,12.84,6.92,24.6,328.91,92.2,101.3,0.15,1.266
2029-12-16,15.27,11.63,17.9,350.6,87.9,100.9,0.46,2.483
2029-12-17,15.72,14.33,9.87,368.08,88,100.6,4.38,3.193
2029-12-18,14.53,8.57,5.96,330.6,92.8,101.1,17.25,2.36
2029-12-19,9.42,5.9,32.62,270.66,89.9,102.7,0,1.879
2029-12-20,11.47,7.49,13.38,330.45,85.6,102.2,0.14,1.329
2029-12-21,13.79,10.94,29.32,315.16,85.5,101.6,0.22,5.095
2029-12-22,13.59,9.94,19.72,340.47,87.8,102,2.1,4.449
2029-12-23,13.15,9.9,17.78,332.76,88.3,101.8,0.05,4.551
2029-12-24,14,9.5,16.46,337.7,89.1,100.8,7.24,3.809
2029-12-25,10.59,5.99,14.41,311.61,74.4,100.1,2.31,7.111
2029-12-26,6.46,0.72,21.43,270.16,90.4,100.9,1.25,1.383
2029-12-27,8.08,1.91,29.76,296.31,85.2,101.4,0.75,0.942
2029-12-28,12.07,5.32,11.54,308.79,87.9,100,2.38,3.077
2029-12-29,7.2,4.33,28.77,266.97,79.3,99.5,0,2.996
2029-12-30,6.4,2.79,29.38,282.7,73.7,97.9,2.76,5.052
2029-12-31,6.88,2.48,30.61,269.76,75.5,98.2,1.41,4.598
2030-01-01,7.37,2.17,31.86,256.6,77.4,98.6,0.05,4.152
2030-01-02,7.76,3.64,18.16,281.52,86.8,98.9,2.7,3.316
2030-01-03,8.61,3.66,26.23,283.9,85.6,99.7,1.83,3.166
2030-01-04,11.47,2.94,16.97,294.99,84.7,100.2,7.46,1.138
2030-01-05,10.45,5.31,18.65,298.01,85.1,99.3,1.5,2.11
2030-01-06,8.15,4.42,37.59,269.2,75.6,99.6,0.51,2.636
2030-01-07,9.6,6.13,14.8,326.31,91.2,97.7,10.14,1.959
2030-01-08,7.81,5.91,17.81,321.2,89.3,99.9,3.14,3.992
2030-01-09,7.46,4.44,30.18,295.62,86.4,102,0.07,0.494
2030-01-10,9.96,1.35,31.29,294.52,90.1,102.7,1.11,1.191
2030-01-11,9.55,4.45,25.57,314.03,93.2,102.8,0.2,1.036
2030-01-12,9.16,5.54,14.69,324.42,92.6,102.4,13.72,1.282
2030-01-13,8.58,3.91,41.56,287.78,83.5,102.5,3.32,4.725
2030-01-14,11.76,8.59,19.64,335.71,88.2,101.7,2.93,6.426
2030-01-15,12.87,8.4,38.34,314.65,84,101.5,0,5.551
2030-01-16,9.31,5.97,28.83,310.55,67,101.6,1.91,4.686
2030-01-17,11.36,4.71,30.65,299.24,76.4,100.8,2.13,6.287
2030-01-18,7.51,3.61,21.85,296.75,76.1,101.6,0.4,5.975
2030-01-19,12.52,4.77,20.07,316.04,83.2,100.6,6.46,6.053
2030-01-20,6.95,5.22,37.89,284.13,75.5,99.7,0.4,6.376
2030-01-21,6.79,-0.96,31.61,265.34,70.6,100.1,1.15,2.762
2030-01-22,5.31,-0.19,58.59,233.25,72,101.1,0,2.721
2030-01-23,3.62,-2.24,38.64,255.48,75.2,101.2,0.17,2.349
2030-01-24,8.84,1.99,30.88,307.67,85.7,99.7,2.7,2.567
2030-01-25,9.92,3.72,40.76,288.99,76.1,98.9,0.73,6.162
2030-01-26,6.35,2.61,42.42,277.48,83.5,99.5,0.05,3.704
2030-01-27,11.88,2.68,30.53,314.5,89.9,98.4,11.36,1.281
2030-01-28,8.09,5.19,29.33,305.73,78.2,98.4,2.07,4.827
2030-01-29,5.51,2.99,29.97,302.88,92.1,98.6,4.65,0.709
2030-01-30,5.37,2.81,45.41,290.23,79.1,99,0.06,2.589
2030-01-31,4.08,3.08,20.06,308.29,87.2,98.7,2.38,3.418
2030-02-01,5.43,1.96,29.62,302.26,91.4,99.3,2.17,1.525
2030-02-02,7.95,3.56,34.08,317.74,96,100.4,2.41,1.395
2030-02-03,8.7,5.49,21.26,326.39,95.5,99.9,4.78,2.674
2030-02-04,9.6,5.67,66.82,294.52,91.7,99.1,2.45,1.375
2030-02-05,8.03,6.27,33.35,322.67,94.2,98.8,4.57,2.205
2030-02-06,9.22,6.8,19.44,327.91,93.6,98,6.5,2.361
2030-02-07,9.65,6.05,55.5,307.4,85,98.7,3.72,0.601
2030-02-08,10.26,6.65,30.34,328.99,94.8,98.8,8.03,0.83
2030-02-09,10.46,4.39,22.52,296.23,89.6,99.3,3.84,2.127
2030-02-10,11.4,6.27,52.46,302.05,86.3,99.8,0.27,1.681
2030-02-11,11.67,7.38,27.79,331.65,92.9,99.2,11.01,2.268
2030-02-12,10.79,5.95,80.03,274.46,89.6,99.6,0.08,0.913
2030-02-13,10.98,7.41,64.68,310.81,89.3,99.2,0.59,1.396
2030-02-14,12.52,7.18,30.12,324.41,87.9,97.8,3.9,1.608
2030-02-15,10.76,7.19,54.17,306.09,86.1,97.6,1.33,1.702
2030-02-16,11.84,7.01,70.79,310.15,88.3,98.2,4.56,1.667
2030-02-17,13.06,7.85,90.95,284.05,87.9,98.4,0.05,1.448
2030-02-18,11.15,7.52,63.3,292.27,91.2,98.5,2.57,1.234
2030-02-19,12.08,5.45,77.16,280.07,89.1,99.1,0.41,1.076
2030-02-20,10.03,2.73,85.63,282.11,92.5,99.7,0.06,0.562
2030-02-21,11.06,3.7,83.32,281.69,90.3,99.9,0.54,0.551
2030-02-22,9.88,4,52.6,300.28,90.1,98.3,6.25,3.29
2030-02-23,10.54,7.18,90.85,300.75,81.8,97.8,3.07,4.092
2030-02-24,9.27,6.19,73.3,296.98,83.8,97.2,2.67,3.948
2030-02-25,9.79,4.96,67.78,297.03,84.6,98.7,8.98,0.524
2030-02-26,8.15,3.5,28.54,313.52,91.2,97.7,12.97,1.744
2030-02-27,3.85,0.85,48,290.21,83.8,98.1,3.05,1.13
2030-02-28,4.88,0.03,49.3,284.98,81.3,98.2,13.83,3.435
2030-03-01,5.09,0.96,73.96,287.16,76.8,99.7,2.22,1.462
2030-03-02,6.81,1.15,53.76,284.12,82.9,99.3,1.84,4.275
2030-03-03,6.29,0.58,123.06,248.37,57.4,99.2,0.22,3.161
2030-03-04,6,-2.06,141.52,223.99,67.9,99.5,0,1.954
2030-03-05,5.6,-3.22,149.2,222.49,66.3,99.8,0,0.767
2030-03-06,8.62,1.9,96.91,280.17,60.5,98.9,0.68,3.13
2030-03-07,10.65,5.13,45.03,310.88,88.5,96.5,12.98,1.549
2030-03-08,9.14,3.97,80.99,290.85,73.8,97.2,0.54,3.991
2030-03-09,10.18,4.55,69.64,301.57,82.7,98.2,9.23,2.574
2030-03-10,10.4,4.57,57.96,299.41,78.2,97.7,4.21,4.058
2030-03-11,8.7,3.08,120.81,264.38,68.2,99.4,0.39,4.236
2030-03-12,10.79,5.18,28.85,316.4,83.8,98.8,13.69,1.434
2030-03-13,14.04,8.23,115.71,293.37,79.4,98.2,0.78,4.19
2030-03-14,12.58,7.03,129.33,277.78,82.6,98.6,0.66,2.021
2030-03-15,12.28,7.63,73.57,310.63,89.7,99.1,3.93,2.073
2030-03-16,12.1,8.42,99.08,304.81,88.1,99.5,5.81,1.648
2030-03-17,12.14,6.78,116.25,302,87.6,99.4,3.36,1.308
2030-03-18,10.53,5.83,58.31,318.31,93.9,99,7.49,0.163
2030-03-19,7.03,2.44,90.2,280.06,78.9,99.4,3.41,2.46
2030-03-20,7.44,2.37,63.8,297.06,86.4,99.6,4.83,0.585
2030-03-21,9.31,3.49,135.73,290.65,72.6,99.9,1.57,0.285
2030-03-22,11.96,5.43,34.6,328.53,91.3,97.9,18.65,1.689
2030-03-23,10.75,1.34,98.58,292.97,75.8,98.1,9.01,6.33
2030-03-24,8.34,1.98,119.39,272.85,74.4,100.3,0.39,3.214
2030-03-25,9.46,1.39,134.09,277.5,66.2,101,0.05,0.909
2030-03-26,10.73,4.63,82.35,309.75,73.3,100.5,1.26,2.803
2030-03-27,10.64,4.79,99.27,306.5,81.6,100.5,0.91,2.747
2030-03-28,8.38,3.72,143.4,281.14,63.3,102.4,0.12,1.923
2030-03-29,7.39,3.49,143.21,282.74,63.6,103.3,0.14,0.896
2030-03-30,7.63,2.84,140.62,283.82,68.3,103.4,0.25,0.866
2030-03-31,7.66,3.77,114.34,296.87,71.3,103,0.22,0.349
2030-04-01,8.32,4.09,103.86,299.31,69.1,102.7,0.25,1.566
2030-04-02,7.49,1.93,140.65,276.96,66.8,102.6,0.1,0.682
2030-04-03,11.48,3.24,114.93,308.49,81,101.8,0.32,3.806
2030-04-04,11.08,5.36,126.2,294.3,75.2,100.2,1.82,6.101
2030-04-05,8.66,2.71,124.48,281.11,66.5,99.2,0.73,4.754
2030-04-06,6.01,-0.41,148.82,271.19,66.9,99.8,3.25,2.842
2030-04-07,5.49,-1.04,123.47,260.75,70.7,99.5,0.19,1.187
2030-04-08,7.46,-1.59,170.25,244.15,54.1,99,0.14,1.402
2030-04-09,6.66,-0.72,135.62,262.1,69.9,99.1,2.38,2.031
2030-04-10,3.71,2.45,44.76,308.31,83.6,98.8,8.93,5.071
2030-04-11,6.74,2.8,104.21,302.22,88.2,98.7,5.67,1.916
2030-04-12,9.23,2.49,125.49,291.06,78.9,99,0.94,1.25
2030-04-13,8.43,3.13,110.63,303.58,83,99.4,4.72,1.717
2030-04-14,7.31,4.5,90.21,307.84,87.3,99.5,7.84,3.096
2030-04-15,8.96,2.34,123.28,293.19,85.5,100.3,2.09,0.961
2030-04-16,10.4,1.67,132.69,290.31,74.9,100.6,0.31,0.352
2030-04-17,10.56,3.57,144.45,283.89,71.8,101.2,0.18,1.318
2030-04-18,9.5,1.85,202.48,255.55,65.9,101.6,0.04,1.221
2030-04-19,10.34,1.65,154.34,277.33,67.3,101.4,0.07,2.264
2030-04-20,11.21,0.63,212.32,260.67,71.9,101.5,0.09,1.39
2030-04-21,13.59,5.29,148.69,317.63,82,102,0.37,0.545
2030-04-22,11.52,6.36,119.94,315.93,88.1,102,4.84,0.574
2030-04-23,12.02,5.7,135.85,306.08,79.1,101.9,0.07,0.723
2030-04-24,11.13,5.92,108.32,314.24,86.7,101.3,3.99,0.869
2030-04-25,11.72,3.26,149.78,300.82,78.2,100.4,1.23,1.033
2030-04-26,10.72,3.53,152.31,287.66,77.5,99.2,0.31,3.623
2030-04-27,7.34,2.66,105.99,285.19,85,99.1,8.92,2.214
2030-04-28,9.71,0.62,190.85,265.95,59.4,100.1,0.46,1.3
2030-04-29,11.78,3.82,168.19,296.51,71.6,100.9,4.39,0.168
2030-04-30,11.37,2.49,109.3,300.34,76.8,101.3,2.28,1.189
2030-05-01,16.27,7.34,186.78,303.41,73.1,101.2,0.45,1.697
2030-05-02,18.7,7.84,209.65,303.58,67.2,101.4,0,2.451
2030-05-03,16.68,7.02,305.5,259.93,55.9,101.4,0,4.12
2030-05-04,14.43,5.31,232.84,292.95,75.2,100.7,0.63,2.6
2030-05-05,15.71,8.13,216.03,303.71,79.5,100.1,0.69,0.445
2030-05-06,13.85,8.51,73.78,335.09,93.1,100.6,28.13,2.503
2030-05-07,16.68,10.15,215.02,324.39,83,100.5,1.65,1.979
2030-05-08,12.34,5.54,119.88,321.35,81.3,99.8,4.55,3.118
2030-05-09,10.45,4.68,163.6,302.82,69.8,99.7,0.27,0.862
2030-05-10,12.53,7,155.87,311.08,65.6,100,0.09,0.391
2030-05-11,9.81,4.2,85.09,319.06,91.1,99.4,36.87,1.727
2030-05-12,10.92,4.1,204.96,296.76,65.6,99.7,4.2,1.683
2030-05-13,10.62,3.41,173.09,276.22,59.5,100.3,0.05,1.003
2030-05-14,10.74,5.03,148.16,304.51,73.3,100.1,0.68,2.352
2030-05-15,12.74,6.29,50.52,338.13,92.4,99.9,20.57,2.291
2030-05-16,18.33,9.35,172,340.45,88.6,99.2,13.01,1.212
2030-05-17,14.9,9.55,134.3,330.04,80.4,98.7,17.78,1.619
2030-05-18,12.62,6.94,140.54,312.18,75.5,100.9,0.67,2.293
2030-05-19,13.58,7.08,176.49,307.07,71.1,101.9,0.13,0.886
2030-05-20,13.97,8.02,100.96,326.07,82,101.6,13.5,2.207
2030-05-21,13.68,8.44,201.2,313.92,76.7,100.8,1.23,4.702
2030-05-22,14.06,7.27,144.37,322.96,78.3,100.6,4.63,3.107
2030-05-23,13.88,9.56,119.92,340.87,90.2,100.1,14.47,5.097
2030-05-24,16.99,10.75,175.1,337.09,87.9,100.3,9.48,3.225
2030-05-25,16.18,9.4,185.01,326.76,82.9,100.5,2.47,0.463
2030-05-26,19.08,11.43,257.24,323.31,77.8,100.7,1.96,1.808
2030-05-27,18.91,9.09,247.05,317.06,77.5,100.8,0,1.613
2030-05-28,17.33,8.22,271.99,296.65,75.4,101.1,0.03,0.187
2030-05-29,20.27,10.48,227.62,330.58,72.8,101.2,0.12,2.723
2030-05-30,18.03,11.09,271.54,311.39,69.5,100.9,1.98,4.755
2030-05-31,17.15,10.41,235.93,312.06,68.1,101.1,1.28,4.05
2030-06-01,16.27,9.72,200.53,312.71,66.7,101.3,0.59,3.361
2030-06-02,15.92,9.89,226.38,310.5,74.2,100.8,2.58,4.247
2030-06-03,14.64,8.76,148.66,313.74,81.6,101.2,1.46,3.343
2030-06-04,18.52,13.15,158.08,347.56,82.4,100.7,1.01,4.609
2030-06-05,19.43,14.22,176.21,354.12,80.2,100.9,0.11,3.594
2030-06-06,20.87,14.66,187.56,363.48,82.2,101.2,0.49,1.892
2030-06-07,21.89,12.9,273.99,327.09,77.5,101.7,0.06,1.029
2030-06-08,24.49,10.52,340.85,305.14,74.9,102.3,0,0.767
2030-06-09,24.74,12.51,328.44,317.86,74.7,102.8,0,1.44
2030-06-10,22.87,14.15,317.26,321.62,71.3,102.8,0,2.483
2030-06-11,24.93,11.68,340.36,313.74,68.4,102.3,0,2.468
2030-06-12,24.82,12.81,339.54,320.49,69.8,101.5,0.13,2.491
2030-06-13,21.9,13.62,286.18,328.35,75.4,101.2,0.06,2.814
2030-06-14,20.14,11.82,315.47,300.12,64.4,101.5,0.01,2.125
2030-06-15,21.1,8.11,357.43,271.73,57.4,101.2,0,1.468
2030-06-16,23.07,10.14,256.12,326.99,74.7,100,1.93,1.129
2030-06-17,17.98,12.44,211.52,325.31,70,99.7,0.49,3.474
2030-06-18,18.21,11.72,221.05,317.06,74.7,99.7,1.67,3.809
2030-06-19,18.49,12.15,304.97,296.9,67.6,100.5,0.07,5.415
2030-06-20,18.46,11.48,163.22,337.61,78.3,101,0.88,3.196
2030-06-21,20.32,12.25,276.58,330.8,79.2,100.7,4.63,4.3
2030-06-22,19.54,10.57,252.13,311.17,69.3,101.3,0,1.719
2030-06-23,19.53,9.96,185.72,336.5,76.8,101.1,0.4,1.156
2030-06-24,21.26,12.26,267.85,328.64,75.1,100.9,0.59,3.137
2030-06-25,20.28,10.79,267.27,314.75,68.6,101.5,0.05,2.76
2030-06-26,20.88,13.63,277.42,328.93,69.8,101.2,0.25,3.529
2030-06-27,20.18,11.42,265.3,318.06,71.7,100.9,0,2.802
2030-06-28,20.17,9.41,248.34,316.3,74.4,101.1,0.08,0.895
2030-06-29,20.65,10.34,280.89,302.68,65.8,101.3,0,0.679
2030-06-30,17.56,12.93,137.55,342.99,76.9,101.3,0.97,0.62
2030-07-01,19.48,12.67,199.09,328.17,68.1,101.1,0.28,1.076
2030-07-02,19.24,9.4,279.83,297.16,62.4,101,0.04,1.767
2030-07-03,19.32,9.66,245.12,311.43,73.2,100.9,2.03,1.376
2030-07-04,21.27,12.3,238.6,330.1,72.1,101,0.53,1.487
2030-07-05,20.98,11.14,260.55,317.67,70.7,101.4,0.19,0.475
2030-07-06,22.08,13.49,214.63,345.4,65.2,101.3,0.19,1.203
2030-07-07,21.14,12.03,248.02,316.45,69.8,101.1,0.04,1.369
2030-07-08,22.09,11.16,303.01,306.38,70.3,101.2,0.95,0.284
2030-07-09,23.1,12.38,304.53,313.69,72,101.4,1.16,0.958
2030-07-10,23.21,11.86,306.5,311.7,73.4,101.7,0.13,1.014
2030-07-11,21.41,12.3,259.1,325.7,80.6,102,4.22,0.725
2030-07-12,22.4,13.24,275.94,329.02,77,102,0,1.767
2030-07-13,23.2,14.23,268.18,339.49,75.3,101.6,0.03,2.042
2030-07-14,21.35,14.71,136.52,354.96,85,100.7,8.95,2.484
2030-07-15,18.97,13.73,190.2,330.83,75.6,100.4,0.4,3.277
2030-07-16,18.71,11.12,283.16,305.07,68.3,100.6,0.87,2.395
2030-07-17,20.82,10.6,236.98,323.04,73.4,101.2,0.07,2.837
2030-07-18,21.4,15.66,217.95,344.68,78.2,101.2,0.18,3.663
2030-07-19,21.9,14.98,191.23,352.82,80,101.1,0.07,2.546
2030-07-20,22.58,17.08,191.84,362.49,81.5,100.7,7.7,3.833
2030-07-21,20.13,14.61,276.83,320.38,71.6,100.7,1.89,4.082
2030-07-22,20.15,12.99,136.08,345.98,84.6,101,1.88,2.443
2030-07-23,23.89,17.9,279.41,354.84,79.7,101.3,0.08,4.126
2030-07-24,23.79,14.77,188.82,354.7,78,101.6,0.93,2.553
2030-07-25,24,11.84,272.32,323.95,71.2,101.6,0,0.666
2030-07-26,23.68,16.8,277,342.09,74,100.9,0,3.551
2030-07-27,21.1,17.48,72.41,377.84,84.1,100.2,6.95,2.897
2030-07-28,23.09,17.33,167.39,379.06,89.4,100,8.93,1.362
2030-07-29,22.82,16.02,212.87,358.41,75.5,100.6,2.55,1.297
2030-07-30,21.84,14.17,276.21,316.89,64.3,101.3,0,1.275
2030-07-31,21.61,13.37,279.8,308.75,66.7,101.5,0.09,1.252
2030-08-01,21.37,12.58,283.42,300.17,69.1,101.7,0.17,1.231
2030-08-02,23.22,11.32,290.99,305.43,71.4,101.8,0,0.703
2030-08-03,25.11,13.59,259.47,330.58,73.1,101.9,0,1.252
2030-08-04,22.9,14.94,247.15,327.88,73.8,101.8,0.04,3.014
2030-08-05,19.89,13.92,146,346.29,80,101.6,2.78,1.798
2030-08-06,22.84,13.14,238.02,327.88,72,101.7,0,3.072
2030-08-07,23.46,17.23,257.64,341.94,73.2,101.3,0,5.371
2030-08-08,18.87,14.64,217.54,331.35,69.2,101.1,1.22,5.12
2030-08-09,16.99,12.42,205.68,314.25,66.1,101.3,0.04,3.407
2030-08-10,18.37,11.26,213.39,311.97,68.9,101.3,0.09,3.1
2030-08-11,18.58,13.99,121.92,353.03,82.5,101.3,1.31,2.679
2030-08-12,19.21,13.11,197.77,330.33,72.4,100.3,1.98,3.816
2030-08-13,18.73,12.11,231.49,301.4,69.9,99.7,1.25,4.991
2030-08-14,20.93,11.41,213.86,323.27,72.9,99.7,2.81,2.912
2030-08-15,21.06,15.29,255.84,328.28,76.6,100,1.95,4.906
2030-08-16,19.91,13.08,146.01,340.14,83.3,101,1.66,1.11
2030-08-17,22.08,12.64,212.14,323.68,74.3,101.6,0.12,1.684
2030-08-18,24.68,12.76,191.63,350.24,73.8,101.3,0.04,0.867
2030-08-19,28.62,14.81,251.13,343.85,67.7,100.1,0.13,1.571
2030-08-20,21.91,15.47,229.08,328.28,75.5,100.2,0.88,4.194
2030-08-21,22.46,14.07,231.74,319.1,70,100.8,0.4,2.01
2030-08-22,19.75,14.94,70.26,365.71,90.3,100.2,11.41,0.957
2030-08-23,19.48,13.17,176.15,327.66,74.6,100.1,1.39,3.214
2030-08-24,19.72,12.49,220.02,309.48,76.9,100.4,0.92,4.493
2030-08-25,21.7,13.71,192.93,346.12,82.5,99.7,3.04,4.23
2030-08-26,19.43,13.47,200.39,315.87,72.5,100.6,0.67,4.583
2030-08-27,19.8,13.23,163.21,327.16,71.9,101.4,0.15,3.951
2030-08-28,22.18,15.61,187.05,356.13,83,101.4,1.26,4.072
2030-08-29,23.4,17.23,179.34,354.02,81.9,101.3,0.41,3.569
2030-08-30,20,12.84,144.66,341.48,74.4,100.9,4.66,2.553
2030-08-31,19.44,12.4,152.45,326.2,71.3,101.1,2.34,2.631
2030-09-01,18.88,11.96,160.24,311.57,68.3,101.3,0,2.708
2030-09-02,18.96,12.23,128.99,336.17,77.9,100.7,0.22,2.199
2030-09-03,19.8,13.78,204.26,328.83,73.2,100.8,2.39,2.091
2030-09-04,21.41,15.21,149.46,349.53,82.5,100.9,0.05,3.865
2030-09-05,22.02,14.6,125.11,360.91,85.6,100.6,4.35,2.758
2030-09-06,17.22,11.17,160.47,304.59,75.5,100.5,0.17,3.845
2030-09-07,17.06,10.89,156.21,311.57,70.8,100.4,0,3.445
2030-09-08,21.94,14.58,151.98,351.65,86.4,99.5,8.43,2.317
2030-09-09,18.93,13.58,191.49,316.65,73.2,99.8,0.21,5.349
2030-09-10,17.51,11.5,142.02,304.02,76.5,100.6,0.22,1.226
2030-09-11,16.93,10.75,139.8,308.88,73.8,101.6,0.18,2.776
2030-09-12,16.94,8.39,176.48,287.93,78.7,101.8,1.09,1.715
2030-09-13,18.29,7.28,162.89,303.65,75.6,101.9,0,1.156
2030-09-14,15.21,12.35,53.55,351.89,91.8,101.1,11.47,1.424
2030-09-15,17.82,10.5,122.96,329.95,86,101.4,1.6,1.534
2030-09-16,19.06,9.59,156.54,318.55,84.3,102,0.43,1.031
2030-09-17,20.04,11.64,154.18,334.07,81,102.2,0.04,1.829
2030-09-18,19.79,14.32,130.65,349.28,88.1,102.2,1.16,1.068
2030-09-19,17.81,11.32,148.27,318.82,78.2,102.2,0.06,1.361
2030-09-20,18.58,8.43,145.92,318.75,78.8,102.1,0.06,1.017
2030-09-21,19.07,13.11,149.04,333.91,75.2,101.7,0.09,1.093
2030-09-22,18.86,11.12,149.41,316.37,72.7,101.4,0.09,1.092
2030-09-23,18.78,11.58,110.72,331.5,76,100.9,0.53,1.283
2030-09-24,17.37,14.14,36.78,349.25,91,100.6,0.66,0.933
2030-09-25,20.81,14.05,70.8,366.5,91.9,100.6,2.22,0.815
2030-09-26,20.76,13.35,159.95,308.86,80,101.7,0,1.467
2030-09-27,20.28,11.03,165.96,313.29,82.2,101.7,0,0.883
2030-09-28,22.11,14.31,134.98,350.22,82.9,101.2,3.29,0.89
2030-09-29,17.46,10.08,140.05,297.41,76.3,101.5,0.08,2.314
2030-09-30,19.68,10.1,149.17,310.17,78.1,102,0,3.109
2030-10-01,20.87,14.33,134,329.55,82.9,102.5,0,3.577
2030-10-02,18.79,14.35,101.89,350.88,86.3,102.8,0.19,1.746
2030-10-03,18.13,12.89,107.72,340.01,89,102.6,0.53,1.559
2030-10-04,16.85,10.61,84.3,341.98,86.4,102.1,1.66,1.322
2030-10-05,13.11,6.22,153.93,259.21,69.6,102.2,0,0.707
2030-10-06,15.17,5.37,103.09,300.49,76,102.2,0,2.201
2030-10-07,17.07,11.11,106.5,321.39,79.9,102.1,0.04,3.385
2030-10-08,17.09,12.48,61.19,347.53,84.1,101.6,0.99,4.909
2030-10-09,16.97,11.67,116.72,316.1,82.3,101,0.87,4.408
2030-10-10,15.11,9.46,109.99,287.73,79.7,100.9,1.81,3.988
2030-10-11,15.42,8.59,90.93,309.45,79.5,101.2,0.03,2.46
2030-10-12,17.66,11.44,77.63,335.45,87.3,99.8,4.87,3.531
2030-10-13,13.74,9.13,82.47,292.56,82.3,99.2,1.34,5.025
2030-10-14,14.49,9.27,95.19,297.55,85.8,99.7,1.11,3.111
2030-10-15,13.53,8.21,78.12,297.56,84.9,99.9,0.09,1.893
2030-10-16,13.81,8.17,84.7,296.39,87.1,100.4,1.99,2.945
2030-10-17,14.49,7.17,114.56,282.89,80.7,101.5,0,1.378
2030-10-18,16.7,8.1,98.29,312.82,86.2,101.3,0.03,2.19
2030-10-19,16.42,12.51,37.99,357.44,92.6,100.1,17.75,1.323
2030-10-20,15.52,8.99,103.93,297.59,82.4,99.9,5.26,2.925
2030-10-21,15.13,8.19,90.23,302.04,82.7,100.3,0.16,1.444
2030-10-22,13.22,9.56,57.76,326.27,91.3,100.6,2.05,1.702
2030-10-23,14.19,7.56,71.63,317.42,87.4,100.8,0.04,0.604
2030-10-24,15.67,10.46,43.24,333.02,86.7,100.6,0.03,1.971
2030-10-25,16.85,10.99,56.02,338.37,88.4,100.5,1.93,1.63
2030-10-26,19.89,16.82,49.95,374.74,87.1,100.4,0.96,3.599
2030-10-27,19.05,9.87,67.89,323.71,81.2,100.9,0.52,3.451
2030-10-28,15.17,9.31,69.97,300.16,83.4,101.2,0.13,1.851
2030-10-29,17.16,10.77,70.26,315.35,81,101,0.37,3.845
2030-10-30,16.3,10.61,75.35,303.75,83.5,101.3,0,4.499
2030-10-31,16.09,11.93,63.22,322.72,84.6,101.3,1.73,3.834
2030-11-01,15.88,13.26,51.12,342.12,85.6,101.2,3.47,3.171
2030-11-02,17.72,9.84,72.47,319.89,72.8,100.3,0.52,6.467
2030-11-03,12.01,7.75,49.59,299.55,63.7,101.4,0,4.629
2030-11-04,15.81,7.65,47.66,315.73,82.3,100.6,1.4,3.095
2030-11-05,11.47,8.49,49.17,290.97,63.9,101,0,5.023
2030-11-06,11.92,6.52,55.9,285.52,71.8,101.1,0.01,3.019
2030-11-07,10.48,5.93,57.02,302.29,76.2,99.4,8.44,5.084
2030-11-08,7.52,3.4,47.71,288.05,74.8,100.5,5.51,4.494
2030-11-09,5.43,2.04,14.22,295,88.1,99.9,12.55,1.467
2030-11-10,6.32,3.7,25.37,313.96,94.4,100.2,7.36,1.064
2030-11-11,8.56,5.15,20,326.01,93.2,100.5,10.74,2.947
2030-11-12,10.5,7.8,49.34,313.2,93.2,100.3,6.9,0.978
2030-11-13,15.59,7.35,30.14,330.93,91,100.5,3.57,2.129
2030-11-14,15.6,8.66,20.82,334.32,89.3,100.3,11.67,3.01
2030-11-15,10.85,7.32,57.8,277.1,74.2,101,0,4.348
2030-11-16,9.37,5.34,53.8,284.08,83.6,100.3,7.15,3.498
2030-11-17,9.03,3.66,55.54,276.49,70.3,101.7,0.05,3.321
2030-11-18,12.41,4.85,29.09,314.54,89.3,102.5,0.13,2.962
2030-11-19,12.2,8.22,32.81,315.82,86.9,102.3,0,3.163
2030-11-20,12.97,5.63,20.66,313.67,89.1,101.7,0.84,1.116
2030-11-21,13.15,6.43,14.64,305.82,84.5,99.6,12.86,3.487
2030-11-22,11.93,6.89,17.67,303.24,80.3,99.7,0.34,5.515
2030-11-23,13.64,10.17,40.05,320.44,83.4,99.4,0.34,2.269
2030-11-24,12.67,6.52,40.04,297.27,74.7,99.9,2.72,3.548
2030-11-25,11.6,6.52,25.21,302.91,71,100.6,1.09,2.967
2030-11-26,14.17,8.16,7.56,342.47,90.8,99.2,20.82,2.04
2030-11-27,8.49,6.15,30.45,299.64,90.7,99.5,0.14,0.947
2030-11-28,6.63,3.23,22.61,292.3,91.7,100.4,0.44,0.882
2030-11-29,6.72,-0.34,30.09,277.2,91.1,101.2,0.06,0.859
2030-11-30,8.25,4.81,21.55,312.3,93.3,100.4,0.77,1.35
2030-12-01,6.68,4.7,20.83,313.95,94,100.6,0.33,0.315
2030-12-02,8.65,3.11,27.11,304.37,91.8,100.7,0.26,1.55
2030-12-03,10.2,4.67,11.24,324.3,91.7,100.3,5.8,1.276
2030-12-04,7.89,6.04,9.64,321.98,88.8,100.8,7.09,4.504
2030-12-05,7.89,3.13,24.58,298.29,92.1,102.1,0.46,2.406
2030-12-06,6.55,3.61,22.21,309.99,88.7,102.2,0.61,2.782
2030-12-07,3.75,1.73,18.39,298.72,84.7,102,0.55,3.301
2030-12-08,6.28,2.78,17.83,312.19,91.5,102.2,0.42,2.575
2030-12-09,6.24,1.75,37.58,266.52,87.8,101.8,0,2.536
2030-12-10,3.94,0.74,26.36,264.56,86.3,101,0,1.718
2030-12-11,5.46,1.4,18.97,310.78,91.8,101.1,0.25,1.648
2030-12-12,10.18,5.49,10.06,335.58,94.5,100.4,6.85,3.149
2030-12-13,11.07,9,9.61,345.57,93.8,100.3,3.98,3.154
2030-12-14,10.67,6.63,36.96,291.33,93.1,100.5,0,0.831
2030-12-15,9.96,6.47,11.28,330.86,96.1,100.3,0.92,1.825
2030-12-16,10.49,7.08,18.12,321.39,94.8,99.7,1.81,1.3
2030-12-17,10.99,6.75,14.69,336.41,95,98.9,8.55,2.617
2030-12-18,10.76,9.26,14.43,329.15,89.6,97.1,6.91,3.759
2030-12-19,9.82,8.13,32.18,312.58,82.2,98.4,4.08,2.655
2030-12-20,9.92,6.41,31.87,310.84,90,99.2,10.38,1.093
2030-12-21,9.41,3.94,15.23,304.31,93.5,100.5,4.23,0.765
2030-12-22,13.86,9.46,19.35,330.89,85.8,100.6,1.61,2.865
2030-12-23,10.88,7.81,34.89,285.06,85.1,101.8,0,3.447
2030-12-24,9.86,6.86,19.6,300.23,92.7,102.3,1.71,1.896
2030-12-25,8.52,7.42,13.88,329.16,94.3,102.7,5.18,2.105
2030-12-26,9.67,7.44,15.05,334.65,93.2,102.7,0.25,1.682
2030-12-27,7.63,2.36,25.78,289.44,88.4,102.7,0.18,1.655
2030-12-28,4.94,0.85,22.7,274.35,92.7,102,0,0.513
2030-12-29,7.62,1.52,27.92,295.6,96.5,101.5,0.3,0.568
2030-12-30,11.9,7.38,12.33,317.02,92.3,100.7,3.18,1.543
2030-12-31,11.14,7.76,17.83,307.55,88.5,100.2,4.04,1.975
2031-01-01,10.38,8.13,23.36,300.75,84.7,99.8,4.9,3.424
2031-01-02,9.49,6.31,20.46,288.65,79.6,99.8,3.09,5.95
2031-01-03,9.52,5.3,30.67,270.23,79.6,100.4,0,6.328
2031-01-04,9.66,4.83,36.51,284.85,91.3,101.4,3.29,1.836
2031-01-05,12.75,7.25,27.86,313.38,88.8,100.8,0.26,2.856
2031-01-06,9.39,5.74,28.9,303.47,87.5,101.7,0.08,1.852
2031-01-07,11.13,6.65,21.66,329.45,91.3,101.9,0.33,0.746
2031-01-08,11.02,5.9,7.86,319.69,94.1,102,15.28,1.011
2031-01-09,7.81,4.1,29.16,285.9,83.1,102.8,0.03,2.348
2031-01-10,7.75,1.85,37.19,265.81,85.6,103.1,0,2.597
2031-01-11,12.07,6.83,26.25,317.62,83.5,102.3,0.23,5.858
2031-01-12,13.42,11.37,30.34,338.92,82.4,101.9,0.27,6.859
2031-01-13,12.42,10.25,30.21,333.91,83.7,102.5,0.07,4.934
2031-01-14,12.41,6.92,39.35,308.87,79.8,101.7,1.19,7.08
2031-01-15,7.67,4.68,22.55,308.62,73.1,102,3.73,2.499
2031-01-16,11.44,5.15,23.41,313.44,88.4,100.2,1.91,3.797
2031-01-17,8.18,-0.21,36.9,279.99,73.6,101.2,1.83,0.995
2031-01-18,0.86,-0.83,10.09,293.99,93.1,100.4,7.9,1.829
2031-01-19,0.29,-3.52,28.82,276.93,93.9,99.3,1.63,1.871
2031-01-20,0.75,-3.68,38.09,251.18,91.4,99.8,0,0.873
2031-01-21,3.38,-3.22,32.88,255.47,85.7,100.9,0,1.945
2031-01-22,1.48,-3.01,38.61,261.36,93.2,101.6,0.38,0.566
2031-01-23,0.69,-2.92,37.13,265.58,93.9,102,0.14,0.484
2031-01-24,2.51,-2.54,48.75,254.31,82.1,102.3,0.09,0.958
2031-01-25,2.23,-2.4,58.8,262.18,89.6,102.4,0.21,0.645
2031-01-26,4.29,-0.18,27.63,297.52,92.3,101.4,2.27,1.309
2031-01-27,4.22,0.99,44.55,276.83,81.8,101.2,0.27,1.237
2031-01-28,5.89,1,34.96,279.94,86.9,101.1,0.04,1.654
2031-01-29,7.06,-0.09,43.79,276.47,90.8,101.2,0.3,2.805
2031-01-30,7.5,3.11,38.17,294.97,81.1,101.3,0,3.564
2031-01-31,9.44,3.78,65.82,287.53,87.4,101.7,0.22,1.97
2031-02-01,5.01,0.17,17.79,304.37,91.7,101.8,3.81,2.047
2031-02-02,3.62,-0.16,38.81,288.9,90.6,101.2,0.37,0.592
2031-02-03,2.85,-0.38,37.48,287.73,93,100.6,0.27,0.727
2031-02-04,2.56,-2.2,54.6,256.56,78.9,99.9,0.17,1.47
2031-02-05,3.25,-2.26,54.73,265.35,77.1,99.1,0,1.542
2031-02-06,6.28,-0.17,12.67,300.35,90.3,98.1,7.04,1.811
2031-02-07,8.95,4.88,43.39,285.04,88.3,98.3,0.79,2.361
2031-02-08,10.27,2.09,27.52,312.36,92.1,98.2,27.95,1.366
2031-02-09,3.62,-0.59,58.93,267.72,76.3,99.7,2.38,1.366
2031-02-10,5.88,-1.92,77.38,233.91,72.3,100.2,0,3.958
2031-02-11,5.28,1.81,43.27,261.5,81.2,98.6,3.23,1.782
2031-02-12,4.66,1.17,87.66,267.18,76.5,99,5.17,4.608
2031-02-13,11.64,1.51,33.38,313.84,90.3,97.1,17,1.105
2031-02-14,6.81,1.72,86.24,265.28,71.6,97.5,1.63,7.132
2031-02-15,5.68,3.02,38.76,270.74,77,99.2,1.38,5.091
2031-02-16,6.92,0.16,72.51,263.87,79.3,100.4,0.04,0.989
2031-02-17,5.22,0.01,13.81,302.75,94.4,100,20.2,2.055
2031-02-18,10.05,5.15,36.96,321.59,92.6,98.8,16.27,2.796
2031-02-19,8.61,2.87,41.96,304.12,91.1,99.4,8.01,2.084
2031-02-20,8.11,1.28,29.16,313.98,94,98.9,31.46,2.683
2031-02-21,5.08,1.17,114.78,251.59,71.9,101.1,0.74,1.222
2031-02-22,4,0.62,13.15,298.21,84.8,99.7,10.29,0.711
2031-02-23,4.07,2,35.94,301.69,71.6,99.9,0.49,5.103
2031-02-24,5.33,0.46,73.05,266.05,71.2,101.8,0.04,2.833
2031-02-25,8.26,1.32,23.8,310.53,91.5,100.9,5.23,2.547
2031-02-26,8.15,3.53,92.93,281.05,72.9,100.6,0.58,3.879
2031-02-27,6.72,0.86,88.3,267.89,75.7,101.2,0.11,0.894
2031-02-28,9.74,3.84,91.5,301.79,86.7,100.6,4.29,1.382
2031-03-01,7.47,2.52,101.59,266.22,73.3,100.7,0.23,4.455
2031-03-02,11.6,2.78,92.22,298.78,87.7,101.5,0.29,1.205
2031-03-03,12.26,6.67,83.89,309.34,80.4,101.7,0,3.229
2031-03-04,14.77,9.09,113.44,305.6,83.1,101.9,0,5.676
2031-03-05,12.77,7.72,104.25,296.32,83.2,102.5,0.08,4.111
2031-03-06,17.75,7.26,148.07,274.8,68.5,102.4,0,3.889
2031-03-07,10.64,5.39,81.65,294.23,73.2,103,0.18,2.302
2031-03-08,9.08,4.67,82.2,301.27,76.1,103.8,0.24,1.057
2031-03-09,10.76,5.43,90.33,311.73,79.9,103,0.07,3.142
2031-03-10,12.46,7.42,123.28,307.37,86,102.1,0.16,3.185
2031-03-11,11.09,6.81,101.02,311.14,83.5,101.6,0.1,2.795
2031-03-12,10.86,6.68,101.91,306.33,81.6,101.3,0.3,3.988
2031-03-13,10.29,6.67,105.63,295.8,63.3,101.2,0.15,7.026
2031-03-14,10.72,5.24,118.02,292.5,68.7,102.5,0.1,1.611
2031-03-15,11.73,4.6,160.19,272.95,70.7,102.6,0,1.096
2031-03-16,13.23,4.67,153.73,279.52,67.4,101.1,0.03,1.549
2031-03-17,9.47,5.63,136.51,279.97,66.3,99.9,0.3,4.395
2031-03-18,9.53,5.43,84.25,297.57,73,99.4,0.75,2.779
2031-03-19,8.39,5,74.26,308.5,91.4,99.8,5.2,0.527
2031-03-20,10.25,2.93,116.38,287.05,83.8,101.1,0.1,0.267
2031-03-21,11.38,1.76,116.64,287.3,75,100.9,0.14,0.578
2031-03-22,10.59,6.63,99.7,308.4,81.6,99.9,2.54,1.652
2031-03-23,12.63,4.16,100.23,317.71,86.8,98.3,11.62,3.34
2031-03-24,8.37,4.2,130.91,287.53,61.7,99.6,1.07,8.816
2031-03-25,9.85,4.6,111.26,287.49,71.7,101.4,0.36,3.226
2031-03-26,15.03,4.96,103.59,319.71,88,102.1,1.4,1.75
2031-03-27,15.99,8.81,128.85,323.34,85,102.6,0.03,0.772
2031-03-28,14.91,8.2,197.31,285.16,75.6,102.8,0.04,1.627
2031-03-29,15.7,5.77,210.01,265.68,74.2,102.8,0,2.547
2031-03-30,15.23,3.84,210.26,265.05,81.5,102.5,0,0.709
2031-03-31,10.04,3.87,118.07,289.73,71.2,102.3,0.12,2.568
2031-04-01,6.91,2.67,106.92,291.1,71.8,102.3,0.19,1.097
2031-04-02,9.53,1.26,104.78,292.6,76.5,101.5,1.7,2.641
2031-04-03,7.32,0.06,147.07,255.81,65,101.7,0,1.808
2031-04-04,9.45,1.02,112.92,287.6,75.4,101.7,0.18,3.403
2031-04-05,6.98,2.03,144.77,278.38,66,101.9,0.3,1.249
2031-04-06,9.49,1.45,126.2,289.38,72.8,101.7,0.26,3.376
2031-04-07,9.07,4.41,57.48,307.07,89.6,100.8,15.58,2.113
2031-04-08,11.72,4.7,109.77,323.78,91.9,99.3,10.03,0.725
2031-04-09,7.97,3.52,114.3,305.52,77.2,100,3.02,2.516
2031-04-10,9.08,3.06,90.25,307.4,85.2,99.6,5.85,1.21
2031-04-11,8.23,4.15,107.24,297.26,82.3,98.9,3.13,4.383
2031-04-12,6.49,1.36,123.05,295.53,74.6,99.9,6.56,6.834
2031-04-13,7.21,1.12,92.32,296.07,73.6,99.7,6.23,4.017
2031-04-14,7.79,0.78,179.11,262.39,62.6,100.7,2.04,2.023
2031-04-15,7.17,-3.01,154.48,256.74,70.4,101.1,0.51,2.325
2031-04-16,8.35,1.63,114,281.4,81.1,100.7,1.98,2.8
2031-04-17,9.45,2.42,133.81,285.29,73.4,100.4,1.3,2.845
2031-04-18,13.96,4.28,153.46,317.03,83.3,99.2,10.21,0.886
2031-04-19,7.79,4.02,52.26,319.43,90.5,98.4,25.83,1.694
2031-04-20,10.41,2.77,156.84,289.69,70,99.9,0.43,2.816
2031-04-21,10.91,3.51,146.39,288.32,75.5,100.6,0.98,2.723
2031-04-22,10.58,3.41,172.92,271.15,73.3,101.4,0.71,1.795
2031-04-23,9.6,1.21,136.97,287.82,75.8,101.8,0.26,1.349
2031-04-24,11.45,4.25,151.38,293.31,72.9,101.3,0.06,3.573
2031-04-25,11.11,3.02,218.14,271.35,65.5,101.2,0.12,2.76
2031-04-26,10.53,4.39,151.99,302.29,66.9,101.6,0.51,1.607
2031-04-27,8.9,3.29,151.6,291.27,62.8,101.7,0.17,2.185
2031-04-28,8.46,1.5,128.43,284.82,74.7,100.9,12.44,3.297
2031-04-29,12.25,2.94,185.59,299.31,81.5,99.6,6.88,1.032
2031-04-30,11.8,4.03,132.67,307.58,87.6,99.9,5.97,0.82
2031-05-01,10.52,2.54,148.3,296.37,81.1,100.7,1.05,3.47
2031-05-02,13.44,1.5,221.1,282.05,72.7,101.5,0.77,0.653
2031-05-03,12.27,6.07,86.92,332.12,84.3,100.7,12.28,3.174
2031-05-04,11.37,5.4,181.72,306.91,66.9,101.3,1.3,3.836
2031-05-05,10.85,5.03,215.91,290.71,57.2,101.4,0.05,4.278
2031-05-06,11.72,4.74,222.09,291.45,63.3,101.6,0.12,1.031
2031-05-07,9.69,4.1,175.34,289.71,63.2,101.7,0.22,1.193
2031-05-08,10.37,3.01,207.36,272.1,58.4,102.1,0.06,1.506
2031-05-09,10.68,1.94,155.56,279.92,72.3,101.8,0.91,2.25
2031-05-10,11.18,3.71,230.97,278.95,65.9,102,0.35,0.537
2031-05-11,13.5,5.44,169.59,308.47,66,102.2,0.13,1.027
2031-05-12,14.81,6.54,261.78,285.5,65.5,102.1,0.11,0.801
2031-05-13,17.42,4.81,313.01,263.8,65.6,101.6,0,1.751
2031-05-14,18.46,5.22,284.51,277.73,71.6,101.9,0.03,0.24
2031-05-15,20.38,5.84,268.37,291.67,68.1,102.1,0,0.512
2031-05-16,20.96,9.23,320.71,280.37,60,101.9,0,1.037
2031-05-17,21.84,8.53,284.69,297.29,63.7,101.4,0,1.625
2031-05-18,19.84,11.25,212.25,322.17,73.9,100.5,1.38,1.286
2031-05-19,16.58,9.58,145.58,316.58,83,99.8,5.61,1.699
2031-05-20,16.04,10.07,172.31,320.83,75.1,99.5,7.95,1.404
2031-05-21,15.06,8.94,206.67,311.61,74.4,99.6,10.08,3.81
2031-05-22,17.06,8.07,221.14,308.48,71.4,100.8,0.66,3.02
2031-05-23,14.75,8.59,150.22,306.96,72.5,100.3,1.29,2.527
2031-05-24,14.65,7.56,193.52,299.59,77.9,99.9,2.91,5.065
2031-05-25,14.4,6.97,219.53,284.5,69.9,101.1,0.63,3.912
2031-05-26,14.95,5.77,164.72,316.95,72.5,101.1,4.27,1.456
2031-05-27,14.44,9.54,186.63,323.71,80.5,99.9,3.4,3.869
2031-05-28,17,8.44,219.19,314.61,81,100.7,4.65,1.172
2031-05-29,18.54,5.77,307.57,281.06,73.3,100.9,0,1.311
2031-05-30,14.57,9.69,257.04,299.03,71.5,100.9,0.11,2.251
2031-05-31,14.8,9.46,243.68,309.09,73.4,100.3,2.9,3.384
2031-06-01,15.03,9.23,230.4,319.21,75.2,99.6,5.69,4.895
2031-06-02,13.61,7.96,210.51,297.34,66.2,100.2,0.11,4.47
2031-06-03,15.69,8.73,195.48,309.02,67,100.8,0.1,1.634
2031-06-04,16.42,7.93,201.15,308.24,71.7,101.1,2.27,1.926
2031-06-05,16.23,6.65,271.66,279.58,65.8,102.1,0.25,2.613
2031-06-06,19.2,4.89,333.22,273.2,65.8,102.4,0,0.157
2031-06-07,21.74,8.63,279.81,314.5,71.3,102.1,0,2.064
2031-06-08,24.56,12.3,285.1,349.57,82.5,102,0.05,1.658
2031-06-09,27.35,17.55,277.28,376.9,81.1,102,0.04,1.289
2031-06-10,27.21,17.84,304.87,360.16,74.9,102.2,0.04,0.765
2031-06-11,26.49,16.14,329.39,338.44,70.8,102.3,0,0.586
2031-06-12,25.08,17.37,303.34,347.06,70.9,101.7,0,4.453
2031-06-13,18.42,11.59,236.01,323.34,72.3,101.5,0.05,3.541
2031-06-14,16.99,10.88,223.18,325.5,66.2,101.7,0.42,1.006
2031-06-15,15.82,10.36,211.02,320.18,76.3,100.7,5.41,0.666
2031-06-16,19.26,9.26,192.75,331.06,77,99.9,1.91,1.277
2031-06-17,19.93,13.51,202.56,335.2,77.4,99.6,0.48,1.34
2031-06-18,16.15,10.09,193.14,303.37,67.7,100.6,0.72,3.52
2031-06-19,17.37,9.91,151.72,335.45,76.5,100.6,3.69,2.818
2031-06-20,18.45,9.91,268.4,311.75,70.4,100.5,0.18,3.647
2031-06-21,18.33,10.55,92.76,357.96,87.4,99.7,14.7,1.021
2031-06-22,21.52,14.13,267.21,354.19,76.2,100.3,2.72,3.143
2031-06-23,22.87,13.66,281.54,345.03,74.5,100.1,3.95,1.918
2031-06-24,16.6,11.74,198.12,323.08,68.3,100,0.13,6.03
2031-06-25,16.7,10.8,209.66,315.09,68.9,100.1,0.05,3.873
2031-06-26,17.14,10.98,234.01,314.97,75.8,99.8,2.98,2.198
2031-06-27,16.09,9.89,199.61,310.84,78.8,100.3,2.63,3.444
2031-06-28,15.49,9.8,219.35,310.62,76.1,101,0.24,3.985
2031-06-29,18.91,10.61,218.73,334.42,78.5,100.8,0.05,3.128
2031-06-30,18.56,12.58,184.17,341.55,81.6,100.6,5.01,2.077
2031-07-01,19.5,12.59,228.9,338.16,77.8,100.8,0.9,3.698
2031-07-02,20.14,13.65,142.03,362.23,82,100.3,1.81,3.873
2031-07-03,17.7,13.14,247.38,326.63,75.4,99.7,0.73,7.196
2031-07-04,17.22,11.21,214.96,320.04,80.2,99.9,4.95,4.817
2031-07-05,16.19,9.66,232.35,307.33,73.1,100.1,1.99,4.187
2031-07-06,16.38,9.8,213.87,308.58,71.3,100.6,0.11,4.058
2031-07-07,17.88,10.16,257.71,300.97,72.7,100.9,0.35,1.914
2031-07-08,19.44,8.35,253.62,310.19,76.2,101,0.23,0.437
2031-07-09,19.91,13.82,217.1,336.22,75.7,100.5,0.23,4.101
2031-07-10,16.9,12.02,214.13,315.29,71.8,100.5,3.44,5.445
2031-07-11,18.29,10.57,301.37,295.43,64.5,101.4,0.05,4.599
2031-07-12,18.52,11.7,229.28,322.62,77.2,100.8,6.26,4.186
2031-07-13,17.89,11.57,223.64,317.74,72.7,101,0.23,4.121
2031-07-14,18.74,11.14,243.8,311.99,72.3,100.9,0.1,2.935
2031-07-15,20.53,10.48,298.99,300.87,72,101.3,0.07,1.223
2031-07-16,21.55,9.42,337.27,283.65,71.2,101.6,0,0.509
2031-07-17,23.03,10.33,263.12,311.4,73.6,101.4,0.11,0.345
2031-07-18,23.63,13.16,298.01,318.58,73.1,101.1,0.74,0.101
2031-07-19,23.93,14.24,256.24,337.91,68,100.9,2.89,2.196
2031-07-20,20.25,14.79,113.58,372.33,87.3,100.7,39.21,3.421
2031-07-21,19.77,14.13,214.55,348.11,85.4,100.4,4.15,1.202
2031-07-22,19.61,14.35,167.12,350.8,81.8,100.3,0.72,3.612
2031-07-23,20.76,12.94,201.13,328.89,76.7,100.7,0.04,3.094
2031-07-24,21.87,14.48,201.62,360.24,88,100.5,12.7,1.269
2031-07-25,21.55,14.22,238.59,335.69,77.9,101.3,0.03,0.641
2031-07-26,23.93,14.44,248.58,337.06,75.3,101.2,1.33,1.34
2031-07-27,19.93,13.66,287.55,315.48,72.7,101.3,1.04,3.382
2031-07-28,18.95,12.03,200.89,326.81,74.5,101.3,0.19,2.889
2031-07-29,23.57,16.14,250.91,354.65,78.9,101.1,0.03,3.009
2031-07-30,23.24,16.03,265.34,343.61,78.9,101.3,0,3.413
2031-07-31,22.42,15.54,241.73,343.74,77.4,101.4,0.1,2.198
2031-08-01,21.6,15.05,218.36,342.46,75.8,101.5,0.17,1.199
2031-08-02,19.97,13.03,254.59,308.95,69.4,101.6,0.09,2.54
2031-08-03,20.53,10.81,247.83,302.8,72.1,101.8,0.07,0.281
2031-08-04,22.19,12.27,251.81,312.05,65.9,101.6,0.07,0.678
2031-08-05,23.72,12.49,297.57,304.1,66.7,101.2,0,0.749
2031-08-06,25.83,13.3,265.72,334.83,68.1,101,0,1.231
2031-08-07,22.2,15.48,156.39,354.68,84.7,100.8,5.13,1.722
2031-08-08,22.63,14.23,222.61,336.29,73.4,100.7,0.06,1.856
2031-08-09,18.91,13.17,215.27,325.2,76.6,100.2,1.14,3.493
2031-08-10,17.94,12.98,157.06,331.57,85.5,100,7.07,0.34
2031-08-11,22.04,13.84,225.55,337.06,81.9,101,1.61,1.441
2031-08-12,21.78,13.71,244.23,329.57,75.4,101.4,0.04,3.225
2031-08-13,21.82,15.31,235.07,343.23,70.4,100.9,2.62,3.436
2031-08-14,21.35,15.83,239.72,344.23,82.9,99.2,5.48,4.672
2031-08-15,18.06,13.21,217.07,315.15,65.3,100,0.07,6.405
2031-08-16,20.43,12.12,171.49,342.18,78.7,101.1,1.02,1.644
2031-08-17,21.08,14.52,98.39,367.93,89.2,100.5,6.48,1.494
2031-08-18,22.15,14.27,232.21,322.47,72.6,100.1,0.12,3.654
2031-08-19,18.77,13.73,106.26,343.61,86.8,100.4,5.13,1.866
2031-08-20,22.05,13.9,150.81,366.79,85.9,100.6,0.59,0.657
2031-08-21,23.16,15.61,210.24,352.79,86.4,100.3,6.43,0.814
2031-08-22,19.67,15.19,133.97,356.45,90.3,100.4,9.34,1.147
2031-08-23,20.63,13.38,199.12,327.06,78.3,101.2,0.46,1.531
2031-08-24,22.1,11.83,233.92,312.75,74.9,101.3,0,1.916
2031-08-25,23.41,14.14,222.66,339.5,76.3,101.1,0.03,2.008
2031-08-26,21.59,14.28,200.29,331.85,77.1,101.2,0.32,1.403
2031-08-27,21.18,12.07,197.24,319.14,78.8,101.8,0.11,0.959
2031-08-28,20.41,11.61,172.78,320.5,78,101.8,0.01,0.569
2031-08-29,20.47,11.19,210.89,308.08,76.4,101.8,0.05,0.703
2031-08-30,20.84,10.82,195.99,312.13,78.5,101.9,0.08,0.783
2031-08-31,21.49,10.69,201.81,313.23,77.9,102,0.07,0.727
2031-09-01,22.15,10.55,207.6,314.97,77.4,102,0.05,0.71
2031-09-02,22.6,12.33,236.01,309.99,75.8,102.1,0,0.709
2031-09-03,23.37,14.82,182.23,347.77,84.5,102,0.26,0.513
2031-09-04,23.23,14.75,183.32,344.68,87.5,101.5,0.63,0.607
2031-09-05,23.57,14.7,181.49,347.2,84.4,101.3,0.05,0.405
2031-09-06,25.69,15.19,223.24,333.42,77,101,0,0.714
2031-09-07,26.36,15.41,212.78,327.48,72.5,100.8,0,0.774
2031-09-08,25.71,13.6,208.12,336.36,79.9,100.2,0.79,0.718
2031-09-09,22.56,15.34,172.47,336.81,80.7,99.7,3.66,1.011
2031-09-10,20.41,13.22,168.19,318.6,76.1,100.3,2.04,4.187
2031-09-11,20.54,11.93,178.51,305.39,65.3,101.3,0,1.937
2031-09-12,23.04,12.77,140.22,335.05,77,100.3,5.13,1.363
2031-09-13,17.28,12.39,113.03,318.93,80.7,100,2.41,3.662
2031-09-14,19.76,14.45,73.66,358.03,82.8,100.1,1.86,4.754
2031-09-15,18.79,12.56,127.88,320.39,69.3,99.9,0.24,5.153
2031-09-16,16.4,10.86,162.46,293.55,71.3,99.7,0.65,5.234
2031-09-17,15.25,10.5,141.86,301.9,75.8,99.6,0.8,4.69
2031-09-18,14.67,9.37,142.44,296.34,77.5,99.5,1.25,4.45
2031-09-19,15.76,10.64,117.28,312.34,73.5,100.3,0.87,4.153
2031-09-20,19.66,12.33,118.85,339.19,83.4,99.7,6.26,5.236
2031-09-21,16.08,10.89,153.93,290.27,67,100.2,0,5.367
2031-09-22,15.26,11.17,53.38,332.71,85,100.3,6.6,1.542
2031-09-23,17.86,11.75,138.39,319.5,83.3,100.1,1.66,3.88
2031-09-24,15.59,9.57,144.87,291.22,77.5,101.2,1.72,3.558
2031-09-25,17.28,8.3,143.46,299.25,74.8,102.1,0,2.745
2031-09-26,18.1,10.52,125.6,323.96,84,102.2,0.06,2.279
2031-09-27,17.99,9.99,108.68,321.2,88.1,102.3,0.21,0.735
2031-09-28,18.97,9.5,153.91,317.52,84.9,102,0.1,0.932
2031-09-29,17.6,12.25,96.09,345.33,84.3,101.3,2.18,2.332
2031-09-30,16.33,12.08,39.9,352.02,86,100.1,1.77,2.483
2031-10-01,16.63,11.29,42.49,342.77,85.1,99.2,12.37,2.459
2031-10-02,14.13,6.75,111.88,284.17,73,100.4,0.04,1.918
2031-10-03,15.08,3.64,144.53,289.44,78.1,100.7,5.6,0.974
2031-10-04,14.81,11.22,54.67,355.7,94.3,99.7,12.6,1.808
2031-10-05,13.59,8.51,43.24,327.73,86.3,100.7,5.18,1.686
2031-10-06,11.23,7.32,82.79,305.48,73.1,101.7,0.11,1.229
2031-10-07,14.24,7.67,74.21,321.59,77.1,101,0.05,3.272
2031-10-08,14.63,10.4,110.33,313.21,76.8,100.4,0.91,3.388
2031-10-09,15.77,10.35,29.98,338.7,88.5,98.4,13.36,2.367
2031-10-10,14.75,10.55,86.94,314.74,82.9,97.9,1.24,3.679
2031-10-11,19,10.03,82.75,332.09,83.8,99,2.57,2.184
2031-10-12,16.8,12.05,97.29,321.47,84.4,98.8,2.64,2.699
2031-10-13,13.52,9.15,109.86,284.89,74.4,100.5,0.04,5.103
2031-10-14,16.48,9.12,114.74,295.67,80.8,101.2,0.17,4.499
2031-10-15,15.06,12.58,42.17,338.64,86.6,101.1,1.66,4.007
2031-10-16,15.51,10.6,61.21,326.74,89.8,101,1.84,0.682
2031-10-17,15.62,10.15,15.5,350.65,93.4,99.6,20.04,2.9
2031-10-18,19.61,13.01,54.86,351.4,87.7,98.6,5.02,2.15
2031-10-19,16.79,12.06,48.64,330.2,87.9,100.2,1.6,1.602
2031-10-20,18.59,14.14,56.01,356.61,90.8,101.1,9.72,0.964
2031-10-21,19.21,12.73,61.19,339.64,91.2,101.6,0,0.593
2031-10-22,16.94,12.23,31.81,364.33,96,101.4,2.92,1.728
2031-10-23,18.91,14.34,71.43,346.42,92.2,100.5,0.93,1.012
2031-10-24,16.82,11.28,70.51,329.42,88.6,100.9,0.31,1.081
2031-10-25,12.33,7.91,71.9,302.9,81.2,101.9,0.09,0.956
2031-10-26,13.99,8.31,60.89,330.41,88.3,101.5,1.99,1.766
2031-10-27,18.67,12.67,41.54,352.03,92.1,100.1,5.52,1.565
2031-10-28,18.64,14.4,71.46,349.67,91.7,99.9,1.48,0.716
2031-10-29,16.33,10.82,63.51,322.79,86,100.7,0.1,2.181
2031-10-30,16.47,11.14,71.36,328.7,83.1,101.5,0.05,3.657
2031-10-31,17.32,12.78,59.45,342.03,84.1,101.6,0.04,4.143
2031-11-01,18.17,14.42,47.55,354.38,85.1,101.6,0,4.628
2031-11-02,17.24,14.11,66.16,344.46,88.2,101.7,0.11,1.33
2031-11-03,19.1,13.54,67.48,326.98,85.9,101.3,0,1.209
2031-11-04,16,6.47,62.73,293.61,74.6,102.1,0.33,2.422
2031-11-05,10.81,6.26,34.72,305.69,77.5,101.8,0.11,2.309
2031-11-06,10.25,7.37,58.86,284.71,79.9,101.9,0.16,3.375
2031-11-07,12.46,7.93,35.15,320.3,83.8,101.7,1.32,5.39
2031-11-08,10.22,6.12,54.62,299.41,79.7,102,0.13,1.018
2031-11-09,11.54,6.35,52.69,305.34,83.9,101.7,0.17,3.419
2031-11-10,11.82,9.68,52.67,322.51,86.4,101.8,0.85,0.877
2031-11-11,13.44,10.69,47.59,333.07,88.9,101.5,1.42,1.914
2031-11-12,11.68,7.12,65.6,268.99,78.6,102.4,0,3.254
2031-11-13,12.6,6.99,37.64,308.29,82.2,102.9,0.04,2.391
2031-11-14,13.07,7.7,52.1,291.21,84.4,102.8,0,2.11
2031-11-15,11.84,4.72,66.18,265.86,89.7,102.6,0,0.773
2031-11-16,12.28,4.12,61.62,285.57,93.6,102.3,0.04,0.766
2031-11-17,12.28,6.88,42.86,299.76,90.1,102.1,0.06,1.414
2031-11-18,13.42,8.04,45.8,314.3,89.8,102.3,0,2.714
2031-11-19,13.56,9.74,45.66,309.76,85.2,101.9,0.52,5.573
2031-11-20,12.79,8.24,22.13,325.59,89.2,102.2,4.28,2.776
2031-11-21,14.38,10.61,39.37,325.33,89.1,102.2,0.12,3.96
2031-11-22,13.04,9.27,39.88,318.1,88.8,102.2,0.05,1.958
2031-11-23,13.67,10.42,23.38,339.82,90,100.6,9.58,1.596
2031-11-24,11.49,5.9,47.39,291.39,83.5,100,8.69,2.68
2031-11-25,8.71,4.28,52.45,262.67,79.9,100.9,1.23,3.005
2031-11-26,13.19,3.21,8.42,318.09,87.2,101.2,3.56,1.407
2031-11-27,14.68,10.4,10.66,349.89,92.4,100.5,4.83,2.416
2031-11-28,12.02,10.23,29.57,340.86,94.9,101.2,1.02,1.227
2031-11-29,12.38,6.6,5.37,314.06,89.5,101,5.26,2.035
2031-11-30,13.12,7.27,40.46,287.63,87.3,101.8,0,5.006
2031-12-01,13.31,9.89,34.18,313.09,88.2,102.6,0,2.815
2031-12-02,11.99,9.93,32.44,320.55,89.9,102.1,0.05,1.291
2031-12-03,11.93,4.31,42.28,278.96,84.9,101.7,1.13,2.77
2031-12-04,8.46,3.32,45.14,252.64,73.8,102.7,0,1.545
2031-12-05,6.17,1.3,44.43,247.41,81.7,101.3,0,1.678
2031-12-06,10.04,6.29,40.31,291.33,75.6,99.9,1.32,3.167
2031-12-07,15.42,8.19,22.69,323.19,68.5,99.3,8.75,4.875
2031-12-08,8.48,4.85,40.88,263.32,71.8,101.1,2.34,5.216
2031-12-09,10.38,6.09,21.45,299.09,81.6,101.3,0.08,2.18
2031-12-10,12.12,6.49,14.34,328.08,87.3,99.8,12.76,2.046
2031-12-11,8.48,3.89,36.72,273.78,84.8,100.6,0.82,1.831
2031-12-12,11.32,6.71,29.83,304.97,84,101,0.21,3.012
2031-12-13,14.59,10.77,14.36,346.36,85.9,100.4,8.83,4.187
2031-12-14,13.72,5.84,11.17,325.53,86.4,100.1,8.34,3.547
2031-12-15,7.29,2.98,18.42,274.68,86.3,100,1.06,1.719
2031-12-16,10.1,4.31,17.9,308.78,89.4,99,5.51,1.753
2031-12-17,9.95,3.63,27.02,283.22,78.8,98.3,2.28,5.155
2031-12-18,6.25,3.37,20.06,269.84,79.4,98.9,0.65,3.998
2031-12-19,6.1,3.56,33.15,263.56,73.4,99.1,0.04,4.599
2031-12-20,10.89,4.44,27.71,297.99,82.5,98.5,5.71,3.29
2031-12-21,8.08,4.22,29.58,263.48,70.8,98.7,0,3.863
2031-12-22,6.48,3.33,23.23,270,84.4,98.8,0,3.431
2031-12-23,11.09,3.61,20.13,304.08,86.4,98.5,9.77,1.171
2031-12-24,9.68,5.02,20.97,294.15,85.9,96,1.13,3.332
2031-12-25,7.11,3.82,18.16,298.27,71.6,98.3,1.04,5.384
2031-12-26,5.42,2.52,18.75,280.21,78.9,99.8,0.4,4.43
2031-12-27,5.8,1.85,26.22,262.92,79.2,101.2,0.47,3.864
2031-12-28,11.32,1.76,9.3,316.78,87.7,101.2,5.49,1.918
2031-12-29,12.48,7.61,16.63,328.28,91,100.4,2.11,2.149
2031-12-30,14.01,4.96,22.56,285.75,68,100.1,0.05,7.086
2031-12-31,10.53,4.15,31.21,268.52,67.5,100.8,0.02,5.843
2032-01-01,7.04,3.35,39.91,251.81,67,101.5,0,4.601
2032-01-02,7.69,5.03,34.01,273.86,67.3,101.1,1.41,7.802
2032-01-03,12.68,4.5,9.55,311.99,85.6,100.2,5.15,3.814
2032-01-04,11.41,5.04,27.05,296.96,76.4,98.4,0.79,4.528
2032-01-05,6,2.98,26.82,277.31,73.6,99.5,0.46,2.385
2032-01-06,9.62,2.19,16.73,288.7,77.8,100.1,2.06,4.999
2032-01-07,5.84,3.93,24.55,289.57,69,99.3,0.67,8.13
2032-01-08,6.76,4.23,29.19,291.57,78.3,100.3,2.65,3.672
2032-01-09,11.31,5.38,23.9,314.62,74.4,98.9,2.83,10.439
2032-01-10,7.19,4.79,24.38,307.61,68.2,100.5,2.68,7.224
2032-01-11,5.38,2.82,23.37,279.85,80.3,100.7,0.35,1.747
2032-01-12,5.79,-0.63,33.84,266.46,82.4,100.7,0.12,2.272
2032-01-13,9.18,-0.51,13.73,289.67,84,99.7,4.62,2.017
2032-01-14,7.22,-1.54,40.55,252.76,83.9,98.3,3.41,3.074
2032-01-15,1.32,-3.48,24.95,243.66,93,98.3,0,0.066
2032-01-16,6.65,-1.14,34.51,293.34,92,97.7,8.23,1.976
2032-01-17,9.16,4.55,34.81,299.97,88.1,96.3,6.2,3.236
2032-01-18,7.08,0.91,49.43,255.93,81.2,98.9,0.25,3.12
2032-01-19,3.89,-0.78,9.49,283.27,94.6,99.1,2.34,0.595
2032-01-20,6.27,0.88,54.62,262.15,81.6,100.5,0,2.354
2032-01-21,5.08,-0.74,38.92,263.28,82,100.9,0,1.799
2032-01-22,5.68,3.46,31.79,291.37,74.3,100.3,0.23,3.739
2032-01-23,3.73,-1.54,10.5,286.26,94.9,100.2,10.75,0.74
2032-01-24,5.37,-0.52,31.47,282.13,88.9,101,0.14,2.526
2032-01-25,3.95,-0.08,40.29,283.1,87.2,100.9,0.52,2.21
2032-01-26,5.76,2.82,31.49,310.61,92,101.4,1.4,2.552
2032-01-27,4.81,1.26,36.72,293.33,82.1,101.8,0.16,2.099
2032-01-28,3.5,0.42,40.86,286.29,80,101.6,0.26,1.773
2032-01-29,1.71,-1.28,47.74,276.25,79,101.2,0.28,2.373
2032-01-30,2.85,-0.17,14.55,298.74,89.9,99.4,5.76,2.851
2032-01-31,5.49,2.05,47.69,284.46,85.8,99.1,0.9,4.143
2032-02-01,11.85,2.46,10.36,320.51,91.5,98.6,9.29,1.297
2032-02-02,11.95,6.7,39.91,303.39,57.4,97.9,0.16,11.793
2032-02-03,7.49,3.24,34.46,285.66,77.7,99.6,14.41,0.628
2032-02-04,9.49,4.52,44.43,304.33,79.2,98,4.69,4.149
2032-02-05,10.26,3.48,28.94,296.86,82.6,97.7,4.14,2.966
2032-02-06,8.86,5.41,50.38,286.95,69.1,97.2,1.7,5.698
2032-02-07,8.46,5.04,58.25,284.84,83.9,97.8,3.92,2.699
2032-02-08,11.43,7.14,34.85,329.94,80.2,96.1,13.52,3.536
2032-02-09,10.1,6.26,66.56,298.02,70.8,97.3,0.77,6.17
2032-02-10,7.6,4.38,31.32,293.69,79.8,99.5,0.75,3.899
2032-02-11,9.04,2.16,61.36,286.1,77.1,101.8,0.04,1.485
2032-02-12,7.03,4.56,25.71,311.73,82,101.6,2.06,1.834
2032-02-13,13.55,6.93,67.01,322.35,88.2,100.9,7.25,2.249
2032-02-14,12.29,6.85,51.87,304.43,80.8,100.5,1.73,4.936
2032-02-15,7.26,4.87,63.64,271.15,72.1,101.5,0.49,6.594
2032-02-16,9.84,5.07,21.83,298.73,84.3,100.7,1.05,4.266
2032-02-17,7.93,3.81,62.5,263.37,71.6,100.6,0.04,4.495
2032-02-18,8.7,2.31,94.46,249.45,71.5,101.3,0.03,3.799
2032-02-19,7.21,1.34,57.61,272.04,82.2,101.7,0,0.183
2032-02-20,6.39,0.53,83.08,266.3,76.8,102.2,0.09,2.054
2032-02-21,5.32,1.2,86.26,270.22,65.9,102.4,0.05,1.53
2032-02-22,5.36,0.42,30.97,281.55,75.5,101.9,0.03,1.601
2032-02-23,8.3,2.23,111.57,268.81,73.7,100.8,3.73,1.931
2032-02-24,9.77,1.75,105.91,269.92,75.9,100.6,0.43,1.652
2032-02-25,14.69,5.57,84.49,313.47,84.8,100.4,0.23,2.246
2032-02-26,14.44,8.93,83.41,314.31,86.3,100.2,0.23,1.879
2032-02-27,15.13,7.59,123.67,282.81,84.3,100.1,0,2.131
2032-02-28,11.08,6.62,64.81,295.46,87,101,3.48,1.934
2032-02-29,12.17,7.59,81.64,301.09,81.2,101.4,1.76,1.283
2032-03-01,13.27,8.57,98.36,306.59,75.3,101.9,0.03,2.333
2032-03-02,13.79,7.75,93.03,303.92,78.7,101.4,0.57,2.111
2032-03-03,10.66,6.37,99.5,296.09,76.1,100.6,4.21,2.55
2032-03-04,9.88,5.29,90.51,289.41,75.8,98.4,11.24,4.664
2032-03-05,7.94,4.05,107.94,266.99,68.8,99.3,0.26,5.056
2032-03-06,8.91,4.47,82.77,280.6,81,99.7,0.45,4.562
2032-03-07,9.34,4.17,98.47,278.04,70.5,100.8,0.12,3.408
2032-03-08,12.93,5.62,103.09,305.67,69.7,100.3,0.58,6.853
2032-03-09,12.65,6.44,57.61,323.09,79.8,100.3,10.58,6.587
2032-03-10,9.29,3.6,123.31,279.95,68.3,99.1,1.71,8.657
2032-03-11,7.8,3.04,91.38,291.92,77.6,99.2,3.85,4.934
2032-03-12,7.08,1.51,113.94,265.06,69.7,99,0.33,4.229
2032-03-13,7.81,-0.22,96.34,289.4,80,99,9.34,1.288
2032-03-14,7.59,3.17,86.49,296.48,82.2,97.8,6.71,4.631
2032-03-15,8.6,2.44,89.97,286.61,84,100.2,2.46,1.828
2032-03-16,7,1.46,126.13,269.35,66.1,101.3,0.34,1.294
2032-03-17,6.11,-0.59,109.91,273.92,67.1,101.6,0.03,3.571
2032-03-18,11.41,1.29,78.16,315.16,91.5,99.5,12.52,2.914
2032-03-19,9.92,4.62,74.33,316.74,91,98.6,3.33,2.137
2032-03-20,7.87,3.39,134.03,282.25,67.1,100.6,0.07,2.761
2032-03-21,6.78,2.3,64.28,296.42,76.6,101.3,1.81,2.694
2032-03-22,4.09,1.81,12.24,310.61,92.4,100.3,29.26,4.806
2032-03-23,8.05,3,85.22,312.66,84.7,100.7,1.4,3.295
2032-03-24,7.96,3.66,105.84,306.97,77.9,101.4,0.37,3.948
2032-03-25,7.61,4.46,70.73,317.77,90.9,100.5,13.85,1.417
2032-03-26,11.32,4.73,114.9,297.61,83.2,100.9,0.35,2.798
2032-03-27,12.64,2.45,161.15,285.49,76.1,101.6,0.7,0.759
2032-03-28,9.06,6.14,64.55,319.7,93.2,101.8,7.41,1.068
2032-03-29,10.58,4.11,146.57,290.68,75.7,102.1,0.93,1.713
2032-03-30,12.12,3.84,79.81,304.33,82.2,100.9,0.11,4.376
2032-03-31,10.26,4.92,129.55,291.13,66,99.8,1.3,8.491
2032-04-01,8.84,4.81,116.2,289.75,64.3,100,0.33,7.973
2032-04-02,7.48,2.24,139.06,267.79,58.6,101.2,0.39,3.844
2032-04-03,8.24,0.81,149.05,258.81,66.6,102.5,0.09,2.065
2032-04-04,11.24,2.72,122.56,297.3,72.4,103.1,0.09,1.953
2032-04-05,12.96,6.88,135.48,308.64,75.5,102.9,0.03,5.186
2032-04-06,13.26,6.63,117.75,317.55,69.8,102.3,0.25,6.226
2032-04-07,11.16,5.89,143.59,302.15,70.5,102.3,0.05,4.999
2032-04-08,12.97,7.55,194.97,293.52,76.1,101.2,0.02,7.019
2032-04-09,15.46,9.97,203.97,308.07,78.4,101,0,7.177
2032-04-10,13.47,8.28,122.11,322.97,76,101.5,2.24,4.248
2032-04-11,9.4,6.5,114.17,304.65,64.2,102.5,0.09,3.978
2032-04-12,10.8,4.51,132.88,295.82,68.8,103.1,0.09,1.681
2032-04-13,13.82,3.64,194.33,290.28,76.4,102.8,0.03,3.689
2032-04-14,13.75,8.57,125.43,327.65,88.2,102.3,2.99,1.942
2032-04-15,15.66,7.08,165.08,308.15,83.5,102.6,0.05,0.417
2032-04-16,16.47,5.83,188.8,302.57,84.5,102.4,0.03,0.782
2032-04-17,11.25,6.86,131.62,311,74.7,102.1,0.45,2.809
2032-04-18,9.56,3.28,132.51,289.47,61,101.8,1.15,4.621
2032-04-19,7.58,1.45,166.27,258.91,58.2,101.7,0.35,2.146
2032-04-20,9.39,2.16,173.81,268.07,60.6,101.8,0,1.383
2032-04-21,9.79,1.55,143.55,282.66,71.8,102,0.09,0.487
2032-04-22,10.23,2.13,146.83,281.1,69.1,102.3,0.11,0.964
2032-04-23,10.59,-0.39,223,256.16,66.5,102.4,0.07,1.167
2032-04-24,11.2,5.17,186.33,289.98,68.1,102.4,0.2,0.516
2032-04-25,13.85,4.19,201.25,293.48,69.2,102.1,1.01,0.813
2032-04-26,15.63,7.38,179.48,305.14,82.1,101.7,1.4,1.647
2032-04-27,13.93,6.92,222.45,289.51,66.9,101.8,0.07,0.624
2032-04-28,15.15,6.19,196.01,301.46,67.6,102,0.03,1.665
2032-04-29,14.68,6.43,188.99,301.65,68.4,102,0.09,1.964
2032-04-30,12.44,5.7,175.04,294.28,63,101.9,0.07,2.914
2032-05-01,12.67,6.74,143.02,307.95,66.2,101.9,0.1,1.878
2032-05-02,11.66,6.01,133.94,313.25,66.5,101.8,0.27,1.354
2032-05-03,10.6,4.91,152.05,295.65,66.3,101.9,0.11,0.876
2032-05-04,11.14,3.54,167,293.7,65.7,101.7,0.12,0.683
2032-05-05,12,5.91,147.38,312.39,67.6,101.5,0.27,1.03
2032-05-06,12.25,6.76,212.24,292.18,59.8,101.4,0.13,1.808
2032-05-07,15.17,4.8,181.78,284.16,77.7,100.4,6.48,1.5
2032-05-08,12.84,8.55,141.11,301.18,79.9,100.1,4.64,3.3
2032-05-09,14.79,8.35,236.04,299.88,71.3,100.1,1.34,6.266
2032-05-10,13.9,8.54,128.28,319.61,79.9,99.8,14.22,1.928
2032-05-11,11.74,7.49,125.55,321.36,88.4,99.9,11.57,3.682
2032-05-12,11.71,6.74,134.37,320.43,88.4,100.5,6.25,1.546
2032-05-13,13.07,5.81,210.52,301.06,81.9,101.6,5.62,1.084
2032-05-14,14.94,4.11,212.39,290.97,70.5,101.7,0.09,0.624
2032-05-15,12.64,8.38,130.87,323.9,76.2,100.5,0.97,1.06
2032-05-16,13.42,7.43,126.65,328.21,79.3,99.7,5.65,1.773
2032-05-17,15.55,7.25,187.21,323.91,81.1,99.3,4.44,2.204
2032-05-18,13.53,8.52,167.37,306.71,85,99.2,7.46,1.226
2032-05-19,14.09,8.55,130.28,322.94,85.1,99.6,6.24,1.478
2032-05-20,14.02,7.64,164.81,305.69,77.9,100.2,1.28,2.037
2032-05-21,12.76,9.39,118.97,322.77,81.9,100.5,2,2.949
2032-05-22,16.6,7.04,208.63,316.11,83.6,100.6,4.72,1.071
2032-05-23,18.23,11.76,115.97,350.65,84.2,100.4,8.95,2.508
2032-05-24,17.39,11.9,111.59,338.34,86.7,99.8,4.96,2.219
2032-05-25,19.07,11.86,284.86,318.97,71,100.1,1.15,1.925
2032-05-26,19.06,11.45,299.32,304.52,69.6,100.5,0.83,2.514
2032-05-27,19.63,10.42,296.21,301.97,70.9,100.7,0.67,2.612
2032-05-28,19.77,11.13,254.59,313.86,66.8,100.7,0,2.637
2032-05-29,16.53,10.22,247.75,297.79,68.5,100.4,2.52,4.346
2032-05-30,18.26,9.57,224.64,314.97,72.7,100.7,0.28,4.49
2032-05-31,19.04,11.23,201.64,335.31,77.5,100.7,2.25,4.098
2032-06-01,19.83,12.88,178.71,355.76,82.3,100.7,4.22,3.707
2032-06-02,17.64,10.89,267.22,307.03,64.9,101.1,0,4.427
2032-06-03,16.15,8.81,251.83,290.67,65.7,101.4,0.37,3.662
2032-06-04,15.38,7.83,220.21,295.73,70.4,101,1.53,2.671
2032-06-05,14.73,7.25,257.21,288.65,65.1,100.8,0.32,4.317
2032-06-06,13.09,7.78,83.73,331.25,90,100.6,10.53,0.489
2032-06-07,16.98,7.43,261.75,299.17,68.9,100.9,1.48,3.01
2032-06-08,17.59,10.59,282.23,315.88,69.8,100.1,1.68,4.849
2032-06-09,15.51,10.44,216.12,313.07,70.6,100,1.67,6.408
2032-06-10,15.33,9.32,223.14,306.05,63.3,101.5,0.07,3.536
2032-06-11,20.48,9.94,283.71,321.48,62.4,101.5,0,2.218
2032-06-12,23.85,10.01,334.66,309,64.9,101.5,0,1.579
2032-06-13,28.34,14.99,283.86,351.62,69.7,100.6,0.08,1.923
2032-06-14,20.63,11.87,322.26,308.94,65.4,100.8,0.04,3.924
2032-06-15,16.43,10.68,224.67,306.57,67.3,101.1,0.33,3.809
2032-06-16,18.91,9.73,190.39,340.27,82.8,100.4,5.77,1.435
2032-06-17,16.03,11.1,199.6,322.63,77.1,99.8,1.92,4.403
2032-06-18,17.55,10.97,240.96,316.18,76.8,100.2,1.97,4.085
2032-06-19,19.18,11.18,224.75,328.59,80.4,100.5,4.53,0.2
2032-06-20,22.21,10.33,305.02,313.18,73.9,101.3,0,1.895
2032-06-21,20.26,10.87,269.72,313.5,70.5,101.4,0.26,2.542
2032-06-22,15.73,8.62,244.44,291.27,78.5,101.3,5.21,1.997
2032-06-23,18.55,8.04,261.68,303.51,68.5,101.5,0.03,2.558
2032-06-24,19.86,11.51,224.07,341.17,80.5,101.3,1.88,1.486
2032-06-25,19.09,11.68,249.17,328.54,78.4,101.9,0.25,1.742
2032-06-26,22.58,10.03,285.03,316.35,76.5,102.2,0.04,0.495
2032-06-27,25.43,11.18,311.13,325.07,76.8,102.5,0,0.775
2032-06-28,22.48,13.88,303.2,327.5,68.1,102.8,0.03,2.619
2032-06-29,22.71,13,280.37,333.63,69.8,102.4,0.05,2.159
2032-06-30,26.35,13.37,318.14,336.25,70.4,102.1,0.03,2.221
2032-07-01,25.76,13.15,330.77,324.22,70.4,101.8,0,1.626
2032-07-02,23.97,12.42,342.77,302.26,71.3,101.4,0,2.168
2032-07-03,24.75,14.12,316.16,325.01,69.2,101.6,0.01,2.089
2032-07-04,24.11,12.55,343.09,302.81,69.5,101.9,0,1.813
2032-07-05,26.07,12.4,310.09,317.95,70.7,102.1,0,0.833
2032-07-06,27.04,13.6,323.71,325.05,62.8,102,0,0.7
2032-07-07,24.88,14.24,328.44,314.67,69.9,102.1,0,0.885
2032-07-08,26.94,11.93,323.99,312.53,70.9,102,0,0.396
2032-07-09,27.02,12.47,337.84,312.72,64,102,0,1.002
2032-07-10,23.28,15.65,287.68,333.42,76.6,101.8,0.07,1.687
2032-07-11,26.45,13.39,321.82,315.99,74.4,101.9,0,0.694
2032-07-12,28.74,14.44,304.18,335.52,70.1,101.8,0.1,0.336
2032-07-13,29.81,16.5,281.04,347.35,64.1,101.7,0,0.321
2032-07-14,31.21,16.24,327.04,334.19,51.8,101.6,0,2.235
2032-07-15,29.32,16,315.71,332.1,63.8,101.6,0,2.521
2032-07-16,31.99,16.57,329.51,337.23,56.3,101.7,0,1.576
2032-07-17,31.69,17.88,330.43,330.23,43.6,102,0,1.794
2032-07-18,33.15,15.33,334.09,323.58,49.7,102,0,2.786
2032-07-19,36.02,18.3,279.5,362.11,51.9,101.3,0.19,1.279
2032-07-20,26.29,18.88,179.75,368.64,73.1,100.9,0.04,3.469
2032-07-21,24.85,19.65,154.6,388.12,77.8,100.6,0.43,4.038
2032-07-22,25.11,18.27,256.03,353.54,71.8,100.7,0.03,3.704
2032-07-23,23.66,16.04,190.98,348.18,70.4,100.5,0.47,4.396
2032-07-24,18.55,12.75,208.86,306.35,59.7,100.6,0.37,5.452
2032-07-25,17.69,12.22,173.43,336.22,71,101.2,0.93,4.957
2032-07-26,20.87,12.92,305.37,295.38,59.6,101.5,0,2.95
2032-07-27,22.5,11.96,277.15,310.51,69.3,101.3,0.02,2.512
2032-07-28,25.28,15.51,295.48,332.68,66.9,101.1,0.19,2.525
2032-07-29,20.23,14.47,242.27,323.47,70.5,100.9,0.13,2.926
2032-07-30,21.15,11.3,309.54,289.98,57.4,101.2,0,2.422
2032-07-31,20.6,12.38,269.94,308.9,64.5,101.1,0,2.755
2032-08-01,20.06,13.46,230.67,325.17,71.6,101.1,0.02,3.257
2032-08-02,21.83,9.8,243.56,305.54,72,101.4,0.17,0.637
2032-08-03,22.53,10.31,294.94,303.42,71.5,101.6,0,2.586
2032-08-04,23.15,15.59,289.87,323.9,70.4,101.5,0.05,2.711
2032-08-05,24,14.74,224.56,342.34,75.1,101.2,0.05,1.102
2032-08-06,21.87,12.06,128.96,340.02,81.3,100.8,3.64,1.661
2032-08-07,22.35,10.49,264.97,301.08,67.5,101.2,0.12,3.335
2032-08-08,22.42,14.34,259.83,313.7,67.1,101.2,0.69,3.913
2032-08-09,19.86,12.56,245.36,297.31,62.4,101.2,0.08,3.585
2032-08-10,21.65,11.43,256.25,293.27,62.3,101.8,0.05,2.058
2032-08-11,22.81,9.16,275.56,298.9,65.9,101.8,0,1.353
2032-08-12,26.38,11.22,282.13,314.5,64.1,101.4,0,1.14
2032-08-13,26.74,12.83,273.47,316.82,63.6,101.3,0,1.178
2032-08-14,25.1,14.45,248.51,323.31,70.5,101.4,0.05,1.515
2032-08-15,25.48,12.64,253.7,313.06,66.9,101.4,0,0.886
2032-08-16,27.77,13.01,270.47,317.61,63.6,101,0,1.42
2032-08-17,21.97,14.47,104.5,348.13,83.2,100.4,4.21,2.064
2032-08-18,19.86,13.17,185.67,320.09,69,100,1.28,3.857
2032-08-19,19,13.31,134.81,336.74,66.2,100.5,1.07,5.258
2032-08-20,22.56,12.49,213.68,317.84,67.8,101.2,0,3.906
2032-08-21,23.92,14.46,166.98,342.6,73.7,101.4,0.04,2.445
2032-08-22,23.98,13.64,205.08,322.92,69.7,100.8,1.7,3.968
2032-08-23,18.8,11.81,209.5,295.29,56.4,100.6,0.06,6.658
2032-08-24,21.04,14.16,206.99,332.6,69.8,100.6,0.14,4.109
2032-08-25,24.21,13.69,173.71,341.47,77.4,100.9,0.05,3.677
2032-08-26,18.52,10.91,174.92,309.79,67.2,101.6,0.16,2.655
2032-08-27,21.74,8.8,230.65,292.96,72,101.9,0,1.424
2032-08-28,25.5,11.49,214.77,329.62,71.8,102,0,2.198
2032-08-29,25.08,15.86,156.96,358.18,79,102.4,0.22,0.632
2032-08-30,25.24,13.42,216.77,326.19,73.6,102.6,0.04,1.269
2032-08-31,24.67,12.88,212.57,320.83,72.3,102.5,0.03,1.536
2032-09-01,24.11,12.35,208.37,315.33,71,102.4,0.02,1.803
2032-09-02,24.15,11.67,204.4,316.7,77.9,102.1,0.04,1.103
2032-09-03,26.98,10.97,239.72,309.75,70.5,101.9,0,1.072
2032-09-04,27.84,12.74,216.33,318.24,67,102.1,0,1.376
2032-09-05,26.49,11.94,218.29,314.38,71.1,102.2,0,1.621
2032-09-06,27.9,14.32,209.33,334,71.1,102.1,0.05,1.708
2032-09-07,25.98,15.14,208.67,328.37,70.4,102.2,0,2.388
2032-09-08,26.59,14.8,198.85,333.85,65.1,102.2,0,2.304
2032-09-09,26.83,13.43,201.02,324.28,72.8,101.9,0,0.655
2032-09-10,23.6,12.55,193.11,320.4,77.1,102.1,0,1.145
2032-09-11,27.86,10.98,188.19,328.27,63.6,102.2,0,2.049
2032-09-12,28.23,16.33,202.2,345.42,58.8,102,0,2.583
2032-09-13,22.44,16.07,129.88,364.7,82,102,0.14,2.638
2032-09-14,23.79,15.82,171.23,343.87,78,102.1,0.36,0.463
2032-09-15,25.85,13.61,171.13,334.27,65.6,101.8,0,0.443
2032-09-16,24.34,13.66,172.51,334.49,77.1,101.2,0.05,1.844
2032-09-17,24.21,13.64,125.71,357.42,76.6,100.9,0.19,0.51
2032-09-18,23.79,14.33,91.43,359.99,83.9,100.3,3.52,0.788
2032-09-19,20.48,12.66,167.95,308.08,66.9,100.4,2.43,3.52
2032-09-20,17.78,12.04,112.77,335.21,69.8,101,3.77,2.253
2032-09-21,19.71,12.71,131.2,331.39,67.6,101.1,0.1,4.037
2032-09-22,15.74,12.16,76.33,337.61,82.2,101,4.67,2.525
2032-09-23,18.77,11.36,115.03,337.34,83.9,101.2,1.2,0.704
2032-09-24,18.41,10.55,122.44,323.65,82.5,101.5,0.04,0.723
2032-09-25,21.32,9.15,155.01,312.76,75.8,101.5,0.04,0.895
2032-09-26,16.33,13.33,33.15,357.34,90.7,101.6,11.7,1.592
2032-09-27,17.4,11.66,69.92,330.99,87.2,102,1.65,0.837
2032-09-28,17.75,9.36,129.43,302.82,83.8,102.1,0.02,0.34
2032-09-29,20.3,9.19,152.98,307.6,77,102,0,2.061
2032-09-30,21.43,12.74,144.15,324.23,85.4,102.3,0,1.017
2032-10-01,22.92,10.13,155.88,313.48,80.1,102.5,0,0.788
2032-10-02,21.18,11.99,101.18,331.1,87.9,102.4,0.04,1.533
2032-10-03,19.4,12.23,109.89,326.87,91.2,102.1,0.1,0.542
2032-10-04,19.2,11.94,92.96,344.03,90,101.4,0.52,1.677
2032-10-05,18.18,13.12,95.74,343.71,83.6,101.2,0.35,0.988
2032-10-06,15.13,12.73,35.09,351.87,90.9,100.4,8.82,1.421
2032-10-07,13.58,9.25,45.32,325.54,86.6,98.6,14.39,2.14
2032-10-08,14.18,7.49,125.49,284.53,72.5,97.9,0.07,1.176
2032-10-09,14.81,6.09,22.6,325.73,90.5,99,16.18,0.668
2032-10-10,15.29,9.99,91.24,332.09,91.5,100.2,2.68,0.356
2032-10-11,16.56,10.5,98.81,327.47,85.8,101.1,0.86,1.769
2032-10-12,19,11.42,105.59,326.01,85.4,101.8,0.06,3.639
2032-10-13,18.78,13.32,88.42,333.46,87.1,102.4,0.05,2.756
2032-10-14,17.93,12.39,90.01,328.64,86.4,102.3,0.18,2.221
2032-10-15,18.98,13.73,74.49,359.15,88.1,102.2,0.03,1.316
2032-10-16,18.12,13.51,62.13,355.83,91.6,102.6,0.43,0.714
2032-10-17,18.32,13.15,69.71,356.99,90,102.6,0.11,0.774
2032-10-18,17.63,13.5,61.81,346.4,90,102,0.26,1.089
2032-10-19,18.71,12.97,83.04,338.94,87.8,101.2,0,2.504
2032-10-20,16.45,13.73,36.32,350.33,88,100.1,3,1.503
2032-10-21,16.44,8.62,91.12,315.95,84.6,99,13.53,0.598
2032-10-22,10.37,7.13,59.79,306.11,80.6,99.6,2.04,1.415
2032-10-23,11.44,5.91,73.46,291.42,87,100.1,0.3,1.426
2032-10-24,16.37,6.57,25.22,332.71,87.3,99.8,9.52,1.71
2032-10-25,16.44,12.59,76.47,320.82,73.8,98.9,0.97,4.874
2032-10-26,14.84,10.34,91.27,285.02,65.4,99.2,0,6.825
2032-10-27,15.3,8.97,33.57,324.62,83.1,100.3,13.62,0.725
2032-10-28,18.25,15.13,62.82,354.33,84.7,99.9,10.09,2.818
2032-10-29,18.31,14.22,80.64,331.94,83.8,100.4,0.21,1.448
2032-10-30,18.82,14.66,76.66,335.09,86.3,100.4,1.35,1.521
2032-10-31,17.43,13.37,49.31,338.69,88.2,100.3,3.78,1.404
2032-11-01,16.04,12.08,22.01,343.65,90.2,100.3,6.21,1.486
2032-11-02,14.1,8.91,77.54,289.13,83.7,100.5,1.47,1.664
2032-11-03,12.2,7.58,70.17,272.64,74.9,100.7,0.36,3.793
2032-11-04,12.56,7.36,73.88,284.96,78.1,101.6,0.06,3.048
2032-11-05,11.83,7.46,64.34,302.15,78.7,101.8,0.19,1.414
2032-11-06,13.4,6.44,50.44,314.28,90.4,101.3,2.02,1.844
2032-11-07,13.39,9.84,36,333.47,96.7,101.2,0.11,0.378
2032-11-08,12.47,5.34,41.95,305.16,91.6,102,0.42,0.583
2032-11-09,10.72,3.14,55.2,280.78,91.7,102.4,0,0.495
2032-11-10,10.48,7.23,47.81,314.01,81.3,102.6,0.05,1.369
2032-11-11,9.74,6.14,34.68,312.13,89.5,102.8,1.18,0.788
2032-11-12,9.45,6.22,45.41,309.07,89.7,102.7,0.08,0.456
2032-11-13,8.57,4.58,39.38,304.79,89,102.3,1.73,0.57
2032-11-14,9.88,5.72,34.51,310.15,89.6,101.9,0.37,1.83
2032-11-15,9.52,5.09,42.99,304.37,88.9,102,0.09,0.943
2032-11-16,9.79,5.02,38.13,299.82,89.1,101.8,0.06,1.13
2032-11-17,10.46,5.01,54.31,286.41,90.2,101.4,0.03,0.999
2032-11-18,7.9,4.01,37.8,297.27,83.8,101.4,0.05,1.437
2032-11-19,7.17,1.32,33.74,287.3,85.6,101.4,0.08,0.726
2032-11-20,7.33,2.95,52.48,279.36,82.1,101.5,0.04,1.345
2032-11-21,7.49,3.97,30.85,303.16,85.8,101.3,0.07,1.163
2032-11-22,7.58,4.85,31.74,299.93,84.7,100.8,0.08,0.829
2032-11-23,10.66,5.04,48.93,281.18,88.7,100.3,0.06,1.733
2032-11-24,10.46,6.77,15.88,307.41,91.6,99.3,1.78,1.673
2032-11-25,11.48,7.85,17.05,310.68,91.8,98.6,3.96,2.772
2032-11-26,11.74,8.14,46.38,294.98,86.7,98.9,4.21,2.519
2032-11-27,11.36,8.68,21.2,320.17,84.3,98,2.08,5.101
2032-11-28,10.06,7.12,42.43,287.18,79.2,99.3,4.13,1.643
2032-11-29,10.31,8.87,26.76,327.24,93.4,97.2,3.92,2.702
2032-11-30,10.23,5.68,20.88,318.34,92.3,99,1.6,1.508
2032-12-01,7.2,4.41,26.23,304.75,92.1,99.5,1.89,2.355
2032-12-02,8.18,4.63,14.79,320.69,94,98.4,7.98,2.87
2032-12-03,11.23,6.55,37.45,307.91,93,98.5,4.91,1.366
2032-12-04,9.93,7.5,27.65,292.57,91.6,98.1,0.58,1.318
2032-12-05,9.24,5.31,24.58,297.59,93.9,99.3,0.83,1.48
2032-12-06,10.74,5.21,8.03,311.79,93.4,99.4,6.82,1.182
2032-12-07,9.49,5.51,39.64,283.49,85.3,99.6,0.69,1.89
2032-12-08,6.92,4.4,25.19,307.74,92.7,100,6.78,0.414
2032-12-09,12.17,5.72,33.66,297.84,85.4,99.3,7.17,3.52
2032-12-10,12.54,7.32,39.08,281.63,75.5,100.4,0.69,2.459
2032-12-11,12.17,7.99,33.42,295.31,86.8,99.5,6.65,2.791
2032-12-12,10.42,7.88,32.68,284.02,77.4,99.3,0,5.176
2032-12-13,9.86,7.1,32.2,292.56,79.2,99.5,1.31,6.486
2032-12-14,8.39,2.2,21.19,283.22,85.2,100.3,0.52,3.709
2032-12-15,5.14,1.62,23.68,287.67,92.4,100.7,1.68,0.484
2032-12-16,4.13,-1.94,31.32,242.02,86.2,100.6,0,1.452
2032-12-17,3.13,-3.07,40.28,229.82,90.5,100.5,0,1.559
2032-12-18,3.23,-3.27,24.56,266.01,88.4,100.3,0.06,0.712
2032-12-19,8.88,2.79,25.97,304.36,93.9,98.9,8.95,0.901
2032-12-20,7.98,5.12,34.39,270.55,80.9,98.6,0.03,3.685
2032-12-21,7.52,3.16,21.45,291.92,86,99.1,5.51,0.714
2032-12-22,11.17,7.39,23.82,300.94,87.7,98.6,0.79,1.967
2032-12-23,10.24,7.06,21.59,294.21,73.8,99.5,0.44,3.973
2032-12-24,15.35,6.72,12.96,332.43,90.8,99.4,9.96,1.8
2032-12-25,16.26,9.96,16.55,344.7,83,99.5,2.7,4.006
2032-12-26,11,8.82,19.96,312.68,81.3,101.1,0,2.885
2032-12-27,9.23,2,38.61,256.62,92.6,102.8,0,0.422
2032-12-28,6.27,1.35,40.11,261.2,87.6,103.7,0.04,1.867
2032-12-29,4.68,1.11,22.8,297.64,88.8,102.9,0.59,1.86
2032-12-30,7.38,1.31,20.1,306.34,94.5,101.9,0.32,1.288
2032-12-31,8.01,2.99,18.25,315.91,95.7,102.2,0.62,0.861
2033-01-01,8.64,4.66,16.4,324.3,97,102.4,0.91,0.715
2033-01-02,7.88,4.91,19.16,311.35,92.2,102.4,0.88,2
2033-01-03,5.95,4.12,19.2,313.96,94.3,102.7,0.29,0.997
2033-01-04,4.59,2.39,20.9,301.58,92,102.8,0.8,1.312
2033-01-05,3.96,0.97,23.66,285.94,89.1,102.8,0.1,0.148
2033-01-06,4.67,0.18,21.25,297.25,91.3,102.9,0.74,0.888
2033-01-07,5.14,2.98,24.47,299.28,87.6,102.6,0.18,1.538
2033-01-08,4.12,0.66,28.97,280.38,77.7,101.9,0.22,1.37
2033-01-09,5.25,0.17,22.67,299.48,85.9,100.5,2.56,1.201
2033-01-10,12.76,4.44,9.87,323.64,93.9,98.4,8.87,1.32
2033-01-11,11.64,7.84,25.06,314.85,81.4,96.9,2.85,6.714
2033-01-12,11.13,6.99,41.32,296.61,89.7,97.7,5.42,1.202
2033-01-13,9.89,5.69,38.67,275.51,91.7,98.4,0,1.108
2033-01-14,9.78,5.22,25.45,290.18,89.3,98.6,0.96,1.618
2033-01-15,7.45,5.59,14.25,311.5,90.5,98.7,4.77,2.588
2033-01-16,8.4,4.96,29.47,301.25,80.1,99.7,0.2,5.819
2033-01-17,8.52,4.08,38.82,285.58,87.3,101,0.08,0.736
2033-01-18,6.41,3.89,22.46,302.47,90.5,100.9,2.27,1.667
2033-01-19,8.33,4.55,32.08,316.49,93.8,100.6,6.13,0.157
2033-01-20,6.14,3.13,39.13,290.15,79.5,101,0,1.323
2033-01-21,5.58,1.03,26.11,286.79,82.4,101.9,0.43,1.276
2033-01-22,3.04,-2.32,47.56,249.96,83.8,102.1,0.05,0.926
2033-01-23,12.24,2.8,22.12,319.26,84.3,100.9,0.2,3.702
2033-01-24,12.12,6,40.83,294.75,69.4,100.3,2.66,7.38
2033-01-25,7.94,5.32,34.35,285.37,70,101.4,0.23,4.968
2033-01-26,6.27,2.81,29.53,273.33,81.5,100.5,1.8,5.209
2033-01-27,4.71,1.19,60.74,251.45,66.3,101.8,3.1,3.026
2033-01-28,5.94,-0.87,65.14,256.3,73,103.5,0.43,1.973
2033-01-29,9.3,4.27,40.51,310.34,90.2,103.4,0.18,3.503
2033-01-30,10.59,8.07,46.71,312.65,83,102.5,0.2,5.947
2033-01-31,10.46,6.25,34.79,300.21,72.3,102.2,0,6.375
2033-02-01,7.2,4.51,34.14,305.84,82,102.2,1.84,2.341
2033-02-02,11.02,5.33,59.23,298.07,84.1,101.3,1.12,5.18
2033-02-03,7.61,4.46,38.59,302.37,78.7,102,0.76,0.744
2033-02-04,11.17,4.43,8.21,330.42,93.3,100.3,14.39,1.498
2033-02-05,10.87,6.14,52.04,313.03,86.8,99.7,4.1,2.762
2033-02-06,9.01,5.27,65.84,271.63,72.6,101.1,0,5.974
2033-02-07,11.45,7.04,50.5,312.08,80.5,101.2,0.01,6.956
2033-02-08,10.24,7.53,57.14,310.92,84.1,102.1,0.11,3.573
2033-02-09,10.62,7.42,44.5,316.33,86.5,102,0.53,1.678
2033-02-10,10.28,5.22,72.47,272.75,81.5,102.8,0.06,3.642
2033-02-11,10.93,6.69,62.46,304.58,85.5,103,0.21,3.452
2033-02-12,10.13,4.65,49.36,294.13,87.8,103.1,0.1,0.807
2033-02-13,5.77,1.85,49.04,287.81,72.1,103.7,0.43,2.641
2033-02-14,4.13,0.43,51.79,274.11,66.7,104,0,1.808
2033-02-15,5.38,-0.01,67.34,276.52,78.1,103.4,0.14,0.759
2033-02-16,8.41,4.93,53.41,314.22,88.2,102.5,1.19,1.475
2033-02-17,8.4,5.37,64.75,311.09,82.7,101.7,0.38,3.24
2033-02-18,7.02,2.02,78.34,252.61,53.1,100.6,0.53,3.66
2033-02-19,6.02,2.24,52.13,278.52,67.9,100.2,0.42,2.6
2033-02-20,5.61,1.64,55.88,293,73,100.4,0.51,2.83
2033-02-21,3.79,-0.62,77.27,273.15,82.6,100.3,1.6,1.22
2033-02-22,3.15,-2.14,82.14,257.8,82.3,100.9,0.19,0.545
2033-02-23,4.11,-3.08,99.06,235.52,79.7,101.5,0.17,1.245
2033-02-24,6.66,-1.85,116.1,245.36,73.1,102.4,0,2.114
2033-02-25,7.02,-0.57,112.8,240.3,64.7,102.4,0,2.176
2033-02-26,2.29,-0.78,11.92,296.93,92.5,100.2,10.16,2.211
2033-02-27,2.99,-0.17,72.26,272.29,78.3,99.3,0.34,3.615
2033-02-28,3.64,-0.5,68.92,262.69,75.2,99.8,1.01,4.818
2033-03-01,5.45,-0.11,95.76,270.28,71.7,99.8,1.52,3.748
2033-03-02,5.48,1.06,67.44,287.66,75.7,99.5,0.51,4.105
2033-03-03,5.64,0.67,84.53,282.18,76.7,99.6,0.71,1.825
2033-03-04,6.02,-1.61,91.82,264.73,76.2,99.8,0.22,2.378
2033-03-05,5.74,1.03,75.73,280.83,82.7,99.8,0.41,1.078
2033-03-06,5.41,0.12,63.32,288.54,81.5,100.2,2.61,2.863
2033-03-07,4.06,-0.39,61.84,282.05,78.3,101.3,0.61,2.36
2033-03-08,6.79,-1.23,108.21,266.72,71.4,101.5,0.7,3.558
2033-03-09,5.85,0.87,97.18,277.01,79.8,101.4,0.8,0.809
2033-03-10,6.71,-0.92,107.5,267.08,76.3,101.9,0.26,1.931
2033-03-11,7.98,2.08,93.33,289.4,86.3,102.1,1.02,2.856
2033-03-12,8.74,4.9,84.64,307.43,78.8,102.4,0.17,3.384
2033-03-13,9.49,4.55,82.14,306.52,78.7,102.5,0.09,2.724
2033-03-14,7.66,3.25,84.84,297.45,79.6,101.5,0.27,0.702
2033-03-15,10.43,2.09,101.44,299.16,81.5,99.6,2.22,2.83
2033-03-16,14.88,8.02,104.13,329.73,89,97,9.41,2.653
2033-03-17,13.5,7.36,80.93,306.14,86.3,97.6,1.09,2.299
2033-03-18,14.63,5.31,122.16,305.3,89.8,98.9,0.86,0.275
2033-03-19,14.36,6.5,145.4,297.21,83.2,99.2,0.03,0.589
2033-03-20,11.8,8.54,59.22,333.83,93.3,98.5,6.66,2.151
2033-03-21,11.03,8.1,64.56,330.47,94.7,98.5,7.31,0.377
2033-03-22,11.58,7.52,74.51,327.51,92.2,99.2,6.27,1.133
2033-03-23,11.4,6.99,90.17,319.63,90.2,100,1.69,1.374
2033-03-24,12.08,6.35,114.49,308.57,83.4,101.2,0.18,1.974
2033-03-25,11.38,6.29,87.35,314.06,82.1,101.2,0.55,0.787
2033-03-26,10.36,4.87,118.5,309.06,81.6,101.2,1.76,3.221
2033-03-27,8.19,3.74,81.07,309.64,80.9,100.6,7.11,4.122
2033-03-28,8.14,4.74,82.03,316.16,90.5,99.8,13.68,3.862
2033-03-29,7.68,3.12,110.25,304.13,82.1,100.9,2.81,2.926
2033-03-30,7.73,1.76,130.89,286.11,69.2,101.7,0.28,2.006
2033-03-31,7.76,1.62,134.55,270.16,74.1,101.6,0.13,1.085
2033-04-01,8.56,0.82,110.8,281.38,84.4,101,1.44,1.481
2033-04-02,10.01,2.53,144.79,283.42,73.3,100.8,0.06,0.724
2033-04-03,10.86,5.04,121.22,304.81,75.1,100.9,0.09,2.087
2033-04-04,9.01,3.91,131.83,288.57,70.5,100.7,0.09,2.561
2033-04-05,9.08,3.53,113.12,295.18,75.5,100.5,0.09,3.406
2033-04-06,7.44,3.79,34.77,318.85,88.9,99.7,19.23,4.95
2033-04-07,10.97,5.97,103.42,310.44,90.4,99.5,0.9,2.183
2033-04-08,12.71,5.16,107.66,311.13,85.3,99.2,3.7,3.534
2033-04-09,11.26,4.79,102.69,303.15,89.2,99,5.41,2.077
2033-04-10,11.85,5,99.31,319.93,90.2,98.8,4.38,2.687
2033-04-11,10.66,7.4,78.09,330.68,91.6,99.2,6.22,1.782
2033-04-12,9.96,4.67,117.62,303.22,76.7,100,0.15,0.977
2033-04-13,7.97,2.14,143.8,268.93,62.8,100.1,0,1.692
2033-04-14,11.15,2.54,132.49,293.67,70.8,100.1,0.29,2.974
2033-04-15,12.35,5.77,173.28,303.42,82.4,98.4,5.71,3.886
2033-04-16,10.99,4.19,129.47,299.74,84.6,97.8,6.75,2.239
2033-04-17,8.22,2.43,126.36,287.16,81.7,98.1,3.25,2.852
2033-04-18,10.05,2.56,114.03,306.19,76.1,99.1,5.67,1.621
2033-04-19,8.89,3.16,122.05,300.61,73.7,100.6,1.46,1.431
2033-04-20,8.28,2.8,140.42,287.82,77.6,101.4,1.87,1.204
2033-04-21,9.53,0.29,164.31,268.89,67.6,101.5,0.03,1.654
2033-04-22,9.76,2.65,152.92,288.35,67.7,101.6,0.09,2.453
2033-04-23,8.92,3.88,123.63,302.44,80.8,101.5,1.9,1.2
2033-04-24,8.8,4.11,107.13,307.5,88.2,101.6,1.98,0.656
2033-04-25,10.75,5.01,153.45,303.68,77.9,101.6,0.4,1.078
2033-04-26,11.18,5.39,158.69,302.9,72.6,101.6,0.7,0.374
2033-04-27,9.82,3.44,170,295.18,66.9,101.9,2.39,0.755
2033-04-28,9.65,4.37,165.28,290.53,61.7,102.1,0.04,0.881
2033-04-29,11.99,5.37,116.19,315.99,82.3,100.7,9.52,2.06
2033-04-30,15.43,8.01,214.38,312.87,78.6,100.9,0.21,3.312
2033-05-01,16.68,10.74,196.53,316.16,79.8,100.7,0.12,5.425
2033-05-02,11.87,8.11,187.39,296.63,63.5,100.6,0.52,5.561
2033-05-03,10.4,5.81,121.24,307.01,70.6,100.4,4.47,4.214
2033-05-04,9.25,3.77,134.51,305.99,81.4,99.1,10.76,2.638
2033-05-05,10.13,3.71,147.81,296.46,78,100.1,2.6,2.584
2033-05-06,11.75,4.48,183.5,288.96,72,101.5,0.29,1.92
2033-05-07,13.58,2.82,198.29,289.5,68.3,102.4,0.12,1.322
2033-05-08,14.46,6.66,192.01,307.75,71.1,102.2,0.06,0.391
2033-05-09,14.63,6,257.43,283.87,68.4,101.8,0.05,1.47
2033-05-10,11.22,7.55,79.63,330.25,88,101.6,6.37,1.329
2033-05-11,18.44,7.62,228.78,314.05,78.3,101.2,0.55,1.689
2033-05-12,18.6,9.63,147.48,339.39,89.1,100.7,2.82,1.156
2033-05-13,21.93,12.21,217.96,344.61,84.7,100.6,5.45,1.492
2033-05-14,22.62,10.7,208.07,342.41,81.5,100.1,1.13,1.224
2033-05-15,17.47,12.17,186.64,342.09,83.5,100.2,6.7,2.086
2033-05-16,15.82,10.84,146.18,345.35,85.5,100.9,3.2,2.529
2033-05-17,16.07,10.86,171.15,336.93,79.6,101.3,0.52,2.186
2033-05-18,14.29,9.05,203.89,311.24,66.1,102,0.09,0.836
2033-05-19,15.47,7.08,249.49,293.22,69.7,101.8,0.13,1.727
2033-05-20,12.52,8.54,220.63,304.51,66,101.3,4.18,1.09
2033-05-21,13.98,7.29,200.14,310.5,72.4,101,3.76,2.478
2033-05-22,17.03,7.87,237.73,312.18,72.4,101.2,2.71,2.186
2033-05-23,17.64,7.23,161.17,323.49,86.8,101.3,9.31,2.029
2033-05-24,17.91,10.42,128.8,352.11,84.1,101,19.53,2.855
2033-05-25,17.99,8.45,230.68,316.1,76.9,100.9,2.2,1.769
2033-05-26,16.43,5.98,289.36,280.41,78,100.6,0.04,0.757
2033-05-27,18.13,7.95,212.46,313.31,75.6,100.2,0.85,0.287
2033-05-28,17.12,10.48,178.99,331.86,78.5,100.2,0.68,1.402
2033-05-29,19.03,10.32,238.43,318.94,75.7,100.4,0.67,0.926
2033-05-30,20.53,8.83,309.75,296.61,76.6,101.2,0.21,0.366
2033-05-31,20.67,9.88,296.51,304.43,75.1,101.5,0.43,0.5
2033-06-01,20.81,10.94,283.28,312.4,73.6,101.9,0.65,1.193
2033-06-02,21.97,10.17,295.7,309.55,72.2,102.2,0.09,0.419
2033-06-03,23.18,12.8,254.57,332.64,70.7,101.8,0.21,1.257
2033-06-04,23.29,12.18,261.47,331.79,69.9,101.2,0.41,1.394
2033-06-05,20.6,14.13,218.88,348.51,84.8,100.5,17.91,0.808
2033-06-06,20.32,12.54,251.55,321.73,75.8,100.7,0.82,2.043
2033-06-07,22.12,12.76,291.51,330.5,75.7,100.6,3.08,1.394
2033-06-08,20.08,13.93,217.22,339.19,78.7,100.5,5.33,1.506
2033-06-09,19.49,13.13,268.4,313.89,70.9,100.5,2.97,2.815
2033-06-10,19.2,12.07,187.73,331.47,79.1,100.6,4.46,2.881
2033-06-11,20.72,10.85,296.11,307.97,71,101,0.04,1.922
2033-06-12,20.77,14.57,235.91,344.04,73.6,100.5,1.36,2.475
2033-06-13,19.99,12.9,260.73,320.5,68.9,100.4,1.03,2.878
2033-06-14,18.74,12.24,269.45,310.21,67.4,100.8,0.79,4.132
2033-06-15,17.02,11.46,128.45,331.35,78.6,101,1.64,3.538
2033-06-16,17.69,12.71,261.95,320.16,73.8,100.4,0.85,3.999
2033-06-17,18.11,11.62,277.53,312.11,74.3,100.6,0.47,4.283
2033-06-18,20.27,13.26,259.47,339.27,76.6,100.7,0.02,4.39
2033-06-19,21.49,14.39,272.58,341.97,80.3,100.8,0.02,4.423
2033-06-20,20.7,15.59,244.23,351.01,76.9,100.8,0,5.506
2033-06-21,22.61,16.26,288.07,342.66,78.5,101.3,0,5.695
2033-06-22,26.91,16.19,295.12,354.99,80.2,102.3,0.16,1.872
2033-06-23,27.83,16.22,309.57,351.14,79.8,102.5,0.15,0.325
2033-06-24,29.07,16.93,331.31,346.77,67,102.2,0,1.221
2033-06-25,29.02,15.77,339.52,338.33,69.9,102,0,0.855
2033-06-26,31.28,18.81,330.33,363.29,68.1,102.2,0,0.233
2033-06-27,32.75,18.63,342.63,361.93,70.5,102,0,0.27
2033-06-28,33.12,20.72,346.41,351.52,61.7,101.1,0,0.568
2033-06-29,20.91,13.18,203.31,331,70,100.8,0.05,1.877
2033-06-30,18.73,11.74,218.73,310.42,62.8,100.8,0.74,2.207
2033-07-01,21.04,10.09,254.39,312.17,64.7,100.8,0.38,3.496
2033-07-02,22.19,12.77,310.8,319.24,70.1,101.1,0.03,5.601
2033-07-03,21.55,12.27,251.79,323.6,70.8,101.3,0.04,3.324
2033-07-04,23.04,11.63,271.37,321.15,71.1,101.3,0.05,1.187
2033-07-05,24.78,11.23,300.6,322.94,73.4,101.3,0.38,0.972
2033-07-06,25.35,13.88,289.52,334.12,75,101.6,1.79,1.024
2033-07-07,26.82,13.78,297.75,336.76,72.8,101.9,0,1.006
2033-07-08,27.57,14.79,330.76,328.76,69.2,101.6,0,2.264
2033-07-09,23.33,14.79,210.03,351.07,78.4,101.3,1.47,1.218
2033-07-10,22.19,13.37,253.59,323.24,71.5,101.3,0.04,1.094
2033-07-11,25.21,15.31,274.56,349.05,75.9,101,0.42,4.082
2033-07-12,25.6,14.38,314.89,325.69,70.6,101.3,0,2.295
2033-07-13,24.12,13.99,257.61,330.94,72.9,101.4,0.09,1.405
2033-07-14,23.85,10.9,291.44,305.43,69.4,101.5,0.03,0.895
2033-07-15,25.38,12.28,297.64,320.82,65.4,101.4,0,1.873
2033-07-16,24.89,15.2,256.39,342.97,73.8,101.2,0.74,1.096
2033-07-17,25.7,12.94,277.95,328.31,70.1,100.8,0.03,2.554
2033-07-18,23.9,17.26,295.94,333.22,65.8,100.7,0.07,3.559
2033-07-19,23.88,17.14,191.28,360.22,78.6,100.6,5.05,2.421
2033-07-20,24.25,16.9,182.3,362.7,72.5,100.1,6.82,2.566
2033-07-21,18.29,13.19,235.36,323.81,76.5,99.9,10.1,4.059
2033-07-22,18.63,11.95,251.41,300.96,69,100.7,2.93,4.101
2033-07-23,21.04,12.72,151.3,349.89,78.9,100.2,5.59,2.982
2033-07-24,20.76,13.13,270.89,329.09,69,99.5,1.73,6.13
2033-07-25,18.86,11.69,223.28,314.17,63.1,100.5,0.55,4.901
2033-07-26,18.68,10.16,190.6,316.64,73,100.6,3.2,3.788
2033-07-27,20.42,13.32,247.72,331.85,78.3,99.5,11.01,3.621
2033-07-28,19.33,12.15,225.14,310.57,66.1,100.3,0.04,3.465
2033-07-29,20.69,11.82,257.81,316.5,71.3,100.1,2.87,3.885
2033-07-30,20.94,13.35,260.64,314.3,71.5,100,0.88,4.65
2033-07-31,20.23,13.08,250.82,312.99,71.3,99.9,0.66,4.435
2033-08-01,19.53,12.8,241.09,311.74,71,99.7,0.45,4.223
2033-08-02,20.25,12.09,117.37,349.01,86.6,98.6,7.57,1.364
2033-08-03,18.49,14.14,160.36,330.99,82.5,97.6,9.48,5.255
2033-08-04,20.24,13.31,263.07,306.13,64.4,98.9,0.84,5.568
2033-08-05,19.73,11.68,194.2,323.08,78.8,99,6.78,2.969
2033-08-06,19.75,13.47,265.82,318.95,72.1,100.2,1.39,4.896
2033-08-07,21.78,13.81,202.13,347.53,79.7,100.3,1.76,1.902
2033-08-08,18.95,12.75,223,327.35,80.5,100.5,5.8,3.901
2033-08-09,19.78,11.64,196.27,326.5,74.5,101.4,0.5,4.238
2033-08-10,22.59,15.03,229.67,351.55,79.2,100.7,0.11,5.312
2033-08-11,22.79,16.09,222.37,350.27,78.4,100.4,2.41,4.595
2033-08-12,21.11,14.55,243.71,317.41,71.2,100.9,0.03,4.555
2033-08-13,21.55,12.82,229.4,313.33,73.4,101.9,0.18,1.163
2033-08-14,23.47,10.46,286.78,296.31,73.2,102.3,0,0.286
2033-08-15,25.81,11.6,285.48,308.34,70.1,102.1,0,0.788
2033-08-16,29.06,14.31,282.9,331.95,67.9,101.5,0,1.095
2033-08-17,27.07,17.18,258.5,346.14,75,101.3,0,1.552
2033-08-18,21.4,14.79,190.29,333.33,78,101.7,0.1,1.189
2033-08-19,24.87,12.65,264.76,318.11,75.2,101.3,0,1.731
2033-08-20,22.97,14.2,214.51,329.55,75,100.9,0.07,2.863
2033-08-21,20.36,13,204.14,321.84,69.4,101.2,0.1,2.032
2033-08-22,23.15,11.32,242.21,304.81,71.9,101,0,2.005
2033-08-23,24.07,13.78,234.53,328.52,72.2,100.9,0.01,2.47
2033-08-24,22.89,16.19,123.95,369.38,83.6,100.4,8.8,1.519
2033-08-25,22.18,14.87,215.07,323.84,73.7,100.2,0.57,3.205
2033-08-26,19.51,12.62,200.71,309.96,70.5,100.7,0.02,4.052
2033-08-27,21.09,12.04,177,326.36,69.1,100.9,0.03,0.763
2033-08-28,23.05,13.6,175.32,340.94,74.6,100.7,0.69,0.741
2033-08-29,21.28,14.79,155.23,344.21,82.4,101.2,1.59,2.373
2033-08-30,21.08,13.99,136.5,340.73,76.5,101.8,0.1,1.959
2033-08-31,21.99,13.56,170.72,334.26,75.5,101.9,0.08,1.626
2033-09-01,22.9,13.13,204.98,328.65,74.4,101.9,0.07,1.298
2033-09-02,23.19,13.35,154.79,336.6,81.4,102,0.15,2.196
2033-09-03,24.47,14.47,162.89,345.05,78.7,101.7,0.06,2.154
2033-09-04,23.23,14.54,205.73,332.38,74.8,101.2,0.05,2.816
2033-09-05,24.45,15.58,207.77,340.85,71.5,100.6,0,2.755
2033-09-06,22.29,15.24,193.01,330.16,76.2,100.8,0,3.105
2033-09-07,21.19,15.32,114.97,352.24,80.9,100.9,0.22,2.409
2033-09-08,21.27,14.18,180.81,325.81,72.6,100.9,0.31,3.52
2033-09-09,22.7,13.48,195.48,318.61,70.6,100.9,0,3.058
2033-09-10,16.91,12.13,90.16,320.49,79,100.4,21.72,2.178
2033-09-11,17.11,10.48,182.1,291.12,68.8,101.4,0.14,2.577
2033-09-12,16.31,10.66,86.77,335.04,82.2,101.6,3.23,3.612
2033-09-13,19.24,13.54,98.84,356.42,91.6,101.7,8.65,2.235
2033-09-14,19.66,9.99,167.77,312.47,79.4,102.1,0.04,0.488
2033-09-15,20.03,11.31,162.52,324.9,82.3,101.4,0.26,1.316
2033-09-16,20.58,12.72,143.54,334.67,84.7,101,2.2,0.784
2033-09-17,20.14,11.35,134.15,332.36,80.8,100.9,1.49,1.14
2033-09-18,20.68,12.91,131.65,335.52,83.5,100.6,6.6,1.274
2033-09-19,17.91,12.77,164.83,311.87,74.4,100.5,0,3.552
2033-09-20,18.14,12.92,142.31,326.95,78.3,100,6.03,2.802
2033-09-21,17.84,12.66,155.52,311.21,73.2,101,0,5.461
2033-09-22,21.22,13.31,134.25,345.08,81,101.7,0.19,2.533
2033-09-23,20.7,16.31,71.72,378.94,86.7,101.9,4.32,2.009
2033-09-24,22.78,16.35,135.77,349.56,85.9,102.3,0,3.132
2033-09-25,22.23,16.9,129.83,358.84,83.4,102,0.06,4.092
2033-09-26,21.79,16.49,113.14,366.24,83.7,101.6,0.19,4.913
2033-09-27,18.15,11.78,153.22,306.31,71.3,102.3,1.18,2.036
2033-09-28,16.04,10.21,114.06,314.09,74.1,102.7,0.08,0.619
2033-09-29,15.9,9.55,125.35,314.5,75.5,102.5,0.1,0.874
2033-09-30,16.85,9.64,102.47,324.47,78.7,102.3,0.15,0.786
2033-10-01,18.82,8.45,162.93,285.59,78.1,102.4,0,1.076
2033-10-02,20.66,7.86,150.2,296.05,79.2,102.1,0,0.976
2033-10-03,22.03,13.72,120.57,342.3,82.4,101.9,0.09,2.394
2033-10-04,21.45,14.89,115.93,349.75,84.1,101.6,0.51,4.508
2033-10-05,15.45,11.56,98.13,307.02,72.3,101.5,0,3.485
2033-10-06,15.74,10.77,107.31,303.6,75.2,100.7,0,4.52
2033-10-07,15.17,10.49,128.86,287.83,63.9,99.2,0.39,7.898
2033-10-08,11.86,8.25,87.1,295.11,71.1,100.4,0.73,4.554
2033-10-09,14.72,7.18,88.92,307.51,74,101.1,0.16,3.14
2033-10-10,15.87,9.96,81.87,330.09,84.1,101.4,0.1,3.585
2033-10-11,18.37,12.76,98.95,347.79,80.9,101.5,0.11,4.299
2033-10-12,19.19,14.91,74.01,363.35,81.8,101.6,0.09,4.301
2033-10-13,16.13,13,83.33,344.35,83.8,101.9,0.42,2.047
2033-10-14,15.97,11.03,78.4,334.5,85.6,101.8,1.25,0.402
2033-10-15,14.84,10.22,90.4,313.93,78.8,100.9,0.03,1.617
2033-10-16,15.06,8.25,90.29,304.44,77.7,101.3,3.63,1.624
2033-10-17,16.28,7.73,112.43,303.32,81.1,101.9,0.02,2.873
2033-10-18,17.11,12.38,86.65,334.83,85.2,102,0.36,3.213
2033-10-19,13.62,9.03,112.97,297.55,65.5,102.8,0.06,0.78
2033-10-20,12.01,8.99,64.17,314.18,81.9,102.8,0.6,2.727
2033-10-21,14.62,8.96,51.67,325.03,85.9,101.5,8.94,5.473
2033-10-22,10.52,4.29,97.43,269.66,74.9,101.7,0.09,0.555
2033-10-23,10.59,3.35,84.82,280.1,76.9,102,0.06,0.729
2033-10-24,15.5,7.07,64.81,323.57,85.6,101.6,1.47,2.364
2033-10-25,13.61,6.35,86.12,296.08,87.2,102.1,0.05,0.844
2033-10-26,15.03,5.13,91.9,286.06,87.9,102.1,0,0.675
2033-10-27,13.61,7.85,75.67,291.83,85,101.4,0,2.51
2033-10-28,16.17,10.26,24.76,343.65,86.7,100.6,0.41,2.555
2033-10-29,17.4,13.63,54.64,342.4,90.9,100,3.99,2.354
2033-10-30,15.67,11.24,33.97,342.36,92.4,99.7,11.9,1.618
2033-10-31,14.8,10.81,36.71,334.27,92.5,99.6,7.3,0.959
2033-11-01,13.93,10.37,39.45,325.95,92.7,99.5,2.69,0.75
2033-11-02,13.84,9.37,75.96,302.31,88.3,99.9,1.44,3.375
2033-11-03,10.83,3.66,24.2,299.12,92,100.1,5.44,1.017
2033-11-04,7.72,1.99,86.63,240.36,71,101.2,0,1.324
2033-11-05,9.21,1.23,74.64,255.65,72.8,101.8,0,0.73
2033-11-06,9.16,4.61,39.48,303.54,77.9,101.2,0.09,2.064
2033-11-07,12.41,7.11,21.51,338.09,91.9,100.6,6.51,1.74
2033-11-08,12.31,8.14,35.91,324.29,94.8,100.3,1.37,0.715
2033-11-09,11.03,7.4,57.41,288.79,74.4,100.1,0,4.702
2033-11-10,12.12,8.02,47.22,294.25,76.9,100,0.48,5.907
2033-11-11,8.93,7.39,17.82,311.3,88.3,100,3.06,1.495
2033-11-12,8.9,6.2,49.02,290.03,79,99.8,0.69,5.233
2033-11-13,9.79,5.36,54.68,288.58,74.8,100.2,4.34,2.372
2033-11-14,14.09,7.74,60.72,301.29,84.2,98.6,6.11,6.746
2033-11-15,9.49,6.77,32.18,306.65,81.2,99.3,1.51,3.142
2033-11-16,9.21,5.74,40.1,299.11,76.1,100.7,1.53,2.286
2033-11-17,11.26,5.55,41.9,311.63,93.5,99.1,9.92,1.397
2033-11-18,9.26,4.22,47.85,281.13,88.4,100.6,0.11,0.282
2033-11-19,7.53,3.89,4.53,313.87,89.1,99.6,38.9,5.28
2033-11-20,6.15,1.54,25.41,286.27,81.9,100.2,8.81,2.565
2033-11-21,6.06,-1.27,34.71,271.65,79.9,101.5,0.07,1.113
2033-11-22,11.55,6.07,16.39,314.02,90.1,100.6,8.99,2.065
2033-11-23,13.14,7.2,10.01,330.55,90.6,99.4,14.11,2.504
2033-11-24,7.74,4.97,44.74,266.04,73.5,98.7,0.42,6.091
2033-11-25,8.02,7.03,16.37,312.86,85.5,99,5.06,6.501
2033-11-26,9.23,5.6,33.34,302.49,86.9,100.1,2.69,1.551
2033-11-27,10.76,5.89,24.25,327.89,92.8,99.4,5.53,1.067
2033-11-28,10.48,4.33,11.65,303.98,84.3,98.2,2.25,2.287
2033-11-29,9.17,5.05,34.7,285.43,79.3,99.2,1.24,4.72
2033-11-30,11.63,3.44,38.98,291.92,83.1,100.3,1.81,2.186
2033-12-01,9.38,4.71,46.44,266.64,82.2,100,2.68,3.506
2033-12-02,6.37,3.45,38.28,270.6,79.6,100.1,0.1,4.393
2033-12-03,11.13,3.28,23.49,299.02,83.7,98,10.5,1.903
2033-12-04,7.23,1.72,43.79,264.22,89.4,98.4,0.88,1.626
2033-12-05,5.5,-0.03,29.84,268.64,94,98.7,0.03,0.556
2033-12-06,3.68,0.21,25.94,291.58,95.1,99.6,0.08,1.082
2033-12-07,9.48,2.71,20.41,291.89,88.2,98.8,2.7,1.935
2033-12-08,8.81,4.9,32.43,292.19,80,98.7,1.4,6.438
2033-12-09,8.09,3.87,22.51,291.31,91.8,99.8,0.54,1.379
2033-12-10,6.12,4.23,4.55,318.97,94.3,98.9,25.24,1.878
2033-12-11,6.81,3.61,21.98,285.03,86.5,100.1,0,3.057
2033-12-12,5.66,3.51,19.16,284.95,88.9,100.6,1.38,2.879
2033-12-13,4.55,-2.54,36.61,241.7,87.6,101.6,0,1.321
2033-12-14,3.82,-3.48,34.59,252.84,86.7,101.5,1.58,1.135
2033-12-15,7.66,3.86,33.59,299.63,92.4,99.3,6.46,1.209
2033-12-16,4.84,0.22,20.63,278.79,79.4,99.6,3.13,2.416
2033-12-17,3.85,-2.53,37.84,249.42,82.9,101,0.07,1.732
2033-12-18,1.64,-3.31,26.79,255.18,92.8,101.1,1.64,0.399
2033-12-19,2.09,-2.2,13.86,276.07,88.4,101.3,1.71,0.707
2033-12-20,7.11,-0.18,3.57,324.82,97.7,99.4,27.96,3.054
2033-12-21,11.29,7.18,9.88,325.01,92.7,98.3,2.64,4.551
2033-12-22,13.07,7.15,11.61,328.4,90.6,99.7,1.84,1.801
2033-12-23,13.16,10.11,14.72,325.51,91.8,99.3,0.26,1.313
2033-12-24,11.04,9,29.7,296.19,82.8,99.6,0.54,5.172
2033-12-25,10.58,6.13,36.7,278.54,87,100.2,0,4.208
2033-12-26,6.62,0.1,14.79,291.52,84,100.4,0.11,0.602
2033-12-27,1.06,-4.07,25.55,247.02,87.1,100.3,0.05,1.095
2033-12-28,2.42,-4.04,40.37,232.45,80.8,100.1,0.03,1.416
2033-12-29,0.74,-4.55,29.93,230.86,84.8,99.9,0.08,0.844
2033-12-30,3.02,-1.97,41.91,227.8,81.7,100.9,0,1.514
2033-12-31,3.35,-2.06,36.64,247.62,86,101.2,1.11,0.305
2034-01-01,3.68,-2.16,31.48,273.49,90.5,101.6,2.22,0.894
2034-01-02,5.86,3.68,26.27,303.03,90.2,100.4,2.63,2.507
2034-01-03,8.42,4.4,16.51,325.25,97.6,99.4,0.95,1.386
2034-01-04,8.75,4.17,34.68,302.99,93.4,99.4,7.07,0.81
2034-01-05,9.81,6.5,35.94,277.6,83.2,98.1,0.38,6.533
2034-01-06,8.65,5.42,42.4,265.67,85.4,98.8,0.03,4.858
2034-01-07,7.89,4.33,38.28,266.07,87.6,100.1,0.1,4.281
2034-01-08,7.87,2.27,16.6,296.4,88.2,100.2,3.11,1.504
2034-01-09,8.52,2.39,36.9,279.17,77.6,100.9,0,3.811
2034-01-10,7.04,2.32,27.08,279.22,78.7,101.5,0,2.421
2034-01-11,6,3.57,27.79,299.79,84.1,100.8,0.81,3.196
2034-01-12,6.64,4.74,21.11,323,94.8,101.2,1.77,2.827
2034-01-13,6.74,0.83,20.82,296.84,92,102.5,0.77,3.103
2034-01-14,2.44,-0.26,42.47,261.11,85.8,103.5,0.04,2.16
2034-01-15,3.49,-1.25,43.41,259.63,89.1,103.7,0.11,1.937
2034-01-16,3.65,-1.46,35.99,280.06,87.5,103.1,0.06,1.747
2034-01-17,1.66,-0.71,25.46,284.69,86.8,102.8,0.13,0.819
2034-01-18,0.45,-1.85,21.2,290.47,97.2,102.7,0.6,0.114
2034-01-19,2.4,-0.95,26.69,287.56,93.7,103,0.23,0.448
2034-01-20,3.94,-0.83,28.7,289.9,91.5,102.7,0.04,0.653
2034-01-21,3.98,-0.1,32.85,283,91.2,102.4,0.22,0.299
2034-01-22,6.59,1.57,40.59,291.59,85.3,102.3,0.1,3.04
2034-01-23,11.7,5.08,43.1,320.02,87.8,101.4,2.68,5.432
2034-01-24,13.52,9.07,26.92,325.13,85.3,100.6,0.6,4.411
2034-01-25,11.16,8.25,26.13,305.63,88.6,100.5,0.56,4.203
2034-01-26,12.01,6.04,55.14,301.72,83.7,100.5,5.53,2.394
2034-01-27,11.85,6.29,50.65,309.65,84.4,100,3.17,2.75
2034-01-28,13.7,6.96,23.79,329.71,87.6,99.4,3.99,2.237
2034-01-29,9.83,6.01,62.6,274.62,70.4,99.6,0.76,5.963
2034-01-30,11.88,4.91,41.33,289.02,78.5,101.3,0.03,4.652
2034-01-31,11.9,9.3,39.42,312.71,80.7,101.7,0.05,3.208
2034-02-01,10.61,6.2,12.77,326.18,91.9,101,24.92,1.143
2034-02-02,8.58,3.55,64.63,278.58,83,101.2,3.67,2.694
2034-02-03,9.5,4.17,37.86,289.74,80.5,100.9,0.81,2.118
2034-02-04,9.62,6.01,46.65,290.25,73.8,100,0.39,4.039
2034-02-05,10.29,5.6,45.32,303.45,84.4,100,0.72,1.727
2034-02-06,10.84,8.07,39.72,315.23,85.6,98.8,4.15,2.045
2034-02-07,8.46,4.76,40.79,275.93,85.8,98.1,0.38,1.275
2034-02-08,7.96,3.92,53.21,272.92,80.7,98.5,0.91,3.868
2034-02-09,8.4,2.1,62.72,262.26,75.8,99.7,0,2.983
2034-02-10,6.78,2.38,29.95,300.65,89.8,100.5,5.18,2.284
2034-02-11,9.04,6,60.84,287.41,84.5,100,1.37,3.436
2034-02-12,13.39,5.96,54.6,312.18,82.6,100,4.15,4.56
2034-02-13,10.48,7.81,68.32,294.4,76.4,100,1.24,6.181
2034-02-14,8.96,5.75,59.87,300.64,85.7,99.8,11.2,1.764
2034-02-15,9.4,3.32,69.48,291.36,80.4,101,1.37,2.527
2034-02-16,8.75,2.66,17.24,296.22,75.3,102,3.29,1.593
2034-02-17,8.68,4.69,69.75,280.06,77.6,101.9,0.55,4.281
2034-02-18,9.55,4.35,68.42,289.68,76.9,102.8,0,4.906
2034-02-19,9.04,5.83,41.87,316.51,88.2,102.7,1.36,2.111
2034-02-20,10.7,6.74,63.96,317.76,90.1,102.6,0.12,1.166
2034-02-21,13.26,8.48,80.65,315.69,82.3,102.7,0.02,3.58
2034-02-22,11.96,8.95,85.88,315.25,79.2,103,0.11,4.19
2034-02-23,12.6,6.91,54.07,307.36,81.7,102.7,0.81,4.188
2034-02-24,9.04,4.94,68.84,304.58,72.7,103.5,0.35,1.76
2034-02-25,12.79,4.59,60.21,317.33,88.6,102.7,0.78,2.216
2034-02-26,11.3,4.57,102.7,287.42,82,102.7,0.05,1.359
2034-02-27,12.51,8.12,96.55,311.85,86.2,102.2,0.04,1.322
2034-02-28,12.73,8.48,105.71,302.22,83.8,101.7,0.35,1.507
2034-03-01,14.43,9.18,98.05,309.98,83.9,101.8,0.35,2.289
2034-03-02,15.83,8.25,127.87,285.46,79.7,102,0,1.493
2034-03-03,15.83,7.76,131.97,280.72,82.2,101.5,0,1.7
2034-03-04,15.62,8.21,99.79,308.33,84.2,101,0.05,1.93
2034-03-05,12.92,6.9,130.47,291.53,68.3,101.3,1.95,2.944
2034-03-06,13.58,9.02,59.5,322.13,73.1,99.7,7.39,4.67
2034-03-07,10.35,5.51,119.93,280.3,68.7,101.1,1.69,5.724
2034-03-08,8.8,3.89,119.13,255.62,66.2,101.5,0.05,4.312
2034-03-09,10.66,5.74,35.33,317.25,77.3,99.5,7.01,3.775
2034-03-10,11.08,6.46,116.07,293.46,67.7,98.9,1.02,4.952
2034-03-11,8.47,5.77,114.5,281.47,66.2,99.9,1.22,5.211
2034-03-12,6.08,3.11,37.26,293.06,88.5,100,7.04,0.718
2034-03-13,11.72,2.6,101.03,284.71,73.9,100.2,1.14,3.964
2034-03-14,12.05,8.1,51.32,317.88,80.1,99.4,15.13,5.508
2034-03-15,9.82,5.74,116.01,286.45,69.3,100.7,2.33,5.934
2034-03-16,6.36,4.07,38.24,296.33,87.6,100.6,12.78,1.002
2034-03-17,9.39,1,171.34,238.83,71,101.4,0,0.332
2034-03-18,8.73,2.71,104.44,281.8,76,100.6,0.47,2.518
2034-03-19,8.66,5.96,55.44,324.35,90.1,98.7,12.53,4.432
2034-03-20,11.91,6.77,117.23,306.99,86.3,98.9,12.3,0.83
2034-03-21,9.6,4.8,103.22,287.4,82.5,98,1.36,1.181
2034-03-22,9.4,4.75,107.26,287.66,72.7,98.7,0.19,3.318
2034-03-23,10.73,4.29,112.96,290.65,74.8,98.6,2.91,1.787
2034-03-24,10.1,3.04,143.87,284.38,70.2,98.8,2.48,1.464
2034-03-25,9.11,3.05,103.03,283.64,80.6,98.8,1.5,1.577
2034-03-26,10.84,3.82,132.38,289.08,74.8,99.1,4.3,1.104
2034-03-27,10.59,5.48,113.99,302.76,84.2,98,4.66,1.92
2034-03-28,10.24,4.58,78.46,300.31,85.8,97.7,5.25,1.322
2034-03-29,9.33,4.43,110.92,296.88,75.1,97.5,1.92,4.266
2034-03-30,8.63,4.22,78.14,298.67,84.8,97.5,12.81,1.276
2034-03-31,7.86,3.95,78.81,300.23,69.5,98.8,3.83,3.162
2034-04-01,9.98,2.3,160.97,279.33,61.4,100.8,0.07,2.785
2034-04-02,11.48,4.84,127.94,294.66,80.7,101.1,0.17,1.648
2034-04-03,14.15,3.93,123.2,315.42,89.3,100.9,2.26,2.246
2034-04-04,13.49,8.63,160.97,321.95,82.7,101.3,0.68,1.991
2034-04-05,10.22,4.63,103.91,308.84,90.6,102.2,3.87,0.71
2034-04-06,10.74,4.16,150.32,284.26,67.1,102.8,0.07,0.807
2034-04-07,9.95,0.41,203.63,250.04,64.6,102.4,0.08,0.762
2034-04-08,10.25,2.55,211.22,261.48,67.2,101.7,0.08,0.865
2034-04-09,11.31,4.03,171.21,290.06,65.7,101.4,0.18,0.52
2034-04-10,11.85,4.66,144.27,299.07,64.7,100.7,0.13,2.506
2034-04-11,12.55,6.83,180.71,294.03,54.6,100.9,0.05,2.875
2034-04-12,13.52,6.29,125.48,309.21,67.8,100.6,0.22,1.561
2034-04-13,13.4,3.94,127.81,291,87.5,100.3,2.44,0.932
2034-04-14,14.33,5,174.57,287.3,75.1,100.2,0.28,1.566
2034-04-15,12.76,7.28,119.9,318.7,88.1,99.9,6.09,1.168
2034-04-16,14.07,5.42,186.76,290.27,81.4,100.1,0.23,0.495
2034-04-17,14.79,3.36,148.25,298.78,80.6,99.9,1.23,1.024
2034-04-18,11.74,4.97,143.55,295.46,72.7,99.6,2.04,2.975
2034-04-19,10.47,5.29,162.96,287.91,62.1,99.4,1.11,5.15
2034-04-20,15.8,4.88,130.42,302.75,74,99.7,0.34,1.515
2034-04-21,13.47,7.32,150.82,302.36,70.7,99.3,3.8,3.197
2034-04-22,12.86,5.93,177.68,288.99,69,100.3,0.2,3.069
2034-04-23,17.11,8.64,184.13,320.9,75.8,100,1.49,3.248
2034-04-24,13.19,9.14,100.42,321.72,81.2,99.7,12.36,2.802
2034-04-25,13.61,8.94,193.8,298.13,68,99.6,1.28,4.784
2034-04-26,14.23,7.47,187.13,296.64,68.5,100.3,0.21,4.115
2034-04-27,10.79,7.13,58.58,329.39,92.4,99.6,15.52,1.933
2034-04-28,11.13,5.32,139.81,304.84,76.4,99.6,1.76,3.937
2034-04-29,11.77,3.9,190.35,278.49,60.8,101.4,0.12,3.977
2034-04-30,13.6,2.93,191.45,284.06,68.2,102.6,0.2,1.205
2034-05-01,17.22,4.2,288.98,261.74,63.8,102.4,0,0.99
2034-05-02,20.19,4.55,292.25,278.06,69.2,101.5,0,1.37
2034-05-03,23.91,11.14,205.29,340.47,79.2,100.3,3.55,1.671
2034-05-04,17.38,9.89,218.39,314.41,76.7,100,0.39,1.947
2034-05-05,15.06,9.11,186.47,304.45,65.7,101,0.09,3.016
2034-05-06,12.23,6.96,102.17,306.22,80.6,100.5,6.61,1.562
2034-05-07,13.09,6.31,169.43,288.08,77.1,100.4,1.02,1.675
2034-05-08,12.75,5.89,152.24,297.53,85.4,99.7,4.55,1.21
2034-05-09,14.13,7.16,201.4,295.84,75,99.6,1.94,2.16
2034-05-10,15.53,4.24,260.92,269.02,75.3,100.6,1.57,0.619
2034-05-11,14.1,5.09,188.68,296.59,75.9,101.8,1.09,2.074
2034-05-12,12.3,4.93,221.32,292.61,61.4,102.1,0.16,3.367
2034-05-13,15.44,6.84,277.38,287.14,64.4,101.7,0.03,4.727
2034-05-14,21.17,8.81,278.47,310.96,75,100.9,0.04,2.482
2034-05-15,23.39,9.98,287.93,317.97,78.8,100.6,0.11,0.79
2034-05-16,21.8,11.2,237.15,325.71,71.6,100.6,1.59,2.092
2034-05-17,22.19,12.1,237.23,332.02,78.4,101.2,0.68,1.315
2034-05-18,23.87,13.51,264.19,337.72,79.7,102.1,0.4,0.99
2034-05-19,22.74,10.93,328.73,289.45,62.9,102.2,0,0.546
2034-05-20,23.43,9.78,327.9,288.82,66.2,101.4,0,0.459
2034-05-21,24.17,9.85,321.23,295.32,68.1,100.5,0,0.185
2034-05-22,24.57,10.28,253,321.54,77.5,99.8,3.71,0.558
2034-05-23,21.25,13.91,240.41,332.1,75.4,99.6,0.77,1.066
2034-05-24,21.07,12.54,217.67,336.88,76.7,99.9,10.36,1.938
2034-05-25,23.4,14.2,249.49,342.7,75.7,100.8,19.45,0.524
2034-05-26,22.12,12.47,246.39,342.94,76.7,101.2,0.7,4.213
2034-05-27,23.41,11.99,247.17,347.09,72.1,100.8,3.75,3.311
2034-05-28,21.41,13.24,270.22,332.46,69.4,100.5,1.53,3.145
2034-05-29,20.36,12.17,263.23,325.45,69.5,100.5,0.04,1.706
2034-05-30,21.56,10.23,285.3,307.25,72.9,101,0.21,0.736
2034-05-31,21.62,10.88,281.28,312.58,72.6,101.2,0.55,0.884
2034-06-01,21.68,11.53,277.3,317.98,72.3,101.3,0.89,1.891
2034-06-02,17.32,11.24,152.05,348.87,79.5,101,0.96,1.237
2034-06-03,19.26,12.25,154.92,345.79,81.9,100.7,2.68,0.554
2034-06-04,23.88,11.09,237.73,338.54,83.1,100.8,3.48,0.864
2034-06-05,21.06,15.6,131.11,379.43,87.7,100.7,5.52,1.317
2034-06-06,19.67,15.72,159.49,371.73,85.7,101.3,1.92,2.124
2034-06-07,22.59,14.62,284.9,336.19,75.1,101.9,0.25,0.836
2034-06-08,22.12,12.59,311.23,310.65,69,102.1,0.03,0.692
2034-06-09,22.5,11.27,313.26,301.84,69.8,101.7,0,0.459
2034-06-10,22.64,10.91,304.42,306.23,70.1,101.3,0.12,1.657
2034-06-11,18.95,11.04,233.26,327.21,63.8,101.7,0.09,3
2034-06-12,17.28,9.13,317.97,283.64,57,101.7,0,2.522
2034-06-13,17.61,7.38,283.6,290.26,59.9,101.2,0.11,1.577
2034-06-14,17.95,9.74,253.67,305.36,62.6,101,0,2.932
2034-06-15,16.45,8.68,200.74,316.22,72.1,101,0.25,2.19
2034-06-16,20.06,12.11,197.82,341.37,78.6,100.8,1.1,0.756
2034-06-17,17.93,12.01,236.52,315.07,69.3,101.1,0.18,4.106
2034-06-18,20.02,11.18,258.44,321.01,64.5,102,0.03,2.868
2034-06-19,22.98,13.62,290.07,346.9,68.4,101.5,4.39,3.797
2034-06-20,21.39,13.02,229.15,334.99,77.3,101.4,0.03,2.514
2034-06-21,22.45,12.32,292.2,323.13,73.1,101.3,0,1.644
2034-06-22,24.91,13.7,273.3,338.9,72.1,101.2,0,0.312
2034-06-23,21.44,13.88,274.24,327.81,72.7,101.2,0.05,3.163
2034-06-24,22.65,13.63,203.31,349.53,77,101.6,0.17,1.386
2034-06-25,23.59,15.25,301.4,332.62,68.6,101.5,0.16,1.216
2034-06-26,23.73,13.22,239.9,337.56,74.8,101.4,0.04,0.789
2034-06-27,25.19,11.7,272.99,327.86,72.9,101.7,0,1.866
2034-06-28,26.71,16.59,305.54,352.7,76.9,102.1,0.02,0.856
2034-06-29,29.06,16.61,307.34,353.86,69.1,102,0,0.43
2034-06-30,28.41,17.06,345.72,330.81,65.5,101.7,0,0.867
2034-07-01,30.72,15.49,341.75,339.89,66.5,101.6,0,0.634
2034-07-02,32.83,17.73,304.23,368.89,59.2,101.3,2.07,1.363
2034-07-03,25.36,15.81,296.6,339.32,70.3,101.3,0.08,2.546
2034-07-04,26.86,15.11,303.2,334.47,62.7,101.1,0,1.791
2034-07-05,23.95,14.5,249.8,347.27,66,100.5,0.4,2.956
2034-07-06,20.56,12.07,265.64,311.07,61.4,101.3,0.08,2.133
2034-07-07,22.65,10.07,318.68,301.17,61.3,101.8,0,3.093
2034-07-08,23.65,14.73,312.32,341,74,101.8,0,4.607
2034-07-09,19.56,13,299.49,304.58,69.1,102.2,0.04,2.326
2034-07-10,20.46,12.62,304.56,305.06,63.3,102.4,0.09,2.477
2034-07-11,20.36,11.74,317.95,297.05,66.1,102,0.03,2.595
2034-07-12,24.27,10.66,292.41,315.11,66.3,101.2,0.4,1.649
2034-07-13,20.1,13.56,229.8,322.47,71.9,100.2,0.91,4.118
2034-07-14,21.39,12.42,228.19,329.72,70.2,100.7,1.09,2.68
2034-07-15,20.39,10.48,195.62,325.02,70.7,101.1,0.16,0.604
2034-07-16,23.99,12.56,269.21,315.65,63.1,100.6,0.36,1.545
2034-07-17,22.25,12.14,235.69,320.54,65.7,100.2,0.68,2.929
2034-07-18,19.74,11.87,213.08,316.29,71.7,100.5,2.28,3.313
2034-07-19,20.71,13.31,211.72,327.41,75.3,101.1,1.48,2.534
2034-07-20,21.59,14.05,170.89,357.41,80.9,101.6,1.96,3.543
2034-07-21,24.98,17.58,165.81,378.86,78.2,101.9,0.18,3.328
2034-07-22,27.88,17.99,272.03,359.11,75.4,102,0.06,3.022
2034-07-23,27.41,18.24,258.41,353.09,72.1,101.6,0.02,3.081
2034-07-24,23.09,13.89,174.59,338.93,76.7,101.4,0.33,2.232
2034-07-25,22.52,13.65,259.56,325.67,69.7,101.6,0.07,1.163
2034-07-26,23.4,13,195.41,339.95,72,101.1,0.55,2.488
2034-07-27,24.51,17.4,272.95,348.65,71.4,100.8,0.23,5.02
2034-07-28,25.52,16.76,214.51,356.47,73,101.1,0.26,4.499
2034-07-29,22.83,13.69,248.19,318.06,63.2,101.8,0.12,2.27
2034-07-30,25,10.29,256.75,310.2,65.3,102.2,0.02,0.719
2034-07-31,25.99,11.36,270.06,311.55,61,102.1,0,0.718
2034-08-01,26.98,12.42,283.51,312.96,56.7,102,0,0.716
2034-08-02,28.26,13.45,293.02,317.09,52.3,101.6,0,0.618
2034-08-03,29.82,15.09,298.78,327.55,56.2,101.2,0,0.498
2034-08-04,28.32,15.54,273.6,335.3,61.6,100.7,0.06,3.053
2034-08-05,25.29,14.32,220.64,338.95,74.2,100.8,0.42,1.367
2034-08-06,27.54,12.08,298.06,317.7,67.2,100.5,0,2.68
2034-08-07,20.76,14.98,225.92,324.28,56.7,100.7,0.02,3.98
2034-08-08,20.27,12.89,193.15,321.87,64.2,100.4,1.36,3.053
2034-08-09,18.24,12.19,168.1,311,69.9,100.9,0.22,3.425
2034-08-10,17.87,8.8,167.66,299.58,65,101.6,0.04,1.961
2034-08-11,22.45,7.85,221.83,311.67,63.6,101.7,0.03,2.027
2034-08-12,25.98,13.94,242.85,334.79,70.1,101.8,0.13,2.5
2034-08-13,25.33,13.22,236.93,334.62,73.1,101.9,0,3.534
2034-08-14,24.96,13.87,251.66,335.15,71.1,101.8,0.15,2.4
2034-08-15,27.51,13.05,191.76,355.88,76.3,101.8,0.31,2.114
2034-08-16,25.66,14.81,225.25,350.63,76.2,101.4,0.81,3.579
2034-08-17,20.56,13.3,193.22,321.85,69.6,101.6,0,3.378
2034-08-18,21.44,13.22,236.23,310.04,64.8,101.7,0.03,2.267
2034-08-19,24.06,13.75,194.18,334.57,75.6,101.4,0.04,4.532
2034-08-20,25.64,16.94,240.69,337.51,72.4,101.1,0.05,4.248
2034-08-21,22.48,11.38,254.55,298.66,61.8,101.5,0.26,2.005
2034-08-22,21.99,7.35,251.9,283.36,63.1,101.6,0,0.831
2034-08-23,21.52,8.11,225.13,294.09,59,101,0.03,0.694
2034-08-24,21.98,9.68,205.38,309.23,67,100.7,0.04,1.91
2034-08-25,19.73,11.99,54.47,354.69,93.1,100.1,15.68,1.217
2034-08-26,23.69,16.55,160.73,363.41,79.9,100,0.4,3.673
2034-08-27,19.51,13.66,202.61,310.74,62.9,100.8,0.01,5.413
2034-08-28,20.1,11.79,199.62,298.99,64.7,101.4,0.04,3.611
2034-08-29,22.72,10.84,189.53,330.23,75.4,100.9,0.25,2.106
2034-08-30,18.96,14.28,192.14,318.08,77,100.2,4.47,4.353
2034-08-31,19.16,12.94,187.4,316.74,73.6,100.6,2.32,3.213
2034-09-01,19.36,11.6,182.73,315.96,70.2,100.9,0.17,2.159
2034-09-02,23.87,10.7,228.18,312.3,67.4,100.9,0,1.841
2034-09-03,24.67,14.23,235.56,317,70.7,100.4,0,1.726
2034-09-04,22.09,14.72,202.44,327.34,73.8,100.1,1.05,4.202
2034-09-05,22.76,14.41,156.22,341.41,72.9,100.9,2.94,2.263
2034-09-06,22.07,15.9,174.35,341.17,79.5,100.5,0.29,4.207
2034-09-07,19.82,13.81,191.36,310.71,70.5,100.6,0.28,5.104
2034-09-08,18.4,13.45,186.09,320.5,67.6,101.5,0.14,3.53
2034-09-09,18.68,11.12,186.9,302.84,68.8,101.7,0.06,1.194
2034-09-10,21.66,10.34,178.11,330.53,71.7,101.4,0,2.531
2034-09-11,21.42,12.15,155.51,328.88,76.6,101.3,3.35,0.546
2034-09-12,20.77,11.66,165.88,320.25,74.1,101.5,0,3.297
2034-09-13,24.52,16.43,175.01,345.9,74.4,101.3,0,5.122
2034-09-14,22.56,12.13,91.69,360.86,85.9,101,27.51,3.439
2034-09-15,18.37,10.68,164.75,311.55,72.8,101.8,0.09,0.404
2034-09-16,23.96,15.3,168.13,349.78,66.8,101.7,0.04,0.879
2034-09-17,25.23,13.9,156.32,336.84,76.1,101.4,0,0.659
2034-09-18,25.73,14.7,143.4,349.38,78.5,101.2,0,1.638
2034-09-19,22.76,15.26,140.43,336.38,78,101.5,0.05,3.667
2034-09-20,20.02,11.58,177.88,301.93,75.3,101.9,0.03,0.988
2034-09-21,21.72,9.79,183.93,300.46,76.6,101.7,0,0.236
2034-09-22,25.13,11.98,170.61,334.74,78.2,101.1,0,0.49
2034-09-23,24.88,15.77,137.78,358.86,82.6,101.4,0.18,2.364
2034-09-24,25.48,16.61,124.31,362.66,85,101.5,0.41,0.776
2034-09-25,22.71,13.64,125.89,337.49,81.1,101.5,0.05,2.196
2034-09-26,17.43,11.88,124.1,307.58,71.8,102,0,0.397
2034-09-27,21.59,12.35,166.65,309.21,63.2,101.8,0,2.158
2034-09-28,26.03,12.82,123.8,349.54,74.3,101.3,1.64,0.79
2034-09-29,17.31,9.01,139.02,283.23,68.9,102.4,0.02,2.327
2034-09-30,17.13,6.22,163.16,267.99,71.4,102.9,0,0.134
2034-10-01,17.15,5.78,129.49,295.59,68.3,102.7,0.12,1.384
2034-10-02,17.27,7.5,88.52,323.67,80.6,102,0.26,0.9
2034-10-03,18.48,9.25,136.87,307.64,85.1,101.3,0.04,0.427
2034-10-04,20.59,11.58,119.22,333.46,84.4,100,3.95,1.164
2034-10-05,16.15,10.68,109.4,311.18,77.3,99.1,0.12,0.69
2034-10-06,17.26,11.6,119.13,316.42,69.3,99.9,0.71,2.772
2034-10-07,17.15,9.44,114.67,305.74,69.7,99.8,0.07,2.348
2034-10-08,14.66,10.25,67.22,326.98,81.4,99.6,0.85,1.285
2034-10-09,16.3,10.38,101.49,308.41,74,101.2,0,3.565
2034-10-10,19.3,9.41,120.46,309.02,83,101.7,0,1.872
2034-10-11,19.83,11.87,85.78,334.02,87.6,102,1.89,2.243
2034-10-12,16.44,9.39,119.94,292.99,72.8,102.8,0.04,1.065
2034-10-13,15.33,7.42,106.66,294.78,76.8,103.1,0.08,0.927
2034-10-14,15.34,9.68,106.19,311.49,77.2,102.4,0.02,1.318
2034-10-15,17.49,11.62,82.99,332.99,77.8,101.5,0,3.802
2034-10-16,12.63,6.49,97.18,286.11,62.8,101.7,0.88,1.807
2034-10-17,10.84,5.3,111.05,266.89,61,102.6,0.1,1.813
2034-10-18,14.17,8.04,57.72,332.77,87.6,102.2,2.06,3.074
2034-10-19,15.8,11.29,57.83,345.17,86.1,102,0.28,1.002
2034-10-20,15.87,11.28,64.17,340.15,83.9,102,0.28,1.035
2034-10-21,16.24,10.98,85.22,328.76,83.8,101.9,0.04,1.575
2034-10-22,14.66,10.77,79.83,319.82,81.4,100.7,0.27,4.375
2034-10-23,10.91,5.48,75.52,292.57,70.6,99.8,6.17,2.468
2034-10-24,9.73,3.61,79.14,268.99,67.6,100.7,0.18,2.295
2034-10-25,10.55,4.28,37.5,308.76,85.3,99.7,2.04,2.234
2034-10-26,12.78,7.45,64.49,292.55,76,99.3,0.06,4.548
2034-10-27,12.51,7.33,84.1,293.33,72.3,99.7,5.99,3.685
2034-10-28,13.94,7.84,36.47,335.16,90.8,100.1,4.23,1.389
2034-10-29,17.44,12.93,51.37,341.16,83.5,99.9,0.42,1.804
2034-10-30,17.37,15.8,32.01,364.97,89.5,99.7,2.82,2.14
2034-10-31,16.94,13.12,53.6,332.49,85.1,99.8,1.49,1.489
2034-11-01,16.5,10.44,75.47,299.73,80.7,100,0.17,2.079
2034-11-02,13.39,9.11,73,281.98,75.6,100.8,0,3.61
2034-11-03,14.7,8.99,44.79,308.17,87.2,101.4,0.07,0.966
2034-11-04,12.51,8.01,41.32,313.74,84.7,100.8,2.1,2.971
2034-11-05,16.8,8.4,19.81,339.23,90.1,99.3,13.73,0.37
2034-11-06,11.63,7.88,53.69,309,73.8,101.1,0.11,2.001
2034-11-07,10.67,4.99,51.04,292.14,80.4,102.5,0.08,0.133
2034-11-08,10.7,5.09,43.53,308.37,80.9,102.4,0.1,1.105
2034-11-09,13.28,7.57,42.05,330.27,88.8,101.6,4.51,1.449
2034-11-10,11.93,7,25.13,320.15,92.4,101.9,1.03,0.927
2034-11-11,13.91,6.16,55.09,314.85,86.4,101.1,0.74,2.642
2034-11-12,13.81,8.46,56.36,300.33,65.9,100.8,0.4,6.237
2034-11-13,8.94,5.21,45.95,296.58,81.9,102.3,0.95,1.762
2034-11-14,8.69,3.95,28.65,301.57,79.1,102.4,0.17,0.706
2034-11-15,8.89,3.62,58.9,280.21,80.6,101.7,0.04,1.038
2034-11-16,7.56,3.79,44.92,291.81,84.3,101.3,0.07,1.101
2034-11-17,9.38,3.25,45.57,302.24,88.9,101.9,0.12,1.332
2034-11-18,10.84,7.49,26.08,336.81,95.2,101.8,2.14,2.148
2034-11-19,9.91,5.98,32,318.54,91.7,101.1,0.42,2.69
2034-11-20,10.27,6.63,23.78,333.44,93.5,101.3,0.51,2.292
2034-11-21,7.05,4.2,30.72,296.08,82.7,101.9,0.16,1.789
2034-11-22,7.67,3.91,25.49,303.36,84.5,101.7,0.69,0.976
2034-11-23,8.16,4.22,24.12,310.03,92.2,102,1.35,1.525
2034-11-24,7.39,4.8,27.98,305.06,87,102.4,0.6,1.641
2034-11-25,7.06,3.48,28.26,295.13,75.3,102.5,0.02,0.553
2034-11-26,10.06,1.51,31.39,286.42,91.3,101.9,0.08,2.11
2034-11-27,8.89,5.22,27.78,308.52,92.9,102.1,0.08,0.653
2034-11-28,8.95,6.14,19.48,324.07,93.8,102.3,2.16,1.569
2034-11-29,8.12,3.9,46.45,285.4,88.6,102,0.05,1.312
2034-11-30,9.98,5.5,28.8,300.01,90.5,101.4,0.55,2.275
2034-12-01,8.88,5.12,24.96,284.77,79.2,101,4.42,4.363
2034-12-02,13.54,5.39,24.71,319.28,81.2,100.7,0.43,4.925
2034-12-03,15.64,7.31,23.45,331.88,82,99.3,4.36,6.751
2034-12-04,7.93,4.74,39.31,265.98,74,100.5,1.18,3.954
2034-12-05,10.09,4.98,34.12,291.93,79.3,101.4,2.52,5.717
2034-12-06,8.49,5.23,40.85,293.76,87.2,102.3,0.55,2.261
2034-12-07,9.86,6.84,21.66,307.1,90.6,101.9,1.3,2.182
2034-12-08,10.31,5.31,25.32,304.24,88.8,100.4,5.2,3.924
2034-12-09,6.1,3.82,15.27,279.85,74,99.8,2.05,5.63
2034-12-10,6.08,2.6,23.59,289.96,78.3,100.7,0.64,3.963
2034-12-11,7.38,0.48,32.8,278.18,81.3,100.6,1.32,2.235
2034-12-12,10.03,0.13,21.28,283.77,86.4,101,0.35,2.55
2034-12-13,10.66,4.4,33.69,284.3,79.9,99.4,1.01,4.796
2034-12-14,6.36,2.74,27.02,274.02,77.1,98.9,0.16,3.655
2034-12-15,3.83,1.5,18.95,282.31,84.6,98.8,3.93,1.534
2034-12-16,5.12,-2.73,39.31,233.78,86.9,100.7,0,2.104
2034-12-17,5.57,-2.54,9.57,285.2,94.2,100.5,5.08,0.597
2034-12-18,11.15,4.58,13.62,300.67,91.6,100.4,2.14,3.593
2034-12-19,12.63,6.2,15.36,328.94,90.9,100.6,3.27,1.945
2034-12-20,12.73,4.84,32.1,291.59,73.8,101.5,0.86,3.639
2034-12-21,8.25,4.28,21.13,305.49,74.6,102.6,0.1,1.502
2034-12-22,6.91,3.53,22.75,308.42,86.9,102.2,1.04,2.41
2034-12-23,5.36,2.63,27.39,293.74,89,102,0.32,2.298
2034-12-24,3.24,1.76,19.93,299.84,88.1,101.7,0.63,1.611
2034-12-25,2.08,-2.18,27.87,267.08,87.1,101.7,0.19,0.527
2034-12-26,8.15,-0.31,30.16,283.38,91.1,101.7,0,1.114
2034-12-27,10.9,3.15,23.45,295.7,90.6,101.2,3.33,1.844
2034-12-28,12.03,3.25,10.28,313.02,89.6,101.3,2.72,2.778
2034-12-29,8.65,4.6,21.95,273.79,75.5,101.3,0.48,4.943
2034-12-30,13.95,4.38,11.87,324,85.8,100.5,3.32,4.006
2034-12-31,13.87,5.71,21.4,311.8,76.3,100,2.39,6.562
2035-01-01,13.8,7.04,30.97,299.8,66.9,99.6,1.46,9.161
2035-01-02,9.79,6.78,25.27,303.51,72.7,99.9,5.1,5.612
2035-01-03,9.2,5.31,18.09,292.57,71.3,99.1,2.47,7.906
2035-01-04,10.21,4.56,29.7,294.43,84.1,98.7,6.67,2.895
2035-01-05,7.75,3.35,36.57,271.43,74.9,100.6,1.68,4.763
2035-01-06,8.48,3.25,6.07,310.84,86.3,100.9,4.78,1.408
2035-01-07,7.89,1.21,19.38,285.07,92.3,99.6,1.33,1.457
2035-01-08,5.58,-0.64,41.94,265.77,92.1,100.7,0.11,2.234
2035-01-09,6.98,3.46,34.21,280.81,82.4,101.7,0.04,2.232
2035-01-10,10.43,4.25,18.34,302.88,87.2,101.3,0.49,2.862
2035-01-11,12.49,9.48,24.14,328.35,84.9,101.1,0.71,6.12
2035-01-12,13.45,11.47,27.79,340.27,85.5,100.9,2.07,6.059
2035-01-13,13.02,10.97,22.79,344.57,85.4,100.4,1.82,4.419
2035-01-14,11.28,0.62,14.26,285.62,85.8,100.5,15.51,1.306
2035-01-15,3.85,-2.3,48.89,245.74,80.5,102.1,0.03,0.221
2035-01-16,8.97,3.75,21.44,310.57,87.1,101.6,2.28,1.202
2035-01-17,8.08,1.59,36.41,290.42,95.5,102.3,0.34,0.754
2035-01-18,11.73,7.43,23.76,335.09,91.4,101.1,6.08,1.906
2035-01-19,7.28,2.67,52.35,247.77,82.9,101.9,0,1.765
2035-01-20,6.15,-0.36,57.28,242.15,81.8,103.6,0.08,0.767
2035-01-21,4.21,1.26,33.62,291.6,83.2,103.8,0.76,2.942
2035-01-22,1.85,-1.59,35.71,273.49,85.8,103.3,0.46,1.387
2035-01-23,5.37,-2.11,43.06,263.29,89.9,102.8,0,0.676
2035-01-24,10.98,5.05,16.35,311.26,86.8,101.4,0.2,4.643
2035-01-25,11.26,6.33,24.25,328.11,89.3,100.9,5.14,1.039
2035-01-26,12.29,7.9,18.59,323.47,85.9,99.8,2.94,4.08
2035-01-27,8.42,3.85,34.52,301.9,81.9,99.7,2.67,2.059
2035-01-28,3.77,-2.44,66.07,226.4,68.6,103.3,0,1.639
2035-01-29,5.13,-2.85,59.26,256.26,78.2,103.6,0.02,1.705
2035-01-30,9.28,4.58,47.12,303.95,86.4,102.9,0.2,3.206
2035-01-31,9.9,6.49,36.01,313.51,87,102.2,0.24,3.417
2035-02-01,12,8.02,29.3,325.41,85.9,101.3,1.01,3.292
2035-02-02,10.94,9.67,36.82,326.32,79.9,100.1,0.26,2.811
2035-02-03,10.36,5.16,26.68,319.26,86.4,98.5,6.99,1.684
2035-02-04,7.74,2.51,68.58,265.26,82.2,98.5,5.48,1.934
2035-02-05,8.02,0.78,68.1,261.79,79.9,99.2,0.14,0.802
2035-02-06,6.94,-1.93,69.94,261.07,84.4,100.2,0.08,0.668
2035-02-07,8.04,4.84,34.76,302.92,86.3,99.8,1.81,2.984
2035-02-08,7.42,3.75,54.96,280.26,73.2,100.3,0.11,3.749
2035-02-09,12.51,3.68,39.02,314.75,88.4,99.1,3.1,2.813
2035-02-10,8.41,4.44,66.09,277.01,72.1,98.9,0.5,5.676
2035-02-11,7.12,3.52,83.38,259.63,69.9,99.5,0.4,5.988
2035-02-12,8.01,2.13,86.24,249.02,76.5,99.9,0.04,4.023
2035-02-13,5.7,1.27,10.56,297.35,89.3,98,13.65,3.77
2035-02-14,6.85,2.99,46.52,300.55,85,98.6,0.4,2.892
2035-02-15,8.91,1.82,38.9,295.6,91.9,99.2,2.05,0.999
2035-02-16,9.72,6.72,41.17,328.62,93.6,97.8,6.44,1.788
2035-02-17,8.35,4.92,76.78,297.38,82.4,100.8,0.05,0.307
2035-02-18,14.84,7.03,65.61,320.45,85.7,101.5,0.06,2.662
2035-02-19,12.19,4.22,86.22,289.3,86.8,102.5,0,0.543
2035-02-20,13.07,9.54,67.35,331.7,90.6,102.2,0.21,0.895
2035-02-21,14.09,7.6,97.09,299.64,84.6,101.2,0.17,1.448
2035-02-22,12.32,7.42,66.06,308.64,85.6,100.2,0.77,3.191
2035-02-23,13.77,9.65,116.47,299.92,76.8,100.4,1.15,5.327
2035-02-24,11.75,9.27,30.41,331.28,88.7,98.8,3.8,2.174
2035-02-25,9.47,4.1,63.87,298.47,77.8,98.2,2.71,4.363
2035-02-26,6.62,0.73,99.64,260.21,75.4,98.9,3.31,4.36
2035-02-27,5.69,-0.74,97.33,249.32,76.1,99,1.38,3.214
2035-02-28,6.24,-1.48,96.41,249.21,76.9,99.1,0.2,2.563
2035-03-01,7.41,-0.03,125.15,244.4,68.1,99.5,0.03,4.305
2035-03-02,6.84,0.63,81.83,275.96,76.2,99,0.48,3.378
2035-03-03,5.78,0.17,74.14,273.7,77.5,99.3,1.15,3.381
2035-03-04,7.79,0.55,105.79,262.32,70.7,99.6,0.11,3.383
2035-03-05,7.26,-1.76,113.83,253.38,69.7,99.6,0.04,1.57
2035-03-06,7.87,0.83,126.59,268.45,67.6,100,0.05,1.628
2035-03-07,7.92,2.4,55.37,306.72,78.3,99.8,0.77,2.691
2035-03-08,14.32,7.4,69.43,329.76,89.8,98.4,8.56,1.341
2035-03-09,12.32,7.81,117.98,293.65,79.4,98.4,3.02,3.616
2035-03-10,11.61,7.12,95.44,293.6,79,99.2,1.6,3.861
2035-03-11,12.9,7.54,127.06,291.5,76.3,100.7,0.08,4.184
2035-03-12,13.75,6.85,113.3,293.63,75.5,100.9,0,2.695
2035-03-13,13.26,7.5,100.32,303.33,73.7,100,0.35,3.102
2035-03-14,13.85,5.89,79.55,322.47,88.8,100.2,4.47,0.85
2035-03-15,13.73,5.92,172.05,276.43,76.2,101.1,1.4,1.164
2035-03-16,14.21,6.05,173.56,261.77,73.8,102,0,1.109
2035-03-17,14.48,6.39,143.79,291.44,76.6,101.7,1.08,1.696
2035-03-18,13.49,8.44,86.54,320.66,80.9,101.6,0.72,1.317
2035-03-19,13.26,6.14,167.71,278.57,71.1,102,0,3.467
2035-03-20,12.84,8.13,92.27,320.94,82.2,101.5,0.57,1.746
2035-03-21,11.92,7.47,95.99,311.65,79.2,100.1,4.95,1.366
2035-03-22,11.04,6.21,111.42,303.32,79,98.4,10.7,1.56
2035-03-23,7,5.42,21.92,320.66,87.6,96.2,29.23,1.046
2035-03-24,8.87,5.29,53.33,320.2,79.7,97.1,1.46,6.965
2035-03-25,9.84,5.06,73.61,315.39,82.3,98.6,3.81,4.108
2035-03-26,9.61,4.43,111.58,298.8,73.9,100.1,0.19,2.172
2035-03-27,8.88,4.34,127.91,284.95,73.3,99.6,2.85,4.549
2035-03-28,8.9,3.97,139.47,283.38,76.4,100,2.56,2.64
2035-03-29,9.4,3.08,137.87,281.57,74.1,100.1,0.81,4.766
2035-03-30,7.87,1.5,178.06,264.83,62.4,100.8,1.19,1.911
2035-03-31,7.47,-2.18,176.43,243.02,65.2,101,0,0.715
2035-04-01,7.62,1.36,158.03,269.06,63.9,100.4,0.07,2.242
2035-04-02,6.9,3.54,117.86,282.09,60.7,100.4,0.03,3.504
2035-04-03,7.74,0.93,103.6,285.64,71.6,100.1,2.18,0.743
2035-04-04,8.71,0.61,143.52,273.24,67.9,100.6,1.09,0.876
2035-04-05,7.29,1.66,95.33,285.61,74.7,100.6,4.99,2.734
2035-04-06,7.89,1.64,114.44,290.9,81.1,100.4,4.85,2.178
2035-04-07,7.26,1.81,102.77,295.6,75.2,100.9,1.27,2.506
2035-04-08,7.43,1.45,96.39,293.57,69.6,100.9,0.1,1.374
2035-04-09,7.64,0.49,127.64,280.54,70,100.7,0.03,1.013
2035-04-10,8.45,2.64,123.65,286.71,76.6,100.4,0.94,1.323
2035-04-11,8.53,0.83,137.58,278.76,77,100.1,0.58,0.659
2035-04-12,6.24,1.25,126.4,283.99,80.3,100.1,2.15,0.976
2035-04-13,7.66,-1.47,164.32,255.41,66.2,100.5,0.15,0.766
2035-04-14,6.82,-2.43,152.28,240.53,71.4,101.1,0.04,1.38
2035-04-15,9.82,-2.49,227.11,243.69,63.8,100.9,0.08,1.098
2035-04-16,10.17,2.98,144.51,288.29,75.4,100.5,0.7,2.899
2035-04-17,8.74,4.81,152.65,287.97,72,99.6,2.5,5.527
2035-04-18,8.41,2.61,145.75,281.69,66.5,100.1,1.63,3.501
2035-04-19,9.95,0.67,199.4,252.71,61.2,100.7,0.85,1.234
2035-04-20,10.68,1.84,195.4,272.82,64.6,100.3,0.52,2.046
2035-04-21,9.06,1.97,143.18,277.78,60.8,100.8,0.53,2.636
2035-04-22,11.4,3.56,109.68,315.21,86.4,98.8,10.68,1.131
2035-04-23,8.81,2.54,181.66,266.77,61.9,99.2,0.43,5.742
2035-04-24,9.32,3.38,137.44,279.01,73,98.9,1.95,3.772
2035-04-25,12.1,3.67,183.96,287.32,70.1,99.4,0.21,2.326
2035-04-26,12.13,3.83,133.6,304.71,70.1,100.2,0.28,0.7
2035-04-27,12.58,4.78,154.55,301.83,72.3,100.8,0.37,0.779
2035-04-28,14.65,4.15,210.41,282.42,61.4,101.1,0.09,1.673
2035-04-29,16.26,8.72,154.43,314.46,57.3,101.1,0.04,3.791
2035-04-30,16.31,6.4,278.4,276.65,71.6,101.5,0,1.858
2035-05-01,16.18,6.44,182.71,302.6,74.7,101.9,0.2,0.831
2035-05-02,17.25,5.02,241.99,292.33,74.2,102.2,0,2.155
2035-05-03,16.11,8.5,166.02,321.4,72.9,102.4,0.8,1.379
2035-05-04,12.93,4.94,155.13,294.38,66,102.4,0.33,1.956
2035-05-05,14.47,2.97,215.01,278.97,65.3,102.2,0.11,0.183
2035-05-06,15.62,9.36,211.17,310.34,60.4,101,0.09,1.495
2035-05-07,20.42,8.24,234.33,323.3,75.1,99.7,14.44,0.893
2035-05-08,15.28,10.69,120.89,348.07,90.6,99.3,9.8,0.796
2035-05-09,18.42,8.71,144.13,330.88,85.4,99.2,18.4,1.25
2035-05-10,15,7.6,173.87,307.1,72.4,100.3,0.04,2.054
2035-05-11,13.96,6.6,129.44,319.45,79.1,101.3,1.49,0.821
2035-05-12,8.49,4.88,82.71,309.15,81.9,101.3,8.76,2.185
2035-05-13,11.46,5.85,117.08,325.51,84.8,101.3,5.2,1.465
2035-05-14,11.64,6.3,140.97,322.69,82.9,101.4,1.21,1.106
2035-05-15,13.8,5.88,225.78,294.85,69.4,101,0.14,0.575
2035-05-16,13.49,6.74,147.83,310.98,83.4,100.2,5.24,1.229
2035-05-17,10.73,5.16,177.02,281.88,65.7,100.5,1.42,2.6
2035-05-18,12.12,5.5,171.62,295,57.8,101.5,0.07,3.882
2035-05-19,13.37,7.01,143.31,321.34,79.3,101.1,1.56,3.475
2035-05-20,14.72,8.77,132.5,330.18,83.1,99.8,4.5,1.498
2035-05-21,17.08,10.04,236.28,321,79.7,98.9,2.67,5.568
2035-05-22,13.58,8.79,194.68,313.85,78.4,99.6,4.19,5.628
2035-05-23,14.02,6.87,171.46,307,74,100.3,6.14,2.312
2035-05-24,14.67,7.63,225.73,299.34,76.5,99.2,1.03,1.874
2035-05-25,16.41,8.23,212.22,314.29,73.1,100.3,2.03,1.722
2035-05-26,14.23,9.32,167.01,318.93,80.2,99.2,3.96,3.359
2035-05-27,15.83,9.92,225.91,310.13,73.1,99.3,0.69,5.064
2035-05-28,15.34,8.5,222.19,298.23,73.4,100.6,1.06,4.348
2035-05-29,15.01,7.7,218.28,295.1,71.1,101.9,0.55,3.37
2035-05-30,16.11,7.4,168.3,313.8,72.4,102.2,0.86,2.335
2035-05-31,17.35,8.78,223.54,317.13,74.4,102,1.16,2.689
2035-06-01,18.59,10.16,279.19,320.61,76.4,101.8,1.47,3.125
2035-06-02,20.62,10.59,265.17,325.94,74.5,102.1,0.04,0.225
2035-06-03,22,13.11,241.16,338.84,69.7,101.8,0,0.679
2035-06-04,20.93,11.76,174.75,340.22,78.4,101.3,2.2,1.334
2035-06-05,17.88,9.77,253.59,309.1,68.1,101.2,0,3.755
2035-06-06,19.38,11.65,214.86,341.15,69.2,100.5,0.23,1.81
2035-06-07,20.13,11.28,284.57,317.78,67.2,99.8,0.05,0.876
2035-06-08,19.2,10.63,193.87,328.5,82.3,100,5.88,1.415
2035-06-09,17.51,8.36,173.38,325.99,83.8,100.3,5.24,0.335
2035-06-10,17.96,10.18,248.13,312.14,78.8,100,2.39,1.782
2035-06-11,15.91,10.56,114.3,326.18,86.4,100.6,3.84,2.569
2035-06-12,20.71,11.7,290.26,317.31,69.9,101,0.06,0.988
2035-06-13,22.64,12.32,235.92,342.68,78.9,101.2,3.69,0.421
2035-06-14,21.19,10.21,305.31,301.09,71.3,101.8,0,2.476
2035-06-15,21.55,11.76,234.1,339.68,72.4,102,0.07,2.747
2035-06-16,19.61,12.86,286.36,321.86,71.3,101.6,0.03,3.353
2035-06-17,20.56,11.71,276.36,313.43,65.6,101,0,3.207
2035-06-18,16.15,10.38,199.07,320.06,74.7,99.8,3.68,3.145
2035-06-19,16.73,9.03,221.92,306.71,77.4,100.1,3.33,1.935
2035-06-20,15.67,7.9,220.65,301.58,62.1,101.1,0.06,2.623
2035-06-21,19,9.87,235,332.61,81.5,100.2,7.26,3.7
2035-06-22,17.5,11.52,231.9,321.17,74,100.4,0.33,4.66
2035-06-23,18.43,11.34,256.5,307.73,72.2,101.1,0.87,4.368
2035-06-24,18.39,10.23,254.27,308.08,66.4,101.6,0.07,3.719
2035-06-25,17.66,9.5,263.72,299.59,70,101.4,1.2,2.99
2035-06-26,16.57,9.86,237.57,297.8,68.8,101.2,0.41,3.96
2035-06-27,17.35,9.89,196.31,318.9,72.5,101.2,0.79,3.349
2035-06-28,17.54,10.1,171.8,330.61,86.6,100.6,10.81,0.478
2035-06-29,16.27,9.14,134.32,328.38,90,99.6,8.1,0.678
2035-06-30,19.36,10.9,197.06,340.54,77.8,99.7,11,0.78
2035-07-01,18.75,12.14,263.27,324.45,76.4,99.7,10.78,0.686
2035-07-02,17.57,10.85,249.14,325.82,72.9,100.5,3.21,2.487
2035-07-03,19.09,10.42,140.24,333.86,84.7,100.8,5.64,3.74
2035-07-04,21.28,12.29,284.49,323.17,68.5,101.1,0.02,4.983
2035-07-05,20.43,13.7,130.4,361.96,86.2,100.8,2.79,2.799
2035-07-06,19.59,13.01,300.02,312.19,70.2,100.8,0.44,4.403
2035-07-07,20.09,11.86,288.87,306.54,68.7,101,0,4.01
2035-07-08,19.04,12.7,242.13,318.54,73.1,100.9,0.57,4.32
2035-07-09,19.92,10.6,263.2,310.6,72.4,101.1,0,2.491
2035-07-10,21.34,13.11,281.67,332.31,70.5,101.3,0.15,0.968
2035-07-11,19.05,10.29,267.04,307.09,69.9,102,0.17,0.708
2035-07-12,22.46,10.18,301.68,305.62,71.2,101.9,0.05,0.443
2035-07-13,24.9,12.96,271.86,341.7,70.8,101.9,0,0.381
2035-07-14,24.87,16.87,288.06,353.49,72.2,102.2,0.03,1.821
2035-07-15,25.47,15.52,308.38,326.39,69.3,102.2,0,1.712
2035-07-16,25.01,12.47,341.04,298.86,63.9,101.9,0,0.901
2035-07-17,26.27,15.86,270.6,340.17,66.6,101.6,0.03,1.735
2035-07-18,24,16.92,289.27,339.01,75.5,101.7,0,1.541
2035-07-19,24.43,16.21,239.71,354.53,75.5,101.7,0.05,0.57
2035-07-20,23.8,16.37,270.73,340.61,65.5,101.7,0.07,2.086
2035-07-21,22.36,14.86,162.34,359.73,73.9,101.6,0.12,1.171
2035-07-22,24.42,15.96,217.42,349.76,73.6,101.3,0.07,0.55
2035-07-23,26.64,14.91,264.88,346.82,74.2,101.3,0.22,0.183
2035-07-24,25.18,15.39,256.17,338.17,72.7,101.1,0.41,3.505
2035-07-25,21.39,13.01,262.73,307.61,64,101.1,0.05,3.911
2035-07-26,20.25,13.77,251.32,319.4,67.9,100.5,0.67,6.522
2035-07-27,21.13,13.93,236.9,319.11,66.9,101.1,0.07,4.551
2035-07-28,22.4,12.95,284.71,311.58,71.8,101,0.07,3.559
2035-07-29,21.56,12.83,197.9,337.3,72.6,100.7,1.02,3.252
2035-07-30,22.09,10.67,266.73,303.84,65.9,101.2,0.15,0.321
2035-07-31,21.88,11.43,263.85,307.26,69.4,101.3,1.81,0.184
2035-08-01,21.68,12.18,260.99,309.73,72.9,101.3,3.47,0.244
2035-08-02,23.48,10.35,245.4,321.28,71.9,100.8,5.41,1.271
2035-08-03,20.2,14.56,196.5,344.6,84.8,100.1,12.47,2.139
2035-08-04,19.59,14.35,162.05,347.37,84.5,100.3,8.69,3.737
2035-08-05,21.62,14.03,221.35,341.5,74.1,100.7,1.39,3.692
2035-08-06,19.86,15.2,239.25,333.36,75.2,100.6,0.97,4.306
2035-08-07,20.69,12.96,219.11,327.89,69.7,100.7,0.3,4.114
2035-08-08,19.7,13.82,245.95,326.81,75.6,100.6,2.82,2.373
2035-08-09,20.56,12.65,236.86,316.17,69.5,100.4,0.02,2.341
2035-08-10,21.3,14.52,176.71,351.66,88.4,99.8,15.11,1.217
2035-08-11,18.3,12.96,119.44,350.46,87.4,99.7,21.1,1.396
2035-08-12,19.98,12.17,235.49,313.12,76.9,100.1,0.7,4.363
2035-08-13,21.09,13.64,238.42,319.21,71.7,101.1,0.14,4.446
2035-08-14,23.11,16.16,164.28,375.72,86.1,101,4.25,3.752
2035-08-15,22.03,15.68,253.2,328.13,73.2,100.8,0,3.061
2035-08-16,22.25,15.04,164.81,359.59,76.1,100.5,5.77,1.49
2035-08-17,19.34,14.88,159.92,348.8,87.6,100.6,11.33,1.491
2035-08-18,18.67,12.28,264.87,295.64,70.4,102.1,0,2.137
2035-08-19,21.58,10.79,264.17,299.52,73.5,102.1,0,1.614
2035-08-20,22.43,13.08,211.29,329.03,75.5,101.7,0,2.965
2035-08-21,22.66,15.36,153.39,357.53,82.1,101.4,0.03,2.765
2035-08-22,24.18,14.82,179.71,349.75,82.2,101.3,0,0.101
2035-08-23,25.13,15.44,235.07,331.71,70.1,100.9,0,1.971
2035-08-24,22.2,13.99,100.6,359.68,85.5,100.7,9.36,2.954
2035-08-25,20.01,13.09,199.53,316.26,77.6,100.8,0.14,3.935
2035-08-26,20.91,12.02,181.98,318.78,74.6,101.4,0.08,1.969
2035-08-27,19.83,12.5,146.6,335.17,78.1,101.4,0.43,2.859
2035-08-28,23.17,14.76,168.59,358.9,83.3,101.3,1.28,2.841
2035-08-29,21.85,12.94,171.75,337.46,85.5,101.7,0.3,0.64
2035-08-30,24.32,15.32,185.34,357.27,79.5,101.3,4,1.332
2035-08-31,23.5,15.4,204.94,342.57,81.5,101.1,3.1,0.358
2035-09-01,22.68,15.48,224.82,327.97,83.5,101,2.19,0.832
2035-09-02,22.46,15.81,173.19,353.46,79,101.2,10.54,3.436
2035-09-03,23.14,13.93,209.91,335.19,77.9,101.3,0,1.628
2035-09-04,22.09,15.21,124.29,355.85,89.2,101.3,1.42,0.738
2035-09-05,24.6,15.41,165.42,361.71,84.7,101.4,0.62,0.739
2035-09-06,22.28,15.56,179.14,338.71,78.5,101.5,0.03,2.405
2035-09-07,20.06,12.51,181.06,312.13,71.4,102.3,0.1,0.334
2035-09-08,23.46,11.2,216.06,312.72,74.8,102.3,0,0.533
2035-09-09,24.96,13.8,220.55,321.48,74.4,101.7,0,1.07
2035-09-10,25.47,12.77,205.24,326.61,81.5,101.5,0.08,0.332
2035-09-11,27.91,13.3,212.3,331.16,74.1,101.1,0,0.189
2035-09-12,19.11,11.01,140.45,316.68,68.5,101.7,0.42,1.537
2035-09-13,16.32,9.07,206.94,273.79,64.1,102.7,0,0.84
2035-09-14,18.46,6.71,210.12,276.42,70.6,102.2,0,1.177
2035-09-15,18.98,9.57,110.81,330.17,75.4,101.8,0.34,2.301
2035-09-16,17.74,13.74,84.35,356.96,88.1,101.5,2.48,0.224
2035-09-17,18.89,14.4,73.95,357.89,86.9,100.8,1.83,1.278
2035-09-18,19.86,15.01,75.67,350.28,84.7,100.2,2.36,1.48
2035-09-19,21.97,13.62,158.18,321.01,80,100.8,0.51,1.735
2035-09-20,21.75,11.39,153.27,327.53,81.8,101.5,0,1.643
2035-09-21,20.74,12.39,159.82,326.18,82.9,102,0,0.316
2035-09-22,22.88,13.96,173.62,328.84,75,101.5,0,1.595
2035-09-23,23.18,13.72,107.31,346.39,78.6,100.4,0.56,1.664
2035-09-24,18.97,12.86,158.75,297.45,63.6,100.9,0.13,4.592
2035-09-25,16.44,9.48,109.59,301.76,73.4,101.5,0,2.138
2035-09-26,17.69,7.37,171.04,287.26,74.8,101.7,0,0.215
2035-09-27,19.12,11.5,88.09,352.5,79.2,101.6,0.38,0.743
2035-09-28,20.56,14.13,121.19,351.87,84,101.4,0.25,0.718
2035-09-29,17.77,11.92,124.34,318.65,79.8,101.1,6.99,1.956
2035-09-30,17.1,9.47,133.13,294.13,77.3,101.9,0.03,1.224
2035-10-01,16.15,9.9,88.41,333.63,83.9,102.1,0.07,0.734
2035-10-02,17.05,11.93,104.2,330.65,79.9,101.8,0.07,0.342
2035-10-03,18.13,9.25,99.48,323.67,82.2,100.7,3.1,0.932
2035-10-04,15.25,9.1,125.41,295.7,73.6,100.5,0.03,4.698
2035-10-05,16.26,9.23,120.27,295.48,75.7,101.1,0,3.844
2035-10-06,18.39,10.14,125.94,303.43,74,101.1,0,1.206
2035-10-07,23.51,13.45,132.88,332.95,63.6,100.3,0,2.938
2035-10-08,23,15.27,128.1,324.79,65.9,100.5,0,3.009
2035-10-09,22.09,12.56,138.5,311.22,71,100.6,0.03,2.639
2035-10-10,20.88,11.88,99.15,332.53,82.9,99.8,7.76,1.451
2035-10-11,17.35,13.39,59.1,355.29,86.7,99.6,4.6,2.288
2035-10-12,17.09,13.19,104.9,311.53,74.3,99.8,0.6,3.375
2035-10-13,18.4,12.19,96.92,318.31,80.5,101.1,0.09,1.268
2035-10-14,20.91,14.21,101.4,345.66,82.8,101.2,0.02,1.64
2035-10-15,20.11,15.08,78.52,352.4,87.6,101.2,4.3,1.391
2035-10-16,21.79,15.27,93.5,348.94,85.5,100.7,0.43,1.607
2035-10-17,18.96,11.91,97.47,317.55,81.6,100.7,0,1.801
2035-10-18,17.33,11.82,87.54,338.21,83.7,101.2,0.97,0.777
2035-10-19,16.95,13.12,64.25,352.73,85.1,101.6,0.15,2.256
2035-10-20,14.78,11.48,66.89,332.87,85.4,101.2,0.3,1.671
2035-10-21,15.13,9.6,75.66,323.4,82.5,101.2,0.15,0.929
2035-10-22,15.37,10.8,65.19,337.07,82.3,101.5,0.12,1.709
2035-10-23,15.6,11.3,60.27,344.17,87.2,101.2,0.21,1.529
2035-10-24,14.08,11.62,46.36,344.83,88.5,101.2,0.29,1.358
2035-10-25,15.62,11.61,53.22,337.03,88.1,101.2,0.25,1.389
2035-10-26,17.69,12.01,57.88,347.09,90.1,100.7,0.08,1.019
2035-10-27,18.78,13.9,51.67,359.91,90.8,100,1.37,2.149
2035-10-28,18.51,10.17,52.99,333.13,88.9,99.4,2.5,1.06
2035-10-29,13.4,8.8,32.98,318.26,85.4,100.7,0,0.384
2035-10-30,13.29,7.13,62.58,291.4,84.5,101.4,0,0.283
2035-10-31,13.29,7.52,45.32,318.72,89.1,101.3,1.73,0.443
2035-11-01,13.29,7.9,27.96,347.84,93.7,101.3,3.45,0.734
2035-11-02,14.03,11.38,33.71,339.08,93.2,100.9,2.57,0.241
2035-11-03,14.54,7.92,83.39,276.87,82.7,101.6,0,2.843
2035-11-04,14.41,7.52,58.91,309.34,85.4,101.7,0,1.077
2035-11-05,16.11,11.84,39.98,340.92,88.8,100.3,1.31,1.527
2035-11-06,13.63,9.32,35.82,328.29,88,100.3,0.9,2.797
2035-11-07,12.24,8.63,38.13,325.58,74,100.4,1.28,2.641
2035-11-08,13.11,8.74,33.42,339.02,92.4,100.9,0.21,1.067
2035-11-09,14.5,11.77,28.88,349.12,89.3,100.3,0.85,2.678
2035-11-10,15.68,12.11,19.15,350.13,93.7,99.9,6.68,1.744
2035-11-11,15.66,11.48,35.26,338.36,92.4,100.4,3.6,1.457
2035-11-12,14.79,8.82,30.71,321.14,89,100.1,4.98,2.11
2035-11-13,13.15,7.55,62.68,281.82,83.3,100.6,0,1.724
2035-11-14,16.2,11.49,30.78,341.97,87.6,100.6,0.08,2.253
2035-11-15,14.03,9.64,32.77,315.99,91.6,100.8,6.96,0.919
2035-11-16,14.64,9.44,30.57,315.48,87.3,101.2,0.03,1.436
2035-11-17,13.53,5.95,15.16,309.27,89.9,101.7,7.73,1.379
2035-11-18,10.98,4.5,49.56,267.86,85.5,102.3,0,1.825
2035-11-19,13.39,6.24,38.83,307.12,82.4,102,3.39,1.754
2035-11-20,14.03,9.84,48.93,299.39,79.5,100.9,1.86,5.128
2035-11-21,13.69,7.7,41.45,289.78,69.4,100.7,2.8,5.736
2035-11-22,13.27,7.57,14.3,312.68,78.3,100.1,7.28,4.135
2035-11-23,9.26,5.27,42.38,272.28,68.5,99.8,0.14,6.806
2035-11-24,8.2,5.08,41.4,281.49,77.6,100.2,0.29,4.34
2035-11-25,13.94,7.15,27.51,324.03,82.2,99.4,1.47,7.984
2035-11-26,15.07,8.97,26.73,339.15,86.7,99.4,4.55,5.123
2035-11-27,14.48,6.13,40.87,314.1,85,99.4,3.37,4.431
2035-11-28,13.81,5.14,13.46,310.82,86.5,100.8,1.21,2.404
2035-11-29,10.32,7.78,44.38,271.75,60.8,100.6,0,6.211
2035-11-30,8.39,5.88,28.46,288.81,66.8,101,0.19,5.229
2035-12-01,11.37,4.44,17.67,315.06,88.4,101.1,2.88,2.134
2035-12-02,11.65,8.07,40.77,293.59,91.3,101.3,0.71,2.004
2035-12-03,14.17,10.16,23.16,343.42,91,100.7,5.26,2.071
2035-12-04,13.55,7.6,34.22,301.97,88.9,100.2,0.26,1.193
2035-12-05,9.46,6.62,17.85,321.37,94.7,98.9,4.77,0.566
2035-12-06,8.73,5.32,30.62,295.66,82.3,99,0.95,3.478
2035-12-07,8.31,4.46,14.29,295,93.4,97.6,3.72,1.096
2035-12-08,7.98,4,22.24,300.35,94.6,97.7,2.58,2.337
2035-12-09,6.63,3.8,31.39,275.12,88.7,98.4,0.61,3.207
2035-12-10,6.81,1.23,27.84,270.49,87.3,98.6,0.47,2.252
2035-12-11,6.5,0.63,33.52,269.18,90,99.4,0.16,1.704
2035-12-12,7.08,1.48,29.31,293.71,84.1,100.3,0.69,2.509
2035-12-13,2.99,-3.35,40.49,230.96,84.1,100.6,0,0.87
2035-12-14,3.77,-1.31,23.61,289.35,92.7,100.8,0.05,0.487
2035-12-15,7.22,1.84,22.92,285.85,90.5,100.6,0.07,1.248
2035-12-16,10.05,5.05,14.74,327.02,93.2,99.9,0.28,2.398
2035-12-17,14.6,10.08,20.45,343.14,90.4,98.9,3.71,2.346
2035-12-18,14.97,11.54,23.57,324.46,82.2,99.1,0.18,2.72
2035-12-19,12.37,9.24,10.85,324.06,88.8,98.9,23.84,1.766
2035-12-20,10.54,7.53,36.68,280.12,81,100.1,1.36,3.368
2035-12-21,12.6,6.45,19.6,302.89,83.7,99.9,3.58,4.138
2035-12-22,13.26,6.58,15.85,319.95,83,97.8,9.97,4.86
2035-12-23,7.7,4.83,37.84,260.27,65.9,99.2,0,5.79
2035-12-24,9.21,4.43,15.02,301.1,83.1,98.5,3.91,2.097
2035-12-25,7.17,3.56,25.29,262.76,75.5,98.1,0.01,3.767
2035-12-26,11.03,4.24,30,286.94,77.7,99.6,0.72,3.823
2035-12-27,12.82,5.73,25.35,313.41,84.7,99.7,2.77,5.892
2035-12-28,8.01,5.13,27.32,280.5,66.6,100.5,0.21,5.708
2035-12-29,12.2,4.99,25.11,310.86,74.6,98.7,4.26,6.992
2035-12-30,8.12,5.11,14.43,307.93,69.8,98.9,1.32,10.859
2035-12-31,7.94,4.76,22.88,296.03,71.8,99.9,0.71,8.075
2036-01-01,7.75,4.41,31.32,283.35,73.9,101,0.1,5.297
2036-01-02,11.59,4.77,27.8,305.01,82.8,101.2,0.02,2.887
2036-01-03,11.02,6.65,25.83,305.08,80.5,100.3,0.56,2.109
2036-01-04,11.89,6.24,21.65,316.49,91,100.2,8.14,1.217
2036-01-05,13.49,8.11,15.29,313.94,84.1,100,4.12,2.924
2036-01-06,10.3,6.5,41.29,265.17,81.4,101.5,0,1.556
2036-01-07,9.23,4.92,30.97,295.37,83.4,100.2,4.43,1.892
2036-01-08,7.41,4.55,29.38,280.8,83.5,101.4,0.44,4.221
2036-01-09,8.28,3.88,27.83,301.42,87.4,102.3,0.13,1.726
2036-01-10,7.61,5.69,17.65,326.8,95.1,102,3.72,0.502
2036-01-11,9.69,6.17,28.55,303.37,93.2,101.9,0.5,1.957
2036-01-12,8.07,5.29,18.66,317.8,94.8,102.5,2.95,0.581
2036-01-13,5.73,1.49,35.38,276.11,90.8,103.1,0.05,1.68
2036-01-14,5.08,-1.3,49.26,249.38,87.6,103.8,0.02,0.917
2036-01-15,4.48,-1.11,41.33,272.25,86.3,103.9,0.04,0.773
2036-01-16,4.56,0.4,34.45,284.05,91.1,103.1,0.67,0.525
2036-01-17,6.02,-0.35,28.96,292.7,95.2,102.3,1.01,0.387
2036-01-18,4.91,2.1,26.09,305.62,96.7,101.7,0.43,0.412
2036-01-19,6.42,2.96,28.04,305.59,95.2,101.7,0.4,0.58
2036-01-20,5.93,2.13,31.6,300.83,92.6,101.8,0.08,0.995
2036-01-21,6.11,3.65,35.57,295.83,74.7,101.5,0.03,3.278
2036-01-22,5.64,2.32,31.34,292.34,70.6,101.1,0.07,3.365
2036-01-23,5.81,3.59,36.11,298.34,83.3,101.5,0.38,2.233
2036-01-24,4.87,1.99,33.94,288.9,84.1,101.9,0,1.304
2036-01-25,4.5,1.2,31.13,290.66,81.6,101.9,0.06,2.12
2036-01-26,5.07,0.56,44.49,272.11,87.1,102.1,0,0.569
2036-01-27,3.81,-3.87,64.87,225.4,76,102.7,0,1.132
2036-01-28,5.85,0.27,31.57,294.16,88.5,102.4,1.36,2.544
2036-01-29,6.29,1.83,40.44,298.02,93.9,102.5,0.27,0.299
2036-01-30,4.99,0.98,42.58,289.21,88.9,102.4,0.17,0.177
2036-01-31,5.11,1.97,30.62,303.33,94.3,102,0.5,1.802
2036-02-01,5.64,1.83,38.68,301.71,85,101.3,0.14,2.961
2036-02-02,3.25,0.17,63.73,269.76,75.7,101,0.2,3.327
2036-02-03,2.28,-0.59,50.96,276.24,73.7,100.9,0.46,4.171
2036-02-04,2.9,-0.89,64.62,268.7,70.9,99.7,1.2,4.889
2036-02-05,1.81,-1.58,23.66,287.02,83.8,99.5,0.91,1.893
2036-02-06,2.45,-2.15,39.1,288.17,88,100.3,1.09,1.57
2036-02-07,8.53,2.07,39.05,307.06,92.4,100.2,2.4,3.212
2036-02-08,11.75,5.61,55.83,310.15,84,99.9,0.02,3.485
2036-02-09,12.31,7.37,71.13,306.45,87.9,101,0.04,1.531
2036-02-10,8.24,1.47,75.36,282.31,81.7,101.6,0.31,2.991
2036-02-11,6.29,-0.58,97.65,233.77,71.7,101.9,0.01,2.465
2036-02-12,4.64,-2.11,95.67,230.94,86.1,101.5,0,0.677
2036-02-13,7.55,0.65,33.52,302.83,88.1,100.8,0.75,0.947
2036-02-14,3.06,-0.55,46.84,275.36,75.5,101.6,0.07,1.606
2036-02-15,5.29,-0.69,56.14,280.51,74.2,101.6,0.03,3.82
2036-02-16,4.43,0.36,50.04,289.1,86.5,100.4,4.65,1.439
2036-02-17,2.93,-0.58,86.39,262.56,81.3,99.2,2.1,0.95
2036-02-18,4,-4.38,108.99,215.99,71.5,99.8,0,1.786
2036-02-19,4.69,-1.52,97.01,240,74.7,100,0.51,1.42
2036-02-20,4.99,-2.6,110.57,227.18,73.3,99.9,0,0.74
2036-02-21,4.29,-2.72,110.1,226.13,76.3,99.4,0,0.842
2036-02-22,4.92,-2.73,89.53,242.01,74.9,99.5,0.15,2.52
2036-02-23,7.4,-1,41.64,288.71,85.9,100,4.3,1.258
2036-02-24,10.09,5.14,71.87,296.52,88.1,100.2,3.15,2.432
2036-02-25,10.35,2.82,128.69,262.87,74.2,99.8,0.06,2.182
2036-02-26,10.51,6.1,102.26,289.67,81.9,99.4,3.9,1.982
2036-02-27,12.13,6.6,69.6,304.25,86.3,98.9,2.56,3.021
2036-02-28,12.23,6.57,99.65,282.84,82.3,99.4,5.59,1.361
2036-02-29,11.97,5.76,106.88,276.15,83.4,99.7,2.8,1.218
2036-03-01,11.71,4.94,114.13,272.33,84.5,100,0,1.081
2036-03-02,10.7,6.16,25.94,326.62,90.9,98.8,10.1,4.185
2036-03-03,10.9,7.78,75.06,311.17,81.7,98.6,1.97,2.157
2036-03-04,11.89,5.67,116.32,292.55,85.2,100.3,0.04,0.868
2036-03-05,12.13,9.24,31.07,345.31,94.4,100.1,8.84,2.144
2036-03-06,14.51,9.03,128.45,302.36,82.8,100.3,1.69,1.646
2036-03-07,13.08,9.11,71.29,323.7,84.1,100.1,2.54,1.912
2036-03-08,12.82,4.94,114.3,304.89,74,98.9,13.18,3.028
2036-03-09,11.68,5.2,83.19,295.07,75.3,99.7,0.67,4.055
2036-03-10,9.53,6.75,27.12,315.09,92.1,99.4,14.37,0.403
2036-03-11,12.22,5.51,137.46,272.16,77.7,101.1,0.02,3.083
2036-03-12,13.26,5.69,91.31,314.21,85.9,100.8,0.05,2.912
2036-03-13,15.97,7.46,132.39,293.71,69.5,99.9,0.36,2.498
2036-03-14,12.31,3.91,156.88,258.8,66.5,102,0,0.742
2036-03-15,11.49,6.96,75.81,299.29,80.8,100.7,3.64,1.578
2036-03-16,10.71,3.67,152.78,258.71,69.5,101.2,0.41,4.611
2036-03-17,10.55,1.83,122.86,279.02,70.6,101.9,0.07,0.639
2036-03-18,9.92,0.19,135.08,272.15,76.3,102.5,0.06,1.11
2036-03-19,8.88,5.07,98.57,303.12,71.7,102.5,0.1,2.067
2036-03-20,7.2,3.97,85.48,305.51,78.2,102.3,3.97,1.97
2036-03-21,9.37,3.49,110.73,300.26,83.6,102.3,3.03,0.849
2036-03-22,11.44,3.34,144.07,283.54,77,102.2,0.08,0.872
2036-03-23,10.55,4.81,102.59,300.3,79.5,101.8,1.14,1.125
2036-03-24,9.66,4.87,81.11,315.42,88.2,101.1,0.72,2.117
2036-03-25,8.86,4.77,47.36,321.65,91.1,99.5,22.08,2.529
2036-03-26,6.87,4.53,63.75,315.09,88.1,99.3,4.18,3.179
2036-03-27,7.98,4.48,91.68,311.44,84.9,99.6,1.75,3.575
2036-03-28,6.92,3.21,99.63,294.92,77,100.4,0.89,3.082
2036-03-29,6.66,1.25,119.94,276.79,69.8,101.4,0.21,0.12
2036-03-30,8.98,2.08,130.44,282.32,65.4,101.3,0.1,1.423
2036-03-31,9.37,3.46,79.8,297.28,83.1,99.9,5.58,1.246
2036-04-01,9.61,2.43,115.6,289.4,83.1,99.8,0.43,0.479
2036-04-02,11.27,1.67,124.97,280.17,80.5,99.5,2.18,1.947
2036-04-03,11.08,4.76,143.72,286.72,71.8,99.8,1.74,2.188
2036-04-04,12.19,8.31,161.02,307.75,73.8,98.8,6.89,2.384
2036-04-05,13.7,7.54,176.39,285.9,66.8,99.2,0.32,2.227
2036-04-06,13.64,6.47,161.56,300.63,80.7,99.7,2.46,1.767
2036-04-07,13.45,6.99,140.11,304.02,86.9,100.5,3.35,2.027
2036-04-08,12.61,5.37,162.9,301.17,88.7,100.5,7.56,1.617
2036-04-09,10.89,6.29,141.83,314.69,79.4,100.5,4.82,0.984
2036-04-10,11.1,4.52,193.26,272.26,67.4,101.4,0.11,0.692
2036-04-11,12.11,4.62,124.66,315.43,75,101.7,1.14,1.972
2036-04-12,13.88,8.39,139.69,321.91,81.3,101.1,3.63,0.144
2036-04-13,11.57,5.87,79.47,305.43,84.8,100.1,11.19,0.843
2036-04-14,12.29,4.29,181.52,275.92,63,100.5,0.1,2.169
2036-04-15,12.04,6.69,103.86,313.53,81.6,100,2.37,2.092
2036-04-16,12.62,5.69,118.01,302.77,84.4,100.2,2.84,1.868
2036-04-17,15.15,10.59,127.99,336.9,88.4,100,4.92,1.926
2036-04-18,15.44,8.38,206.46,290.24,78.4,100.5,1.75,1.829
2036-04-19,14.5,8.32,195.58,285.72,76.6,101.1,1.52,1.552
2036-04-20,14.51,7.24,187.44,283.37,71.5,101.4,0.11,3.532
2036-04-21,14.31,7.5,162.44,315.05,81,100.6,3.46,1.387
2036-04-22,12.85,7.07,122.6,313.72,84,99.7,2.62,2.529
2036-04-23,12.42,6.27,128.2,300.46,79.7,98.7,2.3,5.912
2036-04-24,12.53,7.83,160.03,300.85,72.3,99.5,1.53,5.638
2036-04-25,12.79,6.53,167.16,295.19,76.2,99.1,0.33,4.041
2036-04-26,13.1,7.02,165.69,310.13,83.2,99.8,3.79,2.09
2036-04-27,12.19,5.45,161.62,292.05,69.7,100.9,1.76,3.208
2036-04-28,13,5.47,157.41,306.57,76,101.1,1.14,1.204
2036-04-29,17,8.44,174.01,329.23,85.4,100.6,3.72,1.518
2036-04-30,17.87,6.97,196.35,318.34,78,100.8,0.16,0.901
2036-05-01,17.68,11.57,178.06,330.53,80.8,100.7,1.53,2.095
2036-05-02,17.07,8.61,253.16,284.94,67.5,101.3,0.04,3.751
2036-05-03,18.75,7.37,171.62,323.4,65.6,101.1,1,2.746
2036-05-04,16.12,10.42,55.25,344.42,89.9,99.7,18.52,0.826
2036-05-05,14.8,9.68,108,326.55,88.4,99.6,11.04,1.503
2036-05-06,12.83,8.3,115.19,309.49,84.7,99.9,1.76,1.627
2036-05-07,16.26,6.91,230.55,285.25,74.5,100.4,0.5,1.555
2036-05-08,17.43,5.85,233.54,293.09,72.9,100.8,0.08,0.464
2036-05-09,15.69,7.52,92.51,338.29,91.8,100.3,11.38,0.671
2036-05-10,16.23,9.5,206.21,315.46,79.4,99.7,4.88,3.23
2036-05-11,12.73,6.44,204.02,287.39,70.6,99.9,2.46,2.844
2036-05-12,14.31,6.35,188.03,291.15,66.6,100.2,0.28,2.471
2036-05-13,13.36,8.22,184.49,305.81,67.2,100.5,0.33,4.338
2036-05-14,16.37,8.78,167.22,330.16,81.8,101,1.75,1.717
2036-05-15,18.67,11.03,225.5,329.01,69.7,101.6,0.03,1.308
2036-05-16,20.91,10.69,200.58,318.29,73.3,101,1.05,2.211
2036-05-17,18.12,10.36,254.16,308.85,68.2,101,0.07,1.854
2036-05-18,17.59,9.58,222.31,306.9,74.1,101.3,0.07,2.489
2036-05-19,14.93,7.84,217.54,294.3,69.9,101.8,0.06,2.218
2036-05-20,16.55,8.59,247.2,297.99,74.4,102,0.09,2.527
2036-05-21,20.2,6.82,305.96,294.89,76.2,101.9,0,1.244
2036-05-22,16.98,10.54,242.89,316.56,76.4,101.5,0.26,2.15
2036-05-23,14.71,9.15,184.12,319.86,70.1,101,0.55,3.271
2036-05-24,13.05,7.91,185.68,298.61,60.8,101,0.28,2.573
2036-05-25,14.52,6.68,243.18,287.49,64.1,101.9,0.1,1.356
2036-05-26,14.8,6.98,234.59,299.98,61.7,102.5,0.19,1.002
2036-05-27,17.39,5.03,297.43,278.95,74.5,102.6,0.03,0.775
2036-05-28,21.62,7.29,303.19,303.71,75.3,102.4,0.03,0.488
2036-05-29,22.87,9.91,337.02,298.94,69.6,102.1,0,0.992
2036-05-30,23.28,9.68,327.07,301,68,102.1,0,1.861
2036-05-31,20.98,9.96,302.36,303.37,68.5,102.2,0.03,1.615
2036-06-01,18.69,10.24,278,305.25,68.9,102.3,0.05,1.381
2036-06-02,20.48,7.34,306.23,293.19,73.9,102.2,0,1.068
2036-06-03,20.8,12.63,214.17,341.87,77.7,101.9,0.5,0.26
2036-06-04,21.54,12.29,262.43,333.61,78.1,101.3,2.9,0.908
2036-06-05,21.1,13.25,219.64,338.69,83.1,100.3,2.8,0.812
2036-06-06,14.59,8.58,187.21,316.4,76.7,100,1.81,2.198
2036-06-07,17.38,7.74,250.06,295.69,61.4,101,0.19,2.98
2036-06-08,19.98,10.69,193.32,334.38,67.5,101.6,0.22,1.547
2036-06-09,24.08,10.3,318.91,312.11,68.8,101.7,0,1.131
2036-06-10,28.22,14.01,338.01,330.08,58.4,101.1,0.94,3.99
2036-06-11,26.71,15.89,318.68,337.8,69.7,101.1,1.59,0.517
2036-06-12,31.91,13.91,241.24,375.91,70.7,101.2,1.18,0.73
2036-06-13,33.57,19.18,311.69,376.07,63.4,101.2,0.21,0.499
2036-06-14,30.08,18.12,327.4,354.35,73.4,101.2,0,1.013
2036-06-15,22.38,15.06,176.1,357.62,72.5,101.3,0.14,2.208
2036-06-16,22.42,12.31,307.13,309.15,65.1,101.2,0.03,0.537
2036-06-17,22.87,13.46,288.33,321.03,72.7,101,0.12,1.095
2036-06-18,23.25,12.62,252.61,336.96,77,100.4,2.73,0.197
2036-06-19,24.1,13.86,252.29,344.41,75.5,99.8,0.68,1.883
2036-06-20,23.4,15.07,230.59,353.11,71.3,100.4,0.1,2.108
2036-06-21,24.42,14.9,285.52,344.5,73.3,101.2,0.29,1.167
2036-06-22,21.97,14.13,229.32,338.83,71.5,101.5,0.13,1.271
2036-06-23,18.16,12.61,139.97,351.88,87.3,101.5,15.57,0.621
2036-06-24,24.73,15.81,255.21,366.34,82,101.1,13.68,1.583
2036-06-25,21.12,13.77,308.86,315.12,70.9,100.8,1.93,4.009
2036-06-26,19.66,12.77,196.98,335.84,78.7,100.6,4.64,2.885
2036-06-27,18.79,11.97,262.71,308.24,66.8,100.4,1.63,5.462
2036-06-28,20.14,11.03,293.5,301.11,68.4,101.2,0.07,2.261
2036-06-29,21.81,9.62,270.89,306.78,67.1,101.4,0,2.087
2036-06-30,21.04,11.07,180.74,343.19,83.1,101,8.23,1.541
2036-07-01,20.01,13.65,250.28,328.56,76.9,100.5,4.19,3.832
2036-07-02,19.85,13.18,212.49,325.63,75.5,100.3,0.6,3.155
2036-07-03,17.83,12.94,152.63,340.8,81.5,99.9,2.3,3.623
2036-07-04,19.01,10.94,270.18,317.14,72.9,100.2,0.75,5.475
2036-07-05,18.44,11.93,297.13,312.57,66.9,100.9,1.01,3
2036-07-06,21.16,13.45,173.24,363.51,84.9,100.1,6.94,2.76
2036-07-07,18.47,12.55,241.65,330.55,75.4,99.9,0.62,4.683
2036-07-08,18.49,12.83,253.03,313.38,66,99.7,0.48,6.097
2036-07-09,18.43,12.16,234.78,314.35,67,100.2,0.07,4.909
2036-07-10,20.15,12.75,212.98,338.22,72.8,100,0.91,4.357
2036-07-11,19.6,11.09,227.82,312.9,65.3,99.9,0.03,3.944
2036-07-12,19.93,9.91,238.66,304.39,70.6,100.1,1.18,2.204
2036-07-13,20.83,12.42,262.67,314.11,68.9,100.9,0.5,3.866
2036-07-14,21.08,12.83,257.33,316.56,70.5,101.8,0.16,3.219
2036-07-15,23.22,13.6,282.11,327.95,70.7,101.9,0.02,1.758
2036-07-16,20.94,12.85,202.48,336.33,77,101.8,0.13,0.928
2036-07-17,23.56,10.94,278.17,315.22,69,101.7,0.03,2.937
2036-07-18,23.44,16.49,243.9,359.6,76.9,101.1,0.31,5.372
2036-07-19,21.06,13.86,229.47,338.67,73.7,101.3,0.14,2.796
2036-07-20,24.24,13.74,238.81,348.65,76.9,101.5,0,3.309
2036-07-21,26.37,16.45,304.81,336.68,71.7,101.1,0,4.207
2036-07-22,20.82,15.46,230.83,332.58,71.7,100.5,0.6,4.738
2036-07-23,18.2,12.54,186.7,329.5,77.6,99.6,8.69,4.379
2036-07-24,18.66,11.25,217.4,308.44,68.9,100.5,1.38,4.628
2036-07-25,18.43,10.67,228.94,303.31,65.5,101,0,4.155
2036-07-26,22.85,12.39,195.83,351.89,79.4,100.8,0.49,4.136
2036-07-27,20.29,14.87,264.24,316.31,72.2,100.7,0.43,5.189
2036-07-28,19.9,11.82,287.47,286.39,61.1,101.2,0.03,3.483
2036-07-29,20.08,9.93,217.2,305.06,69.2,100.9,0.35,1.233
2036-07-30,19.3,10.99,209.94,311.4,78,100.6,3.52,2.059
2036-07-31,18.79,10.75,210.16,310.03,78.8,100.7,3.46,2.183
2036-08-01,18.27,10.5,210.39,308.34,79.7,100.7,3.41,2.308
2036-08-02,21.89,9.31,226.49,315.19,68,101.2,0.22,1.079
2036-08-03,20.47,14.56,210.63,346.29,79.9,100.5,11.69,1.268
2036-08-04,21.61,14.34,192.25,345.01,75.7,100.5,0.46,3.075
2036-08-05,22.4,14.98,227.36,342.3,74.7,100,1.04,3.465
2036-08-06,22.03,14.74,262.5,322.63,67.6,100.7,0,4.103
2036-08-07,25.72,15.27,247.91,352.92,75.2,100.8,0,2.313
2036-08-08,20.34,13.92,241.06,324.43,69.6,100.9,12.27,4.44
2036-08-09,21.59,12.25,219.59,325.84,69,101.3,0.3,4.29
2036-08-10,20.72,12.72,248.91,321.29,71.6,101,3.93,1.153
2036-08-11,19.67,10.45,251.36,291.22,68,101.5,0.18,1.198
2036-08-12,19.95,10.77,231.06,302.14,67.4,102.1,0.02,0.829
2036-08-13,21.81,9.22,249.92,298.95,68.7,102.3,0.05,1.275
2036-08-14,22.23,13.16,200.53,329.97,66.6,102,0.09,2.061
2036-08-15,21.06,12.58,169.51,332,69.5,101.4,0.05,1.157
2036-08-16,21.71,13.25,150.84,344.97,75.8,100.8,1.97,0.832
2036-08-17,21.94,14.87,197.17,341.44,77.9,100.6,4.78,3.029
2036-08-18,20.35,14.37,232.78,323.82,70.9,101.2,0.08,3.635
2036-08-19,23.68,14.73,179.77,359.71,79,101.2,0.16,4.504
2036-08-20,22.8,15.47,157.95,354.41,79.6,101.1,3.59,2.503
2036-08-21,21.62,13.63,202.94,325.21,71.6,101.6,0.03,3.217
2036-08-22,21.99,14.98,216.94,328.41,76.1,101.7,0,3.779
2036-08-23,23.32,13.16,243.27,312.85,76.1,102,0.03,1.795
2036-08-24,25.84,15.39,226.13,343.94,77.3,101.8,0.05,1.461
2036-08-25,25.58,14.25,226.64,332.58,78.4,101.5,0.08,0.279
2036-08-26,25.14,14.66,218.19,329.35,75.2,101,0.03,0.699
2036-08-27,22.71,14.98,124.18,354.91,80.5,100.9,0.39,1.076
2036-08-28,22.21,13.84,180.79,339.65,72.1,100.9,0.21,3.236
2036-08-29,21.03,11.63,217.56,309.79,58.8,101.3,0.05,2.642
2036-08-30,19.82,12.9,170.36,319.63,57.3,101.9,0.07,1.654
2036-08-31,20.86,11.65,184.21,316.55,61.1,101.8,0.53,1.286
2036-09-01,21.89,10.39,198.05,315.47,65,101.8,1,1.361
2036-09-02,22.67,12.98,175.92,351.45,80,100.8,7.73,2.418
2036-09-03,16.82,13.03,104.41,341.39,86.7,100.2,6.97,0.691
2036-09-04,17.54,10.02,177.16,301.34,62.5,101.1,0.07,1.032
2036-09-05,16.5,10.52,154.23,310.43,64.3,101.4,0,2.913
2036-09-06,21.01,12.13,110.93,343.21,81.6,100.8,1.04,3.259
2036-09-07,20.05,12.53,186.84,313.97,73.9,100.7,0.03,2.864
2036-09-08,23.45,14.27,149.94,346.29,79,100.3,0.12,1.659
2036-09-09,18.85,14.99,173.53,325.34,76.8,99.7,3.21,4.127
2036-09-10,19,13.97,100.81,343.66,81.4,100.3,2.13,2.618
2036-09-11,18.34,14.32,75.18,361.48,90.8,98.9,38.96,0.845
2036-09-12,15.16,11.06,125.15,336.09,74.2,100.1,2.48,3.119
2036-09-13,16.36,10.24,138.26,317.65,72.9,101,0.05,3.171
2036-09-14,18.36,12.71,106.12,334.21,81.5,99.7,9.46,2.432
2036-09-15,15.65,9.44,143.42,299.22,79.8,99.6,2.69,3.667
2036-09-16,16.58,8.53,167.82,289.13,69.3,100.3,0,3.715
2036-09-17,17.5,9.15,162.21,301.9,76.3,100.7,0,0.541
2036-09-18,18.9,7.6,169.12,296.05,72,101.9,0,2.03
2036-09-19,20.65,13.47,111.08,349.44,80.4,101.4,0,3.886
2036-09-20,21.4,11.15,84.67,340.31,81.3,100.5,3.1,4.304
2036-09-21,16.99,9.78,136.54,299.56,74.5,101.4,0.12,3.168
2036-09-22,17.24,7.5,155.75,301.4,74.5,101.7,0.05,0.296
2036-09-23,17.45,10.92,99.73,331.66,73.9,101.2,0.03,2.121
2036-09-24,19.97,10.88,145.48,313.86,71.7,100.6,0,3.084
2036-09-25,18.24,12.71,83.59,353.94,91.5,99.8,5.7,1.6
2036-09-26,18.51,12.64,98.2,340.61,88.8,100,3.89,1.664
2036-09-27,16.1,11.91,51.21,337.87,87,99.3,15.05,2.621
2036-09-28,14.01,12.15,81.61,349.21,89.2,98.5,10.13,4.144
2036-09-29,17.77,12.5,123.08,344.44,84.7,98.9,0.36,1.345
2036-09-30,17.17,12.68,62.02,360.9,87.1,98.8,5.38,3.535
2036-10-01,16.61,11.87,88.26,345.09,83,99.8,0.84,3.158
2036-10-02,16.37,11.05,73.33,336.85,84.3,100.7,0.04,1.203
2036-10-03,16.82,10.26,101.01,319.33,83.8,101.8,0.09,0.938
2036-10-04,16.68,8.76,113.34,320.12,83.5,102,1.42,1.428
2036-10-05,18.8,14.88,113.37,352.2,88.5,101.8,3.35,3.221
2036-10-06,19.03,14.92,106.22,353.47,85,101.9,0.26,2.428
2036-10-07,18.74,12.52,111.52,327.62,88.6,101.8,0.14,0.661
2036-10-08,17.24,10.26,101.59,322.22,88.8,101.8,0.12,0.523
2036-10-09,16.89,12.81,93.38,338.41,83.5,101.9,0.05,1.528
2036-10-10,16.87,12.33,95.07,328.8,85.9,102.1,0.08,2.124
2036-10-11,15.04,8.23,102.19,302.31,80.1,101.8,0,1.291
2036-10-12,14.78,6.5,104.41,299.49,84.9,100.9,0.51,0.724
2036-10-13,11.23,7.38,45.38,330.04,92.5,100.2,16.45,1.98
2036-10-14,8.69,6.86,19.32,331.95,91.8,98.8,47.01,3.493
2036-10-15,8.85,6.04,38.12,317.1,78.3,98.7,19.86,4.049
2036-10-16,9.67,4.41,101.14,269.95,75.1,99.7,0.52,3.005
2036-10-17,11.97,5.17,55.56,297.47,84.1,99.1,6.48,1.292
2036-10-18,11.48,4.39,83.62,273.84,82.5,99.5,0.56,2.502
2036-10-19,11.67,4.02,96.31,275.93,77.4,100,0,1.482
2036-10-20,11.17,3.55,95.23,278.67,84.3,100.3,0.05,0.73
2036-10-21,10.4,2.84,78.9,280.01,83.8,100.4,0.03,0.704
2036-10-22,9.48,1.19,57.73,293.93,88.6,100.4,0.44,0.603
2036-10-23,10.11,6.04,65.08,309.28,86.5,100.8,0.67,0.696
2036-10-24,10.77,5.46,56.72,293.28,86.5,99,4.17,1.59
2036-10-25,9.85,3.92,65.6,298.74,91.8,98.9,1.35,0.93
2036-10-26,10.12,5.6,58.7,297.21,87.9,98.3,3.82,2.555
2036-10-27,10.65,6.6,68.02,292.14,84.4,98.6,1,3.926
2036-10-28,12.27,6.43,62.04,303.14,83.5,100.6,0.04,2.031
2036-10-29,11.7,6.77,59.43,297.21,74.6,101.2,0,3.306
2036-10-30,11.87,5.17,63.57,301.67,83.1,101.3,1.15,0.733
2036-10-31,11.65,6.39,57.47,309.69,87.4,101,0.67,0.829
2036-11-01,11.44,7.61,51.36,317.43,91.8,100.7,0.18,0.95
2036-11-02,11.8,8.04,38.39,335.19,95.5,100.3,0.93,0.837
2036-11-03,12.51,7.7,55.78,318.22,92,100.4,0.08,1.197
2036-11-04,14.03,7.57,8.23,329.15,92.1,99.8,14.73,1.976
2036-11-05,13.6,10.3,74.46,296.35,82,98.8,1.07,6.666
2036-11-06,11.45,8.26,47.94,284.89,73.4,99.5,0.7,8.016
2036-11-07,10.86,7.69,48.22,282.06,77.1,100.4,0,4.749
2036-11-08,10.58,7.28,68.34,272.33,71,99.9,0.2,5.775
2036-11-09,9.74,5.77,45.62,296.1,81.1,100.3,0.07,1.641
2036-11-10,7.52,2.27,73.82,264.32,75.2,100.4,0,0.972
2036-11-11,8.24,3.84,65.21,279.79,76.8,101,0.03,1.726
2036-11-12,8.57,4.02,37.56,300.71,85.5,101.7,0.07,0.333
2036-11-13,7.3,4.52,34.98,305.34,84.2,101.4,0.03,1.549
2036-11-14,7.45,0.6,48,259.93,79.9,101.3,0,1.402
2036-11-15,5.5,-1.49,66.06,235.68,83,101.4,0,0.99
2036-11-16,10.28,1.39,47.67,299.56,92.1,100.3,0.14,1.886
2036-11-17,13.96,9.65,19.75,344.65,88.2,98.4,14.42,2.275
2036-11-18,10.27,5.51,49.11,287.21,90.4,98.8,0.92,0.809
2036-11-19,8.62,4.82,28.81,311.82,95.7,99.2,0.88,0.358
2036-11-20,10.8,4.26,51.79,299.57,93.3,100.3,0.28,0.885
2036-11-21,11.85,7.49,53.36,286.77,76.8,100,7.2,3.875
2036-11-22,11.71,6.35,47.43,274.52,84.8,101.5,0,1.621
2036-11-23,10.45,6.55,30.81,296.5,86.5,100.4,6.1,1.383
2036-11-24,10.07,5.53,35.46,292.14,82.8,100.4,2.24,1.61
2036-11-25,10.07,5.87,45.29,277.53,81,100.1,0.66,3.392
2036-11-26,13.29,5.91,16.98,310.17,86.2,99.8,6.47,3.464
2036-11-27,10.1,6.47,49.41,268.14,84.1,100.5,0,4.57
2036-11-28,9.06,3.1,42.24,277.53,90.4,101.5,0.03,0.649
2036-11-29,5.88,2.02,40.8,280.67,96.1,102.1,0.1,1.254
2036-11-30,6.68,2.18,33.29,288.58,94.4,101.7,0.03,1.113
2036-12-01,9.48,3.53,34.14,309.44,91.7,101.4,0.04,0.781
2036-12-02,13.12,6.6,29.02,313.29,90.9,101,0.24,1.968
2036-12-03,8.4,4.27,23.95,298.38,85.1,101.5,0.34,1.009
2036-12-04,11.38,5.31,29.04,304.05,88.6,101.2,3.8,2.126
2036-12-05,10.02,4.57,42.43,266.88,91.3,102.2,0,1.264
2036-12-06,6.99,4.21,38.05,298.96,91.4,101.8,0.78,1.952
2036-12-07,6.47,4.59,18.48,312.69,89.5,101.8,0.71,2.121
2036-12-08,10.03,4.9,21.5,320.51,89.5,101.9,2.94,1.501
2036-12-09,10.11,5.7,7.18,316.93,94.7,101.8,9.66,1.958
2036-12-10,8.18,4.76,36.67,282.54,88.2,102.2,0,2.414
2036-12-11,11.1,6.21,12.32,322.13,90.6,102,3.42,2.614
2036-12-12,7.57,3.77,27.86,280.3,88.1,102.1,0.03,2.26
2036-12-13,11.48,5.61,15.79,304.25,84.4,101.1,0.73,4.313
2036-12-14,7.31,5.32,28.31,289.09,69.3,100.6,0.55,7.872
2036-12-15,10.94,5.52,21.83,302.61,81.5,100.3,4.36,5.143
2036-12-16,10.22,6.76,37.98,273.39,77.8,98.9,0.2,6.539
2036-12-17,11.27,6.28,9.76,306.52,84.6,97.8,13.83,2.043
2036-12-18,8.09,4.96,26.13,292.62,82.4,98.2,0.39,2.783
2036-12-19,6.24,2.51,11.29,291.36,87.2,98.8,5.15,2.216
2036-12-20,6.21,1.9,39.26,264.53,77.2,100.7,0.58,3.614
2036-12-21,4.24,-1.33,40.41,242.38,89.4,101.7,0.12,1.542
2036-12-22,2.92,-1.98,38.79,240.51,84,102.2,0,0.078
2036-12-23,3.74,1.1,18.84,284.3,75.3,101.9,0,3.235
2036-12-24,3.48,0.53,22.62,272,69.5,102.7,0,2.519
2036-12-25,4.18,0.1,14.27,280.86,73.7,103.3,0.03,2.144
2036-12-26,4.05,-1.55,28.1,266.57,80.6,103.7,0.04,1.559
2036-12-27,3.41,-0.28,25.68,285.5,88.3,103.3,0.12,0.967
2036-12-28,4.72,-0.73,18.79,288.85,93.6,102.9,0.2,1.149
2036-12-29,3.18,-0.26,17.9,298.46,95.6,103,0.45,1.565
2036-12-30,4.17,0.72,18.32,299.5,96.9,103.4,0.3,1.636
2036-12-31,5.77,0.89,23.44,292.96,94.3,103.3,0.17,2.684
2037-01-01,7.37,1.06,28.54,293.19,91.7,103.1,0.04,3.733
2037-01-02,10.09,6.9,23.99,310.18,90.2,102.6,0,3.467
2037-01-03,9.06,5.97,24.12,306.32,89.9,102.3,0.05,3.978
2037-01-04,10.1,5.76,20.82,316.02,92.9,102.2,4.06,1.675
2037-01-05,9.03,5.24,26.07,312.2,93.5,102.1,0.41,1.164
2037-01-06,8.62,5.19,23.06,313.88,92.5,101.6,0.24,0.927
2037-01-07,7.29,5.04,17.25,311.32,93.1,100.8,1.63,0.68
2037-01-08,7.11,2.24,39.15,277.78,90.2,100.6,1.09,1.716
2037-01-09,9.62,3.77,8.52,323.2,92.5,99.3,13.03,2.298
2037-01-10,7.75,4.46,26.67,289.81,91.9,98.5,11.03,1.141
2037-01-11,9.69,5.22,33.86,302.48,87.3,98.9,5.36,1.598
2037-01-12,11.52,6.96,16.27,304.19,87.7,97.8,11.92,2.698
2037-01-13,9.22,5.78,45.12,271.52,76.1,97.8,0.06,2.126
2037-01-14,8.23,3.18,36.96,276.41,86.7,98.1,0.23,1.634
2037-01-15,6.73,3.47,20.23,313.58,94.8,98.4,5.01,1.718
2037-01-16,6.52,4.13,17.57,315.84,95.3,99.2,3.86,1.612
2037-01-17,5.36,3.53,25.29,306.39,93.1,100.1,1.76,1.953
2037-01-18,6.58,2.25,37.8,292.91,87.7,99.9,3.64,2.115
2037-01-19,6.45,3.7,19.37,308.66,88.5,98.7,3.15,4.746
2037-01-20,5.89,3.19,27.6,305.41,91.1,100.3,0.68,1.212
2037-01-21,4.55,-0.57,26.85,282.95,83.6,101.3,1.21,2.43
2037-01-22,2.99,-0.92,13.86,274.24,84.3,100.4,2.15,1.329
2037-01-23,3.92,-1.98,31.34,275.44,93.5,100.4,1.15,0.605
2037-01-24,5.41,1.14,12.34,300.25,92.2,100.2,6.3,1.163
2037-01-25,10.56,3.98,14.53,304.23,89.4,99,11.61,2.044
2037-01-26,8.89,3.53,39.59,286.66,76.2,99.5,1.15,7.642
2037-01-27,6.35,2.19,32.33,281.73,81.2,101.2,0.27,3.332
2037-01-28,7.19,3.1,24.16,299.5,90,101.6,1.8,2.579
2037-01-29,10.58,5.9,39.59,308.7,84.5,100.7,0.36,3.957
2037-01-30,7.56,3.73,55.39,274.15,76.3,101.4,3.17,2.197
2037-01-31,11.05,2.88,48.56,293.18,86.7,100.9,1.74,2.521
2037-02-01,8.84,3.83,50.77,293.62,81.3,102.3,0,4.091
2037-02-02,10.95,7.11,49,300.59,85.3,102.1,0,5.938
2037-02-03,9.53,7.08,50.33,314.03,85.1,102.4,0.14,4.086
2037-02-04,9.95,7.08,48.29,314.46,81.8,102.2,0.11,3.415
2037-02-05,10.95,5.96,63.89,299.38,85.3,102.1,0.05,1.772
2037-02-06,11.26,7.68,45.73,321.41,82.5,101.4,1.08,2.498
2037-02-07,8.22,2.95,73.18,255.25,73,102.4,0,3.463
2037-02-08,8.06,2.48,53.71,277.38,75.8,102.5,0.03,0.917
2037-02-09,12.01,3.24,54.11,301.7,88.2,101.8,1.56,1.258
2037-02-10,11.98,7.88,59.76,308.87,88.8,101.6,0.83,1.549
2037-02-11,12.48,6.66,57.1,288.76,87.2,101.5,1.72,1.655
2037-02-12,12.26,6.95,57.48,299.21,84.3,101.2,0.06,2.012
2037-02-13,12.91,7.88,79.98,294.4,84.4,101.1,0.05,1.347
2037-02-14,10.33,4.75,88.23,276.22,83.1,101.1,1.31,1.092
2037-02-15,11.1,6.01,83.92,290.38,75.5,101.1,0.62,3.416
2037-02-16,14.28,7.8,43,322.46,78.9,100.4,1.74,2.41
2037-02-17,11.09,6.13,100.04,266.48,65.5,101.4,0,3.24
2037-02-18,9.97,5.67,93.13,281.15,71.7,100.6,5.01,1.415
2037-02-19,7.91,4.66,81.72,279.99,71.2,99.2,4.77,5.423
2037-02-20,9.91,4.71,74.51,293.62,76.3,99.8,2.09,4.292
2037-02-21,10.85,6.46,67.83,305.45,85.1,97.8,4.06,3.516
2037-02-22,9.26,5.8,81.2,289.49,71.2,99.1,0.3,6.44
2037-02-23,12.57,5.96,49.34,320.07,86.6,99.9,0.96,3.711
2037-02-24,11,3.88,92.22,276.71,67.3,99.8,0.55,4.929
2037-02-25,7.88,3.82,94.15,280.55,70.6,100.4,3.49,4.748
2037-02-26,10.08,5.41,71.58,307.96,69.2,100,2.98,6.955
2037-02-27,10.26,3.2,98.82,280.73,69.6,102.6,0.07,3.041
2037-02-28,10.19,1.72,122.02,254.01,74.6,103.5,0,0.669
2037-03-01,9.59,1.13,112.5,261.86,77.4,103.7,0,1.402
2037-03-02,10.81,5.88,114.66,289.11,77,103.6,0.11,2.808
2037-03-03,11.22,7.06,87.5,319.99,88.1,103.1,0.29,3.391
2037-03-04,10.14,6.45,99.62,308.56,83,102.9,0.16,2.377
2037-03-05,9.44,6.23,67.9,314.48,86.6,102.8,0.76,1.45
2037-03-06,10.57,4.68,83.56,296.19,79.3,101.9,2.04,4.011
2037-03-07,9.43,4.96,62.34,309.13,70.2,102,1.06,5.242
2037-03-08,11.74,4.52,124.37,296.5,84.7,102.8,0.16,1.151
2037-03-09,12.62,7.62,108.9,309.96,84.8,102.8,0.06,2.508
2037-03-10,9.41,6.22,84.26,304.41,76.6,103,0.27,2.134
2037-03-11,12.06,4.83,108.33,306.55,77.1,103.1,0.05,2.999
2037-03-12,13.27,7.9,141.9,300.38,77.8,102.6,0.06,4.628
2037-03-13,13.34,7.48,149.48,294.72,76.2,102.2,0.11,4.623
2037-03-14,12.07,6.77,126.97,297.59,78.5,101.4,0.11,2.392
2037-03-15,9.61,4.81,68.83,298.39,78.3,99.8,3.02,4.302
2037-03-16,8.42,3.16,120.41,254.61,62.3,99.4,0.06,2.505
2037-03-17,8.04,2.58,83.56,278.09,66.4,99.5,0.62,3.253
2037-03-18,5.46,-1.1,58.78,274.72,71,99.2,0.73,2.251
2037-03-19,7.77,-2.42,179.58,219.66,60.1,100,0,1.939
2037-03-20,7.77,-2.43,146.04,236.22,59,100.7,0,2.71
2037-03-21,8.37,-1.78,190.71,221.1,68.6,100.9,0,0.445
2037-03-22,9.06,-1.55,132.69,265.06,65.7,100,7.5,2.587
2037-03-23,9.83,2.18,110.17,288.7,84.6,97.9,4.58,1.094
2037-03-24,9.52,3.5,110.85,290.59,86.8,97.7,3.63,0.656
2037-03-25,6.27,1.99,63.6,297.53,86.2,99.3,11.32,0.895
2037-03-26,9.68,1.22,137.9,270.21,72.8,100.5,0.86,2.779
2037-03-27,12.31,5.19,88.09,321.77,84.5,99.8,3.22,3.598
2037-03-28,13.86,7.81,147.1,309.02,76.9,99.8,0.94,6.495
2037-03-29,11.72,7.37,123.58,300.33,76,101,4.74,5.113
2037-03-30,16.43,11.42,149.17,337.8,81.5,100.6,0,6.361
2037-03-31,14.85,10.35,140.46,320.68,78.3,101.1,0.21,3.892
2037-04-01,18.7,9.69,138.93,326.49,78.9,100.6,0.44,1.514
2037-04-02,17.72,8.06,187.26,300.59,74.5,99.3,0.21,2.155
2037-04-03,10.16,5.78,139.92,282.51,64,100.9,0.85,5.044
2037-04-04,12.51,6.32,123.25,299.24,69.4,101.2,0.03,3.61
2037-04-05,12.39,7.34,108.12,321.37,83.1,99.8,1.29,1.683
2037-04-06,12.95,8.27,151.42,301.14,74.6,98.7,0.61,3.069
2037-04-07,11.24,7.03,101.72,303.27,89,98,3.68,2.281
2037-04-08,10.02,7.11,122.08,298.06,80.9,97.9,3.84,3.81
2037-04-09,13.16,5.94,113.26,299.21,72,99.8,1.17,4.72
2037-04-10,13.25,7.16,158.5,296.16,73.6,99.6,2.29,5.687
2037-04-11,10.19,4.82,141.38,293.18,68.5,100,0.68,3.983
2037-04-12,10.44,5.19,116.95,301.02,80.5,99,6.87,4.656
2037-04-13,11.9,6.8,164.26,302.25,69.8,100.2,1.01,6.136
2037-04-14,10.81,5.75,156.73,298.92,61,101.4,0.17,3.637
2037-04-15,13.67,5.81,150.83,312.85,72.6,101,1.3,2.903
2037-04-16,17.84,9.85,194.18,319.94,82.2,100.6,0.09,2.132
2037-04-17,16.08,8.6,102.8,333.55,85.4,100.8,2.44,1.331
2037-04-18,14.31,10.52,81.16,346.57,92.1,100.1,7.47,1.422
2037-04-19,16.27,8.82,164.63,310.28,79.1,100.4,1.03,4.163
2037-04-20,15.87,8.85,186.15,316.68,76.1,100.4,0.89,3.563
2037-04-21,13.77,6.96,194.78,291.89,67.3,101.1,0.04,4.111
2037-04-22,17.9,5.74,167.3,313.14,73.1,101.6,0.03,3.404
2037-04-23,15.36,8.63,227.83,286.91,65.8,101.8,0,4.335
2037-04-24,14.47,8.47,190.34,296.43,66,102,0.4,4.725
2037-04-25,15.23,5.95,210.95,283.22,62.9,102.3,0.07,1.79
2037-04-26,21.07,7.95,254.82,308.77,66.1,100.8,0.29,2.494
2037-04-27,11.02,7.3,157.05,291.92,57.5,100.5,0.18,4.993
2037-04-28,11.53,6.02,177.29,286.63,61.1,101.4,0.16,3.989
2037-04-29,12.78,3.82,283.94,247.01,57.5,101.8,0,0.405
2037-04-30,14.15,2.19,231.81,265.54,63.9,101.5,0.05,0.613
2037-05-01,14.15,7.94,185.81,305.96,58.9,101.4,0.08,2.257
2037-05-02,11.9,7.16,63.02,331.51,83.8,100.1,10.47,2.767
2037-05-03,14.14,7.1,163.64,313.26,78.2,99.7,1,2.261
2037-05-04,12.73,7.24,135.05,323.55,78,100.8,2.98,0.927
2037-05-05,12.15,6.23,137.42,314.27,85,101,4.34,1.444
2037-05-06,12,6.21,142.5,311,81,100.6,1.84,1.784
2037-05-07,9.14,5.74,93.96,321.76,90,100.4,13.46,3.305
2037-05-08,10.15,4.81,129.56,316.48,85.3,100.3,10.25,1.679
2037-05-09,11.8,5.21,156.03,304.95,73.7,100.8,4.47,0.131
2037-05-10,11.33,5.46,207.79,287.65,83.2,101,6.95,0.814
2037-05-11,13.35,4.87,183.03,303.31,74.3,101.1,1.24,1.9
2037-05-12,14.82,4.96,219.01,290.1,60.2,101,0.09,3.23
2037-05-13,15,7.6,142.53,331.82,83.1,101,11.12,2.729
2037-05-14,14.41,9.44,151.21,326.82,87.6,101.1,12.35,1.383
2037-05-15,15.8,7.28,160.19,304.43,82.7,100.7,1.6,1.019
2037-05-16,16.11,9.23,221.29,304.77,84.2,100.7,4.58,1.18
2037-05-17,14.46,8.03,135.58,318.23,85,100.9,1.87,0.685
2037-05-18,17.32,7.62,189.54,320.3,83.5,100.3,6.32,0.497
2037-05-19,13.63,7.74,135.16,312.34,80.8,99.3,14.4,1.712
2037-05-20,14.19,8.88,178.4,316.59,67.6,99.3,1.4,8.481
2037-05-21,14.42,8.2,196.51,310.03,73.2,100,0.75,6.716
2037-05-22,15.36,6.33,169.46,312.88,88.2,100.1,9.57,1.087
2037-05-23,15.67,6.42,216.1,306.56,83.1,100.5,3.35,1.221
2037-05-24,14.55,7.84,215.9,307.94,76,101.3,3.44,2.315
2037-05-25,11.41,6.47,170.14,300.91,73.8,100.9,3.96,5.276
2037-05-26,11.45,7.34,142.6,316.79,71.3,101,0.91,4.548
2037-05-27,14.13,7.33,224.06,309.48,74.5,101.7,0.61,1.911
2037-05-28,17,10.76,156.39,337.4,84,101.4,0.25,3.957
2037-05-29,14.34,8.76,175.53,313.47,69.5,100.8,0.74,5.38
2037-05-30,12.66,7.83,185.18,298.19,71.5,100.7,0.37,5.074
2037-05-31,13.01,7.57,189.62,297.01,71.9,100.7,0.39,4.71
2037-06-01,13.35,7.31,194.06,295.82,72.2,100.7,0.41,4.355
2037-06-02,13.63,7.37,176.87,304.55,72.9,100.2,4,3.426
2037-06-03,12.61,6.79,202.55,303.68,70.3,99.9,1.66,6.087
2037-06-04,13.36,5.51,224.07,280.29,70.7,100.9,1.6,3.87
2037-06-05,14.31,4.18,227.67,280.03,71.5,101.2,0.78,0.939
2037-06-06,15.77,4.96,246.69,288.83,72.5,101.3,1.2,0.163
2037-06-07,16.56,7.28,221.31,308.87,77,101.3,1.65,0.9
2037-06-08,15.12,9.07,170.6,318.13,77.2,101.5,0.97,1.104
2037-06-09,13.31,8.92,145.83,327.31,86.4,101.5,4.65,1.743
2037-06-10,15.8,6.92,246.04,294.55,68.2,101.6,0.09,1.037
2037-06-11,15.37,8.44,186.22,322.4,72.7,101.8,0.77,1.701
2037-06-12,16.6,7.13,209.96,309.35,78.9,101.7,0.93,1.602
2037-06-13,19.26,11.32,228.11,335.11,76.4,101.4,0.3,4.339
2037-06-14,18.89,12.7,325.41,308.14,73.2,101,0,4.343
2037-06-15,19.31,12.72,254.86,327.23,78.2,100.7,0.16,4.209
2037-06-16,17.5,10.96,240.33,315.63,69,100.9,0.14,2.844
2037-06-17,18.83,11.02,295.98,304.79,68.9,101.2,0.03,3.359
2037-06-18,17.51,12.34,131.57,352.1,83.7,100.6,5.08,3.296
2037-06-19,19.5,10.95,305.44,305.83,70.3,100.5,0.12,1.533
2037-06-20,18.67,10.21,276.18,295.58,64.8,101,0.04,1.932
2037-06-21,18.61,11.32,276.25,324.46,73,100.6,1.42,4.547
2037-06-22,17.52,11.25,256.57,316.76,67.5,101.1,0.07,4.844
2037-06-23,16.85,9.79,221.24,302.6,71.6,101.8,0.92,2.157
2037-06-24,18.74,8.22,263.16,294.1,67.2,102.4,0,1.012
2037-06-25,20.52,6.76,317.72,281.55,67.7,102.4,0,0.235
2037-06-26,21.81,11.06,344.06,296.79,58.6,102.3,0,2.728
2037-06-27,23.15,11.68,309.15,313.23,66.3,102.1,0.03,3.588
2037-06-28,23.23,13,299.87,312.61,62.7,101.9,0,3.679
2037-06-29,22.83,12.73,301.21,311.06,62.2,101.4,0.05,3.588
2037-06-30,20.08,12.82,187.74,343.52,80.9,101,3.64,2.128
2037-07-01,23.17,14.26,207.7,363.01,82,100.7,12.9,1.436
2037-07-02,22.03,14.94,289.33,329.06,75,100.3,0.82,0.655
2037-07-03,21.9,13.29,262.54,327.57,76.9,100.2,1.06,1.284
2037-07-04,21.15,12.26,260.49,329.06,76.1,100.3,0.11,1.728
2037-07-05,21.67,13.81,268.21,330.92,72.7,100.5,1.07,0.672
2037-07-06,20.68,13.78,182.09,357.94,82.3,101,7.41,1.69
2037-07-07,21.08,13.06,221.76,342.72,77,101.1,0.78,0.956
2037-07-08,21.18,11.73,281.24,316.84,71.1,100.7,1.45,2.272
2037-07-09,19.96,13.31,236.21,340.81,83.2,100,7.22,2.327
2037-07-10,20.24,13.81,262.33,331.17,77.5,100.9,4.3,3.372
2037-07-11,22.68,12.32,293.3,313.36,69.4,101.8,0.04,2.757
2037-07-12,22.53,12.64,276.66,330.24,72.8,101.6,0.23,2.715
2037-07-13,22.41,15.24,235.93,355.18,77.8,101.2,0.48,3.712
2037-07-14,23.96,14.54,256.83,348.22,76.6,101.2,0.03,1.11
2037-07-15,24.08,15.38,252.33,348.37,80.5,100.5,6.88,1.074
2037-07-16,21.78,15.82,239.15,338.98,81.3,99.7,5.44,1.662
2037-07-17,20.99,15.41,252.8,339.76,81.4,99.8,7.21,1.636
2037-07-18,20.44,15.43,216.15,348.04,78.5,100.4,2.07,3.393
2037-07-19,21.29,14.4,212.28,346.03,77,101.2,0.45,2.385
2037-07-20,23.02,12.5,236.62,334.54,79.4,101.3,0.46,0.343
2037-07-21,23.3,14.97,227.68,345.53,72.6,101,0.6,1.016
2037-07-22,22.58,15.17,218.72,345.42,82.5,100.7,5.81,1.127
2037-07-23,20.48,15.28,143.22,348.5,81.7,100.4,1.67,1.387
2037-07-24,19.3,13.86,188.78,329.73,84.7,100.2,4.88,1.149
2037-07-25,21.91,11.2,268.7,314.57,80.7,100.8,1.86,0.926
2037-07-26,22.3,12.78,247.43,323.43,75.5,101.1,0.1,0.986
2037-07-27,23.27,13.72,250.27,337.89,75.6,100.8,0.31,3.166
2037-07-28,20.97,15.14,257.45,318.57,72.5,100.9,0,4.019
2037-07-29,21.83,14.11,202.74,332.03,72.3,101.2,0.15,1.756
2037-07-30,21.71,11.98,182.31,326.61,74.5,101.2,0.09,0.507
2037-07-31,21.56,12.85,211.92,327.72,75.6,101.2,1.2,0.436
2037-08-01,21.4,13.73,241.79,328.53,76.8,101.1,2.31,0.357
2037-08-02,20.45,12.45,230.48,316.54,70.9,101.1,0.52,1.967
2037-08-03,20.76,11.32,185.38,338.62,77.1,101.1,2.75,2.165
2037-08-04,19.33,13.64,237.67,324.81,71.7,100.9,13.5,3.784
2037-08-05,21.06,12.15,258.67,311.82,64.6,101.7,0,3.473
2037-08-06,22.11,14.59,236.33,349.13,77.9,101.4,0.12,4.157
2037-08-07,21.44,14.12,162.68,350.4,74.1,100.7,0.73,4.048
2037-08-08,19.26,11.89,218.81,308.42,69.9,100.5,0.21,4.303
2037-08-09,19.4,11.75,197.93,315.29,72.5,100.8,0.27,2.878
2037-08-10,20.83,10.76,220.11,313.84,70.4,101,0.08,2.548
2037-08-11,20.5,13.94,120.71,357.44,80.2,100.4,1.63,1.963
2037-08-12,20.84,13.78,189.25,339.6,76.6,99.8,11.1,3.138
2037-08-13,18.91,12.64,206.17,311.48,70.4,100.7,0.17,4.673
2037-08-14,19.15,11.06,200.64,307.22,71.9,101.6,0.17,2.031
2037-08-15,21.37,9.93,251.74,307.27,71.4,101.9,0.05,1.463
2037-08-16,22.96,11.37,253.17,311.52,72.8,101.8,0,2.385
2037-08-17,23.82,13.23,215.77,335.76,79.8,101.9,0.05,2.227
2037-08-18,25.91,14.54,256.59,335.76,74.2,101.8,0,1.347
2037-08-19,23.39,15.09,207.15,347.18,80.6,102,0.13,0.879
2037-08-20,24.58,13.95,246.26,322.21,66.8,102.2,0,2.695
2037-08-21,26.19,13.57,262.78,315.55,69.7,102.1,0,2.084
2037-08-22,27.77,14.82,247.89,334.63,69.5,101.9,0,2.127
2037-08-23,28.66,15.33,242.5,351.38,75,101.3,0,0.835
2037-08-24,25.82,14.72,255.5,324.22,72.3,101.8,0.06,1.715
2037-08-25,21.32,11.58,244.7,293.25,60.7,102.6,0,2.247
2037-08-26,21.88,9.85,250.97,287.01,64.2,102.6,0,1.32
2037-08-27,25.04,10.04,250.54,300.38,66.2,102.1,0,1.505
2037-08-28,24.25,13.85,199.44,330.21,76.2,101.9,0.12,1.228
2037-08-29,22.65,14.29,241.02,306.94,70.4,101.8,0,2.012
2037-08-30,22.06,11.49,157.2,328.42,80.6,101.6,0.23,1.011
2037-08-31,23.01,11.65,188.78,319.53,78.8,101.4,0.12,0.426
2037-09-01,23.96,11.81,220.32,311.08,77.1,101.2,0,0.477
2037-09-02,22.52,13.14,195.24,319.17,79.2,101.5,0.03,1.768
2037-09-03,25.29,11.41,225.69,315.21,73,101.6,0,1.652
2037-09-04,22.5,13.2,149.65,331.9,80.9,101.6,0.15,1.732
2037-09-05,21.04,9.85,178.69,313.84,74.8,101.9,0.05,1.174
2037-09-06,21.39,11.6,194.8,312.4,76.6,102,0.06,1.142
2037-09-07,23.45,10.95,218.81,308.73,81.2,102,0,1.088
2037-09-08,24.89,13.64,165.49,353.54,83,102.1,0.27,0.453
2037-09-09,26.5,13.56,206.54,333.3,76.4,102.1,0.02,0.428
2037-09-10,26.19,13.6,220.8,318.24,72.3,102.1,0,0.693
2037-09-11,28.93,13.11,217.79,327.43,68.1,101.5,0,0.474
2037-09-12,28.36,16.13,200.06,340.65,61.6,100.4,1.17,1.337
2037-09-13,18.97,14.19,145.66,337.72,74.5,99.7,5.71,6.527
2037-09-14,20.55,13.21,179.56,326.74,73.3,100.9,0.07,6.229
2037-09-15,19.49,12.46,131.21,323.85,77.4,101,1.52,4.337
2037-09-16,15.7,10.55,143.41,295.56,65.4,100.8,0.92,4.986
2037-09-17,14.01,9.23,83.12,314.7,79.3,100.9,0.66,1.757
2037-09-18,14.35,7.05,155.88,289.09,63.3,101.4,0.08,1.529
2037-09-19,15.99,8.35,127.47,310.18,75.4,101.8,0.18,2.192
2037-09-20,18.96,10.45,110.4,325.38,77.9,102.2,1.05,2.928
2037-09-21,18.21,11.02,120.64,337.8,75.5,102.5,0.42,4.27
2037-09-22,20.96,14.82,124.33,351.78,85.1,102.8,0.04,3.017
2037-09-23,21.56,13.91,139.98,337.97,83.7,102.8,0.05,1.382
2037-09-24,19.88,14.02,139.72,334.19,80.5,102,0.04,3.298
2037-09-25,16.33,10.32,119.67,307.51,73.5,100.6,5.42,4.381
2037-09-26,13.14,8.74,104.6,289.92,73,101,1.1,4.084
2037-09-27,17.73,8.7,103.92,324.5,81.8,100.6,2.99,4.502
2037-09-28,14.12,11.04,54.22,334.12,89.7,99.9,9.17,3.859
2037-09-29,15.25,9.41,105.61,310.08,77.2,100.3,0.19,1.701
2037-09-30,13.7,7.73,103.57,304.82,69.7,101.6,0.05,1.187
2037-10-01,14.8,8.24,139.43,298.24,71.7,102.2,0.06,1.202
2037-10-02,17.64,10.65,62.71,327.63,83,101.7,0.95,4.14
2037-10-03,14.13,9.08,122.31,298.45,59.6,101.8,0.15,3.775
2037-10-04,11.53,6.38,102.69,287.84,63.9,101.9,0.01,0.983
2037-10-05,15.61,6.26,122.61,297.05,75.8,101.8,0,1.508
2037-10-06,17.77,11.36,98.89,339.39,86.3,101.7,1.64,1.551
2037-10-07,16.61,11.81,70.8,344.46,85.6,101.2,6.13,2.829
2037-10-08,16.91,9.36,84.28,321.76,87,101,7.13,3.485
2037-10-09,15.58,10.8,56.18,336.4,93.5,100.6,6.73,0.77
2037-10-10,15.09,12.21,55.82,356.7,92.1,100.6,4.61,2.031
2037-10-11,13.58,9.67,68.5,332.76,84.7,100.8,1.04,1.565
2037-10-12,15.15,8.72,75.35,316.95,85.2,101,0.47,1.641
2037-10-13,14.68,6.65,103.56,299.11,84.1,101.8,0.04,1.021
2037-10-14,14.92,8.12,82.03,317.83,83.1,101.9,0.08,1.59
2037-10-15,15.33,9.95,102.63,308.18,76.4,101.7,0.17,3.111
2037-10-16,13.98,6.96,118.32,284,78.3,102,0,1.661
2037-10-17,15.17,8.57,85.19,302.73,80.7,101.2,0,2.759
2037-10-18,13.24,8.47,80.26,291.97,76.6,99.8,0.56,3.964
2037-10-19,12.04,6.66,84.18,283.94,73.4,99.8,0.3,2.991
2037-10-20,9.22,4.92,99.59,265.95,67,100.3,0.21,2.139
2037-10-21,9.01,3.56,59.55,288.71,69.4,100.4,2.07,3.632
2037-10-22,8.46,0.61,101.31,246.8,72.2,100.6,0,0.286
2037-10-23,10.3,3.49,56.53,306.41,71.8,100.5,0.04,1.444
2037-10-24,8.59,5.86,28.29,319.28,87,100.5,3.71,1.914
2037-10-25,10.7,7.39,47.97,319.18,86.1,100.7,1.25,1.795
2037-10-26,9.95,5.52,53.25,300.66,83.5,99.8,0.2,0.792
2037-10-27,8.36,5.94,10.98,320.88,89.6,98,45.16,0.17
2037-10-28,9.06,6.66,19.92,327.65,94.2,97.9,13.01,2.036
2037-10-29,9.86,6.84,44.88,315.29,89.8,99.8,0.61,1.334
2037-10-30,10.7,5.3,66.21,295.33,81.8,101,0.03,1.121
2037-10-31,10.82,5.19,71.27,293.53,82.8,100.9,0.03,1.733
2037-11-01,10.94,5.08,76.3,292.86,83.8,100.9,0.03,2.41
2037-11-02,10.99,7.01,60.08,311.61,87.9,99.9,1.04,2.649
2037-11-03,11.98,8.35,41.77,335.87,95,99.5,5.04,2.302
2037-11-04,12.35,10.42,20.61,339.29,94.7,99.2,5.99,1.732
2037-11-05,12.39,6.48,35.9,329.06,93.3,98.7,11.54,0.552
2037-11-06,9.24,6.53,53.44,301.26,73.8,100,0.94,4.502
2037-11-07,7.6,1.05,51.6,277.77,85.3,100.5,3.72,0.281
2037-11-08,4.39,1.12,16.54,303.26,91.5,100.6,8.97,2.174
2037-11-09,8.1,4.37,44.19,307.94,91.6,100.7,0.47,1.485
2037-11-10,8.21,4.53,70.75,272.86,76.3,100.5,0,2.514
2037-11-11,8.01,5.21,29.2,310.08,88,100.2,0.16,2.39
2037-11-12,7.82,3.9,50.02,295.55,90.5,101,0.03,1.636
2037-11-13,9.03,5.52,56.41,298.07,86.8,101.4,0.06,1.94
2037-11-14,8.38,3.4,42.51,287.71,89.4,101.8,0.03,1.415
2037-11-15,9.28,3.06,36.3,320.33,95.8,101.6,0.43,0.553
2037-11-16,11.96,8.97,23.59,342.41,96.2,101,1.89,1.027
2037-11-17,11.05,8.21,32.52,334.44,92.4,101,5.13,0.292
2037-11-18,12.31,8.93,27.53,323.41,91.9,100.5,2.04,1.656
2037-11-19,13.79,9.55,30.51,323.9,86.4,100.7,0.19,3.343
2037-11-20,15.61,12.68,34.46,336.63,87.1,101.2,0,3.105
2037-11-21,13.64,9.15,37.48,322.68,89.6,101.6,0.25,1.283
2037-11-22,11.07,8.78,21.14,335.41,93.7,101.1,0.8,1.976
2037-11-23,11.8,9.83,17.39,348.05,95.2,100.6,1.05,1.985
2037-11-24,12.53,9.92,34.97,333.37,92.4,100.3,1.88,2.749
2037-11-25,12.22,7.48,35.83,301.89,82.9,100.2,0.75,2.379
2037-11-26,10.2,4.5,50.13,270.87,78.5,101.5,0,1.336
2037-11-27,12.13,8.9,25.79,332.56,88.1,101,1.66,1.972
2037-11-28,11.31,7.7,25.3,308.11,87.6,100.1,12.64,2.288
2037-11-29,13.71,6.91,38.43,303.7,81.8,100.2,10.5,1.313
2037-11-30,13.78,8.31,41.93,296.56,70.2,98.5,2.31,5.224
2037-12-01,10.45,8.23,39.96,292.53,65.9,99.1,1.35,7.395
2037-12-02,11.56,9.4,19.32,325.71,88,99.4,10.37,3.382
2037-12-03,10.83,5.73,40.07,291.67,83.5,98.7,5.34,2.33
2037-12-04,8.63,5.88,24.64,279.33,71.5,98.4,0.48,5.879
2037-12-05,7.09,3.07,35.41,258.76,81.6,99.4,0,3.879
2037-12-06,6.08,2.77,14.31,307.37,91.2,99.5,11.65,0.273
2037-12-07,5.66,1.38,42.05,266.88,83.6,99.9,0.28,2.037
2037-12-08,6.23,-0.1,28.71,268.37,93.4,101.2,0.04,1.342
2037-12-09,6.65,-1.57,19.39,288.88,90.7,101.5,0.32,1.15
2037-12-10,7.3,5.96,18.84,319.28,89.5,101.4,7.62,2.827
2037-12-11,10.05,6.43,13.88,334.11,93.9,101.2,3.61,2.606
2037-12-12,10.11,7.55,39.53,294.27,86.8,101.5,2.92,1.51
2037-12-13,12.64,7.74,11.3,333.83,88.8,100.5,4.2,1.905
2037-12-14,12.89,6.18,14.86,329.45,91.7,99.2,17.76,1.956
2037-12-15,8.94,5.36,36.21,265.5,84.8,100.5,0,3.824
2037-12-16,11.4,6.19,9.37,321.37,88.6,100.9,1.44,2.789
2037-12-17,13.16,9.73,16.11,337.83,88,100.2,1.21,2.531
2037-12-18,9.76,4.61,35.11,287.27,86.9,101.3,0.73,0.754
2037-12-19,13.42,6.26,18.41,322.62,79.9,100,4.34,4.122
2037-12-20,9.21,7.42,31.76,295.4,71,101.5,1.27,4.706
2037-12-21,11.53,8.74,17.04,325.72,88.4,101.3,1.6,2.692
2037-12-22,12.84,9.5,6.79,346.85,91.4,99.7,8.3,1.701
2037-12-23,10.73,7.67,30.33,299.69,82.3,98.8,6.24,3.432
2037-12-24,13.75,8.78,5.95,342.41,87.2,98.1,14.08,2.863
2037-12-25,11.35,5.92,35.8,271.46,68.5,99,0.04,5.589
2037-12-26,11.62,5.95,19.42,310.92,80.2,98.3,10.35,3.525
2037-12-27,8.32,3.23,36.9,259.33,72.5,100.3,0,4.654
2037-12-28,5.4,3.69,10.96,289.52,77.1,100.2,0,0.827
2037-12-29,10.69,2.17,21.24,287.37,86.9,100,5.06,1.649
2037-12-30,11.87,7.9,25.32,318.03,90.4,98.7,6.29,1.582
2037-12-31,10.91,7.44,25.16,306.66,81,97.7,3.2,2.971
2038-01-01,9.95,6.98,25.01,294.83,71.7,96.7,0.11,5.155
2038-01-02,7.63,4.89,24.72,284.73,81.1,95.7,1.31,4.668
2038-01-03,7.41,5.42,13.94,297.9,80.7,97.4,1.48,6.768
2038-01-04,6.48,2.41,40.02,260.94,75.7,98.8,0,3.382
2038-01-05,6.19,1.07,41.36,250.82,80.1,100.6,0.39,1.732
2038-01-06,5.34,-3.11,27.69,267.18,87.6,101.4,1.64,0.923
2038-01-07,7.36,3.82,22.07,295.71,75.7,100.7,0.86,4.529
2038-01-08,8.29,2.6,6.96,305.36,85.2,99.9,9.23,1.499
2038-01-09,5.68,2.42,24.23,286.23,84.6,98.8,6.04,3.861
2038-01-10,4.79,0.1,32.93,259.62,83.3,100.7,0.21,2.599
2038-01-11,6.06,0.12,36.13,274.99,89.7,102,0.15,1.16
2038-01-12,7.53,1.71,22.43,304.6,92.8,102.5,0.55,1.467
2038-01-13,11.57,5.82,31.11,314.28,84.4,102.4,0.26,4.474
2038-01-14,6.59,4.5,28.46,301.92,82.2,102.8,0.05,3.285
2038-01-15,10.33,3.82,17.09,302.16,79.4,100.3,3.93,6.022
2038-01-16,5.99,3.28,29.83,284.95,69.6,100.1,3.07,7.019
2038-01-17,6.72,2.99,40.52,283.71,73.6,100.9,1.31,3.148
2038-01-18,10.08,2.97,18.25,301.22,88,101,1.82,3.844
2038-01-19,10.37,4.62,25.92,301.16,81.4,101,0.57,4.636
2038-01-20,6.7,4.68,33.27,284.83,76.3,100.8,0.36,5.987
2038-01-21,7.01,3.1,36.07,282.11,71,101.1,0.27,4.236
2038-01-22,8.34,1.27,27.38,303.17,92.2,102.1,1.32,1.017
2038-01-23,9.98,6.25,43.73,298.51,91.4,102.6,0.04,2.691
2038-01-24,10.46,7,36.98,317.37,89.5,102.2,0.16,1.476
2038-01-25,8.33,3.58,47.93,291.34,80.9,101.6,7.59,2.703
2038-01-26,6.45,0.94,36.68,272.85,80.2,101.6,0.25,1.883
2038-01-27,7.1,3.02,57.16,283.52,79.1,100.2,2.09,3.822
2038-01-28,7.93,2.95,41.74,283.97,85.8,101.3,0.28,3.928
2038-01-29,8.52,4.51,44.86,301.46,90.1,102.2,1.17,2.78
2038-01-30,9.44,4.86,37.02,315.28,93.1,102.9,1.42,1.612
2038-01-31,9.85,4.37,39.6,307.92,88.9,103,0.59,2.034
2038-02-01,12.2,7.69,48.31,313.31,91,102.7,0.14,3.209
2038-02-02,11.32,6.91,59.94,292.58,84.3,102.4,0,4.193
2038-02-03,9.45,4.84,48.73,294.53,81.1,102.5,0.82,3.412
2038-02-04,8.77,3.7,51.8,275.85,77,102.6,0.09,4.304
2038-02-05,9.91,5.35,51.75,297.59,82.6,101.2,0.91,3.179
2038-02-06,9.77,4.89,33.62,312.46,83.4,99.3,14.97,2.941
2038-02-07,6.53,2.04,27.73,285.29,89.6,99.8,1.65,0.833
2038-02-08,8.39,1.26,60.11,280.96,79.5,100.6,0.34,2.617
2038-02-09,11.5,6.03,51.52,295.16,70.6,99.4,1.12,6.587
2038-02-10,7.8,3.7,78.55,257.05,64.9,100.2,0.09,6.019
2038-02-11,8.74,3.2,16.76,296.97,88.7,98.8,5.08,1.88
2038-02-12,7.39,3.57,68.3,278.32,74.6,98.4,1.49,5.273
2038-02-13,8.57,3.28,44.91,295.73,84.1,98.6,3.59,3.033
2038-02-14,7.84,5.14,39.81,296.25,76.9,99.1,3.31,5.979
2038-02-15,7.15,4.55,61.88,290.85,79.2,99.5,5.55,4.924
2038-02-16,7.01,2.22,103.64,260.71,72.2,102.1,0.82,2.926
2038-02-17,10.08,3.23,60.13,292.82,83.2,101.8,1.97,5.363
2038-02-18,10.18,5.2,69.71,291.13,72.5,99.4,0.37,9.109
2038-02-19,7.83,2.8,77.41,268.73,62.8,100,0.21,5.278
2038-02-20,10.67,3.18,65.27,296.11,86.4,100.1,0.28,3.698
2038-02-21,10.61,5.93,62.87,302.22,71.8,99.5,1.67,8.466
2038-02-22,6.32,3.62,74.97,280.17,67.2,98.8,1.77,7.919
2038-02-23,7.81,1.28,71.34,284.22,71.1,100.7,0.59,6.151
2038-02-24,10.51,1.84,11.41,316.94,87.9,101.2,12.29,2.543
2038-02-25,13.42,5.33,80.83,301.19,81.5,100.5,0.91,6.113
2038-02-26,8.39,4.99,90.29,274.48,65.3,101.7,0.04,7.224
2038-02-27,9.33,5.4,79.08,293.04,81.3,102,0.21,4.791
2038-02-28,12.25,8.35,71.13,327.09,88.7,101.5,1.88,3.8
2038-03-01,13.6,8.62,85.34,333.16,89,101.7,1.56,0.921
2038-03-02,14.1,8.96,61.73,324.71,89.1,101.9,0.13,2.552
2038-03-03,12.55,7.32,99.4,312.92,84,102.3,0.08,3.591
2038-03-04,13.27,6.13,99.74,313.12,91.3,102.4,0.1,0.557
2038-03-05,13,8.34,81.25,320.45,90.9,102.1,0.22,1.124
2038-03-06,13.52,5.04,113.81,288.91,80.6,101.8,0.35,2.049
2038-03-07,14.12,2.68,151.92,255.53,72.2,101.3,0,2.23
2038-03-08,12.38,4.87,84.38,290.82,87.3,100.8,0.59,1.582
2038-03-09,12.69,5.38,129.71,290.97,75.4,101.2,0.12,1.115
2038-03-10,13.73,9.45,58.88,330.63,76.8,100.6,0.33,1.937
2038-03-11,14.65,7.32,154.25,287.07,75.4,100.7,0.91,2.037
2038-03-12,16.07,6.33,88.75,320.91,81.7,100.1,0.44,1.642
2038-03-13,12.4,4,58.27,302.07,81,99,11.7,1.352
2038-03-14,9.39,4.59,60.22,299.34,86.4,99.4,12.58,2.456
2038-03-15,10.84,2.9,133.64,274.14,81.4,99.8,4.33,1.55
2038-03-16,6.9,5.87,37.93,312.84,87.8,99.8,4.65,1.941
2038-03-17,10.5,5.44,83.31,297.16,77.9,100.6,0.71,2.678
2038-03-18,9.41,3.63,92.12,271.17,81.7,101.5,1.71,2.274
2038-03-19,13.64,3.67,159.6,270.81,77,101.9,0,1.751
2038-03-20,14.36,8.73,110.52,309.82,77.2,101.5,0,1.978
2038-03-21,17.45,9.07,155.56,292.12,71.9,101.2,0,2.022
2038-03-22,13.86,7.25,96.14,310.56,87.4,100.5,2.64,0.163
2038-03-23,13.74,7.15,99.19,334.6,90.9,99.6,7.15,1.49
2038-03-24,12.41,7.08,54.23,323.48,89.5,99.1,10.66,0.907
2038-03-25,10.91,5.48,104.71,300.95,84,98.6,4.26,1.357
2038-03-26,9.32,4.1,127.3,288.79,72.8,98.1,5.88,1.906
2038-03-27,10.62,2.86,116.72,281.05,81.7,99.6,0.67,2.747
2038-03-28,13.65,4.47,91.39,306.51,90,100.4,1.59,1.994
2038-03-29,15.32,6.22,79.1,323.21,84.5,100.3,1.31,4.858
2038-03-30,9.73,5.32,140.75,275.69,66.5,100.4,0.25,6.726
2038-03-31,9.28,4.47,115.73,280.55,73.3,100.4,1.16,6.045
2038-04-01,8.8,5.72,94.51,304.77,77.4,101,4.43,4.052
2038-04-02,10.05,4.83,174.29,283.61,62.2,101.6,0.04,1.426
2038-04-03,10.6,2.96,140.22,286.14,74.1,102.1,0.1,0.455
2038-04-04,11.34,5.36,146.85,291.06,66.2,102,0.16,0.857
2038-04-05,10.92,5.71,107.2,307.05,70.8,101.5,0.92,0.955
2038-04-06,12.26,6.35,124.2,313.3,82.2,101.7,1.11,0.506
2038-04-07,13.99,6.19,164.99,298.36,72.2,101.6,0.04,1.141
2038-04-08,13.7,4.98,165.79,290.63,63.4,101.3,0.14,2.172
2038-04-09,12.25,5.37,127.49,303.59,65.3,101.8,0.2,2.703
2038-04-10,10.66,3.92,139.25,289.66,63.4,102.1,0.08,3.021
2038-04-11,9.29,3.92,73.69,307.12,74.2,101.6,0.21,1.439
2038-04-12,9.99,3.71,141.98,286.42,67.7,101.5,0.08,2.158
2038-04-13,10.99,3.93,125.26,299.82,75.3,101,0.52,0.353
2038-04-14,11.35,2.44,134.86,293.18,80.4,100.3,0.84,1.276
2038-04-15,13.12,5.67,142.57,306.24,80.6,99.7,2.96,2.766
2038-04-16,9.7,5.09,165.44,279.95,63.4,99.6,1.97,6.28
2038-04-17,12.36,4.98,112.5,313.05,80.4,99.4,4.53,6.303
2038-04-18,11.07,6.1,212,286.92,59.4,98.7,2.89,8.604
2038-04-19,9.72,5.37,149.46,282.05,67.7,98.8,3.23,7.588
2038-04-20,12.31,5.81,180.16,287.53,68,99.3,1.92,2.852
2038-04-21,10.94,7.01,182.01,296.83,78.7,97.9,4.74,4.225
2038-04-22,10.48,3.52,168.9,282.05,70.4,100,0.87,2.939
2038-04-23,10.86,3.47,154.63,283.41,68.3,101.5,0.38,2.556
2038-04-24,14.8,5.37,154.63,312.48,73.3,102.4,0.11,1.925
2038-04-25,17.26,7.54,268.17,282.51,59.6,102.6,0,1.827
2038-04-26,18.85,5.89,260.08,282.48,66.9,102.1,0,1.499
2038-04-27,18.49,8.73,278.46,285.43,68.5,102.5,0,1.859
2038-04-28,16.26,7.7,188.47,295.79,71.6,102.7,0,3.348
2038-04-29,17.25,7.46,244.97,288.66,70.1,102.4,0,3.711
2038-04-30,16.39,6.87,259.49,277.3,64.7,101.8,0.05,2.774
2038-05-01,15.42,8.02,202.73,313.94,67.3,101.5,0.04,0.962
2038-05-02,10.37,5.13,99.84,311.56,85.3,100.9,10.04,1
2038-05-03,9.84,3.21,151.95,292.83,74.4,100.4,1.2,1.071
2038-05-04,11.71,2.45,192.62,283.42,65,100.6,0.58,3.227
2038-05-05,16.22,6.01,197.43,319.09,66.7,101,3.83,4.041
2038-05-06,13.81,7.94,74.45,345.08,93.2,100.7,26.66,3.455
2038-05-07,17.32,9.51,223.12,318.45,78.1,100.3,2.78,0.768
2038-05-08,13.56,7.78,221.35,300.48,68.5,100.7,2.19,2.147
2038-05-09,11.02,6.2,160.48,297.17,67.4,101.1,0.66,3.274
2038-05-10,11.16,4.69,148.76,292.96,69.8,101.1,0.33,3.157
2038-05-11,13.17,5.59,159.84,305.13,69.8,101,0.12,1.22
2038-05-12,13.39,8.45,138.43,320.18,75.6,100.8,0.96,1.454
2038-05-13,14.38,7.51,166.34,312.72,79.1,101.1,1.66,1.978
2038-05-14,16.32,6.82,205.02,306.76,65.2,101.8,0.68,1.986
2038-05-15,17.45,3.87,286.84,269.56,68.6,102.5,0.06,0.273
2038-05-16,19.08,6.95,259.78,306.88,77.5,102.6,0,1.315
2038-05-17,22.65,8.29,284.5,309.76,80.1,102.6,0,0.63
2038-05-18,22.57,9.94,287.16,313.91,76.3,102.4,0,0.947
2038-05-19,19.16,9.97,213.44,318.9,74.9,102.4,0.1,2.036
2038-05-20,20.82,8.13,301.17,296.76,67.6,102.5,0,2.735
2038-05-21,21.81,7.95,322.93,278.24,69.9,102.6,0,0.436
2038-05-22,23.77,8.99,324.92,291.58,72.3,102.1,0,0.705
2038-05-23,17.99,10.16,231.76,308.5,72.1,101.7,0.38,0.84
2038-05-24,17.58,6.08,322.89,264.32,68.6,101.8,0.01,0.508
2038-05-25,16.47,8.54,161.75,317.53,74.9,100.4,0.65,3.138
2038-05-26,14.06,7.13,197.72,303.41,72.3,99.1,4.36,2.915
2038-05-27,14.49,5.9,227.53,294.86,61.3,99.6,1.52,3.828
2038-05-28,13.69,8.51,148.37,309.1,76.6,100.6,2.45,2.082
2038-05-29,17.63,7.64,249.8,295.22,63.7,101.6,0.1,1.043
2038-05-30,24.66,11.32,250.81,344.01,70.8,101.5,0,1.436
2038-05-31,26.35,13.53,281.01,347.57,70.4,101.2,3.39,1.161
2038-06-01,28.04,15.74,311.56,351.61,70,100.9,6.77,0.909
2038-06-02,20.64,13.7,324.36,315.12,72.1,100.9,13.45,4.784
2038-06-03,17.19,12.46,168.84,333.56,76.7,100.6,3.75,3.585
2038-06-04,15.89,9.84,232.01,309.23,79.7,100.1,6.34,5.056
2038-06-05,14.54,9.38,170.46,316.28,78.1,100.4,1.24,2.821
2038-06-06,15.33,8.54,199.25,303.2,70.7,101,0,2.396
2038-06-07,17.88,8.45,261.43,309.79,70.1,101.1,0.08,3.44
2038-06-08,15.85,8.85,257.35,302.88,71.8,101.3,1.72,1.027
2038-06-09,15.31,8.25,264.82,291.64,68.5,100.8,0.03,4.17
2038-06-10,17.69,10.46,274.44,313.41,70.2,100.5,0.03,2.966
2038-06-11,18.43,8.86,279.9,298.2,72.7,100.1,1.02,0.693
2038-06-12,16.33,9.01,199.54,319.31,84,100.4,5.79,0.757
2038-06-13,14.94,8.19,229.74,306.25,66.9,101.1,0.22,1.456
2038-06-14,14.53,7.68,208.35,302.15,75.4,101.1,0.75,4.509
2038-06-15,16.62,7.56,254.32,295.47,61.8,101.4,0.06,2.274
2038-06-16,17.32,6.69,314.49,273.96,66.5,101.4,0,1.876
2038-06-17,18.49,8.1,256.88,301.81,67.5,101.5,0.03,1.928
2038-06-18,21.08,7.94,268.9,306.28,73.7,101.4,0,0.356
2038-06-19,25.24,12.39,284.85,338.72,62.7,100.8,4.72,2.209
2038-06-20,21.92,14.41,257.29,344.84,77.9,99.6,6.42,1.019
2038-06-21,20.16,14.59,247,342.19,74.9,99.6,0.28,5.172
2038-06-22,18.68,13.32,150.87,348.36,82.6,99.4,11.11,0.877
2038-06-23,18.83,12.13,222.73,329.01,77.7,99.8,2.87,2.485
2038-06-24,19.55,10.77,251.32,306.3,68.5,100.6,0.05,2.772
2038-06-25,20.82,11.93,211.81,346.58,74.2,100,0.81,3.456
2038-06-26,18.49,12.5,280.39,312.23,70.5,99.5,0.39,5.302
2038-06-27,17.56,11.55,227.19,314.76,75.3,99.7,1.06,5.829
2038-06-28,18.76,11.15,259.07,302.21,69.6,100.5,0.32,3.774
2038-06-29,18.81,10.11,253.79,304.4,75.5,100.9,3.19,2.092
2038-06-30,18.64,9.55,248.49,303.27,77.3,101.1,2.68,2.42
2038-07-01,18.17,10.65,227.09,311.58,78.5,101.1,2.98,2.429
2038-07-02,18.74,11.07,218.27,320.34,77.7,100.8,3.74,0.573
2038-07-03,18.63,11.06,278.16,299.09,66.6,101,0.43,3.057
2038-07-04,19.02,10.99,231.74,309.2,64.9,101.7,0,2.774
2038-07-05,18,11.69,129.63,349.3,81.3,100.9,3.33,2.345
2038-07-06,19.02,14.58,188.96,354.33,80.9,99.1,2.73,2.826
2038-07-07,16.86,13.19,135.39,347.63,86,98.1,7.19,1.843
2038-07-08,18.09,12.77,161.56,352.59,85.8,98.4,6.02,4.875
2038-07-09,20.69,13.57,257.46,329.44,78.7,99.9,2.47,2.403
2038-07-10,19.5,12.2,298.68,307.13,70.9,101.1,0.07,2.961
2038-07-11,22.66,11.07,307.87,318.78,69.6,101.9,0.04,3.149
2038-07-12,25.92,15.65,262.73,355.22,73.2,101.9,0.04,2.97
2038-07-13,22.34,13.28,262.25,328.41,78.1,101.9,0.27,2.408
2038-07-14,23.58,12.51,334.15,299.65,68.5,102.2,0,1.2
2038-07-15,23.95,12.39,322.45,303.63,66.5,102.1,0,2.056
2038-07-16,22.89,13.6,279.53,308.93,67.6,101.5,0,1.118
2038-07-17,25.72,11.65,327.73,305.62,70.1,101.6,0,0.6
2038-07-18,23.84,13.67,326.98,305.6,70.5,102.1,0,1.127
2038-07-19,26.12,11.66,320.47,317.03,71.7,102.1,0,0.795
2038-07-20,24.5,17.32,187.94,372.98,78.9,101.4,2.12,2.512
2038-07-21,24.61,16.65,250.65,348.81,77.9,100.9,0.39,3.07
2038-07-22,21.55,16.37,277.81,332.85,72,100.8,0.25,4.128
2038-07-23,20.61,13.61,216.92,327.48,75.1,100.9,1.25,4.745
2038-07-24,20.35,12.27,275.73,308.87,63.8,101.5,0.03,4.175
2038-07-25,23.86,14.77,254.87,350.69,76.1,101.2,0.23,3.886
2038-07-26,23.98,14.76,243.5,339.53,73,100.6,0.16,3.555
2038-07-27,20.67,12.22,264.73,299.19,60.5,101.1,0.08,3.853
2038-07-28,19.67,13.19,268.46,307.75,62.2,101.1,0.07,4.115
2038-07-29,18.44,11.93,173.41,325.9,65.2,101.2,0.08,0.78
2038-07-30,22.99,11.72,187.78,340.39,63,100.6,0.81,1.293
2038-07-31,22.3,13.8,227.62,336.96,66.4,100.4,0.66,2.494
2038-08-01,21.61,15.87,267.74,331.94,69.7,100.2,0.51,4.447
2038-08-02,19.36,13.21,182.73,334.7,72.3,100.9,0.26,2.858
2038-08-03,21.2,10.62,206.3,319.65,70.6,101.1,0.14,0.599
2038-08-04,20.92,14.31,191.73,343.21,75.8,101.1,2.91,0.865
2038-08-05,19.25,12.27,221.13,313.64,74.4,101.6,1.54,0.433
2038-08-06,22.8,9.26,244.8,305.61,65.7,101.5,0.03,0.287
2038-08-07,25.52,14.96,212.53,350.06,61.4,100.5,1.41,1.793
2038-08-08,22.77,15.75,204.03,347.47,81.2,100.1,6.11,2.442
2038-08-09,21.84,13.78,265.9,322.51,66.5,100.6,0,2.54
2038-08-10,22.75,14.9,223.06,341.49,70.2,100.5,0.27,4.972
2038-08-11,19.83,11.2,238.79,302.23,62.9,101.5,0.03,2.838
2038-08-12,20.4,9.68,220.05,301.31,65.1,101.8,0.03,0.909
2038-08-13,22.99,9.67,283.64,292.37,65.1,101.9,0,0.359
2038-08-14,27.87,11.65,282.04,315.74,57.9,101.8,0,1.648
2038-08-15,30.22,14.26,281.67,331.74,65.2,101,0.17,1.075
2038-08-16,27.41,16.01,246.17,352.81,71.6,100.4,5.34,1.206
2038-08-17,21.72,13.64,263.54,306.27,62.9,101,0.03,2.597
2038-08-18,23.3,12.9,246.56,311.53,68.5,100.9,0.88,3.054
2038-08-19,19.01,13.42,139.6,329.93,80.7,100.1,7.69,2.351
2038-08-20,18.99,13.44,200.73,327.34,68.9,100.7,0.84,4.395
2038-08-21,21.18,12.54,158.38,332.6,75.5,101.2,0.47,3.855
2038-08-22,19.32,12.18,223.44,310.21,69.2,101.8,0,3.684
2038-08-23,20.06,12.51,233.65,310.07,67.9,102.1,0.03,2.222
2038-08-24,22.22,10.21,213.74,322.43,77.6,101.9,0.15,1.454
2038-08-25,23.13,15.33,211.29,341.36,76.3,101.9,0.38,0.609
2038-08-26,22.33,15,115.3,366.42,81.9,102.2,0.56,1.085
2038-08-27,22.11,14.66,163.84,344.13,76.9,102.5,0.07,1.481
2038-08-28,22.25,12.47,208.59,318.41,76.9,102.4,0,1.87
2038-08-29,24.06,14.18,201.87,332.71,75.6,102.1,0.09,2.064
2038-08-30,26.35,14.66,217.48,334.22,65.2,101.4,0.02,2.502
2038-08-31,26.85,14.02,224.77,328.57,66.1,101,0.24,1.22
2038-09-01,27.34,13.37,232.11,324.7,67.1,100.6,0.45,0.832
2038-09-02,19.6,15.01,92.17,344.61,88.3,100.1,4.61,1.372
2038-09-03,20.35,13.61,186.85,317.78,71.4,100.8,1.85,3.522
2038-09-04,21.14,12.57,159.46,327.91,78.7,100.4,3.26,3.429
2038-09-05,18.1,10.7,206.63,286.7,68.8,100,0.23,4.076
2038-09-06,17.35,10.78,164.99,294.34,64.4,100,0.05,3.902
2038-09-07,18.46,9.92,116.17,323.3,75.8,100.1,5.01,1.78
2038-09-08,19.5,10.7,186.28,309.1,74.1,100.7,1,1.22
2038-09-09,19.38,8.84,226.59,274.84,65.9,101.6,0,0.906
2038-09-10,19.49,7.73,189.02,294.03,73.1,101.8,0.08,0.299
2038-09-11,19.92,9.09,178.4,305.77,76.6,101.8,0,0.642
2038-09-12,20.81,10.56,150.48,323.26,83.9,101.8,0.03,0.217
2038-09-13,21.52,10.11,180.55,317.19,80.1,101.8,0.03,0.735
2038-09-14,22.1,11.92,153.28,338,80.1,101.9,0.06,0.504
2038-09-15,22.95,12.42,155.4,335.86,78.5,101.8,0.07,0.489
2038-09-16,23.43,13.38,152.68,338.71,84.6,101.1,0.09,0.753
2038-09-17,22,12.62,143.81,334.31,81.6,100.5,0.66,2.444
2038-09-18,20.35,11.95,178.5,303.8,73.6,101.1,0.05,2.209
2038-09-19,20.32,12.48,80.56,347.58,76,101,0.36,1.152
2038-09-20,19.45,10.15,160.43,308.01,69.7,101.5,0.05,1.518
2038-09-21,21.26,9.16,163.25,305.51,68,101.4,0,1.101
2038-09-22,22.3,12.16,174.16,312.41,72.3,101.2,0,0.82
2038-09-23,27.82,13.04,175.12,347.13,77.9,101.2,0,0.913
2038-09-24,29.82,14.4,167.15,359.62,75.9,101.4,0.05,0.812
2038-09-25,29.03,15.41,171.27,346.29,67,101.2,0.16,1.568
2038-09-26,27.38,16.21,146.76,346.27,70.6,101,0,1.305
2038-09-27,28.9,15.87,169.63,338.64,62.5,101.3,0,2.087
2038-09-28,26.56,14.28,164.42,331.05,77.6,102.3,0,0.587
2038-09-29,23.39,14.26,140.4,336.66,85.9,102.6,0.06,0.423
2038-09-30,20.09,14.68,95.11,354.45,83.9,102.4,0.17,0.816
2038-10-01,20.37,12.3,121.75,326.07,81.9,102.4,0,1.393
2038-10-02,21.88,11.22,157.38,294.1,67.4,102.2,0,1.793
2038-10-03,21.13,6.85,156.61,284.57,79.1,101.7,0,0.617
2038-10-04,22.95,8.16,154.78,301.14,74.8,101.3,0,0.465
2038-10-05,23.36,10.2,140.41,328.52,81.5,101.5,0.21,0.191
2038-10-06,20.75,11.74,84.58,341.21,90.8,102.2,0.14,0.416
2038-10-07,21.13,11.5,126.2,324.11,85.3,102.2,0.19,0.74
2038-10-08,21.08,8.48,144.74,295.9,76.2,101.8,0,1.251
2038-10-09,22.52,10.7,125.56,321.39,80.2,101.3,0.46,0.601
2038-10-10,19.6,12.96,89.76,335.14,89.2,101,4.18,1.448
2038-10-11,18.47,11.68,44.6,340.59,85.3,99.9,74,1.352
2038-10-12,14.58,10.25,90.57,308.79,77.2,99,1.74,4.035
2038-10-13,15.35,9.04,105.23,297.87,75.5,100.4,0.05,4.211
2038-10-14,15.56,9.99,98.57,295.62,69,100.3,0.51,5.631
2038-10-15,12.54,7.65,77.5,284.28,80.1,100.1,1.44,4.932
2038-10-16,12.25,6.6,84.8,295.98,82.7,98.9,1.65,2.854
2038-10-17,12.28,5.75,61.95,310.05,85.5,98.5,1.55,1.806
2038-10-18,12.71,7.48,60.34,317.57,89.4,98.6,1.14,0.913
2038-10-19,11.87,6.6,64.63,308.88,90.2,99.1,0.05,0.143
2038-10-20,15.28,6.69,110.37,283.74,83.6,100.3,0,0.543
2038-10-21,13.73,6.89,42.06,327.45,93.1,100.4,26,1.745
2038-10-22,16.25,10.39,93.5,319.11,87.3,101.2,0.22,1.952
2038-10-23,17.21,11.32,62.35,349,92.4,101.8,0.07,0.608
2038-10-24,15.32,8.45,86.66,313.68,90.2,101.7,0.08,1.175
2038-10-25,15.52,11.29,62.27,339.41,93,101.3,1.27,1.553
2038-10-26,15.25,11.23,60.4,334.25,90.1,101,0.24,1.266
2038-10-27,15.74,10.91,57.3,341.46,90.4,100.9,2.18,2.08
2038-10-28,14.94,12.79,32.55,360.24,93.2,101.1,7.66,2.215
2038-10-29,14.78,7.38,58.13,314.02,92.5,101.6,0,0.608
2038-10-30,14.11,10.12,42.89,334.77,91.9,102.2,0.41,1.037
2038-10-31,14.63,10.45,45.8,335.17,91.1,102.2,0.47,1.136
2038-11-01,15.15,10.78,48.71,334.95,90.2,102.2,0.53,1.055
2038-11-02,12.41,9.06,49.96,325.83,87.8,102.4,0.1,0.589
2038-11-03,11.8,8.32,39.61,327.3,91.4,102.2,0.14,0.742
2038-11-04,14.32,6.9,49.56,318.98,90.9,102,0.1,2.333
2038-11-05,12.69,8.74,53.78,301.56,81.3,102,0,3.677
2038-11-06,16.15,10.32,61.91,315.18,83.9,101.2,0,5.042
2038-11-07,13.97,8.24,27.19,303.21,80.4,100.8,3.37,4.167
2038-11-08,12.49,5.63,61.57,279.04,80.7,101.2,0,2.231
2038-11-09,11.29,3.89,69.07,270.48,85.8,101.2,0,1.042
2038-11-10,12.72,6.26,69.98,279.36,83.2,100.7,0,3.722
2038-11-11,11.31,6.17,35.98,298.62,73.7,100.7,0.03,4.063
2038-11-12,7.89,4.72,54.66,282.63,64.6,101.3,0.05,3.274
2038-11-13,7.8,4.91,39.71,295.98,84.1,101.5,0.29,1.713
2038-11-14,7.69,1.79,43.13,275.49,85.9,101.7,0.17,0.631
2038-11-15,6.93,0.15,51.73,256.23,90.9,101.8,0,0.277
2038-11-16,7.39,1.8,55.69,278.6,77.3,101.4,0,1.942
2038-11-17,4.56,1.15,30.95,279.64,77.6,101.2,0,1.021
2038-11-18,7.05,0,57.47,255.45,90.3,102.1,0,0.87
2038-11-19,7.77,3.02,41.95,288.52,84.8,102.8,0,0.77
2038-11-20,7.36,3.53,32.41,302.02,86.9,102.7,0.06,0.475
2038-11-21,6.87,3.07,34.93,303.22,79.6,102.5,0.06,0.472
2038-11-22,6.04,2.77,34.77,298.18,82.9,102.3,0.53,0.872
2038-11-23,5.42,3.37,25.88,305.54,87.6,101.4,0.37,2.234
2038-11-24,6.73,3.66,30.93,304.69,86,101,0.42,2.831
2038-11-25,7.69,4.79,23.34,310.74,81.2,101.2,1.12,3.515
2038-11-26,5.07,1.69,23.86,295.01,88.8,101.4,1.25,1.678
2038-11-27,2.35,-1.62,22.7,275.42,87.1,102.1,4.08,1.228
2038-11-28,1.95,-1.54,28.6,262.63,88.6,102.1,0.5,1.138
2038-11-29,2.92,-1.52,28.16,270.49,88.2,101.9,0.29,1.157
2038-11-30,4.07,-1.74,28.33,274.66,87.2,101.3,1.19,0.955
2038-12-01,1.63,-1.34,27.7,277.24,86.8,101.2,0.15,1.318
2038-12-02,2.83,-2.5,40.89,270.05,85.9,101.5,0.75,1.74
2038-12-03,5.48,2.01,25.8,282.4,93.1,101.2,2.16,1.529
2038-12-04,5,0.89,18.86,291.06,94.7,101.6,0.08,0.523
2038-12-05,4.88,-0.25,21.95,288.93,96.3,102,0.44,0.256
2038-12-06,4.28,0.62,26.14,291.11,83.7,101.1,0.16,2.488
2038-12-07,9.31,0.58,15.45,320.4,93.8,99.1,4.99,1.663
2038-12-08,11,8.98,18.66,334.74,95.5,99.1,0.29,1.659
2038-12-09,11.06,9.43,25.19,328.99,91.4,99,1.31,1.201
2038-12-10,10.06,5.9,12.97,313.85,93.4,99.2,10.37,1.764
2038-12-11,12.13,10.12,15.24,341.38,94.4,98,5.31,1.752
2038-12-12,12.34,10.34,32.89,317.81,91.4,98.3,1.26,1.388
2038-12-13,11.04,9.64,11.18,343.14,96.1,97.9,2.69,1.242
2038-12-14,11.78,8.31,26.17,323.32,93.8,98.5,0.96,1.194
2038-12-15,11.92,8,18.74,315.3,90.6,99.2,1.05,1.359
2038-12-16,12.06,8.82,22.63,324.08,93.5,99.1,6.87,1.646
2038-12-17,11.56,7.38,14.96,312.48,92.2,99.9,1.19,1.048
2038-12-18,12.86,7.94,19.41,311.64,93.1,99.9,1.77,1.259
2038-12-19,12.16,8.36,13.54,334.7,93.2,99.8,8.45,2.298
2038-12-20,11.49,8.65,35.22,294.19,86.1,101.2,0.03,3.051
2038-12-21,13.59,9.43,28.31,326.93,87.3,102.1,0.31,2.147
2038-12-22,11.62,9.15,17.1,318.75,85.9,101.9,0,1.711
2038-12-23,11.77,9.61,15.1,336.94,91,101.3,2.5,1.609
2038-12-24,11.58,3.84,36.04,286.26,89.4,102.1,5.72,1.87
2038-12-25,10.08,5.71,18.31,298.97,74,102,0.04,3.715
2038-12-26,10,6.93,20.34,315.35,85.5,101.6,0.39,2.033
2038-12-27,11.93,6.7,21.91,326.82,89.9,100.8,2.07,1.977
2038-12-28,13,9.25,14.56,326.25,84.4,99.2,6.05,2.192
2038-12-29,10.04,5.7,33.04,279.16,73.8,98.9,3.36,3.835
2038-12-30,7.52,4.13,34.61,275.34,77.6,99.7,0.23,3.551
2038-12-31,7.2,3.79,28.58,280,78.5,99.4,3.8,1.77
2039-01-01,6.88,3.44,22.53,286.94,79.4,99,7.36,1.395
2039-01-02,8.6,5.84,18.55,294.99,90.9,96.4,1.03,1.986
2039-01-03,9.33,5.73,28.13,288.32,85.7,97.4,3.59,1.868
2039-01-04,10.54,4.67,14,307.93,87.6,96.5,6.82,4.097
2039-01-05,7.97,4.24,39.01,286.66,89.9,98.4,0.3,1.163
2039-01-06,5.89,0.21,12.48,283.59,86.3,98.2,7.77,1.404
2039-01-07,6.21,-0.55,39.99,238.57,73,100.8,0,2.585
2039-01-08,10.27,1.32,9.02,301.78,87.6,100.1,3.61,1.664
2039-01-09,11.83,5.69,25.14,298.1,85.8,100.6,2.56,1.576
2039-01-10,13.39,8.01,38.63,291.17,84.7,100.9,0.59,3.326
2039-01-11,13.89,8.65,24.93,314.62,84.6,101.3,1.1,1.896
2039-01-12,13.68,10.45,31.54,297.92,72.9,100.8,0,1.904
2039-01-13,13,9.28,39.98,297.53,76.9,101.2,0.51,4.111
2039-01-14,12.3,9.3,25.19,317.81,85.5,101.1,0.14,1.703
2039-01-15,12.43,6.19,33.97,289.11,74,100.3,1.11,3.743
2039-01-16,12.45,6.94,8.99,329.9,82.5,98.3,21.63,4.921
2039-01-17,8.86,5.61,31.39,282.68,68.3,97.3,0.53,6.641
2039-01-18,7.99,3.37,27.08,288.6,78.9,97.9,1.11,5.696
2039-01-19,6.07,2.63,22.64,297.85,91,98.8,1.45,0.575
2039-01-20,6.81,4.58,15.82,287.02,80.5,97.9,2.46,5.873
2039-01-21,5.79,2.51,18.06,286.7,77,98.9,1.53,5.181
2039-01-22,5.91,-1.06,45.66,264.75,85.5,99.2,0.14,2.065
2039-01-23,5.21,0.46,59.26,237.44,81.2,100.7,0,0.242
2039-01-24,8.11,3,23.6,300.45,86.4,99.1,7.64,1.269
2039-01-25,10.43,4.06,34.06,298.43,69.1,98.4,1.78,6.095
2039-01-26,7.31,3.37,43.16,271.1,70.9,98.7,0,6.222
2039-01-27,7.46,4.22,36.99,283.07,72,100.5,0.14,5.121
2039-01-28,8.81,3.77,24.31,300.07,84.3,99.5,5.23,4.614
2039-01-29,6.43,2.28,37.66,274.08,78.6,97.5,1.57,3.909
2039-01-30,6.97,1.76,60.32,272.66,82.3,100.1,2.07,2.505
2039-01-31,10.56,2.86,42.14,304.82,88.1,101.6,0.19,2.731
2039-02-01,12.32,8.89,53.64,311.17,84.7,102.1,0.06,3.758
2039-02-02,10.66,7.54,55.75,310.13,83.6,102.1,0.26,2.188
2039-02-03,8.57,3.8,48.5,298.46,90.2,101.5,0.51,0.931
2039-02-04,7.31,2.59,40.02,297.71,86.8,101.2,0.12,0.235
2039-02-05,7.03,1.5,42.13,283.92,88.6,102.1,0.92,1.019
2039-02-06,7.43,0.88,72.61,258.5,73.6,103.4,0.03,1.47
2039-02-07,5.87,-1.09,86.67,231.44,82.6,103.4,0,1.696
2039-02-08,5.05,-1.02,62.21,280.08,80.8,102.5,0.18,1.538
2039-02-09,4.7,0.82,36.33,300.04,92.4,101.9,0.59,0.688
2039-02-10,6.48,3.63,38.22,313.36,93.6,102,0.28,1.426
2039-02-11,7.29,3.09,53.61,293.95,87.5,101.9,0.07,1.913
2039-02-12,6.86,3.49,42.97,303.52,82.8,101.4,0.03,2.312
2039-02-13,7.28,1.17,51.52,281.3,89.3,101.9,0,0.858
2039-02-14,7.51,0,53.98,295.66,91.3,102.7,0.16,1.294
2039-02-15,6.38,3.12,57.46,299.07,84.9,102.7,0.67,1.901
2039-02-16,6.3,1.92,54.73,291.39,85.2,102.7,0.31,0.491
2039-02-17,9.15,-0.59,75.86,282.39,86.4,102.9,0.05,1.166
2039-02-18,8.07,4.79,47.79,315.25,92,102.7,0.32,1.038
2039-02-19,7.49,4.84,44.64,319.75,92,102.4,0.92,0.473
2039-02-20,6.87,4.88,39.09,318.93,92.6,101.8,12.34,1.925
2039-02-21,4.86,3.2,32.71,311.34,91.8,100.5,13.08,3.189
2039-02-22,6.19,2.23,83.53,285.13,73.2,101.1,1.58,2.432
2039-02-23,6.59,-1.36,121.15,248.19,73.4,101.8,0.04,2.267
2039-02-24,6.87,3.49,65.92,287.51,76.1,101,2.31,3.216
2039-02-25,7.37,2.82,84.39,282.69,69,101.5,0.08,1.199
2039-02-26,6.39,-0.13,92.99,262.96,79,102.2,0.04,0.476
2039-02-27,6.99,1.32,102.88,275.78,73.9,102.1,0.06,1.635
2039-02-28,7.13,0.52,110.93,263.57,74.9,102.6,0.05,0.834
2039-03-01,6.53,0.37,108.13,272.41,78.3,103.1,0.18,0.248
2039-03-02,6.6,2.62,85.81,295.63,83.3,103.1,0.15,0.468
2039-03-03,8.56,3.98,78.31,311.34,87.4,102.9,0.33,2.009
2039-03-04,8.15,5.34,63.02,316.19,91,102.6,1.09,0.179
2039-03-05,8.6,4.75,79.57,309.56,84.7,102.4,0.16,1.232
2039-03-06,9.46,5.22,92.98,304.61,82.7,102.4,0.15,0.285
2039-03-07,8.82,4.6,91.32,303.67,78.6,102.3,0.17,1.113
2039-03-08,8.4,4.68,50,310.38,87.4,101.2,1.44,2.299
2039-03-09,6.73,3.05,84.51,292.05,72,101.4,0.65,1.802
2039-03-10,8.58,3.83,81.22,302.17,78.7,101.4,0.64,3.634
2039-03-11,7.46,3.8,77,294.21,85.2,100.9,2.64,2.375
2039-03-12,8.27,1.89,94.05,290.81,79.3,101,0.14,2.245
2039-03-13,10.36,4.96,99.52,293.48,80.8,100.7,0.27,3.242
2039-03-14,9.08,4.11,75.92,300.08,80.7,100.5,0.26,1.584
2039-03-15,9.94,3.74,91.03,297.71,84.2,99.7,0.99,2.87
2039-03-16,9.73,5.32,72.89,305.46,89.6,99.2,5.66,2.361
2039-03-17,6.99,3.28,94.56,292.07,81,100.1,1.39,0.233
2039-03-18,7.41,3.7,24.12,303.56,89.1,99.2,8.79,0.638
2039-03-19,10.32,5.51,63.41,312.89,85.9,99.8,10.18,2.073
2039-03-20,15.62,10.08,80.46,346.69,89.8,100,8.73,2.72
2039-03-21,12.62,10.72,93.22,333.93,84,99,7.43,2.577
2039-03-22,13,8.17,156.12,296.56,74.6,98.8,1.08,5.285
2039-03-23,14.43,7.56,63.4,336.82,89.9,98.5,12.8,1.365
2039-03-24,14.36,10.77,129.46,322.87,82.4,98.1,5.18,4.748
2039-03-25,12.42,9.63,70.85,318.09,86.4,98.2,1.77,3.191
2039-03-26,13.2,8.94,130.29,291.12,82,98.9,1.48,4.352
2039-03-27,13.12,7.94,174.97,284.07,77.8,99,0.16,3.467
2039-03-28,12.21,7.04,89.91,319.13,87.3,98.7,9.3,0.348
2039-03-29,11.65,7.01,127.22,312.9,79.6,99.8,3.19,3.075
2039-03-30,14.84,8.67,92.07,331.24,83.2,99.3,4.59,2.849
2039-03-31,12.26,5.76,117.1,302.69,81.3,98.6,13.56,0.971
2039-04-01,9.74,4.33,82.64,315.17,83,98.4,14.26,1.709
2039-04-02,10,3.26,122.38,279.92,66,101.1,0.39,3.174
2039-04-03,10.85,3.37,117.92,280.77,62.4,101.4,0,1.8
2039-04-04,11.97,7.03,217.22,273.85,57.4,100.9,0.02,2.326
2039-04-05,9.86,5.23,87.45,314.43,80.6,100.7,9.37,0.678
2039-04-06,10.68,5.33,150.7,299.23,67.4,102.2,0.33,3.183
2039-04-07,14.4,7,153.42,308.62,79.2,102.3,0.03,2.581
2039-04-08,12.54,7.27,131.74,310.55,75.1,101.3,1.36,1.632
2039-04-09,12.66,5.03,155.33,293.22,74.9,100.8,0.72,1.662
2039-04-10,11.57,3.55,147.79,285.12,74.1,100.2,1.07,1.247
2039-04-11,10.86,3.19,149.48,286.14,78.9,99.5,6.04,1.735
2039-04-12,11.11,7.68,91.48,329.42,89.4,99.1,5.05,3.715
2039-04-13,11.64,7.65,91.58,321.51,84.2,99.8,3.41,3.798
2039-04-14,13.82,6.45,154.7,310.55,73.8,100.9,0.07,2.108
2039-04-15,11.35,6.33,122.72,312.12,72.3,101.8,0.18,2.319
2039-04-16,13.4,5.59,140.33,304.94,73.3,102.1,0.15,1.53
2039-04-17,13.54,3.6,199.4,277.83,78.5,102.1,0.11,0.478
2039-04-18,16.15,4.62,202,284.28,75.9,101.8,0.01,0.656
2039-04-19,15.13,7.45,209.83,288.1,77.3,101.8,0,1.92
2039-04-20,14.52,6.06,165.55,293.19,79.6,102.1,0.05,0.264
2039-04-21,16.66,4.76,222.65,290.59,77.9,102,0,0.519
2039-04-22,15.18,8.27,244.21,285.88,73,102.3,0,2.16
2039-04-23,17.09,5.28,252.39,282.31,71.4,102.6,0,2.492
2039-04-24,14.9,6.85,203.16,293.46,74.5,102.6,0.03,2.596
2039-04-25,16.45,6.41,253.52,285.48,69,102.6,0.02,2.486
2039-04-26,15.44,5.78,235.65,272.2,66.8,102.5,0,2.649
2039-04-27,14.95,5.4,218.51,291.5,69.8,102.1,0.04,2.974
2039-04-28,15.07,7.51,186.69,308.54,64.9,101.6,0.06,3.882
2039-04-29,16.58,8.7,148.68,323.85,67.8,101.2,0.85,3.735
2039-04-30,15.63,9.33,141.89,328.09,84.3,100.9,6.76,1.827
2039-05-01,18.37,7.07,250.24,292.43,74.3,101.4,0.06,1.821
2039-05-02,17.56,6.68,210.14,296.75,73.6,101.5,0.13,1.295
2039-05-03,17.37,9.68,207.01,308.4,73.3,101.7,0.22,1.518
2039-05-04,15.13,10.39,137.79,328.07,83.1,101.7,2.73,2.538
2039-05-05,17.34,8.72,200.31,311.99,74.8,101.9,0.21,1.397
2039-05-06,18.9,6.85,238.94,299.34,70.2,101.8,0,1.925
2039-05-07,16.55,9,124.57,327.36,80,101.8,3.06,0.96
2039-05-08,17.69,7.88,201.76,301.01,70.6,102,0,0.523
2039-05-09,14.85,6.92,115.41,322.48,88.5,101.9,4.94,0.824
2039-05-10,21.58,9.53,264.18,314.6,73.4,101.6,0.05,1.328
2039-05-11,16.11,11.64,233.99,309.89,59.8,101.2,0.13,5.115
2039-05-12,14.4,10.22,157.7,322.66,58,102.4,0.1,3.656
2039-05-13,17.35,8.25,218.77,311.64,68.8,102.6,0.14,1.41
2039-05-14,20.2,7.32,259.37,292.56,69.9,102.1,0,0.902
2039-05-15,22,10.85,199.25,325.27,71,101.5,0,0.728
2039-05-16,18.24,11.01,285.18,303,74,101.5,0,0.8
2039-05-17,24.17,11.1,247.51,336.18,74.8,101,1.63,0.91
2039-05-18,15.26,9.25,225.44,301.73,60.8,101.9,0.17,1.397
2039-05-19,19.79,8.22,299.47,297.65,65.6,101.9,0.04,2.102
2039-05-20,18.11,11.92,278.84,301.15,67.6,101.9,0.02,3.691
2039-05-21,14.75,8.65,213.49,296.56,60.9,102.4,0.14,2.573
2039-05-22,18.3,8.69,136.94,331.38,76,101.7,0.48,4.646
2039-05-23,15.03,10.62,228.12,315.97,58.6,101.5,0.14,5.537
2039-05-24,15.04,9.68,163.73,329.82,68,101.4,0.85,4.982
2039-05-25,14.38,7.02,182.9,317.74,73,100.8,6.57,3.982
2039-05-26,11.82,6.67,191.26,305.65,71.5,100.8,2.54,2.345
2039-05-27,10.68,4.88,199.79,283.08,56.4,101.6,0.19,2.301
2039-05-28,12.19,3.34,263.81,262.54,51,101.9,0,1.257
2039-05-29,16.27,7.16,156.91,335.27,82.4,101.4,4.78,2.636
2039-05-30,19.24,11.27,285.41,322.74,76.2,101.6,0.31,2.923
2039-05-31,19.15,10.81,258.98,320.51,77.7,101.8,0.18,2.292
2039-06-01,19.06,10.34,232.55,318.33,79.2,102,0.04,1.67
2039-06-02,20.36,9.17,283.55,307.76,75.9,102.2,0.04,0.714
2039-06-03,20.76,12.64,309.87,308.64,71.6,102.4,0,1.625
2039-06-04,22.2,10.35,336.19,292.02,66.5,102.1,0,0.999
2039-06-05,22.43,12.07,287.82,312.71,58.3,101.2,0,0.967
2039-06-06,17.52,10.76,116.24,341.17,80.5,100.4,9.34,0.917
2039-06-07,13.71,9.48,120.81,325.76,84.4,99.6,3.93,1.534
2039-06-08,18.18,10.13,250.91,300.78,67.9,99.9,0.37,2.088
2039-06-09,20.62,10.37,293.47,305.69,65.8,100.8,0.03,1.275
2039-06-10,23.54,10.26,300.98,319.04,68.5,101.1,2.93,1.048
2039-06-11,23.6,15.91,186.98,365.89,79.8,101.1,9.1,0.919
2039-06-12,24.59,15.87,251.72,356.85,82.5,101,36.4,0.683
2039-06-13,25.96,15.23,196.16,376.28,88.6,100.8,15.83,0.462
2039-06-14,25.25,15.45,304.54,348.12,75.9,100.9,0.66,1.165
2039-06-15,27.69,13.63,316.27,340.54,71.4,101.1,0,0.923
2039-06-16,28.13,15.49,321.35,346.59,71.7,100.9,0.04,2.232
2039-06-17,29.28,16.67,287.61,364.69,76.5,100.6,4.36,0.57
2039-06-18,23.6,15.84,228.75,356.15,78,101.2,1.72,0.679
2039-06-19,20.19,13.2,324.46,305.2,62.7,102.1,0,1.984
2039-06-20,20.68,10.22,304.88,298.9,66.5,102,0.05,1.908
2039-06-21,19.45,10.69,301.24,298.49,66.9,101.8,0.05,1.625
2039-06-22,19.94,10.46,293.14,296.93,69,101.7,0.05,1.308
2039-06-23,21.44,10.94,280.29,307.94,69,101.6,0,0.964
2039-06-24,23.1,12.18,317.24,312.49,69.7,101.5,0.5,0.493
2039-06-25,25.46,12.65,274.84,334.47,68,101.3,0.29,2.334
2039-06-26,23.26,15.99,297,335.98,69.6,101.1,0.4,3.841
2039-06-27,23.66,15.11,267.85,327.9,69.5,101.6,0,1.991
2039-06-28,26.33,12.61,323.12,323.16,69.4,101.9,0,0.37
2039-06-29,28.94,15.82,283.18,355.05,66.2,101.3,0,1.284
2039-06-30,23.39,14.95,257.65,338.96,65.6,100.7,0.85,5.018
2039-07-01,19.16,13.13,292.04,303.77,65.9,101.1,0,5.04
2039-07-02,20.92,13.13,255.96,322.09,69.4,101.5,0.03,2.196
2039-07-03,21.27,13.18,300.81,315.97,66.5,101.8,0.03,1.257
2039-07-04,24.5,12.49,337.9,308.29,61.6,101.7,0,1.841
2039-07-05,27.2,15.43,317.84,333.07,59.5,101.2,0,0.33
2039-07-06,23.16,13.25,282.71,317.83,68.7,101.1,0,1.537
2039-07-07,22.15,12.99,202.06,339.32,65.8,101.1,1.01,2.789
2039-07-08,18.94,12.71,243.9,308.91,66.4,101.2,0.38,3.646
2039-07-09,19.29,10.99,209.72,312.79,67.2,101,0.46,4.205
2039-07-10,18.25,10.84,190.49,318.17,64.5,100.7,0.12,2.684
2039-07-11,19.17,12.25,235.26,318.55,64.2,101.2,0.08,1.448
2039-07-12,19.82,11.41,223.95,313.73,66.5,101.6,0.14,2.795
2039-07-13,22.12,13.21,180.29,352.71,72.9,101.3,0.13,3.567
2039-07-14,22.87,16.49,187.11,366.73,81.1,100.3,4.68,4.533
2039-07-15,20.33,14.03,214.09,338.61,75.1,99.8,2.15,4.235
2039-07-16,19.39,12.84,200.12,323.67,71.8,100.2,1.08,4.425
2039-07-17,17.52,12.14,215.77,314.39,78.3,100.7,5.64,3.042
2039-07-18,20.31,11.98,241.48,312.1,65.7,101,0.38,3.607
2039-07-19,19.15,13.53,89.37,354.56,87.1,100,16.14,1.812
2039-07-20,19.55,12.63,259.96,316.29,74.9,99.8,1.17,3.881
2039-07-21,20.49,11.5,221.84,312.79,67.4,100.9,0.53,2.303
2039-07-22,22.46,11.07,191.47,341.43,82.7,100.8,4.93,2.025
2039-07-23,22.17,15.2,259.91,335.52,75.6,101,0.95,4.258
2039-07-24,23.87,13.56,248.66,333.91,73.1,101.3,0.08,1.735
2039-07-25,26.35,18.23,306.46,349.81,71,101,0,4.216
2039-07-26,21.93,16.26,105.79,372.67,81.9,101.1,3.32,1.537
2039-07-27,22.74,13.53,281.73,315.97,65.9,101.3,1.25,1.204
2039-07-28,23.2,10.86,285.74,298.48,65.2,101.6,0.05,1.791
2039-07-29,24.81,13.37,270.95,323.38,74.5,101.6,0.19,1.344
2039-07-30,25.65,12.76,273.16,327.82,76.4,101.5,0.04,0.865
2039-07-31,24.68,13.91,245.63,334.55,75.7,101.5,0.03,1.053
2039-08-01,23.7,15.05,218.12,341.49,74.9,101.6,0.02,1.241
2039-08-02,24.62,15.49,214.28,353.89,77.5,101.7,0.89,1.272
2039-08-03,26.46,14.76,267.25,335.45,70.9,101.5,0,0.732
2039-08-04,25.13,15.29,198.25,351.68,76.9,101.4,0.59,1.53
2039-08-05,23.96,14.79,288.19,310.73,60.8,101.8,0.03,1.002
2039-08-06,24.92,11.07,301.86,290.27,62.3,102,0,0.633
2039-08-07,24.03,15.7,190.24,353.64,70.5,101.4,0.03,2.928
2039-08-08,25.19,17.47,245.86,350.92,74.8,101,0,3.701
2039-08-09,24.31,18.04,182.71,367.54,82.9,100.6,4.38,3.811
2039-08-10,22.88,14.58,214.69,338.33,69.7,100.5,0.42,4.355
2039-08-11,22.31,12.48,236.34,315.14,59.7,101,0.1,2.74
2039-08-12,20.13,13.32,240.88,324.72,69.6,100.3,3.57,3.383
2039-08-13,20.06,11.57,198.98,309.15,61.5,101.3,0,4.067
2039-08-14,20.25,11.32,171.57,317.78,67.6,101.6,0.07,2.175
2039-08-15,22,11.43,194.75,328.05,69.9,101.8,0.09,2.338
2039-08-16,23.83,16.29,124.82,372.58,81.3,101.3,1.19,3.295
2039-08-17,21.66,13.92,227.01,315.83,64.5,101.4,0.03,3.642
2039-08-18,23.98,13.64,171.2,347.02,76.9,101.7,0.06,3.35
2039-08-19,26.27,17.24,254.27,347.85,72.9,101.5,0.06,3.352
2039-08-20,20.95,13.65,152,333.06,72.6,101.3,3.73,2.391
2039-08-21,18.09,11.62,160.9,308.84,65.3,101.7,0.22,3.649
2039-08-22,19.3,10.54,176.99,315.08,68.4,101.5,0.63,3.925
2039-08-23,22.02,15.45,152.75,360.83,78,100.4,4.54,3.622
2039-08-24,18.49,12.72,192.58,315.73,74.3,100.6,1.27,4.04
2039-08-25,18.25,11.75,201.56,303.69,66.8,101.3,0.1,3.877
2039-08-26,19.81,10.05,139.42,326.63,75.7,101.5,0.5,2.035
2039-08-27,22,14.25,123.67,361.67,81.8,101.9,0.17,1.748
2039-08-28,19.15,13.53,185.39,326.02,69.5,102.4,0.07,3.185
2039-08-29,19.55,13.53,183.82,331.69,76.7,102.4,0.05,3.373
2039-08-30,21.31,13.47,169.53,346.85,81,102.2,0.18,2.365
2039-08-31,21.75,14.16,179.94,342.92,79.3,102.1,0.15,2.995
2039-09-01,22.19,14.84,190.3,336.62,77.6,101.9,0.11,3.691
2039-09-02,18.53,12.76,163.64,324.71,71.4,102,0.03,2.568
2039-09-03,21.87,12.39,204.58,324.97,75.4,102,0.06,3.951
2039-09-04,20.13,13.65,194.85,323.22,71.1,102,0.04,3.232
2039-09-05,21.95,13.17,139.65,339.4,76.7,102.3,0.03,2.314
2039-09-06,22.32,14.91,163.58,345.77,77.1,102.4,0.08,2.049
2039-09-07,21.78,13.46,159.79,334.74,79.3,102.4,0.07,0.478
2039-09-08,23.14,13.18,147.16,340.96,79.7,101.9,1.59,0.938
2039-09-09,21.42,14.17,151.22,338.92,77,101.8,0.09,2.517
2039-09-10,22.09,14.25,201.1,316.52,75.4,101.8,0,3.309
2039-09-11,21.46,14.65,170.01,337.42,78.1,101.7,0.06,2.144
2039-09-12,19.62,13.38,111.84,353.04,76.5,101.6,0.85,1.776
2039-09-13,23.02,14.06,132.19,357.22,75.1,100.9,0.92,1.359
2039-09-14,20.56,14.29,182.99,319.5,71.1,100.4,0.29,4.506
2039-09-15,21.44,12.71,76.4,362.48,83.2,99.7,26.6,2.814
2039-09-16,17.68,10.16,144.71,320.58,76.7,99.8,0.08,1.397
2039-09-17,17.96,10.78,122.07,321.58,78.8,100.2,0.4,1.709
2039-09-18,19.75,13.01,142.33,331.54,73.9,100.3,0.34,2.913
2039-09-19,18.19,13.84,56.54,369.24,93.8,100.1,22.07,0.868
2039-09-20,21.7,14.29,123.14,344.74,81.9,100.7,1.6,3.186
2039-09-21,18.35,12.48,157.52,318.72,76.9,100.2,16.46,4.847
2039-09-22,17.57,11.69,130.35,315.63,69.6,100.4,0.61,1.767
2039-09-23,13.84,10.94,43.34,350.41,88.7,99.3,35.47,2.086
2039-09-24,13.74,10.69,53.49,344.28,87.3,100.8,3.6,2.115
2039-09-25,16.11,12.03,50.31,361.31,91.7,100.6,21.7,2.479
2039-09-26,15.79,11,65.43,342.81,90.3,100.5,32.66,3.077
2039-09-27,17.62,10.48,139.75,314.34,76.8,101.4,0,3.296
2039-09-28,20.22,11.52,106.83,349.28,85.2,101.6,0,3.208
2039-09-29,20.82,14.8,155.3,323.86,80.2,101.4,0,2.97
2039-09-30,15.7,10.14,130.93,304.11,75.7,101.3,9.99,3.34
2039-10-01,14.02,8.13,152.58,270.49,71.2,102.8,0,1.64
2039-10-02,14.88,5.66,119.89,293.95,80.9,103,0.21,1.215
2039-10-03,16.1,8.1,124.69,308.89,83.1,102.9,0.08,1.582
2039-10-04,15.32,11.02,78.82,342.83,89.6,102.4,2.13,1.524
2039-10-05,16.1,11.85,96.36,335.33,85.8,101.7,0.28,2
2039-10-06,15.59,12.19,96.79,338.5,86.8,101.5,1.73,0.428
2039-10-07,16.62,12.2,99.61,334.93,85.2,101.3,0.54,1.298
2039-10-08,16.76,9.45,75.94,315.19,88.1,101.1,0,0.883
2039-10-09,18.58,7.99,133.4,299.73,86.3,100.7,0.09,0.581
2039-10-10,18.15,9.35,112.72,307.59,82.7,100.1,0,0.647
2039-10-11,14.79,10.48,113.01,305.36,73.1,100.7,0.17,4.583
2039-10-12,16.05,11.29,75.38,330.09,79.1,101.3,0,5.699
2039-10-13,19.46,14.12,93.11,342.87,83.1,101.3,0.07,5.119
2039-10-14,17.78,13.85,91.53,344.75,79.4,101.4,0.09,4.038
2039-10-15,15.4,9.52,61.44,326.3,84.4,101.4,2.17,1.463
2039-10-16,16.72,8.26,89.91,318.77,84.4,100.8,4.21,2.016
2039-10-17,17.33,9.81,57.86,337.54,86.9,98.8,12.71,3.321
2039-10-18,13.81,8.95,104.53,278.4,74.8,98.5,0.12,4.656
2039-10-19,11.09,7.14,83.6,277.39,79.6,99.1,0.59,3.905
2039-10-20,10.14,6.82,79.22,277.94,76.7,99.6,0.92,4.608
2039-10-21,11.92,6.12,87.3,283.27,69.3,100.7,1.39,1.48
2039-10-22,14.94,8.03,46.37,350.4,92.5,99.7,8.59,2.906
2039-10-23,18.8,14.92,55.16,360.57,86.6,100.1,0.72,2.988
2039-10-24,15.26,8.17,98.34,283.68,71.5,101.8,0,3.539
2039-10-25,15.49,7.5,93.16,290.29,80.9,102.7,0,2.068
2039-10-26,13.57,5.97,57.57,314.04,90.5,102.8,0.03,0.605
2039-10-27,14.78,10.45,82.46,317.27,83.6,102.5,0.06,2.943
2039-10-28,13.25,10.45,47.36,345.02,88.8,102,0.63,2.845
2039-10-29,12.98,10.61,52.15,338.57,90.7,101.6,0.68,2.441
2039-10-30,13.24,10.1,43.24,338.84,91.8,101.3,0.26,1.588
2039-10-31,13.35,10.48,35.18,345.59,93.7,101.1,1.96,1.699
2039-11-01,13.47,10.85,27.11,351.82,95.6,100.8,3.65,1.821
2039-11-02,13.25,10.14,45.68,339.49,92.1,100.8,0.37,0.92
2039-11-03,12.93,8,46.26,323.68,92.3,101.8,0.24,0.7
2039-11-04,14.02,10.85,46.95,330.52,85.4,102,0,3.71
2039-11-05,14.42,11.07,46.98,331.98,82.8,101.2,0.09,5.884
2039-11-06,14.8,12.65,45.1,345.39,81,100.3,1.06,6.611
2039-11-07,12.63,6.87,69.27,286.66,80.9,100.9,0.43,0.99
2039-11-08,9.01,4.7,40.14,296.42,79.6,101.8,0.07,1.149
2039-11-09,9.38,4.39,47.44,289.88,81.9,101.8,0.08,1.711
2039-11-10,9.17,6.4,35.01,304.36,75.9,101.5,0.06,3.154
2039-11-11,9.77,4.96,33.9,293.52,74.9,100.7,3.37,4.349
2039-11-12,11.76,9.35,19.27,346.38,89.7,100.5,5.5,3.525
2039-11-13,10.3,5.45,67.84,267.74,74.7,101.1,0,3.219
2039-11-14,8.81,3.47,68.87,249.56,76.3,101.9,0,2.094
2039-11-15,6.32,2.38,33.62,271.37,90.7,102.4,0.14,1.671
2039-11-16,6.72,2.14,33.81,296.66,90.1,102.8,0.35,1.437
2039-11-17,7.4,4.55,35.59,311.97,92.5,102.9,0.5,1.122
2039-11-18,8.72,5.22,27.88,319.04,96.6,102.9,0.52,0.595
2039-11-19,8.17,5.28,39.83,308.87,93.1,102.7,0.46,0.301
2039-11-20,6.88,4.53,32.22,307.63,91.1,102.1,0.17,0.152
2039-11-21,6.28,3.25,24.29,299.54,92.1,102.1,0.02,0.509
2039-11-22,7.38,4.33,30.72,307.89,92.1,102.2,0.21,0.578
2039-11-23,6.54,4.05,40.75,298.42,91,101.8,0.17,0.513
2039-11-24,10.84,4.95,21.13,334.22,97.7,101.2,1.33,0.099
2039-11-25,10.77,5.36,19.22,313.26,93.6,101.2,0.9,1.361
2039-11-26,10.09,4.57,14.16,285.24,90.1,100.5,3.61,2.319
2039-11-27,10.09,7.35,30.55,299.02,88.1,99.3,7.84,2.022
2039-11-28,9.91,5.35,12.67,308,87.5,97.6,6.02,4.114
2039-11-29,9.02,6.33,37.34,278.76,75.4,99.4,0.08,6.434
2039-11-30,9.93,4.86,7.78,292.63,87.3,99.8,7.17,2.242
2039-12-01,11.14,6.68,45.3,283.77,86.6,100.1,0,3.314
2039-12-02,13.59,9.15,26.32,315.68,87.2,99.1,3.02,1.655
2039-12-03,10.26,8.25,23.53,294.62,73.9,98.2,0.06,3.803
2039-12-04,10.16,6.33,38.9,291.29,85.9,98.6,1.08,3.488
2039-12-05,7.02,0.39,20.15,268.17,65.6,100.6,0.07,2.232
2039-12-06,4.75,-1.02,43.59,235.45,74.1,101.5,0,1.832
2039-12-07,4.77,-2.27,42.77,245.45,82.5,101.5,0,0.473
2039-12-08,10.96,2.01,16.9,305.51,90.1,100,5.54,1.626
2039-12-09,10.34,5.76,12.08,293.15,90.1,99.9,4.17,3.099
2039-12-10,9.17,4.97,41.22,266.21,89.9,100.6,0,3.341
2039-12-11,8.4,1.69,40.01,263.12,89,101.7,0,2.749
2039-12-12,6.62,-0.65,37.51,257.8,91.8,102.2,0,0.551
2039-12-13,5.26,1.12,17.98,299.45,94.1,101.9,1.27,1.406
2039-12-14,6.24,1.76,27.21,274.35,92.3,102,0.02,1.818
2039-12-15,4.83,0.8,21.98,285.53,86.6,101.9,0.19,3.051
2039-12-16,4.61,2.49,29.8,276.12,68.2,101,0,4.818
2039-12-17,3.5,1.98,23.12,292.27,78.4,100.5,0.84,3.659
2039-12-18,5.16,2.17,14.16,311.42,86.3,99.6,2.24,4.105
2039-12-19,7.81,3.82,13.19,324.12,93.7,98.9,6.45,4.433
2039-12-20,9.76,7.53,14.77,340.21,95.5,98.6,1.18,3.482
2039-12-21,7.55,6.24,15.84,325.43,95.2,98.9,7.87,2.391
2039-12-22,8.56,5.93,9.85,332.3,95.4,98.5,5.17,4.05
2039-12-23,10.1,8.04,8.86,326.67,93.5,98,6.67,2.665
2039-12-24,10.79,8.06,35.76,294.19,91.9,98.6,0.05,1.22
2039-12-25,10.79,8.02,35.59,296.31,92.5,99.8,0.55,1.106
2039-12-26,13.55,8.8,8.23,336.38,91.3,99.1,5.85,3.097
2039-12-27,13.43,10.68,24.96,317.07,89.1,98.4,2.64,1.89
2039-12-28,12.35,9.43,27.56,323.95,90.6,98.9,4.81,1.428
2039-12-29,9.84,2.33,16.57,293.26,91.7,99.2,6.16,1.84
2039-12-30,7.14,1.52,16.15,297.75,95.9,99.8,1.2,0.992
2039-12-31,6.96,2.98,21.36,302.37,95.8,100,0.7,0.672
2040-01-01,6.79,4.44,26.56,307.36,95.7,100.1,0.21,0.359
2040-01-02,10.9,5.85,25.46,301.22,86,98.8,8.22,1.82
2040-01-03,10,6.9,18.95,300.85,85.4,98.1,2.76,2.477
2040-01-04,9.51,7,24.32,307.6,90.5,98.7,1.37,3.491
2040-01-05,8.85,5.51,36.47,270.56,88.1,101.1,0.25,3.146
2040-01-06,8.68,4.07,33.56,279.22,76,102.2,0.35,3.198
2040-01-07,12.72,5.85,24.28,310.1,82.8,101.3,0.83,4.123
2040-01-08,11.44,8.15,11.34,332.94,92.6,100.2,8.35,1.708
2040-01-09,11.44,4.4,16.55,317.55,87.3,98.3,21.83,1.296
2040-01-10,5.89,1.04,29.69,260.11,75.4,99.9,0.26,2.944
2040-01-11,4.51,-0.5,46.24,242.91,79.5,101,0,1.997
2040-01-12,7.7,0.5,24.2,289.25,86,100.7,1.19,1.356
2040-01-13,8.65,4.22,34.53,289.87,90.9,101.7,0.26,1.989
2040-01-14,11.53,6.23,29.29,315.3,91.2,101.9,0.73,1.72
2040-01-15,11.32,6.36,44.01,281.37,86.9,101.4,0.15,3.832
2040-01-16,9,5.35,30.15,287.5,85.9,102.1,0.14,3.18
2040-01-17,9.98,4.61,24.8,310.19,87.4,102.6,0.5,3.118
2040-01-18,9.78,6.93,43.24,290.79,87.7,102.4,0.11,4.399
2040-01-19,11.26,7.6,42.65,301.33,84.3,102.1,0,5.672
2040-01-20,12.24,8.73,33.77,302.31,85.1,102.2,0,5.987
2040-01-21,11.07,9.33,28.95,326.21,81,101.9,0.74,6.758
2040-01-22,10.95,9.33,36.2,319.97,82.2,101.9,0.02,6.124
2040-01-23,9.64,3.66,21.62,313.09,87.8,102.3,2.93,1.121
2040-01-24,4.99,2.6,32.89,296.52,80.9,102.5,0.56,1.098
2040-01-25,6.22,-0.08,54.69,257.75,84.1,101.8,0.05,0.794
2040-01-26,6.98,-1.18,38.56,275.67,87.6,101.8,0,1.476
2040-01-27,8.2,1.57,46.95,291.05,85.5,101.6,0.37,1.199
2040-01-28,13.69,8.26,22.47,331.04,87.3,100.8,0.07,3.796
2040-01-29,13.9,10.94,45.24,331.06,83.7,100,2.67,3.781
2040-01-30,13.41,9.31,51.41,304.51,78.4,99.3,0.09,5.559
2040-01-31,12.88,11.31,43.31,330.87,80.5,98.9,4.49,3.391
2040-02-01,11.76,7.24,9.2,320.42,85,97.2,23.13,2.859
2040-02-02,8.47,5.78,66.15,266.36,62,98.5,0.06,7.454
2040-02-03,8.36,4.98,53.23,279.07,70.6,99.9,0.17,5.132
2040-02-04,8.02,3.14,54.06,289.95,75.3,100.7,1.86,0.74
2040-02-05,7.45,0.19,43.12,275.45,88.6,101.2,1.02,0.121
2040-02-06,4.76,-2.94,63.38,245.26,74.3,102.3,0,1.216
2040-02-07,11.23,4.67,29.02,322.58,88.5,101.3,2.04,4.788
2040-02-08,12.81,9.77,46.79,323.22,88.4,101.8,0.12,4.719
2040-02-09,12.52,8.68,67.17,318.05,86.1,102.7,0.16,2.919
2040-02-10,10.22,7.6,44.63,324.47,92,102.4,0.34,1.102
2040-02-11,11.07,7.86,41.34,322.38,89.2,100.7,1.08,1.723
2040-02-12,11.25,7.39,47.87,305.12,84.1,99.3,1.71,3.101
2040-02-13,9.57,6.27,75.34,268.07,74.9,99.2,1.12,6.045
2040-02-14,10.6,6.85,75.93,297.64,85,99.7,3.07,2.912
2040-02-15,7.34,4.22,34.45,302.21,92.6,99.3,17.33,0.621
2040-02-16,6.98,2.05,74.03,269.3,71.7,101.5,1.28,0.725
2040-02-17,11.09,2.04,29.51,318.77,93.3,100.8,6.92,1.861
2040-02-18,13.36,9,58.66,319.6,88.8,100.1,0.81,1.72
2040-02-19,12.22,8.39,82.18,297.29,83.4,99.1,1.79,2.756
2040-02-20,8.36,5.4,13.62,297.26,90.2,98,7.54,1.341
2040-02-21,6.34,0.92,60.01,267.91,75.2,98.8,0.93,3.071
2040-02-22,6.15,-1.83,88.25,245.91,69.6,100.6,0.02,0.443
2040-02-23,9.23,1.51,83.56,277.86,78.6,100.6,0.53,2.053
2040-02-24,10.62,2.8,65.54,295.34,87.8,100.7,2.32,1.428
2040-02-25,11.63,8.63,78.47,300.56,84.5,99.4,2.1,2.39
2040-02-26,10.5,5.29,77.68,286.56,77.2,99.6,0.31,4.182
2040-02-27,9.31,2.86,75.49,285.81,84.6,100.3,6.07,0.519
2040-02-28,4.76,-0.84,60.88,272.25,74.6,101.2,0.86,1.17
2040-02-29,4.75,-1.51,59.84,269.37,74.9,101,1.14,1.426
2040-03-01,4.73,-2.18,58.81,270.77,75.1,100.9,1.43,1.245
2040-03-02,6.83,1.46,85.37,277.87,70.1,101.2,0.35,1.772
2040-03-03,6.03,-0.65,102.46,250.58,63.4,101.9,0,1.716
2040-03-04,7.88,-1.03,77.7,280.18,76.7,101.8,0.36,1.959
2040-03-05,6.05,0.01,119.07,246.54,61.5,101.6,0.02,1.802
2040-03-06,6.56,0.8,77.87,276.93,77.9,102,0.34,1.252
2040-03-07,10.41,0.11,86.96,296.31,82.6,102.1,0.08,3.485
2040-03-08,9,6.02,64.24,306.94,83.7,102,0.57,4.416
2040-03-09,11.19,5.89,93.62,290.18,84.4,101.9,0.24,4.642
2040-03-10,11.76,7.24,88.18,306.37,84.5,101.4,2.58,5.023
2040-03-11,7.32,0.65,118.53,269.23,63.6,102.4,1.7,1.212
2040-03-12,6.53,-2.61,165.53,217.22,64.1,103.2,0,1.077
2040-03-13,8.48,-2.14,148.54,247.66,73.7,102.3,0.05,0.917
2040-03-14,10.94,3.36,98.02,293.53,86.4,100.2,4.01,2.028
2040-03-15,7.83,5.06,34.77,302.7,92.7,99.6,11.72,0.818
2040-03-16,9.96,4.68,74.32,301.66,92.8,100.8,4.86,0.5
2040-03-17,8.82,2.28,152.74,261.36,72.7,102.2,0.27,2.578
2040-03-18,8.27,0.15,180.13,239.24,65,102.7,0,1.409
2040-03-19,10.14,1.95,157.55,269.54,69.7,102.7,0.06,0.923
2040-03-20,13.18,0.87,179.08,251.02,73.6,102.4,0,0.58
2040-03-21,14.54,0.84,192.56,248.48,74,101.7,0,0.632
2040-03-22,13.79,1.88,191.17,248.76,71.5,101.1,0,2.118
2040-03-23,12.34,2.98,182.77,265.57,78.3,101.3,0,1.43
2040-03-24,13.16,3.9,123.08,296.65,80.6,101.2,0.06,0.214
2040-03-25,14.62,5.85,143.93,306.75,74.9,100.8,0.32,0.504
2040-03-26,15.29,8.37,134.43,320.46,84.3,99.8,1.05,1.958
2040-03-27,12.31,5.78,120.62,300.45,74.9,99.5,2.96,4.605
2040-03-28,9.03,4.11,158.52,273.79,57.7,100.1,0.76,7.529
2040-03-29,9.37,5.1,130.18,291.15,61.5,100.8,0.95,6.112
2040-03-30,10.16,5.41,137.15,294.13,64.8,102.4,0.31,2.834
2040-03-31,13.54,6.22,134.68,312.27,77.7,102,1.66,4.293
2040-04-01,13.88,6.14,154.05,307.25,78.9,102.2,0.06,2.649
2040-04-02,14.83,9.36,144.03,322.34,81.6,102.1,0.33,2.71
2040-04-03,13.82,8.76,106.84,319.57,81.1,102,0.29,3.448
2040-04-04,12.99,7.15,149.08,300.35,68.9,102.1,0.53,4.238
2040-04-05,9.86,6.07,96.27,303.42,64.9,102.4,0.23,3.927
2040-04-06,12.01,4.95,114.43,308.65,75.4,101.3,1.33,5.149
2040-04-07,10.96,4.96,118.12,295.66,73.4,100,1.55,3.709
2040-04-08,8.15,1.56,97.1,272.35,72.6,100.7,5.41,0.495
2040-04-09,8.8,-0.76,158.89,252.28,65,101.1,0,1.096
2040-04-10,8.68,2.6,144.52,270.53,64.2,100.7,1.22,3.162
2040-04-11,8.91,3.43,163.98,274.35,51.9,101.8,0.03,3.315
2040-04-12,10.45,2.15,155.05,286.03,58.6,102.6,0.09,1.199
2040-04-13,14.04,5.37,174.01,295.59,62.1,101.8,0.02,1.526
2040-04-14,13.19,5.79,82.68,317.19,81.9,99.9,10.14,3.495
2040-04-15,9.94,4.66,173.79,287.01,65.8,99.6,2.09,5.183
2040-04-16,9.94,3.74,140.83,297.67,73.4,98.8,7.24,4.923
2040-04-17,10.33,3.74,153.83,288.31,70.6,99.4,1.32,5.518
2040-04-18,10.39,5.08,149.46,289.02,75,99.6,0.88,4.551
2040-04-19,10.5,4.3,159.77,281.06,73.3,100.2,1.19,3.354
2040-04-20,10.47,3.97,86.93,298.14,86.9,99.1,6.45,1.489
2040-04-21,9.79,5.58,116.33,307.97,83.4,99.7,4.56,4.146
2040-04-22,10.09,5.28,193.15,273.66,62.9,101.7,0.08,2.619
2040-04-23,11.11,5.05,194.47,289.89,64.9,102.3,0.05,0.424
2040-04-24,12.11,5.82,149.99,307.46,78.1,102.4,2.2,0.238
2040-04-25,13.04,7.83,114.11,328.3,88.6,101.6,5.63,2.075
2040-04-26,10.66,6.17,151.68,292.88,84.8,100.4,4.78,2.555
2040-04-27,10.31,6.02,122.4,311.18,83.7,99.8,7.03,2.098
2040-04-28,12.31,5.23,139.61,309.47,86,99.9,5.33,1.656
2040-04-29,11.14,4.09,136.59,294.42,84.9,99.9,2.44,1.797
2040-04-30,11.26,4.01,145.71,294.45,84.5,99.7,1.81,0.913
2040-05-01,11.22,6.1,126.67,309.94,85.2,99.7,3.7,1.592
2040-05-02,12.04,5.89,134.25,308.44,86.4,99.9,3.51,1.925
2040-05-03,14.53,3.47,210.09,284.25,79.4,100.3,1.04,0.981
2040-05-04,13.88,5.02,184.74,290.79,80.1,100.2,1.23,1.883
2040-05-05,12.8,6.1,167.43,296.88,81.9,100.2,2.02,1.521
2040-05-06,14.26,5.53,207.41,289.49,68.9,100.3,0.09,1.882
2040-05-07,11.89,6.74,153.64,302.77,74.3,99.2,4.67,4.049
2040-05-08,11.52,5.27,178.07,290.04,74.3,98.5,2.01,5.578
2040-05-09,12.87,6.5,182.98,290.46,73,98.8,0.86,4.074
2040-05-10,13.28,7.28,198.76,303.8,68.1,99.2,1.7,4.598
2040-05-11,15.84,7.58,151.28,320.47,81.6,99.2,3.72,1.854
2040-05-12,15.32,9.32,272.83,290.17,60.3,99.7,0.75,6.358
2040-05-13,14.71,8.34,116.9,326.15,84.6,100.6,4.93,2.059
2040-05-14,12.78,9.6,53.66,346.2,91.5,100.6,23.47,1.177
2040-05-15,15.36,8.82,153.47,334.29,83.7,101.3,1.04,1.084
2040-05-16,15.79,7.53,256.02,298.44,65.3,101.6,0.11,1.298
2040-05-17,13.99,4.8,246.62,277.55,69.9,101.3,0.06,0.784
2040-05-18,13.92,7.16,195.37,305.47,71.6,100.4,0.87,1.122
2040-05-19,15.31,6.11,227.91,287.3,70.2,100.8,0.09,2.675
2040-05-20,13.38,6.15,202.51,295.35,61.8,100.9,0.1,3.622
2040-05-21,13.39,7.35,166.51,309.77,62.2,100.8,0.1,3.784
2040-05-22,13.96,7.32,199.82,299.89,60.4,101,0.19,2.138
2040-05-23,13.44,7.39,175.35,306.64,69.1,101.3,1.59,1.559
2040-05-24,13.59,6.31,174.93,310.77,72.8,101.4,1.72,1.513
2040-05-25,14.4,6.97,203.99,302.51,71,101.4,1.54,0.967
2040-05-26,14.49,6.37,171.61,309.44,75.9,101.4,1.23,0.967
2040-05-27,15.69,7.45,230.79,305.9,68.9,101.5,0.03,0.982
2040-05-28,14.37,6.92,203.16,306.94,67,101.9,0.04,0.873
2040-05-29,18.23,5.56,296.76,286.49,68.7,102.3,0.04,0.651
2040-05-30,21.08,9.17,278.15,307.07,70.2,102.4,0,2.397
2040-05-31,21.04,9.66,287.85,307.42,73.5,102.1,0,2.879
2040-06-01,21.01,10.15,297.59,307.75,76.9,101.7,0,3.362
2040-06-02,16.87,11.13,268.05,318.22,64.6,101.5,0.4,2.208
2040-06-03,15.74,9.48,146.87,324.12,70.7,101.3,1.46,0.716
2040-06-04,10.3,7.57,55.08,326.52,86.6,100.9,12.9,2.124
2040-06-05,10.12,7.56,67.34,332.54,88,99.7,19.18,5.926
2040-06-06,12.94,8.83,160.19,318.88,86,99.4,10.61,4.694
2040-06-07,14.51,9.17,181.18,316.32,84.1,99.8,5.43,0.508
2040-06-08,17.08,8.64,231.04,317.08,75.7,100.8,1.17,0.801
2040-06-09,17.3,9.47,232.1,315.6,73.1,101.3,0.16,0.662
2040-06-10,16.4,7.91,244.07,301.84,70.3,101.7,0.11,0.678
2040-06-11,17.86,5.71,298.6,278.39,67,102.4,0,1.357
2040-06-12,18.58,9.51,286.36,308.53,71.1,102.5,0.02,0.863
2040-06-13,19.17,8.7,240.48,315.65,73.4,102.2,0.09,0.998
2040-06-14,20.01,8.81,304.45,295.33,68.2,101.4,0,0.799
2040-06-15,17.73,10.84,178.54,334.07,84.7,100.8,5.76,1.013
2040-06-16,20.39,12.08,243.55,340.48,76.5,100.9,1.29,1.263
2040-06-17,19.21,13.43,241.39,334.72,77.8,100.8,4.94,1.03
2040-06-18,19.13,12.42,169.33,347.48,83.8,100.1,7.79,2.026
2040-06-19,19.71,13.08,262.31,331.66,81.6,99.8,6.28,3.347
2040-06-20,19.96,12.04,229.51,329.14,78.1,100.9,0.9,3.086
2040-06-21,22.2,12.2,254.68,336.19,76,101.4,0.06,2.75
2040-06-22,21.35,15.73,179.43,359.08,78.8,101,0.75,2.164
2040-06-23,19.97,12.88,314.09,311.94,69,100.9,0.07,4.439
2040-06-24,20.25,12.81,236.29,327.38,70.8,101.2,0.26,1.012
2040-06-25,22.13,11.93,170.15,361.75,83.2,100.9,4.34,2.794
2040-06-26,21.16,15.59,222.74,349.31,75.5,100.7,0.06,2.526
2040-06-27,21.28,13.53,201.59,355.23,78.4,100.9,6.14,3.669
2040-06-28,21.36,13.8,214.96,349.18,83.4,100.4,5.55,1.934
2040-06-29,21.86,13.52,225.25,350.82,75.8,100.6,0.55,3.012
2040-06-30,22.23,14.51,230.53,355.69,75.9,100.3,0.38,4.959
2040-07-01,20.56,12.61,307.94,305.09,66.7,100.5,0.13,4.227
2040-07-02,18.39,11.36,258.36,304.56,68.8,100.6,0.41,3.483
2040-07-03,19.34,10.54,200.76,329.09,77.1,100.5,5.5,1.258
2040-07-04,19.81,13.88,242.55,333.28,82,100.2,8.14,0.93
2040-07-05,18.41,12.44,283.86,316.07,70.2,100.9,0.18,4.107
2040-07-06,18.21,10.98,221.78,317.28,74,101.1,0.39,3.132
2040-07-07,19.07,11.04,301.34,293.94,67,100.9,0.01,2.788
2040-07-08,17.78,11.01,264.99,296.75,70.2,100.6,2.06,3.363
2040-07-09,17.25,10.68,156.58,331.51,84.4,100.5,5.3,2.693
2040-07-10,21.74,11.2,264.7,328.7,69.7,100.7,0.25,2.437
2040-07-11,20.32,14.55,153.08,358.15,88.4,100.5,8.5,0.96
2040-07-12,21.05,14.42,266.27,339.62,79.3,100.4,7.77,2.967
2040-07-13,18.82,13.47,152.69,340.36,85.7,100.7,3.59,0.782
2040-07-14,19.22,12.19,165.87,343.04,89,100.5,14.94,1
2040-07-15,20.37,14.84,186.84,353.44,84.6,100.4,8.36,0.638
2040-07-16,20.3,13.83,211.56,345.83,78.5,100.7,1.23,1.048
2040-07-17,22.25,14.89,225.77,354.16,81.6,101,1.51,0.685
2040-07-18,21.65,13.68,256.34,337.7,77.1,100.9,0.8,1.314
2040-07-19,21.46,12.67,229.78,348.54,83.7,101.2,1.49,2.422
2040-07-20,21.68,14.1,262.12,335.44,76.4,101.3,0.06,3.043
2040-07-21,21.43,13.9,266.51,324.61,73.9,100.9,0,2.911
2040-07-22,20.08,13.24,210.33,334.01,73.1,100.8,0.32,3.109
2040-07-23,20.39,14.42,276.46,327.04,71.8,100.1,0.29,4.084
2040-07-24,19.19,13.54,227.99,328.65,72.3,100.2,0.77,4.951
2040-07-25,19.43,12.82,233.02,314.34,70.6,100.7,0.36,4.055
2040-07-26,20.1,11.53,247.63,309.7,68.4,101.4,0,2.261
2040-07-27,22.81,12.33,255.57,326.76,72.9,101.1,0.59,3.02
2040-07-28,21.2,14.64,231.49,335.12,76.8,100.7,1.84,3.516
2040-07-29,21.24,15.01,148.66,355.84,86.1,100.1,2.9,1.406
2040-07-30,18.95,13.98,167.97,327.48,84.5,99.7,6.48,2.215
2040-07-31,19.86,13.7,191.47,328.74,82.5,99.9,4.08,2.003
2040-08-01,20.76,13.43,215.12,328.8,80.5,100.1,1.67,1.827
2040-08-02,20.78,11.48,166.45,338.44,85.5,100.2,4.97,0.892
2040-08-03,23.09,15.01,243.98,334.19,76,99.7,0.8,2.535
2040-08-04,19.85,13.29,201,330.74,83.1,99.3,6.53,1.169
2040-08-05,20.16,12.6,208.8,334.61,85.4,99.3,5.54,1.743
2040-08-06,20.1,14.25,220.28,339.41,79.5,100.1,2.28,4.173
2040-08-07,21.87,12.74,254.98,317.09,73,101.1,0,3.133
2040-08-08,23.94,16.47,187.02,363.99,81,101.5,0.92,1.601
2040-08-09,26.44,15.76,250.71,343.21,70.8,101.2,0,1.124
2040-08-10,23.78,15.81,238.64,338.52,77.1,100.8,1.72,2.615
2040-08-11,19.75,14.57,207.51,323.66,82.3,100.9,6.16,2.747
2040-08-12,21.77,14.05,270.52,315.52,74.9,101.2,0,3.588
2040-08-13,20.95,14.83,190.29,341.46,77.5,101.3,0.12,1.789
2040-08-14,21.02,14.68,201.53,339.72,77.8,101.4,0.53,0.354
2040-08-15,22.79,12.92,255.09,312.42,71.4,101.2,0,2.558
2040-08-16,22.13,14.72,223.28,336.35,77.7,101.1,0.07,2.352
2040-08-17,24.33,14.4,272.03,324.07,71.8,101.3,0,1.518
2040-08-18,27.1,14,231.4,347.86,73.2,100.8,0.51,0.726
2040-08-19,20.79,14.79,211.65,320.31,72.3,101,0.36,4.01
2040-08-20,20.7,12.86,215.82,310.39,67.1,102,0.05,1.736
2040-08-21,22.62,10.26,250.37,303.48,70.2,102,0,0.427
2040-08-22,24.46,14.17,249.26,332.36,64.7,101.3,0.11,1.246
2040-08-23,22.52,15.71,154.41,353.45,80.2,100.7,21.91,1.745
2040-08-24,23.3,14.91,214.47,330.84,78.8,101.3,0.19,1.497
2040-08-25,22.93,13.13,233.66,317.2,78.4,101.6,0.06,0.5
2040-08-26,24.05,12.65,253.94,316.44,74,101.2,0,2.6
2040-08-27,23.49,17.08,195.59,352.87,80.6,100.8,0.67,3.427
2040-08-28,22.03,16.28,184.26,342.05,77.7,101,0.08,1.04
2040-08-29,22.24,15.77,114.08,361.12,84,101.2,2.36,2.004
2040-08-30,23.67,15.52,191.88,346.96,78.2,101.2,3.51,2.246
2040-08-31,21.7,15.14,163.87,347.2,80.1,101.1,2.83,1.315
2040-09-01,19.72,14.75,136.1,347.02,82.1,100.9,2.16,0.383
2040-09-02,19.07,13.8,194.55,314.6,75.2,100.6,0.5,4.6
2040-09-03,20.19,12.69,190.99,310.49,74.5,101.5,0,2.226
2040-09-04,22.31,10.92,229.47,307.3,77.2,101.8,0,0.463
2040-09-05,24.11,13.69,223.26,320.74,73.1,101.7,0,2.444
2040-09-06,22.5,13.79,197.82,321.17,74.3,101.8,0.03,2.531
2040-09-07,20.43,13.18,182.41,317.56,76.8,101.8,0,2.226
2040-09-08,20.29,13.73,138.86,340.15,77.6,101.8,0.09,1.95
2040-09-09,20.89,13.07,140.27,343.6,76.2,101.6,0.13,1.19
2040-09-10,21.48,14.38,135.52,350.67,83.5,100.5,6.78,0.803
2040-09-11,16.64,10.56,72.79,339.87,86.1,99.5,17.35,2.465
2040-09-12,16.58,10.09,178.44,297.83,66.3,100.4,0.86,3.321
2040-09-13,17.07,9.92,146.56,298.48,67.9,101.1,0.03,3.173
2040-09-14,17.51,9.13,50.26,342.15,87.6,101.2,10.84,0.891
2040-09-15,22.33,15.93,162.55,343.97,81.2,100.5,0.6,4.424
2040-09-16,20.96,14.19,152.72,331.15,77.6,100.6,0,4.503
2040-09-17,16.74,12.41,133.55,320.07,70.9,101.1,0,1.449
2040-09-18,16.77,12.1,98.51,344.03,72,101,0.68,3.322
2040-09-19,17.2,13.17,87.08,358.86,83.6,100.6,1.66,3.615
2040-09-20,19.77,12.17,87.86,344.58,88.4,100.3,3.99,1.073
2040-09-21,20.27,11.91,131.87,336.64,80.9,100.3,0.42,1.344
2040-09-22,19.06,12.15,144.22,315.96,82.5,100.4,1.58,1.841
2040-09-23,21.76,11.69,132.5,345.29,84.6,101.1,0.03,0.896
2040-09-24,22.08,15.51,91.15,368.89,85.7,101.6,0.77,1.408
2040-09-25,17.17,10.82,139.21,300.8,72.2,101.7,0.06,2.615
2040-09-26,16.81,10.37,112.48,319.54,74.8,101.4,0.05,1.702
2040-09-27,16.44,7.96,138.17,294.97,85,101.4,0.03,0.547
2040-09-28,18.1,7.9,165.18,290.58,83,101.4,0,0.214
2040-09-29,19.57,9.67,140.2,316.86,83.3,101.2,0,0.285
2040-09-30,21,12.79,91.43,349.66,87.2,100.7,0.18,1.755
2040-10-01,22.17,15.17,110.38,359.14,83.9,100.7,1.16,2.323
2040-10-02,19.82,15.39,92.87,337.74,79.1,100.3,0.03,1.082
2040-10-03,23.95,17.98,111.16,356.62,80.2,99.5,2.47,3.125
2040-10-04,18.93,14.8,43.91,344.72,87.3,99.2,4.9,2.581
2040-10-05,20.01,13.21,115.7,331.83,84.3,100.3,1.31,1.872
2040-10-06,19.32,15.22,73.93,348.33,90.8,100.6,9.97,1.901
2040-10-07,18.48,14.3,90.24,337.73,91.1,99.9,1.62,1.323
2040-10-08,17.6,13.08,81.4,333.68,89.4,99.9,0.94,1.145
2040-10-09,17.46,13.04,67.84,347.73,91.4,99.6,1.74,2.121
2040-10-10,17.33,12.39,87.8,315.41,84.4,99.6,0.61,1.899
2040-10-11,17.29,11.3,88.61,319.19,83.6,100.2,0.75,2.873
2040-10-12,16.78,10.07,123.7,291.24,72.8,101.6,0,3.535
2040-10-13,19.66,11.91,72.76,343.48,81.9,101.3,0.35,2.956
2040-10-14,19,13.69,28.58,361.42,88.8,100.1,14.3,2.823
2040-10-15,13.68,8.83,57.29,321.89,88.2,98.9,14.24,2.813
2040-10-16,14.47,8.68,105.38,288.61,78.2,100.1,0.28,3.707
2040-10-17,18.97,10.51,60,352.7,88.4,99.9,1.74,2.154
2040-10-18,17.81,11.95,87.11,324.2,77.9,100,3.45,4.419
2040-10-19,14.02,11,89.43,290.84,74.4,99.8,1.69,4.452
2040-10-20,14,11.05,79.82,296.95,81.2,100.7,0.06,4.922
2040-10-21,15.37,10.44,89.16,303.36,84.7,101.5,0.03,3.421
2040-10-22,15.52,8.83,69.92,315.65,87.2,101.9,0.26,1.231
2040-10-23,18.23,11.37,89.49,316.31,84,101.8,0.12,2.827
2040-10-24,14.48,9.83,83.78,302.58,78.2,102.5,0.14,3.314
2040-10-25,14.25,7.96,91.91,287.92,84.8,103.2,0.05,0.736
2040-10-26,14.62,7.04,97.73,280.47,88.8,102.7,0,0.632
2040-10-27,16.17,8.27,83.28,300.59,91.6,102,0.05,1.059
2040-10-28,16.43,9.85,88.53,309.28,90.1,101.5,0,0.842
2040-10-29,17.48,11.67,60.03,339.48,89.4,101.4,0.72,1.202
2040-10-30,13.81,10.15,73.83,290.28,78.2,101.3,0.09,3.271
2040-10-31,15.01,10.24,64.2,306.59,82.4,100.8,1.76,2.567
2040-11-01,16.21,10.33,54.64,322.96,86.6,100.4,3.44,2.313
2040-11-02,15.9,6.9,61.19,303.92,76.2,99.7,2.65,2.854
2040-11-03,11.5,6.28,59.09,288.32,73.8,100.4,0.93,3.452
2040-11-04,11.57,7.54,61.4,308.02,66.9,101.4,0.03,2.453
2040-11-05,16.69,9.1,41.33,347.15,90.7,101.4,0.6,2.848
2040-11-06,16.16,13.64,49.27,348.35,86.2,101.4,0.38,4.949
2040-11-07,14.79,10.3,69.26,302.55,71.9,101.2,0.07,5.124
2040-11-08,10.35,5.29,67.94,276.36,56.1,101.8,0.15,2.92
2040-11-09,10.63,5.97,32.99,310.85,64.8,101.9,0.02,1.822
2040-11-10,9.86,5.68,45.68,289.49,75.7,102.1,0,1.265
2040-11-11,9.6,5.81,35.28,306.63,74.9,102.3,0.04,1.047
2040-11-12,9.47,4.11,42.74,297.38,75,102,0.05,1.183
2040-11-13,11.43,4.08,27.34,310.95,84.8,101.3,0.4,2.702
2040-11-14,12.24,7.44,46.54,308.49,84.3,101.1,1.07,3.713
2040-11-15,11.77,7.2,28.73,313.37,81.7,101.5,0.05,1.989
2040-11-16,14.44,10.47,45.6,318.44,87.2,101.4,0.32,5.227
2040-11-17,13.41,7.91,54.96,294.3,76.7,101.2,1.57,5.704
2040-11-18,13.65,7.3,9.79,320.19,88.1,100.7,6.66,4.151
2040-11-19,10.11,2.56,52.69,271.24,73.4,101.3,0.52,3.135
2040-11-20,10.75,2.16,43.47,278.7,84.8,102.2,0,1.988
2040-11-21,13.97,6.99,29.18,312.77,83.8,101.2,2.82,4.394
2040-11-22,9.3,6.2,46.59,264.62,69.7,101.4,0,5.728
2040-11-23,10.07,6.16,37.24,274.61,84.7,101.6,0,4.299
2040-11-24,13.14,6.99,30.44,311.63,84.3,101.2,0,3.778
2040-11-25,16.38,8.43,32.18,330.32,84.6,100.2,4.47,3.735
2040-11-26,10.36,7.09,34.78,295.32,70.5,100.7,0.6,4.344
2040-11-27,10.67,6.89,33.76,310.39,86.5,101.3,3.73,2.227
2040-11-28,15,6.83,7.84,342.82,93.1,101.1,10.68,2.73
2040-11-29,15.12,9.9,26.25,337.86,85.8,101.1,0.15,4.527
2040-11-30,10.17,7.52,25.36,319.4,88.8,102,0.29,0.538
2040-12-01,14.43,8.2,29.64,345.61,89.7,101.5,0.15,2.729
2040-12-02,16.1,13.72,27.02,351.15,90,101.2,0.73,3.489
2040-12-03,15.07,13.51,27.25,352.44,87.7,100.8,7.56,3.5
2040-12-04,15.14,8.89,10.76,344.65,91,100.2,12.95,0.558
2040-12-05,13.48,6,21.65,300.07,84.2,99.4,0.27,4.858
2040-12-06,8.51,5.62,34,285.66,81.5,100.5,0.21,3.876
2040-12-07,8.15,5.52,15.22,317.54,92.3,100.3,4.28,0.494
2040-12-08,11.74,4.2,33.73,304.98,92.8,101.2,0.8,1.409
2040-12-09,13.61,6.59,20.53,306.63,88.4,100.5,1.86,4.97
2040-12-10,7.97,5.06,37.9,280.33,76.5,99.7,5.28,5.983
2040-12-11,6.63,4.13,33.56,272.12,75.9,100.4,0.38,2.642
2040-12-12,6.35,1.8,34.14,269.2,76.2,101.4,0,1.919
2040-12-13,4.45,-1.65,38.5,241.73,93.1,101.8,0,0.93
2040-12-14,4.3,-1.93,18.25,281.41,91.6,101.9,3.48,0.731
2040-12-15,6.36,2.1,22.49,286.62,93.2,102.4,0.15,1.978
2040-12-16,7.92,2.73,30.06,292.97,92.3,102.7,0.06,1.974
2040-12-17,9.48,5.65,23.35,302.64,91.6,102.4,0.02,2.327
2040-12-18,11.57,7.15,25.32,315,88.1,101.5,5.62,3.277
2040-12-19,7.14,2.18,21.99,267.09,89.7,100.5,0.61,2.745
2040-12-20,5.82,2.54,26.75,284.49,86.2,100.5,0.08,1.334
2040-12-21,6.41,3.64,25.06,285.07,82.7,100.1,4.65,3.411
2040-12-22,7.04,2.73,34.27,264.27,83.2,100.9,0,2.579
2040-12-23,12.62,4.36,15.53,327.73,92.5,100.5,4.5,1.789
2040-12-24,15.59,11.82,16.86,355.12,84.1,100,0.98,7.417
2040-12-25,11.72,5.28,38.79,275.31,73.7,100.9,2.17,5.592
2040-12-26,9.12,5.72,27.83,267.22,80.4,101.6,0.03,5.22
2040-12-27,10.11,6.6,21.75,297.81,83.1,101.9,0.4,5.224
2040-12-28,10.33,8.36,24.41,302.94,86.4,102.3,0,5.174
2040-12-29,10.95,6.41,28.94,301.18,86.3,102,0.19,4.937
2040-12-30,6.59,3.99,25.39,280.88,82.3,101.3,2.17,4.137
2040-12-31,5.64,2.37,29.15,271.26,79,101.4,1.18,3.325
2041-01-01,4.7,0.75,32.88,259.8,75.6,101.4,0.18,2.564
2041-01-02,1.58,-2.44,38.41,227.95,76,102.1,1.81,2.052
2041-01-03,3.85,-3.26,22.06,237.45,84.8,102.5,0.18,1.732
2041-01-04,9.07,-3.34,20.61,288.05,87.2,102.7,3.18,2.547
2041-01-05,10.92,3.54,26.8,296.69,90.2,102.7,0.17,2.57
2041-01-06,13.19,10.8,25.23,324.55,85.2,101.4,0.36,7.977
2041-01-07,13.18,5.85,27.44,294.48,76.6,100.3,2.83,6.419
2041-01-08,6.7,4.19,37.43,255.73,68.6,99.7,0.63,6.691
2041-01-09,7.33,3.5,37.28,284.93,74.8,99.8,3.48,2.332
2041-01-10,9.93,4.13,40.91,273.47,76.1,98.3,1.15,6.425
2041-01-11,12.09,6.63,8.43,305.23,82,98.1,2.46,3.897
2041-01-12,8.68,3.2,33.27,271.34,87.9,98.2,0.56,3.8
2041-01-13,5.93,0.02,29.14,271.9,90.5,99,0.06,1.722
2041-01-14,2.55,-1.7,33.81,254.96,92.7,99.6,0.06,0.777
2041-01-15,5.46,-1.3,49.38,246.64,79.4,100.1,0,1.725
2041-01-16,1.53,-0.59,10.67,296.2,91.8,99.2,11.62,3.255
2041-01-17,1.55,0.48,15.27,304.76,95.6,98.6,13.74,3.657
2041-01-18,2.54,-0.16,32.84,269.75,76.6,99.3,0.94,1.5
2041-01-19,4.03,-2.37,52.63,235.44,79.8,101.4,0,2.835
2041-01-20,2.48,-2.61,16.97,284.19,80,101.2,0.38,1.881
2041-01-21,7.38,0.2,23.9,311.77,86.9,101.5,3.68,1.588
2041-01-22,12.81,7.44,23.74,327.43,90.1,100.4,2.73,3.349
2041-01-23,9.39,6.08,15.81,320.93,93.3,100.5,4.96,1.218
2041-01-24,7.98,3.02,41.35,274.66,89.7,100.9,0.13,1.904
2041-01-25,8.18,2.73,49.14,281.18,83.1,100.9,0.51,1.393
2041-01-26,8.42,5.4,40.44,288.82,88.2,99.7,2.18,1.983
2041-01-27,11.21,5.44,37.11,299.07,87.6,99.9,2.88,2.133
2041-01-28,11.82,8.79,55.55,309.26,87.6,99.4,4.53,1.87
2041-01-29,9.35,5.8,38.82,280.02,87.9,100.1,0.38,2.542
2041-01-30,9.23,4.45,53.63,283.25,86.7,100.5,1.56,1.07
2041-01-31,8.35,5.64,48.01,305.62,90.8,99.4,4.47,1.617
2041-02-01,8.57,4.05,23.9,307.92,92.7,98.6,5.62,0.981
2041-02-02,7.55,4.98,41.05,300.26,87.8,98.2,1.67,4.037
2041-02-03,7.76,2.81,46.37,289.14,85.5,99.2,0.26,2.896
2041-02-04,5.69,0.12,62.36,268.19,81.8,99.8,6.27,0.86
2041-02-05,9.68,5.16,77.1,275.65,78.8,99.9,1.01,3.698
2041-02-06,13.05,5.6,39.67,317.97,92.3,99.9,2.2,1.34
2041-02-07,13.59,8.48,80.03,289.98,76.3,100,0.18,5.45
2041-02-08,14.47,7.6,38.71,316.57,89,100,8.21,1.476
2041-02-09,9.14,5.51,37.27,296.54,87.1,99.6,18.35,2.41
2041-02-10,9.79,5.22,63.31,284.47,85.3,101.2,0.22,3.348
2041-02-11,9.56,5.42,53.2,308.57,82,102,0.04,0.743
2041-02-12,9.59,6.68,35.99,313.87,83.9,101,1.47,1.593
2041-02-13,10.2,3.25,88.54,274.95,87.1,100.4,2.51,1.19
2041-02-14,10.59,5.23,23.63,311.78,92,98.7,12.95,1.139
2041-02-15,9.49,5.43,56.58,290.2,84.8,99.1,0.65,3.303
2041-02-16,11.28,5,25.75,312.99,91.8,99.9,3.15,1.445
2041-02-17,13.98,10.99,44.41,348.94,92.1,100.1,10.49,1.435
2041-02-18,11.75,5.79,40.73,309,82.7,100.3,2.34,1.419
2041-02-19,11.34,4.43,62.39,294.49,84.8,99.8,14.78,2.095
2041-02-20,10.74,3.16,100.14,277.78,78.8,99.8,0.32,1.928
2041-02-21,14.91,10.27,59.87,337.9,85.2,100.7,0.03,3.127
2041-02-22,16.07,10.61,101.35,304.54,83.4,101.3,0,1.705
2041-02-23,15.99,9.15,102.49,295.04,85.7,101.2,0,1.848
2041-02-24,16.33,8.81,101.04,308.32,87.5,102.1,0.02,1.428
2041-02-25,15.58,7.48,105.87,301.08,93.3,102.5,0.12,0.725
2041-02-26,12.98,7.42,66.03,317.29,90.5,102.2,0.4,1.772
2041-02-27,13.58,6.15,107.14,296.64,84.1,102,0,1.938
2041-02-28,13.61,3.52,129.5,272.95,88.3,102.4,0,0.425
2041-03-01,10.72,6.36,71.68,317.79,87.5,102.8,0.1,1.145
2041-03-02,10.15,7.23,80.81,316.6,88.7,102.5,0.68,0.465
2041-03-03,10.24,5.95,94.75,302.4,83.4,100.7,0.84,2.425
2041-03-04,7.9,4.14,98.26,276.29,78.5,98.8,1.17,4.692
2041-03-05,6.6,3.41,66.98,282.32,77.9,97.9,0.52,4.683
2041-03-06,8.47,3.11,108.26,289.03,73.6,98.9,1.1,2.598
2041-03-07,7.54,2.79,91.77,285.51,72.3,100.3,1.03,1.969
2041-03-08,9.45,4,101.63,292.93,83.8,100.9,0.8,2.091
2041-03-09,9.58,4.28,81.37,299.77,83.9,101,2.24,3.431
2041-03-10,7.51,3.79,35.31,317.32,89.1,100.9,6.19,1.64
2041-03-11,10.86,6.95,102.66,313.92,82.4,100.4,0.34,4.357
2041-03-12,10.62,5.73,107.03,292.9,71.2,101.8,0.08,2.847
2041-03-13,11.64,6.87,31.13,331.71,88.9,101.5,3.54,3.656
2041-03-14,14.41,11.06,117.02,332.24,86.8,101.5,0.02,4.323
2041-03-15,13.44,9.1,57.27,316.61,89.1,101.4,7.22,4.639
2041-03-16,13.91,7.82,97.14,296.73,82.2,102.5,0,3.245
2041-03-17,14.76,7.22,123.69,301.41,85.8,102.9,0.05,2.822
2041-03-18,12.52,6.31,108.23,310.26,83.8,102.8,0.12,0.467
2041-03-19,13.83,7.77,144.66,304.68,85,102,0.29,0.796
2041-03-20,10.98,6.14,103.16,298.95,76.7,101.7,0.5,2.061
2041-03-21,10.11,4.88,103.16,288.45,70.6,102.1,0.18,2.312
2041-03-22,11.07,5.17,104.98,297.32,73,101.9,0.14,3.553
2041-03-23,12.37,5.76,109.22,308.97,80.5,101.9,0.04,2.64
2041-03-24,11.59,7.03,104.3,311.47,84.6,101.1,3.32,1.526
2041-03-25,8.46,2.45,116.71,285.16,65.6,101.6,3.27,2.613
2041-03-26,7.11,0.2,149.19,248.81,64.1,102.2,0.05,1.327
2041-03-27,5.54,-0.05,111.22,268.12,68.4,101.8,0.24,2.846
2041-03-28,4.68,-0.45,93.01,276.89,68.3,101.5,0.67,3.172
2041-03-29,5.29,0.2,88.42,284.65,70.1,101.5,0.22,2.278
2041-03-30,8.27,0.16,153.83,274.78,71.8,101.4,0.68,0.844
2041-03-31,8.49,2.41,116.48,280.72,62,101.9,0.03,1.587
2041-04-01,8.04,2.03,124.69,280.05,64.4,102.1,0.08,1.77
2041-04-02,10.96,4.68,82.56,305.99,81.1,100.5,0.8,4.825
2041-04-03,9.86,5.45,129.12,295.54,75.1,100.7,0.74,4.651
2041-04-04,12.66,4.88,173.54,283.72,75.5,101.2,0.02,4.226
2041-04-05,13.87,8.18,102.96,321.88,85.4,100.7,4.79,4.757
2041-04-06,14.34,6.06,133.37,304.72,81.5,100.9,0.21,4.028
2041-04-07,16.12,11.2,191.5,318.59,76,100.4,0.09,7.833
2041-04-08,11.57,6.14,135.66,303.91,68.2,100.4,1.71,5.722
2041-04-09,11.75,4.27,158.88,291.27,65.8,101,2.63,0.562
2041-04-10,11.07,5.34,180.36,293.26,70.7,99.3,8.22,7.355
2041-04-11,8.6,3.75,96.89,292.86,71.6,99.3,2,7.718
2041-04-12,10.85,1.76,155.03,274.3,58.2,101.5,0.09,2.105
2041-04-13,9.22,-0.03,118.61,282.71,77.3,102.6,6.15,0.914
2041-04-14,10.19,5.12,123.21,312.64,81.9,102.2,3.58,1.97
2041-04-15,9,0.53,266.5,222.45,64.5,101.9,0,0.948
2041-04-16,10.75,3.2,123.04,305.65,78.2,100.9,0.49,1.181
2041-04-17,10.86,5.25,112.98,314.4,78.3,100.8,2.92,2.468
2041-04-18,11.75,4.57,147.81,295.04,74.2,101.4,0.96,2.414
2041-04-19,11.5,3.32,138.03,298.47,71.8,101,0.56,0.744
2041-04-20,14.08,5.97,152.79,302.68,75.7,100.3,5.67,1.703
2041-04-21,11.57,4.25,162.34,276.91,66.5,101.5,1.08,2.89
2041-04-22,12.87,3.59,197.87,270.01,67.4,102.7,0.1,2.619
2041-04-23,14.96,4.21,212.87,280.7,73.4,103.3,0.03,0.641
2041-04-24,17.13,3.34,269.82,268.03,72.4,103.2,0,1.086
2041-04-25,17.48,4.55,244.83,280.79,70.7,102.8,0.04,1.42
2041-04-26,17.01,6.01,229.35,297.2,77.9,102.2,0.04,1.167
2041-04-27,17.05,6.72,234.73,284.03,73.8,101.6,0,1.769
2041-04-28,11.8,7.46,135.99,310,67.9,101.5,0.16,2.831
2041-04-29,11.06,6.66,160.8,298.94,64.4,101.5,0.39,2.921
2041-04-30,11.7,5.52,152.21,301.79,63.4,101.8,0.21,1.049
2041-05-01,13.3,4.67,139.88,306.96,67.2,101.9,0.29,1.667
2041-05-02,15.07,8.41,170.47,313.31,77.8,100.5,2.76,3.762
2041-05-03,13.19,7.34,175.14,292.89,79.1,99.6,1.51,5.192
2041-05-04,13.58,8.69,125.62,319.31,83,99.8,3.31,2.648
2041-05-05,14.92,9.08,231.59,296.19,79.1,99.2,2.34,3.907
2041-05-06,13.05,7.25,196.67,290.08,76.3,100,2.07,4.298
2041-05-07,13.79,5.57,169.14,299.85,70.9,100.6,0.14,0.987
2041-05-08,15.18,8.01,153.11,320.99,68.5,100.7,0.1,0.501
2041-05-09,16.33,7.86,166.34,309.65,76,100.5,1.91,2.061
2041-05-10,13.27,7.71,194.13,300.15,65,101,0.18,4.166
2041-05-11,13,7.85,137.19,315.44,74.3,101.4,0.27,2.784
2041-05-12,14.69,7.87,214.43,293.85,72.5,101.7,1.01,1.746
2041-05-13,17.03,6.22,268.62,280.78,70.5,102.5,0.03,1.161
2041-05-14,17.24,6.71,265.7,285.9,68,102.5,0.05,1.517
2041-05-15,17.77,7.85,309.32,281.38,65,101.8,0.02,2.647
2041-05-16,19.17,8.62,216.25,323.4,72.6,101,0.06,1.585
2041-05-17,17.8,11.15,139.68,346.23,85.1,100.7,1.31,1.057
2041-05-18,18.77,9.2,247.86,317.16,72.2,100.9,0.47,2.978
2041-05-19,13.89,9.18,212.65,305.92,54.4,102.2,0.07,3.281
2041-05-20,14.41,8.59,209.13,305.13,61.2,102.3,0.09,3.658
2041-05-21,14.89,8.68,197.89,312.18,65.3,102,0.08,2.207
2041-05-22,13.6,7.61,174.86,299.89,76.2,101.2,2.63,1.276
2041-05-23,15.41,6.84,210.26,299.95,74.2,101,0.25,0.839
2041-05-24,18.99,5.23,224.15,302.58,69,101.2,0,0.868
2041-05-25,20.95,10.66,264.45,317.64,58,100.9,2.04,2.631
2041-05-26,17.8,11.53,218.93,331.78,79.5,100.5,5.68,0.882
2041-05-27,18.36,10.46,237.82,309.95,77.4,100.6,2.84,1.458
2041-05-28,18.86,10.13,242.14,311.52,76.9,100.4,2.52,1.575
2041-05-29,17.27,10.13,185.58,322.22,82.4,100.6,8.62,0.933
2041-05-30,16.6,12.18,169.01,348.55,83.7,101.2,5.77,4.387
2041-05-31,17.72,11.22,228.1,333.02,77.6,101.4,2.9,4.063
2041-06-01,18.85,10.25,286.94,317.55,71.4,101.6,0.03,3.741
2041-06-02,19.25,9.91,324.52,301.77,64.5,101.4,0.86,3.676
2041-06-03,14.76,9.58,118.36,339.15,84.2,101.3,0.94,1.334
2041-06-04,18.58,12.19,191.78,336.29,76.8,101.1,0.5,3.202
2041-06-05,15.05,11.5,128.46,337.17,87.9,100.5,5.86,1.948
2041-06-06,11.98,7.65,136.9,316.8,79.8,100.4,9.82,0.961
2041-06-07,12.74,6.56,188.04,302.7,62.7,101.6,0.24,2.691
2041-06-08,14.79,7.71,197.77,308.3,73.3,101.9,1.33,2.823
2041-06-09,16.48,6.65,224.16,303.24,70.2,101.8,0.1,1.478
2041-06-10,19.18,7.68,268.84,297.76,68.9,101.9,0,0.939
2041-06-11,20,8.56,206.97,330.29,76.7,101.9,0.05,1.225
2041-06-12,22.53,13.35,226.43,356.32,79.4,101.6,0.64,3.451
2041-06-13,19.11,12.4,293.51,311.85,68.4,101.2,0.07,4.778
2041-06-14,18.05,10.41,223.52,311.25,68.6,101.4,0.08,3.188
2041-06-15,16.91,11.83,97.27,348.99,90.2,100.5,10.65,2.108
2041-06-16,18.43,13,226.31,331.38,77,100.7,1.06,3.82
2041-06-17,20,11.97,198.1,338.56,79.3,100.6,0.07,1.905
2041-06-18,18.81,13.2,234.54,340.32,75.3,99.3,3.71,4.676
2041-06-19,17.09,12.51,205.62,335.91,76.6,99.6,3.63,6.418
2041-06-20,16.26,11.28,260.27,312.2,68.7,100.9,0.12,4.962
2041-06-21,17.98,10.32,241.67,321.7,73.5,102,0.64,2.582
2041-06-22,22.01,13.84,245.16,354.14,82.2,102.1,0.21,1.826
2041-06-23,24.59,14.07,256.48,352.18,78.8,102.1,0.24,0.705
2041-06-24,26.29,13.39,316.8,335.85,72.8,101.8,0.04,0.724
2041-06-25,24.15,16.01,309.92,332.75,71.9,101.4,0.02,1.866
2041-06-26,23.16,13.86,250.98,340.62,73.7,101,0.18,2.459
2041-06-27,24.85,13.92,329.61,321.93,67.4,100.9,0,2.238
2041-06-28,25.66,15.04,321.79,329.27,69.5,101,0.11,1.68
2041-06-29,25.06,16.64,264.08,350.97,75.8,101,5.32,0.419
2041-06-30,19.07,15.46,141.57,359.45,86.1,100.7,11.79,1.615
2041-07-01,20.01,13.91,272.85,323.2,70.8,101.5,0.1,3.596
2041-07-02,22.56,13.18,270.19,332.41,75.5,102.1,0,1.367
2041-07-03,23.75,13.98,307.49,331.85,77.2,102.3,0.05,1.712
2041-07-04,22.74,14.83,315.07,320.72,76.2,102.5,0.03,1.803
2041-07-05,22.41,14.99,250.12,335.53,73.9,102.4,0.37,1.447
2041-07-06,22.49,11.26,345.73,288.95,68,102.1,0,1.217
2041-07-07,24.54,11.92,331.68,311.2,73.2,101.9,0,1.687
2041-07-08,21.88,13.71,320.97,307.23,67.1,102.1,0,2.082
2041-07-09,21.9,11.73,309.95,313.26,72.2,101.9,0,2.097
2041-07-10,21.98,15.99,234.61,356.64,79,101.5,0.36,2.93
2041-07-11,20.77,12.98,221.18,341.62,77.3,101.2,0.84,2.24
2041-07-12,22.99,11.28,262.83,318.88,66.6,101.6,0,0.943
2041-07-13,23.53,11.39,283.47,315.14,68.6,101.6,0,1.623
2041-07-14,22.15,13.25,223.27,334.38,70,100.6,1.72,2.545
2041-07-15,19.8,11.68,215.1,315.01,65.1,99.8,0.31,2.149
2041-07-16,17.25,13.09,143.07,342,81.6,99.1,4.38,1.564
2041-07-17,20.01,11.06,183.93,336.76,68,100,2.06,2.213
2041-07-18,20.63,10.51,298.55,299.54,67,101.1,0,3.2
2041-07-19,22.34,13.3,273.35,320.26,67.9,101.7,0.03,1.503
2041-07-20,24.33,10.32,311.56,300.73,67.4,101.7,0,0.285
2041-07-21,27.55,13.98,281.71,332.07,61.9,101.3,0.01,0.646
2041-07-22,25.71,17.02,229.31,347.53,64,101,0.83,1.16
2041-07-23,27.01,16.11,286.54,333.43,59.9,100.7,0.2,1.772
2041-07-24,25.78,15.3,252.09,340.16,68.4,100.6,1.22,0.773
2041-07-25,24.47,16.91,298.64,328.03,67,101,0,2.513
2041-07-26,23.87,16.69,290.11,322.38,67.6,101.2,0.05,3.801
2041-07-27,25.85,15.77,300.27,324.63,71.9,101.3,0,3.211
2041-07-28,29.1,16.12,283.53,347.19,73.8,101.4,0.03,1.095
2041-07-29,31.1,16.52,277.42,343.94,58.4,101.1,0.48,1.94
2041-07-30,24.39,16.38,219.71,344.31,77.2,100.7,1.37,1.663
2041-07-31,26.69,16.43,235.22,352.38,77,100.6,4.33,1.062
2041-08-01,29,16.49,250.77,360.49,76.8,100.5,7.29,0.474
2041-08-02,29.51,18.66,218.59,369.13,77,100.4,8.76,0.202
2041-08-03,26.81,18.7,245.93,352.88,72,100.1,1.84,0.878
2041-08-04,23.22,16.4,210.68,344.27,78.3,100.2,4.98,3.395
2041-08-05,22.94,15.55,150.72,351.96,78.8,100.7,2.27,0.576
2041-08-06,24.63,13.64,231.68,330.11,69.8,101.3,0.2,0.929
2041-08-07,26.57,14.32,268.52,327.95,66.9,101.5,0,2.115
2041-08-08,21.67,16.26,101.28,356.89,83.3,101,3.44,1.118
2041-08-09,21.88,15.37,256.75,324.02,75.5,100.9,1.3,3.012
2041-08-10,23.38,14.07,228.29,323.91,68.7,101.3,0,1.444
2041-08-11,24.43,14.72,208.33,341.4,70.3,101.1,0.02,1.785
2041-08-12,22.7,14.54,198.36,338.24,82.4,100.7,4.98,1.144
2041-08-13,22,13.26,141.65,340.21,73.6,100.6,0.15,0.582
2041-08-14,24.1,15.35,188.26,349.48,75.2,100.6,4.84,1.017
2041-08-15,22.15,15.44,181.51,347.82,80.1,100.8,3.98,1.692
2041-08-16,22.61,15.69,204.25,344.31,79.5,100.7,3.47,0.842
2041-08-17,24.29,13.92,198.68,341.17,79,100.4,1.34,1.447
2041-08-18,22.86,15.6,191.05,342.06,79.3,99.8,7.17,0.918
2041-08-19,19.68,13.1,117.39,340.66,81.5,99.9,5.79,2.573
2041-08-20,21.45,14.21,162.41,344.31,83.6,100,6.35,0.842
2041-08-21,24.25,16.71,164.73,361.71,78.7,100.3,0.11,0.62
2041-08-22,24.21,15.51,170.27,364.9,81.8,100.7,6.94,1.339
2041-08-23,23.47,16.07,224.3,333.18,72.8,100.6,0.43,0.993
2041-08-24,20.38,14.88,131.12,341.5,82.3,99.9,2.18,1.265
2041-08-25,22.34,16,203.92,338.29,73.2,99.8,0.26,3.745
2041-08-26,22.27,15.42,189.86,337.84,72.5,100.4,0.18,3.393
2041-08-27,23.93,16.33,177.1,362.46,83,100.5,1.42,3.299
2041-08-28,21.7,15.52,144.54,344.53,78.5,100.4,1.57,2.723
2041-08-29,21.1,14.92,191.04,338.63,78.9,100.8,0.52,2.722
2041-08-30,22.6,15.56,216.39,333.4,71.5,101,0.25,2.253
2041-08-31,21.77,14.54,185.4,334.14,73,100.8,1.05,2.359
2041-09-01,20.95,13.52,154.24,334.46,74.4,100.6,1.85,2.471
2041-09-02,20.53,12.05,201.01,310.02,67.3,101.2,0.4,3.536
2041-09-03,21.28,14.34,91.64,359.76,84.1,100.9,2.01,3.567
2041-09-04,24.41,17.53,199.95,356.31,79.4,100.9,0.34,5.366
2041-09-05,19.77,15.11,139.31,341.06,67.5,101.5,0.12,2.293
2041-09-06,21.2,13.72,163.95,345.97,71.1,101.6,0.65,1.612
2041-09-07,22.41,14.7,162.7,348.57,66.4,101.4,2.07,4.024
2041-09-08,18.21,15.12,77.94,369.82,85.3,101.2,2.89,3.587
2041-09-09,20.8,15.35,55.61,383.04,89.6,101.1,40.71,1.9
2041-09-10,21.25,16.58,99.29,380.63,89.4,101.2,5.23,2.643
2041-09-11,23.28,15.14,204.2,332.72,73.7,101.3,0.94,2.739
2041-09-12,21.86,13.44,176.29,321.85,75.5,101.3,0,1.672
2041-09-13,20.69,12.91,148.36,330.55,76.9,101.4,0.23,1.092
2041-09-14,19.79,13.68,135.9,341.79,79,101.6,0.19,0.952
2041-09-15,19.87,12.04,160.12,317.48,81.4,101.6,0.03,0.854
2041-09-16,20.89,10.91,172.21,311.86,77.4,101.7,0.04,1.633
2041-09-17,19.37,12.69,117.45,334.54,77.2,102.4,0.3,1.368
2041-09-18,18.29,8.91,158.81,305.04,68.9,102.5,0.06,2.187
2041-09-19,21.11,10.38,179.85,310.23,76.1,102,0,1.686
2041-09-20,24.77,11.36,165.85,334.59,82.8,101.5,0,0.636
2041-09-21,27.68,15.7,174.74,350.7,79.1,100.8,0,1.313
2041-09-22,20.36,17.02,62.45,358.33,81.1,100,3.95,3.084
2041-09-23,20.38,13.33,158.97,315.23,75.7,100.2,0.31,4.148
2041-09-24,18.93,12.57,148.8,309.51,73.5,100.9,0,4.228
2041-09-25,18.27,10.04,120.62,306.64,69.3,100.5,1.56,4.671
2041-09-26,16.09,7.42,130.14,301.15,67.3,100.8,0.04,1.045
2041-09-27,16.72,12.11,125.36,316.84,75.2,99.1,6.19,5.602
2041-09-28,14.35,9.33,80.97,316.05,72.1,99.8,4.46,3.38
2041-09-29,17.03,12.39,119.21,328.35,80.4,99,3.88,4.758
2041-09-30,22.32,14.49,100.14,370.6,80.5,98.7,5.96,5.659
2041-10-01,18.96,15.18,62.28,371.06,89.4,99.6,11.55,1.306
2041-10-02,20.26,13.96,82.39,340.48,85.8,99.6,2,1.72
2041-10-03,18.33,13.89,76.28,334.12,88.5,99.8,2.38,1.411
2041-10-04,17.97,13.18,118.88,309.67,74.8,100.4,0,3.193
2041-10-05,19.59,13.46,87.15,338.64,82.9,100.6,0,1.268
2041-10-06,20.17,13.75,96.84,334.54,82,100.6,0.18,3.303
2041-10-07,19.76,14.37,118.56,340.56,82.8,101.2,0.7,4.383
2041-10-08,19.66,12.09,96.43,339.89,85.2,101.5,0.04,0.806
2041-10-09,18.65,9.81,100.88,317.48,79.6,101.2,0.45,2.348
2041-10-10,16.23,8.35,95.64,302.8,75.4,101.4,0,1.623
2041-10-11,16.42,10.43,122.99,292.88,77.7,101.8,0.04,0.648
2041-10-12,18.19,10.26,118.71,299.72,82.4,101.8,0,1.087
2041-10-13,15.5,11.31,52.64,343.16,93.9,101.4,1.33,0.451
2041-10-14,14.08,8.41,62.94,329.06,76.1,102.2,0.88,1.196
2041-10-15,15.06,4.77,119.21,273.45,70.5,103.2,0,1.826
2041-10-16,15.32,9.75,74.65,332.24,85.3,103.1,0.18,1.928
2041-10-17,14.44,9.65,80.52,320.8,84.5,103.1,0.06,0.861
2041-10-18,14,8.35,90.28,295.47,75.7,103.2,0.06,1.561
2041-10-19,13.43,6.87,106.11,287.3,75.6,103.2,0,1.141
2041-10-20,12.97,7.47,74.7,312.99,85.5,103,0.03,0.323
2041-10-21,14.28,8.25,66.84,320,76.5,102.7,0.04,1.952
2041-10-22,13.52,9.2,44.69,328.06,84.6,101.4,11.39,2.707
2041-10-23,10.8,7.83,21.26,336.29,94.9,100.1,19.11,0.455
2041-10-24,7.88,6.38,28.62,322.73,89.6,100.5,10.24,1.655
2041-10-25,11.72,6.9,52.68,312.13,68.7,100.9,0,1.861
2041-10-26,12.34,5.98,100.01,286.2,75.1,100.9,0.43,1.105
2041-10-27,12.95,5.65,56.95,312.4,90.6,101.6,0.92,1.57
2041-10-28,14.58,9.47,58.8,329.94,85.8,101.8,0.27,4.042
2041-10-29,13.07,9.73,47.82,326.27,90.5,102.2,1.1,2.088
2041-10-30,14.92,9.55,54.87,312.41,88,102.4,0.16,3.161
2041-10-31,13.47,8.99,53.19,311.51,85.4,102.4,0.1,2.375
2041-11-01,12.01,8.44,51.51,310.82,82.8,102.5,0.03,1.735
2041-11-02,13.47,8.09,64.5,317.02,90.2,102.4,0.36,0.677
2041-11-03,13.44,8.2,69.07,309.46,88.8,102.6,0.1,1.609
2041-11-04,12.77,8.01,44.85,313.77,88.8,102.4,0.72,2.003
2041-11-05,13.64,8.04,57.67,312.44,90.7,102.2,0.46,2.436
2041-11-06,13.41,6.75,56.73,311.91,93.9,102.6,0.7,0.617
2041-11-07,12.03,6.34,53.6,309.55,93.6,102.7,0.14,0.283
2041-11-08,10.89,7.67,46.3,316.12,89.8,102.1,0.47,1.041
2041-11-09,14.63,7.91,55.48,314.92,91.3,101.3,2.63,1.579
2041-11-10,9.43,2.57,61.11,268.73,74.3,101.9,0.66,1.05
2041-11-11,7.83,0.6,43.94,257.22,82.1,102.3,0.9,1.894
2041-11-12,9.9,0.81,43.26,285.21,82,102.5,0.11,2.425
2041-11-13,13.48,8.53,41.98,324.15,83.1,101.5,0.03,3.681
2041-11-14,11.39,7.72,55.96,302.62,79.3,99.6,1.16,1.52
2041-11-15,13.35,6.05,23.29,314.18,89.8,98.7,3.29,0.979
2041-11-16,11.22,4.58,58.53,275,81.4,99.5,0.15,1.149
2041-11-17,12.43,9.4,55.14,295.61,79.8,98.5,7.87,5.215
2041-11-18,10.59,8.15,18.59,308.43,87.5,99.2,16.02,3.378
2041-11-19,11.96,8.21,57.98,279.17,74.6,101.5,0,5.406
2041-11-20,14.58,10.26,35.24,326.04,80.8,101,1.28,3.913
2041-11-21,14.06,7.62,35.07,306.09,84.9,100.5,2.73,2.751
2041-11-22,9.78,5.26,27.45,278.03,87.8,101.1,0,0.748
2041-11-23,14.29,8.11,43.11,303.61,87.8,101.4,0.08,2.878
2041-11-24,13.93,9.93,39.3,320.2,88.9,102.1,0.12,1.526
2041-11-25,14.81,11.18,12.9,339.18,83.7,100.7,2.5,3.018
2041-11-26,12.5,7.3,26.48,313.63,91.1,100,3.79,2.502
2041-11-27,10.66,7.37,32.21,291.73,84.6,100,1.12,3.815
2041-11-28,12,9.14,48.96,277.24,79.1,101.4,0,5.942
2041-11-29,14.05,6.94,37.78,298.67,90.5,102.2,0,3.789
2041-11-30,9.23,6.34,28.97,319.96,98.3,102.6,0.35,0.702
2041-12-01,11.75,8.17,25.6,333.74,94.7,102.5,0.25,1.16
2041-12-02,13.2,8.72,32.26,328.5,93.6,101.6,0.19,0.833
2041-12-03,14.42,10.4,24.19,331.15,89.6,100.5,0.26,1.602
2041-12-04,13.64,10.03,26.66,317.58,90.1,99.8,1.71,1.344
2041-12-05,10.29,6.99,25,301.22,90.8,98.6,3.79,2.232
2041-12-06,8.87,5.04,38.38,270.95,84.3,99.3,0,4.022
2041-12-07,7.26,2.32,32.22,277.7,75.9,101.1,0.19,1.342
2041-12-08,4.69,0.46,42.28,250.72,79.8,102.5,0,1.019
2041-12-09,7.46,2.13,36.96,282.54,84.6,103,0.13,0.874
2041-12-10,6.93,2.81,25.13,296.8,89.8,101.9,0.15,0.751
2041-12-11,7.17,1.91,17.87,282.74,89.4,101.6,0.83,1.248
2041-12-12,8.04,2.09,23.37,281.07,88.7,102.3,0.03,2.39
2041-12-13,10.67,4.38,28.98,290.12,85.1,102.2,0,4.561
2041-12-14,12.35,10.01,16.03,336.71,81.6,100.9,1.93,7.666
2041-12-15,9.97,5.15,21.81,302.7,74.8,100.8,1.02,5.654
2041-12-16,11.01,3.81,6.19,312.05,85,100.6,3.07,3.67
2041-12-17,13.27,9.17,28.9,325.31,86,100.2,0,5.352
2041-12-18,12.17,4.09,22.1,297.05,88.9,101,1.34,2.337
2041-12-19,11.4,5.23,29.47,293.45,90.9,101.4,0,1.264
2041-12-20,13,8.97,31.47,311.96,89.1,101.3,2.38,2.559
2041-12-21,11.84,7.76,24.14,330.66,94.4,101.8,0.1,0.668
2041-12-22,12.49,3.63,17.66,299.64,83.8,101.6,4.56,3.431
2041-12-23,4.9,0.68,39.37,241.26,77.4,103.3,0,1.796
2041-12-24,6.61,1.06,20.17,293.23,91.4,103.4,0.39,0.427
2041-12-25,5.18,-1.13,36.3,272.65,93.2,102.8,0.1,0.984
2041-12-26,8.1,4.02,28.18,303.64,90.3,102.1,2.28,1.169
2041-12-27,7.49,0.78,38.91,254.32,86,103,0,2.289
2041-12-28,8.29,4.29,20.51,304.26,85.3,102.6,0.12,1.675
2041-12-29,10.21,4.08,21.3,282.44,88.4,101.9,1.32,2.518
2041-12-30,11.68,4.11,27.79,284.69,83.8,102.5,0,4.232
2041-12-31,11.06,4.96,29.04,290.77,81.4,102.3,0.03,3.536
2042-01-01,10.45,5.81,30.31,296.57,79,102.1,0.04,2.895
2042-01-02,9.15,5.37,22.34,310.32,89,100.6,15.97,1.195
2042-01-03,6.88,3.07,32.96,277.97,80,101.3,1.32,1.801
2042-01-04,11.4,4.67,22.54,309.39,78.9,101.1,0.87,3.558
2042-01-05,7.62,5.07,32.4,265.59,77.5,101.3,0.15,4.841
2042-01-06,8.11,3.02,33.62,280.09,71.1,101.9,0.25,4.15
2042-01-07,3.79,-2.83,41.32,229.21,81.9,102.3,0,0.268
2042-01-08,10.24,0.04,8.49,302.05,86.1,100.8,4.6,1.93
2042-01-09,6.99,3.34,40.52,263.54,78,100.1,0.05,4.741
2042-01-10,4.97,3.24,24.48,287.75,78.8,100,0.25,5.914
2042-01-11,5.97,0.45,25.12,290.69,88.5,99.1,14.54,1.337
2042-01-12,6.15,2.76,26.52,294.94,83,100.2,5.18,2.006
2042-01-13,7.44,3.63,33.21,290.18,74.1,99.8,2.93,5.228
2042-01-14,8.53,4.23,27.61,288.16,69.7,101.2,0.04,4.893
2042-01-15,11.74,4.87,19.18,325.46,88,101.2,2.82,1.633
2042-01-16,12.12,5.45,44.03,291.14,75.2,100.7,1.63,4.53
2042-01-17,8.87,5.31,35.61,292.85,73.7,100.2,2.65,5.382
2042-01-18,9.46,6.64,37.38,294.66,78.2,98.1,7.13,6.167
2042-01-19,12.11,7.15,45.06,302.55,81,99.1,0.41,6.083
2042-01-20,12.88,8.61,44.26,298.19,67.4,100,0,8.554
2042-01-21,13.21,6.55,40.43,311.84,87.7,101.2,2.68,2.935
2042-01-22,11.7,6.89,18.55,323.83,86.1,100.7,2.51,2.685
2042-01-23,11.22,5.88,29.44,305.8,74.5,101,2.91,6.214
2042-01-24,14.43,11.19,20.36,345.46,84.9,100.1,5.6,8.471
2042-01-25,13.95,5.05,18.86,303.99,79.3,100.2,2.81,7.241
2042-01-26,8.38,4.72,49.76,266.34,71,100.8,0.13,4.071
2042-01-27,9.56,4.52,33.94,297.41,78.9,98.2,4.06,4.943
2042-01-28,6.15,4.35,46.59,281.86,69.8,98.3,0.23,7.072
2042-01-29,12.45,4.72,19.74,310.85,80.8,99.3,2.3,5.426
2042-01-30,11.88,6.14,34.29,290.04,61.6,99.8,0.3,8.859
2042-01-31,8.46,5.27,38.1,290.06,77.6,100.7,1.33,5.914
2042-02-01,7.81,4.77,51.13,276.16,69.5,101.6,0.03,5.287
2042-02-02,6.46,3.21,22.15,295.92,85.3,101.3,0.1,1.675
2042-02-03,4.97,0.2,38.07,277.62,88.2,100,3.73,0.597
2042-02-04,3.38,-1.96,62.4,254.95,82.8,99.7,0.3,1.172
2042-02-05,4.66,-0.99,59.87,258.23,80.9,100,0,1.719
2042-02-06,4.83,-0.88,67.72,258.18,73.8,100,0,1.139
2042-02-07,3.1,-2.61,54.92,250.08,76.8,99.5,0.12,0.519
2042-02-08,5.48,-1.65,28.9,273.96,79,100.2,5.19,2.031
2042-02-09,12.17,3.77,38.61,312.55,90.6,99.5,6.71,1.343
2042-02-10,10.55,5.94,47.86,307.33,92.8,100.2,4.75,2.473
2042-02-11,12.5,6.55,25.96,327.94,93.2,100.5,3.72,1.474
2042-02-12,13.93,8.65,64.17,323.76,84.5,99,8.63,2.596
2042-02-13,10.35,6.35,73.35,288.93,87.6,99.5,4.95,3.823
2042-02-14,11.94,5.9,47.5,310.59,90.9,99.5,3.69,1.809
2042-02-15,10.19,7.17,52.58,303.27,85.8,99.5,11.41,2.432
2042-02-16,9.87,7.61,39.41,316.64,85.6,100.4,2.98,1.559
2042-02-17,12.49,9.38,74.91,300.54,88.1,99.9,1.59,1.602
2042-02-18,12.7,8.26,80.92,302.42,78.2,100.6,2.43,3.303
2042-02-19,11.14,7.35,43.39,320.11,90.7,100,8.61,2.93
2042-02-20,10.7,5.71,86.78,292.07,86.3,99.4,0.73,0.672
2042-02-21,8.72,3.98,49.75,297.99,93,100,4.9,1.259
2042-02-22,9.25,2.6,67.03,292.88,91.6,100.4,0.18,1.788
2042-02-23,6.35,3.39,54.98,292.69,78.5,100.3,0.11,0.481
2042-02-24,9.89,2.6,78.44,271.09,78.1,100.1,0.09,2.093
2042-02-25,11.52,5.43,80.85,294.47,86.1,99.5,0.28,1.574
2042-02-26,12.61,8.9,73.66,324.27,84.9,98.8,1.74,2.204
2042-02-27,11.78,9.72,68.08,325.19,85,97.4,11.24,2.579
2042-02-28,9.99,6.73,57.22,309.78,79.9,96.9,1.84,4.82
2042-03-01,9.17,5.3,100.42,277.54,55.8,98.2,0.07,7.156
2042-03-02,5.37,2.37,35.82,283.38,84.5,98.4,12.22,1.352
2042-03-03,8.68,1.54,99.43,267.75,80.5,98,0.27,1.619
2042-03-04,9.41,4.84,74.01,304.89,83,97.7,2.66,1.982
2042-03-05,8.78,3.95,90.69,292.09,83.6,98.1,0.98,1.782
2042-03-06,9.24,3.45,87.96,294.06,83.2,98.5,0.58,0.657
2042-03-07,9.98,2.79,102.31,290.53,79.7,99.3,0.12,0.989
2042-03-08,8.19,5.39,57.03,313.88,82.3,99.1,2.21,3.908
2042-03-09,12.39,6.04,51.98,327.52,93.1,98.7,7.72,1.797
2042-03-10,12.23,6.41,116.38,311.14,83.8,99.3,0.14,1.233
2042-03-11,9.15,5.42,58.55,319.63,75.4,100.5,0.69,2.428
2042-03-12,9.56,4.51,63.29,320.86,87.9,101.2,1.26,2.327
2042-03-13,12.96,8.45,62.73,325.85,91.5,100.9,6.46,1.687
2042-03-14,16.35,9.7,91.35,329.63,85.8,101.1,1.24,2.187
2042-03-15,17.54,10.29,109.96,325.49,86,100.9,0,1.868
2042-03-16,15.7,11,125.96,320.96,83.9,100.4,0.15,1.107
2042-03-17,13.14,5.01,108.04,297.55,81,100.4,3.23,2.042
2042-03-18,9.43,4.36,104.81,276.69,66.5,100.8,0.03,3.307
2042-03-19,9.33,2.78,123.05,276.22,78.2,100.3,0.7,3.203
2042-03-20,8.49,0.92,170.98,244.07,64.7,101.1,0.11,1.903
2042-03-21,8.88,-0.23,95.16,274.83,71.9,101.4,0,0.875
2042-03-22,10.78,3.5,157.13,283.26,60.6,101,0.04,3.215
2042-03-23,11.34,7.08,36.32,336.78,88.3,99.8,16.7,3.423
2042-03-24,13.08,9.54,49.44,342.18,94.2,98.3,11.44,2.37
2042-03-25,11.99,7.98,148.25,304.33,82.7,98.2,3.73,1.851
2042-03-26,12.59,8.2,111.46,320.43,84.7,98.3,1.06,3.096
2042-03-27,14.1,7.17,139.28,291.03,78,99.1,0.6,2.052
2042-03-28,14.09,5.84,147.85,281.46,79.5,100.1,0.5,1.426
2042-03-29,15.5,6.41,178.45,282.07,82.9,99.9,0.66,1.611
2042-03-30,13.91,5.45,132.36,296.87,84.6,100.4,0.27,0.817
2042-03-31,13.35,5.52,91.2,317.99,82.2,100.2,1.51,2.26
2042-04-01,12.49,8.28,153.02,307.43,79.1,99.4,2.53,1.994
2042-04-02,11.09,7.42,93.22,311.19,83.4,99.7,4.3,1.316
2042-04-03,11.97,7.02,121.99,313.16,87.3,99.9,2.93,1.307
2042-04-04,13.02,6.46,143.95,308.62,84.5,99.7,1.79,0.458
2042-04-05,13.63,5.18,158.26,294.66,76,100,0.07,2.017
2042-04-06,11.38,5.19,93.16,311.52,81.8,100.7,2.45,0.799
2042-04-07,11.19,5.32,106.58,312.34,84.5,100.9,1.6,0.444
2042-04-08,12.76,8.8,48.5,343.37,94.6,100.6,13.66,1.335
2042-04-09,17.52,8.63,161.74,317.66,84.2,101.8,0.82,1.189
2042-04-10,16.43,6.77,183.57,286.55,78.8,102.4,0.12,2.184
2042-04-11,18.19,6.17,234.56,270.82,67,102.7,0,3.282
2042-04-12,19.27,9.83,227.44,289.5,63.5,102.8,0,4.106
2042-04-13,19.56,8.29,220.78,284.87,66.7,102.8,0,1.023
2042-04-14,20.67,5.5,251.59,276.65,71.7,102.6,0,0.859
2042-04-15,17.59,7.9,250.97,270.38,71.1,102.2,0,1.163
2042-04-16,17.68,7.84,253.16,270.21,69.8,101.9,0,0.589
2042-04-17,18.04,6.27,238.56,280.4,74.2,101.8,0.05,0.182
2042-04-18,17.84,7.67,268.45,279.48,68.5,101.6,0.01,1.926
2042-04-19,20.26,9.21,216.58,313,76,101.2,0.07,1.501
2042-04-20,22.12,9.9,234.47,310.78,75.5,100.7,0.35,1.279
2042-04-21,18.93,12.39,149.46,346.74,83.1,100.2,27.32,0.923
2042-04-22,17.33,11.86,169.2,330.59,82.7,100,5.03,1.721
2042-04-23,14.1,10.36,93.36,343.72,87.2,99.8,6.32,2.763
2042-04-24,16.81,9.42,199.11,321.08,76.7,99.3,2.02,1.026
2042-04-25,15.5,9.49,158.3,321.24,76.2,99.3,1.91,1.844
2042-04-26,15.34,9.38,174.24,314.32,81.9,99.6,4.28,1.351
2042-04-27,13.12,8.37,126.15,312.28,85.3,100,3.72,2.038
2042-04-28,13.62,7.87,145.79,305.07,85.3,100.2,5.35,3.137
2042-04-29,16.05,8.48,212.87,293.43,77.1,100.7,0.38,2.996
2042-04-30,14.55,8.52,143.61,321.96,76,100.9,0.97,2.941
2042-05-01,11.83,7.34,195.02,301.75,60.2,101.3,0.14,0.937
2042-05-02,11.95,6.74,167.27,303.59,65.2,101.7,0.17,0.487
2042-05-03,13.14,6.34,188.67,303.6,59.5,102.3,0.13,1.853
2042-05-04,16.79,7.97,156.02,318.91,82.1,101.8,4.13,1.761
2042-05-05,18.33,7.63,174.88,319.8,82.3,101.8,0.05,0.497
2042-05-06,19.83,12.29,158.48,335.4,75.1,101.2,0.08,1.118
2042-05-07,18.3,9.31,236.94,308.23,69.6,100.7,0.34,2.63
2042-05-08,17.45,7.38,223.72,295.56,70.8,100.5,0,0.574
2042-05-09,17.69,9.17,162.05,315.74,73.7,100.2,0.6,0.876
2042-05-10,11.26,5.86,70.12,327.02,85.3,100.4,24.38,3.663
2042-05-11,9.42,5.35,88.32,325.07,88.6,100,24.36,2.747
2042-05-12,15.65,6.84,166.32,327.42,86.4,100.6,1.63,0.626
2042-05-13,13.09,10.97,78.93,337.01,89.6,100,11.53,4.729
2042-05-14,16.92,8.21,296.19,284.95,69.6,100.8,0,4.163
2042-05-15,20.57,6.91,245.69,312.52,73.1,100.6,0.39,3.328
2042-05-16,15.98,11.36,78.27,356.75,90.9,100.5,12.96,2.574
2042-05-17,15.5,10.58,122.99,347.57,89.2,101.2,4.46,0.962
2042-05-18,18.43,10.89,263.7,314.73,75.7,101.4,0.03,1.672
2042-05-19,18.61,10.37,274.65,306.59,79.2,101.8,0.04,1.895
2042-05-20,18.6,10.14,267.29,309.56,79.2,102,0.05,1.317
2042-05-21,22.17,9.62,282.86,316.9,80,101.9,0.09,0.575
2042-05-22,23.87,11.2,299.74,321.12,76,101.6,0.07,1.176
2042-05-23,23.88,13.79,271.8,331.73,73.3,101.3,0,2.415
2042-05-24,25.99,13.53,299.73,334.25,76.4,101.1,0.74,1.141
2042-05-25,23.27,14.46,279.94,346.13,79.9,101.5,1.93,2.348
2042-05-26,19.62,12.58,194.75,348.12,75.2,101.8,0.07,2.565
2042-05-27,19.41,11.48,318.64,301.34,62.3,101.8,0,2.371
2042-05-28,20.28,10.05,326.98,288.9,65.8,101,0,1.018
2042-05-29,20.83,12.23,213.02,331.7,70.4,100.2,0.52,1.834
2042-05-30,18.46,11.79,153.92,344.08,77.7,100.2,8.3,2.747
2042-05-31,17.66,11.38,158.46,345.17,79,100.2,8.51,2.564
2042-06-01,16.86,10.97,162.99,346.21,80.2,100.2,8.71,2.381
2042-06-02,17.78,11.94,165.34,346.7,84.1,100.7,3.97,2.128
2042-06-03,20.08,10.65,298.35,304.83,70.4,101.6,0.06,1.065
2042-06-04,21.63,12.02,237.21,328.64,70.4,101.5,0.36,1.165
2042-06-05,21.13,13.11,292.12,322.23,71.1,100.9,1.78,2.328
2042-06-06,19.06,11.9,176.1,328.74,82,100.1,3.73,1.949
2042-06-07,16.9,12.31,193.02,331.75,82.6,99.9,5.85,3.632
2042-06-08,19.36,11.53,267.8,313.6,74,100.4,0.81,2.317
2042-06-09,16.63,9.3,206.73,323.39,66.3,100.7,0.18,2.057
2042-06-10,17.03,9.17,212.35,315.43,62.1,101.5,0.05,1.047
2042-06-11,17.68,11.02,203.87,322.77,74.8,100.9,3.58,3.093
2042-06-12,17.52,11.87,185.79,316.42,67.6,100.6,0.39,4.227
2042-06-13,17.43,10.6,218.49,316.06,71.5,100.6,2.79,2.345
2042-06-14,16.49,9.67,230.96,301.23,74.7,100.7,4.62,1.511
2042-06-15,18.67,9.68,241.66,319.35,78.9,100.8,4.76,2.461
2042-06-16,16.46,9.39,241.99,307.99,76.4,100.7,4.52,2.782
2042-06-17,15.02,7.01,203.48,297.53,66.8,101.1,0.84,3.257
2042-06-18,16.81,5.6,177.18,307.31,71.3,101.1,0.32,0.929
2042-06-19,19.38,12.39,162.23,349.13,76,100.4,2.58,1.458
2042-06-20,18.05,12.74,257.57,324.39,65.6,100.5,0.37,3.99
2042-06-21,17.5,10.52,252.38,301.71,63,101.2,0.07,3.731
2042-06-22,21.55,11.95,205.76,352.34,77.4,101.2,5.18,2.982
2042-06-23,23.74,15.48,263.25,346.65,76.8,101.7,0.06,1.285
2042-06-24,25.83,13.36,327.49,330.18,71.3,101.9,0,2.001
2042-06-25,27.1,14.01,328.89,329.3,64.2,101.6,0,3.196
2042-06-26,30.88,17.45,322.89,361.42,65.1,101.3,0,1.482
2042-06-27,25.05,16.92,304.75,347.33,77.6,101.1,2.7,1.92
2042-06-28,19.03,15.02,121.51,366.03,83.3,101.1,5.39,1.699
2042-06-29,19.77,13.09,228.45,336.93,73.3,101.1,0.54,1.808
2042-06-30,20.48,11.77,282.33,309.6,68.6,101.9,0.03,1.07
2042-07-01,23.94,10.55,329.04,314.76,67.7,101.9,0,1.509
2042-07-02,29.16,14.6,332.21,354.49,72.9,101.1,0,1.418
2042-07-03,27.89,19.58,204.34,383.09,80.7,100.7,1.84,1.052
2042-07-04,26.92,17.98,267.88,364.24,75.4,101,1.38,1.595
2042-07-05,22.85,17.01,313.04,331.38,69.7,101.2,0.22,2.412
2042-07-06,24.02,16.29,237.16,354.62,76.1,100.9,2.84,0.797
2042-07-07,21.49,13.91,241.26,331.61,71.9,100.5,0.43,3.202
2042-07-08,24.87,14.37,304.3,331.61,68.9,100.5,0,0.983
2042-07-09,24.63,15.68,333.64,318.14,67.8,100.7,0,1.197
2042-07-10,25.34,17.04,209.28,370.84,77.8,100.6,23.62,0.785
2042-07-11,22.92,15.94,291.41,336.86,74.6,100.8,3.52,2.559
2042-07-12,23.73,14.15,290.8,325.13,73.3,101.3,1.59,0.758
2042-07-13,26.81,14.13,287.49,338.04,73.9,100.9,5.33,1.173
2042-07-14,22.66,15.17,278.04,326.68,75.4,100.4,2.84,2.4
2042-07-15,22.13,13.29,245.5,322.19,76.4,100,3.05,0.92
2042-07-16,22.75,14.38,263.63,328.57,74.6,100.1,1.17,1.825
2042-07-17,19.37,14.58,213.08,334.99,84,100.6,11.39,0.274
2042-07-18,22.92,13.78,275.31,320.44,71.5,100.9,0.3,1.751
2042-07-19,21.72,12.96,220.58,332.04,75.6,101.4,0.49,1.579
2042-07-20,21.05,15.17,191.34,345.35,78.3,101.1,0.04,0.514
2042-07-21,25.14,13.95,268.67,338.9,74,101,0.06,0.336
2042-07-22,24.34,18.55,250.57,364.11,84.3,101.1,9.8,0.864
2042-07-23,27.5,17.18,280.33,356.62,73.5,100.9,0.17,1.312
2042-07-24,27.2,17.67,309.94,339.49,67.6,100.5,0.08,1.368
2042-07-25,23.99,17.48,192.36,369.34,73.7,100.6,0.93,1.987
2042-07-26,23.38,16.32,240.83,346.91,75.4,101,3.09,1.227
2042-07-27,22.63,15.91,275.22,336.9,69.4,101,1.05,2.914
2042-07-28,21.01,16.24,137.53,369.84,86.3,100.2,8.16,4.289
2042-07-29,23.71,15.47,250.81,343.81,75,99.6,2.26,3.044
2042-07-30,20.68,14.01,218.79,319.97,68.5,100.2,1.1,3.295
2042-07-31,20.72,13.54,225.53,315.95,65.6,100.6,0.63,3.25
2042-08-01,20.77,13.07,232.25,311.86,62.7,100.9,0.16,3.212
2042-08-02,20.08,13.27,212.95,317.52,69.9,101.1,0.28,2.287
2042-08-03,21.36,11.98,260.1,309.87,70.4,101.4,0.59,1.464
2042-08-04,20.84,13.41,123.27,347.85,83.2,100.5,8.99,4.091
2042-08-05,20.16,12.46,242.39,317.61,65.9,100.6,0.28,3.429
2042-08-06,21.38,14.12,237.97,339.44,69,100.1,0.82,4.594
2042-08-07,18.95,11.83,212.98,318.73,65.3,101,0.04,2.062
2042-08-08,21.01,10.44,229.63,316.01,68.6,100.8,0.05,1.648
2042-08-09,19.83,13.89,191.14,337.42,80.3,99.9,7.13,0.834
2042-08-10,20.15,12.79,190.98,325.38,78.7,99.7,2.26,1.385
2042-08-11,22.38,11.6,248.86,316.79,79.6,100.1,1.93,0.521
2042-08-12,21.17,13.46,212.84,330.37,83.6,100.2,5.71,0.721
2042-08-13,21.77,14.1,249.19,324.99,80.5,100.5,2.78,1.208
2042-08-14,21.1,15.62,132.44,370.01,86.8,100.3,5.41,2.962
2042-08-15,21.41,14.84,146.65,372.11,85.3,100.1,7.59,2.243
2042-08-16,19.96,12.9,226.3,316.89,72.1,100.9,0.03,1.28
2042-08-17,21.33,10.51,251.51,303.98,70.8,101.6,0,0.489
2042-08-18,22.16,14.94,156.51,362.47,85,101.6,3.13,0.818
2042-08-19,22.18,14.05,257.55,321.44,74.6,101.9,0.18,1.672
2042-08-20,22.94,12.32,243.94,312.09,73.1,101.7,0,2.483
2042-08-21,20.91,14.31,187.68,328.77,70.4,101.4,0.06,3.677
2042-08-22,20.08,13.54,173.29,332.91,75.6,101.4,0.14,4.852
2042-08-23,21.99,15.86,87.95,368.73,87.9,100.9,4.63,3.942
2042-08-24,22.51,16.91,124.32,369.85,85,100.4,1.61,3.954
2042-08-25,20.98,13.81,217.41,326.83,71.7,100.3,0.18,3.181
2042-08-26,21.19,15.14,217.59,324.39,71.2,99.7,1.49,6.019
2042-08-27,21.71,14.13,233.53,309.22,69.2,101.1,0,4.758
2042-08-28,24.91,14.15,219.02,337.9,74.6,101.8,0.2,2.209
2042-08-29,25.87,16.45,233.83,343.58,71.5,101.6,0.22,0.564
2042-08-30,24.59,15.41,193.63,348.7,79.1,101.4,1.12,2.278
2042-08-31,22.8,14.42,203.01,327.35,74.7,101.7,0.57,1.948
2042-09-01,21.01,13.43,212.39,306.96,70.4,101.9,0,1.83
2042-09-02,21.17,13.15,176.11,326.85,82,102.1,1.17,1.431
2042-09-03,22.82,13.46,168.18,339.41,79.2,102.2,0.15,1.087
2042-09-04,21.94,14.38,151.43,344.01,78.1,102.4,0.08,1.827
2042-09-05,22.41,14.53,174.49,338.98,76.8,102.4,0.12,2.322
2042-09-06,24.24,15.32,182.75,346.96,76,102.3,0.57,2.211
2042-09-07,24.35,13.44,218.73,315.75,74.3,102.1,0,1.353
2042-09-08,24.43,12.38,225.12,308.42,73.2,101.9,0,0.296
2042-09-09,24.85,12.79,221.58,307.77,72.9,101.7,0,0.854
2042-09-10,24,12.11,174.28,333.97,77.8,101.7,0,1.891
2042-09-11,20.05,14.05,126.86,345.9,62,101.9,0.18,3.217
2042-09-12,22.95,14.02,186.21,335.6,59.2,101.5,0.83,2.993
2042-09-13,25.31,12.97,192.58,330.17,72.9,101.3,0.24,0.788
2042-09-14,26.44,13.41,174.57,346.6,77.1,101,0.28,0.38
2042-09-15,22.71,17.95,117.67,370.24,88.5,100.3,16.26,0.531
2042-09-16,23.46,16.32,134.5,358.15,84.7,99.9,1.88,1.378
2042-09-17,20.13,13.85,165.17,312.66,71.5,100.3,0.73,4.354
2042-09-18,19.22,13.05,118.59,321.1,71.2,100.3,2.85,4.854
2042-09-19,19.05,13.65,161.67,321.69,73.7,100.5,0.48,5.958
2042-09-20,19.21,16.43,34.85,364.42,85.8,100.4,3.17,4.753
2042-09-21,19.47,13.44,142.98,327.73,74.7,101.3,0.02,3.159
2042-09-22,18.29,12.17,50.7,352.6,92.3,100.9,2.15,0.903
2042-09-23,18.16,11.79,157.36,311.32,75.3,100.3,0.74,3.929
2042-09-24,17.21,10.32,132.81,299.65,78.2,100.1,0.42,1.352
2042-09-25,17.48,8.51,141.34,295.8,79.1,99.9,0.54,0.509
2042-09-26,16.09,9.75,148.75,300.91,74.6,101,0.97,1.121
2042-09-27,19.2,9.45,127.72,330.32,77,101.5,0.12,3.067
2042-09-28,19.43,15.14,106.53,361.3,86.8,101.6,0.48,1.583
2042-09-29,20.03,14.82,98.38,362.02,88,101.8,0.36,1.91
2042-09-30,18.3,12.79,96.76,342.52,82.9,101.9,0.41,1.464
2042-10-01,15.71,9.58,148.65,291.65,74.7,102.4,0.03,0.525
2042-10-02,17.06,9.17,90.26,333.46,84.8,102.2,0.3,2.673
2042-10-03,17.08,13.34,95.99,347.24,83.5,101.9,0.43,3.027
2042-10-04,18.01,12.45,98.7,340.18,78.9,101.5,0.06,2.493
2042-10-05,17.87,10.67,112.7,320.69,80.5,101.1,0.96,3.076
2042-10-06,13.92,5.82,126.83,277.54,65.4,101.8,0.03,0.873
2042-10-07,14.63,3.59,141.72,265.08,72.9,102.2,0,0.446
2042-10-08,16.43,6.28,118.04,299.37,75.7,101.9,0.05,0.443
2042-10-09,16.85,6.85,125.49,292.03,81.6,101.7,0,1.088
2042-10-10,16.91,10.36,80.51,323.19,77.6,101.2,0.2,1.849
2042-10-11,18.98,12.49,35.59,360.27,88.1,100,8.21,0.811
2042-10-12,20.45,15.77,71.2,359.47,89.9,99.7,4.36,1.053
2042-10-13,19.58,14.38,101.52,345.14,90.2,99.8,4.25,0.816
2042-10-14,14.8,10.89,72.73,342.55,69.8,101.2,0.59,3.238
2042-10-15,10.84,7.2,33.23,330.37,84.6,101.6,11.89,3.084
2042-10-16,13.47,7.9,93.02,315.1,71.7,101.9,0,1.333
2042-10-17,12.81,5.33,121.52,270.63,77.2,102.2,0,1.019
2042-10-18,12.99,3.53,118.36,268.21,83.2,102.3,0,0.473
2042-10-19,13.47,5.92,103.25,296.74,81.2,102.1,0.19,1.642
2042-10-20,12.3,7.12,71.45,308.74,85.9,101.9,0.59,1.97
2042-10-21,14.74,7.21,101.14,293.76,81.7,101.5,0.05,1.968
2042-10-22,16.27,6.92,92.94,308.58,84.3,101,0,1.471
2042-10-23,16.96,10.36,70.87,341.01,89.9,100.6,1.22,1.481
2042-10-24,18.02,10.35,46.08,345.06,94.1,100.8,8.27,1.089
2042-10-25,15.07,9.08,73.53,319.06,95,101.4,0.25,0.712
2042-10-26,15.34,12.26,37.44,362.26,95.6,101,0.7,2.713
2042-10-27,14.58,10.24,58.3,331.22,87.2,101.3,0.5,1.642
2042-10-28,12.6,9.42,60.43,324.05,79.7,101.5,0.17,1.753
2042-10-29,12.81,8.79,53.77,320.05,85.7,101.4,0.06,1
2042-10-30,16.45,10.97,59.78,326.69,86.5,100.8,0,1.652
2042-10-31,16.15,12.27,45.4,335.23,87.8,100.4,1.89,1.464
2042-11-01,15.85,13.57,30.96,344.36,89.1,99.9,3.78,1.71
2042-11-02,16.03,9.4,20.04,329.44,88.4,99,8.51,1.197
2042-11-03,15.67,9.27,54.35,319.05,87.6,99.5,1.6,1.711
2042-11-04,15.07,10.28,25.84,326.8,89.7,99.2,4.97,1.358
2042-11-05,15.44,9.04,74.11,303.8,82.3,100.3,0.04,1.869
2042-11-06,18.29,14.39,44.13,351.52,85.7,101.4,0.12,2.854
2042-11-07,17.78,13.38,62.27,336.69,86.2,102.1,0.04,1.816
2042-11-08,15.94,10.4,62.05,317.53,89.1,102,0.22,1.668
2042-11-09,14.77,10.11,43.52,347.37,92.9,101.7,0.32,1.565
2042-11-10,17.74,14.45,48.12,350.27,90.9,101.5,0.07,1.55
2042-11-11,17.59,14.07,43.37,351.11,88.4,101,0,1.855
2042-11-12,17.76,13.77,33.76,360.82,89.4,100.7,5.85,1.367
2042-11-13,13.88,11.84,12.5,332.34,93.7,101.2,2.91,0.703
2042-11-14,12.82,9.47,18.39,317.31,95.1,101.4,0.03,0.356
2042-11-15,12.2,5.12,55.94,288.07,92.9,101.6,0.08,0.688
2042-11-16,10.47,4.74,31.55,315.94,95.5,101.6,0.3,0.098
2042-11-17,12.34,8.58,58.74,300.27,90.6,100.9,0.04,1.884
2042-11-18,12.33,8.71,32.86,310.7,84.9,99.9,2.37,2.185
2042-11-19,11.72,6.49,44.09,284.94,71.3,101.5,0,3.083
2042-11-20,12.57,5.24,54.13,279.32,84.9,102.5,0,2.073
2042-11-21,11.69,6.06,40.44,284.89,89.1,102,0.03,0.807
2042-11-22,10.94,6.27,28.55,324.8,93.1,101.1,0.26,1.397
2042-11-23,12.1,9.38,16.98,340.95,97,101,1.22,0.713
2042-11-24,13.08,9.79,29.02,335.37,94.6,101,1.68,0.438
2042-11-25,11.58,10.05,15.03,346.42,96,101.5,8.57,0.876
2042-11-26,11.17,7.96,27.26,323.71,93.5,102.3,0.63,0.731
2042-11-27,10.32,7.7,23.41,329.14,90.1,102.4,1.07,2.688
2042-11-28,8.71,6.13,24,319.13,88.9,102.2,0.97,2.853
2042-11-29,7.37,4.34,30.61,304.24,86.1,102.1,0.52,2.516
2042-11-30,5.51,3.99,15.96,310.04,88.7,101.9,0.69,2.594
2042-12-01,5.12,3.27,24.51,301.14,87.2,101.8,0.15,1.294
2042-12-02,6.48,3.24,23.82,311.52,93.2,101.6,1.46,0.579
2042-12-03,5.93,3.82,27.29,311.14,97.7,102.1,0.2,0.424
2042-12-04,7.27,3.74,20.45,322.74,95.9,102.9,0.46,1.185
2042-12-05,9.87,6.97,17.76,331.99,95.5,102.7,0.41,1.928
2042-12-06,7.75,5.47,27.96,316.8,95.5,102.3,0.15,1.153
2042-12-07,11.71,7.5,14.3,341.97,96.5,101.6,0.65,1.377
2042-12-08,14.27,11.59,22.84,348.02,91.8,100.3,4.09,2.174
2042-12-09,13.32,9.85,39.59,295.77,86.4,99.9,0,1.623
2042-12-10,12.51,4.86,38.7,283.99,85,99.9,6.87,1.279
2042-12-11,11.74,6.6,10.78,319.67,83.5,98.5,2.88,4.563
2042-12-12,9.63,6.73,37.47,279.51,74,99.6,0,2.149
2042-12-13,10.26,6.1,35.5,283.74,73.3,99.5,0.12,3.669
2042-12-14,8.79,5.03,19.39,305.06,85.6,98.9,2.92,1.635
2042-12-15,6.3,4.4,12.68,296.67,91.9,98.9,1,0.786
2042-12-16,12.22,2.95,22.23,301.37,88.2,99.9,3.5,1.289
2042-12-17,13.03,6.12,36.5,278.89,73.5,99.6,4.67,6.033
2042-12-18,11.93,4.78,21.85,288.15,80.6,101.1,1.68,3.596
2042-12-19,8.84,4.48,39.16,258.77,65,101.8,0,4.091
2042-12-20,13.98,6.35,18.81,322.5,86,100.7,4.05,2.521
2042-12-21,7.24,4.47,23.36,292.86,85.1,99.8,8.61,2.328
2042-12-22,7.06,3.25,27.66,280.08,84.1,99.3,0.08,1.469
2042-12-23,6.07,0.91,21.96,296.18,94.7,98.9,1.56,0.763
2042-12-24,5.73,-0.69,28.16,281.63,87.9,99.7,0.09,1.474
2042-12-25,6.53,0.37,27.11,272.06,85.6,101.7,0,1.262
2042-12-26,7.44,-0.93,31.77,281.76,89.6,102.7,0,1.871
2042-12-27,9.64,6.8,26.54,320.2,91.9,102.7,0.1,2.439
2042-12-28,9.35,5.97,26.45,315.73,91.8,102.6,0.12,1.716
2042-12-29,9.68,6.02,27.53,312.15,92.4,102.1,0.28,1.914
2042-12-30,11.22,7.83,29.83,313.98,87.2,101,0.08,2.524
2042-12-31,10.85,7.26,19.85,319.58,88.8,100.3,11.68,2.197
2043-01-01,10.48,6.7,9.86,329.29,90.5,99.6,23.29,1.888
2043-01-02,6.67,1.3,24.09,267.8,82.7,99.6,1.47,3.776
2043-01-03,6.56,-1.62,35.53,245.73,82.7,101.1,0.07,3.027
2043-01-04,4.06,-3.06,43.89,221.94,86.3,101.7,0,0.667
2043-01-05,4.06,-1.82,40.26,227.39,83.3,101.3,0,1.197
2043-01-06,6.68,0.53,34.02,260.28,88.6,100.7,0.73,2.227
2043-01-07,4.99,1.76,11.38,294.3,93,101.1,9.18,0.809
2043-01-08,6.08,4.07,8.79,322.63,93.6,101.3,6.76,3.504
2043-01-09,6.04,4.29,18.05,317.6,88,100.6,1.48,2.985
2043-01-10,11.46,6,18.99,330.4,94.3,99.6,7.33,1.262
2043-01-11,11.36,7.57,37.43,293.88,85.3,100.2,0.06,3.416
2043-01-12,12.24,8.87,35.92,301.78,86.9,101.3,0,2.202
2043-01-13,10.84,8.32,17.66,333.73,95.2,101.1,0.75,1.319
2043-01-14,9.29,7.94,16.69,337.26,97,100.5,0.7,1.989
2043-01-15,9.68,7.69,17.26,336.79,95.2,100.2,7.21,3.057
2043-01-16,11.19,8.3,18.17,340.53,94.8,100.4,7.46,3.409
2043-01-17,9.66,8,29.03,334.78,94.6,101.1,1.74,3.264
2043-01-18,10.95,4.07,26.86,306.08,95,101.2,2.04,1.237
2043-01-19,8.72,3.91,25.86,317.55,96.4,101.5,0.44,0.783
2043-01-20,9.21,6.42,32.21,314.66,90.4,101.3,0.31,1.67
2043-01-21,12.72,6.38,5.85,319.46,84.4,98.8,28.35,2.778
2043-01-22,7.71,4.65,26.66,267.38,81,98.2,0,2.959
2043-01-23,7.38,3.19,44.39,255.13,77.1,99.3,0.3,4.308
2043-01-24,6.6,3.24,39.45,274.78,79.3,100.6,0.66,4.241
2043-01-25,11.96,2.83,25.51,300.65,91.6,100.6,0.64,1.969
2043-01-26,12.44,6.81,39.09,308.93,75,99,1.88,5.967
2043-01-27,9.27,6.4,35,300.58,67.1,100.2,0.17,8.154
2043-01-28,10.38,7.64,50.18,300.24,84.9,101.7,0.57,4.501
2043-01-29,10.41,4.87,25.75,292.44,82.6,101.2,2.45,3.596
2043-01-30,7.45,3.99,46.32,280.09,83.4,101.2,1.51,2.921
2043-01-31,7.07,2.35,35.14,283.98,88.3,101.4,0.72,1.787
2043-02-01,8.07,2.05,68.47,279.24,85,102.7,0.12,0.193
2043-02-02,7.47,3.41,58.75,284.07,78.7,102.7,0.07,1.063
2043-02-03,8.61,4.55,42.72,293.25,81.1,101.9,2.86,3.35
2043-02-04,9.81,4.56,55.35,295.12,81.6,101.8,0.12,4.916
2043-02-05,10.8,3.69,37.27,290.7,74.3,100.3,2,6.022
2043-02-06,5.57,2.46,57.95,279.18,72.1,100.6,5.12,5.071
2043-02-07,4.88,0.88,64.51,253.78,58.6,100.7,0.29,3.36
2043-02-08,5.18,0.81,76.7,248.85,61.9,101,0,2.784
2043-02-09,7.48,0.47,49.58,278.27,82.4,101.5,0.34,3.594
2043-02-10,11.99,7.62,53.37,317.75,82.8,100.7,0.15,6.668
2043-02-11,8.29,4.21,46.25,288.87,76.2,100,0.35,5.376
2043-02-12,6.67,2.34,59.89,276.06,80.5,99,0.82,1.915
2043-02-13,6.62,0.67,75.83,267.27,83.8,99.6,0.12,0.845
2043-02-14,5.64,-0.3,55.82,269.78,78.3,101.5,0.16,1.037
2043-02-15,5.85,-2.41,100.38,226.26,78.1,102.6,0,0.576
2043-02-16,6.13,-2.47,103.93,235.05,83.8,103,0,0.156
2043-02-17,5.03,-2.41,69.27,265.93,82.1,102.4,0.07,0.55
2043-02-18,8.79,1.06,76.07,280.25,81.7,101.6,0.75,1.96
2043-02-19,10.22,1.62,61.4,289.6,82.4,101,0.18,2.48
2043-02-20,8.2,3.02,70.88,285.91,79.7,100.9,0.03,3.03
2043-02-21,13.23,4.95,53.27,322.68,86.5,100.8,4.81,4.075
2043-02-22,8.67,3.21,77.74,279.91,80.6,99.6,1.81,4.689
2043-02-23,7,3.53,55.85,300.84,85.1,99.4,2.26,3.326
2043-02-24,7.77,3.95,62.73,298.86,73.8,100.7,0.27,2.105
2043-02-25,7.23,2.9,82.93,279.63,74.9,100.6,0.04,1.081
2043-02-26,8.2,2.54,70.18,281.4,79.7,100.2,1.52,5.328
2043-02-27,8.38,4.87,87.31,288.77,76.1,100.6,2.61,3.525
2043-02-28,8.68,5.64,69.36,306.91,77.2,101.6,0.09,1.99
2043-03-01,11.39,7.36,63.29,330.29,91.3,102,1.15,2.186
2043-03-02,11.35,7.24,103.95,303.14,83.5,102.3,0.05,3.629
2043-03-03,9.2,6.18,62.24,306.42,73.8,102.1,0.12,5.156
2043-03-04,11.89,6.41,76.02,317.8,84,101.9,0.57,4.961
2043-03-05,11.88,8.22,97.85,316.02,79.8,102.1,0.2,4.127
2043-03-06,11.92,7.57,85.49,316.75,74.9,101.4,0.23,5.576
2043-03-07,8.58,6.47,76.52,312.34,73.1,99.7,3.23,7.209
2043-03-08,8.61,4.92,83.84,294.71,71.7,99.9,0.46,2.534
2043-03-09,6.08,-0.24,102.02,263.66,71.6,99.9,0.93,2.191
2043-03-10,6.81,-0.91,76.62,283.07,84.8,100,0.56,0.712
2043-03-11,10.2,2.98,115.31,275.41,73.9,100.8,0.03,1.934
2043-03-12,10.83,2.34,167.19,237.77,64.4,100.7,0,2.752
2043-03-13,13.22,0.53,163.85,252.25,76.2,100.5,0,2.252
2043-03-14,11.58,3.33,98.27,301.7,77.5,100.3,0.05,1.933
2043-03-15,12.79,5.13,116.91,305.69,83.9,100.5,0.73,1.613
2043-03-16,13.67,7.74,45.3,338.3,88.7,100.6,4.51,4.547
2043-03-17,16.91,11.69,129.89,334.65,84.5,101.2,0,4.503
2043-03-18,14.3,7.88,111.35,311.37,69.7,101.7,0.79,5.4
2043-03-19,11.74,6.82,122.65,310.89,70.9,102,0.04,5.775
2043-03-20,13.37,8.71,112.82,320.98,78.6,101.6,0.08,4.289
2043-03-21,12.18,6.47,107.86,308.91,81.7,101.2,1.11,1.605
2043-03-22,8.54,4.67,77.05,310.9,83.4,101.4,4.1,2.537
2043-03-23,9.86,2,162.49,253.23,65.5,101.1,0,1.861
2043-03-24,8.66,-0.1,170.13,256.66,70.2,101,0.08,1.096
2043-03-25,11.41,4.32,110.89,299.83,72.8,101.7,0.12,1.015
2043-03-26,9.6,5.64,64.95,310.54,81.8,101.4,3.07,1.704
2043-03-27,15.79,8.31,90.87,343.81,90.7,100.5,2.25,0.772
2043-03-28,16.42,10.22,116.58,338.85,87.9,100.4,1.96,1.065
2043-03-29,12.48,6.53,135.35,296.27,72.9,99.7,0.68,3.041
2043-03-30,11.66,6.04,136.36,292.85,64.8,99.8,0.3,1.277
2043-03-31,10.4,6.05,92.05,308.32,81.5,99.2,4.07,1.783
2043-04-01,8.57,4.35,105.35,283.87,78.8,100.1,3.88,4.513
2043-04-02,10.35,4.85,121.92,280.54,72.8,100.9,0.62,4.592
2043-04-03,10.83,4.08,145.64,280.29,69.9,100.9,0.08,2.049
2043-04-04,11.16,3.04,150.26,270,69.3,101,0.21,2.424
2043-04-05,9.13,5.57,153.1,294.74,62.4,101.9,0.05,1.647
2043-04-06,8.93,3.15,159.26,284.34,63.4,102.2,0.11,0.775
2043-04-07,9.23,5.45,81.53,314.92,78.2,100.8,6.85,1.768
2043-04-08,7.73,4.97,61.3,315.99,93.5,99.1,8.93,0.785
2043-04-09,9.44,4.18,101.08,300.92,87.5,100.2,2.8,1.331
2043-04-10,10.54,4.11,129.23,301.49,83.8,100.4,2.85,1.315
2043-04-11,11.66,2.64,173.4,276.62,68.5,101.5,0.08,0.307
2043-04-12,11.46,6.16,84.29,318.52,84,100.8,0.46,1.165
2043-04-13,13.86,7.8,128.56,308.26,79.7,99.3,7.03,1.778
2043-04-14,12.9,7.49,149.36,299.92,70.8,99,1.33,2.62
2043-04-15,11.08,7.09,146.17,300.5,81,98.5,4.11,1.053
2043-04-16,13.5,7.09,146.9,309.52,76.6,98.7,1.53,2.244
2043-04-17,10.95,8.34,104.26,312.63,85.1,98.3,4,3.069
2043-04-18,14.73,8.33,167.13,312.79,76.6,98.3,2.3,3.103
2043-04-19,12.96,7.81,151.81,307.26,80.7,99.2,7.19,1.351
2043-04-20,12.53,4.13,167.73,282.47,79.1,100,0.4,0.358
2043-04-21,15.86,2.19,219.9,281.15,70,100.7,0.06,1.627
2043-04-22,11.43,8.23,87.13,327.21,86.8,100.6,7.84,3.366
2043-04-23,11.91,6.08,119.19,323.92,83.3,101,3.92,3.585
2043-04-24,12.16,5.98,173.93,305.51,62.4,101.9,0.21,2.322
2043-04-25,13.12,3.95,176.43,299.02,69.9,102.3,0.06,0.629
2043-04-26,14.04,5.31,169.98,299.05,76.5,102,0.03,0.904
2043-04-27,14.57,4.88,172.02,295.46,72.8,101.1,0.03,0.425
2043-04-28,14.55,7.53,139.82,312.93,77.8,100.3,0.23,3.003
2043-04-29,15.53,9.06,196.84,321.33,72.9,100.3,2.06,1.912
2043-04-30,17.73,11.16,206.9,332.95,79.4,100.5,2.34,1.957
2043-05-01,19.16,9.92,237.75,315.22,75.6,100.6,0.2,1.541
2043-05-02,18.84,9.95,191.02,318.37,77.4,100.7,0.3,1.526
2043-05-03,19.37,9.9,200.94,314.76,76.1,101,0,0.683
2043-05-04,21.37,10.81,224.87,333.18,78.3,100.7,10.21,1.517
2043-05-05,21.47,13.71,235.43,341.4,76.4,99.9,7.56,2.262
2043-05-06,18.42,11.7,192.48,327.22,76.8,100.3,0.84,1.105
2043-05-07,15.81,12.45,99.42,353.26,92.6,100,10.2,1.368
2043-05-08,16.93,11.71,149.11,343.13,77.5,100.1,0.38,2.81
2043-05-09,13.62,10.06,98.41,330.75,77.6,100.1,1.03,3.044
2043-05-10,14.33,7.81,164.95,313.26,77.9,101.2,2.86,2.124
2043-05-11,17.09,5.86,259.84,288.17,69.8,101.8,0,3.266
2043-05-12,13.83,10.8,199.38,311.89,71.9,101.5,0.38,4.782
2043-05-13,13.52,6.29,215.07,286.26,61.5,102.1,0.1,3.079
2043-05-14,15.96,5.19,180.34,310.89,73.5,102.2,0.38,3.927
2043-05-15,19.18,11.52,211.79,335.33,81.8,102.2,0.6,0.38
2043-05-16,21.62,11.27,217.76,335.95,76.7,102.3,0.03,0.62
2043-05-17,22.76,10.63,276.53,312.57,76.3,102.4,0,0.159
2043-05-18,18.4,10.19,291.85,292.66,74.5,101.8,0,2.103
2043-05-19,13.38,9,190.21,303.23,62.7,101,0.36,3.149
2043-05-20,14.83,10.03,173.75,313.84,65.3,100.7,0.05,3.34
2043-05-21,14.73,8.84,224.52,306.77,64.5,100.3,0.05,3.483
2043-05-22,14.06,8.44,112.64,321.53,75,99.6,2.05,0.786
2043-05-23,12.16,7.52,87.43,325.3,88.6,99.1,11.38,1.903
2043-05-24,14.94,8.44,191.9,304.12,78.7,99.4,3.31,1.755
2043-05-25,16.63,7.79,208.05,302.96,71.4,100.4,0.36,2.493
2043-05-26,18.13,5.85,254.83,287.75,72,100.9,0.6,0.86
2043-05-27,17.23,9.03,303.91,283.74,69,101.2,0,2.455
2043-05-28,16.99,9.25,245.84,304.19,71.9,101.7,0.03,3.057
2043-05-29,17.26,9.57,147.42,339.57,85.3,101.5,2.75,2.507
2043-05-30,19.51,10.88,266.13,320.7,74.3,101.5,0.08,1.344
2043-05-31,18.4,9.54,240.42,311.61,74.5,101.5,0.06,1.245
2043-06-01,17.29,8.19,214.54,302.44,74.8,101.6,0.04,1.15
2043-06-02,18.16,9.92,224.99,324.26,73.8,101.5,0.24,1.212
2043-06-03,17.31,9.58,190.56,320.01,74.1,101.4,1.82,0.73
2043-06-04,17.75,7.95,241.46,303.54,77,101.3,2.8,1.299
2043-06-05,16.79,9.6,209.68,315.84,82.1,101.2,3.51,0.297
2043-06-06,17.33,10.98,186.39,330.45,79.7,100.5,6.59,1.242
2043-06-07,17.37,8.18,241.63,297.04,75.9,100.2,1.39,0.913
2043-06-08,19.79,6.82,278.75,301.38,63.9,100.3,0.05,0.853
2043-06-09,21,12.72,263.48,329.7,69.9,100.3,0.04,1.807
2043-06-10,21.48,13.28,195,349.78,77.7,100.8,2.45,1.036
2043-06-11,24.04,12.65,222.67,350.93,72.5,100.7,2.43,1.949
2043-06-12,19.47,13.63,139.2,358.71,82.4,100.5,15.74,0.409
2043-06-13,21.23,12.88,199.38,339.6,73.8,100.6,3.21,3.855
2043-06-14,19.84,12.08,299.36,303.09,73.8,101.2,2.35,3.603
2043-06-15,18.91,11.31,290.52,306.92,72.2,101.7,0.19,2.856
2043-06-16,22.39,13.43,297.23,327.67,73,102.2,0.6,1.252
2043-06-17,20.78,12.73,279.56,324.75,75.8,102.2,0.06,0.921
2043-06-18,21.2,12,228.63,335.16,77.1,102,1.04,0.793
2043-06-19,21.93,11.5,259.57,325.87,74.9,101.9,0,0.858
2043-06-20,22.24,14.41,193.74,356.79,83.1,101.9,1.58,0.552
2043-06-21,24.78,14.19,324.34,329.05,76.4,102,0,1.346
2043-06-22,20.53,13.96,277.55,331.64,75.3,101.9,0.08,2.882
2043-06-23,21.37,14,316.18,315.84,73.7,101.9,0,2.457
2043-06-24,22.55,13.67,328.83,312.29,72,102.2,0,2.344
2043-06-25,22.38,14.19,296.5,330.98,77.3,102.6,0.09,1.796
2043-06-26,24.9,15.13,307.09,338.48,76.9,102.5,0.03,1.292
2043-06-27,25.36,13.27,320.7,326.02,70.5,101.9,0,3.088
2043-06-28,23.71,15.29,254.76,357.86,79.6,100.8,5.41,4.18
2043-06-29,18.75,12.3,223.76,317.54,66.7,100.8,0.42,3.134
2043-06-30,15.74,11.07,204.91,303.3,68.3,100.9,5.23,3.051
2043-07-01,18.07,9.92,170.9,310.33,65.5,100.4,0.13,0.051
2043-07-02,17.68,10.44,233.56,306.86,62.8,100.9,0.05,1.624
2043-07-03,16.18,10.99,185.21,320.9,67.8,101,3.14,2.656
2043-07-04,18.62,10.65,216.87,317.54,73.7,100.9,1.35,3.924
2043-07-05,20.48,14.74,300.37,324.09,71.8,100.1,0.23,5.162
2043-07-06,20.36,11.77,243.46,322.59,71.3,100.2,0.55,3.068
2043-07-07,22.22,10.22,247.53,320.19,71.5,100.7,0.35,1.805
2043-07-08,18.08,13.84,92.25,357.19,92.3,100.2,18.48,0.754
2043-07-09,21.28,12.88,251.86,322.06,72.3,100.8,0.33,1.769
2043-07-10,21.84,10.28,252.07,320.37,73,101.2,0.71,0.656
2043-07-11,22.64,14.02,170.13,366.97,80.3,100.9,3.21,1.412
2043-07-12,23.6,16.89,187.48,367.96,76,100.7,0.37,1.643
2043-07-13,24.62,14.66,285.09,342.93,76,100.6,2.54,0.947
2043-07-14,24.94,15.7,278.72,337.52,71.8,101,0.45,1.764
2043-07-15,24.33,13.75,303.53,319.92,75.4,101.3,4.78,0.673
2043-07-16,24.25,13.31,287.54,321.63,71.1,101.3,0.27,1.888
2043-07-17,25.03,13.46,312.64,315.02,70.1,101.6,0,1.51
2043-07-18,27.23,14.31,328.1,316.59,64.8,101.3,0.06,1.082
2043-07-19,27.61,15.31,293.13,343.07,74.4,100.8,0,0.836
2043-07-20,24.46,17.33,198.34,361.41,81,100.3,8.39,2.006
2043-07-21,20.8,15.57,216.22,348.99,79.6,99.8,11.05,3.828
2043-07-22,20.32,15.09,240.52,328.23,69,100.6,0.31,5.333
2043-07-23,20.48,13.39,239.57,316.81,68,101,0.05,2.897
2043-07-24,22.1,12.16,258.67,314.2,71.1,101.4,0.15,1.242
2043-07-25,25,12.99,248.28,336.28,74,101.4,0.06,2.002
2043-07-26,27.8,15.53,280.64,347.41,73.1,101.1,0.04,1.532
2043-07-27,25.37,17.09,251.41,348.13,75,101,0,2.552
2043-07-28,25.7,16.38,269.91,339.32,75,101.4,1.58,1.323
2043-07-29,28.32,14.05,313.34,322.58,65,101.7,0,0.446
2043-07-30,28.44,16.85,289.91,342.4,69.4,101.4,1.99,0.525
2043-07-31,26.46,16.46,286.36,336.66,71.2,101.4,1.03,1.435
2043-08-01,24.48,16.07,282.84,331.09,73,101.3,0.07,2.387
2043-08-02,24.1,15.57,282.04,325.27,71,101.4,0,2.147
2043-08-03,26.72,15.46,252.46,343.69,72,101.4,0.06,1.094
2043-08-04,29.04,15.83,277.44,343.13,68.8,101.4,0.1,1.361
2043-08-05,22.5,15.45,209.53,330.19,71.8,101.8,0.05,2.299
2043-08-06,25.29,14.63,250.09,330.62,62.7,102,0.06,0.611
2043-08-07,29.02,16.8,279.65,341.22,59.6,101.5,0,0.949
2043-08-08,23.38,17.46,261.95,336.54,67.9,101.2,0.07,4.093
2043-08-09,25.55,16.56,224.01,357.7,76.2,100.9,0.07,5.142
2043-08-10,22.48,16.56,244.69,329.21,67.8,100.9,0.05,5.544
2043-08-11,24.23,15.35,189.48,355.54,74.2,101,1.62,1.948
2043-08-12,25.68,14.26,204.38,340.97,74.4,100.6,1.27,2.255
2043-08-13,21.35,14.51,228.3,317.58,65,100.1,0.11,6.22
2043-08-14,20.22,13.62,218.69,314.78,60.1,100.9,0.03,5.323
2043-08-15,23.62,13.25,245.98,323.81,66.1,101.2,0,4.106
2043-08-16,23.09,15.84,233.45,338.82,69.8,100.4,0.17,5.556
2043-08-17,20.44,14.08,176.27,326.69,72.2,100.1,0.57,4.673
2043-08-18,22.3,15.16,152.77,358.12,77.8,100.3,3,2.289
2043-08-19,16.41,13.47,61.57,351.44,90.4,100,11.26,0.576
2043-08-20,16.89,12.92,126.7,351.3,81.3,100.5,3.91,1.598
2043-08-21,19.09,11.46,183.2,316.99,69.3,101.6,0,1.066
2043-08-22,21.59,12.63,201.11,322.5,67.8,101.9,0,1.342
2043-08-23,22.48,12,199.82,325.01,76.8,102.1,0,1.118
2043-08-24,24.46,15.09,182.37,359.1,79.8,102.1,0.04,1.31
2043-08-25,26,17.53,183.15,371.45,80.3,102.1,0.08,0.691
2043-08-26,28.05,18.29,209.17,367.94,75.9,101.8,0.49,0.301
2043-08-27,28.84,17.67,214.4,357.06,75.3,101.6,0.38,1.123
2043-08-28,28.38,17.14,244.34,340.9,68.8,101.6,0,1.829
2043-08-29,30.68,16.25,239.8,344.47,67.9,101.6,0,0.634
2043-08-30,30.19,17.25,226.77,340.05,61,101.4,0,0.995
2043-08-31,26.59,15.36,232.48,318.8,60.5,101.8,0,0.895
2043-09-01,23,13.48,238.17,296.63,60,102.2,0,1.131
2043-09-02,23.36,10.02,238.3,289.48,67,102,0,0.732
2043-09-03,25.7,12.23,237.81,306.23,53.2,101.2,0.12,0.992
2043-09-04,22.31,16.85,192.92,335.02,72.3,100.9,0.27,3.908
2043-09-05,20.09,12.7,168.42,310.24,66.2,101.4,0.1,3.624
2043-09-06,18.5,10.82,223.72,281.98,56,102.3,0,1.634
2043-09-07,20.42,9.91,177.64,308.1,64.6,102.6,0.06,2.079
2043-09-08,21.7,9.29,203.6,294.9,70.7,102.3,0,1.226
2043-09-09,21.42,8.81,178.22,310.07,73.9,101.7,1.14,2.218
2043-09-10,18.59,12.35,143.61,311.98,72.1,101.4,0.31,3.039
2043-09-11,18.89,10.05,161.87,304.86,69,101.9,0.05,1.725
2043-09-12,20.77,11.93,161.98,330.03,72.5,101.9,0.2,4.042
2043-09-13,20.19,12.26,174.94,312.39,71.8,101.9,0.04,3.572
2043-09-14,22.94,13.95,133.63,348.04,75.6,101.6,0.02,3.177
2043-09-15,22.29,14.63,178.63,336.64,74.9,101.5,0.04,3.985
2043-09-16,24.34,16.6,115.37,369.84,82.2,101.8,0.48,2.334
2043-09-17,25.47,15.15,155.69,350.78,80.5,102.2,0,1.015
2043-09-18,28.05,14.24,178.65,347.76,76.8,102.5,0.12,0.643
2043-09-19,28.98,15.49,191.07,339.74,68.8,102.6,0,0.943
2043-09-20,29.53,16.29,183.74,337.53,63.9,102.2,0,1.166
2043-09-21,24.72,13.64,151.31,338.9,78.4,101.9,0,1.596
2043-09-22,23.26,13.5,128.31,351.74,76.6,101.9,0.2,1.049
2043-09-23,26.86,14.66,180.84,333.05,73.9,101.5,0,0.578
2043-09-24,28.29,12.26,181.74,322.92,69.5,101.4,0,1.097
2043-09-25,23.08,13.33,129.07,333.61,78.7,101.5,0.07,2.04
2043-09-26,20.61,13.14,143.2,316.33,72.6,101.2,0,3.792
2043-09-27,18.85,12.68,131.83,325.27,73,100.8,0.76,3.899
2043-09-28,13.1,10.64,47.99,332.41,90.1,100.3,5.66,0.168
2043-09-29,17.24,7.74,119,293.84,72.1,100.3,0.05,2.526
2043-09-30,19.05,9.65,107.72,325.11,75.9,99.7,2.26,2.726
2043-10-01,15.63,10.23,100.8,290.48,64.9,98.8,1.52,8.156
2043-10-02,15.73,11.04,92.15,302.96,65.7,99.2,2.63,5.91
2043-10-03,13.64,8.96,81.05,305.28,75.6,99.3,1.39,4.104
2043-10-04,15.3,6.63,98.03,288.92,72.2,100.4,0.06,1.776
2043-10-05,15.92,5.66,104.65,295.03,80.5,100.4,0.42,2.711
2043-10-06,17.02,10.39,61.45,325.71,79.9,100.5,2,3.594
2043-10-07,15.4,11.26,106.67,309.46,71.1,100.1,6.13,4.57
2043-10-08,16.72,8.96,112.3,287.87,71.5,101.9,0,4.053
2043-10-09,16.8,6.76,125.76,297.07,74.7,102.2,0.06,0.889
2043-10-10,18.68,10.4,104.38,306.17,79.8,101.3,0.2,1.539
2043-10-11,17.94,8.24,119.24,295.82,78,101.3,0.04,3.262
2043-10-12,16.28,12.78,26.07,348.92,90.5,100.2,46.08,2.833
2043-10-13,15.19,10.09,102.87,305.62,78.6,100.5,0.71,2.995
2043-10-14,19.43,10.99,26.06,369.24,90.7,100.1,7.29,2.731
2043-10-15,21.41,16.83,51.65,376.97,88.5,100,0.69,2.819
2043-10-16,18.36,13.77,74.58,341.3,83.9,100.5,0,2.839
2043-10-17,15.13,10.75,96.75,314.68,77.8,100.8,5.37,3.334
2043-10-18,15,10.08,71.3,306.79,80.2,101.7,0,3.862
2043-10-19,17.91,12.31,82.31,334.61,82.7,101.5,0.04,3.677
2043-10-20,17.73,14.86,72.89,353.92,80.5,100.6,2.19,5.027
2043-10-21,16.3,11.23,94.47,297.9,70.4,101.2,0.04,4.759
2043-10-22,13.69,8.92,70.87,294.62,68.1,100.9,0.59,5.011
2043-10-23,13.5,7.41,89.61,271.75,70.9,100.8,0.03,4.142
2043-10-24,13.16,6.43,69.44,299.53,73.2,100.6,0.04,1.508
2043-10-25,17.18,11.46,62.04,343.65,83.5,99.2,3.89,2.348
2043-10-26,15.65,9.26,83.88,302.61,84.5,99.7,1.25,1.701
2043-10-27,16.97,11.54,30.27,350.65,92.3,99,8.05,1.539
2043-10-28,15.35,12.04,43.34,334.86,91.2,99,0.62,0.862
2043-10-29,15.54,10.9,76.81,315.08,79.3,98.8,4.31,3.177
2043-10-30,17.79,11.21,38.1,337.15,85.8,98.8,11.04,4.06
2043-10-31,15.19,10.16,31.76,324.84,87,99.2,6.1,3.074
2043-11-01,12.58,9.11,25.4,314.81,88.3,99.6,1.16,2.104
2043-11-02,10.63,3.71,58.27,280.2,76.1,100.9,0.03,0.962
2043-11-03,8.67,3.52,73.23,263.76,72.8,101.4,0,1.135
2043-11-04,9.71,4.49,51.79,300.95,76.8,102.5,0.09,0.707
2043-11-05,9.94,4.21,52.29,300.41,81,102.7,0.16,0.329
2043-11-06,9.7,4.1,72.55,266.45,82.8,101.7,0,0.788
2043-11-07,9.58,4.83,50.87,299.81,88,100.9,0.11,1.014
2043-11-08,14.08,6.39,69.33,317.82,90.1,100.2,0.43,1.795
2043-11-09,16.54,13.47,57.52,343.7,86.6,98.9,0.67,3.193
2043-11-10,14.81,9.14,60.98,299.64,78.7,97.7,12.26,2.01
2043-11-11,13.72,8.39,68.02,281.15,80.8,98.5,0.25,2.767
2043-11-12,12.05,8.4,29.62,318.97,93.6,99.1,6,1.037
2043-11-13,12.25,6.43,52.1,303.92,93.2,99.4,0.69,1.592
2043-11-14,12.88,8.32,42.04,291.95,85.6,98.4,2.16,1.936
2043-11-15,13.17,8.87,55.09,296.01,76.1,98.5,0.14,3.083
2043-11-16,12.39,9.48,40.29,314.51,85.8,98.7,5.51,0.921
2043-11-17,11.09,8.99,27.8,319.84,85.4,99,33.53,4.687
2043-11-18,11.69,7.8,59.24,292.27,81.9,100.7,0.04,2.415
2043-11-19,16.18,10.78,33.87,351.76,92.4,100.3,18.3,1.471
2043-11-20,14.21,7.89,37.79,320.01,90.1,100.6,20.16,1.346
2043-11-21,11.46,7.02,55.79,278.02,78.5,102,0.37,3.687
2043-11-22,12.35,8.18,31.85,300.56,84.9,102.1,1.18,4.78
2043-11-23,13.16,10.53,49.33,311.97,82,101.3,1.51,5.083
2043-11-24,14.21,8.42,28.86,308.99,77.8,100.8,0.04,6.095
2043-11-25,14.21,8.41,37.41,321.41,81.8,101.3,0.13,5.563
2043-11-26,12.06,9.96,37.87,319.68,81.8,101.6,0.08,3.874
2043-11-27,14.11,10.74,17.15,349.1,88.2,100.5,2.58,1.99
2043-11-28,14.29,5.51,36.58,301.07,81.1,101.5,3,2.311
2043-11-29,9.88,4.23,24.69,299.57,83.4,102,3.64,2.001
2043-11-30,15.83,9.93,27.51,341.43,92.2,100.2,1.45,1.763
2043-12-01,13.2,10.15,9.83,338.23,93.9,99.7,9.49,1.07
2043-12-02,12.08,4,35.53,296.54,83.3,100.1,5,2.127
2043-12-03,11.83,5.87,19,314.8,88.8,99,8.52,2.354
2043-12-04,11.74,8.09,34.55,289.65,79,99.1,1.84,6.617
2043-12-05,13.45,8.1,32.01,315.81,87.3,100.6,2.36,2.834
2043-12-06,13.13,7.07,42.08,288.89,76.9,100.3,5.59,5.429
2043-12-07,9.95,6.56,40.34,274.94,76,101.7,0,4.021
2043-12-08,11.74,7.68,16.95,332.95,93.4,101.2,3.3,0.834
2043-12-09,14.58,7.69,24.32,328.74,76.1,100.5,2.61,4.747
2043-12-10,9.27,6.92,20.28,310.42,76.7,101.3,0.17,1.52
2043-12-11,13.75,8.23,18.88,341.86,92.6,100.8,1.9,1.599
2043-12-12,13.78,6.13,33.23,310.29,75.9,101.7,5.64,3.781
2043-12-13,9.59,5.22,24.78,300.74,76.1,102.4,0.06,2.076
2043-12-14,8.19,4.15,24.23,294.54,82.6,101.6,2.09,2.582
2043-12-15,7.53,2.96,30.99,277.12,80.8,102.1,0,2.494
2043-12-16,8.66,4.19,12.01,312.31,83.7,101.7,7.52,1.572
2043-12-17,8.94,6.28,17.25,316.15,81,100.8,0.61,2.341
2043-12-18,9.29,6.39,8.26,329.04,92.5,100.2,5.11,2.253
2043-12-19,8.3,4.07,23.11,304.7,97.3,101,0.18,0.599
2043-12-20,7.24,1.16,15.49,296.48,86.9,101.7,2.06,1.672
2043-12-21,4.15,-0.66,23.41,266.09,87,102,0,0.546
2043-12-22,3.46,-1.34,28.66,255.68,88.6,100.1,0.03,1.023
2043-12-23,1.14,-1.21,20.06,286.77,95.2,98.8,3.96,0.185
2043-12-24,4.03,-1.92,34.29,245.94,85.8,99.3,0,3.432
2043-12-25,2.55,-2.85,33.91,237.96,93.7,99.8,0,1.346
2043-12-26,4.23,-1.82,32.59,248.89,81.6,100.7,0,1.671
2043-12-27,5.67,-0.65,10.92,296.62,90,100,3.73,2.627
2043-12-28,2.64,0.68,7.01,308.37,95.5,98.5,20.9,4.03
2043-12-29,4.44,2.33,17.4,305.21,90.3,99.8,1.17,1.311
2043-12-30,3.73,0.65,23.65,285.76,92.7,100.8,0.86,0.832
2043-12-31,7.07,1.58,21.62,303.5,93.7,100.8,1.24,1.57
2044-01-01,10.4,2.51,19.58,328.6,94.8,100.9,1.62,2.313
2044-01-02,11.46,8.07,8.1,336.13,91.6,100.5,10.52,2.634
2044-01-03,9.84,6.47,24.92,294.16,83.6,100.4,0.87,2.043
2044-01-04,8.17,0.28,43.05,238.93,85.5,101.6,0,3.099
2044-01-05,6.37,-1.49,33.41,253,90.2,102.5,0,0.504
2044-01-06,5.68,-0.83,26.95,286.58,91.1,102.6,0.03,1.647
2044-01-07,6.18,3.73,20.73,289.02,84.4,102.3,0,1.739
2044-01-08,7.05,3.52,26.07,292.66,90.8,101.6,0,1.186
2044-01-09,11.74,6.77,22.46,326.63,92.9,101.1,0.45,1.408
2044-01-10,13.83,10.82,18.19,341.91,89.4,100.9,1.02,1.821
2044-01-11,11.02,7.23,9.18,331.22,95.7,101,9.36,0.353
2044-01-12,8.39,5.12,32.39,287.41,83.3,101.7,0.05,3.055
2044-01-13,9.01,4.34,20.42,296.58,81.1,101.6,2.35,2.949
2044-01-14,9.07,4.74,31.53,291.44,81.2,100.2,2.79,2.004
2044-01-15,9.67,6.19,32.77,299.26,70.5,97.7,4.29,7.359
2044-01-16,8.64,5.65,41.53,294.24,72.8,97.6,1.04,7.781
2044-01-17,6.62,3.35,45.8,255.92,74.5,97.9,0.05,4.505
2044-01-18,6.9,2.58,53.28,250.07,69.7,98.6,0.11,4.354
2044-01-19,6.3,2.11,49.81,263.05,78,99,0.84,4.156
2044-01-20,5.41,2.24,26.25,294.97,88.8,99.4,2.4,3.427
2044-01-21,4.74,1.6,22.45,289.86,90.5,100.3,1.61,1.04
2044-01-22,5.2,1.5,35.14,284.93,89.2,101,0.08,0.641
2044-01-23,4.33,0.21,32.73,282.42,88.6,101.3,0.4,1.088
2044-01-24,4.27,-2.08,41.79,261.25,86.6,101.3,0.03,0.511
2044-01-25,4.43,1.05,14.5,307.63,89.4,100.5,2.17,2.738
2044-01-26,8.5,3.62,51.87,286.72,88.2,99.2,15.45,2.306
2044-01-27,4.69,0.47,27.41,285.11,89.6,101.2,2.69,1.338
2044-01-28,10.62,-0.58,15.5,306.8,83.6,102.4,0.92,2.238
2044-01-29,11.01,6.96,46.47,311.38,84.9,101.8,2.12,3.635
2044-01-30,11.93,7.31,46.65,326.18,84.5,101.7,0.07,3.502
2044-01-31,11.35,7.91,42.68,322.12,86,101.1,0.88,2.506
2044-02-01,9.08,5.77,65.2,277.96,66.1,101.4,0.15,6.164
2044-02-02,10.07,5.31,61.5,281.06,77,102,0,3.389
2044-02-03,11.02,7.03,43.9,304.08,85.2,101.6,0.71,2.643
2044-02-04,12.12,4.89,43.19,294.85,85.6,101.6,0.08,2.756
2044-02-05,13.73,11.43,31.39,349.16,84.5,101.2,0.77,4.84
2044-02-06,12.9,9.64,64.2,307.26,80,102,0.04,3.13
2044-02-07,11.68,7.45,61.69,309.18,85.9,102.8,0.12,0.893
2044-02-08,7.45,4.89,46.37,311.77,92.4,103,0.39,1.193
2044-02-09,8.52,3.44,40.72,310.56,92.8,102.4,0.51,2.028
2044-02-10,10.52,6.12,49,306.49,94.5,102.3,0.06,1.49
2044-02-11,8.72,6.07,42.58,321.4,94,102.7,0.13,1.909
2044-02-12,7.37,2.58,65.51,279.21,84.7,103.2,0.18,2.719
2044-02-13,6.99,0.44,98.96,235.57,77.1,103.6,0,1.565
2044-02-14,8.11,-0.91,84.89,268.17,90.2,103.1,0.08,0.593
2044-02-15,9.66,2.34,87.71,286.81,87.8,102.3,0.23,0.665
2044-02-16,10.67,5.07,68.69,306.51,86.9,102.2,1.55,1.054
2044-02-17,8.72,1.19,92.97,247.69,81.7,103.3,0.02,1.151
2044-02-18,9,0.1,101.65,250.66,88.7,103.5,0,0.76
2044-02-19,8.89,-0.38,93.69,268.51,81.2,102.8,0.29,2.794
2044-02-20,9.31,5.08,79.02,290.68,73.9,102.6,0.07,3.524
2044-02-21,10.85,6.25,70.92,308.49,76.5,101.5,0.35,5.74
2044-02-22,9.28,6.21,62.47,300.46,80.2,100.6,0.75,5.755
2044-02-23,7.39,2.64,84.7,261.88,73.6,100,0.35,4.446
2044-02-24,5.83,-0.08,55.27,265.05,87.2,99.7,2.45,0.839
2044-02-25,5.91,-1.45,50.35,285.4,88.3,99.3,11.27,0.804
2044-02-26,4.83,1.21,68.54,296,86.8,98.8,10.31,1.192
2044-02-27,5.14,1.82,51.76,294.24,82.3,97,4.44,4.881
2044-02-28,8.3,3.92,94.19,277.19,71.2,98.3,0.53,4.075
2044-02-29,8.29,2.24,97.68,271.89,74.2,98.6,0.3,1.733
2044-03-01,8.28,0.56,101.16,269.84,77.1,98.9,0.07,0.549
2044-03-02,8.08,0.9,108.06,274.48,77.3,99.4,0.07,1.24
2044-03-03,5.59,1.14,65.91,278.34,86.2,100.6,1.6,0.631
2044-03-04,8.88,0.06,125.49,248.19,69.1,101.4,0,2.776
2044-03-05,7.59,3.1,48.46,292.62,84.1,101,1.94,2.125
2044-03-06,10.25,2.39,106.33,280.22,80.6,101.7,0.08,4.558
2044-03-07,9.97,3.74,40.63,306.1,86.6,100.1,5.48,5.249
2044-03-08,7.7,2.83,67.15,280.18,70.7,99.6,2.29,6.682
2044-03-09,8.01,3.2,95.19,286.49,69.8,100.1,2.87,2.727
2044-03-10,8.12,3.13,85.11,287.9,82,98.1,2.71,3.14
2044-03-11,5.64,2.34,57.23,290.85,82.1,97.9,5.82,5.023
2044-03-12,10.23,2.42,100.71,290.45,79,98.7,3.45,1.994
2044-03-13,6.07,4.49,22.33,311.34,92.6,98,18.86,2.083
2044-03-14,7.52,4.4,46.45,316.41,93.3,98.8,11.47,1.783
2044-03-15,7.47,3.33,66.39,299.06,74.2,100.6,1.09,2.888
2044-03-16,8.12,1.44,126.99,278.04,68.3,101.7,0.56,1.762
2044-03-17,9.28,4.74,94.57,300.28,77.4,101.2,0.36,5.089
2044-03-18,7.44,4.52,92.4,300.93,69.7,100.8,1.73,6.282
2044-03-19,9.53,3.72,89.22,304.85,79.8,100.9,2.18,3.282
2044-03-20,9.97,4.21,131.55,282.36,72.9,98.9,2.1,7.041
2044-03-21,8.42,2.97,108.64,285.93,80.8,98.6,2.71,4.138
2044-03-22,8.6,3.93,80.9,283.2,83.7,99,3.15,2.366
2044-03-23,8.55,3.25,90.95,305.42,86.1,99.3,1.46,0.722
2044-03-24,8,3.86,96.75,306.67,88.1,100.2,3.24,0.927
2044-03-25,9.24,3.93,98.35,308.52,86,100.6,2.42,2.187
2044-03-26,9.67,3.55,127.54,306.2,75.1,99.5,4.73,4.53
2044-03-27,8.03,3.76,83.83,312.89,84.6,98,15.91,0.918
2044-03-28,9.44,3.42,119.92,289.14,78,98.3,2.63,1.34
2044-03-29,9.16,3.31,88.59,292.35,86.6,98.4,4.04,1.818
2044-03-30,9.61,3.55,113.73,296.49,86.5,99.2,2.19,0.085
2044-03-31,9.24,3.76,108.22,292.28,84,100.1,2.83,3.643
2044-04-01,10.68,5.83,107.93,314.08,78.2,100.8,0.75,2.493
2044-04-02,11.51,5.95,71.58,321.33,86.4,100.8,6.46,1.699
2044-04-03,9.46,5.17,115.16,297.16,75,101.5,0.44,4.068
2044-04-04,9.94,4.66,107.9,299.38,75.8,101.7,0.16,2.987
2044-04-05,11.26,5.1,106.38,297.13,75.7,101.8,0.2,2.134
2044-04-06,11.61,2.28,229.42,244.07,66.7,102.1,0,0.186
2044-04-07,9.42,5.73,64.71,311.51,84.1,100.9,5.01,2.163
2044-04-08,11.93,5.62,172.33,286.15,76.8,100.4,1.56,3.591
2044-04-09,10.5,6.76,99.04,300.53,77.4,99.5,4.01,3.205
2044-04-10,10.13,5.45,142.26,286.77,62.8,99.2,1.18,4.803
2044-04-11,9.69,3.55,128.18,296.99,79,99.4,4.55,3.2
2044-04-12,10.33,5.29,111.23,298.48,82.1,100.1,2.93,0.733
2044-04-13,10.99,4.71,205.09,274.84,66,101.8,0.11,1.551
2044-04-14,13.12,3.76,213.82,274.11,69.8,102,0.56,1.129
2044-04-15,15.05,2.94,125.62,318.54,84,101.7,2.37,2.115
2044-04-16,11.98,7.71,124.21,323.56,83.7,101.8,1.27,0.233
2044-04-17,10.64,6.2,123.15,306.88,76.9,100.8,2.87,3.58
2044-04-18,9.55,4.9,135.98,296.86,67.9,100.2,2.93,4.653
2044-04-19,9.54,4.52,163.99,278.49,56.7,101.2,0.14,2.538
2044-04-20,9.76,3.88,151.77,289.18,63.8,101.9,0.19,1.823
2044-04-21,10.64,3.29,139.42,298.85,70.7,101.9,0.18,1.27
2044-04-22,10.58,5.04,103.51,313.77,83.4,102.3,1.53,1.332
2044-04-23,11.13,3.96,162.71,290.57,65.6,102.6,0.17,1.583
2044-04-24,11.7,5.81,125.59,318.36,74.1,102,0.85,0.811
2044-04-25,11.78,5.87,162.7,307.55,69.9,101.1,0.44,4.808
2044-04-26,9.59,5.16,142.04,301.71,58.3,100.1,0.83,5.36
2044-04-27,8.76,4.57,140.79,289.46,57.4,100.7,0.44,3.031
2044-04-28,9.64,3.13,188.56,279.74,58.9,101.4,0.21,2.709
2044-04-29,10.69,4.33,144.44,304.05,78.8,101.9,2.91,2.117
2044-04-30,13.7,5.55,211.31,296.11,75.3,101.8,0.05,4.866
2044-05-01,17.98,8.79,232.37,303.14,67.4,101.6,0,4.187
2044-05-02,17.47,9.44,212.4,308.78,79.4,100.8,0.06,6.303
2044-05-03,12.84,8.03,158.66,310.86,68.9,100.4,1.09,4.357
2044-05-04,12.42,6.03,197.32,290.08,72.1,100.3,6.59,3.521
2044-05-05,12.49,3.54,182.11,282.47,71.7,101.5,0.08,0.978
2044-05-06,14.35,4.32,150.41,312.94,67.6,101.7,0.08,1.113
2044-05-07,12.27,6.91,98.84,323.38,84.9,101,5.44,1.154
2044-05-08,12.99,6.57,163.6,311.3,77.1,100.9,3.53,1.961
2044-05-09,12.33,6.39,182.44,296.92,73,100.8,0.71,4.802
2044-05-10,13.25,5.55,176.08,292.67,71.2,101.3,0.12,2.934
2044-05-11,15.6,6.97,181.54,309.15,68.8,100.4,0.04,1.671
2044-05-12,14.22,10.84,89.51,341.21,87.6,99.5,10,2.444
2044-05-13,16.32,10.09,174.86,320.72,81.3,100.1,0.8,1.333
2044-05-14,21.56,12.38,167.66,352.83,85.7,100.3,4.21,1.811
2044-05-15,21.14,11.61,274.01,315.5,72.6,100.7,0.97,1.9
2044-05-16,18.72,9.4,184.48,323.81,80.7,100.4,3.49,0.506
2044-05-17,17.35,11.35,132.2,346.21,83.2,99.8,0.36,0.789
2044-05-18,18.01,10.11,122.13,340.19,91.3,99.3,15.3,1.576
2044-05-19,19.43,8.52,200.89,325.72,82.2,99.3,0.3,0.49
2044-05-20,15.36,10.5,131.08,336.12,79.4,98.9,1.31,4.913
2044-05-21,13.29,9.82,97.76,322.95,77,99.1,4.21,6.3
2044-05-22,14.18,7.78,217.03,290.43,69.1,99.9,0.88,4.865
2044-05-23,15.73,5.3,154.44,315.63,84.4,100,2.04,0.978
2044-05-24,18.28,10.24,202.98,329.89,77.3,99,8.6,1.093
2044-05-25,13.39,8.21,146.78,322.89,88.7,99.3,9.53,1.907
2044-05-26,13.34,6.29,190.29,301.56,67.2,100.3,0.57,2.281
2044-05-27,13.78,5.27,100.21,323.39,87.4,100.5,9.82,2.166
2044-05-28,17.36,10.82,188,337.49,82.4,100.2,2.83,1.584
2044-05-29,14.29,9.82,68.09,337.23,92.7,99.6,16.99,0.714
2044-05-30,17.78,7.72,190.46,324.66,81.8,100.1,1.36,2.561
2044-05-31,17,8.56,189.17,319.63,78,100.5,1.01,2.044
2044-06-01,16.23,9.4,187.89,314.73,74.2,100.9,0.66,1.536
2044-06-02,17.64,9.21,161.99,333.67,78.4,100.7,11.09,2.98
2044-06-03,19.46,11.64,284.55,318.51,71.2,100.4,0.52,1.223
2044-06-04,19.06,11.34,257.24,330.82,73.7,100.8,0.18,2.13
2044-06-05,19.39,13.72,168.95,361.31,83.5,100.7,2.4,1.871
2044-06-06,20.01,12.89,203.98,356.82,79.4,101,4.32,0.683
2044-06-07,18.18,11.47,110.66,365.28,88.6,101,12.75,3.118
2044-06-08,16.48,10.12,131.95,350.79,80.9,101.7,2.57,4.162
2044-06-09,18.22,9.39,316.79,307.51,67.4,102.6,0,4.213
2044-06-10,20.71,9.59,331.1,302.13,64.8,102.4,0,3.232
2044-06-11,22.98,9.3,338.77,300.2,68.7,101.8,0,2.564
2044-06-12,25.64,10.12,347.6,306.26,65.9,101.1,0,2.723
2044-06-13,29.38,14.4,333.22,345.35,65.5,100.5,0,2.549
2044-06-14,23.49,13.55,193.54,359.25,81.9,100.5,53.46,0.825
2044-06-15,18.62,12.96,178.71,360.78,84.6,100.9,3.12,4.194
2044-06-16,20.67,14,196.21,356.98,81.2,101.4,0.03,1.289
2044-06-17,21.49,12.28,266.17,319.94,75.4,101.6,0,1.368
2044-06-18,22.4,12.03,293.02,316.68,72.2,102.1,0,0.802
2044-06-19,22.65,11.54,323.82,307.16,72.4,102.4,0,0.805
2044-06-20,25.13,14.23,310.61,331.37,70.8,102.4,0,0.642
2044-06-21,23.54,14.71,276.23,337.16,78.1,102.5,0,0.994
2044-06-22,24.89,12.73,338.51,316.91,70.4,102.5,0,1.647
2044-06-23,26.9,14.34,342.48,327.36,69.3,102.1,0,1.562
2044-06-24,28.08,15.39,318.58,339.35,70.8,101.3,0,0.28
2044-06-25,19.7,13.32,200.58,334.63,78.1,100.7,7.3,2.02
2044-06-26,16.21,11.27,251.39,302.25,68.4,100.9,1.66,3.783
2044-06-27,15.35,10.19,208.25,301.07,67.4,101.4,0.17,3.139
2044-06-28,17.77,10.96,213.56,331.82,73.9,101.6,0.75,2.165
2044-06-29,19.4,11.54,225.17,326.24,75.5,101.7,0.32,1.517
2044-06-30,22.24,9.46,303.32,305.93,74.1,101.8,0.07,0.909
2044-07-01,23.06,11.43,267.62,320.91,68,101.4,0,2.483
2044-07-02,21.71,14.97,228.28,349.87,76.7,101,0.31,3.986
2044-07-03,22.81,15.46,231.53,363.29,81.4,100.4,2.04,4.852
2044-07-04,19.35,14.08,222.53,336.16,73.3,100.4,0.47,4.054
2044-07-05,20.11,12.95,250.36,325.49,71.7,101,0.16,2.856
2044-07-06,21.27,14.66,207.97,354.94,81.9,100.1,7.41,1.475
2044-07-07,19.92,14.76,235.42,341.58,78.4,99.6,3.55,3.973
2044-07-08,19.33,14.04,205.76,341.77,79.5,100,1.79,5.053
2044-07-09,20.48,12.43,249.34,322.88,73.5,100.6,0.85,3.484
2044-07-10,20.28,13.77,258.68,334.93,81.5,100,14.11,2.12
2044-07-11,18.47,12.28,215.3,318.55,81.6,99.7,6.73,2.888
2044-07-12,16.49,11.89,158.76,329.25,76.1,100.4,2.05,4.054
2044-07-13,19.13,10.72,277.51,300.52,70.4,101,0.13,3.529
2044-07-14,23.07,13.31,260.05,338.78,77,101.5,0.04,3.976
2044-07-15,24.07,15.68,289.96,345.49,79.6,101.3,0,3.534
2044-07-16,23.46,16.6,214.61,365,78.4,100.8,1.45,3.546
2044-07-17,21.13,14.28,253.01,332.02,71.8,100.9,1.12,2.378
2044-07-18,18.79,13.54,187.06,330.4,81,101,2.99,0.228
2044-07-19,22.14,11.83,284.42,312.03,74.6,101.1,0.43,0.541
2044-07-20,23.21,14.31,209.07,348.98,75.6,101.1,0.03,3.119
2044-07-21,23.04,17.09,156.39,372.27,85.2,100.9,12.58,2.82
2044-07-22,23.35,14.85,247.4,347.66,81.7,100.6,3.88,2.928
2044-07-23,21.81,13.18,228.3,327.28,77.4,100.7,1.05,1.917
2044-07-24,20.81,13.33,267.99,324.79,77.1,100.8,0.68,4.356
2044-07-25,20.16,14.43,190.83,346.86,81,101.2,1.06,1.91
2044-07-26,21.87,12.27,249.01,323.85,79.6,101.2,0.12,0.889
2044-07-27,25.02,14.18,269.8,335.49,74,101,0,0.849
2044-07-28,25.76,15.58,231.7,345.23,75.4,100.8,0.09,1.094
2044-07-29,24.38,15.16,223.56,351.07,79.1,100.8,0.98,1.999
2044-07-30,25.33,16.54,275.15,346.16,71.7,100.4,0.4,1.222
2044-07-31,24.34,16.02,275.83,336.45,71.6,100.3,0.67,1.906
2044-08-01,23.35,15.51,276.52,326.64,71.5,100.1,0.94,2.693
2044-08-02,22.06,16.14,251.44,335.15,73.9,100.3,0.96,5.414
2044-08-03,21.48,14.53,209.55,337.45,77.9,101,1.45,4.837
2044-08-04,20.3,12.99,247.8,306.97,64.1,101.8,0.24,4.177
2044-08-05,21.82,13.58,213.33,336.65,71.4,101.9,0.04,4.063
2044-08-06,20.45,16.88,83.55,376.92,89.3,101.2,26.8,3.031
2044-08-07,20.24,13.53,239,318.68,76.6,100.6,2.17,2.687
2044-08-08,18.38,12.28,184.21,316.07,73.3,100.4,0.17,4.289
2044-08-09,19.69,12.08,243.69,306.12,74.1,100,0.85,3.805
2044-08-10,18,12.3,221.13,310.15,77.7,100.1,2.28,5.186
2044-08-11,20.32,12.03,268.62,302.13,73.5,100.8,0.31,3.027
2044-08-12,20.42,13.32,209.81,333.09,77.8,101.4,0.2,2.543
2044-08-13,22.01,13.04,224,330.62,74.9,101.6,0.05,2.045
2044-08-14,23.76,14.51,183.68,359.83,81.6,101.6,0.35,3.761
2044-08-15,25.51,19.08,214.64,374.62,77.8,101.3,1.56,3.283
2044-08-16,23.49,18,156.67,366.09,82.4,100.9,1.57,3.809
2044-08-17,23.19,17.57,240.4,348.36,78.4,100.9,0,4.183
2044-08-18,21.84,15.95,234.53,335.09,68.9,101.1,0.09,3.989
2044-08-19,19.76,13.32,194.93,318.62,69.7,101.3,0.25,3.168
2044-08-20,20.37,12.62,208.69,328.35,71.9,101.2,0.12,3.749
2044-08-21,19.73,13.54,183.29,331.3,77.1,100.7,0.51,2.694
2044-08-22,18.85,12.25,158.67,332.16,77.8,100.8,0.27,1.937
2044-08-23,22.43,13.14,170.35,338.94,80.5,101.1,0.1,3.231
2044-08-24,22.32,13,198.43,320.47,77.7,101.6,0.06,1.704
2044-08-25,21.33,10.32,242.1,296.66,78.6,102,0,0.348
2044-08-26,27.24,12.09,254.56,325.76,66.7,101.8,0.04,2.179
2044-08-27,24.76,17.9,206.88,352.75,73.5,100.9,2.41,0.95
2044-08-28,23.86,16.46,184.33,360.18,78.3,101.2,2.17,3.004
2044-08-29,23.2,14.7,224.99,329.15,74.2,101.3,0.01,2.853
2044-08-30,24.21,18.02,128.32,379.48,84,101,2.87,2.42
2044-08-31,22.31,16.51,128.4,372.12,81.8,101.1,2.88,1.418
2044-09-01,20.41,15,128.48,364.94,79.6,101.2,2.88,1.031
2044-09-02,21.21,13.48,210.65,320.65,68.6,101.3,0.03,0.71
2044-09-03,20.53,11.52,107.48,339.24,83.7,100.8,0.31,0.918
2044-09-04,20.5,14.56,210.95,317.24,70.9,100.5,0.7,4.268
2044-09-05,21.17,15.86,141.15,350.98,72.6,100.6,0.7,5.541
2044-09-06,20.05,11.91,146.03,329.58,79.2,100,14.08,2.863
2044-09-07,15.41,10.22,180.41,290.94,75.5,100.8,1.53,3.898
2044-09-08,15.79,10.1,114.86,317.03,73,101.7,0.37,3.346
2044-09-09,19.34,13.67,119.35,346.53,79.1,101.1,0.82,5.55
2044-09-10,18.44,11.76,154.63,314.17,81.5,101.5,0,1.611
2044-09-11,18.72,9.96,122.67,327.36,87.1,101.7,0.33,0.961
2044-09-12,20.17,12.52,141.63,338.32,80.5,101.7,0.07,0.696
2044-09-13,20.27,10.88,203.58,299.6,73.6,101.7,0,1.35
2044-09-14,21.43,11.47,157.28,335.59,83.1,101.7,0.04,1.233
2044-09-15,19.96,14.81,119.73,357.98,82.2,101.8,0.1,1.682
2044-09-16,20.33,13.61,130.45,341.92,83.3,101.7,0.1,0.532
2044-09-17,20.66,12.83,161.58,323.69,77.5,101.6,0.05,1.296
2044-09-18,17.94,11.52,155.57,309.96,74.1,101.6,0.09,1.852
2044-09-19,19.39,10.53,161.32,304.87,76.5,101.5,0,2.717
2044-09-20,17.83,11.2,136.6,316.16,74.8,101.2,2.04,3.014
2044-09-21,15.19,10.4,101.66,322.15,65.4,102,0.05,2.011
2044-09-22,15.66,8.1,150.77,290.6,71.8,102.3,0.08,0.413
2044-09-23,17.55,6.09,158.99,304.18,72.4,102.3,0.06,1.328
2044-09-24,17.85,11.42,126.64,332.99,74.7,102.2,0.11,1.545
2044-09-25,17.94,10.8,135.22,320.02,75.5,102.2,0.09,1.668
2044-09-26,15.54,8.66,132.12,301.15,74.8,102.7,0.05,1.422
2044-09-27,14.44,8.11,130.08,302.44,75,102.5,0.07,0.928
2044-09-28,17.23,10.76,129.37,315,70.9,102.2,0,1.565
2044-09-29,16.18,8.32,137.87,309.42,77.5,102.3,0.1,0.848
2044-09-30,16.79,12.43,95.61,338.14,80.2,102.5,0.65,1.92
2044-10-01,18.67,10.44,160.58,290.8,63.1,102.8,0,2.421
2044-10-02,18.1,7.5,156.21,272.68,66.2,102.7,0,1.657
2044-10-03,17.88,5.6,159.42,272.69,76.8,102.6,0,0.474
2044-10-04,19.65,5.76,152.46,282.33,78.6,102.1,0,0.748
2044-10-05,19.82,7.88,120.52,319.78,75.7,101.8,0,1.44
2044-10-06,20.11,13.83,82.89,347.93,87,101.8,0,2.551
2044-10-07,18.68,12.34,81.35,337.33,87.4,102,0.06,0.387
2044-10-08,19.82,10.88,115.86,319.3,84.6,102.2,0.05,1.129
2044-10-09,22.17,9.58,139.45,305.34,78.6,102.2,0,1.64
2044-10-10,24.31,11.44,138.67,309.52,65.9,102.3,0,1.498
2044-10-11,20.5,9.19,138.25,290.69,76.6,102.1,0,1.524
2044-10-12,15.08,8.04,81.96,303.15,93.7,101.8,0.12,0.85
2044-10-13,20.96,7.86,126.63,317.08,85.2,101.6,0.06,0.621
2044-10-14,19.28,12.12,88.36,339.2,87.3,101.9,0.07,0.983
2044-10-15,19.24,10.18,101.42,316.98,90.2,102.1,0.06,0.475
2044-10-16,19,10.54,71.85,328.77,86.7,101.6,0.08,2.099
2044-10-17,17.86,10.1,118.57,289.9,80.2,101.2,0,2.41
2044-10-18,19.24,8.32,111.78,309.14,84.3,101,0.23,1.528
2044-10-19,16.24,12.19,44.86,356,95.6,100.7,2.25,0.262
2044-10-20,13.9,5.72,52.43,298.46,78,100.8,3.18,1.948
2044-10-21,11.27,4.92,99.06,274.23,56.1,101.3,0.03,2.055
2044-10-22,10.87,6.55,73.26,306.71,67.3,101.3,0.05,1.666
2044-10-23,14.87,8.39,64.53,315.04,82.6,101.3,0.32,4.252
2044-10-24,15.64,11.42,64.9,335.48,86,101.8,2.32,3.819
2044-10-25,14.86,11.63,76.16,323.02,85.7,101.9,0.16,3.519
2044-10-26,15.87,11.76,60.1,336.92,88.2,101.8,0.07,2.811
2044-10-27,15.31,12.18,47.78,346.24,91.6,101.7,0.14,0.871
2044-10-28,15.44,9.88,65.18,331.14,90.1,101.8,3.33,0.458
2044-10-29,13.71,10.06,48.53,331.39,91.7,101.7,1.29,0.719
2044-10-30,12.65,8.19,75.17,302.85,80.8,101.6,0.04,1.705
2044-10-31,12.07,7.56,59.8,306.28,76.6,101.4,0.04,1.759
2044-11-01,11.49,6.92,44.42,309.7,72.5,101.3,0.04,1.815
2044-11-02,10.96,6.19,47.24,298.23,83.9,101.6,0.19,1.408
2044-11-03,12.37,5.6,62.81,278.87,86.7,102,0,1.356
2044-11-04,12.33,3.99,75.54,273.13,89.8,102.2,0,0.544
2044-11-05,11.17,3.22,66.27,284.41,94.1,102.3,0.1,0.396
2044-11-06,10.72,2.47,63.73,291.15,95.4,102.2,0.1,0.149
2044-11-07,10.69,4.55,55.94,303.86,91.1,102.2,0.19,0.73
2044-11-08,10.36,6.18,41.35,320.34,91.6,102.1,0.19,0.771
2044-11-09,12.85,8.98,29.45,345.01,95.7,101.5,0.89,1.372
2044-11-10,11.05,8.69,39.41,328.78,92.6,100.9,0.34,1.377
2044-11-11,12.93,8.59,26.76,343.55,95.3,100.4,1.35,1.933
2044-11-12,15.07,11.73,44.45,330.81,92.5,100.2,3.11,0.961
2044-11-13,15.04,10.22,44.08,322.05,90.4,100.4,2.59,1.248
2044-11-14,13.15,7.41,42.14,304.27,91.1,100.1,1.7,1.571
2044-11-15,8.75,4.7,41.57,277,86,99.7,0.65,3.427
2044-11-16,10.28,4.55,31.17,301.72,86.1,99.9,2.99,2.931
2044-11-17,9.28,5.47,31.88,304.48,80.3,100.9,1.57,3.955
2044-11-18,8.28,4.35,41.15,281.27,82,100.4,4.87,4.3
2044-11-19,7.3,3.16,38.42,277.12,83.2,100.6,1.93,3.967
2044-11-20,7.36,2.11,52.41,258.32,81.1,100.9,0.12,3.051
2044-11-21,10.17,2.86,31,281.88,85.3,100.7,0.86,3.193
2044-11-22,8.73,4.59,45.77,275.66,81.7,100.9,0.08,3.335
2044-11-23,8.54,4.35,41.72,286.53,81.1,100.9,0.95,1.887
2044-11-24,6.57,1.93,41.28,280.27,93.3,100.5,3.96,0.888
2044-11-25,8.38,3.98,41.69,287.74,91.4,101.1,0.12,1.186
2044-11-26,6.1,2.91,41.41,285.31,86.3,102,0.07,1.761
2044-11-27,5.47,2.4,27.98,293.55,82,101.6,0.09,3.264
2044-11-28,4.33,2.7,29.31,296.96,76.7,100.7,1.7,4.881
2044-11-29,3.53,1.01,11.04,303.74,89.9,99.8,11.56,2.875
2044-11-30,5.81,1.07,11.57,310.71,93.1,99.1,21.2,3.578
2044-12-01,4.02,1.43,11.59,304.44,94.6,99.4,9.09,0.924
2044-12-02,7.04,3.29,29.24,293.15,92.6,99.7,0.08,0.94
2044-12-03,4.95,2.63,33.29,301.44,95.2,99.9,3.71,0.968
2044-12-04,4.86,2.02,24.52,301.28,97.2,99.9,2.66,0.732
2044-12-05,4.04,1.45,21.54,296.49,93.7,100.1,0.14,0.757
2044-12-06,9.76,2.77,17.86,309.56,91.8,99.5,10.22,1.017
2044-12-07,10.5,7.57,30.13,294.93,91.5,99.8,2.14,2.265
2044-12-08,10.99,7.14,8.24,333.9,92.7,98.7,20.08,1.144
2044-12-09,9.22,3.36,31.15,297.9,89.6,99.2,4.71,3.079
2044-12-10,9.32,4.23,21.88,317.81,91.5,100.6,4.51,2.202
2044-12-11,14.55,9.38,29.49,329.81,88.7,100.7,0.32,4.674
2044-12-12,13.85,10.03,27.22,317.91,86.6,101.4,0.05,3.19
2044-12-13,11.53,9.06,27.97,323.45,93.4,101.5,0.1,0.855
2044-12-14,11.8,8.69,15.71,329.18,93.5,101,0.18,1.443
2044-12-15,11.98,4.08,38.25,278.56,92.9,101.7,0,1.283
2044-12-16,6.63,2.32,21.57,303.4,97.5,102.6,0.37,1.096
2044-12-17,8.1,6.52,11.9,330.25,93,102.1,3.82,3.371
2044-12-18,8.75,5.55,15.07,332.04,93.8,102.4,5.25,2.369
2044-12-19,5.51,-1.62,21.33,276.26,86.8,102.8,0.34,1.766
2044-12-20,1.53,-3.34,34.21,242.87,91,102.8,0,0.522
2044-12-21,7.06,0.81,24.46,295.84,93.4,102.5,0,0.698
2044-12-22,10.52,7.12,22.69,328.42,94.8,102,5.27,0.936
2044-12-23,8.71,4.15,34.66,306.65,96.8,101.5,2.68,0.793
2044-12-24,6.78,0.79,14.59,305.1,96,101.9,0.91,0.809
2044-12-25,0.96,-2.2,31.13,263.05,93.2,102.2,0.08,0.741
2044-12-26,1.37,-3.23,28.3,266.84,92,101.5,0.33,0.693
2044-12-27,8.26,1.42,38.26,287.47,88.2,101.1,1.15,2.843
2044-12-28,11.86,7.82,27.08,301.23,91.3,101.7,0.03,4.599
2044-12-29,12.99,8.32,23.57,311.85,83.8,101.9,0.07,6.022
2044-12-30,11.35,6.58,27.76,288.78,78.5,102,0,6.039
2044-12-31,11.99,8.68,29.5,299.99,78.8,101.6,0,7.103
2045-01-01,12.62,10.78,31.25,309.89,79.2,101.1,0.04,8.167
2045-01-02,11.78,5.3,27.95,294.34,76.4,100.3,2.71,5.582
2045-01-03,7.17,1.85,37.75,250.47,67.9,100.9,0.04,4.591
2045-01-04,4.54,-0.37,23.07,266.75,83,100.8,0,0.353
2045-01-05,5.34,-2.34,36.87,250.18,83.1,100.6,0.09,2.357
2045-01-06,5.32,0.35,27.92,267.66,77.6,100.2,0.36,2.712
2045-01-07,3.46,-0.43,41.34,259.6,77.8,100.4,2.15,2.032
2045-01-08,2.64,-2.11,34.9,248.3,83.7,100.8,0.03,1.89
2045-01-09,4.14,-0.98,44.3,261.1,84.2,101.5,0.05,1.777
2045-01-10,6.08,2.98,24.4,305.26,89.1,101.9,0.55,1.566
2045-01-11,5.74,3.4,27.99,307.39,92.8,102.7,1.17,0.826
2045-01-12,8.4,4.31,42.3,284,89.7,102.9,0.02,3.767
2045-01-13,10.14,6.39,36.59,298.55,91.2,102.8,0.06,3.304
2045-01-14,7.95,4.5,25.19,308.54,84.3,102.6,0.18,0.833
2045-01-15,10.57,5.08,35.33,308.47,87.8,101.7,0.25,1.402
2045-01-16,11.43,6.97,45.6,281.45,80.1,101.1,0.46,5.2
2045-01-17,13.64,7.39,15.64,327.12,87,101,2.47,5.857
2045-01-18,12.86,9.42,45.91,299.32,83.7,101.1,0.02,3.129
2045-01-19,11.54,6.44,24.29,290.61,75.5,100.4,2.2,4.877
2045-01-20,7.39,4.38,21.04,293,79,100.2,3.74,1.564
2045-01-21,7.85,2.59,22.55,298.29,91.1,98.3,9.42,1.288
2045-01-22,5.23,3.11,28.07,299.36,89.1,99,0.08,1.425
2045-01-23,5.1,1.32,28.03,288.09,85.6,99.2,0.82,2.91
2045-01-24,4.75,-1.61,37.57,270.74,85.1,99.5,1.9,1.133
2045-01-25,5.04,3.23,12.7,315.35,96.7,98.8,6.37,0.965
2045-01-26,9,2.1,23.29,284.32,89.1,99.5,3.01,1.892
2045-01-27,11.6,7.53,56.37,299.35,85.4,99.5,7.44,4.492
2045-01-28,12.25,8.83,56.71,291.81,76.5,101.1,0,4.314
2045-01-29,11.57,7.07,26.43,319.87,90.9,100.9,2.21,1.042
2045-01-30,13.79,6.84,26.96,319.15,82.4,100.6,0.95,4.375
2045-01-31,13.78,9.31,21.12,316.05,79.9,100.2,1.42,6.373
2045-02-01,10.37,7.37,61.83,277.51,76.5,101.1,0.34,6.789
2045-02-02,10.32,6.63,38.47,305.66,88.7,101.9,0.47,1.679
2045-02-03,11.42,8.23,47.74,304.75,85.6,100.8,0.6,2.17
2045-02-04,11.06,6.97,45.85,300.14,86.5,101.1,0.18,1.98
2045-02-05,12.09,8.24,54.06,303.78,88.1,101.3,0.04,1.244
2045-02-06,10.27,7.64,37.27,323.12,92.7,101.2,4.19,0.634
2045-02-07,11.06,5.34,45.72,290.61,85.8,100.7,1.57,2.707
2045-02-08,7.55,3.13,42.34,278.71,76.1,100.8,1.81,4.811
2045-02-09,5.92,2.89,38.45,287.77,77.8,101,2.14,4.104
2045-02-10,6.96,2.79,67.16,283.2,74.9,101.2,0.94,0.837
2045-02-11,8.01,3.18,56.93,287.27,83.1,101,4.8,2.342
2045-02-12,7.04,1.71,83.84,266.4,74.6,101.5,4.2,1.833
2045-02-13,7.41,3.09,79.66,266.07,75.2,100.7,0.64,3.895
2045-02-14,7.03,2.9,67.23,278.6,79.7,100.1,3.73,4.667
2045-02-15,8.79,4.57,78.28,278.53,76,100.7,0.44,5.412
2045-02-16,8.77,4.87,74.79,291.16,72.9,99.2,3.63,6.575
2045-02-17,7.54,4,55.8,291.8,73.8,99.5,1.13,7.27
2045-02-18,10.3,2.76,62.92,286.43,82.3,100,0.7,2.789
2045-02-19,10.45,4.95,79.12,296.74,74.4,97.7,1.8,7.36
2045-02-20,6.88,2.33,108.23,259.01,65.5,99,0.52,3.953
2045-02-21,6.22,1.1,49.74,290.79,77.4,99.8,3.92,3.543
2045-02-22,5.5,-2.75,109.74,238.72,78.5,100.2,0.02,0.541
2045-02-23,7.34,0.82,62.24,276.84,76.6,99.2,5.16,3.185
2045-02-24,6.07,1.8,77.13,257.29,76.7,99.1,0.17,3.665
2045-02-25,9.43,2.43,99.8,286.37,75.4,97.9,7.01,3.095
2045-02-26,11.25,3.16,54.68,295.07,80,98.3,8.48,2.673
2045-02-27,11.32,6.36,106.24,291.47,73.8,98.3,4,5.178
2045-02-28,9.55,1.88,133.93,254.44,78,100.2,8.88,2.101
2045-03-01,9.15,0.47,94.47,277.88,80.3,101.3,1.36,0.355
2045-03-02,7.44,0.02,80.03,275.37,76.8,102.5,1.91,1.134
2045-03-03,5.94,-2.3,104.37,257.15,72,102.9,0.09,0.327
2045-03-04,6.7,-0.2,111.97,269.96,67,102.7,0.1,0.554
2045-03-05,6.55,1.01,77.21,275.28,65.9,102.1,0.05,1.965
2045-03-06,3.98,0.02,68.88,279.42,66.4,100.7,1.64,4.143
2045-03-07,5.8,1.14,74.25,305.09,84.6,100,1.04,3.144
2045-03-08,9.43,3.46,112,285.71,82.2,99.9,2.28,1.782
2045-03-09,9.18,4.27,81.48,285,88,100.1,2.84,2.145
2045-03-10,9.81,4.32,106.67,288.16,72.9,100.8,0.09,2.95
2045-03-11,13.11,4.75,72.11,310.02,75.1,100,1.4,3.159
2045-03-12,10.17,5.46,118.8,276.59,60.4,100.5,0.3,7.012
2045-03-13,8.93,4.47,128.97,280.5,65.7,101.7,0.06,2.534
2045-03-14,8.61,1.58,153.65,256.62,69.4,102.3,0.03,0.907
2045-03-15,10.25,0.43,139.5,268.74,76.8,102.1,0.04,2.601
2045-03-16,12.8,6.04,123.05,309.33,80.1,101,1.85,4.663
2045-03-17,12.1,6.84,95.27,317.81,84,100.8,1.8,3.449
2045-03-18,11.2,4.96,90.6,299.82,87.8,100.5,1.86,3.242
2045-03-19,9.2,1.46,94.4,287.72,80,100.2,1.57,2.95
2045-03-20,7.16,1.48,139.63,258.99,61.2,100.7,0.04,3.002
2045-03-21,7.17,-0.19,107.69,269.15,73.8,100.7,0.74,2.536
2045-03-22,7.6,-2.38,168.03,232.29,70.7,100.3,0,0.621
2045-03-23,9.3,-2.27,162.18,250.53,71.4,100.4,0.03,1.122
2045-03-24,10.23,1.12,148.07,268.45,68,100.9,0.08,1.455
2045-03-25,9.42,3.87,109.6,292.54,67.8,100.8,0.03,2.008
2045-03-26,10.21,2.81,201.59,249.52,65.8,100.6,0,1.239
2045-03-27,10.15,1.04,158.67,262.24,65.9,101.4,0.04,1.796
2045-03-28,9.09,1.19,151.07,273.17,68.1,101.4,0.1,1.296
2045-03-29,8.36,0.37,114.42,273.67,73.2,101.1,1.75,2.333
2045-03-30,7.42,0.01,146.11,253.7,63.9,101.4,0.17,2.39
2045-03-31,8.65,-0.85,132.56,260.58,66.8,101.6,0,2.505
2045-04-01,8.69,1.58,122.11,277.7,70.2,101.3,0.2,1.979
2045-04-02,9.71,2.13,138.15,278.47,69.1,101.4,0.07,0.961
2045-04-03,8.74,4.4,94.32,301.33,86.8,101.5,2.36,1.18
2045-04-04,9.78,2.42,151.54,279.18,76,102.1,0.15,1.611
2045-04-05,9.23,-0.14,149.34,257.12,72.5,102.3,0.04,0.851
2045-04-06,10.02,-0.94,185.07,257.07,70.5,102.1,0.07,0.191
2045-04-07,8.83,3.39,133.7,291.5,70.1,102.1,0.56,0.973
2045-04-08,10.07,2.66,141.13,288.75,69.3,102.3,0.44,0.845
2045-04-09,13.15,1.29,167.75,280.19,71.9,101.8,0.79,3.688
2045-04-10,13.99,8.22,126.99,329.14,81.7,101,2.29,4.33
2045-04-11,11.66,6.36,126.72,305.51,77,101.5,1.48,0.878
2045-04-12,6.82,4.56,37.23,312.83,91.6,101.1,14.09,0.899
2045-04-13,10.71,3.14,172.8,278.11,72.4,101.4,0.3,0.948
2045-04-14,10.17,0.68,186.69,264,66.6,101.8,0.03,0.512
2045-04-15,11.67,3.05,182.4,284.83,64.9,101.7,0.11,0.17
2045-04-16,13.46,3.01,224.97,264.29,67.5,101.9,0.12,0.411
2045-04-17,15.34,4.88,178.41,299.13,80,101.9,0.08,0.85
2045-04-18,13.18,7.39,157.22,306.2,76.9,101.8,0.35,2.282
2045-04-19,12.63,6.61,152.75,307.04,77,101.3,1.23,1.431
2045-04-20,11.37,3.57,186.86,284.43,64.7,101.8,0.16,1.216
2045-04-21,12.24,2.88,235.75,263.75,66.6,101.8,0.07,0.444
2045-04-22,14.11,4.4,169.06,291.1,74.4,101.1,0.53,2.329
2045-04-23,12.49,8.04,89.5,317.02,83.7,100.2,0.81,3.741
2045-04-24,11.17,6.38,155.73,304.24,71,100.1,0.89,5.368
2045-04-25,11.55,7.2,189.66,291.66,65.4,99.8,1.86,8.331
2045-04-26,12.41,6.32,187.72,286.23,60.7,101.2,0.08,5.664
2045-04-27,15.55,6.77,169.23,315.86,74.8,100.7,2.18,7.485
2045-04-28,12.06,5.15,204.85,278.03,53.2,101.6,0.1,5.411
2045-04-29,11.4,6.8,200.05,296.31,59.9,102,0.11,3.523
2045-04-30,10.21,5.06,231.02,272.19,57.3,102.3,0.14,1.664
2045-05-01,14.04,5.44,185.15,305.08,73.5,102.5,0.27,1.897
2045-05-02,15.43,8.31,155.28,331.87,83,102.7,1.43,0.941
2045-05-03,11.86,6.36,130.42,310.62,73.6,102.5,1.74,0.934
2045-05-04,13.9,2.15,270.16,268,70,102,0.05,0.635
2045-05-05,13.96,6.89,211.3,293.36,72.1,101.8,0.16,2.407
2045-05-06,12.19,5.58,145.63,304.71,69.1,102,0.24,2.487
2045-05-07,12.82,4.67,172.72,289.45,70.7,102,0.18,2.201
2045-05-08,14.16,5.53,145.95,313.96,79.2,101.3,0.88,3.272
2045-05-09,15.54,7.89,242.01,297.05,68.6,100.7,0.14,5.962
2045-05-10,11.49,6.03,146.24,303.79,62.2,101.2,1.81,4.904
2045-05-11,11.07,5.35,265.39,273.83,53.8,101.8,0.58,3.394
2045-05-12,9.57,4.14,190.64,277.86,58.5,102.2,1.95,0.792
2045-05-13,9.89,0.32,183.31,267.01,56.9,102.1,0,0.818
2045-05-14,12.32,0.22,311.12,240.17,60.5,101.3,0.03,0.165
2045-05-15,11.98,3.49,159.1,289.37,68.4,100.4,0.34,0.544
2045-05-16,10.65,5.15,107.16,301.2,87.2,100,6.95,1.859
2045-05-17,12.99,3.28,190.03,289.25,82.5,100.2,4.85,1.67
2045-05-18,15.42,4.83,224.87,292.6,68.9,100.5,0.21,1.208
2045-05-19,17.98,10.66,120.74,349.27,91.8,100.8,27.73,1.491
2045-05-20,21.02,10.65,258.25,329.93,77.8,101,0.36,1.283
2045-05-21,19.03,9.79,187.58,332.18,79.1,100.6,14.78,1.172
2045-05-22,19.9,9.63,266.05,310.41,74.1,100.9,1.42,1.162
2045-05-23,16.29,10.54,206.73,313.26,82.6,101.2,5.74,1.625
2045-05-24,19.08,10.29,255.83,315.54,72.7,101.4,0.02,2.572
2045-05-25,17.45,11.51,158.98,340.94,82.5,101.2,2.26,1.129
2045-05-26,16.31,9.81,232.99,313.27,73.4,101,0.46,2.433
2045-05-27,18.28,9.28,237.57,318.74,75.9,101.4,0.14,1.55
2045-05-28,18.35,8.4,281.26,299.14,72,101.9,0,0.927
2045-05-29,20.43,8.23,291.19,298.51,69.5,101.9,0.04,0.139
2045-05-30,18.83,9.14,218.7,310.44,78.6,101.4,2.31,3.292
2045-05-31,16.64,8.89,207.97,306.81,76.3,101.3,1.38,3.414
2045-06-01,14.44,8.65,197.29,303.4,74,101.3,0.46,3.572
2045-06-02,16.93,7.96,276.94,285.22,71.3,101.1,0,2.114
2045-06-03,16.3,7.24,218.32,314.84,73.5,100.8,0.13,3.019
2045-06-04,16.69,8.31,152.23,321.09,70,100.4,0.1,1.626
2045-06-05,13.67,9,168.49,318.71,64.3,100.4,0.41,1.376
2045-06-06,12.14,6.2,176.32,299.13,62.4,101,0.21,1.833
2045-06-07,14.6,7.35,197.35,306.72,67.3,101.1,0.85,1.029
2045-06-08,16.68,5.16,247.45,291.39,65,100.6,0.04,0.334
2045-06-09,19.12,8.25,251.26,305.71,64.4,100.4,0.03,1.102
2045-06-10,17.19,9.34,234.01,313.67,66.2,100.6,0.05,1.018
2045-06-11,18.08,10.1,313.41,292.53,66.5,101.4,0,2.776
2045-06-12,16.39,8.8,287.78,286.17,69.9,101.7,0,2.585
2045-06-13,20.27,8.69,195.18,346,82,101.2,4.55,3.442
2045-06-14,20.72,13.39,260.38,344.19,76.5,100.9,1.59,2.186
2045-06-15,19.48,12.99,242.04,331.5,73.3,101.1,0.09,3.682
2045-06-16,21.64,10.37,270.18,320.44,76,101,0.52,3.489
2045-06-17,17.52,9.88,233.16,314.41,66.4,101.2,0.11,0.776
2045-06-18,20.17,9.02,294.19,297.19,63.8,101.1,0,0.372
2045-06-19,22.45,8.86,305.08,301.37,59.7,100.9,0.04,1.01
2045-06-20,21.71,12.08,316.18,304.23,60.2,101,0.02,3.342
2045-06-21,22.3,12.54,226.48,346.85,79.6,100.9,5.98,2.442
2045-06-22,24.56,12.21,246.37,339.59,71.1,101.3,0.02,0.387
2045-06-23,26.1,16.07,272.87,356.19,77.4,101.2,14.66,1.168
2045-06-24,23.96,15.18,300.42,332.15,71.2,101.8,0,2.653
2045-06-25,23.95,15.41,285.49,337.72,74.7,102,0.73,2.003
2045-06-26,25.8,13.81,314.08,331.3,71.3,102,0.04,0.709
2045-06-27,26.96,14.72,341.77,322.02,60.1,101.7,0,2.067
2045-06-28,26.68,13.52,347.43,311.11,52.7,101.3,0,3.508
2045-06-29,28.19,14.52,336.98,331.17,61.7,101,0,3.745
2045-06-30,29.47,16.34,263.77,368.86,74.6,100.7,9.44,0.973
2045-07-01,24.3,17.86,187.54,375.82,78,100.5,14.43,2.752
2045-07-02,24.72,17.03,255.2,354.5,75.9,100.1,2.02,1.817
2045-07-03,24.65,16.68,286.03,342.42,71.1,99.8,2.16,2.64
2045-07-04,23.53,17.29,252.77,350.36,73.4,99.9,2.15,4.878
2045-07-05,22.42,14.5,321.45,310.31,61.6,100.5,0,3.278
2045-07-06,22.4,14.04,162.53,355.37,78.5,99.7,3.3,1.544
2045-07-07,20.03,13.65,204,355.58,75.1,99.1,2.91,5.696
2045-07-08,19.1,12.51,260.01,317.5,64.6,101.2,0.54,3.507
2045-07-09,19.21,12.26,106.2,345.88,82.2,100.9,3.25,2.112
2045-07-10,22.3,16.01,284.19,336.54,75.4,99.9,2.28,4.626
2045-07-11,19.13,13.85,220.99,325.83,70.9,100.1,1.11,5.702
2045-07-12,18.84,11.73,257.85,311.7,63,101.3,0.08,2.578
2045-07-13,24.87,11.28,292.52,326.09,62.3,101.6,0,0.897
2045-07-14,27.68,14.53,336.58,320.62,54.8,101.1,0,2.289
2045-07-15,25.92,16.49,310.31,333.64,68.3,100.6,0.27,2.002
2045-07-16,22.51,15.69,214.68,350.76,83.4,101.1,9.65,1.849
2045-07-17,24.36,15.27,266.03,340.83,70.7,101.3,0.67,0.617
2045-07-18,25.33,14.66,285.98,325.96,70,101.6,0,0.595
2045-07-19,26.16,13.35,276.46,334.83,69,101.6,0.02,2.742
2045-07-20,25.16,17,233.76,359.21,76.3,101.2,0.17,4.574
2045-07-21,23.14,16.06,222.81,346.43,76.8,100.8,4.04,2.957
2045-07-22,23.04,14.48,236.22,331.7,74.4,100.9,0.98,1.294
2045-07-23,24.23,13.44,273.51,332.4,72.7,101.2,1.51,1.131
2045-07-24,25.1,15.26,242.22,339.34,64,100.7,0.27,3.175
2045-07-25,23.48,14.81,210.18,350.62,75.8,100.5,1.68,1.512
2045-07-26,21.43,15.9,203.52,350.66,84.1,100.3,15.27,0.792
2045-07-27,22.52,15.83,235.1,340.4,80.7,100.3,3.96,1.92
2045-07-28,22,15.94,253.17,336.22,71,100.7,0.02,3.562
2045-07-29,17.55,13.34,102.33,334.48,85.7,100.3,9.71,2.273
2045-07-30,19.32,12.11,175.19,327.56,79.9,99.5,3.95,4.387
2045-07-31,19.76,13.16,189.74,336.18,77.5,99.7,2.45,4.617
2045-08-01,20.21,14.21,204.28,344.89,75,99.9,0.96,4.847
2045-08-02,23.73,14.67,243.67,346.93,78.1,99.7,2.98,2.865
2045-08-03,19.94,15.17,216.48,331.37,79.6,99.9,5.75,3.908
2045-08-04,21.83,14.69,221.26,335.34,70.5,100.5,0.13,2.602
2045-08-05,21.1,13.46,220.36,322.71,73,100.6,0.16,2.299
2045-08-06,23.21,13.05,195.03,350.54,78.4,100.4,3.04,1.58
2045-08-07,23.99,15.61,261.35,336.33,71.6,100,0.74,3.64
2045-08-08,22.45,15.66,214.89,344.43,75.3,100.3,2.95,3.258
2045-08-09,22.85,14.5,246.5,325.65,72.4,101,0.41,2.319
2045-08-10,21.3,13.44,237.91,313.28,70.2,101.6,0,2.542
2045-08-11,23.23,12.51,243.55,323.23,67.2,101.8,0.04,2.228
2045-08-12,24.52,16.73,215.9,356.18,77.9,101.5,0,4.358
2045-08-13,27.71,17.73,254.01,353.76,75.7,101.5,0,2.775
2045-08-14,27.23,15.19,258.66,336.78,69.2,101.1,0.02,2.488
2045-08-15,23.61,16.18,250.87,329.68,67.2,101,0.31,3.292
2045-08-16,20.62,14.61,186.31,323.73,69.3,100.9,0.65,4.164
2045-08-17,19.38,11.99,189.31,310.83,68.3,101,0.36,3.482
2045-08-18,19.27,10.06,179.95,308.07,62.7,101.1,0,1.217
2045-08-19,20.28,12.12,159.24,342.01,65.5,100.6,3.09,2.668
2045-08-20,19.79,11.74,192.11,334.26,77.7,99.7,5.87,4.253
2045-08-21,18.59,11.4,167.87,308.98,66.1,101.5,0.05,3.817
2045-08-22,21.07,11.13,209.89,313.55,72.5,101.8,0,2.216
2045-08-23,19.35,13.97,85.36,360.94,72.2,101.2,1.62,0.955
2045-08-24,23.58,15.24,167.99,366.21,82.7,100.3,6.17,1.534
2045-08-25,23.21,15.49,219.17,330.55,75.1,100.4,0.47,3.153
2045-08-26,21.64,14.24,214.71,315.65,73,100.6,1.14,2.187
2045-08-27,22.59,13.6,183.27,334.34,74.2,101,0.5,0.859
2045-08-28,20.37,12.63,187.95,326.67,85.1,101.2,3.86,0.792
2045-08-29,21.11,12.17,212.7,311.19,74.7,101.5,0,0.755
2045-08-30,20.93,11.01,204.79,308.48,75.8,101.7,0.09,0.422
2045-08-31,20.82,10.85,187.48,317.36,75.7,101.7,0.05,0.384
2045-09-01,20.71,10.69,170.36,326.63,75.7,101.7,0,0.671
2045-09-02,20.44,13.14,152.58,333.93,72.9,101.7,0.04,1.008
2045-09-03,21.7,12.85,150.54,335.7,72.8,101.7,0.04,0.863
2045-09-04,23.31,15.27,176.5,343.28,68.9,101.5,0.39,1.043
2045-09-05,24.71,12.65,193.5,330.46,72.1,101.2,0.2,1.646
2045-09-06,20.16,12.39,164.25,322.95,76.6,100.6,3.09,1.79
2045-09-07,18.6,11.68,196.61,301.3,74.6,100.3,1.22,4.173
2045-09-08,18.62,11.69,169.46,303.11,71.2,100.7,0.25,4.777
2045-09-09,19.15,11.67,152.26,314.84,74.9,101,0.24,3.891
2045-09-10,20.43,12.79,152.55,330.59,76.8,101.4,0.48,3.088
2045-09-11,20.19,11.44,164.9,319.36,76.7,101.5,0.65,0.692
2045-09-12,20.39,9.1,155.7,312.68,74.9,101.8,0.1,0.284
2045-09-13,21.19,10.03,155.21,322.92,81.3,101.8,0.22,0.766
2045-09-14,20.07,11.53,152.94,328.2,78.7,101.8,0.03,1.155
2045-09-15,20.83,12.26,157.08,328.58,77.4,102.1,0.03,0.709
2045-09-16,21.93,11.99,144.79,334.95,75.5,102.3,0.12,0.399
2045-09-17,21.99,12.04,153.76,325.68,80.6,102.5,0.05,1.324
2045-09-18,21.12,12.28,142.32,321.94,79.7,102.6,0.26,0.677
2045-09-19,19.88,9.15,155.71,306.47,77.4,102.5,0,0.722
2045-09-20,21.02,9.34,183.55,297.49,73.5,102.4,0,0.421
2045-09-21,20.85,10.61,105.98,345.98,87,102.4,0.12,0.911
2045-09-22,20.8,12.68,100.17,346.45,83.8,102.4,0.57,1.266
2045-09-23,20.39,11.78,114.29,346.09,84.1,102.4,0.76,1.756
2045-09-24,19.3,12.95,129.22,323.91,84.1,102.8,0.1,0.507
2045-09-25,19.42,10.19,119.93,315.35,76.9,102.8,0.1,0.964
2045-09-26,16.95,5.47,175.82,267.99,74.1,102.4,0,0.625
2045-09-27,19.91,7.09,173.33,286.3,66.2,101.5,0,1.787
2045-09-28,20.66,12.96,120.9,328.66,78.1,100.8,0.68,3.581
2045-09-29,21.71,15.98,94.96,354.49,76.6,100.3,0.08,2.961
2045-09-30,18.44,10.8,31.63,344.75,87.9,99.9,9.53,1.822
2045-10-01,18.11,8.3,147.05,290.73,78.2,100.5,0.25,1.404
2045-10-02,19.27,10.77,128.31,303.89,72.9,100.3,0,1.483
2045-10-03,23.56,13.6,101.18,354.9,78.6,99.4,4.77,2.163
2045-10-04,17,9.85,143.59,287.57,71.9,100.8,0.19,2.78
2045-10-05,19.12,9.75,133.5,306.63,69.1,101.7,0,1.629
2045-10-06,21.65,13.29,123.75,335.84,79.6,102.1,0,2.209
2045-10-07,20.88,12.7,130.02,317.71,78.3,102.3,0,1.525
2045-10-08,20.41,10.59,142.96,298,80.6,102.1,0,2.076
2045-10-09,17.29,11.1,113.7,310.81,78.6,102.5,0.05,1.506
2045-10-10,15.38,9.81,100.52,312.21,73,102.7,0.07,0.805
2045-10-11,15.53,10.61,80.58,326,76.2,102.4,0.04,1.966
2045-10-12,14.53,9.21,79.29,317.32,77.9,102.1,0.11,0.956
2045-10-13,15.95,7.79,113.11,295.02,80.4,101.9,0.06,0.89
2045-10-14,17.28,8.09,86.27,325.11,83.5,101.2,5.66,0.978
2045-10-15,17.24,10.06,114.68,297.64,80.8,101.5,0.02,2.341
2045-10-16,17.55,9.56,100.52,307,81,101.4,0,0.818
2045-10-17,17.89,12,54.67,354.31,89.6,101,8.7,0.299
2045-10-18,14.2,9.45,35.12,332.96,93.5,100.6,5.59,0.988
2045-10-19,13.14,9,21.94,307.89,88,99.6,14.11,2.267
2045-10-20,14.16,7.56,92.91,281.36,77.5,99.7,0.27,4.981
2045-10-21,16.28,8.77,61.15,316.99,76.2,100.6,0.77,3.432
2045-10-22,13.6,8.93,79.89,289.18,72.8,101.8,0,4.538
2045-10-23,16.18,8.97,69.71,319.54,78.4,102.3,0,3.206
2045-10-24,16.58,11.58,81.9,314.86,82,101.9,0.04,2.704
2045-10-25,15.75,7.61,25.09,317.85,84.5,101,6.99,3.355
2045-10-26,12.63,7.3,72.19,293.17,70.8,101.9,0.07,3.681
2045-10-27,15.45,7.61,60.14,321.13,83.9,102,0.16,2.709
2045-10-28,15.59,10.63,68.86,326.58,85.4,102.2,0.02,3.193
2045-10-29,16.81,10.52,79.5,308.86,87,102.1,0,2.413
2045-10-30,16.95,11.25,66.58,321.45,86.6,101.6,0.09,2.486
2045-10-31,15.13,10.19,42.05,333.41,89.6,101.8,6.55,0.271
2045-11-01,13.31,9.13,17.72,346.39,92.7,102.1,13.01,1.728
2045-11-02,11.67,6.3,65.29,297.36,77.8,103.4,0.25,1.669
2045-11-03,11.5,6.84,58.76,309.13,79,103.6,0.08,0.876
2045-11-04,15.74,10.36,31.64,345.03,84.5,102.6,0.42,4.982
2045-11-05,14.81,11.79,22.8,355.04,91.7,102.2,1.5,2.964
2045-11-06,14.09,11.38,31.45,351.46,92.9,102.2,1.02,2.066
2045-11-07,13.16,11.47,34.41,346.31,90.3,102.4,0.58,2.407
2045-11-08,14.68,9.41,55.2,317.94,89.2,102.4,0.04,1.955
2045-11-09,12.94,8.51,68.03,300.31,86.3,101.9,0.04,3.842
2045-11-10,13.12,9.34,56.75,315.48,82.4,101.3,0.02,3.772
2045-11-11,12.52,7.38,41.07,316.33,83.8,100.9,0.59,2.482
2045-11-12,12.52,5.19,44.37,290.25,72.3,100,0.68,4.68
2045-11-13,8.54,3.58,64.88,270.41,74.4,100,1.06,2.749
2045-11-14,10.41,5.21,34.45,305.61,89.7,98.8,1.91,2.711
2045-11-15,10.81,6.88,56.44,293.08,79.4,99.2,0.1,4.296
2045-11-16,9.47,4.68,53.21,273.39,81.8,99.6,1.17,3.991
2045-11-17,8.82,2.84,53.75,269.91,72.7,101.6,0,1.339
2045-11-18,6.39,-0.86,52.93,240.97,82.9,102.7,0,0.896
2045-11-19,6.52,-2.58,61.13,239.44,88.3,102.3,0,0.673
2045-11-20,5.27,-0.33,14.07,297.31,95.9,101.9,1.79,0.36
2045-11-21,7.03,3.45,20.83,315.09,92.9,101.2,3.53,2.372
2045-11-22,9.82,6.06,29.55,324.03,95.7,100.6,0.99,0.333
2045-11-23,12.41,4.32,12.99,321.57,92.9,99.3,16.44,1.687
2045-11-24,11.49,8.38,33.18,297.11,86.9,97.4,0.25,1.551
2045-11-25,12.04,7.94,49.91,297.27,85,98.1,0.05,1.921
2045-11-26,10.76,4.55,47.28,273.19,85.1,99.8,0,3.176
2045-11-27,10.88,2.79,36,278.13,89.1,100.9,0,0.878
2045-11-28,8.62,6.87,18.16,309.96,89.3,100.3,1.38,3.632
2045-11-29,7.42,5.98,8.32,326.66,94.7,100,18.88,2.289
2045-11-30,6.03,2.36,21.22,307.04,85.5,100.8,0.56,2.004
2045-12-01,4.75,0.47,9.7,284.07,90.4,100.7,7.16,0.656
2045-12-02,12.1,2.55,28.76,296.03,88.4,100.8,2.15,1.848
2045-12-03,11.37,3.39,23.51,299.29,90.4,100.7,0.42,1.867
2045-12-04,6.61,1.71,14.66,300.86,92.3,101.1,16.63,1.016
2045-12-05,6.82,3.4,36.96,285.52,91,100.6,3.77,1.397
2045-12-06,11.84,4.42,13.92,296.76,85.5,100,5.3,2.313
2045-12-07,8.5,4.06,22.61,297.45,88.4,100.1,0.1,1.399
2045-12-08,6.18,4.12,8.53,314.23,93.5,100.5,8.25,0.643
2045-12-09,7.42,4.07,20.91,308.92,77.5,101.6,4.35,1.918
2045-12-10,5.3,0.5,26.03,274.12,77.6,102.5,0,1.063
2045-12-11,4.56,-1.57,27.97,267.25,86.4,102.4,0,0.343
2045-12-12,6.23,1.21,34.61,268.28,81.6,101.9,0,1.336
2045-12-13,9.03,4.32,16.96,299.08,81.6,100.7,1.42,1.765
2045-12-14,9.32,7.14,22.74,300.89,82.6,100.4,7.71,5.318
2045-12-15,12.12,6.77,10.18,329.27,90.1,101.4,6.51,3.977
2045-12-16,13.7,11.44,13.04,352.58,90,101.4,2.38,4.473
2045-12-17,13.42,10.26,28.28,337.97,89.6,101.7,0.19,3.112
2045-12-18,13.14,10.73,22.62,340.63,88.6,100.7,0.44,1.865
2045-12-19,11.3,7.31,15.71,313,92.1,100,1.73,1.786
2045-12-20,7.49,1.17,24.58,273.79,81.8,100.8,0.01,1.603
2045-12-21,4.33,-1.69,38.82,234.52,78.9,101.5,0,1.291
2045-12-22,5.86,-1.02,15.95,288.35,87.3,101.6,0.3,2.447
2045-12-23,9.31,3.95,26.49,293.92,87.6,101.2,0.08,4.646
2045-12-24,8.19,5.69,18.29,295.86,71.2,100.6,0.82,5.977
2045-12-25,7.89,5.16,26.71,296.02,70.8,101,0.07,3.443
2045-12-26,6.99,2.95,21.38,296.49,77.2,101.9,0.03,1.566
2045-12-27,9.93,2.91,13.35,322.75,89.4,102.2,2.05,1.327
2045-12-28,12.41,9.18,17.21,331.49,90.3,101.9,0.1,3.888
2045-12-29,11.27,7.26,17.49,324.21,92.6,102,2.04,2.642
2045-12-30,13.4,10.28,26.31,328,86.5,101.9,0.48,5.327
2045-12-31,12.39,9.87,22.66,332.87,87.9,102.1,0.56,4.042
2046-01-01,11.39,9.46,19,337.6,89.3,102.4,0.63,2.815
2046-01-02,11.11,7.63,22.26,321.28,92.2,102.5,0.75,1.837
2046-01-03,10.25,6.13,22.97,307.11,84,102,0.93,2.361
2046-01-04,7.36,3.55,35.41,269.19,73.7,102.3,0.19,2.704
2046-01-05,5.31,2.29,21.46,295.03,82.4,102.3,0.22,1.2
2046-01-06,3.26,-0.16,19.47,283.23,90,102,0.79,1.095
2046-01-07,2.58,-2.29,25.29,264.67,91.9,101.5,0.04,0.846
2046-01-08,1.2,-3.54,34.58,258.2,92.1,101.3,0.21,0.607
2046-01-09,0.6,-1.82,26.36,273.37,78.5,101.1,0.15,1.427
2046-01-10,3.89,-1.62,21.5,298.54,89,99.9,0.98,2.972
2046-01-11,4.1,3.21,15.55,313.41,92,99,8.41,4.892
2046-01-12,3.34,0.5,6.65,304.64,92.1,99,21.48,4.236
2046-01-13,3.04,0.42,22.34,293.61,79.9,100.5,0.27,2.975
2046-01-14,0.93,-2.56,24.33,269.95,80.7,102.3,0.47,2.02
2046-01-15,-0.54,-2.97,19.84,268.38,78.4,103.2,0.05,1.676
2046-01-16,-1.06,-3.34,5.71,287.95,96.4,102.3,12.76,2.541
2046-01-17,-2.67,-13.56,27.99,246.84,97.2,102.7,0.31,0.346
2046-01-18,-0.21,-11.32,29.91,257.86,97.4,102.4,0.74,0.848
2046-01-19,1.78,-10.59,28.85,272.55,94.7,101.8,0.12,2.271
2046-01-20,5.11,1.63,28.64,296.94,91.6,100.8,0,3.018
2046-01-21,5.67,2.02,27.71,305.22,94.2,99.5,3.6,0.759
2046-01-22,5.62,1.4,26.55,288.4,93.5,99.8,0.79,1.364
2046-01-23,8.61,2,46.81,283.36,88.4,99.8,0.1,4.519
2046-01-24,12.96,8.1,27.82,328.24,84.9,99.6,2.19,7.059
2046-01-25,12.92,11.63,21.17,348.17,85.4,99.7,4.71,5.302
2046-01-26,13.77,10.62,28.79,338.15,88.3,99.3,5.69,2.952
2046-01-27,11.98,6.14,18.46,313.18,89.4,99.1,4.41,3.098
2046-01-28,7.62,1.11,6.95,314.06,90.1,99.7,12.89,4.732
2046-01-29,3.05,0.79,13.39,304.26,85.2,99.7,8.11,5.58
2046-01-30,3.33,1.43,27.36,306.75,89.1,99.3,3.3,5.323
2046-01-31,4.55,1.72,49.28,292.26,75.9,99.9,1.02,4.026
2046-02-01,3.49,-2.09,63.44,249.34,69.1,100.4,0,1.925
2046-02-02,4.97,-2.13,53.84,258.15,81.3,100.2,0.23,2.159
2046-02-03,4.71,-1.35,44.15,261.44,84.6,100.3,0,1.227
2046-02-04,3.96,-2.17,65.43,248.24,79,99.6,0,1.005
2046-02-05,4.33,-2.6,58.46,259.15,84.6,99.3,0,0.77
2046-02-06,6.64,0.84,31.11,300.03,84.6,99.4,1.58,3.251
2046-02-07,12.95,6.7,50.31,310.79,92.4,98.2,0.75,1.528
2046-02-08,12.03,9.22,40.86,339.62,95,98.1,0.83,1.532
2046-02-09,12.19,8.66,65.67,315.19,90.9,98.1,0.22,0.971
2046-02-10,11.66,7.61,54.9,316.87,87,98,1.79,1.195
2046-02-11,8.13,4.04,26.84,314.34,93.5,98.1,15.64,0.725
2046-02-12,6.18,1.44,51.97,272.4,77.1,99.4,1.17,1.807
2046-02-13,6.86,0.35,85.64,249.41,75.1,100.1,0.18,3.343
2046-02-14,9.63,0.64,47.77,288.51,82.1,100.5,1.74,1.363
2046-02-15,15.29,9.68,69.98,326.67,89.3,100.8,0.18,4.897
2046-02-16,16.88,8.86,99.21,292.85,83,101.9,0,2.646
2046-02-17,12.65,7.76,93.84,283.89,90.4,101.6,0,1.072
2046-02-18,11.66,5.67,87.08,293.55,93.1,100.7,0.06,0.662
2046-02-19,13.48,8.13,64.21,325.35,91.8,100.8,0.24,1.246
2046-02-20,13.56,8.36,54.24,321.48,91.1,101.4,0.09,1.249
2046-02-21,13.85,8.88,84.2,301.1,85.6,101.5,0,1.832
2046-02-22,12.39,7.67,66.82,312.32,88,100.8,0.03,2.563
2046-02-23,14.43,6.59,73.5,316.22,89.6,100.7,0.93,0.41
2046-02-24,13.27,5.33,81.62,306.47,92,101.2,0.17,0.783
2046-02-25,13.19,9.95,56.19,341.4,91.1,101.1,1.34,2.037
2046-02-26,12.59,9.1,63.56,332.69,86.1,100.9,0.13,3.144
2046-02-27,11.21,5.41,100.24,292.05,82.6,101.4,0.04,2.844
2046-02-28,8.59,4.76,81.4,305.98,84.6,101.6,0.11,1.899
2046-03-01,8.98,4.57,81.98,307.44,83.1,101.2,0.25,1.86
2046-03-02,9.58,4.95,84.67,306.45,85.7,100.7,0.33,1.915
2046-03-03,10.18,3.74,75.61,302.14,89.6,100.3,0.37,0.839
2046-03-04,10.52,4.02,111.24,286.66,82.7,100.8,0,0.921
2046-03-05,8.76,6.03,83.34,310.32,78.3,101.1,0.13,1.917
2046-03-06,10.64,4.6,87.2,307.98,79.1,101.1,0.04,3.042
2046-03-07,12.75,6.6,88.76,312.85,85.9,101.5,0.07,2.234
2046-03-08,12.13,6.14,99.79,312.22,86.7,102.3,0.11,1.7
2046-03-09,10.3,3.71,130.58,278.96,84.9,102.7,0.04,1.411
2046-03-10,12.3,1.35,150.09,269.82,88.2,102.4,0,0.162
2046-03-11,9.69,5.49,92.01,298.99,75,100.9,0.29,3.995
2046-03-12,8.97,3.18,96.71,291.7,74.8,99.5,1.58,3.615
2046-03-13,5.89,0.11,104.01,273.66,61.1,99.3,1.92,4.281
2046-03-14,6.39,1.78,95.79,275.48,69.2,99.3,1.74,5.259
2046-03-15,8.76,0.74,122.33,253.02,65.4,100.3,0.04,3.459
2046-03-16,10.02,-2.05,141.39,255.92,75.6,101.4,0.04,0.672
2046-03-17,13.58,4.04,134.93,290.84,78.8,102.7,0,0.998
2046-03-18,14.63,3.9,180.61,254.85,67.7,103.1,0,1.159
2046-03-19,15.53,4.13,165.93,274.29,69.8,102.6,0,0.958
2046-03-20,15.28,8.26,76.82,323.84,75.7,101.6,0.25,1.105
2046-03-21,14.31,8.47,79.42,319.25,66.4,100.1,0.02,2.419
2046-03-22,15.05,9.24,146.57,310.81,74.2,99.6,1,0.865
2046-03-23,13.72,6.68,100.82,307.11,81.8,100,3.73,1.376
2046-03-24,11.24,5.35,136.25,286.41,66.1,101,0.12,4.074
2046-03-25,12.91,5.73,120.62,294.34,70.5,101.8,0.06,0.793
2046-03-26,13.27,3.3,145.96,279.64,72.8,101.9,0.05,0.273
2046-03-27,12.69,3.84,125.14,301.57,81.8,101.7,1.02,0.345
2046-03-28,9.85,5.39,98.28,313.77,75.5,101.4,1.87,2.109
2046-03-29,7.85,3.88,108.25,296.1,71.1,101.3,0.41,1.761
2046-03-30,8.87,2.94,105.82,298.92,77.1,101.4,1.22,1.185
2046-03-31,8.45,3.5,100.64,301.93,79.6,101.5,0.8,1.457
2046-04-01,9.57,4.41,105.27,308.59,81.3,101.5,2.04,1.063
2046-04-02,9.93,5.49,112.38,308.83,80.3,101.1,0.15,0.953
2046-04-03,8.77,4.54,97.13,306.22,78.6,100,0.71,1.172
2046-04-04,9.15,4.8,98.14,306.12,75.6,100,0.49,0.715
2046-04-05,8.79,2.75,119.69,291.42,83.7,101.1,3.4,0.851
2046-04-06,11.08,-0.59,229.57,249.46,64.1,101.7,0,1.061
2046-04-07,12.05,3.17,127.03,295.76,75.8,101.2,2.21,1.569
2046-04-08,10.04,4.65,118.58,300.22,70,101.2,0.2,3.486
2046-04-09,10.09,2.1,174.51,269.53,62.2,101.7,0.07,2.505
2046-04-10,10.4,3.35,177.74,283.18,61.8,101.6,0.09,2.628
2046-04-11,8.44,3.43,135.14,289.17,63.8,101.4,0.11,1.68
2046-04-12,8.49,4.07,145.4,285.96,66,100.9,0.04,0.743
2046-04-13,9.29,2.67,121.03,287.07,67.6,100.8,0.06,0.934
2046-04-14,10.03,4.54,118.18,300.38,57.6,100.8,0.03,2.46
2046-04-15,11.26,2.67,181.87,269.44,51,101.5,0,3.174
2046-04-16,9.57,1.27,143.43,278.37,64.1,102.7,0.07,1.602
2046-04-17,10.38,3.76,139.54,295.66,63.7,103.1,0.12,1.888
2046-04-18,12.27,3.94,236.56,266.77,63.6,103.1,0.07,0.759
2046-04-19,16.02,3.91,155.35,320.7,78.9,102.2,0.09,1.598
2046-04-20,15.43,7.95,189.8,314.07,77.6,100.7,0.4,2.215
2046-04-21,7.84,2.63,118.47,287.49,71.2,100,10.9,1.05
2046-04-22,9.05,2.9,184.95,270.49,56.2,100.3,0.67,3.725
2046-04-23,12.57,3.61,195.16,285.31,56.2,101.1,0.03,3.214
2046-04-24,13.2,7.79,175.49,301.47,58.6,101.2,0.09,2.158
2046-04-25,20.38,7.16,257.98,299.25,56.3,101,0,2.233
2046-04-26,17.27,12.3,132.54,341.42,75.6,100.6,5.99,2.936
2046-04-27,16.21,8.98,114.43,329.91,87.7,100.3,8.85,0.625
2046-04-28,15.67,5.51,153.49,310.15,82.1,100.9,8.91,1.019
2046-04-29,16.26,10.64,107.4,348.19,89.1,101.2,10.12,1.661
2046-04-30,13.89,8.27,111.99,335.78,82.3,102.1,2.15,1.932
2046-05-01,14.76,6.89,278.37,283.38,62.9,102.5,0.17,2.924
2046-05-02,14.75,5.54,225.82,284.06,64.6,102.6,0.05,2.823
2046-05-03,16.11,5.25,277.1,273.32,67.3,102.5,0,2.372
2046-05-04,14.94,4.83,229.55,275.35,75.6,102,0,0.638
2046-05-05,15.46,5.06,133.13,301.97,82.5,100.8,6.59,1.568
2046-05-06,13.64,4.75,193.2,297.08,75,100.7,1.17,1.216
2046-05-07,9.64,3.83,146.51,296.85,64.7,100.3,0.21,4.533
2046-05-08,11.13,5.03,193.16,302.24,71.6,99.2,7.62,2.583
2046-05-09,10.85,4.98,128.25,316.55,80.4,99.6,4.72,1.399
2046-05-10,10.94,4.97,109.47,314.28,85.4,99.8,13.07,1.704
2046-05-11,6.5,3.44,96.66,304.35,88,100.7,5.76,1.461
2046-05-12,10.61,2.77,154.62,298.17,77.3,101,0.68,1.889
2046-05-13,11.35,7.43,207.48,305.1,68.1,101.2,2.49,2.768
2046-05-14,11.55,6.16,184.86,301.87,62.8,101.8,0.54,1.031
2046-05-15,11.06,5.44,153.16,309.48,69,102.1,0.36,1.767
2046-05-16,16.76,8.1,272.08,303.42,69.9,102.1,0.05,3.388
2046-05-17,18.18,7.38,298.2,282.14,69.8,101.9,0,3.027
2046-05-18,15.45,7.35,207.92,318.11,80.9,101.2,1.28,1.672
2046-05-19,11.24,6.16,166.74,310.92,68.2,100.6,0.3,2.485
2046-05-20,11.56,5.96,155.25,308.63,71.7,100.3,1.06,1.03
2046-05-21,12.79,5.78,183.3,303.82,72.1,100.8,0.81,0.717
2046-05-22,12.53,6.9,129.09,313.19,79.3,100.4,1.8,2.956
2046-05-23,14.13,7.06,179.94,327.06,80.3,100,5.14,3.382
2046-05-24,17.06,6.64,276.96,291.13,72.3,101,3.27,2.759
2046-05-25,14.69,6.68,111.58,319.85,84.8,101,3.38,1.759
2046-05-26,18.83,10.13,285.34,304.97,67.9,101.1,0.13,3.567
2046-05-27,17.62,8.87,273.87,286.44,67.4,101.5,0.39,3.659
2046-05-28,16.97,8,188.01,313.86,84.4,101.4,2.57,1.462
2046-05-29,17.08,8.57,112.49,339.09,88.6,100.8,4.47,1.811
2046-05-30,17.51,10.57,283,307.2,73.4,100.9,2.94,3.692
2046-05-31,16.29,9.68,263.61,306.28,70.2,101.3,1.5,3.911
2046-06-01,15.08,8.78,244.34,305.41,66.9,101.7,0.06,4.194
2046-06-02,12.42,8.18,230.41,294.09,52,102.2,0.07,3.325
2046-06-03,13.45,4.84,209.73,291.85,61.4,102,0.16,1.748
2046-06-04,16.75,4.62,214.27,303.55,66.5,101.4,0,2.897
2046-06-05,17.24,10.58,188.47,331.41,77.1,101.3,1.18,2.287
2046-06-06,16.88,10.07,215.54,324.36,72.8,102.1,2.51,1.518
2046-06-07,17.27,6.01,287.93,281.27,65,102.7,0.06,0.571
2046-06-08,17.86,5.56,298.77,275.76,67.6,102.4,0.03,0.719
2046-06-09,18.08,7.82,185.66,323.95,76.5,101.7,1.35,0.382
2046-06-10,14.2,10.53,117.79,340.87,86.5,100.6,9.75,1.29
2046-06-11,17.22,10.47,195.78,333.63,82.4,99.6,8.01,0.576
2046-06-12,17.65,8.91,222.88,312.71,81.8,99.5,3.87,1.869
2046-06-13,17.56,10.18,204.95,316.95,77.1,99.8,1.16,4.117
2046-06-14,17.02,9.57,242.97,307.22,68.1,100.1,0.14,4.155
2046-06-15,16.79,8.64,212.37,305.55,72,100.3,0.63,2.094
2046-06-16,17.09,7.27,237.63,295.41,73.5,100.5,1.8,1.798
2046-06-17,18.85,7.65,260.47,293.57,70,100.5,0.2,1.089
2046-06-18,18.76,9.44,277.93,297.78,75.9,100.9,1.75,1.057
2046-06-19,19.65,9.12,257.22,309.83,73.7,101.2,0.17,0.377
2046-06-20,19.97,9.46,139.63,340.8,82.3,101.3,0.91,2.237
2046-06-21,22.66,15.2,269.81,353.62,76.2,101.7,4.29,3.069
2046-06-22,22.36,15.06,289,342.71,72.9,101.5,1.61,2.832
2046-06-23,21.13,13.81,269.57,328.93,75,100.9,2.96,0.744
2046-06-24,21.44,10.86,230.24,325.18,75,100.7,9.17,0.303
2046-06-25,20.23,14.61,204.83,353.62,84.9,100.7,13.29,1.751
2046-06-26,21.11,14.6,201.22,356.34,81.2,100.9,0.92,1.02
2046-06-27,21.28,13.84,237.37,336.98,80.3,100.4,3.84,3.177
2046-06-28,18.93,13.38,245.91,319.96,71.1,100.2,1.29,6.295
2046-06-29,19.78,12.72,309.46,304.47,64.9,101.5,0.06,4.099
2046-06-30,21.42,12.95,172.59,358.98,79.9,101.3,1.31,4.023
2046-07-01,20.62,13.36,211.78,326.93,72.9,101.1,0.03,3.196
2046-07-02,20.16,12.39,254.01,314.8,71.5,101.1,0.64,3.389
2046-07-03,19.76,12.1,292.72,304.25,69.5,101.6,0,2.458
2046-07-04,20.32,11.59,239.4,324.9,71.4,102.1,0.04,0.914
2046-07-05,22.4,11.43,315.88,305.82,64,101.9,0.04,0.714
2046-07-06,24.26,12.5,345.78,304.94,56.7,101.4,0,0.972
2046-07-07,23.39,12.99,224.54,343.56,72.7,100.8,1.75,2.737
2046-07-08,23.29,16.48,253.34,353.36,77.3,100.4,1.62,4.311
2046-07-09,20.59,14.37,276.91,317.16,67,101,0.09,4.593
2046-07-10,21.85,13.94,229.64,338.53,77,101.4,0.89,4.245
2046-07-11,24.4,18.05,278.24,360.72,79.2,101.4,0.04,4.665
2046-07-12,26.69,18.4,289.85,350.47,74.9,101.4,0,4.33
2046-07-13,32.94,18.17,312.55,363.97,59.4,100.7,0,1.625
2046-07-14,27.78,17.42,217.17,364.87,77.4,100.1,3.14,2.576
2046-07-15,21.39,14.88,295.11,314.74,66.2,100.8,0,4.766
2046-07-16,21.21,13.06,190.52,336.07,76,101.3,4.3,1.552
2046-07-17,20.69,14.24,227.31,340.19,78.3,100.6,4.01,2.543
2046-07-18,23.15,12.51,259.93,326.38,71.5,101.2,1.07,2.736
2046-07-19,20.9,14.06,278.64,319.47,70.1,101.2,0.52,3.043
2046-07-20,23.38,12.4,242.37,329.29,68.9,101.6,0.19,2.154
2046-07-21,24.38,18.13,248.65,360.47,76.7,100.9,0.21,4.282
2046-07-22,24.21,18.01,256.5,360.29,75.6,100.1,4.24,3.79
2046-07-23,21.7,15.86,208.53,353.78,80,100.3,5.25,0.65
2046-07-24,20.74,15.03,221.52,342.59,68.7,101.2,0.82,0.545
2046-07-25,20.98,12.85,264.03,308.14,62.8,101.4,0.04,1.993
2046-07-26,21.96,12.62,266.46,316.76,64.7,101.3,0.14,2.888
2046-07-27,22.69,15.38,181.78,361.05,81.4,100.9,4.62,2.567
2046-07-28,24.68,15.73,259.83,353.21,77.2,100.8,0.08,4.471
2046-07-29,26.53,18.89,261.73,359.58,77.8,100.5,0.39,3.36
2046-07-30,23.83,16.7,160.66,353.1,81.6,99.7,2.43,2.221
2046-07-31,23.35,15.56,221.28,333.02,73.2,100.1,1.35,3.227
2046-08-01,22.87,14.42,281.95,313.01,64.8,100.5,0.26,4.257
2046-08-02,25.34,16.13,233.77,359.25,72.3,100.6,0.44,2.212
2046-08-03,23.83,15.75,268.91,327.1,68.6,100.6,0.41,2.919
2046-08-04,21.49,15.56,134.16,345.01,79.9,100.2,4.23,1.222
2046-08-05,21.65,15.62,197.34,343.23,78.2,99.7,3.29,1.443
2046-08-06,22.58,14.76,233.6,330.66,73.8,100.3,0.49,3.595
2046-08-07,22.61,15.01,211.34,338.7,75.7,100.6,0.19,3.011
2046-08-08,22.46,15.6,249.53,332.39,73.4,101,0.12,4.076
2046-08-09,22.97,14.52,247.79,319.83,69.6,101.3,0.02,2.623
2046-08-10,24.43,13.47,205.61,342.13,75.9,101.3,1.25,2.622
2046-08-11,23.3,17.03,162.41,361.61,81.9,101.1,1.15,1.632
2046-08-12,20.96,13.85,174.02,342.47,85.4,100.3,14.29,2.481
2046-08-13,22.49,11.76,259.83,312.08,72.2,100.4,0.26,0.687
2046-08-14,27.05,16.98,231.4,365.46,78.4,101.2,0.3,1.156
2046-08-15,27.35,16.38,264.42,340.42,77.6,101.3,0,1.025
2046-08-16,22.53,14.03,143.06,359.21,81,101,2.44,1.252
2046-08-17,22.14,11.36,259.22,299.69,69,101.8,0.02,0.088
2046-08-18,23.73,12.56,269.37,316.26,70.2,101.4,0,2.862
2046-08-19,22.89,14.55,251.01,323.96,70.3,101.2,0.23,3.455
2046-08-20,21.67,14.54,218.26,325.62,72.5,101.3,0.1,2.904
2046-08-21,21.62,13.66,152.38,338.87,76.9,101.1,0.51,3.186
2046-08-22,20.5,12.54,179.65,319.79,72.8,101.2,0.1,0.555
2046-08-23,21.35,11.63,234.91,301.52,64.3,101.5,0.12,0.915
2046-08-24,22.2,10.52,238.13,296.3,65.7,101.4,0.11,0.409
2046-08-25,21.54,11.44,173.46,323.27,68.5,101.3,0.06,0.595
2046-08-26,23.87,13.61,149.41,348.7,64.5,101.2,0.52,1.323
2046-08-27,22.93,15.32,133.46,360.76,74.3,101.2,5.15,3.289
2046-08-28,22.87,16.18,181.05,362.37,80.8,101.4,10.43,2.859
2046-08-29,25.65,16.44,203.98,353.56,73.3,101.9,0.8,2.814
2046-08-30,25.01,14.57,223.67,328.15,67.2,102.1,0,2.655
2046-08-31,24.65,13.9,226.46,319.46,67.2,101.9,0,2.739
2046-09-01,24.29,13.23,229.24,312.08,67.3,101.6,0,2.823
2046-09-02,22.33,14.46,99.89,356.2,82.9,100.9,0.75,1.319
2046-09-03,23.54,15.04,183.23,343.89,79.7,100.7,0.24,1.254
2046-09-04,22.29,13.55,178.06,331.42,81.8,101.1,1.97,1.24
2046-09-05,22.23,14.22,178.9,338.36,81.5,101.4,0.63,0.94
2046-09-06,21.99,15.53,158.69,350.48,76.3,101.5,0.05,1.584
2046-09-07,24.14,15.48,151.3,358.43,72.4,100.9,3.95,0.945
2046-09-08,22.54,16.08,190.71,336.87,75.6,100.6,1.4,3.243
2046-09-09,22.87,14.85,167.96,343.71,78.6,101.1,0.49,3.583
2046-09-10,23,15.91,188.36,335.17,75.2,101.4,0.7,3.529
2046-09-11,23.32,15.49,135.26,356.84,80.5,101.6,0.15,3.371
2046-09-12,24.2,18.64,156.65,363.84,80.8,101.4,0.31,3.532
2046-09-13,22.42,15.24,139.72,337,73.8,101.2,0.11,3.353
2046-09-14,20.72,14.2,177.06,315.05,73.8,100.9,0.14,4.656
2046-09-15,19.84,12.62,100.93,326.35,78.2,101,0.29,3.441
2046-09-16,20.68,12.08,154.18,319.64,78.1,101.1,0.02,0.697
2046-09-17,23.94,13.48,125.48,361.23,81.1,101,0.46,4.159
2046-09-18,22.84,19.8,65,388.14,83.1,100.5,3.19,4.529
2046-09-19,23.55,15.07,92.34,382.21,88.4,100.1,24.58,2.347
2046-09-20,17.06,14.18,51.67,360.2,92.8,100.7,18.63,0.587
2046-09-21,20.41,14.09,71.17,363.37,92.1,100.5,16.59,2.057
2046-09-22,20.58,14.41,146.78,336.43,83,100.4,0.23,1.199
2046-09-23,18.63,13.79,134.68,326.84,77.5,100.6,0.27,2.705
2046-09-24,17.79,12.22,44.52,337.92,86.2,100.2,5.68,1.501
2046-09-25,16.56,10.48,111.3,310.79,78.1,100.5,0.09,3.573
2046-09-26,17.38,12.53,136.31,318.11,80.5,100.2,1.08,4.618
2046-09-27,15.89,11.51,105.87,308.34,85.1,100.3,1.54,2.665
2046-09-28,16.79,10.99,114.7,322.24,83.4,100.5,0.7,1.161
2046-09-29,16.98,11.8,106.9,332.5,78.2,100.8,0.04,1.701
2046-09-30,17.15,10.79,120.97,317.56,80.4,101.3,0.11,2.171
2046-10-01,17.6,9.58,112.57,317.99,73.5,101.2,0.04,1.906
2046-10-02,19.43,12.99,78.13,358.35,86.9,99.7,6.23,1.334
2046-10-03,16.95,10.17,148.23,288.39,72.4,100.2,0.03,4.953
2046-10-04,18.15,13.04,105.12,330.05,78.1,100.9,4.34,4.817
2046-10-05,21.65,16.42,103.12,365.51,83.5,101.3,0.36,3.229
2046-10-06,20.89,14.48,129.59,334.04,81.9,101.4,0.01,1.066
2046-10-07,19.58,12.4,71.75,332.71,91.1,101.5,0.72,0.593
2046-10-08,19.55,10.66,128.5,314.63,86.4,102,0.15,2.211
2046-10-09,21.07,13.65,98.95,340.12,82.8,101.9,0,4.924
2046-10-10,18.01,13.77,107.16,330.27,79.8,102.4,0.02,2.964
2046-10-11,20.72,14.5,128.83,333.08,76.2,101.7,0.03,3.448
2046-10-12,19.73,14.08,76.82,349.48,82.3,101.1,0.57,2.317
2046-10-13,15.81,10.29,102.07,320.38,77.5,101.5,3.55,2.388
2046-10-14,16.96,9.47,103.79,304.02,79.4,101.9,0,3.187
2046-10-15,18.25,11.32,87.67,321.28,79.7,101.3,0.43,5.121
2046-10-16,14.28,8.34,88.07,294.02,69.2,101.7,0.08,3.225
2046-10-17,14.73,7.2,59.69,317.75,85.9,102,0.03,1.561
2046-10-18,15.88,9.36,49.49,327.54,90.4,102.3,1.1,1.003
2046-10-19,16.21,7.92,103,301.24,82.5,102,0,1.579
2046-10-20,15.06,9.66,71.13,305.59,81.3,100.5,1.04,4.113
2046-10-21,12.06,8.91,29.48,321.4,86.4,99.3,9.27,1.611
2046-10-22,16.62,10.44,86.69,313.29,74.7,97.4,4.59,8.216
2046-10-23,13.98,8.3,81.34,299.27,67.1,98.9,3.27,4.436
2046-10-24,15.37,8.49,53.53,310.25,76,97.7,4.16,6.414
2046-10-25,11.91,7.87,83.33,275.35,72.3,99.1,0.33,4.844
2046-10-26,12.29,7.89,68.81,285.86,82.7,99.6,0.56,4.867
2046-10-27,12.98,6.23,54.14,313.36,90.2,99.3,2.31,0.549
2046-10-28,13.1,10.48,83.4,288.07,77.3,98.8,0.95,7.308
2046-10-29,14.41,9.97,88.57,300.21,77.4,99.4,21.58,3.733
2046-10-30,10.82,6.92,71.06,280.06,78.4,98.2,3.12,5.148
2046-10-31,10.9,7.4,58.18,286.96,79.7,98.2,2.48,4.682
2046-11-01,10.99,7.88,45.32,293.38,81,98.2,1.84,4.232
2046-11-02,10.26,7.36,52.31,291.62,77.7,99.4,1.76,4.974
2046-11-03,10.38,5.66,53.74,298.47,87.6,100.4,0.89,3.232
2046-11-04,9.59,4.54,77.2,269.04,81.9,101.2,0.14,2.429
2046-11-05,9.94,6.14,50.56,302.81,79.6,101.6,0.24,2.566
2046-11-06,10.44,5.59,49.96,302.08,92.8,101.3,0.75,0.235
2046-11-07,10.32,4.97,58.05,306.47,87.9,101.4,0.59,1.133
2046-11-08,12.49,8.53,64.94,288.74,74.8,100.5,0.19,5.921
2046-11-09,13.54,7.82,44.44,307.23,80.1,100.5,0.54,4.312
2046-11-10,13.88,10.34,45.04,329.1,85.6,99.6,0.83,5.177
2046-11-11,11.34,5.54,62.23,286.26,83,100.9,0.21,1.657
2046-11-12,12.94,5.97,32.92,326.38,87.7,101.3,1.33,1.611
2046-11-13,13.66,12.63,10.47,351.36,92.7,100.7,9.92,1.583
2046-11-14,13.55,10.33,53.58,321.33,86,99.5,6.3,3.059
2046-11-15,10.3,7.63,59.39,278.17,75.3,99.5,5.14,3.984
2046-11-16,9.92,5.68,60.14,286.36,82.8,99.1,15.32,2.887
2046-11-17,10.46,5.98,57.84,262.46,75,100.2,0,4.346
2046-11-18,8.22,4.27,29.33,291.96,88.1,100.5,2.12,1.737
2046-11-19,8.99,3.77,35.68,293.52,81,101,0,1.549
2046-11-20,8.92,4.1,39.12,278.06,84.4,102,0,2.405
2046-11-21,9.98,5.32,48.39,281.24,83.4,101.3,1.02,3.962
2046-11-22,12.78,7.22,13.9,327.6,87.8,100.9,3.08,4.953
2046-11-23,15.12,12.22,40.86,339.83,87,100.8,0.95,5.591
2046-11-24,15.79,9.32,22.88,320.36,76.3,100,1.54,7.834
2046-11-25,15.43,8.38,28.5,309.24,77.3,99.3,6.28,5.228
2046-11-26,15.37,7.3,33.25,288.33,65.3,99.1,0.04,7.639
2046-11-27,11.07,5.72,32.4,297.61,79.7,100.7,0,1.94
2046-11-28,13.94,11.08,30.76,323.49,85.3,99.9,0.05,2.337
2046-11-29,12.91,8.3,31.25,299.4,78.2,98.9,1.23,5.302
2046-11-30,13.86,9.21,28.4,314.53,80.2,98.9,3.72,4.842
2046-12-01,12.83,6.39,2.04,314.72,90.4,97.7,19.23,2.734
2046-12-02,7.43,3.68,41.33,268.39,82.2,99.7,0.08,0.353
2046-12-03,13.06,4.32,40.27,313.11,87.8,98.7,8.7,1.436
2046-12-04,13.08,10.22,33.69,302.17,80.5,99.1,0.63,4.077
2046-12-05,13.6,7.68,15.86,306.53,83.9,99.3,4.63,2.948
2046-12-06,10.36,7.28,42.79,267.69,67.8,100.5,0,5.47
2046-12-07,15.2,7.23,13.4,343.11,85.3,100.6,3.18,3.641
2046-12-08,15.76,13.51,17.59,355.37,88.8,100.2,2.01,3.309
2046-12-09,13.67,8.01,32.76,306.78,83.6,100.4,1.32,3.407
2046-12-10,12.29,6.89,29.63,302.17,88.8,101.1,0.06,2.307
2046-12-11,10.3,4.56,37.23,260.78,91.9,101.8,0,1.532
2046-12-12,8.21,4.64,24.66,307.38,93,101.6,0.32,1.953
2046-12-13,6.6,4.49,23.57,304.53,90.1,101.5,0.68,1.797
2046-12-14,8.93,3.48,10.04,313.83,91.5,100.5,5.68,1.408
2046-12-15,8.46,4.95,29.36,295.07,82.2,99.6,0.19,2.972
2046-12-16,8.91,0.69,14.59,296.56,89.2,99.8,8.96,1.41
2046-12-17,10.57,6.92,24.47,312.77,95.2,98.3,2.89,0.565
2046-12-18,9.08,5.52,32.58,299.38,91.4,99.4,0.13,0.264
2046-12-19,6.83,5.36,11.77,319.87,91,99.5,4.11,4.013
2046-12-20,6.09,3.03,23.69,289.57,82,101.3,0.08,1.496
2046-12-21,5.68,2.9,21.79,295.22,86.3,101.7,0.18,0.936
2046-12-22,6.35,3.99,25.93,300.29,87.5,101.5,0.2,2.55
2046-12-23,4.12,2.55,22.49,288.6,73.6,101.7,0.06,3.458
2046-12-24,3.93,1.1,22.29,284,81.1,102,0.06,1.276
2046-12-25,5.05,1.51,23.13,276.53,78.1,102.3,0.03,2.431
2046-12-26,3.83,-0.44,22.78,271.36,85.1,102.6,0.42,1.155
2046-12-27,4.2,0.52,20.34,290.61,94.3,101.6,0.8,0.793
2046-12-28,3.82,0.61,24.92,286.15,94.1,101,0.09,0.824
2046-12-29,4.31,0.46,31.51,269.84,94.3,101.4,0.05,0.783
2046-12-30,3.63,0.66,19.96,300.7,96.8,101.6,0.19,0.336
2046-12-31,3.8,-0.56,17.28,293.28,95.7,101.4,0.31,0.516
2047-01-01,3.97,-1.78,14.6,283.76,94.7,101.2,0.44,1.122
2047-01-02,2.31,-0.73,37.6,254.68,65.9,101.1,0.02,4.021
2047-01-03,0.82,-2.81,40.31,230.31,72.3,101.2,0,1.954
2047-01-04,2.06,-2.72,32.58,245.02,76.3,101.6,0,0.972
2047-01-05,2.61,-3.4,25.32,261.31,89.8,102.6,0.66,1.006
2047-01-06,4.54,-2.89,32.52,262.33,86.1,103.2,0,1.982
2047-01-07,6.11,0.01,35.87,268.95,88.3,103.1,0,2.416
2047-01-08,9,4.7,27.63,290.74,86.5,102.3,0,3.667
2047-01-09,11.02,5.28,23.04,299.28,80.8,101,1.19,4.479
2047-01-10,7.59,4.15,37.02,259.3,79.1,101,0.07,4.044
2047-01-11,6.47,2.84,44.87,260.79,77.9,101.5,0,2.813
2047-01-12,9.26,4.05,25.12,290.63,88.8,100.3,1.04,2.53
2047-01-13,11.91,3.84,25.33,294.29,86.2,100.2,4.84,4.022
2047-01-14,12.19,6.87,22.69,315.84,82.4,98.3,11.83,5.981
2047-01-15,7.79,5.11,38.39,281.61,73.7,98.4,0.25,5.93
2047-01-16,6.6,2.7,27.18,282.33,81.1,99.1,0.3,4.492
2047-01-17,6.17,2.3,44.53,263.65,82,98.9,0.02,1.811
2047-01-18,6.05,2.51,10.88,313.35,93.2,96.8,16.76,2.442
2047-01-19,5.29,0.39,24.07,282.95,91.9,97.5,5.27,1.152
2047-01-20,10.24,-0.13,46.28,289,83.4,99.8,0.82,2.305
2047-01-21,11.29,6.56,39.01,292.93,75.5,98.8,0.83,7.086
2047-01-22,9.17,5.52,40.17,285.8,81.3,99.4,0.11,4.028
2047-01-23,13.7,5.09,10.46,333.44,88.6,99.8,11.5,1.691
2047-01-24,11.11,6.2,40.81,291,76.8,99.8,0.14,5.114
2047-01-25,7.53,4.73,52.19,268.72,74,101.5,0.12,5.165
2047-01-26,11.49,5.22,51.35,285.17,88.9,102.5,0,4.147
2047-01-27,10.55,6.08,38.36,305.65,88,102.6,0.54,1.993
2047-01-28,9.73,6.14,45.96,311.95,90.1,102.1,0.21,2.01
2047-01-29,13.23,6.71,49.12,294.71,82.1,101.5,0,1.931
2047-01-30,11.61,6.86,49.46,297.68,85.2,101.8,1.6,1.829
2047-01-31,9.47,5.52,66.72,273.96,83.7,101.8,0,1.924
2047-02-01,12.78,6.26,16.22,329.05,85,99.9,9.34,3.699
2047-02-02,9.48,4.81,60.95,283.44,82,100,8.81,3.173
2047-02-03,7.38,2.27,45.3,282.14,80.2,101,6.41,1.498
2047-02-04,11.06,3.78,62.62,300.44,89.8,99,5.16,2.498
2047-02-05,8.01,2.91,34.22,301.46,89.3,99.5,1.71,1.746
2047-02-06,6.52,2.51,53.49,288.49,77.2,100.7,0.5,0.795
2047-02-07,14.3,5.22,35.3,317.76,88.3,99.8,1.96,2.802
2047-02-08,13.8,7.28,24.66,314.83,79.1,98.3,8.68,4.988
2047-02-09,9.5,6.47,65.05,273.75,74.8,98.7,0.4,4.345
2047-02-10,8.35,4.07,70.29,279.32,76.6,98.8,9.4,4.569
2047-02-11,7.05,3.08,30.36,284.39,82.9,99.4,11.19,0.135
2047-02-12,7.1,3.05,71.07,271.22,76.4,99.9,2.84,3.676
2047-02-13,10.89,3.4,54.88,292.71,84.3,99.7,3.82,3.331
2047-02-14,8.54,3.09,76.5,275.52,81.8,99.7,0.54,1.578
2047-02-15,9.41,3.4,60.09,304.69,87.5,100.6,1.97,1.924
2047-02-16,7.53,4.16,85.52,277.24,73.1,100,0.9,6.914
2047-02-17,10.26,4.9,75.01,285.57,81.6,100.8,0.23,6.09
2047-02-18,11.61,5.84,84.04,285.02,69.6,101,0.16,5.988
2047-02-19,10.92,5.03,67.11,287.63,78.4,101.9,0,1.753
2047-02-20,11.84,7.23,69.41,316.59,88,100.9,0.42,1.579
2047-02-21,10.77,5.11,86.76,280.58,78.7,101.2,2.24,4.365
2047-02-22,12.36,4.97,49.08,306,78.1,102.2,0.45,1.942
2047-02-23,17.46,11.01,80.85,307.94,69.9,101.6,0.02,2.123
2047-02-24,11.97,3.34,90.77,287.61,81.6,102.5,1.68,0.981
2047-02-25,12.14,2.61,100.39,285.04,85.7,102.6,0.03,0.884
2047-02-26,14.16,7.08,82.78,312.9,90,101.4,0.09,1.256
2047-02-27,13.95,9.43,88.49,323.87,85.8,100.1,1.2,2.349
2047-02-28,13.54,5.06,68.11,303.48,80,99.1,3.52,3.33
2047-03-01,8.34,4.14,99.39,276.74,68.6,99.7,0.27,6.322
2047-03-02,12.35,5.9,54.8,310.8,79.7,99.2,2.25,4.114
2047-03-03,10.21,6.37,84.63,282.58,74.7,99.5,0.15,3.998
2047-03-04,10.6,6.71,85.09,303.98,73.1,98.7,3.52,3.912
2047-03-05,10.85,6.34,127.35,266.42,63.8,99.4,0.13,4.821
2047-03-06,11.3,4.21,74.04,300.91,77.6,98.9,9.38,2.128
2047-03-07,10.23,2.3,112.67,264.45,71.1,100.6,0.06,1.654
2047-03-08,11.85,0.87,150.99,252.37,70.3,102,0,1.431
2047-03-09,13.09,5.24,135.06,276.57,75.3,101.8,0,2.038
2047-03-10,11.89,6.98,101.99,295.9,72.5,101,0,1.561
2047-03-11,12.83,5.49,112.53,293.2,79.5,100.1,1.98,3.03
2047-03-12,9.45,4.02,41.42,293.25,77.7,100.1,4.12,4.571
2047-03-13,11.95,4.84,74.13,293.89,75.1,100.6,2.68,7.263
2047-03-14,11.55,5.66,82.84,303.62,73.1,100.5,4.65,7.403
2047-03-15,10.55,5.46,146.18,276.44,60.7,101.8,0.03,4.073
2047-03-16,13.83,5.12,85.6,325.11,89,102.2,3.52,1.702
2047-03-17,13.06,8.83,139.55,305.09,83.4,102.5,0.04,3.945
2047-03-18,13.9,8.22,143.64,302.27,83.5,102.7,0.02,4.134
2047-03-19,13.9,6.81,141.56,295.98,83,102.9,0.04,2.506
2047-03-20,11.27,6.08,108.34,300,86.1,102.9,0.11,0.701
2047-03-21,16.2,3.62,184.57,263.77,84,102.7,0,0.63
2047-03-22,18.22,4.69,190.25,273.72,81.5,102.4,0,0.968
2047-03-23,16.38,8.58,184.07,286.43,79.9,101.6,0.02,2.391
2047-03-24,11.98,6.64,134.12,309.64,71.4,102.1,0.14,1.168
2047-03-25,13.57,7,98.66,319.88,85.1,101.6,0.14,1.323
2047-03-26,14.62,8.89,95.42,330.4,84.4,100.7,1.89,1.829
2047-03-27,12.17,5.25,139.84,276.69,72.1,101.1,0.81,2.88
2047-03-28,11.97,3.91,132.15,291.31,70.6,101.4,0.11,2.577
2047-03-29,12.85,7.53,74.49,324.09,86.7,100.6,2.59,2.219
2047-03-30,12.32,6.34,128.03,294.84,76.9,101,0.29,3.163
2047-03-31,11.97,7.52,154.74,290.05,63.2,101.4,1.42,5.105
2047-04-01,13.72,5.47,90.74,319.42,82,101.9,1.88,2.809
2047-04-02,16.27,9.99,156.17,331.98,78.1,102.4,0.91,4.745
2047-04-03,17.22,8.04,154,313.16,78.5,102.8,0.02,3.501
2047-04-04,13.99,7.43,148.04,305.56,68.5,102.6,0.55,5.527
2047-04-05,11.06,4.55,137.43,291.12,66.8,103.8,0.12,2.528
2047-04-06,13.62,3.27,212.79,266.53,75,103.3,0,3.549
2047-04-07,20.03,7.8,233.85,281.63,69.7,102.9,0,3.609
2047-04-08,20.64,9.55,231.47,286.92,57,102.4,0,3.999
2047-04-09,17.58,9.39,176.49,316.02,76.2,101.7,0.02,4.175
2047-04-10,14.31,5.73,83.55,321.88,83.2,101,9.07,4.142
2047-04-11,10.79,4.78,160.73,275.3,62.2,101.5,0.04,3.344
2047-04-12,10.53,5.38,194.8,269.57,62.1,101.3,0.71,5.331
2047-04-13,13.3,4.39,168.37,285.69,63.3,101,0.13,1.958
2047-04-14,12.65,4.74,162.76,305.1,71.2,99.7,6.55,4.301
2047-04-15,12.45,7.19,124.22,306.87,75.9,100.5,2.36,5.283
2047-04-16,13.63,7.87,154.33,299.52,69.9,101.1,0.07,3.914
2047-04-17,15.27,9.13,149.45,312.61,79.8,100.6,1.78,2.626
2047-04-18,17.53,10.61,230.2,312.33,68.9,101.1,0.03,4.839
2047-04-19,18.39,12.01,213.09,328.26,74.6,101.4,0.04,4.061
2047-04-20,19.02,12.9,227.93,319.31,76.5,101.3,0.04,1.123
2047-04-21,17.55,9.9,219.11,298.12,69.4,99.7,0.29,3.859
2047-04-22,12.95,8.81,143.1,313.96,71.8,100.3,1.28,8.067
2047-04-23,12.3,8.53,163.63,304.58,72,100.8,1.76,5.698
2047-04-24,13.09,8.13,189.65,288.43,63.2,101.5,0.31,5.918
2047-04-25,14.11,7.08,151.18,315.04,71.7,102.8,0.06,1.721
2047-04-26,17.57,10.05,169.07,335.98,83.5,103,0.2,0.52
2047-04-27,18.88,10.05,231.83,316.39,76.6,103,0.1,0.822
2047-04-28,19.29,7.88,290.16,270.4,64.3,102.3,0,0.984
2047-04-29,21.01,6.81,265.88,283.44,67.1,101.7,0,0.358
2047-04-30,23.39,9.04,278.1,301.36,68.1,101.5,0,1.805
2047-05-01,23.49,12.19,247.54,315.45,62.1,101.4,0,3.617
2047-05-02,24.7,11.11,282.92,304.32,73,101.7,0,0.95
2047-05-03,27.19,12.35,268.39,332.72,64,101.5,0,1.475
2047-05-04,18.3,10.47,148.36,318.32,73,101.8,1.01,2.475
2047-05-05,13.58,9.19,201.23,304.76,60,102.7,0.14,2.396
2047-05-06,15.53,7.81,280.16,274.83,60.4,103.2,0.07,1.613
2047-05-07,20.76,6.16,300.42,278.31,61.5,102.5,0,2.119
2047-05-08,23.42,10.21,294.75,304.13,71.2,101.7,0,1.192
2047-05-09,20.91,11.89,271.09,312.66,76.3,101.4,0.03,1.111
2047-05-10,24.42,10.2,218.56,334.03,78,100.4,2.63,1.309
2047-05-11,17.17,9.29,185.29,327.56,79.8,99.8,8.72,3.93
2047-05-12,13.74,7.91,136.96,313.13,71.7,100,3.17,2.712
2047-05-13,12.02,6.79,179.27,292.75,67.7,99.7,0.9,5.603
2047-05-14,12.34,7.68,137.53,311,78,98.5,6.83,2.342
2047-05-15,13.91,7.81,190.53,314.32,69.3,99.5,6.13,5.159
2047-05-16,14.96,8.07,171.81,307.03,74.1,99.6,5.63,3.44
2047-05-17,12.42,7.7,169.37,301.22,70.8,98.9,2.57,4.557
2047-05-18,11.68,7.62,152.44,307.16,75.1,99.7,6.72,7.028
2047-05-19,14.46,6.03,238.06,292.63,68.1,101.3,0.31,4.398
2047-05-20,17.6,4.71,301.58,271.18,67.3,102.3,0.03,0.899
2047-05-21,19.73,5.98,315.19,271.52,63.5,102.5,0.02,1.525
2047-05-22,20.16,7.58,312.52,284.38,65.1,102.2,0,2.001
2047-05-23,22.64,9.6,320.64,298.83,55.5,101.9,0,1.891
2047-05-24,21.68,9.88,326.43,290.68,55.1,102.2,0,2.435
2047-05-25,19.52,9.77,321.82,286.46,62.5,102.6,0.02,2.891
2047-05-26,19.83,7.56,324.59,276.93,58.5,102.1,0.01,2.985
2047-05-27,20.88,8.63,334.1,282.61,58.8,101,0,3.591
2047-05-28,18.99,9.05,268.94,300.8,61.8,100.5,0.09,3.27
2047-05-29,16.48,11.12,147.33,331.46,75.3,100.3,0.8,2.168
2047-05-30,21.62,11.68,267.28,334.15,72.9,100.7,1.11,0.92
2047-05-31,20.3,11.96,225.99,334.97,76.8,100.8,1.34,0.44
2047-06-01,18.97,12.23,184.6,335.98,80.8,100.9,1.57,1.104
2047-06-02,22.39,10.55,272.57,319.24,74.5,100.8,0.84,0.408
2047-06-03,19.73,12.8,218.88,337.32,76.4,100.5,10.09,1.98
2047-06-04,19.95,11.71,238.18,318.02,77,100.7,2.65,2.395
2047-06-05,17.38,8.5,193.39,309.87,81.8,100.3,3.17,1.614
2047-06-06,17.94,6.27,247.9,292.49,74.2,100.4,0.13,0.334
2047-06-07,21.29,8.25,308.39,294.45,67.8,100.8,0.03,1.216
2047-06-08,20.77,8.68,203.49,321.5,73.1,100.8,0.27,1.05
2047-06-09,19.4,13.28,187.41,354.04,79.6,100.6,8.3,1.438
2047-06-10,17.02,12.11,144.42,350.93,83.9,99.5,18.9,3.748
2047-06-11,14.25,10.66,102.27,334.57,86.7,99.4,11.89,5.516
2047-06-12,17.38,12.08,178.14,342.57,85.1,100,8.4,1.273
2047-06-13,18.36,9.84,169,330.72,86.3,100.8,5.17,1.37
2047-06-14,15.68,10.23,190.8,329.03,81.1,100.3,2.24,3.072
2047-06-15,16.56,9.45,153.43,333.55,87,100.1,6.13,3.257
2047-06-16,15.93,10.57,203.41,333.08,76.6,100.4,0.39,2.8
2047-06-17,16.7,11.33,213.51,332.52,72.6,101.2,0.32,1.403
2047-06-18,17.91,9.32,289.51,294.96,68.6,101.7,0.06,0.919
2047-06-19,19.42,9.73,307.7,297.3,68.2,101.9,0.03,1.855
2047-06-20,20.6,8.83,325.18,293.79,69.2,102.1,0,2.125
2047-06-21,19.78,11.86,233.85,329.52,72.3,101.9,0.87,2.153
2047-06-22,22.32,8.46,317.03,298.57,73,101.9,0.05,0.373
2047-06-23,25.17,10.26,308.21,318.95,71.5,101.8,0.17,0.496
2047-06-24,26.43,13.66,330.41,325.28,60.4,101.2,0.07,1.061
2047-06-25,18.82,13.05,274.38,318.1,65.4,101.2,0.1,4.481
2047-06-26,18.67,12.34,210,328.31,68.9,101,0.06,3.533
2047-06-27,17.16,11.97,223.41,318.12,68.1,100.4,0.94,5.032
2047-06-28,17.85,10.72,235.94,306.55,64.8,101.2,0.12,4.208
2047-06-29,20.85,12.29,162.46,358.48,79.8,101.2,1.14,3.55
2047-06-30,22.01,16.04,283.99,345.11,75.4,101.2,0.02,4.402
2047-07-01,20.31,13.19,303.37,306.41,66.5,101.5,0,3.664
2047-07-02,20.73,10.99,266.69,306.84,69.6,101.7,0.08,1.022
2047-07-03,23.06,10.4,296.17,307.97,66.3,101.7,0,0.485
2047-07-04,23.38,12,289.21,317.39,67.7,101.6,0.26,0.762
2047-07-05,22.98,15.08,227.97,344.39,73.1,101.8,0.08,0.895
2047-07-06,25.93,13.08,321.98,322.61,72.5,102.1,0,0.614
2047-07-07,27.8,14.36,331.97,327.71,68.8,102.1,0,0.748
2047-07-08,27.63,15.36,339.37,324.31,68,102.1,0,1.034
2047-07-09,30.35,15.41,327.06,340.7,69.6,102.1,0,0.388
2047-07-10,30.04,17.27,318.89,348.33,64.9,101.9,0,1.182
2047-07-11,30.62,17.7,339.3,334.14,51.4,101.4,0,2.051
2047-07-12,30.66,15.51,313.8,334.25,66.4,100.7,0.06,0.725
2047-07-13,26.86,16.48,297.65,343.92,69.8,100.7,0.08,1.992
2047-07-14,22.8,14.06,222.01,337.98,71.2,100.4,1.83,3.065
2047-07-15,20.18,12.39,271.49,310.01,65.4,101,0.31,3.382
2047-07-16,22.47,11.3,268.02,310.68,63.7,101.2,0.03,1.168
2047-07-17,21.05,11.88,270.16,309.82,64.8,100.9,0.05,3.264
2047-07-18,22.84,14.48,202.85,345.57,71.8,100.5,0.63,4.896
2047-07-19,22.69,14.99,182.75,346.44,76.7,100.3,0.85,5.937
2047-07-20,21.68,15.73,166.55,356.44,76.9,100.5,0.51,3.79
2047-07-21,23.05,16.06,200.33,353.17,73.5,101.1,0.04,3.948
2047-07-22,26.79,18.04,268.81,351.17,71.6,101.6,0.04,2.615
2047-07-23,25.06,16.25,296.22,337.67,73,101.2,0.21,3.913
2047-07-24,22.45,12.72,270,309.8,66.3,101.4,0.06,0.624
2047-07-25,24.29,12.99,288.19,310.82,65.6,101.4,0,1.135
2047-07-26,25.98,14.37,320.18,314.48,62.1,101.6,0,1.739
2047-07-27,23.96,15.71,300.13,333.11,73.3,101.8,0,2.49
2047-07-28,25.33,17.35,252.07,364.05,78.7,102.1,0.37,2.181
2047-07-29,23.06,16.45,268.64,346.61,77,102.1,0.19,2.617
2047-07-30,25.65,15.39,254.19,347.15,75.6,101.9,0.25,1.695
2047-07-31,26.86,14.26,278.32,332.25,73.3,101.8,0.13,1.221
2047-08-01,28.07,13.12,302.78,317.75,71,101.7,0,0.748
2047-08-02,30.98,14.29,310.62,320.71,62.5,101.5,0,0.657
2047-08-03,31.66,15.81,291.65,338.35,61.5,101.4,0.4,0.242
2047-08-04,33.02,17.22,301.5,334.69,45.5,101.1,0,1.13
2047-08-05,31.71,17.54,283.18,334.34,48.9,100.8,0,1.971
2047-08-06,31.24,16.54,274.48,335.49,54.5,100.8,0,2.207
2047-08-07,24.94,18.96,79.21,376.33,72.1,101.2,0.2,0.877
2047-08-08,28.76,15.7,285.6,327.07,51.7,101.4,0,1.322
2047-08-09,30.05,15.22,262.44,343.74,60.2,101.8,0.25,2.002
2047-08-10,30.14,14.94,289.06,326.03,58.3,102,0,2.646
2047-08-11,31.1,15.55,280.79,336.74,57.7,101.9,0,2.334
2047-08-12,32.48,15.96,286.02,340.73,55.5,101.7,1.64,2.864
2047-08-13,29.94,16.49,255.98,352.51,69.5,101.2,2.85,0.783
2047-08-14,25.39,18.41,142.28,368.7,75.7,101,0.69,1.101
2047-08-15,27.22,15.33,267.94,323.58,59.1,101.1,0,2.238
2047-08-16,28.88,14.12,218.61,340.64,63.4,101,0.08,1.883
2047-08-17,29.51,17.7,164.98,376.93,66.2,101,0.15,2.422
2047-08-18,28.48,17.54,184.28,370.72,77.4,100.7,6.5,0.87
2047-08-19,22.47,17.45,99.57,367.67,84.7,100.6,6.58,1.656
2047-08-20,22.84,14.38,166.2,341.4,72.3,100.9,0.37,2.314
2047-08-21,23.44,13.45,160.07,347.34,72.4,100.7,1.95,0.604
2047-08-22,25.7,14.33,226.15,332.1,70.4,100.8,0.05,1.721
2047-08-23,23.73,14.14,239.62,316.12,68.7,101.1,0,3.598
2047-08-24,24.78,14.49,201.11,327.9,70.5,101.7,0.02,1.179
2047-08-25,25.93,13.1,253.88,311.21,66.7,101.9,0,0.489
2047-08-26,27.62,14.06,250.34,319.7,61.8,101.8,0,0.87
2047-08-27,28.75,15.15,240.94,332.93,66.8,101.8,0,0.284
2047-08-28,29.5,16.92,223.56,340.96,60.9,101.5,0,2.217
2047-08-29,22.32,16.81,222.52,321.57,58.8,101.3,0.03,3.702
2047-08-30,23.69,14.95,205.68,323.93,60.3,100.4,0.05,5.626
2047-08-31,20.8,13.92,181.99,317.28,60,100.4,0.06,5.444
2047-09-01,17.92,12.9,158.42,310.86,59.6,100.5,0.06,5.292
2047-09-02,19.38,11.71,144.58,323.82,70.5,101,0.09,2.693
2047-09-03,23.29,11.39,184.8,324.74,74.2,101.4,0.05,1.364
2047-09-04,24.45,15.43,196.52,339.11,75.1,101.3,0.05,3.203
2047-09-05,23.6,15.75,148.01,349.28,79.7,101,0.59,4.275
2047-09-06,24.03,15.75,162.18,348.91,77.1,101,0.11,3.995
2047-09-07,23.68,13.85,188.24,328.16,70.5,101,0.06,3.601
2047-09-08,24.43,14.49,161.81,353.25,77.1,101.5,2.18,0.499
2047-09-09,28.34,13.19,214.53,327.69,68.2,101.6,0,0.455
2047-09-10,25.52,13.95,99.62,352.92,69.3,101.4,0.76,0.967
2047-09-11,23.97,14.19,177.26,332.38,73.6,101.5,0.31,1.281
2047-09-12,23.09,12.61,200.6,310.64,66.9,102,0,0.886
2047-09-13,20.95,14.36,79.76,365.06,80.7,101.6,2.66,4.058
2047-09-14,24.13,19.11,91.36,385.87,79.5,101.4,0.07,3.53
2047-09-15,25.42,18.85,145.81,369.43,80,101.5,0.29,4.079
2047-09-16,25.53,15.19,182.27,335.72,77.8,101.5,0.04,1.579
2047-09-17,28.8,14.42,175.94,353.18,72.1,100.9,0,1.086
2047-09-18,26.55,16.45,162.34,354.96,73.1,100.5,0.09,1.87
2047-09-19,20.16,12.51,167.53,311.76,62.8,101.5,0,3.058
2047-09-20,20.97,10.71,115.34,318.21,64.2,101.6,0,1.974
2047-09-21,23.37,14.58,117.33,360.57,78.4,100.8,1.77,3.792
2047-09-22,20.66,14.12,95.67,355.99,80.3,101.6,1.16,0.475
2047-09-23,24.16,13.94,143.28,345.02,65.9,101.5,0.05,0.84
2047-09-24,26.4,13.3,173.86,330.86,70,100.8,9.48,1.146
2047-09-25,22.6,13.31,112.81,352.51,84.5,100.6,8.92,3.466
2047-09-26,18.21,12.61,101.2,320.84,70.6,101.4,0.05,2.653
2047-09-27,22.14,12.3,112.11,342.53,80.1,100.8,2.36,2.658
2047-09-28,19.25,12.61,135.04,308.84,79.1,100.8,0.79,4.437
2047-09-29,19.78,12.05,134.98,308.28,73.7,100.8,0.62,5.276
2047-09-30,21.68,11.79,83.44,356.05,84.2,100.3,9.39,3.303
2047-10-01,15.88,10.06,107.16,296.37,67.7,100.7,0.17,3.998
2047-10-02,16.21,9.1,138.78,291.81,68,101,0,3.733
2047-10-03,18.51,11.35,98.47,327.87,72.4,99.2,6.73,2.374
2047-10-04,17.61,12.66,137.26,295.28,66.8,98.3,0.18,4.408
2047-10-05,14.95,11.57,50.81,310.72,80.3,98.7,0.87,1.907
2047-10-06,15.25,10.1,103.8,297.36,73.4,99.3,0.59,2.15
2047-10-07,17.4,11.14,95.64,329.69,81,98.3,4.78,2.231
2047-10-08,15.28,8.71,87.27,300.57,81.3,99.3,0.63,1.238
2047-10-09,14.71,8.69,62.79,311.51,82.8,99.8,0,0.899
2047-10-10,16.59,6.05,131.74,289.01,78,99.6,1.28,0.801
2047-10-11,14.89,10.54,100.2,295.67,80,98.9,0.59,2.761
2047-10-12,15.68,10.85,86.93,305.9,79.9,98.8,0.55,3.249
2047-10-13,15.68,9.02,118.13,282.95,79.6,99.6,0.16,3.31
2047-10-14,15.29,6.87,118.5,278.61,77.6,100.4,0.07,3.003
2047-10-15,15.19,8.18,75.85,308.94,80.9,101,15.21,2.042
2047-10-16,13.83,8.92,70.39,329.52,86.6,100.9,5.35,1.211
2047-10-17,16.23,6.56,117.24,298.52,85.7,102.2,0.05,0.717
2047-10-18,18.73,10.89,110.17,327.76,87.4,102,0.1,1.471
2047-10-19,19.4,13.95,56.67,356.68,89.3,102.1,0.72,2.347
2047-10-20,15.67,12.5,63.21,345.17,87.4,102.6,0.11,0.416
2047-10-21,20.43,12.92,95.88,338.27,86.7,101.9,0.03,3.193
2047-10-22,14.03,8.52,84.22,305.39,72.9,101.6,0.12,1.076
2047-10-23,10.72,4.51,84.23,282.16,76.1,101.8,0.1,0.46
2047-10-24,12.84,7.07,82.72,302.09,77.7,102.2,0.04,0.688
2047-10-25,13.12,6.48,79,294.08,83,102.6,0.07,1.128
2047-10-26,13.13,3.45,92.42,284.42,84.1,102.6,0.08,1.238
2047-10-27,12.46,6.66,71.2,306.21,86.1,101.9,0.07,0.789
2047-10-28,13.13,6.58,66.8,316.26,83.5,100.8,0.08,1.417
2047-10-29,11.66,9.59,32.17,337.14,91,99.9,2.94,2.911
2047-10-30,14.94,9.96,17.12,353.8,94.6,98.9,22.57,3.167
2047-10-31,15.28,9.29,35.51,335.43,93.1,98.7,11.29,1.384
2047-11-01,15.63,8.61,53.83,317.23,91.7,98.6,0,0.676
2047-11-02,14.98,8.16,61.84,307.82,91.7,99,0.99,1.014
2047-11-03,16.47,10.57,53.29,335.95,88.6,98.3,8.8,2.384
2047-11-04,15.83,12.07,70.36,310.26,77.4,99,0.12,4.237
2047-11-05,13.47,8.72,55.09,308.07,88.8,100.5,0.17,0.188
2047-11-06,12.48,9.17,60.71,321.54,66.9,101.5,0.32,4.472
2047-11-07,12.01,8.37,36.61,329.23,73.4,101.4,3.92,4.418
2047-11-08,16.33,11.05,28.98,345.83,93.5,100.3,1.97,1.356
2047-11-09,14.95,12.21,32.16,330.93,91.7,99.7,2.67,1.566
2047-11-10,14.96,10.67,63.05,311.21,89.7,99.4,0.2,0.936
2047-11-11,13.25,9.92,50.33,327.07,91.6,100.6,0.23,1.035
2047-11-12,11.79,9.72,43.71,330.14,90.3,101.6,0.16,0.548
2047-11-13,12.13,8.53,43.74,323.64,91.8,101.5,0.29,1.189
2047-11-14,15.03,11.57,18.07,361.15,94.6,101.1,8.23,1.312
2047-11-15,13.82,8.61,46.31,321.89,88.5,101.3,0.44,2.216
2047-11-16,9.13,4.54,64.26,266.26,77.2,101.6,0,1.528
2047-11-17,8.22,1.03,33.22,276.59,82.9,101.1,0.11,0.854
2047-11-18,7.81,-0.12,40.75,266.74,88.8,100,0.08,2.394
2047-11-19,8.12,5.47,28.83,289.83,60.8,99,2.38,4.445
2047-11-20,8.89,5.22,35.19,285.21,55.9,100.2,0.06,3.666
2047-11-21,9.54,3.21,23.27,291.88,83.7,101.5,2.27,3.025
2047-11-22,9.71,5.42,53.19,277.14,89.5,102.2,0.04,1.975
2047-11-23,11.49,7.44,45.68,305.4,89,102.4,0.1,3.234
2047-11-24,14.07,10.06,32.4,332.71,88.4,101.9,1.14,4.788
2047-11-25,13.71,10.76,22.36,347.69,91.3,102,0.24,2.563
2047-11-26,11.34,8.88,33.62,323.39,90.3,102.2,0.21,1.689
2047-11-27,10.49,6.01,28.41,301.34,78.6,102.4,0.29,2.687
2047-11-28,6.97,3.82,26.95,283.33,70.3,102.5,0.02,1.676
2047-11-29,7.15,3.89,37.66,268.91,85.2,102.4,0,1.224
2047-11-30,7.77,3.56,32.57,282.78,91,102.6,0.1,0.953
2047-12-01,7.97,3.35,27.32,294.76,91.9,102.9,0.09,0.6
2047-12-02,5.29,1.39,27.11,253.93,86,102.6,0.47,1.647
2047-12-03,5.29,0.21,37.3,250.02,74.2,102.5,0.05,2.428
2047-12-04,6.78,0.3,22.22,278.24,82.1,101.8,1.62,2.318
2047-12-05,4.45,-1.12,37.01,252.9,81,101.3,0,1.54
2047-12-06,2.09,0.36,6.1,298.11,91.9,100.3,8.57,2.281
2047-12-07,4.03,-0.04,18.72,287.03,85.9,99.9,0.1,0.998
2047-12-08,4.63,1.6,27.81,283.65,82.1,99.7,0.27,1.466
2047-12-09,5.58,0.97,23.99,282.63,82.2,100,0.05,2.563
2047-12-10,5.38,0.53,22.81,281.02,80.8,99.7,0.12,2.299
2047-12-11,6.18,1.93,22.75,294.96,93.9,99.9,2.22,1.909
2047-12-12,3.92,1.53,31.74,284.08,94.2,100.9,0.17,0.706
2047-12-13,6.28,0.4,25.31,279.48,92,102.6,0,0.961
2047-12-14,7.43,0.79,29.18,292.89,79.5,103.4,0.53,2.613
2047-12-15,11.32,7.48,35.3,315.33,90.8,103.2,0.74,3.507
2047-12-16,10.91,6.84,23.16,308.41,90.9,103.3,0.09,3.45
2047-12-17,10.3,7.38,27.06,310.48,90.1,103.1,0.07,3.248
2047-12-18,9,5.69,28.31,310.21,90.9,102.3,0.2,2.285
2047-12-19,8.27,4.69,25.22,309.48,90.3,101.2,0.2,1.402
2047-12-20,7.78,2.68,14.68,308.15,91.7,100.3,17.66,0.685
2047-12-21,4.41,1.96,18.14,291.88,79.9,101.1,0.98,1.787
2047-12-22,4.78,1.97,36.85,268.92,77.8,101.8,0,1.956
2047-12-23,9.16,2.48,10.96,309.86,91.5,100.6,3.54,3.403
2047-12-24,11.35,6.53,18.88,319.22,90.2,99.8,2.83,4.376
2047-12-25,7.85,5.11,28.9,285.08,80.5,100.3,0,4.487
2047-12-26,6.92,2.33,33.99,273.01,81.8,101.1,0.02,0.276
2047-12-27,4.89,2.66,30.62,287.18,68.5,101.5,2.8,3.043
2047-12-28,10.16,2.89,14.8,318.99,94.1,101.7,5.08,1.146
2047-12-29,10.11,4.41,22.89,310.54,96.1,102.3,0.25,0.833
2047-12-30,9.91,5.52,19.77,325.68,95.8,102.4,0.56,1.029
2047-12-31,7.98,2.66,30.28,288.04,94.6,102.3,0.28,0.955
2048-01-01,6.06,-0.2,40.94,249.13,93.5,102.2,0,0.941
2048-01-02,5.65,-1.81,38.43,263.95,92.9,102.2,0.09,0.631
2048-01-03,3.48,2.35,18.56,308.78,97.1,101.9,0.64,1.185
2048-01-04,2.59,1.35,23.17,298.23,91.5,101.8,0.53,0.477
2048-01-05,6.79,1.62,27.9,308.82,94.4,101.9,0.15,0.503
2048-01-06,12.69,6.8,7.46,335.73,92.5,100.6,2.72,2.043
2048-01-07,12.83,4.49,40.99,281.99,81.5,100.4,1,3.565
2048-01-08,8.82,5.39,17.34,315.08,88.2,99.9,4.05,1.302
2048-01-09,11.9,7.06,20.71,325.75,90,100.4,1.22,3.859
2048-01-10,13.7,11.55,24.5,336.76,87.9,100.9,0,5.736
2048-01-11,13.47,12.16,29.48,324.06,83.7,101.2,0,6.876
2048-01-12,13.97,11.31,30.21,322.77,86.9,101.5,0,5.652
2048-01-13,14.62,11.35,31.28,324.67,88.4,102,0.46,5.874
2048-01-14,14.62,9.46,24.94,337.3,88.5,102.1,1.77,4.363
2048-01-15,9.37,3.74,15.67,322.45,78.4,103,0.43,2.226
2048-01-16,8.67,4.09,16.5,324.72,93.9,102.2,5.01,0.924
2048-01-17,8.11,6.69,16.81,332.36,95.1,102.9,1.24,1.027
2048-01-18,8.31,4.25,31.62,301.71,87.8,103.3,0.52,1.006
2048-01-19,6.29,1.95,47.15,261.48,83.1,102.8,0,0.887
2048-01-20,12.27,6.13,36.8,314.97,91.1,102.1,0.35,1.622
2048-01-21,12.66,9.34,30.36,321.25,85.9,101.3,0.05,2.643
2048-01-22,12.84,10.74,34.17,329.15,86,100,0.97,1.806
2048-01-23,11.28,6.89,15.08,312.98,90.4,99,14.71,1.443
2048-01-24,9.3,6.19,46.35,283.78,90.6,98.9,0.92,1.088
2048-01-25,9.08,4.87,43.11,295.77,90.8,98,14.69,1.763
2048-01-26,7.11,4.18,31.21,294.16,85.5,98.2,4.45,4.851
2048-01-27,6.79,4.89,33.93,302.31,85.1,99.2,1.54,3.506
2048-01-28,6.6,2.78,17.87,305.4,89.4,99.8,3.63,1.081
2048-01-29,8.73,2.59,47.78,282.94,92,99.6,8.81,1.481
2048-01-30,9.46,4.51,69.12,264.86,87.2,99.3,1.09,1.285
2048-01-31,8.79,3.74,57.34,280.3,86,99.2,6.09,0.878
2048-02-01,8.03,3.98,46.86,301.12,83.1,98.4,15.54,2.214
2048-02-02,9.5,4.34,57.13,298.03,87.2,98.1,3.6,2.768
2048-02-03,9.29,6.63,34.82,296.7,83.2,98.8,0.36,4.471
2048-02-04,9.77,3.77,42.36,275.83,72.7,99.5,0.85,2.535
2048-02-05,10.78,4.67,75.95,273.57,82.2,99.6,1.23,1.574
2048-02-06,7.64,2.14,46.37,288.39,83.4,100.9,1.16,1.253
2048-02-07,4.96,-0.3,78.58,248.41,78.3,102.8,0,0.841
2048-02-08,5.65,0.03,46.16,275.25,81.8,103.3,0.02,0.56
2048-02-09,7.16,1.42,54.26,276.89,72.8,103.4,0.05,1.078
2048-02-10,6.6,0.22,90.06,229.08,75.4,103,0,2.093
2048-02-11,7.76,0.07,97.03,229.13,80.2,102.9,0,1.495
2048-02-12,5.91,-1.37,73.21,247.1,87,102.4,0.04,1.025
2048-02-13,7.16,-1.84,96.76,242.29,86.3,101.5,0,0.943
2048-02-14,11.47,4.11,68.68,304.88,83.2,100.8,0.19,2.374
2048-02-15,10.94,4.69,45.39,305.77,82.9,101,5.73,3.298
2048-02-16,9.23,3.42,18.45,315.59,93.3,101.5,12.94,0.3
2048-02-17,8.07,4.39,35.14,309.3,91.1,101.5,6.82,0.602
2048-02-18,9,4.75,89.29,274.89,77.5,101.6,0.73,4.15
2048-02-19,8.91,5.84,50.6,297.06,85,101.9,1.34,5.278
2048-02-20,12.51,7.28,44.62,326.46,84.7,101.2,0.56,5.501
2048-02-21,11.42,6.03,93,285.14,76.5,99.5,0.47,5.497
2048-02-22,8,5.51,42.11,307.7,85.1,97.7,4.3,1.813
2048-02-23,8.68,3.16,60.6,294.17,83.5,98.1,1.7,0.751
2048-02-24,7.89,2.53,68.19,292.47,88.6,98.8,0.51,1.307
2048-02-25,8.33,2.31,81.38,288.06,80.8,99.9,0.08,0.805
2048-02-26,10.45,1.44,52.79,303.62,87.7,100.9,0.09,1.083
2048-02-27,14.5,9.98,62.56,336.97,87.3,101.2,2.82,1.528
2048-02-28,10.12,5.02,26.14,310.3,94.5,101.7,14.01,1.235
2048-02-29,10.59,3.28,80.29,278.7,88.6,102,7.01,0.634
2048-03-01,11.05,1.55,134.85,251.11,82.7,102.2,0,0.599
2048-03-02,10.34,2.5,94.02,269.42,86.1,101.7,0.61,1.426
2048-03-03,7.69,4.31,78.07,293.15,77.3,100.2,3.76,5.705
2048-03-04,8.07,4.73,67.87,305.74,77.9,99.9,2.13,5.773
2048-03-05,8.05,4.32,84.78,294.74,79.7,100.3,2.11,3.424
2048-03-06,10.22,4.3,63.03,319.92,93.6,100.1,7.98,0.607
2048-03-07,11.9,6.18,66.92,320.43,94,100.2,2.2,0.256
2048-03-08,14.13,5.66,94.31,304.13,87.6,101.6,0.01,2.903
2048-03-09,14.03,7.93,112.8,306.46,81.1,101.8,0,3.972
2048-03-10,13.75,9.74,137.89,307.03,76.6,101.5,0.04,4.418
2048-03-11,16.41,9.15,149.43,292.43,75.4,101.9,0.06,2.854
2048-03-12,15.7,10.39,88.81,320.44,76.5,101.6,0,1.509
2048-03-13,15.93,9.25,129.48,293.76,71.7,102,0,3.722
2048-03-14,18.06,9.16,167.76,284.21,69.2,102.3,0,1.251
2048-03-15,10.46,6.48,52.62,303.63,86.4,102,1.44,1.947
2048-03-16,10.76,5.05,89.31,293.56,76.7,102.8,0.14,1.786
2048-03-17,11.12,4.38,119.06,289.81,73.2,102.7,0.1,2.06
2048-03-18,14.2,6.36,93.22,309.78,79,102.1,0.19,3.041
2048-03-19,13.48,5.73,163.19,278.58,74.1,102.5,0.02,3.087
2048-03-20,13.06,4.63,102.92,296.23,81.7,101.9,0,1.049
2048-03-21,15.31,7.52,96.9,324.38,85.1,101.2,14.1,2.079
2048-03-22,11.62,5.48,150.9,279.55,70.6,101.8,1.18,2.14
2048-03-23,11.76,3.92,148.75,266.17,74.8,102.9,0.14,0.837
2048-03-24,13.39,2.94,173.01,264.07,73.7,102.6,0,0.468
2048-03-25,14.34,2.82,177.45,267.31,69.6,102.2,0,1.69
2048-03-26,15.33,5.24,200.2,266.84,71.1,102.3,0,2.283
2048-03-27,16.83,4.54,201.41,283.12,79.3,101.6,0.02,1.316
2048-03-28,18.15,8.43,165.72,307.51,81.5,100.6,0.36,1.582
2048-03-29,18.28,8.76,154.08,310.3,79.4,100.2,1.15,2.891
2048-03-30,16.73,8.04,138.55,326.49,84.3,100.4,3.38,2.186
2048-03-31,16.06,6.64,201.32,279.94,70.4,100.8,0.1,2.467
2048-04-01,13.54,3.38,214.61,250.05,72.7,101.4,0,1.132
2048-04-02,14.87,2.97,224.19,254.96,72.3,102,0,0.803
2048-04-03,18.24,5.08,222,270.78,66.7,102.4,0,1.344
2048-04-04,12.2,7.83,107.79,311.7,77.8,102,4.23,2.669
2048-04-05,11,7.57,146.77,296.41,64.4,101.5,0.12,5.658
2048-04-06,10.11,6.67,126.24,307.11,73.6,100.9,2.63,5.445
2048-04-07,10.57,6.69,120.62,311.71,66.4,101.6,0.72,4.595
2048-04-08,11.9,6.47,115.19,308.58,70.7,102.5,0.16,2.494
2048-04-09,14.76,8.14,131.5,312.53,81.9,102.7,0.45,3.257
2048-04-10,15.8,8.99,138.3,314.5,81.5,102.8,0.16,3.222
2048-04-11,15.34,9.54,143.07,319.48,79.4,102.9,0.13,2.356
2048-04-12,16.3,8.61,207.39,297.82,78,103,0.06,1.609
2048-04-13,17.57,6.26,246.87,278.21,79.7,102.8,0,1.512
2048-04-14,15.68,7.45,187.22,299.1,83,102.9,0.2,0.635
2048-04-15,16.84,5.29,235,274.86,78.8,103.2,0,0.834
2048-04-16,18.69,5.17,262.46,266.02,77,102.9,0,0.246
2048-04-17,19.25,6.1,253.25,281.7,78.3,102.7,0,0.509
2048-04-18,20.3,7.08,244.4,283.5,73.3,102.4,0,0.621
2048-04-19,19.76,6.52,264.96,273.25,71.3,102.3,0,0.806
2048-04-20,21.47,8.72,266.58,282.71,63.4,102.2,0,0.464
2048-04-21,21.68,8.06,265.03,286.67,60.1,101.8,0,2.457
2048-04-22,15.87,8.46,176.48,294.42,63.7,100.7,0.04,5.267
2048-04-23,10.59,6.52,156.43,299.33,66.4,100.4,1.77,3.369
2048-04-24,9.7,4.28,164.09,273.63,48.9,101.1,0.03,1.991
2048-04-25,9.45,2.49,185.71,262.39,50.5,101.4,0,1.843
2048-04-26,11.09,2.78,169.57,278.01,53.6,101.5,0.02,1.029
2048-04-27,12.33,2.6,195.14,279.24,58.1,102,0.08,0.654
2048-04-28,13.6,6.07,149.12,304.38,69.5,101.9,0.12,1.636
2048-04-29,14.91,7.01,195.9,301.43,71.2,102.2,0.08,1.37
2048-04-30,17.17,5.44,213.76,297.67,78.7,102.6,0.03,1.141
2048-05-01,19.3,6.55,264.3,285.72,73.6,102.4,0.02,0.987
2048-05-02,20.44,6.22,286.72,277.41,67.2,101.8,0,1.405
2048-05-03,16.33,9.45,193.17,308.55,69.8,101.1,0.27,4.854
2048-05-04,16.45,9.08,228.95,300.34,59.7,101.9,0.11,3.565
2048-05-05,17.48,9.41,233.9,294.84,66,101.8,0.13,5.151
2048-05-06,18.48,7.59,226.13,302,67.6,102,0,3.164
2048-05-07,18.07,10.15,192.69,334.4,74,101.7,0.79,1.218
2048-05-08,15.6,8.13,308.74,265.11,52.5,102.4,0,1.993
2048-05-09,13.53,4.36,221.54,278.18,59.8,102.6,0.18,2.318
2048-05-10,15.83,3.93,307.6,249.04,56.3,102.9,0,1.28
2048-05-11,19.7,6.03,292.46,281.94,58.5,102.8,0.02,0.621
2048-05-12,18.81,7.43,227.42,308.97,69.7,102.7,0.04,1.588
2048-05-13,19.41,9.77,271.23,301.1,64.1,102.6,0.02,1.673
2048-05-14,18.67,8.65,280.72,287.38,63.1,102.5,0.06,1.419
2048-05-15,19.95,4.28,326.33,257.82,59.5,102.5,0,0.824
2048-05-16,20.57,6.11,326.09,262.18,56.7,102.2,0,0.715
2048-05-17,20.99,10.47,237.33,312.97,64.1,101.7,0.05,3.363
2048-05-18,18.89,9.99,239.22,302.49,67.7,102,0.04,2.924
2048-05-19,19.41,10.01,153.82,333.74,82.7,101.8,3.74,2.514
2048-05-20,15.14,7.82,214.85,299.54,65.3,101.9,0.05,1.713
2048-05-21,19.73,6.73,297.86,282.35,61.3,102,0,3.059
2048-05-22,15.49,9.72,246.38,295.18,62.2,102.4,0.18,3.11
2048-05-23,19.08,9.67,316.44,283.74,58.7,102.9,0.02,0.947
2048-05-24,18.29,6.83,330.55,265.51,61.6,103,0,2.775
2048-05-25,20.81,7.9,331.78,273.19,53,102.9,0,2.834
2048-05-26,24.26,8.26,298.44,309,62.7,102.7,0.05,1.727
2048-05-27,24.99,8.83,316.44,299.89,61.6,102.4,0,1.34
2048-05-28,21.14,9.93,288.72,301.29,63.2,101.6,0.02,1.523
2048-05-29,18.3,9.7,306.75,283.83,57.6,101.4,0.04,1.957
2048-05-30,19.8,6.29,283.04,284.84,65.1,101.5,0.03,0.923
2048-05-31,20.53,5.78,315.06,275.3,62.1,101.4,0,0.811
2048-06-01,21.25,5.28,347.18,265.45,59.2,101.4,0,0.919
2048-06-02,23.72,10.38,347.48,281.67,45,101.4,0,1.102
2048-06-03,23.65,7.26,344.07,274.85,58.7,101.4,0,0.471
2048-06-04,24.06,8.52,263.13,312.25,61.2,101.4,0.06,0.762
2048-06-05,24.24,10.3,324.32,295.91,59.9,101.4,0.02,0.457
2048-06-06,25.5,11.13,267.9,316.97,66.8,101.2,0.39,0.579
2048-06-07,24.29,13.98,291.69,321.22,66.7,101.3,1.99,0.799
2048-06-08,26.57,11.12,344.51,299.33,56.4,101.4,0,0.884
2048-06-09,26.96,13.49,299.08,332.41,65.7,101.5,0.77,0.704
2048-06-10,28.01,14.6,329.14,320.76,58.8,101.4,0,1.903
2048-06-11,27.44,12.06,339.37,302.61,46,101.5,0,2.459
2048-06-12,27.46,12.17,330.1,309.5,52.8,101.4,0.32,2.824
2048-06-13,27.92,13.01,320,322.69,61.2,101.6,0.47,1.545
2048-06-14,30.28,15.29,275.4,341.36,52.8,101.5,0.02,1.635
2048-06-15,22.49,13.35,302.02,309.41,57.2,101.3,3.3,4.01
2048-06-16,21.64,9.97,219.67,323.53,63.7,100.8,1.46,2.946
2048-06-17,18.47,12.2,215.93,304.73,52.9,99.5,0.22,5.632
2048-06-18,16.75,10.06,186.87,319.07,63.3,100,2.54,3.294
2048-06-19,18.98,7.96,237.14,293.62,59,100.8,0.49,1.707
2048-06-20,21.97,9.3,248.13,304.88,60.5,101.7,0.1,0.8
2048-06-21,20.83,10.69,248.41,315.93,65.1,101.9,0,1.407
2048-06-22,21.96,10.08,233.51,323.53,73.1,101.4,0.05,1.34
2048-06-23,24.21,11.83,210.38,349.73,72.1,100.8,0.32,1.065
2048-06-24,24.45,15.74,225.43,355,67.5,100.1,1.26,1.349
2048-06-25,21.26,12.33,203.59,338.42,69.5,99.6,8.72,1.03
2048-06-26,20.21,12.31,134.41,355.93,82.2,98.9,22.13,3.805
2048-06-27,21.87,13.68,261.57,337.47,71,99.9,1.26,4.218
2048-06-28,21.11,14.2,178.06,343.92,76,100.5,2.54,1.479
2048-06-29,20.77,13.15,251.19,329.34,77.6,100.5,5.65,1.418
2048-06-30,19.76,10.5,270.58,306.65,73.7,100.8,3.22,2.155
2048-07-01,20.69,12.58,256.53,324.37,70.5,101.1,0.12,3.742
2048-07-02,21.77,14.12,250.57,332.92,71.9,101.4,0.4,2.265
2048-07-03,23.28,12.54,314.13,316.45,68.9,102.1,0,0.847
2048-07-04,28.36,13.36,338.21,326.23,63.7,102.1,0,1.076
2048-07-05,26.75,15.48,252.65,354.6,71.8,101.6,0.15,2.884
2048-07-06,20.09,13.52,232.3,324.07,62.6,101.3,0.02,4.72
2048-07-07,19.81,12.4,275.21,309.24,64.2,101.5,0,3.895
2048-07-08,21.39,13.95,254.89,335.16,70.6,100.9,0.92,2.342
2048-07-09,20.53,13.16,200.38,336.82,77.3,101,3.5,0.639
2048-07-10,21.4,10.49,280.76,306.02,70.6,101.6,0.07,1.739
2048-07-11,23.36,13.23,309.2,322.8,69.6,101.7,0.05,3.337
2048-07-12,21.57,14.37,271.61,333.1,68.3,101.7,0.07,3.215
2048-07-13,21.04,14.63,208.92,337.15,69.6,101.4,0.2,2.242
2048-07-14,20.56,13.84,233.99,332.26,74.3,101,5.36,1.033
2048-07-15,21.09,12.13,302.17,296.68,60.8,101.1,0.09,1.819
2048-07-16,22.3,11.11,196.62,328.18,66.8,100.8,11.76,0.668
2048-07-17,20.46,14.18,212.39,346.74,80.4,99.9,5.82,1.216
2048-07-18,22.83,11.84,278.74,314.28,66.3,100.6,0.23,0.479
2048-07-19,17.32,14.54,74.8,369.25,91.5,99.9,15.91,3.899
2048-07-20,18.74,14.9,124.4,368.57,85.4,100.3,9.21,1.791
2048-07-21,21.34,10.83,242.72,314.45,71.7,100.5,0.16,0.276
2048-07-22,18.09,13.48,111.2,344.82,85.4,100.2,4.27,0.548
2048-07-23,21.21,11.96,231.96,319.65,72.1,100.7,1.43,2.288
2048-07-24,20.38,11.55,218.26,326.09,81.7,100.1,5.94,1.255
2048-07-25,20.64,15.25,208.25,348.17,82,99.8,5.15,2.918
2048-07-26,21.1,14.21,253.69,325.8,69.5,100.8,0.02,3.429
2048-07-27,21.4,12.39,196.77,342.02,83.4,101,5.51,0.995
2048-07-28,22.53,15.83,256.5,339.31,75.8,100.8,0.51,3.718
2048-07-29,22.87,14.46,271.48,316.3,67.2,101.7,0.03,1.428
2048-07-30,24.5,13.08,270.97,323.35,63.5,102,0.05,2.312
2048-07-31,24.1,13.93,254.2,328.05,64.2,101.8,0.03,2.554
2048-08-01,23.7,14.77,237.61,332.83,64.9,101.7,0,2.797
2048-08-02,26.34,15.33,284.85,337.12,69.1,100.9,0.39,2.862
2048-08-03,25.15,16.73,183.69,360.1,79.6,100.5,0.56,0.711
2048-08-04,25.19,16.53,264.38,336.71,70.6,100.9,1.05,3.199
2048-08-05,22.65,14.61,168.36,344.89,75.4,100.6,4.52,0.903
2048-08-06,19.69,15.29,182.13,329.77,78.4,100,5.35,3.783
2048-08-07,23.3,15.24,236.44,337.34,72.3,100.6,1.56,2.849
2048-08-08,22.66,15.85,214.03,345.71,77.8,100.3,2.05,1.516
2048-08-09,22.24,15.37,217.36,342.52,73.3,100.7,2.36,2.292
2048-08-10,20.87,14.41,213.65,334.22,81.3,100.6,4.32,3.478
2048-08-11,22.21,13.51,261.46,311.26,66.5,100.9,0.26,3.935
2048-08-12,20.09,13.68,153.81,342.65,72,100.6,1.88,1.018
2048-08-13,21.33,15.25,88.36,375.66,91.2,98.8,11.79,0.764
2048-08-14,20.54,15.11,218.65,331.62,74.2,98.6,0.96,7.725
2048-08-15,20.54,15.13,171.31,358.55,79.7,99.1,2.44,5.734
2048-08-16,21.55,14.12,246,323.28,70.7,100.7,0.08,3.764
2048-08-17,22.79,11.92,243.93,313.29,67.4,100.8,0,0.733
2048-08-18,21.01,13.44,128.8,342.58,77.7,99.8,1.1,2.368
2048-08-19,19.78,15.23,178.6,346.95,87.5,99.7,13.22,1.678
2048-08-20,20.3,14.49,115.91,358.84,87.8,100.3,3.68,1.091
2048-08-21,21.48,15.95,186.02,355.38,85.6,99.8,10.8,2.563
2048-08-22,20.97,16.45,183.73,348.13,83.3,99.6,3.26,1.315
2048-08-23,20.76,16.7,172.13,350.35,80.7,100.1,3.6,4.076
2048-08-24,23.47,16.12,186.9,350.03,74.2,100.2,0.38,1.241
2048-08-25,23.5,15.43,185.84,353.36,78.7,100,1,1.136
2048-08-26,21.3,15.14,148.84,351.77,88.6,100.2,10.16,1.44
2048-08-27,21.79,15.99,128.73,357.39,86.1,100,8.03,1.196
2048-08-28,22.51,13.6,165.21,341.32,79.8,100,0.01,1.185
2048-08-29,20.38,14.37,187.69,332.86,84.7,99.8,5.5,1.651
2048-08-30,21.31,13.04,215.35,314.39,81.8,100.5,1.64,1.207
2048-08-31,22.17,12.77,213.68,316.12,80.5,101.1,0.83,1.002
2048-09-01,23.04,12.51,212.01,318.64,79.2,101.7,0,0.816
2048-09-02,23.91,13.4,233.15,325.37,73.9,102.2,0,2.381
2048-09-03,23.52,14.38,231.2,321.67,77,101.9,0,3.037
2048-09-04,19.92,15.54,171.41,343.4,75,102,0.12,2.772
2048-09-05,19.76,14.59,144.82,345.97,76.9,102.5,0.22,1.083
2048-09-06,22.22,12.72,174.42,336.23,74.7,102.6,0.09,0.293
2048-09-07,21.43,15.48,168.47,344.13,75.7,101.8,0.15,0.623
2048-09-08,23.36,15.38,150.52,345.94,76.4,100.6,0.57,1.971
2048-09-09,20.19,13.91,189.23,315.18,70.3,100.6,0.02,3.138
2048-09-10,21.3,13.12,162.67,327.65,77.5,100.9,0,2.711
2048-09-11,20.2,14.68,100.92,354.38,85.1,100.7,3.55,1.686
2048-09-12,19.36,15.04,127.59,336.95,72.5,100.1,1.19,3.714
2048-09-13,19.57,13.22,189,305.44,71.5,100.4,0.05,4.395
2048-09-14,19.46,12.36,174.27,306.49,70.1,101,0.02,2.568
2048-09-15,20.44,12.48,115.27,334.82,76.2,100.9,0.48,1.539
2048-09-16,20.55,11.86,110.92,336.26,84.5,99.9,12.8,1.523
2048-09-17,16.47,13.62,71.14,346.13,87.7,99,6.83,4.622
2048-09-18,19.29,13.33,140.03,321.7,80.3,100.5,0.27,4.003
2048-09-19,20.47,13.13,159.14,320.05,78.2,101,0.05,3.283
2048-09-20,20.87,13.21,173.01,313.62,75.1,101,0.06,2.578
2048-09-21,19.51,12.8,74.53,342.61,88.3,101.1,5.04,2.08
2048-09-22,17.4,11.29,115.14,318.36,80.5,101.2,0.46,2.964
2048-09-23,18.37,10.85,134.87,316.35,79.4,101.1,0.09,2.6
2048-09-24,20.2,11.92,129.6,326.73,80.2,101.1,0,1.486
2048-09-25,18.47,11.22,82.17,327.96,83.2,100.8,3.56,1.685
2048-09-26,18.68,9.94,126.26,319.66,73.4,101,0,1.295
2048-09-27,18.22,12.44,142.04,313.43,71.4,101,0.13,3.062
2048-09-28,18.86,11.71,105.35,330.33,83.1,101.7,4.18,2.192
2048-09-29,17.56,12.19,61.98,348.26,87.6,101.8,4.86,0.944
2048-09-30,24.66,15.72,135.29,353.6,81.3,101.3,0.11,1.832
2048-10-01,24.46,13.29,153.88,328.36,85.6,101.4,0,1.246
2048-10-02,25.44,13.68,154.91,332.44,82.9,101.5,0,0.933
2048-10-03,25.35,13.84,151.66,340.76,81.5,101.1,0.1,1.035
2048-10-04,25.21,15.93,140.34,345.65,81.1,100.5,0.2,1.253
2048-10-05,22.85,14.89,109.65,343.25,84,100.4,0.17,1.152
2048-10-06,20.46,12.97,67.09,347.82,82.3,100.1,3.49,1.698
2048-10-07,16.54,11.33,111.85,290.74,72.9,100.4,0.48,2.249
2048-10-08,16.1,9.46,118.34,287.96,76.7,100.6,0.84,1.145
2048-10-09,15.06,6.65,130.53,272.61,80,100.4,0.02,0.223
2048-10-10,16.18,6.25,118.76,287.69,76.1,101,0,1.098
2048-10-11,20.43,11.06,57.94,358.85,86.7,100.8,1.08,2.01
2048-10-12,20.45,16.11,113.77,341.05,79.4,101.4,0,2.983
2048-10-13,20.73,16.56,90.71,360.83,81.9,101.5,0.1,4.082
2048-10-14,20.2,15.05,100.14,348.53,81,101.7,0.07,3.116
2048-10-15,20.32,15.66,102.46,347.53,81.7,101.5,0.09,2.552
2048-10-16,20.52,15.49,103.28,345.79,82.7,101.4,0.14,1.566
2048-10-17,18.81,14.85,59.98,362.37,87.5,101.8,0.26,0.454
2048-10-18,18.4,12.62,68.86,342.31,90.4,102.1,0.5,1.178
2048-10-19,18.27,11.23,76.87,342.07,91.6,102.2,0.15,1.402
2048-10-20,18.19,14.35,69.61,355.95,86.2,102.5,0.21,1.734
2048-10-21,18,12.68,65.48,342.65,87,102.6,0.13,1.123
2048-10-22,15.64,9.48,68.25,318.66,93.8,102.1,0.19,0.411
2048-10-23,16.92,8.99,74.65,333.22,93,101.2,0.91,0.742
2048-10-24,14.27,6.42,87.12,297.35,69.1,101.8,0.86,1.019
2048-10-25,11.02,2.98,100.76,251.92,76.6,102.6,0,0.547
2048-10-26,13.13,5.57,58.65,301.56,75.9,102.1,0,1.208
2048-10-27,14.67,7.16,82.73,300.52,80.2,101.6,0,0.527
2048-10-28,16.09,8.43,80.02,319.63,83.2,101.3,0.18,0.906
2048-10-29,17.5,13.3,35.19,360.05,93.9,101,5.81,0.705
2048-10-30,16.62,13.28,24.51,356.45,97,100.8,7.59,0.373
2048-10-31,16.46,13.17,28.74,355.21,94.6,100.8,4.62,0.608
2048-11-01,16.29,13.06,32.96,354.17,92.2,100.8,1.66,1.022
2048-11-02,16.47,13.32,73.05,319.5,79.1,99.3,2.89,4.17
2048-11-03,13.75,10.51,30.5,321.27,88.1,98.3,5.58,2.384
2048-11-04,12.81,7.93,63.53,289.36,81.5,98.3,0.22,5.62
2048-11-05,10.86,4.95,66.28,276.6,89.2,98.5,0,0.456
2048-11-06,10.29,5.26,43.6,300.14,82.8,99.6,0.19,0.406
2048-11-07,10.36,4.66,49.85,292.52,79.3,99.9,7.57,4.622
2048-11-08,13.01,8.7,16.65,348.51,92.1,98,7.78,4.943
2048-11-09,15.18,9.88,56.89,325.42,88,98.5,1.13,1.126
2048-11-10,14.14,12.21,36.16,339.07,88.2,98.8,0.88,2.081
2048-11-11,12.92,9.94,14.33,322.39,90.8,97.7,9.35,1.989
2048-11-12,12.9,8.6,61.08,284.22,85.4,97.6,0.08,1.274
2048-11-13,11.61,5.76,57.25,280.07,88.5,98.5,0.49,1.559
2048-11-14,9.71,6.53,29.3,308.43,88.1,99.8,13.66,2.893
2048-11-15,11.08,6.44,49.81,297.44,84.4,100.7,0.02,1.216
2048-11-16,13.39,7.33,32.28,315.83,89.2,99.3,3.82,1.124
2048-11-17,10.68,6.35,41.08,286.19,75.7,100.1,0.32,3.341
2048-11-18,11.84,6.75,34.95,306.57,81.2,100.8,0.28,2.309
2048-11-19,14.33,11.2,40.32,326.96,82.7,100.4,0.05,1.736
2048-11-20,13.1,8.7,23.05,308.67,85.7,99.7,5.97,1.573
2048-11-21,12.3,7.79,43.8,297.9,83.7,100.4,0.48,1.478
2048-11-22,15.23,10.67,41.5,330.23,90.4,98.4,12.89,3.02
2048-11-23,13.15,10.29,42.2,315.45,83.8,99.3,0.16,2.236
2048-11-24,15.83,9.77,25.01,329.68,83.9,98.9,4.54,2.115
2048-11-25,13.2,9.83,49.21,288.95,74.2,100.2,0.05,2.899
2048-11-26,12.8,8.33,47.39,286.15,90.8,100.6,0,0.938
2048-11-27,10.68,8.5,7.62,316.79,92,99.3,8.83,1.889
2048-11-28,11.67,7.37,41.11,291.14,90.7,99.2,0.15,1.053
2048-11-29,8.84,6.82,14.13,326.49,97,99.5,3.07,0.176
2048-11-30,10.51,4.89,46.42,285.01,93.2,100.9,0.06,1.936
2048-12-01,10.42,6.51,18.76,321.32,94,101.1,1.04,0.751
2048-12-02,14.85,10.37,6.99,346.53,93.8,100.2,7.19,1.588
2048-12-03,14.06,6.88,31.15,311.77,84.9,101.5,0.31,1.063
2048-12-04,9.06,3.63,28.38,290.41,88.3,102,0.04,2.267
2048-12-05,7.65,5.71,21.72,310.25,77.6,102,0.11,3.741
2048-12-06,6.1,3.43,25.36,292.55,78,102.2,0.11,2.757
2048-12-07,4.38,1.47,24.49,285.17,87.3,102.3,0.1,1.391
2048-12-08,3.32,0.11,27.06,273.46,87.2,102.6,0.05,0.832
2048-12-09,4.69,0.96,34.26,275.39,86.1,102.8,0.03,0.781
2048-12-10,7.61,1.66,21.28,302.48,94.3,102.4,0.05,0.994
2048-12-11,7.57,4.26,21.12,319.46,96.5,101.9,0.35,0.325
2048-12-12,6.84,3.38,21.58,309.81,86.8,101.7,0.53,2.124
2048-12-13,5.07,1.61,18.63,299.67,85.8,100.7,0.1,2.537
2048-12-14,2.71,0.39,9.55,306.01,92.8,99.5,6.27,2.751
2048-12-15,6.03,2.57,23.02,298.85,93.2,99.7,0.98,2.545
2048-12-16,7.18,4.19,23.26,308.32,90.5,100.3,1,1.888
2048-12-17,7.5,5.29,13.19,312.38,92.2,101.3,0.87,1.298
2048-12-18,7.68,4.91,24.85,308.23,94.9,101.5,1.92,0.941
2048-12-19,7.66,5.31,15.26,322.46,96.3,101.6,1.67,0.788
2048-12-20,6.72,3.87,20.67,307.97,92.6,101.9,0.96,1.085
2048-12-21,5.18,1.89,19.25,300.34,89.9,101.5,0.89,0.877
2048-12-22,3.83,-0.25,23.14,281.3,87.9,101.2,0.11,1.111
2048-12-23,7.8,-0.95,26.36,279.17,89.2,101.8,0.04,2.517
2048-12-24,9.46,5.78,22.98,314.68,94,101.3,7.67,1.492
2048-12-25,8.46,4.34,29.95,299.54,91.9,100.8,5.32,1.172
2048-12-26,12.57,5.64,25.37,304.09,80.8,99,1.86,4.016
2048-12-27,7.68,6.01,21.97,303.54,86.9,98,2.57,2.66
2048-12-28,6.79,3.46,39.56,264.53,62.5,100.8,0.02,3.293
2048-12-29,5.66,-0.39,39.7,247.2,82,101.9,0,1.757
2048-12-30,6.66,2.02,27.93,294.87,84.4,101.9,0.16,0.764
2048-12-31,8.21,3.93,25.79,305.2,88.6,101.7,0.51,1.062
2049-01-01,9.76,5.85,23.64,314.71,92.8,101.5,0.85,1.368
2049-01-02,9.08,2.62,31.97,275.27,90,101.3,1.85,2.055
2049-01-03,7.21,3.12,22.17,288.6,83.9,102.2,0,2.458
2049-01-04,11.63,4.05,5.03,323.32,88.4,101.6,13.95,1.983
2049-01-05,13.23,6.43,13.38,320.54,87,100.6,2.85,2.956
2049-01-06,7.69,3.67,42.57,266.12,78.4,100.4,0.13,3.661
2049-01-07,9.08,4.95,40.56,274.85,85,100.7,0.42,3.847
2049-01-08,11.56,4.95,10.65,313.21,88.9,98.6,8.04,3.606
2049-01-09,6.24,2.02,34.74,256.79,79.5,97.9,0.22,3.466
2049-01-10,5.83,-1.16,43.53,239.89,82.9,98.6,0,1.973
2049-01-11,7.46,1.91,38.76,275.5,85.1,99.6,1.07,1.602
2049-01-12,9.67,7.53,27.37,314.94,90.5,97.8,2.31,1.589
2049-01-13,8.02,5.07,30.85,292.92,76.1,98.9,0.35,4.754
2049-01-14,7.45,4.05,36.36,280.79,79.5,99.7,1.46,1.91
2049-01-15,8.76,5.17,10.76,326.1,95.3,98.4,21.34,0.407
2049-01-16,5.8,2.67,42.13,267.24,86.1,100.8,0.84,1.935
2049-01-17,7.8,3.41,48.6,262.38,77.7,102.2,0,3.363
2049-01-18,6.87,3.56,13.92,301.15,85.2,101.3,3.67,3.731
2049-01-19,6.8,3.19,44.98,271.09,63.8,101,0.03,4.531
2049-01-20,5.75,1.96,29.6,290.77,76.9,100.4,2.23,2.99
2049-01-21,4.55,-0.12,28.5,283.27,84.9,100.3,0.61,1.063
2049-01-22,5.23,-1.63,46.19,252.57,83.8,100.8,0,1.018
2049-01-23,4.96,-1.03,30.38,275.87,82.9,100.5,2.84,3.098
2049-01-24,4,-1.9,59.78,244.3,85.8,100.9,0.12,1.542
2049-01-25,7.36,-1.83,51.75,261.82,88.6,101.6,0.01,2.569
2049-01-26,7.82,2.71,36.32,298.08,88.2,101.8,0.05,2.135
2049-01-27,7.97,3.25,44.19,283.39,84.7,101.5,0.04,1.453
2049-01-28,6.16,1.48,33.71,278.03,93.6,101,1.56,0.854
2049-01-29,6.18,-0.76,50.25,259.02,87.9,100.6,0.02,2.078
2049-01-30,6.7,0.11,61.97,247.44,86.5,100.3,0,0.301
2049-01-31,4.5,0.62,16.42,297.26,84.3,99.8,5.64,4.711
2049-02-01,4.87,2.57,27.89,311.09,92,100,5.87,4.089
2049-02-02,7.16,3.92,35.01,316.33,95.1,100.7,3.36,1.745
2049-02-03,10.07,5.14,18.12,329.77,93.3,100.4,3.59,2.866
2049-02-04,12.96,6.59,21.19,332.17,90.8,99.7,6.35,1.415
2049-02-05,10.71,3.88,76.81,265.06,83.7,101.2,0,2.075
2049-02-06,9.29,3.98,28.27,294.11,86.4,100.5,4.81,1.472
2049-02-07,7.74,2.24,79.37,266.53,73.1,101.1,0.34,1.632
2049-02-08,10.83,6.6,61.87,295.83,82,99.7,4.83,3.564
2049-02-09,11.93,5.59,35.52,301.89,85.9,98.3,2.3,2.106
2049-02-10,9.23,3.54,71.48,271.1,78.2,98.5,0.15,1.976
2049-02-11,8.06,2.73,66.62,272.39,82.2,99.4,0.53,2.923
2049-02-12,9.13,2.92,71.89,285.07,80.1,100.7,1.03,2.628
2049-02-13,13.48,5.47,34.9,332.66,90.8,100.3,3.02,1.605
2049-02-14,11.45,7.38,78.39,304.66,85.8,100,2.79,1.322
2049-02-15,8.8,5.32,77.04,277.29,81.1,99.7,1.68,4.655
2049-02-16,9.39,3.24,72.43,283.14,81.3,100.7,1.13,3.672
2049-02-17,10.35,3.05,67.13,286.7,84.5,102.3,0.06,1.576
2049-02-18,8.22,2.3,81.95,280.14,75.5,103.2,0.2,1.312
2049-02-19,4.02,-0.72,83.52,259.84,66.7,103.7,0.1,2.668
2049-02-20,3.4,-2.71,112.91,219.4,67.5,103.7,0,1.841
2049-02-21,5.52,-3.01,117.73,231.7,77.4,103.2,0,0.4
2049-02-22,7.37,0.89,50.23,304.09,91.7,102.8,0.92,0.636
2049-02-23,7.6,1.4,61.48,293.87,91.1,102.7,0.14,0.25
2049-02-24,7.71,3.38,48.55,304.81,86.5,101.8,1.85,2.589
2049-02-25,6.25,1.84,79.87,269.97,68.4,101.1,0.05,2.415
2049-02-26,7.29,2.7,63.66,295.72,74.9,101.4,0.69,3.33
2049-02-27,8.53,4.74,40.64,313.11,81.4,100,3.87,7.251
2049-02-28,7.56,2.52,100.62,271.04,64.3,99.9,0.33,5.114
2049-03-01,6.4,1,90.12,261.19,73.1,100.6,0.56,3.334
2049-03-02,6.52,0.73,93.69,273.17,74.9,100.9,0.4,3.012
2049-03-03,5.96,-0.7,142.7,233.05,69.6,101.6,0.09,1.17
2049-03-04,7.38,-0.26,82.29,278.9,71.9,101.6,1.39,2.012
2049-03-05,6.82,4.06,48.46,315.96,87.6,100.5,0.65,2.434
2049-03-06,9.16,1.34,70.24,300.83,80.9,101.9,0.61,1.735
2049-03-07,11.52,5.96,68.75,322.79,87.1,102.4,0.72,1.201
2049-03-08,10.21,5.86,57.01,315.04,82.8,101.4,1.35,2.026
2049-03-09,11.65,6.03,66.79,324.2,92.5,100.2,9.65,0.615
2049-03-10,10.4,7.08,55.66,329.69,92.2,100.4,7.18,1.778
2049-03-11,8.95,1.17,165.12,237.02,68,101.7,0.06,3.101
2049-03-12,8.61,-1.67,163.5,228.78,76.5,102.3,0,1.18
2049-03-13,7.98,-1.62,161.07,243.28,78,102.1,0,0.972
2049-03-14,7.71,0,106.61,276.54,81.5,102.2,0.08,0.88
2049-03-15,7.85,3.07,97.79,294.08,77.6,102.7,0.1,0.218
2049-03-16,9.57,4.25,92.3,307.73,80.3,103,0.31,0.531
2049-03-17,8.35,4.64,113.82,297,72.9,103,0.19,0.36
2049-03-18,9.72,5.41,86.72,307.23,77.6,102.9,0.1,2.064
2049-03-19,12.16,6.1,99.35,315.79,76.7,103.1,0.06,3.291
2049-03-20,13.52,8.06,104.37,325.4,80.2,103.2,0.09,3.369
2049-03-21,14.03,6.99,130.72,306.02,81.4,103.1,0.21,2.712
2049-03-22,13.27,5.88,146.65,288.49,80.1,102.4,0.06,2.625
2049-03-23,13.79,4.46,174.77,273.93,80.9,101.7,0.03,2.618
2049-03-24,14.97,4.93,179.34,289.12,81.5,100.9,0.15,2.214
2049-03-25,14.72,7.78,145.43,301.26,81.9,99.7,2.28,2.864
2049-03-26,9.88,4.03,118.13,288.04,74.9,99.2,1.92,4.428
2049-03-27,8.74,3.22,127.29,272.74,67.6,98.9,0.83,3.92
2049-03-28,9.3,3.34,133.69,272.5,66.8,99.3,0.24,3.417
2049-03-29,9.39,1.91,131.33,267.98,63.9,100.3,0.29,2.51
2049-03-30,9.11,0.37,138.74,266.08,65.8,101.5,0.03,2.249
2049-03-31,10.62,4.67,91.78,309.92,81.2,101.1,1.01,4.33
2049-04-01,10.05,5.38,89.72,307.34,85.8,101.4,0.94,0.343
2049-04-02,14.42,7.01,101.68,329.76,87.9,100.9,1.94,2.724
2049-04-03,11.89,4.05,117.47,309.36,78.9,99.8,3.65,3.624
2049-04-04,10.46,2.67,183.01,266.4,60.2,101.6,0,1.029
2049-04-05,9.28,1.59,123.08,278.97,67.5,101.7,0.07,4.501
2049-04-06,11.42,4.48,107.18,301.35,76.4,100.8,0.08,2.934
2049-04-07,12.07,4.69,125.55,315.27,83.3,100.2,2.5,1.926
2049-04-08,8.88,4.06,107.8,307.8,84.5,99.9,3.54,2.215
2049-04-09,9.99,1.11,144.96,273.2,63.6,100.8,0.02,1.376
2049-04-10,10.64,0.64,164.52,271.31,68.3,101.7,0.08,1.65
2049-04-11,12.33,4.35,138.85,289.47,72.2,101.7,0.13,2.809
2049-04-12,12.09,7.54,180.48,303.54,67.4,101,0.81,4.628
2049-04-13,10.57,7.57,132.59,306.3,75.2,99.8,3.65,6.26
2049-04-14,10.69,4.42,152.83,280.63,65.8,100.9,1.26,4.622
2049-04-15,13.78,3.47,150,296.78,69.6,101.8,0.03,3.656
2049-04-16,11.71,5.66,112.47,303.04,75.7,101.2,2.94,4.547
2049-04-17,10.89,4.88,138.11,283.77,61.4,101.7,0.19,4.762
2049-04-18,12.4,5.6,115.58,303.84,77.9,101.8,0.18,5.349
2049-04-19,14.96,9.61,137.74,321.31,80.4,101.5,0.15,4.633
2049-04-20,18.32,7.91,242.67,294.01,69.6,101.2,0.05,2.267
2049-04-21,20.97,8.93,210.61,305.33,68.6,100.6,0,1.484
2049-04-22,16.08,9.02,122.02,315.42,79.7,100,3.98,2.509
2049-04-23,13.95,9.05,189.21,299.56,70.5,100.3,2.32,4.253
2049-04-24,18.9,9.3,147.75,346.38,78.7,99.7,2.56,3.667
2049-04-25,12.75,7.65,183.76,296.62,61.5,100.2,0.31,7.009
2049-04-26,12.78,6.95,157.65,296.62,69.6,101,1.17,5.481
2049-04-27,13.23,6.44,191.77,294.11,67,101.5,0.36,3.468
2049-04-28,13.54,5.99,169.19,303.12,72.8,101.3,0.54,1.581
2049-04-29,14.35,6.27,119.43,315.6,75.5,100.4,2.69,2.148
2049-04-30,12.43,6.22,109.98,310.57,87.9,99.2,4.39,0.679
2049-05-01,11.15,5.1,138.33,298.94,85.9,99.3,4.07,0.896
2049-05-02,14.97,6.93,181.45,309.29,77,100.3,0.27,1.578
2049-05-03,15.37,8.69,182.3,325.29,72,101.5,0.17,1.134
2049-05-04,15.17,7.03,148.86,317.2,80.1,102,1.31,1.007
2049-05-05,15.56,5.82,282.79,277.66,67.9,102.5,0.03,0.882
2049-05-06,20,6.82,272.12,303.13,72.6,102.4,0,1.939
2049-05-07,14.58,7.26,267.12,283.52,68.2,102.7,0.02,1.889
2049-05-08,17.91,6.02,287.33,281.51,67.9,102.8,0,1.561
2049-05-09,20.14,6.77,276.7,298.51,70,101.7,0.09,2.239
2049-05-10,19.92,9.25,247.99,311.01,74.7,100.8,0.53,0.383
2049-05-11,21.52,8.74,253.97,308.4,73.3,101,0,1.208
2049-05-12,20.34,9.04,267.17,297.63,72.8,101.9,0.05,1.04
2049-05-13,23.34,7.23,292.53,304.93,68.7,102,0.16,1.145
2049-05-14,24.33,12.23,282.39,316.9,71.7,101.6,0.21,0.815
2049-05-15,17.35,9.89,130.69,343.2,75.3,102,2.5,2.836
2049-05-16,12.24,7.83,126,323.73,74.2,102.2,17.84,2.695
2049-05-17,14.58,7.58,223.54,303.87,55.6,102.5,0.14,1.976
2049-05-18,14.2,6.41,204.23,302.7,63.6,101.9,0.21,1.157
2049-05-19,13.73,9.48,159.19,322.82,76.5,100.7,5.97,1.216
2049-05-20,14.71,7.4,194.97,307.59,79.3,100.6,3.29,1.786
2049-05-21,15.58,4.32,148.14,307.51,77.9,101,1.62,1.849
2049-05-22,12.72,8.02,192.39,302.11,58.4,101.6,0.1,5.049
2049-05-23,14.33,8.48,172.34,315.91,66.7,102,0.19,1.336
2049-05-24,19.24,9.31,141.93,344.69,79.7,101.2,1.21,3.418
2049-05-25,16.29,12.15,271.08,314.14,63.8,101.4,0.06,6.265
2049-05-26,14.33,10.35,204.77,314.78,50.6,102.1,0.15,5.114
2049-05-27,12.95,9.32,182.75,315.31,53.6,102.1,0.13,4.089
2049-05-28,11.32,7.13,179.15,299.89,65.4,101.3,1.96,3.099
2049-05-29,12.5,5.61,202.51,296.07,67,100.8,1.74,1.984
2049-05-30,15.43,3.38,211.31,285.24,72.5,100.8,0.98,0.806
2049-05-31,15.57,4.19,219.01,289.77,73.4,100.7,1.97,0.993
2049-06-01,15.7,5.01,226.71,294.23,74.2,100.5,2.95,1.197
2049-06-02,16.33,7.46,184.83,315.84,72.8,100.3,5.43,2.576
2049-06-03,11.41,7.81,114.73,323.12,82.5,100.7,17.73,2.249
2049-06-04,13.4,5.76,183.17,301.96,76.9,101.2,0.98,1.613
2049-06-05,15.23,7.68,195.94,307.59,81.5,101.8,1.42,0.767
2049-06-06,18.6,4.98,301.06,279.41,71.8,102.1,0.05,0.704
2049-06-07,18.91,7.47,269.27,305.93,77.6,101.8,0.24,0.802
2049-06-08,14.04,8.45,210.64,303.82,54.1,102.3,0.17,2.725
2049-06-09,13.78,5.72,218.45,287.11,58,101.9,0.16,2.443
2049-06-10,14.47,5.65,180.32,297.41,59.7,101.7,0.36,2.616
2049-06-11,17.8,7,226.6,296.38,62.9,102.2,0.03,2.862
2049-06-12,22.04,9.56,279.84,323.59,67.9,102.1,0.03,3.484
2049-06-13,22.75,12.38,255.92,330.55,66.8,101.2,2.22,0.856
2049-06-14,19.24,11.24,229.48,315.16,66.5,101.5,0.08,4.039
2049-06-15,20.7,12.66,304.09,320.42,70.8,101.1,0.54,4.658
2049-06-16,19.03,13.23,180.17,351.08,84.8,100.9,2,1.636
2049-06-17,20.81,15.68,241.52,352.47,74.7,100.3,0.23,4.095
2049-06-18,21.02,14.41,274.72,339.28,71.7,100.5,5.51,2.657
2049-06-19,18.65,14.02,254.36,330.87,80.8,99.8,6.86,3.399
2049-06-20,18.27,10.46,279.97,310.98,69.5,101.2,0.11,2.524
2049-06-21,23.55,8.41,329.44,304.75,62.1,102.2,0,2.198
2049-06-22,21.78,11.8,310.65,322.55,71.2,102.4,0,1.699
2049-06-23,26.91,10.82,344.01,324.24,66.6,102.1,0,2.548
2049-06-24,20.7,11.67,229.61,328.01,75.3,101.4,0.13,1.635
2049-06-25,20.46,9.7,300.55,300.4,65.6,101.3,0.04,2.388
2049-06-26,17.95,11.02,310.88,287.36,65.5,101.5,0,3.673
2049-06-27,18.06,9.37,164.44,314.8,76,101.7,1.68,1.816
2049-06-28,17.79,10.53,165.53,337.14,84.5,101.2,1.1,0.362
2049-06-29,23.26,13.82,237.08,346.85,75.3,101.2,0.08,2.712
2049-06-30,23.05,13.8,321.53,309.28,64.2,101.5,0.05,2.848
2049-07-01,24.34,11.86,340.58,298.75,57.4,101.2,2.34,0.667
2049-07-02,24.74,14.47,200.78,365.24,67.1,100.1,2.83,2.151
2049-07-03,21.26,14,308.87,317.52,69.1,100.9,0.07,4.644
2049-07-04,23.59,12.72,309.19,316.94,65.5,101.8,0.04,3.076
2049-07-05,21.65,14.35,288.06,330.59,69.3,101.3,2.72,4.975
2049-07-06,20.81,12.72,248.64,324.36,69.9,101.9,0,4.45
2049-07-07,20.34,13.71,259.44,323.96,72,102.1,0,2.958
2049-07-08,24.83,12.91,325.29,310.5,59.5,102,0,1.354
2049-07-09,26.1,13.06,301.2,331.92,68.7,101.9,0,1.04
2049-07-10,25.13,13.12,342.97,307.95,61.6,102.1,0,1.508
2049-07-11,21.73,14.3,297.76,318.35,68.8,102.1,0.07,2.005
2049-07-12,27.61,12.38,317.89,325.38,69.4,102.2,0,1.017
2049-07-13,27.9,15.41,332.41,326.05,68.9,101.9,0,1.065
2049-07-14,29.46,17.41,326.31,336.99,65.3,101.5,0,0.971
2049-07-15,29,16.71,318.8,336.11,59.8,101.2,0.04,1.988
2049-07-16,30.34,17.05,308.58,344.28,53.8,100.3,1.56,1.084
2049-07-17,25.61,16.84,213.35,355.76,75,99.7,3.64,3.051
2049-07-18,21.09,14.62,235.99,326.17,67.8,100,2.66,3.678
2049-07-19,19.52,13.24,251.57,305.48,63.3,100.5,0.36,5.519
2049-07-20,20.55,11.92,240.73,307.91,58.6,101,0.1,4.636
2049-07-21,23.68,13.6,205.86,354.27,78.5,100.1,9.92,3.364
2049-07-22,22.86,15.86,218.21,345.8,73.8,100.1,0.67,4.035
2049-07-23,21.88,15.53,188.26,348.75,80.6,100.8,3.27,0.417
2049-07-24,24.63,14.03,263.46,339.66,75.4,100.9,0.02,3.085
2049-07-25,22.89,13.05,244.91,335.62,75.2,100.9,2.88,1.495
2049-07-26,26.26,11.49,318.87,310.12,66.1,101.1,0,2.557
2049-07-27,22.44,16.23,260.58,333.41,69.6,101.3,0.09,2.931
2049-07-28,24.68,14.38,278.71,323.22,65.5,101.8,0.03,2.823
2049-07-29,22.69,15.53,272.7,326.5,67.3,101.3,0.03,4.9
2049-07-30,22.15,13.77,196.93,335.51,70,101.6,0.16,1.858
2049-07-31,23.79,12.33,240.42,320.07,68.9,101.7,0.1,1.446
2049-08-01,25.43,10.9,284.05,305.35,67.8,101.7,0.04,0.988
2049-08-02,26.28,12.69,291.06,318.06,65.9,101.5,0,2.142
2049-08-03,21.49,12.94,314.94,286.71,61.9,101.7,0,1.872
2049-08-04,25.11,11.47,271.1,314.38,63.7,101.7,0.03,0.576
2049-08-05,25.95,12.33,307.09,300.46,53,101.5,0,1.774
2049-08-06,26.6,11.61,304.1,300.05,56.6,100.9,0.3,1.284
2049-08-07,27.43,13.61,290.56,317.21,64.9,100.6,0,0.816
2049-08-08,24.61,14.62,178.65,346.33,74.9,101.1,0.28,1.573
2049-08-09,25.02,14.94,208.23,349.63,77,101.4,0.06,1.131
2049-08-10,29.22,14.39,255.96,343.95,72.7,101.3,0.1,0.175
2049-08-11,28.68,17.47,209.17,363.28,56.3,100.7,7.14,2.064
2049-08-12,24.88,15.9,168.89,362.29,74.4,100.6,8.74,2.858
2049-08-13,23.75,16.07,179.43,358.6,72.6,100.9,0.52,1.781
2049-08-14,23.41,16.4,193.03,347.49,74.7,101.3,1,0.756
2049-08-15,21.55,12.58,153.97,337.51,74.2,101.5,0.06,0.812
2049-08-16,24.71,12.97,223.34,333.18,71,101.4,0.05,1.194
2049-08-17,25.07,15.42,152.52,362.22,77.4,100.9,1.15,3.211
2049-08-18,24.34,14.96,213.22,355.72,73.7,100.5,0.44,6.457
2049-08-19,19.35,13.37,233.88,306,60,101.1,1.5,3.953
2049-08-20,22.25,12.35,253.7,315.89,63.3,101.7,0.03,4.523
2049-08-21,27.02,18.47,190.06,374.52,76.3,101.7,0.06,3.254
2049-08-22,27.43,17.8,224.47,353.99,72.8,101.7,0.02,2.713
2049-08-23,20.62,14.48,171.99,331.52,68.8,101.9,0.06,1.144
2049-08-24,22.9,11.66,208.7,317.06,65.6,102.1,0.08,1.98
2049-08-25,23.8,11.93,221.72,309.56,62.2,102,0,2.919
2049-08-26,25.17,12.72,205.02,322.12,62.4,101.6,0,2.876
2049-08-27,26.7,13.78,232.58,325.24,69.6,101.1,0,0.799
2049-08-28,22.99,12.75,158.26,340.25,75.8,101,0.17,3.886
2049-08-29,21.79,15.38,197.98,323.23,67.1,101.1,0,4.465
2049-08-30,21.08,15.85,60.12,370.25,90.7,100.9,23.14,2.14
2049-08-31,20.8,14.75,133.23,342.17,80.6,101,11.59,2.355
2049-09-01,20.53,13.66,206.77,314.05,70.5,101.1,0.04,2.615
2049-09-02,18.89,12.48,214.12,301.93,67.4,101,0.93,2.689
2049-09-03,18.85,11.04,160.52,312.67,64.4,101.9,0,2.665
2049-09-04,22.02,12.48,133.11,350.52,79.2,101.6,1.77,4.39
2049-09-05,24.35,18.58,150.31,378.96,80.1,101.4,0.41,4.917
2049-09-06,24.3,16.37,191.22,349.46,75.6,101.2,2.01,3.555
2049-09-07,20.44,13.97,200.21,312.34,65.8,100.9,1.55,5.672
2049-09-08,20.3,12.46,177.74,308.79,67.5,101.6,0.05,2.992
2049-09-09,21.1,10.72,158.58,313.93,75.1,101.3,0,1.772
2049-09-10,21.08,12.01,111.51,335.77,80.4,100.9,0.09,0.37
2049-09-11,21.28,13.53,132.35,336.34,76,101.2,0.05,2.2
2049-09-12,21.15,11.4,204.5,315.54,71.2,100.8,1.62,0.766
2049-09-13,19.61,11.88,176.61,308.2,68.9,100.8,0,4.148
2049-09-14,20.58,13.99,117.77,348.09,79.6,101,1.06,3.074
2049-09-15,22.16,12.77,139.15,337.76,73.3,101,0.06,0.64
2049-09-16,25.96,14.53,173.96,341.2,65.2,99.8,0.09,2.026
2049-09-17,19.04,14.98,84.6,345.08,81,98.9,4.78,2.019
2049-09-18,21,14.75,131.62,347.01,80.2,98.8,12.15,2.594
2049-09-19,19.99,14.43,138.29,332.89,70.7,99.6,1.3,3.8
2049-09-20,20.28,15.17,146.15,341.88,77.1,98.9,6.88,3.236
2049-09-21,19.96,13.58,148.26,316.94,73.7,99,1.04,3.092
2049-09-22,18.09,12.31,122.76,323.03,83.5,98.8,2.3,1.792
2049-09-23,17.33,12.77,123.37,320.9,85.4,99.4,4.11,3.898
2049-09-24,17.43,11.57,144.2,305.29,75.9,100.5,0.39,4.158
2049-09-25,16.88,11.07,151.44,301.92,78,101,0.79,3.728
2049-09-26,17.65,10.58,153.53,304.31,79.1,101.6,0.05,1.803
2049-09-27,17.89,11,99.79,336.76,78.3,101.7,2.27,0.649
2049-09-28,17.4,10.89,101.6,327.48,87.6,101.1,7.57,0.663
2049-09-29,17.66,8.84,134.86,297.7,79.1,101.6,0.23,1.212
2049-09-30,16.31,6.01,153.27,275.3,78.1,102.4,0,0.447
2049-10-01,20.3,10.54,127.5,341.47,81.3,102,0.22,3.721
2049-10-02,16.73,9.44,94.79,313.1,78.5,102.1,0.32,0.916
2049-10-03,15.37,6.9,150.47,274.27,80.2,102.2,0,0.716
2049-10-04,15.24,6.82,121.07,297.03,83.4,101.9,0.04,0.543
2049-10-05,19.04,8.15,125.83,322.28,82.6,101.6,0,2.121
2049-10-06,21.83,14.1,98.69,351.65,86.2,102,0.28,2.176
2049-10-07,20.34,13.57,116.14,346.65,87,101.8,0.06,0.711
2049-10-08,18.69,11.25,106.82,320.91,87.6,101.6,0.03,0.894
2049-10-09,17.56,10.05,97.51,324.84,92.1,102,0.18,0.755
2049-10-10,18.05,11.6,86.22,330.1,89.6,102.1,0.16,1.36
2049-10-11,19.19,12.23,76.13,339.78,91.2,101.6,0.26,1.947
2049-10-12,17.8,12.75,74,349.53,90.7,101.4,0.26,1.162
2049-10-13,17.92,13.03,102.85,341.56,83.8,101.6,0.16,2.057
2049-10-14,16.48,12.15,57.04,344.46,86.4,101.9,0.72,1.776
2049-10-15,16.37,12.38,67.73,343.35,88.4,102.1,1.47,2.241
2049-10-16,16.31,12.13,76.01,336.45,84.9,102,0.21,2.325
2049-10-17,16.98,11.79,72.6,340.51,87.2,101.9,0.57,2.049
2049-10-18,14.9,11.18,72.52,335.35,85.5,101.9,0.2,0.635
2049-10-19,15.43,11.33,75.1,337.23,84.1,102.2,0.09,0.745
2049-10-20,14.53,11.31,65.75,336.4,86.1,102.3,0.1,0.215
2049-10-21,14.5,10.03,78.21,318.66,85.2,102,0.07,0.862
2049-10-22,17.15,10.46,67.77,338.16,85.1,101.2,0.08,2.819
2049-10-23,16.93,12.69,72.92,344.43,82.2,100.4,0.26,0.619
2049-10-24,19.38,13.57,50.83,364.59,88.7,98.9,17.35,1.403
2049-10-25,17.72,13.21,43.31,339.41,91.3,98.4,14.49,1.954
2049-10-26,16.86,12.61,73.62,317.81,87.8,98.2,0.92,1.582
2049-10-27,13.49,9.34,41.72,333.2,82.6,100,10.34,1.043
2049-10-28,18.17,10.22,16.26,363.95,93.5,99.5,4.91,0.898
2049-10-29,17.16,11.95,85.18,313.07,84.7,99.2,1.29,3.611
2049-10-30,15.88,12.06,80.66,310.1,82,99.4,3.46,3.871
2049-10-31,15.94,11.61,70.02,308.6,79.9,99.7,1.77,3.585
2049-11-01,16,11.17,59.52,308.38,77.8,99.9,0.07,3.302
2049-11-02,13.83,6.6,57.06,312.11,89.4,99.7,4.01,2.328
2049-11-03,11.1,5.56,63.5,285.99,79.2,101.7,0.28,2.683
2049-11-04,13.72,8.35,62.58,299.6,83.6,102.5,0,3.828
2049-11-05,15.07,10.54,53.7,320.24,81.9,102.4,0,3.861
2049-11-06,15.14,10.67,60.65,323.38,83.6,102.3,0.25,2.366
2049-11-07,14.61,9.36,72.85,294.32,87.6,101.9,0,1.008
2049-11-08,16.7,9.9,41.89,341.39,90.3,101.8,0.06,1.31
2049-11-09,15.38,10.36,43.13,332.67,91,101.9,0.04,1.056
2049-11-10,14.11,8.48,19.02,339.95,92.7,101.4,20.92,0.469
2049-11-11,10.32,8,44.2,314.27,68.7,102,4.76,2.944
2049-11-12,9.89,5.51,49.73,289.61,74.7,102.3,0.03,1.15
2049-11-13,9,3.34,47.05,281.7,81.9,102.1,0.03,0.892
2049-11-14,8.85,3.56,48.64,276.52,82.1,102.5,0,0.799
2049-11-15,9.03,2.53,62.78,272.46,90,103,0.07,0.614
2049-11-16,9.3,1.34,63.51,261.7,91.8,102.9,0,0.642
2049-11-17,8.43,1.32,35.92,297.01,93.7,102.5,0.13,0.572
2049-11-18,9.32,5.52,41.3,306.17,91.4,101.9,0.16,2.189
2049-11-19,7.26,4.55,39.48,297.88,87.4,101.4,0.33,2.143
2049-11-20,11.5,6.17,26.07,328.91,92.3,100.7,0.31,2.772
2049-11-21,13.23,9.91,23.1,348.18,92.7,99.7,6.93,3.81
2049-11-22,12.29,9.35,6.96,337.23,95.3,99.1,5.17,2.384
2049-11-23,10.29,8.03,13.58,336.15,95.6,98.9,4.03,1.049
2049-11-24,11.5,8.2,40.58,318.01,92.2,99.4,1.09,2.251
2049-11-25,14,8.88,29.03,329.52,91.7,99.6,6.08,1.786
2049-11-26,16.26,13.37,20.57,360.91,90.2,99,6.26,1.884
2049-11-27,14.87,10.65,23.14,326.91,90,98.3,1.73,1.381
2049-11-28,13.46,9.54,43.79,291.97,79.3,98.7,0,3.07
2049-11-29,14.72,10.14,12.31,331.35,89.1,98.3,5.91,1.606
2049-11-30,13.24,8.93,33.66,295.4,85,98.7,0.04,4.78
2049-12-01,11.43,5.42,39.51,280.8,88.9,99.7,0,1.134
2049-12-02,13.24,5.82,41.14,317.23,93,99.5,3.94,1.508
2049-12-03,13.84,11.25,32.74,315.1,82.9,98.5,0.31,2.765
2049-12-04,11.75,5.47,44.36,270.65,74.1,99.1,0,3.107
2049-12-05,9.62,3.94,22.7,302.94,87.8,98.5,0.37,2.349
2049-12-06,9.04,4.98,33.74,281.03,84.4,99.5,0.13,3.727
2049-12-07,5.3,2.76,3.68,303.67,92,99.2,18.48,2.038
2049-12-08,6.66,2.32,4.26,317.49,93.2,98,66.69,2.145
2049-12-09,7.17,2,29.16,275.35,81.5,99.1,2.9,4.114
2049-12-10,6.71,3.38,26.55,269.46,84.8,99.7,0,3.896
2049-12-11,6.41,3.5,19.27,295.65,85.9,100,3.44,1.513
2049-12-12,8.41,2.68,14.87,320.6,95,99,22.99,2.024
2049-12-13,5.28,1.63,39.4,273.06,89.3,100,1.89,0.333
2049-12-14,11.12,3.93,28.96,307.93,92,98.4,8.04,1.509
2049-12-15,9.48,5.93,17.15,318.12,96.3,97.5,4.13,0.563
2049-12-16,8.19,5.57,37.72,286.88,86.1,98.2,5.81,1.068
2049-12-17,12.79,6.15,22.3,322.04,82.8,96.8,8.9,2.415
2049-12-18,9.34,4.11,30.98,268.95,82.5,99.6,0,1.839
2049-12-19,10.39,3.1,28.24,282.82,94.2,100.7,0.38,0.946
2049-12-20,9.72,2.87,19.89,309.28,91.9,100.8,0.86,1.225
2049-12-21,10.83,8.31,31.2,305.4,87.1,99.3,2.8,3.567
2049-12-22,8.97,6.34,34.88,274.4,83.5,99.2,0.19,4.608
2049-12-23,9.33,6.33,37.05,282.21,78.4,100.8,0.3,3.961
2049-12-24,15.16,9.04,14.57,346.93,86.6,100.1,6.03,4.245
2049-12-25,13.87,7.36,29.2,311.63,72.1,99.1,2.34,6.266
2049-12-26,8.49,5.49,29.48,281.8,63.3,100.6,0.05,7.508
2049-12-27,10.73,5.01,12.97,311.15,84.1,100.9,1.86,2.706
2049-12-28,9.41,0.27,30.02,262.85,84.4,100.7,0.38,2.279
2049-12-29,3.29,-1.34,9.71,277.14,87.9,101.2,3.57,0.687
2049-12-30,7.03,1.69,24.38,288,92.6,101.7,1.49,1.257
2049-12-31,8.25,4.11,31.68,286.59,92.2,101.8,0.9,2.134
2050-01-01,9.48,6.53,39.09,282.14,91.9,102,0.32,3.033
2050-01-02,11.18,6.81,19.34,307.3,90.1,101.9,0.12,2.781
2050-01-03,13.01,6.8,19.5,313.82,82.9,100.9,1.4,4.587
2050-01-04,12.48,4.51,19.97,303.89,78,100.4,7.78,1.077
2050-01-05,13.58,7.85,24.83,295.36,72.2,97.9,0.48,5.666
2050-01-06,8.51,4.71,20.55,290.06,77.1,98.1,1.42,3.638
2050-01-07,7.79,4.09,24.71,285.17,73.2,100.5,0.08,4.744
2050-01-08,9.33,2.17,36.81,279.84,78.4,101.6,0.11,1.527
2050-01-09,12.26,3.32,22.58,294.6,83.3,101.2,5.1,2.729
2050-01-10,6.09,1.91,22.56,279.66,83.1,101.9,2.37,0.928
2050-01-11,10.9,3.71,34.47,298.65,90.2,100.7,5.8,1.902
2050-01-12,11.36,4.56,29.76,283.81,69.4,99.8,3.84,5.518
2050-01-13,9.99,3.74,13.45,318.14,88.5,98.5,20.93,0.433
2050-01-14,6.54,2.9,38.36,285.21,79,100.1,3.71,5.121
2050-01-15,12.23,2.51,21.06,296.49,81.1,100.3,1.5,5.122
2050-01-16,8,6.05,26.58,301.75,63.4,98.9,0.57,9.517
2050-01-17,7.26,5.22,40.24,271.22,67.9,98.4,0.07,8.048
2050-01-18,6.48,4.57,19.11,295,73.6,99.5,0.74,4.717
2050-01-19,6.98,3.61,32.86,280.8,74.5,101.2,0.26,3.725
2050-01-20,10.19,3.6,24.18,305.75,80.7,99.5,7.39,7.023
2050-01-21,7.25,4.01,31.02,294.8,66.4,99.9,0.73,8.268
2050-01-22,5.28,0.89,18.51,277.85,78.4,100.3,5.92,3.777
2050-01-23,6.28,2.74,32.91,294.75,74.7,101.8,0.63,4.472
2050-01-24,9.85,-0.61,36.81,291.11,83.9,102.1,3.97,1.462
2050-01-25,11.12,6.39,36.87,309.44,87.1,101.2,0.8,4.285
2050-01-26,11.18,4.96,13.64,318.49,87,99.6,9.34,4.756
2050-01-27,6.96,4.99,38.83,293.64,69.7,100.6,2.64,7.133
2050-01-28,10.38,4.11,16.23,306.79,83.2,101,4.71,3.687
2050-01-29,7.56,4.72,45.83,271.16,71.9,100.5,0.47,6.253
2050-01-30,6.91,4.62,34.93,296.07,77.7,100.3,1.38,6.912
2050-01-31,11.33,6.39,16.55,320.53,88.6,100.7,5.42,3.889
2050-02-01,12.07,6.19,24.99,316.82,78.6,99.7,2.33,4.929
2050-02-02,8.35,6.45,55.47,286.39,67.4,99.2,0.26,7.826
2050-02-03,7.73,5.5,51.73,288.48,75,100.8,0.31,6.045
2050-02-04,9.13,4.88,26.12,297.04,83.2,99.5,1.5,4.153
2050-02-05,6.45,3.98,51.54,284.07,69.2,99.7,0.52,7.784
2050-02-06,11.35,4.75,47.56,299.62,73.4,100.2,0.13,5.575
2050-02-07,12.98,6.29,36.08,327.72,86.8,100.1,10.12,3.496
2050-02-08,12.14,5.38,56.03,303.36,73.5,99.2,5.01,8.325
2050-02-09,9.18,6,65.32,292.76,63.7,101.5,0.07,7.17
2050-02-10,8.4,5.35,48.14,306.92,80.3,102.4,0.4,1.322
2050-02-11,7.66,5.2,32.89,316.58,83.1,101.2,1.04,2.349
2050-02-12,7.63,4.89,44.04,316.13,91.1,101.5,4.42,1.705
2050-02-13,8.23,4.14,72.17,295.11,81.6,102.4,0.28,3.139
2050-02-14,7,3.56,67.47,297.55,75.9,102.6,0.21,4.226
2050-02-15,4.17,1.47,48.09,294.91,79.7,102.2,0.39,2.935
2050-02-16,4.38,1.24,38.9,303.56,88.8,101.9,3.01,2.103
2050-02-17,6.83,3.03,58.97,302.19,82.3,102.4,0.43,1.839
2050-02-18,5.86,2.06,59.54,292.28,83.3,102.7,0.9,1.497
2050-02-19,5.19,1.51,86.95,274,79.7,102.3,0.04,0.847
2050-02-20,4.84,0.52,55.24,276.77,82.8,101.9,0.74,0.41
2050-02-21,3.6,-1.71,72.82,253.97,73.4,102.4,0.86,3.412
2050-02-22,3.34,-2.47,85.6,251.19,70.8,102.1,0,1.96
2050-02-23,4.12,-0.9,66.73,271.07,81.6,101.2,0.05,2.001
2050-02-24,6.43,0.84,90.1,281.14,76.2,100.7,0.78,1.655
2050-02-25,5.62,-1.51,108.58,249.04,78.2,101.3,0.05,0.434
2050-02-26,6.7,1.11,63.99,282.24,73.2,100.4,0.04,1.801
2050-02-27,4.02,0.7,42.65,281.15,78.1,99.2,2.38,1.167
2050-02-28,6.93,0.01,118.73,253.29,68.5,100.1,0.07,2.389
2050-03-01,9.16,0.46,47.99,320.03,92.1,98.3,19.64,1.902
2050-03-02,12.86,7.52,85.16,317.64,90.3,98.5,8.54,1.18
2050-03-03,13.1,6.91,74.88,324.44,89.6,98.2,5.56,1.903
2050-03-04,8.12,4.5,63.1,312.42,81.9,99.8,2.49,1.843
2050-03-05,10.05,3.65,33.57,320.63,89.2,99.4,14.03,3.839
2050-03-06,11.96,8.23,64.74,327.71,87,98.1,4.83,3.263
2050-03-07,8.23,4.59,64.92,304.85,73.9,100.9,1.6,2.125
2050-03-08,5.9,2.45,108.25,277.88,64.8,103.4,0.12,1.909
2050-03-09,8.09,3.18,71.21,300.68,83.2,103.9,0.35,1.867
2050-03-10,10.62,4.34,86.52,304.3,87.5,103.6,0.36,0.709
2050-03-11,9.51,1.87,137.71,271.38,83.9,102.8,0.09,2.105
2050-03-12,7.56,3.41,78.86,310.96,86.9,101.4,0.84,2.619
2050-03-13,8.67,4.82,79.24,312.29,92.6,100.3,2.95,1.336
2050-03-14,8.67,4.11,75.99,302.69,92.1,99.6,2.65,0.085
2050-03-15,8.76,3.4,80.82,296.61,90,99.9,3.74,0.723
2050-03-16,7.72,1.58,87.1,282.52,78,100.5,0.17,1.793
2050-03-17,5.71,-0.79,94.33,263.67,68.2,101.3,0.27,1.708
2050-03-18,5.95,-2.37,118.56,260.66,62.5,101.2,0.75,1.805
2050-03-19,2.85,0.67,34.83,299.3,78.8,100.2,2.77,3.534
2050-03-20,7.9,1.44,116.66,294.63,70.7,99.3,5.93,2.323
2050-03-21,9.29,5.56,99.37,299.47,82,97.8,10.02,4.111
2050-03-22,9.34,4.83,125.38,276.72,68.8,98.3,1.76,4.542
2050-03-23,10.48,5.44,126.09,286.61,77.4,98.6,2.1,4.693
2050-03-24,8.83,4.32,128.11,278.18,71.2,100.2,0.44,4.522
2050-03-25,7.94,2.98,72.44,297.73,89.1,100.4,3.76,1.697
2050-03-26,9.8,2.08,108.38,292.71,83,101,1.77,0.741
2050-03-27,10.38,0.11,113.48,284.97,78.3,100.7,0.79,0.845
2050-03-28,12.21,7.21,149.2,300.16,68.1,99.1,2.13,3.361
2050-03-29,8.44,6.25,85.67,293.69,73.2,99.1,3.64,6.009
2050-03-30,11.69,5.33,130.4,287.74,68.7,100.4,0.2,3.545
2050-03-31,12.37,5.01,126.09,294.24,79.2,100.1,3.54,2.088
2050-04-01,11.35,6.79,159.74,288.89,73.4,99.9,1.98,5.536
2050-04-02,12.6,7.26,107.2,305.08,73.5,100.8,2.66,2.91
2050-04-03,13.43,7.59,146.46,300.22,70,100.4,0.45,4.869
2050-04-04,11.35,6.42,146.04,288.86,66.4,101.3,0.25,5.256
2050-04-05,11.23,5.52,113.99,303.26,74.6,101,1,3.375
2050-04-06,13.16,9.22,93.82,333.87,86.3,99.8,4.49,2.963
2050-04-07,12.49,6.21,92.71,300.66,74.3,99.5,1.21,3.076
2050-04-08,11.12,4.26,60.6,314.15,85.7,97.8,11.88,1.61
2050-04-09,9.72,4.46,136.32,276.81,70,97.3,2.49,5.048
2050-04-10,9.97,5.41,142.68,289.64,69.5,98.4,0.24,6.224
2050-04-11,10.67,3.88,102.41,301.42,78,97.9,2.85,2.37
2050-04-12,8.58,2.7,75.95,302.79,77.8,98.7,18,5.178
2050-04-13,10.46,3.2,155.2,280.47,67.5,99.3,2.05,0.595
2050-04-14,11.62,5.23,187.91,273.24,63.2,100.1,0.09,4.643
2050-04-15,9.21,4.96,148.28,282.24,71.3,101,1.01,5.338
2050-04-16,11.55,4.25,185.69,273.11,59.6,102.1,0.14,3.833
2050-04-17,12.6,4.17,160.7,290.69,64.1,102.9,0.15,1.73
2050-04-18,13.59,1.96,228.17,268.13,68.5,102.5,0.1,0.889
2050-04-19,11.85,3.99,243.17,267.59,69.2,101.5,0.1,2.106
2050-04-20,15.47,5.02,258.47,276.08,61.8,101,0.1,3.043
2050-04-21,13.58,7.23,173.66,299.31,69.6,101.5,0.22,1.897
2050-04-22,13.9,7.38,139.19,313.04,71.1,102.2,0.06,1.408
2050-04-23,15.68,6.19,204.74,296.19,69.1,102.5,0.11,0.369
2050-04-24,16.84,4.54,275.44,266.84,68.5,102.1,0,1.396
2050-04-25,15.01,6.58,155.24,316.68,87.2,101.3,1.21,1.232
2050-04-26,14.46,10.56,81.81,353.87,93,100.2,25.06,4.17
2050-04-27,14.8,10.07,139.06,334.46,80.3,100.2,15.61,0.991
2050-04-28,15.21,6.85,188.64,297.15,72.9,100.5,0.08,0.859
2050-04-29,16.53,8.07,180.54,311.33,69.8,101.1,0.09,1.245
2050-04-30,16.39,9.82,271.13,294.55,73.1,101.8,0,3.203
2050-05-01,19.58,9.86,209.05,320.07,75.7,102.4,0.2,1.583
2050-05-02,18.99,7.13,280.62,280.56,69.4,102.1,0,2.185
2050-05-03,17.73,5.49,305.34,259.54,72,101.1,0,0.534
2050-05-04,11.11,8.69,78.71,323.52,88.8,100.1,20.55,2.807
2050-05-05,13.41,8.7,146.08,318.15,72,100.8,0.4,3
2050-05-06,11.81,6.92,182.92,296.58,63.5,101.5,0.1,2.312
2050-05-07,16.69,6.31,261.24,286.45,63.4,101.7,0,1.658
2050-05-08,16.11,8.57,198.55,323.98,76.5,101.6,0.53,1.861
2050-05-09,16.68,9.64,175.27,320.98,79.7,101.1,3.33,1.983
2050-05-10,19.74,10.54,252.82,316.98,76.2,100.7,0.24,0.715
2050-05-11,19.24,7.31,269.17,293.86,75.4,100.5,0.07,0.592
2050-05-12,18.66,9.36,257.25,305.57,72,100.8,0.3,0.696
2050-05-13,14.46,8.78,250.18,302.79,57.2,102.2,0.15,2.005
2050-05-14,13.61,6.5,291.17,269.74,61.2,102.5,0.09,1.178
2050-05-15,15.03,4.97,246.67,288.93,68.8,101.1,0.13,2.503
2050-05-16,12.48,7.26,188.45,305.1,64.5,99.9,1.21,0.689
2050-05-17,11.13,5.01,179.73,291.19,60.7,99.7,0.68,1.256
2050-05-18,11.71,4.68,204.89,281.02,60.7,100.5,0.48,2.994
2050-05-19,12.57,5.22,184.62,291.85,61.7,100.7,0.28,2.364
2050-05-20,13.25,4.79,211.85,283.5,64.9,100.8,0.47,1.748
2050-05-21,13.25,3.02,197.31,288.86,73.7,101.3,1.03,0.331
2050-05-22,12.04,6.21,143.38,308.26,75.2,101.4,1.11,1.197
2050-05-23,13.24,5.13,210.53,284.03,71,101.6,1.99,3.025
2050-05-24,13.46,5.42,219.59,288.07,62.7,101.7,0.11,2.814
2050-05-25,13.98,5.71,147.46,315.89,81.4,100.7,2.68,1.138
2050-05-26,13.5,7.36,160.25,310.47,75.9,99.5,0.71,5.254
2050-05-27,11.74,5.91,215.81,290.69,64.4,100.4,0.78,4.377
2050-05-28,13.15,5.63,213.09,296.09,63.5,101.4,0.99,2.921
2050-05-29,15.41,5.55,136.39,324.9,74.3,100.9,3.14,1.887
2050-05-30,16.33,11.35,204.1,320.07,73.4,100.3,0.37,2.729
2050-05-31,16.59,11.15,223.25,319.03,75.1,100.3,1.58,2.869
2050-06-01,16.86,10.95,242.44,317.07,76.8,100.4,2.79,3.011
2050-06-02,15.57,8.34,193.02,309.08,79.7,100.8,5.98,2.303
2050-06-03,14.57,5.96,199.56,297.69,79.8,100.9,2.7,1.876
2050-06-04,15.1,9.86,173.53,330.39,86.8,100.6,8.52,1.179
2050-06-05,13.77,9.43,144.74,333.65,86.9,100,8.73,2.311
2050-06-06,12.88,8.76,151.87,328.83,84.9,100.1,3.71,1.741
2050-06-07,16.23,9.7,217.61,323.21,84.8,100.5,4.52,0.788
2050-06-08,19.13,9.24,287.96,305.02,76.1,101.2,0.1,1.579
2050-06-09,18.61,7.39,250.4,308.33,79.6,101.4,0.65,0.647
2050-06-10,19.09,7.95,312.08,288.46,71.1,101.5,0,0.761
2050-06-11,21.65,7.72,320.45,297.95,72.4,101.5,0,0.369
2050-06-12,21.63,10.22,320.12,303.36,70.5,101.3,0.79,0.462
2050-06-13,17.92,11.77,145.71,347.58,81.5,101.3,1.7,2.322
2050-06-14,16.63,9.78,164.01,341.43,84.9,101.3,5.82,1.613
2050-06-15,20.54,12.99,220.05,350.89,84,100.8,9.39,1.35
2050-06-16,19.64,12.39,293.4,314.94,75.7,100.3,1.86,3.775
2050-06-17,19.67,10.54,265.28,313.93,77.8,100.7,1.91,2.332
2050-06-18,18.32,9.46,252.77,314.75,72.6,101.5,0.36,1.552
2050-06-19,15.87,10.15,169.49,327.31,68.1,101.8,0.05,3.205
2050-06-20,14.57,10.57,101.02,336.49,86.3,101,6.74,2.241
2050-06-21,14.79,10.16,205.82,317.4,67.2,100,0.85,7.11
2050-06-22,14.29,9.42,164.49,323.13,66.2,100.1,0.14,8.149
2050-06-23,16.62,10.61,233.03,320.36,71.4,100.3,0.38,6.531
2050-06-24,16.54,10.38,279.61,302.43,69.2,100.9,0,4.941
2050-06-25,17.85,10.27,275.11,319.64,71,101.6,0.45,4.325
2050-06-26,19.88,11.88,219.39,346.31,82,101.5,0.09,2.686
2050-06-27,21.84,10.89,264.5,328.9,82.1,101.9,0,0.422
2050-06-28,25.93,13.1,319.78,336.21,70.2,102,0,2.827
2050-06-29,22.11,13.18,272.6,326.26,77.2,102.1,0.04,1.583
2050-06-30,24.32,10.65,334.36,305.61,63.3,101.9,0,0.764
2050-07-01,21.84,11.99,327.63,298.62,68,101.7,0,0.956
2050-07-02,21.61,11.4,338.03,289.25,65.3,101.6,0,0.676
2050-07-03,21.39,10.71,317.24,297.87,69.2,101.7,0.44,0.436
2050-07-04,20.7,10.55,301.85,297.21,67.6,102,0.04,0.451
2050-07-05,21.44,9.01,307.19,292.55,66.8,102.2,0,0.752
2050-07-06,20.42,11.33,256.57,326.6,69.4,101.9,0,0.802
2050-07-07,22.18,10.78,280.16,310.69,71,101.8,0,0.404
2050-07-08,21.2,12.45,212.58,336.56,76.6,101.7,0.04,2.496
2050-07-09,20.56,13.5,188.38,348.52,82.5,101.9,14.41,0.912
2050-07-10,23.23,13.73,236.7,354.29,76.2,101.9,0.1,0.401
2050-07-11,24.08,14.43,252.62,344.75,77,101.9,0.2,0.471
2050-07-12,26.44,14.84,296.84,339.27,71.7,101.6,0.66,0.807
2050-07-13,21.96,16.13,245.06,349.71,72.4,100.8,3.07,3.238
2050-07-14,21.26,14.1,239.9,341.16,73.8,101,0.44,0.68
2050-07-15,19.24,14.16,125.74,346.21,84.2,101.1,5.59,1.201
2050-07-16,22.52,12.57,210.9,342.15,81.9,101.6,0.79,0.325
2050-07-17,20.47,14.63,161.06,352.97,80.9,100.9,4.15,4.355
2050-07-18,19.77,12.76,295.49,309.89,68.5,101.6,0.24,2.792
2050-07-19,20.35,10.16,303.51,290.27,71.8,102.4,0.03,0.616
2050-07-20,24.26,11.27,277.07,330.02,74.8,102.4,0.15,0.805
2050-07-21,22.6,13.49,295.51,325.05,76.9,102.1,2.48,1.211
2050-07-22,21.67,12.57,172.39,330.89,79.1,101.3,6.02,2.708
2050-07-23,20.13,12.08,263.23,310.39,71.1,100.8,0.82,3.136
2050-07-24,19.21,11.8,262.55,300.42,64.2,101.1,0,2.688
2050-07-25,19.6,11.02,193.16,331.21,80,100.7,8,2.433
2050-07-26,18.37,11.59,210.26,319.41,72.3,100.7,0.97,1.954
2050-07-27,19.93,10.62,255.27,303.8,71.7,100.9,0.69,2.169
2050-07-28,23.41,9.21,300.03,295.89,65.6,100.9,0,0.669
2050-07-29,24.12,13.36,182,348.31,69,100.3,3.35,2.396
2050-07-30,22.15,15.33,235.51,346.72,85.3,100.1,8.1,0.94
2050-07-31,21.15,14.84,223.41,345.12,82.1,100.4,5.32,2.279
2050-08-01,20.15,14.35,211.39,342.46,78.8,100.8,2.54,3.883
2050-08-02,20.74,12.67,204.73,328.21,77.3,101.4,0.47,2.86
2050-08-03,22.76,14.78,159.2,363.4,87.1,101.1,6.98,1.825
2050-08-04,22.15,16.05,253.01,345.71,79.2,100.9,1.59,2.75
2050-08-05,22.67,14.8,223.83,341.23,81.1,101.3,0.91,1.251
2050-08-06,24.61,14.64,230.12,351.1,79.7,101.5,0.55,1.182
2050-08-07,26.3,16.85,222.09,364.1,81.8,101.7,1,1.117
2050-08-08,27.04,17.26,248.37,361.2,79.8,101.8,1.42,0.821
2050-08-09,20.65,16.2,109.02,362.54,85.8,101.5,4.03,1.343
2050-08-10,22.15,14.64,225.06,337.52,76.5,101.4,0.13,0.99
2050-08-11,23.59,13.64,256.16,326.96,74.1,101.8,0.04,0.485
2050-08-12,24.05,14.88,232.9,338.63,77.9,102.2,0.1,1.417
2050-08-13,26,13.89,267.43,329.24,75.7,102.4,0,0.398
2050-08-14,27.18,14.73,279.5,333.95,70,102.2,0,0.438
2050-08-15,28.28,15.97,242.24,361.68,74.3,101.8,0.02,1.299
2050-08-16,28.75,19.06,209.53,373.17,75.7,101.1,0,1.678
2050-08-17,26.62,19.93,265.18,345.34,68.8,100,0,1.282
2050-08-18,24.16,16.2,217.75,346.82,75.7,100.6,0.9,1.529
2050-08-19,25.12,15.05,254.86,334.26,69.9,101.2,0,1.166
2050-08-20,22.83,17.29,99.04,374.69,85.9,100.6,12.42,1.39
2050-08-21,23.93,15.39,236.75,333.63,77.7,100.3,0.15,1.141
2050-08-22,22.59,14.79,182.31,348.61,84,99.9,7.18,1.593
2050-08-23,20.97,14.13,136.25,340.38,83.3,99.7,3.88,1.546
2050-08-24,20.37,11.92,214.72,315.06,81,100.1,2.75,1.623
2050-08-25,18.2,12.01,186.9,310.02,79.2,100.9,2.97,2.543
2050-08-26,18.23,11.34,166.3,318.61,69,101.3,0.55,2.271
2050-08-27,20.09,12.51,115.39,359.41,90.8,101.4,8.47,1.443
2050-08-28,24.3,16.2,164.39,362.22,85,101.1,1.76,1.769
2050-08-29,24.02,15.06,161.11,354.46,81.9,101.3,0.63,2.943
2050-08-30,22.36,13.99,165.42,334.57,77.5,101.7,0,1.327
2050-08-31,23.13,13.28,180.27,335.02,78.4,101.6,0.04,1.681
2050-09-01,23.89,12.57,195.2,336.46,79.2,101.5,0.06,2.101
2050-09-02,25.53,17.94,184.55,370.29,82,101.7,0,2.336
2050-09-03,25.04,18.15,162.88,370.66,83.4,102.1,0.09,1.919
2050-09-04,24.71,16.31,167.46,358.53,86,102.1,0.23,0.819
2050-09-05,25.91,16.82,188.4,355.07,84.7,101.8,0.06,0.658
2050-09-06,25.79,17.92,168.85,366.65,90.3,101.8,0.22,0.191
2050-09-07,28.7,16.96,222.89,345.74,77.1,101.9,0,0.668
2050-09-08,26.68,16.53,209.51,343.4,81,101.9,0,0.332
2050-09-09,26.09,16.31,189.94,341.29,80.6,101.6,0,0.948
2050-09-10,24.13,15.98,161.31,341.21,80.8,101.5,0,1.014
2050-09-11,28.31,14.07,198.94,335.35,66.2,101.3,0,0.863
2050-09-12,26.73,18.37,200.58,341.22,65.5,100.7,0,1.59
2050-09-13,26.12,17.82,192.93,348.67,76.9,101,0.05,1.687
2050-09-14,24.91,17.34,129.54,361.96,82.3,100.9,1,1.086
2050-09-15,25.04,15.14,142.58,364.91,85.6,100.9,9.52,0.794
2050-09-16,22.97,13.71,168.82,325.69,77.2,101.1,0.08,0.631
2050-09-17,24.47,12.74,171.3,333.11,82.2,100.9,0.14,0.497
2050-09-18,25.86,17.69,167.89,354.94,78.2,100.4,0.34,0.857
2050-09-19,23.55,14.03,126.02,347.2,86.3,100.8,3.25,0.797
2050-09-20,21.19,17.76,84.68,370.32,92.5,100.7,4.92,0.563
2050-09-21,22.74,14.56,167.52,329.54,76.3,100.7,0.09,2.168
2050-09-22,19.57,14.69,62.1,366.59,86.2,100.2,12.53,0.624
2050-09-23,15.85,13.5,29.8,360.84,94,98.9,29.74,2.271
2050-09-24,18.11,12.6,122.23,328.38,82.6,98.4,1.23,1.082
2050-09-25,15.31,13.31,53.02,344.44,89.5,97.8,19.77,0.65
2050-09-26,19.78,12.5,164.95,307.26,79.4,98.8,0.04,3.617
2050-09-27,19.4,13.2,123.46,333.43,83.2,99.6,1.71,1.581
2050-09-28,21.49,14.6,132.17,335.73,83.3,99.8,0.24,3.14
2050-09-29,22.79,13.65,127.2,345.86,85.6,99.9,11.33,1.632
2050-09-30,17.33,12.89,119,310.25,76.4,99.9,2.29,3.243
2050-10-01,18.23,12.67,67.44,337.39,81.1,99.6,5.52,1.945
2050-10-02,19.59,14.08,85.35,343.51,78.8,97.7,2.17,5.96
2050-10-03,16.78,10.57,146.58,287.22,70.6,100.1,0,4.867
2050-10-04,13.7,7.93,124.86,283.68,67.2,101.5,0.09,1.848
2050-10-05,12.28,5.79,143.02,269.16,66.6,102.1,0,1.166
2050-10-06,13.21,5.76,145,285.07,72.3,102.4,0,0.951
2050-10-07,17.15,11.85,54.04,363.83,91.1,102.3,0.68,1.581
2050-10-08,19.73,14.97,88.68,368.59,91.7,102.1,0.61,0.916
2050-10-09,16.52,13.18,98.04,340.47,86.5,101.6,0.14,1.384
2050-10-10,16.48,12.61,69.23,346.76,89.5,100.8,1.32,0.517
2050-10-11,13.63,10.21,67.25,319.05,86.5,100.2,5.01,1.816
2050-10-12,12.55,7.78,88.61,286.89,77.4,100,1.44,2.752
2050-10-13,12.43,5.31,116.53,275.87,71.5,100.6,0.05,1.595
2050-10-14,15.86,9.21,93.49,310.13,77,98.6,1.59,6.894
2050-10-15,11.62,8.34,80.98,296.86,78.7,99,2.74,6.246
2050-10-16,10.93,6.72,70.98,304.75,69.4,100.4,1.83,4.223
2050-10-17,11.39,6.02,51.16,317.27,83.2,100.7,12.87,1.354
2050-10-18,16.16,9.71,34.6,348.29,92.6,100,4.82,2.277
2050-10-19,18.77,11.98,72.98,345.28,86,99.8,0.94,2.393
2050-10-20,17.93,13.96,62.93,336.79,85.6,99.8,0.65,1.798
2050-10-21,17.32,13.1,28.8,341.58,90.1,99.4,5.41,1.736
2050-10-22,16.36,12.47,86.47,314.47,81.1,99,0.54,3.166
2050-10-23,14.37,10.02,41.06,316.55,85,98.3,9,1.76
2050-10-24,13.53,8.9,89.67,293.74,77,97.4,1.08,2
2050-10-25,14.63,8.99,94.6,288.49,82.8,98,0,1.761
2050-10-26,12.93,8.35,59.5,301.15,90,98.4,0.81,1.114
2050-10-27,13.35,8.9,44.83,307.91,87,98.7,0.21,2.148
2050-10-28,14.26,6.55,81.11,283.78,85,99.2,0.08,1.999
2050-10-29,12.24,5.23,63.56,296.25,94,99.4,0.09,0.902
2050-10-30,11.96,5.43,65.41,301.73,93,100.5,0.06,0.566
2050-10-31,12.11,5.32,67.46,301.08,90.3,100.5,0.34,0.342
2050-11-01,12.26,5.21,69.52,303.84,87.5,100.6,0.61,1.133
2050-11-02,16.85,11.51,62.51,331.1,89,98.4,13.55,2.212
2050-11-03,14.47,11.16,79.41,295.18,84,98.5,0,5.578
2050-11-04,13.91,10.05,57.78,312.81,91.1,99.3,2.08,2.292
2050-11-05,13.64,8.35,52.3,315.64,92.6,100.7,1.47,0.915
2050-11-06,13.64,9.52,16.02,339.66,92.7,100.4,7.62,1.607
2050-11-07,15.96,11.79,67.09,318.67,88.5,100,0.2,3.149
2050-11-08,17.31,12.03,54.79,343.1,85.1,100.9,0.22,5.064
2050-11-09,15.99,12.4,19.88,329.83,87.1,100.8,1.14,5.44
2050-11-10,12.43,9.67,54.5,294.69,78.2,100.9,0.04,6.224
2050-11-11,10.43,7.54,26.34,319.31,87,101.7,3.26,1.588
2050-11-12,10.82,7.01,19.92,335.12,94.4,101,7.89,1.467
2050-11-13,10.43,6.98,30.5,333.8,92.4,101.3,0.86,1.673
2050-11-14,13.41,10.46,22.25,351.71,92.2,100.7,2.38,1.861
2050-11-15,13.83,11.39,38.6,320.74,90.7,100,0.36,1.204
2050-11-16,13.2,8.59,55.39,293.01,86.4,100,0.37,1.902
2050-11-17,14,10.82,55.21,309.26,90.6,99.8,4,1.155
2050-11-18,12.87,7.86,24.24,299.69,92,100.5,0.04,1.536
2050-11-19,12.31,7.89,55.07,284.48,87.1,101.4,0,3.712
2050-11-20,14.8,11.08,32.92,345.73,86.2,101.5,0.18,3.438
2050-11-21,12.91,8.21,16.66,313.66,84.2,101.2,1.61,3.466
2050-11-22,12.8,7.85,45.6,280.87,86.2,101.6,0.05,4.211
2050-11-23,12.8,7.15,50.66,296.21,91.5,102.5,0.05,0.948
2050-11-24,10.79,8.13,30.32,326.02,92.6,102.8,0.42,1.601
2050-11-25,10.83,7.6,34.48,322.95,91.2,102.7,0.31,0.569
2050-11-26,11.39,7.24,28.45,324.73,95.3,102.9,0.05,0.28
2050-11-27,10.2,8,26.88,328.23,94,103.2,0.23,0.358
2050-11-28,8.56,6.11,32.77,308.62,90.2,103.3,0.19,0.735
2050-11-29,7.93,4.5,27.05,309.47,91.6,102.9,0.31,0.607
2050-11-30,8.16,4.37,37.56,296.06,88.8,102.5,0.09,1.235
2050-12-01,9.64,6.15,29.25,314.56,92.3,102.3,0.06,0.924
2050-12-02,8.25,5.86,26.84,311.74,92.4,102.1,0.13,0.845
2050-12-03,13.11,7.28,10.95,330.55,92.1,101.3,1.18,1.312
2050-12-04,13.03,6.35,34.1,300.38,86,100.5,12.62,3.185
2050-12-05,9.11,6.12,33.56,285.51,76.2,101.3,1.5,3.23
2050-12-06,8.08,5.42,38.42,281.55,73.3,101,0.58,4.861
2050-12-07,9.61,6.45,24.25,306.7,81.9,102.5,0.67,4.311
2050-12-08,14.11,8.66,13.61,334.06,88.1,101.6,4.85,5.575
2050-12-09,14.23,6.53,38.17,280.26,65.7,101.1,2.05,6.754
2050-12-10,8.5,6.51,26.13,296.77,76.8,100,2.31,6.678
2050-12-11,8.57,6.68,26.15,300.95,74.4,99.7,0.5,5.832
2050-12-12,14.18,8.32,17.95,332.19,89.5,99.1,2.26,5.409
2050-12-13,14.22,6.78,32.79,292.31,67.6,99.6,1.02,8.091
2050-12-14,8.37,4.56,27.07,282.07,66.8,100.2,0.25,6.336
2050-12-15,7.5,3.45,33.91,257.34,75,100,0.05,5.224
2050-12-16,7.07,2.97,27.96,288.78,81.1,100,0,1.637
2050-12-17,5.47,0.33,37.07,246.7,78.3,100.5,0,1.552
2050-12-18,4.88,-0.63,30.08,259.23,82.4,101.7,0,1.39
2050-12-19,3.54,-2.74,38.28,238.05,89.4,102.4,0,0.814
2050-12-20,11.39,-0.02,10.42,323.76,86.5,102,2.82,2.429
2050-12-21,12.8,7.99,17.22,336.47,88.3,101.2,0.87,4.242
2050-12-22,8.56,6.24,32.48,292.82,73.2,101.2,0.11,4.887
2050-12-23,12.83,7.74,21.45,332.57,85.4,101.2,0,5.983
2050-12-24,13.5,11.69,27.28,331.88,81.8,100.9,0.1,6.525
2050-12-25,13.26,10.98,22.07,331.9,81.6,100.9,0,3.649
2050-12-26,13.32,2.94,28.51,294.51,86.9,101.9,5.32,2.321
2050-12-27,12.16,1.97,25.38,305.59,89.8,102.3,0.14,1.346
2050-12-28,12.33,9.04,22.93,327.96,89.5,101.5,0.1,1.789
2050-12-29,11.26,4.06,36.15,277.16,75.8,101.1,0.41,3.582
2050-12-30,8.63,4.17,26.17,282.48,71.7,101.9,0.66,3.753
2050-12-31,11.14,5.24,26.47,294.4,76.1,100.8,5.23,5.081
