date,tmax,tmin,swdown,lwdown,relhum,pres,prec,windspeed
2016-01-01,6.83,2.8,14.03,310.62,96.3,101.8,3.18,2.774
2016-01-02,8.92,5.31,16.84,315.79,91.7,100.8,5.9,4.347
2016-01-03,9.05,4.83,10.1,312.19,89.5,100.3,4.58,4.232
2016-01-04,6.77,2.4,27.84,283.44,76.9,99,0.59,5.593
2016-01-05,6.17,2.15,26.79,293.49,87.8,99.6,3.06,5.826
2016-01-06,5.98,3.52,7.42,314.73,89.8,99,17.96,4.279
2016-01-07,4.41,3.29,19.28,311.22,93.8,98.2,4.8,2.89
2016-01-08,3.91,2.88,15.16,311.69,91.4,98.6,2.96,4.693
2016-01-09,8.11,0.7,13.14,302.49,94.3,98.9,8.19,1.02
2016-01-10,8.89,5.98,36.28,303.17,90.6,97.9,1.92,4.56
2016-01-11,7.18,4.44,18.96,310.32,93.8,100.1,2.36,3.743
2016-01-12,6.09,0.54,39.43,275.2,91.4,101.8,0.05,0.631
2016-01-13,7.5,4.72,28.52,304.38,83.7,101,0.02,1.784
2016-01-14,8.38,3.67,23.09,291.07,92.1,101.2,1.7,3.734
2016-01-15,5.84,2.27,40.21,254.81,85,102.4,0,3.331
2016-01-16,6.95,4.36,41.19,289.9,90.2,101.9,0.08,1.492
2016-01-17,8.24,6.26,25.24,328.49,96.7,101.7,1.27,1.421
2016-01-18,6.5,4.72,41.5,299.83,93.1,102.5,0.1,2.636
2016-01-19,10.64,5.46,23.44,323.73,92,102,2.59,3.535
2016-01-20,12.05,3.73,49.35,293.19,67.9,102.7,0.69,6.679
2016-01-21,9.96,2.6,33.44,307.79,84.8,103.2,0.22,3.743
2016-01-22,10.95,7.99,27.3,337.17,95.7,102.8,0.19,2.53
2016-01-23,9.93,2.82,20.8,301.68,93.2,102.1,8.32,3.534
2016-01-24,8.25,2.38,54.05,257.31,83.9,102.9,0,5.278
2016-01-25,10.36,5.25,60.74,279.86,84.9,103.1,0.01,5.432
2016-01-26,10.04,6.49,48.02,298.04,85.9,103.2,0.06,5.677
2016-01-27,9.34,6,41.23,317.79,90.7,103.1,0.25,4.755
2016-01-28,7.59,5.33,32.49,316.44,92.3,102.9,0.58,3.672
2016-01-29,7.3,4.84,29.24,314.52,95.1,102.6,0.7,2.55
2016-01-30,10.15,4.78,26.37,324.82,96.2,102.1,6.9,2.572
2016-01-31,10,6.14,21.64,329.31,87.8,100.9,2.62,4.97
2016-02-01,7.34,4.7,40.65,308.08,86,101.3,3.31,3.495
2016-02-02,7.69,5.33,35.45,314.97,85.9,101.2,11.56,2.09
2016-02-03,5.52,3.36,34.25,298.4,78.6,102.8,0.83,2.47
2016-02-04,8.62,3.78,18.19,309.17,88.4,101.9,9.42,2.158
2016-02-05,8.65,3.35,24.44,297.87,85.4,103.1,4.04,6.705
2016-02-06,8.09,-0.42,53.26,268.86,77.8,104.2,0.25,5.235
2016-02-07,1.48,-1.3,90.2,207.24,71.1,104.6,0,4.554
2016-02-08,3.19,-3.03,89.03,218.46,86.6,105,0,1.19
2016-02-09,4.08,-2.41,96.28,221.83,87.7,105,0,0.222
2016-02-10,3.14,-2.31,97.39,225.02,86,104.5,0,2.176
2016-02-11,6.01,0.48,49.08,294.37,84.2,104.2,0.27,2.146
2016-02-12,5.99,1.76,46.15,298.36,90,104.2,0.9,2.71
2016-02-13,8.22,4.1,65.99,300.6,86.8,103.4,0.06,5.209
2016-02-14,7.61,2.83,38.98,303.35,81.2,102,2.55,4.714
2016-02-15,4.41,1.85,41.92,295.32,84.1,102.2,1.43,1.218
2016-02-16,4.24,1.54,49.16,285.66,87.9,101.9,3.66,1.834
2016-02-17,4.12,-1.23,58.55,268.9,88.9,101.8,0.58,2.92
2016-02-18,5.52,0.35,49.46,285.98,90.4,101.2,0.47,4.227
2016-02-19,6.14,0.76,51.92,284.29,90.7,100.8,2.17,2.006
2016-02-20,5.86,0.7,71.82,278.15,78.6,102.3,0.23,1.411
2016-02-21,3.17,-0.14,113.09,240.61,65.6,103.1,0,7.302
2016-02-22,2.62,-0.98,119.02,229.16,72.9,102.7,0,6.987
2016-02-23,4.17,-0.18,40.85,280.12,82.4,102.2,1.89,4.455
2016-02-24,1.43,-1.54,131.59,227.01,67.2,102.9,0,4.457
2016-02-25,1.14,-1.56,65.45,272.72,70.3,102.5,0.08,3.563
2016-02-26,1.14,-1.22,112.37,259.29,63.4,102.4,0.05,7.302
2016-02-27,2.1,0.23,36.82,295.75,81.6,102.5,2.7,6.114
2016-02-28,2.16,0.05,59.58,295.12,85.9,101.2,1.55,5.441
2016-02-29,3.53,-0.4,57.28,297.23,89,100.7,1.44,4.42
2016-03-01,4.9,-0.84,54.99,300.21,92.1,100.2,1.34,3.402
2016-03-02,2.52,0.08,50.32,294.14,82.5,100.9,1.16,5.518
2016-03-03,0.45,-0.89,57.04,287.23,82.1,101.4,1.23,5.917
2016-03-04,3.37,-0.13,49.79,298.04,85.4,100.9,0.64,6.326
2016-03-05,4.27,2.82,46.54,310.63,89.4,100.3,6.36,10.889
2016-03-06,5.25,2.66,56.01,315.27,96.6,100.7,8.57,7.256
2016-03-07,7.28,2.51,122.37,287.82,91.1,100.9,10.11,9.311
2016-03-08,3.46,2.04,62.32,306.71,87.7,101.2,2.56,8.253
2016-03-09,2.78,0.87,63.22,302.18,87.7,101.5,2.54,6.303
2016-03-10,2.62,0.54,63.72,296.42,84.2,102.1,0.93,5.916
2016-03-11,2.52,-0.57,94.05,273.22,73.8,102.8,0.15,4.863
2016-03-12,1.5,-1.63,134.13,252.78,72.8,103,0.08,4.088
2016-03-13,4.52,-1.53,163.18,245.06,80.6,102.9,0,0.798
2016-03-14,4.05,-0.16,90.39,289.41,80,102.2,0.14,1.833
2016-03-15,5.72,1.28,63.81,304.78,90.2,101.7,4.47,1.265
2016-03-16,6.58,1.92,82.47,299.67,87,101.8,0.74,0.634
2016-03-17,6.7,1.73,112.45,284.63,84.1,101.9,0,1.682
2016-03-18,8.35,3.74,71.77,301.35,88.2,99.8,2.51,3.488
2016-03-19,8.34,4.86,81.93,309.28,95.8,100,0.62,1.57
2016-03-20,6.05,3.75,97.25,279.28,91,101,0.01,3.053
2016-03-21,9.33,3.86,200.71,253.51,87.6,101.1,0,3.294
2016-03-22,7.29,4.58,87.88,315.5,96.4,100.1,3.71,3.691
2016-03-23,7.85,4.52,86.64,316.62,95.4,100.7,1.63,1.215
2016-03-24,7.5,3.94,87.08,312.15,87.7,101.7,0.68,2.166
2016-03-25,7.98,4.61,70.69,320.58,94.9,101.9,4.93,0.538
2016-03-26,10.32,5.12,101.71,322.9,90.1,101.7,3.18,1.102
2016-03-27,8.19,4.72,92.27,306.33,82,101.4,1.2,2.794
2016-03-28,8.63,4.02,93.99,306.95,81.8,101.9,0.28,1.278
2016-03-29,14.2,5.69,143.84,307.79,81.6,101.4,0,4.234
2016-03-30,9.93,6.24,155.84,291.49,69.6,101.1,5.8,6.821
2016-03-31,9.93,4.87,111.47,297.6,70.9,101.6,0.57,5.866
2016-04-01,13.53,6.57,142.91,320.04,77.2,101.4,3.37,5.248
2016-04-02,14.76,7.04,140.75,311.77,81.7,102.3,0,3.502
2016-04-03,16.15,8.97,136.09,322.41,83.7,102.5,0.03,2.376
2016-04-04,16.3,7.41,181.18,302.47,85.7,101.9,0.01,1.629
2016-04-05,14.88,5.82,169.7,295.27,87.1,101.8,0,0.725
2016-04-06,15.36,5.88,159.79,325.45,93.8,101,2.94,1.298
2016-04-07,12.67,5.39,70.74,332.27,94.1,99.6,30.02,0.185
2016-04-08,11.31,4.27,149.48,280.64,70,101.3,0.1,2.447
2016-04-09,13.21,6.26,59.39,316.99,87.8,100.9,5.71,2.955
2016-04-10,11.64,8.27,154.96,315.84,69.9,99.7,3.49,8.482
2016-04-11,10.9,7.33,116.84,307.21,61.1,100.5,0.73,9.502
2016-04-12,11.1,6.77,111.54,320.44,76.7,101.7,1.71,4.98
2016-04-13,16.02,10.71,116.03,345.29,86.4,102.2,0.64,2.613
2016-04-14,15.51,8.57,174.19,314.49,82.3,102.7,0.1,1.761
2016-04-15,16.06,8.29,249.4,283.37,84.2,102.7,0,0.795
2016-04-16,19.19,7.8,263.62,288.68,83.7,102.4,0,1.187
2016-04-17,19.96,8.81,255.72,302.14,84.4,101.8,0,0.773
2016-04-18,16.99,9.81,188.02,316.27,70.6,101.4,0.09,3.657
2016-04-19,15.46,8.83,141.16,318.92,67.9,101.8,0,4.82
2016-04-20,14.03,9.33,197.21,308.24,65.8,100.9,2.12,8.244
2016-04-21,11.51,6.53,163.38,299.85,63.4,100.7,0.76,6.755
2016-04-22,8.18,4.07,124.4,284.85,85.4,100.3,5.14,2.867
2016-04-23,11.45,3.55,156.92,291.53,74.9,101.1,0.4,2.823
2016-04-24,12.74,6.29,73.93,316.61,81.7,100,7.71,3.593
2016-04-25,8.99,4.72,125.82,297.24,78,99.7,3.56,2.72
2016-04-26,10.91,4.14,144.11,300.21,75.4,100.6,2.17,1.534
2016-04-27,10.08,4.74,149.77,300.65,71.3,101.7,0.83,2.072
2016-04-28,8.32,3.91,124.43,297,63,102,0.02,2.703
2016-04-29,13.73,3.83,180.96,309.8,77.6,101.2,0.88,4.281
2016-04-30,11.21,6.01,146.87,310.09,77,99.7,7.39,4.309
2016-05-01,10.05,4.63,148.01,293.46,69.4,99.8,0.68,4.49
2016-05-02,10.49,4.1,160.54,289.91,65.7,100.4,0.29,3.815
2016-05-03,11.86,6.58,134.36,319,85,99.8,5.72,5.566
2016-05-04,10.27,4.98,198.66,286.4,59.5,99.4,0.51,7.915
2016-05-05,8.23,3.88,81.74,306.21,85.5,99.6,7.32,1.654
2016-05-06,9.26,2.49,169.73,279.72,85.3,100.1,2.97,0.595
2016-05-07,9.43,3.26,150.92,285.87,79.8,100.5,1.22,2.558
2016-05-08,10.69,1.74,219.1,272.44,71.5,100.8,0.66,0.238
2016-05-09,10.2,3.6,183.51,279.32,73.1,100.9,2.79,2.838
2016-05-10,8.64,4.37,166.99,298.5,82.3,100.4,2.39,3.869
2016-05-11,9.05,3.45,216.17,272.26,75.3,100.5,0.16,0.11
2016-05-12,11.96,3.5,249.73,269.78,76.2,101.3,0.55,3.664
2016-05-13,10.95,3.56,159.45,282.75,72.1,102.1,0.27,1.251
2016-05-14,10.42,3.02,197.8,280.2,70.7,102.1,0.11,0.771
2016-05-15,11.71,5.24,206.71,295.41,72,101.7,0.04,3.576
2016-05-16,11.08,4.49,174.09,300.5,76.1,101,0.07,3.544
2016-05-17,12.6,3.24,203.16,287.3,81.2,100.9,0.83,1.13
2016-05-18,13.35,6.74,182.37,303.77,77.8,101.2,1.58,3.928
2016-05-19,17.67,7.05,190.3,318.14,81.5,101,1.02,4.421
2016-05-20,16.43,8.84,244.18,306.51,72.2,100.7,0.28,4.711
2016-05-21,14.44,8.69,198.42,310.78,69.4,101.1,0.28,4.423
2016-05-22,14.89,8.64,200.43,319.27,87.1,101.8,0.04,1.262
2016-05-23,15.57,10.73,169.87,321.96,85.6,101.8,0,2.564
2016-05-24,18.05,11.66,325.71,295.83,73.8,101.4,0,6.266
2016-05-25,18.92,12.15,312.76,309.25,84.8,101.1,0.03,5.27
2016-05-26,19.56,12.4,301.4,331.51,90.4,101.2,0.11,2.479
2016-05-27,22.22,12.58,293.4,343.51,87.4,101.4,0.42,1.326
2016-05-28,14.04,11.14,80,355.07,93.8,101.3,12.1,2.883
2016-05-29,16.24,10.96,205.75,330.69,86.2,101.7,2.81,2.425
2016-05-30,16.78,10.75,328.48,294.2,81.4,102.3,0,4.246
2016-05-31,17.55,12.27,327.83,303.26,79.3,102.2,0,5.247
2016-06-01,18.32,13.8,327.19,312.4,77.3,102.1,0,6.445
2016-06-02,19.93,15,296.71,336.68,79,101.6,2.89,7.076
2016-06-03,20.43,16.37,324.26,322.03,72,101.7,0.05,7.76
2016-06-04,19.67,13.59,347.89,290.79,72.7,101.9,0,7.151
2016-06-05,21.11,10.87,344.79,292.4,65.8,101.7,0,1.98
2016-06-06,15.65,10.96,284.83,304.48,73.4,101.3,0.19,2.61
2016-06-07,14.87,11.17,221.84,322.65,71.3,101.3,4.2,5.101
2016-06-08,15.55,9.03,236.94,313.11,71,101.2,1.62,3.103
2016-06-09,13.23,8.5,172,313.99,72.8,101.5,0.47,1.453
2016-06-10,13.18,7.43,182.68,300.03,64.3,102,0.1,1.485
2016-06-11,16.73,7.53,206.65,310.43,74.7,101.6,3.54,0.887
2016-06-12,17.21,9.23,276.8,311.23,77.6,101.3,0.13,2.563
2016-06-13,13.04,8.68,124.6,328.28,91.8,101,9.94,1.792
2016-06-14,14.61,7.32,240.71,293.75,80.1,101.8,5.27,1.746
2016-06-15,17.48,9.44,267.6,311.4,67.1,102.2,0.16,2.139
2016-06-16,17.33,11.54,147.47,329.96,74,100.9,1.77,5.402
2016-06-17,17.73,11.86,237.89,321.42,65.2,100.2,0.05,6.315
2016-06-18,18.78,12.18,211.58,337.46,70.8,100.1,0.75,4.02
2016-06-19,16.35,9.84,154.09,339.52,82.8,100.3,10.88,1.036
2016-06-20,16.75,8.43,241.53,302.24,68.3,101.6,0.47,3.82
2016-06-21,18.26,8.57,227.85,302.62,65.1,102.1,0,3.409
2016-06-22,18.72,11.93,158.52,349.26,79.3,100.7,6.74,3.88
2016-06-23,17.41,11.95,223.04,327.14,75.1,99,4.49,7.465
2016-06-24,17.74,12.26,262.65,329.32,65.2,100.8,0.03,4.77
2016-06-25,22.34,13.66,307.44,330.11,79.3,101.9,0,0.847
2016-06-26,22.51,13.12,345.49,311.31,80.9,101.9,0,1.769
2016-06-27,20.51,13.8,248.5,344.25,89.1,101.6,0.26,2.848
2016-06-28,18.93,12.76,197.76,346.68,86.6,101.6,0.5,1.969
2016-06-29,19.5,11.85,285.92,318.77,87.4,101.6,0.06,1.345
2016-06-30,21.37,12.12,231.16,349.02,85.7,101.8,0.17,1.133
2016-07-01,17.22,14.17,157.01,360.03,81.9,102.2,0.36,2.551
2016-07-02,16.34,13.42,119.52,351.08,78.4,102,2,3.326
2016-07-03,22.68,14.1,276.22,356.78,85.7,101.7,7.04,6.189
2016-07-04,22.58,16.73,300.98,358.37,92.1,101.6,1.06,3.862
2016-07-05,23.28,16.05,237.17,370.03,92.7,101.7,0.22,2.396
2016-07-06,23.07,15.74,331.13,334.13,80.7,101.7,0,3.322
2016-07-07,24.37,15.74,336.49,333.84,79,101.8,0,2.596
2016-07-08,23.55,15.44,229.33,355.6,88.3,101.6,12.88,0.668
2016-07-09,20.54,15.03,265.54,338.57,69.7,101.4,0.24,2.546
2016-07-10,20.13,12.3,223.25,320.06,73.7,101.3,0.91,0.566
2016-07-11,16.44,11.38,225.31,309.04,68.5,101.8,0,2.069
2016-07-12,17.78,10.48,170.16,328.41,78.2,101.7,5.5,4.525
2016-07-13,17.04,10.44,228.67,312.81,76.9,101.3,0.74,3.615
2016-07-14,18.61,10.27,173.45,335.5,85.4,100.8,6.28,2.876
2016-07-15,18.4,11.63,209.51,323.97,75,101.2,0.39,1.143
2016-07-16,22.16,12.74,232.36,344.46,76.8,101.2,0.16,2.109
2016-07-17,18.73,12.83,170.53,337.09,77.8,101.2,0.27,0.398
2016-07-18,19.38,11.21,225.34,315.01,74.3,101.1,3.07,1.757
2016-07-19,17.24,11.73,229.49,308.09,79.9,100.8,5.23,0.336
2016-07-20,19.55,11.98,238.57,317.59,74.8,100.7,0.08,1.672
2016-07-21,18.06,12.2,223.51,318.93,69.8,100.8,0.57,4.173
2016-07-22,22.21,10.81,281.62,307.56,63.2,100.9,0.38,5.315
2016-07-23,18.12,12.07,169.97,327.59,78.9,100.7,5.67,2.514
2016-07-24,16.84,11.91,115.28,344.71,89.3,100.4,15.05,4.815
2016-07-25,18.29,13.31,230.74,337.51,83.8,100.2,3.15,1.751
2016-07-26,17.76,12.61,184.72,329.17,89,100.8,5.75,1.873
2016-07-27,20.5,12.78,187.83,351.21,83.6,101.2,1.31,2.149
2016-07-28,19.27,14.11,166.95,352.04,88.5,101.3,10.77,1.516
2016-07-29,17.08,11.06,219.29,309.59,81.3,100.5,4.43,3.163
2016-07-30,15.62,10.36,226.56,302.06,82.6,100.4,4.73,2.111
2016-07-31,16.2,9.85,234.15,298.03,81.9,100.6,4.21,2.755
2016-08-01,16.79,9.34,241.83,293.92,81.3,100.9,3.68,3.412
2016-08-02,16.65,10.23,136.93,327.14,86.1,100.9,11.46,5.322
2016-08-03,20.05,14.14,258.43,338.33,81.5,101.2,0.09,2.865
2016-08-04,21.66,14.93,166.24,361.13,84.2,101.1,1.87,1.96
2016-08-05,18.89,11.76,199.46,311.82,75.3,101.2,0,3.232
2016-08-06,19.94,11.17,185.43,325.8,83.4,101.5,3.84,1.408
2016-08-07,17.19,11.38,202.57,322.07,81.1,101.5,2.33,3.328
2016-08-08,18.06,12.04,99.53,360.77,92.3,101.2,5.68,3.592
2016-08-09,18.52,14.29,159.21,360.57,85.7,101.4,0.97,2.12
2016-08-10,18.72,12.94,191.97,336.28,78.6,101.6,0.24,2.64
2016-08-11,17.78,12,223.92,326.19,75.8,102.1,0.05,2.754
2016-08-12,20.45,12.94,174.95,354.9,80.3,102.4,0.23,1.523
2016-08-13,20.7,14.13,178.98,342.35,80.5,102.1,0.19,1.724
2016-08-14,19.98,13.87,224,336.22,78.4,102,0,1.201
2016-08-15,23.45,14.34,258.49,331.78,74.2,101.7,0.04,2.7
2016-08-16,24.23,13.65,242.43,331.54,73.6,101.6,0.02,2.243
2016-08-17,17.21,12.65,89.78,354.27,91.3,101.3,10.3,1.281
2016-08-18,17.8,10.33,206.73,299.53,76.4,101.5,0.88,0.731
2016-08-19,18.21,12.64,88.34,346.04,85.4,100.9,2.36,1.474
2016-08-20,21.38,16.71,154.76,374.08,89.7,100.4,10.12,1.744
2016-08-21,22.36,16.31,173.14,354.02,84.2,100.4,6.39,1.918
2016-08-22,19.52,15.68,159.43,344.83,88.7,100.3,5.21,1.427
2016-08-23,19.31,15.25,154.48,346.22,87.8,99.8,6.42,2.057
2016-08-24,17.45,13.76,94.23,351.85,91.3,100.9,9.68,2.948
2016-08-25,19.01,12.4,204.47,322.73,81.7,102.1,0.26,0.166
2016-08-26,18.57,14.05,103.65,349.79,90.9,101.8,3.23,4.003
2016-08-27,23.66,13.97,142.23,360.4,86,101.4,0.3,4.977
2016-08-28,20.14,14.9,215.64,326.4,72.9,101.6,0,4.388
2016-08-29,20.37,12.24,211.87,326.45,74.5,102,0.1,2.823
2016-08-30,23.24,15.45,199.73,344.97,78.6,101.8,0.48,3.92
2016-08-31,22.62,15,174.45,347.34,80.3,101.7,0.93,4.298
2016-09-01,22.01,14.55,149.45,348.11,82,101.5,1.38,4.689
2016-09-02,19.24,12.53,215.83,308.86,64.7,100.8,0.23,7.498
2016-09-03,17.54,11.75,201.17,306.7,65.5,101.4,0,4.379
2016-09-04,17.8,10.88,49.61,342.52,84.4,101.2,1.49,4.385
2016-09-05,22.21,12.97,185.55,334.72,75.1,101,0.41,5.061
2016-09-06,19.05,13.86,117.84,348.9,70.2,101.1,0.52,5.132
2016-09-07,20.12,10.65,94.1,343.9,90.6,100.2,37.78,3.955
2016-09-08,14.38,8.58,176.25,284.71,77.2,101.2,2.11,4.235
2016-09-09,16.37,7.65,178.56,288.76,76.3,101.9,0.6,4.041
2016-09-10,16.93,9.1,75.96,344.26,93.3,101.5,7.86,1.925
2016-09-11,18.35,15.17,61.81,360.72,87.7,100.6,7.48,6.451
2016-09-12,17.61,12.63,47.72,336.38,91.3,99.9,3.89,3.738
2016-09-13,15.68,10.75,127.86,307.32,83.1,100.4,2.01,2.933
2016-09-14,15.76,8.49,162.29,286.96,70.2,102.1,0,1.306
2016-09-15,16.76,6.92,205.7,281,75.8,102.7,0,1.586
2016-09-16,15.79,11.99,204.65,287.66,75.7,102.3,0,6.262
2016-09-17,16.48,13.28,195.55,299.07,82.4,101.4,0,4.367
2016-09-18,20.83,13.5,149.96,329.75,86.2,101,0.93,1.291
2016-09-19,19.02,11.2,163.9,316.94,81.1,101.3,0.09,2.397
2016-09-20,19.76,14.69,120.32,344.18,86.7,100.9,0.78,2.412
2016-09-21,20.18,12.01,151.39,316.59,79.7,101.4,0.04,3.853
2016-09-22,20.66,14.63,104.23,347.05,82.7,101.2,0.39,5.385
2016-09-23,19.8,12.69,158.44,330.42,80.2,101.8,0.13,2.554
2016-09-24,20.93,15.33,176.47,320.16,82.1,101.2,0,1.532
2016-09-25,18.3,10.14,176.64,300.74,74.7,101.6,3.06,3.335
2016-09-26,17.61,7.76,179.26,280.5,75,102.2,0,0.505
2016-09-27,19.29,11.83,73.65,332.91,90.4,100.8,4.46,2.381
2016-09-28,19.09,11.23,48.15,346.37,87.1,99.9,1.69,5.908
2016-09-29,16.67,10.5,160.18,295.57,68.4,100.3,0.16,7.299
2016-09-30,16.5,10.85,114.72,332.88,79.7,100.3,4.15,2.848
2016-10-01,14.33,10.23,103.58,301.08,82.2,99.9,4.97,3.432
2016-10-02,15.53,8.93,132.43,295.86,82,100.6,0.12,3.144
2016-10-03,18.22,9.86,75.14,346.77,92,100.4,0.29,0.338
2016-10-04,18.13,12.79,80.46,346.61,85.5,100.4,1.13,5.753
2016-10-05,17.14,10.35,82.56,326.91,81.4,100.2,3.4,6.289
2016-10-06,13.4,8.61,121.39,285.68,70.1,100.4,0,8.27
2016-10-07,15.08,9.73,121.51,293.63,70.7,100.8,0,6.5
2016-10-08,14.7,8.18,119.09,299.8,82.3,102.1,0.05,1.711
2016-10-09,15.9,9.44,110.42,328.5,84.1,102.5,0.06,0.75
2016-10-10,17.13,12.76,67.35,361.81,93.1,102.4,0.87,0.321
2016-10-11,16.16,12.81,86.08,339.68,93.7,102.2,0.17,3.549
2016-10-12,16.31,13.61,80.54,337.47,90.1,101.5,0.44,1.176
2016-10-13,14.32,9.95,85.28,325.99,86,100.9,2.32,3.494
2016-10-14,11.42,7.76,101.35,304.32,79.8,100.2,1.62,2.288
2016-10-15,11.98,5.04,124.41,273.18,82.8,99.9,4.73,0.51
2016-10-16,10.72,4.07,65.42,303.52,91.7,99.4,7.79,1.413
2016-10-17,10.67,3.75,66.12,298.84,91.5,99.5,1.84,2.853
2016-10-18,9.59,3.63,105.84,262.23,89.6,100.5,0.59,0.969
2016-10-19,11.95,3.08,89.8,287.17,93.3,100.9,0.1,2.268
2016-10-20,10.24,6.65,51.23,312.08,91.3,99.8,2.76,4.488
2016-10-21,11.46,5.54,100.41,280.6,73.1,99.8,0,6.601
2016-10-22,8.79,4.76,99.2,268,74.7,100,0,5.11
2016-10-23,9.51,3.34,113.85,264.2,76.8,99.8,0,2.554
2016-10-24,11.27,4.49,91.01,285.06,79.4,100.3,0,1.817
2016-10-25,12.58,3.97,64.5,300.76,95.2,100.5,6.5,1.214
2016-10-26,11.63,6.05,70.2,314.46,96.1,101.6,0.12,0.861
2016-10-27,12.8,7.08,41.22,330.64,94.1,101.9,0.51,1.313
2016-10-28,13.68,6.57,64.18,309.95,92,102.1,1.41,1.016
2016-10-29,11.77,5.95,75.86,286.4,91.8,102.2,0,2.481
2016-10-30,11.83,7.22,62.77,292.06,83.4,102.2,0.31,1.855
2016-10-31,11.72,8.14,65.49,305.01,82,102.4,0.24,3.111
2016-11-01,11.62,9.06,68.21,316.88,80.6,102.7,0.16,5.895
2016-11-02,11.26,7.97,44.06,332.21,91.2,102.8,2.32,2.37
2016-11-03,12.24,9.86,52.44,336.28,93.3,102.8,0.87,3.667
2016-11-04,10.69,9.26,55.88,327.97,87.8,102.6,0.33,6.418
2016-11-05,10.48,8.72,38.13,333.65,88.1,102,0.37,6.405
2016-11-06,10.69,8.1,47.62,321.77,89,100.6,1.37,1.629
2016-11-07,10.35,7.67,71.16,301.39,78.5,100.2,4.63,6.817
2016-11-08,15.29,7.39,47.08,327.23,84.7,100.9,2.86,6.636
2016-11-09,15.55,11.4,62.64,324.48,88,101.4,0.14,4.918
2016-11-10,12.35,5.76,35.37,302.05,85.3,101.2,1.06,4.116
2016-11-11,12.85,6.57,52.66,295.46,81.9,101.6,0.22,4.362
2016-11-12,11.91,6.88,59.48,279.33,93.6,102.4,0,3.373
2016-11-13,11.86,7.89,41.76,310.09,94.3,102.6,0.07,2.99
2016-11-14,10.93,8.5,44.48,325.58,90.6,102.3,0.35,3.275
2016-11-15,12.75,8.54,28.6,342.19,94.6,101.8,7.67,3.014
2016-11-16,8.54,3.06,52.63,257.98,88.6,101.5,0.2,4.324
2016-11-17,6.56,2.34,55.39,268.03,84,101.5,0,3.767
2016-11-18,9.33,2.45,19.68,291.62,87.6,101.4,2.23,4.601
2016-11-19,9.94,5.73,54.94,293.33,80.7,101.2,0,5.473
2016-11-20,14.17,6.82,40.84,317.61,81.9,100,2.65,6.71
2016-11-21,7.02,3.07,40,277.46,82.7,100.2,0.75,5.342
2016-11-22,4.21,-0.29,19.48,248.27,70.8,100.7,0.06,6.627
2016-11-23,4.04,-1.23,51.97,251.92,86.3,100.9,0.1,3.742
2016-11-24,7.3,1.79,34.88,277.52,89.2,101.8,0,1.84
2016-11-25,6.17,1.11,39.64,291.58,88.9,102,0.9,1.943
2016-11-26,9.64,5.72,19.46,334.04,95.6,101.6,2.69,3.201
2016-11-27,9.19,4.64,49.34,276.57,82.1,101.2,7.49,5.074
2016-11-28,8.34,4.07,40.74,286.52,89.8,102.1,2.67,4.262
2016-11-29,13.04,8.37,23.84,343.87,95.6,101.6,2.53,3.986
2016-11-30,12.95,7.28,42.14,327.07,90.5,101.4,3.61,4.159
2016-12-01,7.6,3.44,27.26,268.25,84.4,101.6,0,4.237
2016-12-02,10.74,5.49,18.39,307.57,89.2,100.2,5.57,5.77
2016-12-03,8.71,5.83,41.62,277.02,68.6,100.6,0,7.758
2016-12-04,13.77,5.51,11.4,326.59,89.4,100.6,5.85,5.698
2016-12-05,10.9,6.82,27.23,297.1,78.3,100.3,0,5.896
2016-12-06,8.62,5.4,34.56,282.03,65.8,100.8,0,7.551
2016-12-07,10.99,2.17,14.39,311.26,89.9,100.5,19.56,1.367
2016-12-08,11.07,8.35,16.79,335.86,91.7,98.3,7.16,2.163
2016-12-09,9.65,6.92,17.77,322.02,96.1,98.5,3.93,2.009
2016-12-10,7.37,4.55,6.76,310.98,92.5,98.3,6.81,5.057
2016-12-11,11.08,4.82,25.89,309.7,87.7,99,12.17,3.534
2016-12-12,12,4.23,17.68,316.3,80.5,97.2,7.98,8.884
2016-12-13,4.83,2.82,12.11,306.89,86.9,99.9,5.79,7.295
2016-12-14,6.79,0.64,33.52,288.18,81.7,101.4,0.1,2.03
2016-12-15,6.98,4.56,22.74,311.34,84.2,100.7,15.42,3.215
2016-12-16,8,5.98,18.11,329.31,97.6,100.5,1.64,1.303
2016-12-17,7.11,3.55,21.98,315.09,88.7,101.3,0.11,2.654
2016-12-18,4.85,2.26,21.84,297.54,81.6,101.7,0.2,4.201
2016-12-19,3.32,1.85,21.91,293.74,76.6,102.8,0.38,7.544
2016-12-20,2.87,1.45,25.79,289.94,71.9,102.9,0.02,8.905
2016-12-21,1.54,-1.67,18.97,285.17,84.2,101.9,0.88,3.947
2016-12-22,0.07,-4.79,40.75,228.42,91.4,102.1,0,0.828
2016-12-23,3.14,-3.23,21.11,291.46,91.7,102.4,0.27,0.77
2016-12-24,3.92,1.51,21.41,306.27,93.1,102.3,0.09,3.832
2016-12-25,7.25,3.96,15.66,323.78,96.7,102,2.74,2.417
2016-12-26,8.32,5.44,20.85,322.22,96.5,102.1,0.02,2.135
2016-12-27,11.77,4.1,5.53,319.33,91.2,101.2,7.72,3.508
2016-12-28,10.88,3.13,4.63,321.41,93.2,99.9,20.74,2.006
2016-12-29,6.34,2.77,23.31,272.42,71.5,100.6,0,8.246
2016-12-30,7.24,0.01,35.95,260.03,89.4,102.1,0,2.579
2016-12-31,9.45,3.34,26.32,301.76,92.1,101.7,4.37,2.756
2017-01-01,11.66,6.68,16.77,340.75,94.7,101.3,8.72,3.326
2017-01-02,12.23,6.56,15.6,328.99,92.5,100.7,2.88,5.166
2017-01-03,8.59,5.87,26.36,287.79,78.9,100.8,2.63,6.738
2017-01-04,7.16,4.43,44.97,268.81,76.5,100.8,0.21,5.15
2017-01-05,10.18,6.97,28.82,318.14,77,98.4,4.96,8.387
2017-01-06,9.17,2.98,18.76,305.38,86,98.6,2.5,6.726
2017-01-07,4.57,1.5,26.94,274.32,90.8,100.2,1.07,2.835
2017-01-08,2.58,-0.97,41.72,237.24,81,101.7,0,3.907
2017-01-09,10.66,1.95,12.41,318.6,89,100.6,5.38,5.558
2017-01-10,9.54,4.17,38.27,278.81,81,100.2,0.1,4.823
2017-01-11,5.67,2.1,37.55,269.66,77,99.1,0.68,6.582
2017-01-12,5.15,1.7,27.98,271.31,83.8,98.9,1.5,4.813
2017-01-13,8.09,3.04,18.98,312.08,91.7,97.8,11.89,4.98
2017-01-14,5.7,0.82,35.37,278.47,89.7,100.1,0.7,5.703
2017-01-15,5.93,2.91,40.16,282.95,85.3,101,0,4.391
2017-01-16,5.05,2.39,24.61,307.95,95.5,100.8,4.23,1.385
2017-01-17,9.46,5.07,38.08,310.77,82,99.7,8.45,6.224
2017-01-18,8.64,5.88,26.08,313.09,82.8,100.2,9.08,6.457
2017-01-19,9.34,7.31,25.42,316.26,92.9,100.4,1.16,3.811
2017-01-20,9.52,5.04,18.47,313.3,89.8,99.3,4.78,3.12
2017-01-21,7.2,3.49,39.6,272.83,74.3,99.2,0.1,5.91
2017-01-22,4.11,0.26,54.24,247.81,77.2,100.7,0.39,5.362
2017-01-23,4.8,-1.11,48.8,264.63,91.3,102.3,0.07,3.071
2017-01-24,10.56,3.03,20.24,322.35,94,102.3,2.95,3.953
2017-01-25,10.43,7.72,36.02,327.29,97,102.7,0.38,3.293
2017-01-26,8.52,7.01,24.62,332.75,97.3,102.5,2.15,2.497
2017-01-27,8.55,6.7,48.36,310.54,93.3,102.8,0.46,3.193
2017-01-28,8.47,4.78,40.45,308.25,94.8,102.4,0.05,0.784
2017-01-29,9.27,5.83,33.57,314.64,95.2,102.6,0.11,1.454
2017-01-30,8.37,4.67,38.09,311.55,95.7,102.7,1.01,0.957
2017-01-31,8.66,4.93,44.37,311.68,92.3,102.7,0.13,3.213
2017-02-01,10.26,7.4,58.65,312.67,88.7,101.9,0.17,3.236
2017-02-02,8.05,3.64,22.03,298.92,90.5,101.8,4.66,3.136
2017-02-03,7.81,2.48,48.02,284.63,87.1,102.2,0.06,4.27
2017-02-04,10.71,5.64,48.1,308.22,92.2,102,1.99,4.319
2017-02-05,8.29,1.98,41.11,286.23,87.4,101.3,9.65,3.868
2017-02-06,6.04,-0.23,74.12,255.61,77.8,100.8,0.45,1.804
2017-02-07,8.2,5.07,32.07,307.45,90.5,99,2.31,2.17
2017-02-08,11.02,4.74,32.71,306.2,77.9,98.4,4.41,4.937
2017-02-09,8.78,3.71,65.3,275.26,69,98.9,0.15,6.599
2017-02-10,10.87,4.7,75.23,293.09,75.3,100.7,2.24,6.763
2017-02-11,13.67,10.92,35.18,353.88,87.3,100.6,1.2,6.586
2017-02-12,13.13,8,49.88,315.9,82.5,100.6,1.79,6.21
2017-02-13,9.82,5.42,53.75,296.45,78.6,101.7,4.75,5.969
2017-02-14,11.27,6.62,84.96,295.25,76.2,100.3,2.52,8.296
2017-02-15,8.45,5.05,32.05,289.51,72,100,0.13,6.884
2017-02-16,6.85,2,45.18,293.54,74.6,100.1,2.02,6.104
2017-02-17,5.49,0.6,100.22,250.32,60.5,101.6,0.05,1.08
2017-02-18,7.1,-1.33,91.69,272.75,76.5,102.1,3.74,3.835
2017-02-19,10,5.09,76.79,298.39,75,101.5,3.41,6.637
2017-02-20,10.36,4.34,80.87,295.19,74,102.8,0.04,7.058
2017-02-21,12.32,7.62,72.24,309.91,78.4,103.2,0,7.054
2017-02-22,12.63,8.12,87.93,296.15,84.3,103.1,0.12,7.052
2017-02-23,11.91,8.5,80.89,309.84,89.1,103.1,0.28,3.425
2017-02-24,10.69,7.74,60.32,322.91,87.8,102.3,0.22,3.012
2017-02-25,8.07,5.04,95.86,294,76.1,101.6,2.14,4.582
2017-02-26,10.95,4.98,57.84,303.03,79.5,101.3,0.3,5.814
2017-02-27,9.59,7.12,59.69,305.67,82.1,101.1,0.41,4.498
2017-02-28,12.07,7.78,81.91,325.24,90.1,100.9,1.07,2.943
2017-03-01,13.85,9.51,71.44,340.4,86.2,101,5.03,3.517
2017-03-02,11.8,4.8,124.76,275.27,68,101.6,0.15,5.268
2017-03-03,11.52,4.71,112.54,274.32,77.1,101.4,0.46,3.736
2017-03-04,9.52,4.44,144.74,270.02,64.2,100.4,4.48,5.973
2017-03-05,11.71,4.73,100.86,308.06,69.6,98.5,5.13,9.445
2017-03-06,9.6,3.24,140.65,268.47,68.5,100.9,0.27,4.561
2017-03-07,10.31,4.99,112.75,297.93,68.3,99.9,3.22,8.228
2017-03-08,10.9,4.41,125.62,280.14,62.6,100.8,0,7.299
2017-03-09,9.58,4.14,59.99,302.42,83,100.8,7.63,2.697
2017-03-10,8.79,4.51,136.93,261.42,69.9,100.3,0.2,6.385
2017-03-11,8.19,3.52,118.86,295.46,72.9,100.3,3.03,6.349
2017-03-12,10.06,4.64,86,313.21,85.1,99.5,9.65,3.603
2017-03-13,6.19,2.29,93.41,270.28,77.7,100,0.66,3.195
2017-03-14,5.56,2.71,85.07,289.75,71.3,101.2,0.52,5.9
2017-03-15,5.2,1.81,103.31,272.24,71.3,102.2,0.86,5.532
2017-03-16,6.06,0.73,97.85,269.68,71.4,102.7,0.15,1.598
2017-03-17,8.44,1.21,59.44,302.24,91.4,102.5,3.7,3.346
2017-03-18,12.97,6.11,129.78,305.88,89.3,102.3,0,2.901
2017-03-19,13.66,5.91,137.87,294.15,85.3,102.8,0,2.321
2017-03-20,14.55,6.93,164.02,301.85,82.7,103,0.09,2.596
2017-03-21,13.59,6.11,192.15,271.6,83,102.8,0.02,1.054
2017-03-22,15.02,5.39,157.23,281.5,80.5,102.5,0,3.34
2017-03-23,9.57,3.45,94.17,294.3,79.3,103.3,0.5,0.711
2017-03-24,13.07,3.6,168.63,280.94,82.1,103.2,0.01,2.686
2017-03-25,15.35,7.39,163,299.52,78.9,102.3,0,3.389
2017-03-26,12.99,7.05,131.09,306.53,75.2,101,1.63,4.184
2017-03-27,13.14,7,109.83,318.32,79,98.9,12.06,3.453
2017-03-28,10.54,6.44,108.63,313.19,70.2,98.2,3.39,6.93
2017-03-29,10.54,5.72,120.72,308.86,80,98.3,1.84,4.687
2017-03-30,7.36,4.78,60.7,306.52,91.1,98.4,4.84,0.672
2017-03-31,9.39,5.47,70.43,304.89,93.4,98.7,5.91,1.952
2017-04-01,12.09,4.85,155.64,298.79,80.8,100.2,0.93,1.919
2017-04-02,10.07,7.2,78.1,320.86,95.1,100.1,25.98,2.615
2017-04-03,10.71,3.39,123,298.92,88,99.4,2.26,2.425
2017-04-04,6.45,2.44,107.61,289.64,78,100.2,0.18,2.024
2017-04-05,6.3,1.75,97.03,282.58,63.5,101.3,0.09,2.546
2017-04-06,7.78,0.27,138.42,266.22,68.5,101.9,0.35,1.023
2017-04-07,6.57,1.51,116.53,279.8,83.1,101.5,1.22,0.797
2017-04-08,5.52,3.02,141.26,278,58.4,101,0.05,8.118
2017-04-09,5.64,2.39,113.94,293.51,71.1,101.1,1.79,4.768
2017-04-10,7.12,1.6,117.38,293.29,87.1,100.8,0.93,1.111
2017-04-11,8.67,1.24,130.38,288.88,79.8,101.1,0.11,0.458
2017-04-12,10,4.46,122.43,297.32,76.5,102,0.12,0.302
2017-04-13,8.91,3.92,93.45,301.11,79.5,102.4,0.09,1.338
2017-04-14,10.22,3.17,136.95,286.71,78.6,102.4,0.02,1.85
2017-04-15,9.54,4.35,104.28,312.85,90.7,102,1.94,1.507
2017-04-16,11.25,6.3,165.07,314.11,91.1,102,0.09,1.701
2017-04-17,11.53,6.75,217.26,287.27,80.3,102.3,0.05,4.819
2017-04-18,11.41,5.84,270.47,250.79,72.8,102.5,0,4.409
2017-04-19,10.29,5.22,170.86,287.41,78.3,102.5,0,2.955
2017-04-20,9.75,4.96,106.3,311.59,89.5,102.4,1.45,2.947
2017-04-21,9.88,5.61,158.36,298.1,79.1,102.4,0.59,4.738
2017-04-22,12.26,4.27,260.92,260.24,83.7,102.1,0,2.353
2017-04-23,16.85,4.65,200.51,297.63,82.7,101.7,1.36,2.335
2017-04-24,18.22,7.97,226.61,307.54,77.8,101.5,0.06,3.956
2017-04-25,12.92,6.22,174.3,289.51,60.2,101.5,0.19,4.545
2017-04-26,11.58,4.65,171.47,281.85,61.4,101.8,0.08,3.259
2017-04-27,11.42,4.15,169.11,281.03,67.3,101.7,0.12,2.201
2017-04-28,11.39,6.74,175.54,297.46,71.5,101.1,1.38,5.636
2017-04-29,11.64,6.9,148.48,318.47,91.2,100.5,4.39,1.479
2017-04-30,16.87,4.08,253.81,281.44,73.9,101.3,0,3.86
2017-05-01,14.94,10.35,145.76,330.56,80.4,102.3,0.06,1.054
2017-05-02,17.87,8.73,264.25,296.93,77.3,102.4,0.01,2.406
2017-05-03,16.26,8.95,202.57,307.85,84.9,101.6,0.12,1.374
2017-05-04,12.19,8.7,145.53,318.71,74.3,101.2,2.16,5.235
2017-05-05,11.07,5.72,167.89,300.09,70.2,100.1,3.08,7.099
2017-05-06,11.44,5.63,147.11,303.93,67.9,101.4,2.63,2.6
2017-05-07,9.06,5.31,137.64,306.05,78.7,101,4.84,3.165
2017-05-08,9.3,4.91,153.03,295.38,65,101.3,3.14,0.581
2017-05-09,11.8,6.09,200.35,297.36,73.5,99.2,4.08,4.547
2017-05-10,11.04,5.58,170.59,303.62,78.1,98.6,6.8,3.027
2017-05-11,9.78,4.04,172.44,293.3,83.8,99.1,2.58,4.173
2017-05-12,10.91,4.33,183.91,291.07,76.6,100.5,0.71,3.685
2017-05-13,10.82,3.25,199.72,274.43,71.5,100.8,0.18,3.4
2017-05-14,11,4.03,169.67,286.72,66.3,100.8,0.29,4.542
2017-05-15,11.91,4.25,153.09,298.69,68.4,101.5,0.63,2.204
2017-05-16,13.53,8.01,164.82,317.65,82.4,101.1,1.26,1.779
2017-05-17,15.27,9.57,215.26,312.38,62.4,100.3,3.11,6.501
2017-05-18,12.16,7.46,120.16,319.73,83.1,100.2,10.09,1.088
2017-05-19,11.77,7.91,158.72,316.52,86.4,100.3,3.29,4.111
2017-05-20,13.62,7.1,203.96,297.25,77.5,101.3,2.16,1.963
2017-05-21,14.84,5.28,281.84,282.86,78.2,101.5,0.59,2.728
2017-05-22,16.76,8.91,246.64,307.89,77.8,102,1.78,0.358
2017-05-23,14.3,9.52,295.61,280.65,81.5,102.6,0,5.653
2017-05-24,16.4,10.14,260.35,308.59,79.3,102,0,9.478
2017-05-25,22.59,15.11,242.29,361.23,84.7,101.4,3.32,3.279
2017-05-26,21.02,13.62,185.02,345.05,87.8,101.4,5.66,0.711
2017-05-27,18.59,10.98,304.12,297.49,70.6,101.9,0,0.807
2017-05-28,19.59,9.3,320.4,303.82,75.2,101.5,0.25,0.967
2017-05-29,16.68,9.82,126.03,329.68,87.8,101,18.33,2.325
2017-05-30,15.27,7.9,251.17,285.23,79.3,101,4.86,0.338
2017-05-31,15.21,7.25,248.34,285,79.3,101,5.36,0.575
2017-06-01,15.15,6.61,245.49,284.75,79.3,101,5.86,0.816
2017-06-02,17.39,7.73,259.87,297.77,71.7,101,1.27,2.868
2017-06-03,17.29,9.44,270.61,314,73.3,100.6,0.95,2.261
2017-06-04,15.87,12.07,209.79,320.53,85.2,99.7,4.71,2.202
2017-06-05,15.01,10.07,110.54,339.15,91.8,99.8,12.77,2.464
2017-06-06,13.32,8.85,194.88,314.95,68,101.2,2.72,3.088
2017-06-07,15,8.4,181.2,323.56,64.9,101.5,0.77,1.057
2017-06-08,16.19,10.32,167.08,335.63,87.2,100.8,15.23,1.401
2017-06-09,13.49,8.89,218.2,301.87,72.9,101.4,3.77,3.583
2017-06-10,17.24,8.64,127.45,321.57,83.4,101.3,3.92,3.375
2017-06-11,23.3,10.87,333.82,317.7,70,101.6,0,6.253
2017-06-12,17.9,9.24,313.34,293.3,67.2,102.3,0.08,3.61
2017-06-13,18.21,8.44,271.81,298.46,76.2,102.8,0.12,0.476
2017-06-14,19.04,9.77,240.06,328.64,82.7,102.2,1.03,0.372
2017-06-15,16.89,10.95,212.31,338.32,83.5,101.8,0.78,1.519
2017-06-16,16.08,9.65,304.66,293.48,73.5,101.8,0.01,1.862
2017-06-17,17.18,9.2,253.72,298.59,77.5,101.6,0,0.952
2017-06-18,19,13.63,252.75,335.48,83.4,101.1,10.43,1.446
2017-06-19,17.49,11.78,281.5,310.38,71.8,101.3,0.95,3.011
2017-06-20,13.31,10.41,216.56,309.85,79.8,101.6,5.41,3.247
2017-06-21,14.49,10.38,106.4,340.61,89.1,101.6,13.65,2.659
2017-06-22,16.54,12.55,176.81,341.39,84.6,101.8,0.87,1.905
2017-06-23,18.95,12.41,160.06,361.27,86.2,101.7,1.36,2.09
2017-06-24,17.98,11.66,250.17,335.3,77.6,101.4,0.18,1.362
2017-06-25,17.47,13.04,165.58,346.27,90.4,100.8,20.99,2.793
2017-06-26,16.54,12.83,143.09,354.94,92.3,100.9,4.38,5.529
2017-06-27,13.79,11.42,94.92,348.67,90.2,101.4,6.22,3.03
2017-06-28,16.98,10.25,244.86,315.9,87,101.5,3.4,0.126
2017-06-29,16.37,8.98,180.4,324.24,83.9,101.8,0.72,2.274
2017-06-30,18.64,7.76,273.63,304.71,73.6,101.9,0,1.712
2017-07-01,16.41,13.59,68.57,355.66,90.4,101.6,5.22,2.301
2017-07-02,16.84,13.68,134.03,354.16,93.6,100.5,10.81,1.209
2017-07-03,18.96,12.74,248.38,333.82,83.6,100.4,9.96,3.064
2017-07-04,18.87,10.98,261.6,309.65,69.5,101,0.5,4.67
2017-07-05,18.7,11.22,216.34,318.83,77.9,100.8,0.63,3.496
2017-07-06,19.98,12,252.21,315.58,69.6,101.1,0.2,3.977
2017-07-07,18.81,13.21,145.36,352.09,83.8,100.6,3.85,1.785
2017-07-08,19.99,12.63,247.01,329.02,70.9,100.5,0.92,5.678
2017-07-09,16.49,12.38,142.1,335.87,85.3,101.2,13.71,3.398
2017-07-10,19.66,11.13,293.19,310.72,71.8,101.2,0.04,3.851
2017-07-11,19.33,11.38,206.9,328.68,70.9,101.3,0.23,2.383
2017-07-12,19.73,12.46,262.98,323.63,71,101.2,2.03,2.356
2017-07-13,15.9,12.4,102.06,352.21,92.9,100.2,19.58,0.256
2017-07-14,15.35,11.75,193.34,319.76,85.7,100.6,5.41,4.07
2017-07-15,17.43,10.51,242.1,317.44,81,101.1,5.28,1.505
2017-07-16,20.57,13.2,178.98,357.21,83,100.5,3.22,1.03
2017-07-17,19.29,15.44,172.67,358.25,91.2,100.6,5.45,4.767
2017-07-18,19.26,14.95,133.78,353.11,90.4,100.4,6.54,0.318
2017-07-19,19.99,13.25,126.49,345.66,91.5,100.2,4.36,1.627
2017-07-20,20.16,12.49,248.73,335.88,89.2,100.2,0.35,1.602
2017-07-21,19.45,14.87,187.87,352.44,88.4,100.8,3.02,4.036
2017-07-22,20.07,12.43,319.16,298.4,78.7,101.4,0,1.389
2017-07-23,21.03,11.04,301.83,296.53,78.9,101.8,0,0.704
2017-07-24,20.87,11.38,296.25,299.93,82.8,101.9,0,1.023
2017-07-25,23.4,13.79,238.59,341.54,82.9,101.6,0.52,0.807
2017-07-26,19.46,12.51,237.93,317.27,77.1,101.5,0,2.134
2017-07-27,21.25,11.37,275.92,307.09,77.3,101.4,0,0.516
2017-07-28,24.29,14.57,280.25,331.68,81.1,101.7,0.59,0.422
2017-07-29,24.77,16.24,281.68,339.3,79.4,101.8,6.04,0.356
2017-07-30,22.31,14.58,250.79,340.78,79.8,101.9,0,0.732
2017-07-31,22.55,14.12,259.13,335.78,82.6,101.9,0.01,0.426
2017-08-01,22.79,13.66,267.62,330.5,85.3,101.9,0.03,0.354
2017-08-02,24.52,17.47,280.33,344.19,80.5,101.9,0.04,1.169
2017-08-03,24.66,18.87,272.1,345.38,73.6,101.4,0.5,2.47
2017-08-04,25.53,15.57,261.59,349.85,75.1,100.9,2.18,1.598
2017-08-05,24.19,13.61,259.38,325.81,72.2,100.9,0,1.035
2017-08-06,25.9,16.89,277.81,343.73,71.5,100.8,0,1.419
2017-08-07,24.47,14.85,268.47,322.53,65.9,101.1,0.37,3.899
2017-08-08,23.34,15.07,176.89,350.63,77.4,101.5,1.15,3.001
2017-08-09,24.86,16.82,169.11,371.47,82.2,101.4,1.04,3.376
2017-08-10,25.23,18.34,242.31,354.88,67.9,101.5,0,3.662
2017-08-11,24.06,14.85,238.45,335.31,72.3,101.6,0.42,2.698
2017-08-12,21.94,13.63,231.12,332.04,76.2,101.7,2.22,0.836
2017-08-13,19.9,15.97,184,338.6,60,101.8,0.01,5.414
2017-08-14,18.49,14.17,95.23,362.12,80.2,101.4,31.63,5.295
2017-08-15,20.79,14.01,218.7,334.93,71,101.5,5.82,3.114
2017-08-16,20.82,12.72,207.62,325.99,75.8,101.9,0.14,3.238
2017-08-17,20.98,13.83,192.35,342.12,78,101.8,0.34,2.812
2017-08-18,21.24,13.73,185.69,337.76,78.2,101.6,0.48,1.327
2017-08-19,21.06,15.09,227.05,327.67,78.5,101.4,0,1.209
2017-08-20,23.09,17.84,243.27,349.68,80.4,101.3,0.3,1.732
2017-08-21,24.14,16.69,218.81,348.14,83,101.7,0.73,0.276
2017-08-22,23.17,17.31,174.6,357.96,87.5,101.3,4.92,3.385
2017-08-23,20.83,16.8,120.85,375.78,88.3,101.1,19.55,2.947
2017-08-24,18.79,13.23,164.73,338.69,74.8,101.8,0.06,2.969
2017-08-25,17.94,11.87,178.55,315.32,81.5,101.7,1.83,0.931
2017-08-26,18.3,11.19,167.5,326.85,77.7,101.9,0.6,2.389
2017-08-27,19.5,12.43,188.78,323.21,70.1,102,0,2.134
2017-08-28,20.53,10.53,233.59,304.75,75.8,102,0,0.446
2017-08-29,21.92,11.88,196.28,318.12,76.4,101.2,0.63,1.389
2017-08-30,20.4,12.74,164.87,324.82,77.9,101.1,0.65,3.424
2017-08-31,18.83,11.34,172.11,312.26,73.1,101.4,0.34,2.327
2017-09-01,17.26,9.95,179.46,300.79,68.4,101.6,0,1.684
2017-09-02,16.61,9.49,181.13,294.9,65,101.9,0.07,3.365
2017-09-03,18.64,8.39,166.3,312.18,70.2,101.8,0,3.899
2017-09-04,20.09,12.51,189.61,313.72,69,101.4,0,3.389
2017-09-05,21.81,11.23,145.69,328.81,74.2,100.4,0,2.608
2017-09-06,19.99,13.75,87.14,353.39,88,100.2,5.45,3.962
2017-09-07,20.81,11.84,209.92,308.09,72.4,100.3,0.22,4.047
2017-09-08,20.39,14.29,157.27,336.16,69.7,99.4,3.22,5.408
2017-09-09,19.03,13.4,192.74,310.05,69.4,100.3,1.35,6.65
2017-09-10,22.04,13.05,130.24,356.15,80.1,100.9,1.88,5.575
2017-09-11,23.3,17.64,177.33,363.06,80.1,101.4,0,5.1
2017-09-12,23.35,17.49,157.16,358.67,82.6,101.2,0.49,2.11
2017-09-13,19.77,13.21,197.81,303.68,61.3,101.5,0.1,6.577
2017-09-14,20.87,12.72,135.22,330,65.9,101.9,0.03,6.301
2017-09-15,22.09,13.96,157.53,349.85,75.1,101.3,0.1,6.234
2017-09-16,19.11,14,139.05,332.58,75.2,101.3,0.06,1.998
2017-09-17,20.78,15.4,125,365.17,85.2,100.1,11.06,1.627
2017-09-18,19.32,13.96,172.19,317.75,72,99.8,0.45,5.023
2017-09-19,18.89,12.16,143.76,308.58,71.3,100.7,0.07,4.715
2017-09-20,20.37,11.93,139.24,324.53,73.7,100.8,0,2.153
2017-09-21,20.46,13,142.84,331.3,73.1,101,0.74,2.876
2017-09-22,19.99,13.06,123.42,349.75,91.1,101.4,5.92,1.6
2017-09-23,19.32,13.16,111.63,333.48,86.2,101.5,0.21,1.673
2017-09-24,19.02,11.61,184.51,296.85,81.6,101.6,0.04,0.986
2017-09-25,17.12,10.69,93.23,328.32,84.7,101.3,4.87,1.676
2017-09-26,17.32,9.96,86.35,347.92,89.1,100.9,0.19,2.535
2017-09-27,22.66,16.69,110.2,382.03,90.5,100.4,16.84,1.335
2017-09-28,17.77,11.55,160.7,311.59,79.5,101,10.02,3.202
2017-09-29,17.85,9.51,164.43,299.18,80.3,102.2,0.02,2.427
2017-09-30,16.75,10.24,117.49,320.07,77.5,102.1,0.03,0.886
2017-10-01,17.93,13.2,98.1,339.61,84.3,100.6,1.52,1.368
2017-10-02,15.19,10.9,52.74,330.81,79.8,100,3.48,3.332
2017-10-03,12.57,7.66,88.28,295.5,68.3,101,0.12,3.478
2017-10-04,12.25,7.06,100.14,289.03,76.1,101.5,0,2.612
2017-10-05,13.86,7,80,306.03,72.4,101.7,0.09,1.876
2017-10-06,13.09,7.85,116.16,292.53,74.2,102,0.15,2.946
2017-10-07,12.61,6.97,63.03,301.96,87.1,101.9,0.3,2.121
2017-10-08,13.38,5.97,93.15,296.87,92.3,101.7,0.16,1.345
2017-10-09,13.68,6.52,78.52,307.39,91.8,101.4,0.57,1.75
2017-10-10,14.49,6.78,96.81,306.75,84.7,101,0.62,2.234
2017-10-11,12.8,9.67,69.15,329.23,88.6,100,3.46,1.275
2017-10-12,14.44,8.24,120.2,298.11,85.6,101.1,0,2.979
2017-10-13,16.29,10.06,81.81,315.92,89.6,101.9,1.2,1.495
2017-10-14,14.58,9.75,68.44,335.33,95.8,102.4,0.27,0.174
2017-10-15,16.3,10.89,112.83,313.24,86.7,102.3,0.77,4.146
2017-10-16,13.83,11.59,101.1,300.19,76.2,101.5,0.01,7.93
2017-10-17,13.03,10.61,47.6,339.42,87.4,100.5,3.53,3.458
2017-10-18,13.28,9.7,33.16,342.82,85,100.4,11.88,6.041
2017-10-19,14.13,12.03,55.03,343.09,95.2,99.8,11.29,0.76
2017-10-20,14.93,10.6,56.08,330.94,92,100.6,0.1,1.294
2017-10-21,16.67,13.12,44.98,346.99,89.9,100.2,0.08,1.999
2017-10-22,18.47,15.65,35.96,366.45,89.7,100.2,2.99,2.314
2017-10-23,16.2,12.54,21.08,364.02,95.7,101,11.63,0.245
2017-10-24,15.19,9.33,92.74,308.3,88.1,102.2,2.31,2.314
2017-10-25,12.8,9.08,77.79,307.94,76,103,0.1,3.012
2017-10-26,12.52,9.49,75.04,315.36,85.5,102.2,0.17,1.234
2017-10-27,16.31,9.46,78.67,321.68,89.4,101.4,0.07,2.673
2017-10-28,15.22,11.76,72.22,345.98,90.8,101.7,0.53,0.35
2017-10-29,15.44,9.55,79.15,316.48,87,101.6,1.38,4.163
2017-10-30,12.37,9.07,42.1,324.31,86.4,101.4,0.2,3.852
2017-10-31,12.19,9.19,41.26,327.94,79.9,101.5,0.51,0.288
2017-11-01,12.01,9.28,40.42,331.53,73.4,101.6,0.82,5.128
2017-11-02,10.35,7.02,95.95,262.48,54.5,101.6,0,8.701
2017-11-03,9.5,6.32,82.53,281.1,71.3,101.2,0,4.47
2017-11-04,12.03,8.74,42.36,325.81,90.4,101.3,1.44,2.503
2017-11-05,11.58,9.08,29.2,337.5,92.4,100.9,20.26,2.857
2017-11-06,9.85,7.46,73.67,287.76,84.4,100.3,0.07,4.035
2017-11-07,14.17,8.56,12.78,348.04,92.6,99.3,20.7,5.181
2017-11-08,15.4,12.56,49.8,334.89,92.5,98.4,4.01,1.865
2017-11-09,14.9,11.66,71.07,304.24,89.3,98.9,3.21,1.703
2017-11-10,13.26,10.13,48.16,312.69,91.9,99.1,1.92,1.303
2017-11-11,13.69,11.68,44.7,329.19,88,98,8.41,2.562
2017-11-12,13.79,10.42,69.41,297.45,84.1,97.9,0.57,2.92
2017-11-13,12.29,8.88,54.49,301.54,90.2,98.7,0.4,1.484
2017-11-14,11.44,7.7,35.34,302.32,94.4,99.4,0.15,2.948
2017-11-15,10.89,6.55,38.67,297.87,93.6,100.6,0.07,3.704
2017-11-16,13.38,5.71,43.38,307.82,92,100.9,1.57,1.587
2017-11-17,14.43,11.45,52.59,312.65,93.9,100.7,0.25,1.561
2017-11-18,14.67,12.5,28.19,337.45,94.1,100.1,3.04,2.112
2017-11-19,14.32,11.43,49.55,313.66,89.1,99.5,0.27,3.666
2017-11-20,11.98,10.11,40.7,307.4,85.3,98.2,0.82,6.379
2017-11-21,10.33,3.5,53.11,269.2,69.5,99.7,0.33,7.658
2017-11-22,5.46,1.06,56.41,232.64,71.8,101.3,0,5.927
2017-11-23,9.14,0.2,11.25,306.45,87.4,101.9,5.46,1.583
2017-11-24,12.42,8.13,11.11,348.34,98.9,101.5,8.14,2.077
2017-11-25,11.53,7.98,39.47,325.53,99.2,101.9,0.34,1.255
2017-11-26,12.32,8.32,17.42,342.35,97,101.8,2.17,1.472
2017-11-27,12.24,9.36,38.16,330.2,95.2,101.3,5.84,2.749
2017-11-28,11.08,7.19,36.55,310.07,93.5,101.7,0.38,3.945
2017-11-29,9.75,6.46,46.29,300.28,94.8,102,0.65,2.236
2017-11-30,9.71,6.13,46.43,285.73,94.2,102,0.41,0.924
2017-12-01,8.81,5.29,15.51,311.82,82.7,101.6,0.33,6.354
2017-12-02,5.29,3.56,23.4,306.26,82.5,102.2,0.53,4.511
2017-12-03,4.51,2.02,20.1,299.78,84.7,103.1,0.28,0.456
2017-12-04,9.95,1.81,18.4,318.44,93.9,102.3,0.35,5.281
2017-12-05,11.88,8.35,27.07,326.37,88.2,101.1,0.5,6.095
2017-12-06,8.58,3.52,25.88,290.17,85.6,101.1,0.22,2.197
2017-12-07,6.78,1.89,44.98,254.75,88.3,101.7,0,1.69
2017-12-08,7.18,2.73,26.24,291.9,86.5,102.1,0.14,0.821
2017-12-09,5.56,1.85,33.19,281.46,83.9,101.9,0.09,2.644
2017-12-10,6.8,3.45,20.29,300.13,76.6,102,0.75,4.141
2017-12-11,4.68,2.4,19.15,296.57,67.9,102.8,0.68,3.36
2017-12-12,5.62,3.93,23.18,299.61,58.7,103,0,6.681
2017-12-13,4.81,1.55,30.61,271.55,65.9,102.6,0,5.807
2017-12-14,5.7,2.59,16.56,310.37,95.1,101.6,6.98,0.421
2017-12-15,6.5,2.28,22.55,284.29,91.7,101,3.44,4.17
2017-12-16,6.42,-0.41,24.32,279.21,78.2,101.1,0.37,4.185
2017-12-17,7.13,-0.41,34.56,272.8,88.1,101.5,0.77,5.14
2017-12-18,9.51,4.29,16.45,301.68,94.5,101,1.58,4.349
2017-12-19,11.19,5.49,20.02,318.96,89.1,101,0.46,5.2
2017-12-20,11.57,7.8,20.82,335.5,88.5,100.8,8.03,4.199
2017-12-21,9.08,5.44,29.41,296.23,85.4,100.2,2.65,3.619
2017-12-22,12.95,5.52,15.31,334.79,90.7,99.4,3.86,4.978
2017-12-23,14.08,10.45,30.95,327.63,67.6,99.3,1.87,9.61
2017-12-24,11.33,7.85,36.46,285.3,65.9,101.6,0,7.092
2017-12-25,13.39,7.34,14.95,332.27,84.3,101.2,1.16,6.296
2017-12-26,12.36,4.25,24.86,300.76,81.9,101.6,0.76,4.051
2017-12-27,12.49,9.32,6.02,342.72,83.3,99.5,11.44,7.448
2017-12-28,9.66,7.1,33.65,302,72.8,99.2,0.71,7.209
2017-12-29,7.67,5.58,39.53,285.5,72.4,99.2,6.21,4.552
2017-12-30,7.27,3.52,23,295.47,85.7,97.6,2.08,4.131
2017-12-31,7.98,3.59,18.41,304.1,78.2,97.2,7.01,7.081
2018-01-01,8.68,3.65,13.85,313.63,70.6,96.9,11.95,10.031
2018-01-02,6.64,3.35,43.19,261.36,66,98.6,0,8.481
2018-01-03,6.41,0.46,41.54,243.67,90.4,99.3,0,2.16
2018-01-04,3.32,-0.46,40.12,246.22,93.3,100.6,0,3.143
2018-01-05,7.2,0.05,18.28,283.89,88.5,100.4,2.91,4.548
2018-01-06,6.5,3.24,44.7,269.94,69.2,100,0.05,8.083
2018-01-07,5.66,0.87,47.73,236.68,75.9,102.1,0,5.017
2018-01-08,6.89,1.29,22.51,313.47,98.5,103.2,0.87,1.159
2018-01-09,9.28,6.85,29.6,325.66,95.9,103.2,0.26,3.052
2018-01-10,9.01,6.65,24.73,320.07,90.6,102.7,0.39,4.979
2018-01-11,11.15,8.81,18.79,335.98,93.7,102.5,0.66,4.571
2018-01-12,10.45,8.05,23.58,306.15,86.4,102,0.01,4.921
2018-01-13,10.76,5.44,21.18,301.09,80.5,101,3.09,5.994
2018-01-14,7.82,4.26,25.01,275.46,65.8,101.5,0,7.96
2018-01-15,8.76,3.61,29.8,288.57,82.5,102.8,1.19,5.101
2018-01-16,10.81,5.23,18.94,312.57,80.7,101.8,1.41,7.63
2018-01-17,7.02,3.79,26.74,293.04,75.9,102.5,0.21,5.103
2018-01-18,12.09,5.23,21.05,329.05,94,101.5,3.79,3.939
2018-01-19,10.72,4.81,24.31,324.99,94.1,101.4,3.57,2.616
2018-01-20,9.52,7.42,41.4,318.99,88.8,100.6,1,4.909
2018-01-21,8.43,5.43,56.15,280.7,84.4,100.4,0.99,5.573
2018-01-22,9.2,4.58,34.22,302.33,74.7,99.4,0.94,7.492
2018-01-23,8.33,4.53,37.39,300.87,66.2,99.6,0.24,8.745
2018-01-24,8.35,5.16,40.92,295.72,79.4,101.9,0.03,4.011
2018-01-25,8.73,4.99,27.82,324.95,97.7,102.6,1.44,1.835
2018-01-26,8.56,5.11,25.24,323.33,94.1,102.6,0.27,1.399
2018-01-27,5.2,3.53,46.39,295.91,80.3,102.3,0.16,1.1
2018-01-28,6.2,2.82,39.09,301.88,87.2,102.3,0.09,1.874
2018-01-29,9.85,4.99,67.29,294.13,88.8,102.5,0.17,3.293
2018-01-30,8.06,5.43,41.3,312.63,81.2,103.1,0.2,3.298
2018-01-31,10.07,2.8,24.35,306.43,95.4,103.2,6.52,3.192
2018-02-01,9.95,6.1,48.3,323.72,91.5,102.8,2.1,2.679
2018-02-02,6.25,3.09,37.12,297.25,81.8,103.8,0.24,4.3
2018-02-03,4.52,1.85,48.43,287.39,86.4,103.9,0.13,0.735
2018-02-04,3.84,0.18,40.38,285.01,88.8,103.5,0.09,2.932
2018-02-05,8.27,1.45,50.74,275.55,87.6,103.9,0,2.275
2018-02-06,6.53,-0.19,56.92,270.91,83.7,104.1,0.1,3.438
2018-02-07,9.01,4.66,46.61,316.83,83.5,103.3,0.26,5.312
2018-02-08,11.29,6.83,58.9,312.67,82.8,102.5,0,5.2
2018-02-09,9.73,5.72,55.59,311.58,87.5,101.9,0.64,2.958
2018-02-10,7.59,3.15,29.02,304.62,87.4,100.1,2.99,2.66
2018-02-11,6.54,1.49,71.19,260.01,78.3,101.7,0.25,2.44
2018-02-12,5.07,-0.28,98.77,243.54,73,103.1,0,2.349
2018-02-13,6.71,0.55,55.31,299.78,82.1,102.4,0.06,2.486
2018-02-14,8.65,3.34,48.29,304.73,90.5,101.8,0.87,1.767
2018-02-15,8.9,2.71,56.31,288.61,87.6,101.6,1.13,3.2
2018-02-16,7.3,1.46,81.91,269.19,76.7,102.5,0.04,2.064
2018-02-17,7.38,2.92,107.55,248.19,74.9,102.5,0,3.625
2018-02-18,9.52,4.99,88.45,283.55,81.3,101.5,0.25,4.15
2018-02-19,10.45,6.79,61.67,293.89,90.6,101.6,0.27,1.498
2018-02-20,9.64,5.62,89.28,286.92,88.9,102.1,0.46,1.88
2018-02-21,8.88,7.52,47.36,321.94,88.2,101.1,5.06,3.604
2018-02-22,9.02,6.01,89.79,294.92,93.3,100.6,2.08,1.822
2018-02-23,9.37,4.83,104.72,277.09,77.8,100.8,0.05,3.782
2018-02-24,8.71,5.58,63.37,314.37,90.8,101.4,3.85,0.587
2018-02-25,13.8,6.84,67.57,335.79,89.8,101.7,2.8,4.346
2018-02-26,12.58,9.07,38.93,334.75,94.5,102.3,3.45,3.502
2018-02-27,12.88,7.66,125.01,295.15,92.5,102.7,0.11,1.621
2018-02-28,13.4,7.6,138.25,274.45,90.2,102.7,0,1.713
2018-03-01,11.67,6.61,144.85,263.16,91.1,102.4,0,2.113
2018-03-02,12.74,3.76,141.72,279.08,93.5,102.6,0.06,1.845
2018-03-03,7.51,5.8,76.18,303.57,86.7,102.8,0.08,4.022
2018-03-04,8.6,4.25,82.36,285.72,76.5,102.5,0.11,3.798
2018-03-05,8.48,3.52,102.72,280.53,78.2,101.6,6.27,2.892
2018-03-06,10.87,4.87,91.55,300.22,81.2,100.8,0.76,4.241
2018-03-07,12.73,6.15,70.77,327.78,85.9,98.7,13.11,7.22
2018-03-08,8.42,5.07,86.42,295.71,68.4,100.2,0.42,7.368
2018-03-09,8.74,3.36,75.95,294.64,86.4,100.7,0.48,3.609
2018-03-10,11.42,6.73,85.68,308.77,80.4,100.2,14.47,5.386
2018-03-11,8.12,4.1,84.04,278.03,60.8,100.3,0.36,10.407
2018-03-12,11.28,3.53,69.21,303.05,71.2,101.3,0.54,8.373
2018-03-13,11.84,5.15,73.42,315.52,90.1,102.1,2.81,4.267
2018-03-14,10.07,6.68,115.32,309.84,91.9,103,0.45,2.255
2018-03-15,9.36,6.38,166.78,278.54,76.6,103.2,0.04,3.136
2018-03-16,9.98,4.61,119.34,279.32,84.2,102.6,0,2.173
2018-03-17,13.57,2.82,154.29,284.23,85.6,102.1,0,0.491
2018-03-18,14.56,6.2,141.3,285.1,79.1,102.3,0,4.144
2018-03-19,10.5,3.88,161.45,259.94,73.2,103.1,0,1.04
2018-03-20,9.8,3.1,121.52,278.13,76.5,103.4,0.13,1.582
2018-03-21,8.86,2.59,144.46,267.89,70.5,104.1,0.07,3.29
2018-03-22,10,0.45,200.6,244.82,79,104.3,0,0.431
2018-03-23,13.62,2.9,194.6,268.47,86.1,103.7,0,0.445
2018-03-24,9.98,3.76,112.92,306.67,85.3,102.6,0.15,2.036
2018-03-25,7.01,1.76,118.54,289.96,69.6,100.5,2.2,5.734
2018-03-26,5.98,1.2,129.6,277.93,68.3,99.6,7.61,3.318
2018-03-27,7.7,2.61,113.85,281.04,64.5,100.8,0.41,1.784
2018-03-28,9.6,1.48,118.69,280.74,72.9,100.7,0.05,6.131
2018-03-29,7.15,1.71,60.16,297.5,80.3,100.6,8.49,0.584
2018-03-30,7.95,2.15,59.15,301.23,88.4,100.1,7.41,3.506
2018-03-31,11.7,5.44,111.24,314.23,80.4,98.8,7,3.373
2018-04-01,11.93,6.66,105.11,305.8,68.1,98.6,0.23,6.406
2018-04-02,10.41,7.19,91.15,317.35,77.3,99.4,2.34,6.965
2018-04-03,10.56,5.89,119.07,303.08,74.1,101.8,0.25,4.476
2018-04-04,10.8,5.61,108.8,315.4,79.3,102.8,2.98,1.975
2018-04-05,15.18,7.31,135.12,325.02,90.1,102.3,1.18,2.056
2018-04-06,10.12,7.37,79.48,332.66,91.8,101.9,0.14,4.267
2018-04-07,12.71,8.28,146.17,312.74,82.5,100.1,1.18,2.393
2018-04-08,11.44,6.62,145.94,296.16,81.4,100.4,0.56,1.607
2018-04-09,10.23,5.45,110.17,303.82,90.5,100.4,5.65,0.761
2018-04-10,10.84,5.01,153.74,304.9,83.1,99.4,7.24,2.487
2018-04-11,9.73,8.05,100.42,324.68,93.4,98.5,7.82,3.745
2018-04-12,11.9,7.64,173.8,305.4,90.9,99.4,5.5,2.305
2018-04-13,11.95,7.31,138.25,319.16,80.4,100.2,0.19,2.345
2018-04-14,10.24,7.98,93.04,329.22,94.3,100.2,6.28,5.331
2018-04-15,9,7.15,54.17,331.38,92.3,101.5,13.03,4.542
2018-04-16,11.07,6.35,217.86,294.92,78,102,1.43,3.177
2018-04-17,11.7,7.78,131.97,334.25,91.9,101.1,4.58,4.777
2018-04-18,11.95,9.13,111.66,338.18,93,100.5,1.77,2.335
2018-04-19,14.06,8.71,133.46,332.45,84.2,100.7,0.17,3.205
2018-04-20,14.96,7.09,181.59,305.92,87.8,101,0.41,2.685
2018-04-21,14.74,10.9,124.01,331.09,87,100.7,0.64,4.895
2018-04-22,14.91,10.46,233.33,298.38,84.1,101.1,0,2.091
2018-04-23,16.61,9.69,236.38,311.33,83.9,101.6,0.53,1.287
2018-04-24,13.43,10.45,81.63,352.38,95.6,101.6,4.69,1.986
2018-04-25,16.24,9.93,145.93,345.47,93.4,101.4,4.79,0.758
2018-04-26,11.89,6.73,198.64,299.66,66.8,101.4,1.07,3.383
2018-04-27,10.25,5,175.98,282.68,63.9,101.7,0.09,3.638
2018-04-28,10.18,6.38,125.59,310.86,70.6,101.9,0.64,2.207
2018-04-29,13.11,6.65,70.07,333.24,90.1,100.9,6.13,1.41
2018-04-30,17.2,11.41,177.79,331.69,85.6,99.7,1.11,3.138
2018-05-01,15.42,9.66,130.06,324.04,89,98.5,4.69,1.647
2018-05-02,14.14,9.71,205.03,316.09,68.4,98,1.14,2.538
2018-05-03,15.38,9.22,203.54,305.18,69.7,98.5,2.25,2.698
2018-05-04,12.63,8.59,166.79,290.66,78.2,99.7,2.71,2.332
2018-05-05,13.39,7.31,184.86,296.87,72.5,100.5,3.38,2.966
2018-05-06,14.69,8.09,162.66,309.83,78.3,100.9,2.81,3.653
2018-05-07,15.42,7.53,219.81,291.09,81.6,101.5,3.1,3.619
2018-05-08,17.52,6.68,262.61,284,76.2,102,0.14,1.294
2018-05-09,13.98,8.04,253.81,281.09,77.3,102.3,0,3.315
2018-05-10,12.38,8.07,228.34,294.31,71.5,102.2,0.11,6.003
2018-05-11,14.78,11.25,128.98,327.54,76.3,101.5,3.08,8.553
2018-05-12,18.16,11.48,266.01,318.03,79.7,101.5,0.02,1.286
2018-05-13,17.84,9.39,230.95,311.67,76.6,101,3.07,2.856
2018-05-14,14.39,7.85,189.99,299.33,66.6,101.5,0.21,4.326
2018-05-15,17.95,10.45,214.02,320.76,73.4,100.9,0.13,4.447
2018-05-16,14.87,10.1,243.88,307.45,65.2,100.9,0.09,3.866
2018-05-17,14.71,6.46,201.34,297.62,62,101.3,0.22,2.821
2018-05-18,13.09,6.6,145.11,303.4,75.6,101.6,3.49,2.22
2018-05-19,14.63,5.49,216.16,288.39,67.1,102.5,0.18,0.58
2018-05-20,15.36,8.07,201.75,309.53,76.9,103,0.02,1.592
2018-05-21,16.32,6.74,280.76,284.58,78.9,102.8,0,1.282
2018-05-22,15.38,7.43,327.3,265.39,74.6,102.1,0,1.991
2018-05-23,16.05,7.11,300.96,275.16,78.4,101.5,0,1.933
2018-05-24,15.97,8.92,162.43,322.1,85.8,101.2,0.46,0.768
2018-05-25,15.6,8.43,174.62,310.66,79.9,101.3,0.71,1.33
2018-05-26,15.85,6.92,260.16,285.89,70.4,101.4,0.11,0.96
2018-05-27,15.75,6.7,283.58,275.35,77.5,101.4,0.23,2.188
2018-05-28,16.47,9.66,290.11,285.61,77.2,101.4,0,4.482
2018-05-29,18.69,12.29,295.63,308.63,83.7,100.9,0.08,3.743
2018-05-30,20.35,11.91,240.55,326.17,72.5,100.6,2.49,2.484
2018-05-31,19.33,10.59,256.63,313.02,73.1,101,1.28,0.431
2018-06-01,18.31,9.26,272.69,299.82,73.6,101.3,0.06,2.636
2018-06-02,21.72,14.84,228.63,360.8,81.2,100.8,34.67,3.32
2018-06-03,19.38,13.27,292.71,312.85,71.3,101.6,0.68,1.581
2018-06-04,18.95,12.31,253.52,317.61,82.6,102.2,5.42,0.322
2018-06-05,19.21,11.3,326.79,295.33,80.3,102.5,0.04,2.578
2018-06-06,17.85,10.85,315.18,302.42,80,102.6,0.07,2.626
2018-06-07,17.37,11.85,276.64,314.57,84.2,101.7,0.07,4.085
2018-06-08,19.27,14.11,314.05,317.76,82.3,101.2,0,6.551
2018-06-09,18.83,13.78,324.78,306.38,82.9,101,0,5.951
2018-06-10,20.94,14.66,297.43,324.61,82.3,100.6,0.09,5.981
2018-06-11,21.92,17.39,313.63,334.05,80.5,100.3,0,4.654
2018-06-12,18.85,11.2,203.57,324.66,79,100.1,6.71,3.498
2018-06-13,15.08,9.27,185.32,295.8,67.9,100.4,2.35,4.924
2018-06-14,16.74,9.33,223.68,305.31,60.5,100.4,0.11,4.459
2018-06-15,19.85,11.39,186.14,340.95,74.3,100.3,2.63,4.472
2018-06-16,18.36,11.44,258.88,306.21,67.7,99.9,1.99,6.549
2018-06-17,18.48,10.76,241.47,308.25,68.5,100.7,1.25,5.425
2018-06-18,18.1,9.75,224.76,310.07,65.7,101.4,0.08,4.091
2018-06-19,19.67,9.9,277.43,301.67,68.2,101.9,0.06,2.728
2018-06-20,19.73,9.96,310.04,299.06,71.2,102.5,0.66,2.024
2018-06-21,21.92,11.57,298.58,312.95,68.5,102.6,0,0.933
2018-06-22,23.15,13.13,345.66,306.32,68.9,102.4,0,0.991
2018-06-23,24.1,12.83,339.96,309.41,72.9,102.3,0,3.459
2018-06-24,24.93,17.06,309.49,337.69,74.9,101.9,0.62,4.395
2018-06-25,25.39,18.7,271.45,363.43,82.2,101.6,3.38,1.334
2018-06-26,26.46,18.05,309.62,354.46,83.3,101.6,0,0.951
2018-06-27,23.79,17.69,233.13,372.63,86.9,101.9,0.37,1.999
2018-06-28,18.78,14.93,266.45,332.45,70.8,102.6,0.05,4.162
2018-06-29,20.01,14.49,289.74,326.44,70.2,102.7,0.22,4.288
2018-06-30,20.4,15.7,285.24,327.03,75.2,102.3,0.07,4.345
2018-07-01,26.29,16.32,342.51,327.27,80.6,101.7,0,2.526
2018-07-02,26.08,15.82,324.68,337.34,78.5,101.5,1.57,2.141
2018-07-03,26.17,16.16,324.31,336.98,80.7,101.7,3.89,1.055
2018-07-04,29.28,16.15,332.49,336.58,67.2,101.8,0,0.637
2018-07-05,27.4,17.58,312.74,341.68,67.7,101.9,0.22,0.553
2018-07-06,27.44,17.49,284.21,338.15,63.1,101.6,0,2.049
2018-07-07,20.88,13.42,207.58,327.36,68.4,102,0.21,2.039
2018-07-08,20.66,11.2,303.29,293.16,62.9,102.7,0.05,2.811
2018-07-09,20.93,12.99,340.63,299.52,72,102.8,0,4.857
2018-07-10,21.65,16.77,319.73,322.01,78.4,102.5,0.14,6.228
2018-07-11,21.71,16.24,301,328.82,79.6,101.7,0.96,4.213
2018-07-12,22.22,16.54,220,363.4,89.2,100.9,33.41,1.09
2018-07-13,22.34,16.73,223.29,355.28,85.5,101.1,8.71,1.345
2018-07-14,22.32,15.4,269.79,328.79,77,101.5,1.25,2.077
2018-07-15,21.09,14.1,224.65,336.41,76.7,101.6,0.16,1.451
2018-07-16,21.02,16.48,174.45,358.96,80.7,101.2,7.13,1.315
2018-07-17,22.03,17.17,217.56,354.84,84.1,100.6,5.15,1.323
2018-07-18,22.16,16.29,149.29,356.63,84.1,100.2,7.99,2.472
2018-07-19,21.55,16.77,200.88,346.88,79.3,100,4.46,3.004
2018-07-20,23.21,16.3,208.22,357.38,77.9,100.7,1.58,3.692
2018-07-21,24.39,16.61,291.72,333.53,65.9,100.8,0.32,4.818
2018-07-22,24.39,15.32,284.54,339.85,70.1,101.1,1.02,4.63
2018-07-23,23.06,16.31,219.97,356.54,80.4,100.7,2.21,3.6
2018-07-24,22.07,14.41,271.93,320.33,68.4,101.7,0,3.15
2018-07-25,20.28,15.02,273.76,315.39,69.9,102.3,0,4.369
2018-07-26,21.89,17.04,315.42,317.38,70.6,101.9,0,4.623
2018-07-27,24.31,16.83,287.2,327.13,75.3,101.5,1.01,4.195
2018-07-28,26.37,18.24,305.57,347.39,78.8,101.1,2.12,3.073
2018-07-29,28.21,16.69,280.9,355.38,70.6,101.3,0.28,2.305
2018-07-30,27.23,18.52,244.28,367.07,74.2,101.4,0.92,2.637
2018-07-31,24.69,18.1,200.1,368.09,79.4,101.3,1.64,0.652
2018-08-01,22.16,17.67,156.9,368.1,84.6,101.1,2.37,1.783
2018-08-02,22.92,14.81,249.74,327.61,69.2,100.8,1.22,4.429
2018-08-03,21.79,12.91,199.49,325.82,64.1,100.8,1.77,3.929
2018-08-04,24.85,15.96,249.06,353.64,73.1,100.5,0.72,3.192
2018-08-05,23.8,14.06,224.41,331.52,69.4,101.1,0.01,2.323
2018-08-06,23.84,16.13,198.49,353.45,69.7,100.8,2.6,3.921
2018-08-07,23.43,13.73,234.39,330.85,69.3,100.7,0.64,1.952
2018-08-08,19.24,13.96,227.22,317.93,71.7,100.4,3.33,4.304
2018-08-09,22.73,12.88,257.76,314.42,61.2,101.4,0.07,4.205
2018-08-10,25.15,15.21,241.11,341.78,66.3,101.6,0.04,3.151
2018-08-11,28.06,16.56,260.85,336.23,62,101.3,0,4.192
2018-08-12,19.89,12.98,101.39,332.39,79.4,101.3,9.57,2.515
2018-08-13,19.87,12.12,216.94,307.04,66.7,101.8,0.24,2.843
2018-08-14,21.64,12.09,203.34,324.11,64.6,102,0,2.911
2018-08-15,22.29,13.51,171.54,354.19,72,101.7,0.11,3.474
2018-08-16,23.4,15.74,148.05,362.45,77.5,101.4,1.38,2.994
2018-08-17,21.3,13.12,224.48,323.52,65.1,101,0.28,3.776
2018-08-18,20.04,11.58,218.78,302.73,69.8,101.4,0.84,3.181
2018-08-19,20.18,12.43,202.34,311.67,63.7,102.3,0.05,1.075
2018-08-20,22.21,11.69,261.83,303.9,63.5,102.6,0,0.398
2018-08-21,23.55,12.92,190.54,328.89,67.1,102.3,0,0.737
2018-08-22,25.28,13.51,236.66,327.29,64.1,101.7,0,2.895
2018-08-23,23.9,13.26,217.32,327.45,72.1,101.4,0.05,1.512
2018-08-24,23.84,14.83,176.48,342.49,75.4,100.5,1.06,1.901
2018-08-25,18.39,14.62,171.28,339.04,76.9,101,0.5,3.108
2018-08-26,17.99,13,148.63,328.36,69.1,101.9,0.13,2.911
2018-08-27,22.32,11.68,170.75,331.59,66.1,102.1,0,4.063
2018-08-28,20.58,12.92,164.59,327.27,65,101.6,0,3.692
2018-08-29,16.61,10.5,159.54,307.26,62.4,101.5,0.1,3.758
2018-08-30,18.09,9.65,184.31,287.34,57.6,102.2,0,3.458
2018-08-31,20.66,10.65,180.06,313.83,60.5,102.1,0,3.919
2018-09-01,23.23,11.64,175.88,340.5,63.5,102,0,4.422
2018-09-02,18.88,14.12,67.87,361.67,87.9,101.5,4.15,1.921
2018-09-03,23.98,12.3,149.4,352.78,78.4,101.2,0.13,2.314
2018-09-04,23.68,14.13,129.33,360.97,81.6,101.3,6.7,4.054
2018-09-05,20.22,12.31,167.19,330.43,67.6,102.2,0.09,1.368
2018-09-06,21.83,14.04,212.6,321.14,66.3,102.5,0.04,0.84
2018-09-07,23.22,12.44,223.63,313.66,77.1,102.7,0,0.949
2018-09-08,21.89,16.49,222.58,313.32,79.5,102.6,0,4.685
2018-09-09,21.93,15.11,227.44,302.18,81.1,102.4,0,3.713
2018-09-10,24.69,12.47,221.68,320.38,79.4,102,0,3.211
2018-09-11,27.47,16.89,215.38,338.71,73.1,101.5,0,0.775
2018-09-12,23.14,14.83,193.86,327.01,84.5,101.6,0,0.509
2018-09-13,25.28,15.91,200.16,337.29,81.6,101.4,0.07,1.105
2018-09-14,25.25,15.33,161.88,356.54,81,100.9,12.98,1.45
2018-09-15,19.83,14.64,128.26,354.75,82.8,100,12.67,1.729
2018-09-16,20.5,12.82,125.56,339.75,74.7,99.6,0.26,2.009
2018-09-17,20.55,13.79,99.42,343.98,74.6,100.2,0.41,2.168
2018-09-18,19.69,12.26,104.28,344.83,81.9,101.3,1.98,2.1
2018-09-19,23.69,17.36,189.56,336.7,81.9,101.5,0,4.694
2018-09-20,21.96,18.19,197.12,316.46,74.2,101.2,0,6.849
2018-09-21,21.89,14.88,192.15,313.15,84.5,100.9,0,3.354
2018-09-22,21.97,13.96,156.58,335.18,88.2,101,0.33,0.671
2018-09-23,20.93,13.12,126.69,337.58,83.6,101.5,0.11,1.177
2018-09-24,20.12,11.81,144.68,319.17,83.8,101.9,0.07,1.505
2018-09-25,19.28,14.16,153.24,323.74,77.8,101.8,0,3.584
2018-09-26,20.9,15.55,106.71,351.75,83.6,100.8,6.34,2.67
2018-09-27,19.66,12.09,156.02,320.97,71.7,100.5,0.24,3.77
2018-09-28,18.5,12.77,124.69,317.62,71.9,100.2,0.42,5.134
2018-09-29,18.34,12.58,117.97,320.16,69,100.3,0.39,5.827
2018-09-30,19.33,11.07,150.42,315.14,75.5,101.3,0.01,2.727
2018-10-01,18.46,11.81,57.35,349.21,85.6,101,5.77,2.975
2018-10-02,18.65,16.24,31.03,377.87,95.8,100.4,7.18,2.341
2018-10-03,19.19,12.92,139.28,318.1,81.1,100.9,0.04,3.424
2018-10-04,18.11,11.23,99.43,322.45,87.2,101.8,0.08,1.172
2018-10-05,17.9,11.4,111.1,329.21,78.5,101.7,0.05,1.831
2018-10-06,19.28,10.91,102.45,327.83,76.9,101,0.12,1.196
2018-10-07,18.38,11.13,134.97,313.77,80.2,100.9,4.4,2.738
2018-10-08,17.82,8.93,101.29,318.3,80,101.6,0.38,2.825
2018-10-09,18.41,14.42,59.35,346.15,83.2,101.3,0.65,4.535
2018-10-10,19.64,13.22,75.74,349.86,95.5,101.6,1.13,1.003
2018-10-11,19.89,16.22,81.47,349.06,88.7,101.7,0.19,7.022
2018-10-12,20.4,15.65,113.95,340.88,84.8,101.3,1.05,4.558
2018-10-13,20.09,15,65.39,353.25,94.8,101,24,0.115
2018-10-14,17.21,13.72,67.06,346.53,92.3,100.2,0.07,1.717
2018-10-15,16.55,10.96,74.15,324.89,91.6,100,0.44,2.426
2018-10-16,16.98,10.99,80.25,340.81,94.8,100,0.2,0.559
2018-10-17,16.6,11.99,73.48,331.73,94.7,100.2,2.23,1.359
2018-10-18,16.9,12.56,75.05,336.38,92.7,100.7,3.47,2.353
2018-10-19,15.33,13.13,65.96,340.02,91.8,101.4,5.78,4.143
2018-10-20,14.57,12.41,72.5,341.55,82,101.7,2.46,4.354
2018-10-21,15.55,12.72,63.14,354.7,91.6,101.4,1.84,2.055
2018-10-22,14.16,10.81,64.77,329.7,69.3,101.3,0.97,3.987
2018-10-23,13.86,9.48,44.59,328.01,71.9,101.7,0.09,0.978
2018-10-24,13.92,7.39,78.9,300.93,86.8,102,0.05,2.852
2018-10-25,13.33,8.33,75.03,306.85,82.3,101.9,0,2.472
2018-10-26,13.64,9.69,68.03,328.1,85.9,101.8,1.92,1.042
2018-10-27,13.71,8.61,67.99,317.98,86.2,101.2,0.18,1.514
2018-10-28,14.76,7.14,40.74,333.92,93.3,100.9,1.1,0.617
2018-10-29,12.83,9.07,46.09,339.85,92.2,101.1,6.83,1.499
2018-10-30,15.32,9.28,39.3,339.06,93,101.2,7.81,5.566
2018-10-31,14.7,10.87,50.15,333.67,87.4,101.4,3.93,6.488
2018-11-01,14.08,12.46,61.01,327.94,81.8,101.6,0.04,7.41
2018-11-02,13.7,9.71,52.29,330.16,81.4,102.1,0.05,3.008
2018-11-03,14.31,10.19,46.4,345.16,88,102.7,0.12,1.705
2018-11-04,12.13,9.98,35.31,340.5,86.6,102.6,0.62,5.046
2018-11-05,10.85,9.29,41.02,333.28,86.1,102.3,0.15,5.43
2018-11-06,9.9,8.41,34.31,324.42,88.9,102,0.51,5.588
2018-11-07,8.84,7.98,44.39,312.07,83.4,101.9,0.02,6.284
2018-11-08,11.79,8.1,29.64,331.43,81.3,102,0.69,5.311
2018-11-09,12.34,10,41.13,330.82,76,102.5,0,1.823
2018-11-10,12.24,9.59,30.35,330.28,78.3,102.6,0.25,2.688
2018-11-11,11.36,8.19,36.3,323.91,86.8,102.5,0.56,1.352
2018-11-12,11.84,8.37,44.4,321.7,84.7,102.5,0.3,1.097
2018-11-13,11.62,8.31,40.56,322.96,87.9,102.3,1.35,0.82
2018-11-14,11.78,6.71,34.68,306.76,88.1,101.9,0.22,1.83
2018-11-15,10.35,5.08,44.57,292.3,87.8,101.3,0.34,4.458
2018-11-16,9.72,5.73,40.67,297.67,88.1,101,0.48,2.705
2018-11-17,8.79,2.57,58.48,258.74,91.2,101,0,2.843
2018-11-18,8.21,2.16,61.29,270.36,80.7,100.9,0.03,2.557
2018-11-19,9.2,2.74,36.77,284.99,89.5,101.1,0,1.535
2018-11-20,8.58,1.66,60.04,273.46,95.9,101.7,0.09,0.977
2018-11-21,9.66,7.02,30.19,313.22,80.6,101.4,0,1.716
2018-11-22,9.48,4.71,34.64,297.82,88.1,101.3,0,0.957
2018-11-23,10.04,4.49,36.81,301.25,91.1,102,0,1.133
2018-11-24,8.58,5.49,19.57,312.68,95.4,102.1,0.56,1.149
2018-11-25,9.58,5.2,40.59,305.68,92.5,102,0.28,0.763
2018-11-26,6.85,4.35,27.42,305,94.1,102,0.25,2.811
2018-11-27,8.81,4.99,32.88,323.18,97,101.8,0.48,2.243
2018-11-28,10.82,8.61,22.66,340.97,96.1,100.8,2.09,2.972
2018-11-29,10.91,4.61,50.86,273.03,94.2,100.6,0.78,3.046
2018-11-30,10.03,5.17,14.88,320.97,96.3,100.1,3.69,1.925
2018-12-01,9.13,6.41,35.79,304.35,93,99.3,3.7,0.964
2018-12-02,11.21,7.54,40.62,309.12,93.4,97.7,2.77,1.237
2018-12-03,9.92,6.17,27.79,314.31,94.9,99.3,1.29,3.218
2018-12-04,11.91,8.18,32.61,324.65,94.7,98.4,9.15,1.544
2018-12-05,10.93,7.88,22.51,329.24,93.8,98.9,1.25,3.158
2018-12-06,8.54,5.31,27.3,295.78,66,101.6,0.05,2.168
2018-12-07,7.71,3.44,34.02,279.69,79.8,102.8,0.2,3.143
2018-12-08,3.99,-1.59,42.93,232.96,82.6,103,0,2.158
2018-12-09,5.5,-1.79,26.83,268.53,82.9,102.9,0,2.009
2018-12-10,8.12,-0.76,30.05,276.91,90.9,102.2,0.61,1.154
2018-12-11,7.92,5.57,12.77,309.97,78.7,101.2,4.15,7.6
2018-12-12,6.09,4.37,20.59,313.85,85.6,100.6,1.93,5.278
2018-12-13,5.5,2.29,19.2,298.85,95.4,100.8,2.1,0.611
2018-12-14,6.87,3.12,23.93,316.55,96.2,101.3,5.47,1.016
2018-12-15,9.56,6.53,16.8,335.23,98.4,101,1.29,1.004
2018-12-16,10.5,6,17.31,316.24,95.9,100.8,4.14,1.749
2018-12-17,10.62,4.39,22.44,304.82,96.5,101.5,0.11,2.115
2018-12-18,10.58,7.85,21.31,311.48,92.1,101,0,2.321
2018-12-19,11.01,7.7,28.94,314.52,91.3,100.5,1.84,2.804
2018-12-20,12.11,10.63,11.18,348.69,87.5,100.1,3.96,3.709
2018-12-21,11.84,9.73,21.47,314.29,89.8,100.1,2.26,4.028
2018-12-22,14.06,11.48,11.58,356.68,89.3,100.2,2.76,4.146
2018-12-23,14.8,11.9,35.37,326.24,77.8,100.4,0,3.359
2018-12-24,14.05,9.88,25.97,322.34,86.2,100.5,14.93,2.748
2018-12-25,10.34,6.57,42.18,278.72,86.1,101.4,1.87,4.331
2018-12-26,11.45,8.43,29.16,297.66,79.8,101.4,0.66,2.066
2018-12-27,12.89,8.33,23.58,312.87,86,100.9,0.21,2.083
2018-12-28,8.58,3.22,27.65,292.48,84.6,101.8,1.1,4.743
2018-12-29,9.92,3.1,19.91,310.78,84.7,101.9,0.19,3.156
2018-12-30,10.29,8.4,24.79,316.05,87,101.3,0.2,2.685
2018-12-31,10.62,8.51,32.04,298.62,86.7,101,0.1,1.744
2019-01-01,10.94,8.62,39.5,281.89,86.5,100.8,0,2.15
2019-01-02,10.54,8.36,12.23,320.37,93.9,100.5,2.12,1.714
2019-01-03,11.04,9.22,21.47,329.41,93.3,100.1,0.67,2.048
2019-01-04,10.49,7.3,26.49,305.29,92.4,99.8,0.14,1.32
2019-01-05,9.93,7.59,21.37,303.74,94.2,99.6,0.54,0.927
2019-01-06,8.86,7.25,37.48,311.45,84.3,98.9,2.11,4.191
2019-01-07,8.71,7.32,12.5,327.21,87.1,98.9,1.27,7.14
2019-01-08,8.22,5.8,20.9,318.68,84.7,99.7,0.82,7.356
2019-01-09,5.8,3.44,25.22,302.28,76,100.6,0.18,5.074
2019-01-10,4.32,3.01,22.37,304.05,79.2,100.2,1.14,9.002
2019-01-11,4.37,2.49,23.53,300.64,80.4,100.5,1.84,4.998
2019-01-12,4.58,-0.18,37.28,260.11,90.7,100.9,0.03,3.611
2019-01-13,6.97,-1.1,22.91,290.21,83.3,100.6,0.21,2.021
2019-01-14,6.25,3.33,24.16,298.39,82.9,100.3,0.03,1.413
2019-01-15,7.97,1.55,42.53,282.66,81.6,101.4,0.15,2.453
2019-01-16,6.34,-0.58,35.25,272.04,77,102.1,0.42,3.743
2019-01-17,6.26,-0.14,19.02,280.47,91.5,100.9,2.82,3.632
2019-01-18,6.65,1.09,51.09,253.28,75.9,101.6,0,5.786
2019-01-19,8.07,0,43.91,295.84,94,102.2,0.16,2.882
2019-01-20,11.24,7.7,35.5,332.24,97.3,101.9,0.82,2.92
2019-01-21,11.85,8.01,16.15,330.22,88.7,101.2,2.12,5.806
2019-01-22,7.88,3.32,52.88,262.07,66.8,100.1,0.07,7.157
2019-01-23,8.02,3.69,42.76,282.52,69.2,100.6,0,6.327
2019-01-24,8.78,2.79,26.33,295.48,90.5,101.9,0.88,3.833
2019-01-25,10.72,7.48,47.73,320.1,93.3,102.5,0.27,3.527
2019-01-26,9.93,7.32,34.64,331.37,92.7,101.9,2.57,3.98
2019-01-27,7,3.96,48.83,275.51,77.4,101.9,1.19,6.335
2019-01-28,6.7,2.2,48.76,285.36,92.8,102.3,2.83,2.615
2019-01-29,9.95,5.41,43,305.54,80.8,101.9,1.65,6.483
2019-01-30,7.08,4.78,39.6,301.33,80.5,102.3,1.89,2.793
2019-01-31,6.02,3.5,37.14,302.13,87.1,103.5,1.87,0.979
2019-02-01,7.62,2.65,57.73,288.29,85,103.2,4.7,2.584
2019-02-02,7.38,-0.29,73,252.83,81.4,103.9,0,3.079
2019-02-03,8.12,4.72,47.91,297.42,79.6,102.7,0.04,5.041
2019-02-04,7.61,3.28,79.93,271.44,76.1,102.4,1.9,6.187
2019-02-05,9.08,3.29,57.85,290,79.7,102.7,0.03,4.765
2019-02-06,8.81,5.44,21.13,312.45,86.6,101,7.62,5.611
2019-02-07,7.38,3.06,78.68,256.3,74.3,100.6,0.03,6.343
2019-02-08,6,2.64,65.93,276.58,71.4,100.6,0.09,7.075
2019-02-09,11.61,2.72,34.66,323.06,90.7,100.3,4.09,4.269
2019-02-10,13.12,8.66,57.79,316.55,65.8,100.3,0.11,9.644
2019-02-11,10.05,5.86,25,324.16,89.9,100.5,10.08,2.152
2019-02-12,7.23,2.47,79.65,271.28,78.3,100.4,1.15,6.195
2019-02-13,12.38,1.42,19.77,307.75,85.7,100.9,6.97,5.941
2019-02-14,13.14,10.39,26.21,346.56,90.5,99.9,8.94,5.867
2019-02-15,11.03,5.38,77.18,297.34,72.2,100.3,0.9,8.267
2019-02-16,5.95,3.02,88.6,283.08,75.1,100.8,1.74,5.227
2019-02-17,4.69,-0.27,75.08,260.27,68.7,101.9,0.18,2.413
2019-02-18,5.08,-0.76,111.08,242.6,65.8,102,0,2.058
2019-02-19,4.88,-0.03,67.37,261.17,79.9,101.8,0.53,3.332
2019-02-20,5.11,-0.89,82.67,251.05,80,102.1,0.29,4.063
2019-02-21,4.13,-1.04,98.87,254.26,76.9,102.1,0.63,1.432
2019-02-22,3.38,-1.75,70.05,270.4,70.8,102.4,1.04,3.696
2019-02-23,0.08,-2.94,16.5,283.87,81.1,102.6,4.06,1.571
2019-02-24,0.5,-4.07,35.83,269.35,89.6,102.8,2.59,0.728
2019-02-25,1.72,-4.66,86.61,256.41,91.3,102.9,0.53,3.956
2019-02-26,4.86,-1.61,96.21,270.62,89.4,102.6,0.18,3.19
2019-02-27,5.06,-1.02,98.72,271.52,90.6,102.8,0.75,0.529
2019-02-28,3.69,0.79,48.78,291.21,92.1,102.7,5.02,0.893
2019-03-01,5.09,1.02,81.04,280.14,72.7,103.1,0.27,2.258
2019-03-02,5.17,-1.68,124.89,244.3,66,103.6,0.01,2.482
2019-03-03,4.26,-2.5,124.85,229.31,71.1,103.6,0,1.991
2019-03-04,2.95,-1.28,132.02,250.01,58.6,103.3,0,5.076
2019-03-05,1.39,-1.61,62.42,279.67,74,102.4,2.71,5.585
2019-03-06,6.36,-0.72,61.96,307.83,97.2,101.7,2.2,1.392
2019-03-07,6.94,4.79,67.25,317.57,96.4,100.9,5.3,1.592
2019-03-08,8.49,5.2,104.08,311.91,92.3,100.3,11.9,1.488
2019-03-09,9.83,5.48,90.02,304.72,74.8,99.5,1.31,7.493
2019-03-10,9.58,4.49,130.75,289.01,74,101.1,0.04,3.591
2019-03-11,7.33,1.1,135.48,258.58,77.3,101.5,0.09,0.357
2019-03-12,6.71,0.95,109.54,263.54,80.1,101.2,0.13,1.125
2019-03-13,6.69,0.61,118.04,258.99,78.7,102.2,0.18,1.182
2019-03-14,6.86,-1.35,145.95,248.26,72.2,102.6,0.04,1.825
2019-03-15,6.01,-1.12,81.63,275.42,84,102.1,1.08,2.471
2019-03-16,8.85,0.96,125.22,277.43,79.8,102.2,0.1,4.536
2019-03-17,6.82,3.66,98.53,291.71,69.6,102.9,0.11,1.417
2019-03-18,11.61,3.94,93.18,320.22,87.7,103.4,0.4,3.455
2019-03-19,13.77,6.55,138.53,307.14,84.4,103.6,0.12,1.993
2019-03-20,11.74,5.21,165.15,281.58,87.9,103.4,0.03,0.777
2019-03-21,7.07,4.5,105.96,304.05,94.1,103.1,0.12,4.918
2019-03-22,8.4,4.85,199.8,248.14,82.1,102.4,0,5.467
2019-03-23,8.11,4.24,209.37,238.02,76,101.8,0,5.273
2019-03-24,10.3,3.76,202.18,256.17,83.9,101.8,0,3.035
2019-03-25,12.98,2.36,207.21,261.71,86.2,102.4,0,1.687
2019-03-26,11.39,3.67,217.06,251.26,84.6,103,0,2.48
2019-03-27,11.29,3.29,222.12,242.78,82.6,103.5,0,3.136
2019-03-28,11.12,4.52,223.94,243.39,77.2,103.6,0,4.749
2019-03-29,11.13,5.76,224.09,249.63,77.3,103.1,0,4.846
2019-03-30,14.27,3.38,230.05,259.05,75.6,102.3,0,2.108
2019-03-31,13.36,7.05,101.16,310.01,85.2,101.2,1.34,1.308
2019-04-01,15.64,8.74,122.01,322.81,83.7,100.2,3.49,4.122
2019-04-02,14.18,8.16,175.04,294.88,59.7,101,0.11,6.256
2019-04-03,14.7,6.62,205.83,284.73,67.8,101.4,0.03,2.542
2019-04-04,16.06,8.54,97.06,325.03,83.5,100.5,15.96,2.014
2019-04-05,14.03,8.97,123.76,299.02,81.7,100.7,0.06,2.883
2019-04-06,15.3,8.45,201.63,286.46,82.5,101.3,0,1.513
2019-04-07,13.03,8.52,58.99,326.67,91.9,100.2,2.2,1.465
2019-04-08,14.81,7.17,167.21,298.81,76,99.7,2.01,4.67
2019-04-09,7.93,4,164.49,280.83,67.3,101.1,0.82,1.139
2019-04-10,9.66,5.95,37.38,332.53,92.4,99.6,13.52,3.055
2019-04-11,13.51,8.59,123.41,323.47,90,98.2,6.25,2.495
2019-04-12,11.81,5.56,103.79,312.89,90.1,98.6,9.78,2.516
2019-04-13,11.08,3.2,169.86,281.15,76.1,100,1.83,2.696
2019-04-14,10.14,3.62,122.03,299.14,83,101,12.68,1.171
2019-04-15,12.21,2.4,241.09,249.9,72.3,101.8,0.01,1.046
2019-04-16,11.62,6.77,177.31,299.13,74.3,101,0.03,6.793
2019-04-17,10.23,8.44,104.03,321.63,86.8,100.1,6.01,8.238
2019-04-18,11.8,7.54,117.61,321.37,92.6,99.6,22.4,3.84
2019-04-19,14.74,8.83,181.81,320.81,86,100.4,2.34,1.121
2019-04-20,15.28,10.47,183.88,328.7,85.4,101,1.18,4.826
2019-04-21,14.9,9.73,120.13,319.26,91,100.3,4.43,0.728
2019-04-22,15.19,9.15,185.39,304.25,81,100.1,1.77,3.274
2019-04-23,13.28,8.87,128.04,308.9,84.4,100,1.15,2.356
2019-04-24,12.25,9.16,107.27,327.44,89,99.7,3.6,1.924
2019-04-25,10.19,5.57,79.64,318.05,89.5,100,13.56,1.867
2019-04-26,9.71,4.96,142.47,299.89,57.7,102.2,0.07,4.05
2019-04-27,11.37,3.28,127.38,302.51,85.5,101.7,2.99,3.461
2019-04-28,15.85,8.04,181.23,322.84,75.6,100.8,2.83,5.116
2019-04-29,10.62,6.59,123.01,295.58,85.3,101.1,2.03,1.905
2019-04-30,11.47,5.77,161.62,293.38,77.9,102.6,0.09,1.59
2019-05-01,14.2,4.44,286.1,258.81,85.3,103.1,0,1.974
2019-05-02,14.14,8.11,279.73,271.23,84.7,103,0,3.956
2019-05-03,13.73,7.55,288.24,268.23,84.6,102.9,0,3.303
2019-05-04,13.56,6.74,292.1,262.8,88.1,102.9,0,2.801
2019-05-05,16.68,5.78,270.26,277.95,79.7,103,0.04,1.434
2019-05-06,16.99,7.14,297.57,274.88,76,102.8,0,2.716
2019-05-07,17.95,8.13,305.09,277.88,76.5,102.6,0,3.313
2019-05-08,12.69,8.66,295.93,280.89,74.6,102.8,0.03,6.984
2019-05-09,11.59,8.5,188.95,311.53,71.6,102.6,0.04,5.675
2019-05-10,13.1,8.12,300.81,271.64,75.2,102.3,0,6.114
2019-05-11,12.9,10.29,319.36,258.55,64.3,102.1,0,9.575
2019-05-12,12.74,9.8,329.49,251.02,56.7,101.9,0,8.697
2019-05-13,12.69,9.56,266.04,270.51,61.8,102.2,0.1,6.649
2019-05-14,13.78,6.79,202.7,284.56,77.9,102.7,0.03,3.678
2019-05-15,13.12,5.69,170.96,297.39,69.7,102.7,0.08,1.001
2019-05-16,15.83,7.33,171.64,322.37,69.3,102,0.51,1.381
2019-05-17,13.85,6.02,263.01,270.83,76.6,101.8,0.04,2.364
2019-05-18,14.21,4.99,282.05,268.12,73.2,101.8,0.04,1.966
2019-05-19,15.42,5.27,306.69,268.75,74.2,101.9,0,1.953
2019-05-20,15.18,6.22,287.79,280.06,82.5,102.1,0,2.649
2019-05-21,16.5,9.46,301.51,278.26,73.3,101.7,0,4.58
2019-05-22,17.39,7.7,326.51,266.84,71.2,101.2,0,3.954
2019-05-23,19.17,7.08,261.11,294.62,73.7,101.3,0.23,0.659
2019-05-24,18.64,10.45,178.35,324.54,72.2,101,0.21,3.898
2019-05-25,16.72,9.81,166.75,323.89,69.2,101.1,0.16,4.65
2019-05-26,16.48,10.15,238.81,302.81,52.7,101.3,0.12,6.292
2019-05-27,16.04,10.54,178.1,330.84,63.2,101.8,0.16,3.413
2019-05-28,18.58,10.69,307.52,301.06,58,101.2,0.04,6.276
2019-05-29,16.59,9.85,198.32,320.37,54.6,102.3,0.27,1.678
2019-05-30,16.01,7.45,176.35,308.2,65.7,102.8,0.06,0.755
2019-05-31,17.26,6.82,200.74,305.23,69.3,102.8,0.07,0.564
2019-06-01,18.5,6.2,225.11,302.27,72.8,102.8,0.09,0.346
2019-06-02,20,9.73,283.56,310.4,72.8,102.6,0.04,0.473
2019-06-03,20.57,8.84,292.41,299.74,75.7,102.1,0,1.131
2019-06-04,19.58,9.66,323.87,298.14,79.4,102.3,0,3.573
2019-06-05,16.33,12.85,286.49,307.14,81.2,102.5,0.04,5.6
2019-06-06,20.05,13.41,341.17,289.1,69.4,102.3,0,6.463
2019-06-07,21.53,15.7,349.59,295.2,59.1,102.2,0,5.763
2019-06-08,20.59,15.24,349.69,289.58,63.5,102.1,0,6.188
2019-06-09,20.16,12.09,343.15,285.03,66.3,102,0,4.878
2019-06-10,19.26,11.89,315.86,298.13,77.3,102,0,3.438
2019-06-11,20.26,11.47,341.12,286.47,73.9,102.1,0,4.005
2019-06-12,20.67,13.87,350.82,294.33,66.3,102,0,7.224
2019-06-13,21.34,16.06,335.5,300.33,59.1,101.9,0,7.511
2019-06-14,22.44,14.78,339.23,300.18,69.4,101.9,0,4.759
2019-06-15,21.83,14.06,344.31,302.38,75.1,102,0,4.156
2019-06-16,21.53,13.7,348.53,295.08,74.8,101.9,0,4.169
2019-06-17,22.68,14.55,224.76,333.63,74.4,101.8,0,3.939
2019-06-18,23.66,12.67,332.25,302.37,69.8,101.6,0,2.762
2019-06-19,24.58,13.7,331.99,320.52,76.4,101.2,0.15,1.112
2019-06-20,25.49,13.51,239.34,348.31,70.9,100.9,4.05,2.009
2019-06-21,22.27,15.45,257.78,331.61,60.3,100.6,1.75,4.667
2019-06-22,21.76,15,281.25,324.45,52.1,100.5,0.05,6.372
2019-06-23,21.14,12.78,207.9,331.73,56.7,101,0.42,3.13
2019-06-24,20.45,10.98,215.82,319.44,54.3,101.4,0.23,4.324
2019-06-25,19.2,11.3,249.26,307.62,53.6,102.1,0.07,0.577
2019-06-26,19.56,10.38,333.17,285.11,64.1,102.2,0,4.026
2019-06-27,21.57,8.72,316.73,292.15,72.1,102.6,0,1.873
2019-06-28,22.95,9.04,340.09,295.78,71.2,102.7,0,2.293
2019-06-29,22.14,13.29,219.39,336.53,81,102,1.24,2.672
2019-06-30,24.07,16.04,195.94,373.5,83.8,101.2,1.79,1.549
2019-07-01,22.8,17.27,189.4,378.32,86.2,100.6,4.16,2.511
2019-07-02,21.86,15.84,239.99,356.22,75.3,101,0.3,2.512
2019-07-03,23.15,12.36,328,308.93,59.7,101.4,0.06,2.265
2019-07-04,23.93,11.03,325.21,308.28,69.9,101.3,0,0.797
2019-07-05,25.13,15.48,246.41,339.51,69.8,101.1,0.56,0.688
2019-07-06,25.92,13.28,305.33,316.27,55,100.9,0,0.701
2019-07-07,26.46,19.91,227.71,371.49,63.9,101.2,0,2.269
2019-07-08,26.06,18.22,238.04,356.72,77.3,102.1,0.15,0.969
2019-07-09,25.88,18.52,328.41,334.76,70.2,102.5,0,4.761
2019-07-10,24.27,16.76,334.35,318.45,72.4,102.4,0,4.555
2019-07-11,21.81,13.68,300.17,313.98,72.5,102.3,0.03,5.03
2019-07-12,22.06,10.83,342.71,288.56,71.8,101.9,0,1.502
2019-07-13,26.94,14.83,291.12,335.83,55.4,100.9,0.54,0.877
2019-07-14,26.59,15.84,237.64,352.98,63,100.7,3.09,2.83
2019-07-15,24.58,13.87,255.16,323.83,54.9,101.3,0,4.252
2019-07-16,25.25,13.64,248.37,323.63,64.9,101.6,0.04,0.354
2019-07-17,23.5,15.23,261.21,326.97,73.5,101.4,2.65,1.52
2019-07-18,26.28,13.33,244.68,332.23,62.9,101.2,0.44,1.74
2019-07-19,20.34,14.49,128.1,345.49,78.1,101.1,6.44,1.075
2019-07-20,22.04,13.74,194.08,338.16,71.8,101.1,2.3,0.897
2019-07-21,19.37,12.73,215.03,323.68,81.4,101.7,10.83,1.075
2019-07-22,24.09,11.05,246.87,326.34,67.1,102.2,0,1.065
2019-07-23,23.9,15.42,320.92,315.27,67.6,102.6,0,1.404
2019-07-24,21.55,14.27,259.94,331.09,79.6,102.7,0.06,3.795
2019-07-25,22.6,17.25,312.84,322.42,81,102.1,0.05,6.382
2019-07-26,27.56,19.18,326.34,329.78,64.9,101.2,0,6.758
2019-07-27,28.99,20.43,309.94,340.01,60.3,100.8,0,1.956
2019-07-28,31.42,17.79,299.27,341.48,55.3,101,0,0.794
2019-07-29,31.66,17.89,312.87,336.35,62.6,100.8,0,0.945
2019-07-30,26.49,17.18,296.88,330.7,66.2,101.5,0,1.78
2019-07-31,24.93,16.19,292.77,320.23,68.3,102,0,1.466
2019-08-01,23.36,15.19,288.67,309.85,70.5,102.4,0,3.305
2019-08-02,22.92,14.09,268.25,314.41,72.6,102.4,0,3.601
2019-08-03,25.47,12.48,300.83,309.26,73.3,101.9,0,1.134
2019-08-04,24.44,13.38,203.64,325.48,65.8,101.7,0.43,2.36
2019-08-05,23.9,10.4,240.71,315.8,67.4,101.8,0.34,1.017
2019-08-06,27.32,15.26,205.57,348.25,75.7,101.6,4.02,1.4
2019-08-07,22.61,12.99,273.52,298.23,58,102.3,0.02,2.301
2019-08-08,25.61,10.61,239.03,315.53,57.7,102.5,0,1.355
2019-08-09,29.54,13.84,295.16,310.42,44.8,102.1,0,2.357
2019-08-10,28.83,14.98,297.64,314.34,52.8,101.9,0.09,0.747
2019-08-11,21.76,13.1,247.37,304.32,65.5,102.4,0.1,3.767
2019-08-12,21.55,15.36,267.93,310.56,70.1,102.2,0,5.95
2019-08-13,25.99,19.15,236.09,342.12,63.4,101.2,0.33,5.68
2019-08-14,29.42,16.71,246.03,337.53,60,101,0.04,2.595
2019-08-15,26.42,14.76,240.73,338.04,74.6,101.2,1.75,0.498
2019-08-16,24.15,11.97,282.37,290.52,54.5,101.9,0,0.508
2019-08-17,22.53,10.64,248.17,294.36,63.7,102.1,0,3.11
2019-08-18,27.45,18.94,235.58,345.72,59.7,101.1,0.3,5.518
2019-08-19,29.13,17.29,258.89,331.52,55.6,101.3,0,3.962
2019-08-20,24.14,15.36,152.96,341.97,50.3,101.6,0,2.122
2019-08-21,26.97,16.46,211.26,344.33,64.4,100.6,0,1.511
2019-08-22,23.96,14.98,189.38,340.32,60.7,100.2,0.62,4.742
2019-08-23,22.16,13.91,164.48,333.81,75.9,100.4,2.29,4.118
2019-08-24,23.51,12.73,216.9,311.1,60.3,101.4,0,3.867
2019-08-25,22.42,11.45,241.43,301.47,59.6,101.4,0,3.142
2019-08-26,22.32,12.5,180.19,329.22,71.7,101.7,1.49,0.411
2019-08-27,20.79,16.94,81.47,372.94,84.4,101.2,9.38,2.492
2019-08-28,18.44,15.73,75.49,366.3,90.2,100.9,25.93,1.893
2019-08-29,21.26,15.03,210,328,80.8,101.5,0.34,1.699
2019-08-30,21.79,14.45,212.5,324.64,79.9,101.4,0.62,2.03
2019-08-31,21.07,14.2,204.16,323.25,78.1,101.1,2.46,0.508
2019-09-01,20.35,13.93,195.74,320.52,76.4,100.9,4.3,2.622
2019-09-02,20.52,12.33,157.53,326.55,85.1,101.1,3.21,3.177
2019-09-03,21.02,15.47,148.8,347.95,90.5,101.9,3.97,0.627
2019-09-04,24.05,14.67,164.46,343.69,79.1,102.2,0.34,2.354
2019-09-05,22.9,15.91,206.9,343.38,73.2,102.4,0.08,1.665
2019-09-06,26.97,15.65,198.2,356.2,77.6,101.9,0.45,1.936
2019-09-07,24.98,17.9,153.05,356.42,75.6,101.1,0.5,3.077
2019-09-08,22.68,14.67,162.17,332.98,70.7,101.5,0.61,3.629
2019-09-09,22.25,13.04,178.34,317.2,76.6,102.5,0.02,0.433
2019-09-10,21.88,11.52,198.94,314.19,78.1,103,0.04,1.174
2019-09-11,24.52,13.53,211.98,324.37,80.5,102.9,0,0.284
2019-09-12,25.26,15.79,213.09,325.62,75.4,102.3,0,0.886
2019-09-13,23.51,13.32,187.82,308.01,63.3,101.9,0.01,1.611
2019-09-14,20.67,10.59,168.1,306.71,70.6,102.3,0,0.516
2019-09-15,23.44,14.14,139.34,339.8,73.2,102.1,0.12,0.995
2019-09-16,21.99,12.78,164.65,329.23,79.2,102.3,0.03,1.252
2019-09-17,23.66,15.02,180.09,328.96,76.5,102.5,0,1.303
2019-09-18,19.52,14.34,162.92,313.51,70.8,102.7,0.1,6.276
2019-09-19,21.2,17.04,204.99,300.57,59.7,102.2,0,8.822
2019-09-20,20.88,16.31,199.98,302.8,60.2,102.1,0,5.452
2019-09-21,20.87,14.67,197.93,300.13,68.2,102.9,0,3.868
2019-09-22,19.2,14.44,196.4,289.34,60.5,103.2,0,5.157
2019-09-23,18.96,13.68,191.27,296.72,63.8,103.2,0,4.917
2019-09-24,18.81,14.7,115.78,345.04,79.4,102.7,0.65,4.491
2019-09-25,20.92,14.62,185.44,300.12,73.2,102.2,0,5.031
2019-09-26,18.91,14.4,158.71,321.1,80.7,101.8,0.06,3.405
2019-09-27,18.61,13.92,103.38,350.18,83.3,101.9,0.56,2.587
2019-09-28,18.18,13.6,119.93,338.77,77.5,101.9,0.05,2.673
2019-09-29,18.01,13.89,116.67,337.68,75.2,102,2.52,3.743
2019-09-30,19.24,14.79,159.03,312.9,67.9,102.3,0,5.532
2019-10-01,18.26,14.29,126.9,323.24,70,102.5,0.02,5.326
2019-10-02,17.63,14.95,85.68,350.21,80.3,102.4,0.24,3.716
2019-10-03,18.01,13.95,114.58,332.88,81.1,102.4,1.48,3.548
2019-10-04,16.5,10.96,83.27,329.47,71.2,101.9,0.01,2.847
2019-10-05,16.91,8.18,93.41,317.54,72.6,100.1,0,1.817
2019-10-06,18.01,13.64,48.58,338.26,74.2,99,0.84,2.04
2019-10-07,15.87,10.18,25.96,342.71,92.3,98.7,16.16,2.022
2019-10-08,15.83,6.49,103.79,307.59,82.3,99.2,20.56,1.2
2019-10-09,17.2,13.71,108.59,318.85,77.5,99.3,1.87,1.783
2019-10-10,15.63,11.19,79.89,322.56,87.3,99.5,4.74,1.702
2019-10-11,15.72,12.03,86.19,337.95,88.2,99.9,4.29,2.379
2019-10-12,15.14,10.67,94.4,318.03,71.6,101.3,0.03,3.664
2019-10-13,15.73,12.31,66.5,332.19,65.8,102,0.07,5.441
2019-10-14,15.43,12.06,74.21,328.24,60.9,102.4,0,5.877
2019-10-15,14.08,11.24,98.82,317.81,70.7,102.2,0.05,4.85
2019-10-16,14.79,10.86,65.06,341,83.1,101.9,0.03,0.056
2019-10-17,15.25,11.5,55.15,342.71,86,102,0.23,1.027
2019-10-18,15.6,11,83.24,328.32,85.5,102.2,2.86,3.45
2019-10-19,16.3,9.1,96.31,312.52,86.4,102.3,0.16,0.535
2019-10-20,16.89,10.13,87.65,318.74,85.7,102.3,0.04,1.965
2019-10-21,16.41,10.2,64.44,326.13,93,102.2,0.32,1.97
2019-10-22,15.55,9.07,77.06,322.62,84.2,102.4,0,0.69
2019-10-23,16.77,11.1,84.08,328.3,90.8,102.4,0.05,0.44
2019-10-24,15.72,11.17,68.84,336.63,90.5,102.4,2.24,1.917
2019-10-25,14.93,11.68,61.62,335.35,76.1,102.6,0.06,4.888
2019-10-26,13.09,10.93,81.3,305.85,73,102.6,0.11,6.631
2019-10-27,13.01,10.58,57.46,325.43,78.3,102.3,0.3,7.408
2019-10-28,11.21,8.91,83.81,282.87,75.7,101.8,0.05,6.209
2019-10-29,11.6,8.49,75.1,299.43,75.5,101.6,0.06,5.345
2019-10-30,12.38,8.3,90.5,288.8,74.8,101.9,0.02,5.695
2019-10-31,11.62,7.6,66.32,296.91,73.6,102.1,0.57,4.755
2019-11-01,10.86,6.9,42.69,304.92,72.5,102.3,1.11,3.908
2019-11-02,10.43,5.97,49.83,310.5,75,102.5,0.07,1.859
2019-11-03,9.57,7.03,59.54,300.25,68,102.9,0.19,5.646
2019-11-04,9.04,7.37,45.55,283,72.7,103.2,0.03,5.364
2019-11-05,9.13,5.09,53.57,291.87,78.6,102.9,0.13,4.34
2019-11-06,8.41,3.82,57.62,280.95,84.7,101.9,0.14,2.771
2019-11-07,11.67,2.43,74.32,278.64,83.5,101,0,2.428
2019-11-08,12.93,9.77,16.9,347.91,96,100.9,13.14,0.859
2019-11-09,12.64,9.58,28.06,349.78,97,101.7,6.03,3.628
2019-11-10,14.49,11.09,40.1,347.14,95.9,101.5,12.29,0.625
2019-11-11,12.56,7.98,63.53,292.79,91.8,102.3,0.01,3.345
2019-11-12,12.07,6.21,63.47,279.99,94.1,103,0,2.414
2019-11-13,12.72,6.96,38.1,315.53,91.2,102.6,0.53,3.303
2019-11-14,11.68,7.98,67.4,281.15,84.4,102.2,0.05,4.525
2019-11-15,11.24,6.63,60.09,289.65,85.9,102.5,0,2.801
2019-11-16,11.14,7.51,38.99,316.31,85.1,101.6,1.19,3.899
2019-11-17,10.72,5.76,41.01,300.09,89,100.3,12.28,4.29
2019-11-18,8.95,2.42,52.74,259.97,86.6,100.2,0,4.286
2019-11-19,8.23,2.44,59.37,262.39,82.5,100.2,0,4.584
2019-11-20,7.22,4,18.6,309.79,76.5,101,2.98,6.482
2019-11-21,6.62,4.27,26.15,292.53,54.1,101,0.05,10.628
2019-11-22,6.56,2.62,12.82,307.38,84.1,100.3,15.98,4.18
2019-11-23,7.01,1.26,45.51,262.52,91,101.4,0.18,4.388
2019-11-24,5.15,1.51,59.48,242.61,84.5,101.9,0.02,4.678
2019-11-25,7.89,3.24,53.23,276.08,86.6,101.9,0.06,4.462
2019-11-26,6.86,3.08,34.24,289.3,92.8,102.4,0.04,2.889
2019-11-27,9.91,5.55,27.25,312.03,86,102.1,0.09,4.011
2019-11-28,12.16,7.36,29.73,332.58,88.8,101.5,0.05,3.345
2019-11-29,13,10.81,18.46,342.81,89.8,100.7,0.84,3.85
2019-11-30,12.18,10.3,15.89,332.89,90.1,100.4,6.83,3.118
2019-12-01,11.22,5.55,28.83,291.08,83.7,100.5,1.35,5.521
2019-12-02,11.73,4.76,12.04,324.38,92.5,101,6.55,2.65
2019-12-03,12.4,8.08,44.05,307.91,89.9,100.6,7.08,4.62
2019-12-04,15.13,9.57,18.45,337.06,87.4,99.5,8.68,6.038
2019-12-05,14.23,9.69,34.49,312.69,79.6,99.9,5.71,6.937
2019-12-06,11.19,8.31,33.16,282.18,65.7,100.6,0,7.873
2019-12-07,15.38,7.37,12.72,335.98,86.3,99.8,11.57,6.232
2019-12-08,9.46,5.29,42.8,267.74,80.2,101.8,0,5.872
2019-12-09,9.4,4.2,24.39,296.34,90.7,102,0.08,2.289
2019-12-10,10.39,6.3,10.83,319.42,85.7,100.6,1.74,2.528
2019-12-11,8.59,2.76,43.86,276.17,85.9,100.5,5.19,1.03
2019-12-12,9.74,6.51,17.88,305.69,72.6,98.7,7.22,6.405
2019-12-13,7.82,4.7,32.34,277.32,66.7,99.6,0,7.732
2019-12-14,6.71,3.76,30.93,272.36,70.7,100.4,0.25,7.541
2019-12-15,7.18,3.82,40.44,256.24,81.1,101.5,0,5.385
2019-12-16,8.3,2.76,41.5,258.96,92.3,102.7,0,2.613
2019-12-17,7.42,2.61,21.6,290.22,80.7,103,0.45,3.033
2019-12-18,5.21,3.25,16.31,299.64,71.3,102.5,0.62,4.525
2019-12-19,3.46,1.42,11.47,300.41,87.8,101.3,6.9,4.314
2019-12-20,4.37,1.52,12.54,306.05,80.8,100.6,2.12,9.594
2019-12-21,9.08,4.37,7.52,335.05,95.2,99.5,9.44,9.534
2019-12-22,9.73,8.08,17.26,333.06,93.6,98.7,4.98,6.456
2019-12-23,9.1,3.53,41.86,266.08,89.7,99.3,0,1.349
2019-12-24,6.56,2.24,9.54,301.74,91.2,99.3,3.08,8.61
2019-12-25,2.21,-0.3,10.16,301.91,95.1,99.7,9.18,9.631
2019-12-26,2.73,0.32,13.96,300.19,83.7,100.4,3.45,8.231
2019-12-27,2.39,-0.65,17.44,295.53,84.5,100.9,4.11,4.793
2019-12-28,-0.51,-2.06,13.91,285,89.6,101,3,3.636
2019-12-29,2.27,-0.91,15.71,296.79,85.9,100.7,1.06,6.179
2019-12-30,2.83,1.51,19.53,303.01,90.1,100.8,4.66,6.555
2019-12-31,2.2,0.99,19.9,298.76,88,101.4,2.65,5.965
2020-01-01,1.56,0.46,20.27,294.62,85.9,102,0.64,5.38
2020-01-02,1.23,-0.19,22.87,277.89,80.4,101.7,0.05,8.548
2020-01-03,2.18,0.06,37.82,257.5,68.8,101.1,0,10.412
2020-01-04,1.16,-0.91,9.89,289.4,74,101.4,2.02,5.481
2020-01-05,1.25,-0.25,22.72,279.66,62,100.7,0,9.814
2020-01-06,8.97,-1.11,5.72,327.41,96.2,98.4,34.24,7.926
2020-01-07,9.16,6.96,12.21,336.98,97.3,97.1,9.54,1.742
2020-01-08,7.02,2.95,26.15,313.86,91.7,97.9,4.24,5.465
2020-01-09,4.47,-0.4,36.5,270.05,85.9,100.3,1.36,2.394
2020-01-10,2.29,-2.36,44.04,226.83,87.6,102.1,0,2.068
2020-01-11,5.88,-0.61,31.45,270.55,80.5,102.3,0,3.036
2020-01-12,7.24,3.98,14.06,304.3,85.3,101.4,2.84,3.303
2020-01-13,12.17,6.79,23.61,327.55,93.6,101.4,1.85,4.951
2020-01-14,12.15,9.45,19.78,325.09,90,101.9,0.02,5.386
2020-01-15,11.44,6.66,37.15,309.03,89.3,102.3,0.16,4.807
2020-01-16,8.79,3.9,33.76,287.57,93.8,102.5,1.36,2.385
2020-01-17,9.95,4.7,23.57,302.26,84.6,101.8,0.82,5.029
2020-01-18,6.69,2.38,29.6,288.69,80,103.1,0,2.987
2020-01-19,6.86,2.55,14.55,315.26,97.2,102.9,3.13,3.119
2020-01-20,7.64,5.26,24.77,323.57,97.9,102.6,0.53,2.114
2020-01-21,7.46,4.48,25.98,320.47,99.1,102.7,2.27,0.231
2020-01-22,6.94,4.83,28.27,313.07,90.6,102.5,0.73,2.817
2020-01-23,5.22,2.8,25.16,297.71,87.4,102,0.17,1.591
2020-01-24,6.24,2.32,55.77,278.45,93,102.1,0.31,0.889
2020-01-25,10.12,2.45,17.93,320.22,91.6,102,3.44,4.694
2020-01-26,10.76,9.54,22.64,332.52,87,101.9,0.34,5.831
2020-01-27,10.28,6.58,14.05,308.87,87.4,100.8,4.49,5.955
2020-01-28,8.35,4.54,52.9,279.52,75.1,101.1,0,5.653
2020-01-29,9.17,4.94,26.71,305.91,79,100.5,2.36,7.418
2020-01-30,10.14,5.22,27.85,317.15,93.2,100.8,3.1,3.443
2020-01-31,10.46,6.83,34.6,311.1,81.4,100.1,0.59,7.885
2020-02-01,9.31,6,43.32,297.6,60.3,100.2,0,9.286
2020-02-02,11.26,5.46,51.36,314.38,89.8,100.8,2.75,4.745
2020-02-03,12.01,9.19,31.18,330.08,85,100.8,1.56,5.919
2020-02-04,9.75,5.25,77.08,264.24,64.5,102,0,5.754
2020-02-05,10.53,4.32,39.87,290.72,89.8,101.4,0.26,1.568
2020-02-06,9.91,4.04,54.25,289.5,77,99.6,1.65,2.564
2020-02-07,7.56,4.94,46.15,300.74,85.5,100,1.59,2.355
2020-02-08,7.45,4.59,62.35,294.85,89.2,99.8,1.45,4.274
2020-02-09,7.31,3.75,42.91,300.62,92.8,101,2.6,3.677
2020-02-10,6.77,4.07,38.43,309.48,81.7,102.3,1.49,6.606
2020-02-11,5.6,3.89,25.99,313.76,91.9,102.2,2.46,5.364
2020-02-12,5.82,3.77,43.1,307.75,87.1,102.1,0.66,1.998
2020-02-13,8.81,3.13,51.05,297.92,90.4,102.5,0.15,4.282
2020-02-14,11.04,6.49,45.75,326.43,91.4,102.7,2.16,3.662
2020-02-15,11.81,6.7,72.19,320.67,89.3,102.8,0,4.621
2020-02-16,10.59,7.66,72.62,319.8,85.9,101.6,0.23,4.895
2020-02-17,8.4,1.79,50.92,279.91,77.6,100.8,2.83,3.868
2020-02-18,6.21,-0.43,93.86,239.64,70.7,102.3,0,2.639
2020-02-19,5.91,-1,111.41,232.56,73.7,103.2,0,2.051
2020-02-20,6.94,-0.66,84.64,268.51,82,103.4,0,0.692
2020-02-21,5.89,3.25,78.57,289.12,66.6,103.1,0.06,7.52
2020-02-22,6.01,2.43,132.49,225.35,66.9,103,0,7.656
2020-02-23,6.91,1.4,133.53,232.74,81.2,103.3,0,3.666
2020-02-24,4.49,1.46,54.78,291.12,88.2,103,0.11,3.944
2020-02-25,7.2,2.5,127.21,249.06,87.9,103.3,0,4.897
2020-02-26,7.42,3.03,137.04,243,85.4,103.3,0,6.085
2020-02-27,5.27,3.47,64.73,285.74,90.3,103.2,0.06,5.092
2020-02-28,7.31,3,130.32,270.46,93.1,102.7,0.08,3.973
2020-02-29,6.41,2.49,93.13,287,93.9,102.2,0.48,2.068
2020-03-01,5.52,1.99,56.86,303.6,94.6,101.7,0.88,0.774
2020-03-02,5.57,1.53,89.24,281.57,78,101.5,1.11,2.861
2020-03-03,4.61,-1.65,109.89,255.97,76.7,101.3,0.23,4.742
2020-03-04,4.34,-1.44,115.19,251.37,70.5,101.4,0.08,4.23
2020-03-05,4.24,-2.4,106.54,252.61,76.5,101.2,1.21,3.144
2020-03-06,4.24,0.29,28.71,302.15,93.5,100,21.5,2.688
2020-03-07,4.84,-1.29,130.89,253.21,72.9,100.8,0,0.384
2020-03-08,3.37,1.37,24.6,309.27,90.5,100,14.74,9.33
2020-03-09,5.32,1.55,79.2,292.54,80.5,100.2,3.03,2.216
2020-03-10,6.04,-1.93,112.44,257.19,74.3,101.4,0,0.671
2020-03-11,6.3,-2.54,153.82,243.45,70.9,101.9,0,1.055
2020-03-12,6,2.81,83.82,288.94,63.1,100.8,0.7,2.345
2020-03-13,11.13,5.54,40.65,329.34,92.5,99.3,15.74,1.244
2020-03-14,12.94,6.84,130.84,297.95,85,100.1,2.04,4.531
2020-03-15,13.17,8.4,126.81,325.16,91.9,99.7,9.88,2.016
2020-03-16,11.72,6.29,85.08,300.37,92.2,99.3,2.67,2.356
2020-03-17,11.49,3.94,161.5,274.13,84.3,99.8,0,1.174
2020-03-18,9.06,3.69,110.63,294.55,88.8,100.7,0,1.52
2020-03-19,9.01,6.17,63.63,313.36,92.2,99.9,14.2,6.034
2020-03-20,9.95,6.19,63.22,321.11,95.1,99.3,3.13,1.077
2020-03-21,10.09,4.85,119.77,304.62,79.5,99.6,3.5,4.405
2020-03-22,9.62,3.79,61.93,307.05,94.7,99,11.46,0.515
2020-03-23,6.83,3.01,67.58,306.41,88.4,99.5,14.72,1.371
2020-03-24,8.46,1.16,144.22,267.79,69.7,100.5,0.53,4.703
2020-03-25,4.76,-1.21,203.23,215.44,60.1,101.7,0,1.256
2020-03-26,3.76,-0.01,36.6,287.85,69.3,100.8,0.05,8.401
2020-03-27,5.08,2.54,138.98,290.14,67.5,100.6,5.89,10.494
2020-03-28,6.17,3.32,93.05,314.21,93.6,100,8.65,4.727
2020-03-29,6.1,3.52,59.12,316.68,96,99.7,7,4.749
2020-03-30,14.07,5.04,95.79,329.72,94,99.1,4.01,0.823
2020-03-31,13.75,6.57,152.65,290.88,82.5,99.7,0.67,4.35
2020-04-01,12.91,6.93,137.87,300.13,78.6,99.3,0.69,3.592
2020-04-02,12.65,5.62,168.07,294.14,81,99.2,0.74,2.527
2020-04-03,10.05,5.56,120.91,297.42,75.7,100.2,0.16,4.631
2020-04-04,10.59,4.99,127.77,299.35,70.6,100.6,0.18,2.782
2020-04-05,10.29,6,107.68,308.61,87.6,99.4,11.24,1.971
2020-04-06,10.75,6.18,121.02,306.7,83.9,99.6,4.65,1.685
2020-04-07,10.14,4.56,149.68,296.68,93.8,100.5,1.61,0.215
2020-04-08,9.85,4.64,113.37,300.51,90.5,101.2,2.18,2.553
2020-04-09,15.32,3.2,157.05,300.97,85.1,101.6,0.49,3.242
2020-04-10,17.31,9.6,164.47,326.16,84,101.6,0.14,4.648
2020-04-11,15.29,10,151.7,320.29,82.6,101.6,0.16,2.572
2020-04-12,11.97,6.22,89.95,311.72,81.6,100.4,22.11,4.099
2020-04-13,10.71,5.84,122.19,306.93,64.7,100.8,1.34,7.652
2020-04-14,10.68,4.42,128.48,297.81,72.1,100.6,0.87,6.616
2020-04-15,8.29,4.08,103.04,295.42,84.9,100.6,1.81,3.539
2020-04-16,9.05,3.43,113.32,297.36,89.3,100.6,2.69,1.813
2020-04-17,9,3.48,143.64,283.91,82.4,100.9,1.17,1.671
2020-04-18,10.09,2.34,158.99,286.11,80.9,100.8,0.56,1.279
2020-04-19,9.43,6.27,100.34,315.1,77.4,100.4,5.82,5.156
2020-04-20,9.13,6.26,124.77,316.28,72.4,100.6,2.37,3.729
2020-04-21,9.27,4.7,142.8,296.9,73,101.6,0.16,3.047
2020-04-22,9.56,4.14,125.49,295.37,77.7,101.9,2.53,2.092
2020-04-23,9.21,3.2,135.51,286.43,87.5,101.7,1.32,1.507
2020-04-24,11.49,3.86,131.42,306.83,79.2,101.3,0.07,0.956
2020-04-25,10.33,4.93,123.22,304.51,88.7,101.6,1.57,0.373
2020-04-26,13.1,4.67,234.63,283.19,73.8,101.5,0.07,1.062
2020-04-27,12.67,6.56,153.53,311.67,74.8,100.2,11.34,3.99
2020-04-28,11.04,4.02,193.77,273.88,68.2,100.6,1.3,2.409
2020-04-29,10.89,4.67,203.86,277.47,76.2,101.5,0.36,0.103
2020-04-30,12.28,4.11,158.56,299.2,78.1,102.1,0.26,1.532
2020-05-01,14.13,7.13,222.27,292.08,73.9,102.4,0.05,0.242
2020-05-02,11.56,8.3,256.34,297.16,78.2,102,0.08,4.021
2020-05-03,10.43,7.21,287.1,261.7,67.1,101.4,0,7.229
2020-05-04,10.5,7.29,202.31,292.99,69.1,101.2,0.04,5.885
2020-05-05,8.77,5.12,135.14,307.31,86.6,100.4,5.5,3.787
2020-05-06,12.64,4.14,166.14,297.04,86.7,99.7,1.02,0.743
2020-05-07,13.61,8.5,189.72,314.37,88.6,99.1,17.78,1.798
2020-05-08,14.26,6.86,217.92,302.93,78,100,1.47,0.863
2020-05-09,10.15,4.62,152.15,305.34,76.4,101.5,3.23,3.068
2020-05-10,10.65,3.97,146.14,288.39,74.4,102.4,0.44,3.148
2020-05-11,12.75,3.72,164.15,291.92,78.7,102.7,0.19,0.917
2020-05-12,12.87,7.66,193.25,319.18,82.6,102.9,0.83,1.425
2020-05-13,13.27,8.15,131.4,338.47,92.7,102.7,8.87,0.835
2020-05-14,14.83,8.47,152.38,335.15,91.8,102.2,4.59,1.04
2020-05-15,14.78,6.02,137.93,312.02,86.7,101.8,1.08,1.144
2020-05-16,13.8,5.6,196.74,297.45,76.9,102.2,0.03,0.469
2020-05-17,14.64,7.6,174.77,309.71,73.5,101.7,0.07,2.937
2020-05-18,10.83,5.58,118.77,308.33,77.4,100.8,7.21,3.34
2020-05-19,8.97,1.54,150.28,278.83,70.6,101.1,0.85,2.937
2020-05-20,9.05,1.24,139.84,285.93,77.5,101.3,3.88,1.988
2020-05-21,10.1,2.69,171.54,288.95,69,101.4,1.9,3.048
2020-05-22,12.63,6.15,167.37,313.23,80.3,100.6,3.13,4.725
2020-05-23,16.06,7.18,204.65,319.14,73.2,101.1,1.17,4.345
2020-05-24,15.04,9.33,218.35,324.06,74.5,101.5,1.31,2.899
2020-05-25,13.53,7.28,181.72,316.96,83.6,101.6,0.57,0.517
2020-05-26,17.99,10.93,196.03,338.73,80.9,101.4,4.92,3.691
2020-05-27,14.18,7.44,227.5,294.48,70.3,102.4,0.02,2.516
2020-05-28,14.18,6.92,254.71,301.38,77.3,102.9,0.04,1.49
2020-05-29,13.94,8.36,185.98,332.76,87.3,103,2.71,1.544
2020-05-30,13.73,9.77,239.07,320.9,89.7,102.6,2.48,3.702
2020-05-31,15.32,9.87,260.99,316.38,87.1,102.4,1.27,3.732
2020-06-01,16.91,9.98,283.29,311.95,84.6,102.3,0.06,3.765
2020-06-02,18.72,10.26,340.91,292.66,81.2,102.1,0,2.663
2020-06-03,21.28,10.12,328.83,308.65,78.5,101.8,0,0.27
2020-06-04,15.13,9.4,221.63,318.19,63.3,102,0.09,2.786
2020-06-05,15.41,9.58,182.25,323.79,62,102.3,0.16,2.819
2020-06-06,20.56,10.53,260.91,323.29,65.5,101.5,0.1,5.121
2020-06-07,15.49,9.17,252.54,304.8,61.5,101.8,0.08,1.782
2020-06-08,14.93,9.4,138.86,332.53,72.7,101.1,0.22,0.883
2020-06-09,16.8,10.98,218.37,316.95,67,100.3,0.68,4.387
2020-06-10,19.99,11.58,270.68,315.37,64.8,100.3,0.25,4.777
2020-06-11,18.24,9.44,286.54,291.55,64.3,101.5,0.37,2.129
2020-06-12,17.89,9.43,235.29,308.34,73.1,102.2,0.13,0.968
2020-06-13,17.21,12,135.11,354.78,82.2,102,4.4,2.747
2020-06-14,15.73,7.66,209.02,317.24,81.5,102.3,3.42,3.933
2020-06-15,18.46,7.05,283.94,295.29,74.1,102.8,0.1,0.407
2020-06-16,19.51,11.82,222.04,337.51,78,102.9,0.07,0.859
2020-06-17,21.39,11.25,292.25,331.56,81.9,103,0.04,0.22
2020-06-18,20.27,12.65,233.83,338.92,84,102.6,0.04,0.517
2020-06-19,15.25,9.75,169.04,330.29,84.6,102.4,1.08,2.91
2020-06-20,14.12,9.6,258.2,304.21,68.1,102.6,0.07,2.095
2020-06-21,14.28,8.01,290.94,290.56,71.6,103,0.08,3.058
2020-06-22,19.29,5.85,338.41,276.13,76.4,103.1,0,0.508
2020-06-23,25.53,12.54,352.07,307.67,68.4,102.8,0,0.984
2020-06-24,26.79,15.09,313.39,338.73,65.4,101.7,0,1.167
2020-06-25,23.4,15.78,250.4,330.8,63.3,101.6,0.33,4.841
2020-06-26,22.85,12.04,342.24,299.05,62.3,101.9,0,1.982
2020-06-27,24.35,15.36,258.47,349.89,73.3,101.9,0.55,2.326
2020-06-28,21.16,14.57,269.23,331.3,84.9,101.6,7.76,3.262
2020-06-29,25.08,14.13,314,342.76,71.1,101,0,1.471
2020-06-30,23.8,15.68,250.55,350.56,69.1,101.4,0.52,2.385
2020-07-01,24.54,13.69,344.29,306.11,59.9,102.5,0,1.4
2020-07-02,23.35,12.72,274.8,319.47,69.2,103.2,0.01,1.47
2020-07-03,22.24,11.2,348.1,299.29,73.1,103,0,2.381
2020-07-04,22.38,13.03,346.56,303.12,74.9,102.4,0,2.524
2020-07-05,23.43,11.68,341.2,306.98,73.9,102.1,0,0.866
2020-07-06,27.34,14.29,349.63,316.96,65.9,101.5,0,0.757
2020-07-07,30.66,15.98,337.55,328.18,51.8,100.8,0,2.51
2020-07-08,19.84,13.58,122.88,350.14,86.6,100.8,7.44,0.639
2020-07-09,20.6,11.33,293.22,298.32,73.1,101.2,0,0.61
2020-07-10,20.57,10.03,313.6,298.3,74.8,101.6,0,1.241
2020-07-11,26.49,15.16,237.81,349.4,59.7,101.6,0.01,3.849
2020-07-12,28.95,17.76,246.95,376.35,66.1,101.6,0.04,5.134
2020-07-13,27.05,18.45,228.1,371.25,78.3,101.8,0.24,0.424
2020-07-14,25.78,17.43,327.2,344.85,80.1,101.9,0.05,2.985
2020-07-15,26.62,18.65,333.8,342.53,71.3,101.9,0,4.29
2020-07-16,26.12,19.35,289.92,357.12,72.1,101.3,4.34,6.658
2020-07-17,25.11,16.45,326.37,330.66,81.9,100.9,0,2.807
2020-07-18,27.92,16.74,279.05,356.89,71.1,100.9,0.81,2.749
2020-07-19,21.58,14.91,242.37,326.27,56.2,101.7,0.18,2.335
2020-07-20,24.53,12.58,257.69,327.39,54.2,101.6,0.16,4.452
2020-07-21,22.51,16.45,137.52,374.4,85.4,101.2,9.01,3.549
2020-07-22,28.42,16.16,193.45,382.87,74.6,101.3,1.73,1.841
2020-07-23,27.96,19.06,221.58,372.2,75,101.7,0.59,0.734
2020-07-24,30.52,18.39,327.48,347.14,69.1,101.8,0,1.391
2020-07-25,32.14,21.23,329.3,347.61,60.9,101.7,0,1.807
2020-07-26,33.47,19.7,324.99,339.76,50.9,101.2,0,0.683
2020-07-27,22.25,14.65,246.74,330.19,73.7,101.7,0.01,1.827
2020-07-28,18.21,12.31,242.32,304.22,80.7,102.2,9.91,1.634
2020-07-29,19.84,11.09,302.26,283.7,71.1,102.4,0,2.638
2020-07-30,22.29,14.82,274.88,303.97,65.3,102.2,0,3.614
2020-07-31,23.34,14.28,294.01,304.9,66.8,102.1,0,3.193
2020-08-01,24.4,13.75,313.62,305.86,68.4,102.1,0,2.788
2020-08-02,24.38,13.51,314.53,305.41,68.2,102,0,2.876
2020-08-03,25.92,15.19,304.51,316.7,70.5,102.1,0,3.034
2020-08-04,26.28,15.53,307.37,318.03,68.8,102.2,0,3.357
2020-08-05,26.11,18.85,279.66,339.51,69,101.9,3.49,5.331
2020-08-06,33.42,20.79,245,376.88,55.8,101.1,3.76,0.913
2020-08-07,30.82,18.41,282.59,354.18,56.9,100.9,0.22,3.396
2020-08-08,24.57,17.85,250.2,342.55,75.1,101.2,6.94,2.23
2020-08-09,21.17,13.67,202.93,331.47,71.6,101.8,0.34,1.393
2020-08-10,18.83,12.24,260.41,299.52,72,101.8,0.12,3.903
2020-08-11,21.1,13.12,202.22,332.89,79,101.4,0.27,2.983
2020-08-12,25.02,12.51,265.97,317.54,71.9,101.7,0.26,0.581
2020-08-13,24.07,14.77,205.69,336.67,77.5,102.1,6.58,0.649
2020-08-14,20.33,13.48,285.25,294.14,75.3,102.6,0,3.495
2020-08-15,20.52,12.3,286.65,290.66,79.7,102.5,0,3.184
2020-08-16,22.54,15.18,278.69,324.6,81.1,102.6,0.04,4.014
2020-08-17,21.25,16.8,211.83,358.72,81.9,102.8,0.15,4.785
2020-08-18,20.65,17.14,177.7,365.92,82.7,102.7,0.25,5.889
2020-08-19,20.76,16.62,183.48,361.31,82,102.5,0.16,5.599
2020-08-20,20.25,16.02,177.33,360.83,84.1,102.3,0.6,4.374
2020-08-21,19.61,15.08,185.9,350.01,82,102.2,0.15,4.161
2020-08-22,19.3,14.25,191.26,338.18,84.1,101.8,0.2,4.341
2020-08-23,24.56,13.31,255.7,316.94,81.2,101.5,0,1.646
2020-08-24,22.23,15.87,233.74,325.53,65.6,101.8,0,1.321
2020-08-25,23.69,12.1,232.04,323.26,68.8,102.4,0,1.194
2020-08-26,28.37,15.83,259.18,333.29,60.4,102.1,0,1.899
2020-08-27,26.18,16.38,233.21,342.05,76.7,102,0,2.065
2020-08-28,30.37,17.43,205.87,351.61,62.2,101,0.02,1.222
2020-08-29,21.45,11.26,182.19,321.38,54.5,101.2,0.45,2.093
2020-08-30,20.54,8.95,245.2,277.02,48.5,102.4,0.01,1.451
2020-08-31,21.68,9.91,240.74,288.41,58.7,102.6,0,1.012
2020-09-01,22.81,10.87,236.35,298.17,68.9,102.9,0,0.574
2020-09-02,19.61,9.76,211.63,300.78,77.9,102.9,0.09,3.986
2020-09-03,21.54,14.83,234.05,312.77,77.8,102.2,0,5.542
2020-09-04,26.95,14.72,224.5,328.09,70.1,101.8,0,2.595
2020-09-05,24.67,15.15,208.4,324.38,56.2,101.7,0.11,3.835
2020-09-06,20.42,14.41,72.33,342.32,72.9,100.6,3.13,3.208
2020-09-07,21.01,13.99,158.47,319.81,59.9,100.1,0.79,7.289
2020-09-08,21.26,12.91,170.84,319.84,54.8,100.6,0,5.601
2020-09-09,21.33,12.28,151.61,334.37,76.4,100.2,6.99,0.772
2020-09-10,18.76,10.85,142.35,304.88,62.6,101,0.09,5.504
2020-09-11,19.53,12.29,174.52,320.63,61.4,101.2,0.86,5.311
2020-09-12,18.23,10.14,195.98,288.73,58.2,102.4,0,3.063
2020-09-13,22.75,10.64,207.68,306.62,64.6,102.6,0,3.511
2020-09-14,22.26,11.94,211.69,304.05,72.8,101.8,0,1.971
2020-09-15,21.38,11.28,180.69,318.4,77.5,101.3,0.06,1.007
2020-09-16,20.08,12.73,106.2,340.89,82.3,101.1,1.65,0.88
2020-09-17,16.71,10.83,77.96,332.86,81.1,101.7,1.16,4.596
2020-09-18,24.73,15.72,101.92,375.79,79.6,101.6,0.07,4.562
2020-09-19,25.6,17.32,170.92,349.59,73.6,101.4,0,4.845
2020-09-20,26,16.99,194.14,336.1,70.2,101,0.1,3.174
2020-09-21,19.72,11.8,158.28,312.49,58.6,101.7,0.44,4.087
2020-09-22,17.54,9.2,155.55,291.52,55.3,102.6,0.11,1.715
2020-09-23,15.92,8.04,53.31,325.34,74.3,101.8,0.59,1.184
2020-09-24,17.51,7.5,48.77,319.44,86.9,100.4,3.22,5.275
2020-09-25,14.41,7.56,81.79,310.97,68.6,100.7,2.89,3.948
2020-09-26,13.48,4.62,189.21,251.79,50.2,101.8,0,2.483
2020-09-27,10.58,7.98,40.25,329.9,81.7,100.8,18.87,5.126
2020-09-28,11.5,5.12,125.2,274.45,71.3,101.4,0.57,3.747
2020-09-29,11.6,2.98,130.4,274.4,68.2,101.6,0.48,5.314
2020-09-30,17.88,9.46,50.19,359.71,87.4,99.8,14.93,6.813
2020-10-01,17.96,16.06,38.93,373.18,84.9,99.5,3.81,5.353
2020-10-02,17.33,11.77,70.88,351.74,89.8,100.1,23.27,1.826
2020-10-03,16.87,10.79,143.77,304.63,81.7,100.9,0.1,3.478
2020-10-04,17.32,12.41,83.92,333.43,85.8,100.6,6.72,2.842
2020-10-05,16.66,9.53,157.34,283.16,82.5,101.5,0,2.178
2020-10-06,19.84,12.45,140.26,320.31,84.3,101.4,0,1.626
2020-10-07,19.97,14.07,106.79,344.56,89.1,101.1,0.53,2.04
2020-10-08,16.81,10.25,135.57,291.46,84.1,101.8,0,1.299
2020-10-09,15.67,8.57,136.78,279.81,79.7,102.1,0,1.24
2020-10-10,15.7,7.37,130.52,284.07,83.9,102.7,0,2.038
2020-10-11,17.89,9.01,115.44,316.44,86.4,102.8,0,2.229
2020-10-12,15.7,9.95,94.1,324.44,87.1,102.2,0.06,1.705
2020-10-13,15.07,10.39,83.86,322.16,86.3,101.6,0.07,0.907
2020-10-14,15.05,8.59,86.28,311.66,80.6,101.4,0,1.878
2020-10-15,15.21,8.46,88.67,304.8,82.1,102.4,0.02,0.498
2020-10-16,15.19,9.36,107.82,291.28,75.1,102.6,0,5.423
2020-10-17,15.69,9.36,122.65,288.54,88.1,102.4,0,3.633
2020-10-18,16.74,8.36,117.64,295.48,92.5,102.4,0.03,1.548
2020-10-19,17.08,10.22,114.23,300.87,92.5,102.2,0.04,2.883
2020-10-20,16.69,9.68,110.56,310.39,93.7,101.9,0.11,2.111
2020-10-21,13.47,11.71,52.39,355.61,98.3,101.6,0.51,3.52
2020-10-22,16.86,12.58,110.14,315.75,93.1,101.5,0.14,3.598
2020-10-23,17.72,11.49,96.58,324.84,91.2,101.4,0.97,0.877
2020-10-24,17.91,12.45,94.03,307.82,88.9,101.4,0,3.147
2020-10-25,15.98,10.8,32.83,320.49,86.6,100.1,9.33,2.486
2020-10-26,15.17,9.99,88.2,290.21,81.3,99.7,0,5.305
2020-10-27,12.92,9.37,56.59,310.46,85.5,100,0.69,6.407
2020-10-28,11.82,8.54,53.03,318.87,80.2,101,0.7,1.643
2020-10-29,10.66,6.86,48.92,303.09,74.7,101.9,0.04,2.529
2020-10-30,12.65,6.68,54.42,302.04,81.2,101.5,0.09,2.949
2020-10-31,11.89,6.76,44.29,304.91,81.1,101.2,0.07,1.031
2020-11-01,11.12,6.83,34.18,309.61,80.9,101,0.05,1.226
2020-11-02,12.69,9.76,62.87,307.23,77,101.5,0,8.314
2020-11-03,10.99,8.79,62.92,298.25,76.2,102.1,0.03,9.11
2020-11-04,8.79,6.64,71.42,271.55,75.3,102.1,0.04,7.945
2020-11-05,8.64,6.52,88.09,251.13,70.2,102.1,0,6.509
2020-11-06,9.63,3.1,78.98,253.38,80.6,102.5,0,2.139
2020-11-07,9.97,2.18,51.02,287.52,91.7,103.1,0.08,0.953
2020-11-08,11.04,4.54,58.75,302.64,95.1,103,0.27,0.539
2020-11-09,10.97,4.14,42.02,319.92,96.2,102.3,0.3,1.395
2020-11-10,10.7,8.46,41.65,325.44,83.2,101.6,0.23,5.023
2020-11-11,10.04,7.14,42.27,313.9,71.3,101.9,0.99,6.392
2020-11-12,7.79,5.58,71.76,263.21,62.3,102.4,0,6.234
2020-11-13,8.66,5.48,50.69,280.98,71.1,102.4,0.11,6.017
2020-11-14,8.75,4.01,74.24,256.78,80.3,102.1,0,1.648
2020-11-15,11.4,4.09,64.97,302.16,92.8,101.6,0.08,1.246
2020-11-16,12.33,10.8,32.67,347.09,93.9,100.8,3.09,1.826
2020-11-17,12.57,8.43,65.15,282.86,91.9,101.5,0,2.986
2020-11-18,12.63,9.6,16.78,332.25,92.6,100.7,1.21,2.91
2020-11-19,12.92,10.42,50.26,307.96,82.6,99.8,2.27,3.532
2020-11-20,13.22,9.07,59.76,280.8,70.8,100.2,0,5.713
2020-11-21,11.13,6.03,49.09,269.75,83.2,100.3,0,4.82
2020-11-22,8.93,3.43,41.98,277.33,94.9,100.1,0,0.129
2020-11-23,9.5,8.3,8.41,337.89,93.4,99.4,16.18,5.03
2020-11-24,10.29,7.21,37.97,311.61,90.6,100.1,1.05,3.005
2020-11-25,7.68,3.25,33.99,281.73,87.9,100.6,0.2,4.63
2020-11-26,10.29,3.6,7.48,328.47,95.8,99.9,10.91,3.781
2020-11-27,13.35,9.67,41.15,319.1,81.7,98.7,0.93,4.131
2020-11-28,10.78,3.76,52.56,254.96,82.4,99.1,0,3.398
2020-11-29,8.8,1.07,51.58,260.37,96.9,99.9,0,0.251
2020-11-30,9.32,2.45,49.21,278.41,89.8,100.4,0,1.271
2020-12-01,8.57,6.54,26.25,314.08,87.9,100.3,0.08,3.628
2020-12-02,10.12,4.61,33.1,307.29,95.1,100.2,0.42,1.87
2020-12-03,9.12,6.11,30.85,313.89,95.8,100.8,0.81,1.382
2020-12-04,8.46,5.26,24.36,294.72,95.7,100.8,0.61,2.898
2020-12-05,9.55,3.03,37.43,283.19,88.4,100.4,3.71,1.894
2020-12-06,12.3,6.58,6.7,336.39,96.5,98.5,28.43,1.837
2020-12-07,8.59,5.1,37.38,289.39,81.7,99.7,0.04,4.639
2020-12-08,10.83,3.43,20.49,299.48,84.8,100.3,5.5,2.918
2020-12-09,10.7,6.88,24.93,315.52,91.7,99.8,8.04,2.537
2020-12-10,7.9,3.91,27.04,280.67,90.2,100.2,0.22,3.517
2020-12-11,4.88,0.19,17.12,284.41,88.7,100.8,2.59,6.038
2020-12-12,5.8,0.07,14.38,287.54,91.1,100.3,5.69,3.772
2020-12-13,6.92,3.46,16.79,303.83,85.3,101.3,0.18,1.174
2020-12-14,7.71,4.37,17.97,302.13,94.7,102,1.43,3.986
2020-12-15,8.22,2,35.3,283.83,95.3,102,0.12,1.689
2020-12-16,8.63,2.91,14.7,322.34,96.1,101.9,3.56,1.47
2020-12-17,8.56,4.17,41.85,277.47,91.7,101.9,0.15,3.54
2020-12-18,8.44,4.66,21.9,281.9,82.7,101.6,1.16,6.587
2020-12-19,9.4,5.19,20.9,300.83,88.1,102,1.82,6.432
2020-12-20,11.14,7.45,32.99,307.44,90,101.9,0.07,4.788
2020-12-21,9.38,7.51,19.44,322.85,93,101.6,0.15,2.164
2020-12-22,9.56,5.22,19.16,316.33,89.5,101.9,0.39,1.513
2020-12-23,5.61,2.72,33.58,283.93,81.7,102.4,0,2.532
2020-12-24,7.35,2.58,20.3,306.8,90.6,101.9,0.31,4.29
2020-12-25,9.4,5.7,28.55,301.9,91.7,100.7,1.72,3.799
2020-12-26,9.07,4.73,21.9,302.24,75.3,98.5,5.33,8.218
2020-12-27,5.38,-0.04,42.04,246.34,76.5,99.3,2.82,6.305
2020-12-28,11.23,-0.45,7.21,311.88,90.5,99.9,6.12,3.368
2020-12-29,11.29,6.6,35.8,308.95,72.3,98.9,0.45,8.467
2020-12-30,7.7,1.79,37.46,275.53,74.7,99.9,1.11,7.223
2020-12-31,5.72,0.15,41.49,251.73,77.8,100.8,0.55,5.09
2021-01-01,3.73,-1.49,45.58,228.03,80.8,101.7,0,2.958
2021-01-02,9.36,3.78,14.15,322.53,86.8,100.4,13.43,4.543
2021-01-03,9.24,5.6,16.86,332.58,98.4,100.9,0.83,2.124
2021-01-04,12.94,7.78,23.01,332.55,92.5,101.3,2.56,4.406
2021-01-05,9.94,6.17,40.26,282.01,86.6,102.1,5.76,4.555
2021-01-06,12.66,8.14,18.92,343.29,88.9,101,1.42,5.318
2021-01-07,8.84,3.81,46.96,256.15,87.5,101.7,0.01,5.08
2021-01-08,8.37,3.5,43.71,293.65,87.1,101.8,0.46,0.956
2021-01-09,12.75,7.26,15.72,342.78,95.5,99.7,6.91,2.179
2021-01-10,12.07,6.98,42.96,290.89,73.2,99.5,1.11,7.026
2021-01-11,8.04,3.7,49.35,255.07,79.7,99.5,0,5.418
2021-01-12,6.88,2.16,49.51,249.79,82.1,100,0.41,4.507
2021-01-13,6.08,2.89,21.37,297.11,94.4,100.7,2.59,2.98
2021-01-14,7.35,1.14,35.67,295.76,90,101.1,3.01,1.118
2021-01-15,6.45,4.44,15.43,320.89,94.9,100.8,24.21,1.295
2021-01-16,6,3.04,23.49,301.85,75.3,102.2,1.19,9.433
2021-01-17,3.08,1.06,23.82,285.85,65.4,102.3,0.03,7.101
2021-01-18,1.73,-0.26,19.59,284.35,71.5,101.5,0.22,6.055
2021-01-19,0.63,-3.04,28.87,256.24,70.1,101.5,0,2.149
2021-01-20,8.18,-2.62,25.61,279.09,88.5,100.7,5.88,3.146
2021-01-21,5.43,1.85,10.75,277.52,90.4,100.3,0.11,3.421
2021-01-22,6.16,0.14,9.8,271.18,91.6,99.6,6.16,1.136
2021-01-23,6.71,1.25,55.49,284.68,88.5,99.7,3.57,2.44
2021-01-24,9.15,5.7,40.25,299.94,82.1,98.2,5.2,5.269
2021-01-25,7.54,4.11,13.41,317.21,96.2,97.8,12.9,2.966
2021-01-26,7.21,2.54,53.94,276.03,91.7,98.5,0.08,3.077
2021-01-27,6.14,0.88,26.35,287.78,94.3,99.8,8.75,1.929
2021-01-28,11.74,1.94,29.16,318.77,91.8,100.1,1.36,1.334
2021-01-29,11.71,8.18,51.86,286.63,90.2,100.5,0,4.115
2021-01-30,11.23,5.91,65.43,285.72,86.4,101.1,4.28,4.458
2021-01-31,11.07,5.8,39.12,299.57,88.6,100.8,0,1.487
2021-02-01,11.28,7.76,51.08,302.56,85.9,100.1,2.37,2.974
2021-02-02,10.89,9.09,48.92,299.9,88,99.5,0.95,5.187
2021-02-03,12.24,8.89,64.67,300.7,84.3,100.1,0.44,4.842
2021-02-04,9.27,4.41,19.83,315.63,90.3,100.4,7.49,0.662
2021-02-05,4.38,1.55,10.7,310.82,89.7,100.2,31.4,7.427
2021-02-06,4.49,0.32,70.12,261.79,70.8,101.2,0.43,2.816
2021-02-07,6.36,2.87,19.89,295.32,74.5,100.8,0.64,2.865
2021-02-08,10.04,5.56,29.34,323.94,88.1,99.6,9.66,4.742
2021-02-09,10.55,6.82,62.93,303.27,92,100,2.5,1.888
2021-02-10,10.29,7.04,37.68,293.91,94,100.5,2.06,2.095
2021-02-11,10,6.89,42.4,308.48,95.7,100.3,1.82,1.442
2021-02-12,10.29,3.73,74.08,280.83,93.8,100.9,0.16,2.683
2021-02-13,10.54,2.52,93.32,270.1,83.6,101.6,0,1.421
2021-02-14,9.99,7.81,64.13,291.89,80.4,100.9,0,2.783
2021-02-15,11.59,8.24,58.45,301.01,89.7,100.7,1.8,1.91
2021-02-16,11.83,6.79,35.22,330.49,94.3,100,22.76,0.295
2021-02-17,9.01,6.06,81.72,302.23,84.1,101.8,2.45,3.734
2021-02-18,7.98,5.95,19.3,323.97,87.1,101.3,1.47,2.766
2021-02-19,10.79,6.87,53.19,314.5,95.6,100.4,7.08,1.107
2021-02-20,10.54,5.91,40.45,323.2,94.6,101,3.29,2.264
2021-02-21,9.77,6,32.98,312.61,95.1,100.7,6.64,1.495
2021-02-22,10.62,5.2,47.98,306.91,92.5,101.2,1.81,2.746
2021-02-23,12.89,7.94,54.12,330.09,87.7,101.6,1.26,3.815
2021-02-24,12.01,7.69,43.69,322.81,90.6,101,0.26,2.954
2021-02-25,11.05,6.45,89.36,277.26,83.5,100.8,1.93,4.89
2021-02-26,11.51,5.79,93.64,294.11,84.6,100.7,3.95,2.574
2021-02-27,8.43,5.59,65.01,306.07,88.2,100.9,1.79,4.298
2021-02-28,10.17,4.97,64.3,304.62,90.2,100.8,5.66,3.319
2021-03-01,9.03,4.99,75.9,309.88,86.3,99.4,16.69,1.266
2021-03-02,7.51,4.24,47.04,313.12,94.7,97.7,8.82,2.738
2021-03-03,6.66,3.87,73.96,303.27,90.5,98.4,5.96,1.993
2021-03-04,6.3,3.73,59.41,309.94,86.5,100,3.93,5.73
2021-03-05,5.95,2.89,137.48,259.47,62,102,0.08,6.176
2021-03-06,6.57,1.85,87.19,284.87,75.2,103.4,0.04,1.396
2021-03-07,7.24,2.35,87.94,290.11,79.4,103.8,0.17,0.572
2021-03-08,7.59,3.22,104.19,294.17,72,103,1.31,2.258
2021-03-09,9.9,5.22,69.84,313.22,82.1,101.9,1.6,3.993
2021-03-10,11.41,5.14,116.17,294.29,77.8,102,0,5.51
2021-03-11,13.2,6.38,64.71,314.66,85.3,101.1,3.7,6.8
2021-03-12,11.01,5.7,119.52,299.77,67.7,102.4,0.06,4.902
2021-03-13,14.28,8.13,103.97,327.21,85.6,101.7,0.3,3.808
2021-03-14,12.43,8.14,95.79,323.11,74.7,101.2,1.16,4.516
2021-03-15,12.53,7.94,66.84,317.83,87.5,100.8,2.81,3.324
2021-03-16,10.41,7.07,86.22,310.57,85.7,100.6,6.57,1.57
2021-03-17,9.14,3.37,73.94,285.06,77.5,99.8,2.29,6.304
2021-03-18,7.89,3.38,64.84,295.32,88.3,100,6.65,0.669
2021-03-19,8.07,4.24,118.24,287.16,69.7,100.9,0.04,2.954
2021-03-20,9.39,2.73,119.42,295.69,81.6,99.3,8.78,6.839
2021-03-21,8.76,3.59,117.36,289.98,76.9,99.1,3.3,6.714
2021-03-22,8.85,2.04,138.68,267.84,73.3,100.3,0.14,2.143
2021-03-23,7.05,1.48,118.17,271.33,74,100.4,0.43,2.901
2021-03-24,7.54,-0.89,148.98,253.02,73.8,100.8,0.21,2.278
2021-03-25,6.16,-0.63,186.9,239.68,65.8,100.7,0,1.109
2021-03-26,7.07,4.26,163,278.96,55.7,100.1,0.24,9.927
2021-03-27,5.61,2.1,32.97,314.2,84.1,99.6,21.69,7.963
2021-03-28,5.41,2.26,30.5,309.25,84.6,99.9,17.08,2.718
2021-03-29,7.49,0.98,92.57,284.74,74.9,100.8,0.35,1.223
2021-03-30,9.02,0.44,170.41,267.29,74.8,101.2,0.17,0.428
2021-03-31,9.45,5.16,46.63,326.34,91.5,100.1,16.06,5.277
2021-04-01,13.12,7.37,124.41,319.18,89.8,100,1.73,1.05
2021-04-02,13.9,7.18,145.83,314.04,88.3,99.5,10.12,1.714
2021-04-03,11.47,7.31,91.99,324.86,94.8,99.6,7.73,0.931
2021-04-04,8.22,6.05,101.83,312.97,86.1,100.4,0.99,2.281
2021-04-05,10.63,5.49,80.63,324.34,94.2,99.5,10.89,4.129
2021-04-06,8.55,3.58,114.72,295.95,81.9,100,0.56,1.95
2021-04-07,8.13,3.14,122.03,298.46,75.6,100.8,3.57,3.289
2021-04-08,8.29,5.66,45.68,323.29,92.8,100.3,20.21,7.465
2021-04-09,11.23,5.85,155.01,300.69,83.8,100.8,0.32,2.976
2021-04-10,9.4,4.27,151.87,287.82,71.7,101.5,0.75,0.694
2021-04-11,8.69,4.01,133.12,297.52,69.1,100.7,0.08,4.93
2021-04-12,12,6.52,142.85,307.04,73.9,99.1,11.09,1.893
2021-04-13,9.95,5.36,151.74,302.27,84.6,98.8,7.92,4.524
2021-04-14,10.05,3.49,174.12,277.52,72,100.2,0.07,2.112
2021-04-15,10.57,2.45,129.44,295.87,81.5,100.6,20.23,0.98
2021-04-16,8.59,3.73,144.53,293.43,72.6,101.2,2.87,2.177
2021-04-17,9.17,3.12,174.76,287,68.1,101.9,0.13,1.398
2021-04-18,6.35,1.7,137.81,289.52,65.5,102.1,2.74,3.083
2021-04-19,7,2.06,143.49,278.37,63.6,102.5,0.05,3.658
2021-04-20,8.89,1.57,87.34,302.74,82.1,102,3.6,4.946
2021-04-21,11.29,6.6,139.05,317.92,80.4,101.4,2.28,3.933
2021-04-22,11.66,4.82,125.67,308.51,86.2,102,0.38,1.545
2021-04-23,13.62,8.76,147.03,324.2,76,101.5,0.04,4.322
2021-04-24,11.17,8.55,88.94,327.49,81.3,100.5,5.55,3.638
2021-04-25,11.86,5.95,148.5,287.84,81.9,100.7,3.25,2.633
2021-04-26,11.25,5.06,182.13,284.19,82.4,100.5,5.62,4.052
2021-04-27,11.99,4.89,157.32,300.37,81.3,100.4,3.62,4.349
2021-04-28,14.62,8.08,176.11,315,78,101,1.63,6.095
2021-04-29,15.94,6.35,190.71,307.41,78.3,103,0.04,1.558
2021-04-30,16.28,9.73,188.65,329.32,83.6,103.3,0.06,1.721
2021-05-01,16.62,9.83,172.83,334.37,87.5,103,0.27,0.181
2021-05-02,10.73,5.58,178.52,300.8,68.8,103.3,0.19,3.092
2021-05-03,10.14,5.43,162.56,304.73,71.1,103.6,0.12,1.283
2021-05-04,10.44,6.67,140.81,314.81,71.7,103.8,0.17,1.952
2021-05-05,11.86,5.94,208.85,297.7,70,103.2,0.17,0.829
2021-05-06,12.65,7.09,126.81,321.46,75.8,101.9,0.95,3.172
2021-05-07,9.97,6.24,163.18,300.32,76,101.6,3.18,2.802
2021-05-08,11.61,7.21,217.22,281.81,72.9,102.7,0,4.58
2021-05-09,13.3,6.01,303.31,270.16,72.3,102.7,0,3.019
2021-05-10,13.67,7.7,196.69,322.51,85,102.6,0.04,1.837
2021-05-11,12.27,5.23,267.54,284.85,76,102.7,0.07,1.946
2021-05-12,13.59,4,278.09,270.32,81.9,102.8,0,0.633
2021-05-13,16.11,6.86,237.86,301.87,82.4,102.8,0,0.838
2021-05-14,16.24,7.05,312.39,274.22,81.1,102.6,0,1.604
2021-05-15,18.26,6.94,243.81,302.33,80.4,102.1,1.62,1.549
2021-05-16,10.06,6.35,207.05,296.43,58.1,102.7,0.09,3.838
2021-05-17,10.34,3.87,175.67,285.34,64.3,102.4,0.49,0.144
2021-05-18,11.92,5.32,179.06,295.66,73.6,102.3,0.33,0.771
2021-05-19,18.9,7.11,226.62,319.69,75.1,102.3,0.03,2.143
2021-05-20,20.22,10.74,308.61,302.68,75.9,101.9,0,2.56
2021-05-21,18.43,10.46,271.29,301.43,82.2,101.3,0,1.606
2021-05-22,19.78,12.3,219.26,336.06,79.8,100.9,2.1,2.601
2021-05-23,15.77,10.52,254.96,296.82,57,101,1.01,7.204
2021-05-24,14.63,9.02,227,294.99,61.2,101.8,0.54,5.108
2021-05-25,13.22,7.81,211.74,304.35,75.4,102.1,2.55,2.572
2021-05-26,12.39,7.65,214.63,308.31,65,102.9,0.81,0.539
2021-05-27,11.88,8.87,166.34,322.84,83.7,102.5,5.1,3.64
2021-05-28,13.45,8.56,295.85,276.45,70,103,0,6.263
2021-05-29,14.69,7.97,317.14,271.48,74.2,103.3,0,5.048
2021-05-30,14.27,9.18,254.19,302.56,76.2,102.8,2.4,5.599
2021-05-31,13.43,9.7,181.52,325.76,85,102.1,9.36,4.911
2021-06-01,12.59,10.21,110.31,349,93.8,101.5,16.31,4.422
2021-06-02,15.95,11.05,147.87,344.03,86.2,100.9,0.82,2.112
2021-06-03,18.66,10.62,238.35,327.75,71.8,100.4,0.05,2.154
2021-06-04,19.97,12,294.18,316.35,70,100.9,0.38,1.782
2021-06-05,16.04,9.59,160.73,316.19,88.5,101.2,7.89,1.084
2021-06-06,17.38,8.69,295.19,294.68,75.9,101.6,0.81,1.047
2021-06-07,17.81,11.54,222.12,318.5,77.1,101.7,5.1,3.713
2021-06-08,21.01,10.03,277.36,317.04,75.2,102.6,0,2.391
2021-06-09,20.09,11.75,338.41,304.62,74.5,102.6,0,2.445
2021-06-10,21.02,14.35,315.54,314.39,80.9,101.8,0,3.003
2021-06-11,23.56,13.48,202.95,353.84,83.7,101.3,16.68,1.457
2021-06-12,22.01,12.77,324.65,325.76,70.4,101.7,0,2.744
2021-06-13,18.73,14.45,141.68,360.73,89.1,101.4,13.05,0.732
2021-06-14,16.37,10.93,195.21,318.81,79.5,101.5,2.97,2.277
2021-06-15,16.09,9.7,196.6,312.84,78.3,100.9,10.3,2.695
2021-06-16,15.15,11.33,135.79,329.39,79.6,100.9,6.94,3.012
2021-06-17,15.2,10.29,200.89,323.58,72.1,102,5.39,4.818
2021-06-18,15.94,10.5,170.46,343.63,89.2,101.8,6.63,2.447
2021-06-19,15.43,13.41,76.79,367.53,94.1,101.6,11.81,2.93
2021-06-20,19.04,13.93,141.03,372.52,93.5,101.3,9.3,1.348
2021-06-21,19.77,13.45,240.12,349.44,92.2,101.3,1.15,1.111
2021-06-22,20.74,13.22,204.94,363.04,92.6,101.6,0.28,1.36
2021-06-23,21.07,14.78,257.99,349.11,91.1,101.5,0.11,0.506
2021-06-24,21.99,14.9,229.4,347.31,87.1,101.5,9.98,0.53
2021-06-25,20.53,16.14,167.23,364.81,85.4,101.4,6.09,2.235
2021-06-26,21.6,13.97,245.09,340.69,80.2,101.5,1.75,1.836
2021-06-27,21.77,14.87,227.97,344.15,85.3,101.7,5.1,1.021
2021-06-28,22.46,13.99,297.53,331.97,84.8,101.9,0.4,1.033
2021-06-29,23.12,16,333.94,332.3,83,102,0,0.769
2021-06-30,23.49,15.13,341.74,326.69,80.6,101.6,0,2.8
2021-07-01,24.98,17.94,316.12,349.93,80.7,100.6,9.78,2.095
2021-07-02,20.88,13.98,293.5,320.73,65.3,101,12.62,4.298
2021-07-03,22.78,12.34,296.31,320.86,69.2,101.5,0,3.086
2021-07-04,22.95,14.15,259.99,332,75.2,101.8,0.38,1.362
2021-07-05,22.39,13.51,338.66,308.01,63.8,102,0,2.27
2021-07-06,19.56,12.53,305.39,302.84,64.9,102.2,0.03,2.922
2021-07-07,20.19,11.59,277.23,307.17,69.4,102.3,0,2.237
2021-07-08,20.94,12.84,305.02,315.14,69.4,101.9,0,0.438
2021-07-09,20.44,15.02,185.67,347.15,84.3,100.8,10.04,2.921
2021-07-10,19.13,13.36,167.97,339.98,82.9,99.9,6.97,2.263
2021-07-11,17.79,12.6,228.6,326.49,82.5,100.1,6.09,0.395
2021-07-12,18.44,12.54,168.6,336.95,82.5,100.3,4.43,1.285
2021-07-13,18.99,13.68,201.54,332.52,84.6,100.2,6.57,2.832
2021-07-14,20.82,12.21,261.74,323.46,81.4,100.5,3.96,3.544
2021-07-15,17.89,12.02,194.97,332.41,77.8,100.6,0.62,3.079
2021-07-16,17.24,11.36,239.68,320.14,75.8,101,3.08,3.195
2021-07-17,21.91,12.18,273.23,330.21,71.8,101.5,0.04,3.017
2021-07-18,22.12,13.69,267.18,335.49,79,101.7,0.39,1.481
2021-07-19,22.15,13.48,287.36,326.83,68.1,101.6,0.08,3.85
2021-07-20,21.63,13.85,269.63,335.02,66.8,100.8,1.14,4.965
2021-07-21,19.94,11.99,218.08,322.16,70.8,100.8,0.04,3.821
2021-07-22,19.9,13.84,225.18,340.3,77.2,100.6,5.04,0.943
2021-07-23,19.16,11.54,244.64,306.29,71.6,100.9,2.07,4.168
2021-07-24,18.37,11,239.53,317.4,74.7,101.4,0.72,3.832
2021-07-25,21.17,12.59,263.31,319.74,70,101.3,0.33,1.658
2021-07-26,20.27,12.34,220.27,326.78,71.2,101.3,0.15,3.615
2021-07-27,23.04,13.2,255.06,332.51,69.7,100.9,0.07,4.225
2021-07-28,22.41,14.13,226.28,333.11,74.2,100.7,0.08,2.73
2021-07-29,22.01,16.2,229.06,344.88,81.4,100.4,9.38,1.982
2021-07-30,21.81,14.58,250.34,322.55,69.4,100.7,0.38,4.994
2021-07-31,22.25,13.95,247.52,325.15,68.1,100.9,0.22,4.927
2021-08-01,22.69,13.32,244.76,327.56,66.7,101,0.06,4.861
2021-08-02,23.65,15.62,281.8,335.6,65,100.5,2.32,5.963
2021-08-03,21.83,14.12,267.4,320.73,59.9,100.6,0,4.794
2021-08-04,17.91,12.57,147.13,333.4,75.6,100.4,2.26,2.334
2021-08-05,19.6,10.91,216.44,311.24,78.8,100.8,1.11,3.975
2021-08-06,21.38,11.26,235.52,318.08,72,101.4,0.32,3.369
2021-08-07,21.66,13.06,243.56,330.56,74.5,101.3,3.43,1.787
2021-08-08,22.07,12.52,274.41,313.92,69.1,101.6,0.04,2.103
2021-08-09,21.8,10.55,262.82,308.25,77.1,101.4,0.01,1.208
2021-08-10,24.02,16.7,196.59,351.7,74.9,100.5,1.77,2.214
2021-08-11,22.18,14.67,211.52,336.26,76.4,100.4,4.33,5.041
2021-08-12,22.69,12.37,256.95,319.53,70,101.5,0.05,2.346
2021-08-13,24.67,13.79,238.53,339.83,73.2,101.4,1.17,1.086
2021-08-14,23.03,16.78,237.94,343.56,71.5,101.1,1.93,5.467
2021-08-15,23.05,15.88,248.53,325.59,61.8,101.1,0,7.031
2021-08-16,20.88,14.07,220.6,313.57,58.3,101.2,0.36,8.137
2021-08-17,19.35,13.12,226.68,311.95,64.4,102,0,3.808
2021-08-18,21.75,11.66,248.11,316.49,65.2,102.3,0,2.892
2021-08-19,25.44,14.41,241.54,341.55,67.9,102.1,0.47,4.218
2021-08-20,20.44,14.03,173.98,336.7,62.3,101.8,0.17,2.862
2021-08-21,18.54,12.08,175.82,317.12,62.6,100.7,0.24,5.819
2021-08-22,17.52,11.89,199.82,309.64,73.8,100.9,3.77,5.481
2021-08-23,17.73,10.22,185.36,307.27,66.7,101.7,0.21,2.932
2021-08-24,17.94,10.46,173.66,315.8,66.6,101.9,0.15,2.08
2021-08-25,17.97,9.76,147.19,318.28,65.7,102.1,0.05,1.827
2021-08-26,19.06,8.7,193.57,306.15,72.6,101.8,0.32,3.811
2021-08-27,15.75,9.86,128.88,306.11,70,102.2,0.09,3.625
2021-08-28,19.84,7.5,185.9,306.9,68.7,102.2,0,4.288
2021-08-29,19.91,12.77,161.3,328.02,71.9,101.6,0,4.429
2021-08-30,17.69,11.61,135.09,327.18,74.6,102.2,0.48,2.164
2021-08-31,17,10.58,142.75,314.13,73.4,102.4,0.33,1.722
2021-09-01,16.32,9.54,150.49,302.2,72.1,102.5,0.18,1.607
2021-09-02,18.37,10.48,224.18,295.87,71.8,102.9,0,2.698
2021-09-03,18.06,10.85,215.48,300.06,71.5,102.8,0.06,2.693
2021-09-04,18.46,11.92,193.78,307.53,72.7,102.6,0.9,3.797
2021-09-05,18.37,10.57,212.57,300.48,78.7,102.5,0,1.828
2021-09-06,19.08,12.16,209.3,303.45,77.2,102.5,0.08,3.658
2021-09-07,19.6,10.75,172.92,315.56,81.3,102.6,0.22,2.314
2021-09-08,22.74,10.77,214.34,312.19,72.2,102.4,0,1.826
2021-09-09,22.9,12.23,157.95,337.61,74,102.2,0.18,2.481
2021-09-10,21.3,11.5,136.5,322.07,81.7,101.7,2.01,4.019
2021-09-11,17.09,6.25,187.26,273.94,68.8,102.1,0,2.552
2021-09-12,17.9,4.22,195.72,272.96,67.4,102.5,0,0.616
2021-09-13,16.7,10.86,122.02,312.59,63.4,101.9,0,4.828
2021-09-14,22.38,14.79,140.78,339.19,77.2,100.9,0.1,1.354
2021-09-15,22.63,15.09,170.56,335.62,82.7,101,0.02,1.257
2021-09-16,20.19,11.53,140.26,324.19,71.6,101.2,1.69,2.924
2021-09-17,19.83,11.13,138.98,330.09,78.6,101.1,6.03,3.295
2021-09-18,17.28,9.04,177.42,284.46,68.5,101.8,0.05,1.839
2021-09-19,16.38,8.57,115.81,305.67,83.9,101.8,0.86,2.206
2021-09-20,18.49,8.35,171.48,292.83,82.2,102.4,0.01,0.392
2021-09-21,18.28,6.78,130.17,319.22,83.9,102.5,0.57,0.407
2021-09-22,16.91,12.02,108.99,334.13,83.5,102.4,0.93,1.699
2021-09-23,16.71,12.98,97.29,360.12,90.9,102.4,17.72,5.255
2021-09-24,16.32,14.7,95.28,359.54,86.8,102.4,1.67,6.555
2021-09-25,17.4,14.46,143.28,334.19,82.5,102.1,0,6.592
2021-09-26,18.39,14.14,133.73,335.29,88.1,102.1,0,4.637
2021-09-27,22.05,13.04,156.94,335.87,89.5,102.6,0.03,0.482
2021-09-28,22.15,12.74,137.57,350.69,89.4,102.9,0.7,0.495
2021-09-29,19.86,15.29,94.97,366.12,93.1,102.8,0.67,0.636
2021-09-30,19.39,15.16,88.47,365.4,92.8,102.7,0.56,0.366
2021-10-01,20.67,15.58,93.6,363.58,92.7,102.6,0.86,0.963
2021-10-02,20.42,15.37,106.16,357.32,86.4,102.3,0.04,3
2021-10-03,19.65,12.44,126.94,335.67,83.2,101.8,0.13,2.624
2021-10-04,16.8,10.99,122.57,320.56,70.4,101.2,2.33,4.473
2021-10-05,14.74,6.49,126.86,276.4,70.9,102.7,0,2.352
2021-10-06,15.64,5.6,154.07,272.75,74.7,103.2,0,1.965
2021-10-07,16.7,7.04,151.71,284.13,79.3,103,0,1.156
2021-10-08,18.43,7.04,148.07,288.26,87.1,102.7,0,1.477
2021-10-09,17.74,10.06,114.02,317.48,89.2,102.3,0.09,1.291
2021-10-10,14.72,9.01,96.97,306.15,82.7,101.9,1.67,2.496
2021-10-11,15.09,8.09,128.3,287.5,77.9,102.7,0.11,2.225
2021-10-12,15.37,6.46,116.94,298.64,83,102.6,0.06,0.955
2021-10-13,14.79,9.92,66.34,322.66,79.6,101.8,1.34,3.662
2021-10-14,14.79,8.61,74.64,314.98,85.2,101.5,0.63,5.727
2021-10-15,17.2,11.33,73.61,329.66,74.4,100.8,0.83,7.248
2021-10-16,13.31,8.91,97.56,304.23,60.2,101.5,0,4.577
2021-10-17,17.02,5.49,71.06,312.54,75.8,101.9,0,4.682
2021-10-18,18.23,12.65,95.24,326.42,82.2,101.8,0.14,5.942
2021-10-19,19.14,10.2,77.91,344.74,83.4,101.4,3.36,6.072
2021-10-20,10.49,3.83,113.1,260.25,61.8,102.1,0.17,3.499
2021-10-21,8.56,1.73,105.97,247.41,64,102.4,0,4.667
2021-10-22,8.55,1.33,119.89,240.21,67.3,102.3,0,2.276
2021-10-23,10.06,3.91,61.1,299.52,64.6,101.4,0.06,2.287
2021-10-24,14.51,8.67,79.01,307.15,83.4,100.6,0.05,1.772
2021-10-25,14.58,12.07,42.92,336.03,92.9,101.1,2.54,1.554
2021-10-26,16.25,12.89,90.72,324.53,86,101.5,0.21,1.608
2021-10-27,15.73,12.75,52.71,336.68,89.1,100.9,3.16,2.61
2021-10-28,16.19,13.04,84.95,318.15,86.5,100.6,0.02,1.689
2021-10-29,17.63,14.24,87.52,322.82,80.8,100.3,0,3.843
2021-10-30,18.22,14.06,82.89,334.2,80.8,100.5,0.07,2.139
2021-10-31,17.73,13.97,78.73,334.47,82.7,100.5,0.37,3.135
2021-11-01,17.24,13.88,74.54,334.94,84.6,100.5,0.67,4.711
2021-11-02,14.13,10.57,65.08,317.33,86.8,101,0.18,5.266
2021-11-03,10.82,7.39,52.01,296.42,80.3,101.9,0.08,5.144
2021-11-04,10.5,7.19,68.22,298.9,79.4,100.9,9.86,3.346
2021-11-05,13.29,7.02,83.14,286.14,86.3,100.8,0.51,4.229
2021-11-06,14.28,6.02,59.23,291.33,88.3,101.4,0,1.295
2021-11-07,12.99,9.19,23.3,306.85,85.1,100.7,0.82,1.621
2021-11-08,12.89,10.61,24.21,323.22,89.1,101.2,1.66,1.983
2021-11-09,12.28,10.51,47,322.28,87.3,101.3,0.68,5.151
2021-11-10,12.86,9.45,28.35,320.39,94.9,101.2,3.33,1.694
2021-11-11,12.73,9.23,46.58,310.07,90,101.1,0,3.335
2021-11-12,12.81,11.94,12.16,359.26,94.7,100.5,29.63,6.437
2021-11-13,12.09,9.5,27.24,337.56,97.6,100.6,14.69,0.587
2021-11-14,11.98,8.41,53.11,316.43,91.6,100.9,0.66,3.248
2021-11-15,9.67,7.01,14.49,328.74,84.1,100.9,5.05,9.472
2021-11-16,10.11,7.92,25.29,336.26,93.7,101,2.24,4.817
2021-11-17,8.42,6.92,18.89,326.72,92.2,100.6,0.51,2.965
2021-11-18,9.99,5.41,45.39,298.34,95.1,100.4,0,2.029
2021-11-19,7.78,4.55,18.23,312.12,98,100.8,4.79,1.293
2021-11-20,10.57,2.63,60.45,276.92,92.2,101.4,0.02,1.457
2021-11-21,11.14,6.53,48.54,296.97,84.9,102.3,0.05,3.582
2021-11-22,9.29,5.84,44.19,300.22,75.7,102.5,0.06,6.463
2021-11-23,6.12,4.71,22.12,312.03,75.3,102.3,0.17,4.833
2021-11-24,6.77,3.82,32.12,301.85,81.2,102.2,0.23,0.894
2021-11-25,8.86,2.76,29.51,311.62,87.5,101.5,0.23,1.941
2021-11-26,10.19,8.14,9.97,318.37,90.8,99.2,8.85,2.865
2021-11-27,14.8,7.31,12.92,328.73,82.2,96.5,21.06,6.546
2021-11-28,10.5,6.71,32.61,288.56,69.9,96.9,0.08,7.438
2021-11-29,10.62,7.9,29.8,306.5,62.9,98.5,0.2,8.214
2021-11-30,10.33,6.15,41.81,300.25,85.1,99,3.02,4.524
2021-12-01,11.98,6.87,19.3,300.08,87.2,98.8,3.45,3.712
2021-12-02,9.85,6.27,49.36,269.02,71.1,98.5,0,6.937
2021-12-03,8.49,5.84,45.06,279.55,73.5,99.5,0,6.932
2021-12-04,13.41,5.47,33.51,328.04,90.8,99.7,20.69,3.878
2021-12-05,11.71,8.67,38.52,305.37,78.7,99,2.12,7.436
2021-12-06,9.93,5.66,34.24,308.22,73.6,99.5,6,8.131
2021-12-07,8.43,2.39,31.63,273.24,83.3,101.2,0.91,3.769
2021-12-08,11.04,1.91,6.72,313.64,83.3,100.8,4.76,5.201
2021-12-09,8.28,5.26,38.92,271.42,68,100.8,0,6.82
2021-12-10,9.56,4.98,25.87,291.68,84.6,101.5,0,5.923
2021-12-11,10.72,8.03,37.87,300.97,87.9,102.3,0.77,4.805
2021-12-12,12.49,10.11,18.3,341.06,93,102.4,0.94,5.399
2021-12-13,12.48,9.67,26.22,329.1,90,102.7,0.07,4.824
2021-12-14,10.36,8.08,23.43,318.24,91.9,102.7,0.46,3.379
2021-12-15,10.74,7.68,21.87,327.23,95,102.4,0.04,2.991
2021-12-16,10.47,8.17,21.64,334.58,92.9,101.9,0.22,2.371
2021-12-17,12.13,9.69,5.51,350.82,88.9,99.7,29.64,4.825
2021-12-18,9.81,6.85,35.92,281.51,75.7,98.7,0,6.493
2021-12-19,10.56,7.2,31.51,314.92,74.4,99.5,7.45,6.718
2021-12-20,10.29,6.84,24.71,303.5,81.4,97.8,0.2,7.428
2021-12-21,8.81,3.79,23.62,293.85,64.6,99.8,0.09,7.436
2021-12-22,9.77,1.92,29.36,288.63,90.9,100.9,2.91,1.12
2021-12-23,11.02,3.99,28.94,287.16,82.4,99.8,5.28,4.572
2021-12-24,7,3.39,40.3,262.51,77.4,100.8,0,5.201
2021-12-25,10.82,5.24,9.75,315.93,89.5,100.7,7.09,5.294
2021-12-26,7.98,4.14,40.81,267.7,90.5,102.1,0,4.08
2021-12-27,11.53,5.61,11.03,325.9,91.4,102.2,1.49,3.308
2021-12-28,11.64,6.58,42.26,296.85,77.7,101.6,3.29,6.729
2021-12-29,8.2,5.35,24.24,281.55,66.7,102.1,0,7.522
2021-12-30,12.38,5.83,15.68,321.07,81.9,101.1,5.52,8.033
2021-12-31,10.42,4.32,23.4,304.27,84.9,101.7,5.93,5.434
2022-01-01,8.47,2.81,31.15,287.95,87.8,102.4,6.34,2.836
2022-01-02,11.19,8.52,22.86,339.15,94.6,102.1,0.54,4.809
2022-01-03,8.91,7.08,22.64,326.12,95.7,102.2,0.58,1.94
2022-01-04,10.7,7.07,17.3,320.79,95.1,101.4,2.97,2.176
2022-01-05,8.55,4.75,44.43,259.12,84.5,101.5,0.07,5.132
2022-01-06,13.13,4.94,12.7,335.41,93.1,101.5,5.01,4.025
2022-01-07,13.87,6.98,31.36,328.7,80.4,101.1,0.17,4.923
2022-01-08,9.23,5.93,27.47,302.51,88.6,100.7,1.34,5.4
2022-01-09,8.17,2.15,44.12,260.14,84.4,101.6,0.34,3.932
2022-01-10,10.85,2.09,16.83,306.17,92.1,101.5,1.36,4.683
2022-01-11,10.62,7.36,28.04,312.51,72.5,101.3,0.04,6.771
2022-01-12,9.93,4.27,26.69,297.17,90.7,102.4,0.13,4.397
2022-01-13,13.91,9.26,40.66,326.29,90.6,102.1,1.95,6.601
2022-01-14,10.93,8.39,22.95,338.96,94,102.2,0.6,4.761
2022-01-15,10.74,8.34,33.18,328.8,91.8,101.9,0.44,4.493
2022-01-16,11.47,8.41,20.14,325.31,88,101.2,0.5,4.275
2022-01-17,12.26,8.74,18.03,326.75,84.1,100.9,1.35,4.925
2022-01-18,10.57,7.08,18.94,321.55,81.2,101,3.32,1.653
2022-01-19,10.39,6.79,43.31,303.99,77.1,99.9,4.76,5.007
2022-01-20,7.76,4.57,52.79,269.32,74.5,100,0.5,7.102
2022-01-21,6.49,0.35,58.66,238.02,83.4,100.7,0,3.518
2022-01-22,6.54,-0.71,42.29,264.25,84.7,101.7,0,3.083
2022-01-23,8.54,4.57,10.13,311.58,87.5,100.1,11.61,3.833
2022-01-24,8.54,3.37,29.58,286.67,89.5,99.2,11,3.722
2022-01-25,7.58,2.26,53.91,254.6,74.3,100.1,0,7.177
2022-01-26,9.09,1.06,59.69,260.28,85.4,101.6,0,1.257
2022-01-27,9.95,6.51,31.45,310.63,81,100.8,0.41,3.131
2022-01-28,9.45,4.5,70.48,263.16,92.5,101.6,0,0.699
2022-01-29,9.04,5.02,10.07,322.53,93.6,100.6,5.76,0.779
2022-01-30,7.02,2.73,41.51,273.51,84.6,101.3,0,4.209
2022-01-31,7.98,1.66,42.94,295.24,80.9,101.7,1.32,0.973
2022-02-01,8.09,3.69,61.73,281.16,90.7,102.4,0.25,1.727
2022-02-02,6.88,4.51,39.79,304.9,76.4,102.1,0.01,5.379
2022-02-03,8.15,4.32,16.14,313.22,89.5,100.7,3.73,3.531
2022-02-04,9.23,6.42,32.94,329.38,98.8,100.8,1.05,0.951
2022-02-05,7.67,4.03,22.49,319.8,96.8,101.4,10.26,3.077
2022-02-06,7.63,1.98,68.5,289.26,92.3,101.8,0.67,0.369
2022-02-07,7.08,3.88,45.72,303.12,83.3,101.8,0.33,6.441
2022-02-08,3.78,2.33,41.27,287.38,71.8,102.4,0.1,4.529
2022-02-09,5.4,2.53,68.32,275.67,78.6,102.9,0.06,2.971
2022-02-10,6.58,1.92,97.66,236.53,81.6,102.8,0,2.854
2022-02-11,5.78,2.33,90.63,260.41,82,102.2,0.12,0.99
2022-02-12,8.13,3.2,79.45,293.98,92.3,102.3,0.11,2.022
2022-02-13,10.11,2.58,92.86,276.95,82.9,102.6,0,2.871
2022-02-14,11.05,5.89,84.85,306.34,82.1,102.4,1.34,4.348
2022-02-15,10.4,4.67,77.75,303.77,84.4,101.8,1.13,4.58
2022-02-16,5.15,2.56,63.87,286.22,75,103,0.32,3.851
2022-02-17,6.72,0.93,82.4,269.53,78.6,103.2,0.09,2.889
2022-02-18,8.43,2.2,47.4,312.71,93.9,103,0.63,3.44
2022-02-19,10.18,7.18,53.32,328.63,93,103,0.53,2.742
2022-02-20,9.42,5.4,61.01,315.24,93,103.2,1.63,1.45
2022-02-21,9.7,5.53,63.36,316.04,91.9,102.7,0.79,3.199
2022-02-22,10,5.72,60.49,313.77,89.7,102.5,0.25,2.31
2022-02-23,9.67,5.76,81.63,303.94,83,101.4,0.06,4.057
2022-02-24,8.68,4.15,91.79,283.85,78.6,101.7,0.33,3.45
2022-02-25,8.48,2.93,81.56,294.33,77.9,102.3,0.1,1.378
2022-02-26,8.4,5.62,115.78,288.25,74.6,101.4,0.04,2.411
2022-02-27,11.93,7.99,38.52,336.94,95.3,99.5,4.43,1.933
2022-02-28,13.05,7.13,73.11,317.7,84.2,99.4,0.42,3.929
2022-03-01,10.18,6.15,52.25,308.89,91.2,100.3,10.4,1.807
2022-03-02,11.49,5.16,79.93,325.76,93.6,99.5,10.71,1.526
2022-03-03,8.65,3.04,119.33,264.62,69.2,99.9,0,6.05
2022-03-04,10.93,4.36,74.28,294.11,85.4,100,2.82,4.897
2022-03-05,10.61,4.17,64.91,293.89,75.9,98.9,7.34,3.961
2022-03-06,8.68,5.13,72.49,309.04,79.6,99.1,1.51,6.405
2022-03-07,10.26,3.65,71.88,304.98,89.2,100.2,3.16,1.061
2022-03-08,12.89,8.9,149.12,298.79,70.4,100,2.9,6.951
2022-03-09,9.87,6.47,128.92,283.39,68.9,100.1,0.99,8.149
2022-03-10,8.41,5.25,95.62,295.13,73.8,102.1,2.3,4.6
2022-03-11,9.97,5.24,90.08,310.82,75.9,102.7,0.1,3.658
2022-03-12,10.25,6.15,114.87,294.58,74.2,101.4,1.59,6.192
2022-03-13,8.58,5.07,68.77,302.29,88.7,99.9,3.87,5.596
2022-03-14,6.71,3.82,74.3,299.64,89.1,99.7,4.86,4.234
2022-03-15,6.16,-0.1,99.25,265.63,82.4,99.9,2,3.981
2022-03-16,1.89,-2.19,37.31,272.05,87.4,99.4,14.19,5.038
2022-03-17,5.44,0.65,97.54,265.95,77.2,99.7,1.61,3.357
2022-03-18,4.41,0.62,73.42,281.05,83.7,100.2,1.99,4.796
2022-03-19,6.48,2.72,101.15,288.06,64.4,100.5,0.23,3.043
2022-03-20,6.54,1.65,94.72,283.6,85.5,100.7,0.89,4.075
2022-03-21,7.87,2.05,142.71,280.32,72.6,100.7,0.71,2.795
2022-03-22,6.88,1.21,109.81,268.85,77.5,101,0.35,3.082
2022-03-23,6.59,-0.12,135.78,258.27,70.7,101.5,0,0.737
2022-03-24,8.43,2,77.84,297.79,82.3,101.6,0.49,2.478
2022-03-25,10.87,3.44,127.71,301.61,90.6,101.9,0,1.041
2022-03-26,14.06,7.73,66.37,342.32,94.6,101.7,2.76,1.857
2022-03-27,11,5.41,116.89,317.66,78.3,100.9,5.05,5.89
2022-03-28,7.92,4.91,97.22,313.88,74.8,101.9,3.19,6.64
2022-03-29,8.67,4.91,123.09,307.33,89.8,102.7,3.96,4
2022-03-30,9.55,5.47,128.79,306.91,91.1,103.2,2.01,0.644
2022-03-31,12.32,4.78,103.93,312.86,82.8,103.1,0,3.849
2022-04-01,14.66,7.73,173.05,300.29,80.2,102.4,0.05,5.006
2022-04-02,11.23,6.99,121.29,315.1,71.2,102.2,0.27,3.541
2022-04-03,9.68,4.81,150.81,294.98,68.1,102.6,0.12,1.848
2022-04-04,11.52,5.47,79.04,313.32,82.4,101.9,0.19,2.77
2022-04-05,11.48,4.36,149.91,284.75,77.9,101.5,0.46,2.418
2022-04-06,10.8,3.6,133.5,285.38,77.3,102.1,0.13,1.064
2022-04-07,8.27,3,199.29,255.09,67.9,102.2,0.07,4.057
2022-04-08,7.25,1.42,157.04,279.65,68.6,101.8,0.69,4.469
2022-04-09,7.25,4.4,135.79,297.61,70.3,101.5,1.26,7.756
2022-04-10,5.97,3.54,104.02,300.89,68.4,101.3,0.68,6.916
2022-04-11,7.73,4.24,139.12,295.26,67.3,101.1,1.18,8.4
2022-04-12,7.31,5.3,131.86,298,64.7,101.1,0.56,9.927
2022-04-13,8.21,5.05,179.02,290.66,65.3,101.6,0.26,3.997
2022-04-14,8.09,5,95.74,310.61,80.8,102,0.96,1.083
2022-04-15,8.59,4.22,145.93,292.34,67.8,102.3,0.1,4.113
2022-04-16,8.28,3.49,135.48,290.91,85.6,101.9,2.87,1.398
2022-04-17,9.3,2.98,168.59,270.9,79.9,101.6,0.19,2.897
2022-04-18,10.13,5.04,123.64,308.84,78,101.1,0.4,2.207
2022-04-19,11.48,5.21,138.33,301.52,76.4,101.1,0.06,2.168
2022-04-20,10.08,7.11,104,316.37,77.4,100.4,2.31,5.858
2022-04-21,9.49,4.82,144.35,302.7,69.2,101.7,0.72,2.504
2022-04-22,11.81,5.04,133.83,313.03,77.4,101.7,0.39,2.362
2022-04-23,12.36,8.08,142.24,319.97,71.7,100.2,5.98,6.815
2022-04-24,11.38,5.55,154.66,305.41,64.2,100.4,0.77,5.014
2022-04-25,10.17,5.65,152,307.15,68.3,102,0.28,2.706
2022-04-26,10.01,5.22,160.59,297.88,67.2,102.4,0.19,2.111
2022-04-27,9.45,2.18,145.88,283.55,71.8,102.9,0.12,1.215
2022-04-28,11.38,0.61,284.21,244.36,74.2,103.1,0,0.428
2022-04-29,15.14,4.79,171.47,307.44,84.7,103.1,0.55,0.539
2022-04-30,10.54,7.07,183.31,304.38,79.2,103,0.01,3.377
2022-05-01,11.73,6.37,271.15,277.37,80.3,102.6,0,3.559
2022-05-02,14.01,6.07,178.47,304.24,83.1,102.6,0.06,2.374
2022-05-03,12.76,6.2,206.86,302.2,87.3,102.7,0.08,1.653
2022-05-04,19.8,8.19,223.21,320.72,72.4,101.7,0,5.354
2022-05-05,11.93,4.86,132.65,300.97,71.4,101.3,2.71,3.167
2022-05-06,8.38,4.29,150.83,287.59,59.4,101.3,1.32,4.859
2022-05-07,10.18,4.34,130.79,297.26,79.8,101.1,3.08,2.571
2022-05-08,11.16,4.76,128.12,308.16,77.8,101.3,0.89,0.608
2022-05-09,13.95,7.42,167.34,322.2,91.8,101,13.52,1.309
2022-05-10,10.69,4.46,152.5,297.85,82.1,101.8,1.5,3.202
2022-05-11,15,2.92,220.91,282.71,75.2,101.8,0.07,0.813
2022-05-12,11.34,4.78,184.21,288.33,67.9,101.5,0.15,1.48
2022-05-13,12.36,4.39,196.7,285.66,77.3,101.7,0.17,1.842
2022-05-14,12.11,2.73,298.68,253.97,80.4,101.4,0,2.209
2022-05-15,13.05,3.76,183.88,296.66,84.4,100.9,0.8,2.661
2022-05-16,13.37,9.04,160.22,328.59,91.6,100.7,5.39,2
2022-05-17,12.46,9.57,128.75,329.1,92.2,100.9,1.25,2.997
2022-05-18,15.3,9.33,241.36,315.13,85.7,101,3.05,1.69
2022-05-19,14.48,8.43,234.84,316.25,85.6,101.5,0.07,2.136
2022-05-20,14.35,8.57,264.48,304.83,88,101.7,0.12,2.773
2022-05-21,17.86,11.58,282.82,315.59,78.3,101.6,0.68,2.484
2022-05-22,17.2,10.58,222.47,323.11,86.1,101.4,0.23,1.885
2022-05-23,17.64,10.93,219.83,342.72,95.3,101.3,3.64,1.299
2022-05-24,17.47,11.63,251.03,334.99,91.8,100.9,0.12,2.05
2022-05-25,18.56,11.97,166.91,336.11,81.3,100.7,2.1,3.071
2022-05-26,18.17,10.66,210.17,321.7,84.2,101.5,4.2,1.257
2022-05-27,18.78,9.39,318.1,290.22,75.3,101.9,0.05,0.422
2022-05-28,15.49,11.56,200.34,327.59,85.7,101.5,1.32,4.1
2022-05-29,16.32,11.78,215.96,321.1,86.3,101,1.76,2.95
2022-05-30,16.11,11.09,112.68,335.74,92,100.3,8.26,1.376
2022-05-31,17.06,10.49,163.75,327.09,84.5,100.5,4.41,2.297
2022-06-01,18.01,9.88,215.65,318.46,77,100.8,0.56,3.183
2022-06-02,17.26,11.39,220.04,324.94,84.9,101.7,0.39,1.368
2022-06-03,19.13,10.13,331.75,294.75,81.2,101.8,0,3.658
2022-06-04,19.08,13.43,353.48,287.06,74.4,102.1,0,4.301
2022-06-05,21.13,12.43,343.87,292.31,69.5,102.5,0,3.492
2022-06-06,22.5,10.84,309.05,308.3,74.1,102.1,5.49,0.786
2022-06-07,16.93,10.98,270.67,300.12,70.7,101.7,0.02,3.878
2022-06-08,15.85,9.34,195.31,322.98,79.9,101.2,1.13,3.232
2022-06-09,17.23,8.22,251.78,300.81,68.9,101.1,0.06,1.442
2022-06-10,16.51,7.58,222.99,313.63,81.6,101,1.42,1.622
2022-06-11,17.32,12.4,205.31,331.37,82,101.2,5.33,1.349
2022-06-12,18.06,11.34,250.43,313.24,84.7,101.4,7.19,0.57
2022-06-13,19.01,9.71,311.04,301.72,79.9,101.5,0.06,2.656
2022-06-14,16.46,14.31,106.74,362.29,91.7,100.9,16.45,4.729
2022-06-15,16.08,12.49,79.55,367.48,94.4,100.6,11.67,2.717
2022-06-16,17.24,9.96,227.98,331.33,85,101.3,5.44,1.974
2022-06-17,21.45,7.97,299.18,306.78,71.9,101,0,3.451
2022-06-18,15.58,9.17,211.86,313.62,71.2,100.7,2.92,2.89
2022-06-19,15.02,8.93,197.65,315.12,63.7,101.5,0.21,2.377
2022-06-20,16.39,10.38,219.69,314.5,68.1,101.2,0,0.943
2022-06-21,17.8,10.97,212.17,313.64,72.2,100.5,0,1
2022-06-22,17.75,12.17,203.54,334.72,71.6,100.3,6.52,2.967
2022-06-23,18.68,9.93,248.58,313.98,68.5,101.6,0.37,3.14
2022-06-24,19.17,9.98,241.14,308.44,71.5,102.2,0.06,0.451
2022-06-25,20.23,12.88,310.35,305.64,71.6,102.4,0,1.413
2022-06-26,22.66,13.46,321.09,316.78,71.9,102,0,1.408
2022-06-27,24.39,15.66,262.79,351.9,71.5,101.3,0.88,1.184
2022-06-28,21.92,14.62,308.51,322.23,63.9,101.1,2.28,4.482
2022-06-29,20.98,12.48,261.15,315.36,65.5,101.5,0.3,4.222
2022-06-30,22.27,12.45,266.44,327.08,67.6,101.5,0,3.357
2022-07-01,23.16,14.22,253.57,340.7,74.2,101.2,0.63,3.016
2022-07-02,19.14,13.59,258.81,321.91,85.1,101.2,21.15,1.122
2022-07-03,19.8,12.04,264.01,312.82,70.4,101.6,1.33,3.67
2022-07-04,21.41,11.32,209.9,337.66,75.6,101.6,0.92,3.505
2022-07-05,22.58,15.36,254.12,352.15,77.6,101.1,1.86,3.494
2022-07-06,20.54,14.66,215.74,353.27,77.9,101.7,0.14,1.447
2022-07-07,20.36,13.09,272.18,322.28,74.3,102.4,0,0.341
2022-07-08,23.68,13.89,283.25,330.67,79.4,102.2,0,0.178
2022-07-09,22.97,15.65,244.83,351.68,86.8,102,4.34,0.219
2022-07-10,25.05,14.13,228.95,343.28,76.1,101.5,3,2.864
2022-07-11,20.5,12.59,266.67,319.45,65.5,101.4,0.01,3.336
2022-07-12,22.05,13.33,282.51,326.37,67.7,101.3,0,2.163
2022-07-13,23.77,14.85,241.92,335.49,64.2,100.8,0.23,4.105
2022-07-14,19.7,12.78,241.27,316.75,73.3,101.4,0.99,0.789
2022-07-15,19.22,12.21,308.13,298.53,73.7,101.8,0,4.607
2022-07-16,19.67,16.55,273.57,324.66,73,101.1,0,6.094
2022-07-17,19.64,14.29,152.82,342.92,85,100.8,2.38,3.187
2022-07-18,24.52,13.49,258.63,340.08,76,100.7,4.24,0.876
2022-07-19,22.53,16.18,260.09,336.89,76.5,100.7,11.56,1.33
2022-07-20,22.27,16.58,273.23,330.98,68.9,100.9,1.94,2.421
2022-07-21,23.41,14.92,248.22,333.9,69,101.1,2.2,4.08
2022-07-22,22.43,14.78,211.42,337.67,71.5,101.2,1.38,3.786
2022-07-23,19.84,14.29,188.58,337.61,78.2,101.1,4.59,2.412
2022-07-24,19.62,11.67,188.78,328.76,72.7,100.5,4.6,4.13
2022-07-25,22.23,14.3,215.18,339.26,77.8,100,2.07,5.746
2022-07-26,21.65,13.09,244.71,333.53,75.1,101.4,0.9,1.927
2022-07-27,24.47,11.98,251.02,339.81,72,101.5,0.47,1.4
2022-07-28,23.79,15.7,234.24,345.22,74.4,100.9,2.24,3.152
2022-07-29,22.05,17.23,152.42,370.31,88.1,100.3,9.35,0.646
2022-07-30,21.81,16.51,210.96,351.48,83.5,100.7,5.21,1.191
2022-07-31,20.75,15.56,211.01,340.92,83.9,101,4.72,2.365
2022-08-01,19.68,14.61,211.07,330.52,84.3,101.2,4.22,3.54
2022-08-02,20.55,13.9,234.98,323.39,77.2,102.1,0.59,1.875
2022-08-03,20.23,13.83,275.85,319.83,80.7,102.3,0.02,2.291
2022-08-04,23.54,15.16,267.77,324.31,78.6,101.8,0,3.153
2022-08-05,23.13,16.65,263.21,332.47,77.1,101,0.08,2.085
2022-08-06,22.55,15.34,191.12,342.89,78.7,101.1,1.71,1.297
2022-08-07,21.75,14.69,199.71,340.95,81.8,101.2,1.04,1.638
2022-08-08,21.44,16.19,245.7,332.86,87.5,101.6,6.11,3
2022-08-09,21.37,14.92,272.75,316.17,81.1,101.8,0.49,4.479
2022-08-10,22.8,12.37,274.92,307.21,78.5,101.7,0.06,0.949
2022-08-11,27.13,17.68,233.27,356.94,60.4,101.4,0.02,3.622
2022-08-12,25.46,16.44,221.02,358.65,76.1,101,10.45,3.754
2022-08-13,21.33,15.02,222.27,344.57,81.1,101.1,3.94,0.698
2022-08-14,21.22,14.04,248.17,320.22,75,101.3,1.35,0.443
2022-08-15,22.72,15.53,209.92,340.17,70.6,101.5,1.26,0.359
2022-08-16,25.38,15.58,271.28,332.44,68,101.1,0.07,0.89
2022-08-17,24.49,16.85,187,355.99,80.9,100.6,4.92,0.271
2022-08-18,21.25,15.7,207.87,341.2,82.6,99.9,20.33,1.2
2022-08-19,20.48,13.54,178.06,334.76,86.7,99.7,5.73,2.601
2022-08-20,17.76,13.45,163.77,345.97,83.2,100.8,1.84,5.27
2022-08-21,18.18,11.47,228.32,310.44,67,101.6,0.11,2.578
2022-08-22,17.56,13.3,76.7,350.16,82.6,100.9,8.56,1.121
2022-08-23,18.4,12.59,174.66,328.41,84,100.7,1.08,2.373
2022-08-24,20.56,11.9,132.76,344.99,88.5,100.7,3.59,2.14
2022-08-25,19.81,13.58,211.01,330.69,78,100.5,3.3,4.79
2022-08-26,20.74,11.74,201.9,321.85,70.3,101.6,0.3,3.306
2022-08-27,24.2,14.48,146.47,370.05,79.9,101,1.45,3.932
2022-08-28,19.84,13.74,174.2,341.26,80.9,101.1,11.41,0.464
2022-08-29,19.49,16.09,78.31,377.14,95.3,100.3,31.4,1.399
2022-08-30,20.09,13.49,213.29,331.37,84.6,100,0.37,2.644
2022-08-31,18.92,12.65,188.52,323.6,81,100.4,2.46,1.921
2022-09-01,17.75,11.81,163.73,315.43,77.4,100.9,4.55,1.735
2022-09-02,18.49,10.49,227.75,295.18,68.9,101.5,0.07,3.477
2022-09-03,20.93,13.3,149.04,346.02,81.3,101.2,0.25,3.853
2022-09-04,23.21,13.32,195.14,326.34,75,101.3,0,3.846
2022-09-05,20.59,10.8,129.11,334.31,85.4,101.5,1.45,1.387
2022-09-06,21.97,14.88,180.76,347.88,85.2,101.4,0.56,2.033
2022-09-07,20,12.77,190.94,311.64,73.9,101.8,0.04,1.944
2022-09-08,19.25,12.31,201.93,304.93,74.2,101.9,0.1,2.655
2022-09-09,19.78,12.1,196.91,310.07,74.1,101.7,0.24,1.591
2022-09-10,19.23,10.75,188.05,300.82,76.5,101,0,0.958
2022-09-11,19.08,11.24,129.17,329.13,80.1,100.4,0.1,1.318
2022-09-12,20.3,12.38,186.09,313.36,76.8,100.7,0,0.359
2022-09-13,20.41,14.07,121.53,343.61,78.7,100.5,7.64,3.655
2022-09-14,19.97,12.19,200.16,301.26,66.3,100.2,0.15,5.222
2022-09-15,18.9,11.93,156.55,312.05,80.8,100.4,0.96,3.342
2022-09-16,20.61,11.11,142.54,339.79,83.5,100.4,5.17,4.063
2022-09-17,17.89,11.31,134.74,322.96,65.8,99.8,0.27,7.667
2022-09-18,17.92,10.53,174.44,312.52,75.4,100.2,2.6,4.24
2022-09-19,17.54,11.98,128.07,325.8,84,100.5,9.7,2.321
2022-09-20,16.13,9.02,161.62,294.98,69.1,101.6,0,4.333
2022-09-21,15.98,11.9,96.74,314.67,74.1,100.2,2.61,6.296
2022-09-22,15.1,9.8,134.71,291.9,69.3,99.9,0.49,7.984
2022-09-23,15.09,8.35,151.11,304.94,70.9,100.4,0.97,3.949
2022-09-24,15.01,7.69,138.51,293.53,72.8,100.7,0,4.167
2022-09-25,15.47,8.19,155.01,301.33,71.8,101.2,0.01,3.809
2022-09-26,16.29,11.68,107.6,333.88,85.4,99.7,12.22,2.273
2022-09-27,16.6,12.6,134.39,328.4,84.4,99.8,1.92,1.381
2022-09-28,17.39,9.93,134.67,310.36,82.2,100,0.03,2.415
2022-09-29,16.45,11.1,144.53,309.37,75.6,100.7,0.98,2.935
2022-09-30,16.98,11.23,78.27,328.74,80.5,100.7,0.51,2.054
2022-10-01,18.23,13.55,85.38,345.44,88.5,100.3,10.56,2.295
2022-10-02,18.23,13.45,125.35,324.92,83.8,100.7,14.99,2.735
2022-10-03,17.29,11.95,118.87,319.92,82.6,100.6,0,3.093
2022-10-04,17.67,12.47,32.27,347.98,86.8,99.2,17.81,2.295
2022-10-05,16,10.54,131.57,290.99,70.8,99.4,0,5.48
2022-10-06,12.42,9.45,68.81,322.3,89.4,100.7,2.66,4.166
2022-10-07,14.72,9.09,128.45,305.48,82.2,101.8,0.35,2.437
2022-10-08,15.19,10.01,105.6,321.9,88,101.9,0.44,1.427
2022-10-09,14.86,8.28,86.03,319.64,90.6,101.3,1.12,2.042
2022-10-10,14.59,8.12,102.41,308.8,92.6,100.8,0.84,2.322
2022-10-11,15.18,8.77,108.68,319.41,83.9,100.4,0.33,2.262
2022-10-12,12.68,7.08,108.8,285.26,72.9,101.1,0.12,5.138
2022-10-13,17.08,9.01,90.2,325.83,83.5,100.3,1.85,5.107
2022-10-14,12.96,8.44,110.15,280.41,68.6,100,0.08,7.926
2022-10-15,16.3,8.11,67.21,315.88,78.4,99.1,16.79,6.89
2022-10-16,12.68,8.46,123.04,272.5,66.8,99.8,0,7.954
2022-10-17,12.36,7.63,65.02,303.26,83.7,100.3,2.33,5.163
2022-10-18,12.65,6.98,114.8,274.71,80.1,100.6,0,5.163
2022-10-19,11.74,5.13,108.03,273.03,80.2,100.8,0.01,3.391
2022-10-20,12.03,5.01,107.55,272.42,83.9,100.6,0,3.442
2022-10-21,10.77,8.2,19.93,339.54,91.3,100.1,17.54,2.264
2022-10-22,14.32,10.71,57.23,344.04,93.7,100.1,2.73,1.163
2022-10-23,14.86,10.27,39.54,349.24,90.9,99.2,11.74,2.16
2022-10-24,12.6,5.63,89.37,287.1,84.5,100.5,0.13,2.572
2022-10-25,13,4.89,90.24,296.32,87.6,101.1,0.07,1.939
2022-10-26,13.6,11.89,15.53,359.16,95.4,100.9,15.48,5.239
2022-10-27,14.48,12.04,53.32,352.01,97.3,101.2,0.4,0.968
2022-10-28,13.5,9.7,30.03,335.81,92.9,100.2,4.41,3.68
2022-10-29,10.77,8.17,54.85,314.16,88.6,100.1,2.93,3.203
2022-10-30,12.34,10.27,45.28,344.35,92.8,101.1,3.94,2.05
2022-10-31,12.36,9.31,53.1,326.91,85.5,101.7,2,1.619
2022-11-01,12.39,8.36,61.01,309.62,78.2,102.2,0.07,1.379
2022-11-02,10.68,6.18,59.05,305.01,83.6,102.3,0.07,1.937
2022-11-03,11.56,5.99,56.18,315,89.6,101.9,0.11,3.335
2022-11-04,10.25,7.42,48.5,320.68,89.1,102.1,0.27,1.937
2022-11-05,9.14,6.92,30.74,326.37,92.4,101.7,0.86,1.347
2022-11-06,12.8,6.69,49.26,319.18,91.4,100.7,0.49,1.373
2022-11-07,14.6,12.46,45.75,343.19,92,100.1,0.09,1.947
2022-11-08,14.53,11.94,60.18,339.9,87.3,99.9,1.5,2.394
2022-11-09,12.85,6.89,70.23,279.41,84.5,100.8,0,3.676
2022-11-10,13.11,6.98,11.65,305.2,89.2,100.2,8.02,2.812
2022-11-11,10.33,5.2,67.32,261.49,82.8,100.3,0.08,4.507
2022-11-12,10.35,5.65,73,269.44,81.7,101.1,0,4.976
2022-11-13,9.51,4.37,71.05,277.8,88.8,102,0,3.77
2022-11-14,10.96,6.48,57.44,299.86,96.6,103,0.05,1.29
2022-11-15,10.14,6.24,40.97,317.47,93.7,103.5,0.22,0.407
2022-11-16,9.84,5.18,54.76,299.73,87.4,103.3,0.07,1.057
2022-11-17,10.48,8.73,34.23,328.9,85.8,102.9,1.33,5.451
2022-11-18,10.62,9.86,32.25,339.65,89,102.6,0.45,7.497
2022-11-19,10.47,7.99,28.64,335.06,91.6,102.7,0.35,5.589
2022-11-20,8.71,7.03,33,323,92.5,102.4,0.24,3.717
2022-11-21,9.34,7.04,24.82,330.23,93.9,101.8,1.15,1.143
2022-11-22,11.02,7.88,26.98,337.01,97.1,101.5,1.88,0.695
2022-11-23,13.03,10.43,24.04,353.2,98.6,101.4,2.79,0.855
2022-11-24,13.15,10.88,20.19,351.54,99.1,101.7,3.17,0.621
2022-11-25,11.08,8.84,23.94,339.49,100,101.8,0.37,2.137
2022-11-26,10.59,7.46,20.29,322.54,87.1,101.9,0.16,8.02
2022-11-27,7.54,5.96,43.94,269.75,71.9,101.8,0,10.135
2022-11-28,7.15,3.01,51.39,244.17,78.2,101.6,0,3.702
2022-11-29,11.56,3.23,19.4,335.14,98.2,101.1,0.37,1.239
2022-11-30,10.22,7.09,15.03,329.24,94.9,100.7,3.49,1.509
2022-12-01,8.21,4.23,24.25,294.18,74.3,100.9,0.16,1.878
2022-12-02,6.29,3.1,28.72,280.4,77.3,100.8,0.52,4.209
2022-12-03,4.89,1.18,41.82,250.72,89.3,101.3,0.09,5.227
2022-12-04,3.37,-1.05,49.1,229.27,80.5,101.9,0,5.02
2022-12-05,5.02,-0.77,44.69,260.13,85.2,102.9,0.26,0.736
2022-12-06,3.57,-0.52,46.73,235.97,69.8,103.8,0,1.25
2022-12-07,5.96,0.21,26.29,285.74,80.5,102.3,0.08,2.41
2022-12-08,10.35,5.96,28.06,305.68,92.6,100.6,0.61,4.772
2022-12-09,10.23,5.79,30.4,314.31,93.2,101.5,1.34,4.525
2022-12-10,12.87,10.22,17.83,343.36,90.2,101,3.35,7.205
2022-12-11,13.27,10.74,20.88,342.46,88.2,101.5,0.24,5.169
2022-12-12,10.82,7.42,25.67,327.45,95.9,101.8,0.39,1.098
2022-12-13,9.49,6.82,37.98,300.85,94.5,101.3,0.18,1.303
2022-12-14,10.95,8.83,18.84,327.95,93.5,101.4,0.18,2.34
2022-12-15,12.55,10.46,12.14,341.77,93.9,100.6,1.89,3.165
2022-12-16,12.38,9.04,26.29,312.89,93,100.4,6.38,4.369
2022-12-17,11.09,8.82,29.28,314.28,96.4,100.2,4.99,1.625
2022-12-18,9.72,5.6,20.34,307.6,97.5,100.4,0.37,1.924
2022-12-19,10.06,6.53,11.62,329.54,95.2,99.7,7.74,4.492
2022-12-20,11.03,8.53,19.06,337.32,96.4,99,7.34,1.21
2022-12-21,8.56,1.4,41.53,255.76,88.6,99.2,0.07,3.358
2022-12-22,7.88,1.03,16.96,286.38,96.7,101,1.55,1.108
2022-12-23,6.37,2.63,24.31,293.37,80.9,102.7,0.05,1.323
2022-12-24,7.51,2.65,23.52,306.6,85.1,102.4,1.09,2.639
2022-12-25,6.89,3,28.9,271.41,89,102.6,0,4.44
2022-12-26,11.16,4.25,14.3,325.18,90.5,101.4,15.1,4.208
2022-12-27,7.27,0.54,31.23,269,88.5,101.8,0.66,4.638
2022-12-28,10.63,7.28,24.21,324.02,80.2,100,2.74,8.488
2022-12-29,9.86,5.55,34.34,293.81,80.1,100.7,6.87,5.612
2022-12-30,10.2,4.46,36.73,297.58,70.6,99.9,0.47,9.367
2022-12-31,8.11,3.66,29.54,291.37,76.7,100.6,0.42,7.328
2023-01-01,6.04,2.87,22.42,286.04,82.7,101.3,0.37,5.34
2023-01-02,8.17,1.5,21.17,305.61,90.6,101.8,3,2.011
2023-01-03,7.2,2.92,37.07,270.34,96.4,102.2,0,1.945
2023-01-04,6.65,4.5,19.13,307.76,92.5,102.6,0.23,2.492
2023-01-05,6.35,4.28,33.43,291.68,89.3,102.1,0.07,1.819
2023-01-06,7.02,3.98,33.68,290.55,92.2,101.7,0.04,2.02
2023-01-07,8.15,3.24,17.84,294.74,92.2,100.5,2.05,3.325
2023-01-08,8.57,5.35,14.35,296.84,84.8,99.5,3.86,3.069
2023-01-09,9.2,5.71,12.72,302.28,89,98.9,5.29,6.553
2023-01-10,9.05,5.57,26.56,303.71,81.6,99.1,4.02,3.101
2023-01-11,7.85,2.91,25.63,275.31,91.3,99.5,7.17,1.518
2023-01-12,6.51,2.01,35.24,266.23,92.6,100,0,3.365
2023-01-13,8.04,1.71,41.59,280.21,89.7,100.5,7.84,2.135
2023-01-14,8.09,4.97,43.45,271.34,85.3,99.9,0.04,5.558
2023-01-15,10.83,5.17,11.02,301.49,83.8,100,7.13,6.483
2023-01-16,5.98,3.59,52.83,267.95,68.2,99.5,0.18,8.255
2023-01-17,7.5,5.12,41.78,292.66,76.2,99.2,0.05,7.089
2023-01-18,5.93,3.57,38.91,291.59,85,99.4,0.68,4.338
2023-01-19,6.82,3.79,32.96,291.53,76.3,100.8,0.04,3.597
2023-01-20,6.01,2.42,36.77,284.51,81.6,101.7,0.27,0.758
2023-01-21,4.03,1.59,26.47,299.09,76.4,100.8,0.34,6.146
2023-01-22,5.95,1.15,42.86,295.25,85.8,99.3,7.98,1.166
2023-01-23,5.81,3.4,25.39,310.94,92.8,99.3,7.82,3.358
2023-01-24,10.08,5.61,25.71,309.03,90.5,98.3,3.68,2.484
2023-01-25,7.5,4.84,25.77,294.89,81.4,98,5.47,3.239
2023-01-26,8.43,4.57,64.22,274.01,83.5,98.3,2.85,3.063
2023-01-27,11.57,5.72,45.74,309.4,89.5,99,6.14,2.627
2023-01-28,11.28,8.3,54.71,305.82,83.9,98.4,8.6,3.797
2023-01-29,10.76,7.36,42.07,288.24,83.1,98.7,0.44,3.79
2023-01-30,9.18,6.13,58.65,274.07,80.7,100.2,0,3.308
2023-01-31,12.85,7.62,37.77,324.89,84.5,98.8,15.42,4.106
2023-02-01,9.89,7.65,33.89,315.65,65.9,98.9,0.1,9.459
2023-02-02,8.49,5.73,43.07,297.66,67.2,101,0.08,7.759
2023-02-03,9.69,3.97,75.77,262.56,81.9,102.6,0,4.892
2023-02-04,8.33,2.68,65.5,267.12,82.5,102.5,0.1,1.693
2023-02-05,8.33,1.42,61.53,263.22,83.5,101.5,0.75,3.272
2023-02-06,8.2,-0.94,74.74,260.33,82.8,101.9,3.65,1.466
2023-02-07,9.53,5.08,74.91,287.85,82.3,100.3,5.51,4.462
2023-02-08,7.41,2.52,85.92,261.01,76,100.9,0,3.913
2023-02-09,6.24,2.65,69.2,289.28,77.2,101.6,4.67,3.483
2023-02-10,9.12,4.37,80.33,279.24,72.8,101.3,3.12,6.75
2023-02-11,8.62,3.55,66.52,277.98,86.8,101.1,2.15,5.126
2023-02-12,7.79,3.51,81.86,272.4,74,100,0.07,5.9
2023-02-13,6.54,2.76,50.14,289.52,85,99.4,0.78,3.68
2023-02-14,6.22,1.59,57.46,274.98,85,100.4,1.71,2.679
2023-02-15,5.03,1.4,67.89,263.65,68.5,102.2,1.05,2.443
2023-02-16,6.08,-1.88,100.19,259.22,80.9,102.5,2.93,3.591
2023-02-17,7.81,1.96,95.79,254.3,82.2,102.3,0.05,4.953
2023-02-18,11.37,1.54,19.81,303.95,91.3,101.5,8.15,4.608
2023-02-19,9.85,4.95,80.9,292.38,79.2,99.9,2.38,7.397
2023-02-20,10.09,4.97,73.18,294.51,78.2,101,0.31,6.646
2023-02-21,13.48,8.11,55.85,327.62,83.5,100.8,1.69,7.053
2023-02-22,8.87,4.07,59.01,287.85,80.5,101,2.13,5.938
2023-02-23,9.5,4.22,87.7,295.41,67.7,101.5,1.02,7.262
2023-02-24,12.81,5.55,41.49,327,83.9,99.6,9.06,6.937
2023-02-25,8.8,2.33,44.47,298.64,78.9,100.1,3.57,2.506
2023-02-26,7.36,1.52,115.18,261.42,73.8,101.7,0.19,1.849
2023-02-27,7.52,4.26,116.63,283.42,64.8,102.1,0.44,9.487
2023-02-28,11.02,5.34,75.58,305.4,88.9,101.1,1.15,0.852
2023-03-01,8.98,3.69,67.72,300.44,90.3,102,0.65,0.782
2023-03-02,10.62,4.82,87.17,312.04,86.1,102.1,0.06,2.535
2023-03-03,9.65,4.66,117.35,278.68,80.8,102.2,0.1,1.571
2023-03-04,8.54,4.27,79.01,302.93,86.4,101.8,5.06,1.259
2023-03-05,9.65,2.48,140.87,258.31,79.6,102.2,0.05,3.1
2023-03-06,10.07,5.16,42.06,313.88,75.8,101.3,0.06,5.842
2023-03-07,12.23,7.6,84.96,319.19,72.3,100.9,0.16,6.525
2023-03-08,10.65,7.03,145.2,285.16,63.1,101.9,0,5.494
2023-03-09,14,7.21,77.99,326.55,80.6,101.6,0.17,4.171
2023-03-10,11.72,4.86,114.29,297.33,75.4,100.9,1.51,5.566
2023-03-11,9.37,4.58,141.5,271.01,56.2,101.2,1.52,7.955
2023-03-12,8.5,4.68,109.37,290.71,67,101.6,0.23,6.419
2023-03-13,8.97,0.96,163.27,245.88,74.2,102.6,0.01,0.747
2023-03-14,8.34,4.41,136.48,264.86,66.1,102,0,5.683
2023-03-15,11.67,7.36,101.95,322.48,85,100.6,3.79,2.385
2023-03-16,12.26,8.76,161.03,302.58,80.5,99.9,0.64,1.452
2023-03-17,9.87,3.85,99.82,288.94,70.9,99.2,5.12,3.601
2023-03-18,8.61,1.94,120.85,278.78,76.8,99.8,9.57,1.883
2023-03-19,10.01,7.04,87.92,303.75,85.8,98.3,4.08,3.888
2023-03-20,10.75,6.38,89.92,315.4,80.3,100.5,0.98,5.142
2023-03-21,10.36,4.38,74.98,314.43,92,101.1,5.72,1.343
2023-03-22,10.61,7.13,65.82,323.68,89,100.6,6.37,2.518
2023-03-23,11.43,4.32,160.22,270.16,79,100.9,0,0.467
2023-03-24,11.5,6.84,55.87,325.5,92,100.7,4.64,1.832
2023-03-25,13.62,11.13,82.7,350.33,94.7,101.2,4.35,2.046
2023-03-26,16.59,10.54,144.07,335.92,93.6,101.7,0.05,0.707
2023-03-27,18.45,9.79,132.82,326.19,88.5,101.7,0.26,1.218
2023-03-28,16.71,9.22,207.53,294.36,83.9,101.9,0,0.349
2023-03-29,17.41,9.67,180.72,305.23,78.9,102,0.04,2.819
2023-03-30,16.21,7.15,176.82,286.81,80.7,102.8,0,0.441
2023-03-31,13.67,5.71,203.92,282.62,85.3,102.7,0,2.662
2023-04-01,10.04,7.24,158.33,290.96,73.5,102.3,0.07,3.526
2023-04-02,11.02,5.62,192.68,264.15,68.5,101.9,0,2.029
2023-04-03,10.28,7.16,114.94,294.88,67.5,101.5,0,2.947
2023-04-04,12.87,8.22,218.71,279.29,69.3,101.4,0,4.107
2023-04-05,13.1,8.04,124.96,305.46,82.6,101,7.14,4.101
2023-04-06,13.07,5.47,159.87,285.53,79.7,101,0.65,1.759
2023-04-07,10.11,6.53,118.05,300.69,87.9,101.3,1.54,2.81
2023-04-08,9.07,5.98,93.03,316.74,89.3,101.1,5,6.802
2023-04-09,7.98,4.77,89.83,313.4,88.8,100.7,7.65,4.285
2023-04-10,9.81,2.84,115.79,281.37,88.4,100.7,6.74,2.047
2023-04-11,12.88,5.04,155.83,290.04,71.4,101.6,0.04,4.058
2023-04-12,10.37,4.33,171.16,284.76,78,102.5,0.04,3.164
2023-04-13,9.18,5.92,114.05,304.86,75.6,102.3,0.15,4.331
2023-04-14,11.83,6.26,158.72,308.96,83.4,102,0.26,4.127
2023-04-15,10.8,6.45,149.46,304.43,75.1,102,0.01,3.43
2023-04-16,9.85,4.81,136.47,290.91,74.9,101.9,0.13,2.478
2023-04-17,12.17,5.22,176.83,298.94,72.1,101.5,0.09,4.494
2023-04-18,12.43,8.47,140.18,316.28,78.9,101.1,7.54,1.766
2023-04-19,13.64,5.79,189.15,285.11,71.6,101.6,0.08,2.062
2023-04-20,13.63,6.6,153.83,317.72,85.4,101.8,0.11,0.692
2023-04-21,15.25,9.77,138.6,335.09,87.4,101.4,1.58,1.337
2023-04-22,14.49,10.39,156.22,325.52,81.9,100.7,2.95,3.132
2023-04-23,17.26,9.29,194.7,310.58,83.9,100.6,2.61,3.508
2023-04-24,16.59,8.86,199.98,310.05,86.6,100.9,1.15,0.823
2023-04-25,12.89,9.31,166.87,326.69,89.7,100.7,0.9,2.936
2023-04-26,12.63,10.04,133.55,341.1,92.2,100.6,0.92,4.548
2023-04-27,13.73,6.74,188.46,308.87,82.9,100.2,0.1,2.214
2023-04-28,8.75,5.34,112.25,305.23,88.1,99.9,5.26,4.792
2023-04-29,9.84,3.62,176.52,287.76,61.8,100.6,1.64,5.192
2023-04-30,9.63,2.6,208.39,257.61,54.8,101.2,0.06,5.561
2023-05-01,11.41,2.5,212.24,268.61,60.1,102,0,2.636
2023-05-02,10.88,2.62,132.49,287.16,70.9,102.8,0.06,1.512
2023-05-03,11.13,4.79,265.82,270.52,70.2,103.1,0,3.366
2023-05-04,18.49,9.67,248.11,310.92,70.1,102.8,0,1.377
2023-05-05,22.13,9.56,292.31,297.53,68.6,102.6,0,1.719
2023-05-06,18.14,8.96,283.67,292.54,84.3,102.5,0,2.941
2023-05-07,21.62,11.54,232.41,331.09,79.8,101.4,1.14,1.313
2023-05-08,17.65,6.87,142.28,322.73,89,100.8,3.38,0.441
2023-05-09,16.23,6.06,275.74,278.9,82.2,101.3,0,0.844
2023-05-10,19.1,9.45,307.57,288.08,73.2,100.6,0,0.922
2023-05-11,19.68,13.53,218.28,331.9,81,99.4,1.72,3.883
2023-05-12,17.99,13.19,166.11,346.23,85.5,99.5,2.83,0.722
2023-05-13,13.59,11.01,97.56,340.69,84,100,1.69,5.806
2023-05-14,12.82,10.28,262.94,295.78,69.2,100.9,0,9.073
2023-05-15,12.27,8.71,147.87,321.93,72.8,101.2,1.1,4.872
2023-05-16,12.88,7.71,143.52,315.65,75.6,101.1,0.23,1.748
2023-05-17,13.86,7.6,163.84,321.07,86.6,101.3,2.61,3.635
2023-05-18,14.46,10.66,202.12,318.93,82.4,101.7,3.78,7.434
2023-05-19,12.87,10.9,268.98,285.28,57.9,102.1,0.08,9.782
2023-05-20,13.53,10.33,331.19,267.98,59.3,102.1,0,9.617
2023-05-21,15.64,10.01,320.35,282.31,75.9,102.3,0,5.003
2023-05-22,15.18,8.82,294.98,274.77,77.2,102.3,0.12,3.081
2023-05-23,15.99,8.57,303.07,272.42,73,102.2,0,3.234
2023-05-24,15.43,7.43,265.4,281.06,72.3,102.3,0,3.057
2023-05-25,16.09,6.26,285.44,278.9,75.5,102.5,0.06,1.733
2023-05-26,17.06,5.35,343.51,261.31,73.2,102.7,0.03,1.749
2023-05-27,18.74,5.16,327.05,272.98,73.7,102.8,0,1.307
2023-05-28,20.37,7.92,215.79,327.27,78.4,102.8,0.1,1.227
2023-05-29,14.77,9.66,292.54,290.05,71.3,102.9,0.08,3.463
2023-05-30,15.84,8.63,319.36,284.69,76.5,102.9,0.08,2.875
2023-05-31,15.57,9.13,266.17,302.75,79.8,102.6,0.3,2.718
2023-06-01,15.3,9.63,213.82,320.84,83.1,102.3,0.52,2.57
2023-06-02,17.83,9.23,320.17,285.09,78.4,102,0.01,3.429
2023-06-03,16.15,11.83,313.14,286.85,65.5,102,0.08,5.759
2023-06-04,19.81,9.37,340.86,285.89,68.9,102,0,2.892
2023-06-05,20.11,11.96,332.27,297.16,81,101.6,0.12,2.827
2023-06-06,20.1,10.8,298.71,301.64,75.8,101,0.65,0.274
2023-06-07,15.98,8.44,127.9,325.16,86,100.4,5.59,2.008
2023-06-08,17.06,7.81,218.42,320.5,86.1,99.5,40.61,5.074
2023-06-09,15.82,11.03,170.96,330.72,85.1,99.6,12.06,2.616
2023-06-10,14.82,9.69,172.39,321.81,87.2,100.5,7.42,3.129
2023-06-11,14.61,8.54,176.81,319.41,75.5,101.4,1.21,1.443
2023-06-12,16.18,8.12,181.29,315.05,69.1,102,0.08,2.069
2023-06-13,19.33,11.41,189.12,342.42,83.5,102.2,4.57,1.402
2023-06-14,19.05,11.15,191.71,336,88.7,102.6,0.24,1.124
2023-06-15,18.21,11.12,322.32,303.58,85.1,102.7,0,3.226
2023-06-16,19.11,13,312.06,318.04,84.1,102.5,0,3.141
2023-06-17,20.41,13.15,286,329.64,89.2,102.7,0.05,2.406
2023-06-18,27.2,13.57,297.05,356.9,80.6,102.7,0.14,0.789
2023-06-19,26.29,16.31,292.44,347.28,70.7,102.3,0.21,1.91
2023-06-20,18.7,11.96,236.69,327.27,76.7,102.3,0.14,2.296
2023-06-21,17.61,12.81,196.06,332.12,78.5,102.5,0.36,1.012
2023-06-22,25.7,14.05,333.5,322.71,65,102.3,0,4.151
2023-06-23,21.99,12,293.75,313.49,68.4,102.4,0.3,2.451
2023-06-24,19.69,11.97,276.36,312.59,73.3,102.8,0.03,0.71
2023-06-25,25.61,13.57,335.58,314.39,66.8,102.3,0,2.089
2023-06-26,22.06,13.95,261.29,332.01,75.7,102,0.05,0.884
2023-06-27,18.69,12.68,269.5,312.75,75.8,102.4,0,2.312
2023-06-28,20.1,10.51,327.5,298.02,79,102.6,0,2.93
2023-06-29,19.68,14.2,293.93,321.96,75.8,102.7,0.04,3.814
2023-06-30,18.21,14.08,265.99,330.94,87.2,102.6,0.11,4.368
2023-07-01,19.56,13.14,345.86,290.97,84.8,102.5,0,3.991
2023-07-02,19.12,13.77,352.95,291.79,86.8,102.3,0,3.554
2023-07-03,23.07,13.64,329.18,311.82,80.3,102.3,0.02,3.037
2023-07-04,25.2,14.21,344.19,323.39,78.4,102.4,0,3.153
2023-07-05,20.75,14.55,273.96,336.85,86.9,102.3,0.08,3.123
2023-07-06,21.12,13.91,312.83,329.85,84,102.3,0.07,3.186
2023-07-07,22.54,15.84,307.06,340.74,85.1,102,0.15,2.277
2023-07-08,26.05,15.34,282.95,344.99,75.2,101.5,2.09,3.075
2023-07-09,27.05,17.08,270.88,363.23,78.7,101,22.43,2.097
2023-07-10,19.25,11.92,254.31,314.57,65,101.9,0.05,2.111
2023-07-11,23.38,11.27,269.2,319.73,64.7,102.1,0.09,1.355
2023-07-12,20.22,13.7,326.13,305.91,73.3,102.4,0,2.492
2023-07-13,21.66,12.9,316.76,310.85,78.7,102.7,0.01,1.63
2023-07-14,24.89,14.42,293.97,335.37,78.3,102.5,0.09,0.588
2023-07-15,21.95,15.6,333.78,316.04,80.9,101.9,0,2.992
2023-07-16,21.27,14.96,281.38,327.43,76.7,101.4,0.05,3.713
2023-07-17,20.52,15.09,276.92,327.61,70.9,101.5,0.08,3.406
2023-07-18,19.03,14.81,213.25,344.58,82.3,101.3,5.01,5.752
2023-07-19,19.38,14.66,138.11,357.15,87.5,100.5,19.07,5.918
2023-07-20,17.58,14.29,92.29,352.66,83.9,100.8,17.99,2.672
2023-07-21,19.89,13.34,232.44,327.82,82.7,101.7,2.65,0.982
2023-07-22,23.04,13.75,287.31,326.79,78.6,101.4,2.96,1.544
2023-07-23,23.65,15.59,242.85,347.65,76.4,100.3,2.6,3.168
2023-07-24,19.21,14.67,188.25,335.27,87,99.3,11.55,2.076
2023-07-25,19.51,14.71,197.2,349.78,88,99.8,8.88,2.464
2023-07-26,18.46,14.19,157.73,347.18,88.3,100.8,2.87,4.783
2023-07-27,20.02,12.28,274.75,310.85,72.9,101.6,0.05,3.031
2023-07-28,21.12,11.71,215.37,334.58,79.2,101.9,0.59,0.492
2023-07-29,20.01,14.79,194.13,347.4,81.4,102,0,1.87
2023-07-30,20.61,14.38,269.89,319.7,80,102.2,0.02,1.944
2023-07-31,20.65,14.13,275.91,320.11,79.7,102.3,0.03,2.417
2023-08-01,20.69,13.88,281.91,320.44,79.4,102.5,0.03,2.881
2023-08-02,20.37,14.77,276.82,334.59,79.3,102.4,0.08,3.122
2023-08-03,20.38,15.9,261.22,341.46,78.4,102.3,0.05,3.143
2023-08-04,20.54,13.88,220.49,335.6,77,102.1,0.08,1.253
2023-08-05,20.57,12.76,245.94,316.29,74.3,102,0.06,1.037
2023-08-06,22.04,11.58,306.85,296.74,75.8,102.2,0,1.095
2023-08-07,21.01,13.74,292.35,313.5,78.6,102.6,0,3.12
2023-08-08,21.8,12.72,230.23,325.64,82.4,102.5,0.2,0.936
2023-08-09,24.46,14.15,221.9,334.72,79.9,102.3,0.52,0.265
2023-08-10,26.03,14.55,223.23,348.45,78.2,102,0.15,0.537
2023-08-11,23.66,17.88,180.61,357.02,80.1,101.7,4.4,2.793
2023-08-12,19.32,16.24,116.98,362.15,82.8,101.8,2.04,3.509
2023-08-13,20.53,13.06,231.09,313.85,70,102.2,0,1.93
2023-08-14,22.38,11.41,282.1,304.56,73.5,102.1,0,0.764
2023-08-15,23.87,16.5,222,342.21,73.3,101.6,0.19,1.211
2023-08-16,23.54,17.51,137.25,359.03,80.6,101.5,2.96,1.671
2023-08-17,24.84,15.58,234.32,338.29,74.6,101.6,0.79,1.172
2023-08-18,24.79,17.5,196.9,348.84,70.8,101.5,1.58,3.55
2023-08-19,25.9,15.35,241.81,340.3,72.6,101.8,0.49,2.851
2023-08-20,28.72,19.33,230.73,372.59,72.4,101.9,0.48,3.401
2023-08-21,26.73,18.64,159.59,372.03,81.1,101.9,1.53,0.999
2023-08-22,23,16.87,133.46,365.51,92,101.6,25.5,0.492
2023-08-23,24.23,15.39,220.29,334.51,75,102,0,2.154
2023-08-24,24.71,14.19,242.33,328.97,69.5,101.4,0.85,1.479
2023-08-25,23.01,16.5,235.32,326.37,60.4,100.7,0.3,5.829
2023-08-26,21.17,14.36,219,308.15,59.7,101.1,0,5.941
2023-08-27,20.52,12.37,220.03,311.25,66.5,101.3,0.04,3.848
2023-08-28,21.08,11.97,214.24,317.18,69.8,100.7,0.1,1.804
2023-08-29,22.23,16.02,151.12,339.32,73.5,100.3,0,4.342
2023-08-30,21.62,13.43,189.08,322.73,77.7,100.6,0.93,3.451
2023-08-31,20.24,12.32,153.67,320.13,77.8,100.7,1.11,3.565
2023-09-01,18.87,11.21,118.47,318.75,78,100.8,1.29,3.842
2023-09-02,22.16,14.21,199.62,320.65,56.9,100.9,0.09,5.951
2023-09-03,17.49,12.42,71.26,330.35,81.9,100.5,19.42,4.165
2023-09-04,18.87,11.77,185.43,303.26,69.2,101.5,0.12,5.211
2023-09-05,19.84,11.2,136.19,337.14,83.1,101.5,2.69,3.592
2023-09-06,19.6,10.81,224.97,300,70.2,102,0,2.802
2023-09-07,20.79,11.8,156.91,320.13,75.7,102.2,0.01,2.535
2023-09-08,20.65,12.27,171.35,322.97,77.9,102.4,0.07,1.808
2023-09-09,21.67,10.19,191.96,311.21,78.8,102.4,0,0.933
2023-09-10,21.88,11.66,224.04,303.36,83.3,102.1,0,0.248
2023-09-11,23.06,11.74,198.35,325.7,84.3,101.9,0.05,0.712
2023-09-12,21.02,13.85,161.35,331.76,68.2,101.5,0,3.36
2023-09-13,23.27,15.39,150.95,350.38,76.8,101.5,0.05,3.368
2023-09-14,21.66,14.05,131.74,327.77,77.1,102.1,0.03,3.176
2023-09-15,19.62,10.86,214.67,281.72,68.5,102.5,0,1.862
2023-09-16,19.64,9.4,197.33,297.14,78.3,102.1,0,1.052
2023-09-17,21.96,11.9,109.82,344.47,84.5,101.8,0.64,0.35
2023-09-18,19.92,11.42,147.27,319.57,72,102.2,0.04,0.827
2023-09-19,18.87,10.24,145.15,310.44,73.4,102.4,0.03,0.299
2023-09-20,18.28,12.97,73.26,342.01,83.9,102,1.39,1.477
2023-09-21,19.05,13.94,138.52,338.94,72,102.2,0.88,1.746
2023-09-22,20.35,12.78,73.14,368.48,85.3,101.6,0.35,2.67
2023-09-23,21.57,14.72,157.51,330.16,79.2,102.1,0,2.09
2023-09-24,24.32,13.99,172.48,341.76,77.8,102.3,0.07,2.67
2023-09-25,22.64,14.3,148.49,331.57,74.6,102.1,0,2.492
2023-09-26,18.78,11.48,171.32,296.36,66.7,102,0,2.646
2023-09-27,21.13,9.74,176.58,300.71,74.1,101.4,0,3.57
2023-09-28,20.75,10.51,163.11,315.41,80.9,101.1,0.05,1.15
2023-09-29,24.68,15.27,154.46,352.74,79.1,99.9,1.79,1.881
2023-09-30,18.99,12.35,144.16,313.42,65.7,100.1,7.52,4.95
2023-10-01,17.11,11.04,80.43,327.54,71.2,100.6,1.15,2.317
2023-10-02,17.81,12.56,131.37,314.16,71.3,99.7,2.49,3.484
2023-10-03,17.38,9.78,115.6,304.51,79.1,99.9,1.51,2.694
2023-10-04,15.72,8.26,67.6,312.7,83.6,99.9,5.38,5.214
2023-10-05,19.34,12.09,110.73,337.16,74,99.4,11.6,6.789
2023-10-06,22.21,11.93,94.16,365.58,87.5,100.2,12.4,4.498
2023-10-07,18.67,12.53,70.45,332.46,82.1,100.6,8.31,4.504
2023-10-08,16.76,10.57,141.42,286.47,71.8,101.5,0,4.449
2023-10-09,16.37,9.58,87.06,303.93,74.3,100.7,2.97,4.983
2023-10-10,14.56,8,130.34,282.35,71.3,101.4,0,4.616
2023-10-11,12.34,8,83.03,294.37,74.5,101.8,1.05,2.683
2023-10-12,11.88,7.27,66.47,308.74,76.9,102,3.87,1.959
2023-10-13,11.94,6.94,72.95,297.33,77.7,102.4,0.67,3.147
2023-10-14,12.28,7.46,83.34,308.11,73.3,102.4,1.17,3.169
2023-10-15,12.37,7.33,73.83,309.06,90.6,101.8,2.33,1.759
2023-10-16,13.47,7.03,94.71,305.05,86.3,101.5,0.57,1.002
2023-10-17,13.94,8.91,44.38,348.37,95.1,100.4,5,0.876
2023-10-18,14.31,11.27,80.3,335.83,91.9,101.1,0.08,1.849
2023-10-19,15.3,10.56,75.48,334.88,91.1,101.7,0.3,1.672
2023-10-20,13.94,9.42,92.29,320.61,81.7,101.9,1.37,2.211
2023-10-21,13.08,7.87,103.32,306.07,79.8,101.6,0.08,3.493
2023-10-22,12.07,5.32,73.71,294.28,70.9,100.9,0.34,4.981
2023-10-23,8.39,3.88,75.51,273.59,75.3,101.9,1.87,4.546
2023-10-24,9.59,3.51,86.92,267.15,73.1,103,0,2.973
2023-10-25,10.91,1.81,101.4,252.91,80.4,103.2,0,2.797
2023-10-26,12.19,3.64,80.25,272.87,88.2,103,0,3.355
2023-10-27,14.73,7.86,79.23,305,82.7,102.2,0,4.252
2023-10-28,11.6,7.4,47.35,316.99,77.6,102.8,0.08,2.211
2023-10-29,10.51,5.92,77.66,296.7,77.6,103,0.12,2.554
2023-10-30,13.4,6.49,72.31,300.39,87.5,102.5,0,3.041
2023-10-31,13.12,6.97,61.68,313.34,89.1,102.3,0.3,2.318
2023-11-01,12.84,7.46,51.19,326.43,90.6,102.1,0.58,1.651
2023-11-02,11.89,8.16,44.9,311.9,70.7,102.8,0.05,4.712
2023-11-03,8.93,4.64,84.83,269.6,66.9,103.5,0.06,4.27
2023-11-04,10.2,4.47,68.53,294.83,82.8,103.5,0.19,0.665
2023-11-05,9.74,3.46,72.94,282.14,86.3,103.1,0.05,1.921
2023-11-06,10.81,3.51,39.88,301.78,85.2,101.9,0.17,3.58
2023-11-07,8.12,5.01,37.88,303.94,87.9,101,2.61,4.601
2023-11-08,9.7,6.39,46.34,314.25,78.5,101.1,3.14,4.223
2023-11-09,8.69,6.05,30.59,318.44,84.9,101.4,4.45,3.402
2023-11-10,9.2,4.17,64.49,276.11,82.4,101,0.16,1.033
2023-11-11,7.51,3.89,45.99,277.95,87.7,100.8,0.39,2.432
2023-11-12,7.43,2.6,65.69,271.72,87.1,100.6,0,2.005
2023-11-13,8.02,5.57,43.92,309.2,74.7,99.9,1.13,3.152
2023-11-14,7.08,4.16,38.28,298.36,70.7,100,0.11,8.564
2023-11-15,8.24,6.27,23.03,323.47,91.3,100,8.82,9.31
2023-11-16,7.37,5.97,32.12,313.63,83.3,100.1,0.17,5.024
2023-11-17,6.88,4.98,23.44,309.87,92.5,100,0.08,1.644
2023-11-18,8.29,4.34,47.55,295.9,91.4,99.8,0.37,1.197
2023-11-19,7.72,1.97,43.5,275.45,92.3,100,0.1,1.235
2023-11-20,7.93,2.36,27.98,311.63,88.8,101.1,2.98,3.279
2023-11-21,8.68,7.22,23.18,324.77,89.2,101.8,0.65,3.778
2023-11-22,9.02,6.95,34.66,326.7,90.4,101.7,0.89,1.319
2023-11-23,8.39,4.22,27.34,289.17,96,101.3,0.42,3.666
2023-11-24,7.99,4.59,33.51,294.73,90.5,100.8,0,3.311
2023-11-25,7.65,4.53,10.99,316.81,96.2,100.6,12.12,2.312
2023-11-26,7.87,6.24,22.08,319.78,87.8,100.5,4.87,7.852
2023-11-27,7.54,3.81,26.75,303.49,87,100.7,3.79,3.402
2023-11-28,5.54,1.61,48.17,272.23,80.1,101.7,0.5,4.241
2023-11-29,7.84,3.52,27.2,292.31,71.4,102.5,0.17,3.4
2023-11-30,6.28,4.31,23.57,293.05,70.1,103.2,0.34,3.072
2023-12-01,7.8,3.16,31.48,280.76,80.5,103.2,1.06,1.279
2023-12-02,5.95,2.13,49.17,254.53,70,103.5,0,5.941
2023-12-03,6.63,3.42,39.35,279.76,81.3,103.4,0.1,6.828
2023-12-04,5.27,-0.91,48.68,232.07,79.7,103,0,4.863
2023-12-05,5.32,-3.19,44.52,249.69,91.5,102.3,0,2.188
2023-12-06,8.73,4.32,19.45,322.8,94,101,3.4,4.119
2023-12-07,11.12,8.04,9.98,327.73,95.3,99,11.55,1.802
2023-12-08,9.11,7.02,41.77,284.45,93.5,99.7,0.33,3.634
2023-12-09,8.36,5.14,6.98,306.18,96.8,99.1,5.61,1.971
2023-12-10,7.67,5.39,35.86,302.72,92.7,98.6,3.71,1.325
2023-12-11,8.07,3.18,24.67,297.48,96.4,100.1,2.96,1.45
2023-12-12,9.15,3.15,17.03,310.48,94.4,100.1,8.25,2.044
2023-12-13,9.86,5.52,38.81,290.07,84.3,100.1,0.28,5.748
2023-12-14,9.21,5.45,17.09,295.67,83.1,100.9,1.81,5.946
2023-12-15,7.25,3.54,25.93,293.46,78.8,101.5,1.62,4.99
2023-12-16,4.79,1.06,16.39,294.39,86.2,103,1.95,2.66
2023-12-17,6.37,4.83,14.71,329.57,97.9,103.1,2.76,1.352
2023-12-18,8.03,6.21,24.8,325.92,97.9,102.7,0.16,1.796
2023-12-19,7.25,6.34,14.3,330.94,98.4,102.2,0.25,0.92
2023-12-20,6.66,5.19,21.25,323.69,96.5,101.4,1.64,1.293
2023-12-21,7.8,6.12,16.96,329.88,97.4,100.5,5.24,1.217
2023-12-22,8.02,4.63,12.86,298.63,75.1,100,0.53,5.793
2023-12-23,10.78,5.6,16.89,316.16,79,99,11.98,6.759
2023-12-24,9.79,7.02,24.93,315.97,57,100,0,11.869
2023-12-25,7.22,3.72,34.99,281.38,78.2,102.1,4.12,3.619
2023-12-26,14.24,6.99,31.82,329.1,89.8,100.7,0.64,5.678
2023-12-27,13.27,10.39,12.02,358.73,93.7,100.8,5.88,4.352
2023-12-28,10.97,5.77,37.14,289.26,75.6,101.3,2.59,7.379
2023-12-29,10.07,6.34,32.82,290.37,80.4,102.2,0.02,6.132
2023-12-30,8.96,5.26,36.39,277.76,93.1,102,0.06,3.12
2023-12-31,9.73,5.41,30.11,300.2,94.2,101.6,1.81,3.02
2024-01-01,10.51,5.56,23.89,328.38,95.2,101.2,3.57,2.935
2024-01-02,7.77,1.49,26.23,279.62,80.4,102.6,0.08,3.257
2024-01-03,8.11,1.37,22.32,296.63,87.4,102.8,1.62,6.174
2024-01-04,8.02,6.81,24.37,318.7,90.1,101.8,0.48,5.544
2024-01-05,6.98,5.27,21.55,307.71,84.4,99.9,3.28,6.369
2024-01-06,7.81,2.24,40.15,283.37,80.7,101.4,0.07,4.564
2024-01-07,11.09,7.77,32.86,308.33,91.8,101.9,0.25,4.598
2024-01-08,10.06,7.79,20.72,322.65,91.2,102,0.05,3.001
2024-01-09,9.23,7.35,19.06,323.42,91.7,101.3,0.18,2.37
2024-01-10,8.89,7.1,22.95,313.83,89.2,100.9,0.09,1.868
2024-01-11,8.91,6.41,31.47,301.77,94.2,100.8,0.48,2.053
2024-01-12,8.25,4.19,42.69,270.32,94.2,100.8,0,2.465
2024-01-13,6.03,2.36,28.08,294.26,97.6,101.7,0.07,1.397
2024-01-14,7.23,1.61,26.87,281.99,97,102.5,0.04,2.442
2024-01-15,10.92,5.35,28.88,326.08,92.4,102.2,0.16,4.929
2024-01-16,11.16,6.63,30.25,318.99,85.7,102.2,0.18,4.246
2024-01-17,9.09,5.9,30.35,316.89,85.9,102.3,0.14,3.988
2024-01-18,9.71,7.85,29.84,331.75,94.2,101.6,0.71,2.493
2024-01-19,9.35,5.45,47.89,294.62,78.4,101,0.92,5.547
2024-01-20,7.8,4.11,54.79,273.38,75.4,101.7,0,5.473
2024-01-21,9.5,7.16,35.72,302.77,78.5,102,0.11,5.245
2024-01-22,10.02,6.11,35.9,299.09,86.4,101.5,0,2.21
2024-01-23,10.68,6.77,48.45,298.14,82.8,100.8,3.53,4.812
2024-01-24,9.05,3.44,64.74,253.33,69.9,102.1,0,5.486
2024-01-25,10.51,2.73,25.59,302.19,93.9,101.3,2.26,1.402
2024-01-26,12.2,5.89,36.86,327.28,95.2,100.5,2.58,2.366
2024-01-27,7.38,3.07,39.22,291.69,83.3,101.5,0,1.078
2024-01-28,6.14,0.92,47.22,279.9,77.4,101.5,0,0.762
2024-01-29,6.26,3.61,29.92,308.43,91.1,100.7,0.08,0.413
2024-01-30,6.91,2.63,38.99,291.63,80,100.1,0,1.849
2024-01-31,7.03,1.23,51.55,276.31,77.5,100.7,0.31,3.046
2024-02-01,5.51,-2.2,75.52,242.03,75.7,101,0.26,3.02
2024-02-02,6.77,2.6,49.53,306.97,92.3,99.4,8.62,0.859
2024-02-03,5.75,1.38,51.09,276.11,79.7,101.1,0.2,5.27
2024-02-04,5.25,1.82,42.26,289.76,78.6,101.6,0.96,1.993
2024-02-05,4.7,2.15,34.7,293.82,86.4,101.6,3.64,2.903
2024-02-06,4.94,1.52,48.65,284.29,70.1,102.7,0.02,2.91
2024-02-07,8.25,2.12,32.49,317.88,92.1,102.9,1.41,2.835
2024-02-08,7.7,5.77,36.85,322.41,93.5,102.9,3.45,2.895
2024-02-09,7.84,5.39,55.32,318.93,93.9,102.8,2.5,2.292
2024-02-10,7.68,4.71,49.45,313.79,91.8,102.9,0.84,2.173
2024-02-11,7.01,3.03,60.79,281.43,81.3,102.3,0.34,3.638
2024-02-12,7.61,2.66,54.66,297.3,86.5,101.8,0.88,3.178
2024-02-13,7.83,3.01,62.74,290.26,84,101,0.39,3.175
2024-02-14,5.61,1.49,70.38,276.46,72.7,101.7,2.48,4.596
2024-02-15,5.49,1.01,49.96,289.81,79.5,101,2.99,5.916
2024-02-16,5.47,0.66,60.59,268.81,62.8,102.3,0,1.928
2024-02-17,5.96,0.93,34.8,307.77,93.1,102.1,6.65,2.038
2024-02-18,4.23,1.43,48.22,286.69,69.4,102.3,0.24,5.241
2024-02-19,3.64,0.44,74.13,268.68,67.2,102.7,0.14,5.401
2024-02-20,2.78,1.04,48.41,292.73,69.4,102,0.35,6.223
2024-02-21,4.25,1.67,81.06,286.99,71.6,101.3,0.09,8.912
2024-02-22,2.8,-0.08,48.46,293.49,82.2,101.1,1.13,4.233
2024-02-23,2.63,-0.98,59.41,277.16,89.6,100.9,1.48,0.322
2024-02-24,4.19,0.28,59.95,290.79,86,100.4,3.74,4.18
2024-02-25,6.88,2.65,40.65,306.13,95.6,100.4,10.2,1.109
2024-02-26,8.6,1.96,71.18,298.43,85.1,100.8,7.44,1.858
2024-02-27,11.66,6.45,85.89,317.31,80,99.6,1.24,5.029
2024-02-28,10.12,5.58,85.52,304,72.8,100.1,0.1,5.271
2024-02-29,7.85,4.71,58.72,309.35,83.3,100,6.26,0.35
2024-03-01,5.59,3.84,32.21,315.43,93.8,100,12.42,7.161
2024-03-02,3.98,2.02,17.02,308.15,85,100.2,18.43,3.166
2024-03-03,6.86,-0.62,145.87,233,70.3,102.3,0,3.551
2024-03-04,7.02,0.54,75.22,285.01,79,101.7,6,2.292
2024-03-05,11.81,3.01,50.49,322.18,84.4,99.3,5.38,4.986
2024-03-06,5.86,0.4,116.3,262.55,71.5,101.3,2.44,1.203
2024-03-07,13.79,2.84,87.25,309.01,87.4,99.9,6.28,2.263
2024-03-08,10.15,5.01,95.15,289.76,85.5,100.9,0.31,2.486
2024-03-09,10.6,5.67,39.85,333.93,97.6,100.7,8.75,2.741
2024-03-10,15.96,9.39,147.27,309.82,86.4,100,2.22,2.066
2024-03-11,13.99,9.82,105.16,327.3,85.7,99.9,0.37,2.598
2024-03-12,12.95,7.66,102.48,296.81,80,100.4,0.59,3.682
2024-03-13,13.3,6.96,124.19,301.57,83.8,100.9,1.11,3.687
2024-03-14,11.47,8.4,98.63,311.58,90,100.2,5.69,2.232
2024-03-15,10.88,6.27,123.94,285.79,75,99.3,1.47,6.385
2024-03-16,10.32,4.87,111.35,284.73,72.1,101,2.05,5.287
2024-03-17,9.26,4.17,117.71,281.68,68.6,102,0.1,5.247
2024-03-18,13.66,5.49,88.87,328.37,86.9,101.7,2.95,4.619
2024-03-19,14.33,9.21,115.34,323.34,85.3,100.8,0.19,3.537
2024-03-20,13.55,9.97,49.54,337.26,92,100,11.44,4.86
2024-03-21,13.6,8.12,113.76,306.41,86.9,99.4,1.7,4.28
2024-03-22,11.05,7.22,131.12,297.58,63.6,99.4,0.74,6.689
2024-03-23,10.59,5.04,144.98,284.04,69.1,98.6,0.95,3.094
2024-03-24,10.08,3.73,107.55,297.96,80.9,98.8,1.5,1.436
2024-03-25,6.52,2.11,95.74,279.67,68.3,100.1,0.37,3.262
2024-03-26,6.36,-1.43,186.35,224.95,62.1,100.8,0.05,4.275
2024-03-27,6.66,-1.35,177.79,249.13,71,101.3,1.17,5.582
2024-03-28,10.44,2.45,63.21,309.22,90.2,100.5,13.76,4.165
2024-03-29,10.04,3.96,161.15,279.99,74.9,99.8,0.53,5.182
2024-03-30,6.93,2.25,120.86,273.4,75.5,100.1,0.96,1.556
2024-03-31,6.86,1.78,118.47,280.23,71.7,100.8,1.36,0.775
2024-04-01,6.59,0.86,166.23,256.52,73.5,100.4,0.15,5.414
2024-04-02,8.38,-0.89,181.43,245.16,61.2,101.5,0.56,5.817
2024-04-03,9.13,1.44,187.37,256.75,71.3,102.6,0,0.439
2024-04-04,7.47,4.9,36.13,314.58,78.6,101,4.74,6.181
2024-04-05,12.96,7.29,87.92,328.63,94.5,99.6,14.73,1.457
2024-04-06,12.41,7.87,116.79,308.83,91.4,99.3,0.93,2.356
2024-04-07,12.17,6.88,129.23,301.33,86.3,99.5,1.92,2.056
2024-04-08,12.19,4.62,147.86,293.35,73.1,100.3,0.32,3.347
2024-04-09,12.82,6.04,130.96,293.66,78.8,100.4,2.81,3.779
2024-04-10,11.14,7.45,87.36,332.46,91.1,100.3,8.57,2.158
2024-04-11,12.3,7.25,159.38,310.47,82,99.4,7.51,1.364
2024-04-12,11.96,6.76,184.27,293.11,79.5,99.7,2.37,3.045
2024-04-13,12.98,6.82,156.53,304.17,86.4,100,4.04,3.421
2024-04-14,13.14,6.43,185.69,298.91,84.5,100.1,5.85,1.84
2024-04-15,12.97,6.25,185.23,297.88,88,101.2,0.26,3.233
2024-04-16,11.17,6.3,175.47,303.67,76.6,101.9,0,3.067
2024-04-17,12.93,4.73,161.97,302.64,74.3,101.5,0.34,1.497
2024-04-18,11.01,7.72,159.75,314.39,76.5,101.2,0.9,2.82
2024-04-19,11.69,7.07,120.96,312.61,77.2,101.6,1.47,4.418
2024-04-20,14.04,6.89,134.24,313.45,74.2,101.5,0.06,5.237
2024-04-21,15.68,8.85,153.2,318.55,72.3,101.5,0.06,6.775
2024-04-22,16.44,10.75,142.57,333.41,79.4,101.2,1.47,5.989
2024-04-23,16.94,11.21,197.29,326.79,77.5,100.8,0.41,4.604
2024-04-24,12.7,7.21,136.73,312.03,72.5,100.7,4.19,3.714
2024-04-25,12.43,4.85,200.14,272.35,68.7,100.9,1.55,3.001
2024-04-26,10.29,4.77,158.11,292.39,80.6,100.8,4.27,2.736
2024-04-27,10.56,5.26,83.14,309.32,91.6,100,7.88,1.649
2024-04-28,12.2,6.88,151.54,304.49,78.2,99.6,2.6,4.657
2024-04-29,12.22,6.05,141.96,306.38,80.8,100.4,16.44,2.796
2024-04-30,12.47,6.85,115.95,316.74,82.4,100,7.12,4.121
2024-05-01,12.69,5.78,174.86,297.57,75.7,100.7,1.74,1.998
2024-05-02,12.49,8.44,103.83,325.08,89.2,99.2,7.67,1.875
2024-05-03,14.28,7.7,221.76,316.14,69.3,100.1,2.66,7.396
2024-05-04,18.05,9.99,215.35,338.68,80.2,100.5,3.67,3.981
2024-05-05,17.25,12.03,207.65,335.39,86.3,101,2.35,1.266
2024-05-06,18.02,11.29,154.36,329.23,85.1,100.9,2.34,1.403
2024-05-07,15.16,9.37,105.91,313.77,82.9,101.4,0.17,1.849
2024-05-08,15.21,7.58,227.67,291.67,71.9,101.9,0.18,1.735
2024-05-09,14.42,9.26,167.43,321.59,83.6,101.7,1.96,1.698
2024-05-10,15.51,9.51,136.58,331.13,77.4,101.2,5.54,4.971
2024-05-11,14.7,8.12,191.61,307.77,72.3,100.9,0.59,5.414
2024-05-12,15.93,9.49,226.55,310.03,75.1,101.6,0.23,4.049
2024-05-13,13.31,8.13,192.79,309.24,71.5,101.4,10.31,3.67
2024-05-14,12.95,7.11,190.84,297.97,71,101.2,1.77,4.524
2024-05-15,10.75,5.63,174.26,288.37,78,101.4,1.69,2.708
2024-05-16,11.35,5.37,166.91,299.75,76.5,101.9,0.36,2.372
2024-05-17,10.49,5.04,133.11,310.99,83.6,102,2.86,0.622
2024-05-18,17.43,10.17,227.45,326.04,76.9,101.4,0.27,4.287
2024-05-19,16.77,8.92,240.84,303.05,76.9,102.3,0.09,0.203
2024-05-20,13.54,8.54,280.83,284.5,79.9,102.7,0,6.118
2024-05-21,16.22,11.61,319.94,292.31,80.5,102.1,0,5.543
2024-05-22,23.87,14.59,269.26,350.21,78.4,101.3,1.33,0.611
2024-05-23,20.23,12.85,250.02,327.04,68.6,101.4,0.25,2.428
2024-05-24,15.4,10.04,180.47,322.54,59.4,101.6,0.1,3.935
2024-05-25,15.47,9.26,215.73,303.32,68.5,101.6,1.15,4.846
2024-05-26,13.81,5.25,170.32,292.84,76.7,102.5,1.01,1.273
2024-05-27,13.71,4.17,297.36,272.15,71.6,102.3,0,0.511
2024-05-28,17.57,11.49,179.76,341.89,73.3,101.2,0.94,3.801
2024-05-29,13.51,8.93,181.06,308.65,65,101.1,0.17,6.727
2024-05-30,11.62,7.26,168.64,305.89,70.9,101.6,1.06,3.085
2024-05-31,12.3,7,173.89,304.15,66.9,101.6,0.66,1.893
2024-06-01,12.99,6.74,179.14,302.44,62.9,101.6,0.25,0.71
2024-06-02,11.34,6.1,169.32,300.8,78.3,101.7,3.25,2.202
2024-06-03,14.83,6.34,157.59,312.8,75.9,101.4,0.71,1.378
2024-06-04,16.23,10.04,196.01,325.42,81.4,100.6,3.68,1.952
2024-06-05,18.61,12.1,203.86,332.83,78.6,100,1.87,2.635
2024-06-06,16.67,8.82,241.8,299.08,70,100.3,2.14,5.639
2024-06-07,13.83,7.3,154.87,302.04,71,101.1,1.7,1.559
2024-06-08,12.94,7.06,165.02,302.97,72.5,101.1,1.09,6.869
2024-06-09,14.31,8.81,165.17,320.85,79.7,101.3,0.98,2.34
2024-06-10,14.66,7.36,211.22,296.26,74.3,102.1,0.12,1.903
2024-06-11,14.01,7.38,175.93,322.62,79.6,101.7,4.37,2.261
2024-06-12,12.58,9.05,116.76,330.61,77.7,101.5,5.38,1.979
2024-06-13,12.66,8.11,179.63,311.78,67.5,101.9,0,2.183
2024-06-14,11.91,8.2,186.8,318.21,72.4,101.3,0.08,2.167
2024-06-15,15.32,6.7,192.76,308.7,78.4,100.8,0.47,1.466
2024-06-16,16.35,9.71,178.5,317.77,82.2,101.3,3.58,1.352
2024-06-17,17.75,8.39,263.15,301.67,71.6,102.4,0.08,1.682
2024-06-18,20.89,11.08,221.07,342.16,80.1,102.7,0.46,1.366
2024-06-19,22.73,14.56,244.95,353.5,84.9,102.4,0.27,0.239
2024-06-20,20.56,14.24,192.64,360.39,92.8,101.4,9.48,0.338
2024-06-21,18.91,13.1,193.39,344.11,79.5,99.9,1.17,3.249
2024-06-22,15.87,10.48,171.43,324.11,74.4,100,2.15,4.32
2024-06-23,18.22,8.62,260.44,299.86,66.1,100.8,0.37,3.166
2024-06-24,19.08,12.6,197.78,344.4,82.8,101,3.65,2.367
2024-06-25,19.8,14.23,189.59,346.84,81.1,100.9,1.05,1.143
2024-06-26,19.78,13.01,288.28,324.51,69.7,100.9,1.91,2.477
2024-06-27,19.76,12.64,254.21,314.95,64.5,101.3,0.09,3.31
2024-06-28,16.81,13.84,112.9,348.58,84.2,101.2,7.29,1.873
2024-06-29,16.73,13.15,104.43,356.72,95.3,101.2,20.37,0.357
2024-06-30,18.78,12.24,195.39,347.62,86.8,101.6,3.67,1.518
2024-07-01,18.28,10.89,302.57,311.62,85.9,102,0.4,2.347
2024-07-02,19.59,12.55,274.75,336.54,81.9,101.9,0.41,1.192
2024-07-03,19.12,14.68,99.8,361.68,92.6,101.5,12.9,1.768
2024-07-04,19.09,13.11,271.51,319.43,76,101.4,0.27,0.288
2024-07-05,18.2,12.07,226.63,320.07,79.9,100.9,4.77,2.884
2024-07-06,17.46,11.53,230.08,309.68,75.5,100.9,7.33,4.008
2024-07-07,20.13,11.05,282.63,318.35,70.8,101.3,0.57,4.056
2024-07-08,20.36,11.52,269.12,314.14,73,101.5,0.15,2.877
2024-07-09,18.21,11.64,185.6,318.9,79,101.5,0.22,1.504
2024-07-10,18.32,10.32,277.27,301.55,71.1,101.7,0,1.503
2024-07-11,17.99,9.7,219.73,311.04,78,102,0.33,1.56
2024-07-12,18.86,11.29,245.13,318.87,74.1,102.1,0.21,1.067
2024-07-13,21.91,11.44,293.41,317.91,73.8,101.8,2.15,1.08
2024-07-14,20.48,14.66,170.25,355.69,86.3,101.2,4.86,1.876
2024-07-15,21.22,14.76,166.72,350.24,86.5,100.8,6.61,2.03
2024-07-16,18.87,14.16,196.41,357.87,87.5,101.5,7.47,1.965
2024-07-17,22.5,12.43,235,346.15,74.1,102.1,0.11,1.509
2024-07-18,24.4,16.78,192.75,376.03,80.6,101.6,2.99,4.412
2024-07-19,22.47,16.74,182.86,370.49,79.5,101.1,2.28,2.69
2024-07-20,21.17,14.74,187.13,356.68,82.2,101,5.67,0.381
2024-07-21,19.76,13.97,144.03,341.99,87.6,101.1,6.92,0.637
2024-07-22,18.95,12.21,230.17,315.02,73.3,101.6,0.33,1.974
2024-07-23,17.93,11.08,197.31,317.07,74.4,102.2,0.27,1.242
2024-07-24,19.67,9.65,237.12,307.14,76.8,102.3,0.41,0.381
2024-07-25,20.16,12.88,276.22,317.05,78.6,102.3,0.52,1.279
2024-07-26,22.42,15.07,206.27,355.96,85.4,102.2,3.19,0.424
2024-07-27,23.51,14.55,277.03,342.51,86.7,102.4,7.51,0.235
2024-07-28,23.77,15.42,223.51,346.98,80.1,101.8,2.17,3.045
2024-07-29,19.05,12.57,229.97,315.23,77.5,101.6,2.28,2.191
2024-07-30,20.92,11.67,249.78,315.86,68.3,101.7,0.01,2.784
2024-07-31,21.48,13.09,234.09,328.02,71.2,101.2,0.44,3.706
2024-08-01,22.05,14.5,218.46,340.39,74.1,100.8,0.85,4.687
2024-08-02,22.23,13.97,221.53,332.07,71.1,100.3,0.13,4.981
2024-08-03,22.3,14.16,253.59,332.89,70.4,100.6,2.77,4.155
2024-08-04,21.85,14.98,260.45,328.66,68.1,100.5,0.52,4.402
2024-08-05,20.19,13.32,256.22,308.74,67.7,101,1.26,4.889
2024-08-06,20.92,12.35,254.22,309.84,67.9,101.8,0.77,4.028
2024-08-07,20.83,11.16,219.41,312.04,68.6,102.4,0.47,1.437
2024-08-08,17.72,10.89,222.84,307.43,75.6,102.6,1.89,0.808
2024-08-09,19.22,10.9,236.5,305.83,69.6,102.4,0.32,0.708
2024-08-10,22.95,11.86,270.87,306.77,64.2,102.2,0,2.456
2024-08-11,22.28,13.99,264.82,316.11,62.8,102,0,1.714
2024-08-12,24.74,13.51,279.62,317.58,63.7,101.5,0,2.063
2024-08-13,23.74,16.91,232.14,349.87,76.6,101.2,1.75,1.784
2024-08-14,22.97,15.5,182.96,343.33,65.9,101.6,0.26,2.279
2024-08-15,24.21,13.66,229.83,333.03,75.4,102,0,1.439
2024-08-16,24.68,16.52,217.57,354.25,77.8,101.7,0.85,0.781
2024-08-17,24.37,15.77,247.91,332.43,72.3,102,0.77,1.271
2024-08-18,23.32,12.71,243.76,311.48,64.4,102.3,0.07,1.898
2024-08-19,25.21,13.85,240.56,332.38,67.9,102,0,1.989
2024-08-20,25.43,15.37,241.36,340.13,67,101.3,0,2.81
2024-08-21,23.26,15.3,212.75,327.02,62.5,101.2,0.03,4.014
2024-08-22,22.79,12.51,224.28,308.79,61.8,101.9,0,3.381
2024-08-23,23.44,13.94,189.18,334.55,65.6,101.4,0.51,4.083
2024-08-24,21.19,9.54,225.1,300.33,72,101.8,0.06,2.44
2024-08-25,21.17,8.6,210.68,308.48,65.4,102.1,0.06,1.433
2024-08-26,23.75,14.28,222.53,326.79,60.4,101.4,0.04,3.713
2024-08-27,22.48,12.55,204.66,324.32,63.4,101.5,0.04,3.046
2024-08-28,25.29,17.24,148.08,367.06,74,100.8,0.74,6.332
2024-08-29,21.08,12.58,243.78,293.71,58,101.1,0,4.767
2024-08-30,22.44,11.5,166.35,330.42,61.8,101.3,0.01,3.76
2024-08-31,21.81,12.3,153.68,338.92,69.2,100.7,0.33,3.741
2024-09-01,21.18,13.09,140.98,346.15,76.6,100,0.61,3.413
2024-09-02,16.46,11.9,71.06,348.7,76.1,100,13.7,5.862
2024-09-03,14.85,9.69,136.9,315.3,66.2,101.5,1.84,3.962
2024-09-04,17,10.17,170.22,296.52,77.3,101.1,0.4,3.207
2024-09-05,15.49,7.41,149.12,288.19,70.2,101.9,0,2.02
2024-09-06,17.56,6.09,163.71,305.6,70,101.4,3.28,1.696
2024-09-07,15.89,10.46,161.23,303.04,83.1,101,2.11,1.81
2024-09-08,17.32,10.04,189.91,301.87,72,101.5,0.06,4.197
2024-09-09,18.57,11.47,181.16,313.1,77.9,101.9,0.53,1.168
2024-09-10,16.81,10.41,71.22,337.08,83,102.3,0.54,0.453
2024-09-11,20.56,12.68,187.86,318.99,70.7,102.1,0.33,1.336
2024-09-12,20.4,10.25,179.85,316.77,74,101.9,0,0.712
2024-09-13,19.65,15.83,158.49,329.73,76.1,102.2,0.07,5.095
2024-09-14,18.77,15.05,217.14,294.2,66.2,102.8,0,6.887
2024-09-15,17.82,14.41,215.33,291.18,65,103.2,0,8.086
2024-09-16,18.07,14.2,182.32,322.5,74.8,103.2,0,6.274
2024-09-17,19.86,13.31,194.22,323.2,79.2,102.5,0.05,2.224
2024-09-18,18.06,12.97,107.35,352.72,88.7,102.1,0.67,2.466
2024-09-19,18.52,14.57,116.22,337.23,80.4,101.7,1.06,5.695
2024-09-20,17.78,14.48,198.77,297.31,67.2,101.5,0,6.659
2024-09-21,19.58,14.55,183.42,325.19,80,101.2,1.17,4.89
2024-09-22,20.71,13.57,110.75,349.7,91.7,100.7,21.73,0.313
2024-09-23,18.26,13.12,120.44,348.54,94.7,100.6,2.23,0.605
2024-09-24,20.01,14.9,117.26,348.38,79.2,100.3,0.11,2.24
2024-09-25,20.2,13.56,150.5,334.07,76.3,99.9,2.44,2.884
2024-09-26,16.34,11.25,122.85,306.38,84,100.4,1.23,4.848
2024-09-27,16.59,8.83,135.42,301.27,74.9,101.9,0,3.269
2024-09-28,16.41,8.98,79.21,324.57,81.6,102.5,0.56,2.001
2024-09-29,15.26,7.93,108.67,298.11,75.1,103.1,0,0.924
2024-09-30,17.03,7.05,163.74,295.54,74.2,103,0.06,1.876
2024-10-01,15.98,10.37,96.09,334.03,87.8,102.7,0.73,0.912
2024-10-02,16.67,11.09,77.68,350.01,89.9,102.6,1.49,0.691
2024-10-03,17.14,11.87,128.91,328.99,84.5,102.5,0.01,1.668
2024-10-04,18.68,10.87,137.94,311.56,83,102.1,0.01,1.83
2024-10-05,19.18,8.8,149.98,296.63,84.5,101.9,0,0.446
2024-10-06,19.83,12.17,152.71,310.73,85.9,101.5,0,1.913
2024-10-07,20.78,15.62,134.51,338.45,82,101.3,0.07,1.894
2024-10-08,19.94,15.46,137.18,326.29,80.7,101,0,3.376
2024-10-09,18.97,14.56,110.74,331.9,86.9,100.3,7.15,2.55
2024-10-10,18.93,11.88,135.07,303.64,86.9,101.1,0.16,1.827
2024-10-11,19.22,9.89,135.38,302.68,83,101.9,0,1.378
2024-10-12,19.2,14.46,49.5,367.33,88.9,101.6,1.87,2.981
2024-10-13,14.95,13.89,23.08,364.55,96,101.8,16.41,3.71
2024-10-14,16.46,13.88,117.14,338.65,87.1,102.5,0,3.374
2024-10-15,18.53,14.48,70.49,360.8,89,102.5,0.05,2.104
2024-10-16,19.72,14.22,99.46,340.7,90.8,102.2,0.12,2.604
2024-10-17,17.53,10.58,89.61,327.7,79.3,101.1,1.22,5.747
2024-10-18,12.33,7.71,76.71,287.12,70.2,100.4,0.29,6.239
2024-10-19,12,6.41,102.54,268.73,71.9,100.7,0.05,4.74
2024-10-20,10.17,4.98,97.96,265.08,76.2,101.5,0.19,4.21
2024-10-21,12.56,2.94,72.68,295.87,82.1,101.6,1.82,4.268
2024-10-22,16.79,8.95,78.91,320.93,84,101.2,2.42,6.249
2024-10-23,11.58,5.92,102.47,264.02,80.5,102.4,0,3.012
2024-10-24,12.2,5.05,75.4,292.1,79.8,103,0.1,1.001
2024-10-25,13.42,5.71,89.84,296.23,76.2,103,0,2.37
2024-10-26,11.01,7.76,105.41,269.6,66.7,102.9,0,7.131
2024-10-27,10.18,7.65,56.09,318.68,66.6,102.7,0.23,7.137
2024-10-28,12.2,9.4,48.88,336.34,81.3,102.2,1.68,4.511
2024-10-29,13.05,9.56,48.79,341.4,90.7,101.9,2,2.718
2024-10-30,11.89,8.26,56.76,319.28,85.7,102,0.05,1.028
2024-10-31,11.49,8.33,45.95,324.17,90.8,102.1,0.88,1.179
2024-11-01,11.08,8.41,35.21,328.86,95.8,102.2,1.71,1.578
2024-11-02,13.47,8.09,45.71,339.33,96.1,102.4,0,1.208
2024-11-03,13.78,11.09,41.6,346.74,95,101.9,4.91,2.124
2024-11-04,11.1,8.41,29.3,327.9,85.8,100.4,7.18,4.349
2024-11-05,9.51,8.3,25.93,330,93.4,99.5,14.14,1.813
2024-11-06,9.96,8.24,30.36,327.27,89.5,100.2,5.97,5.526
2024-11-07,9.63,6.47,29.61,318.54,76.1,102,1.08,4.87
2024-11-08,10.28,6.58,41.9,319.23,89.4,102.2,1.82,4.237
2024-11-09,11.37,8.02,49.71,313.38,85.4,101.9,0.84,3.513
2024-11-10,11.71,7.12,49.77,301.38,86.9,102.2,0.08,3.562
2024-11-11,11.28,7.14,45.67,298.34,84.7,102,0.26,3.658
2024-11-12,8.93,4.95,69.61,278.65,80.5,102.2,0,4.344
2024-11-13,11.26,7.12,48.02,298.02,87.3,101.6,0,5.093
2024-11-14,10.86,8.35,27.21,331.94,93.7,101.4,16.35,0.459
2024-11-15,12.5,6.72,13.86,337.22,93.3,101.1,5.41,1.985
2024-11-16,8.97,6.33,30.82,319.32,86.4,101.7,2.66,2.148
2024-11-17,12.22,6.79,29.84,331.81,89.5,100.7,8.17,2.551
2024-11-18,13.32,5.02,35.86,320.03,83,99.6,7.64,5.221
2024-11-19,6.01,2.83,56.3,263.88,76.5,101.5,0.09,4.679
2024-11-20,6.27,1.64,52.12,262.84,84.6,102.1,0.91,4.717
2024-11-21,4.85,-0.61,45.05,254.13,88.6,102.6,0.83,3.123
2024-11-22,8.97,-0.76,27.64,307.81,96.7,102.5,0.63,2.46
2024-11-23,11.91,8.78,31.1,324.41,93.3,102.2,0,4.598
2024-11-24,13.79,10.61,45.08,323.31,91.1,102.3,0,4.984
2024-11-25,12.81,10.65,25.76,342.27,94.9,102.4,0.23,3.85
2024-11-26,13.07,9.57,20.2,335.83,96,102,0.49,3.172
2024-11-27,12.56,9,7.46,325.29,90,100.2,3.89,5.356
2024-11-28,14.94,10.99,11.55,348.89,91.4,98.7,32.25,4.418
2024-11-29,12.3,5.28,33.09,294.76,75.1,98.6,6.03,6.538
2024-11-30,5.98,3.14,15.45,274.55,75.9,99.6,1.26,7.126
2024-12-01,5.21,-2.03,51.27,228.8,81.4,101.4,0.01,3.698
2024-12-02,7.49,-2.26,15.56,289.39,72.8,101.8,0,2.058
2024-12-03,6.95,4.67,26.73,275.89,75.6,100.7,0,3.423
2024-12-04,9.43,6.75,32.68,286.02,86.5,100.2,0,1.897
2024-12-05,9.93,6.51,20.81,318.16,94.7,100.7,0.45,2.277
2024-12-06,9.75,4.68,33.22,304.3,96.6,101.8,0.02,1.066
2024-12-07,8.99,5.61,22.66,326.89,93.7,101.9,0.12,2.69
2024-12-08,7.68,4.59,21.48,312.5,84.9,101.8,0.94,5.667
2024-12-09,4.65,1.42,22.31,293.82,77.8,102.3,0.63,6.128
2024-12-10,3.04,-1.38,32.52,262.03,81.5,102,0.05,2.792
2024-12-11,2.4,-2.31,23.01,277.06,88.1,101.7,0.1,1.765
2024-12-12,12.67,-0.28,9.29,335.05,94.4,100.4,17.83,2.277
2024-12-13,13.78,7.31,36.54,307.05,90.3,99.5,1.73,5.652
2024-12-14,13.35,7.42,32.18,323.53,88.2,99.6,10.32,5.383
2024-12-15,9,6.47,31.08,285.17,86.5,101.1,0.48,4.905
2024-12-16,10.33,8.43,23.41,312.62,85.1,100.4,0,2.373
2024-12-17,10.54,5.91,18.8,302.95,89,99.9,1.88,1.937
2024-12-18,10.28,4.58,14.27,310.57,91.5,100.9,1.93,2.589
2024-12-19,13.18,10.11,14.39,334.62,80.8,100.6,3.46,4.394
2024-12-20,14.98,8.64,21.06,329.63,86.2,101.4,3.25,5.293
2024-12-21,12.87,7.17,22.35,325.56,90.8,101.6,5.82,4.009
2024-12-22,13.13,6.43,29.66,294.18,80.5,101.5,0.1,6.926
2024-12-23,14.12,6.78,24.54,304.69,75.5,100.7,2.85,7.826
2024-12-24,13.5,7.01,25,324.99,74.9,101.3,0.08,6.303
2024-12-25,8.62,6.68,26.22,307.6,65.4,101.2,0.14,8.979
2024-12-26,8.08,3.73,29.58,282.07,68.7,101.8,0,5.956
2024-12-27,7.31,1.24,19.78,293.4,86.1,102.1,2.72,2.404
2024-12-28,7.61,4.27,11.38,308.59,94.8,100.2,6.84,3.164
2024-12-29,7.69,4.37,40.66,272.83,78.9,100.6,0,6.365
2024-12-30,6.75,1.73,26.59,280.37,80,100.1,0.04,2.713
2024-12-31,5.56,0.31,28.39,265.06,79.2,101,0,3.82
2025-01-01,4.37,-1.11,30.22,250.41,78.5,101.9,0,5.369
2025-01-02,7.25,-2.91,32,269.49,88.9,102.3,3.37,1.479
2025-01-03,8.04,6.15,10.38,325.13,89.7,100.7,4.25,2.761
2025-01-04,12.2,3.85,15.63,308.89,91.5,100.2,2.82,5.755
2025-01-05,13.18,9.27,30.05,327.52,82.7,100,1.07,6.515
2025-01-06,14.09,8.89,19.92,339.83,88.2,100.3,2.09,6.48
2025-01-07,10.41,4.79,36.86,280.27,76.5,101.7,0,5.877
2025-01-08,8.15,2.98,33.58,270.21,80,103,0,4.788
2025-01-09,13.17,5.6,26.91,306.09,81,102.3,0.29,6.299
2025-01-10,6.86,3.28,24.14,299.77,71.9,103.4,0,2.81
2025-01-11,6.96,0.72,32.03,291.12,86.9,103.2,0.79,4.021
2025-01-12,9,6.28,29.48,317.3,96.7,102.9,1.05,2.562
2025-01-13,7.61,3.3,34.69,302.05,98.1,103.3,0.21,2.059
2025-01-14,7.92,5.69,28.11,318.38,96.5,103.5,0.53,2.324
2025-01-15,5.97,3.72,23.83,310.64,96,103.6,0.54,1.619
2025-01-16,9.48,3.38,37.81,298.05,93.6,103.7,0.54,2.872
2025-01-17,9.96,3.66,41.13,284.86,85.5,103.1,0,6.223
2025-01-18,9.87,4.68,29.45,301.04,90.9,102.6,0.16,3.814
2025-01-19,8.31,4.72,32.7,302.75,87.1,101.5,0.35,5.133
2025-01-20,5.13,-0.05,33.99,278,76.2,101,2.57,5.802
2025-01-21,5.11,-0.09,34.34,259.59,78.4,101.6,0.28,2.998
2025-01-22,6.93,-0.3,39.48,276.52,81.9,100.6,1.66,7.292
2025-01-23,5.03,2.27,31.7,289.31,81.6,100.9,3.01,5.119
2025-01-24,5.46,2,36.69,281.53,86.4,101.8,0.36,4.333
2025-01-25,3.69,0.2,31.58,282.61,84.8,101.9,1.37,3.899
2025-01-26,3,-0.69,29.31,294.51,89.4,102.1,11.44,1.469
2025-01-27,0.72,-4.52,36.74,268.05,98.4,102.8,1.05,0.735
2025-01-28,2.24,-3.04,28.46,284.97,96.6,103,1.04,1.842
2025-01-29,4.36,1.23,41.46,288.81,73.3,103.5,0.04,4.847
2025-01-30,3.96,0.28,42.38,284.89,78.7,103.7,0.07,1.103
2025-01-31,2.9,-0.97,49.89,283,81.2,103.1,0.1,4.303
2025-02-01,8.12,2.76,12.78,314.11,88.8,101.5,9.78,5.878
2025-02-02,8.23,3.84,60.16,274.12,77.7,101.1,1.13,7.284
2025-02-03,10.47,3.92,31.88,313.42,89.9,101,7.67,6.339
2025-02-04,6.01,0.53,74.7,255.23,81.2,101.9,0.49,2.762
2025-02-05,5.21,-0.12,53.23,267.14,84.8,102.7,0,2.627
2025-02-06,5.72,-0.68,64.76,264.91,85.5,102.5,0,4.177
2025-02-07,8.12,1.79,41.2,307.66,89.1,102.1,5.07,1.154
2025-02-08,3.01,0.75,38.75,283.29,69.7,102.9,0.76,4.374
2025-02-09,5.09,-0.17,56.36,271.39,66.2,103.4,0.04,3.832
2025-02-10,5.3,-0.27,43.95,298.15,91.9,103,1.15,4.453
2025-02-11,9.15,4.93,52.97,313.74,90.4,102,2.47,4.288
2025-02-12,6.27,3.35,42.21,296.94,85.8,102,0.14,2.851
2025-02-13,6.01,2.23,67.4,290.61,81.3,101.3,0.46,1.242
2025-02-14,4.49,1.45,43.5,295.25,80.7,100,0.3,2.832
2025-02-15,1.67,-1.78,28.54,293.18,95.8,99.9,12.15,3.506
2025-02-16,-1.03,-3.21,17.42,290.11,99.1,101.1,13.63,2.906
2025-02-17,-1.72,-3.34,20.08,288.7,100,100.9,17.52,2.013
2025-02-18,-1.46,-3.45,26.1,280.14,99.2,100.8,6.5,1.943
2025-02-19,0.13,-4.99,44.31,253.32,97.1,101.2,0.66,1.809
2025-02-20,0.07,-6.57,44.38,257.94,84.8,100.9,0.43,3.713
2025-02-21,0.12,-8.88,64.29,241.44,98.2,101,0.14,2.337
2025-02-22,1.22,-6.61,63.68,250.81,90.4,101,0.1,3.765
2025-02-23,0.22,-1.47,77.2,248.77,81.4,100.2,0,11.147
2025-02-24,0.25,-1,42.14,296.13,95.1,99.4,2.65,6.06
2025-02-25,1.9,-0.66,63.75,282.83,89.2,100.6,1.43,2.051
2025-02-26,3.53,-1.9,116.92,236.35,84.2,102.3,0,3.941
2025-02-27,3.7,-2.16,22.05,293.42,94.7,101.5,14.7,1.238
2025-02-28,2.79,0.4,61.41,296.53,87.4,101.8,1.23,4.022
2025-03-01,3.47,-0.45,65.81,292.1,80.1,102.3,1.19,6.657
2025-03-02,9.19,2.28,67.23,312.68,94.9,100.4,5.04,1.432
2025-03-03,10.45,5.77,87.03,305.63,83.5,99.6,4.67,6.569
2025-03-04,9.07,5.9,63.67,320.34,84.3,100.2,1.93,5.087
2025-03-05,7.65,3.29,58.27,288.62,88.1,101.1,2.38,4.42
2025-03-06,8.75,3.16,85.69,301.58,85.3,102.1,0.12,2.54
2025-03-07,13.04,4.45,139.34,291.23,85.2,102.4,0.42,3.919
2025-03-08,12.8,6.04,103.14,305.56,81.8,102.3,0.04,4.3
2025-03-09,10.49,5.67,93.89,308.83,87.5,101.5,0.07,0.819
2025-03-10,10.64,6.41,95.35,309.98,87.7,99.3,4.14,2.2
2025-03-11,10.61,6.25,87.49,309.3,86.4,98.3,6.12,7.352
2025-03-12,7.08,3.58,48.07,299.84,88.3,99.4,5.22,6.623
2025-03-13,7.55,3.04,100.33,288.03,89,100.2,1.67,0.772
2025-03-14,6.53,3.07,107.1,293.17,78,99.9,1.8,2.457
2025-03-15,6.73,1.44,98.24,275.32,76.6,101.5,0.61,3.247
2025-03-16,10.39,1.58,36.76,318.88,90.9,100.9,5.07,5.162
2025-03-17,10.82,6.48,146.78,291.77,64.4,99.9,2.58,8.684
2025-03-18,8.16,4.24,100.72,295.22,77.8,100.6,2.57,4.885
2025-03-19,11.77,3.2,33.17,319.71,93.6,100.6,6.58,1.455
2025-03-20,14.91,10,138.88,331.56,83.9,99.8,2.66,5.048
2025-03-21,10.73,5.71,124.44,289.6,82.5,99.5,6.79,4.18
2025-03-22,10.31,6.23,125.77,296.83,72.7,99.2,3.19,3.854
2025-03-23,9.54,3.01,157.34,275.87,83.7,99.4,4.73,2.228
2025-03-24,8.57,5.84,84.13,297.53,88.4,98.7,3.68,2.331
2025-03-25,7.99,4,108.88,300.2,75.4,99.7,1.89,1.713
2025-03-26,10,2.49,180.86,261.25,72.7,99.8,0.04,1.921
2025-03-27,10.85,1.49,169.8,261.64,66.7,100.3,0.18,3.179
2025-03-28,8.57,2.35,108.19,284.11,79.2,100,4.79,1.496
2025-03-29,8.59,-0.76,215.41,240.08,74.8,100.5,0,1.963
2025-03-30,5.58,3.5,36.7,314.07,89.5,99.7,16.88,7.025
2025-03-31,6.32,0.94,98.7,287.65,82.1,99.9,1.29,1.72
2025-04-01,6.76,-0.97,119.87,259.86,80.8,100.4,0.22,2.035
2025-04-02,7.49,-1.29,119.91,278.82,85,100.2,0.63,0.766
2025-04-03,7.11,0.97,157.78,262.11,72.3,100.3,0.05,1.855
2025-04-04,6.19,2.65,48.53,306.29,89.8,99.8,15.57,3.841
2025-04-05,6.59,3.05,75.95,307.7,79.1,101,0.33,6.168
2025-04-06,6.03,4.44,71.4,319.52,93.9,101,5.53,5.392
2025-04-07,8.3,4.79,102.21,319.54,92.9,100.7,0.62,2.122
2025-04-08,9.23,4.28,118.97,312.92,82.5,100.9,3.09,2.526
2025-04-09,11.17,6.97,154.01,310.98,84.6,100.8,1.54,4.988
2025-04-10,12.23,6.06,155.27,293.54,70.3,101.7,0.24,3.845
2025-04-11,10.69,3.9,159.57,286.5,79.3,101.8,0.37,0.865
2025-04-12,8.69,6.05,128.29,297.46,72.8,101.5,0.06,6.335
2025-04-13,6.71,3.48,176.79,275.14,60.3,102.3,0.09,6.263
2025-04-14,6.83,3.45,155.43,281.2,63,103,0.18,1.938
2025-04-15,13.04,3.72,120.52,322.88,83.7,102.4,4.09,3.765
2025-04-16,10.12,6.17,122.6,320.63,78.3,102.2,1.35,3.71
2025-04-17,6.91,4.14,204.62,267.63,56.3,102.7,0.05,7.012
2025-04-18,4.62,2.24,126.62,276.8,51.2,102.6,0.03,7.148
2025-04-19,4.97,2.46,185.36,272.65,49.7,102.4,0.11,7.736
2025-04-20,6.73,0.46,182.16,257.13,57.1,102.5,0.25,4.905
2025-04-21,7.28,-0.86,188.77,268.14,63.7,102.2,0.12,4.102
2025-04-22,7.12,3.27,122.31,298.3,71.8,101.7,0.14,3.718
2025-04-23,7.89,3.27,136.99,287.11,74,101.8,0.2,2.317
2025-04-24,12.31,2.83,194.95,290.75,75.5,101.4,0.05,2.299
2025-04-25,15.27,9.42,251.22,304.48,78.8,100.9,3.3,1.881
2025-04-26,16.89,9.23,251.35,309.09,74.2,101.2,0.63,3.488
2025-04-27,15.72,12.36,105.6,349.66,91.4,101.6,2.43,3.092
2025-04-28,19.23,12.66,184.9,329.64,83.6,101.9,0,2.034
2025-04-29,19.69,10.04,263.01,312.9,85,102.3,1.22,0.708
2025-04-30,11.44,6.8,181.79,297.75,71.8,103.4,0.11,2.979
2025-05-01,10.1,4.98,189.46,288.96,70.9,103,0.14,3.823
2025-05-02,11.58,4.15,289.41,253.6,76.3,102.2,0,3.775
2025-05-03,9.64,6.31,197.19,299.68,68.6,102.2,0.18,7.515
2025-05-04,10,7.18,229.24,279.12,74.4,102.3,0.05,6.545
2025-05-05,15.21,6.38,266.57,274.17,78.3,102,0,2.255
2025-05-06,13.86,6.73,308.31,262.1,77.5,102.1,0,3.82
2025-05-07,15.02,7.67,284.18,275.84,72.2,101.8,0,8.495
2025-05-08,17.56,10.73,249.57,312.26,75.4,101.3,0,5.531
2025-05-09,17.35,9.09,148.44,337.91,93.6,101.3,10.29,2.995
2025-05-10,17.21,11.91,183.84,343.26,93.9,101.1,0.35,2.438
2025-05-11,17.98,10.5,269.87,315.81,85.8,101.8,0.06,1.211
2025-05-12,17.2,8.78,251.52,297.28,81,102.2,0,0.292
2025-05-13,12.73,7.02,145.76,315.35,84.1,102.5,0.96,2.243
2025-05-14,13.32,5.7,161.4,298.33,71.8,102.3,8.98,2.341
2025-05-15,12.21,4.92,153.97,296.42,74.6,101.9,3.88,2.496
2025-05-16,11.65,4.63,167.83,305.38,81.9,101.7,2.99,2.203
2025-05-17,11.32,6.7,154.82,315.87,82,102.2,0.65,2.38
2025-05-18,14.14,7.26,206.89,309.47,77.7,102.4,2.37,3.678
2025-05-19,12.9,9.55,173.83,310.51,78.7,102.5,1.39,5.016
2025-05-20,17.52,8.87,313.67,282.92,72.4,102.3,0,2.521
2025-05-21,16.27,8.14,285.16,297.43,76.8,102.1,0.08,1.718
2025-05-22,13.85,7.68,232.83,302.14,75.2,102.1,0.68,1.612
2025-05-23,12.54,6.09,176.99,304.47,64.2,102.4,0.2,1.319
2025-05-24,12.52,4.63,253.41,277.59,68.4,102.4,0.12,1.225
2025-05-25,11.56,5.23,263.24,278.73,72.6,101.8,0,3.644
2025-05-26,14.2,7.22,152.2,315.21,89.6,101,4.66,1.34
2025-05-27,15.27,7.92,223.22,298.51,89.8,101.2,9.5,0.834
2025-05-28,16,7.75,264.6,309.19,84.4,101.5,0.14,2.848
2025-05-29,19.56,12.08,261.44,329.17,76.7,101.1,13.31,1.547
2025-05-30,16.46,9.59,248.22,305.51,76.9,100.9,0,1.685
2025-05-31,16.84,10.31,246.96,312.65,79.1,100.7,7.13,0.686
2025-06-01,17.21,11.04,245.7,319.81,81.3,100.5,14.25,0.995
2025-06-02,17.07,11.02,281.28,304.42,82.7,101,0.79,2.573
2025-06-03,18.42,11.2,187.14,327.09,80.8,101.2,2.59,1.358
2025-06-04,21.29,13.2,289.03,327.13,70.1,101.5,0.05,3.962
2025-06-05,18.27,12.38,217.11,340.85,79.2,102.2,5.23,1.366
2025-06-06,21.4,11.13,320.51,311.3,71.2,102.2,0,2.531
2025-06-07,16.93,10.08,223.81,306.83,66.7,102.1,0.18,3.229
2025-06-08,14.32,9.71,188.35,312.58,67.7,101.9,0.36,3.721
2025-06-09,14.65,9.57,168.98,323.68,81.8,101.9,1.07,2.154
2025-06-10,16.64,8.86,162.66,329.81,90,102.2,3.73,0.991
2025-06-11,17.09,11.96,177.73,351.55,93.3,102.5,3.71,1.562
2025-06-12,19.01,12.95,274.32,335.29,83.8,102.3,0,1.736
2025-06-13,20.9,13.9,294.26,321.56,83.1,102.1,0.27,1.144
2025-06-14,24.5,13.72,326.59,320.21,73.7,101.8,0,1.078
2025-06-15,23.54,13.73,261.63,338.69,76.5,101.5,0.56,3.238
2025-06-16,24.09,17.06,277.32,356.71,73.2,101.4,5.43,2.951
2025-06-17,22.78,14.97,241.28,347.27,81.2,101.8,7.73,1.577
2025-06-18,18.22,14.78,305.66,324.64,84.6,102.2,0,3.793
2025-06-19,20.19,12.72,330.58,304.86,76.4,102.4,0.02,1.583
2025-06-20,21.02,11.26,341.64,300.31,77.4,102.7,0,2.042
2025-06-21,19.12,13.69,303.33,311.88,82.4,102.9,0,4.585
2025-06-22,21.27,15.13,346.19,312.13,79.1,102.8,0,5.044
2025-06-23,20.79,14.58,344.69,309.43,81.6,102.7,0,4.647
2025-06-24,20.78,14.38,341.03,319.43,82.7,102.5,0,4.263
2025-06-25,20.86,14.61,325.37,334.78,87.6,102.3,0.13,4.253
2025-06-26,21.55,15.02,343.23,321.41,83,102.1,0.01,4.535
2025-06-27,23.3,16.15,356.14,302.92,71.7,101.9,0,4.85
2025-06-28,25.07,15.92,353.26,307.46,74.2,102.1,0,3.262
2025-06-29,29.41,13.38,347.25,324.07,67.6,102.5,0,1.175
2025-06-30,30.89,14.84,343.98,335.67,63.6,102.7,0,0.81
2025-07-01,23.5,15.68,278.95,334.6,75,103.1,0,4.274
2025-07-02,19.08,12.24,261.02,321.11,69.2,103.1,0.04,3.384
2025-07-03,26.22,10.09,309.48,322.26,70.1,102.3,0.14,0.541
2025-07-04,23.47,15.52,228.08,351.39,74.5,101.6,0.93,1.322
2025-07-05,23.98,16.1,235.58,355.74,77.6,101.6,2.98,0.245
2025-07-06,27.84,15.8,269.97,350.57,64.6,101.4,0.01,2.388
2025-07-07,25.03,16.4,333.33,322.31,65.6,101.7,0,1.248
2025-07-08,27.79,16.13,289.32,348.19,64.1,101.9,0,2.084
2025-07-09,22.68,15.72,198.43,359.81,80.3,102,0.12,0.623
2025-07-10,22.11,15.96,171.2,371.44,85.9,101.8,15.41,1.883
2025-07-11,21.66,15.26,273.77,334.36,81.8,101.8,0.19,2.733
2025-07-12,22.32,14.15,262.77,333.94,79.4,101.8,0.4,1.181
2025-07-13,28.45,16.67,284.75,350.58,63.5,101.5,0,1.906
2025-07-14,27.9,19.11,309.54,355.13,65.9,101.5,0,0.798
2025-07-15,29.45,20.06,326.14,356.95,63,101.3,1.69,1.743
2025-07-16,27.87,18.69,242.49,363.1,65.1,101.2,0.02,1.72
2025-07-17,26.44,16.92,279.48,338.61,69.2,101.4,4.13,2.651
2025-07-18,24.22,14.87,268.09,322.94,63.7,101.9,0.04,0.229
2025-07-19,28.3,18.02,329.45,335.61,60.4,101.9,0,1.315
2025-07-20,26.18,18.55,254.67,350.76,70.4,101.9,0.18,0.899
2025-07-21,30.66,18.73,295.38,356.71,59.2,101,0.35,3.728
2025-07-22,22.31,14.47,300.64,311.52,62,101.9,0,2.364
2025-07-23,23.96,13.8,310.75,322.2,75.1,102.4,0,2.28
2025-07-24,23.04,16.23,312.67,330.47,82.6,102.4,0.03,4.418
2025-07-25,22.34,17.4,252.33,356.18,88,101.9,0.14,4.694
2025-07-26,26.91,15.56,315.02,332.51,76.1,101.5,0,3.369
2025-07-27,29.94,13.89,318.63,326.83,69.6,101.6,0.06,1.647
2025-07-28,30.61,16.8,320.66,330.52,66.6,101.4,0,2.232
2025-07-29,25.63,14.04,279.47,328.27,67.9,101.4,0,1.452
2025-07-30,25.48,13.84,263.43,323.7,55.8,101.7,0.06,2.862
2025-07-31,25.51,14.84,250.02,329.12,61.3,101.7,0.29,1.953
2025-08-01,25.54,15.84,236.79,334.65,66.8,101.7,0.51,1.045
2025-08-02,28.3,15.92,211.85,355.17,73.8,101.5,3.08,2.468
2025-08-03,24.31,13.77,245.95,318.11,64.3,102,0.05,0.79
2025-08-04,29.39,16.3,276.18,340.79,55.8,102,0.06,1.554
2025-08-05,28.29,17.46,280.1,330.56,69.3,101.9,0,0.354
2025-08-06,28.03,15.46,258.13,334.19,78.7,101.8,0.09,1.085
2025-08-07,23.61,17.7,253.35,335.38,80.3,101.9,0.45,3.5
2025-08-08,30.8,17.81,236.03,360.24,63.5,101.9,0.32,1.024
2025-08-09,32.17,17.9,284.3,342.48,59.1,101.7,0,0.471
2025-08-10,27.59,17.7,238.5,342.59,64,101.6,0.06,1.232
2025-08-11,22.16,17.21,232.99,342.69,73.3,101.5,0.09,5.111
2025-08-12,26.38,14.86,226.32,335.41,69.8,101.2,2.97,1.1
2025-08-13,20.1,11.54,208.36,304.88,57.6,102.3,0.03,1.573
2025-08-14,20.49,10.32,278.1,287.22,59.9,102.8,0,3.712
2025-08-15,21.95,10.72,286.47,296.36,69,102.7,0,2.904
2025-08-16,22.32,12.93,284.6,301.34,70.5,102.4,0,3.131
2025-08-17,24.74,11.13,271.96,315.35,76.2,102.2,0.25,0.904
2025-08-18,25.43,14.74,270.6,323.15,72.4,102,0,2.859
2025-08-19,23.77,15.94,278.27,315.63,77.3,102.2,0,3.913
2025-08-20,22.38,15.09,263.75,311.65,79.6,102.2,0,4.134
2025-08-21,24.86,11.75,262.15,316.13,80.4,101.8,0,1.845
2025-08-22,26.98,16.28,180.69,361.36,77.3,101.8,0.39,0.449
2025-08-23,28.24,16.42,228.28,351.06,71.7,101.9,0.01,0.353
2025-08-24,27.34,17.34,259.86,339.94,76.5,101.6,0,2.479
2025-08-25,27.86,16.72,233.66,343.59,75.7,101,0,1.557
2025-08-26,23.6,17.71,128.07,356.84,79.7,100.9,5.75,3.045
2025-08-27,21.54,15.12,120.44,353.58,73.9,101.5,1.53,0.838
2025-08-28,21.3,13.13,142.02,344.31,76.6,101.1,2.45,2.59
2025-08-29,18.77,12.05,144.43,311.6,68.2,101.3,0.43,1.939
2025-08-30,20.03,12.44,184.74,318.2,69.7,101.6,0.38,2.2
2025-08-31,19.29,13,172.55,325.02,69,101.8,0.23,2.239
2025-09-01,18.56,13.56,160.53,331.9,68.3,102,0.07,2.572
2025-09-02,19.18,14.73,183.1,334.14,67.9,102.3,0.07,4.473
2025-09-03,21.76,15.1,241.35,307,74.3,102.5,0,6.196
2025-09-04,22.26,17.46,241.89,305.08,67.9,102.4,0,6.902
2025-09-05,21.67,16.89,241.15,295.41,61.2,102.4,0,6.857
2025-09-06,21.76,15.87,236.46,290.96,63.3,102.5,0,5.831
2025-09-07,23.73,16.01,228.73,299.57,71.6,102.5,0,4.678
2025-09-08,23.69,16.01,225.79,299.81,76.2,102.4,0,4.624
2025-09-09,23.82,15.98,204.8,307.65,73.5,102.3,0,5.344
2025-09-10,24,16.88,203.74,313.68,73.4,102,0,5.101
2025-09-11,25.39,16.68,202.44,330.82,66.2,101.7,1.96,4.067
2025-09-12,26.21,19.57,196.16,357.97,70.2,101.5,0.05,1.4
2025-09-13,25.58,17.23,190.13,335.66,67.7,101.7,0.29,2.575
2025-09-14,26.5,16.23,181.85,342.01,69.7,101.5,0,2.014
2025-09-15,22.69,14.45,155.58,343.49,72.7,101.4,1.1,2.965
2025-09-16,24.3,14.8,164.75,347.68,74.6,100.5,5.75,4.168
2025-09-17,18.07,11.76,112.21,317.46,71,100.6,0.16,6.692
2025-09-18,21.22,12.02,185.34,304.03,63,101.1,0,5.865
2025-09-19,21.44,11.71,148.52,323.48,78.1,101.6,0.42,2.045
2025-09-20,19.57,11.44,110.13,330.42,80.4,101.7,2.49,4.178
2025-09-21,18.68,12.61,146.54,311.26,64.7,101.3,0,5.42
2025-09-22,17.7,10.76,125.91,327.33,81.3,100,4.55,3.868
2025-09-23,17.9,9.89,143.14,298.97,70.1,100,0.21,1.98
2025-09-24,19.62,9.74,156.73,315.98,83.1,100.9,0.06,5.444
2025-09-25,18.72,13.44,65.88,354.81,90.1,101.2,1.67,5.869
2025-09-26,20.86,10.24,155.14,316.72,79.9,101.1,0.47,2.146
2025-09-27,19.09,9.96,160.83,311.52,84.9,101.3,0.56,3.147
2025-09-28,17.45,14.03,122.54,332.15,76.9,101.9,0.28,4.392
2025-09-29,15.91,11.54,125.5,308.17,60.4,102.4,0.08,5.298
2025-09-30,17.04,10.84,105.41,322.74,82.4,102.5,0.16,0.882
2025-10-01,17.98,9.74,123.06,315.74,76.6,102.3,0.07,1.438
2025-10-02,16.22,11.42,95.18,321.13,72.6,101.3,0.48,3.9
2025-10-03,12.84,6.32,62.17,308.15,77.8,100.4,8.03,4.775
2025-10-04,11.27,6.57,117.37,289.54,72.4,100.9,1.43,6.314
2025-10-05,14.47,6.37,121.83,290.74,73.2,100.6,0.06,5.644
2025-10-06,16.25,10.34,101.96,308.95,71.5,100.2,0.09,6.841
2025-10-07,12.36,5.71,43.38,306.42,86.5,99.3,14.58,3.366
2025-10-08,13.49,5.84,141,272.29,76.3,100.1,0,3.056
2025-10-09,13.28,4.22,149.07,256.8,76,101.6,0,2.855
2025-10-10,13.88,2.55,86.54,292.08,74,102.4,0.05,2.025
2025-10-11,14.4,7.25,114.48,288.95,72.3,102.2,0,3.359
2025-10-12,15.67,7.5,105.54,311.05,80,101.6,0.54,5.141
2025-10-13,17.87,13.68,80.94,343.66,91.5,100.7,13.31,1.879
2025-10-14,17.7,13.68,75.09,343.56,91,101,4.33,2.328
2025-10-15,19.24,15.12,98.1,342.49,86.5,101.5,0,1.942
2025-10-16,19.15,14.92,117.9,320.9,87.9,101.1,0,1.463
2025-10-17,17.83,13.55,122.53,322.49,89.7,100.5,0.01,2.66
2025-10-18,18.77,12.36,102.22,331.68,83.9,100.9,0.13,1.701
2025-10-19,17.57,15.03,81.59,337.73,89.1,101,1.78,2.236
2025-10-20,17.43,11.97,90.37,310.37,79.9,101.3,0.12,2.487
2025-10-21,18.5,14.51,75.64,340.77,84.6,101.5,0.51,2.562
2025-10-22,18.03,12.22,103.78,305.58,89.1,102.3,0,1.756
2025-10-23,16.87,13.58,110.19,299,87.2,101.6,0,3.791
2025-10-24,17.76,12.62,75.92,328.23,81.8,100.6,1.55,4.406
2025-10-25,16.7,11.59,94.16,299.82,70.5,101.3,0.06,2.554
2025-10-26,16.2,12.92,84.74,310.88,78.2,102.1,0,3.305
2025-10-27,15.35,12.66,87.6,305.63,82.6,102.3,0,6.442
2025-10-28,12.76,9.97,92.73,286.11,74.9,102.5,0.07,7.749
2025-10-29,10.99,9.51,41.3,326.3,82.4,102.6,0.13,5.884
2025-10-30,11.42,9.34,53.09,330.3,80.5,102.4,0.1,6.465
2025-10-31,11.54,9.14,50.93,330.93,81.5,102.4,0.11,6.144
2025-11-01,11.66,8.93,48.77,332.6,82.6,102.3,0.12,5.823
2025-11-02,13.33,10.47,48.4,339.33,87.4,101.7,1.1,3.612
2025-11-03,13.1,9.79,51.69,336.17,85.4,101.4,1.48,4.846
2025-11-04,10.16,7.71,38.49,314.05,63,101.9,0.17,8.85
2025-11-05,8.16,6.36,91.92,256.59,57.6,102.1,0,8.608
2025-11-06,9.03,4.44,90.44,241.6,69,102.5,0,5.656
2025-11-07,10.63,2.37,87.45,248.19,84,102.9,0,2.643
2025-11-08,11.69,-0.14,85.02,248.71,80.1,102.6,0,0.973
2025-11-09,10.44,3.96,74.47,270.19,85.4,102,0,0.834
2025-11-10,11.89,6.97,38.95,321.08,82.7,101.5,2.03,2.182
2025-11-11,10.41,5.03,43.73,300.82,93.4,101.5,2.46,1.28
2025-11-12,13.53,5.29,58.94,287.07,93.5,101.7,0,3.112
2025-11-13,14.56,11.2,35.19,332.18,89.7,101.2,3,3.231
2025-11-14,12.49,6.53,67.19,298.52,79.8,101.8,9.62,2.526
2025-11-15,10.58,4.09,64.59,264.46,86,103.3,0,1.934
2025-11-16,11.64,5.87,44.43,294.67,84.8,103.4,0.02,2.96
2025-11-17,11.07,5.12,40.89,298.54,85.4,103.4,0.09,3
2025-11-18,12.21,6.7,62.67,281.17,88.1,102.7,0,2.725
2025-11-19,13.32,4.72,58.45,280.4,87.6,102.1,0.09,3.386
2025-11-20,11.23,4.42,45.61,289.88,72.9,101.4,0.17,6.064
2025-11-21,8.87,5.11,46.63,273.52,71.3,101.3,0,6.862
2025-11-22,10.45,3.2,23.64,301.32,94.3,101,10.18,2.659
2025-11-23,10.75,7.56,30.95,330.02,92.7,99.7,4.89,0.898
2025-11-24,7.99,6.5,18.88,324.61,87.8,99.8,1.87,11.214
2025-11-25,6.66,3.49,48.17,266.98,65.7,101.3,0.26,9.709
2025-11-26,4.98,2.19,46.98,256.29,65,101.5,0.34,1.887
2025-11-27,11.11,4.58,46.71,293.47,88.2,99.9,1.07,3.533
2025-11-28,10.88,6.54,53.08,267.9,76.3,99.2,0,4.636
2025-11-29,6.84,3.93,42.06,280.08,82.7,99.4,1.13,4.695
2025-11-30,6.86,0.91,41.91,263.12,66,100.8,0,5.93
2025-12-01,12.73,1.15,21.43,329.79,90.5,100.6,9.51,3.077
2025-12-02,12.89,8.7,44.39,306.19,83.7,99.3,0.27,4.979
2025-12-03,8.73,4.17,30.01,285.08,81.7,99.9,1.6,3.315
2025-12-04,4.1,0.32,49.58,229.31,74.7,100.8,0,5.074
2025-12-05,8.49,-1.06,37.91,276.93,79.8,100.7,9.08,4.884
2025-12-06,10.25,7.09,33.85,303.56,91.4,100.6,0.74,5.244
2025-12-07,10.66,6.15,31.35,282.94,90.1,100.8,0,4.824
2025-12-08,9.45,5.65,36.25,284.07,74.6,101.1,1.34,4.738
2025-12-09,8.56,5.62,14.46,329.17,93.8,101.3,9.29,4.349
2025-12-10,12.52,7.72,7.35,325.77,92.1,101.1,8.22,1.523
2025-12-11,11.86,6.63,28.12,318.38,95.1,100.9,4.71,1.496
2025-12-12,10.87,8.57,37.33,302.07,91.7,100.7,0.84,3.233
2025-12-13,11.7,7.87,24.01,328.37,96.1,100.4,2.39,1.987
2025-12-14,11.65,7.59,34.74,283.38,84.6,99.1,0.17,4.697
2025-12-15,9.05,6.65,38.49,279.59,78.7,98.8,0.55,6.904
2025-12-16,8.62,3.72,29.51,273.54,87,100.6,1.85,6.008
2025-12-17,13.14,2.86,5.85,315.44,95.2,101.4,10.7,4.08
2025-12-18,13.31,9.88,6.43,349.1,94,100.8,14.98,5.511
2025-12-19,10.72,5.88,29.21,285.67,93.1,101.8,0.23,2.911
2025-12-20,13.14,6.7,13.88,320.32,92.6,100.9,2,3.987
2025-12-21,11.53,6.39,18.05,309.92,88.2,99.2,7.48,4.266
2025-12-22,9.41,6.85,36.62,286.1,72.2,97.7,0,7.246
2025-12-23,7.77,3.5,33.02,274.66,76.2,98.4,4.63,7.457
2025-12-24,5.17,2.83,42.38,247.04,80,99.6,0.14,5.68
2025-12-25,5.52,1.1,34.06,252.87,75.9,100.3,0,5.142
2025-12-26,11.3,1.09,5.73,313.29,92.1,101.1,8.48,3.424
2025-12-27,14.34,11.21,29.61,347.45,93.4,101,0.38,4.294
2025-12-28,13.53,7.25,32.42,313.97,73.3,101,1.94,6.716
2025-12-29,8.96,5.34,32.21,288.85,76.5,101.7,0.06,4.543
2025-12-30,10.26,7.11,36.83,304.98,85.2,101,3.54,6.053
2025-12-31,10.62,6.66,32.05,301.72,83.9,100.8,2.3,5.83
2026-01-01,10.98,6.21,27.28,301.33,82.6,100.6,1.06,5.607
2026-01-02,7.77,4.01,29.04,272.69,81.5,100.3,0.48,6.472
2026-01-03,12.06,4.83,18.4,316.48,88.3,100.9,4.34,3.141
2026-01-04,12.68,11.3,25.21,335.06,90.3,101.5,0.05,5.451
2026-01-05,12.43,6.14,13.69,332.58,87.5,101.2,0.82,4.951
2026-01-06,7.25,3.5,42.99,258.26,83.7,102.7,0,3.186
2026-01-07,7.91,4.22,35.53,287.71,85.9,102.5,0.6,3.445
2026-01-08,12.77,6.26,34.99,318.99,91.4,102.8,0.35,5.137
2026-01-09,10.94,7.13,25.56,323.8,94.6,103.5,0.41,2.432
2026-01-10,10.39,6.48,22.79,330.88,96.7,103,0.93,0.805
2026-01-11,10.57,7.2,30.93,330.28,95.7,102.4,0.57,2.049
2026-01-12,10.7,8.47,30.84,321.04,92.3,101.7,1.62,3.589
2026-01-13,12.93,7.13,7.6,315.82,87.8,99.8,6.78,4.578
2026-01-14,8.73,6.47,42.9,277.98,62,100,0,8.114
2026-01-15,13.15,5.35,8.47,321.35,84.3,98.9,21.05,6.756
2026-01-16,9.57,4.81,40.99,269.61,71,100.4,0,8.562
2026-01-17,9.93,4.85,40.25,289.77,69.3,100.6,0.28,8.32
2026-01-18,9.78,3.72,15.01,291.88,88,101.4,3.72,3.355
2026-01-19,12.71,8.71,26.47,332.63,90.8,101.3,0.41,3.812
2026-01-20,11.76,7.98,25.34,318.41,83.5,101,5.14,3.801
2026-01-21,8.69,1.47,54.94,251.63,79.6,101.6,0,3.384
2026-01-22,10.26,1.32,23.24,310.18,91.5,100.1,9.4,4.161
2026-01-23,10.66,7.65,50.09,291.1,88.5,99.2,0.17,1.981
2026-01-24,9.81,6,31.45,295.7,86.8,99.8,5.27,2.004
2026-01-25,10.57,7.02,37.19,290.44,88.4,99.7,0.6,2.1
2026-01-26,11.09,7.55,54.66,293.4,89.4,100.5,0.68,3.233
2026-01-27,12.63,6.65,21.75,321.96,89.8,101.4,0.18,4.06
2026-01-28,12.97,9.26,34.55,319.46,89.1,101.9,0,2.979
2026-01-29,12.16,9.13,57.58,311.27,90.4,101.6,0.62,2.473
2026-01-30,13.23,10.41,46.35,324.99,85.1,101.6,0,2.796
2026-01-31,13.07,9.68,66.65,286.89,89,102.2,0,2.145
2026-02-01,12.52,9.31,63.78,291.31,90.8,102.5,0,1.711
2026-02-02,12.81,9.59,54.03,314.94,87.2,102.5,0,2.073
2026-02-03,11.52,4.14,78.13,273.7,80.7,103,2.88,4.311
2026-02-04,9.45,4.11,37.88,294.97,82.2,103.2,0,4.178
2026-02-05,13.85,9.33,66.52,321.07,88.9,103,0.33,4.247
2026-02-06,10.68,8.5,49.49,326.86,94.7,103,0.32,2.115
2026-02-07,11.13,6.52,32.84,327.98,93.2,101.9,3.58,3.293
2026-02-08,10.45,3.53,85.24,268.57,71.5,102.8,0,6.445
2026-02-09,11.52,7.65,60.53,301.12,75.7,102.6,0.17,7.388
2026-02-10,10.51,8,49.01,327.47,85.9,102.6,0.8,6.478
2026-02-11,12.59,8.57,60.59,316.54,85.1,102.9,0.22,4.419
2026-02-12,13.02,8.92,83.11,298.26,85,103.4,0,4.272
2026-02-13,11.93,8.1,58.2,318.51,89,103.2,0.4,4.528
2026-02-14,9.39,7.69,47.24,328.29,90.5,103.7,0.58,1.904
2026-02-15,11.3,6.49,74.42,313.3,89.8,103.7,0.29,2.345
2026-02-16,7.95,6.28,58.3,310.63,87,103.1,0.3,3.389
2026-02-17,10.2,5.43,104.95,272.33,74.5,103.4,0.09,4.128
2026-02-18,9.93,5.21,101.01,283.33,79.6,103.5,0.06,4.46
2026-02-19,11.32,6.4,57.87,318.84,82.3,102.7,0.11,4.563
2026-02-20,6.83,3.47,51.54,294.35,75.7,102.8,0.85,3.516
2026-02-21,7.3,3.5,62.64,286.32,64.8,103,0.58,1.892
2026-02-22,5.45,0.37,58.04,275.4,65.6,103.9,0,1.843
2026-02-23,5.79,-0.59,77.41,252.89,74.1,103.9,0,2.253
2026-02-24,5.47,-0.97,69.23,264.5,83.5,103.7,1.48,2.372
2026-02-25,5.68,-1.97,121.38,254.3,76.6,103.2,0.04,1.994
2026-02-26,6.41,1.43,90.13,280.99,74.8,102.8,0.12,0.862
2026-02-27,6.52,0.31,95.55,280.15,71.8,102.9,0.06,1.659
2026-02-28,10.09,2.77,94.11,301.5,76.3,102.8,0.45,3.689
2026-03-01,12.83,5.53,63.43,319.63,81.4,102.1,4.96,6.37
2026-03-02,9.83,5.13,99.62,289.37,70.7,102.4,0.05,4.659
2026-03-03,14.48,5.58,97.17,317.23,80.7,101.7,0.5,5.987
2026-03-04,10.81,7.43,70.12,321.23,74.3,101.1,7.05,5.793
2026-03-05,9.85,3.59,109.29,277.12,68.8,101.2,0.28,6.796
2026-03-06,7.99,1.86,87.28,279.19,79.9,102.5,0.08,1.056
2026-03-07,11.23,5.19,99.67,306.75,78.1,102.2,0,3.451
2026-03-08,13.4,7.23,114.76,309.18,85.6,102.5,0.05,2.67
2026-03-09,14.92,6.22,160.94,267.1,78.5,102.4,0,2.756
2026-03-10,15.26,4.61,138.78,282.89,83.3,101.9,0,1.184
2026-03-11,13.49,6.98,115.22,309.58,88.2,101.5,0.21,1.055
2026-03-12,13.11,7.66,53,321.64,93.8,101.3,8.09,1.322
2026-03-13,13.59,4.37,170.62,265.85,79.3,101.7,0,2.118
2026-03-14,13.21,9.07,136.44,297.13,80.5,101.6,0,1.708
2026-03-15,13.95,6.83,125.46,294.14,80.1,101.3,0.8,2.436
2026-03-16,10.09,3.19,138.79,261.17,73.3,102.3,0.11,1.044
2026-03-17,10.13,1.73,156.44,260.63,75.1,102.5,0.02,0.984
2026-03-18,12.89,4.95,136.26,291.64,73.2,102.4,0,4.218
2026-03-19,15.91,10.28,114.61,329.02,80.7,102.2,0.05,4.886
2026-03-20,13.02,8.43,121.78,322.81,79.5,100.8,0.67,5.744
2026-03-21,10.76,5.21,138.22,290.94,63.2,99.7,0.97,4.866
2026-03-22,8.33,2.26,104.73,292.39,82,99.1,8.18,2.232
2026-03-23,6.67,2.95,97.36,291.66,67.5,100.8,1.29,4.114
2026-03-24,8.19,2.28,129.74,281.84,68.6,102,0.89,3.281
2026-03-25,10.47,2.19,80.35,299.62,90.9,102,3.19,3.198
2026-03-26,11.05,4.6,161.57,279.55,67,101.8,0.05,4.18
2026-03-27,14.97,5.03,108.97,321.64,84,101.2,2.61,4.518
2026-03-28,11.22,7.22,122.62,299.12,71.8,100.8,3.64,6.527
2026-03-29,12.02,6.2,106.4,298.16,68.1,101.1,0.07,6.756
2026-03-30,13.15,7.98,74.69,323.85,77.8,100.5,1.38,6.692
2026-03-31,14.52,6.26,129.73,313.35,83,100.2,0.11,4.622
2026-04-01,12.93,7.47,58.78,333.53,87,100.2,11.2,4.388
2026-04-02,11.78,5.29,138.52,280.98,79.9,101.4,0.33,1.965
2026-04-03,11.94,3.87,180.57,267.2,80.6,101.8,0.05,0.39
2026-04-04,11.48,3.55,162.54,273.34,85.4,101.6,0.3,2.658
2026-04-05,11.28,6.73,208.51,264.95,83.9,101.3,0,5.376
2026-04-06,11.62,8.18,197.15,278.05,81.6,101,0,9.061
2026-04-07,10.84,8.64,95.87,330.78,93.1,101.2,2.93,7.882
2026-04-08,10.85,7.76,115.43,328.27,92,101.5,0.68,5.015
2026-04-09,12.91,6.37,177.54,296.93,83.5,102.1,0.05,0.609
2026-04-10,13.22,6.97,224.39,279.78,78.5,102.5,0.07,2.205
2026-04-11,14.12,6.37,233.19,268.2,81,101.8,0,2.401
2026-04-12,14.56,5.86,173.66,298.21,75,101.3,2.95,3.756
2026-04-13,12.63,3.83,169.31,278,67.3,102,0.15,5.219
2026-04-14,18,8.96,168.05,321.91,76.9,102,0,4.756
2026-04-15,19.6,10.98,225.78,304.07,74.9,102.1,0,5.387
2026-04-16,11.63,6.34,81.86,325.06,88.3,102,7.48,0.934
2026-04-17,7.95,5.76,88.9,317.36,91.7,101.5,7.2,3.387
2026-04-18,8.97,4.67,113.79,298.1,89.4,101.2,2.55,0.625
2026-04-19,9.15,6.25,118.7,317.18,87.8,101.2,4.66,2.647
2026-04-20,12.6,4.29,198.19,278.39,79.1,101.7,0.04,0.692
2026-04-21,13.68,5.16,243.5,281.98,77.1,102,0.1,0.81
2026-04-22,16.88,5.54,268.98,277.44,79.1,102.6,0,1.625
2026-04-23,16.8,5.95,280.71,276.09,75.5,102.7,0,2.413
2026-04-24,18.76,9.29,277.9,302.39,87.2,102.1,0,1.957
2026-04-25,20.46,10.74,215.5,332.56,89.5,101.8,5.08,0.602
2026-04-26,13.7,8.94,132.68,330.05,90.7,102.1,3.93,0.833
2026-04-27,15.86,9.28,175.21,323.09,86.2,101.7,0.08,0.891
2026-04-28,17.39,9.67,178.35,325.17,76.9,100.9,1.84,3.14
2026-04-29,12.05,8.65,108.21,316.11,82.1,100.3,3.18,5.44
2026-04-30,9.97,4.82,144.85,292.49,75,99.1,4.09,6.143
2026-05-01,10.46,4.38,125.01,301.46,79.5,100.4,4.32,2.739
2026-05-02,12.56,5.88,162.65,299.99,78.8,100.6,2.01,2.191
2026-05-03,15.05,6.7,167.36,317.95,73,100.6,0.1,2.702
2026-05-04,15.41,7.98,209.04,304.95,77.3,100.4,0.33,1.222
2026-05-05,16.26,9.36,232.81,299.34,77.8,101.2,0.02,2.202
2026-05-06,18.62,7.85,289.04,285.67,74,102.4,0,1.895
2026-05-07,19.56,8.86,271.13,301.15,73.1,102.3,0,1.986
2026-05-08,17.49,10.52,312.53,286.31,76.8,102,0,3.997
2026-05-09,18.57,11.52,313.71,290.52,79.7,101.8,0,3.993
2026-05-10,18.48,10.87,306.59,286.23,75,102.1,0,3.697
2026-05-11,16.16,10.39,307.03,281.8,78.2,102.4,0,5.073
2026-05-12,14.03,10,302.95,281.45,77.2,102.3,0,5.318
2026-05-13,18.8,10.36,298.25,306.23,81.7,101.8,0.49,3.257
2026-05-14,21.23,11.91,290.17,332.39,81.8,101.5,0.24,1.968
2026-05-15,16.93,11.43,195.35,342.37,84.4,101.5,0.57,2.971
2026-05-16,14.5,10.18,166.59,330.84,77.2,101.7,0.6,2.714
2026-05-17,14.6,9.48,227.23,315.08,71.6,101.8,0.32,2.177
2026-05-18,14.71,9.6,284.95,295.39,73.3,102.1,0.06,3.267
2026-05-19,14.95,7.02,299.73,270.31,77.2,102,0.06,2.173
2026-05-20,21.39,7.81,306.76,296.79,71.1,101.2,0.04,0.978
2026-05-21,13.78,9.08,107.92,333.12,89.5,101.1,4.43,4.422
2026-05-22,10.72,7.99,132.05,309.09,66.2,100.9,0.73,1.506
2026-05-23,12.63,5.35,167.24,303.11,67.2,100.9,0.96,2.379
2026-05-24,12.32,4.82,183.55,285.92,61,101.7,0.16,2.384
2026-05-25,13.72,3.37,196.74,284.37,57.3,102.3,0.11,0.731
2026-05-26,16.3,9.87,150.25,328.7,76.4,102.1,1.4,3.393
2026-05-27,17.09,8.59,251.96,293.84,64.3,102.4,0.09,2.811
2026-05-28,15.29,7.87,253.32,292.24,69.8,103,0,1.375
2026-05-29,15,7.92,240.54,303.43,74.3,103.3,0.01,2.05
2026-05-30,15.79,7.63,221.19,319.44,79.7,103.5,0.24,1.684
2026-05-31,15.69,9.3,229.88,321.97,79.5,103.5,0.16,1.954
2026-06-01,15.6,10.97,238.53,324.63,79.3,103.4,0.09,3.016
2026-06-02,17.65,10.97,241.67,319.6,76,102.6,0.34,0.508
2026-06-03,15.52,8.86,153.62,327.95,74.3,101.2,1.96,2.424
2026-06-04,11.62,7.46,115.25,316.6,84.8,100.9,7.37,2.433
2026-06-05,16.19,7.61,175.01,318.75,63.8,101.1,0.07,2.934
2026-06-06,18.67,8.27,247.2,301.31,73.2,101.1,0.49,0.794
2026-06-07,14.28,7.69,209.99,301.91,61.8,101.4,0.14,3.182
2026-06-08,14.25,9.73,178.99,323.14,66.1,101.8,0.15,1.928
2026-06-09,16.2,9.38,210.7,311.32,69.2,102,0.15,1.088
2026-06-10,23.19,12.14,260.78,341.11,64.8,101.3,0.16,3.41
2026-06-11,19.67,12.68,180.92,342.04,77.9,100.5,4.94,3.763
2026-06-12,16.81,10.63,190.32,321.99,60,100.9,0.23,1.917
2026-06-13,19.05,8.74,242.39,313.73,61.5,101.7,0.1,1.129
2026-06-14,21.19,14.28,182.01,354.64,71.8,101.9,2.28,2.495
2026-06-15,23.61,14.22,264.13,338.17,70.7,102.1,0.04,1.344
2026-06-16,22.99,13.44,243.65,339.42,79.1,101.7,7.32,0.838
2026-06-17,14.96,11.6,237.32,323.46,71.3,102.2,2.4,4.044
2026-06-18,16.49,9.44,239.28,302.91,65.6,102.8,0,2.214
2026-06-19,15.65,10.32,179.36,332.55,75.8,102.8,0.29,3.154
2026-06-20,18.41,10.32,301.8,294.69,68.8,102.5,0,1.619
2026-06-21,16.72,11.54,215.87,324.63,85.4,101.6,7.22,2.593
2026-06-22,16.75,13.16,175.13,343.02,90.7,100.9,11.05,0.94
2026-06-23,17.48,11.81,158.27,336.55,89.9,101.2,11.44,0.875
2026-06-24,19.85,12.95,278.13,330.59,81.1,101.2,3.11,0.814
2026-06-25,21.18,12.71,259.03,327.13,79.4,101.5,0.04,1.122
2026-06-26,23.39,14.91,323.53,325.76,67.6,101.7,0.45,1.276
2026-06-27,22,13.21,346.3,298.35,74.6,102.1,0,1.477
2026-06-28,21.77,15.77,291.32,333.17,77.5,102.1,0.07,4.524
2026-06-29,21.28,15.27,332.14,332.53,79.3,101.6,0,3.525
2026-06-30,24.3,15.77,339.84,327.7,78.6,100.7,0,3.259
2026-07-01,25.71,16.07,341.03,333.47,80.2,100.2,0.06,2.884
2026-07-02,23.89,16.24,185.97,357.43,78.9,100.6,4.52,1.872
2026-07-03,25.54,15.74,312.36,323.77,62.4,101.6,0,1.267
2026-07-04,26.98,16.51,296.1,335.67,60.8,102.1,0,1.046
2026-07-05,26.94,16.71,343.34,327.34,63.8,102.1,0,1.583
2026-07-06,29.14,18.39,327.18,344.93,63.4,101.5,0.05,1.668
2026-07-07,27.6,18.87,323.73,348.79,64.1,101.3,4.05,3.356
2026-07-08,25.44,16.6,320.92,324.51,68.5,101.5,0.21,1.64
2026-07-09,24.4,17.88,260.68,349.46,80.4,101.1,2.83,1.896
2026-07-10,25.34,16.06,304.01,329.43,74.5,101.3,2.24,0.334
2026-07-11,26.47,16.42,316.4,326.84,65.1,101.3,0.52,0.749
2026-07-12,26.95,17.28,265.6,352.49,61.4,100.9,2.42,1.853
2026-07-13,24.91,16.35,278.82,328.8,58,101,0.13,1.914
2026-07-14,24.86,17.89,273.83,357.81,77.6,100.7,9.59,1.156
2026-07-15,26.08,16.47,283.02,344.45,65.6,100.8,0.39,1.313
2026-07-16,22.53,17.5,234.52,359.59,86.1,100.6,9.13,1.865
2026-07-17,25.55,17.38,255.63,356.63,69.8,100.8,0.1,3.023
2026-07-18,24.09,18.75,228.97,369.86,81.2,100.8,3.46,2.328
2026-07-19,24.43,16.4,293.5,327.7,61.5,101,0.12,1.588
2026-07-20,23.89,13.27,270.97,317.51,64.4,101.4,0,0.542
2026-07-21,21.48,14.79,114.09,360.97,83.4,101.7,3.46,2.624
2026-07-22,19.12,14.29,159.38,352.61,88.6,101.4,7.01,1.595
2026-07-23,22.91,14.53,212.54,347.15,79.1,101.3,2.55,1.428
2026-07-24,24.32,15.22,287.93,328.14,73.8,101.4,0.21,0.514
2026-07-25,24.58,16.67,306.82,327.05,72.9,101.5,0.12,1.738
2026-07-26,27.04,15.94,263.06,342.33,64.6,101.6,0.06,1.785
2026-07-27,24.34,16.79,237.1,337.9,65.4,101.8,0.03,0.463
2026-07-28,24.56,15.37,266.82,330.39,75.7,101.9,0.74,1.23
2026-07-29,27.52,18.01,282.42,337.05,64.4,101.8,0.14,0.782
2026-07-30,23.39,15.44,294.54,316.11,53.6,102,0.23,2.547
2026-07-31,24.68,14.2,302.97,312.65,54.4,101.9,0.11,3.071
2026-08-01,25.96,12.96,311.5,308.97,55.2,101.9,0,3.616
2026-08-02,25.46,15.33,300.48,323.5,70,101.2,0,0.664
2026-08-03,25.99,16.08,221.98,337.58,69.8,101,0.31,0.566
2026-08-04,29.24,15.06,304.01,332.87,57.7,101.1,0,3.817
2026-08-05,24.29,16.11,189.96,341.66,50,100.8,0.14,4.744
2026-08-06,23.68,14.33,228.77,323.41,51.1,101,0.09,4.123
2026-08-07,22.71,13.04,207.57,324.99,67.5,100.7,0.44,3.332
2026-08-08,22.47,12.25,213.01,318.25,52,100.9,0.3,3.637
2026-08-09,20.39,12.53,204.53,317.53,62.8,101.1,3.98,3.969
2026-08-10,22.37,11.43,217.65,312.37,60.5,101.3,0.01,1.841
2026-08-11,21.52,15.85,156.16,361.54,73,100.3,4.9,1.815
2026-08-12,19.5,12.16,231.75,316.22,68.7,100,7.9,2.955
2026-08-13,24.6,14.68,222.56,339.41,64.2,100.8,0.13,4.299
2026-08-14,24.69,17.29,228.64,354.62,67.2,101,0.29,2.297
2026-08-15,26.71,18.3,216.86,362.12,66.4,100.9,2.27,2.855
2026-08-16,24.22,14.23,252.87,315.65,60,101.5,0.07,2.2
2026-08-17,24.7,14.12,269.27,322.3,70.7,101.5,0.05,0.874
2026-08-18,27.5,14.76,269.64,330.46,69.8,101.5,0,0.52
2026-08-19,26.63,16.04,232.5,336.05,71.6,101.9,0.04,0.718
2026-08-20,24.76,16.47,264.37,323.99,79.2,101.9,0,2.712
2026-08-21,27.38,17.99,237.7,353.84,79.6,101,0.29,1.455
2026-08-22,24.82,16.16,277.01,305.16,54.1,101.5,0,3.349
2026-08-23,24.51,12.54,229.93,313.98,53.5,101.8,0.09,2.633
2026-08-24,24.18,12.72,263.83,303.97,64.3,102,0,0.386
2026-08-25,23.8,12.36,226.84,316.88,77.8,102.3,0.06,1.582
2026-08-26,22.19,14.52,250.28,310.2,74,102.8,0,3.634
2026-08-27,22.81,13.16,260.49,304.39,77.7,102.9,0,2.916
2026-08-28,30.44,13.05,237.52,335.13,71.1,102.3,0.5,0.8
2026-08-29,18.56,9.68,163.36,307.34,58.7,102.3,0.28,2.1
2026-08-30,19.4,9.22,203.65,299.27,57.9,102.2,0,3.329
2026-08-31,19.95,10.81,205.83,309.92,57.3,102.3,0.04,2.366
2026-09-01,20.5,12.4,208,320.66,56.9,102.5,0.05,1.527
2026-09-02,20.44,14.8,138.8,361.6,81.6,102.6,1.39,1.756
2026-09-03,19.89,13.81,143.49,344.25,79.9,102.7,0.93,1.85
2026-09-04,19.91,12.26,184.31,325.3,73,102.5,0.16,1.552
2026-09-05,20.27,12.71,184.39,321.11,71.9,101.9,0.15,2.751
2026-09-06,19.48,11.04,149.97,305.72,68.2,102,0.22,1.489
2026-09-07,20.01,11.87,159.4,314.71,73.2,102.2,0.18,1.842
2026-09-08,19.65,11.12,192.28,302.96,73.7,102.5,0,1.419
2026-09-09,18.19,12.46,106.71,344.75,82.4,102.5,1.27,3.249
2026-09-10,21.36,14.15,224.01,303.82,74.3,102.2,0,5.834
2026-09-11,21.56,16,126.93,340.75,80.8,101.9,2.01,4.004
2026-09-12,21.33,10.27,175.83,315.92,80.4,101.8,0,1.398
2026-09-13,20.32,10.47,157.29,321.39,76.2,102.1,0.33,0.776
2026-09-14,19.44,9.55,149.93,310.16,73.2,102.1,0.08,0.407
2026-09-15,21.73,10.01,183.8,307.04,78.4,102.2,0.02,0.198
2026-09-16,17.52,10.21,122.3,326.26,74.9,102.7,0.12,1.22
2026-09-17,16.08,11.06,108.76,331.74,66.8,102.8,0.06,2.93
2026-09-18,17.74,13.39,156.55,319.56,71.9,102.4,0.06,4.504
2026-09-19,23.48,12.49,175.04,323.28,64,102.6,0.04,0.87
2026-09-20,27.94,12.75,138.09,351.31,54.8,103,0.01,0.53
2026-09-21,22.3,16.09,146.29,339.89,75.5,103.2,0,3.6
2026-09-22,20.66,16.05,193.02,307.99,70.9,103,0,6.623
2026-09-23,21.48,16.64,194.11,305.92,66.2,102.3,0,5.063
2026-09-24,25.82,14.37,186.11,321.46,72.1,102.1,0,2.101
2026-09-25,27.88,10.96,174.79,325.39,71.9,101.9,0,2.043
2026-09-26,25.45,11.58,176.68,321.91,73.2,101.4,0,2.554
2026-09-27,24.92,15.65,88.88,357.34,72.7,100.6,5.05,1.699
2026-09-28,17.54,9.31,150.1,291,66.5,100.9,1.12,4.705
2026-09-29,18.87,7.9,157.38,296.04,58.9,101.5,0.05,3.366
2026-09-30,21.88,11.35,126.29,328.66,70.3,101.7,0.04,2.873
2026-10-01,19.95,14.68,149.07,322.77,72,101.4,0.04,1.221
2026-10-02,21.73,13.87,145.29,316.25,65.8,100.6,0,0.596
2026-10-03,17.64,10.2,108.42,332.64,76.5,100.6,7.21,3.214
2026-10-04,18.04,12.09,119.3,323.87,71.1,100.1,2.24,3.446
2026-10-05,16.59,9.75,108.96,295.34,68.3,100.3,0.33,3.787
2026-10-06,15.46,8.99,72.96,312.77,83.6,99.7,3.85,2.715
2026-10-07,14.18,7.98,94.79,290.35,75.5,99.6,0.23,5.924
2026-10-08,16.43,8.55,130.56,296.89,70.7,100.1,3.7,4.152
2026-10-09,15.36,9.83,101.67,317.75,78,98.6,21.66,5.587
2026-10-10,15.15,10.01,121.46,292.8,72.2,99.6,0.26,6.516
2026-10-11,15.63,8.15,121.67,300.31,76.3,100.8,0.68,4.072
2026-10-12,18.28,12.94,70.71,357.68,85.8,100.9,0.15,3.94
2026-10-13,14.96,7.76,114.69,274.82,70.3,102.2,0.02,3.558
2026-10-14,14.88,5.72,128.39,276.8,77.8,103,0,1.017
2026-10-15,14.83,11.59,127.89,285.47,67.4,102.4,0,6.829
2026-10-16,14.02,10.49,80.7,317.15,76.5,101.6,0.31,4.878
2026-10-17,14.96,9.93,72.7,325.87,85.9,101.5,0.04,1.523
2026-10-18,14.53,10.09,69.61,335.17,87.1,101.2,0.63,1.819
2026-10-19,15.68,11.76,101.79,324.41,81,100.9,0.81,2.745
2026-10-20,13.83,11.71,31.33,358.88,96.4,100.6,7.2,0.407
2026-10-21,14.7,13.16,59.08,350.38,88.3,99.5,4.49,6.904
2026-10-22,15.33,12.55,43.82,355.38,88.7,99.3,6.83,7.667
2026-10-23,13.65,10.12,33.96,350.26,92.4,99.8,10.71,4.935
2026-10-24,10.69,5.44,75.44,288.77,77.1,100.2,0.13,2.365
2026-10-25,13.57,4.42,79.65,281.59,79.7,100.8,0,2.666
2026-10-26,13.93,5.49,85.05,297.12,88.2,101.1,0.35,1.15
2026-10-27,13.87,7.32,69.08,305.27,81.2,101.4,0.56,3.36
2026-10-28,11.83,9.71,46.15,325.57,73.9,101.4,0.4,8.249
2026-10-29,11.84,9.65,27.47,334.78,76.3,101,7.03,6.01
2026-10-30,11.92,9.15,45.07,322.01,81.8,101.4,9.27,4.172
2026-10-31,11.44,8.93,66.27,302.39,75.8,101.7,4.66,5.765
2026-11-01,10.96,8.7,88,283.1,69.7,102,0.04,7.531
2026-11-02,8.97,5.88,63.19,291.09,72.2,101.3,0.12,5.717
2026-11-03,11.5,5.46,57.73,311.01,79.9,101,0.05,0.758
2026-11-04,11.66,7.53,42.48,326.1,78.2,101.6,0.05,0.835
2026-11-05,10.67,6.4,40.48,310.3,90,101.3,0.49,2.822
2026-11-06,11.98,6.69,79.57,283.37,84.9,101.4,1.01,4.989
2026-11-07,14.2,10.46,26.1,336.23,91.7,100.1,6.58,5.704
2026-11-08,11.68,7.99,70.74,290.61,72.5,100.2,0,6.837
2026-11-09,16.17,7.53,39.71,334.89,87.7,99.6,4.2,5.898
2026-11-10,15.64,8.3,58.91,310.89,76.1,99.2,6.61,7.876
2026-11-11,9.43,7.08,19.85,303.57,88.1,100.6,3.31,4.493
2026-11-12,15.39,9.38,50.84,326.81,90.6,101,2.26,4.911
2026-11-13,13.55,8.54,60.19,298.72,75.3,100.8,2.39,6.084
2026-11-14,11.14,8.21,60.43,286.29,63.3,101.3,0,7.261
2026-11-15,13.74,8.55,32.86,330.22,69.4,99.5,10.84,8.12
2026-11-16,9.31,4.26,68.59,258.9,75.7,101.4,0,3.247
2026-11-17,12.95,8.06,29.38,318.04,83.1,99.8,4.14,2.276
2026-11-18,13.14,6.38,25.81,315.08,89,98.9,10.96,1.817
2026-11-19,12.76,6.55,41.63,312.28,76.8,97.5,4.02,4.973
2026-11-20,8.72,4.77,63.59,267.8,64,99,0,5.809
2026-11-21,10.37,5.7,16.66,329.75,95.1,98.5,19.62,1.089
2026-11-22,6.43,1.9,55.1,264.65,80.9,100,2.13,5.334
2026-11-23,7.18,4.53,25.16,293.59,92,100.9,1.27,5.735
2026-11-24,7.68,1.93,50.72,267.5,90.7,101.9,0,1.048
2026-11-25,8.68,2.88,46.18,284.69,87,102.1,0,0.662
2026-11-26,11.97,6.61,7.27,332.84,88.2,100.8,16.93,1.85
2026-11-27,9.78,5.95,3.16,310.94,91.1,98.9,29.64,3.683
2026-11-28,9.42,4.78,53.33,270.78,79.1,101,0.06,4.014
2026-11-29,12.31,7.82,49.02,302.9,86.5,100.4,4.5,2.592
2026-11-30,10.48,6.72,46.54,278.91,81.6,101.3,0,4.561
2026-12-01,9.73,4.46,41.34,283.44,92.4,102.5,0.86,2.483
2026-12-02,11.73,7.75,9.95,344.45,95.6,101.2,14.26,3.128
2026-12-03,8.06,3.85,45.08,265.56,86.8,101.9,0.01,4.519
2026-12-04,9.26,5.32,28.88,314.03,94.6,102.1,1.61,2.901
2026-12-05,9.72,4.61,30.85,298.88,89.9,101.4,5.64,4.292
2026-12-06,6.39,0.73,37.45,259,79.1,102.8,0,4.236
2026-12-07,7.84,0.78,42.67,265.16,91.6,103.7,0,2.547
2026-12-08,8.26,4.97,37.86,291.96,89.8,103.6,0.18,2.231
2026-12-09,10.52,6.2,14.86,335.2,96.7,103,2.03,1.926
2026-12-10,7.33,2.57,25.63,296.1,91,103,0.16,1.665
2026-12-11,11.15,7.2,16.25,340.24,95.5,101.8,3.78,2.894
2026-12-12,10.42,2.28,43.58,271.29,91.5,101.7,4.1,3.514
2026-12-13,8.59,2.16,34.33,281.97,87,101.4,0,2.039
2026-12-14,11.58,7,28.82,312.73,85.5,99.5,8.03,5.02
2026-12-15,8.91,5.56,37.89,266.36,75.5,99.4,0.19,6.646
2026-12-16,8.55,5.7,38.03,276.05,66.4,100.2,0,7.059
2026-12-17,13.22,5.4,5.16,331.35,91.8,99.5,9.24,1.942
2026-12-18,7.66,4.6,43.04,270.04,65.5,100.7,0,7.92
2026-12-19,10.61,3.48,16.64,306.48,88.4,100.9,19.47,1.398
2026-12-20,11.45,4.92,22.22,324.69,87.4,99.5,1.02,4.815
2026-12-21,5.75,0.9,36.94,254.53,83.9,101.3,0,4.088
2026-12-22,4.35,-0.96,41.19,242.95,90.5,102.4,0,2.745
2026-12-23,8.58,4.05,29.06,291.44,79,102.2,0,3.83
2026-12-24,10.13,6.32,24.64,300.99,92.8,102.2,0.65,3.536
2026-12-25,9.4,6.76,28.87,309.84,81.8,102,0.22,4.302
2026-12-26,10.15,4.99,24.15,299.13,80.5,101.9,0.09,4.074
2026-12-27,11.22,8.78,28.46,321.71,83.2,100.8,0.72,5.121
2026-12-28,10.38,5.18,39.76,286.22,75,100.2,4.24,7.567
2026-12-29,12.88,4.43,16.49,311.76,85,100.5,1.9,5.184
2026-12-30,12.11,5.63,38.34,302.47,74.4,100.1,1.86,7.05
2026-12-31,10.19,5.24,40.23,287.92,76.7,101,0.93,6.311
2027-01-01,8.27,4.85,42.12,274.71,79,102,0,5.58
2027-01-02,12.55,8.25,29.95,322.26,92.9,102.6,0,4.058
2027-01-03,12.87,10.7,19.21,345.83,90.5,102.5,2.67,5.034
2027-01-04,13.71,10.59,18.65,355.28,93.2,102.4,1.72,4.902
2027-01-05,12.19,5.53,24.22,312.29,94,102.7,0.23,1.923
2027-01-06,12.86,10.47,26.28,327.69,92.5,102.6,0.04,4.321
2027-01-07,11.24,7.85,19.61,332.11,90.1,102.2,0.38,3.706
2027-01-08,7.74,4.05,47.89,250.14,77.8,103.3,0,4.606
2027-01-09,8.77,5.01,30.82,301.59,94.4,103.7,0.31,3.38
2027-01-10,7.78,5.59,26.09,314.73,95,103.3,0.35,1.218
2027-01-11,7.77,4.26,24.76,300.18,95.1,103,0.45,1.649
2027-01-12,7.33,4.08,33.48,296.19,94.8,103.1,0.07,1.889
2027-01-13,7.9,4.01,46.81,287.81,85.2,103.3,0.01,1.616
2027-01-14,5.32,1.65,42.06,277.99,77.6,103.5,0.18,3.727
2027-01-15,4.32,2.16,20.5,297.12,77.3,103.4,0.27,0.907
2027-01-16,5.17,2.45,26.09,303.83,87.7,103.4,3.15,3.161
2027-01-17,5.38,3.63,24.89,305.21,82.1,103.4,0.99,4.753
2027-01-18,5.25,2.12,32.05,291.4,70.4,103.7,0.06,7.192
2027-01-19,6.87,0.71,29.01,291.02,88.8,103.7,0.56,1.173
2027-01-20,5.87,2.96,31.45,296.35,90.2,103.4,0,2.403
2027-01-21,6.93,3.02,33.31,297.77,86.5,102.1,0.12,5.419
2027-01-22,7.62,4.11,41.89,300.64,81.1,101.2,1.1,6.275
2027-01-23,7.87,-0.41,27.21,299.79,85.1,101.2,6.75,5.741
2027-01-24,1.21,-2.93,46.91,247.67,85.6,102.8,2.69,4.886
2027-01-25,6.59,-3.31,26.49,284.84,93.9,102.2,3.26,4.55
2027-01-26,5.48,0.39,57.14,257.07,74.9,102.6,0.07,2.51
2027-01-27,7.35,-0.25,34.53,292.04,90.2,101.9,2.02,5.417
2027-01-28,5.28,-0.76,28.35,273.8,81.7,101.4,2.68,1.066
2027-01-29,2.91,-0.34,23.04,285.24,83.3,101.9,2.19,1.883
2027-01-30,2.14,-2.75,57.97,261.15,87.9,101.9,1.59,2.629
2027-01-31,5.08,1.71,48.92,295.38,83.2,100.2,3.49,4.616
2027-02-01,4.23,-1.31,50.93,262.7,79.6,100.9,0.54,3.581
2027-02-02,4.78,-2.17,66.75,255.62,75,100.5,5.87,1.6
2027-02-03,5.66,-1.97,53.75,272.75,79.1,100.9,2.44,4.923
2027-02-04,8.13,4.76,21.9,311.78,95,99.8,7.83,4.735
2027-02-05,7,3.08,58.85,279.7,83.8,100.2,1.02,4.283
2027-02-06,4.53,0.98,38.86,274.9,90.8,100,3.21,4.878
2027-02-07,6.17,0.87,60.17,283.42,85.5,101,1.09,3.535
2027-02-08,6.6,0.09,56.68,297.29,95.6,101.3,0.71,1.041
2027-02-09,9.5,4.82,23.87,320.77,94.2,99.7,3.82,3.37
2027-02-10,8.21,1.71,36.5,297.35,92.7,99.1,14.96,1.769
2027-02-11,8.17,4.34,18.61,320.77,77.6,96.9,8.38,10.005
2027-02-12,7.5,4.61,50.74,307.19,74.7,98.8,0.74,7.725
2027-02-13,7.26,2.06,30.2,286.94,87.1,99.2,5.3,2.033
2027-02-14,6.66,2.63,69.36,285.83,76,99.7,0,5.45
2027-02-15,7.82,3.7,66.91,296.91,83.5,100.9,0.02,1.262
2027-02-16,7.4,3.9,11.29,321.06,90.2,100.4,12.7,9.744
2027-02-17,10.82,7.42,86.39,316.78,95,99.8,3.81,1.405
2027-02-18,9.66,6.17,69.12,318.67,98.3,99.6,0.49,1.786
2027-02-19,6.59,4.08,44.17,317.46,95.1,99.7,0.64,2.417
2027-02-20,4.6,2.36,55.31,289.22,84.8,100.5,0.52,2.516
2027-02-21,3.17,1.18,38.39,300.62,79.6,99.6,1.44,10.417
2027-02-22,1.39,-1.25,15.76,301.65,99.3,98.9,20.38,10.761
2027-02-23,-1.26,-2.56,32.62,291.35,100,100.8,17.98,3.206
2027-02-24,-1.47,-2.79,32.15,286.9,98.6,102.1,8.85,2.274
2027-02-25,-0.6,-2.98,38.22,278.1,97.8,102.1,5.59,1.897
2027-02-26,-0.47,-5.53,48.8,259.48,91.4,101.8,2.58,1.421
2027-02-27,-0.93,-3.56,48.29,276.04,89.8,102.2,2.95,3.705
2027-02-28,-0.82,-6.31,37.06,271.65,92.5,102.5,3,1.123
2027-03-01,-0.44,-13.31,58.88,242.47,89.7,102.3,0.11,1.699
2027-03-02,0.43,-14.77,73.79,231.16,90.5,101.5,0.06,2.373
2027-03-03,8.63,0.6,20.43,323.76,94.9,98.3,17.46,3.173
2027-03-04,8.75,3.39,105.11,275.16,79.1,97.6,0.73,3.959
2027-03-05,7.99,4.69,75.51,307.88,87.3,97.6,5.87,1.891
2027-03-06,7.16,2.7,62.09,306.33,91.2,98.5,2.89,1.138
2027-03-07,5.25,-0.09,73.9,283.62,84.2,99.3,5.3,4.686
2027-03-08,3.6,0.16,37.22,291.3,91.4,98.6,11.46,1.784
2027-03-09,7.49,-0.06,129.2,249.24,73.2,100.3,0.23,5.531
2027-03-10,7.62,0.33,159.35,251.58,74.3,101.3,0,1.414
2027-03-11,11.68,3.99,84.91,319.28,90.2,99.8,5.32,2.357
2027-03-12,10.67,5.06,137.8,291.62,68.6,99.1,0.66,6.01
2027-03-13,6.33,3.02,70.14,302.53,85.4,100.7,4.29,3.994
2027-03-14,6.12,1.54,129.94,263.94,70.2,103.2,0.08,0.956
2027-03-15,10.21,1.65,135.93,284.28,80,103.2,0,2.114
2027-03-16,13.32,5.95,91.02,326.31,87.9,102.8,0.57,3.294
2027-03-17,10.65,7.84,36.82,328.04,91.1,101.9,2.81,4.002
2027-03-18,9.74,5.12,124.47,289.34,70.5,101.6,0.33,5.114
2027-03-19,9.54,4.72,85.62,305.87,83.4,100.4,4.09,4.13
2027-03-20,8.22,3.53,105.38,291.38,77,100.3,2.8,5.709
2027-03-21,10.98,5.54,85.3,307.65,79.1,100,5.07,6.348
2027-03-22,9.38,5.21,117.96,288.89,62,100,0.49,6.841
2027-03-23,10.02,4.29,105.08,294.46,74.6,101.1,1.23,4.661
2027-03-24,9.64,1.63,120.81,292.44,87.4,102.2,2.09,1.229
2027-03-25,12.1,6.76,69.28,333.96,94.4,101.5,10,3.052
2027-03-26,11,5.76,149.45,293.63,73.2,102.4,0.08,3.579
2027-03-27,11.28,5.33,103.06,311.28,77.5,102.6,0.17,1.812
2027-03-28,11,5.7,130.55,295.4,75.5,102.4,0.11,0.802
2027-03-29,11.35,7.21,172.11,280.91,78.9,101.8,0,3.063
2027-03-30,13.51,9.53,85.37,339.3,92.6,101,4.51,1.624
2027-03-31,13.08,6.59,175.31,289.81,75,102.1,0.4,1.405
2027-04-01,12.03,6.08,176.24,283.69,80.4,102.3,0.02,4.072
2027-04-02,13.08,9.85,79.41,342.74,93.4,101.4,6.09,1.989
2027-04-03,13.57,6.82,53.11,340.59,92.9,99.9,10.92,2.385
2027-04-04,7.78,4.67,49.59,314.48,84,99.5,11.96,5.641
2027-04-05,6.21,2.67,114.27,285.53,71,101.5,0.31,6.454
2027-04-06,6.94,1.67,142.08,286.34,67.2,103.1,0.13,2.279
2027-04-07,11.8,5.01,118.01,314.78,80.9,102.7,0.79,1.713
2027-04-08,10.78,4.93,158.31,296.95,89.8,102.4,0,1.771
2027-04-09,10.49,7.19,114.1,310.23,88,101.8,0.09,1.828
2027-04-10,12.36,5.92,145.19,302.75,76.6,101.4,0.11,0.596
2027-04-11,12.73,4.79,184.28,287.21,78.5,101.9,0,2.528
2027-04-12,15.66,7.2,201.12,299.89,80,102.3,0,3.963
2027-04-13,15.64,9.2,167.41,304.51,76.7,102.3,0,3.384
2027-04-14,16.38,7.98,164.34,312.43,80.2,101.9,0.22,4.181
2027-04-15,12.79,8.42,157.63,308.52,62.6,101.7,0.18,6.635
2027-04-16,14.7,7.39,121.48,317.37,67.6,100.7,1.67,8.214
2027-04-17,10.92,3.75,206.34,274.1,58.8,102.3,0.04,3.14
2027-04-18,14.44,4.88,198.85,286.6,65.7,102.8,0.1,4.383
2027-04-19,18.63,8.37,205.51,314.6,71.5,101.9,1.12,6.856
2027-04-20,18.68,10.19,198.11,308.93,74.2,101.6,0,3.994
2027-04-21,20.65,10.01,182.52,330.9,76.9,100.7,1.33,3.378
2027-04-22,19.27,13.17,228.81,334.97,81.5,100.5,0.17,3.173
2027-04-23,18.36,13.33,203.71,335.76,84.8,99.8,23.07,1.407
2027-04-24,13.69,9.93,181.07,305.15,77.3,99.1,6.15,3.703
2027-04-25,13,9.68,144.69,317.09,70.2,99.1,1.14,6.428
2027-04-26,13.41,8.27,151.9,298.45,63,99.4,0.31,6.937
2027-04-27,11.42,4.64,156.06,298.56,78,100.3,3.12,3.429
2027-04-28,8.72,3.61,107.7,292.84,74,102.1,1.32,1.115
2027-04-29,9.83,3.45,194.1,273.4,64,102.9,0.12,0.28
2027-04-30,12.21,6.23,292.55,258.73,60.1,102.1,0,3.567
2027-05-01,13.67,9.41,160.17,313.8,82.2,101.2,3.11,1.462
2027-05-02,15.75,9.84,166.87,325.62,85.7,100.1,11.52,2.615
2027-05-03,14.69,8.48,167.32,311.11,81.5,100.4,2.2,4.11
2027-05-04,12.66,7.59,176.88,310.4,65.5,99.9,0.31,7.275
2027-05-05,13.3,6.74,166.96,318.38,74,100.4,1.22,6.974
2027-05-06,12.5,7.12,195.82,304.46,85,101.5,4.07,2.536
2027-05-07,12.76,7.26,163.12,327.26,85.3,101.6,6.63,2.934
2027-05-08,11.77,7.28,106.03,334.58,92,100.4,12.97,4.187
2027-05-09,13.43,6.77,232.93,298.91,84.8,101.2,0.05,2.668
2027-05-10,12.9,7.26,165.15,319.83,92.5,101.2,7.62,0.995
2027-05-11,13.58,7.48,219.04,297.9,74.3,101.5,0,3.499
2027-05-12,14.38,5.87,310.17,260.09,76.2,101.8,0,2.173
2027-05-13,14.96,4.56,303.55,264.23,81.7,101.8,0.77,2.744
2027-05-14,14.75,10.02,297.17,285.43,78.3,102.1,0.12,4.343
2027-05-15,14.18,9.12,311.52,277.44,76.2,102.6,0,5.724
2027-05-16,14.9,8.27,324.1,263.35,77.6,102.4,0,3.627
2027-05-17,16.85,7.3,323.96,282.48,74.3,101.3,0.43,1.505
2027-05-18,14.16,7.84,183.11,308.32,80.6,101.2,3.91,1.585
2027-05-19,15.42,9.41,215.24,313.16,72.1,101.2,0.04,2.077
2027-05-20,15.47,9.38,163.37,321.64,81.4,100.7,0.74,1.568
2027-05-21,14.97,7.62,264,290.71,66.4,100.9,0.09,0.979
2027-05-22,12.33,9.07,125.16,314.22,82.8,100.6,17.4,8.774
2027-05-23,14.17,10.9,84.45,342.9,93.8,100.2,6.65,5.124
2027-05-24,16.42,9.79,291.66,293.21,83.9,100.7,0.31,1.18
2027-05-25,17.42,8.37,241,301.91,84.7,101.7,0.07,0.73
2027-05-26,19.21,8.77,309.99,290.94,80.9,102.3,0,0.805
2027-05-27,17.85,11.61,332.62,286.44,80.3,102.3,0,5.172
2027-05-28,16.27,13.01,299.44,296.65,78.4,101.9,0,6.813
2027-05-29,20.83,14.36,318.29,320.42,82.5,101.3,0,5.323
2027-05-30,23.33,15.97,280.88,343.71,72.4,100.7,0,1.94
2027-05-31,22.79,15.62,263.55,343.41,73.6,100.7,0.79,1.355
2027-06-01,22.24,15.28,246.23,343.12,74.8,100.7,1.56,0.886
2027-06-02,17.41,14.47,80.6,363.52,91.7,100.8,18.53,0.955
2027-06-03,16.25,13.03,142.68,340.5,84.6,100.3,7.23,4.275
2027-06-04,18.09,10.46,172.52,320.57,83.2,100.4,2.14,3.904
2027-06-05,14.17,9.64,223.04,311.2,73.3,100.9,0.76,2.699
2027-06-06,14.4,6.54,178.82,307.81,71,101.4,0.11,1.509
2027-06-07,17.34,6.9,205.3,322.93,71.8,101.5,0.04,1.717
2027-06-08,16.47,11.18,156.53,341.31,84.3,101.1,4.38,0.793
2027-06-09,16.86,14.28,69.93,372.75,96.4,100.4,5.11,1.637
2027-06-10,18.88,13.15,253.94,318.49,80.4,99.9,1.12,1.728
2027-06-11,17.82,11.9,209.85,327.99,82.5,99.8,6.42,2.829
2027-06-12,16.61,12.17,202.59,330.73,86.2,100.2,6.91,0.275
2027-06-13,16.98,11.43,205.68,326.36,79.3,101,3.35,0.504
2027-06-14,19.17,8.92,268.68,308.78,66.9,101.5,0,2.739
2027-06-15,18.3,11.47,196.43,327.06,79.2,101.2,0.11,1.398
2027-06-16,19.53,11.5,290.99,326.74,77.8,100.8,6.11,4.339
2027-06-17,19.09,13.24,300.75,323.46,86,100.5,22.61,0.956
2027-06-18,19.63,11.36,269.45,325.02,85.8,101,5.9,0.953
2027-06-19,18.7,11.95,204.14,337.87,86.6,101.5,6.17,1.345
2027-06-20,21.37,12.46,273.19,327.62,77.3,101.9,0.08,1.775
2027-06-21,19.79,13.21,256.54,332.39,83.8,101.6,10.82,3.395
2027-06-22,16.88,12.51,214.62,334.17,83.4,102,2.76,3.561
2027-06-23,16.23,12.06,228.17,331.99,78.7,102.3,0.46,2.33
2027-06-24,17.58,11.51,304.91,321.98,77.1,102.5,0.32,3.384
2027-06-25,16.15,13.19,204.16,338.14,81.6,102.4,0.32,3.299
2027-06-26,18.8,14.81,310.28,319.74,77.2,102.3,0.54,6.922
2027-06-27,18.88,14.99,215.47,352.41,83.6,101.9,2.45,7.435
2027-06-28,16.27,13.38,128.67,355.56,89,101,18.03,4.651
2027-06-29,16.39,12.1,160.06,347.53,84.3,101,0.58,2.13
2027-06-30,16.18,10.74,255.08,315.85,77.4,101.4,0,2.213
2027-07-01,21.46,10.58,312.84,314.33,71.8,101.4,0.44,2.887
2027-07-02,20.85,13.65,271.16,328.01,69,101.8,0.01,1.923
2027-07-03,20.82,13.18,227.15,335.21,78.9,101.8,5.05,0.582
2027-07-04,18.06,12.5,316.97,307.18,78.3,102.1,0.13,2.651
2027-07-05,19.44,13.88,234.79,337.41,78.9,101.2,5.09,3.291
2027-07-06,17.06,11.16,224.8,322.4,77.2,102,1.49,1.818
2027-07-07,18.4,10.67,188.64,326.5,73,102.2,0.72,1.508
2027-07-08,19.63,14.16,125.76,365.08,88.6,101,10.68,4.279
2027-07-09,20.31,12.13,247.96,320.66,77.1,100.6,0.3,4.024
2027-07-10,17.36,10.46,190.55,324.78,71.7,101.3,0,2.539
2027-07-11,19.7,9.24,334.13,286.59,69.5,102.1,0,0.588
2027-07-12,19.71,11.32,329.9,298.94,72.8,102.1,0,4.338
2027-07-13,22.89,16.05,334.85,322.55,78.6,101.7,0,3.006
2027-07-14,25.56,15.07,324.6,337.19,76.5,102,0,1.793
2027-07-15,24.29,16.05,281.59,339.93,79.2,101.9,0,2.393
2027-07-16,21.12,16.23,276.29,337.72,79.5,101.4,0,4.047
2027-07-17,21.5,14.1,317.39,319.92,79.8,101.3,0,3.325
2027-07-18,21.25,12.06,314.94,306.85,83.4,101.4,0,2.549
2027-07-19,24.55,17.46,309.3,339.92,74.8,100.8,0,1.735
2027-07-20,23.76,15.86,285.18,326.13,62.3,101,0.85,4.002
2027-07-21,23.3,15.24,290.69,323.25,59,101.3,0,5.737
2027-07-22,25.25,15.56,232.6,354.39,69.8,100.9,0.14,5.186
2027-07-23,24.96,16.04,221.93,358.21,73.5,100.3,1.18,5.148
2027-07-24,22.98,14.53,259.98,316.69,58.4,101,0.05,4.79
2027-07-25,21.15,13.2,197.54,325.21,62.9,101.1,0.05,3.282
2027-07-26,20.73,14.42,160.5,348.37,75.9,100.4,3.52,2.655
2027-07-27,19.02,13.9,131.75,345.24,85.5,100,13.47,2.658
2027-07-28,20.25,13.08,215.84,331.34,81.9,100.2,1.57,0.209
2027-07-29,21.45,14.51,188.64,339.19,80.2,100.2,1.63,1.716
2027-07-30,22.13,13.93,235.25,337.75,83.1,100.3,8.42,1.022
2027-07-31,22.4,14.98,245.09,339.88,78.4,100.5,4.23,1.887
2027-08-01,22.66,16.03,254.89,341.94,73.8,100.7,0.05,2.602
2027-08-02,22.1,14.82,282.91,317.76,71.8,100.8,2.1,1.93
2027-08-03,19.89,13.55,226.32,319.01,78.1,100.9,3.77,1.068
2027-08-04,19.76,13.53,173.48,337.57,83.6,100.9,6.21,0.875
2027-08-05,20.13,13.33,183.18,331.8,82.4,101.4,1.18,2.789
2027-08-06,19.49,12.42,209.24,324.71,78.3,102.1,0.24,2.564
2027-08-07,21.68,11.56,194.36,326.04,81.6,102,3.68,1.412
2027-08-08,19.1,12.72,222.35,324.3,83.3,101.9,0.99,1.648
2027-08-09,19.82,12.97,233.12,321.27,76.4,102,0.06,1.462
2027-08-10,18.9,13.15,189.39,329.09,78.5,102.2,0.86,0.486
2027-08-11,23.75,13.3,240.76,333.11,68.2,101.9,0,3.136
2027-08-12,21.86,15.45,224.36,337.23,68.7,101.8,0.07,1.094
2027-08-13,23.73,13.45,251.16,321.13,68.7,101.7,0.03,1.45
2027-08-14,24.16,15.7,255.8,333.43,74.1,101.2,0,3.673
2027-08-15,20.92,13.68,237.09,322.2,66.6,101.2,0.56,4.825
2027-08-16,20.79,12.8,217.54,317.58,73.1,102.3,1.75,0.839
2027-08-17,24.89,14.06,203.44,356.1,67.4,102.6,0.03,2.765
2027-08-18,25.92,16.22,270.88,341.87,71.5,102.6,0,1.619
2027-08-19,27.73,17.02,269.98,348.5,72.2,102.1,0.19,3
2027-08-20,24.31,17.41,179.4,363.35,88.1,102.2,0.91,0.253
2027-08-21,28.97,16.87,269,346.63,69.5,102.1,0,1.532
2027-08-22,22.66,14.86,202.34,336.62,75.4,102.2,0,1.848
2027-08-23,21.9,14.39,183.94,343.56,74.6,102.3,0,0.375
2027-08-24,24.05,15.87,169.71,353.21,86,102.6,0.89,0.381
2027-08-25,21.29,14.51,221.83,335.31,85,102.9,0.14,2.448
2027-08-26,24.35,18.34,258.58,334.34,80.8,102.3,0,4.04
2027-08-27,30.47,18,257.7,341.68,60.5,101.2,0,1.568
2027-08-28,22.75,14.85,215.69,320.64,62.8,102,0.07,1.837
2027-08-29,20.64,14.39,159.29,329.53,71.9,102.2,0.14,1.956
2027-08-30,23.71,12.78,250.67,309.51,71.7,101.6,0,0.774
2027-08-31,23.58,13.38,195.22,325.5,73.6,101.4,0.16,1.118
2027-09-01,23.45,13.97,141.32,338.5,75.4,101.2,0.32,2.092
2027-09-02,21.64,11.35,193.14,310.36,72.2,101.9,0.12,1.373
2027-09-03,22.32,10.63,212.82,315.92,65.8,102.1,0.06,2.02
2027-09-04,22.67,14.63,202.09,329.23,63.7,101.8,0.05,3.662
2027-09-05,23.48,14.84,120.23,358.89,79.4,101.7,0.05,1.423
2027-09-06,25.15,16.02,196.08,344.3,68.4,101.2,2.67,3.579
2027-09-07,20.65,13.61,190.17,325.63,65.1,100.9,3.18,4.321
2027-09-08,20.96,13.25,147.56,349.68,72.7,100.7,2.18,5.269
2027-09-09,26.73,17.45,197.19,359.81,70.6,100.6,0.93,7.434
2027-09-10,20.1,13.22,180.27,299.97,57.7,101.3,0.13,6.806
2027-09-11,19.61,11.46,152.23,314.3,65.1,102.3,0.08,3.177
2027-09-12,23.7,12,203.48,325.82,66.7,102.3,0,2.606
2027-09-13,23.37,13.46,207.78,326.68,76.5,102.4,0,1.811
2027-09-14,22.19,17.64,199.01,332.36,86.5,102.6,0,5.669
2027-09-15,21.63,17.81,172.25,342.81,85.8,102.6,0,5.7
2027-09-16,22.52,18.5,134.84,351.92,79.3,102,2.49,5.261
2027-09-17,24.97,17.22,185.66,333.61,75.9,101.5,0,1.475
2027-09-18,24.39,14.28,158.76,332.87,79.9,102,0,0.856
2027-09-19,22.81,12.46,175.48,324.06,86.5,102.6,0.05,1.323
2027-09-20,21.84,17.05,175.71,333.46,82.8,102.5,0,4.299
2027-09-21,28.85,17.61,160.48,352.12,67.8,101.7,0,0.489
2027-09-22,24.3,15.51,161.56,340.29,69.4,101.5,0,4.036
2027-09-23,22.4,15.82,103.7,356.11,69.9,101.2,0,6.038
2027-09-24,24.58,17.13,133.32,363.15,76.4,100.7,3,6.007
2027-09-25,20.43,12.71,141.89,325.7,75.6,100.4,0.68,3.954
2027-09-26,18.69,11.4,129.31,303.95,56,100.6,0.09,6.12
2027-09-27,22.12,12.4,132.01,339.07,70,100.2,0,5.933
2027-09-28,20.2,10.23,139.2,315.36,76.2,99.7,0.99,4.501
2027-09-29,15.78,8.7,126.94,297.25,80,100.4,1.9,2.349
2027-09-30,16.15,8.6,138.93,293.56,71.9,101.5,0.09,3.626
2027-10-01,16.59,7.91,97.34,310.45,75.3,102.2,0.03,2.904
2027-10-02,18.21,8.75,127.43,306.34,76.4,102.4,0.01,0.402
2027-10-03,16.72,11.88,102.67,321.72,74.7,102.1,2.37,4.545
2027-10-04,17.18,12.58,75.42,347.7,79,102.3,0.48,1.519
2027-10-05,17.71,12.71,129.7,316.1,67.7,102.8,0.08,2.225
2027-10-06,16.79,12.42,150.85,293.61,66.2,101.8,0,2.408
2027-10-07,15.93,10.06,81.28,308.11,85.1,101.2,1.25,4.485
2027-10-08,16.52,8.27,145,275.61,72.5,101.8,0,4.587
2027-10-09,16.29,7.12,73.23,321.4,79.6,101.6,0.88,2.041
2027-10-10,18.07,11.58,65.22,342.01,83.8,101.1,2.8,2.643
2027-10-11,17.25,8.75,112.72,297.33,76.9,101.1,0.37,3.5
2027-10-12,16.17,11.28,103.58,329.49,76.2,100.1,10.63,4.927
2027-10-13,21.27,12.53,105.94,342.29,78.9,100.3,1.13,6.901
2027-10-14,16.31,10.78,128.02,287.01,65.6,101.3,0,7.459
2027-10-15,17.02,10.2,112.91,292.26,71,101.4,0,7.675
2027-10-16,14.67,8.28,124.24,283.94,70.2,101.8,0,3.692
2027-10-17,17.21,11.43,45.29,348.88,86.7,100.9,6.71,4.818
2027-10-18,14.78,9.36,100.22,297.05,73.7,101.1,0.06,5.318
2027-10-19,16.1,7.75,98.83,306.16,86.6,100.6,2.16,3.978
2027-10-20,12.71,8.76,88.01,288.14,69.8,99.8,1.23,8.636
2027-10-21,12.11,7.59,102.08,277.23,66.7,101,0,5.655
2027-10-22,12.35,6.72,78.79,278.68,74.3,102.1,0.09,4.647
2027-10-23,12.76,4.04,87.8,283.86,75.4,103,0,4.074
2027-10-24,14.48,9.19,74.33,327.29,86.9,103.2,0.13,2.605
2027-10-25,14.11,10.1,39.6,347.53,92.1,103.4,0.7,2.193
2027-10-26,13.5,7.23,104.5,281.81,79.8,103.9,0.01,1.446
2027-10-27,14.31,4.9,102.62,274.9,87.1,103.6,0,1.746
2027-10-28,13.26,3.34,79.3,302.36,90.2,102.9,0.06,1.545
2027-10-29,12.78,9.59,83.74,297.28,85.5,101.5,0,2.472
2027-10-30,15.85,9.26,55.11,335.21,86.3,100.1,1.38,2.669
2027-10-31,15.44,9.02,69.54,315.1,77.4,99.9,3.32,4.303
2027-11-01,15.03,8.78,84.21,294.06,68.5,99.7,5.27,5.654
2027-11-02,12.51,6.66,76.99,282.15,70.5,100.9,0.09,4.249
2027-11-03,15.28,5.09,66.87,307.31,89.6,101.3,0.25,1.63
2027-11-04,17.08,13.94,19.62,352.47,92.7,101.2,3.94,4.767
2027-11-05,16.6,12.51,65.49,327.23,83.1,101.9,0.08,3.334
2027-11-06,15.78,13.73,28.93,361.57,95.1,101.4,0.93,2.249
2027-11-07,16.02,10.13,62.3,317.24,88.4,101,0.27,3.994
2027-11-08,14.36,9.59,60.51,302.94,72.1,101.1,1.12,6.632
2027-11-09,11.41,7.65,54.42,276.19,71.8,101.3,0.45,6.915
2027-11-10,10.58,5.97,71.37,259.82,66.7,101.8,0,6.939
2027-11-11,13.34,5.28,53.34,294.99,73.4,101.6,3.5,4.155
2027-11-12,12.27,7.6,47.39,301.75,81.9,101.2,2.16,4.894
2027-11-13,14.97,8.94,27.39,314.32,79.7,100.1,2.16,7.103
2027-11-14,15.93,6.11,26.78,308,82,100.9,2.18,5.207
2027-11-15,13.8,3.81,68.04,290.77,86.3,102.2,0.13,1.583
2027-11-16,15.53,13.34,34.12,360.42,94.1,101.7,0.9,2.544
2027-11-17,15.08,13.12,32.86,332.71,91.3,101.8,0,2.033
2027-11-18,15.39,13.22,60.64,310.24,86.6,101.7,0,1.85
2027-11-19,15.13,9.25,27.5,313.94,88.4,101.4,1.04,1.965
2027-11-20,14.49,6.56,50.06,310.8,93.7,101.2,0.15,2.11
2027-11-21,14.61,8.84,12.98,346.77,93,99.9,11.68,2.205
2027-11-22,10.9,6.54,48.35,279.86,87.4,100.8,0,3.198
2027-11-23,12.22,5.98,41.57,294.6,90.7,100.8,3.77,1.708
2027-11-24,17.34,7.18,16.34,325.82,85.2,99.5,9.83,5.591
2027-11-25,8.35,4.1,31.58,264.45,84.1,100.3,0,2.469
2027-11-26,11.25,3.96,48.69,279.17,86.2,100.3,0,3.029
2027-11-27,9.16,5.55,40.16,282.08,80.9,100.2,0,6.172
2027-11-28,11.05,4.49,44.31,289.66,80.7,101.1,4.55,1.951
2027-11-29,10.6,7.23,47.35,285.47,78.3,100.8,4.62,6.178
2027-11-30,10.48,3.78,48.06,272.39,82.2,101.9,0,1.274
2027-12-01,10.74,7.13,22.2,304.91,92.3,101,12.24,1.286
2027-12-02,10.7,5.72,36.32,292.91,85.8,100.2,10.52,3.061
2027-12-03,8.35,4.03,14.2,296.89,90.2,100.1,2.79,3.164
2027-12-04,8.79,4.95,42.01,274.86,95,100.8,0,3.354
2027-12-05,13.33,5.66,5.78,327.68,93,100.5,12.73,4.462
2027-12-06,8.93,3.94,45.3,255.43,76.8,101.4,0,5.049
2027-12-07,12.5,3.86,25.47,335.27,89.8,101.5,4.98,1.22
2027-12-08,12.77,10.56,13.01,351.72,96.3,99.9,13.18,2.065
2027-12-09,12.18,5.75,40.54,289.14,89.8,100.2,3.21,4.358
2027-12-10,11.56,5.53,15.71,314.6,87.8,100,6.81,2.192
2027-12-11,12.84,6.35,17.27,318.59,83.4,100.2,9.61,3.552
2027-12-12,10.12,4.63,26.95,276.74,87.3,100.2,0.17,3.272
2027-12-13,12.46,3.27,41.95,283.21,85.2,100.5,17.53,1.73
2027-12-14,12.78,3.5,34.13,281.31,84.9,99.9,0.92,6.928
2027-12-15,5.89,2.04,41.46,255.09,85.6,101.3,0,4.092
2027-12-16,5.9,2.08,40.61,272.86,88.4,102.7,0,3.204
2027-12-17,9.68,5.59,23.28,305.24,85.3,102.4,0.77,3.443
2027-12-18,11.3,4.31,37.9,286.2,83.7,101.9,3.91,4.541
2027-12-19,13.24,3.3,5.95,321.42,91.9,101.8,9.84,2.686
2027-12-20,10.25,6.67,29.68,296.87,62.2,101.7,0,8.39
2027-12-21,7.84,5.3,31.8,285.83,72.5,102.9,0.07,5.793
2027-12-22,9.95,6.27,23.87,314.38,84.5,102.6,1.57,5.488
2027-12-23,10.17,5.91,23.38,323.82,90.5,102.4,1.6,4.256
2027-12-24,6.66,3.01,39.19,249.03,80,103.3,0,5.694
2027-12-25,6.6,1.66,25.89,286.78,85.2,103.9,0.04,3.495
2027-12-26,9.2,5.59,19.94,322.6,91.3,103.4,0.51,3.852
2027-12-27,11.33,8.06,24.9,323.81,93.8,102.7,1.01,4.778
2027-12-28,9.92,5.95,18.41,291.23,83.3,101.6,0.05,6.479
2027-12-29,8.96,5.69,30.22,287.19,90.9,101.5,0.06,3.522
2027-12-30,10.99,6.94,26.5,321.88,91.5,100.4,1.97,3.255
2027-12-31,9.94,4.74,20.48,311.63,92.3,99.7,4.7,3.347
2028-01-01,8.88,2.55,14.49,297.22,93,98.9,7.42,2.99
2028-01-02,7.98,2.75,26.83,288.56,80.1,97.7,7.13,3.892
2028-01-03,7.67,5.66,22.62,314.7,74.7,97.2,2,9.624
2028-01-04,7.79,4.42,34.59,292.93,84.7,99.1,0.45,5.924
2028-01-05,6.24,2.13,32.09,281.6,89.2,99.8,0.28,4.415
2028-01-06,4.91,0.34,32.51,242.36,90.4,101.1,0.12,4.75
2028-01-07,6.7,0.08,23.23,297.96,91.5,101.3,2.53,0.746
2028-01-08,12.09,6.72,17.51,338.94,96.2,100.5,4.19,2.352
2028-01-09,11.82,5.23,40.14,292.76,71.9,100.8,0.54,6.527
2028-01-10,13.07,4.02,14.32,325.26,88.3,101.9,9.65,2.253
2028-01-11,13.11,10.54,21.61,346.49,95,101.2,0.28,3.67
2028-01-12,12.35,7.5,39.92,302.1,94,100.7,0,1.972
2028-01-13,11.48,6.53,43.29,303.29,93.4,100.8,4.04,1.693
2028-01-14,13.09,11.48,16.6,355.3,95.8,100.7,2.04,3.359
2028-01-15,11.71,8.02,33.23,311.2,92.1,101.1,2.07,2.871
2028-01-16,9.21,6.29,22.96,295.14,95.6,100.3,3.8,2.495
2028-01-17,8.57,3.96,31.88,281.71,92.3,100.4,0.06,3.763
2028-01-18,6.2,3.36,35.05,290.6,86.2,100.6,0.38,5.117
2028-01-19,5.06,0.44,14.68,287.8,88.7,99.9,9.53,1.509
2028-01-20,6.3,3.51,24.18,306.92,87.5,100,2.67,1.826
2028-01-21,5.22,2.16,25.65,301.75,74.4,101,1.12,4.601
2028-01-22,3.06,-1.82,32.45,262.48,86.9,101.3,0.64,0.8
2028-01-23,3.04,-1.93,45.49,242.13,76.7,101.1,0,1.597
2028-01-24,3.89,-0.55,14.86,285.99,76.5,100.1,7.33,5.731
2028-01-25,4.28,0.19,32.62,297.89,94.1,99.1,2.36,0.982
2028-01-26,2.93,0.03,13.51,306.15,98.2,99.1,23.44,1.94
2028-01-27,1.51,-1.16,38.46,265.33,87.8,100.7,0.25,4.169
2028-01-28,4.57,-1.47,34.43,286.78,96.9,101,1.79,2.061
2028-01-29,11.59,3.09,8.8,331.19,98.6,100.7,10.16,1.498
2028-01-30,11.85,6.86,33.81,310.85,95.4,101.1,0.93,4.045
2028-01-31,13.72,9.82,16.21,343.42,93.4,100.9,0.15,4.909
2028-02-01,10.19,6.9,59.42,292.2,75.2,101.7,0.02,5.541
2028-02-02,9.96,5.87,42.36,321.84,90.1,102.2,0.19,1.464
2028-02-03,11.29,8.46,32.78,339.14,93.5,101,1.38,2.858
2028-02-04,10.8,2.45,30.45,296.83,75.6,100.7,3.13,6.726
2028-02-05,4.66,0.71,78.42,248.34,70,102.8,0.04,4.433
2028-02-06,10.94,3.75,57.97,302.26,88.4,102.5,0.74,6.106
2028-02-07,10.04,5.9,77.52,294.5,86.2,102.7,0.05,3.706
2028-02-08,10.1,6.01,53.76,314.86,92.2,102.5,0.23,1.903
2028-02-09,12.37,6.42,48.15,323.52,83.9,101.7,0.46,4.234
2028-02-10,10.1,6.26,40.62,311.37,81.5,101.4,0,5.816
2028-02-11,12.37,8.35,55.12,319.08,85.5,101.1,0.08,5.49
2028-02-12,13.11,9.02,70.07,324.99,90.3,100.7,0.12,2.743
2028-02-13,15.75,5.17,56.53,291.78,80.3,100.2,2.83,4.514
2028-02-14,9.33,4.17,95.5,272.18,78,102,0.01,3.466
2028-02-15,8.59,3.88,89.51,271.96,76.1,103.2,0,3.442
2028-02-16,7.45,4.04,69.51,288.31,68.2,103.1,0.06,6.531
2028-02-17,5.35,2.32,88.82,252.02,69.6,102.4,0.05,9.604
2028-02-18,2.32,0.41,67.89,275.61,69,102.2,0.09,8.999
2028-02-19,2.33,-0.68,36.02,284.77,68.1,101.7,1.35,3.47
2028-02-20,1.57,-3.02,44.72,255.61,76,101.6,0.34,0.571
2028-02-21,1.54,-2.98,47.79,255.27,76.2,101.1,0.97,2.02
2028-02-22,3.19,-2.02,56.6,283.69,91,101.8,2.26,3.206
2028-02-23,5.16,-1.75,73.59,286.47,91.2,102.1,2.93,1.603
2028-02-24,9.62,3.99,109.92,287.72,86.1,101.8,0,3.248
2028-02-25,10.5,5.36,34.03,328.99,90.7,100.3,9.46,1.028
2028-02-26,5.34,2.4,46.09,303.58,86.3,99.7,3.2,3.307
2028-02-27,5.53,0.66,94.57,270.99,69.9,102,0,3.56
2028-02-28,10.74,2.52,58.08,313.45,91,102.4,4.22,3.115
2028-02-29,10.7,4.2,50.86,318.71,91.2,102.6,4.13,2.836
2028-03-01,10.66,5.87,43.65,322.52,91.3,102.7,4.03,2.623
2028-03-02,8.48,2.16,127.27,245.86,81.9,104,0,1.713
2028-03-03,8.71,1.02,133.82,263.34,87.7,103.6,0.07,1.155
2028-03-04,8.41,3.58,78.46,293.77,80.3,103.5,0.2,2.129
2028-03-05,9.23,4,86.8,301.64,78.8,104.1,0.15,1.583
2028-03-06,9.2,4.64,30.14,309.6,88.2,103,8.69,5.412
2028-03-07,8.22,4.54,92.89,297.36,81,102.8,1.99,4.259
2028-03-08,7.35,2.46,94.09,283.2,76.6,103.7,0.25,2.294
2028-03-09,10.39,2.83,86.69,307.28,83.2,102.6,2.53,5.741
2028-03-10,4.98,-0.33,114.09,272.78,65.7,101.5,0.54,6.331
2028-03-11,5.95,0.37,78.5,289.87,75.5,101,1.1,4.507
2028-03-12,4.84,0.05,84.29,271.58,77.5,102,1.17,1.32
2028-03-13,6.11,0.1,109.78,280.45,80.5,101.3,2.14,3.026
2028-03-14,4.34,3.09,63.12,311.42,92.2,99.7,10.51,5.853
2028-03-15,4.11,0.02,119.33,275.68,68,100.1,0.49,5.122
2028-03-16,5.34,-2.1,110.95,246.86,75,100.2,0,2.647
2028-03-17,7.84,0.12,108.95,291.82,84,100.3,8.64,1.379
2028-03-18,11.04,7.91,74.38,336.65,88.2,99.6,2.73,2.658
2028-03-19,10.66,8.3,77.23,334.42,93.7,99.8,4.75,1.946
2028-03-20,13.73,6.74,136.55,305.1,86,100.4,2.78,1.466
2028-03-21,12.68,4.77,186.52,271.89,84.9,101.2,0,2.688
2028-03-22,13.8,8.37,121.49,320.54,84.2,101,5.12,1.47
2028-03-23,13.09,5.91,146.69,296.63,74.9,101.9,0.14,2.352
2028-03-24,16.25,9.06,81.2,352.67,88.1,101.5,6.82,5.159
2028-03-25,17.29,11.97,128.3,331.21,82.6,102.1,0,4.947
2028-03-26,16.54,9.59,133.6,315.5,73.1,100.9,0.07,7.991
2028-03-27,9.78,4.81,114.14,296.29,69.6,100.7,2.19,5.849
2028-03-28,8.55,4.44,116.55,292.12,69.9,101.7,0.17,4.798
2028-03-29,11.91,4.08,138.38,299.14,77.6,102.5,0.11,3.139
2028-03-30,15.89,8.31,152.99,324.75,82.2,102.7,0.12,4.531
2028-03-31,14.33,8.75,156.32,307.76,82,102.5,0.22,3.323
2028-04-01,16.29,7.95,192.52,288.3,76.2,100.8,0.49,5.488
2028-04-02,12.73,8.27,145.86,305.83,59.6,101.4,0.22,6.032
2028-04-03,15.64,6.42,176.26,306.83,68.3,101.9,0,4.604
2028-04-04,12.78,6.28,75.75,318.49,82.3,100.7,6.19,4.525
2028-04-05,9.2,2.38,134.56,266.02,71.1,101.7,0.58,2.787
2028-04-06,11.04,2.39,127.47,281.88,74.9,102.5,0.25,2.913
2028-04-07,13.12,6.84,189.66,292.98,75.3,102.6,0.24,2.938
2028-04-08,15.56,6.3,186.17,292.3,73.5,101.3,0.16,6.367
2028-04-09,11.21,4.89,135.1,283.84,63.2,100.7,1.21,5.917
2028-04-10,9.94,1.45,169.36,261.4,64.6,101.8,0.12,2.59
2028-04-11,10.11,1.05,200.29,260.37,63.4,102.4,0.12,1.169
2028-04-12,11.12,5.44,216.03,274.78,62.2,102.7,0.13,1.273
2028-04-13,12.9,5.95,203.88,280.48,78.2,103.3,0.11,1.137
2028-04-14,12.06,6.23,258.12,252.79,71.3,103.2,0,5.364
2028-04-15,10.66,7.27,260.6,249.27,72,102.9,0,5.599
2028-04-16,13.52,7.09,261.87,259.77,77,102.8,0,4.174
2028-04-17,14.83,6.72,264.24,264.86,79.2,102.7,0,3.117
2028-04-18,16.98,6.02,269.07,273.39,79.4,102.4,0,1.645
2028-04-19,20.09,7.53,276.98,282.25,66.8,102.2,0,2.266
2028-04-20,20.12,9.96,235.41,299.48,62.4,101.9,0,2.153
2028-04-21,18.22,11.12,152.89,315.24,75.4,101.4,0.66,2.849
2028-04-22,14.39,7.57,164.73,298.12,65.6,102,1.84,4.662
2028-04-23,11.34,7.64,96.48,317.09,75.2,102,0.85,5.178
2028-04-24,15.12,9.48,175.7,320.04,63.6,101.2,0.48,5.205
2028-04-25,13.8,8.37,133.68,311.46,67,100.3,0.71,5.731
2028-04-26,9.48,4.64,121.89,291.41,77.7,100.1,2.92,1.547
2028-04-27,10.85,4.38,135.55,295.6,72.5,100.4,1.07,0.866
2028-04-28,10.74,2.19,195.97,278.54,75.4,100,5.12,2.703
2028-04-29,10.7,0.98,181.56,275.74,72.5,99.7,11.77,0.398
2028-04-30,12.5,4.75,189.54,298.74,74.9,100.7,2.19,2.39
2028-05-01,16.37,7.36,183.11,321.34,76.3,101,0.58,4.265
2028-05-02,20.76,12.17,261.84,321.39,73.8,100.3,0.76,1.398
2028-05-03,13.97,8.08,94.04,325.59,83.7,101.1,13.7,1.793
2028-05-04,13.54,5.13,245.02,265.39,64.3,102.4,0.08,0.516
2028-05-05,12.83,9.68,102.55,325.1,84.4,101.6,4.45,6.692
2028-05-06,15.82,9.54,146.44,327.23,84.9,100.9,0.2,1.993
2028-05-07,13.66,9.87,112.03,338.96,88.3,100,3.3,1.144
2028-05-08,13.76,6.85,232,287.65,81.5,99.3,0.81,0.519
2028-05-09,9.34,4.98,115.83,303.69,83.8,99.6,1.56,3.328
2028-05-10,10.4,3.49,143.77,280.15,64.5,100.4,0.07,1.369
2028-05-11,11.37,6.73,162.46,305.21,73.8,101.2,1.68,2.048
2028-05-12,13.36,4.19,211.04,278.13,76,101.6,0.74,2.268
2028-05-13,15.01,5.02,234.54,288.43,73.6,101.8,0.17,1.455
2028-05-14,17.05,9.18,198.43,325.66,72.7,101.2,1.9,3.19
2028-05-15,13.7,7.69,169.53,307.2,78.4,101,0.06,1.878
2028-05-16,14.18,7.48,194.8,310.52,75.5,101.6,0.48,0.763
2028-05-17,15.03,7.67,127.69,321.74,83.5,101.1,2.79,2.638
2028-05-18,14.15,6.41,192.21,296.13,79.8,100.1,4.73,4.664
2028-05-19,15.09,8.56,203.28,310.45,68.9,100.5,2.66,6.487
2028-05-20,14.16,9.41,207.44,310.77,61.8,101.1,1.43,8.065
2028-05-21,13.68,7.43,178.87,319.28,80.6,101.7,3.42,6.812
2028-05-22,14.91,6.88,277.48,288.15,71.9,102.8,0,3.804
2028-05-23,15.68,6.48,163.74,326.66,86.6,102.9,1.79,1.277
2028-05-24,13.76,7.32,218.03,307.41,77.9,103.2,0.33,2.261
2028-05-25,13.66,6.46,243.27,286.45,71.9,103,0,1.981
2028-05-26,16.86,5.44,289.94,287.92,72.5,102.4,0,1.097
2028-05-27,20.68,10.09,265.13,315.61,68.5,102.2,0.44,0.866
2028-05-28,14.5,8.79,176.05,313.91,82.5,102.3,1.36,3.302
2028-05-29,15.14,8.56,313.74,272.55,62.4,102.1,0,3.008
2028-05-30,21.59,11.16,155.32,348.33,77.3,100.7,4.09,1.495
2028-05-31,21.08,12.08,191.26,344.39,77.1,100.7,10.29,1.77
2028-06-01,20.57,12.99,227.55,340.51,76.9,100.7,16.49,2.684
2028-06-02,22.03,13.81,207.91,364.25,80.4,101.2,1.34,2.125
2028-06-03,21.81,13.88,236.09,343.62,77.4,100.7,1.01,3.404
2028-06-04,20.68,12.41,207.66,334.76,74.5,101.2,0.32,4.622
2028-06-05,21.91,13.2,312.37,316.02,72.9,101.8,0,2.192
2028-06-06,25.45,15.02,334.84,338.52,72.7,101.7,0,1.646
2028-06-07,25.77,16.49,294.02,352.08,76.4,101.9,0.19,0.334
2028-06-08,21.62,14.72,316.66,326.24,78.6,102.3,0,3.59
2028-06-09,18.24,14.09,338.11,305.53,81.9,102.4,0,5.81
2028-06-10,19.36,14.06,324.26,308.16,80.4,102.3,0,5.714
2028-06-11,21.03,14.74,340.65,309.8,76.5,102.4,0,5.51
2028-06-12,22.59,16.53,330.87,313.84,69.6,102.5,0,5.531
2028-06-13,24.59,18.25,337.19,327.87,68.3,102.3,0,5.824
2028-06-14,25.69,17.12,343.36,327.23,73,101.7,0,3.546
2028-06-15,22.91,12.11,275.28,328.16,74,101.4,0.87,1.849
2028-06-16,19.25,10.87,252.97,302.92,57.7,102.3,0.08,2.067
2028-06-17,24.07,13.1,193.98,366.11,69.7,101.7,1.1,4.917
2028-06-18,24.89,15.72,265.48,352.4,64.5,101.4,0.03,5.381
2028-06-19,21.13,13.24,289.8,312.91,54.2,101.1,0.05,4.596
2028-06-20,16.04,9.97,215.11,301.21,69.9,101.4,1.14,1.908
2028-06-21,17.23,10.13,261.32,299.72,61.6,101.7,0.18,5.588
2028-06-22,20.5,15.26,257.78,329.51,72.6,101,1.61,3.625
2028-06-23,23.98,14.89,264.4,343.19,68.1,100.4,5.06,4.132
2028-06-24,20.01,12.56,284.16,305.77,50.6,101.3,0.54,6.502
2028-06-25,19.95,11.54,214.92,324.49,54.5,102,0.17,4.68
2028-06-26,19.58,12.5,147.71,339.58,74.7,101.6,3.76,3.184
2028-06-27,23.54,14.17,277.97,329.66,59.5,101.2,0.07,5.55
2028-06-28,19.08,14,116.18,357.57,83.4,100.9,15.05,0.849
2028-06-29,22.35,14.31,274.21,337.64,79.4,100.4,2.26,2.039
2028-06-30,21.05,13.42,305.66,313.74,79.4,100.5,2.03,0.71
2028-07-01,19.25,12.76,212.77,319.11,78.6,100.6,7.54,2.708
2028-07-02,21.37,11.96,293.86,310.8,71.7,101.2,0.16,1.929
2028-07-03,20.95,12.62,269.05,323.98,78.5,101.3,6.46,1.832
2028-07-04,20.8,11.85,299.22,305.01,70.3,102,0,1.745
2028-07-05,21.79,12.59,274.71,324.6,68.6,101.9,0,1.18
2028-07-06,22.35,14.6,299.4,327.62,72.1,101.3,0.01,1.065
2028-07-07,20.54,16.35,154.45,359.54,79.7,100.5,2.66,0.54
2028-07-08,20.62,14.69,241.32,337.5,86.2,100.2,10.83,1.789
2028-07-09,18.64,11.65,241.31,318.37,71.2,101.1,1.94,2.043
2028-07-10,21.36,10.56,301.17,303.3,69.7,101.5,1.77,1.096
2028-07-11,22.21,11.08,284.7,312.77,68.9,101.6,0.05,0.796
2028-07-12,24.02,14.57,198.45,353.38,72.1,101.8,0.24,2.196
2028-07-13,24.64,14.7,244.32,342.69,83,102.1,1.19,0.269
2028-07-14,25.8,15.19,324.49,330.38,73.5,102.3,0,0.853
2028-07-15,23.77,17.02,297.95,346,79.7,102.4,0.01,2.448
2028-07-16,20.6,17.35,225.69,357.85,84.1,102.4,0.15,4.853
2028-07-17,23.53,17.62,330.67,328.65,82.5,102,0,5.57
2028-07-18,24.83,17.66,337.65,319.07,79,101.5,0,4.075
2028-07-19,27.44,16.64,325.05,335.5,72.7,101.5,0,1.702
2028-07-20,20.98,14.13,267.52,332.3,71.8,102.1,0.05,3.18
2028-07-21,20.9,12.88,308.73,302.97,67.2,102.3,0.06,2.676
2028-07-22,20.47,13.68,264.83,323.79,73.7,102.2,0.13,4.432
2028-07-23,21.89,16.66,262.82,339.78,78.8,101.9,0,5.512
2028-07-24,20.86,17.58,224.36,354.74,81.8,101.6,3.02,8.19
2028-07-25,21.13,16.88,275.36,345.38,82.4,100.9,4.22,6.768
2028-07-26,25.84,16.35,191.32,367.57,78.1,100.5,1.6,3.456
2028-07-27,23.78,14.16,246.52,319.02,61.1,100.7,0.31,4.345
2028-07-28,22.05,15.36,175.4,347.99,76.6,100.1,2.95,3.945
2028-07-29,23.64,17.76,146.83,371.8,79.1,99.7,7.91,3.043
2028-07-30,23.52,13.91,262.77,320.48,57.6,100.4,0.37,3.963
2028-07-31,23.65,15.16,243.67,332.43,62.2,100.6,1.93,3.815
2028-08-01,23.79,16.41,224.57,344.56,66.9,100.8,3.49,3.666
2028-08-02,21.08,15.91,160.57,363.91,90.3,100.6,16.53,1.394
2028-08-03,23.17,15.97,254.7,344.85,73.1,100.4,2.41,1.678
2028-08-04,21.27,16.99,219.86,350.23,88.4,100.3,19.65,0.936
2028-08-05,23.08,14.47,278.39,318.7,65.3,100.7,0.43,4.307
2028-08-06,22.65,13.85,270.17,317.78,64.7,100.8,0.13,4.774
2028-08-07,20.95,13,248.45,310.14,65.7,101,0.23,4.317
2028-08-08,19.86,11.65,210.48,315.65,63.5,101.2,0.05,3.894
2028-08-09,20.62,12.82,193.56,327.19,72.1,101.4,0.65,4.376
2028-08-10,24.56,16.2,218.88,353.48,71.2,100.7,1.76,6.506
2028-08-11,20.94,14.95,205.37,326.27,62.9,99.9,0.38,7.862
2028-08-12,22.43,14.19,206.69,327.77,61.9,99.8,0.47,6.893
2028-08-13,21.58,13.62,214.1,327.46,70.4,100.1,1.95,5.136
2028-08-14,20.88,12.07,188.43,325.94,71.4,100.7,0.62,3.091
2028-08-15,20.69,10.95,250.35,308.82,63.9,101,0.17,3.123
2028-08-16,22.1,14.64,229.5,331.48,60.7,100.4,1.04,6.87
2028-08-17,20.37,12.24,224.12,311.46,58,101.5,0,4.068
2028-08-18,20.48,12.48,180.24,319.81,62.7,101.7,0.76,2.868
2028-08-19,20.37,10.21,202.94,315.42,64.1,101.7,0.5,3.769
2028-08-20,21.77,14.85,133.91,374.26,86.6,101,3.46,3.734
2028-08-21,23.11,15.09,210.14,339.36,65,100.3,1.61,5.966
2028-08-22,20.29,13.19,194.97,312.48,69.1,100.6,1.49,5.711
2028-08-23,20.81,11.71,208.95,312.81,64.2,101.7,0,2.149
2028-08-24,23.12,12.55,175.46,340.87,67.1,101.6,0,4.512
2028-08-25,20.79,15.25,203.38,329.91,66.7,101.5,0.09,4.013
2028-08-26,22.59,12.3,221.54,317.26,62.7,101.9,0.02,3.182
2028-08-27,18.71,13.14,131.02,342.31,73.6,102.1,0.92,0.449
2028-08-28,22.14,14.8,116.1,372.87,84.7,100.9,4.86,4.798
2028-08-29,22.39,15.7,102.61,358.08,79.6,100.1,6.57,4.873
2028-08-30,19.66,11.73,176.47,318.45,67.5,100.6,0.36,4.007
2028-08-31,18.6,10.56,174.76,304.94,65.4,101,0.44,4.156
2028-09-01,17.55,9.4,173.04,292.78,63.3,101.4,0.52,4.304
2028-09-02,19.37,9.43,147.41,314.28,66.6,101.6,4.9,3.153
2028-09-03,20.55,13.93,151.15,357.51,73.9,99.6,5.35,7.195
2028-09-04,17.5,11.66,177.53,299.35,65.6,101.2,0.4,5.924
2028-09-05,15.03,8.89,169.93,280.97,63.9,102.5,0.06,4
2028-09-06,15.57,9.25,151.98,300.79,66.9,103.1,0,2.725
2028-09-07,16.27,9.17,159.84,305.44,75,103.5,0.06,0.926
2028-09-08,18.2,8.81,206.26,301.35,76.6,103.4,0,2.142
2028-09-09,18.12,13.55,134.15,344.19,82.6,102.7,0.05,5.081
2028-09-10,18.75,13.77,156.25,346.63,81.1,102.2,1.22,1.773
2028-09-11,19.35,13.86,117,366.7,89.7,101.7,3.1,2.402
2028-09-12,19.76,14.6,165.5,353.3,86.7,101.6,0.61,2.091
2028-09-13,17.51,12.64,87.13,347.32,86.5,101.6,1.18,1.412
2028-09-14,17.72,11.18,167.42,319.48,83.8,101.6,0,2.089
2028-09-15,18.59,13.97,108.81,341.2,86.6,101,0.88,2.341
2028-09-16,20.65,12.4,165.49,320.1,76.3,101.3,0,2.184
2028-09-17,17.58,9.96,127.19,309.81,79.9,100.8,5.16,3.114
2028-09-18,18.23,9.04,185.8,290.28,65.4,101.3,0.13,4.775
2028-09-19,19.88,9.75,113.41,330.75,77.3,101.6,0.05,3.806
2028-09-20,20.39,11.43,160.39,324.85,80.7,101.8,0.05,1.72
2028-09-21,19.19,12.76,135.54,324.98,82.5,101.3,0,1.04
2028-09-22,19.01,12.42,62.53,334.69,86.9,100.2,5.97,1.283
2028-09-23,17.9,11.11,57.78,335.22,83.1,99.3,6.11,2.088
2028-09-24,17.52,10.86,152.49,302.33,68.4,99.9,0,4.994
2028-09-25,18.76,11.87,144.24,324.37,77.8,99.7,14.04,5.174
2028-09-26,17.31,10.11,140.69,302.31,77.4,100.8,0.61,4.808
2028-09-27,18.37,11.08,103.52,336.01,87.3,101.2,0.15,3.553
2028-09-28,23.57,17.06,155.34,359.32,79.9,101.4,0.03,6.816
2028-09-29,23.88,14.88,171.1,319.41,70.9,102,0,5.729
2028-09-30,20.14,12.32,169.36,298.84,87.8,102.6,0,1.846
2028-10-01,21.1,12.35,161.11,314.14,89.7,102.1,0.15,0.882
2028-10-02,19.08,12.13,128.84,303.96,74.2,101.8,0,4.235
2028-10-03,16.04,9.03,148.59,280.28,72.1,102,0,3
2028-10-04,15.09,8.72,71.61,331.87,84.3,102.2,0.05,0.557
2028-10-05,15.76,11.02,68.68,339.31,87.9,102,0.15,0.734
2028-10-06,17.25,9.19,137.01,303.2,84.6,101.9,0,0.333
2028-10-07,17.1,9.74,87.37,326.04,91.2,102.1,0.05,1.325
2028-10-08,16.52,11.96,47.52,347.7,90,101.5,5.9,2.017
2028-10-09,16.79,11.99,114.26,325.04,83,101.1,2.27,2.389
2028-10-10,14.63,11.63,125.05,308.99,76.5,100.9,1.26,5.36
2028-10-11,15.76,10.8,106.37,315.43,74.8,101,0.15,2.854
2028-10-12,12.36,9.28,67.08,320.07,73,101,1.11,2.26
2028-10-13,11.73,6.47,96.51,288.93,77.4,100.7,0.57,3.477
2028-10-14,11.74,5.97,93.44,284.09,71.6,100.5,0.37,3.285
2028-10-15,11.97,5.43,86.64,281.02,72.5,101.4,0.15,2.664
2028-10-16,12.54,6.41,57.95,312.98,84.2,101,5.9,5.011
2028-10-17,9.42,5.65,84.97,283.67,79,101,0.98,6.016
2028-10-18,11.26,4.76,83.08,297.34,76.5,101.5,1.92,5.542
2028-10-19,10.86,4.81,82.59,280.1,79.2,101.8,0.13,3.205
2028-10-20,10.67,4.49,34.03,308.73,86,100.6,4.22,4.075
2028-10-21,9.15,1.95,110.95,249.21,75.3,100.1,0,3.755
2028-10-22,10.4,1.33,102.45,264.23,83.3,100.3,0.06,2.498
2028-10-23,8.77,5.3,57.97,287.33,86.6,100.6,0.5,3.608
2028-10-24,10.6,5.05,62.29,293.21,79.8,100.7,0.13,3.416
2028-10-25,9.77,3.88,70.52,284.17,81.8,101.4,0.23,4.075
2028-10-26,11.12,1.45,104.96,259.82,84.2,101.9,0,0.839
2028-10-27,11.35,8.63,61.19,321.87,79.4,101.2,3.24,3.072
2028-10-28,12.87,7.96,33.33,340.13,96.6,101.1,0.89,0.943
2028-10-29,13.89,7.68,83.47,322.46,87.9,101.5,1.89,2.483
2028-10-30,15.09,12.58,26.7,364.68,93,100.5,7.05,3.708
2028-10-31,15.43,12.03,51.19,344.28,89.4,100.1,9.1,3.965
2028-11-01,15.77,11.49,76.21,324.01,85.8,99.7,11.15,3.724
2028-11-02,16.59,11.09,68.95,323.36,85,99.2,12.74,4.599
2028-11-03,14.69,9.56,89.42,284.82,77.1,100.3,0,5.166
2028-11-04,13.57,9.01,76.88,293.85,80.7,100.3,0.69,5.163
2028-11-05,11.83,7.44,80.39,275.28,77.9,100.2,0.1,7.102
2028-11-06,11.21,4.58,80.94,259.71,81.7,101.1,0,4.999
2028-11-07,12.65,2.57,33.09,305.98,90.2,100.2,12.9,4.737
2028-11-08,11.7,7.24,29.58,327.29,86.4,99.7,10.87,9.166
2028-11-09,13.32,4.83,54.55,291.97,89.6,101.5,0,2.099
2028-11-10,12.23,7.97,24.07,319.06,88.8,100.9,2.34,2.331
2028-11-11,12.46,6.53,74.91,273.67,90,101.3,0,2.318
2028-11-12,12.47,9.13,41.28,321.37,91.4,100.5,3.31,1.984
2028-11-13,10.54,5.61,63.24,278.78,94.4,100.8,0,0.871
2028-11-14,11.62,5.93,49.58,293.57,89.2,101.4,0,1.817
2028-11-15,10.44,5.27,35.06,325.01,95.9,101.9,0.3,1.014
2028-11-16,12.02,8.24,65.31,306.56,93.1,101.5,0.09,0.967
2028-11-17,12.97,8.85,46.73,319.01,95.5,101.2,0.06,0.702
2028-11-18,10.86,8.79,27,335.04,86.5,101.9,2.12,4.439
2028-11-19,10.08,6.81,36.24,306.06,64.2,102.5,0.1,2.596
2028-11-20,8.14,5.59,25.18,304.94,68.9,102.6,1.98,3.378
2028-11-21,6.78,4.75,23.01,309,66.8,102.6,7.18,9.801
2028-11-22,6.98,5.26,37.46,296.43,62.3,102.3,0.02,12.787
2028-11-23,6.89,5.05,45.5,275.46,73.4,102.1,0.08,10.443
2028-11-24,7.55,4.59,38.36,302.79,78.2,101.6,0.2,4.979
2028-11-25,7.54,3.39,30.22,295.78,83.5,101,2.71,1.493
2028-11-26,4.92,0.7,33.1,263.78,85.8,100.6,0.12,4.71
2028-11-27,5.06,0.81,37.77,276.7,81.7,101.3,1.94,3.491
2028-11-28,4.2,-1.77,39.36,259.23,68.3,101.7,3.65,2.488
2028-11-29,3.03,-1.91,18.06,288.83,88.1,101.2,9.76,3.848
2028-11-30,2.35,-1.43,24.54,269.7,79.3,101.9,18.01,6.703
2028-12-01,1.36,-1.23,11.7,294.36,89.2,102.7,6.62,2.872
2028-12-02,2.86,-3.44,23.68,287.35,92.1,102.2,0.08,2.59
2028-12-03,5.5,2.54,23.95,291.61,79.9,101.6,1.39,2.084
2028-12-04,4.83,1.42,37.19,277.86,77.1,102.3,0.39,2.434
2028-12-05,8.2,2.73,20.07,312.59,97.1,102.7,0.12,3.782
2028-12-06,8.69,5.05,24.91,308.91,90.9,102.8,0.01,4.519
2028-12-07,10.45,6.64,37.93,305.98,87.7,102.2,0,6.039
2028-12-08,10.39,4.97,28.07,304.45,86,102.6,0.42,3.739
2028-12-09,7.93,4.13,14.65,321.64,97.8,102.7,1.66,1.111
2028-12-10,10.12,6.44,20.91,330.36,95.5,102,1.43,3.937
2028-12-11,10.14,8.1,22.08,337.95,92.7,101.8,0.13,4.407
2028-12-12,11.25,9.07,15.27,344.08,96.4,101.9,1.19,4.019
2028-12-13,9.1,4.98,36.07,290.38,90.8,101.7,0.04,3.912
2028-12-14,11.21,6.72,23.41,332.02,93.3,101.7,0.03,3.728
2028-12-15,11.8,9.94,16.55,344.54,94.4,101.7,1.48,3.093
2028-12-16,10.65,1.61,28.53,285.04,83,101.9,2.4,3.237
2028-12-17,4.32,0.89,30.36,267.63,79.4,102.7,0.12,4.478
2028-12-18,3.24,-0.31,40.23,250.85,79.9,103.5,0,4.229
2028-12-19,8,1.41,3.86,315.85,83.9,100.7,8.11,7.461
2028-12-20,7.1,-0.14,22.25,295.24,68.4,100.2,3.92,9.076
2028-12-21,2.2,-0.28,15.32,297.45,89.7,100.3,7.03,7.251
2028-12-22,3.02,0.56,23.3,285.37,90.5,100.7,1.34,5.593
2028-12-23,1.14,-2.35,37.37,234.11,84.9,100.6,0,4.784
2028-12-24,0.95,-2.95,37.91,222.33,90.9,100.7,0,3.993
2028-12-25,1.46,-3.22,18.41,268.75,91.4,99.8,6.01,0.916
2028-12-26,1.01,-1.36,22.4,273.77,94.6,100,0.5,4.653
2028-12-27,1.09,-3.97,34.96,233.9,96.9,101.3,0,3.719
2028-12-28,2.45,-6.32,38.56,232.72,95.3,101.2,0,0.678
2028-12-29,5.42,-0.34,13.41,303.43,98.2,100.4,1.53,1.918
2028-12-30,7.79,5.45,15.16,338.22,100,99.9,3.25,3.515
2028-12-31,7.28,5.81,13.99,337.25,99.6,99.7,7.17,4.951
2029-01-01,6.78,6.18,12.81,337.18,99,99.5,11.1,6.454
2029-01-02,6.51,2.95,10.43,323.32,96.9,98.8,19.9,7.361
2029-01-03,3.92,2.6,19.32,313.39,96.5,99.1,2.82,4.485
2029-01-04,4.81,2.84,21.65,310.84,95.7,100.2,0.8,2.344
2029-01-05,3.74,0.36,22.3,286.33,96,101.5,0.57,1.743
2029-01-06,4.26,-0.05,24.54,299.3,88.6,101.9,5.56,4.17
2029-01-07,5.84,3.86,13.21,323.24,97.6,101.3,14.41,4.996
2029-01-08,7.78,4.96,18.72,329.57,97.2,100.8,3.39,4.069
2029-01-09,10,7.76,18.97,335.56,98.6,101.1,1.5,1.62
2029-01-10,10.01,7.7,28.15,312.95,94.1,101.5,0.02,1.974
2029-01-11,10.24,8.36,23.7,337.89,96.5,101.2,0.19,2.845
2029-01-12,9.86,3.58,26.85,292.45,90.7,101,0.11,1.509
2029-01-13,4.2,1.81,38.39,249.04,70.9,101.1,0,9.853
2029-01-14,3.44,2.16,20.27,311.55,89.8,100.7,1.91,7.726
2029-01-15,3.37,2.13,19.56,307.99,82.7,100.7,1.55,6.788
2029-01-16,3.84,1,22.78,298.24,96.4,100.9,4.89,1.452
2029-01-17,4.62,1.44,35.44,296.04,91.8,101.5,0.09,0.968
2029-01-18,3.58,0.75,11.23,303.8,86.2,101.5,6.13,8.832
2029-01-19,3.32,1.64,18.78,310.16,96.2,100.7,1.28,5.672
2029-01-20,3.37,1,16.55,308.37,92.5,100.6,3.51,8.273
2029-01-21,2.74,0.39,52.38,252.33,66.9,101.3,0,10.649
2029-01-22,1.19,-0.03,61.97,232.42,62.9,102.4,0,10.879
2029-01-23,0.72,-1.05,68.14,221.53,56.8,102.7,0,9.87
2029-01-24,0.07,-1.48,69.94,208.87,53.3,102.4,0,9.871
2029-01-25,0.14,-3.47,56.35,241.86,61.4,102.3,1.25,9.447
2029-01-26,-2.53,-9.39,25.96,251.66,91.3,102,2.69,3.627
2029-01-27,-0.89,-10.73,33.08,247.18,97.8,101.5,0.82,1.023
2029-01-28,2.76,-3.47,26.63,288.94,95.5,102,1.5,1.746
2029-01-29,4.13,2.12,28.53,305.78,93.4,102.5,0.42,1.815
2029-01-30,3.24,-0.57,47.08,272.46,83.8,102.9,0.5,3.517
2029-01-31,5.07,-1.19,38.78,292.5,92.5,103.4,0.27,2.131
2029-02-01,6.56,4.46,32.19,321.11,94,103,2.48,3.639
2029-02-02,6.47,4.89,26.78,320.35,94.6,102.7,3.81,2.369
2029-02-03,7.29,4.81,35.63,317.3,92.3,102.6,1.91,2.832
2029-02-04,5.94,3.57,40.32,300.49,91.6,102,1.93,3.701
2029-02-05,4.15,-1.79,51.66,269.95,76.2,102.4,1.3,3.695
2029-02-06,-0.02,-2.58,36.05,267.7,84.7,102.3,0.67,1.001
2029-02-07,-1.9,-3.39,43.81,255.94,67.9,101.9,0.1,4.576
2029-02-08,-1.75,-4.43,18.91,266.61,66.4,102.1,2.55,9.065
2029-02-09,-0.93,-4.57,41.89,249.15,60.6,102.4,0.01,6.558
2029-02-10,-1.18,-7.68,77.81,229.26,82.2,102,0.61,2.385
2029-02-11,2.48,-2.86,38.68,277.35,94.5,100.8,2.47,2.834
2029-02-12,3.23,-1.87,61.26,255.71,90.2,102.1,0.05,1.521
2029-02-13,3.64,-2.1,73.56,252.01,91.5,103,0.24,2.653
2029-02-14,4.36,-0.97,80.63,263.46,84.1,103.2,0,3.074
2029-02-15,4.28,0.24,61.21,292.9,88,103.5,0.13,2.048
2029-02-16,2.82,-0.43,59.03,288.56,89.7,103.4,0.27,2.855
2029-02-17,3.04,-0.97,104.01,249.07,82.3,102.2,0.2,4.894
2029-02-18,3.76,1.04,84.52,248.89,78.7,101.1,0,4.464
2029-02-19,4.98,2.65,86.49,294.95,86.1,101.3,0.14,4.525
2029-02-20,4.87,2.15,52.72,307.28,93.8,101.9,0.42,1.929
2029-02-21,9.07,3.74,42.93,306.01,93.9,101.1,15.06,1.336
2029-02-22,8.88,3.58,91.95,291.63,80.3,101.5,1.45,4.944
2029-02-23,10.28,2.72,16.41,301.42,91.1,100.1,9.2,5.282
2029-02-24,8.94,5.42,73.16,297.52,70.7,99.9,1.18,8.391
2029-02-25,8.67,4.32,88.18,290.32,74.5,102.1,0.05,3.365
2029-02-26,9.02,4.03,44.01,320.61,93.6,102.3,1.78,1.995
2029-02-27,9.04,3.75,80.42,287.42,78.7,101.2,0.89,5.811
2029-02-28,6.61,3.57,82.86,289.58,68.2,100.7,0.62,6.402
2029-03-01,4.19,0.01,68.82,288.73,76.3,101.2,1.92,5.316
2029-03-02,5.52,-0.17,104.66,279.22,79.7,101.8,3.65,3.968
2029-03-03,10.14,5.44,68.56,318.18,92.8,101.4,2.07,4.62
2029-03-04,12.69,7,95.39,323.15,86.6,101.5,0.81,5.244
2029-03-05,15.4,10.51,91.38,327.45,85.2,102,0.61,5.552
2029-03-06,10.95,4.58,99.76,296.6,74.8,102.9,0.23,3.109
2029-03-07,8.88,3.92,111.63,290.32,71.4,103.2,0,1.019
2029-03-08,10.85,5.52,111.23,303.94,74.6,102.3,2.9,4.652
2029-03-09,8.31,5.17,78.89,308.06,75.3,102.8,0.27,2.59
2029-03-10,6.05,4.24,51.29,307.43,83.8,101.5,1.96,1.561
2029-03-11,6.81,4.17,19.55,312.54,80.4,99.6,16.92,8.248
2029-03-12,8.25,3.48,111.86,285.77,74.4,100.1,2.76,5.648
2029-03-13,7.63,1.64,136.47,278.56,89,100.5,2.53,1.994
2029-03-14,7.22,2.39,81.52,296.02,91.2,100.3,3.86,1.619
2029-03-15,5.21,2.02,85.23,300.11,87.4,101.1,2.66,2.626
2029-03-16,5.1,0.79,121.43,274.61,74.5,102.4,0.32,2.952
2029-03-17,4.92,0.35,77.98,287.18,86.1,101.8,2.25,0.869
2029-03-18,5.18,0.76,87.29,286.08,92.5,101.6,1.31,0.217
2029-03-19,6.77,2.42,97.03,296.05,95.6,102.1,3.62,0.56
2029-03-20,8.14,2.6,103.46,295.96,89.3,102.2,1.03,1.367
2029-03-21,7.06,3.51,85.1,303.55,93.2,101.9,1.79,0.697
2029-03-22,6.28,1.9,103.01,283.63,83.9,102.2,0.16,3.99
2029-03-23,3.92,1.62,87.54,291.98,77,102.7,0.23,4.538
2029-03-24,2.76,-0.64,85.79,286.29,73,102.2,1.15,5.429
2029-03-25,0.92,-2.42,70.69,274.58,74,101.9,3.33,7.757
2029-03-26,2.67,-0.5,68.09,290.94,70.3,101.5,0.54,11.5
2029-03-27,3.37,0.4,79.27,292.15,69.8,101.4,0.31,11.306
2029-03-28,4.28,0.52,213.2,236.7,74.7,101.4,0,7.033
2029-03-29,7.09,0.06,125.6,273.92,85.2,101.7,0.11,1.399
2029-03-30,9.07,0.15,198.45,273.69,82.8,102,0.22,0.363
2029-03-31,6.92,2.63,101.31,292.01,80.1,101.7,1.09,1.33
2029-04-01,6.8,2.71,105.02,291.56,78.6,101.8,0.79,1.188
2029-04-02,5.39,-2.08,144.52,253.87,75,102.1,0.11,2.069
2029-04-03,6.28,-3.03,161.87,240.96,71.6,102.2,0.07,2.091
2029-04-04,6.53,-1.62,109.63,278.16,81.3,101.7,0.99,2.277
2029-04-05,5.84,-0.5,119.61,271,80.1,101.4,1.55,2.927
2029-04-06,7.37,-1.01,155.19,269.12,72.2,101.7,1.49,2.564
2029-04-07,11.83,4.88,104.73,313.54,81,99.7,3.61,4.867
2029-04-08,8.35,2.49,185.36,265.78,63,99.7,1.46,4.279
2029-04-09,8.14,0.92,145.46,265.3,66.5,99.9,0.04,2.23
2029-04-10,10.36,1.05,216.11,245.32,61.4,100.4,0.12,4.988
2029-04-11,5.38,0.09,41,298.62,89,100,8.07,4.424
2029-04-12,6.27,2.95,53.82,317.7,96.7,99.3,18.33,4.976
2029-04-13,8.94,2.73,77.71,319.56,93.2,98.3,25.6,4.097
2029-04-14,8.99,2.58,124.3,299.2,67.3,100.6,3.71,7.471
2029-04-15,10.96,4.87,153.06,297.28,75,100.8,1.97,5.467
2029-04-16,10.17,5.37,151.05,299.18,80.1,100.4,2.76,2.185
2029-04-17,7.82,3.35,140.73,288.21,83.3,100.6,2.44,1.024
2029-04-18,7.54,2.24,118.95,295.8,79.6,101.3,6.82,0.893
2029-04-19,7.21,2.29,148.37,286.14,68.8,101.7,0.08,1.374
2029-04-20,7.52,4.25,136.3,298.88,79.5,101.3,1.69,0.655
2029-04-21,11.91,4.4,119.05,318.75,93.1,100.2,6.65,2.555
2029-04-22,10.87,5.88,146.73,297.17,77.9,99.5,1.53,5.034
2029-04-23,9.43,4.73,125.44,307.52,85.1,99.7,8.3,1.796
2029-04-24,7.13,4.79,83.87,318.12,89.6,100.2,33.4,4.577
2029-04-25,9.35,4.48,198.58,291.08,69.2,101.1,0.05,3.08
2029-04-26,10.03,3.17,177.45,287.15,68.1,101.3,0.1,3.615
2029-04-27,8.92,0.84,148.17,279.31,85.5,101,1.58,1.139
2029-04-28,11.94,4.29,147.02,304.58,77.3,100.2,6.09,4.417
2029-04-29,12.93,5.94,201.97,294.73,69.7,100.9,2.37,4.706
2029-04-30,13.6,4.9,120.91,317.47,94.9,100.9,4.76,1.501
2029-05-01,15.87,8.09,195.99,313.32,82.9,101,4.46,1.578
2029-05-02,15.9,7.6,270.85,292.46,77.4,101.5,1.03,1.743
2029-05-03,17.65,9.51,209.54,327.72,82.3,100.8,12.52,2.181
2029-05-04,16.37,8.13,208.98,300.52,74.5,101.6,0.52,3.067
2029-05-05,13.55,7.99,133.13,316.14,83.9,102,1.01,2.945
2029-05-06,19.46,11.42,208.88,330.21,75.8,101.5,1.38,6.121
2029-05-07,18.32,8.52,217.25,315.93,82.4,102.4,0.01,0.744
2029-05-08,15.26,9.17,241.53,314.38,79.2,101.8,0.01,7.676
2029-05-09,19.66,10.5,260.14,307.25,71.3,100.8,0,5.962
2029-05-10,14.98,8.14,220.36,297.65,64.6,102.2,0.15,2.068
2029-05-11,15.02,8,259.38,292.32,67.7,102.1,0.45,1.402
2029-05-12,16.09,9.37,290.05,289.86,77.4,100.9,0.45,1.378
2029-05-13,13.88,7.41,183.72,317.17,74.2,100.9,2.39,2.09
2029-05-14,12.76,5.49,197.36,280.94,73.1,101.6,0.33,0.787
2029-05-15,12.73,7.64,110.98,322,80.5,100.9,5.28,2.282
2029-05-16,14.07,8.42,175.32,316.08,91.4,100.8,9.34,0.612
2029-05-17,14.66,5.32,276.04,283.81,72.9,102.1,0.09,1.332
2029-05-18,15.13,4.53,261.12,292.89,84.7,102.4,0,1.132
2029-05-19,17.94,12.4,156.78,346.31,85.9,102,3.52,2.311
2029-05-20,15.21,8.98,219,322.16,85.2,102,0.3,1.719
2029-05-21,14.31,8.45,283.78,294.79,78.2,102.4,0.09,1.599
2029-05-22,14.43,6.3,316.35,267.74,75,103,0,1.77
2029-05-23,18.54,6.2,294.75,287.94,72.4,103,0,0.884
2029-05-24,21.08,9.74,290.06,308.98,73.3,102.8,0,0.27
2029-05-25,16.32,9.83,299.39,301.28,89.4,102.6,0,1.207
2029-05-26,16.76,10.09,279.09,297.29,74.3,102.3,0,1.666
2029-05-27,17.24,9.13,225.06,313.26,78.3,101.5,0.4,1.471
2029-05-28,15.58,8.2,197.46,315.71,72.4,101.1,0.46,0.636
2029-05-29,12.23,7.04,183.25,294.28,73.3,101.3,0.07,3.56
2029-05-30,13.68,6.54,233.76,288.77,70.5,101.5,0,2.492
2029-05-31,13.9,6.09,261.68,278.48,68.8,101.7,0.04,2.576
2029-06-01,14.12,5.64,289.87,268.16,67.1,101.8,0.05,2.606
2029-06-02,13.99,7.7,285.27,276.77,71.7,101.9,0,4.418
2029-06-03,16.51,6.07,349.44,260.07,74.1,102.3,0,1.643
2029-06-04,20.66,10.96,260.17,329.87,68.1,102.3,0.05,2.191
2029-06-05,19.61,10.49,294.13,308.46,74.8,102.9,0,0.119
2029-06-06,18.89,10.57,338.47,302.78,80.3,102.8,0,1.531
2029-06-07,21.25,10.75,311.87,329.03,77.4,102.5,0.12,2.905
2029-06-08,14.9,10.98,311.76,294.19,71.7,102.6,0,4.88
2029-06-09,13.74,9.53,238.17,307.1,68.8,102.7,0.02,4.399
2029-06-10,14.64,8.87,282.25,302.16,73.1,102.8,0,3.612
2029-06-11,16.97,10.95,289.99,317.42,78.1,102.7,0.21,1.855
2029-06-12,15.5,10.29,226.98,329.73,81,102.6,0.31,1.948
2029-06-13,15.07,10.83,205.28,335.05,83.2,102.6,0.43,2.941
2029-06-14,16.21,10.65,226.45,326.79,80.9,102.7,0.13,1.33
2029-06-15,18.93,10.65,339.87,303.19,67.7,102.5,0.12,1.512
2029-06-16,15.33,10.93,154.24,341.55,85,102,2.93,1.685
2029-06-17,15.27,10.51,255.79,320.09,79.4,101.7,0.26,3.338
2029-06-18,17.28,11.3,238.4,338.63,78.8,101.4,1.16,2.591
2029-06-19,16.09,9.46,232.74,311.92,73.4,101.3,0.15,1.875
2029-06-20,14.11,7.89,174.35,314.15,69.9,101.5,0.07,1.374
2029-06-21,15.13,9.03,179.01,315.13,70.3,101.4,0.06,0.971
2029-06-22,17.47,9.13,265.13,300.07,78.5,101.2,4.11,0.652
2029-06-23,17.1,9.07,254.99,302.3,80.3,101.6,3.5,0.367
2029-06-24,19.65,10.05,310.82,297.43,64.3,101.9,0,0.936
2029-06-25,20.58,12.89,253.96,323.79,66.3,101.8,4.49,2.162
2029-06-26,19.18,11.59,201,330.3,74.4,102.1,1.21,2.952
2029-06-27,24.24,14.68,269.41,350.97,68.4,101.9,0,4.015
2029-06-28,26.7,14.52,334.91,332.21,63.9,101.7,0,3.181
2029-06-29,24.26,16.74,217.95,367.09,74.5,101.3,0.31,3.608
2029-06-30,20.81,15.21,199.33,348.44,76.1,100.9,0.61,4.687
2029-07-01,22.52,13.26,272,328.56,69.4,100.6,0.22,2.879
2029-07-02,23.31,16.2,210.45,356.8,74.3,100.2,0.95,3.197
2029-07-03,19.73,11.75,149.78,339.14,76.6,100.8,2.99,1.824
2029-07-04,20.28,10.25,266.03,309.11,70.6,101.4,2.17,2.046
2029-07-05,17.88,10.41,211.15,309.04,79.6,101.8,4.15,1.592
2029-07-06,18.52,9.08,310.88,285.2,73.6,102.4,0.23,1.314
2029-07-07,19.14,12.56,278.02,313.81,68.7,102.2,0,5.468
2029-07-08,18.69,15.01,201.69,341.81,74.4,102.1,0,6.358
2029-07-09,17.98,13.73,218.04,338.38,76.9,102.1,0.17,5.427
2029-07-10,19.52,13.77,243.31,331.49,82.3,101.6,0.32,5.482
2029-07-11,17.63,15.12,72.21,364.7,94.7,101,41.83,3.925
2029-07-12,16.44,13.61,66.26,362.17,86.6,101,15.32,3.999
2029-07-13,21.81,13.12,323.76,316.97,75.1,101.4,0.03,0.887
2029-07-14,21.64,14.95,231.85,351.78,83.1,100.9,14.7,1.267
2029-07-15,22.93,14.7,270.85,341.86,75.3,100.3,1.03,4.272
2029-07-16,20.61,13.89,233.05,347.2,85.9,100.1,21.2,3.382
2029-07-17,20.25,12.72,272.72,321.86,76.3,101.4,0.29,1.096
2029-07-18,24.12,13.33,256.67,350.7,77,101.8,0.08,1.287
2029-07-19,22.69,16.53,189.74,363.1,78.3,101.5,2.55,2.271
2029-07-20,23.97,16.72,242.44,360.6,76.9,101.3,1.75,2.059
2029-07-21,25.38,16.38,253.61,358.98,75.3,101.3,0.04,2.925
2029-07-22,25.07,17.53,280.84,355,72.6,101.3,0.43,3.992
2029-07-23,19.75,15.18,49.89,372.27,93.9,101.3,37.16,0.433
2029-07-24,21.9,13.83,264.53,330.26,79.7,101.5,1.25,0.936
2029-07-25,21.18,13.43,253.4,322.63,74.4,101.7,0,0.457
2029-07-26,21.92,15.71,275.66,332.79,75.9,101.1,0,1.46
2029-07-27,25.13,16.48,257.91,352.05,73.3,100.5,2.19,2.654
2029-07-28,21.73,15.2,260.17,325.55,77.6,100.8,2.54,2.96
2029-07-29,20.47,13.13,252.86,319,75.2,101.2,3.18,1.517
2029-07-30,18.72,13.22,251.9,309.93,77.2,101.6,5.23,0.836
2029-07-31,19.85,12.32,266.83,305.82,74.9,101.6,2.62,0.248
2029-08-01,20.98,11.42,281.71,301.38,72.6,101.7,0,1.602
2029-08-02,21.73,16.21,310.55,321.9,75.7,101.2,3.04,6.4
2029-08-03,24.6,15.46,301.57,322.71,75.3,101.4,0,2.588
2029-08-04,23.56,14.11,285,320.38,74.8,101.6,0.45,1.352
2029-08-05,26.57,17.26,271.47,354.39,68.9,101.6,0.77,3.311
2029-08-06,24.62,15.96,240.89,334.9,71.8,102,0.06,1.484
2029-08-07,26.65,16.11,230.08,361.77,74.2,101.8,0.65,2.688
2029-08-08,23.42,17.92,239.18,353.02,84,101.9,1.05,1.97
2029-08-09,23.2,17.34,293.14,332.38,82.6,101.9,0,2.927
2029-08-10,23.61,15.71,266.65,325.53,72.8,102.3,0.04,1.384
2029-08-11,20.54,13.99,242.33,313.6,71.1,102.7,0.05,3.092
2029-08-12,21.13,13.78,254.65,312.55,75.5,102.7,0,2.567
2029-08-13,21.9,13.44,245.48,328.22,79.9,102.6,0,2.808
2029-08-14,19.8,15.84,220.74,334.07,76,102.4,0,3.641
2029-08-15,21.96,14.85,250.27,322.9,81.3,102.2,0.11,3.914
2029-08-16,21,15.82,260.39,321.64,80.5,102,0,3.788
2029-08-17,19.92,14.58,237.48,329.44,78.8,101.6,0.04,3.3
2029-08-18,22.47,17.12,277.55,323.15,80.3,101.5,0,6.53
2029-08-19,22.37,17.14,259.29,330.99,80.9,101.7,0.03,5.415
2029-08-20,21.54,17.19,246.78,329.61,82.8,101.7,0,5.935
2029-08-21,20.12,15.42,212.25,339.46,79.9,101,1.18,5.938
2029-08-22,22.08,14.42,263.18,314.78,69.2,101.1,0,1.215
2029-08-23,24.98,14.72,254.94,329.54,72.1,101.2,0.17,1.357
2029-08-24,22.84,15.38,148.07,355.98,82.2,100.9,0.17,1.338
2029-08-25,22.74,13.03,234.36,323.26,83.2,101.4,0.13,0.901
2029-08-26,25.07,13.67,167.79,351.68,76.3,101.8,0.21,1.099
2029-08-27,23.64,17.04,145.48,368.63,86.1,101.8,4.62,1.312
2029-08-28,23.8,17.76,172.14,359.66,84.5,101.4,0.32,0.963
2029-08-29,24.82,16.1,214.63,334.84,68.4,101,4.03,2.394
2029-08-30,22.34,13.54,205.82,321.76,70.6,100.9,0.06,0.898
2029-08-31,24.04,15.92,201.99,338.69,67.7,100.7,0.49,2.321
2029-09-01,25.74,18.29,198.14,353.96,64.9,100.5,0.91,4.843
2029-09-02,24.14,16.56,221.23,338.73,70.7,100.7,3.59,3.812
2029-09-03,22.33,14.39,204.2,320.91,60.2,100.4,1.19,5.556
2029-09-04,20.52,12.92,141.07,331.18,73.7,100.2,0.86,2.887
2029-09-05,20.64,12.97,190.71,312.61,66,100.3,0.65,5.021
2029-09-06,20.29,11.26,196.23,307.01,60.3,100.7,0.2,5.296
2029-09-07,15.48,12.06,90.53,319.31,74.7,100.4,0.44,3.652
2029-09-08,20.1,11.4,183.1,313.61,62,101.1,0.35,5.546
2029-09-09,21.07,13.75,137.89,357.12,77.1,100.8,2.41,2.772
2029-09-10,23.58,13.76,111.46,351.76,74.4,100.4,3.53,5.33
2029-09-11,20.69,11.99,197.97,298.08,59.9,101.1,0,6.415
2029-09-12,18.55,11.22,169.37,297.08,67,101.7,0.09,5.419
2029-09-13,18.36,10.37,172.44,298.17,64,102.2,0.05,4.267
2029-09-14,17.48,10.76,76.84,350.37,91.1,101.8,3.64,1.977
2029-09-15,21.9,15.55,93.69,374.15,89.6,101.2,0.56,3.341
2029-09-16,20.88,12.69,172.98,315.23,75.4,101.7,0.4,2.848
2029-09-17,20.16,10.43,186.85,302.53,77.3,102.3,0,0.614
2029-09-18,22.57,12.39,158.67,329.85,72.7,102.1,0,3.084
2029-09-19,20.68,12.68,176.01,310,66.2,101.8,0,5.044
2029-09-20,21.15,10.06,174.99,311.47,72.1,102,0.01,2.936
2029-09-21,23.75,14.2,147.49,348.78,81.3,101.5,0.93,4.448
2029-09-22,19.41,10.95,162.34,316.92,76.4,101.9,0.05,1.824
2029-09-23,23.07,12.66,182.84,321.89,80.7,101.9,0,2.132
2029-09-24,23.56,15.63,176.66,329.3,79.6,101.4,0,1.808
2029-09-25,18.47,12.83,40.67,343.47,84.3,100.7,8.53,3.976
2029-09-26,17.07,9.19,152.32,290.77,73.2,101.6,0.03,2.788
2029-09-27,17.07,7.57,128,296,74.8,102.4,0,0.771
2029-09-28,20.18,10.59,149.29,316.23,69.8,101.9,0,1.511
2029-09-29,21.81,13.11,127.97,344.09,84.9,102.2,0,2.06
2029-09-30,21.63,13.51,93.8,347.39,85.2,102.3,0.12,1.8
2029-10-01,19.67,10.12,166.06,295.32,73.1,102.7,0,1.455
2029-10-02,22.39,14.51,131.28,344.27,77.6,102.3,0.18,3.303
2029-10-03,17.03,11.41,91.58,325.88,69.4,102.8,0.05,1.002
2029-10-04,16.84,9.2,96.1,319.61,74.3,102.6,0.05,0.655
2029-10-05,21.88,12.23,122.81,333.74,72,101.7,0,2.708
2029-10-06,19.71,10.9,115.28,316.09,86.5,101.4,0,3.106
2029-10-07,15.51,12.24,152.95,286.8,64,102.2,0,8.083
2029-10-08,13.11,10.88,150.26,268.57,57,102.8,0,9.541
2029-10-09,13.64,10.75,140.35,287.92,62,103.1,0.16,8.99
2029-10-10,12.19,10.16,103.21,298.68,66.8,102.9,0.11,6.591
2029-10-11,11.36,9.6,104.39,289.91,66.1,102.4,0.07,5.862
2029-10-12,12.28,9.1,78.02,310.99,68.6,101.8,0.18,4.768
2029-10-13,14.24,9.16,74.74,331.99,73.1,101.5,0.09,2.902
2029-10-14,16.07,10.49,97.69,321.24,79.4,101.8,0.03,2.741
2029-10-15,15.93,11.36,108.08,309.99,84,101.6,1.15,2.48
2029-10-16,15.88,9.56,99.79,311.54,84.6,100.7,12.57,3.429
2029-10-17,14.34,8.12,95.27,290.01,87.2,100.1,0.66,2.654
2029-10-18,12.79,8.64,100.59,293.28,79.7,100.6,0.16,4.606
2029-10-19,13.08,8.28,84.8,310.35,69.5,100.1,0.72,4.563
2029-10-20,14.22,7.45,82.56,299.44,74.9,101,0.06,1.27
2029-10-21,14,5.25,108.59,270.9,81.5,101.4,0,1.204
2029-10-22,13.82,3.51,112.88,269.86,82.3,101.3,0,0.247
2029-10-23,14.36,4.75,83.1,300.52,79.9,101.2,0,0.954
2029-10-24,13.04,10.99,35.96,343.74,85.5,100.3,5.26,2.208
2029-10-25,14.62,8.21,101.25,313.58,85.3,100.4,1.63,3.981
2029-10-26,15.4,10.75,87.9,300.24,66.6,100.2,0.48,8.558
2029-10-27,13.76,9.78,76.21,301.92,63.8,101.2,0.53,7.345
2029-10-28,16.53,9.66,23.45,351.17,88.6,100.6,10.61,5.533
2029-10-29,19.13,14.31,81.49,332.29,86.2,100.9,0,4.227
2029-10-30,17.35,13.51,56.62,347.66,90.4,101.8,0.75,0.604
2029-10-31,17.11,13.6,71.68,331.04,90.7,101.9,0.39,1.676
2029-11-01,16.87,13.69,86.84,313.96,90.9,102,0.04,3.989
2029-11-02,15.77,12.94,88.7,299.33,90.7,101.4,0,2.376
2029-11-03,17.11,13.16,83.96,309.7,90.3,101.1,0,1.23
2029-11-04,16.95,13.87,79.02,314.18,84.9,100.9,0,2.532
2029-11-05,16.74,10.64,33.52,322.56,86.9,100.4,1.4,1.549
2029-11-06,16.13,9.82,73.93,302.65,89.2,101,0.09,1.035
2029-11-07,15.69,11.96,38.09,336.98,88.7,100.6,4.83,1.603
2029-11-08,13,6.26,79.82,266.73,84.8,101.9,0,3.499
2029-11-09,13.78,5.55,74.95,275.46,81.9,102.3,0,1.92
2029-11-10,12.65,10.26,33.94,331.95,87.2,101.6,1.56,2.263
2029-11-11,12.1,6.97,29.05,290.82,85.7,101,8.47,3.272
2029-11-12,13.2,4.36,54.8,290.57,82.4,102,0,2.138
2029-11-13,15.31,9.58,22.95,352.43,87.9,101,15.05,3.144
2029-11-14,10.68,6.09,70.32,268.79,84,101.5,4.36,5.021
2029-11-15,9.59,4.97,70.19,263.53,83.2,102.3,0,3.862
2029-11-16,11.35,6.64,29.42,303.86,93.3,101.8,2.35,3.442
2029-11-17,10.89,3.98,50.45,284.6,92.4,101.2,9.03,2.494
2029-11-18,11.94,5.62,53.77,284.1,80.2,99.1,1.34,6.815
2029-11-19,7.27,4.53,37.63,281.99,75.9,99.6,0.13,6.656
2029-11-20,7.72,3.64,51.52,269.08,79.5,99.4,0.04,5.071
2029-11-21,6.44,3.21,46.24,283.79,84.6,99.2,0.04,3.535
2029-11-22,7.39,4.62,12.13,311.5,88.9,99.3,3.68,0.999
2029-11-23,6.92,3.55,40.29,279.08,91.2,100.3,0.05,3.604
2029-11-24,6.3,1.47,48.42,265.99,90.3,100.8,0,4.248
2029-11-25,7.53,3.76,44.45,295.03,94.2,101.6,0.09,0.433
2029-11-26,7.8,5.73,27.54,311.53,72.5,101.5,1.07,8.789
2029-11-27,6.64,5.56,27.55,313.7,70.7,100.6,0.42,8.702
2029-11-28,6.49,5.18,10.4,319.67,83.7,99.9,3.26,6.378
2029-11-29,5.85,2.89,20.06,298.63,95.1,99.6,1.93,1.179
2029-11-30,5.97,3.21,36.62,289.38,92.7,100.5,0.11,3.909
2029-12-01,7.11,2.53,20.61,305.01,88.3,100.1,11.25,1.054
2029-12-02,6.68,-0.05,44.75,262.05,93,99.9,2.05,1.814
2029-12-03,7.86,-0.19,11.01,307.48,89.7,100.3,6.9,5.518
2029-12-04,14.03,7.09,3.38,349.84,91.1,99.8,30.12,7.379
2029-12-05,15.02,9.18,16.41,321.79,79.6,99.2,0.48,3.33
2029-12-06,9.18,5.45,30.43,300.58,84.7,100.6,1.54,2.809
2029-12-07,11.33,5.3,18.32,302.25,85.9,101.3,8.26,3.719
2029-12-08,10.89,7.14,13.79,332.33,92.6,101.4,13.58,3.904
2029-12-09,11.77,8.16,5.4,341.22,94.1,99.4,19.21,1.966
2029-12-10,9.8,6.27,40.59,288.27,77.3,99.2,3.83,8.427
2029-12-11,8.84,5.08,22.55,292.18,83.6,100.6,0.2,5.776
2029-12-12,8.53,2.92,25.36,302.06,95.1,102.2,1.52,1.928
2029-12-13,11.85,8.17,27.18,314.43,95,101.9,2.53,3.8
2029-12-14,12.4,3.87,39.25,290.45,92.6,102.5,0.06,2.75
2029-12-15,11.11,4.14,17.33,325.34,94.9,102.2,0.27,1.281
2029-12-16,13.56,8.91,18.41,344.75,95.5,101.8,0.09,3.369
2029-12-17,14.61,12.74,16.55,364.28,92.5,101.6,0.15,4.323
2029-12-18,13.97,9.33,8.69,352.34,94.3,101.4,13.38,3.985
2029-12-19,9.34,4.92,40.11,262.42,91.4,103.1,0,4.465
2029-12-20,10.13,4.9,25.01,306.76,93.1,103.1,0,2.495
2029-12-21,12.6,8.54,37.8,309.7,89.5,102.1,0.76,5.586
2029-12-22,14.35,6.11,22.53,320.67,86.8,102.2,2.73,5.074
2029-12-23,11.95,4.36,19.91,319.07,91,102.3,0.5,4.332
2029-12-24,13.67,9.39,18.01,342.04,89.5,101.2,8.28,5.267
2029-12-25,10.47,5.2,20.98,326.25,92.8,100.1,13.89,5.056
2029-12-26,7.1,0.13,31.95,261.7,86.7,101.1,0.8,2.042
2029-12-27,6.15,-0.12,39.03,252.85,91.4,102,0,2.596
2029-12-28,11.01,6.12,10.29,331.73,92.8,100.8,5.47,3.604
2029-12-29,8.24,4.58,33.12,261.36,88.1,100.3,0,4.283
2029-12-30,7.81,4.4,26.66,289.81,76.2,98.5,4.85,5.835
2029-12-31,7.58,3.56,34.75,270.05,75.7,98.6,2.43,6.146
2030-01-01,7.35,2.72,43.05,248.51,75.2,98.7,0,6.551
2030-01-02,8.93,2.7,20.86,285.91,89.9,99.4,3.14,4.496
2030-01-03,9.49,3.39,12.6,297.56,89.3,100.1,13.21,4.604
2030-01-04,11.24,2.39,28.88,288.6,87.1,101.1,6.84,1.835
2030-01-05,11.25,6.5,13.85,336.93,94.7,99.9,8.2,1.898
2030-01-06,7.14,4.29,42.74,264.61,89.4,100.3,0,3.455
2030-01-07,8.68,6.01,8.74,313.84,85.3,99.2,4.3,3.787
2030-01-08,8.46,5.07,31.62,309.64,93.3,99.7,10.17,3.078
2030-01-09,9.05,5.55,42.5,300.68,84,102.2,0.64,4.112
2030-01-10,6.94,3.13,34.71,298.6,92.6,103.2,0.22,0.801
2030-01-11,7.84,4.78,29.57,313.74,96.6,103.6,0.1,1.048
2030-01-12,7.77,5.16,28.41,316.27,94.8,103.2,1.32,2.255
2030-01-13,7.47,4.71,50,282.43,86.6,102.8,6.54,4.975
2030-01-14,11.44,5.71,33.08,320.12,91,101.9,6.57,5.74
2030-01-15,11.13,6.19,40.71,309.64,92.8,101.9,0.59,4.258
2030-01-16,9.88,6.67,36.93,310.84,71.8,101.9,0.17,5.937
2030-01-17,11.65,5.4,25.02,317.7,84.5,101.3,4.19,5.847
2030-01-18,6.71,3.68,41.6,277.88,74,101.7,0,6.438
2030-01-19,11.61,3.86,11.55,319.78,90.7,101.2,9.72,5.701
2030-01-20,7.42,4.11,49.6,276.55,77.2,100.2,0.39,6.498
2030-01-21,5.85,-0.85,20.03,280.73,87.6,99.9,8.95,3.45
2030-01-22,4.45,-1.81,29.57,263.99,74.6,101,0,5.179
2030-01-23,2.99,-2.67,56.38,231.58,76.5,101.6,0,3.745
2030-01-24,4.84,-1.5,22.66,289.64,82.2,100.5,4.95,3.138
2030-01-25,8.81,3.61,31.67,307.65,85.4,99.1,8.63,6.114
2030-01-26,6.2,3.23,36.57,291.57,82.1,99.9,0.16,4.962
2030-01-27,11.06,3.74,11.72,314.28,94.6,99.3,6.97,2.252
2030-01-28,9.06,6.11,22.88,313,77.8,99.1,3.45,6.655
2030-01-29,11.77,5,27.84,331.6,94.4,99,5.99,2.199
2030-01-30,5.53,3.53,40.54,295.03,80.3,99.1,0.36,6.341
2030-01-31,5.98,2.69,25.71,308.27,90.2,99.3,3.52,3.913
2030-02-01,5.95,4.01,32.4,313.29,95.3,99.5,2.71,2.788
2030-02-02,5.83,2.34,43.13,299.52,92.8,101.1,0.58,0.219
2030-02-03,7.48,5.55,32.42,323.71,97.1,100.8,3.99,6.237
2030-02-04,10.45,7.35,54.38,315.72,95.2,99.8,4.84,0.958
2030-02-05,9.12,6.57,63.22,298.25,93,99.5,1.55,0.988
2030-02-06,9.28,8.01,35.85,329.86,95.8,98.7,3.37,3.238
2030-02-07,10.19,6.6,62.78,305.74,86.7,99.4,4.77,3.118
2030-02-08,9.21,7.66,37.07,334.97,97.3,99.5,7.76,1.369
2030-02-09,10.03,6.83,53.93,314.36,92.3,99.9,5.41,3.947
2030-02-10,10.85,4.79,75.33,274.72,89.1,100.8,0,1.886
2030-02-11,11.88,7.72,41.85,322.39,92.2,100.3,1.74,5.164
2030-02-12,11.65,8.79,46.5,317.77,94,100.3,0.06,0.972
2030-02-13,10.35,7.97,43.32,317.41,94.9,99.9,2.42,0.62
2030-02-14,11.27,7.5,20.39,324.6,92.5,98.7,10.83,2.277
2030-02-15,11.06,8.26,43.11,321.22,90.1,98.3,7.56,2.687
2030-02-16,13.02,8.24,78.77,317.77,90.5,98.9,7.88,2.218
2030-02-17,13.12,9.29,89.28,301.6,90.3,99,2.25,2.879
2030-02-18,11.75,8.45,80.48,297.42,93.7,99.4,0.91,1.519
2030-02-19,11.44,8.35,67.68,305.34,94.8,99.9,1.85,1.219
2030-02-20,10.57,7.92,49.26,329.96,97.4,100.2,4.19,1.39
2030-02-21,11.2,6.78,80.02,303.53,95.8,100.4,0.56,0.354
2030-02-22,9.75,6.12,55.5,301.43,90.9,99.5,4.42,1.691
2030-02-23,11.38,7.5,81.33,311.08,83.8,98.6,2.7,3.383
2030-02-24,10.41,6.4,56.65,306.76,87.4,97.6,4.97,6.66
2030-02-25,8.98,5.77,88.18,304.03,81.1,99.3,3.07,1.847
2030-02-26,9.46,6.43,74.12,302.8,88.8,98.3,8.16,1.281
2030-02-27,6.83,4.85,25.99,306.89,97,98.1,10.18,1.576
2030-02-28,4.86,1,20.05,311.65,93.8,97.9,31.76,7.267
2030-03-01,5.46,1.83,72.16,293.98,78.9,99.5,9.95,2.879
2030-03-02,5.61,-0.72,46.94,279.69,89.8,99.4,3.67,5.275
2030-03-03,5.03,0.36,89.44,258.18,65.1,99.1,0.34,4.66
2030-03-04,4.31,-1.1,122.12,244.52,74.9,99.7,0.95,4.549
2030-03-05,5.74,-2.07,144.74,237.83,74.9,100.2,0,1.905
2030-03-06,8.06,0.55,146.37,254.61,58.9,100.1,0,3.287
2030-03-07,11.57,8.14,65.42,336.54,89.5,97.7,9.29,2.825
2030-03-08,10.29,4.46,82.85,292.07,75.9,97.6,0.79,5.042
2030-03-09,11.6,4.37,86.83,302.37,80.7,99.3,2.7,4.27
2030-03-10,12.86,6.58,115.91,302.19,76.8,98.7,0.99,4.749
2030-03-11,9.89,3.73,148.27,251.67,66.3,100,0.06,4.745
2030-03-12,9.25,4.73,36.33,317.6,89.2,99.9,17.98,3.384
2030-03-13,13.98,8.97,111.46,315.87,85.1,99,9.03,5.151
2030-03-14,10.67,7.95,40.63,306.63,91.7,99.3,0.85,2.767
2030-03-15,12.8,7.6,106.45,301.97,90.3,100.1,0.05,1.222
2030-03-16,12.96,9.29,145.11,294.36,88.6,100.4,1.51,2.073
2030-03-17,11.46,8.54,85.05,308.01,90.9,100.2,4.6,2.309
2030-03-18,11.34,7.51,70.39,314.1,93.6,99.8,1.7,2
2030-03-19,10.91,3.46,95.04,293.06,81.5,99.7,0.35,4.031
2030-03-20,9.81,2.22,63.07,292.21,84.9,100.2,21.18,3.327
2030-03-21,8.71,5.47,98.25,310.8,83.6,100.3,1.31,0.209
2030-03-22,12.13,7.48,35.1,342.04,92.2,99.2,14.04,2.469
2030-03-23,12.08,2.92,91.43,297.86,69.1,98.6,1.69,7.784
2030-03-24,9.05,2.72,148.23,268.13,70.1,100.7,0.35,4.733
2030-03-25,9.38,0.27,168.73,246.1,74.7,101.6,0.04,0.141
2030-03-26,10.63,3.87,169.84,285.72,66.1,101.3,0.51,4.422
2030-03-27,9.38,7.11,99.83,309.74,87.3,100.8,4.47,5.152
2030-03-28,7.88,4.28,160.96,279.15,59.5,102.6,0.08,3.855
2030-03-29,7.04,3.85,92.29,296.91,65.8,103.6,0,1.571
2030-03-30,8.05,3.77,160.45,282.64,64,103.8,0.11,2.386
2030-03-31,7.8,3.85,114.75,302.11,72.1,103.3,0.76,1.07
2030-04-01,7.71,3.69,110.48,299.9,71.4,102.8,1.26,3.879
2030-04-02,7.64,3.69,99.04,306.06,77.1,102.7,0.41,2.309
2030-04-03,9.99,5.1,124.07,307.86,84.5,102,1.23,3.573
2030-04-04,11.99,5.39,127.44,304.68,83.1,100.5,4.77,5.689
2030-04-05,8.63,4.07,121.16,292.69,71,99.2,1.54,6.314
2030-04-06,5.49,0.83,129.06,269.89,72.7,99.8,2.78,4.616
2030-04-07,5.84,-1.24,197.38,240.86,61.1,99.9,0,3.886
2030-04-08,6.8,1.78,68.66,306.72,82.6,99.2,18.43,5.577
2030-04-09,5,2.67,40.54,314.55,94.2,98.4,28.09,3.622
2030-04-10,5.36,1.55,71.07,306.98,95,98.7,7.88,3.846
2030-04-11,7.89,2.4,115.65,291.95,83,99.4,2.4,1.769
2030-04-12,9.26,4.29,109.85,298.16,77.2,99.8,6.02,1.601
2030-04-13,9.11,5.03,135.43,307.29,81.2,100,6.62,6.184
2030-04-14,8.78,4.83,89.83,311.82,84.9,100.3,14.44,2.944
2030-04-15,8.71,2.73,132.86,289.97,91,100.7,3.75,1.086
2030-04-16,9.82,1.45,187.21,260.86,82.5,101.1,0.06,1.821
2030-04-17,9.31,3.98,175.22,284.01,72.2,101.4,0.12,2.573
2030-04-18,9.25,5.03,159.51,299.94,71.9,101.6,0.08,3.391
2030-04-19,10.64,4.05,149.44,303.92,69.2,101.5,0.07,4.083
2030-04-20,12.07,5.61,160.62,307.05,78.8,101.8,0.63,1.566
2030-04-21,13.43,6.26,235.19,286.36,81.1,102.3,0,1.6
2030-04-22,12.4,4.6,168.43,286.93,79.9,102.3,0.11,0.954
2030-04-23,10.99,4.43,151.34,297.41,79,102.2,0.09,1.216
2030-04-24,11.48,4.15,168.6,306.17,84.1,101.7,1.33,0.28
2030-04-25,9.67,5.9,173.23,303.52,78.2,101.1,0.69,3.448
2030-04-26,11.72,6.64,111.44,313.05,88.8,99.9,2.04,1.926
2030-04-27,11.3,5.26,192.04,296.49,69.2,99.5,0.68,3.452
2030-04-28,9.09,2.85,161.83,284.08,72.2,100.6,1.2,2.077
2030-04-29,11.37,3.2,221.74,269.64,67.9,101.6,0.07,1.808
2030-04-30,13.43,4.27,249.84,275.5,70.9,102.1,0,1.013
2030-05-01,13.62,9.65,242.1,292.57,67.7,102.1,0,3.482
2030-05-02,14.82,8.95,302.96,264.98,72.7,102.2,0,5.821
2030-05-03,13.04,8.98,308.3,259.37,75,101.9,0,6.605
2030-05-04,13.64,8.91,260.61,303.87,86.1,100.9,0.14,4.523
2030-05-05,14.86,9.96,229.61,309.51,82.6,100.5,0.06,5.069
2030-05-06,13.74,11.1,192.69,317.51,83.4,101.2,0.77,6.623
2030-05-07,15.05,11.03,222.37,324.12,87,101,0.57,3.907
2030-05-08,11.9,7.07,89.6,331.6,85.2,100,9.92,4.87
2030-05-09,9.64,6.08,130.29,312.2,87.6,99.9,11.1,1.504
2030-05-10,13.9,5.84,192.61,301.26,75.4,100.4,0.1,1.229
2030-05-11,13.14,7.4,116.9,318.12,92,99.7,9.99,0.417
2030-05-12,9.08,5.42,162.36,291.81,77.8,99.6,0.77,3.74
2030-05-13,11.92,4.5,189.41,288.41,64.9,100.7,0.17,2.048
2030-05-14,12.96,7.67,57.3,337.48,93.8,100.4,21.39,1.431
2030-05-15,16.94,9.8,133.73,345.07,91.2,100.4,3.39,3.583
2030-05-16,19.21,12.48,193.22,344.58,86.4,99.7,16.28,2.823
2030-05-17,18.21,11.15,281.45,306.22,71,100.1,0.09,2.506
2030-05-18,15.71,9.91,280.17,287.71,69,101.7,0,1.464
2030-05-19,15.08,9.4,159.46,328.45,86,102.2,2.65,1.943
2030-05-20,11,8.6,48.41,338.83,93,101.4,43.32,5.156
2030-05-21,16.19,8.13,208.44,329.54,82.2,101.2,4.71,2.318
2030-05-22,12.55,9.99,107.82,346.03,93.9,100.7,29.61,5.88
2030-05-23,12.67,9.62,94.99,350.47,92.3,100.4,24.19,6.941
2030-05-24,17.41,10.54,177.2,343.08,82.9,100.8,0.36,3.882
2030-05-25,17.64,9.67,256.46,308.12,85.7,101.1,0.37,0.774
2030-05-26,17.18,9.89,314.29,309.32,85.1,101.1,0.11,3.263
2030-05-27,18.82,11.08,299,323.62,82.4,100.9,0.1,3.245
2030-05-28,14.3,7.47,275.05,295.75,76,101.4,0.07,2.254
2030-05-29,19.06,6.54,309.37,297.11,76.7,101.8,0,1.203
2030-05-30,20.55,11.67,208.96,336.06,79.6,101.5,1.93,3.7
2030-05-31,19.17,10.79,230.15,320.39,72.2,101.7,1,3.535
2030-06-01,17.79,9.9,251.49,304.77,64.7,101.9,0.08,3.373
2030-06-02,16.68,11.01,216.8,315.79,73.2,101.5,6.98,3.058
2030-06-03,18.18,9.98,237.94,314.74,68.7,101.7,0.27,4.079
2030-06-04,20.51,12.09,210.95,352.56,80.7,101.4,0.83,4.788
2030-06-05,20.97,14.18,197.86,356.15,78.9,101.5,0.28,3.703
2030-06-06,20.34,14.69,194.34,354.82,84.8,101.9,0.4,1.325
2030-06-07,21.73,13.19,233.35,346.95,86,102.1,1.93,0.577
2030-06-08,20.52,12.7,334.83,317.24,86.3,102.8,0,2.529
2030-06-09,17.58,13.18,277.6,329.73,87.5,103.3,0.08,3.627
2030-06-10,17.56,12.45,338,294.99,81,103.2,0,4.135
2030-06-11,18.36,13.22,336.23,311.29,88.7,102.7,0,3.771
2030-06-12,17.9,12.63,242.33,338.56,89.3,102.1,0.16,3.587
2030-06-13,17.19,12.56,302.78,315,82.1,101.7,0.04,4.791
2030-06-14,16.72,11.51,354.84,275.15,67.9,102,0,4.766
2030-06-15,17.03,10.8,355.32,272.65,71.8,101.8,0,4.895
2030-06-16,20.68,13.44,340.98,309.34,77.1,100.7,0.35,2.993
2030-06-17,20.91,14.09,252.53,337.19,72.6,100.3,5.23,3.251
2030-06-18,19.12,13.05,252.47,319.99,74.4,100.5,2.37,3.968
2030-06-19,20.81,12.71,259.02,312.64,63.8,101,0.45,4.882
2030-06-20,20.19,11.6,254.09,316.01,67.4,101.7,0,3.244
2030-06-21,22.39,14.11,256.96,344.67,79.2,101.3,5.76,4.119
2030-06-22,20.59,13.97,230.92,333.53,76.1,101.7,0.05,1.067
2030-06-23,20.42,14.59,291.8,321.38,78.1,101.7,0.02,1.762
2030-06-24,23.27,14.7,254.56,345.22,76.8,101.2,2.52,1.972
2030-06-25,19.41,12.72,263.86,314.39,78.6,101.9,0.11,0.137
2030-06-26,22.3,13.56,218.3,337.11,70.3,101.5,0.29,3.563
2030-06-27,21.47,13.04,240.31,327.03,68.4,101.3,0.84,3.92
2030-06-28,21.46,11.43,277.36,314.83,67.9,101.5,0.09,1.27
2030-06-29,18.17,12.25,280.52,309.68,72.3,101.7,0.52,4.269
2030-06-30,17.38,10.85,186.08,310.04,66,101.7,0,2.605
2030-07-01,16.86,11.46,155.73,330.76,73.1,101.5,0.34,2.162
2030-07-02,17.16,10.93,185.75,327,73.4,101.3,0.52,1.29
2030-07-03,18.96,11.39,321.33,298.01,73,101.2,0.38,2.12
2030-07-04,19.46,12.46,239.85,323.91,76.1,101.4,0.52,4.263
2030-07-05,18.78,10.69,275.85,295.76,71.3,101.8,0.09,1.687
2030-07-06,18.92,10.63,280.12,303.93,70.4,101.9,0.05,4.483
2030-07-07,17.6,12.48,169.42,336.45,80.4,101.5,7.47,5.181
2030-07-08,19.64,11.87,315.21,305.71,75,101.7,0.03,2.194
2030-07-09,22.26,10.02,336.45,297.15,72.5,101.8,0.08,0.358
2030-07-10,21.98,12.76,302.59,313.96,78.4,102.1,1,1.555
2030-07-11,20.45,13.51,223.47,334.27,78.2,102.3,0.41,1.36
2030-07-12,21.11,12.99,224.35,340.62,80.6,102.2,0.92,1.249
2030-07-13,23.43,15.53,213.62,363.49,84.5,102,2.49,1.367
2030-07-14,23.03,15.87,160.48,366.95,83,101.2,6.99,3.013
2030-07-15,20.18,13.18,189.24,342.85,81.8,100.6,10.99,0.968
2030-07-16,18.31,11.74,266.08,306.31,70.1,100.8,0.27,3.611
2030-07-17,20.54,10.53,249.31,316.78,66.8,101.6,0.05,2.237
2030-07-18,21.22,15.54,212.2,355.37,85.3,101.4,10.99,3.017
2030-07-19,20.52,15.38,184.25,357.16,81.3,101.3,2.13,2.235
2030-07-20,25.2,16.11,180.05,379.13,81.7,101.1,0.57,2.706
2030-07-21,21.82,15.13,254.18,339.89,73.8,100.9,6.31,3.492
2030-07-22,23.25,13.56,236.5,339.49,69.7,101.5,1.14,3.256
2030-07-23,27.13,17.31,236.35,375.2,80,101.8,0.42,2.801
2030-07-24,26.93,17.55,264.12,363.49,77.2,102.1,2.56,2.384
2030-07-25,23.62,17.46,301.46,338.88,73.6,102,0.11,1.116
2030-07-26,25.88,17.65,267.02,356.49,76.6,101.5,3.05,0.894
2030-07-27,27.36,17.64,197.52,372.97,70.4,100.9,1.06,2.496
2030-07-28,24.91,18.32,148.15,390.06,88.8,100.6,11.69,3.848
2030-07-29,27.06,19.03,281.75,360.59,75,101,0.2,3.364
2030-07-30,21.98,17.15,157.71,362.44,89.2,101.5,3.12,0.839
2030-07-31,21.73,15.89,223.08,338.33,81.3,101.8,1.68,1.94
2030-08-01,21.47,14.62,290.3,313.62,73.4,102,0.24,2.798
2030-08-02,21.49,12.85,276.66,305.84,73.7,102.3,0,1.326
2030-08-03,23.9,13.13,302.41,314.32,71.2,102.4,0,0.652
2030-08-04,27.02,15.46,277.62,337.9,65.7,102.1,0.05,2.365
2030-08-05,22.36,14.5,198.57,337.65,75,102,3.07,1.974
2030-08-06,22.01,15.17,280.9,322.58,67.4,102,0,2.126
2030-08-07,26.38,17.55,260.82,347.59,66.2,101.5,0,5.905
2030-08-08,22.24,14.39,253.89,325.48,64.6,101.1,0.19,6.381
2030-08-09,17.5,12.54,183.87,307.91,65.1,101.4,0.01,4.261
2030-08-10,19.15,11.41,202.11,310.88,67.3,101.4,0.1,4.224
2030-08-11,21.08,14.01,203.42,337.2,75.6,101.5,1.14,1.567
2030-08-12,18.92,12.8,92.85,344.27,84.2,100.6,7.06,3.71
2030-08-13,19.53,12,248.51,300.03,65.7,100.1,1.85,5.223
2030-08-14,22.78,11.91,247.39,319.75,64.3,100.3,0.87,3.622
2030-08-15,25.29,16.25,251.73,352.01,71.1,100.5,6.14,5.353
2030-08-16,22.43,14.36,195.09,340.24,77.2,101.6,0.64,3.349
2030-08-17,22.28,16.17,237.26,338.55,72.9,102,0.21,1.178
2030-08-18,23.7,16.63,248.04,337.06,71.3,101.9,0,1.076
2030-08-19,24.17,18.2,279.56,329.78,71.6,100.9,1.69,5.679
2030-08-20,26.18,17.84,244.05,346.25,66.2,100.7,0.22,4.955
2030-08-21,23.95,14.84,239.78,323.18,70.1,101.4,0.26,1.842
2030-08-22,23.55,13.78,228.59,330.63,70.8,101,0.07,1.309
2030-08-23,20.59,14.68,115.34,350.15,78.8,100.3,8.98,2.646
2030-08-24,20.85,12.51,234.18,313.28,70.4,100.8,1.59,4.574
2030-08-25,21.8,13.57,166.94,343.26,81.6,100.4,5.28,4.286
2030-08-26,20.82,14.62,194.05,331.86,71.5,100.8,0.64,5.37
2030-08-27,18.94,12.99,167.98,316.16,70,101.7,0.11,5.344
2030-08-28,21.73,12.86,113.32,349.63,89.6,101.9,4.34,2.836
2030-08-29,23.97,15.88,178.6,354.79,85.4,101.8,2.45,2.628
2030-08-30,23.83,14.02,175.27,341.45,80.6,101.4,2.14,3.764
2030-08-31,21.78,12.81,170.13,329.1,74.7,101.6,1.08,2.788
2030-09-01,19.73,11.59,165.06,318.32,68.8,101.7,0,1.855
2030-09-02,20.34,12.53,142.59,338.69,71.4,101.3,0.2,2.7
2030-09-03,20.91,13.64,143.66,343.15,76.9,101.1,1.09,1.41
2030-09-04,23.54,13.31,142.44,357.3,77.3,101.3,0.31,3.852
2030-09-05,23.05,14.71,149.83,348.45,82,101.2,0.08,3.627
2030-09-06,20.51,14.87,161.66,345.01,71.9,100.9,0.64,2.846
2030-09-07,19.42,13.55,179.7,323.09,63,100.9,0.08,4.115
2030-09-08,18.49,13.56,48.41,363.35,88,100.6,14.02,3.257
2030-09-09,21.73,14.51,201.51,327.69,71.6,100.5,1.48,5.586
2030-09-10,17.97,12.76,136.34,315.29,80.4,100.9,2.32,3.507
2030-09-11,17.79,11.16,171.13,302.17,77,101.8,0.08,3.224
2030-09-12,16.23,10.31,179.48,293.21,80.2,102.1,1.73,3.023
2030-09-13,18.18,9.46,175.2,298.08,71.9,102.3,0.27,1.74
2030-09-14,18.32,11.99,121.31,337.68,72,101.9,0.21,1.051
2030-09-15,17.79,12.74,123.78,326.05,77.8,101.9,0.33,2.111
2030-09-16,17.26,10.33,159.23,307.75,80.6,102.3,3.4,0.63
2030-09-17,19.37,10.3,155.2,328.47,80.6,102.5,0,2.241
2030-09-18,18.9,13.9,131.5,342.72,87,102.5,2.71,1.161
2030-09-19,18.32,13.45,123.28,335.93,76.8,102.5,0.12,2.467
2030-09-20,18.59,12.51,147.02,314.58,78.2,102.5,0.28,3.277
2030-09-21,18.49,10.59,170.59,299.9,79.5,102.3,0.03,2.253
2030-09-22,18.47,10,165.28,304.66,79.8,102,0.01,2.444
2030-09-23,18.27,12.13,125.03,337.07,79.9,101.6,0.01,1.919
2030-09-24,20.55,14.73,71.05,364.31,85,101.4,4.58,0.988
2030-09-25,19.29,15.66,79.07,367.6,92.7,101.3,0.35,1.854
2030-09-26,21.13,11.91,153.73,318.22,82.3,102.1,0,1.932
2030-09-27,20.52,10.41,164.66,309.9,87.3,102.4,0,0.693
2030-09-28,20.49,12.2,175.57,304.06,83,101.9,0,0.762
2030-09-29,17.41,11.65,69.2,329.16,89.6,101.7,2.19,2.006
2030-09-30,18.96,9.82,173.61,291.72,75.7,102.5,0,2.554
2030-10-01,21.44,12.29,141.78,328.65,84.5,102.9,0,3.095
2030-10-02,20.14,12.66,114.8,331.22,85.6,103.1,0.01,1.841
2030-10-03,19.51,12.37,118.68,326.21,89,102.9,0.03,2.49
2030-10-04,17.94,10.01,104.57,322.3,81.5,102.3,0.21,2.94
2030-10-05,12.63,8.26,90.68,299.64,71.1,102.3,0.2,3.259
2030-10-06,14.85,7.44,108.47,287.85,77.5,102.4,0,2.987
2030-10-07,16.55,7.88,119.1,314.83,78.4,102.4,0.06,3.546
2030-10-08,16.29,10.45,61.32,342.13,84.2,102.1,2.38,4.543
2030-10-09,18.15,11.51,68.68,332.85,89.9,101.3,4.23,4.149
2030-10-10,14.55,10.45,108.87,298.44,82.1,101,0.86,5.516
2030-10-11,16.36,10.61,109.81,309.59,78,101.5,0,2.721
2030-10-12,15.13,11.08,38.53,337.22,88.2,100.4,5.94,3.53
2030-10-13,14.32,9.98,98.38,300.69,85,99.6,0.84,5.631
2030-10-14,15.11,8.15,121.39,280.39,83.5,100,0,4.372
2030-10-15,14.41,8.28,95.77,299.61,86.6,100.3,0.02,2.448
2030-10-16,13.83,8.33,95.35,292.98,87.5,100.5,0.98,3.222
2030-10-17,14.43,8.53,98.66,290.62,88,101.6,1.32,3.363
2030-10-18,14.35,6.52,99.47,290.02,83.6,101.8,0,2.588
2030-10-19,16.97,8.69,72.98,332.06,88.8,101.1,0,2.016
2030-10-20,15.15,8.08,59.07,315.5,87.2,100.2,8.29,3.011
2030-10-21,15.31,6.15,109.47,283.13,86.2,101,0.05,0.634
2030-10-22,15.15,11,92.59,302.57,80.2,101.2,0,3.548
2030-10-23,15.41,8.38,102.97,291.06,89,101.3,0.1,1.363
2030-10-24,15.63,6.97,83.43,315.58,89.3,101.3,0.61,1.803
2030-10-25,17.69,12.98,90.01,340.01,90.3,101.3,0.52,2.825
2030-10-26,19.51,15.12,51.29,369.61,90.2,101.2,0.76,4.566
2030-10-27,19.99,14.49,62.88,365.26,88.5,101.6,1.24,3.678
2030-10-28,15.89,11.88,26.53,335.39,95.1,101.9,6.69,0.564
2030-10-29,17.36,11.25,87.86,311.12,89.4,101.7,0,3.8
2030-10-30,16.07,9.87,88.81,296.08,84.6,102,0,3.889
2030-10-31,16.44,11.49,74.97,314.89,86.6,101.9,0.06,3.873
2030-11-01,16.81,13.11,61.31,332.01,88.5,101.9,0.11,3.858
2030-11-02,18.64,11.19,54.93,347.32,82.5,100.8,2.07,6.174
2030-11-03,12.4,9.03,49.15,319.41,63.1,101.7,0,6.072
2030-11-04,13.63,7,72.67,306.97,78.6,101.4,0.11,4.157
2030-11-05,14.57,8.56,69.31,297.09,71.1,101.2,0.61,5.777
2030-11-06,11.55,6.83,75.54,269.16,70.8,101.7,0,4.045
2030-11-07,10.86,5.8,11.54,306.28,82.5,99.9,7.94,4.572
2030-11-08,8.8,3.18,45.68,269.81,66.2,100.5,0,5.872
2030-11-09,9.76,0.2,61.89,270.73,86.1,100.5,9.88,0.867
2030-11-10,9.21,4.5,32.28,309.46,93.9,100.4,2.68,2.279
2030-11-11,10.34,1.6,70.15,265.34,79.7,101.3,0,1.859
2030-11-12,9.93,6.96,11.37,332.96,91.9,100.8,18.77,5.831
2030-11-13,12.93,4.67,43.08,319.53,96.5,101.4,0.72,2.398
2030-11-14,15.66,11.69,19.2,365.63,94.7,100.9,16.51,3.44
2030-11-15,12.32,7.31,69.91,282.34,79.7,101.4,3.92,5.466
2030-11-16,10.5,6.26,19.69,291.38,87.3,101,5.75,3.594
2030-11-17,10.1,4.46,43.1,297.33,85.1,101.4,1.93,3.702
2030-11-18,9.58,4.8,32.65,310.79,88.8,102.8,0.2,3.683
2030-11-19,10.57,6.48,31.88,302.8,94.6,102.9,0,3.265
2030-11-20,12.08,8.82,11.69,343.79,96.6,102.2,13.43,1.175
2030-11-21,12.63,7.33,9.85,329.35,91.9,100.5,16.87,2.434
2030-11-22,11.04,6.62,28.79,297.89,83.6,100.3,1.32,5.89
2030-11-23,13.14,9.12,50.66,305.98,91.8,100.5,0.01,2.64
2030-11-24,12.83,6.32,28.96,295.68,88.8,100.6,1,2.794
2030-11-25,10.67,4.21,39.88,279.57,77,101.7,0,3.13
2030-11-26,12.65,10,24.87,337.19,80.7,100.4,0.18,3.749
2030-11-27,12.13,8.81,9.12,349,95,99.7,35.2,1.634
2030-11-28,8.97,6.17,24.52,315.65,93.4,100.5,2.72,2.62
2030-11-29,10.46,4.92,47.02,283.72,85.2,101.6,0.22,3.154
2030-11-30,10.94,6.4,15.09,330.84,97.1,100.8,8.89,3.408
2030-12-01,9.09,7.44,24.71,327.13,93.5,100.8,2.5,1.362
2030-12-02,8.92,7.03,13.54,330.71,97.5,100.8,10.44,0.656
2030-12-03,10.86,6.52,23.61,321.63,94.3,101,1.88,1.51
2030-12-04,7.51,4.35,43.82,277.12,88.8,101.5,0,2.707
2030-12-05,9.66,6.09,30.6,309.36,81.6,102.6,0.37,3.52
2030-12-06,7.78,3.73,19.61,309.87,79.3,102.7,1.95,8.026
2030-12-07,4.94,3.37,23.08,305.21,77,102.6,0.15,7.207
2030-12-08,7.13,4.2,27.98,305.16,87.2,103,0.13,1.808
2030-12-09,7.33,4.55,46.59,257.13,79.9,102.7,0.05,4.943
2030-12-10,6.44,4,44.81,247.99,80.4,101.8,0,5.347
2030-12-11,7.19,3.81,20.25,303.11,91.7,101.7,0.97,3.193
2030-12-12,9.52,6.12,21.42,333.97,93.9,101.4,0.34,4.084
2030-12-13,10.55,8.63,10.96,348.29,94.8,101.3,4.58,4.055
2030-12-14,11.04,10.37,13.34,350.32,95.4,101.3,1.65,1.538
2030-12-15,10.94,8.02,29.09,311.94,92,101.1,0.24,2.539
2030-12-16,10.05,7.97,16.07,325.52,93.9,100.6,4.34,2.64
2030-12-17,10.61,8.37,15.88,335.02,93.5,99.9,1.54,5.279
2030-12-18,11.57,10.27,34.9,329.6,88.1,98.6,11.91,3.915
2030-12-19,10.79,7.49,31.45,288.37,83.2,99.5,0,2.687
2030-12-20,10.34,7.17,11.69,318.73,89.2,100.2,2.56,1.997
2030-12-21,10.89,6.68,29.02,313.51,92.7,101.3,0.54,1.19
2030-12-22,12.96,10.94,17.44,347.52,90.3,101.7,1.21,3.806
2030-12-23,11.98,7.63,30.04,299.05,92.3,102.3,0.58,3.991
2030-12-24,9.69,6.2,33.09,280.9,95,102.8,0,3.958
2030-12-25,9.16,4.85,30.13,289.36,93.4,103.2,0,0.551
2030-12-26,8.44,4.39,28.73,278.69,84,103.6,0,0.725
2030-12-27,6.21,4.35,28.03,286.22,79.9,103.5,0.11,3.004
2030-12-28,6.49,2.82,32.69,270.14,89.3,102.6,0,0.91
2030-12-29,5.43,3.8,25.51,312.56,98.4,102.1,0.24,2.673
2030-12-30,11.14,4.76,19.43,324.34,96.5,101.8,3.38,1.846
2030-12-31,11.34,6.82,16.63,322.93,92.8,101.2,4.38,2.903
2031-01-01,11.54,8.88,13.81,323.82,89,100.7,5.38,4.019
2031-01-02,10.38,6.5,26.58,297.69,81.8,100.6,3.45,6.077
2031-01-03,9.7,4.34,22.6,283.73,78.2,100.5,0.43,7.607
2031-01-04,8.14,4,31.87,278.3,89.6,102,0,3.687
2031-01-05,12.1,6.5,17.64,332.16,95.5,101.4,5.69,2.543
2031-01-06,8.89,6.12,25.47,314.16,95.7,102.1,0.19,2.675
2031-01-07,7.85,5.41,29.92,310.53,94.7,102.6,0.21,1.492
2031-01-08,8.05,6.97,14.16,333.8,96.1,102.7,12.66,1.759
2031-01-09,7.87,4.11,41.3,286.41,91.6,102.9,5,2.899
2031-01-10,5.58,2.47,44.37,264.25,89.6,103.5,0,3.163
2031-01-11,9.27,2.74,27.08,296.68,88.4,103,0.57,5.622
2031-01-12,12.78,8.83,25.47,336.94,87.8,102.2,0.9,6.973
2031-01-13,12.88,9.67,42.27,312.89,85.6,102.8,0.08,6.391
2031-01-14,11.88,8.08,25.59,327.47,86.3,102.2,0.95,6.81
2031-01-15,8.05,4.43,47.95,284.64,73.2,102.4,0,5.149
2031-01-16,10.38,3.8,21.99,315.94,93,100.9,6.7,3.97
2031-01-17,8.21,-1.62,38.95,260.74,72.4,101.1,1.1,4.479
2031-01-18,2.18,-3.11,36.48,250.03,80.5,101,1.84,1.522
2031-01-19,3.32,0.66,30.35,283.53,80.4,99.8,0.67,3.783
2031-01-20,3.1,0.26,44.78,271.66,72.2,99.9,0.24,4.657
2031-01-21,5.15,0.26,43.81,273.19,80.8,100.8,0.38,2.434
2031-01-22,3.42,-0.39,39.67,262.39,85.8,101.8,0.15,1.608
2031-01-23,1.34,-3,30.92,269.41,93.7,102.2,6.28,0.641
2031-01-24,1.82,-1.07,15.16,288.71,73.7,102.4,2.75,4.772
2031-01-25,2.2,-4.82,45.99,257.7,88.2,102.6,2.53,1.241
2031-01-26,5.67,1.92,27.2,302.72,84.4,101.6,3.09,4.37
2031-01-27,4.42,2.59,35.13,293.59,69.8,101.3,0.59,4.953
2031-01-28,5.65,3.13,31.99,300.99,88.2,101,0.97,2.321
2031-01-29,5.77,2.91,38.87,287.45,95.2,101.3,1.33,3.877
2031-01-30,6.88,2.2,61.82,273.86,85.1,101.3,0.93,5.079
2031-01-31,4.23,2.48,25.13,303.93,90.8,102.2,4.66,1.878
2031-02-01,2.89,-0.3,36.49,275.87,66.3,102.7,0.07,4.765
2031-02-02,0.93,-2.11,69.14,243.69,71,101.7,0,2.171
2031-02-03,2.05,-1.74,46.47,258.38,73.1,101.1,0,2.909
2031-02-04,2.06,-2.24,84.24,215.34,71.6,100.5,0,1.484
2031-02-05,1.71,-2.09,89.59,214.84,75,99.9,0,0.957
2031-02-06,4.88,-1.54,21.57,290.27,92.5,99,7.39,1.198
2031-02-07,9.03,4.23,54.84,300.77,91,99,4.68,4.231
2031-02-08,11.83,6,49.73,322.58,90.9,99,5.57,3.609
2031-02-09,8.5,0.68,48.01,288.43,86.6,99.5,15.89,2.886
2031-02-10,5.11,-1.34,61.78,260.69,78.5,100.4,0,5.313
2031-02-11,6.15,0.06,75.22,262.15,74.9,99.6,2.17,3.518
2031-02-12,4.69,1.44,60.32,272.91,76.5,99.4,0.69,5.664
2031-02-13,10.19,2.96,23.06,322.99,91,98.4,16.66,2.627
2031-02-14,9.6,3.42,86.43,272.56,72.7,98,2.74,7.252
2031-02-15,7.29,2.02,55.18,286.08,80.6,99.6,9.97,5.062
2031-02-16,6.34,-0.2,79.99,268.48,79.9,100.7,0,3.485
2031-02-17,6.14,-0.3,38.31,297.09,86.3,100.9,14.19,3.745
2031-02-18,8.24,5.05,29.08,328.55,97.1,99.3,25.71,0.635
2031-02-19,7.71,4.74,45.18,319.83,94.5,100,16.58,0.602
2031-02-20,9.56,4.58,34.64,309.56,92.4,99.6,13.92,2.781
2031-02-21,6.51,-0.38,70.96,271.91,75.6,101,2.77,3.233
2031-02-22,5.23,-0.37,14.73,289.9,81.7,100.7,19.58,2.297
2031-02-23,3.72,0.95,31.62,304.99,86.4,99,7.77,4.714
2031-02-24,5.32,2.29,72.76,289.7,71.5,101.5,0.53,3.085
2031-02-25,5.98,-0.11,77.04,284.89,87.7,101.5,2.11,2.797
2031-02-26,7.42,2.19,95.75,292.64,79.5,100.6,2.69,3.669
2031-02-27,6.71,1.79,76.35,292.95,85.5,101.3,0.53,1.715
2031-02-28,7.16,-0.59,96.74,280.43,85.9,101.5,1.88,1.05
2031-03-01,7.94,2.67,105.31,274.85,76.2,100.9,5.36,6.029
2031-03-02,8.76,0.16,137.85,256.64,79.6,102,0,2.309
2031-03-03,11.95,5.56,90.32,320.33,87.6,102.3,0.07,3.793
2031-03-04,14.55,8.3,94.06,318.88,85.3,102.5,0,5.009
2031-03-05,14.31,8.06,131.72,295.26,87,103,0.08,4.125
2031-03-06,16.7,6.31,154.06,275.48,80.5,103,0,3.733
2031-03-07,11.84,4.36,98.04,273.5,76.5,103.2,0.5,2.519
2031-03-08,9.76,4.5,92.37,296.73,73,104.1,0.08,2.762
2031-03-09,8.5,5.01,82.02,310.7,77.1,103.5,0.14,2.924
2031-03-10,13.05,6.39,125.09,303.99,87.5,102.6,0.28,3.254
2031-03-11,10.73,6.31,76.4,318.41,87.5,102.1,0.2,2.878
2031-03-12,10.95,6.64,112.31,312.96,80.5,101.8,0.08,3.811
2031-03-13,11.29,7.65,124.69,299.18,64.7,101.2,0.16,7.891
2031-03-14,8.58,3.38,97.5,292.81,70.5,102.8,0.23,2.871
2031-03-15,9.88,3.62,164.54,264.92,74.7,103.3,0,1.522
2031-03-16,10.09,3.83,186.98,248.55,69.8,102.1,0,1.463
2031-03-17,11.63,6.63,144.78,283.08,66,100.8,0.12,3.443
2031-03-18,9.96,5.66,134.34,285.66,72.1,100.4,0.51,2.335
2031-03-19,9.96,6.46,138.36,286.47,79.2,100.4,0.8,1.695
2031-03-20,11.14,4.33,145.41,278.26,81.9,101.4,0.11,2.111
2031-03-21,8.76,3.3,104.61,287.41,80.1,101.5,0.14,0.476
2031-03-22,9.44,3.01,77.61,297.48,93.2,100.6,2.77,1.288
2031-03-23,10.24,5.21,62.01,323.31,94,99.1,7.41,2.018
2031-03-24,5.22,3.4,24.07,317.23,88.7,99.1,33.92,11.711
2031-03-25,7.76,2.64,101.21,285.85,87.3,101.4,2.24,5.053
2031-03-26,11.42,2.16,156.81,292.97,82.4,102.8,0,1.151
2031-03-27,11.89,7.6,128.32,315.73,86.1,103.3,0.17,1.291
2031-03-28,11.74,5.68,215.2,260.57,84,103.4,0,4.21
2031-03-29,11.75,7,217.47,265.1,81.3,103.3,0,5.271
2031-03-30,9.47,6.3,111.63,319.36,92.7,102.9,0.3,3.265
2031-03-31,8.03,4.41,91.56,311.57,79.8,102.6,0.68,4.006
2031-04-01,6.6,3.55,116.36,298.43,74.3,102.6,0.36,2.861
2031-04-02,8.11,2.32,103.17,298.48,83.3,101.7,4.23,2.723
2031-04-03,7.64,2.2,104.87,285.8,78.3,101.7,1.04,3.451
2031-04-04,8.14,1.7,172.83,270.24,70.9,101.9,0.16,4.028
2031-04-05,7.06,0.57,112.69,271.74,69.8,102.1,0.7,2.572
2031-04-06,8.02,-0.57,135.04,269.91,66.8,102.2,0.06,3.466
2031-04-07,8.05,5.1,94.44,309.38,92.1,101.4,14.32,1.691
2031-04-08,13.67,6.46,98.79,336.06,94.7,99.7,12.78,2.021
2031-04-09,6.99,4.92,104.56,309.01,78.9,100.3,0.33,3.275
2031-04-10,6.72,4.47,148.7,299.33,74,100.4,2.55,4.932
2031-04-11,8.31,3.98,92.58,299.28,90.5,99,6.21,4.541
2031-04-12,8.3,3.04,173.01,284.1,65.1,99.8,1,7.754
2031-04-13,6.82,2.22,89.69,296.79,80.6,99.6,3.64,5.228
2031-04-14,7.56,1.88,119.45,282.01,73.2,100.7,1.3,2.795
2031-04-15,7.52,0.51,151.07,263.86,69.9,101.2,1.41,3.038
2031-04-16,8.62,1.17,163.76,273.79,75.9,101,1.3,4.252
2031-04-17,9.25,3.23,148.75,293.76,75.8,100.8,0.31,2.481
2031-04-18,15.3,5.2,149.94,328.08,83,100,11.2,1.905
2031-04-19,13.4,7.42,137.85,334.68,94.2,98.3,19.7,0.987
2031-04-20,9.23,3.69,119.25,307.68,83.5,99.8,3.99,4.222
2031-04-21,11.45,3.74,157.51,293.37,71.3,100.9,0.48,3.02
2031-04-22,9.17,3.86,141.61,281.22,84.1,101.6,2.6,2.852
2031-04-23,9.42,4.11,167.42,278.32,82.7,102.1,0.42,2.305
2031-04-24,10.03,6.66,234.78,275.94,74.7,101.8,0,7.568
2031-04-25,9.02,4.63,203.43,276.33,65.3,101.5,0.12,6.704
2031-04-26,9.02,2.97,167.25,294.19,73.9,101.9,0.45,3.026
2031-04-27,6.63,2.94,150.22,278.14,68.3,102.1,0.23,2.914
2031-04-28,8.52,3.62,122.82,307.46,68.2,101.5,0.17,6.388
2031-04-29,15.39,8.21,175.3,321.88,81.8,100.3,4.8,1.409
2031-04-30,15.32,9.09,188.42,311.42,84.9,100.6,4.92,2.057
2031-05-01,14.65,5.97,191.37,312.47,79.9,100.9,3.71,3.838
2031-05-02,10.81,4.78,268.61,268.74,72.6,102.1,0.01,0.323
2031-05-03,13.21,7.12,240.49,303.57,76.5,101.4,6.36,5.965
2031-05-04,8.93,6.9,70.59,325.25,76.9,101.5,0.78,6.891
2031-05-05,9.11,6.52,166.07,303.37,65.3,101.6,0.08,7.951
2031-05-06,10.39,5.6,180.01,301.79,65.4,101.8,0.17,2.377
2031-05-07,8.48,4.29,138.58,293.78,76.8,101.7,1.78,3.64
2031-05-08,9.98,4.38,166.35,299.82,73.4,102.1,0.73,2.707
2031-05-09,10.91,3.36,171.77,287.11,69.5,102.1,0.53,2.442
2031-05-10,10.22,3.35,199.42,275.56,63.3,102.3,0.1,1.571
2031-05-11,10.41,1.51,197.84,274.09,65.8,102.8,0.08,0.613
2031-05-12,13.4,5.27,209.56,290.82,65.2,102.8,0.22,1.66
2031-05-13,13.38,5.58,315.1,260.75,75.5,102.4,0,4.077
2031-05-14,14.58,6.24,330.44,256.8,67,102.5,0,2.586
2031-05-15,16.73,4.56,318.72,263.5,73.4,102.7,0,0.643
2031-05-16,17.87,7.39,322.49,275.59,72.9,102.7,0,2.607
2031-05-17,18.49,11.48,330.65,286.16,70.4,102.2,0,4.406
2031-05-18,18.77,12.23,287.88,311.7,77.4,101.3,0.51,2.277
2031-05-19,15.67,11.54,179.48,336.07,85.5,100.7,5.46,0.897
2031-05-20,17.09,11.29,187.58,335.28,86.4,100.4,4.42,1.857
2031-05-21,18.66,10.43,183.99,333.81,75.9,100.3,2.67,2.24
2031-05-22,18.08,8.39,263.19,296.39,63.9,101.5,0.1,3.486
2031-05-23,14.9,10.86,116.32,337.08,87.7,101.1,17.07,2.535
2031-05-24,16.2,9.09,250.92,309.18,72.5,100.5,6.75,4.847
2031-05-25,15.85,9.16,235.94,296.24,69.7,101.4,0.04,3.973
2031-05-26,15.46,8.3,260.58,292.17,66.1,101.7,0.82,1.442
2031-05-27,15.98,7.8,158.82,316.01,82,100.6,15.76,1.396
2031-05-28,16.51,7.13,316.05,281.56,82.8,101.1,1.11,2.188
2031-05-29,16.59,10.54,185.6,340.81,80.6,101,0.15,2.774
2031-05-30,17.47,7.97,307.54,293.75,77.4,101,0,2.588
2031-05-31,17.1,8.03,232.89,308.83,78.5,100.6,1.66,2.572
2031-06-01,16.74,8.08,159.46,323.87,79.7,100.2,3.31,3.582
2031-06-02,16.24,10.91,214.42,325.2,64.8,100.6,0.22,4.069
2031-06-03,15.73,10.91,224.38,318.42,69.9,101.6,0.05,1.435
2031-06-04,19.35,10.28,307.02,304.65,70.7,101.9,0,1.148
2031-06-05,19.31,10.04,275.31,310.45,75.6,102.5,0.08,0.178
2031-06-06,17.19,10.43,280.68,310.94,71.8,102.9,0,4.774
2031-06-07,18.61,13.87,278.87,344.47,78.3,102.6,0.06,5.43
2031-06-08,21.13,15.15,300.7,348.03,86.4,102.4,9.15,3.203
2031-06-09,22.49,14.94,336.46,331.14,80,102.5,0,2.654
2031-06-10,20.61,13.66,343.72,304.92,69.5,102.7,0,3.495
2031-06-11,22.12,12.99,337.71,311.54,74.9,102.7,0,2.291
2031-06-12,26.52,13.92,249.08,357.93,71.4,102.1,0.72,3.351
2031-06-13,20.18,12.74,210.74,340.29,75,101.7,2.34,2.612
2031-06-14,14.9,7.58,266.24,282.57,63.8,102.2,0.05,2.761
2031-06-15,15.74,5.98,305.64,272.81,69.5,101.3,0,2.261
2031-06-16,17.92,12.35,168.56,338.49,82.7,100.5,4.06,6.528
2031-06-17,20.58,15.6,203.84,341.47,82.3,100.3,2.04,1.826
2031-06-18,20.34,10.47,256,310.22,67.5,101.2,0.27,4.352
2031-06-19,19.37,10.3,233.52,312.04,67.7,101.6,0.39,4.305
2031-06-20,20.73,13.98,317.97,318.69,67,101,0.39,3.831
2031-06-21,22.93,13.81,204.4,364.24,79.9,100.5,1.59,1.392
2031-06-22,24.28,16,307.15,350.88,69.1,100.9,0,4.865
2031-06-23,27.17,16.4,267.88,360.92,73.3,100.8,5.11,1.014
2031-06-24,20.73,13.26,278.22,315.26,57.8,100.9,0.13,5.41
2031-06-25,18.81,11.74,228.37,318.48,63.9,100.8,0.42,3.728
2031-06-26,15.85,11.46,158.81,336.65,87,100.2,2.98,1.008
2031-06-27,18.13,11.41,207.48,323.15,73,100.7,0.68,4.068
2031-06-28,18.85,11.45,204.54,323.44,66.2,101.3,0.1,4.919
2031-06-29,18.99,9.64,224.22,318.81,75.1,101.3,0.22,3.231
2031-06-30,17.24,13.62,137.99,339.61,85.1,101,4.77,3.75
2031-07-01,22.34,11.14,242.89,331.57,75,101.1,1.27,2.824
2031-07-02,22.05,13.87,146.34,361.12,78.9,100.9,4.61,4.259
2031-07-03,20.07,13.93,241.48,335.01,69.7,100.1,2,7.55
2031-07-04,18.02,12.64,211.25,318.6,75.2,100.2,3.67,5.851
2031-07-05,16.53,11,210.31,315.25,76.2,100.3,4.49,4.622
2031-07-06,17.24,10.09,200.02,311.1,65.8,100.9,0.07,4.903
2031-07-07,18.04,9.76,233.88,309.38,74.9,101.3,3.2,2.809
2031-07-08,20,8.81,235.36,314.7,76.4,101.6,0.18,0.807
2031-07-09,22.39,13.73,266.76,339.63,73.5,101.2,0,3.94
2031-07-10,22.01,13.92,255.91,332.03,62.9,100.9,0.32,6.062
2031-07-11,20.36,12.42,282.89,313.71,56.9,101.7,0.01,5.542
2031-07-12,19.22,12.04,179.76,334.08,77.3,101.2,5.49,4.393
2031-07-13,19.23,11.34,205.38,322.52,70.2,101.2,0.32,4.536
2031-07-14,21.27,11.62,261.63,321.18,64,101.3,0.06,4.059
2031-07-15,21.83,12.62,300.16,313.68,65.5,101.7,0.09,1.343
2031-07-16,21.17,10.41,302,299.76,70.8,102.1,0.04,1.09
2031-07-17,19.86,12.8,251.26,309.48,77.6,101.9,0.05,2.89
2031-07-18,20.63,13.01,305.35,308.06,77.2,101.6,0,3.86
2031-07-19,19.59,15.49,246.85,342.35,80.2,101.6,0.13,5.686
2031-07-20,21,16.55,264.38,352.5,85.5,101.2,1.67,5.577
2031-07-21,22.45,16.14,232.82,360.07,89.7,100.6,12.25,0.4
2031-07-22,19.35,15.13,135.28,347.34,87.4,100.5,2.2,4.074
2031-07-23,24.26,14.46,287.05,333.52,67.7,101.1,1.41,4.556
2031-07-24,20.87,15.3,157.93,362.85,90.2,101.1,13.82,2.231
2031-07-25,20.4,13.94,203.41,346.89,82.9,101.5,5.03,1.961
2031-07-26,20.92,13.04,256.05,327.95,77.7,101.7,0.07,0.471
2031-07-27,21.22,13.8,216,339.45,84.1,101.4,14.77,2.97
2031-07-28,19.66,13.39,194.07,336.13,75,101.5,0.27,1.99
2031-07-29,23.44,15.56,188.31,367.79,79.9,101.6,0.48,1.961
2031-07-30,25.79,17.56,255.23,363.11,75.8,101.7,0.06,2.477
2031-07-31,24.7,16.47,225.08,355.98,80.8,101.8,2.84,1.11
2031-08-01,23.62,15.38,195.04,348.21,85.8,101.8,5.63,0.357
2031-08-02,20.78,13.72,257.89,322.32,77.5,101.8,3.84,1.418
2031-08-03,18.77,11.99,237.76,304.25,68.5,102.2,0,1.344
2031-08-04,19.71,10.53,289.39,291.69,71.5,102.2,0,1.658
2031-08-05,20.91,13.45,293.81,303.7,72.6,101.9,0,2.973
2031-08-06,24.12,11.68,306.15,302.59,77.6,101.7,0,0.876
2031-08-07,26.57,14.76,245.02,344.4,65.8,101.3,0.11,1.488
2031-08-08,22.95,17.25,222.93,344.71,81.3,101,0.58,0.194
2031-08-09,23.23,14.98,227.01,335.9,66.5,100.6,0.2,1.674
2031-08-10,20.42,14.81,188.8,340.93,71.9,100.5,0.66,0.736
2031-08-11,21.45,15,201.26,342.05,83.4,101.2,6.2,1.301
2031-08-12,22.6,15.28,201.62,342.14,75.2,101.6,0.39,1.92
2031-08-13,22.6,15.62,182.1,356.82,74.8,101.2,1.53,3.582
2031-08-14,23.04,15.44,173.6,358.13,80.1,99.8,6.79,4.446
2031-08-15,20.57,14.79,215.59,325.31,65.2,100,0.52,8.561
2031-08-16,20.38,13.82,216.17,330.74,70.1,101.4,0,2.547
2031-08-17,21.53,15.04,98.02,373.75,84.9,101.2,4.04,2.427
2031-08-18,23.21,16.65,175.09,372.38,82.8,100.6,5.07,3.713
2031-08-19,23.86,15.83,241.29,342.66,73.8,100.9,0.01,1.871
2031-08-20,22.92,17.28,250.86,340.31,80.3,101,0.05,3.414
2031-08-21,26.28,17.68,237.88,351.2,77.4,101,0.1,0.97
2031-08-22,21.49,16.57,170.08,344.64,84.6,100.7,2.01,0.633
2031-08-23,21.17,14.58,182.22,339.18,75.4,101.5,0.47,1.475
2031-08-24,24.34,14,226.66,327.19,69,101.8,0,1.874
2031-08-25,24.49,14.47,254.75,322.07,70.6,101.7,0,1.267
2031-08-26,24.78,14.76,225.13,331.22,76.1,101.6,0.19,2.299
2031-08-27,22.54,12.93,212.76,321.12,78.6,102.1,0.28,0.371
2031-08-28,21.01,13.38,164,336.42,83.5,102.2,1.37,0.896
2031-08-29,22.58,13.18,210.91,316.2,76.9,102.1,0.13,0.659
2031-08-30,21.34,11.81,190.87,314.18,78.3,102.3,0.05,1.318
2031-08-31,21.66,11.92,200.32,312.37,77.6,102.4,0,0.898
2031-09-01,21.97,12.04,209.74,310.62,76.8,102.5,0,0.568
2031-09-02,23.77,12.38,233.14,310.4,74.4,102.5,0,0.6
2031-09-03,24.33,12.6,243.26,308.51,77.2,102.4,0,0.494
2031-09-04,23.92,12.88,228.98,315.71,83.6,101.9,0.03,1.637
2031-09-05,24.44,15.05,212.04,337.05,82.9,101.7,0.14,1.181
2031-09-06,23.11,17.07,226.83,327.05,80.3,101.6,0,4.901
2031-09-07,26.06,17.42,226.35,340.68,82.8,101.3,0,2.819
2031-09-08,25.44,17.68,227.87,334.41,83.1,100.9,0,1.53
2031-09-09,25.9,18.72,200.67,346.22,66.3,100.3,0.47,1.683
2031-09-10,23.23,15.31,193.66,325.14,64.7,100.8,0.3,4.94
2031-09-11,21.65,12.75,211.06,295.99,59.6,101.9,0,2.782
2031-09-12,22.19,14.16,161.06,322.31,68.1,101.2,2.55,2.032
2031-09-13,20.75,12.74,138.85,319.61,77,100.8,0.44,4.883
2031-09-14,22.12,13.5,76.16,350.32,75.3,101,0.96,5.492
2031-09-15,18.78,13.53,64.99,344.43,75,100.5,10.67,5.098
2031-09-16,18.4,11.84,183.65,293.16,65.6,100.3,0.7,5.923
2031-09-17,18.04,10.59,164.9,297.69,64.5,100.2,0.19,6.015
2031-09-18,17.43,10.13,143.78,303.8,69.3,99.8,0.2,4.57
2031-09-19,17.72,10.74,146.39,306.57,65.2,100.7,0,6.304
2031-09-20,20.51,12.66,85.6,348.71,85.9,100.3,6.16,5.566
2031-09-21,19.36,12.18,167.34,302.59,68.3,100.7,0.2,5.745
2031-09-22,16.95,10.24,104.85,324.73,76.4,101.1,3.57,3.783
2031-09-23,21.17,14.18,147.62,329.71,77.7,100.7,0.29,4.555
2031-09-24,16.92,10.39,165.11,289.97,68.9,101.5,0.29,5.681
2031-09-25,17.84,8.34,176.44,287.28,74.4,102.5,0,2.858
2031-09-26,19.01,10.24,175.22,302.12,72.4,102.7,0,1.995
2031-09-27,19.7,9.23,159.9,315.1,75.8,102.8,0,1.019
2031-09-28,19.18,10.88,143.26,314.13,80.9,102.5,0.01,0.403
2031-09-29,18.22,9.52,107.02,330.8,77.6,101.8,0.07,2.933
2031-09-30,17.03,13.91,50.07,352.72,80.3,100.9,0,3.855
2031-10-01,18.94,12.54,47.3,360.94,87,99.8,11.83,3.656
2031-10-02,16.27,9.42,91.08,326.28,82.4,100.7,4.4,2.098
2031-10-03,17.04,8.11,89.38,329.43,82.8,101.3,0.99,4.023
2031-10-04,21.08,16.91,119.87,348.5,85,100.3,1.24,1.878
2031-10-05,17.29,11.34,109.66,326.63,82.8,100.7,0.28,2.017
2031-10-06,15.49,8.93,102.27,314.33,90.3,101.6,3.54,1.991
2031-10-07,14.21,6.59,141.32,286.19,75.9,101.7,0,3.769
2031-10-08,16.61,10.28,93.61,324.23,77.2,101,0.24,4.769
2031-10-09,17.21,9.66,52.45,349.5,82.5,99.7,6.92,2.173
2031-10-10,16.07,12.03,105.22,312.01,78.1,98.7,0.36,5.365
2031-10-11,16.45,10.41,48.72,342.95,84.1,100,2.17,3.944
2031-10-12,19.02,15.78,106.47,351.05,81.6,99.9,1.51,4.109
2031-10-13,16.6,9.63,126.84,286.19,69.5,101,0,5.727
2031-10-14,17.46,8.42,126.02,293.22,76.6,102,0,4.534
2031-10-15,17.54,12.82,70.42,331.69,82.4,101.8,0.06,4.112
2031-10-16,16.34,11.63,82.52,316.53,89.4,101.6,0,0.377
2031-10-17,16.79,12.75,40.92,347.42,83.8,100.5,7.68,6.565
2031-10-18,20.68,14.42,91.63,348.04,86.8,99.7,6.08,2.623
2031-10-19,18.63,13.86,104.9,322,79.8,101.2,0,1.504
2031-10-20,20.37,13.99,91.52,332.87,84.3,101.9,0,1.162
2031-10-21,18.79,13.45,52.48,347.75,96.9,102.1,0.02,0.626
2031-10-22,16.21,14.43,42.77,374.76,98.1,102.1,0.67,3.864
2031-10-23,20.54,15.95,65.68,368.95,94.2,101.3,0.26,1.295
2031-10-24,18.63,13.47,81.89,335.85,91,101.3,0.42,2.638
2031-10-25,13.39,7.65,86.16,296.77,75.7,102.2,0.1,2.725
2031-10-26,13.74,4.89,92.67,291.93,79.3,102.3,0.14,1.159
2031-10-27,18.16,13.82,66.96,339.77,85.3,101,0.06,1.979
2031-10-28,18.2,15.08,53.7,345.16,87.5,100.7,0,1.189
2031-10-29,20.53,14.96,79.74,338.76,87.8,101.3,0.52,1.834
2031-10-30,16.7,12.88,51.05,339.7,84.5,102.2,0.03,4.599
2031-10-31,17.43,13.54,51.85,348.13,87.4,102.3,0.08,4.451
2031-11-01,18.16,14.19,52.63,356.28,90.2,102.3,0.13,4.307
2031-11-02,16.26,14.35,53.62,349.43,93,102.5,0.15,1.714
2031-11-03,18.98,14.58,82.72,316.86,86.8,102.1,0,1.704
2031-11-04,15.39,8.62,20.94,320.68,85.2,102.5,1.1,2.662
2031-11-05,12.57,7.32,48.78,300.94,72.7,102.3,0.08,1.652
2031-11-06,10.5,5.78,65.52,280.24,74.6,102,1.13,5.208
2031-11-07,11.5,5.79,43.08,301.4,91.8,101.7,3.17,5.941
2031-11-08,10.22,6.29,54.3,292.38,76.1,102.1,0.23,3.054
2031-11-09,9.29,3.46,67.54,285.28,81.5,102.2,0,3.967
2031-11-10,12.77,8.1,41.86,317.15,90.4,102.2,0.56,1.385
2031-11-11,13.57,8.9,32.87,331.97,93.6,102.3,0.35,1.464
2031-11-12,11.99,5.7,68,281.68,86,102.8,0.77,3.253
2031-11-13,11.93,4.6,57.48,289.06,85.9,103.6,0,2.915
2031-11-14,13.51,7.41,63.48,302.23,84.4,103.4,0.05,2.884
2031-11-15,12.33,5.25,67.91,273.14,91,103.1,0,2.285
2031-11-16,12.38,4.48,66.46,279.43,95.1,102.9,0,1.178
2031-11-17,12.84,7.79,62.88,290.62,91.3,102.7,0.01,1.384
2031-11-18,12.87,8.48,44.86,323.64,92.3,102.8,0.06,3.229
2031-11-19,13.31,8.34,54.1,297.73,87,102.4,0,5.485
2031-11-20,11.53,8.38,41.78,314.06,85.4,102.6,3.18,3.977
2031-11-21,12.61,9.68,29.15,329.8,94.9,102.5,0.95,4.508
2031-11-22,12.32,9.56,37.23,323.26,93.2,102.7,0.02,3.104
2031-11-23,12.72,9.64,38.15,326.52,89.5,101.6,0.03,2.286
2031-11-24,12.43,6.22,20.12,308.29,89.4,100.5,2.53,3.535
2031-11-25,7.06,4.29,19.98,271.48,92,101.2,2.88,3.335
2031-11-26,9.68,2.6,30.7,299.81,88.5,102.2,3.63,2.698
2031-11-27,13.84,9.71,11.71,359.99,94.3,101.3,11.33,3.688
2031-11-28,13.52,11.77,12.94,362.39,98.3,101.7,1.75,0.647
2031-11-29,13.03,10.18,26.31,339.95,94.7,101.6,10.7,2.841
2031-11-30,11.03,6.49,48.17,281.08,90.5,102.3,0,4.725
2031-12-01,13.15,8.57,43.74,313.56,90,103.1,0.14,4.129
2031-12-02,11.83,8.62,27.18,332.82,92.4,103,0.18,1.505
2031-12-03,12.34,6.74,16.78,314.87,94,102.1,2.57,3.532
2031-12-04,8.39,0.22,48,242.69,91.5,103.1,0,1.848
2031-12-05,8.55,-0.79,35.82,283.38,88.3,102.1,1.41,1.731
2031-12-06,11.36,6.79,42.58,296.98,80.2,100.8,2.4,4.381
2031-12-07,14.92,9.22,12.19,341.73,84.6,100.4,6.68,4.339
2031-12-08,9.77,5.51,40.32,259.6,72.9,101.6,0.07,6.743
2031-12-09,10.49,4.19,34.56,283.82,78.9,102.4,0,2.928
2031-12-10,10.8,9.05,20.21,307.6,76.5,101,0,2.741
2031-12-11,10.93,3.55,17.89,297.98,91.6,101.1,2.19,2.539
2031-12-12,11.18,3.96,21.46,298.84,90.8,101.9,0.94,3.82
2031-12-13,13.57,10.34,17.33,342.28,87.7,101.5,0.09,5.659
2031-12-14,14.04,5.99,8.93,338.19,92.3,100.7,21.07,3.811
2031-12-15,7.03,3.72,15.89,290.88,93.2,100.6,0.31,2.74
2031-12-16,10.58,3.56,16.26,306.41,80.8,100.4,6.05,3.18
2031-12-17,11.65,4.55,30.86,295.92,81.6,99.1,12.31,5.092
2031-12-18,7.16,4.37,31.1,274.47,81.7,99.6,0.28,4.631
2031-12-19,6,2.59,41.83,245.11,81.8,99.6,0,5.653
2031-12-20,12.57,2.85,21.89,301.2,86,99.2,10.75,4.235
2031-12-21,6.67,3.96,24.68,265.39,89.9,99.4,0,3.952
2031-12-22,7.05,3.51,28.66,279.85,87.7,99.4,0.07,3.981
2031-12-23,10.24,1.92,29.71,296.43,87.6,99.4,10.31,1.669
2031-12-24,11.56,6.57,34.89,293.36,82.9,96.8,0.34,4.896
2031-12-25,7.1,4.16,25.22,272.38,73.8,98.1,0.1,7.474
2031-12-26,5.72,3.01,22.49,289.99,84.7,100.1,0,4.005
2031-12-27,5.22,1,29.94,253.71,86.5,101.4,0,4.309
2031-12-28,7.13,-1.18,40.36,264.7,90.6,102.1,6.6,2.859
2031-12-29,10.69,6.89,34.58,321.32,95,101.1,9.8,2.825
2031-12-30,13.82,4.7,27.58,307.76,77,100.6,1.48,6.66
2031-12-31,10,3.7,36.21,275.93,74.9,101.3,0.74,5.856
2032-01-01,6.18,2.7,45.06,243.01,72.9,101.9,0,5.065
2032-01-02,7.6,3.58,27.01,268.11,69.2,101.5,0.33,8.086
2032-01-03,12.32,3.64,10.15,315.88,86.6,101.1,5.18,5.111
2032-01-04,12.34,4.99,7.83,317.11,92.4,99.1,6.62,5.109
2032-01-05,5.62,2.14,22.18,270.24,87.6,99.6,0.69,4.233
2032-01-06,8.06,0.31,31.94,284.7,80.2,100.5,8.03,5.638
2032-01-07,6.4,4.29,22.9,300.7,68.2,99.3,0.05,9.454
2032-01-08,6.77,3.5,44.81,273.31,74.1,100.5,0,6.436
2032-01-09,11.43,3.46,25.39,318.95,78.9,99.3,3.34,8.13
2032-01-10,6.84,3.82,28.45,289.08,76.8,100,4.71,8.036
2032-01-11,5.56,1.14,25.82,284.1,81.7,101.1,0,3.585
2032-01-12,3.27,0.45,13.68,269.52,94.9,101,2.8,1.858
2032-01-13,6.87,-1.35,32.91,270.95,87,101,5.88,2.183
2032-01-14,8.18,0.78,33.76,284.55,88.5,99,5,2.93
2032-01-15,5.89,-0.11,15.8,299.66,91.4,98.6,4.43,3.564
2032-01-16,7.58,2.81,35.71,304.99,91.9,98.6,8.39,1.414
2032-01-17,10.69,6.08,23.4,324.6,87.6,97.3,7.9,4.104
2032-01-18,7.98,3.5,52.84,271.99,73,99.4,0.05,5.706
2032-01-19,7,3.23,15.9,306.16,91.5,99.5,7.46,3.267
2032-01-20,5.68,2.81,30.89,295.92,89.7,100.3,2.98,4.296
2032-01-21,6.31,0.66,55.98,261.07,88.3,101.6,0,1.55
2032-01-22,6.26,1.31,36.93,293.69,74.7,101.4,0.01,3.915
2032-01-23,4.41,1.91,14.52,305.24,88.4,100.7,3.59,2.981
2032-01-24,3.33,0.66,36.95,287.84,95.1,101.2,1.1,3.623
2032-01-25,4.83,0.68,27.1,289.85,92.6,101.6,2.43,1.113
2032-01-26,5.55,2.8,47.16,296.07,75.3,102.2,0.06,1.833
2032-01-27,3.56,0.29,43.12,276.57,76.5,102.7,0.08,3.55
2032-01-28,3.38,-0.08,37.46,287.59,78.8,102.4,0.06,2.393
2032-01-29,2.67,0.66,59.42,270.19,74.5,102,0.08,4.436
2032-01-30,5.33,-0.2,49.89,288.07,78,100.6,1.41,5.002
2032-01-31,8.33,3.22,32.27,297.68,86.8,99.7,2.18,4.166
2032-02-01,10.82,2.45,14.31,318.74,93.6,99.5,9.18,1.039
2032-02-02,11.67,7.52,39.48,308.53,60.4,98.8,0.27,10.651
2032-02-03,8.02,3.98,61.66,277.21,75,100.3,4.99,1.389
2032-02-04,9.61,4.98,34.77,306.04,82,98.9,2.18,2.047
2032-02-05,9.15,3.5,19.64,295.29,85.6,98.9,6.33,3.504
2032-02-06,10.11,7.5,50.78,298,74.9,98.2,2.95,5.702
2032-02-07,8.73,6.26,52.28,284.35,86.7,98.5,3.52,4.827
2032-02-08,13.17,6.89,47.5,322.08,76.8,97.9,2.39,3.682
2032-02-09,11.64,6.77,49.09,301.28,64.1,98.2,0.06,6.662
2032-02-10,9.03,4.51,54.81,293.23,84.7,99.6,2.39,4.448
2032-02-11,8.68,1.82,81.11,266.79,79.3,102.1,0,2.818
2032-02-12,8.43,0.44,65.19,276.63,80.3,102.6,0.04,1.528
2032-02-13,9.62,5.66,38.53,331.21,90.8,101.9,2.43,2.483
2032-02-14,12.1,8.24,15.56,333.15,91.7,101.2,7.77,4.408
2032-02-15,8.5,4.56,69.97,285.54,69.3,101.7,0.34,7.171
2032-02-16,8.55,4.62,43.09,302.16,87.1,101.4,3.63,5.394
2032-02-17,8.28,4,79.87,270.6,76,101,0,4.916
2032-02-18,8.3,2.35,101.69,251.34,75.8,101.5,0.04,5.025
2032-02-19,7.49,1.19,79.82,270.04,79.5,102.1,0.04,1.86
2032-02-20,5.95,3.46,69.28,289.36,63.7,102.7,0.06,4.76
2032-02-21,4.76,2.51,108.98,251.84,59.9,103,0,5.742
2032-02-22,5.14,1.65,125.19,230.94,66.1,102.8,0,1.867
2032-02-23,5.69,0.37,132.24,229.63,71.7,101.9,0,1.632
2032-02-24,9.29,4.13,120.87,281.43,82,101.2,4.33,1.626
2032-02-25,13.12,4.84,62.63,329.42,91.3,101.4,0.75,1.914
2032-02-26,11.47,8.95,75.19,320.77,94.2,101.2,0.12,2.019
2032-02-27,11.69,7.81,135.92,271.55,85.1,101,0,1.942
2032-02-28,12.57,6.23,84.84,289.8,89,101.9,0,0.903
2032-02-29,13.19,7.07,101.74,289.46,86.5,102.3,0,1.428
2032-03-01,13.82,7.92,118.82,288.52,83.9,102.7,0,2.372
2032-03-02,12.49,7.71,130.93,284.77,83.6,102.5,0,1.285
2032-03-03,10.76,7.84,54.21,310.29,89.5,101.5,3.76,2.116
2032-03-04,10.17,6.47,28.21,322.6,89,99.4,11.2,3.943
2032-03-05,8.72,3.99,111.63,266.16,74.9,99.9,0.66,4.426
2032-03-06,9.94,3.38,88.43,283.33,79.7,100.2,0.05,4.185
2032-03-07,9.68,4.88,126.93,285.91,73.6,101.1,0.05,4.183
2032-03-08,11.8,4.79,75.17,308.29,76.8,101,1.43,6.132
2032-03-09,11.83,5.92,67.42,317.13,77.6,101,2.28,6.716
2032-03-10,12.14,5.69,123.07,294.52,72.9,99.6,7.88,8.24
2032-03-11,7.51,3.72,71.51,292.19,72.7,99.7,0.74,6.383
2032-03-12,7.65,1.67,129.72,254.14,71.9,99.5,0.41,4.466
2032-03-13,7.55,1.13,126.74,270.14,70.2,99.8,2.22,1.513
2032-03-14,6.95,4.29,76.76,309.92,88.1,97.8,18.25,4.584
2032-03-15,7.61,1.54,140.67,267.86,67.2,100.7,1.7,2.765
2032-03-16,5.5,0.91,57.71,286.97,84.8,101.4,15.23,0.969
2032-03-17,6.78,-1.05,128.56,257.27,70.3,102.3,0.04,1.13
2032-03-18,8.89,2.9,30.63,320.38,86,100.6,18.54,5.529
2032-03-19,10.84,6.34,91.1,320.18,94.3,98.9,7.48,2.58
2032-03-20,7.42,3.29,98.36,296.47,88.9,100.4,1.22,4.29
2032-03-21,6.94,2.64,97.98,288.54,82,101.9,0.27,1.758
2032-03-22,7.08,4.24,16.57,318.94,82.7,101,15.04,8.751
2032-03-23,8.3,3.65,99.77,305.26,90.1,101.1,0.28,2.985
2032-03-24,7.58,5.55,85.55,318.98,83.3,101.7,6.21,10.038
2032-03-25,9.18,5.94,77.25,330.76,95.3,100.7,11.33,6.863
2032-03-26,10.81,6.97,94.07,321.21,88.7,101.3,13.26,2.893
2032-03-27,11.27,3.98,202.3,269.19,88.4,102.1,0,1.33
2032-03-28,9.13,4.81,144.56,291.68,89.8,102.2,0.17,2.339
2032-03-29,9.36,2.66,79.37,298.24,84.4,102.3,0.44,1.212
2032-03-30,10.67,2.27,97.39,302.45,86.8,101.6,1.37,4.125
2032-03-31,10.76,6.32,137.09,303.36,67.6,100,1.47,7.849
2032-04-01,10.12,5.43,150.54,296.03,59.4,100.1,0.19,8.879
2032-04-02,7.05,3.39,111.11,289.44,68.5,101.1,0.84,5.457
2032-04-03,6.83,2.67,121.2,275.83,64.2,102.6,0.18,3.406
2032-04-04,8.35,2.27,123.18,286.89,71.7,103.5,0.13,0.631
2032-04-05,13.17,4.51,119.96,311.65,74.6,103.5,0.1,4.004
2032-04-06,15.39,7.09,129.48,324.13,71.3,102.6,0.46,6.426
2032-04-07,10.14,5.49,109.74,302.42,66.4,102.6,0.12,5.148
2032-04-08,14.39,8.51,135.36,319.18,74.5,101.5,0.07,6.756
2032-04-09,16.73,10.33,148.64,332.25,75.7,101.3,0.25,6.974
2032-04-10,13.5,8.68,133.58,324.22,74.2,101.7,1.41,5.216
2032-04-11,9.82,4.59,148.95,276.06,55.5,102.6,0.04,4.011
2032-04-12,8.77,2.87,158.81,277.98,62.4,103.3,0.32,2.977
2032-04-13,12.64,2.28,128.47,301.23,77.3,103.2,0.02,2.632
2032-04-14,11.68,7.48,96.98,331.4,92.9,102.6,3.05,1.183
2032-04-15,11.15,7.6,147.12,324.53,89.4,103,0.78,1.924
2032-04-16,12.11,7.32,144.27,320.56,90.1,102.9,0.23,0.519
2032-04-17,15.32,6.73,120.47,331.93,87.9,102.3,3.08,2.002
2032-04-18,10.73,4.1,143.4,294.1,69.3,101.9,0.77,4.176
2032-04-19,7.66,1.87,127.93,297.97,76.2,101.5,5.67,4.286
2032-04-20,8.89,4.99,129.25,303.89,74.3,101.7,1.75,2.212
2032-04-21,9.34,2.83,172.15,270.23,68.4,102.3,0.09,1.67
2032-04-22,9.02,2.18,182.98,270.89,69.4,102.7,0.13,2.846
2032-04-23,8.93,4.41,129.62,295.5,76.9,102.8,0.22,3.927
2032-04-24,9.28,3.51,155.64,285.53,75.5,102.8,0.07,2.866
2032-04-25,8.84,2.94,171.54,282,71.6,102.6,0.14,2.741
2032-04-26,10.86,1.95,216.62,277.07,76.9,102.3,0,0.825
2032-04-27,13.11,6.05,201.88,303.84,82.7,102.2,0.33,1.033
2032-04-28,11.91,6,153.61,309.66,80.2,102.5,0.13,2.296
2032-04-29,11.96,5.42,233.27,283.86,72.7,102.6,0.06,3.958
2032-04-30,10.95,7.06,190.14,297.16,77,102.4,0.04,5.984
2032-05-01,10.53,5.98,149.76,307.05,75.8,102.2,0.35,2.916
2032-05-02,11.06,5,168.12,288.01,80.6,102,0.5,1.463
2032-05-03,10.01,4.12,145.83,285.91,75.4,102,0.31,1.764
2032-05-04,10.34,5.93,146.16,306.55,67.7,101.9,0.18,1.85
2032-05-05,9.67,5.13,149.5,301.4,70,101.9,0.18,3.023
2032-05-06,9.99,5.62,177.56,299.88,68.9,102,0.21,3.383
2032-05-07,13.7,5.8,288.28,278.97,75.6,101.4,4.13,2.556
2032-05-08,14.15,8.45,141.15,307.52,89.1,100.9,12.47,3.539
2032-05-09,15.81,7.65,198.38,294.81,74.8,100.8,2.77,5.895
2032-05-10,15.49,9.28,154.11,328.48,79.7,100.4,11.7,1.554
2032-05-11,13.81,7.9,161.87,308.58,85.9,100.1,4.22,4.445
2032-05-12,12.99,5.78,219.92,285.7,80.6,101,3.8,0.636
2032-05-13,11.7,7.46,232.11,293.16,78.9,101.9,0.76,5.489
2032-05-14,11.37,5.88,281.48,269.24,70.1,102.1,0.02,4.256
2032-05-15,9.69,3.91,141.5,292.13,81,101.2,0.09,2.339
2032-05-16,11.91,3.41,201,296.28,86.1,100.3,7.81,2.038
2032-05-17,14,7.92,177.29,332.56,89.3,99.9,14.48,4.178
2032-05-18,15.53,10.98,291.79,297.77,79,100,0.43,2.071
2032-05-19,14.94,9.91,148.89,318.25,81.2,100.5,1.6,2.126
2032-05-20,14.75,9.17,220.67,307.92,78.2,100.9,2.26,2.292
2032-05-21,14.79,8.59,147.23,317.5,79.7,101.1,1,3.036
2032-05-22,16.38,8.37,210.99,320.41,79.5,101.4,1.34,2.55
2032-05-23,17.66,11.18,273.3,318.84,78,101.2,0.56,6.506
2032-05-24,18.1,13.24,152.38,343.9,85.2,100.4,1.46,3.674
2032-05-25,19.9,12.22,228.09,330.52,75.9,100.8,0.31,2.578
2032-05-26,21.19,12.32,286.11,319.6,66.6,101.2,0,1.665
2032-05-27,20.76,11.31,241.31,325.55,71.4,101.4,0,0.955
2032-05-28,20,12.1,280.8,321.45,79.1,101.3,2.33,0.311
2032-05-29,19.02,12.66,247.05,330.05,74.8,101,1.77,4.511
2032-05-30,19.67,10.41,274.7,314.79,69.3,101.3,0.02,3.964
2032-05-31,20.85,12.76,263.65,330.65,72.7,101.4,0.05,3.898
2032-06-01,22.03,15.1,252.46,346.77,76.1,101.4,0.07,3.851
2032-06-02,19.96,14.29,236.52,334.34,65,101.5,0.1,3.074
2032-06-03,17.73,11.31,261.44,310.54,65.8,101.7,1.33,1.934
2032-06-04,16.86,9.83,198.17,313.32,66.6,101.5,0.77,2.698
2032-06-05,16.45,9.1,260.49,298.44,60.3,101.3,0.64,4.972
2032-06-06,14.76,7.87,116.29,330.23,84.8,101.3,12.51,1.095
2032-06-07,18.05,12.08,299.66,317.13,69.7,101.2,2.65,3.73
2032-06-08,19.25,11.57,172.78,336.22,76.1,101,11.74,4.046
2032-06-09,18.03,11.05,275.3,304.53,63.7,100.7,1.08,5.385
2032-06-10,16.64,9.88,224.38,315.9,74.1,101.7,1.54,3.068
2032-06-11,18.72,9.7,325.98,297.69,69.1,102.3,0,0.948
2032-06-12,20.53,11.85,344.59,302.18,72.5,102.2,0,3.517
2032-06-13,23.38,17.12,341.57,330.36,70.4,101.5,0,5.327
2032-06-14,21.67,14.93,248.7,335.11,73.3,101.5,2.75,2.752
2032-06-15,19.62,12.37,270.03,316.76,61,101.6,0,3.88
2032-06-16,18.65,10.86,307.63,306.53,72.5,101.3,4.37,1.432
2032-06-17,18.36,12.1,229.22,329.67,75.4,100.3,2.81,4.032
2032-06-18,19.39,10.62,244.27,312.89,77.9,100.7,3.31,3.586
2032-06-19,16.56,11.33,176.26,328.64,88.6,101.1,3.72,1.033
2032-06-20,19.59,11.23,323.31,309.6,84.4,101.9,0.06,0.821
2032-06-21,22.56,12.73,329.16,320.1,76.5,101.9,0.19,1.729
2032-06-22,18.96,12.47,239.33,329.31,81.9,101.5,10.45,0.976
2032-06-23,19.43,11.33,272.55,308.95,72.7,101.8,0.66,1.438
2032-06-24,19.75,11.95,224.98,334.57,72.6,101.8,0.15,2.222
2032-06-25,19.55,13.8,205.07,343.31,86.2,102.2,5.15,0.876
2032-06-26,19.56,13.69,274.01,333.84,79,102.6,0.11,1.591
2032-06-27,19.78,13.28,288.46,332.14,78.8,102.8,0.08,2.679
2032-06-28,18.91,14.95,303.58,329.43,75,103,0.04,4.175
2032-06-29,18.84,13.88,312.7,318.57,77.7,102.7,0.02,3.596
2032-06-30,23.32,16.42,347.09,326.98,76,102.4,0,4.091
2032-07-01,22.64,14.49,351.29,316.9,74.7,102,0.05,3.961
2032-07-02,22.26,13.8,323.23,322.74,80.8,101.8,0.05,1.801
2032-07-03,21.66,13.84,316.15,324.24,81.3,102,0.04,2.874
2032-07-04,21.35,13.41,311.68,317.9,80.7,102.3,0.01,3.041
2032-07-05,23.64,14.4,319.39,318.05,74.2,102.4,0,1.492
2032-07-06,21.2,15,256.44,342.83,80.1,102.3,0.1,1.857
2032-07-07,21.31,15.1,262.4,348.65,79.7,102.4,0.41,1.772
2032-07-08,22.56,14.6,304.41,329.46,77.2,102.4,0.04,1.455
2032-07-09,27.56,13.44,311.75,333.65,72.9,102.3,0.03,0.319
2032-07-10,24.53,16.02,273.07,340.31,73,102.1,0,1.217
2032-07-11,22.22,15.44,324.15,320.29,77.6,102.4,0,2.589
2032-07-12,22.14,15.2,334.55,313.46,81.4,102.4,0,3.031
2032-07-13,23.55,17.07,320.13,321.16,79.1,102.3,0,4.143
2032-07-14,24.33,16.94,320.89,321.56,79.9,102.2,0,5.162
2032-07-15,23.44,16.96,325.33,326.66,78,102.1,0,5.568
2032-07-16,25.07,16.67,341.39,315,69,102.3,0,4.559
2032-07-17,25.28,16.63,342.1,307.64,72.5,102.5,0,4.512
2032-07-18,22.87,16.99,335.52,305.95,79.4,102.6,0,5.148
2032-07-19,26.98,17.85,337.4,326,61.9,102.1,0,4.608
2032-07-20,34.47,20.04,258.76,370.75,57.7,101.3,0,0.387
2032-07-21,27.38,19.82,173.11,389.5,72.8,101,0.66,2.797
2032-07-22,28.23,19.38,202.56,379.63,67.3,101,0.08,2.949
2032-07-23,30.54,18.15,291.67,358.41,61.9,100.8,0.67,4.025
2032-07-24,21.81,13.98,238.24,307.06,48.6,100.7,0.06,5.862
2032-07-25,19.87,12.52,189.12,318.49,57.9,101.3,0.01,5.441
2032-07-26,20.77,12.72,171.86,332.7,70.2,101.7,0.16,0.974
2032-07-27,24.76,12.66,293.66,314.09,72.4,101.5,0,0.701
2032-07-28,30.5,12.98,323.61,314.72,55.8,101.3,0,2.069
2032-07-29,23.09,13.11,271.24,304.12,66.2,101.1,0,2.614
2032-07-30,19.94,8.38,194.62,306.83,68.8,101.4,0.06,3.196
2032-07-31,20.57,8.85,185.4,314.92,72.1,101.4,0.13,2.577
2032-08-01,21.19,9.31,176.22,322.86,75.5,101.3,0.2,2.437
2032-08-02,19.79,12.34,214.05,323.87,68.7,101.7,2.01,2.609
2032-08-03,22.53,11.35,189.81,341.21,69.7,101.8,0.05,3.268
2032-08-04,22.08,13.42,284.66,318.49,71.3,101.7,0,3.068
2032-08-05,23.55,12.6,260.24,320.94,76.7,101.6,0.04,0.373
2032-08-06,26.92,16.06,173.78,358.08,70.4,101.2,0.65,0.985
2032-08-07,24.8,15.25,235.64,339.97,70.4,101.5,2.56,1.009
2032-08-08,24.47,12.83,196.99,328.41,58.9,101.6,0.1,2.071
2032-08-09,21.34,14.18,237.9,307.66,55.1,101.2,0.19,4.41
2032-08-10,21.04,11.64,234.19,307.39,65.9,101.9,0.06,3.793
2032-08-11,22.82,11.17,245.39,311.64,70.3,102.1,0,0.649
2032-08-12,25.57,12.73,274.11,323.77,70.1,101.8,0,0.771
2032-08-13,24.2,12.77,274.29,323.18,81.1,101.7,0,1.568
2032-08-14,23.27,12.74,250.43,330.42,83.8,101.8,0.08,1.113
2032-08-15,22.92,12.19,244.84,327.33,84.6,101.9,0.14,2.42
2032-08-16,26.26,15.94,276.97,324.17,68.2,101.6,0,1.969
2032-08-17,28.55,16.41,242.63,343.5,67,101,7.39,1.713
2032-08-18,19.14,13.64,209.02,323.7,79.5,100.4,28.19,3.323
2032-08-19,18.52,12.24,153.48,329.48,72.3,100.7,0.98,6.225
2032-08-20,23.62,13.61,227.19,333.53,67.6,101.6,0,3.878
2032-08-21,25.08,15,249.57,338.04,75.2,101.9,0,0.955
2032-08-22,26.98,16.7,269.2,335.95,65.7,101.3,0,2.132
2032-08-23,20.65,13.35,198.5,310.45,49.7,101,0.24,6.003
2032-08-24,22.73,14.87,210.44,337.86,64,100.8,0.17,3.654
2032-08-25,25.33,13.43,238.34,331.18,68,101.3,0.01,3.385
2032-08-26,20.91,12.3,161.88,333.51,74.3,101.9,0.61,1.115
2032-08-27,20.34,10.78,220.08,296.57,71.2,102.4,0,0.502
2032-08-28,24.75,12.75,246.06,314.18,71.5,102.5,0,1.042
2032-08-29,24.02,15.26,172.45,349.91,82.1,102.8,0.04,1.236
2032-08-30,20.3,15.37,203.87,339.24,78.2,103.1,0.11,4.327
2032-08-31,20.09,15.66,208.7,338.24,78.5,103,0.1,4.754
2032-09-01,19.88,15.95,213.53,337.19,78.9,103,0.09,5.185
2032-09-02,21.79,15.9,232.31,319.29,84,102.6,0,5.035
2032-09-03,23.39,16.95,240.25,321.12,85.4,102.4,0,3.937
2032-09-04,22.44,16.55,227.22,339.68,88.4,102.6,0.06,3.633
2032-09-05,22.37,16.61,204.16,342.27,88.9,102.6,0.13,3.826
2032-09-06,24.3,17.37,233.07,322.58,84.7,102.5,0,3.897
2032-09-07,21.5,16.67,209.43,331.87,83.1,102.7,0.01,4.903
2032-09-08,19.66,16.03,136.55,357.84,87.3,102.7,0.15,4.675
2032-09-09,22.58,14.56,189.04,321.61,84.1,102.3,0,2.515
2032-09-10,19.89,14.43,143.3,346.53,84.5,102.5,0.16,2.295
2032-09-11,27.6,14.11,168.11,352.89,66.1,102.6,0.06,2.307
2032-09-12,28.9,18.59,197.99,362.19,59.8,102.1,0,2.545
2032-09-13,25.52,15,201.07,337.52,69.7,102.2,0,2.571
2032-09-14,20.26,13.99,156.35,333.42,71.2,102.5,0.06,1.325
2032-09-15,19.01,12.45,102.21,333.15,78.3,102.3,0.06,0.428
2032-09-16,26.12,13.31,178.65,336.66,67.6,101.6,0.09,2.283
2032-09-17,19.46,14.49,111.93,342.96,85.6,101.5,0.07,3.73
2032-09-18,18.94,14.76,133.67,350.51,77.5,101,2.02,3.574
2032-09-19,22.3,14.67,159.69,330.58,66.6,100.6,0.53,5.553
2032-09-20,17.71,14.59,74.65,366.69,88,101,5.95,6.1
2032-09-21,17.87,15.83,145.37,334.17,68.3,101.3,0.23,10.135
2032-09-22,16.88,13.42,70.97,348.28,84.9,101.3,4.86,6.331
2032-09-23,18.65,12.04,100.35,329.33,89.7,101.5,2.05,1.012
2032-09-24,19.38,11.9,130.04,326.5,84.1,101.9,0.15,0.847
2032-09-25,19.87,10.64,141.6,321.63,80.6,102,0.31,0.722
2032-09-26,20.65,13.95,129.78,339.01,78.9,102,0.12,0.829
2032-09-27,18.25,14.06,101.57,338.7,77.7,102.3,0.38,3.773
2032-09-28,17.69,11.88,94.73,340.85,87.8,102.4,1.22,2.36
2032-09-29,19.61,11.09,139.59,307.62,81.1,102.5,0,1.2
2032-09-30,22.7,10.91,166.98,318.83,77.5,102.8,0,0.772
2032-10-01,19.6,11.39,155.81,322.39,88.6,103.1,0.09,3.239
2032-10-02,18.29,15.6,87.71,352.38,91.6,103.1,0.14,4.517
2032-10-03,18.74,13.44,138.23,317.73,87.8,102.6,0.07,3.445
2032-10-04,20.48,12.58,125.67,330.41,88.5,101.7,0.08,0.909
2032-10-05,18.24,13.17,95.87,342.48,84.7,101.4,0.21,1.662
2032-10-06,17.53,12.38,71.66,347.93,84.6,100.8,0.66,1.672
2032-10-07,15.23,9.27,32.49,342.42,90.8,99,29.89,3.093
2032-10-08,12.31,6.21,46.99,294.11,86.9,98.3,0.11,2.861
2032-10-09,14.44,7.33,58.32,317.91,90.1,99.3,12.24,0.446
2032-10-10,17.4,7.78,130.17,299.88,86.4,100.7,0,0.878
2032-10-11,16.89,10.04,92.97,321.86,91.3,101.5,0.13,2.32
2032-10-12,18.25,9.49,125.23,307.54,85.1,102.2,0,4.041
2032-10-13,18.58,11.53,76.27,335.78,92.6,102.7,0.22,2.237
2032-10-14,18.95,12.54,105.9,345.59,89.5,102.7,0.31,1.732
2032-10-15,19.08,12.42,114.46,332.48,89.5,102.6,0,1.555
2032-10-16,19.28,12.94,70.21,360.96,94.8,103,0.23,0.845
2032-10-17,17.77,14.95,58.28,366.56,95.3,103.2,0.42,2.759
2032-10-18,16.77,13.87,63.56,358.89,92.5,102.6,0.51,3.213
2032-10-19,18.1,10.8,105.04,319.6,89.9,101.8,0.08,2.556
2032-10-20,18.88,13.11,86.91,336,87.9,100.9,0.12,2.025
2032-10-21,15.86,11.1,31.96,335.89,90.7,99.7,6.88,2.941
2032-10-22,12.82,8.08,64.45,319.89,86.1,99.7,5.5,2.909
2032-10-23,12.12,5.26,112.39,259.37,68.5,100.4,0,3.746
2032-10-24,14.45,4.77,81.2,300.71,87.3,100.7,11.14,2.964
2032-10-25,18.04,13.45,64.23,346.64,86,99.7,2.93,4.598
2032-10-26,15.69,12.27,43.91,323.57,73.1,100,0,5.896
2032-10-27,15.89,9.86,59.72,319.8,80.8,101,8.42,2.915
2032-10-28,18.55,15.02,67.35,350.28,87.9,100.9,1.05,4.38
2032-10-29,18.55,13.93,77.74,324.17,88.2,101.3,0,1.819
2032-10-30,18.26,15.3,60.61,337.69,87.1,101.4,0,1.456
2032-10-31,18.31,14.91,68.09,337.12,88.4,101.2,0.06,1.393
2032-11-01,18.37,14.53,75.56,335.82,89.7,101.1,0.09,1.624
2032-11-02,16.19,12.76,56.46,329.91,91,101.2,0.21,1.716
2032-11-03,13.81,9.6,90.6,279.54,74.2,101.3,0.16,4.377
2032-11-04,12.93,6.25,88.75,264.43,81.3,102.1,0,4.126
2032-11-05,13.22,4.12,76.19,275.56,83.3,102.5,0.04,1.182
2032-11-06,13.19,9.56,86.54,279.19,81.2,102,0,3.349
2032-11-07,15.24,7.76,50.87,332.22,92.6,101.7,0,0.776
2032-11-08,14.82,9.35,59.1,315.84,91.1,102.3,0.55,1.367
2032-11-09,12.71,7.21,45.73,309.36,87.3,102.7,0.79,1.478
2032-11-10,11.54,8.57,36.18,320.78,76.1,102.8,0.18,1.824
2032-11-11,13.31,9.88,47.27,327.63,66.3,103,0.15,2.88
2032-11-12,11.82,7.32,41.51,303.51,84.1,103,1.37,1.143
2032-11-13,11.99,5.75,48.13,303.95,86.6,102.6,0.24,1.137
2032-11-14,10.17,6.66,38.34,319.69,75.6,102.3,0.92,7.015
2032-11-15,10.75,8.06,42.47,319.35,71.6,102.4,0.08,6.644
2032-11-16,11.04,8.78,49.98,319.24,74.7,102.1,0.06,5.613
2032-11-17,10.75,7.41,40.1,304.15,85.3,101.5,0.35,1.329
2032-11-18,9.85,5.95,36.02,293.53,89.3,101.5,0.64,3.305
2032-11-19,10.44,4.51,45.56,296.5,83.3,101.5,0.2,2.827
2032-11-20,8.46,5.37,33.94,296.18,91.8,101.6,0.99,4.114
2032-11-21,7.28,0.89,41.19,263.05,84.9,101.7,0,3.405
2032-11-22,6.65,0.36,48.45,280.58,85.9,101.5,0.07,1.442
2032-11-23,8.9,3.12,52.59,279.1,88.7,100.9,0.05,2.095
2032-11-24,10.47,2.94,19.79,307.69,96.6,100.1,8.9,1.908
2032-11-25,10.85,4.58,32.37,308.39,97.2,99.3,6.4,2.295
2032-11-26,10.9,7.54,53.08,287.87,90.3,99.4,0.35,4.901
2032-11-27,12.07,7.37,20.46,334.18,92.3,98.2,24.27,5.166
2032-11-28,9.25,5.41,31.39,304.74,90,99.6,4.06,6.233
2032-11-29,11.45,8.06,30.98,313.65,94.1,98.2,10.14,3.203
2032-11-30,10.1,7.13,26.27,322.99,91.1,99.2,2.13,7.028
2032-12-01,7.83,5.77,36.2,309.41,86.5,100.2,1.19,4.595
2032-12-02,10.67,7.79,16.12,334.12,93.8,99,7.48,3.461
2032-12-03,11.58,6.58,14.43,335.58,95.5,99.4,6.44,1.98
2032-12-04,11.36,9.24,30.77,305.65,90.9,99.1,0.85,2.089
2032-12-05,9.65,7.52,23.01,312.93,93.8,99.7,1.68,3.501
2032-12-06,11.7,5.64,24.34,318.23,93.5,100.3,1.92,1.617
2032-12-07,11.74,7.39,34.4,300.01,89.9,100.4,3.07,3.312
2032-12-08,12.48,10.24,10.49,349.69,94.3,100.5,6.71,1.998
2032-12-09,13.7,10.81,25.08,329.98,86.2,100.1,6.96,4.371
2032-12-10,11.53,7.56,44.07,278.66,79,101.2,0.35,4.075
2032-12-11,12.65,8.34,21,308,90,100.2,3.66,4.046
2032-12-12,10.37,7.13,33.62,273.86,78.8,100,0,5.438
2032-12-13,9.65,6.71,36.8,277.82,80.8,99.8,0.11,6.847
2032-12-14,8.02,5.85,27.42,287.59,87.2,100.2,0,5.228
2032-12-15,6.6,3.99,28.03,284.84,91.3,100.8,0.71,3.384
2032-12-16,5.36,2.37,39.4,255.24,89.1,100.6,0,3.623
2032-12-17,5.71,1.92,32.85,279.57,89.7,100.5,0,4.551
2032-12-18,4.65,0.36,34.64,255.61,94,100.8,0,2.874
2032-12-19,10.09,3.82,12.36,315.15,89.7,99.8,6.96,1.53
2032-12-20,10.13,4.49,40.8,280.1,89.8,99.1,3.1,4.619
2032-12-21,9.2,3.21,19.9,298.83,88,99.8,4.31,1.245
2032-12-22,12.37,8.55,24.44,321.03,93.7,99.5,1.35,2.775
2032-12-23,10.71,7.62,36.99,283.34,78.7,100.3,0,4.6
2032-12-24,14.46,7,5.31,334.28,94.3,100.5,8.24,2.586
2032-12-25,15.86,13.9,20.05,368.28,85.2,100.5,0.22,5.636
2032-12-26,13.9,7.37,32.16,316.57,88.3,101.7,1.33,2.656
2032-12-27,9.75,6.27,40.36,276.8,91.6,103.1,0,1.524
2032-12-28,8.86,5.88,23.77,297.59,70.9,104.3,0.13,5.28
2032-12-29,7,4.63,43.95,251.73,79.9,103.7,0,4.837
2032-12-30,7.73,3.66,43.66,254.35,85.6,102.7,0,1.162
2032-12-31,7.75,2.98,30.58,282.77,92.1,102.8,0.38,0.529
2033-01-01,7.78,2.3,17.98,314.38,98.4,103,0.76,0.271
2033-01-02,8.41,6.51,22.59,327.33,92.9,103.1,1.13,4.887
2033-01-03,7.32,4.36,39.15,286.43,89.9,103.2,0.09,3.463
2033-01-04,5.52,3.63,16.71,316.36,89.7,103.3,0.54,3.014
2033-01-05,4.11,1.15,21.69,294.05,94.1,103.3,0.15,1.217
2033-01-06,6.33,1.03,26.2,295.25,88.9,103.2,0.18,0.89
2033-01-07,7.6,3.58,23.14,310.79,79.2,103,0.14,2.271
2033-01-08,5.59,1.47,18.98,292.37,92.4,102.4,2.34,0.34
2033-01-09,3.48,0.99,26.94,290.7,85.1,101.4,0.15,1.138
2033-01-10,12.2,3.51,17.82,339.2,97.2,99.4,16.43,1.664
2033-01-11,12.53,9.02,12.9,322.71,85.1,97.8,3.21,7.794
2033-01-12,11.97,7.5,21.49,300.81,94.3,98.5,5.03,2.04
2033-01-13,9.22,6.54,18.21,320.23,99.6,99.1,1.28,0.718
2033-01-14,9.67,4.81,48.39,289.2,95.8,99.5,0.16,1.884
2033-01-15,7.78,5.93,13.25,315.36,96,99.2,9.86,0.923
2033-01-16,7.04,4.89,14,317.92,91.7,99.8,8.18,6.719
2033-01-17,7.89,4.16,39.16,299.52,96,101.4,0.04,2.167
2033-01-18,8.24,3.85,37.33,292.36,92.5,101.6,0.09,1.165
2033-01-19,6.55,4.35,37.33,306.62,90.7,101,1.1,0.493
2033-01-20,7.38,4.37,44.93,302.93,87.3,100.9,3.41,1.785
2033-01-21,5.88,3.76,26.27,303.51,76.3,101.9,0.82,5.669
2033-01-22,4.52,1.16,35.16,283.58,69.4,102.5,0.05,1.883
2033-01-23,8.01,0.73,28.39,296.72,82,101.9,0.81,4.512
2033-01-24,10.7,5.95,18.7,318.24,85.7,101,3.96,6.622
2033-01-25,8.03,3.87,46.99,273,71.8,101.9,0,5.37
2033-01-26,7.39,3.11,42.76,278.58,82.1,100.9,0.18,5.337
2033-01-27,5.65,2.39,27.5,273.73,73.6,101.4,2.55,5.138
2033-01-28,6.02,1.98,47.4,273.02,70.1,103.5,1.39,2.641
2033-01-29,6.41,-0.39,48.17,278.26,93.9,103.9,0.05,3.229
2033-01-30,9.72,6.45,48.93,316.66,89.9,102.9,0.54,5.822
2033-01-31,9.98,5.98,25.44,307.52,72.5,102.2,0,7.766
2033-02-01,6.18,1.38,63.7,256.08,70.1,102.5,0,4.523
2033-02-02,10.84,1.6,49.29,306.12,86.8,101.5,3.31,5.203
2033-02-03,7.21,0.08,52.99,275.53,80.7,102.3,1.06,2.301
2033-02-04,9.35,0,9.67,315.84,95,101.2,19.64,1.147
2033-02-05,9.39,6.4,40.6,328.32,96.2,99.9,4.21,2.171
2033-02-06,8.89,5.35,73.37,295.58,76.3,101.2,4.49,6.085
2033-02-07,9.98,6.76,31.07,320.18,87.7,101.5,1.11,7.079
2033-02-08,11.5,7.74,74.47,298.91,85.5,102.5,0,4.586
2033-02-09,9.19,6.72,42.02,319.83,92.4,102.8,0.4,1.992
2033-02-10,10.3,6.37,85.51,297.73,83.9,103.1,0.67,3.384
2033-02-11,11.57,6,73.42,304.95,84.9,103.2,0.09,4.871
2033-02-12,9.15,6.17,52.56,314.27,85.8,103.3,0.49,1.673
2033-02-13,6.14,2.32,52.92,289.73,60.2,104.1,0,7.614
2033-02-14,4.76,2.29,40.09,289.3,56.8,104.1,0,5.685
2033-02-15,4.14,1.11,59.91,281.58,68.8,103.6,0.06,2.937
2033-02-16,8.06,2.09,49.27,310.14,93.5,102.5,3.93,2.537
2033-02-17,7.74,4.92,56.81,314.45,89.5,101.7,1.88,3.825
2033-02-18,5.28,0.09,55,295.17,86.5,100.3,4.01,6.018
2033-02-19,5.44,1.62,59.4,288.19,82.7,99.9,1.72,3.132
2033-02-20,4.95,-0.5,72.9,262.28,71.4,100.4,0.16,1.889
2033-02-21,4.05,-1.26,55.19,275.79,84.3,100.5,1.28,2.043
2033-02-22,1.34,-0.83,33.87,290.61,91.7,101.1,5.46,1.641
2033-02-23,3.51,-1.94,72.84,251.87,85.9,101.8,0.57,2.308
2033-02-24,5.08,-1.81,91.02,253.79,86.4,102.6,0.08,3.494
2033-02-25,7.15,-1.47,80.97,270.57,76.1,103,0.03,3.028
2033-02-26,3.26,-0.25,17.16,297.39,85.8,100.8,20.43,2.914
2033-02-27,3.15,0.01,48.45,298.29,91.9,98.9,5.28,5.142
2033-02-28,4.18,-1.3,114.35,254.84,72.5,99.8,0.65,6.684
2033-03-01,5.4,-0.43,125.73,267.22,75.8,99.8,2.65,5.527
2033-03-02,5.72,0.12,93.95,273.49,78.2,99.7,0.29,4.843
2033-03-03,4.68,-0.64,84.84,260.67,88.9,99.8,0.64,0.961
2033-03-04,5.55,-1.12,86.07,264.75,81.5,100.2,0.14,2.844
2033-03-05,4.96,-0.12,98.5,280.53,82.1,100.4,0.37,2.582
2033-03-06,3.74,1.58,17.77,302.77,88.3,100.5,15.16,8.841
2033-03-07,3.52,0.38,80.89,280.91,64.1,101.5,0.04,7.044
2033-03-08,5.73,-0.58,85.65,278.56,82.6,101.8,1.14,2.221
2033-03-09,4.84,-0.21,85.18,288.84,88.4,101.6,3.26,1.367
2033-03-10,6.52,0.59,96.15,268.06,82.5,102,0.75,2.777
2033-03-11,7.08,-0.33,109.49,261.36,87.4,102.4,0.63,3.159
2033-03-12,8.88,0.84,81.56,300.14,87.4,102.7,0.24,3.279
2033-03-13,9.23,4.92,77.24,313.61,82.9,102.8,0.07,3.518
2033-03-14,7.64,2.33,78.52,295.99,80.4,102.1,0.12,1.473
2033-03-15,7.78,2.74,147,286.99,81.1,100.5,0.66,4.843
2033-03-16,10.1,6.93,37.19,341.15,98,98.1,14.7,3.878
2033-03-17,12.98,7,93.34,318.14,92.1,98.4,1.09,2.456
2033-03-18,10.13,6.76,55.4,322.23,91.8,99.5,0.3,1.648
2033-03-19,12.42,6.88,59.03,335.19,96.6,99.7,8.29,0.308
2033-03-20,10.09,7.72,61.36,341.68,98.1,98.9,10.45,5.986
2033-03-21,12.31,7.84,117.44,319.22,92,99.2,2.79,1.603
2033-03-22,12.32,6.63,141.14,302.01,94.2,100,0.28,1.284
2033-03-23,10.97,6.61,104.09,323.15,96.1,100.5,1.43,0.694
2033-03-24,11.15,6.58,98.02,323.21,93,101.5,1.06,0.682
2033-03-25,10.13,6.27,86.69,325.65,97.2,101.8,0.14,1.4
2033-03-26,8.02,4.61,91.7,314.7,92,101.7,0.76,3.935
2033-03-27,7.23,4.08,110.77,305.94,88.9,101.4,0.27,5.77
2033-03-28,6.82,4.91,49.28,319.16,86.1,100.5,5.18,8.667
2033-03-29,5.27,3.43,98.25,297.55,73.7,101.4,0.16,4.745
2033-03-30,6.29,3.02,159.92,279.82,66,101.9,0.08,4.606
2033-03-31,7.2,1.91,125.43,277.11,73.8,101.7,0.2,1.326
2033-04-01,9.11,2.3,106.41,294.24,79.6,101.4,0.55,1.889
2033-04-02,8.86,2.88,128.56,284.39,85,101.4,2.23,0.963
2033-04-03,8.1,0.42,157.68,263.71,86.3,101.5,0.2,2.693
2033-04-04,7.21,3.24,107.08,295.4,79.8,101.2,0.21,2.246
2033-04-05,7.58,2.22,152.95,272.04,80.5,101.1,0.1,3.328
2033-04-06,8.66,4.86,87.66,312.28,74.1,100.6,0.72,10.261
2033-04-07,9.83,6.02,62.53,315.64,93.4,100.1,20.65,3.963
2033-04-08,10.92,5.78,196.29,287.39,92.2,100.1,0.26,4.457
2033-04-09,12.13,5.18,225.91,271.78,86.4,99.7,0.02,1.092
2033-04-10,11.07,5.35,142.26,308.82,92.1,99.5,7.92,3.706
2033-04-11,12.12,8.31,131.82,318.17,90.1,99.6,10.44,1.553
2033-04-12,10.03,5.6,113.9,312.37,87.7,100.2,5.03,2.033
2033-04-13,7.76,4.18,140.78,291.66,65.5,100.1,0.25,3.325
2033-04-14,9.72,2.74,172.24,291.76,67.2,100.4,0.33,4.098
2033-04-15,13.51,5.18,121.08,312.71,80.1,99.2,7.95,4.698
2033-04-16,10.21,4.59,139.78,283.53,83.8,98.2,3.54,3.359
2033-04-17,9.53,3.52,130.24,291.72,77.6,98.6,0.94,1.359
2033-04-18,8.77,3.88,122.7,303.6,89.3,99.3,3.12,2.719
2033-04-19,9.9,5.63,162.96,303.94,79.4,100.6,0.32,3.914
2033-04-20,8.35,5.03,127.56,307.31,69.9,101.5,0.39,3.983
2033-04-21,6.63,4.89,87.55,309.44,80.6,101.7,2.68,5.322
2033-04-22,8.65,4.71,169.3,296.35,67.6,101.8,0.31,5.396
2033-04-23,8.89,4.45,144.5,294.07,75.4,101.7,0.56,1.536
2033-04-24,9.62,4.11,142.54,295.78,82.4,101.8,0.6,1.101
2033-04-25,9.8,5.11,131.41,308.01,82.7,101.8,1.4,1.812
2033-04-26,10.44,4.92,191.82,291.51,70.5,101.9,0.2,1.345
2033-04-27,8.72,3.22,152.15,285.29,70.8,102,1.1,2.936
2033-04-28,9.49,3.98,166.1,281.4,69.9,102.2,0.09,1.771
2033-04-29,9.21,2.27,137.65,293.92,77.4,101.6,6.43,1.579
2033-04-30,14.57,7.36,151.22,327.31,86.4,101.3,1.45,1.609
2033-05-01,18.96,7.68,198.65,324.41,78.6,101.3,0.23,4.712
2033-05-02,14.68,7.07,172.04,308.51,66.9,101,1.05,5.599
2033-05-03,10.96,7.23,116.83,311.44,67.2,100.9,0.36,4.339
2033-05-04,10.65,5.07,153.85,315.04,82.6,99.4,19.33,1.656
2033-05-05,9.81,3.83,145.56,290.9,74.4,100.1,0.7,1.61
2033-05-06,11.22,3.5,196.75,286.31,81.9,101.7,3.11,1.468
2033-05-07,11.16,4.8,217.72,277.57,73,102.9,0.16,1.947
2033-05-08,10.66,5.32,248.49,282.49,74,102.8,0.1,3.319
2033-05-09,12.6,4.96,237.8,288.57,77.9,102.2,0.01,3.452
2033-05-10,13.04,9.28,193.44,319.74,83.8,101.7,0.05,3.575
2033-05-11,15.23,9.81,294.74,309.54,83.6,101.5,2.69,4.532
2033-05-12,17.85,10.49,244.13,320.47,88.8,101.3,4.11,2.528
2033-05-13,19.35,10.01,267.28,329.83,88.1,101.2,0.51,3.7
2033-05-14,20.43,12.97,262.74,328.01,78.3,100.8,0.43,2.472
2033-05-15,17.42,12.16,271.79,312.65,80.1,101.1,0,1.785
2033-05-16,16.78,9.82,270.26,309.59,85.3,101.2,0,0.85
2033-05-17,16.99,8.99,171,336.02,87.9,101.4,2.07,1.707
2033-05-18,12.98,8.97,241.27,301.09,64.4,102.1,0.06,2.217
2033-05-19,13.44,8.71,182.59,313.07,69.7,102,0,2.282
2033-05-20,11.52,7.13,150,312.6,73.3,101.4,3.16,2.995
2033-05-21,12.09,5.35,224.45,296.39,82.5,101.4,1.74,4.501
2033-05-22,15.28,5.53,316.72,275.63,80,101.7,0,5.301
2033-05-23,17.56,10.07,297.72,315.29,88.1,101.6,0.27,4.674
2033-05-24,14.56,10.17,94.1,339.2,95.8,101.3,24.5,3.496
2033-05-25,15.85,9.14,194.53,334.86,92.7,101,6.37,1.114
2033-05-26,14.68,7.37,226.65,309.85,82.8,101,0.17,1.206
2033-05-27,11.72,6.63,187.54,309.95,83.1,100.8,0.05,3.409
2033-05-28,12.88,9.05,271.44,306.33,81,100.7,0.1,3.41
2033-05-29,13.78,9.24,229.23,318.97,86.5,101,0.12,3.629
2033-05-30,15.54,9.38,216.21,328.35,93.9,101.6,10.83,2.582
2033-05-31,16.62,9.24,266.77,314.45,90.4,102.1,5.49,1.635
2033-06-01,17.71,9.09,318.18,300.55,86.8,102.6,0.15,0.971
2033-06-02,20.19,11.37,338.81,294.79,77.3,102.7,0,1.619
2033-06-03,19.15,13.46,269.98,317.77,74.8,102.4,0,4.375
2033-06-04,19.03,12.89,324.5,306.27,81.7,101.7,0,3.031
2033-06-05,17.84,11.82,146.09,344.24,87.1,100.9,3.35,1.317
2033-06-06,21.76,11.4,260.16,335.58,78.4,101.3,0.13,1.936
2033-06-07,21.46,12.66,342.95,307.51,74.7,101.4,0,1.442
2033-06-08,23.76,16.29,315.66,342.87,74.5,101.2,0.95,1.331
2033-06-09,22,14.81,290.94,332.88,71.6,101.2,4.12,2.785
2033-06-10,21.57,13.61,252.11,332.9,75,101.4,0.17,3.304
2033-06-11,21.26,14.75,311.69,324.02,73.3,101.7,0.11,1.743
2033-06-12,24.5,14.97,321.5,332.06,76,101.2,0.1,1.17
2033-06-13,21.35,14.33,268.29,327.05,75.5,101,3.78,3.076
2033-06-14,20.5,12.73,282.99,309.98,69.9,101.4,2.76,4.413
2033-06-15,20.45,11.72,240.24,320.49,66.6,101.6,0.44,4.025
2033-06-16,20.02,12.98,232.26,332.25,75.2,101,7.88,4.308
2033-06-17,20.29,12.76,218.09,338.77,69.9,101,0.58,3.874
2033-06-18,23.72,11.99,312.07,326.88,69.5,101.2,0,4.586
2033-06-19,24.94,14.6,273.4,343.95,74.2,101.2,0.01,3.284
2033-06-20,25.04,15.61,290.74,346.8,69.3,101.4,0.09,5.103
2033-06-21,25.5,17.68,223.42,371.73,71.4,101.7,0.67,5.471
2033-06-22,25.6,17.13,288.88,351.15,77.1,102.7,0,0.935
2033-06-23,26.46,16.86,324.93,348.56,81.9,103,0.44,1.378
2033-06-24,21.8,16.35,322.78,324.79,87,102.8,0.06,4.473
2033-06-25,22.72,16.24,353.53,306.72,84.5,102.7,0,3.885
2033-06-26,30.07,15.81,353.33,336.54,69.6,102.7,0,1.413
2033-06-27,28.88,15.12,342.93,325.87,62.4,102.6,0,2.176
2033-06-28,30.64,18.98,352.52,340.99,67.8,101.7,0,1.401
2033-06-29,32.89,18.32,292.39,372,67.8,101,6.56,1.433
2033-06-30,21.77,14.41,291.23,319.83,71.8,101.1,0.37,1.753
2033-07-01,22.97,13.96,274.7,328.68,62.8,101.2,0.78,2.167
2033-07-02,24.68,14.24,272.84,328.15,56.6,101.6,0,5.527
2033-07-03,25.52,15.28,276.97,333.65,62.9,101.6,0,3.942
2033-07-04,21.31,12.14,269.82,308.86,74.8,101.6,0.06,0.595
2033-07-05,23.42,14.13,311.26,316.1,71.3,101.7,0,0.481
2033-07-06,24.68,16.03,278.01,345.19,79.1,101.9,4.88,0.35
2033-07-07,25.32,16.75,306.48,338.83,75.5,102.2,0.15,1.519
2033-07-08,26.71,16.29,327.9,334.93,73.6,102,0.14,0.818
2033-07-09,26.87,16.63,329.19,338,76.5,101.6,0.53,2.188
2033-07-10,22.45,16.66,188.88,363.44,85.3,101.6,1.93,2.889
2033-07-11,28.69,15.63,315.56,344.62,63.4,101.3,0,3.009
2033-07-12,25.68,18.38,344.04,326.3,67.5,101.7,0,1.044
2033-07-13,27.69,16.99,296.05,345.25,73.3,101.7,0.2,1.157
2033-07-14,23.48,14.81,244.29,342.44,72.4,101.8,0.37,3.018
2033-07-15,26.39,13.11,272.25,332.52,67.9,101.8,0.44,0.471
2033-07-16,28.24,18.68,224.84,369.82,64.5,101.6,0.2,0.733
2033-07-17,28.3,18.05,297.6,353.85,73.2,101.2,0.26,1.985
2033-07-18,29.28,18.64,286.53,349.98,56.7,101.1,0.05,3.194
2033-07-19,27.97,16.19,265.7,348.86,61.1,101.3,0.31,2.75
2033-07-20,29.24,18.62,285.22,365.44,68.9,100.9,0.71,3.343
2033-07-21,23.82,14.95,255.43,337.21,65.3,100.2,4.35,5.356
2033-07-22,21.22,12.99,238.55,309.07,59.6,101,2.32,5.055
2033-07-23,23.69,11.81,255.25,321.81,58.8,101.1,0,4.398
2033-07-24,21.45,15.99,117.23,354.89,74.4,100.1,6,5.207
2033-07-25,21.11,13.31,184.78,328.53,62.2,100.7,1.37,5.78
2033-07-26,20.1,11.75,219.42,315.15,54.5,101.1,0.05,4.284
2033-07-27,22.23,13.62,125.76,357.64,79.2,99.9,8.05,4.915
2033-07-28,20.8,12.9,236.93,314.48,60.9,100.5,0.02,4.634
2033-07-29,23.2,11.91,270.59,320.99,64.7,100.6,2.65,3.15
2033-07-30,23.16,14.2,208.2,330.87,59.6,100.5,0.06,3.85
2033-07-31,22.26,13.85,205.59,326.77,62.2,100.3,1.12,3.944
2033-08-01,21.35,13.49,202.94,322.74,64.8,100.2,2.19,4.039
2033-08-02,21.48,12.62,179.92,340.12,79.1,99.6,12.49,1.882
2033-08-03,21.51,16.38,185.67,354.23,78.4,98.4,7.97,6.888
2033-08-04,22.53,14.49,251.33,324.01,63,99.6,0.46,5.938
2033-08-05,20.59,14.15,182.53,352.32,81.1,99.7,12.16,3.301
2033-08-06,21.66,14.71,190.28,341.4,68.7,100.6,0.23,6.503
2033-08-07,21.3,13.34,163.71,343.79,81.4,101,0.23,1.73
2033-08-08,21.36,13.94,213.28,341.23,81.1,100.7,9.38,4.441
2033-08-09,21.84,12.1,249.92,317.84,66.4,101.7,0.03,4.382
2033-08-10,20.77,14.89,183.36,355.72,77.8,101.4,0.25,5.311
2033-08-11,23.73,16.29,136.12,369.74,83.4,100.9,11.27,5.087
2033-08-12,22.33,14.56,197.08,338.52,72.6,101.4,0.07,4.502
2033-08-13,22.79,13.66,241.43,319.94,77,102.3,0.07,0.397
2033-08-14,20.66,14.43,275.15,306.9,79.3,102.8,0,3.411
2033-08-15,23.02,13.4,297.58,295.36,73.8,102.7,0,3.259
2033-08-16,24.14,17.11,289.54,319.41,70.2,102.2,0,5.131
2033-08-17,32.48,19.55,275.25,367.31,63,101.7,0.08,0.692
2033-08-18,23.45,16.67,218.26,346.84,79.9,102,0.27,1.837
2033-08-19,20.61,14.51,192.15,342.11,82.8,101.7,0.12,3.244
2033-08-20,27.45,14.03,252.88,337.35,70.6,101.2,0,1.979
2033-08-21,22.79,14.08,221.3,320.8,74.1,101.4,0.12,1.03
2033-08-22,22.5,12.41,227.37,318.3,80.3,101.5,0,1.019
2033-08-23,26.12,14.02,267.79,315.34,70.8,101.4,0,1.168
2033-08-24,25.03,13.63,264.55,316.82,72.7,101.2,0,1.98
2033-08-25,23.35,16.05,135.21,343.23,79.2,100.8,1.68,2.438
2033-08-26,22.62,13.8,214.37,326,60.6,101,0.18,3.991
2033-08-27,20.93,13.22,157.38,326.83,67.8,101.5,0.08,0.306
2033-08-28,23.01,14.29,225.12,325.35,69.1,101.4,0,4.086
2033-08-29,24,16.09,167.94,347.16,78.7,101.5,2.11,0.936
2033-08-30,22.41,15.24,212.57,332.99,86.7,102,6.54,1.318
2033-08-31,22.71,15.24,187.47,342.89,86.2,102.2,3.54,0.67
2033-09-01,23.01,15.23,162.91,351.54,85.8,102.3,0.55,0.288
2033-09-02,22.47,14.13,208.96,328.97,85,102.4,0.06,1.509
2033-09-03,24.76,14.21,195.66,337.91,80.3,102.1,0.25,0.306
2033-09-04,27.38,16.4,215.53,339.02,67.1,101.6,0,2.053
2033-09-05,26.6,14.95,235.47,328.47,63.3,101.2,0,1.287
2033-09-06,26.28,16.08,180.97,349.96,68.1,101.3,0.06,2.459
2033-09-07,25.74,15.1,218.54,330.59,68.8,101.5,0,2.572
2033-09-08,22.91,16.69,97.81,366.83,86,101.4,9.06,2.662
2033-09-09,23.39,13.15,213.44,312.09,70.5,101.5,0,2.744
2033-09-10,22.23,13.66,113.97,351.58,79.4,100.7,2.95,3.285
2033-09-11,17.76,10.1,153.88,300.34,67.2,101.4,0.09,5.214
2033-09-12,17.65,10.57,132.36,327.21,70.6,102.1,1.53,3.793
2033-09-13,20.34,13.37,177.66,342.65,82.8,101.9,7.51,1.581
2033-09-14,19.86,14.33,161.12,327.06,70.6,102.2,0.19,1.567
2033-09-15,19.34,14.85,144.93,342.02,85.1,101.5,1.46,0.829
2033-09-16,17.99,13.8,133.65,338.57,81.2,101.2,0.26,3.213
2033-09-17,19.93,13.68,160.85,333.46,79.9,101.4,0.42,0.534
2033-09-18,22.61,15.3,169.8,336.3,75.9,101.3,0.42,1.115
2033-09-19,19.89,13.2,140.25,327.79,74.6,101,10.18,3.671
2033-09-20,18.86,13.12,70.82,332.62,82.4,101,5.81,2.83
2033-09-21,19.57,11.81,169.03,306.54,74.6,101.4,0,5.692
2033-09-22,20.82,11.63,156.41,327.81,76.8,102.4,0.01,3.552
2033-09-23,19.7,15.33,62.6,367.8,91,102.6,5.18,2.289
2033-09-24,22.47,16.04,104.11,380.61,85.1,102.8,0.08,2.554
2033-09-25,23.16,17.1,158.37,351.88,82.9,102.5,0,3.698
2033-09-26,24.35,16.15,168.14,345.88,80.5,102,0.08,5.092
2033-09-27,18.04,11.73,163.96,306.9,71.8,102.5,1.03,3.137
2033-09-28,16.64,11.24,132.97,306.43,71.6,103.1,0,1.464
2033-09-29,16.82,10.19,118.36,312.07,73.8,103,0,1.565
2033-09-30,17.8,10.68,119.85,325.2,73.2,102.9,0.04,2.295
2033-10-01,18.52,14.56,151.95,311.65,72.3,103,0,4.38
2033-10-02,20.2,12.85,165.02,299.53,80,102.8,0,1.491
2033-10-03,24.78,13.89,135.95,331.38,74.9,102.5,0,1.995
2033-10-04,22.44,14.86,118.22,342.54,83.4,102,0,4.653
2033-10-05,17.48,11.66,76.17,326.65,78.3,101.7,0.33,1.799
2033-10-06,17.62,10.74,130.57,305.62,69.2,101.2,0,5.187
2033-10-07,17,12.43,124.88,317.03,62.1,99.6,0.94,8.37
2033-10-08,14.2,9.1,120.85,287.52,54.8,100.5,0.06,6.04
2033-10-09,13.69,7.01,118.15,276.86,66.3,101.4,0,5.242
2033-10-10,15.92,8.02,95.81,307.17,85.4,101.7,0.63,4.134
2033-10-11,18.45,10.88,90.38,339.97,85.8,101.7,0.24,5.115
2033-10-12,20.2,15.11,97.6,345.85,79.6,101.6,0.11,5.278
2033-10-13,17.35,10,85.9,328.63,83.7,102.2,0.4,1.861
2033-10-14,16.28,10.15,79.38,322.04,80.3,102.4,0.08,1.799
2033-10-15,14.24,5.98,109.9,291.1,69.3,101.7,0.11,2.228
2033-10-16,16.2,4.74,121,297.22,81.2,101.6,5.56,1.107
2033-10-17,15.51,10.06,122.08,297.68,79.5,102.3,0.26,2.443
2033-10-18,17.97,9.94,88.85,318.38,83.9,102.5,0,3.722
2033-10-19,14.47,7.66,84.48,297.08,72.1,103,0.54,2.422
2033-10-20,13.24,6.5,99.64,283.05,68.1,102.9,0,3.602
2033-10-21,13.69,9.32,51.55,330.41,84.3,101.5,7.7,6.427
2033-10-22,12.08,7.04,76.43,297.54,67.9,101.8,0.28,3.644
2033-10-23,10.88,5.61,78.23,279.31,78,102.4,0.07,3.753
2033-10-24,13.72,5.7,70.84,314.16,78.5,102.1,0.15,4.27
2033-10-25,14.85,6.45,98.45,285.71,86.4,102.5,0,1.755
2033-10-26,14.89,4.2,98.68,282.89,88,102.7,0,0.433
2033-10-27,13.57,11.01,93.26,301.6,77.8,102.3,0.02,4.928
2033-10-28,16.23,11.75,83.95,310.75,81.5,101.7,0,3.093
2033-10-29,18.09,14.83,61.54,355.27,81.8,101.1,0.55,2.159
2033-10-30,18.44,15.03,79.14,344.36,86.9,100.7,6.41,2.796
2033-10-31,17.44,13.57,75.27,333.56,87.5,100.5,4.13,1.671
2033-11-01,16.43,12.1,71.41,322.92,88.2,100.3,1.85,2.383
2033-11-02,14.62,9.58,68.25,308.8,89.5,100.2,0.46,4.371
2033-11-03,11.69,7.54,34.92,316.01,95.8,100.4,10.54,1.719
2033-11-04,10.33,4.66,73.66,281.7,75.1,101.1,2.68,4.149
2033-11-05,9.21,2.04,85.79,251.66,78.7,102.4,0,1.715
2033-11-06,10.28,5.07,56.23,305.72,76.7,101.9,0.19,3.511
2033-11-07,12.55,6.74,53.25,308.59,85.9,101.5,0.06,0.948
2033-11-08,14.21,10.29,56.83,321.72,90.2,100.9,0.05,1.353
2033-11-09,12.19,6.48,73.6,282.63,79.7,100.3,0.05,5.688
2033-11-10,13.45,6.11,52.92,295.23,75.2,100.4,0.05,6.657
2033-11-11,10.27,6.86,36.11,301.68,84.8,100.5,5.81,2.922
2033-11-12,9.47,6.1,53.55,292.15,85.1,99.9,0.53,6.381
2033-11-13,8.13,3.83,73.74,254.58,76.1,100.6,0.54,4.715
2033-11-14,14.43,5.61,53.58,305.84,84.7,99,13.33,6.24
2033-11-15,9.99,5.2,39.19,294.82,87.1,99.3,1.05,4.552
2033-11-16,8.03,2.7,70.24,241.44,80.2,101,0,4.542
2033-11-17,9.58,3,9.51,313.25,93.7,99.8,15.78,1.327
2033-11-18,10.14,5.14,48.46,295.4,87.4,100.8,0.6,1.297
2033-11-19,8.79,2.46,25.19,300.59,87,100.7,10.22,4.876
2033-11-20,6.47,4.54,15.16,313.8,71.7,100.2,17.69,9.812
2033-11-21,6.28,3.15,33.85,278.96,80.5,101.9,0.36,1.196
2033-11-22,10.51,4.06,12.05,321.31,83.9,101.5,7.15,3.357
2033-11-23,11.73,8.43,9.86,348.25,94.2,100.3,13.67,3.357
2033-11-24,11.84,5.41,57.1,272.19,80.2,99.3,1.71,5.186
2033-11-25,8.29,5.38,29.36,307.21,91.7,99,4.34,5.626
2033-11-26,8.75,4.3,49.27,273.28,93.6,100.2,0.06,4.222
2033-11-27,9.94,3.4,34.51,307.67,94.8,100.3,6.82,1.56
2033-11-28,11.39,5.33,24.1,315.35,92.5,98.4,26.79,2.886
2033-11-29,8.12,3.07,25.79,289.57,91.2,99.3,1.55,5.138
2033-11-30,9.52,5.63,45.42,294.09,93.7,100.6,2.02,1.827
2033-12-01,9.45,4.25,50.28,279.11,91.6,100.5,3.08,3.618
2033-12-02,6.45,3.98,29.02,294.25,85.4,100.4,6.91,5.676
2033-12-03,9.09,3.34,5.11,299.77,86.7,99,13.45,2.637
2033-12-04,6.19,0.59,29.51,265.09,93.5,98.9,0.07,1.898
2033-12-05,6.7,-0.75,24.89,287.54,92.7,99.3,1.46,0.873
2033-12-06,6.93,1.76,23.64,295.19,81,100.1,0.05,1.493
2033-12-07,7.08,1,17.76,296.14,87.5,99.7,11.72,1.644
2033-12-08,7.66,3.7,37.61,283.14,85.3,99.1,2.15,6.351
2033-12-09,7.4,1.01,44.56,260.45,91,100,0.62,4.326
2033-12-10,7.59,1.28,6.14,315.61,97.2,99.3,19.97,2.21
2033-12-11,6.11,2.29,28.69,279.56,90.4,100,0.16,4.858
2033-12-12,5.55,1.99,33.1,273.63,95.5,100.8,0.59,3.201
2033-12-13,5.99,1.87,32.52,270.61,91.8,101.5,0.2,4.891
2033-12-14,3.7,-1.34,43.62,238.15,89.1,102.1,0,3.292
2033-12-15,5.61,1.68,5.65,312.35,88.1,100.4,9.76,1.853
2033-12-16,5.98,3.11,13.8,316.11,96.1,99.4,10.08,0.834
2033-12-17,4.26,-2.53,27.58,246.91,87.8,101.1,0.15,4.648
2033-12-18,1.17,-2.59,8.59,258.28,95.4,101.5,0,2.266
2033-12-19,0.74,-2.81,29.9,238.96,87.9,101.8,0,3.025
2033-12-20,7.41,-1.08,2.44,316.22,95,100.6,16.69,3.565
2033-12-21,12.21,7.45,15.99,342.17,94.6,98.9,5.06,5.337
2033-12-22,12.52,7.98,21.61,334.19,94.3,100.5,0.69,3.385
2033-12-23,12.58,10.58,5.8,347.76,96.7,100.1,9.45,2.713
2033-12-24,11.32,9.32,34.84,305.78,87.5,100.3,0.22,5.4
2033-12-25,10.71,6.52,39.4,279.97,87.4,100.7,0.09,5.422
2033-12-26,6.73,1.98,15.82,287.32,84,100.6,0.17,2.068
2033-12-27,4.19,1.94,12.82,294.95,81.8,100.7,6.6,2.46
2033-12-28,2.91,-3.25,39,234.76,88.9,100.3,0.01,2.519
2033-12-29,2.43,-3.86,37.35,237.67,87.4,100.1,0.15,0.547
2033-12-30,4.6,0,34.36,262.77,82.4,100.9,0,1.083
2033-12-31,4.25,-1.1,39.26,247.73,85.9,101.6,0,1.667
2034-01-01,3.89,-2.21,44.18,234.9,89.4,102.3,0,2.216
2034-01-02,4.94,2.13,21.84,294.2,74.8,101.7,1.51,2.19
2034-01-03,4.32,1.93,11.05,311.21,96.3,100.2,6.84,2.125
2034-01-04,7.35,2.53,25.03,311.28,98.1,100.1,0.19,1.544
2034-01-05,9.63,7.31,42.01,304.13,83.5,98.6,7.78,6.124
2034-01-06,8.18,6.28,25.43,299.27,81.7,99,0.13,6.76
2034-01-07,7.36,4.95,32.14,284.42,92.2,100.4,1.25,5.118
2034-01-08,7.19,3.92,30.63,299.31,92.5,101,1.75,0.888
2034-01-09,8.2,3.71,26.17,297.45,84.2,101.4,0.66,3.896
2034-01-10,8.03,0.95,32.99,272.23,81.3,102.4,0.07,3.187
2034-01-11,6.98,4.6,35.76,278.18,79.8,101.7,0,7.978
2034-01-12,7.35,6,21.09,321.18,86.7,101.9,0.08,7.797
2034-01-13,6.01,2.68,53.21,260.89,77.8,103.2,0.04,7.955
2034-01-14,2.73,1.44,40.07,254.62,84.2,104.1,0.08,6.247
2034-01-15,4.96,1.48,55.18,237.87,85.2,104.2,0,5.808
2034-01-16,4.26,-1.8,54.93,233.82,88,103.6,0,4.092
2034-01-17,3.87,-2.17,41.69,270.4,95.6,103.1,0.08,0.685
2034-01-18,5.56,0.4,43.41,279.65,95.8,103,0.06,1.384
2034-01-19,5.41,1.21,39.73,293.63,97.3,103.4,0.04,2.293
2034-01-20,3.51,-0.95,47.59,273.75,94.3,103.2,0.08,1.177
2034-01-21,4.7,0.93,39.22,291.99,86.5,102.8,0.01,0.5
2034-01-22,4.84,1.94,30.33,297.52,85.4,102.7,0.05,4.303
2034-01-23,9.88,3.66,25.7,326.16,93.9,101.9,5.22,5.841
2034-01-24,11.82,8.62,25.55,340.95,92.7,101.3,1,4.744
2034-01-25,10.74,7.96,45.09,302.14,90.2,101.1,0.77,5.081
2034-01-26,12.63,5.73,40.63,315.16,89.3,101.1,1.6,3.504
2034-01-27,11.98,6.23,56.83,308.85,85.9,100.6,6.16,4.233
2034-01-28,12.31,6.84,15.4,340.86,95.2,100.5,4.08,1.594
2034-01-29,11.36,7.16,67.37,291.99,79.9,100.3,3.5,4.219
2034-01-30,9.28,5.98,61.64,286.28,79.2,101.9,0.08,5.084
2034-01-31,11.56,8.05,45.17,306.41,89.1,102.6,0.06,3.773
2034-02-01,10.56,8.21,45.86,312.7,85.1,101.9,0.03,2.815
2034-02-02,9.78,3.53,27.12,293.95,90.9,101.5,2.24,3.311
2034-02-03,8.92,2.03,54.89,284.31,83,102,0.86,2.537
2034-02-04,9.71,6.95,66.56,299.43,83.1,100.9,4.72,4.298
2034-02-05,10.08,6.09,37.21,298.55,83.8,101,0.08,2.823
2034-02-06,9.93,8.43,24.6,308.91,86.7,100.1,1.23,2.368
2034-02-07,9.27,6.27,31.75,314.51,93.7,98.8,16.45,1.726
2034-02-08,7.63,4.57,49.68,272.98,83.3,99.1,0.57,6.212
2034-02-09,7.85,2.06,69.37,271.8,80.6,100,0,3.844
2034-02-10,7.2,0.81,65.12,284.13,88.3,101.3,4.97,1.961
2034-02-11,10.25,5.69,42.12,304.24,92.5,100.7,21.32,3.438
2034-02-12,12.91,4.05,30.26,310.19,92.8,100.8,4.55,3.84
2034-02-13,11.47,8.54,48.82,320.92,81.8,100.7,5.4,5.678
2034-02-14,13.81,6.08,40.76,317.86,90,100.4,7.89,3.299
2034-02-15,8.96,3.92,75.02,293.07,86.3,101.1,21.88,2.461
2034-02-16,7.4,1.89,50.27,295.8,73.2,102.9,3.7,1.339
2034-02-17,8.8,4.77,78,286.77,84.6,102.1,1.08,4.944
2034-02-18,9.11,3.37,65.29,284.31,80.8,103,0.1,6.086
2034-02-19,8.3,5.26,50.59,308.84,87.4,103.2,0.88,2.714
2034-02-20,9.22,5.48,55.73,323.55,96.1,103.2,0.52,0.643
2034-02-21,13.61,7.42,60.76,325.29,90.2,103.4,0.2,3.176
2034-02-22,13.87,8.05,90.1,311.45,84.2,103.7,0.1,4.359
2034-02-23,12.93,7.16,87.61,319.48,84.2,103.2,0.81,5.21
2034-02-24,8.6,5.49,63.85,306.45,75.6,103.9,0.11,3.474
2034-02-25,10.51,4.67,75.49,315.02,82.9,103.2,0.65,2.91
2034-02-26,10.67,5.24,73.45,307.48,84.7,103.1,0.22,1.641
2034-02-27,9.58,5.7,84.77,310.61,87.2,103.1,0.08,1.061
2034-02-28,12.22,6.65,94.88,318.71,89.4,102.5,0.11,1.411
2034-03-01,13.98,7.87,122.93,294.44,86.2,102.6,0,2.333
2034-03-02,13.48,6.23,108.18,292.63,91.8,102.9,0.04,1.182
2034-03-03,12.99,8.35,145.92,275.15,87,102.5,0,1.957
2034-03-04,12.95,8.51,143.89,280.3,84.4,102,0,2.645
2034-03-05,12.49,7.93,115.6,302.18,79,102,7.97,3.213
2034-03-06,13.41,8.4,45.58,321.18,77.4,101.2,3.37,3.385
2034-03-07,12.16,7.96,120.93,290.02,65,101.8,0.78,6.274
2034-03-08,10.06,4.76,139.11,271.83,69.3,102.1,0.88,4.997
2034-03-09,9.73,4.1,50.71,305.29,79,100.7,7.71,4.002
2034-03-10,11.01,7.21,69.21,311.52,85.1,99.7,4.71,4.107
2034-03-11,11.88,6.63,144.22,274.52,66.2,100.7,0,5.157
2034-03-12,13.2,5.23,18.2,329.44,90.7,100.4,24.96,1.355
2034-03-13,10.91,3.43,156.01,275.55,66.8,101.2,0,5.567
2034-03-14,13.95,8.95,79.22,343.76,84.9,100.4,4.08,5.526
2034-03-15,12.06,7.48,124.07,286.02,64.9,101.4,0.05,5.53
2034-03-16,14.2,5.94,49.5,322.74,86.3,101.2,10.26,1.635
2034-03-17,8.95,3.33,74.33,287.2,83.4,101.8,0.04,0.501
2034-03-18,9.25,0.91,134.6,262.48,81.7,101.4,0.04,1.843
2034-03-19,10.1,6.08,85.62,313.68,84.6,99.7,3.09,6.533
2034-03-20,10.75,8.14,52.69,333.55,95.9,99.4,22.92,1.929
2034-03-21,10.22,6.68,97.41,298.11,89.4,98.8,1.83,1.536
2034-03-22,10.84,5.28,103.82,292.13,80.1,99.2,1.35,3.164
2034-03-23,9.73,3.95,61.68,292.71,86,99.7,6.6,1.727
2034-03-24,9.76,3.52,155.18,274.77,72.9,99.8,1.11,1.461
2034-03-25,10.89,3.92,116.48,292.06,83.1,99.3,3.3,1.587
2034-03-26,11.21,2.61,144.38,281.13,75.4,99.8,0.28,1.056
2034-03-27,11.8,6.7,107.77,314.05,86.2,98.6,15.17,2.018
2034-03-28,11.86,6.62,111.52,303.62,84.8,98.6,6.65,2.155
2034-03-29,10.9,5.5,155.4,284.8,69.5,98.3,0.33,5.678
2034-03-30,9.06,4.76,37.16,301.78,88.5,98.3,18.67,1.834
2034-03-31,11.48,5.37,132.22,312.88,88.6,98.3,5.57,3.25
2034-04-01,8.82,4.63,115.21,299.44,69.6,100.9,0.79,2.563
2034-04-02,10.23,4.06,112.5,294.31,80.9,101.4,1.15,2.151
2034-04-03,13.52,2.12,206.37,279.4,79.7,101.4,1.27,1.787
2034-04-04,11.39,5.73,152.8,307.42,86,101.5,3.89,1.376
2034-04-05,8.89,4.94,79.44,305.96,89.4,102.6,3.1,1.394
2034-04-06,9.36,3.53,137.62,285.45,69.8,102.9,0.31,2.216
2034-04-07,8.16,3.41,112.83,294.01,73.9,102.7,0.39,1.464
2034-04-08,9.33,3.8,131.12,295.9,74.8,102.2,0.32,0.593
2034-04-09,10.84,2.15,140.82,287.6,73.4,101.9,0.17,0.471
2034-04-10,9.59,5.8,154.02,291.97,69.1,101.4,1.71,6.085
2034-04-11,9.91,7.85,229.1,264.79,50,101.7,0,7.651
2034-04-12,9.62,6.68,243.57,254.47,61.2,101.4,0,4.136
2034-04-13,14.02,6.71,234.5,282.56,72.2,101,0,2.727
2034-04-14,15.46,5.77,186.51,288.93,81.9,100.7,0.06,1.135
2034-04-15,13.97,6.08,245.22,269.39,82.7,100.6,0.05,0.638
2034-04-16,13.17,7.85,186.97,311.27,91,100.6,2.83,2.899
2034-04-17,14.15,7.04,191.62,295.45,85.9,100.6,2.01,1.058
2034-04-18,12.83,6.55,178.56,311.2,73.3,100.3,8.37,4.34
2034-04-19,12.16,5.92,191.43,279.36,72.1,100,1.53,5.284
2034-04-20,13.73,5.77,156.08,295.08,79.4,100.7,0.06,1.46
2034-04-21,16.83,8.46,152.56,313.43,77.1,100.1,2.02,1.903
2034-04-22,14.22,7.26,185.19,292.07,68.4,101.1,0.46,3.752
2034-04-23,16.3,8.35,86.34,340.36,89.5,100.9,5.64,3.094
2034-04-24,14.18,9.7,88.46,340.06,91.1,100.7,9.18,3.286
2034-04-25,13.51,8.27,192.68,284.14,78.5,100.5,3.34,3.892
2034-04-26,15.29,8.05,182.12,298.18,69.2,100.9,0.3,4.573
2034-04-27,13.21,7.77,85.8,321.55,92,100.3,13.42,1.626
2034-04-28,14.33,6.69,177.23,304.27,85.2,99.9,11.41,4.398
2034-04-29,12.41,4.72,212.34,270.65,59.9,101.7,0,4.249
2034-04-30,12.1,5.54,183.57,292.83,69.3,103.1,0.14,0.739
2034-05-01,14.26,8.03,285.24,270.73,68.1,103.1,0,1.847
2034-05-02,16.53,7.88,297.18,274.45,79.3,102.2,0,3.808
2034-05-03,20.67,13.42,220.96,330.55,81.9,101.1,0.21,2.105
2034-05-04,21.51,11.51,258.25,311.56,77.6,101,1.06,1.545
2034-05-05,16.92,11.02,271.96,295.32,63.2,101.8,0,3.485
2034-05-06,17.55,8.8,211.73,310.78,76.7,101.1,1.01,0.933
2034-05-07,14.5,7.06,181.64,289.64,67.3,101.1,0.07,1.526
2034-05-08,14.9,6.11,207.64,290.97,74.9,100.5,0.12,0.84
2034-05-09,15.15,8.48,229.97,285.12,74,100.5,1.91,2.471
2034-05-10,14.13,7.2,155.39,301.57,84.4,101.2,2.39,0.739
2034-05-11,15.46,6.42,202.27,299.9,79.2,102.1,0.28,3.312
2034-05-12,11.17,8.47,186.63,314.27,63.7,102.5,0.1,7.064
2034-05-13,13.23,9.23,257.43,296.54,67.3,102.3,0.06,9.676
2034-05-14,18.31,12.35,309.63,302.67,64.9,101.6,4.65,8.954
2034-05-15,17.64,12.9,304.72,315.41,74.3,101.2,1.19,3.473
2034-05-16,18.39,13.57,269.02,319.98,71.5,100.9,0.04,5.929
2034-05-17,18.9,14.73,231.92,331.06,76,101.7,0.07,5.84
2034-05-18,17.24,11.99,332.71,277.16,62.4,102.7,0,5.078
2034-05-19,19.67,10.25,334.51,276.39,65.9,102.7,0,3.127
2034-05-20,20.86,10.32,333.46,284.82,70,101.9,0,2.861
2034-05-21,23.86,10.28,324.12,299.88,73.8,101.1,0,1.725
2034-05-22,22.18,13.03,279.32,324.19,74.3,100.5,0.06,2.907
2034-05-23,20.39,14.61,253.77,327.53,81.6,100.5,0.18,1.381
2034-05-24,22.35,15.68,256.28,349.15,81.1,100.7,5.42,5.279
2034-05-25,23.14,15.46,316.88,335.92,80.1,101.4,6.11,2.147
2034-05-26,19.96,15.17,321.31,318.98,82.4,101.7,0,6.713
2034-05-27,20.81,15.3,323.63,317.77,72.5,101.3,0.37,7.515
2034-05-28,18.07,14.66,312.05,298.6,71.4,100.8,0,7.963
2034-05-29,18.31,12.67,302.17,302.97,73.3,100.8,0.09,4.93
2034-05-30,19.98,12.26,320.95,307.06,67,101.4,0.04,2.356
2034-05-31,18.73,12.26,282.34,316.12,74.9,101.5,0.53,3.406
2034-06-01,17.49,12.27,244.15,325.23,82.8,101.6,1.02,4.402
2034-06-02,19,13.46,217.62,354.41,87.9,101.1,2.43,3.303
2034-06-03,20.55,15.1,204.23,349.56,88.7,101.1,3.08,0.395
2034-06-04,23.18,16.03,228.8,357.04,86,101.1,4.75,2.552
2034-06-05,21.98,16.51,312.95,338.09,84.1,100.9,0.92,2.81
2034-06-06,20,15.16,208.38,355.04,91.5,101.4,15.18,1.289
2034-06-07,17.42,13.53,132.02,357.97,86.9,102.1,1.21,2.471
2034-06-08,18.07,11.54,208.63,331.26,80.8,102.4,0.41,1.685
2034-06-09,19.26,10.59,244.52,319.96,79.7,102.1,0.04,1.54
2034-06-10,18.59,11.43,204.97,328.35,81.3,101.8,0.25,1.214
2034-06-11,16.05,10.87,247.44,315.24,68.7,102.2,0.04,1.977
2034-06-12,15.19,11.01,234.8,323.27,64.6,102.1,0.07,2.937
2034-06-13,15.94,11.17,230.5,324.61,68.6,101.6,0.03,2.717
2034-06-14,16.16,12.73,210.37,335.66,66.6,101.4,0.16,5.583
2034-06-15,15.95,11.8,199.85,339.5,74.5,101.5,1.51,5.618
2034-06-16,19.68,13.2,221.97,338.5,82.2,101.3,2.48,1.078
2034-06-17,20.41,13.47,271.72,317.14,66.2,101.4,0.05,4.925
2034-06-18,19.27,11.64,225.92,317.19,70.3,102.3,0.18,1.657
2034-06-19,24.22,14.13,309.56,335.31,60.1,102.2,0,2.606
2034-06-20,23.25,14.89,213.46,354.84,74.1,101.9,0.14,2.284
2034-06-21,25.11,15.7,270.93,343.27,74.5,101.7,0,0.483
2034-06-22,21.72,16.15,293.3,335.56,89.1,101.8,0,2.931
2034-06-23,28.48,15.37,346.61,331.67,71.2,101.6,0,0.704
2034-06-24,22.31,15.11,280.61,334.79,72.1,101.9,0.01,2.244
2034-06-25,19.62,13.67,249.73,323.92,77.1,101.9,0,2.919
2034-06-26,20.32,12.7,307.66,309.3,78,101.9,0,2.313
2034-06-27,22.7,13.69,305.39,326.97,81,102.2,0.11,1.573
2034-06-28,26.64,14.2,305,342,77.1,102.6,0,2.011
2034-06-29,23.65,16.47,348.38,316.37,78.2,102.6,0,3.635
2034-06-30,26.15,16.94,341.94,334.17,80.3,102.2,0,2.94
2034-07-01,27.53,17.05,339.93,338.79,74.1,102.1,0.07,2.319
2034-07-02,29.13,16.29,337.65,333.85,70.8,102.1,0.08,3.153
2034-07-03,35.07,19.85,313.81,364.19,48.6,101.6,0.07,0.636
2034-07-04,27.11,19.08,339.41,330.43,74.5,101.5,0,2.133
2034-07-05,28.4,17.37,336.95,333.99,60.1,101.1,0,2.41
2034-07-06,22.8,14.41,200.84,344.3,67,101.5,0.44,1.387
2034-07-07,22.87,12.75,250.25,319.61,67.7,102.3,0.04,0.544
2034-07-08,29.83,15.82,334.33,345.85,54.4,102.1,0,3.715
2034-07-09,23.15,11.27,322.19,307.2,61.5,102.4,0.01,1.739
2034-07-10,21.8,10.94,335.57,289.36,65.4,102.6,0,1.133
2034-07-11,22.79,10.34,308.23,300.63,66.4,102.2,0.05,0.982
2034-07-12,22.5,9.35,291.77,305.28,65.5,101.7,0,0.992
2034-07-13,25.35,16.4,304.63,324.67,51.3,100.7,0.02,3.579
2034-07-14,21.99,14.34,279.91,314.76,69.4,101.1,0.87,0.36
2034-07-15,23.95,11.61,267.4,327.22,77.7,101.5,0.46,2.402
2034-07-16,23.66,16.38,293.4,318.86,71.8,101.1,0,2.644
2034-07-17,25.22,15.73,225.69,334.26,50.8,100.6,0.22,2.963
2034-07-18,23.4,14.95,201.83,340.17,61.7,100.9,2.62,3.769
2034-07-19,21.79,12.87,181.72,335.23,65.3,101.6,1.15,2.298
2034-07-20,23.28,13.68,159.78,353.24,76.1,102,2.27,2.255
2034-07-21,24.41,17.55,143.57,382.82,82,102.2,1.05,2.001
2034-07-22,31.01,17.79,283.95,359.22,72.2,102.3,0.15,0.96
2034-07-23,27,18.94,257.01,356.36,77.5,102,0.85,0.577
2034-07-24,29.12,17.73,236.71,365.08,79.4,101.6,7.3,0.443
2034-07-25,23.78,15.52,251.52,336.62,76.8,101.9,0.44,2.867
2034-07-26,25.18,14.79,275.31,334.23,67.6,101.7,0.02,1.06
2034-07-27,30.4,17.17,281.92,356.65,61.2,101.4,0.31,5.088
2034-07-28,28.19,16.63,244.88,343.97,61.9,101.6,0.04,4.147
2034-07-29,22.09,13.28,240.65,323.9,66.1,102,0.14,2.203
2034-07-30,21.7,12.41,280.2,302.03,70.7,102.7,0,3.005
2034-07-31,21.89,13.29,293.6,303.73,70.5,102.6,0,3.439
2034-08-01,22.09,14.17,307.12,305.55,70.4,102.5,0,3.907
2034-08-02,22.94,13.72,314.39,304.09,68.7,102.2,0,4.095
2034-08-03,24.79,16.51,312.98,309.64,71.9,101.7,0,4.08
2034-08-04,29.68,15.31,312.78,318.1,64.2,101.1,0,1.538
2034-08-05,29.34,18.67,253.66,353.88,67,101.2,0.1,0.695
2034-08-06,29.64,20.41,298.13,353.96,70,100.9,0,1.141
2034-08-07,24.94,15.28,250.27,325.31,56.8,100.9,0.06,2.47
2034-08-08,22.52,12.15,188.31,327.6,58.1,100.8,1.1,2.329
2034-08-09,22.19,10.57,208.79,311.12,65.6,101.1,1.59,2.363
2034-08-10,20.83,11.79,175.69,320.45,72,101.8,0.75,0.762
2034-08-11,22.04,10.17,235.5,314.16,75.6,102.1,5.65,0.812
2034-08-12,27.71,13.17,244.87,334.62,57.9,102.3,0.04,2.183
2034-08-13,27.33,15.82,273.04,330.62,65.2,102.2,0,0.868
2034-08-14,28.28,16.64,192.02,362.28,70.3,102.1,0.3,1.6
2034-08-15,25.27,14.12,270.25,325.3,75.4,102.3,0,0.637
2034-08-16,31.6,18.36,256.74,356.87,61.5,101.7,0.3,2.203
2034-08-17,23.11,15.13,195.09,326.96,57.4,101.7,0.03,3.452
2034-08-18,22.72,13.61,203.32,316.77,63.6,102,0.03,0.969
2034-08-19,27.45,12.65,232.84,335.52,59.2,101.8,0,3.768
2034-08-20,28.47,15.63,228.84,346.38,61.3,101.6,0.06,3.023
2034-08-21,25.77,14.35,206.91,331.34,67.9,101.8,0.01,0.848
2034-08-22,22.52,11.5,244.94,309.83,69,101.9,0,3.908
2034-08-23,20.98,14.03,138.36,346.7,76.3,101.2,10.97,3.448
2034-08-24,21.9,13.3,146.3,338.39,61.4,101.1,0.08,1.78
2034-08-25,22.07,14.82,131.81,353.39,72.2,100.7,9.22,2.329
2034-08-26,23.41,16.83,132.96,375.15,84.6,100.4,4.55,0.429
2034-08-27,21.98,15.24,214.64,323.04,58.5,100.9,0.1,6.329
2034-08-28,22.16,12.89,214.32,306.92,59.4,101.7,0.02,4.517
2034-08-29,23.9,11.21,254.74,303.17,65.2,101.6,0.09,1.146
2034-08-30,23.75,14.77,186.42,336.95,71.2,100.6,1.6,4.615
2034-08-31,22.51,14.29,189.72,329.1,71.2,100.9,0.81,4.301
2034-09-01,21.26,13.81,193.03,320.12,71.3,101.1,0,4.088
2034-09-02,23.2,12.21,236.21,312.08,69.8,101.5,0,1.142
2034-09-03,24.89,14.91,242.09,319.51,69.9,101.1,0,1.527
2034-09-04,25.92,16.9,195.33,337.66,66.8,100.7,1.17,4.288
2034-09-05,24.07,15.61,165.55,340.63,64.8,101.5,0,3.654
2034-09-06,26.3,17.57,142.46,365.22,67.9,101,0.74,3.941
2034-09-07,21.63,14.66,178.13,320.71,64.6,100.8,0.67,5.5
2034-09-08,18.92,13.91,144.57,327.3,73.3,101.5,0.43,4.836
2034-09-09,19.34,12.41,167.12,311.23,68.7,101.8,0.07,2.987
2034-09-10,20.72,11.47,183.39,312.62,66.4,101.8,0.01,2.552
2034-09-11,20.79,11.4,145.94,322.52,71.5,101.6,0.3,1.285
2034-09-12,22.54,10.76,173.75,317.14,67.6,101.8,0.08,2.616
2034-09-13,26.51,13.9,189.65,336.39,64.3,101.8,0,4.529
2034-09-14,25.46,13.57,106.99,362.35,77.9,101.3,18.53,4.581
2034-09-15,19.36,10.76,200.34,292.86,73.6,102.2,0,1.798
2034-09-16,20.22,12.44,164.19,333.08,71.5,102.4,0.09,0.909
2034-09-17,23.7,16.07,190.94,332.4,71.7,102.2,0,1.544
2034-09-18,29.03,16.36,160.26,360.3,69.6,101.7,0.08,0.951
2034-09-19,25.85,17.14,163.57,346.09,74.4,101.9,0,2.924
2034-09-20,21.68,14.74,144.45,336.95,75.6,102.3,0.07,0.74
2034-09-21,19.66,13.13,161.62,315.39,77,102.3,0,2.853
2034-09-22,20.05,14.25,180.9,318.27,81.8,101.8,0,3.693
2034-09-23,25.83,14.36,160.22,348.36,80,101.8,0,2.389
2034-09-24,24.97,16.61,162.93,352.51,80.5,102.1,0.2,1.105
2034-09-25,27.68,17.2,166.9,347.3,71.7,101.8,0.43,2.112
2034-09-26,19.07,13.28,111.26,318.95,71.3,102.4,0.05,1.25
2034-09-27,17.79,11.96,98.82,324.88,68.4,102.6,0.07,3.953
2034-09-28,21.73,11.94,174.03,311.01,76.5,101.9,0,1.617
2034-09-29,18.2,11.69,143.98,310.51,66.5,102.4,2.06,3.344
2034-09-30,18.15,10.41,123.88,307.49,62.9,103.2,0,1.276
2034-10-01,17.06,12.75,114.44,331.35,66.6,103.1,1,4.596
2034-10-02,17.92,14.13,108.17,339.73,82.6,102.4,0.28,4.797
2034-10-03,19.89,13.66,158.06,310.26,87.2,101.8,0,3.597
2034-10-04,20.96,13.18,147.43,316.29,80.2,100.8,0.04,3.54
2034-10-05,17.11,13.35,63,341.88,91.3,99.5,7.21,0.62
2034-10-06,16.07,13.52,58.92,350.15,78.8,100.1,4.8,9.235
2034-10-07,16.26,13.26,93.26,336.87,69.5,100.2,1.04,7.686
2034-10-08,17.31,12.48,83.35,350.54,86.8,99.7,7.05,0.586
2034-10-09,16.12,11.66,101.27,322.64,81.2,101.2,0.37,5.018
2034-10-10,18.21,11.2,112.69,313.09,84.5,102,1.14,2.391
2034-10-11,18.56,9.75,130,310.77,85.4,102.5,0.37,0.839
2034-10-12,16.75,13.06,49.55,351.05,87.6,102.7,1.39,1.566
2034-10-13,16.22,11.85,112.6,298.32,66.5,103.1,0.29,2.192
2034-10-14,15.46,9.27,83.27,308.87,73.8,102.6,0.05,1.633
2034-10-15,16.42,8.23,76.48,319.04,81.5,101.8,0.03,4.221
2034-10-16,13.8,8.66,87.6,305.39,70.1,101.5,0.87,4.08
2034-10-17,12.38,8.44,76.46,302.96,66.9,102.3,1.07,2.807
2034-10-18,12.43,6.92,72.39,317.47,88.2,102.4,0.92,3.335
2034-10-19,12.96,10.24,58.32,339.81,93.1,102.1,6.33,0.696
2034-10-20,15.16,11.12,75.83,336.55,91.6,102,1.4,1.798
2034-10-21,14.56,9.64,72.86,319.51,87.8,102.1,0.49,2.173
2034-10-22,15,8.53,80.53,312.71,81.6,101.1,0.06,4.43
2034-10-23,11.61,6.21,79.57,299.07,84.1,99.7,4.03,5.718
2034-10-24,9.64,3.5,94.07,254.73,70,100.7,0,5.617
2034-10-25,11.03,2,61.83,290.01,83,100.6,1.95,4.181
2034-10-26,13.24,9.32,77.57,301.5,79.3,99.9,0.45,5.722
2034-10-27,14.78,8.66,56.08,305.8,76.6,100.3,2.57,4.935
2034-10-28,14.07,8.35,32.97,337.7,90.9,100.8,6.51,1.554
2034-10-29,16.18,13.7,71.24,328.74,89.8,101,0,2.166
2034-10-30,17.21,14.27,82.68,328.54,85.7,100.8,0.12,2.09
2034-10-31,17.51,14.6,71.4,339.71,88.5,100.8,0.52,1.97
2034-11-01,17.81,14.93,60.26,351.4,91.3,100.7,0.91,2.158
2034-11-02,15.13,10.29,73.55,309.36,79.5,101.3,0.18,4.022
2034-11-03,14.03,6.94,43.9,297.61,89,102,0,2.528
2034-11-04,14.11,5.73,66.7,300.39,82.4,101.7,0,5.463
2034-11-05,16.38,12.59,19.27,372.36,94.8,99.9,20.19,1.336
2034-11-06,12.7,7.84,82.94,292.82,76.9,101.2,5.65,3.172
2034-11-07,12.19,6.73,57.25,301.06,81.8,102.9,0.06,1.118
2034-11-08,11.78,7.36,56.93,311.9,74.7,103,0.22,2.002
2034-11-09,11.69,7.96,47.42,316.91,84.9,102.3,0.11,2.291
2034-11-10,12.52,8.41,29.31,336.02,91.5,102.2,1.61,1.751
2034-11-11,13.07,5.56,42.27,316.44,91,101.8,2.52,2.365
2034-11-12,13,7.23,60.49,300.37,71.1,101.1,0.23,6.771
2034-11-13,8.05,2.54,72.35,250,69.7,102.6,0,3.969
2034-11-14,8.29,0.94,65.15,261.4,79.2,103,0,1.46
2034-11-15,9.77,4.11,47.91,299.5,79.3,102.3,0.09,2.415
2034-11-16,9.51,6.05,39.95,311.51,84.2,101.8,0.08,2.027
2034-11-17,10.92,7.45,39.68,319.78,83.9,102.3,0.08,5.18
2034-11-18,11.19,8.25,33.45,311.41,90.5,102.3,0.07,5.803
2034-11-19,9.78,7.84,64.65,281.38,81.4,101.8,0,5.782
2034-11-20,9.95,6.38,33.17,307.64,81.8,101.9,0.39,6.635
2034-11-21,7.81,5.45,39.9,310.99,78.8,102.2,5.83,4.294
2034-11-22,6.09,3.57,18.48,310.07,79.6,101.9,7.26,5.621
2034-11-23,8.59,4.85,28.82,321.16,89.1,102.2,4.13,5.538
2034-11-24,8.87,6.7,28.85,312.51,74.6,102.5,1.3,5.929
2034-11-25,8.64,4.79,30.29,295.27,75.2,102.7,0.32,0.883
2034-11-26,8.57,3,32.72,290.22,90.5,102,1.39,3.926
2034-11-27,8.86,5.53,22.46,312.75,88,102.3,0.14,0.837
2034-11-28,7.88,2.89,36.05,297.13,96.2,102.7,0.09,2.254
2034-11-29,8.56,3.81,27.18,301.34,95.5,102.5,0.32,2.383
2034-11-30,6.97,4.21,29.9,299.15,91.6,102.1,0.56,3.193
2034-12-01,8.36,4.59,14.58,291.29,90,101.4,4.67,5.558
2034-12-02,11.36,4.02,15.6,315.38,88.2,101.4,2.04,5.214
2034-12-03,14.91,11.4,22.33,351.56,84,100.1,2.99,7.489
2034-12-04,13.89,4.57,41.49,286.47,79.5,100.6,2.93,5.592
2034-12-05,9.72,3.75,33.28,270.95,78.5,101.6,0.34,7.03
2034-12-06,6.52,1.59,40.03,252.97,87.3,102.7,0,3.293
2034-12-07,7.57,1.6,22.24,304.95,87,102.5,0.11,3.083
2034-12-08,8.99,6.8,23.06,325.16,91.1,101.1,3.67,4.179
2034-12-09,8.92,2.91,22.9,284.59,76.7,99.8,2.43,6.904
2034-12-10,4.9,0.31,44.05,233.09,75.5,100.9,0,5.464
2034-12-11,5.74,0.11,21.84,297.25,93.3,100.9,7.73,0.768
2034-12-12,6.37,0.69,29.03,287.69,89.6,101.7,0.49,3.564
2034-12-13,9.11,4.46,19.7,301.65,90.5,99.8,5.51,5.069
2034-12-14,6.01,2.45,33.2,267.59,82.9,99.3,0,4.873
2034-12-15,4.93,0.54,10.01,278.29,86.1,98.9,8.68,0.786
2034-12-16,4.11,-0.44,35.06,237.13,81.8,100.8,0.04,5.585
2034-12-17,4.87,-3.52,27.13,272.17,89.2,101.2,11.81,1.256
2034-12-18,8.99,3.37,24.15,304.02,95.6,101,4.67,3.653
2034-12-19,10.8,5.78,11.57,322.96,96.6,101.4,1.51,2.253
2034-12-20,11.25,6.37,20.68,322.52,87.3,101.3,3.28,4.55
2034-12-21,8.6,6.63,17.09,331.94,91.7,102.3,5.71,3.873
2034-12-22,6.48,3.54,37.38,271.07,80,102.6,0.04,7.871
2034-12-23,4.56,2.73,40.9,265.12,85.6,102.3,0.09,6.477
2034-12-24,4.08,2.16,21.19,304.14,87.4,102.2,0.51,4.498
2034-12-25,5.19,3.07,22.91,304,92,102.1,0.15,0.737
2034-12-26,4.26,2.24,30.51,278.46,94.1,102.5,0.05,1.957
2034-12-27,7.46,2.88,7.06,306.46,96.2,102,10.31,2.319
2034-12-28,10.36,4.78,19.14,326.57,96.5,102.1,2.09,3.152
2034-12-29,11.02,4.46,30.85,296.66,86.8,101.6,1.28,5.316
2034-12-30,12.36,2.48,9.87,304.91,90,101.3,4.76,4.176
2034-12-31,12.53,5.02,21.86,306.3,80.9,100.6,3.04,6.357
2035-01-01,12.7,7.57,33.99,309.55,71.8,100,1.32,8.562
2035-01-02,8.67,6.27,23.52,304.2,71.9,100.5,1,6.503
2035-01-03,9,6.62,19.58,319.21,79.3,99.4,7.24,8.414
2035-01-04,10.06,4.9,7.06,307.83,86.9,99.6,11.02,3.368
2035-01-05,7.56,4.67,37.34,293.82,74.2,100.5,1.35,6.454
2035-01-06,6.82,0.83,22.93,288.51,86.6,101.8,8.74,1.569
2035-01-07,7.94,5.32,23.74,324.29,96.7,100.1,16.15,1.315
2035-01-08,5.81,2.12,35.46,280.89,97.9,101.1,0.21,2.948
2035-01-09,5.91,2.97,25.63,293.59,91.8,102.2,0.03,2.91
2035-01-10,8.76,3.15,15.62,311.79,88.2,102.1,0.15,3.092
2035-01-11,11.38,8.17,26.3,329.08,86.5,101.9,0,5.976
2035-01-12,12.97,11.11,27.07,341.84,84.7,101.6,0.06,6.421
2035-01-13,12.21,9.89,22.57,333.05,86.5,101.2,0.16,5.292
2035-01-14,11.27,5.12,11.86,325.83,89.5,100.7,10.19,1.851
2035-01-15,8.04,3.5,48.72,270.87,74.9,102.4,0,2.508
2035-01-16,8.51,4.55,24.24,312.24,81.8,102.5,1.47,1.563
2035-01-17,9.22,5.24,45.05,295.51,96.1,102.8,2.2,0.321
2035-01-18,7.99,6.17,29.24,318.41,91.9,102.4,2.83,2.617
2035-01-19,9.12,7.56,22.41,337.01,93.7,101.9,11.14,1.389
2035-01-20,8.19,3.09,29.63,304.34,78,103.7,0.27,4.985
2035-01-21,4.63,2.58,44.25,282.28,79.6,104.3,0.17,7.89
2035-01-22,4.6,-0.42,64.67,235.25,84.5,103.8,0.04,2.543
2035-01-23,5.54,-1.28,62.23,256.62,89.8,103.4,0,1.7
2035-01-24,9.6,4.63,29.14,316.75,91.7,102.1,1.04,4.734
2035-01-25,10.38,5.89,33.84,323.96,89.5,101.4,2.49,2.667
2035-01-26,11.69,6.09,21.74,328.76,92.3,100.6,8.84,4.277
2035-01-27,9.05,5.49,23.16,308.73,92.1,100,6.13,2.874
2035-01-28,5.58,2.93,41.29,292.36,72.6,103.1,0.57,2.991
2035-01-29,5.11,0.01,59.93,248.2,86.7,104.2,0,2.284
2035-01-30,7.61,-0.16,45.29,284.06,85.9,103.5,0.07,3.668
2035-01-31,8.26,5.02,30.81,315.47,89.8,102.8,0.15,3.934
2035-02-01,9.65,5.87,40.96,319.43,91.1,102.1,0.43,4.096
2035-02-02,8.7,7.33,35.84,328.75,90,101.3,0.76,3.225
2035-02-03,9.14,5.6,58.9,291.16,73.7,99.9,0.49,2.587
2035-02-04,8.23,3.51,52.8,293.31,87.4,99.1,4.15,1.701
2035-02-05,7.04,1.04,37.02,276.4,94.6,99.8,0,0.319
2035-02-06,8.14,1.53,83.89,253.27,90.2,100.7,0,1.684
2035-02-07,7.92,2.21,44.16,285.01,89.7,100.4,2.11,2.995
2035-02-08,7.76,1.46,72.44,267.83,75.5,100.4,0.19,5.233
2035-02-09,10.84,1.07,28.16,308.67,90.8,99.8,3.47,2.165
2035-02-10,10.26,4.36,64.82,296.56,79.8,99.3,4.98,5.748
2035-02-11,7.38,3.42,82.98,261.73,67.7,100,0.73,6.017
2035-02-12,7.61,3.36,90.66,272.72,79.9,100.3,1.04,4.786
2035-02-13,8.42,1.88,27.39,293.29,88.4,99,20.9,5.259
2035-02-14,8.44,4.56,55.05,306.1,93.6,98.5,1.2,3.82
2035-02-15,8.51,2.7,79.17,290.25,89.9,100,0.85,1.313
2035-02-16,8.51,6.56,20.75,334.65,97.2,98.2,16.24,4.489
2035-02-17,7.53,4.72,73.32,305.61,80.4,101,0.97,2.684
2035-02-18,11.17,4.39,70.37,311.15,87.1,102.4,0.01,2.432
2035-02-19,11.46,6.02,62.04,316.76,93.8,103,0.23,0.196
2035-02-20,12.04,6.42,59.26,336.25,98,102.9,0.46,0.899
2035-02-21,11.27,8.08,79.12,311.02,94.3,102.1,0.6,1.636
2035-02-22,12.06,7.09,62.97,306.83,90.6,101,0.5,3.039
2035-02-23,15.85,9.95,100.78,320.32,80.7,101.1,0.22,5.809
2035-02-24,12.67,10.01,61.18,331.49,87.7,99.9,1.69,3.352
2035-02-25,10.18,5.29,51.97,307.83,84.6,98.5,3.87,5
2035-02-26,7.24,2.44,83.16,255.87,71.4,99.4,1.07,4.89
2035-02-27,6.24,0.44,103.99,250.57,75.8,99.4,0.85,4.813
2035-02-28,4.54,0.1,59.42,268.24,85.5,99.4,0.85,2.252
2035-03-01,7.45,-0.68,134.08,233.26,71.9,99.8,0,4.435
2035-03-02,7.44,1.68,90.83,278.4,73.9,99.3,0.23,5.272
2035-03-03,6.85,1.39,124.35,262.82,71.7,99.5,0.01,4.187
2035-03-04,7.14,1.59,115.65,266.81,73.5,99.9,0.29,5.048
2035-03-05,7.03,0.44,138.01,258.19,71,100.1,0.05,1.231
2035-03-06,7.71,3.51,105.32,288.69,65.2,100.5,0.04,4.319
2035-03-07,8.08,3.97,89.12,301.91,68.5,100.8,1.36,4.001
2035-03-08,13.52,7.5,38.61,337.81,95.9,99.4,12.64,1.625
2035-03-09,13.88,9.1,131.69,306.07,81.5,99.4,2.06,5.179
2035-03-10,11.56,8.49,104.86,300,80.2,100.1,1.8,3.688
2035-03-11,13.18,7.92,120.61,297.04,70.5,101.2,0.1,5.896
2035-03-12,12.4,6.29,134.01,290.39,86.2,101.8,0.02,2.896
2035-03-13,11.56,8.7,87.98,306.19,70.6,100.8,0,8.309
2035-03-14,12.69,9.29,88.11,328.14,87.9,101,0.27,2.744
2035-03-15,12.95,7,118.76,291.93,85.3,101.8,0,1.212
2035-03-16,14.24,4.94,184.84,261.38,79.5,102.6,0,1.205
2035-03-17,14.31,6.06,182.88,272.16,82.8,102.6,0,1.539
2035-03-18,14.08,8.96,145.12,305.91,85.5,102.3,1.41,1.024
2035-03-19,12.85,7.79,127,304.63,80.6,102.4,1.41,3.719
2035-03-20,13.61,5.53,144.69,286.81,74,102.4,0,2.713
2035-03-21,13.05,8.06,126.99,316.48,84.3,101.1,1.68,1.909
2035-03-22,11.95,8.03,113.04,310.93,77.5,99.4,3.76,2.634
2035-03-23,11.01,6.15,48.12,323.68,88.3,96.8,28.72,4.429
2035-03-24,10.44,5.88,77.31,323.2,85.7,97.7,3.87,5.002
2035-03-25,9.58,6.05,93.11,311.58,90,98.8,1.76,4.376
2035-03-26,10.17,5.86,131.49,301.2,81.2,100.2,0.42,2.762
2035-03-27,10.03,4.96,125.3,291.28,74.1,99.9,3.63,4.961
2035-03-28,8.1,3.31,133.45,282.2,75,100.2,0.27,3.716
2035-03-29,8.23,1.41,114.99,284.64,80.1,100.7,0.9,1.509
2035-03-30,7.09,2.36,140.85,276.76,68.3,100.6,2.69,2.881
2035-03-31,8.19,1.47,166.27,255.69,63.8,101.2,0.04,2.995
2035-04-01,6.95,0.96,141,278.45,75.8,100.5,3.87,4.632
2035-04-02,6.22,3.39,80.55,313.71,90.2,100.1,15.5,6.154
2035-04-03,7.7,2.97,160.73,279.19,75.2,100.2,1.47,2.434
2035-04-04,7.86,3.04,111.28,296.83,76.7,100.8,1.04,2.214
2035-04-05,8.79,1.12,162.96,261.89,66.1,101.1,0,1.085
2035-04-06,8.82,2.36,154.41,275.58,66.5,100.9,0.73,5.166
2035-04-07,6.09,3.84,65.04,308.8,77.6,101,6.46,6.551
2035-04-08,5.48,3.5,47.41,313.62,89.2,100.8,12.78,2.374
2035-04-09,6.6,3.24,98.42,301.6,76.1,100.8,0.74,2.056
2035-04-10,8.58,1.73,123.47,285.2,80.9,100.7,1.86,1.828
2035-04-11,8.63,1.17,134.12,272.12,81.7,100.4,0.81,0.396
2035-04-12,8.02,1.45,131.33,282.32,82.4,100.3,0.78,0.817
2035-04-13,8.21,1.74,146.88,283.93,75.5,100.7,0.53,1.444
2035-04-14,7.38,0.76,158.12,262.19,67.4,101.4,0.87,2.017
2035-04-15,9.32,-0.7,191.14,255.32,63.1,101.4,0,1.394
2035-04-16,9.67,3.23,148.1,286.45,67.8,100.9,0.16,3.278
2035-04-17,10.17,4.33,146.5,284.36,77.8,100.2,3.52,5.463
2035-04-18,8.67,2.54,130.76,284.19,68.9,100.2,0.32,4.328
2035-04-19,10.02,2.09,191.83,274.99,62.1,101.2,1,2.511
2035-04-20,11.62,4.32,122.68,323.66,89.3,100,29.53,0.532
2035-04-21,9.91,2.31,195.84,273.12,63.4,101.1,0.12,4.989
2035-04-22,11.1,4,135.36,314.53,88.8,99.5,10.57,2.01
2035-04-23,10.94,3.17,208.75,275.15,58.7,99.6,0.16,5.989
2035-04-24,11.02,2.57,281.65,244.39,69.9,99.5,0,0.365
2035-04-25,12.25,3.72,207.84,285.11,71.7,99.7,0.02,3.143
2035-04-26,12.67,6.46,149.28,311.4,74,100.6,3.7,1.359
2035-04-27,10.85,5.41,166.8,296.5,83.6,101.3,3.4,1.067
2035-04-28,12.77,4.31,241.12,280.51,78.4,101.8,0.31,3.083
2035-04-29,13.63,7.65,273.55,276.29,75.4,101.9,0,7.375
2035-04-30,14.25,7.71,210.45,309.36,89.2,101.9,0.11,2.552
2035-05-01,16.67,6.43,266.54,291.89,83,102.3,0.02,1.264
2035-05-02,16.64,5.86,291.76,275.77,66.5,102.8,0,0.682
2035-05-03,18.39,10.08,255.25,318.02,71.4,102.8,0.07,1.024
2035-05-04,14.73,9.47,197.42,314.82,71,102.7,0.08,1.88
2035-05-05,13.25,7.61,198.21,287,72,102.7,0.34,1.58
2035-05-06,13.27,7.69,284.23,268.14,66.7,101.8,0,5.68
2035-05-07,17.49,11.59,279.12,305.69,69.2,100.5,0.25,4.475
2035-05-08,18.56,13.54,239.72,329.55,87.2,100,3.1,2.176
2035-05-09,18.2,10.63,247.91,308.88,79.4,99.9,0.06,1.922
2035-05-10,13.85,9.95,194.33,306.12,73.5,101,0,2.233
2035-05-11,12.92,8.28,110.59,329.12,86.7,101.4,1.8,2.332
2035-05-12,12.48,8.26,113.84,339.09,92.7,100.9,10.03,4.321
2035-05-13,14.02,9.96,160.48,344.47,93.8,101.1,9.3,1.661
2035-05-14,13.08,9.28,144.04,335.4,89.4,101.5,5.06,3.427
2035-05-15,11.19,4.51,147.23,299.9,79,101.2,0.4,1.284
2035-05-16,12.96,3.75,182.74,294.36,78.7,100.6,1.31,0.381
2035-05-17,12.59,4.88,169.06,300.53,76.8,100.6,0.68,2.457
2035-05-18,12.65,4.25,232.21,285.33,61.6,101.8,0.3,4.204
2035-05-19,15.16,5.93,189.44,313.19,75.6,101.7,1.18,4.258
2035-05-20,15.51,8.15,191.94,332.54,83.2,100.7,7.38,2.118
2035-05-21,15.7,10.94,202.42,330,79.4,99.4,2.21,6.815
2035-05-22,15.54,9.16,200.27,309.95,78,100,5.48,5.935
2035-05-23,16.24,8.57,203.08,321.49,74.6,100.7,3.4,3.393
2035-05-24,15.91,8.6,201.99,322.5,75.7,99.6,7.67,2.877
2035-05-25,15.9,9.64,212.67,327.65,73.2,100.7,0.99,2.347
2035-05-26,16.08,9.65,199.22,328.47,77.3,100.1,3.64,3.462
2035-05-27,17.01,11.07,229.93,313.07,74.1,100,2.64,5.449
2035-05-28,17.19,9.81,261.83,298.03,69.9,101.1,1.18,4.554
2035-05-29,16.36,7.76,246.4,289.8,74.2,102.3,2.04,3.005
2035-05-30,17.03,7.38,235,312.46,69.4,102.9,0.09,1.401
2035-05-31,18.26,9.51,227.26,323.87,72.8,102.7,1.31,2.246
2035-06-01,19.49,11.65,219.48,335.46,76.1,102.5,2.52,2.879
2035-06-02,19.19,11.82,304.51,321.64,86.2,102.6,0.57,1.839
2035-06-03,17.61,12.75,268.59,329.19,86.3,102.5,0.05,3.136
2035-06-04,19.7,13.45,259.35,330.02,77.3,101.8,0.49,2.198
2035-06-05,19.1,13.62,296.82,313.48,70.1,101.5,0.04,1.948
2035-06-06,20.83,14.08,286.44,333.46,69,101.1,0.01,0.761
2035-06-07,20.72,12.82,145.17,351.14,80.6,100.4,4.38,2.113
2035-06-08,19.72,11.49,182.97,340.4,86.9,100.7,3.96,1.624
2035-06-09,18.32,12.29,133.2,343.75,93.7,100.8,6.85,2.853
2035-06-10,18.6,12.97,243.35,330.03,79.3,100.8,1.43,1.089
2035-06-11,19.58,12.94,253.05,323.82,78.2,101.4,3.9,4.105
2035-06-12,23.19,15.71,343.65,324.95,78.1,101.5,12.47,0.674
2035-06-13,26.55,15.95,314.94,356.22,87.3,101.6,13.16,2.057
2035-06-14,22.37,15.41,218.3,356.45,87.7,101.9,10.12,2.078
2035-06-15,22.06,13.83,280.66,326.09,73.2,102.4,0,1.269
2035-06-16,23.04,14.22,230.46,350.76,74,101.9,0.78,2.866
2035-06-17,20.89,12.68,301.45,312.65,70.8,101.4,0.04,2.481
2035-06-18,18.67,11.57,168.17,335.38,75.2,100.2,3.68,2.914
2035-06-19,18.23,9.92,252.47,307.84,77.1,100.3,6.65,1.662
2035-06-20,16.15,9.36,199.56,312.18,65.1,101.4,0.17,1.104
2035-06-21,15.15,11.42,94.68,350,85,101.1,10.07,3.132
2035-06-22,20.13,12.24,263.36,325.55,74,100.8,1.47,4.576
2035-06-23,19.26,13.28,209.74,336.07,74.9,101.5,2.57,4.174
2035-06-24,19.77,11.24,286.33,304.12,69.4,102,0.1,2.84
2035-06-25,19.8,11.38,264.91,318.7,67.9,101.8,0.16,0.372
2035-06-26,18.5,11.08,245.31,312.39,67.2,101.4,0.59,3.798
2035-06-27,17.1,10.21,250.29,302.39,76.8,101.4,4.33,3.852
2035-06-28,18.07,9.9,244.89,307.54,76.5,101.1,0.88,0.865
2035-06-29,17.35,8.7,159.08,326.91,87.7,100.2,10.31,1.164
2035-06-30,18.04,12.73,186.02,346.93,84.3,99.8,1.15,1.228
2035-07-01,18.08,12.64,165.42,344.6,84.4,100.2,9.3,1.419
2035-07-02,15.07,10.21,122.56,328.06,87.6,100.5,21.6,4.617
2035-07-03,18.8,10.01,188.03,324.67,81.8,101.4,5.8,4.626
2035-07-04,21.97,14.21,277.8,340.37,72.4,101.5,0.06,5.13
2035-07-05,23.24,14.84,225.18,364.54,79.7,101.4,4.53,3.303
2035-07-06,22.82,15.62,212.82,363.31,77.6,101.3,0.96,3.943
2035-07-07,21.88,13.32,262.02,332.46,70.9,101.6,0.1,3.403
2035-07-08,21.81,13.55,283.21,322.35,70.9,101.3,0.86,4.182
2035-07-09,20.82,12.42,252.36,325.02,75.5,101.4,0.37,1.983
2035-07-10,20.37,12.45,291.81,316.59,76.8,101.6,5.96,1.229
2035-07-11,19,11.99,272.92,316.4,73.1,102.3,0.07,1.609
2035-07-12,18.94,12.65,220.41,330.7,77.6,102.3,0.15,0.93
2035-07-13,18.88,11.67,311.04,308.84,78.2,102.4,0,2.464
2035-07-14,19.81,15.27,197.39,363.91,84.5,102.6,0.05,3.526
2035-07-15,21.04,14.77,319.46,327.52,76.3,102.6,0.06,3.174
2035-07-16,23.69,14.48,316.26,330.66,79.9,102.1,0.39,2.003
2035-07-17,23.08,16.77,173.67,384.64,86.7,101.7,2.1,3.63
2035-07-18,21.71,16.02,209.32,365.02,81,102,2.38,2.767
2035-07-19,20.76,14.85,214.98,346.41,78,102.1,0.27,1.446
2035-07-20,19.68,15.13,208.09,353.74,82.9,102,0.51,1.345
2035-07-21,22.02,15.41,292.92,336.13,82.7,101.9,0.1,1.626
2035-07-22,25,17.38,249.28,362.42,88,101.7,1.23,1.448
2035-07-23,24.14,17.44,258.46,366.34,88.2,101.8,0.15,2.17
2035-07-24,26.51,16.43,270.68,358.34,75,101.5,0.38,1.386
2035-07-25,24.14,17.1,280.17,327.16,62,101.5,0.07,2.348
2035-07-26,24.4,15.3,264.54,328.98,57.3,100.9,0.32,5.773
2035-07-27,23.96,14.58,282.55,323.72,59.6,101.3,0.14,5.586
2035-07-28,24.18,13.18,264.05,322.06,64.2,101.5,0.06,2.26
2035-07-29,25.12,15.08,272.9,335.62,65.4,101.2,1.12,2.675
2035-07-30,21.19,14.85,240.41,323.51,75.5,101.6,0.52,0.908
2035-07-31,21.05,14.26,237.5,320.87,72.8,101.7,0.35,2.152
2035-08-01,20.91,13.66,234.61,318.23,70.1,101.8,0.18,3.649
2035-08-02,22.88,13.17,271.22,314.86,70.3,101.4,1.11,1.198
2035-08-03,22.26,15.29,185.21,344.16,75.3,100.8,4.42,1.406
2035-08-04,22.43,13.39,236.44,322.75,71.9,100.8,2.33,1.7
2035-08-05,21.33,15.15,211.7,343.53,87.3,100.9,14.65,1.521
2035-08-06,23.07,15,213.1,344.73,76.7,101,8.93,4.08
2035-08-07,21.44,14.59,212.38,337.56,70.3,101.1,0.09,4.42
2035-08-08,22.62,13.69,217.63,341.57,76.4,100.8,1.19,1.626
2035-08-09,22.34,12.27,231.68,324.77,75.6,100.7,1.11,1.225
2035-08-10,20.13,12.99,171.51,336.41,81.7,100.4,2.71,2.648
2035-08-11,22.56,16.5,152.56,368.7,83,100.1,3.03,3.548
2035-08-12,22.3,14.88,255.22,335.69,71.5,100.3,0.66,4.942
2035-08-13,22.75,14.36,264.02,318.75,67.3,101.3,0.16,5.047
2035-08-14,25.7,13.53,214.68,351.7,74.3,101.7,0.2,4.104
2035-08-15,25.65,17.43,219.94,357.34,77.8,101.3,1.76,3.119
2035-08-16,23.06,14.83,185.41,355.39,79,101,2.25,0.973
2035-08-17,21.08,16.16,201.99,350.53,86.3,100.8,33.32,2.252
2035-08-18,18.31,13.58,234.25,318.1,70.2,102.1,0.1,3.966
2035-08-19,20.07,12.47,232.13,315.03,73.9,102.3,0.03,3.391
2035-08-20,24.44,12.66,240.04,329.46,73,102.1,0,2.498
2035-08-21,26.01,15.33,230.63,346.52,73.4,101.9,0,1.38
2035-08-22,24.19,16.35,250.93,337.18,82,101.8,0,1.845
2035-08-23,24.68,18.01,251.06,338.47,86.5,101.5,0,2.66
2035-08-24,26.46,17.83,240.45,347.82,73.4,101.1,0.04,1.799
2035-08-25,23.34,15.69,232.32,329.36,64.6,101.2,0.04,4.009
2035-08-26,22.48,13.39,211.7,325.82,71.8,101.8,0.05,0.94
2035-08-27,23.31,14.84,159.14,351.64,67.2,101.8,0.17,1.507
2035-08-28,25.24,14.75,189.01,355.58,73.3,101.8,0.08,3.038
2035-08-29,23.5,14.25,201.24,336.39,77,102.2,0.05,0.56
2035-08-30,22.86,13.2,204.63,333.53,82.9,101.9,1.25,1.441
2035-08-31,23.16,15.29,213.23,337.34,82.3,101.7,0.83,2.372
2035-09-01,23.46,17.39,221.84,341.46,81.7,101.6,0.4,3.284
2035-09-02,21.8,18.41,220.53,337.96,78.1,101.7,0.06,7.488
2035-09-03,23.74,18.51,221.37,348.75,83.8,101.6,0,4.585
2035-09-04,25.14,16.97,231.47,336.36,83.8,101.6,0,2.624
2035-09-05,24.6,15.01,235.34,313.42,81.6,101.9,0,2.258
2035-09-06,26.56,13.72,212.79,328.37,75.4,101.9,0.08,0.444
2035-09-07,22.17,13.13,195.4,311.9,69.6,102.6,0,1.219
2035-09-08,21.6,11.17,199.39,305.31,75,102.9,0.05,1.592
2035-09-09,24.75,10.84,225.87,312.59,80.3,102.2,0,0.626
2035-09-10,25.66,14.15,226.36,320.12,78.2,102,0,1.588
2035-09-11,26.78,16.18,221.83,325.94,78.5,101.7,0,1.51
2035-09-12,20.25,14.19,121.88,337.21,67.8,101.8,2.79,1.701
2035-09-13,17.77,11.92,137.86,318.2,57.3,102.9,0,1.617
2035-09-14,18.68,11.31,144.65,318.16,68,102.7,0.14,0.4
2035-09-15,21.25,10.49,210.01,303.37,63.1,102.3,0.06,1.996
2035-09-16,19.36,14.57,103.75,347.12,79.4,102,0.47,0.221
2035-09-17,21.75,14.54,167.82,331.49,71.3,101.5,0,1.172
2035-09-18,22.87,16.05,126.43,352.61,75.9,101,0.05,2.072
2035-09-19,22.41,15.19,115.89,354.8,88.6,101.3,2.01,0.364
2035-09-20,24.09,13.37,166.62,337.69,84.2,101.9,0.17,0.279
2035-09-21,22.42,13.35,146.45,338.26,86.3,102.4,0.06,1.314
2035-09-22,21.55,15.6,178.53,324.69,82,102.1,0,4.41
2035-09-23,24.53,15.71,169.66,332.67,77.6,101.1,0.92,1.76
2035-09-24,22.12,14.19,170.41,309.14,58.4,101.6,0,4.167
2035-09-25,20.15,11.71,142.28,316.05,64.6,101.9,0,2.292
2035-09-26,18.6,9.34,132.13,306.99,69.4,102.1,0.03,0.842
2035-09-27,19.14,11.06,146.13,310.17,70.5,102.1,0,1.745
2035-09-28,19.81,9.97,127.89,318.28,82.7,101.9,0.15,1.464
2035-09-29,21.03,9.7,97.16,333.56,81.5,101.4,0.12,1.991
2035-09-30,19.03,10.51,149.6,294.76,72.2,102,0.15,2.084
2035-10-01,18.27,8.99,119.04,304.21,73.8,102.5,0,1.586
2035-10-02,18.77,8.61,146.34,305.86,76.9,102.4,0,1.404
2035-10-03,18.37,9.29,124.18,310.67,75,101.4,0,1.603
2035-10-04,17.85,10.27,134.08,302.66,67.7,100.8,0.06,4.607
2035-10-05,17.44,10.64,114.28,309.47,60.6,101.5,0,4.578
2035-10-06,19.03,8.83,137.83,297.88,74.1,101.9,0,0.868
2035-10-07,19.35,14.56,144.48,305.21,67.3,101.4,0,5.104
2035-10-08,19.76,16.93,138.23,305.23,62.7,101.5,0,7.241
2035-10-09,19.99,16.45,146.04,306.48,73.5,101.3,0,6.442
2035-10-10,19.94,16.11,98.11,329.71,77.1,100.7,0.11,3.187
2035-10-11,20.01,15.9,113.99,330.75,70,100.9,0.01,2.081
2035-10-12,19.05,12.71,104.62,324.31,74,100.7,8.94,3.014
2035-10-13,19.98,12.14,114.31,314.28,73.9,101.9,0,1.262
2035-10-14,20.89,15.57,108.67,339.42,81.5,102,0.08,3.165
2035-10-15,20.87,15.87,118.67,328.05,88.9,101.8,0,4.296
2035-10-16,19.74,16.51,119.52,325.15,89.2,101.4,0,5.004
2035-10-17,20.83,15.52,78.48,352.14,89.2,101.2,1.02,0.624
2035-10-18,18.81,13.46,71.98,337.5,88.7,101.5,0.68,2.645
2035-10-19,15.83,13.4,52.21,341.57,80,102,0.25,5.561
2035-10-20,16.57,11.81,115.62,304.76,72.4,101.5,0.14,5.285
2035-10-21,17.35,11.09,88.68,322.89,82.8,101.5,0.08,3.18
2035-10-22,16.47,13.77,68.5,344.11,83.1,101.8,0.04,4.781
2035-10-23,17.19,13.69,88.54,333.59,82.5,101.6,0.07,4.992
2035-10-24,15.64,12.83,50.43,350.93,84.3,101.6,0.12,3.418
2035-10-25,15.52,13.46,74.08,331.15,79.2,101.9,0.09,5.208
2035-10-26,18.27,12.07,92.07,322.23,88.9,101.5,0,1.626
2035-10-27,18.73,14.24,89.37,331.63,88.6,100.9,0,3.484
2035-10-28,20.15,14.94,70.31,345.84,82.4,100.3,2.83,1.77
2035-10-29,14.76,10.61,23.62,339.58,93.2,101.1,10.99,0.944
2035-10-30,14.46,12.12,18.56,350.87,90.6,101.7,4.91,2.637
2035-10-31,15.06,13.07,18.22,360.67,93.9,101.6,9.74,2.981
2035-11-01,15.65,14.03,17.87,369.9,97.1,101.6,14.57,3.457
2035-11-02,16.63,12.69,45.44,357.06,96.5,101.2,5.12,1.605
2035-11-03,14.42,8.37,89.68,288.09,82.2,102,0,4.479
2035-11-04,15.07,6.98,71.23,291.78,87.4,102.5,0,0.963
2035-11-05,15.15,11.71,30.38,326.99,86.4,101.3,0.44,1.607
2035-11-06,15.35,12.29,50.11,336.36,89.8,100.8,0.6,2.167
2035-11-07,12.82,11.45,43.18,338.04,71.5,100.9,1.19,9.609
2035-11-08,13.23,11.36,66.94,321.82,83.3,101.5,0.05,4.901
2035-11-09,14.68,13.02,36.45,348.35,85,101.3,0.11,3.637
2035-11-10,15.02,13.18,17.81,359.48,93.6,100.9,6.93,2.925
2035-11-11,15.73,13.29,55.12,328.85,93,101.3,0.31,1.396
2035-11-12,14.82,13.37,47.73,335.82,87.8,101.1,0.43,1.961
2035-11-13,14.03,9.37,66.09,291.56,93.4,101.4,0,0.703
2035-11-14,15.34,10.6,51.85,318.63,92.4,101.7,0,1.535
2035-11-15,14.5,10,22.64,335.87,93,101.5,5.98,0.972
2035-11-16,13.93,9.48,47.88,319.71,94.3,102.1,0.05,2.314
2035-11-17,15.09,10.99,44.32,327.07,92.6,102.3,10.19,1.931
2035-11-18,11.64,6.71,64.17,278.11,90.3,102.8,6.85,2.762
2035-11-19,12.14,6.72,49.64,297.8,91.4,102.8,1.85,2.947
2035-11-20,15.3,9.62,51.32,315.49,88.2,101.6,7.13,5.641
2035-11-21,14.37,7.15,23.17,297.35,79.8,101.3,3.05,6.099
2035-11-22,13.38,6.8,29.03,307.83,77.3,100.9,10.78,5.1
2035-11-23,11.4,6.53,43.28,296.15,62.2,100,0,9.177
2035-11-24,8.04,4.15,52.57,261.29,80.6,100.5,0,5.42
2035-11-25,12.83,5.71,26.12,325.17,90,99.7,4.88,6.754
2035-11-26,15.67,6.21,32.34,315.85,85,99.6,3.24,6.676
2035-11-27,14.56,6.36,25.19,333.29,92.9,99.6,9.19,2.203
2035-11-28,12.76,5.68,39.25,303.44,91,101.4,2.09,3.159
2035-11-29,12.97,6.88,46.52,286.08,69.6,100.8,0.14,7.451
2035-11-30,8.66,4.64,48.59,262.31,64.5,101,0,7.641
2035-12-01,10.47,3.07,25.59,303.08,86.1,101.6,3.8,4.06
2035-12-02,10.65,6.01,41.65,291.25,95.1,101.8,0,3.691
2035-12-03,13.03,6.85,13.58,342.03,96.2,101.6,10.54,2.371
2035-12-04,13.39,9.79,15.34,345.9,95.5,100.8,9.94,1.476
2035-12-05,10.97,8.42,9.78,331.7,96.2,99.2,14.01,0.955
2035-12-06,8.62,5.45,41.72,281.39,86.6,99.1,1.57,5.563
2035-12-07,9.57,5.19,28.47,307.85,92.4,98.2,2.51,1.936
2035-12-08,7.24,6.04,16.33,322.23,95.5,97.9,3.64,5.337
2035-12-09,7,2.47,33.47,270.92,93.5,98.7,0.02,3.77
2035-12-10,6.02,1.51,44.95,247.38,93,99,0,3
2035-12-11,5.73,1.74,35.48,267.11,90.1,99.6,0.09,4.069
2035-12-12,6.52,2.35,41.11,277.4,86.1,100.3,1.84,5.059
2035-12-13,4.65,1.49,37.05,270.45,88.8,100.6,0.68,5.182
2035-12-14,6.32,0.34,40.36,268.47,89.9,101.3,0,0.893
2035-12-15,7.25,2.23,35.22,261.42,86.2,101.5,0,1.283
2035-12-16,7.84,3.36,25.79,305.06,90.8,101,0.09,1.282
2035-12-17,12.05,7.85,16.08,349.49,94.2,100.3,2.49,2.123
2035-12-18,14.46,11.78,15.7,362.39,93.1,100.2,5.55,3.015
2035-12-19,14.02,10.76,21.57,337.12,86.6,99.8,7.32,4.162
2035-12-20,11.88,7.37,36.73,279.33,87.3,100.8,0,4.264
2035-12-21,11.71,5.65,13.29,295.51,87.9,100.6,4.78,5.766
2035-12-22,14.3,7.68,13.48,334.54,86.7,98.5,4.72,6.225
2035-12-23,8.66,4.35,25.21,285.52,66.4,99.4,0,7.729
2035-12-24,9.55,3.36,21.49,286.75,78.8,99.6,0.49,2.504
2035-12-25,10.02,4.86,38.13,281.97,82.6,98.8,2.55,4.188
2035-12-26,7.34,2.99,39.86,262.2,81.4,100.3,0.95,4.338
2035-12-27,12.26,7.4,29.42,321.91,88.8,100.3,1.92,5.809
2035-12-28,9.55,5.14,29.49,281.34,71.5,100.8,0.8,7.447
2035-12-29,12.77,5.47,25.84,315.47,76.5,99.5,7.01,6.649
2035-12-30,8.81,5.86,22.26,302.45,68.2,99.1,1.93,10.946
2035-12-31,8.2,4.99,32.63,287.97,74.2,100.1,1.9,9.044
2036-01-01,7.59,4.11,43.18,273.84,80.2,101.1,1.87,7.172
2036-01-02,8.93,3.01,24.41,297.1,87.6,102,0.3,4.002
2036-01-03,8.91,7.25,32.59,291.69,78.6,101.5,0,1.905
2036-01-04,10.97,7.12,13.73,329.53,91.4,101.2,0.56,2.482
2036-01-05,12.12,7.13,10.01,319.74,91.3,101.2,1.57,2.57
2036-01-06,9.76,5.9,47.27,262.83,89.9,102.3,0,2.896
2036-01-07,8.64,3.54,10.46,290.61,89.6,101,3.47,1.66
2036-01-08,7.11,2.73,43.42,261.01,90.3,101.6,0.5,4.439
2036-01-09,7.68,2.69,38.85,267.53,94.3,102.4,0.21,2.549
2036-01-10,6.91,2.72,29.07,295.13,88.6,102.6,0.56,1.989
2036-01-11,6.88,3.1,28.01,300.81,94.5,102.5,0.49,2.595
2036-01-12,8.55,4.5,23.68,308.13,94,102.8,0.44,1.516
2036-01-13,7.03,3.65,23.71,289.43,76.4,103.5,0.13,2.723
2036-01-14,7.66,3.85,31.52,295,70.8,104.1,0,3.307
2036-01-15,5.41,2.22,25.92,296.31,81.2,104.2,0.14,1.815
2036-01-16,7.25,2.43,25.94,306.66,95.4,103.3,0.7,2.603
2036-01-17,7.2,4.41,37.71,300.7,96.3,102.5,0.91,1.719
2036-01-18,6.6,3.32,21.8,301.68,93.9,102.1,0,1.475
2036-01-19,7.54,3.53,46.61,287.49,96.6,102,0.21,1.142
2036-01-20,7.52,1.8,58.83,261.76,91.9,102.1,0.07,0.752
2036-01-21,7.1,3.41,35.7,288.67,71.4,102.1,0,5.188
2036-01-22,5.52,3.01,58.39,256.92,74.8,101.6,0,7.228
2036-01-23,6.15,4.26,31.78,307.24,80,101.8,0.6,5.035
2036-01-24,5.69,0.03,60.79,254.04,74.8,102.3,0,2.163
2036-01-25,3.95,0.71,41.23,270.92,83.1,102.1,0.05,4.199
2036-01-26,6.45,0.78,51.52,262.19,70.1,102.3,0.13,2.007
2036-01-27,4.19,-2.28,73.57,225.82,70.2,103,0,2.114
2036-01-28,3.07,-2.01,46.53,263.84,90.7,102.8,0.18,2
2036-01-29,4.21,-2.29,47.18,267.58,93.1,103,0.08,0.464
2036-01-30,4.94,-1.1,28.53,296.42,95.6,102.8,0.19,0.943
2036-01-31,7.04,3.14,29.33,311.49,98.4,102.5,3.9,1.209
2036-02-01,4.75,2.45,33.14,305.28,85.7,102,0.35,4.391
2036-02-02,2.31,0.74,58.23,269.21,79,101.6,0.04,6.369
2036-02-03,1.57,0.44,56.39,270.18,72.4,101.5,0.04,9.242
2036-02-04,2.82,0.15,70.71,275.03,68.3,100.2,0.1,11.296
2036-02-05,2.1,-0.79,17.11,297.76,91,99.8,7.5,4.218
2036-02-06,2.54,-3.07,52.28,268.57,96.3,100.9,0.3,2.121
2036-02-07,6.18,-0.61,36.66,304.17,95.5,101.2,0.19,6.105
2036-02-08,7.62,4.47,74.08,298.01,89.2,101,0.27,6.499
2036-02-09,6.82,5.08,33.31,328.71,94.3,101.7,13.63,4.22
2036-02-10,4.82,1.57,70.93,265.65,82,102.3,0.09,7.633
2036-02-11,3.53,1.08,105.67,222.2,73.6,102.3,0,7.878
2036-02-12,5.99,0.95,104.96,248.92,80.5,101.7,0.8,2.779
2036-02-13,6.39,2.16,44.48,310.66,85.3,100.9,2.59,4.678
2036-02-14,2.62,-0.39,41.84,285.62,73.2,101.8,1.06,5.693
2036-02-15,4.53,-1.18,66.53,272.59,76,101.9,0,4.87
2036-02-16,4.23,1.28,51.04,293.48,86.5,100.8,1.18,3.77
2036-02-17,2.29,-0.85,24.56,290.18,91.3,99.5,6.76,2.505
2036-02-18,5.29,-1.94,100.85,235.25,76.1,100,0.26,2.069
2036-02-19,3.63,-2.24,100.84,232.83,77.4,100.3,0.03,2.791
2036-02-20,5.3,-2.97,120.21,235.76,77.2,100.2,0,2.079
2036-02-21,4.58,0.44,118.36,248.39,71.2,99.7,0,4.647
2036-02-22,4.72,-0.24,88.05,265.64,72.6,99.9,0.07,0.925
2036-02-23,5.5,-1.69,44.28,274.12,88.5,100.7,6.68,3.47
2036-02-24,8.49,4.07,56.7,308.16,93.2,100.9,5.19,4.153
2036-02-25,6.58,1,136.42,241.27,85.3,100.7,0,1.57
2036-02-26,11.64,5.05,112.53,287.46,80.9,100.3,1.68,2.506
2036-02-27,8.42,5.36,36.46,303.97,94,100,2.37,2.238
2036-02-28,9.58,5.29,87.48,287.49,93.2,100.3,2.04,1.012
2036-02-29,10.51,5.16,112.92,274.57,91.7,100.5,1.02,0.877
2036-03-01,11.43,5.03,138.76,262.71,90.3,100.8,0,0.764
2036-03-02,11.06,6.74,36.43,324.21,92.6,99.6,11.03,9.377
2036-03-03,12.58,7.44,124.67,298.49,81.5,99.9,0,2.279
2036-03-04,11.83,6.82,90.85,318.19,94.2,101,3.97,0.922
2036-03-05,11.5,8.52,85.63,331.5,85.5,101.1,1.4,3.237
2036-03-06,14.03,7.89,114.6,308.58,90.1,101.3,0.74,1.558
2036-03-07,11.23,7.24,90.5,317.86,93,101.3,0.63,1.816
2036-03-08,12.46,8.2,50.04,335.25,90.4,100.2,12.49,2.505
2036-03-09,11.77,6.87,79.54,310.54,77.3,100.6,2.71,4.592
2036-03-10,12.55,9.6,31.92,350.27,93.7,100,17.55,2.637
2036-03-11,12.96,7.13,132.93,303.51,81,101.5,1.75,4.542
2036-03-12,10.97,7.05,86.82,323.63,90.5,101.8,0.34,3.273
2036-03-13,15.77,8.91,111.62,319.21,83.6,101,0.06,1.579
2036-03-14,12.19,6.34,149.23,267.44,78.9,102.6,0,0.341
2036-03-15,10.5,7.15,72.14,293.05,86.9,101.7,2.08,2.895
2036-03-16,12.4,4.86,163.54,270.34,72.5,101.6,1.28,4.787
2036-03-17,9.68,2.33,107.41,280.36,82,102.2,0.09,1.082
2036-03-18,9.5,4.69,114.16,295.99,80.3,102.9,0.07,1.881
2036-03-19,6.26,3.32,87.06,295.4,76.8,103,0.3,2.738
2036-03-20,5.98,1.67,99.26,282.99,80.9,103,0.44,1.997
2036-03-21,7.65,3.25,99.33,296.85,71.8,102.9,0.14,1.242
2036-03-22,6.68,2.73,88.36,296.08,78.1,102.9,0.56,2.414
2036-03-23,7.62,2.91,121.6,289.82,76.5,102.5,0.16,0.618
2036-03-24,8.33,3.8,126.9,299.15,73.7,102,0.16,1.461
2036-03-25,8.77,5.74,97.07,313.55,72.7,100.6,2.06,6.865
2036-03-26,8.16,5.19,103.14,317.36,91.5,99.7,12.8,7.591
2036-03-27,8.59,6.44,76.69,320.32,91.4,100,12.01,5.468
2036-03-28,7.08,4.54,112.69,304.43,71.2,100.5,1.74,9.157
2036-03-29,6.51,3.66,130.96,291.12,65.1,101.8,0.08,4.67
2036-03-30,8.03,3.26,121.74,291.56,69,102.2,0.1,0.831
2036-03-31,9.35,5.4,94.05,301.2,78.2,100.9,1.84,1.866
2036-04-01,9.96,4.88,98.54,297.86,90.6,100.1,6.78,1.373
2036-04-02,10.92,4.99,139.87,304.65,86.1,100.2,1.97,2.704
2036-04-03,12.28,5.52,169.77,286.23,72.5,100.6,1.81,3.888
2036-04-04,12.42,7.94,123.15,308.52,82.9,100,7.16,1.937
2036-04-05,12.1,7.01,146.93,293.28,80.4,100.1,2.72,1.798
2036-04-06,13.12,5.7,222.62,279.62,86.9,100.5,0.39,0.772
2036-04-07,14.09,7.65,195.53,290.14,87.9,101.2,0.21,2.25
2036-04-08,11.67,7.68,156.09,312.92,88.8,101,0.52,4.158
2036-04-09,7.64,5.65,50.89,321.73,91.5,100.3,8.94,4.404
2036-04-10,7.41,5.03,105.91,312.3,83.2,101.4,5.39,3.527
2036-04-11,8.16,2.3,119.67,289.34,77.4,102.3,0.21,1.497
2036-04-12,9.38,1.69,145.43,300.93,83.4,101.9,0.76,1.874
2036-04-13,10.85,8.4,72.51,333.87,92,100.9,8.02,3.582
2036-04-14,13.17,6.22,221.02,282.83,70.2,101,0.08,2.96
2036-04-15,12.75,6.65,133.54,316.96,74.5,100.9,0.86,3.269
2036-04-16,14.56,7.68,201.76,297.94,78.4,101.2,0.09,1.279
2036-04-17,16.08,11.18,148.62,339.66,82.3,101.2,4.22,1.711
2036-04-18,15.22,9.84,152.73,317.29,83.2,101.4,2.15,1.985
2036-04-19,15.05,9.21,139.29,319.88,83.4,101.8,0.33,1.275
2036-04-20,16.04,9.27,186.85,316.26,72.8,101.9,0.27,3.331
2036-04-21,12.14,6.46,152.95,301.54,83.8,101.6,1.5,1.902
2036-04-22,15.28,9.33,157.95,330.61,83.4,100.5,10.85,2.305
2036-04-23,12.94,8.39,177.49,310.97,79.1,99.4,5.37,5.922
2036-04-24,14.19,8.62,191.08,309.25,68.3,100.1,0.51,6.737
2036-04-25,14.85,7.69,193.54,306.63,74,99.7,1.74,4.58
2036-04-26,11.22,7.18,108.53,312.12,89.1,100.1,5.11,1.935
2036-04-27,11.59,6.22,164.13,290.66,81.5,101.2,3.11,1.196
2036-04-28,13.46,5.97,183.63,291.76,76.6,101.9,0.04,0.724
2036-04-29,15.68,10.52,138.82,336.14,76,101.7,1.36,2.309
2036-04-30,18.72,11.95,215.06,333.73,81.5,101.5,0.46,1.286
2036-05-01,18.68,12.64,125.52,352.41,87.3,101.4,3.2,1.919
2036-05-02,17.37,10.86,228.67,311.9,69.4,101.8,0.08,3.287
2036-05-03,16.28,8.66,268.73,296.2,70.4,101.8,0,4.01
2036-05-04,19.32,12.58,161.74,348.5,81.5,100.3,2.22,3.715
2036-05-05,15.74,11.36,146.62,332.01,91.2,100,12.76,2.086
2036-05-06,13.97,9.34,153.04,313.31,80.6,100.7,0.4,3.752
2036-05-07,14.6,10.04,175.42,313.45,87.8,101,1.67,0.797
2036-05-08,17.49,12.21,188.2,344.09,87.1,101.1,3.18,3.277
2036-05-09,17.94,12.98,165.64,346.03,91,100.4,0.91,2.262
2036-05-10,17.28,12.21,226.73,325.68,74,100.4,3.81,4.644
2036-05-11,15.29,8.69,199.42,306.15,65.4,100.6,1.14,2.791
2036-05-12,14.88,7.13,193.05,293.79,67.1,100.9,0.04,1.373
2036-05-13,15,7.43,194.39,299.58,65.5,101.1,0.11,4.148
2036-05-14,16.21,10.15,182.05,323.68,70.8,101.8,0.35,2.67
2036-05-15,16.94,7.99,309.47,276.86,73.4,102.2,0,2.558
2036-05-16,18.85,13.24,319.91,299.6,73.2,101.8,0.09,6.306
2036-05-17,18.53,10.79,269.31,295.89,71,101.7,0,2.595
2036-05-18,19.67,10.89,256.75,322.24,74.4,101.7,0.1,2.424
2036-05-19,17.95,8.69,249.14,302.49,74.5,102,0.15,1.024
2036-05-20,17.6,8.67,205.11,310.48,77.6,102.2,1.13,1.986
2036-05-21,20.04,7.67,296.9,296.16,76.6,102.3,0,1.237
2036-05-22,19.44,13.35,181,356.75,86.1,101.7,3.1,0.591
2036-05-23,16.67,9.86,254.21,315.55,70,101.2,0.65,2.917
2036-05-24,13.51,8.03,185.09,299.84,71.1,101.2,2.01,1.44
2036-05-25,14.06,7.34,216.14,294.29,71,101.9,0.84,2.004
2036-05-26,13.88,7.59,206.77,299.27,67.2,102.8,0,1.847
2036-05-27,14.58,8.43,278.67,290.77,71.4,103,0.07,3.189
2036-05-28,16.32,9.35,327.79,284.27,79.6,102.9,0,4.169
2036-05-29,18.56,11.99,341.61,289.91,78.3,102.5,0,4.991
2036-05-30,19.87,12.71,338.63,303.12,77.6,102.4,0.06,3.986
2036-05-31,17.31,12.06,287.62,312.04,75.1,102.5,0.17,4.009
2036-06-01,14.74,11.42,238.19,321.2,72.6,102.6,0.29,4.033
2036-06-02,15.92,10.39,238.64,316.95,73.3,102.5,0,2.598
2036-06-03,16.43,11.3,179.02,328.38,81.9,102.4,0.1,1.499
2036-06-04,19.64,9.96,326.98,293.42,76.8,101.9,0,2.08
2036-06-05,21.51,10.97,328.7,300.23,71.8,100.8,0,2.345
2036-06-06,20.71,11.66,183.02,338.93,82.7,100.2,8.05,0.688
2036-06-07,18.66,12.38,230.95,327.53,66.8,101.3,0.34,2.567
2036-06-08,19.2,12.11,267.4,313.96,65.7,102.3,0,1.048
2036-06-09,22.35,11.22,343.59,299.42,66.9,102.3,0,2.934
2036-06-10,23.2,16.56,345.5,318.31,67.6,101.8,0,7.621
2036-06-11,24.86,18.01,308.96,347.23,73.3,101.6,0.01,3.099
2036-06-12,27.97,17.24,306.69,354.15,72.1,101.8,0,3.225
2036-06-13,28.42,18.44,333.36,343.7,71.8,101.8,0,3.2
2036-06-14,29.61,17.07,339.85,331.94,63.8,101.6,0,2.521
2036-06-15,19.48,13.37,289.32,325.36,75.7,101.7,0.07,4.321
2036-06-16,17.44,11.11,333.28,286.89,68.5,101.7,0.06,4.035
2036-06-17,19.16,10.87,336.82,295.97,75.3,101.5,0,3.566
2036-06-18,17.26,12.07,253.16,322.01,78.2,100.9,0.09,4.115
2036-06-19,18.64,12.13,340.66,292.65,78.6,100.4,0,3.495
2036-06-20,24.69,13.86,305.41,326.74,69.1,101.1,0.46,1.057
2036-06-21,24.5,13.64,317.27,318.53,73,101.8,0,1.282
2036-06-22,26.59,14.79,336.61,330.84,69.6,101.9,0,2.182
2036-06-23,26.47,16.79,336.48,334.45,71.9,101.8,0,2.305
2036-06-24,26.81,16.35,340.13,327.71,71.7,101.5,0,2.753
2036-06-25,27.31,14.68,263.75,343.35,67.3,101,2.04,3.018
2036-06-26,22.37,12.78,260.58,321.57,60.1,101.2,0.75,3.329
2036-06-27,20.89,13.72,230.35,318.63,61.3,100.7,1.18,5.774
2036-06-28,23.02,11.6,277.01,308.77,66.2,101.5,0.12,0.385
2036-06-29,23.81,11.51,318.22,313.46,65.2,101.8,0.07,0.381
2036-06-30,23.88,16.53,266.52,333.5,62.3,101.5,0.06,1.565
2036-07-01,24.14,15.58,254.02,340.55,61.8,100.9,2.52,2.895
2036-07-02,23.49,13.07,216.99,329.65,63.6,100.7,0.31,2.92
2036-07-03,22.53,13.62,174.27,347.84,72,100.4,4.47,3.717
2036-07-04,19.85,12.47,224.41,331.76,71.3,100.1,3.29,6.013
2036-07-05,19.01,10.75,251.35,318.11,67.7,101,0.11,3.903
2036-07-06,19.74,11.89,163.43,337.1,77.4,100.6,0.89,3.267
2036-07-07,21.92,13.89,257.98,332.32,65.7,100.4,0.94,5.553
2036-07-08,22.15,15.21,262.95,329.35,57.3,100.1,0.24,6.533
2036-07-09,21.86,13.2,254.8,315.17,53.6,100.6,0.05,5.159
2036-07-10,22.49,12.43,262.29,315.09,58.9,100.7,0.01,4.71
2036-07-11,22.84,15.43,210.37,353.57,67,100.5,1.04,3.846
2036-07-12,22.47,14.09,209.62,348.54,79.3,100.6,12.65,1.475
2036-07-13,23.12,13.38,273.65,320.45,62.8,101.4,0.09,4.233
2036-07-14,23.39,13.33,265.61,326.3,68.2,102.1,0.05,1.638
2036-07-15,25.06,13.28,288.47,332.13,61.9,102.3,0.09,2.227
2036-07-16,23.14,16.87,228.79,354.11,74.2,102.1,0.19,1.562
2036-07-17,22.41,15.26,248.9,334.24,72.6,102,0.62,0.443
2036-07-18,27.76,15.97,271.64,361.67,70.4,101.5,1.53,4.832
2036-07-19,21.24,13.99,164.1,349.11,76.4,101.5,0.36,1.122
2036-07-20,25.96,13.23,195.12,362.64,71.2,101.9,0.18,1.98
2036-07-21,30.67,18.09,318.29,347.12,58.7,101.5,0,3.947
2036-07-22,26.74,17.98,255.84,361.13,61.7,100.8,3.31,4.287
2036-07-23,21.51,12.17,201.61,336.13,73.9,99.8,9.18,5.503
2036-07-24,19.62,11.25,244.38,305.63,63.5,100.7,0.32,6.177
2036-07-25,20.37,11.21,254.91,308.69,57,101.2,0,5.066
2036-07-26,23.91,12.26,239.25,336.28,64.7,101.4,0.32,3.63
2036-07-27,26.53,17.07,262.51,345.94,59.4,101.1,0.44,6.31
2036-07-28,23.6,14.52,280.29,311.9,58.7,101.5,0.05,2.426
2036-07-29,19.62,14.59,93,351.14,81.8,101.2,3.89,0.668
2036-07-30,20.67,12.54,269.91,306.8,73,100.9,3.73,0.68
2036-07-31,21,12.77,250.38,310.91,70.2,101,2.16,0.844
2036-08-01,21.33,13,230.9,315.08,67.5,101,0.6,1.059
2036-08-02,21.36,12.21,256.31,307.85,66.9,101.7,1.34,0.614
2036-08-03,22.65,16.23,259.99,328.68,67.6,101.3,0.39,1.234
2036-08-04,23.6,14.86,233.65,336.72,70.4,100.8,3.8,3.115
2036-08-05,22.85,15.53,214,344.96,72.9,100.7,0.81,3.671
2036-08-06,25.94,14.29,282.46,318.24,60.5,101.2,0,4.221
2036-08-07,26.86,14.52,301.93,323.85,59.4,101.5,0,1.186
2036-08-08,24.11,15.18,193.51,339.82,69.2,101.3,6.87,3.267
2036-08-09,23.8,12.73,246.92,319.93,55.1,101.9,0.03,3.421
2036-08-10,22.98,16.43,171.39,355.68,73,101.4,6.74,2.166
2036-08-11,21.8,13.14,224.3,322.36,67.5,101.7,0.07,1.474
2036-08-12,21.25,11.8,232.21,305.78,69.9,102.5,0.17,1.227
2036-08-13,20.61,12.19,260.6,301.82,70.8,102.8,0,3.973
2036-08-14,21.24,16.63,255.08,317.92,69.1,102.4,0,6.016
2036-08-15,21.79,16.31,251.87,319.95,73.2,101.8,0.01,5.313
2036-08-16,21.8,16.04,207.88,339.06,75.2,101.2,0.19,3.503
2036-08-17,22.15,15.03,151.43,345.5,72.6,101,1.25,2.465
2036-08-18,23.86,14.67,235.33,323.88,63.6,101.4,0.45,3.202
2036-08-19,25.69,12.53,208.61,341.14,65.5,101.7,0.03,4.122
2036-08-20,21.89,16.05,68.64,373.4,86.8,101.5,8.96,3.885
2036-08-21,22.55,13.68,213.26,328.18,69.2,101.9,0.1,2.144
2036-08-22,25.13,13.88,173.63,344.99,68.4,102,0,3.808
2036-08-23,23.67,13.37,234.42,318.83,75.7,102.3,0.02,1.022
2036-08-24,25.84,13.47,244.66,325.66,79.1,102.2,0.04,0.455
2036-08-25,26.03,16.08,246.25,337.54,79.4,101.9,0,1.696
2036-08-26,22.78,16.06,215.13,341.08,80.8,101.6,0,2.372
2036-08-27,21.77,16.08,121.42,363.38,86.3,101.3,0.24,4.889
2036-08-28,18.54,16.15,111.46,365.45,78.4,101.4,0.85,7.389
2036-08-29,19.15,15.09,155.77,331.59,66.8,101.5,0,5.216
2036-08-30,19.04,11.86,198.39,300.97,62.6,102.1,0,2.781
2036-08-31,19.27,10.91,194.96,297.45,65.7,102.3,0.16,1.91
2036-09-01,19.5,9.95,191.52,295.09,68.9,102.4,0.32,1.105
2036-09-02,21.62,13.55,122.15,346.62,74.7,101.4,1.11,1.414
2036-09-03,21.03,14.2,123.22,349.19,79.1,100.6,1.78,3.208
2036-09-04,18.56,11.21,170.42,311.24,61,101.1,0.25,2.119
2036-09-05,18.51,9.62,179.07,291.72,61.6,101.6,0.07,2.72
2036-09-06,20.1,9.61,151.93,322.31,69.5,101.4,0.06,3.826
2036-09-07,22.69,14.04,177.25,331.75,72.8,101.2,0.09,2.538
2036-09-08,22.77,13.8,203.09,329.6,77.7,101.2,0,1.32
2036-09-09,22.35,16.05,121.38,333.26,66.2,100.4,4.91,3.983
2036-09-10,23.02,14.32,182.75,326.5,63.3,101.1,0,3.846
2036-09-11,21.72,15.74,92.02,355.04,77.9,99.6,2.48,1.801
2036-09-12,15.91,12.55,58.39,344.73,91.3,99.9,13.97,3.384
2036-09-13,16.86,10.81,166.4,305.55,66,101.4,0.06,3.647
2036-09-14,18.11,13,66.21,354.44,83.5,100.5,14.94,3.55
2036-09-15,16.73,10.83,117.59,317.99,85.4,100,3.9,3.764
2036-09-16,16.87,9.08,173.78,284.35,68.9,100.6,0.28,4.688
2036-09-17,14.33,8.51,102.49,309.28,82.6,101.1,2.11,0.608
2036-09-18,17.5,9.23,164.63,296.67,70.4,102.4,0.15,1.991
2036-09-19,21.65,11.56,181.93,317.75,72.3,102.2,0,3.765
2036-09-20,22.47,13.52,167.06,341.02,80.4,101.1,1.4,4.856
2036-09-21,19.2,10.21,170.03,296.19,71.2,101.7,0.02,3.927
2036-09-22,17.57,8.56,140.69,305.71,77,102.2,0.09,1.151
2036-09-23,17.82,11.41,108.59,324.58,70.7,101.7,0,5.201
2036-09-24,18.59,15.06,162.87,332.62,72.6,101,0.52,6.464
2036-09-25,19.76,15.53,111.88,355.6,91.3,100.5,2.03,1.039
2036-09-26,21.89,15.37,154.15,337.79,79.9,100.6,0.05,2.2
2036-09-27,19.23,13.74,117.05,342.27,79.5,100.1,15.78,2.509
2036-09-28,15.97,12.93,68.79,355.46,89.7,98.5,16.04,2.475
2036-09-29,20.17,13.59,115.77,356.77,90,98.8,0.89,1.847
2036-09-30,18.24,15.63,61.43,375.73,95,98.3,23.18,2.021
2036-10-01,18.14,14.64,127.89,342.96,84.4,99.3,2.03,3.16
2036-10-02,18.42,12.58,149.67,310.2,82.2,100.8,0,4.193
2036-10-03,17.92,13.28,104.93,346.47,85.9,101.9,0.43,2.207
2036-10-04,17.35,14.71,47.92,365.62,91.7,102,6.86,3.554
2036-10-05,19.03,16.1,131.74,336.3,88.1,102.2,0.12,6.79
2036-10-06,18.24,14.91,104.44,343.59,85.3,102.3,0,4.613
2036-10-07,19.52,12.55,124.07,327.17,94,102.3,0.09,1.386
2036-10-08,18.34,13.33,125.48,330.76,89,102.2,0.13,1.742
2036-10-09,17.59,12.99,118.03,321.48,82.2,102.2,0,3.388
2036-10-10,17.19,13.46,91.44,338.36,82.2,102.4,0.45,3.993
2036-10-11,14.62,10.29,94.55,317.19,76.7,102.2,0.11,1.229
2036-10-12,14.88,10.17,66.2,327.8,83.4,101.2,0.42,1.012
2036-10-13,15.09,10.56,103.03,328.51,84.1,100.4,4.55,2.805
2036-10-14,13.55,10.88,37.13,342.33,89.2,99.4,16.48,3.49
2036-10-15,12.76,6.59,53.25,305.95,86.3,98.3,11.98,7.499
2036-10-16,10.95,3.97,110.9,265.62,74.4,100.2,0.13,3.977
2036-10-17,13.77,4.46,87.93,292.14,73.7,100.1,3.4,2.414
2036-10-18,12.7,6.54,82.67,288.43,84.4,100,1.06,2.799
2036-10-19,13.06,4.81,103.68,277.15,80.5,100.6,0.03,0.8
2036-10-20,10.91,5.22,51.2,298.43,90,100.7,1.68,0.879
2036-10-21,12.08,5.34,69.35,305.54,89.2,100.7,2.3,1.824
2036-10-22,12.96,5.38,91.84,283.31,91.1,100.7,0.19,0.105
2036-10-23,13.66,5.74,98.76,284.88,89.7,101,0.05,0.414
2036-10-24,10.23,5.89,35.94,311.36,94.8,99.9,4.15,1.768
2036-10-25,12.6,4.41,100.11,278.06,89,99.4,0.85,1.299
2036-10-26,10.94,6.86,69.39,308.62,90.4,98.8,6.97,3.288
2036-10-27,10.46,5.72,54.09,314.82,87.3,98.4,4.25,8
2036-10-28,12.41,7.65,86.68,292.42,86.7,100.8,0.19,4.28
2036-10-29,12.14,7.17,89.23,288.91,77,101.7,0.04,4.113
2036-10-30,11.77,5.11,82.41,282.66,85.3,101.9,0,0.768
2036-10-31,12.15,6.98,63.82,302.54,85.6,101.6,0.08,0.784
2036-11-01,12.53,8.85,45.36,322.03,86,101.3,0.16,2.086
2036-11-02,13.85,9.83,34.81,350.51,98.6,100.7,8.64,1.02
2036-11-03,12.89,9.27,31.88,328.88,97.3,100.6,4.52,2.372
2036-11-04,13.97,8.58,40.21,336.83,92.7,100.6,19.87,2.656
2036-11-05,14.45,10.78,76.21,308.74,84.1,99.2,1.5,6.886
2036-11-06,11.85,8.42,67.74,293.11,70.5,99.6,0.35,9.318
2036-11-07,11.53,7.86,72.09,294.22,75.9,100.8,0,6.422
2036-11-08,10.73,7.25,72.8,287.38,75.1,100.2,0.12,6.615
2036-11-09,9.35,3.5,70.26,258.86,78.4,100.6,0,3.476
2036-11-10,9.09,2.73,76.26,249.26,78.8,100.5,0,2.322
2036-11-11,10.11,3.27,63.7,274.92,81.6,100.9,0.47,1.725
2036-11-12,9.09,3.77,54.77,282.77,81.5,101.9,0.25,0.985
2036-11-13,7.52,2.94,46.58,289.19,90.9,101.9,1.51,1.367
2036-11-14,5.85,2.23,33.19,282.78,92.2,101.9,1.73,0.249
2036-11-15,6.26,1.55,62.87,258.3,85,102.1,0.05,1.756
2036-11-16,9.47,2.89,66.21,264.18,89.7,101.2,0,2.049
2036-11-17,14.09,9.48,43.06,318.16,88.7,99.8,0.01,3.179
2036-11-18,14.14,7.27,18.18,319.78,90.2,99.4,0.82,1.238
2036-11-19,11.15,7.17,35.83,314.22,93.7,99.8,2.68,1.053
2036-11-20,10.76,7.27,44.57,311.4,96,101,0.29,1.095
2036-11-21,11.62,6.61,19.54,297.14,86.9,100.9,7.16,2.522
2036-11-22,10.69,5.18,58.2,267.69,87.9,102.2,0,3.04
2036-11-23,9.21,6.85,36.44,296.97,89.3,101.3,1.33,1.549
2036-11-24,9.89,3.56,56.23,264.95,88.3,101.3,0,2.558
2036-11-25,10.2,4.92,40.88,277.97,85.7,100.8,2.67,3.563
2036-11-26,12.3,4.21,11.58,308.16,89.8,100.5,11.33,4.53
2036-11-27,9.58,6.09,51.35,268.03,85.8,100.7,0,6.275
2036-11-28,10.31,6.23,52.26,281.36,89.1,101.7,0,2.766
2036-11-29,9.65,4.36,29.66,293.47,88.4,102.5,0,0.914
2036-11-30,9.04,5.46,22.05,317.5,92.3,102.2,0.7,0.67
2036-12-01,7.55,2.38,24.14,295.14,93,102,0.33,1.994
2036-12-02,9.46,3.68,19.02,326.96,95.1,101.8,0.38,2.082
2036-12-03,9.4,5.82,29.87,320.68,94.1,101.9,2.28,1.132
2036-12-04,11.76,3.99,16.05,314.14,92.8,101.7,1.53,3.145
2036-12-05,8.24,2.1,46.79,255.51,95,102.7,0,2.563
2036-12-06,8.07,0.59,37.65,293.93,91.6,102.6,0.12,1.29
2036-12-07,8.9,6.77,25.92,320,82.5,102.5,0.11,4.088
2036-12-08,7.06,5.44,25.09,313.98,85,102.8,0.22,1.158
2036-12-09,8.59,5.87,10.44,328.29,95,102.4,13.87,1.637
2036-12-10,8.24,2.75,26.36,284.33,96.9,102.5,0.86,2.959
2036-12-11,8.68,2.51,19.63,299.01,96.6,102.5,1.18,2.978
2036-12-12,8.79,1.87,41.17,268.93,94.7,102.4,0.24,3.195
2036-12-13,9.19,1.95,21.34,313.28,90.3,101.7,4.55,4.588
2036-12-14,7.36,4.74,33.24,279.75,73.4,100.8,0,7.966
2036-12-15,9.34,5.71,27.25,312.28,77.7,101,1.16,6.192
2036-12-16,9.8,7.41,38.11,290.97,81.4,99.5,2.59,7.034
2036-12-17,11.27,6.66,18.63,307.39,87.4,98.9,14.83,3.59
2036-12-18,10.31,6.57,38.11,288.68,75.1,98.9,0,6.167
2036-12-19,8.46,4.61,35.03,293.14,87.8,99.2,0,3.689
2036-12-20,5.08,1.45,42.76,255.14,78.1,100.8,0.14,5.724
2036-12-21,4.57,-0.62,39.92,245.01,88.9,102,0.07,3.463
2036-12-22,4.03,-0.6,39.6,249.85,84.9,102.5,0,2.067
2036-12-23,5.81,2.12,16.95,287.68,73.4,102.6,0,3.353
2036-12-24,5.94,2.78,38.78,251.44,69.5,103.5,0,4.066
2036-12-25,6.73,1.9,27.25,273.01,73.5,104.1,0,3.702
2036-12-26,6.17,3.64,20.39,302.91,72.7,104.2,0.06,4.806
2036-12-27,6.08,2.03,28.02,296.79,86,103.5,0.09,2.236
2036-12-28,7.52,6.04,16.09,331.7,96.3,103,1.43,2.668
2036-12-29,6.98,1.44,22.03,298.31,94.4,103.2,0.21,2.489
2036-12-30,5.71,-0.02,28.01,289.21,94.6,103.7,0.05,3.155
2036-12-31,5.59,1.04,25.83,295.86,94.5,103.5,0.08,3.99
2037-01-01,5.48,2.1,23.66,304.22,94.4,103.4,0.11,4.836
2037-01-02,8.24,5.43,23.32,310.85,88.7,102.8,0,4.332
2037-01-03,8.09,4.47,25.6,306.12,93.2,102.6,0.42,4.328
2037-01-04,8.81,3.71,16.98,317.58,89.3,102.4,1.16,2.408
2037-01-05,6.21,2.05,15.92,307.46,92.1,102.7,1.35,2.188
2037-01-06,7.28,5.32,17.21,321.46,97.5,102.1,0.19,2.691
2037-01-07,6.79,4.02,24.74,314.9,95.1,101.4,0.27,2.115
2037-01-08,5.45,1.34,20.63,293.74,95.1,101.1,0.06,0.039
2037-01-09,6.78,2.63,17.45,311.09,88.3,100.7,12.98,3.637
2037-01-10,9.55,4.96,19.27,305,93.3,99.3,19.09,1.949
2037-01-11,8.99,4.88,34.2,290.08,93.3,100,0.31,2.416
2037-01-12,11.32,8.01,25.11,318.32,93.8,98.9,9.07,2.672
2037-01-13,9.7,6.1,34.89,280.05,90.7,98.8,0.27,1.749
2037-01-14,7.54,3.7,31.72,287.92,93.6,98.6,0.1,3.413
2037-01-15,8.04,3.03,10.53,311.4,97.4,98.9,9.26,1.797
2037-01-16,7.22,5.28,25.12,319.55,97.3,99.7,1.43,0.473
2037-01-17,8.91,3.86,29.64,315.87,94.9,100.1,2.52,4.261
2037-01-18,6.83,3.38,38.34,302.41,88.7,100.8,2.84,0.518
2037-01-19,6.86,4.53,35.89,292.4,80.7,99.8,2.66,2.33
2037-01-20,5.52,3.7,22.54,303.37,87.8,100.7,11.04,0.944
2037-01-21,5.54,1.74,39.28,293.16,74.9,101.7,0.12,4.891
2037-01-22,2.05,-0.2,35.87,278.22,77.3,101.2,0.61,3.182
2037-01-23,1.79,-1.04,28.58,285.43,89.5,101,3.86,3.491
2037-01-24,3.31,-4.48,24.85,282.23,89.1,101.1,6.08,1.503
2037-01-25,10.24,2.59,40.04,303.02,93,99.8,10.79,3.1
2037-01-26,9.17,5.71,28.52,319.03,77.3,99.4,1.97,10.102
2037-01-27,6.64,2.57,47.5,278.76,83.6,101.3,0.61,4.088
2037-01-28,5.97,1.09,43.44,281.08,95.1,102.1,0.96,2.749
2037-01-29,9.82,3.68,12.94,316.31,94,101.3,7.32,3.551
2037-01-30,7.54,3.21,58.71,272.47,80.3,101.9,0.1,3.807
2037-01-31,10.86,2.6,40.87,308.87,90,101.1,9.04,2.903
2037-02-01,8.1,1.69,73.07,258.35,86,102.6,0,4.115
2037-02-02,10.81,4.95,49.58,301.82,86.5,102.4,0.1,6.315
2037-02-03,9.15,6.89,54.37,312.86,90.1,102.8,0.42,5
2037-02-04,7.85,5.59,42.34,317.33,91.7,102.8,0.8,3.613
2037-02-05,9.28,6.13,49.33,319.33,94.1,102.8,0.51,2.204
2037-02-06,7.71,5.03,44.05,302.73,92.9,102.4,0.47,2.846
2037-02-07,9.26,2,84.11,264.95,78.5,102.8,0.29,4.235
2037-02-08,7.95,0.4,79.39,269.5,82.5,103.2,0.1,1.242
2037-02-09,8.62,3.88,56.02,300.89,92.9,102.6,0.15,1.783
2037-02-10,9.8,6.01,41.66,323.7,94.8,102.5,0.22,1.955
2037-02-11,9.73,5.7,62.66,311.29,92.4,102.4,0.35,2.493
2037-02-12,9.8,6.17,88.93,286.8,90.5,102.4,0.08,1.297
2037-02-13,9.98,5.95,61.1,289.79,92.6,102.1,0.14,1.299
2037-02-14,10.51,7.41,88.32,302.51,89,101.8,2.06,1.407
2037-02-15,11.13,7.83,72.37,304.27,76.1,101.8,0.29,4.726
2037-02-16,12.21,8.03,24.26,337.27,94,101.4,3.61,1.757
2037-02-17,10.99,6.16,102.4,266.45,73.4,102.1,0,4.122
2037-02-18,10.83,6.89,107.22,279.79,74.7,101.7,3.38,1.405
2037-02-19,9.6,5.22,83.83,288.1,75.6,99.9,6.68,3.607
2037-02-20,8.92,4.08,100.89,284.99,72.9,100.6,3.57,4.943
2037-02-21,11.07,8.43,48.92,333.47,90.9,98.7,12.53,4.082
2037-02-22,8.95,5.33,75.31,304.92,80.6,99.1,2.54,6.79
2037-02-23,10.99,6.15,54.06,319.51,88.4,100.6,1.85,3.809
2037-02-24,11,6.04,31.18,316.59,86,100.3,0.95,3.896
2037-02-25,9.36,3.37,115.22,270.37,67.3,101.1,0.75,5.71
2037-02-26,9.88,5.53,47.92,318.95,77.6,99.9,10.77,6.798
2037-02-27,9.84,3.57,107.05,274.03,77.8,102.7,0.05,3.437
2037-02-28,8.4,1.39,105.17,260.1,84.3,104.1,0.07,1.393
2037-03-01,8.51,2.38,107.19,279.71,77.3,104.2,0.21,0.538
2037-03-02,9.16,2.74,96.45,285.12,80.6,103.8,0.07,3.842
2037-03-03,11.14,6.76,69.89,314.96,86.6,103.2,0.21,3.577
2037-03-04,10.6,6.66,80.5,322.69,88.7,103.2,0.3,2.126
2037-03-05,9.91,5.95,80.17,312.75,87.3,103.2,0.37,1.257
2037-03-06,8.87,4.63,79.42,302.8,80.6,102.4,3.48,4.11
2037-03-07,9.9,3.88,83.77,297.89,72.9,101.9,1.79,5.866
2037-03-08,9.95,2.23,122.74,270.57,80.9,103,0,1.731
2037-03-09,11.35,1.44,156.57,269.29,83.3,103.3,0,1.381
2037-03-10,11.01,6.61,86.92,318.3,88.8,103.4,1.11,0.676
2037-03-11,9.83,5.5,87.3,309.94,86,103.6,0.7,1.392
2037-03-12,11.81,6.7,101.01,302.95,86.9,103.3,0.33,3.695
2037-03-13,14.46,6.3,159.96,289.29,83.2,102.8,0.32,3.967
2037-03-14,12.04,5.22,143.38,281.46,89.7,102,0.08,2.047
2037-03-15,12.63,5.73,114.03,301.67,84.5,100.5,2.59,4.906
2037-03-16,9.06,4.01,133.29,275.52,62.8,99.8,0,2.435
2037-03-17,7.4,2.53,95.77,282.86,71.8,99.6,1,3.597
2037-03-18,5.87,0.2,44.36,288.13,81.6,99.4,6.83,3.641
2037-03-19,7.77,1.6,169.51,251.24,57.4,100.2,0.14,2.936
2037-03-20,7.48,-1.59,165.46,237.07,68.2,101.3,0,2.964
2037-03-21,7.41,1.24,123.38,258.96,65.6,101.2,0,3.227
2037-03-22,9.7,-0.57,194.36,245.35,58.7,100.9,3.03,0.892
2037-03-23,10.63,3.14,108.95,301.26,87.7,98.8,9.04,1.554
2037-03-24,9.04,5.12,100.48,298.73,92.5,98.4,7.23,2.242
2037-03-25,6.67,4.3,72.8,308.34,86.8,99.5,3.16,1.654
2037-03-26,9.93,1.6,180.08,265.9,69.9,101,0.08,3.279
2037-03-27,12.33,4.82,66.94,316.5,87.3,100.6,4.14,3.567
2037-03-28,15.98,8.89,132.01,330.17,78.2,100.3,1.99,6.036
2037-03-29,13.75,7.97,135.86,316.99,68.7,101.5,1.92,6.053
2037-03-30,18.14,8.4,125.21,342.6,81.6,101.1,2.64,6.451
2037-03-31,15.91,10.43,161.51,318.25,81,101.8,0.05,4.035
2037-04-01,16.23,10.09,196.01,300.73,86.3,101.5,0,1.275
2037-04-02,18.94,12.02,198.65,308.01,75.4,100.3,0,1.988
2037-04-03,12.63,7.58,158.74,282.62,58.6,101.5,0,5.231
2037-04-04,13.07,6.27,124.08,303.41,67.2,102,0.07,3.162
2037-04-05,14.1,8.25,128.61,316.25,76.9,100.7,0,1.665
2037-04-06,14.18,9.88,125.59,324.64,79.1,99.7,1.21,2.61
2037-04-07,12.06,8.66,86.55,322.85,92,99,1.91,2.019
2037-04-08,11.48,8.32,159.34,308.83,80.4,98.5,9.6,4.093
2037-04-09,12.82,7.27,156.65,305.82,68.2,100.6,0.16,6.162
2037-04-10,15.4,10.14,118.27,336.46,82.1,100.5,0.7,5.41
2037-04-11,11.72,6.76,180.64,292.06,62.3,100.6,0.64,5.361
2037-04-12,11.78,6.74,131.74,307.62,78.1,99.6,5.56,5.713
2037-04-13,15.69,5.92,160.67,315.09,70.4,100.7,0.2,6.52
2037-04-14,11.73,6.92,157.99,306.93,64.3,101.9,0.17,3.673
2037-04-15,11.02,6.57,161.67,302.4,75.9,101.7,1.03,5.242
2037-04-16,17.64,7.92,137.77,334.5,88.8,101.2,0.43,1.599
2037-04-17,16.01,10.77,187.4,333.29,91.3,101.3,0.19,3.035
2037-04-18,19.07,11.61,239.39,324.99,86,100.6,0.13,4.519
2037-04-19,18.7,10.59,169.33,328.96,77.7,101,0.16,4.608
2037-04-20,15.16,9.05,145.59,317.16,76.3,101.2,0.31,4.08
2037-04-21,14.48,6.85,157.59,303.68,75.9,101.3,0.36,4.755
2037-04-22,16.23,6.26,220.73,290.05,68.3,102.3,0,2.604
2037-04-23,18.39,9.79,215.27,314.62,72.6,102.2,0.05,3.177
2037-04-24,16.68,7.93,196.92,297.46,60.9,102.4,0.07,4.015
2037-04-25,15.06,7.13,193.26,288.23,58.6,102.8,0.12,2.257
2037-04-26,18.07,9.13,279.8,292.73,61.6,101.6,0.09,2.041
2037-04-27,14.34,8.08,78.25,322.79,71.2,100.8,2.98,3.493
2037-04-28,11.99,5.67,157.55,296.33,58.8,101.5,0.16,4.397
2037-04-29,11.56,5.1,160.38,282.41,63.5,102.2,0.14,1.03
2037-04-30,10.89,4.55,163.07,285.86,73.1,102,0.18,2.002
2037-05-01,10.69,3.92,179.07,274.22,67.7,102.2,0.09,3.895
2037-05-02,11.73,6.82,126.16,305.29,69.6,101.1,8.35,5.355
2037-05-03,13.93,7.62,130.38,326.37,94,99.9,15.35,0.695
2037-05-04,13.24,7.18,187.8,305.86,85.5,100.8,0.3,1.14
2037-05-05,12.45,6.73,150.24,301.64,75.2,101.5,0.47,0.726
2037-05-06,10.41,6.53,132.94,308.57,83.2,101,2.54,2.748
2037-05-07,10.82,4.99,135.92,305.65,71.6,101.1,3.94,1.848
2037-05-08,9.53,4.95,85.72,308.65,89.6,100.5,17.67,1.922
2037-05-09,11.35,4.72,159.29,293.69,71.1,101.2,0.34,1.422
2037-05-10,12.38,4.54,202.94,277.04,70,101.5,0.32,1.779
2037-05-11,12.35,5.17,265.88,269.55,68.8,101.7,0.05,4.715
2037-05-12,13.08,8.05,304.81,268.34,72.8,101.5,0,5.218
2037-05-13,14.79,10.04,241.26,307.55,80.5,101.4,3.93,4.637
2037-05-14,13.6,9.95,142,335.55,92.6,101.6,11.26,0.709
2037-05-15,16.34,9.1,244.02,303.2,82.2,101.4,3.88,1.66
2037-05-16,16.14,10.35,228.82,309.29,82.2,101.5,3.16,1.688
2037-05-17,16.19,9.71,189.28,318.1,84,101.5,0.3,3.075
2037-05-18,17.72,13.11,177.25,345.87,88.6,100.8,1.86,1.437
2037-05-19,17.9,10.37,183.5,325.49,80,100,2.1,1.744
2037-05-20,16.52,9.69,237.28,299.45,57.7,100.1,0.26,7.424
2037-05-21,16.54,9.84,154.62,329.23,63.2,100.6,0.19,7.214
2037-05-22,14.31,8.51,115.81,323.75,90.8,100.7,7.2,1.97
2037-05-23,16.43,10.37,219.49,314.52,79,100.8,2.67,1.471
2037-05-24,14.48,9.65,197.34,320.42,73.4,101.5,1.23,1.948
2037-05-25,11.66,7.52,212.37,287.63,65.3,101,1.58,5.969
2037-05-26,12.66,6.41,144.31,306.95,83.6,100.8,4.85,4.621
2037-05-27,12.25,5.5,171.91,298.25,80.7,101.9,2.12,3.015
2037-05-28,17.41,7.03,145.13,340.68,85.2,101.9,3.44,2.969
2037-05-29,15.24,9.67,204.78,315.58,75,100.9,2.79,5.645
2037-05-30,13.89,8.29,208.32,300.37,68.7,101,0.53,6.197
2037-05-31,14.35,8.37,212.85,304.72,68.8,101,0.99,5.194
2037-06-01,14.82,8.45,217.37,309.09,68.9,101,1.46,4.192
2037-06-02,15.16,7.39,195.9,302.1,67.7,100.8,0.31,3.22
2037-06-03,15.43,8.16,258.75,302.98,62.8,100.4,2.33,7.054
2037-06-04,16.83,8.16,261.73,303.82,59.5,101.5,0.17,3.391
2037-06-05,15.56,8.64,216.25,302.25,70.8,101.7,0.63,0.898
2037-06-06,14.44,8.82,228.43,296.7,77.4,101.7,0.27,3.657
2037-06-07,16.05,7.43,252.2,296.26,72.7,101.8,0.47,1.209
2037-06-08,17.53,10.26,183.92,322.94,81.7,101.9,3.77,0.101
2037-06-09,12.94,10.77,112.92,339.54,93.2,101.9,14.27,4.375
2037-06-10,12.28,9.78,91.05,339.47,89.4,101.9,9.82,4.576
2037-06-11,15,8.49,209.41,316.57,70.2,102,0.16,1.65
2037-06-12,15.88,7.05,256.78,286.62,75.7,102,1.43,1.222
2037-06-13,18.88,8.93,273.33,315.6,76.6,101.6,0.15,4.428
2037-06-14,21.45,12.86,310.53,325.49,70.1,101.4,0,4.189
2037-06-15,20.29,11.99,167.34,351.42,78.6,101.2,0.21,3.074
2037-06-16,20.83,11.23,299.16,311.55,75.5,101.3,0.2,1.234
2037-06-17,19.33,10.9,275.33,314.15,69.2,101.7,0.11,1.248
2037-06-18,20.83,12.14,260.2,329.68,69.1,101.3,0.13,3.1
2037-06-19,16.71,13.58,126.27,355.6,92.4,101.1,11.55,2.121
2037-06-20,19,9.87,248.81,322.65,82.7,101.3,6.53,1.221
2037-06-21,20.14,9.82,274.8,319.06,73.6,101.3,0.18,3.456
2037-06-22,18.71,12.17,219.04,332.16,68.1,101.5,0.06,4.384
2037-06-23,17.16,11.07,212.82,317.04,76.6,102.1,5.79,1.012
2037-06-24,17.26,9.65,225.85,306.45,78.9,102.7,0.71,1.705
2037-06-25,17.78,8.66,316.52,284.4,75.1,103,0,2.137
2037-06-26,17.46,11.39,320.23,293.48,75.1,102.9,0,5.385
2037-06-27,19.61,13.93,344.61,302.7,77.9,102.7,0,6.31
2037-06-28,20.95,15.72,348.64,303.88,71.1,102.4,0,6.911
2037-06-29,19.46,15.7,342.58,302.72,73.8,101.8,0,6.906
2037-06-30,20.33,15.13,294.38,328.62,78.4,101.3,0.05,4.177
2037-07-01,21.83,13.02,317.94,317.94,82,101.3,0.78,1.787
2037-07-02,22.9,15.07,265.51,340.04,80.7,100.9,5.56,1.276
2037-07-03,21.66,13.81,264.29,329.56,83.4,100.6,6.39,1.928
2037-07-04,22.45,13.81,285.93,332.15,85.6,100.6,7.87,0.383
2037-07-05,18.3,13.94,202.64,345.94,87.9,101,6.12,3.865
2037-07-06,18.29,14.68,251.17,335.17,77.2,101.6,0.01,4.237
2037-07-07,19.14,14.16,270.51,323.71,76.9,101.4,0.55,5.41
2037-07-08,19.32,15.32,217.22,346,76.9,101,5.28,1.455
2037-07-09,21.6,15.22,219.78,347.97,75.2,100.8,1.67,2.965
2037-07-10,21.07,14.48,255.8,339.41,80.5,101.1,3.9,3.414
2037-07-11,23.23,13.21,258.4,338.58,77,102.2,0.16,0.986
2037-07-12,23.81,14.99,331.53,322.6,65.5,102.1,0,1.443
2037-07-13,25.44,16.58,231.85,373.03,72.9,101.7,1.69,3.699
2037-07-14,21.67,16.7,219.81,348.14,79.4,101.7,0.24,1.063
2037-07-15,22.17,16.14,317.99,331.23,78.7,101.2,4.63,5.369
2037-07-16,25.05,18.45,319.88,349.73,72.2,100.3,16.69,1.664
2037-07-17,22.2,16.33,246.83,340.12,78,100.5,7.77,1.938
2037-07-18,20.96,15.61,203.33,344.41,83,100.8,7.43,3.341
2037-07-19,19.81,14.56,191.27,341.6,88,101.4,14.82,2.902
2037-07-20,20.77,13.86,225.73,335.46,82.6,101.8,0.18,0.592
2037-07-21,21.68,12.59,300.19,318.7,81.9,101.6,0.18,0.967
2037-07-22,24,16.43,297.59,342.86,73.7,101.2,0,0.963
2037-07-23,22.81,16.38,177.23,355.23,83.4,100.8,4.49,1.338
2037-07-24,21.55,14.44,235.61,331.22,80.6,100.6,4.2,2.257
2037-07-25,21.45,15.59,260.69,335.76,76.5,101.1,0.63,0.726
2037-07-26,22.25,15.05,257.19,332.11,80.4,101.5,1.54,0.259
2037-07-27,25.27,15.9,273.32,342.54,73.2,101.4,0.81,1.128
2037-07-28,25.31,16.67,240.14,350.64,67.1,101.3,0.34,3.167
2037-07-29,23.59,14.64,242.2,333.55,67.8,101.6,0.05,1.045
2037-07-30,21.95,17.05,200,350.02,77.3,101.6,1.52,1.552
2037-07-31,21.23,15.6,241.85,331.09,74.6,101.6,0.77,3.046
2037-08-01,20.51,14.14,284.86,312.03,72,101.5,0,4.543
2037-08-02,23.04,12.53,206.42,332.45,75.3,101.3,1.92,0.351
2037-08-03,22.53,14.58,248.37,331.59,71,101.6,0.49,0.314
2037-08-04,19.64,14.14,121.12,347.08,85.1,101.2,9.6,3.302
2037-08-05,21.11,12.68,275.33,308.15,64.2,101.9,0.01,3.742
2037-08-06,25.15,13.55,273.96,338.42,66.6,102,0,3.46
2037-08-07,26.85,17.43,237.49,367.29,71.8,101.2,0.35,3.56
2037-08-08,21.96,15.17,240.45,326.31,58.1,100.8,0.05,3.383
2037-08-09,20.97,13.06,213.97,322.52,66,101,0.44,3.463
2037-08-10,21.78,12.21,219.9,317.77,64.2,101.5,0,2.086
2037-08-11,22.68,13.42,238.57,321.55,64.9,101.3,0,1.901
2037-08-12,23.49,15.38,147.8,344.41,70.4,100.3,1.08,2.288
2037-08-13,22.3,13.48,234.35,315.5,59.1,101,0,5.061
2037-08-14,20.94,11.72,224.93,304.7,71.1,101.9,0.72,1.324
2037-08-15,21.14,10.34,235.76,302.87,70.1,102.4,0,0.732
2037-08-16,23,12.74,269.64,311.15,72.3,102.3,0,0.821
2037-08-17,25.52,13.11,265.49,316.5,71.2,102.3,0,0.509
2037-08-18,25.11,13.54,271.84,316.93,74.6,102.3,0,1.93
2037-08-19,26.2,13.45,263.95,330.61,74.8,102.3,0.01,2.574
2037-08-20,20.76,17.76,202.73,338.47,77.2,102.6,0.03,6.676
2037-08-21,23.7,17.64,276.27,320.07,71.3,102.5,0,6.054
2037-08-22,24.45,18.37,274.4,328.13,76.2,102.2,0,4.968
2037-08-23,28,18.69,268.95,343.27,71.1,101.6,0,2.85
2037-08-24,26.16,17.72,262.34,342.55,75,101.9,0,2.454
2037-08-25,19.86,15.33,228.12,315.81,62.2,102.8,0.11,4.747
2037-08-26,19.62,13.89,236.26,307.85,68.6,102.9,0.06,4.078
2037-08-27,22.05,11.79,198.41,330.49,86.1,102.6,0.14,3.014
2037-08-28,22.21,16.55,191.49,348.5,82.2,102.3,0.12,2.839
2037-08-29,20.23,15.71,190.48,343.21,73,102.2,0.09,3.59
2037-08-30,20.03,15.64,183.42,328.91,79.3,102,0.08,4.211
2037-08-31,22.41,15.56,212.93,321.47,78.7,101.8,0.02,3.673
2037-09-01,24.78,15.47,242.9,313.72,78,101.6,0,3.142
2037-09-02,26.54,14.98,230.24,325.83,75.4,101.8,0,1.292
2037-09-03,22.95,14.72,197.66,331.44,80.4,102.2,0,0.858
2037-09-04,29.51,15.63,223,332.67,69.3,101.9,0,1.286
2037-09-05,22.31,11.75,149.43,339.68,79.1,102.2,0.13,1.554
2037-09-06,23.66,12.36,232.67,309.67,75.2,102.4,0,0.61
2037-09-07,27.13,12.53,232.22,316.04,76.6,102.4,0,0.264
2037-09-08,24.62,12.45,178.08,341.44,85.2,102.6,0.11,1.425
2037-09-09,22.64,13.87,217.82,329.07,82.9,102.7,0.04,2.956
2037-09-10,23.06,16.12,217.26,328.77,84.8,102.7,0,3.622
2037-09-11,27.66,16.25,223.04,332.01,78.6,102.2,0,2.18
2037-09-12,29.52,16.2,192.43,347.02,63.6,101.3,2.32,1.287
2037-09-13,25.13,14.3,176.93,338.54,56.4,100.4,3.06,5.842
2037-09-14,22.36,14.65,176.46,338.05,64.1,101.1,0.06,7.835
2037-09-15,21.93,14.45,118.43,332.02,73.4,101.3,0.45,5.019
2037-09-16,18.01,11.28,153.05,290.78,55.1,100.9,0.19,6.745
2037-09-17,15.91,8.99,109.76,309.32,78.9,101,3.8,3.849
2037-09-18,16.95,10.19,144.79,294.68,65.4,101.4,0.28,2.58
2037-09-19,18.02,9.7,168.41,298.6,61,102,0,3.088
2037-09-20,20.27,11.33,127.3,323.35,71.5,102.5,0.02,3.873
2037-09-21,19.05,10.75,136.84,321.13,67.5,102.7,0,4.435
2037-09-22,21.46,14.52,163.36,338.27,74.7,102.9,0.08,2.609
2037-09-23,22.74,14.86,162.57,328.78,81,103.1,0.14,1.347
2037-09-24,22.37,12.64,146.55,324.88,77.5,102.4,0,2.678
2037-09-25,21.03,9.68,104.09,319,81.7,100.9,5.84,4.406
2037-09-26,15.75,7.97,156.19,277.16,60.6,101,0.11,4.251
2037-09-27,15.93,7.86,96.91,312.03,74.7,101.1,4.7,5.292
2037-09-28,14.93,10.65,71.94,325.22,89.7,100.3,2.22,5.338
2037-09-29,16.97,11.03,122.51,319.74,79.8,100.1,1.39,2.024
2037-09-30,15.66,10.49,97.92,304.55,66.1,101.5,0.18,2.271
2037-10-01,15.65,8.43,98.1,301.62,71.7,102.5,0.07,1.532
2037-10-02,17.81,7.45,85.01,324.14,80.2,102.1,1.01,4.466
2037-10-03,13.43,9.05,111.42,286.21,65.4,101.6,0.06,5.633
2037-10-04,13.47,7.28,114.71,300.29,79.3,101.7,1.84,4.82
2037-10-05,15.46,11.57,74.43,319.8,81.3,101.7,6.05,5.854
2037-10-06,17.42,10.32,128,323.45,85.9,101.9,1.64,4.525
2037-10-07,15.84,13.84,54.44,346.51,89.1,101.6,38.25,5.531
2037-10-08,17.02,13.32,72.77,330.22,83.8,101.6,0.73,7.119
2037-10-09,16.94,12.76,49.9,355.74,96.8,101,15.47,1.321
2037-10-10,17.25,13.76,81.45,355.51,93.3,100.9,0.99,2.013
2037-10-11,14.85,10.24,75,327.65,85.9,101,0.58,1.372
2037-10-12,15.23,10.03,89.09,319.35,84.9,101.3,1.1,4.565
2037-10-13,14.18,8.13,130.27,276.7,71.3,102.2,0,5.114
2037-10-14,14.62,6.33,117.08,298.71,78.8,102.3,0.06,1.777
2037-10-15,14.6,9.76,81,322.82,79.4,101.9,1.18,3.4
2037-10-16,11.89,8.59,120.08,298.84,71.3,102.4,0,3.505
2037-10-17,14.44,6.96,104.47,291.13,80.1,101.8,0,3.57
2037-10-18,14.37,8.24,78.35,310.14,84.9,100.3,0.99,3.827
2037-10-19,12.36,6.49,108.94,277.76,78.7,100.1,0,4.192
2037-10-20,9.63,3.42,74.46,272.6,75.1,100.4,0.84,3.404
2037-10-21,8.91,2.44,82.19,266.5,78.2,100.4,1.16,5.722
2037-10-22,8.34,0.1,118.84,226,65.3,100.9,0,3.758
2037-10-23,10.14,-0.31,47.75,294.94,80,100.8,2.34,5.666
2037-10-24,10.53,8.63,38.27,334.2,90.6,100.5,9.85,7.472
2037-10-25,11.11,5.3,65.77,300.45,91.7,100.8,4.23,2.536
2037-10-26,11.11,3.29,92.37,276.79,94.4,100.2,0.41,0.994
2037-10-27,11.18,4.99,82.08,285.64,84.6,98.9,0.3,1.317
2037-10-28,9.85,5.25,44.48,302.69,87.6,98.6,6.21,3.214
2037-10-29,11.41,4.51,70.05,286.56,89.8,100,0.58,2
2037-10-30,11.7,4.54,82.81,274.59,86.7,101.2,0.14,2.378
2037-10-31,11.4,6.08,70.34,293.99,84.8,101.4,0.1,2.955
2037-11-01,11.11,7.62,58.15,312.27,82.8,101.6,0.05,4.014
2037-11-02,11.12,6.88,52.5,310.55,88.4,100.6,0.34,3.035
2037-11-03,12.84,6.84,56.65,323.43,96.2,100.3,2.85,0.916
2037-11-04,13.39,11.17,65.11,328.99,91.6,100.2,2.97,1.993
2037-11-05,12.71,7.26,37.44,316.45,92.7,99.4,2.48,1.359
2037-11-06,8.23,4.66,46.77,286.78,86.9,99.9,1.89,5.021
2037-11-07,8.03,2.85,48.21,276.12,82,100.8,1.37,3.513
2037-11-08,7.69,0.53,38.88,281.36,86.9,101.1,2.9,0.626
2037-11-09,9.55,5.01,41.48,309.73,90.8,101.2,4.29,2.316
2037-11-10,8.49,7.12,70.31,297.87,73,101.2,0.25,7.706
2037-11-11,7.97,5.54,24.9,317.94,82.7,100.8,0.73,6.17
2037-11-12,8.92,5.13,28.21,318.28,92,101.7,3.8,1.866
2037-11-13,8.65,6.49,46.28,307.76,82.7,102.2,0.08,4.288
2037-11-14,8.76,6.01,61.78,273.86,85.2,102.4,0,3.452
2037-11-15,10.51,7.05,36.09,328.5,96.1,102.3,0.58,0.733
2037-11-16,12.44,8,58.47,300.71,96,101.8,0,0.885
2037-11-17,12.56,9.36,28.79,343.68,98.2,101.5,0.33,0.669
2037-11-18,13.69,9.88,23.18,345.98,96.4,101.2,0.98,1.463
2037-11-19,12.27,9.09,40.72,311.36,90.6,101.5,0.12,3.893
2037-11-20,15.13,11.42,46.97,330.27,90.7,102,0,3.727
2037-11-21,12.78,9.38,28.65,329.18,93.7,102.4,0.33,1.248
2037-11-22,11.06,9.47,24.66,337.1,93.3,101.9,0.32,2.554
2037-11-23,11.54,9.47,54.04,299.29,89.4,101.4,0.01,3.837
2037-11-24,12.21,8.88,30.7,336.91,90.8,101.3,0.69,3.348
2037-11-25,13.05,7.83,21.61,315.53,93.5,101.1,2.96,1.599
2037-11-26,9.34,3.99,55.09,255.04,90.3,102.1,0,3.137
2037-11-27,11.34,3.91,49.52,274.96,84,102.1,0,1.573
2037-11-28,10.94,8,7.45,318.34,90.7,101,8.63,2.391
2037-11-29,10.8,6.8,42.66,290.22,87.7,101.2,5.94,2.155
2037-11-30,12.79,8.97,36.65,306.28,79.8,99.5,4.87,4.069
2037-12-01,10.3,8.34,44.1,287.23,66.3,99.9,0,7.45
2037-12-02,12.72,9.38,31.88,316.07,84.2,100.3,8.63,5.947
2037-12-03,12.08,6.3,10.18,317.43,90.6,99.4,8.45,5.049
2037-12-04,9.63,6.34,44.15,286.23,75.6,99,0.03,6.011
2037-12-05,8.26,5.52,35.16,287.23,75.9,99.9,0.07,5.672
2037-12-06,8.5,2.67,20.21,288.17,81.4,100.1,0.2,0.809
2037-12-07,6.29,2.08,10.63,310.44,94.6,100,17.33,0.807
2037-12-08,7.36,1.47,26.38,275.06,84.8,101.4,0.15,0.975
2037-12-09,5.11,0.01,41.5,263.48,94.3,102.2,0,1.894
2037-12-10,6.83,4.99,22.41,302.38,71.3,102.6,0.03,2.328
2037-12-11,6.18,5.14,26.59,293,79.3,102.5,0,2.256
2037-12-12,10.22,4.52,39.6,294.97,93.3,102.3,1.83,2.014
2037-12-13,9.73,6.4,18.58,326.83,93.9,101.8,3.59,1.88
2037-12-14,12.13,7.02,6.63,341.09,93.1,100,11.34,3.055
2037-12-15,8.55,5.37,34.46,262.91,86.9,101,0,5.428
2037-12-16,10.16,4.63,19.87,314.71,93.8,101.7,2.84,4.015
2037-12-17,11.96,9.71,17.99,342.02,91.3,101.2,0.68,3.633
2037-12-18,11.88,3.27,18.63,301.88,96.3,101.7,2.02,2.065
2037-12-19,12.65,3.85,13.14,320.14,84.3,101.4,0.47,3.511
2037-12-20,11.58,6.43,40.31,278.16,70.3,102,0,5.939
2037-12-21,10.78,6.68,25.46,314.62,92,102,3.64,4.153
2037-12-22,11.41,8.71,12.04,343.9,93.8,100.9,6.08,3.041
2037-12-23,11.6,8.67,23.74,309.85,81.4,99.7,4.68,4.281
2037-12-24,14.77,9.69,9.56,360.19,89.1,99.5,9.42,3.962
2037-12-25,12.84,6.66,34.91,288.72,74.8,99.7,0.11,6.225
2037-12-26,12,5.9,9.42,313.2,74.2,99.6,6.48,4.846
2037-12-27,10.34,4.01,37.4,269.61,68.1,100.8,0,6.358
2037-12-28,7.12,4.79,5.29,324.86,90.9,100.1,33.87,3.651
2037-12-29,9.08,1.89,7.54,284.81,92.1,100.8,5.3,3.823
2037-12-30,12.34,7.83,21.83,336.23,94.7,99.8,6.72,2.394
2037-12-31,11.58,7.24,30.43,313.81,88,98.8,5.7,3.229
2038-01-01,10.83,6.65,39.1,292.13,81.4,97.7,4.68,4.786
2038-01-02,7.81,5.69,34.48,281.87,84.1,96.4,0.42,3.981
2038-01-03,7.57,5.87,25.88,308.33,88.6,97.3,1.93,7.246
2038-01-04,6.14,2.17,45.7,248.15,82.8,99.1,0,4.545
2038-01-05,6.93,2.1,34.64,272.51,84.5,100.5,0.09,3.77
2038-01-06,5.78,1.36,35.95,265.64,86.8,101.8,0,3.948
2038-01-07,6.52,2.14,35.31,294.41,81.9,100.8,5.53,5.72
2038-01-08,7.9,-0.3,28.28,274.32,85.7,100.9,10.58,2.217
2038-01-09,8.55,1.18,24.57,281.89,92.5,99.1,5.74,4.399
2038-01-10,5.35,0.27,38.63,270.22,87.5,100.8,0,2.413
2038-01-11,6.19,3.17,23.11,301.71,81.6,102,0.4,1.925
2038-01-12,5.44,1.91,38.45,275.12,91.6,103,0,2.512
2038-01-13,10.25,3.64,16.04,313.41,88.9,102.7,1.15,4.829
2038-01-14,6.45,1.5,50.06,263.65,79.4,103.3,0.03,4.123
2038-01-15,9.13,3.87,18.44,313.37,88.1,100.9,4.79,6.275
2038-01-16,5.8,3.45,32.81,272.14,71.3,100.1,0.06,8.352
2038-01-17,5.6,2.14,34.37,276.03,73.5,100.8,0,5.247
2038-01-18,8.58,0.81,42.19,290.77,85.4,101.4,2.15,4.469
2038-01-19,9.22,4.93,31.19,311.1,84.7,101.2,0.31,5.163
2038-01-20,6.9,3.79,52.66,270.34,75.9,101.1,0.3,7.128
2038-01-21,5.83,1.67,51.73,262.02,81.4,101.2,0.66,5.403
2038-01-22,6.55,0.19,57.88,259.73,91.1,102.7,0,2.507
2038-01-23,8.31,2.34,26.23,322,98.4,103.1,1.38,1.285
2038-01-24,8.98,5.4,35.48,314.43,96.5,103,0.45,1.71
2038-01-25,7.88,2.54,23.04,300.65,94.4,102,4.44,2.66
2038-01-26,5.56,0.49,66.05,247.84,84.5,102.4,0,2.748
2038-01-27,5.9,3.45,12.79,299.99,89.8,100.8,7.87,2.779
2038-01-28,6.68,1.63,47.28,272.17,89.1,101.6,0.64,4.513
2038-01-29,6.67,2.3,67.92,255.28,92,102.4,0,3.477
2038-01-30,6.86,0.44,71.71,254.07,89.6,103.4,0,0.432
2038-01-31,6.17,-0.51,33.88,292.28,89.6,103.7,0.12,1.353
2038-02-01,9.68,4.96,31.56,330.62,97.4,103.2,3.06,3.029
2038-02-02,10.45,6.54,73.61,288.74,91,102.9,0,3.743
2038-02-03,9.5,4.12,36.89,295.04,87,102.9,0.06,3.864
2038-02-04,8.8,3.58,75.43,271.85,78.8,103,0,4.836
2038-02-05,8.29,4.76,61.21,289.24,79.7,102.2,0,3.32
2038-02-06,9.38,5.48,39.88,306.35,81.5,100.7,0,2.952
2038-02-07,9.24,7.59,49.85,301.81,77.9,100.4,1.11,2.058
2038-02-08,8.2,3.99,85.51,277.03,82,101.3,1.75,2.825
2038-02-09,11.64,6.4,30.68,317.46,83.9,100.3,3.72,5.647
2038-02-10,8.63,4.64,82.73,260.99,67.4,100.9,0,5.966
2038-02-11,9.4,4.64,12.94,315.59,91.8,99.9,15.2,1.731
2038-02-12,8.77,5.12,90.09,275.14,68.8,99.2,0.04,5.912
2038-02-13,8.82,4.54,35.94,311.29,85.9,99.5,11.96,3.635
2038-02-14,10.32,5.91,63.52,310.5,75.3,99.6,14.69,7.002
2038-02-15,10.71,4.95,84.02,279.05,76,100.1,0.2,6.322
2038-02-16,7.8,2.26,95.52,265.08,73,102.1,1.27,3.184
2038-02-17,9.09,2.36,79.13,287.32,81.2,102.5,0.83,4.916
2038-02-18,11.15,5.08,55.24,316.41,79.3,99.8,4.06,7.599
2038-02-19,7.64,2.78,104.37,261.2,60.9,100,0.46,7.4
2038-02-20,7.6,0.73,51.18,278.28,91.4,100.7,0.49,3.214
2038-02-21,10.2,7.65,70.79,315.08,71.5,99.9,0.13,8.21
2038-02-22,7.87,3.71,91.52,280.92,64.5,99.1,0.44,8.381
2038-02-23,8.07,2.14,75.65,283.29,75.6,100.6,1.11,6.869
2038-02-24,9.29,0.15,36.75,297.67,89.2,102.1,9.35,2.376
2038-02-25,14.06,6.04,80.77,318.24,87.8,100.8,1.78,6.317
2038-02-26,8.93,4.6,110.22,280.97,64.5,101.8,0.05,7.756
2038-02-27,8.45,5.37,60.24,309.91,88,102.3,2.55,5.125
2038-02-28,11.32,6.03,61.03,330.85,95.7,101.8,4.37,3.501
2038-03-01,7.56,4.64,74.72,307.77,82.6,102.4,0.27,2.891
2038-03-02,10.47,5.24,65.32,329.26,88.7,102.6,0.04,1.545
2038-03-03,13.22,9.53,84.82,341.38,90.6,102.8,0.14,2.684
2038-03-04,12.82,7.78,88.58,331.96,94.3,103,0.09,0.687
2038-03-05,8.29,5.75,63.14,326.33,99.7,102.7,0.54,2.576
2038-03-06,10.36,5.3,158.69,260.07,86.7,102.5,0.03,3.954
2038-03-07,10.23,5.28,165.98,249.33,84.8,102,0,4.478
2038-03-08,12.52,5.05,160.86,268.95,86.9,101.5,0,1.22
2038-03-09,13.09,6.85,108.48,301.9,85.9,101.9,0.07,1.549
2038-03-10,11.93,7.69,95.58,314.06,79.9,101.7,0.18,2.009
2038-03-11,15.37,9.32,83.74,323.47,86.3,101.4,0.45,1.9
2038-03-12,14.31,9.34,103.23,335.2,90.2,101.1,0.42,1.401
2038-03-13,15.54,5.31,125.33,300.82,71.4,100,0.07,1.831
2038-03-14,11.7,4.63,95.62,299.72,85.5,100.5,9.02,3.55
2038-03-15,10.92,8.49,51.7,330.3,94.3,100.4,15.16,3.017
2038-03-16,11.23,8.18,115.1,300.4,78.7,100.8,0.51,1.859
2038-03-17,12.74,6.68,149.72,293.13,80.9,101.4,0.38,2.231
2038-03-18,11.69,5.67,126.45,286.37,78.5,102.2,0.03,2.858
2038-03-19,12.19,3.53,178.76,258.27,85.9,102.9,0,1.059
2038-03-20,14.21,7.83,184.52,270.25,77.4,102.5,0,1.677
2038-03-21,15.53,8.9,192.06,279.83,84,102.2,0,2.497
2038-03-22,15.2,10.15,164.32,301.21,85.1,101.2,0,2.268
2038-03-23,14.8,11.16,121.64,331.83,86.5,100.6,0.48,2.524
2038-03-24,15.92,11.29,164.43,321.72,80.7,99.9,2.05,3.229
2038-03-25,11.45,7.93,139.91,303.63,81.6,99.8,5.04,2.641
2038-03-26,11.19,6.83,143.18,298.08,74.4,99.3,6.64,2.345
2038-03-27,11.62,6.01,154.17,289.59,73.5,100.1,0.13,2.393
2038-03-28,12.49,5.51,117.49,313.79,83.7,101.1,2.21,2.326
2038-03-29,15.39,9.74,73.99,346.1,93,100.9,4.33,4.265
2038-03-30,10.7,5.25,147.46,278.18,67.8,100.9,0.56,6.226
2038-03-31,11.07,5.86,147.34,288.76,67.4,100.6,0.42,7.104
2038-04-01,10.24,4.21,124.98,280.36,67.6,101,0.19,4.365
2038-04-02,9.99,4.81,131.03,293.08,75.6,101.6,0.62,3.589
2038-04-03,10.79,4.41,153.72,277.04,77,102.4,0.21,1.549
2038-04-04,10.19,3.13,137.68,276.78,74.5,102.4,0.12,1.592
2038-04-05,10.44,1.36,165.26,271.03,72.6,102.1,0.11,0.479
2038-04-06,11,5.54,128.15,306.07,75.3,102.4,0.42,0.598
2038-04-07,11.87,6.71,183.91,283.65,67.1,102.4,0,2.351
2038-04-08,11.19,6.86,165.72,288.75,68.5,102,0.09,5.246
2038-04-09,9.57,7.53,138.57,296.12,65.6,102.3,0.12,6.364
2038-04-10,9.7,7.2,151.09,303.6,62.2,102.4,0.08,7.313
2038-04-11,10.24,7.24,180,280.84,70.5,102,0,6.881
2038-04-12,9.04,5.64,124.54,301.83,65.4,101.7,0.35,5.363
2038-04-13,9.56,5.14,111.27,308.1,75.3,101.3,0.55,1.083
2038-04-14,9.62,4.38,120.54,295.71,74.7,100.8,0.14,0.272
2038-04-15,11.72,5.2,125.93,310.33,82.1,100.5,0.47,2.014
2038-04-16,11.66,6.49,171.24,298.11,64.2,99.9,3.55,6.361
2038-04-17,12.54,4.82,100.69,305.33,71.6,100.3,0.43,6.318
2038-04-18,11.41,6.92,115.16,308.76,69.3,99.3,3.9,7.657
2038-04-19,12.08,6.03,164.1,295.86,61.8,99.3,1.04,8.285
2038-04-20,13.72,5.95,185.3,297.33,63.5,100.1,1.64,4.08
2038-04-21,12.48,8.38,169.85,301.49,76.8,98.7,7.27,5.961
2038-04-22,10.11,5.67,129.48,291.2,88,100.2,7.71,1.726
2038-04-23,12.15,3.12,215.94,274.71,66.3,101.9,0.21,2.666
2038-04-24,13.41,5.02,183.75,287.03,74.8,103.2,0.04,1.124
2038-04-25,14.18,6.36,282.99,261.74,68.3,103.3,0,5.329
2038-04-26,14.67,10.09,296.12,266.22,68.9,102.7,0,6.769
2038-04-27,14.9,9.44,295.84,269.87,76,102.8,0,5.108
2038-04-28,13.5,10.4,285.72,276.72,75.8,103,0,7.259
2038-04-29,14.3,10.31,275.78,283.58,77.2,102.8,0,7.65
2038-04-30,12.55,9.7,251.3,288.57,75,102.1,0,5.838
2038-05-01,15.05,8.78,197.69,308.54,74.6,101.6,0.05,1.894
2038-05-02,10.87,6.4,157.04,304.7,72.4,101.1,0.24,2.267
2038-05-03,11.84,5.35,202.14,292.21,73.5,100.6,0.26,2.719
2038-05-04,11.63,6.32,150.14,295.94,70.7,101.1,0.04,5.361
2038-05-05,13.41,8.64,240.54,294.9,78.1,101.6,0.07,6.551
2038-05-06,15.32,11.44,146.23,331.5,87,101.3,7.6,5.094
2038-05-07,17.67,10.84,216.96,318.93,74.1,100.8,1.26,1.49
2038-05-08,11.6,6.35,107.14,311.4,90.4,100.8,9.63,1.623
2038-05-09,10.59,5.48,160.21,284.08,81.3,101.2,3.76,3.328
2038-05-10,10.16,5.29,98.34,303.14,80.7,101.3,2.21,3.465
2038-05-11,12.81,6.04,148.36,305.18,76.8,101.5,0.4,1.258
2038-05-12,13.53,5.61,196.73,295.19,80.5,101.3,1.73,4.043
2038-05-13,12.93,9.59,197.44,329.62,86.2,101.2,3.07,4.38
2038-05-14,14.12,7.98,287.23,290.58,81.2,102,1.1,4.688
2038-05-15,15.5,5.77,282.32,269.42,74.2,102.9,0.06,2.042
2038-05-16,19.4,6.31,313.66,286.81,75,103,0,0.187
2038-05-17,18.08,8.47,317.74,295.8,86.3,103,0,2.509
2038-05-18,14.77,10.28,240.36,326.49,89.2,103,0.22,4.06
2038-05-19,13.67,9.48,200.4,325.09,85.9,102.9,0.73,3.892
2038-05-20,17.12,9.66,326.79,285.08,76.4,103,0,4.255
2038-05-21,18.62,8.75,303.56,283.39,77.3,103.1,0,2.146
2038-05-22,21.99,8.36,316.99,302.03,67.6,102.5,0,1.186
2038-05-23,16.52,10.48,255.53,306.13,70.8,102.1,0.07,1.698
2038-05-24,13.12,6.48,217.26,293.58,76.7,102.3,0.16,2.352
2038-05-25,19.17,6.09,258.23,297.63,71,100.9,0.09,1.833
2038-05-26,14.4,10.56,111.72,337.38,84.7,99.6,4.36,2.666
2038-05-27,15.91,9.08,227.96,301.31,65.2,100.2,1.48,3.941
2038-05-28,15.22,9,166.07,320.87,76.9,101.3,3.04,1.483
2038-05-29,17.57,9.53,227.23,307.72,77.4,102.2,0.04,1.141
2038-05-30,20.35,11.23,311.97,314.26,77.2,102.4,0,3.31
2038-05-31,22.22,13.21,314.66,323.92,77.5,102,0.15,2.623
2038-06-01,24.09,15.19,317.38,333.83,77.8,101.6,0.3,1.945
2038-06-02,25.41,15.61,293.12,343.85,64.1,101.2,9.62,3.472
2038-06-03,20.56,12.93,251.83,321.22,60.1,101.2,0.08,4.146
2038-06-04,18.31,11.37,235.21,321.33,74,100.5,7.54,5.065
2038-06-05,15.95,9.99,164.72,321.84,81.1,100.4,4.86,3.114
2038-06-06,13.79,10.34,132.3,330.78,89.1,101.1,3.86,4.35
2038-06-07,18.29,10.52,215.2,331.68,73.7,101.4,0.13,2.042
2038-06-08,14.27,8.48,234.76,306.38,67.3,101.6,1.02,2.946
2038-06-09,16.26,8.99,223.48,307.73,64,100.9,0.45,4.326
2038-06-10,20.17,9.32,283.48,316.65,76.8,100.7,2.46,2.78
2038-06-11,17.77,9.76,267.64,302.93,77,100.5,0.82,0.202
2038-06-12,16.02,11.43,219.15,326.36,78.5,100.6,0.43,2.921
2038-06-13,13.64,10.07,168.43,324.41,78.1,101.3,3.09,1.102
2038-06-14,16.61,10.07,170.96,318.46,65.4,101.4,0.13,5.005
2038-06-15,16.85,8.27,257.91,291.61,59.1,101.7,0.09,3.381
2038-06-16,18.32,6.52,296.44,281.69,65.6,101.7,0.04,0.573
2038-06-17,17.87,9.31,251.06,304.07,63.5,101.9,0.03,0.875
2038-06-18,20.79,12.77,287.49,317.7,72.4,102,0.03,0.616
2038-06-19,20.2,13.16,331.65,308.25,73.3,101.6,1.19,5.813
2038-06-20,25.55,16.3,269.27,355.98,72.5,100.2,1.41,1.502
2038-06-21,22.61,14.68,223.77,353.18,67.3,100,0.44,5.419
2038-06-22,19.34,14.28,204.13,338.2,76.7,100,1.49,2.128
2038-06-23,19.47,13.73,203.24,344.85,87.7,100.1,13.26,1.88
2038-06-24,17.55,13.52,205.3,342.79,88.7,101,6.94,1.084
2038-06-25,20.6,12.48,225.69,340.56,69.3,100.8,0.37,4.04
2038-06-26,20.33,14.95,247.13,340.35,66.2,100.1,0.3,4.719
2038-06-27,20.09,12.82,215.78,322.65,64.9,100.3,0.46,5.624
2038-06-28,20.67,12.23,259.6,315.72,63,101,0.11,3.71
2038-06-29,21.06,11.75,283.03,304.92,70,101.5,0.04,0.915
2038-06-30,21.96,10.98,295.91,308.22,65.4,101.5,1.29,1.836
2038-07-01,22.01,12.48,270.02,317.4,64.9,101.5,1.13,3.139
2038-07-02,19.29,11.64,202.83,324.71,77.6,101.2,6.39,1.54
2038-07-03,18.52,11.02,269.76,308.17,80.2,101.3,10.28,1.487
2038-07-04,19.16,10.39,253.46,308.95,74.8,102,0.95,0.526
2038-07-05,19.41,11.39,172.56,325.31,65.2,101.5,0.2,2.1
2038-07-06,19.9,13.36,155.48,364.4,88.3,99.8,10.42,2.751
2038-07-07,19.97,14.71,190.46,348.08,84.1,98.8,11.28,2.916
2038-07-08,18.79,14.35,192.55,344.84,77.9,98.9,2,6.055
2038-07-09,19.68,12.03,181.67,342.47,85,100.2,12.45,2.309
2038-07-10,19.12,11.23,244.91,328.74,83.3,101.4,7.84,0.771
2038-07-11,22.35,12.47,277.73,327.4,73.8,102.2,0.05,0.96
2038-07-12,25.11,15.49,260.39,351.85,77.1,102.4,0.03,1.447
2038-07-13,27.04,17.28,338.4,342.72,66.6,102.3,0,1.287
2038-07-14,20.56,15.96,244.84,337.58,79.3,102.7,0,3.951
2038-07-15,19.39,14.5,315,306.12,72.8,102.6,0.04,5.785
2038-07-16,20.61,14.35,305.19,310.76,79.1,101.9,0,3.851
2038-07-17,25.15,16.27,333.61,326.77,75.3,101.9,0,2.85
2038-07-18,25.73,15.5,338.84,314.39,71.5,102.4,0,2.151
2038-07-19,26.81,14.09,331.08,324.77,70.5,102.4,0,0.382
2038-07-20,27.64,16.88,229.31,362.67,73.9,101.8,3.08,0.494
2038-07-21,26.9,17.57,271.75,356.75,70.3,101.3,0,2.447
2038-07-22,24.7,16.89,142.98,372.01,73.9,101.1,9.74,3.438
2038-07-23,22.56,14.55,222.73,335.24,67.4,101.2,0.42,4.486
2038-07-24,21.66,13.48,264.29,313.96,59.8,101.7,0.02,4.355
2038-07-25,26.36,13.87,308.65,329.48,64.8,101.8,0,3.224
2038-07-26,26.53,16.65,317.33,327.38,66.7,101.1,0.07,0.827
2038-07-27,23.44,14.91,322.39,296.22,57.6,101.6,0,1.492
2038-07-28,23.49,13.74,251.25,322.15,54.4,101.5,0.21,3.193
2038-07-29,21.48,13.79,223.16,319.36,61,101.6,0.11,2.135
2038-07-30,21.7,13.13,264.61,309.45,69.3,101.4,0,2.732
2038-07-31,23.32,15.04,226.17,332.87,66.9,101.1,0.24,0.959
2038-08-01,24.95,16.94,187.98,355.07,64.5,100.9,0.47,3.874
2038-08-02,23.5,14.49,197.57,344.79,61.3,101.2,0.04,3.545
2038-08-03,21.61,15.93,194.12,350.09,67.2,101.5,0.34,0.154
2038-08-04,21,15.35,122.09,367.63,82.8,101.4,6.18,2.08
2038-08-05,19.99,12.82,273.61,307.95,66.2,101.9,0.39,3.411
2038-08-06,20.15,10.63,270.49,294.26,68.8,102.1,0.57,2.693
2038-08-07,21.74,16.57,256.43,323.48,64.9,101.3,0.41,5.036
2038-08-08,24.03,18.13,239.91,362.14,74.4,100.7,5.81,0.981
2038-08-09,24.46,16.66,259.12,334.38,67,101,0.04,3.273
2038-08-10,27.4,16.17,252.28,353.57,65.2,101.1,0.06,4.11
2038-08-11,22.53,13.77,267.5,298.2,59.8,101.9,0,0.851
2038-08-12,22.88,12.69,259.59,302.28,63.1,102.1,0.04,0.794
2038-08-13,22.47,11.35,277.89,298.05,66.9,102.4,0,1.694
2038-08-14,22.75,15.11,286.15,309.65,68.7,102.4,0,6.093
2038-08-15,25.19,18.95,284.3,325.96,67.7,101.6,0,6.809
2038-08-16,26.61,19.3,174.05,368.58,70.2,100.9,3.53,1.708
2038-08-17,25.41,17.32,237.29,350.89,75.2,101.1,0.08,1.5
2038-08-18,25.2,15.51,276.7,325.68,65.7,101.4,1.9,2.125
2038-08-19,23.79,14.62,175.68,339.66,79.3,100.8,5.69,2.485
2038-08-20,22.88,12.74,224.66,319.43,73.1,100.8,0.51,4.146
2038-08-21,24.6,13.1,240.84,334.82,62.1,101.6,0.68,4.83
2038-08-22,21.49,13.15,211.43,320.27,63.4,102,0.08,3.875
2038-08-23,20.45,12.27,231.02,300.8,63.2,102.4,0,3.012
2038-08-24,21.51,11.16,221.06,305.58,68.5,102.2,0,2.236
2038-08-25,20.64,11.75,173.62,327.47,69.9,102.2,0.06,1.318
2038-08-26,21.83,13.97,199.78,343.12,76.4,102.4,0.04,1.628
2038-08-27,20.6,15.84,135.65,364.17,82.9,102.8,0.8,2.748
2038-08-28,19.21,15.71,112.56,370.56,87.6,102.8,1.09,3.072
2038-08-29,19.86,16.08,144.2,355.71,88.2,102.6,0.3,4.391
2038-08-30,22.33,17.65,253.48,313.8,70.1,102,0,6.45
2038-08-31,23.53,17.79,252.53,316.85,69.6,101.6,0,4.775
2038-09-01,24.73,17.92,251.58,318.65,69.2,101.3,0,3.249
2038-09-02,22.58,16.75,118.39,359.52,85.9,100.8,5.46,1.973
2038-09-03,23.94,13.84,209.65,323.01,67.5,101,0.18,3.783
2038-09-04,22.5,10.72,237.74,301.19,62.1,101.2,0,3.232
2038-09-05,20.94,13.02,178.88,328.22,67.2,100.5,9.29,3.738
2038-09-06,19.91,10.46,205.89,296.07,62.5,100.6,0.6,3.516
2038-09-07,20.41,11.33,190.24,305.25,67.7,101,0.38,2.331
2038-09-08,18.55,13.99,106.56,331.42,84.7,101.2,5.25,1.829
2038-09-09,20.33,12.33,195.68,305.1,71.3,101.9,0.04,1.413
2038-09-10,19.79,13.86,182.31,324.76,72.8,102.1,0.01,3.732
2038-09-11,19.5,15.38,130.34,352.84,76.1,102.1,0.06,3.525
2038-09-12,20.53,14.74,204.55,324.91,76.7,102.2,0,3.909
2038-09-13,21.42,13.63,206.78,307.17,80.1,102.2,0.01,2.203
2038-09-14,21.54,11.62,203.39,311.08,84,102.4,0,2.116
2038-09-15,21.95,14.44,197.75,321.01,86.3,102.3,0,3.348
2038-09-16,22.49,17.38,184.55,335.33,82.7,101.5,0.22,3.62
2038-09-17,25.71,15.27,186,346,79.2,100.9,0.56,0.562
2038-09-18,22.7,15.01,176.07,324.67,71.5,101.5,0.02,1.49
2038-09-19,20.74,13.67,100.68,344.13,81.9,101.8,0.76,2.027
2038-09-20,20.18,14.85,105.03,348.52,79,101.9,0.22,1.13
2038-09-21,20.99,14.29,160.78,322.55,78.6,101.9,0.04,1.366
2038-09-22,24.26,12.99,173.68,335.62,85.7,101.8,0,0.866
2038-09-23,25.44,17.52,180.63,351.63,77.4,101.9,0,3.11
2038-09-24,26.8,18.63,181.01,345.93,78.4,102.1,0,2.675
2038-09-25,25.22,17.92,182.29,337.41,75,101.9,0,3.908
2038-09-26,26.23,18.78,176.03,341.1,73.8,101.7,0,3.534
2038-09-27,24.08,18.35,178.61,328.53,77.2,101.9,0,4.63
2038-09-28,24.6,16.84,174.14,329.96,80.6,102.6,0,2.689
2038-09-29,23.1,16.32,163.05,333.55,85,102.9,0.01,2.381
2038-09-30,20.42,15.73,107.25,359.65,85.4,102.7,0.17,1.225
2038-10-01,20.67,15.93,147.4,337.46,74.1,102.8,0.23,4.875
2038-10-02,19.6,14.49,163.36,291.76,60.7,102.7,0,5.815
2038-10-03,20.25,9.3,162.85,285.47,77.7,102.2,0,3.587
2038-10-04,23.94,7.96,160.67,304.58,80.4,101.8,0.04,0.593
2038-10-05,23.79,10.5,154.07,323.51,85.7,102,0,1.835
2038-10-06,19.89,13.39,122.43,328.83,82.5,102.6,0.04,4.619
2038-10-07,19.94,10.88,146.43,297.66,74.9,102.7,0,3.254
2038-10-08,20.15,12.2,150.3,296.05,74.7,102.3,0,3.894
2038-10-09,22.39,7.68,138.67,306.68,81.6,101.9,0,0.599
2038-10-10,22.65,13.13,95.46,340.39,84.3,101.6,0.17,1.254
2038-10-11,20.85,13.72,82.57,338.48,83.5,100.8,0,2.133
2038-10-12,19.03,10.9,58.81,329.35,80.3,99.3,15.47,4.897
2038-10-13,16.41,9.41,123.32,293.57,66.5,100.8,0,4.775
2038-10-14,17.13,9.98,107.35,311.72,66.6,100.7,0.49,5.538
2038-10-15,14.29,7.94,97.77,283.22,73.4,100.4,0.61,5.496
2038-10-16,13.43,5.52,87.52,285.31,80.7,99.4,0.12,3.568
2038-10-17,14.11,4.73,55.15,309.68,85.7,99,3.31,3.749
2038-10-18,14.58,10.23,67.75,314.4,82.2,99.1,1.32,1.605
2038-10-19,15.8,9.78,59.81,327.31,83.6,99.7,4.63,2.668
2038-10-20,15.2,7.82,116.83,291.38,88.8,100.9,0.05,0.416
2038-10-21,16.89,8.09,100.3,316.47,84.3,101.1,5.68,4.676
2038-10-22,15.75,10.46,38.67,338.46,93,101.3,1.02,3.764
2038-10-23,17.02,9.04,93.3,309.82,88.1,102.3,0,1.179
2038-10-24,16.43,12.95,48.93,350.38,87.5,102.2,1.16,3.676
2038-10-25,16.31,13.45,85.38,335.72,85.9,101.8,0,4.361
2038-10-26,16.8,11.41,84.1,320.57,86.1,101.6,0,1.764
2038-10-27,17.12,10.7,79.28,325.89,90.6,101.4,1.85,3.212
2038-10-28,15.31,13.47,23.68,361.75,93.2,101.5,11.73,6.223
2038-10-29,15.18,12.53,60.85,346.31,87.9,102,0.79,4.764
2038-10-30,14.83,12,48.57,348.15,84.1,102.8,0.21,2.286
2038-10-31,14.99,11.43,53.32,343.83,86.2,102.8,0.2,1.991
2038-11-01,15.14,10.87,58.08,338.93,88.3,102.8,0.2,1.706
2038-11-02,14.23,8.95,55.72,320.42,87.6,102.9,0.12,1.533
2038-11-03,14.91,7.69,81.27,295.16,90.3,102.7,0.08,1.397
2038-11-04,13.81,5.51,90.19,278.93,92,102.3,0,2.296
2038-11-05,12.95,8.46,75.14,288.91,82.5,102.3,0.02,5.028
2038-11-06,15.47,9.73,63.38,310.53,87.5,101.7,0,5.226
2038-11-07,15.2,8.89,36.09,327.69,86.6,101.2,1.09,4.989
2038-11-08,12.52,6.34,66.39,273.69,84.8,101.6,0,3.515
2038-11-09,12.76,4.2,79.04,275.55,87.8,101.7,0.01,0.225
2038-11-10,14.1,10.13,70.53,300.25,74.3,101.4,0,7.358
2038-11-11,11.29,7.07,72.54,276.32,66.1,101.4,0,10.405
2038-11-12,8.77,5.94,41.92,301.3,60,101.8,0.08,11.452
2038-11-13,9.3,7.48,42.87,302.21,54.9,101.7,0.26,9.814
2038-11-14,8.53,5.93,30.07,304.21,73.1,101.7,5.14,2.25
2038-11-15,7.84,4.53,36.08,304.05,83.5,102.1,6.36,2.192
2038-11-16,7.9,4.89,33.03,307.9,65.7,102,0.2,5.952
2038-11-17,4.85,3.5,20.13,307.48,85.9,101.7,6.13,2.874
2038-11-18,7.08,3.55,22.46,313.83,86.6,102.2,2.62,1.681
2038-11-19,7.88,6.34,23.38,315.89,74.9,103,1.27,5.293
2038-11-20,8.26,5.75,30.97,314.71,78,103.1,0.55,3.267
2038-11-21,6.86,4.76,26.9,312.3,85.5,103,1.15,1.352
2038-11-22,6.94,4.48,32.35,312.16,83.6,102.6,0.73,5.551
2038-11-23,5.63,4.24,23.54,303.62,83.1,101.9,0.28,7.153
2038-11-24,6.28,4.16,45.27,276.46,81.5,101.4,0.02,8.483
2038-11-25,7.66,4.48,17.68,312.19,77.4,101.6,1.1,9.012
2038-11-26,5.54,2.23,23.08,289.14,61.4,101.8,0.36,8.265
2038-11-27,3.84,-0.24,36.55,285.15,67.6,102.1,8.46,5.328
2038-11-28,1.95,-0.25,8.2,299.69,89.6,102,8.57,1.7
2038-11-29,0.09,-1.14,8.49,297.48,100,102,14.43,0.967
2038-11-30,1.01,-4.23,24.5,282.33,99.4,101.7,5.26,1.223
2038-12-01,1.16,-3.57,24.89,277.45,91.7,101.7,6.29,0.564
2038-12-02,0.33,-9.37,32.04,256.27,98.2,101.7,1.44,3.749
2038-12-03,1.43,-1.51,31.28,280.57,98.6,101.2,0.9,2.831
2038-12-04,4.48,0.19,42.15,275.44,90.3,101.9,0,0.529
2038-12-05,4.54,1.39,19.35,302.43,97.2,102.5,0.86,1.869
2038-12-06,5.77,2.15,17.38,300.94,88.6,101.9,1.63,3.592
2038-12-07,9.77,3.01,10.93,332.28,94,100,9.16,2.504
2038-12-08,10.03,9.2,16.22,350.53,99.3,100,1.03,1.197
2038-12-09,10.63,9.29,7.96,337.98,96.3,99.9,7.45,2.031
2038-12-10,10.68,7.97,14.7,335.08,96.6,100.1,12.04,2.235
2038-12-11,11.33,10.42,19.18,340.7,96.7,99,0.51,1.694
2038-12-12,12.26,9.78,26.03,336.39,95.1,99.3,1.46,1.597
2038-12-13,11.48,9.1,7.08,343.01,96.9,98.7,27.2,1.856
2038-12-14,12.14,10,22,332.75,94.8,99.2,3.02,2.585
2038-12-15,10.97,8.65,21.26,326.87,93.7,100.2,1.31,2.571
2038-12-16,10.52,9.23,10.35,337.69,96.1,100.1,5.63,1.616
2038-12-17,11.07,8.49,23.25,332.36,94.8,100.7,3.68,1.663
2038-12-18,11.26,9.53,7.7,348.11,96.5,100.9,4.57,2.016
2038-12-19,10.99,9,12.63,347.22,97.1,100.9,12.15,2.096
2038-12-20,11.03,7.72,36.85,295.42,88.6,101.8,0.06,4.276
2038-12-21,11.75,7.67,32.04,304.72,94.4,102.9,0,3.04
2038-12-22,10.23,7.23,25.09,322.7,95,102.9,0.15,1.87
2038-12-23,7.83,6.63,19.87,321.17,93,102.3,0.17,2.056
2038-12-24,10.17,4.68,12.78,316.15,97.2,102.5,1.88,2.079
2038-12-25,7.05,2.79,38.17,283.62,88.3,102.7,0.1,3.455
2038-12-26,8.31,6.03,24.76,307.29,87.4,102.5,0.21,3.111
2038-12-27,9.7,5.7,27.67,305.85,92.7,101.9,0.24,1.652
2038-12-28,12.06,9.65,11.05,341.06,88.9,100.6,4.71,2.61
2038-12-29,10.96,6.87,40.45,291.91,83.7,99.6,7.49,4.767
2038-12-30,8.02,4.45,42.09,278.25,78.5,100.2,4.37,4.94
2038-12-31,7.44,3.43,41.45,277.37,81.7,100.1,6.35,3.425
2039-01-01,6.85,2.41,40.81,276.83,84.8,99.9,8.34,1.774
2039-01-02,9.48,5.14,34.7,295.68,89.7,97.2,4.47,2.918
2039-01-03,10.13,6.29,40.69,297.74,87.7,98,3.25,3.771
2039-01-04,11.72,5.75,18.89,320.25,84.6,96.9,7.44,8.03
2039-01-05,7.74,4.37,32.46,288.17,92.7,99,1.6,3.047
2039-01-06,7.6,4.9,10.06,325.76,92.2,98.4,21.92,2.395
2039-01-07,4.77,0.06,48.4,230.26,77.6,100.9,0,5.333
2039-01-08,9.26,-0.61,17.23,295.45,89.6,101.3,10.84,2.13
2039-01-09,9.27,5.67,42.56,283.69,92,101.5,1.09,2.978
2039-01-10,12.4,7.73,39.42,304.78,90.1,101.7,1.1,3.818
2039-01-11,12.38,7.93,22.49,321.48,94.8,102.3,2.34,2.228
2039-01-12,12.16,9.21,35.91,289.87,86.5,101.8,0,2.376
2039-01-13,12.34,8.73,44.6,292.58,82,101.9,0,4.742
2039-01-14,11.47,9.23,32.69,310.14,93.4,102.2,0,1.986
2039-01-15,12.17,5.93,31.98,295.29,85.4,101.2,1.52,3.268
2039-01-16,11.71,5.72,16.16,324.91,85.3,99.6,8.52,5.278
2039-01-17,10.22,7.1,46.71,289.26,69.3,98.1,0.28,7.235
2039-01-18,7.48,4.44,24.43,278.91,79.3,98.3,0.49,6.29
2039-01-19,6.04,1.06,43.55,264.19,90.8,99.4,0.74,2.142
2039-01-20,8.89,4.59,43.63,294.81,81.6,98.3,3.03,6.214
2039-01-21,6.08,1.84,26.57,279.04,78.5,99.2,3.27,7.271
2039-01-22,4.68,1.43,32.35,269.65,93.7,99.5,5.78,2.732
2039-01-23,6.86,1.2,51.76,264.61,83,100.9,0.06,2.911
2039-01-24,7.15,0.64,10.06,299.62,84.4,100,9.18,1.574
2039-01-25,10.87,3.59,17.58,294.43,79.4,99.3,4.11,5.919
2039-01-26,6.94,3.76,47.37,274.47,66.3,98.9,0,8.07
2039-01-27,6.8,3.62,64.38,271.31,78.1,100.6,0.27,6.112
2039-01-28,8,2.9,34.19,288.94,89.2,100.4,2.78,4.918
2039-01-29,8.01,2.25,49.59,276.8,85.4,98.1,6.44,4.477
2039-01-30,8.42,2.58,50.9,288.68,83.3,99.9,2.64,4.794
2039-01-31,7.23,1.45,73.91,272.11,85.6,102.1,0.33,3.472
2039-02-01,10.87,6.56,47.68,316.06,93.1,102.7,0.1,3.345
2039-02-02,10.35,6.84,48.52,318.86,93.5,102.9,0.3,1.867
2039-02-03,8.63,3.77,59.33,294.97,92.8,102.2,0.18,1.3
2039-02-04,7.68,2.73,60.88,288.36,91,101.8,0.07,0.883
2039-02-05,7.36,3.15,44.85,290.06,92.8,102.3,0.13,0.633
2039-02-06,7.81,4.31,76.65,270.53,75.7,103.6,0.06,5.023
2039-02-07,6.61,3.15,92.74,251,75,103.9,0,5.256
2039-02-08,6.04,1.82,94.79,246.59,81.6,103.1,0,3.586
2039-02-09,6.3,-1.04,58.76,280.88,93,102.5,0.05,0.451
2039-02-10,7.27,4.18,47.41,307.84,92.1,102.5,0.05,2.852
2039-02-11,6.98,3.84,57.08,298.58,89.2,102.6,0.15,3.929
2039-02-12,5.33,3.94,53.78,292.16,86.5,102.2,0.06,5.28
2039-02-13,6.29,3.49,48.15,295.24,88.6,102.4,0.03,2.08
2039-02-14,8,3.66,57.38,306.8,89.6,103,0.13,2.356
2039-02-15,5.78,3.84,51.15,309.03,85.5,103.1,0.45,4.718
2039-02-16,6.74,3.41,62.45,294.74,84.3,103.1,0.13,3.197
2039-02-17,7.56,2.68,75.54,283.03,82.2,103.3,0.1,1.059
2039-02-18,10.15,2.57,70.1,306.63,94.4,103.1,0.04,1.11
2039-02-19,9.77,5.37,50.85,327.04,94.6,102.8,0.01,1.243
2039-02-20,7.99,5.75,72.09,312.26,85.7,102.3,1.08,5.281
2039-02-21,5.73,4.12,41.14,311.55,91.8,101,8.07,6.686
2039-02-22,6.45,2.48,72.71,291.28,72.5,101.2,1.34,3.597
2039-02-23,6.02,1.5,72.45,267.5,74.5,102,0.28,2.627
2039-02-24,6.74,2.46,73.12,292.33,81.7,100.9,2.71,4.826
2039-02-25,7.06,1.6,122.56,251.25,64.7,101.4,0.03,2.16
2039-02-26,7.07,1.38,75.14,277.55,79.9,102.5,0.13,1.312
2039-02-27,6.95,1.53,92.68,280.14,83.7,102.7,0.07,1.272
2039-02-28,6.84,2.46,74.87,295.73,84.4,103.2,0.5,0.609
2039-03-01,6.44,2.84,80.52,296.59,85.6,103.6,0.41,1.118
2039-03-02,6.19,2.37,92.16,293.43,79.9,103.6,0.11,1.709
2039-03-03,7.64,3.27,89.1,304.85,86.8,103.3,0.16,2.722
2039-03-04,9.22,5.19,77.63,312.98,89.8,103.1,0.12,1.259
2039-03-05,8.02,3.64,92.77,296.45,84.2,102.9,0.37,2.257
2039-03-06,9.16,3.49,96.14,300.67,80.7,102.9,0.12,0.203
2039-03-07,9.49,4.82,77.41,308.9,81.1,102.8,0.27,1.963
2039-03-08,8.38,4.31,61.45,310.31,85.7,101.6,2.13,3.104
2039-03-09,5.83,2.89,76.35,296.91,83.8,101.5,2.64,4.083
2039-03-10,8.78,1.41,115.42,281.28,77.6,101.6,0.99,3.883
2039-03-11,6.66,2.43,77.24,285.66,82.5,101.2,0.16,2.801
2039-03-12,6.42,2.04,98.57,278.1,82.5,101.2,0.79,3.535
2039-03-13,9.4,3.8,107.12,300.99,81.7,100.9,1.64,3.419
2039-03-14,6.56,3.41,72.94,305.06,93,100.9,1.51,0.423
2039-03-15,9.78,3.5,106.77,297.68,85.5,100.1,0.4,3.472
2039-03-16,10.42,5.27,83.82,314.33,90,99.8,3.76,3.231
2039-03-17,8.44,3.83,118.31,290.69,73.7,100.4,1.24,0.667
2039-03-18,8.17,3.09,67.34,308.49,88.8,99.9,11,1.863
2039-03-19,9.74,5.82,90.88,322.14,90.8,100.3,4.57,1.884
2039-03-20,13.55,7.22,52.74,346.04,97.6,100.6,15.45,0.852
2039-03-21,13.01,9.07,57.61,336.51,88.8,99.8,3.54,3.296
2039-03-22,14.83,7.23,143.93,315.74,74.1,99.3,0.82,5.93
2039-03-23,12.42,6.29,47.78,340.64,94.1,99.5,7.91,1.277
2039-03-24,14.16,11.08,84.81,332.72,86.9,98.9,2.3,4.959
2039-03-25,13.02,9.7,86.32,321.24,90.2,98.8,8.89,3.161
2039-03-26,13.76,9.42,131.01,302.4,81.9,99.5,2.65,4.98
2039-03-27,15.1,7.25,134.22,298.43,81.7,99.7,2.06,3.512
2039-03-28,12.05,5.79,79.93,312.95,90,99.4,13.1,0.889
2039-03-29,12.39,7.16,141.21,314.39,80.9,100.2,2.56,4.213
2039-03-30,15.71,7.66,123.53,329.46,85,100.4,1.31,3.226
2039-03-31,13.19,9.24,86.49,318.58,85.6,99.3,9.63,1.145
2039-04-01,11.91,5.04,83.52,316.01,87.6,98.5,13.74,0.586
2039-04-02,10.94,4.53,181.71,281.52,61.8,101.2,1.43,3.682
2039-04-03,11.06,1.57,217.56,246.34,70.6,102.4,0,1.633
2039-04-04,9.4,6.86,195.76,269.08,65.5,101.7,0.1,6.58
2039-04-05,12.46,5.68,100.55,310.5,81.2,101.1,0.08,0.442
2039-04-06,8.37,3.77,57.61,298.02,92.7,102.3,8.28,1.324
2039-04-07,13.32,3.56,216.26,270.21,76.5,103,0,1.64
2039-04-08,11.84,5.26,242.92,255.25,77,102.2,0,1.305
2039-04-09,12.99,4.13,153.38,289.99,78.3,101.5,0,0.99
2039-04-10,11.76,6.4,109.85,298.72,82.3,100.9,1.83,1.243
2039-04-11,11.53,6.51,165.41,294.05,70.4,100.4,0.33,1.309
2039-04-12,12.23,9.13,151.77,319.18,70.8,100,0.37,6.804
2039-04-13,12.68,8.79,124.89,316.49,83.9,100.2,1.3,7.242
2039-04-14,11.22,8.62,147.91,325.22,87.1,101,1.37,5.835
2039-04-15,11.12,8.55,128.52,331.33,89.3,101.8,0.98,5.076
2039-04-16,11.77,7.73,252.15,272.06,74.2,102.3,0,6.256
2039-04-17,11.32,6.94,186.8,291.43,78.8,102.4,0.05,3.986
2039-04-18,10.53,5.93,175.52,295.86,79.7,102.2,0.07,3.155
2039-04-19,15.09,4.98,239.99,278.42,81.6,102.1,0,0.689
2039-04-20,11.74,4.93,129.45,299.65,77.5,102.5,0,1.917
2039-04-21,14.21,3.46,256.05,270.54,78.9,102.5,0,0.643
2039-04-22,10.48,7.44,168.45,307.39,76.3,102.8,0.11,3.857
2039-04-23,12.74,7.21,267.57,279.04,77.2,103,0.05,4.329
2039-04-24,10.38,8.37,169.05,316.7,82.4,103,0.3,4.078
2039-04-25,14.02,7.84,272.32,274.15,72.4,102.9,0,5.144
2039-04-26,11.33,8.3,280.09,256.79,64.3,102.8,0,7.18
2039-04-27,12.58,8.64,216.07,295.03,80.8,102.5,0.05,6.214
2039-04-28,13.77,9.65,255.49,290.34,72.2,102.1,0,7.975
2039-04-29,14.95,10.69,187.04,323.18,66.8,101.7,0.35,7.735
2039-04-30,16.06,10.95,239.21,309.08,79.3,101.5,1.36,4.135
2039-05-01,18.36,10.94,188.16,322.82,86.5,101.7,2.9,0.872
2039-05-02,18.45,9.36,227.86,310.25,86.9,102,0.09,0.118
2039-05-03,17.81,9.42,177.85,315.95,79.4,102.1,1.89,0.947
2039-05-04,17.21,9.39,175.02,315.95,75.6,102.2,0.23,2.259
2039-05-05,16.02,9.87,212.6,308.29,89,102.3,2.02,0.457
2039-05-06,18.21,9.1,281.95,294.38,79.6,102.4,0,0.917
2039-05-07,19.45,10.22,183.81,327.71,79.6,102.3,0.32,1.984
2039-05-08,15.38,12.14,67.32,360.2,96.2,102.3,11.02,0.578
2039-05-09,14.66,10.03,204.26,316.38,88.2,102.5,0.15,3.639
2039-05-10,16.16,9.82,298.57,287.72,72.8,102.4,0,4.481
2039-05-11,21.9,11.76,226.01,321.2,63,101.7,0.11,3.37
2039-05-12,14.94,9.53,170.22,313.94,60,102.7,0.11,3.876
2039-05-13,15.83,8.48,236.74,288.19,72.4,103.1,0.05,0.201
2039-05-14,15.95,8.28,285.84,284.61,76.9,102.8,0.05,1.369
2039-05-15,20.33,9.71,266.14,308.02,75.5,102.1,0,1.185
2039-05-16,22.76,12.55,275.79,326.97,76.3,101.9,0,1.584
2039-05-17,20.2,12.83,234.56,335.82,81.7,101.6,0.59,3.685
2039-05-18,18.17,11.41,183.09,330.06,73,102.2,0.35,0.807
2039-05-19,17.55,10.65,260.84,309.09,76.1,102.6,0.07,1.846
2039-05-20,21.12,12.48,280.35,318.3,68.4,102.3,0.05,3.129
2039-05-21,16.06,10.45,204.08,307.36,61.3,102.7,0.3,2.491
2039-05-22,21.48,9.14,234.44,324.16,63.7,102.3,0.06,4.759
2039-05-23,17.85,11.46,256.38,316,60.4,101.7,0.18,5.961
2039-05-24,15.92,9.93,187.19,324.44,54.7,101.8,0.17,5.227
2039-05-25,16.55,8.15,229.1,324.34,67,101.1,3.33,5.674
2039-05-26,13.01,6.87,185.47,308.11,75.2,100.9,4.99,2.715
2039-05-27,11.14,5.76,194.17,287.65,70,101.5,2.48,3.455
2039-05-28,12.29,5.09,202.66,288.11,62.7,101.9,5.72,3.834
2039-05-29,14.18,3.87,211.55,294.46,67,102,1.15,3.124
2039-05-30,20.52,10.25,314.15,314.94,71.7,101.9,0.05,3.773
2039-05-31,21.12,10.87,292.17,321.36,73.7,102.1,0.08,2.854
2039-06-01,21.72,11.48,270.34,327.84,75.6,102.3,0.11,1.936
2039-06-02,18.55,10.26,214.44,326.12,80.5,102.7,0.09,1.827
2039-06-03,15.57,11.07,260.45,319.48,78.8,102.9,0.42,3.043
2039-06-04,15.33,10.5,324.48,285.18,78.4,102.7,0.11,3.281
2039-06-05,19.3,9.44,309.53,286.58,70.4,101.9,0,2.56
2039-06-06,20.94,13.26,303.85,309.85,63.8,100.9,0,1.908
2039-06-07,19.18,12.12,237.17,321.24,67.3,100.4,0,1.673
2039-06-08,20.86,14.73,262.81,340.02,67.1,100.7,1.96,1.638
2039-06-09,21.63,14.74,270.18,345.54,77.5,101.5,1.09,1.644
2039-06-10,23.15,14.31,309.32,330.32,80.4,101.7,0.09,1.849
2039-06-11,25.54,14.97,335.03,321.31,80.6,101.7,0,2.644
2039-06-12,27.04,16.71,320.38,348.09,82,101.4,0.39,2.598
2039-06-13,27.09,18.25,337.53,343.29,68.6,101.2,0.13,4.134
2039-06-14,29.9,18.72,297.42,365.35,72.2,101.2,1.13,0.946
2039-06-15,26.86,16.66,341.21,337.86,75.9,101.3,0,1.729
2039-06-16,27.84,17.41,343.8,334.55,69.7,101.3,0,2.427
2039-06-17,28.58,17.28,340.78,335,71.2,101.1,0,2.536
2039-06-18,23.19,13.49,278.34,339.25,77.8,101.5,0.1,1.8
2039-06-19,18.46,11.59,305.65,303.73,63.4,102.4,0.09,1.945
2039-06-20,17.92,11.34,210.02,317.77,68.6,102.4,0.05,1.571
2039-06-21,18.03,11.58,260.16,314.29,64.1,102.2,0.06,1.52
2039-06-22,17.74,9.95,247.5,301.99,68.7,102.2,0.05,1.211
2039-06-23,17.39,8.81,275.17,289.12,73.1,102.1,0,2.464
2039-06-24,19.19,9.19,280.95,298.9,73.4,102,0,0.911
2039-06-25,22.28,9.35,321.91,311.95,73.9,101.9,0,1.128
2039-06-26,26.14,17.38,245.44,356.5,63.3,101.6,1.61,1.843
2039-06-27,24.03,14.93,287.59,332.25,68.1,102,0.02,1.434
2039-06-28,20.39,14.88,323.17,319.45,76.6,102.6,0.04,3.228
2039-06-29,25.4,16.56,325.53,327.21,60.1,102,0,1.952
2039-06-30,31.02,16.14,242.22,364.94,53.8,101,0.15,4.001
2039-07-01,24.37,14.18,311.4,314.29,50,101.4,0.08,4.646
2039-07-02,23.47,13.71,254.69,328.26,64.3,101.8,0.04,1.052
2039-07-03,24.28,11.39,305.57,315.96,70.1,102.1,0.04,0.772
2039-07-04,18.81,11.87,278.52,304.11,70.9,102.3,0.09,3.828
2039-07-05,20.77,11.09,343.36,290.45,76.8,101.8,0,3.419
2039-07-06,27.18,13.57,328.36,322.61,74.2,101.4,0,1.57
2039-07-07,26.06,12.78,240.95,342.52,73.5,101.3,0.25,0.519
2039-07-08,22.58,11.27,239.33,322.61,58.9,101.4,0.49,2.26
2039-07-09,21.05,10.23,216.44,322.04,66.7,101.2,0.88,3.926
2039-07-10,17.36,9.64,195.05,311.78,76.1,100.9,0.44,4.518
2039-07-11,18.66,9.88,156.38,320.42,71.8,101.5,0.3,2.32
2039-07-12,19.64,8.53,222.31,314.1,78.2,101.9,9.53,1.006
2039-07-13,22.25,10.23,196.59,335.82,69.3,101.8,0.11,2.682
2039-07-14,26.15,17.17,210.04,378.76,67.7,100.9,0.86,5.168
2039-07-15,21.94,15.44,234.15,351,77.6,100.2,19.82,3.909
2039-07-16,20.58,13.82,207.04,329.2,69.7,100.5,3.47,4.725
2039-07-17,18.19,12.92,235.01,319.18,80.6,101,7.58,3.283
2039-07-18,20.19,11.42,254.06,311.63,72.8,101.3,1.88,1.845
2039-07-19,19.11,12.46,106.18,349.85,80.1,100.9,14.75,2.318
2039-07-20,21.83,12.84,255.91,339.18,80.5,100.2,5.47,4.287
2039-07-21,21.59,11.15,202.58,334.16,73.5,101.3,0.57,1.609
2039-07-22,22.97,12,247.3,332.94,76.6,101.4,2.05,2.338
2039-07-23,24.34,16.93,227.86,354.68,75.9,101.3,0.61,4.131
2039-07-24,23.7,15.21,257.34,334.76,75.6,101.8,0.04,0.509
2039-07-25,28.93,16.99,291.68,360.33,69.5,101.6,0,3.255
2039-07-26,27.39,18.21,275.52,350.25,76.1,101.6,2.51,1.094
2039-07-27,22.4,16.46,163.25,366.41,87.8,101.5,3.15,2.527
2039-07-28,22.49,13.57,289.46,309.12,73.1,102,0.15,1.858
2039-07-29,23.96,14,289.45,323.16,70.8,102.1,0.18,0.726
2039-07-30,25.32,15.07,294.42,329.17,69,101.9,0,0.773
2039-07-31,24.41,15.53,255.61,339.36,74.1,101.9,0.05,1.148
2039-08-01,23.5,15.99,217.43,349.7,79.1,101.9,0.09,1.971
2039-08-02,23.2,15.5,285.3,329.72,82.1,102,0.11,2.889
2039-08-03,22.4,16.17,293.47,327.48,78.5,101.9,0.04,3.577
2039-08-04,26.7,14.48,292.31,330.63,80.3,101.7,0.04,1.231
2039-08-05,23.27,15.23,275.01,326.94,72.5,102,0.31,2.03
2039-08-06,21.46,12.5,303.24,288.96,70.4,102.4,0,2.087
2039-08-07,27.41,12.95,272.54,325.83,63.2,101.8,0,1.435
2039-08-08,27.52,17.38,214.37,363.85,68,101.4,0.07,2.202
2039-08-09,28.45,18.66,220.91,363.94,64.2,101.1,0.06,3.69
2039-08-10,28.13,18.25,198.13,365.82,59.8,100.8,0.16,4.84
2039-08-11,24.33,14,239.63,315,54.4,101.4,0.03,1.473
2039-08-12,25.21,13.76,168.89,344.55,69.9,100.7,2.06,3.738
2039-08-13,22.53,12.58,247.18,309.29,51.2,101.5,0.12,4.009
2039-08-14,21.72,12.67,186.46,323.79,61,101.9,0.18,1.667
2039-08-15,22.12,12.26,229.65,310.13,71.8,102.3,0.65,0.066
2039-08-16,25.67,15.82,188.26,361.85,68.1,101.9,2.3,3.036
2039-08-17,23.81,15,239.03,321.83,59.4,101.7,0.33,3.642
2039-08-18,25.8,11.75,271.74,314.89,56.1,102.2,0,2.183
2039-08-19,28.78,17.31,274.92,342.98,67.3,102,0,1.879
2039-08-20,26.59,13.43,216.86,344.37,77.1,101.6,3.51,1.046
2039-08-21,21.12,11.22,200.46,305.75,63.6,101.9,0.54,4.031
2039-08-22,21.04,10.62,196.68,303.96,55.1,102,0.15,3.876
2039-08-23,21.83,14.05,124.13,355.98,72.5,101.2,0.96,3.793
2039-08-24,22.74,12.14,172.15,335.99,75.6,100.7,1.46,4.817
2039-08-25,19.02,10.9,199.18,301.41,62.7,101.4,0.37,3.801
2039-08-26,20.19,9.54,168.76,312.51,67.4,101.9,0,1.577
2039-08-27,23.68,9.9,170.03,346.42,71.2,102.2,0.7,1.34
2039-08-28,21.18,12.95,154.32,338.53,70.7,102.5,0.21,1.566
2039-08-29,19.82,13.12,195.31,317.98,65.2,102.5,0,3.839
2039-08-30,23.07,12.64,151.65,349.78,72,102.5,0.1,1.799
2039-08-31,24.52,13.76,175.13,345.91,70.5,102.3,0.07,2.638
2039-09-01,25.98,14.88,198.86,336.86,69,102.2,0.02,3.505
2039-09-02,20.43,10.16,187.05,305.47,65.9,102.2,0.02,2.309
2039-09-03,24.4,9.93,218.36,318.78,66.9,102.4,0.05,2.97
2039-09-04,22.59,14.34,163.35,344.58,69.2,102.2,3.8,4.178
2039-09-05,21.62,11.8,195.35,316.01,69,102.6,0.68,2.185
2039-09-06,25.2,13.63,184.64,344.23,77.6,102.7,0.1,1.003
2039-09-07,22.13,13.88,170.09,336.67,87.3,102.7,0.13,0.919
2039-09-08,25.78,13.18,161.55,347.3,79,102.3,0.19,0.372
2039-09-09,23.06,13.56,143.38,341.67,74.7,102,0.04,2.141
2039-09-10,24.74,12.52,176.99,340.26,67.1,102.1,0,2.715
2039-09-11,24.43,14.37,184.97,335.78,71.6,102,0.05,1.778
2039-09-12,18.15,14.03,131.14,337.12,65.1,102.2,0.06,3.141
2039-09-13,18.73,14.33,165.01,328.04,70.5,101.6,0.04,3.316
2039-09-14,24.62,14.54,176.58,331.57,60.6,100.9,0,4.071
2039-09-15,24.08,13.83,140.69,339.48,66.8,100.6,0,3.366
2039-09-16,21.17,15.61,98.12,371.56,88.2,100.1,13.08,1.338
2039-09-17,20.15,11.68,157.09,311.53,73.2,100.5,0.07,2.12
2039-09-18,21.77,11.35,137.93,333.12,63.8,100.8,0.07,3.119
2039-09-19,21.96,14.7,75.38,374.42,84.8,100.6,9.15,2.357
2039-09-20,23.35,15.05,123.74,361.69,78.5,101.3,0.09,4.185
2039-09-21,20.53,13.93,121.84,339.17,76.8,100.4,13.86,5.705
2039-09-22,18.77,11.63,151.76,316.02,69.3,100.9,0,3.156
2039-09-23,20.14,13.63,128.45,341.9,73.9,99.9,3.89,1.714
2039-09-24,17.68,12.94,118.49,340.12,80.6,101.1,0.06,1.19
2039-09-25,19.35,14.84,127.58,351.65,87.8,100.9,1.41,4.959
2039-09-26,21.62,13.43,167.47,322.89,75.9,100.9,0.06,4.482
2039-09-27,18.2,11.45,149.15,311.87,74.6,101.8,0.05,3.361
2039-09-28,21.08,11.02,165.79,307.11,73.7,102.2,0,3.026
2039-09-29,21.3,12.44,174.19,304.83,81.6,102,0,2.073
2039-09-30,19.01,11.13,125.26,318.78,85.5,101.4,2.43,3.941
2039-10-01,15.87,9.82,130.78,295.48,66,102.8,0.07,3.56
2039-10-02,15.9,9.24,100.96,307.14,76.6,103.3,0.01,1.4
2039-10-03,16.85,9.75,109.17,323.51,79.6,103.1,0.13,1.12
2039-10-04,18.15,12.43,69.39,355.26,86.7,102.7,0.59,1.303
2039-10-05,17.47,10.01,95.47,332.13,84,102,0.14,2.304
2039-10-06,16.84,12.36,80.52,342.36,84.9,102,0.2,1.99
2039-10-07,17.58,11.97,110.57,324.29,83.6,101.9,0.31,2.773
2039-10-08,18.65,12.02,127.02,312.9,83.3,101.6,0,2.929
2039-10-09,19.12,12.43,141.59,301.3,81.6,101.3,0,3.181
2039-10-10,19.22,12.32,104.07,327.83,85.3,100.7,16.39,2.311
2039-10-11,15.7,10.99,99.69,312.75,76.3,100.8,1.14,5.556
2039-10-12,16.23,10.38,86.92,324.04,76.4,101.7,0,6.074
2039-10-13,20.41,14.95,95.61,360.2,81.9,101.7,0.1,5.547
2039-10-14,18.63,13.51,102.45,336.29,79.9,101.9,0.05,4.056
2039-10-15,16.55,10.99,53.14,339.1,89.6,101.8,1.38,2.561
2039-10-16,16.6,8.75,87.31,319.09,87.2,101.4,0.11,1.576
2039-10-17,17.49,14.31,52.48,366.43,89.2,99.8,11.05,3.652
2039-10-18,16.06,9.86,110.85,294.09,75.8,99.1,1.97,5.116
2039-10-19,13.55,7.05,92.2,278.08,77.9,99.7,0.5,4.007
2039-10-20,11.36,5.61,85.68,267.72,79.8,99.9,0.67,4.797
2039-10-21,12.1,6.14,101.44,278.35,69.2,101.2,0,4.078
2039-10-22,11.92,9.2,50.79,339.55,90.5,100.5,4.01,5.611
2039-10-23,18.89,11.14,61.63,354.56,93.4,101.1,0.39,2.275
2039-10-24,17.05,7.98,93.24,304.35,80.1,102.2,0.68,3.16
2039-10-25,14.84,6.35,102.82,277.94,80.3,103.2,0,1.893
2039-10-26,15.15,6.46,88.49,307.74,85.8,103.3,0,2.486
2039-10-27,13.37,12,72.18,314.52,77.1,103.1,0.08,7.984
2039-10-28,13.42,11.81,67.72,319.16,84.8,102.6,0.05,6.699
2039-10-29,13.66,11.45,80.17,321.83,85.7,102.2,0.1,5.199
2039-10-30,15.11,10.92,90.74,303.05,90.1,101.9,0,3.58
2039-10-31,14.84,11.11,70.32,318.8,90.8,101.6,1.87,4.056
2039-11-01,14.57,11.29,50.48,333.94,91.6,101.3,3.71,4.542
2039-11-02,13.1,10.38,40.55,347.44,94.5,101.1,6.61,4.67
2039-11-03,12.09,7.27,62.11,311.79,82.4,102,0.29,1.251
2039-11-04,14.28,6.92,51.88,312.46,89.8,102.3,0.07,4.141
2039-11-05,14.65,11.2,53.08,330.06,84.4,101.3,1.08,7.284
2039-11-06,14.46,12.78,41.35,348.09,87.9,100.3,2.5,7.69
2039-11-07,13.14,8.74,65.28,297.57,76.2,101,0.22,3.118
2039-11-08,10.91,7.86,43.89,317.23,79.1,102.1,0.04,2.569
2039-11-09,11.05,7.6,38.99,320.22,76.5,102.3,0.04,0.548
2039-11-10,10.94,8.02,54.46,294.93,66.9,102.3,0.05,6.671
2039-11-11,10.12,6.13,73.53,264.47,64.5,102,0,7.296
2039-11-12,10.52,8.3,54.51,284.31,67.9,101.7,0,6.731
2039-11-13,9.13,7.12,72.77,253.77,66.8,102,0,6.61
2039-11-14,10.22,6.42,74.18,262.91,74,102.7,0.03,5.008
2039-11-15,9.49,6.24,49.5,302.19,76.3,103,0.2,4.284
2039-11-16,9.05,6.13,36.12,315.48,89,103.3,0.38,0.838
2039-11-17,10.35,7.07,33.53,323.93,94.2,103.3,0.89,0.753
2039-11-18,10.77,6.11,50.41,307.13,88.9,103.3,0.26,0.865
2039-11-19,10.56,6.54,42.39,310.34,90.5,103.1,0.46,1.083
2039-11-20,8.92,5.2,40.34,304.24,87.5,102.6,0.12,1.164
2039-11-21,7.32,1.98,41.38,275.54,92.3,102.6,0,0.611
2039-11-22,10.35,3,49.32,280.17,88.8,102.8,0,1.927
2039-11-23,8.41,2.55,40.07,289.43,90.2,102.4,0.11,1.054
2039-11-24,11.71,5.27,30.82,335.8,97.9,101.9,1.77,0.821
2039-11-25,11.49,8.54,27.55,330.81,97.1,101.6,0.74,1.796
2039-11-26,10.83,7.61,38.85,323.35,94.9,101.3,6.19,2.528
2039-11-27,11.13,7.94,39.82,303.14,90.9,100.1,13.15,2.66
2039-11-28,12.55,5.49,35.31,309.76,86.2,97.9,6.73,7.743
2039-11-29,9.1,6.09,35.16,290.01,78.3,99.4,0.08,7.517
2039-11-30,10.04,5.04,33.65,287.81,85.4,100.4,7.3,4.033
2039-12-01,9.7,6.61,39.5,296.96,88.4,100.6,0.15,4.931
2039-12-02,13.65,8.28,10.57,342.81,94.8,100.2,9.55,2.05
2039-12-03,12.7,8.88,26.06,309.31,86.7,99.1,8.74,3.535
2039-12-04,11.12,6.85,42.11,276.36,84.3,99.2,0.91,4.198
2039-12-05,7.76,3.55,29.07,286.1,84.5,100.3,0.55,5.468
2039-12-06,4.13,0.36,28.99,256.64,79.7,101.5,0.38,5.571
2039-12-07,5.51,-0.5,43.86,243.34,88.9,101.8,0,4.267
2039-12-08,8.57,-1.06,9.55,309.14,87.8,101.1,3.47,2.321
2039-12-09,11.7,8.02,9.97,317.03,93.6,100.4,10.76,4.399
2039-12-10,9.59,5.04,42.32,270.14,94.9,101,0,3.923
2039-12-11,7.34,3.81,41.32,277.87,94.4,101.9,0.01,3.599
2039-12-12,6.31,1.71,26.73,280.52,95,102.7,0.06,1.977
2039-12-13,6.41,1.34,35.1,287.68,87.7,102.5,0.03,0.348
2039-12-14,8.53,4.28,25.18,297.25,85.1,102.3,0.4,4.175
2039-12-15,6.23,3.08,33.98,291.4,69.5,102.4,0.1,8.399
2039-12-16,4.37,3.3,26.06,282.09,72.5,101.5,0.04,10.829
2039-12-17,4.59,2.43,29.62,283.33,80.6,101.1,0.09,7.615
2039-12-18,5.57,4.47,14.49,321.2,90.7,100.2,6.41,8.408
2039-12-19,8.59,4.87,18.15,329.12,96.7,99.7,11.48,7.714
2039-12-20,8.77,7.07,17.64,322.99,95.8,99.4,4.36,6.448
2039-12-21,8.65,6.48,7.36,333.07,92.3,99.5,6.72,8.268
2039-12-22,8.28,6.54,12.8,334.55,95.6,99.4,3.68,7.286
2039-12-23,10,8.17,17.72,335.29,96.1,99,3.39,2.723
2039-12-24,10.95,9.16,21.01,321.77,97.1,99.5,0.67,1.374
2039-12-25,11.08,8.97,27.83,317.79,96.9,100.6,0.26,1.662
2039-12-26,11.08,8.89,16.86,340.13,94.4,100.4,7.06,3.837
2039-12-27,12.2,11.11,12.35,356.42,95.5,99.6,4.72,1.931
2039-12-28,12,10.51,35.52,308.05,93.5,99.9,6.13,2.301
2039-12-29,11.77,6.38,11.88,326.77,93.7,99.6,8.16,1.835
2039-12-30,9.73,4.55,6.5,312.35,96.7,100.1,11.09,4.056
2039-12-31,9.36,5.14,14.95,313.58,96.8,100.3,5.66,1.104
2040-01-01,9,5.72,23.45,315.11,96.9,100.4,0.23,1.763
2040-01-02,10.77,6.59,12.68,309.53,92.2,99.9,5.2,1.514
2040-01-03,10.51,8.07,28.34,302.63,88.4,99.3,6.47,2.261
2040-01-04,10.79,8.19,21.89,336.43,93.2,98.6,4.17,0.832
2040-01-05,8.18,4.89,44.43,283.78,88,101.3,0.08,4.445
2040-01-06,7.69,2.61,45.93,258.85,84.2,102.4,0.49,4.656
2040-01-07,10.79,2.41,16.26,302.12,88,101.9,1.42,5.04
2040-01-08,10.85,7.76,10.1,334.15,95.3,101.1,7.26,2.757
2040-01-09,10.56,6.58,6.97,319.68,90.1,98.9,7.79,3.775
2040-01-10,6.55,0.29,49.6,247.47,81.7,99.9,1.75,4.672
2040-01-11,4.85,-1.67,39.58,235.65,87.7,101.4,0.15,3.148
2040-01-12,5.75,-3.03,15.67,281.1,90.7,101.5,5.59,1.583
2040-01-13,6.59,2.2,32.15,287.6,97.9,102.1,0.03,2.337
2040-01-14,9.48,2.23,21.03,315.03,95.3,102.8,1.52,2.161
2040-01-15,11.19,6.64,36.45,304.78,93.9,102,2.46,3.898
2040-01-16,8.87,5.42,29.98,292.35,92.1,102.2,0.19,3.832
2040-01-17,6.57,3.62,37.46,295.61,84.1,103,0.08,3.918
2040-01-18,10.08,6.42,42.56,298.4,88.9,102.7,0,5.184
2040-01-19,9.99,5.88,40.99,291.1,87.6,102.4,0,6.533
2040-01-20,12.22,9.29,40.19,312.09,86.5,102.4,0.07,6.99
2040-01-21,11.64,7.16,37.91,316.96,81.9,102.1,4.3,6.232
2040-01-22,10.53,6.68,30.67,314.74,90.1,102.1,3.36,4.45
2040-01-23,9.48,2,33,287.43,80.9,102.7,0.65,1.429
2040-01-24,5.69,-0.24,47.7,255.09,84.5,103.1,0,1.024
2040-01-25,5.63,0.35,49.04,271.72,80.5,102.3,0.01,2.21
2040-01-26,7.12,0.58,60.33,262.12,90.4,102.1,0,2.529
2040-01-27,6.4,0,53.28,283.06,89.7,102.4,0.11,2.584
2040-01-28,12.52,6.3,21.12,339.34,93.8,101.6,2.77,4.759
2040-01-29,13.24,9.84,45.87,335.87,87.8,101,0.12,5.017
2040-01-30,12.84,9.25,70.16,295.71,84.4,100.4,0.95,5.529
2040-01-31,12.68,10.33,52.23,313.44,82.9,100.1,0,3.629
2040-02-01,12.53,7.75,27.74,329.78,85.6,98.2,11.18,2.877
2040-02-02,9.84,6.82,67.32,282.45,63.6,99,0,7.394
2040-02-03,8,3.09,50.82,260.76,79.3,100.2,0.37,5.984
2040-02-04,6.75,0.48,65.29,248.54,90.6,101.2,0,1.459
2040-02-05,5.38,1.16,34.01,283.1,89.6,101.6,1.6,1.738
2040-02-06,7.35,1.25,77.54,255.84,77.2,102.6,0,2.117
2040-02-07,9.69,1.73,22.38,314.52,88.2,101.9,7.36,5.347
2040-02-08,11.31,8.62,30.13,311.79,93.2,102.2,0.11,5.613
2040-02-09,13.19,7.97,81.98,298.85,90.3,103,0,4.116
2040-02-10,10.55,5.97,50.28,317.42,95.1,103.1,0.13,1.199
2040-02-11,10.11,8.53,43.59,328.66,93.5,101.7,0.6,1.732
2040-02-12,13.69,9.42,27.42,335.61,92.8,100,12.11,4.071
2040-02-13,11,6.13,80.85,279.26,73,99.7,0.28,7.378
2040-02-14,11.36,5.63,89.04,289.07,84.1,100.3,0.21,4.153
2040-02-15,12.6,5.37,63.92,320.43,90.2,99.6,14.82,4.233
2040-02-16,6.85,2.96,102.61,263.33,73.2,101.9,0,3.242
2040-02-17,9.83,3.59,22.31,323.86,89.7,101.8,4.77,2.613
2040-02-18,13.94,9.74,62.95,339.45,94.8,100.9,0.6,2.047
2040-02-19,12.7,9.06,54.44,312.6,88.1,99.9,4.31,3.883
2040-02-20,11.64,6.06,50.87,298.44,89.7,98.5,11.87,2.88
2040-02-21,7.66,3.53,75.22,294.77,86.8,98.7,3.37,6.193
2040-02-22,5.65,-0.53,119.5,234.78,73.7,100.9,0,3.922
2040-02-23,6.35,-1.79,57.83,266.46,81,101.5,0.79,2.002
2040-02-24,10.4,3.01,109.27,281.72,86.5,101.6,0.84,2.027
2040-02-25,12.46,8.55,63.37,322.76,90.3,100.4,10,2.686
2040-02-26,10.38,5.74,67.36,300.22,89.3,100.2,4.24,4.492
2040-02-27,8.26,3.91,69.3,288.36,86,100.7,0.81,1.913
2040-02-28,6.56,2.83,52.55,293.84,76.5,101.3,0.13,1.273
2040-02-29,6.57,2.82,61.73,296.27,72.9,101.1,0.43,2.659
2040-03-01,6.58,2.81,70.93,299.14,69.3,100.8,0.73,4.519
2040-03-02,6.15,3.52,101.52,264.5,52.3,101.1,0,8.849
2040-03-03,5.98,3.02,93.15,271.43,51.8,102,0,6.233
2040-03-04,6.89,0.03,97.82,270.86,77.2,101.9,1.08,2.821
2040-03-05,5.83,2.24,62.84,287.31,71.7,101.3,2.23,2.862
2040-03-06,4.97,1.04,73.18,284.3,74.9,102,4.21,4.216
2040-03-07,8.08,-0.96,130.86,264.3,80,102.5,0.08,3.241
2040-03-08,9.62,4.59,87.85,298.7,76.5,102.1,0.21,4.834
2040-03-09,11.95,4.41,118.54,286.13,81.4,102.1,0.11,5.742
2040-03-10,11.7,4.07,88.56,309.22,86.3,101.7,4.59,4.562
2040-03-11,4.96,2.31,101.07,278.75,70.3,102.5,0.8,4.291
2040-03-12,7.67,0.95,129,262.37,71.2,103.5,0.04,3.85
2040-03-13,8.44,-1.16,176.38,236.41,72.8,103,0,2.429
2040-03-14,11.26,2.87,71.58,293.28,88.1,101,3.46,2.486
2040-03-15,9.91,5.89,57.91,315.06,94.8,99.8,14.13,0.525
2040-03-16,9.33,5.31,87.59,312.39,90,101.3,1.49,0.548
2040-03-17,5.73,2.69,88.3,282.85,63.2,102.8,0.06,4.844
2040-03-18,5.98,1.83,133.89,268.93,62.9,103.5,0.11,2.211
2040-03-19,7.14,0.4,190.13,235.6,68.8,103.4,0,0.974
2040-03-20,11.32,0.23,175.3,257.68,79.7,103.1,0,0.855
2040-03-21,12.72,0.99,200.14,246.68,80.1,102.3,0,0.429
2040-03-22,10.6,3.16,199.13,251.91,83.3,101.6,0,5.009
2040-03-23,8.49,3.05,164.75,263.1,77.1,101.9,0.13,4.55
2040-03-24,10.52,0.83,196.75,253.12,82.7,101.7,0,0.495
2040-03-25,12.11,1.78,207.9,259.33,82.8,101.4,0.08,0.648
2040-03-26,16.01,6.79,166.98,310.12,82.3,100.3,0.19,1.412
2040-03-27,15.07,8.36,153.07,307.07,78.6,100,0.43,4.067
2040-03-28,9.67,5.47,152.79,273.68,57.5,100.5,0.65,7.486
2040-03-29,9.39,5.15,128.87,284.31,65.4,101,1.61,6.193
2040-03-30,8.51,2.3,134.1,277.74,67,102.5,0.31,4.101
2040-03-31,13.38,3.1,121.21,305.53,86.3,102.3,5.09,3.269
2040-04-01,11.35,7,133.91,318.98,80,102.4,1.06,1.768
2040-04-02,13.52,8.13,146.87,326.49,84.6,102.4,0.41,1.846
2040-04-03,14.55,9.01,130.35,326.76,79.8,102.3,0.2,3.307
2040-04-04,15.18,6.65,162.34,295.58,70.4,102.3,0.08,5.322
2040-04-05,10.84,4.98,170.86,266.98,60,102.5,0.3,4.377
2040-04-06,9.38,3.56,97.78,297.7,78.8,101.7,0.72,4.88
2040-04-07,10.97,4.99,148.12,295.6,71.9,100.1,1.59,5.812
2040-04-08,8.8,4.07,152.54,271.64,57.8,100.8,0.06,4.061
2040-04-09,8.82,2.87,135.64,267.24,60.7,101.3,0.49,1.892
2040-04-10,10.08,2.06,137.9,276.31,68.2,100.9,2.02,3.14
2040-04-11,9.45,1.48,177.05,258.32,63.6,101.7,0.16,4.777
2040-04-12,10.56,2.21,173.24,275.83,67.7,103,0.11,0.951
2040-04-13,12.43,3.74,157.76,291.49,66.1,102.7,0.05,1.127
2040-04-14,14.56,7.38,133.69,308.99,75.3,100.7,0.88,2.705
2040-04-15,10.44,6.76,157.18,297.33,63.3,100.3,5.03,5.435
2040-04-16,10.57,4.9,170.76,296.36,68.7,99.3,5.74,5.768
2040-04-17,11.37,4.34,162.64,301.11,74.1,99.8,2.65,4.364
2040-04-18,11.28,5.02,135.81,296.13,74.5,100,2.22,4.088
2040-04-19,11.73,3.72,170.53,285.48,76.8,100.6,2.33,3.45
2040-04-20,9.79,4.37,119.83,297.65,84.5,100.2,7.12,2.025
2040-04-21,11.25,6.71,156.15,301.19,87.3,99.6,6.43,0.589
2040-04-22,10.6,6.26,170.91,305.73,75.7,101.6,2.21,4.447
2040-04-23,11.26,4.48,154.63,291.44,70,102.5,0.23,3.424
2040-04-24,10.62,3.46,167,289.21,70.6,102.8,0.22,1.665
2040-04-25,9.18,2.34,101.31,307.89,89.9,102.2,5.93,0.65
2040-04-26,12.83,7.91,129.31,328.32,89.8,100.7,6.99,1.966
2040-04-27,10.17,6.96,118.05,321.11,90.3,99.8,5.96,1.773
2040-04-28,11.51,4.35,157.77,297.35,84.1,100.1,0.34,0.92
2040-04-29,11.78,5,154.82,287.02,86.8,100.2,0.92,0.626
2040-04-30,12.6,5,186.95,287.8,81.9,100.1,1.25,1.425
2040-05-01,10.49,6.68,104.37,307.77,91.6,100.1,3.47,0.996
2040-05-02,12.93,4.4,216.85,276.04,87,100.3,1.85,0.406
2040-05-03,12.74,3.69,187.58,292.51,89.6,100.6,1.82,0.729
2040-05-04,12.65,5.57,206.25,289.39,90.2,100.6,4.6,0.478
2040-05-05,14.03,6.51,197.93,291.04,84.2,100.5,3.3,1.21
2040-05-06,12.68,7.07,187.19,300.04,89.7,100.7,5.57,0.169
2040-05-07,12.33,7.25,108.4,311.22,79.7,99.7,4.2,3.939
2040-05-08,13.38,6.93,187.89,302.02,65.7,99.1,1.2,5.847
2040-05-09,13.26,6.83,190.31,298.89,80.2,99.2,5.95,4.327
2040-05-10,15.68,6.07,193.9,316.09,68.7,99.9,1.03,4.365
2040-05-11,17.18,7.32,172.38,314.89,80.2,100.2,1.17,2.431
2040-05-12,18.17,10.28,246.11,313.41,67.1,100.4,0.82,5.595
2040-05-13,15.34,9.75,175.98,325.78,82.6,101.2,11.23,3.921
2040-05-14,17.82,10.77,131.93,341.18,91.9,100.7,3.89,1.44
2040-05-15,16.52,7.43,204.52,314.45,87.3,101.5,2.31,1.235
2040-05-16,13.26,8.53,265.78,297.81,73.9,101.6,0,2.552
2040-05-17,13.91,8.37,241.04,310.16,75.5,101.4,0.93,3.167
2040-05-18,11.88,6.86,169.66,295.83,84.1,100.9,2.09,0.718
2040-05-19,13.67,6.47,193.94,302.44,73.4,101.3,0.11,3.745
2040-05-20,11.8,8.74,216.12,310.37,58.3,101.4,0.15,7.049
2040-05-21,12.66,9.16,249.71,294.84,63.8,101.1,0.07,7.85
2040-05-22,13.99,8.84,232.31,302,63.1,101.2,0,6.616
2040-05-23,12.93,8.78,164.88,312.13,65.9,101.5,0.49,3.99
2040-05-24,12.8,7.82,172.7,306.69,69.8,101.5,0.27,3.931
2040-05-25,13.11,6.81,213.4,292.7,73.9,101.6,1.71,2.529
2040-05-26,13.39,7.51,196.64,304.62,84.1,101.4,3.81,1.973
2040-05-27,15.07,9.03,248.99,302.92,74.9,101.5,0.06,2.365
2040-05-28,14.21,8.69,192.86,312.58,74.6,102,0.1,1.862
2040-05-29,14.9,7.02,224.97,299.47,77.6,102.7,0.02,0.548
2040-05-30,17.51,5.65,339.21,266.85,77.3,103,0,0.51
2040-05-31,18.95,7.26,336.9,276.7,74.7,102.6,0,0.693
2040-06-01,20.38,8.87,334.61,286.64,72.1,102.3,0,0.853
2040-06-02,19.48,12.07,215.32,337.64,82.3,101.6,0.66,1.49
2040-06-03,14.11,11.26,134.74,342.52,80.3,101.4,1.2,4.338
2040-06-04,14.7,9.35,118.48,344.22,92.1,100.4,29.2,1.094
2040-06-05,12.95,7.91,140.75,333.56,86.2,100,12.95,6.169
2040-06-06,15.53,8.42,196.64,326.61,77.2,100.2,2.98,4.744
2040-06-07,15.07,9.84,168.28,326.4,75.9,100.6,2.71,2.028
2040-06-08,16.22,8.52,249.25,301.03,86.9,101.1,7.05,0.598
2040-06-09,15.25,8.4,184.64,316.97,79.5,101.6,0.21,1.207
2040-06-10,14.7,8.8,248.9,297.92,69.6,101.9,0,2.654
2040-06-11,15.01,9.48,248.38,310.05,61.1,102.6,0.08,2.805
2040-06-12,15.06,9.31,235.74,323.85,78.4,102.6,1.1,3.214
2040-06-13,15.56,12.2,151.97,349.25,88.2,102.3,2.65,2.138
2040-06-14,17.94,11.74,235.12,332.08,82.7,101.5,1.92,1.879
2040-06-15,16.97,11.72,237.54,327.4,91.2,101,7.7,2.009
2040-06-16,18.12,11.39,299.53,313.11,85.5,101.4,0.14,1.297
2040-06-17,20.36,12.04,300.67,316.51,77.2,101.6,0.13,1.025
2040-06-18,21.58,13.69,240.43,346.04,82.5,100.8,23.3,4.64
2040-06-19,20.95,15.63,318.89,329.35,77.9,100.5,0.06,2.454
2040-06-20,22.13,14.82,269.52,342.59,73.7,101.5,1.23,3.07
2040-06-21,22.94,14.36,283,342.88,73.9,102,0.09,2.595
2040-06-22,22.06,15.89,274.33,347.32,81.6,101.7,0,1.038
2040-06-23,22.84,16.33,292.07,337.52,67.8,101.3,0.33,3.624
2040-06-24,19.96,14.1,256.04,331.04,77.3,101.7,8.33,1.591
2040-06-25,24.46,15.75,238.45,365.19,80.8,101.5,0.79,1.059
2040-06-26,25.9,16.16,265.42,362.73,76.9,101.2,0.12,2.476
2040-06-27,19.39,15.79,260.43,344.53,75.7,101.3,1.8,8.836
2040-06-28,24.13,16.94,233.87,368.52,81.6,100.7,0.34,1.532
2040-06-29,23.96,16.02,242.68,353.03,70,101.1,0,2.497
2040-06-30,26.73,17.21,296.1,370.96,71.4,101,0,4.106
2040-07-01,22.72,16.34,310.1,336.87,66.6,101,0.08,3.118
2040-07-02,21.64,14.67,292.6,332.08,68.8,100.9,3.7,2.125
2040-07-03,20.75,11.93,267.41,315.43,64.4,101.3,0.21,1.59
2040-07-04,21.4,15.65,242.18,346.76,76.9,100.9,4.48,1.328
2040-07-05,22.09,14.16,275.49,327.99,70.7,101,0.28,5.299
2040-07-06,20.55,12.63,216.84,329.94,72.2,101.3,0.6,3.827
2040-07-07,19.59,11.95,256.43,308.31,68.9,101.1,0.4,3.175
2040-07-08,17.91,11,269.29,300.11,77,100.9,5.52,1.392
2040-07-09,19.39,10.92,221.01,323.07,78.4,100.7,0.25,3.079
2040-07-10,21.2,13.9,193.44,345.84,75.8,101.1,0.82,2.129
2040-07-11,21.83,14.04,177.99,352.68,81.5,101.1,4.56,2.371
2040-07-12,22.7,16.48,242.8,354.57,77.7,101,6.28,3.071
2040-07-13,21.51,14.88,246.78,329.58,78.2,101.2,1.28,0.445
2040-07-14,19.64,15.23,179.37,352.54,89.9,100.8,23.7,4.543
2040-07-15,19.63,14.44,164.13,356.7,83.4,100.5,6.25,1.681
2040-07-16,18.45,13.87,169.56,357.89,84.3,100.9,6.48,5.221
2040-07-17,16.55,14.47,42.69,371.14,96.2,101.3,42.73,2.504
2040-07-18,19.39,13.88,134.59,359.51,89.3,101.3,7.98,1.032
2040-07-19,19.77,12.78,277.03,326.05,75.3,101.4,0.25,2.238
2040-07-20,21.31,15.7,181.38,362.45,88.9,101.5,3.88,0.376
2040-07-21,23.5,13.99,238.38,335.62,71.7,101.2,0,3.563
2040-07-22,20.52,13.71,211.65,334.89,75.2,101.1,0.37,1.593
2040-07-23,23.15,14.78,211.81,348.79,73.6,100.3,1.13,4.3
2040-07-24,20.92,13.65,271.65,322.28,68.8,100.4,1.59,5.862
2040-07-25,20.84,13.74,256.81,323.91,72.5,100.9,1.97,4.276
2040-07-26,19.72,12.15,223.93,318.83,72.7,101.7,0.17,1.341
2040-07-27,22.66,13.46,272.43,326.9,70.9,101.6,0.02,1.756
2040-07-28,23.03,15.71,254.8,348.62,75,101.2,5.16,2.76
2040-07-29,19.85,15.32,184.78,356.75,87.4,100.7,3.05,0.742
2040-07-30,21.2,15.16,194.18,344.25,81.7,100.1,4.46,4.323
2040-07-31,20.27,14.92,198.78,342.75,84.4,100.1,6.85,4.198
2040-08-01,19.33,14.69,203.37,340.84,87.1,100.2,9.24,4.189
2040-08-02,21.41,13.47,225.38,334.95,83.8,100.9,2.43,1.04
2040-08-03,21.28,17.1,135.59,367.94,87.6,100.4,2.28,1.735
2040-08-04,21.13,15.71,234.23,334.93,82.4,100,2.4,3.335
2040-08-05,21.34,15.92,232.1,337.95,83.3,99.8,8.29,2.471
2040-08-06,19.84,14.86,194.96,336.35,85.7,100.3,6.06,3.831
2040-08-07,21.95,14.16,241.69,326.92,73.9,101.4,0,4.242
2040-08-08,24.38,14.5,214.97,349.73,81,102.1,0,1.973
2040-08-09,23.69,17.24,286.64,337.4,79.2,101.9,0,1.457
2040-08-10,25.44,18.82,285.66,348.55,79.4,101.2,4.08,0.662
2040-08-11,22.15,16.24,226.94,334.87,80.3,101.2,4.15,3.382
2040-08-12,20.67,15.19,230.88,330.44,80.9,101.4,4.22,3.653
2040-08-13,21.2,15.95,183.13,360.04,82.4,101.4,0.77,4.155
2040-08-14,21,12.94,178.77,338.87,79.4,101.7,0.76,1.765
2040-08-15,24.15,11.55,258.15,322.16,71.9,101.6,0,2.601
2040-08-16,24.18,13.95,245.15,339.09,72.9,101.5,0.01,2.211
2040-08-17,24.37,16.53,240.32,345.3,76.5,101.8,0.05,0.542
2040-08-18,25.35,16.98,273.48,343.18,78.3,101.3,3.46,1.463
2040-08-19,25.37,15.25,235.85,341.82,73,101.3,0.32,3.638
2040-08-20,21.96,13.72,244.67,313.44,67.9,102.3,0.06,1.713
2040-08-21,21.31,13.12,211.79,321.29,73.3,102.6,0,1.845
2040-08-22,22.43,13.01,259.27,314.52,74.2,102,0,1.021
2040-08-23,26.29,17.01,268.89,334.52,69.6,101.3,0,0.941
2040-08-24,25.46,15.66,250.1,328.66,74,101.7,0,0.413
2040-08-25,23.38,16.31,239.79,332.43,80.8,102,0,3.162
2040-08-26,24.6,16.8,240.34,331.75,78.6,101.6,0,1.092
2040-08-27,26.61,15.63,200.93,354.6,79.3,101.2,3.98,2.064
2040-08-28,23.27,15.22,142.5,352.59,83.6,101.5,1.23,0.202
2040-08-29,25.53,18.37,186.95,352.64,76.8,101.7,0,0.838
2040-08-30,26.4,17.24,183.23,357.23,74.7,101.8,0.04,2.1
2040-08-31,24.55,17.53,141.73,358.71,80.8,101.6,0.96,1.499
2040-09-01,22.7,17.82,100.53,358.97,87,101.3,1.87,0.785
2040-09-02,22.63,14.65,214.24,318.13,64.9,100.8,0.44,5.709
2040-09-03,21.42,12.64,243.62,293.53,66.5,101.8,0,2.906
2040-09-04,22.71,11.54,234.81,311.36,76.1,102.3,0,0.636
2040-09-05,21.03,13.77,184.62,339.12,80.5,102.2,0.08,2.603
2040-09-06,20.57,15.82,156.94,348.37,73.3,102.3,0.19,2.763
2040-09-07,19.56,14.63,129.09,343.19,72.7,102.2,0.07,2.516
2040-09-08,20.16,14.2,161.43,333.36,74.4,102.2,0,2.238
2040-09-09,20.11,11.93,154.62,316.85,78.7,102.1,0.01,0.999
2040-09-10,21.12,11.68,126.21,341.06,86.2,101.2,3.03,1.286
2040-09-11,17.8,12.63,94.71,349.55,92.1,99.4,31.22,1.724
2040-09-12,16.89,10.6,185.48,291.33,69,100.5,0.06,5.007
2040-09-13,18.15,9.84,185.74,291.72,72.1,101.4,0.07,5.018
2040-09-14,19.01,9.65,144.43,325.32,80.6,101.8,12.27,1.846
2040-09-15,23.7,17.4,119.36,376.86,86.9,101.2,0.42,5.046
2040-09-16,22.02,17.56,87.57,376.21,90.5,101.1,16.97,2.951
2040-09-17,17.88,13.45,141.67,325.59,76.6,101.4,0,2.902
2040-09-18,16.26,13.6,71.02,352.41,74.8,101.6,0.29,5.523
2040-09-19,17.03,15.21,76.04,369.24,81.3,101,5.05,8.02
2040-09-20,21.06,16.13,144.32,362.44,88.1,101,2.64,1.062
2040-09-21,19.38,14.39,150.48,331,79.2,101,2.75,1.165
2040-09-22,20.59,13.23,164.58,328.83,81.7,101,1.56,2.172
2040-09-23,20.74,11.37,179.76,312.04,83.9,101.8,0,0.846
2040-09-24,18.58,15.4,158.99,326.38,76.8,102.3,0,5.254
2040-09-25,16.42,12.95,103.84,339.84,66,102.3,0.09,7.928
2040-09-26,15.86,13.55,156.81,325.81,72.5,101.9,0.06,6.139
2040-09-27,18.47,14.33,96.35,350.04,81,101.8,0,1.812
2040-09-28,19.66,14.35,142.42,335.28,87.1,101.8,0.68,4.062
2040-09-29,19.75,15.6,149.33,331.74,86.9,101.7,0.14,4.066
2040-09-30,19.5,16.21,151.5,326.41,83.1,101.4,0,5.13
2040-10-01,19.73,16.05,149.01,329.99,87.3,101.3,0,4.595
2040-10-02,24.11,17.84,151.25,351.24,87.4,101.1,0,1.797
2040-10-03,22.04,19.16,150.71,345.99,82.7,100.4,0,6.865
2040-10-04,21.85,16.61,103.32,353.36,88.1,100.1,31.79,2.606
2040-10-05,20.62,14.83,142.73,326.47,86.4,101.1,0.09,0.971
2040-10-06,21.24,17.13,127.49,339.27,82.2,101.3,1.03,4.632
2040-10-07,20.6,16.2,129.15,338.35,85.5,100.8,3.58,1.253
2040-10-08,18.77,15.45,87.86,348.65,88.3,100.6,3.39,1.309
2040-10-09,19.4,15.22,72.48,353.58,88.3,100.4,12.99,2.741
2040-10-10,18.65,13.7,109.52,318.72,84.1,100.3,0.26,3.322
2040-10-11,18.33,12.25,96.97,325.42,86.2,100.7,1.21,2.998
2040-10-12,16.68,10.83,134.39,288.75,74.5,101.8,0,5.677
2040-10-13,18.15,9.67,85.91,331.09,82.7,102.2,0.07,3.698
2040-10-14,17.49,16.12,21.13,381.36,93.8,101,20.84,3.859
2040-10-15,17.94,9.34,32.78,338.3,89.9,99,51.79,5.032
2040-10-16,14.61,8.38,110.61,279.45,82.3,100.4,0.01,5.027
2040-10-17,16.81,9.04,37.83,344.3,92.9,100.8,2.78,2.736
2040-10-18,19.02,13.5,67.13,350.36,87.3,100.8,0.47,4.497
2040-10-19,16.91,11.39,118.2,295.09,74.2,100.6,0,5.011
2040-10-20,15.77,10.44,107.64,292.71,77.3,101.1,0,5.671
2040-10-21,15.69,10.24,91.49,304.22,85.9,102,0.04,4.357
2040-10-22,15.41,9.42,86.78,317.15,86.2,102.6,0.05,2.338
2040-10-23,16.53,11.66,75.9,331.15,85.5,102.5,0.06,2.759
2040-10-24,15.51,10.4,87.62,306.96,82.4,102.8,0.05,4.101
2040-10-25,15.03,8.36,99.79,291.87,84.9,103.7,0,2.697
2040-10-26,15.13,8.42,90.7,295.02,89.9,103.3,0,2.259
2040-10-27,17.03,8.06,98.55,290.54,91.3,102.7,0,0.898
2040-10-28,17.68,12.28,100.15,297.71,90.8,102.2,0,1.474
2040-10-29,17.44,11.43,85.48,328.52,92.5,102,0.07,2.276
2040-10-30,16.41,9.32,86.9,307.08,85,101.9,0.08,3.459
2040-10-31,16.48,9.25,87.08,305.42,84.8,101.7,0.09,3.091
2040-11-01,16.55,9.18,87.26,304.16,84.6,101.5,0.1,2.533
2040-11-02,16.83,9.84,24.48,347.64,89.5,100.3,13.86,2.852
2040-11-03,12.32,6.72,88.23,271.72,81,100.6,0,4.221
2040-11-04,10.94,4.76,86.56,254.8,78.5,101.8,0,4.086
2040-11-05,13.74,4.63,25.59,324.66,89.4,101.9,0.88,3.415
2040-11-06,15.23,12.55,33.75,345.89,94,101.7,3.24,4.618
2040-11-07,14.25,9.01,63.25,308.3,80.3,100.9,0.82,6.094
2040-11-08,9.71,6.76,47.52,303.54,69,101.3,1.74,5.98
2040-11-09,12.61,8.94,47.07,320.32,76.6,101.4,1.69,3.075
2040-11-10,10.85,9.34,43.38,323.64,73.3,102.1,0.29,5.511
2040-11-11,11.21,8.25,46.47,318.11,68.8,102.4,0.09,3.735
2040-11-12,10.61,6.83,35.07,315.21,84.1,102.2,0.33,1.827
2040-11-13,9.29,5.91,41.86,305.15,87.6,101.8,0.9,3.764
2040-11-14,10.17,6.7,53.68,296.34,89.5,101.5,1.29,4.044
2040-11-15,10.83,4.31,47.51,285.95,81.3,101.7,1.16,4.395
2040-11-16,13.38,4.72,37.82,327.15,94.1,101.9,1.88,4.588
2040-11-17,12.54,6.97,64.59,283.77,80.8,101.3,2.49,7.079
2040-11-18,12.44,5.52,30.4,302.46,91.5,101.2,8.47,3.938
2040-11-19,11.26,6.36,54.26,298.79,78.3,101,0.98,5.017
2040-11-20,7.98,3.6,61.23,263.66,80.2,102.7,0,3.373
2040-11-21,11.97,5.62,25.05,317.27,90.2,101.8,1.84,4.694
2040-11-22,8.78,5.56,53.02,264.34,74.1,101.7,0,6.471
2040-11-23,9.32,4.93,45.37,265.52,87.7,102,0,5.588
2040-11-24,11.82,5.91,36.94,299.65,89.6,101.9,0,4.34
2040-11-25,13.86,11.81,19.12,352.02,91.9,101.2,2.39,3.674
2040-11-26,13.01,6.96,53.98,290.5,81.5,101.2,5.72,4.325
2040-11-27,10.91,5.7,49.75,290.36,87.5,101.9,5.42,3.911
2040-11-28,14.14,8.02,18.79,346.66,95.5,101.6,17.43,2.115
2040-11-29,14.95,10.21,27.56,348.24,92.1,101.2,0.29,5.108
2040-11-30,10.26,5.91,31.49,313.54,88,102.4,0.6,3.962
2040-12-01,11.88,6.35,12.95,343.11,94.9,102.1,0.98,3.127
2040-12-02,14.72,11.4,24.44,347.65,95.2,101.7,0.1,4.092
2040-12-03,14.09,12.56,20.06,360.11,94.6,101.5,3.79,3.987
2040-12-04,13.61,9.75,11.98,351.1,93.8,100.8,14.57,1.548
2040-12-05,13.7,6.53,32.99,304.51,82.5,99.8,2.29,7.02
2040-12-06,8.46,5.06,36.44,263.27,90.5,100.7,0,4.835
2040-12-07,7.65,3.98,22.52,290.24,87.7,100.9,0,2.575
2040-12-08,7.24,3.97,35.52,280.67,92.3,101.7,0.08,3.01
2040-12-09,13.29,5.97,23.18,326.55,94.2,101,4.77,5.082
2040-12-10,9.26,4.62,39.53,274.41,86.3,100,0.67,5.677
2040-12-11,7.34,3.77,23.31,288.6,85.8,100.1,3.92,3.251
2040-12-12,7.62,4.04,21.02,297.14,83.6,101.2,0.71,2.859
2040-12-13,6.86,2.93,18.1,290.55,84.6,102,0.14,1.217
2040-12-14,6.73,0.89,29.68,273.24,84.2,102.5,0.02,0.322
2040-12-15,5.7,1.56,20.45,300.78,95.1,102.8,1.38,2.307
2040-12-16,6.7,3.38,36.98,287.55,97.2,103.1,0.11,2.782
2040-12-17,7.29,4.38,19.59,311.78,98.5,103,0.65,2.485
2040-12-18,8.64,5.89,30.57,310.21,92.7,102.2,0.05,4.081
2040-12-19,8.34,4.15,22.09,304.65,93.4,101,3.38,3.664
2040-12-20,6.85,2.27,38.02,278.38,91.6,100.7,0,2.926
2040-12-21,6.58,0.91,8.88,279.32,89.7,100.5,4.68,4.245
2040-12-22,5.83,2.9,28.46,282.22,85.2,101.3,0,4.448
2040-12-23,9,1.31,6.28,308.82,95.7,101.3,6.36,1.461
2040-12-24,14.6,9.06,24.81,341.16,90.4,100.7,3.3,5.685
2040-12-25,14.03,6.41,38.64,307.08,76.1,101.1,7.46,6.594
2040-12-26,7.86,5.22,34.36,262.64,81.2,102,0,5.808
2040-12-27,8.39,6.15,27.38,296.68,86,102.1,0.79,6.248
2040-12-28,10.46,7.9,35.12,302.96,89.6,102.5,0.3,6.139
2040-12-29,10.44,7.15,31.13,297.88,88.1,102.3,0,5.627
2040-12-30,7.54,3.86,14.69,287.65,87.8,101.6,0.14,4.997
2040-12-31,6.17,2.37,18.17,272.23,85.3,101.5,0.3,5.193
2041-01-01,4.79,0.88,21.67,254.3,82.8,101.4,0.46,5.432
2041-01-02,3.94,0.99,28.22,272.17,80.1,101.8,0.21,6.186
2041-01-03,3.37,0.3,11.39,290.77,88.2,102.2,5.62,4.347
2041-01-04,3.11,-1.25,33.3,270.1,83.9,103.2,2.45,1.911
2041-01-05,6.69,2.58,28.9,300.61,95.7,103.1,3.7,3.602
2041-01-06,12.8,6.14,27.07,316.82,88.7,102,0.45,7.089
2041-01-07,12.33,6.81,23.64,325.94,80,100.7,4.05,6.918
2041-01-08,7.49,3.96,33.87,277.43,68.3,100,0,7.36
2041-01-09,6.96,3.01,48.58,255.15,79.4,100.3,0.1,5.056
2041-01-10,10.13,4.33,30.89,300.94,83.7,99,3.39,5.567
2041-01-11,13.08,7.02,5.9,323.11,89.2,98.9,5.69,3.896
2041-01-12,11.7,5.21,36.66,287.51,83.1,98.7,0.03,5.08
2041-01-13,5.88,2.67,27.46,286.82,94,99.3,0.8,2.163
2041-01-14,5.63,0.5,48.77,260.96,89.8,99.8,0,2.217
2041-01-15,3.59,-1.77,50.49,226.33,85.4,100.6,0,3.357
2041-01-16,4.25,-2.69,13.85,289.68,89,99.9,4.84,3.031
2041-01-17,4.16,2.88,21.29,313.95,90.6,99.3,10,7.843
2041-01-18,3.89,0.28,5.28,302.88,85.3,99.1,20.74,5.332
2041-01-19,2.9,-1.54,44.75,251.07,85.1,101.4,1.08,4.777
2041-01-20,2.6,-3.2,46.26,235.98,94.6,101.7,0,0.687
2041-01-21,4.65,-2.45,56.13,252.41,84.1,102.4,0,1.621
2041-01-22,11.58,3.33,18.73,333.53,92.7,101.2,11.05,3.859
2041-01-23,11.88,9.58,33.86,345.19,94.6,101.2,4.36,2.72
2041-01-24,10.19,6.1,20.7,329.04,96.2,101.3,2.34,1.872
2041-01-25,7.46,3.46,32.71,293.71,89.2,101.7,0.04,1.409
2041-01-26,9.37,5.69,22.83,306.84,93.7,100.6,2.89,1.769
2041-01-27,9.81,4.51,62,287.3,90.5,100.9,1.59,2.608
2041-01-28,10.83,9.5,15.47,339.95,94.7,100.6,5.25,2.808
2041-01-29,10.78,6.25,55.29,291.37,93.3,100.8,2.04,2.607
2041-01-30,9.24,4.81,71.49,266.65,92,101.4,0,1.39
2041-01-31,8,6.42,30.07,303.23,91,100.4,2.52,2.644
2041-02-01,8.62,5.71,9.66,313.74,87.9,99.6,9.26,2.099
2041-02-02,9.14,5.45,64.78,286.88,84.9,98.8,0.04,3.873
2041-02-03,6.68,4.18,40.46,297.67,92.9,99.3,2.65,4.738
2041-02-04,6.44,2.88,50.01,291.01,90.4,100.3,0.32,3.057
2041-02-05,7.67,3.88,47.79,291.15,90.4,100.3,9.51,0.705
2041-02-06,11.25,3.75,48.2,309.28,95.1,100.9,2.31,1.912
2041-02-07,14.37,8.33,71.41,307.21,82.6,100.7,0.9,5.565
2041-02-08,11.32,6.77,20.5,321.86,95.1,101.1,5.23,1.664
2041-02-09,11.83,6.83,27.24,324.48,89.5,99.5,17.23,4.417
2041-02-10,9.21,4.2,76.42,266.63,89.7,101.5,0,3.751
2041-02-11,9.04,4.23,46.75,299.28,90.6,102.5,0.06,2.362
2041-02-12,8.49,4.5,40.18,310.74,82.1,102.1,0.44,1.22
2041-02-13,10.17,6.84,71.08,308.23,92.8,101.2,1.07,1.011
2041-02-14,10.38,6.28,18.99,334.45,95.3,99.6,21.83,1.935
2041-02-15,10.91,5.43,91.34,275.22,83,100,0.05,3.319
2041-02-16,10.91,4.3,95.76,288.79,89.4,100.9,3.6,1.819
2041-02-17,11.97,9.21,39.52,346.88,95.8,101.3,1.14,2.106
2041-02-18,11.62,8.7,62.91,319.69,87.1,101.2,1.44,1.405
2041-02-19,9.93,7.09,74.46,304.08,89.6,100.9,1.52,0.749
2041-02-20,11.24,7.32,61.23,316.12,85.6,100.5,4.82,2.125
2041-02-21,13.91,8.61,63.27,336.86,88.4,101.6,0.2,2.832
2041-02-22,13.21,10.52,82.26,321.64,91.9,102.3,0.14,1.751
2041-02-23,12.64,9.95,117.91,284.71,88.5,102.1,0,2.164
2041-02-24,16.41,8.73,107.47,302.65,89.9,102.7,0,1.536
2041-02-25,14.05,7.45,77.82,325.32,96.7,103.1,0.15,0.481
2041-02-26,10.88,8.02,69.78,333.3,95.5,102.8,0.52,3.247
2041-02-27,11.31,7.82,90.4,323.31,91,102.5,0.19,3.001
2041-02-28,10.57,5.88,86.99,303.11,92.3,102.7,0.3,1.094
2041-03-01,10.24,5.56,83.88,315.77,86.8,103.1,0.35,2.621
2041-03-02,10.1,5.22,85.51,311.1,84.8,102.9,0.08,1.464
2041-03-03,10.03,6.17,89.3,312.95,85.5,101.3,0.19,2.192
2041-03-04,8.84,5.36,89.71,302.08,76.9,99.3,0.45,4.338
2041-03-05,8.83,3.49,98.5,280.2,76.4,98.4,0.35,5.391
2041-03-06,7.73,3.65,92.31,281.69,80.9,98.9,0.43,3.723
2041-03-07,6.69,2.83,88.12,272.81,83,100.4,1.06,4.277
2041-03-08,8.4,1.49,106.71,272.1,75.7,101.1,0.07,3.202
2041-03-09,9.61,3.31,72.76,296,79.1,101.1,1.63,4.403
2041-03-10,7.9,0.95,116.75,274.29,73.6,101.6,2.02,1.73
2041-03-11,10.64,6.77,76.01,324.44,95.3,100.6,10.96,1.077
2041-03-12,9.97,5.35,103.39,309.98,81.5,101.9,2.56,1.808
2041-03-13,9.46,5.94,66.19,315.59,86.8,102,0.51,4.533
2041-03-14,14.79,7.22,71.7,338.78,94.5,101.8,2.26,2.652
2041-03-15,14.36,9.18,62.28,331.25,91.7,101.7,7.48,5.206
2041-03-16,11.95,7.47,79.71,301.71,84.3,102.7,0,3.31
2041-03-17,14.55,6.69,155.98,303.09,86.2,103.3,0.03,2.796
2041-03-18,12.38,9.37,101.67,333.21,93.2,103.4,1.99,0.695
2041-03-19,11.57,7.39,129.05,305.75,88.4,102.7,0.05,1.674
2041-03-20,15.02,4.67,140.18,297.16,89,101.9,0.17,0.708
2041-03-21,10.56,4.72,165.78,268.05,67.6,102.4,0.05,2.495
2041-03-22,10.98,4.06,81.34,292.04,78.6,102.2,0.18,4.064
2041-03-23,9.44,4.95,106.49,305.2,91.1,102.3,4.04,0.345
2041-03-24,11.25,7.3,74.23,324.85,91.7,101.7,5.77,1.653
2041-03-25,8.29,3.28,101.19,299.5,70.8,101.8,7.78,6.509
2041-03-26,5.65,3.07,131.77,264.98,48.8,102.4,0.72,6.988
2041-03-27,4.76,2.34,164.53,262.56,49.2,101.9,0,10.789
2041-03-28,3.94,2.12,130.91,279.95,49.4,101.6,0,9.432
2041-03-29,4.89,2.54,131.01,282.88,55.6,101.7,0,5.816
2041-03-30,7.71,2.71,136.59,291.64,68.3,101.6,1.7,1.169
2041-03-31,7.87,3.19,144.37,285.23,69.1,101.7,0.9,3.401
2041-04-01,7.27,3.34,119.78,288.06,68.3,102.2,0.11,1.781
2041-04-02,11.17,3.52,88.68,315.43,83.3,101,2.39,4.074
2041-04-03,10.78,4.92,107.67,305.11,81.6,100.7,1.93,4.152
2041-04-04,12,5.4,134.81,298.47,74.1,101.6,0.01,4.145
2041-04-05,14.8,6.96,113.52,316.74,84,101.1,1.42,5.647
2041-04-06,12.04,5.32,143.59,298.74,77.2,101.3,2.01,3.633
2041-04-07,17.59,10.51,164.41,315.19,75.8,100.8,0.08,7.355
2041-04-08,12.87,7.69,116.85,315.94,69.4,100.7,2.05,6.57
2041-04-09,12.01,5.7,196.98,281.3,66.2,101.6,0.05,0.797
2041-04-10,14.56,6.87,157.27,313.25,68.9,99.9,14.52,4.722
2041-04-11,9.49,4.78,148.41,293.48,67.5,99.6,3.31,7.998
2041-04-12,8.68,4.77,127.15,301.93,75.8,101.1,3.32,2.851
2041-04-13,9.24,3.3,181.35,266.87,60.6,102.9,0.04,1.448
2041-04-14,7.53,1.79,206.93,265.17,64.2,103,0.08,3.855
2041-04-15,9.54,3.45,224.95,279.76,63.4,102.1,0.25,1.928
2041-04-16,7.69,5.64,120.93,316.41,85.3,101,4.91,4.09
2041-04-17,8.48,6.42,136.09,310.42,82.5,101.1,3.34,6.956
2041-04-18,10.39,6.24,199.05,285.02,81.2,101.5,2.08,6.404
2041-04-19,11.25,5.12,166.44,293.73,76.9,101.4,0.23,0.94
2041-04-20,9.18,6.92,82.09,324.44,89.8,101.3,8.56,1.882
2041-04-21,11.98,5.19,138.07,304.57,84.4,101.9,0.15,0.162
2041-04-22,13.12,4.64,216.53,281.68,72.6,103.1,0.16,0.513
2041-04-23,12.79,5.34,222.35,275.76,75.7,103.7,0.05,1.367
2041-04-24,11.98,5.51,281.63,253.45,75.5,103.6,0,3.58
2041-04-25,12.56,5.78,223.32,293.44,87,103.2,0.02,3.8
2041-04-26,10.27,7.54,145.02,326.69,90.3,102.7,0.32,4.322
2041-04-27,14.42,7.01,182.48,325.47,92.8,102,0.23,1.775
2041-04-28,12.02,7.1,118.54,319.03,81.7,101.7,0.97,0.612
2041-04-29,10.5,5.13,138.34,304.27,74.3,101.7,2.74,2.037
2041-04-30,9.93,5.22,149.53,299.42,71.8,102.1,0.69,2.414
2041-05-01,11.54,4.68,169.57,300.23,71,102.5,0.07,0.599
2041-05-02,10.28,7.22,76.21,321.6,86.4,101.4,6.89,2.872
2041-05-03,13.93,8.56,149.75,315.51,83,100.1,2.92,4.408
2041-05-04,15.79,7.52,188.79,314.31,81.2,100.5,4.7,4.144
2041-05-05,15.95,10.28,206.53,309.3,81.6,99.9,4.3,4.609
2041-05-06,15.33,9.09,213.45,297.05,70.2,100.5,1.69,4.466
2041-05-07,14.36,6.05,233.42,277.66,75.3,101,0.05,0.498
2041-05-08,13.54,5.77,200.55,292.73,81.8,101.2,0.08,1.749
2041-05-09,15.31,8.97,216.49,308.66,74.9,101.2,0.06,1.115
2041-05-10,15.95,9.79,202.72,314.88,67.1,101.4,0.4,3.282
2041-05-11,13.92,9.13,159.42,324,70.1,101.8,0.45,2.312
2041-05-12,12.77,8.33,202.93,299.57,78,101.9,1.88,1.737
2041-05-13,12.86,8.35,199.46,305.22,82.2,102.5,0.51,2.483
2041-05-14,14.99,8.59,298.53,281.28,76.7,102.7,0,3.65
2041-05-15,15.85,9.25,310.65,293.86,76,101.9,0.03,5.865
2041-05-16,14.44,11.93,122.5,354.42,91.2,101.1,2.21,3.884
2041-05-17,17.25,11.82,204.94,346.09,94.9,101,0.2,1.687
2041-05-18,21.09,12.08,231.81,341.23,81,101,1.3,3.396
2041-05-19,13.99,6.65,235.86,287.1,61.9,102.3,0.23,2.897
2041-05-20,14.73,6.55,188.51,305.86,63.5,102.5,0.29,3.213
2041-05-21,12.04,8.07,159,309.99,82.7,102.1,1.92,4.492
2041-05-22,12.55,7.54,172.15,308.41,86,101.2,5.48,3.78
2041-05-23,13.86,6.57,205.67,295.23,83.5,101.2,0.73,0.53
2041-05-24,16.75,5.55,286.97,277.23,77.6,101.9,0,0.373
2041-05-25,15.71,8.91,319.75,283.28,78.7,101.7,0.35,4.387
2041-05-26,20.42,13.19,288.48,321.6,72.6,101.2,2.22,0.983
2041-05-27,19.55,11.65,265.49,309.42,72.2,101.2,0.9,1.888
2041-05-28,19.15,11.17,288.93,307.11,76.6,101,1.24,0.96
2041-05-29,17.73,12.42,274.95,307.36,87.7,101.2,4.09,3.693
2041-05-30,16.18,12.96,202.32,338.93,84.9,101.8,0.29,5.802
2041-05-31,16.09,12.47,251.31,323.61,82.5,101.9,0.16,6.158
2041-06-01,16,11.98,300.58,308.3,80,102,0.02,6.541
2041-06-02,14.83,10.99,306.74,300.43,77.8,101.7,1.21,7.838
2041-06-03,14.62,10.98,145.11,345.2,83.8,101.7,3.62,3.323
2041-06-04,20.6,11.47,281.93,329.19,78.1,101.5,0.62,2.509
2041-06-05,19.83,10.38,226.28,319.88,80.9,100.8,3.75,1.533
2041-06-06,13.16,9.45,96.79,329.14,88,100.5,10.06,1.694
2041-06-07,14.19,8.64,209.43,306.62,73.8,101.4,4.45,3.083
2041-06-08,14.63,8.44,168.57,318.49,72.3,102.1,1.81,3.509
2041-06-09,15.05,9.84,181.83,319.24,78.8,102.2,2.68,1.219
2041-06-10,17.7,8.75,230.91,305.19,73.5,102.4,0.41,0.681
2041-06-11,19.29,9.62,320.55,292.03,72,102.7,0,1.114
2041-06-12,23.73,13.36,260.66,349.43,72.8,102.3,0.15,2.332
2041-06-13,21.46,13.72,198.25,348.15,78.2,101.6,6.64,3.864
2041-06-14,19.37,11.41,269.24,304.71,73.1,101.8,1.56,1.269
2041-06-15,17.02,11.38,133.22,334.01,86.3,101.1,3.45,2.391
2041-06-16,19.73,13.47,204.42,349.6,84.5,100.9,9.44,2.759
2041-06-17,20.97,12.2,229.92,331.44,72.3,101.3,0.03,2.552
2041-06-18,20.37,14.35,175.56,347.56,78.3,100.3,3.01,2.851
2041-06-19,20.22,12.97,215.38,340.17,73.5,100,2.71,5.855
2041-06-20,16.95,11.12,172.58,332.18,78.6,101,5.44,3.912
2041-06-21,16.01,10.95,264.65,313.67,65.2,102.2,0.01,2.715
2041-06-22,20.15,12.34,190.41,350.16,82.2,102.5,0.71,0.621
2041-06-23,21.14,13.81,204.45,359.18,90.8,102.6,2.45,1.314
2041-06-24,20.4,13.35,285.4,340.59,88.3,102.4,0.06,3.109
2041-06-25,18.2,13.82,205.33,338.67,85.8,101.9,0.26,4.091
2041-06-26,19.15,14.18,327.06,315.14,85.2,101.5,0,4.73
2041-06-27,21.23,14.72,335.23,311.13,81.8,101.3,0,3.529
2041-06-28,23.88,15.18,328.08,332.56,82.9,101.5,0.07,2.793
2041-06-29,23.84,15.86,312.59,333.05,81.8,101.6,0,2.816
2041-06-30,25.89,16.8,287.58,353.76,77.4,101.1,0.81,0.819
2041-07-01,17.8,14.7,154.78,354.58,83.2,101.5,4.25,4.775
2041-07-02,19.75,15.04,289.86,342.65,77.8,102.3,0.33,2.182
2041-07-03,20.64,15.01,276.77,346.37,81.4,102.6,0.74,1.574
2041-07-04,21.11,14.37,300.53,332.25,81.4,102.8,0.24,1.479
2041-07-05,19.31,14.04,274.07,330.91,77.2,102.8,0.12,2.975
2041-07-06,19.2,13.76,312.29,315.79,76.9,102.6,0.06,4.113
2041-07-07,23.48,13.23,352.65,303.03,79.2,102.2,0,2.375
2041-07-08,22.32,12.04,253.99,325.75,77.3,102.4,2.37,1.337
2041-07-09,21.04,10.88,242.64,320.03,73.1,102.2,0.04,0.546
2041-07-10,23.3,16.26,212.99,361.14,76,101.7,1.2,1.756
2041-07-11,20.99,13.18,218.14,338.28,73.3,101.3,1.71,2.912
2041-07-12,20.52,13.24,277.45,319.78,73.4,101.7,0.53,2.133
2041-07-13,21.63,13.33,228.79,340.16,77.3,101.9,1.01,2.001
2041-07-14,22.86,12.34,230.03,333.87,74.4,100.9,0.24,2.043
2041-07-15,21.73,13.13,241.68,323.41,73.8,100.2,0.29,0.499
2041-07-16,19.41,15.46,125.92,366.65,87.1,99.5,19.77,0.227
2041-07-17,16.55,13.8,92.98,360.36,91.4,99.9,83.09,3.673
2041-07-18,21.97,13.17,274.26,332.61,69.5,101.3,0.04,1.416
2041-07-19,22.13,14.52,278.64,332.51,78.6,102,0.01,0.469
2041-07-20,20.4,14.58,281.48,325.91,84.5,102.3,0.08,2.807
2041-07-21,19.72,14.99,273.16,322.51,81.2,102,0.05,4.002
2041-07-22,19.49,14.31,255.33,325.84,81.8,101.7,0.02,4.153
2041-07-23,20.46,14.1,254.94,337.77,88.9,101.3,0.07,4.215
2041-07-24,22.87,17.12,299.36,345.06,83.2,100.8,0,3.587
2041-07-25,23.84,16.35,284.34,348.48,79.9,101.1,0.07,2.783
2041-07-26,26.59,15.61,287.77,339.07,75.1,101.5,0.13,1.076
2041-07-27,28.57,14.86,316.96,333.08,67.5,101.7,0,1.631
2041-07-28,26.84,16.59,308.21,340.9,81.1,101.9,0.01,1.9
2041-07-29,23.28,18.98,317.16,327.25,73.1,101.7,0,5.651
2041-07-30,24.22,19.14,202.31,372.67,87.8,101.1,20.21,3.586
2041-07-31,25.48,18.88,222.03,371.57,85.9,101.1,13.05,3.227
2041-08-01,26.75,18.62,241.73,370.27,84,101.1,5.89,2.884
2041-08-02,27.72,22.1,213.85,387.75,77.2,101,2.6,4.457
2041-08-03,25.86,19.32,211.27,364.81,77.7,100.7,2.18,1.268
2041-08-04,23.87,18.17,216.63,352.98,84.8,100.7,9.68,2.892
2041-08-05,24.16,16.18,252.22,338.68,80.5,101.2,1.16,0.705
2041-08-06,26.1,17.37,235.94,352.18,78.1,101.6,0.44,0.898
2041-08-07,25.19,17.32,286.71,339.84,81.2,102,0,2.182
2041-08-08,25.82,19.05,173.25,365.96,83.7,101.3,0.03,1.271
2041-08-09,22.69,16.99,218.01,341.7,84.6,101.1,9.46,0.541
2041-08-10,23.12,15.96,241.35,334.28,79.1,101.7,0.8,0.723
2041-08-11,22.62,15.64,212.84,342.32,81,101.6,0.95,1.157
2041-08-12,25.39,17.28,282.11,335.02,70.9,101.2,0,0.813
2041-08-13,24.96,16.72,270.7,339.66,80,101.1,3.3,0.629
2041-08-14,25.13,17.74,149.85,372.61,84.4,101.2,19.13,1.406
2041-08-15,24.11,16.86,237.45,346.66,82.9,101.4,9.95,0.288
2041-08-16,23.63,16.89,200,354.95,79.1,101.3,4.2,1.417
2041-08-17,24.34,15.87,241.18,345.09,75.7,100.9,0.88,2.487
2041-08-18,22.92,17.6,156.09,364.2,80.9,100.4,10.06,0.991
2041-08-19,22.78,16.32,259.76,330.67,67.6,100.5,0.18,4.576
2041-08-20,21.79,17.58,192.8,342.38,79.1,100.4,1.5,1.932
2041-08-21,22.58,15.46,236.2,330.68,81.9,100.9,0.45,1.084
2041-08-22,23.21,14.69,252.98,329.59,81.4,101.4,0.07,1.423
2041-08-23,23.05,18.8,136.26,373.52,85.8,101.3,7.19,1.445
2041-08-24,21.58,17.41,202.53,349.54,81.1,100.6,18.16,2.267
2041-08-25,23.88,16.76,206.28,351.6,73.6,100.3,0.22,3.848
2041-08-26,20.77,15.91,183.05,338.94,84.9,100.7,5.41,2.303
2041-08-27,22.75,14.38,122.8,361.73,87.5,101.1,0.53,2.57
2041-08-28,22.74,17.71,131.33,367.45,88.7,101,4.75,3.217
2041-08-29,22.25,16.02,209.77,342.17,84.4,101,3.55,1.662
2041-08-30,22.48,15.73,223.99,327.5,75.6,101.4,0,1.588
2041-08-31,22.5,15.45,180.16,342.82,80.3,101.2,9.06,2.135
2041-09-01,22.53,15.16,137.42,356.43,84.9,101,18.11,3.052
2041-09-02,20.53,13.28,226.47,308.64,72.2,101.5,0.23,3.453
2041-09-03,20.53,13.44,158.17,349.07,78.3,101.6,0.29,4.128
2041-09-04,25.7,16.61,201.17,362.61,78.3,101.4,0.19,4.671
2041-09-05,22.31,17.82,164.45,367.32,74.3,101.9,0.4,2.118
2041-09-06,18.03,14.29,81.13,368.47,87.3,102.1,5.78,3.602
2041-09-07,20.39,17.74,153.98,365.04,74.3,101.9,0,7.942
2041-09-08,20.35,17.92,140.75,368.55,77.1,101.6,0.78,8.105
2041-09-09,21.51,19.09,155.6,361.26,83.4,101.4,0.24,6.948
2041-09-10,22.01,18.76,156.99,356.91,81.7,101.6,0.05,6.026
2041-09-11,21.34,17.97,213.59,327.9,72.4,101.6,0,6.822
2041-09-12,20.67,16.17,198.33,327.64,76.9,101.5,0.03,4.786
2041-09-13,18.43,15,168.4,336.11,89.2,101.4,7.25,1.312
2041-09-14,19.65,15.57,139.7,347.38,88.5,101.7,2.58,1.477
2041-09-15,20.37,14.93,125.94,351.07,86.4,101.8,0.36,1.742
2041-09-16,21.01,13.45,161.98,326.79,86,102,0.13,1.639
2041-09-17,19.49,13.29,151.18,320.55,77.3,102.7,0.28,2.678
2041-09-18,18.11,14.55,122.26,340.83,66.9,102.9,0,5.429
2041-09-19,19.7,14.81,185.36,322.12,73.2,102.6,0.27,4.837
2041-09-20,23.3,15.55,165.71,342.22,88.8,102,0.34,1.197
2041-09-21,28.76,17.45,170.63,362.1,75.1,101.5,0,1.864
2041-09-22,22.68,18.8,86.76,366.52,82.7,100.9,1.39,2.831
2041-09-23,21.35,14.85,138.09,333.14,80.5,100.7,2.39,4.414
2041-09-24,20.31,12.83,164.36,314.21,72.2,101.4,0.09,3.925
2041-09-25,21.87,12.96,143.83,325.63,69.6,101,0.19,5.104
2041-09-26,17.15,9.84,154.23,294.1,66.7,101.3,0,0.379
2041-09-27,18.03,12.36,103.73,320.24,73.5,99.8,2.7,5.052
2041-09-28,15.54,10.2,113.51,325.86,64.6,100.2,2.97,6.419
2041-09-29,19.33,14.22,145.96,334.32,74.7,99.5,3.57,6.057
2041-09-30,22.86,14.21,92.6,379.14,84.3,99.8,6.15,6.163
2041-10-01,23.02,18.98,116.33,373.64,82.6,100.4,0.09,3.809
2041-10-02,23.21,18.3,101.2,358.65,84,100.5,0,1.767
2041-10-03,22.07,15.54,154.67,326.44,79.7,100.6,1.4,2.336
2041-10-04,19.83,13.79,137.13,314.1,75.9,101.1,0,4.29
2041-10-05,20.56,12.93,136.04,330.32,82.8,101.3,13.48,1.695
2041-10-06,22.06,16.29,136.61,346.59,84.1,101.2,0.86,3.053
2041-10-07,21.06,15.11,106.22,350.21,80.9,101.6,0,4.717
2041-10-08,17.29,11.79,118.44,320.43,83.2,102.1,0,1.114
2041-10-09,20.47,14.66,98.47,359.84,84.6,101.7,1.07,3
2041-10-10,15.02,13.02,42.51,357.95,90.6,101.9,2.53,1.094
2041-10-11,17.33,10.1,134,301.12,81.2,102.3,0,1.338
2041-10-12,18.35,10.29,121.68,305.19,80.3,102.5,0,1.258
2041-10-13,19.39,13.91,119.9,334.47,91.9,101.9,5.27,1.933
2041-10-14,16.42,10.48,73.47,330.17,81.8,102.3,0.16,2.744
2041-10-15,14.61,10.08,109.66,299.73,68.3,103.4,0,2.84
2041-10-16,15.99,9.8,59.52,343.01,84.2,103.4,0.03,2.787
2041-10-17,15.61,12.18,87.83,332.25,83.7,103.3,0.16,1.918
2041-10-18,14.92,11.59,99.29,319.74,73.6,103.3,0.71,3.337
2041-10-19,14.38,11.05,77.59,323.93,64.2,103.3,0,2.095
2041-10-20,13.75,9.78,70.13,326.95,67.2,103.2,0.14,1.161
2041-10-21,13.5,7.32,95.02,297.27,75.2,103.2,0,1.941
2041-10-22,13.52,8.96,78.49,313.06,72.6,102,0,3.867
2041-10-23,13.2,7.76,61.37,310.07,69.9,100.8,0.05,1.461
2041-10-24,12.51,6.39,82.61,293.91,82.1,100.5,0,1.024
2041-10-25,12.3,7.76,46.9,311.7,76.9,100.9,0.92,4.404
2041-10-26,13.5,6.66,89.57,285.64,71.9,101,0.21,1.719
2041-10-27,13.65,5.73,91.23,288.66,80.1,101.9,0,2.177
2041-10-28,15.69,9.49,77.53,318.21,83.1,101.9,0.06,5.296
2041-10-29,13.1,9.08,64.2,306.42,82.4,102.5,0.01,3.027
2041-10-30,13.96,8.56,76.49,305.32,86.7,102.5,0.06,3.672
2041-10-31,13,8.67,58.89,308.41,88.5,102.5,1.25,3.387
2041-11-01,12.04,8.78,41.42,311.34,90.2,102.6,2.44,3.658
2041-11-02,12.8,8.52,62.02,317.52,75.1,102.6,0,1.838
2041-11-03,12.78,7.05,66.54,307.55,80.7,102.9,0.05,1.621
2041-11-04,12.25,7.24,75.89,296.42,90.9,102.8,0,3.297
2041-11-05,12.88,8.68,57.43,318.49,89.5,102.5,0,3.519
2041-11-06,12.47,8.22,46.43,314.25,92,103,0.17,1.056
2041-11-07,12.23,8.13,43.79,325.74,94.8,103.2,1.33,0.965
2041-11-08,10.82,7.08,42.31,318.68,85.4,102.8,0.36,0.781
2041-11-09,13.83,5.82,46.31,314.77,92.7,102,0.18,2.519
2041-11-10,11.88,5.66,70.02,279.73,78.5,102,0.25,3.874
2041-11-11,7.69,2.56,68.24,257.06,77,102.4,0,4.089
2041-11-12,7.21,2.58,45.12,271.53,71.4,103,0,4.205
2041-11-13,12.52,4.91,50.89,288.56,81.1,102.3,0,4.787
2041-11-14,11.98,7.01,69.22,277.83,73.8,100.7,0,1.926
2041-11-15,13.46,10.73,19.44,350.64,89.8,99.6,12.03,1.968
2041-11-16,10.82,9.03,50.16,297.62,91.5,100.2,0.37,2.389
2041-11-17,13.14,10.24,47.45,307.71,81.9,99.5,3.51,3.955
2041-11-18,13.16,9.01,37.7,310.97,88,99.4,12.56,5.208
2041-11-19,11.46,8.09,49.5,294.23,80.6,101.7,0.23,6.358
2041-11-20,12.17,8.1,11.48,317.53,88.1,102.1,3.38,3.7
2041-11-21,13.65,9.69,19.49,342.38,89.6,101.3,1.73,2.721
2041-11-22,9.78,7.51,8.71,323.74,98.5,101.7,5.35,0.77
2041-11-23,12.62,5.85,48.97,292.35,93.6,102.2,0,3.186
2041-11-24,14.07,10.69,42.05,315.09,94.6,102.8,0,2.405
2041-11-25,13.99,9.58,13.68,346.99,91.2,101.8,1.57,3.612
2041-11-26,14.9,8.87,5.86,337.19,93.8,100.6,23.75,4.852
2041-11-27,10.91,8.32,34.33,301.91,90.8,100.4,9.88,3.627
2041-11-28,12.36,7.61,52.17,275.2,80.4,101.6,0.12,6.915
2041-11-29,13.84,7.34,38.24,300.32,92.9,102.7,0,4.902
2041-11-30,10.74,8.74,29.24,328.26,98.5,103,0.14,3.067
2041-12-01,9.66,8.37,23.67,334.8,97.2,102.9,0.35,3.377
2041-12-02,12.51,8.2,25.07,344.44,97.8,102.3,0.74,1.949
2041-12-03,12.22,10.56,27.6,341.28,94.9,101.5,0.29,1.961
2041-12-04,13.58,10.89,37.23,335.2,92.6,100.6,20.37,1.941
2041-12-05,12.5,7.96,27.81,317.46,92.5,99.1,8.26,3.28
2041-12-06,8.95,5.24,44.08,263.18,88.1,99.7,0,5.194
2041-12-07,8.86,4.67,27.25,281.17,84.9,101.1,0.23,3.359
2041-12-08,9.43,4.78,27.96,302.86,69.4,102.5,0.14,1.638
2041-12-09,10.23,8.15,27.74,308.96,80.4,103.1,0,6.297
2041-12-10,9.25,7.48,19.51,326.41,89.1,102,0.79,3.553
2041-12-11,7.89,5.95,33.27,306.52,90.8,101.6,3.31,2.751
2041-12-12,7.69,2.19,34.57,263.93,90.3,102.5,0.56,2.436
2041-12-13,8.83,1.93,38.48,279.7,91.1,102.8,0,4.194
2041-12-14,11.91,8.88,15.01,336.28,87.4,101.4,12.86,7.318
2041-12-15,10.09,3.17,27.12,273.53,81.9,100.8,1.49,7.266
2041-12-16,9.55,1.17,10.41,301.65,84,101.1,4.38,4.462
2041-12-17,13.09,7.93,26.32,332.83,91.9,100.6,0.08,5.731
2041-12-18,12.21,5.07,32.2,293.98,86.4,101.4,0.07,3.855
2041-12-19,9.99,4.93,27.3,301.32,92.4,102.1,0.06,1.197
2041-12-20,10.35,7.05,21.02,310.36,96.4,102,0.06,3.212
2041-12-21,10.75,8.88,17.08,347.1,98.2,102.4,0.29,1.995
2041-12-22,11.48,6.09,23.86,323.54,89.6,101.9,3.21,3.957
2041-12-23,7.8,2.85,35.49,275.12,71.9,103.3,0,2.968
2041-12-24,6.24,0.35,37.05,256.31,93.2,103.8,0,2.48
2041-12-25,6.16,-2.1,41.12,267.94,95.2,103.5,0.53,0.315
2041-12-26,6.21,3.94,30.42,304.48,86,102.7,0.14,2.143
2041-12-27,7.03,0.67,42.37,254.14,92.2,103.3,0.02,3.352
2041-12-28,5.71,0.42,32.29,259.29,88.6,103.3,0,2.969
2041-12-29,7.1,2.12,33.33,276.81,90.8,102.5,0.18,3.428
2041-12-30,7.79,2.3,37.93,256.63,92,103.1,0,3.889
2041-12-31,8.51,3.65,31.28,283.73,92.9,103.1,0.12,3.476
2042-01-01,9.23,4.99,24.73,312.87,93.7,103,0.24,3.101
2042-01-02,7.7,3.74,24,315.37,91.7,101.6,0.66,2.335
2042-01-03,7.48,1.83,19.87,280.81,93.4,101.6,0.78,2.748
2042-01-04,8.76,1.95,11.01,299.23,90.4,101.7,3.48,4.071
2042-01-05,7.68,3.59,36.96,272.14,87.3,101.7,0,4.974
2042-01-06,7.97,3.79,30.26,285.23,73.6,101.8,0.15,6.454
2042-01-07,6.73,2.44,39.91,270.68,85.2,102.5,0,3.482
2042-01-08,6.44,2.49,15.22,309.35,88.6,101.8,6.46,2.045
2042-01-09,7.16,3.43,47.55,272.42,87.7,100.6,0.99,4.503
2042-01-10,5.39,2.52,33.15,271.68,76.6,100.4,0,5.943
2042-01-11,4.8,2.54,3.72,298.71,91.3,99.3,24.82,0.837
2042-01-12,4.31,0.59,43.65,257.38,89.4,100.5,0,3.442
2042-01-13,6.43,1.83,36.47,284.25,86.9,99.9,12.35,4.428
2042-01-14,7.4,4.82,24.32,310,81.1,101,1.49,6.056
2042-01-15,7.44,2.87,23.83,311.36,89.7,102.1,0.45,2.041
2042-01-16,10.85,4.79,35.26,299.68,88.3,101.3,3.01,4.096
2042-01-17,8.04,3.82,51.2,271.65,75.3,101,0,5.973
2042-01-18,9.77,6.75,29.27,310.36,83,98.9,6.76,5.972
2042-01-19,10.56,5.97,35.84,301.15,81.7,99.6,0.39,5.261
2042-01-20,13.53,8.81,41.25,319.24,72.5,100.5,0.1,8.14
2042-01-21,12.12,7.17,19.33,327.81,88.2,101.9,3.12,3.518
2042-01-22,10.58,8.9,25.59,336.94,94.6,101.5,4.07,2.741
2042-01-23,10.17,5.5,52.7,299.55,77.4,101.8,1.26,5.9
2042-01-24,14.98,9.97,27.14,347.8,85.4,100.8,3.75,8.26
2042-01-25,13.57,6.45,19.64,332.59,84.2,100.6,4.98,7.983
2042-01-26,8.12,4.2,56.23,266.74,71.2,101.3,0,4.987
2042-01-27,10.45,5.38,16.93,308.37,85,99.2,5.9,4.215
2042-01-28,7.6,4.27,59.33,269.46,69.7,98.7,0.05,7.367
2042-01-29,11.74,4.12,38.86,297.15,82,99.8,2.58,5.992
2042-01-30,12.45,6,43.11,302.68,64.6,99.9,0.79,9.92
2042-01-31,8.1,5.34,30.71,290.47,79,101,1.2,6.414
2042-02-01,8.33,4.23,70.78,261.53,68,101.7,0,7.247
2042-02-02,6.42,3.03,55.6,273.82,84,101.6,0,3.403
2042-02-03,4.47,-1.92,64.61,247.95,80.3,100.3,0.16,2.8
2042-02-04,4.94,-2,43.26,260.58,82.2,99.8,2.04,2.424
2042-02-05,5.01,0.34,71.5,256.38,79.2,100.2,0,3.644
2042-02-06,4.96,-2.39,84.73,234.46,82.3,100.5,0,1.582
2042-02-07,3.52,0.48,17.64,296.23,83.9,99.6,8.12,3.299
2042-02-08,4.26,-0.61,71.64,255.69,82.2,100.9,0.06,4.105
2042-02-09,10.21,3.85,14.35,319.29,91.6,100.6,4.8,1.914
2042-02-10,10.14,6.18,53.76,293.47,95.3,100.6,1.88,3.268
2042-02-11,11.02,5.81,55.02,318.5,96.3,101.2,4.97,1.924
2042-02-12,12.7,9.61,32.89,345.83,92.3,100,4.22,3.452
2042-02-13,11.56,6.4,80.31,296.65,83.2,99.9,4.64,6.666
2042-02-14,9.52,4.86,25.37,312.69,96.8,100.6,7.43,1.401
2042-02-15,10.56,7.35,46.34,308.82,91,100.2,3.29,2.599
2042-02-16,10.8,5.41,64.34,297.24,87.1,101.4,2.71,1.727
2042-02-17,12.78,8.48,89.12,314.65,92.8,100.9,6.61,1.951
2042-02-18,13.38,7.94,103.24,288.62,81.9,101.4,0.12,4.108
2042-02-19,10.22,7.55,45.56,316.43,93.8,100.8,2.8,3.594
2042-02-20,9.83,4.97,91.96,284.69,92.9,100,0.5,0.677
2042-02-21,10.41,4.44,84.28,285.69,92.1,100.7,0.69,1.068
2042-02-22,9.8,3.43,75.31,298.62,95.3,100.8,0.88,2.612
2042-02-23,7.56,5,62.77,310.39,82.7,100.6,0.71,3.95
2042-02-24,8.96,3.85,100.09,287.36,83.9,100.7,0.31,2.169
2042-02-25,10.44,6.04,101.18,288.21,87.2,100.5,0.47,1.573
2042-02-26,11.88,8.82,90.33,318.83,88.4,99.9,0.32,1.844
2042-02-27,12.64,10.36,76.1,322.43,86.5,98.8,1.64,2.59
2042-02-28,11.78,8.3,69.89,325.62,76.1,97.8,13.12,3.871
2042-03-01,10.58,6.07,114.57,273.22,67.5,98.9,0.06,6.168
2042-03-02,9.07,3.5,79.44,277.72,81.8,98.9,3.03,3.955
2042-03-03,9.07,2.1,122.88,260.02,69.9,99,0.07,1.577
2042-03-04,9.24,5.59,84.94,285.45,81.1,98.6,1.01,1.683
2042-03-05,9.57,4.26,102.32,276.67,84.3,98.8,0.79,1.696
2042-03-06,8.26,3.51,69.16,292.65,90,99.1,2.12,0.815
2042-03-07,8.93,2.99,82.18,293.12,89.5,99.7,0.26,2.957
2042-03-08,9.67,2.3,62.99,308.71,88.9,99.7,14.66,6.981
2042-03-09,13.81,7.7,127.84,307.79,90.1,99.5,1.6,1.619
2042-03-10,13.46,6.89,98.09,328.64,90.5,99.7,8.45,1.886
2042-03-11,9.7,7.64,27.69,341.19,95,100.4,32.76,6.227
2042-03-12,10.48,7.7,61.46,340.17,95.6,101.6,4.94,5.145
2042-03-13,12.74,9.09,100.89,335.03,90,101.9,0.77,1.688
2042-03-14,14.4,10.66,120.54,321.8,89,102,0.05,2.509
2042-03-15,13.54,10.04,161.06,297.29,90.5,101.6,0,4.345
2042-03-16,17.2,11.05,127.21,328.68,89.4,101.1,0.42,1.377
2042-03-17,14.83,8.19,112.33,332.45,91.1,100.8,4.27,2.262
2042-03-18,9.91,6.42,140.49,296.15,71.5,101.1,0.17,3.025
2042-03-19,9.65,5.72,114.03,300.19,75.1,100.8,0.28,1.859
2042-03-20,8.86,2.87,171,259.96,71.3,101.2,0.08,3.134
2042-03-21,8.08,0.74,159.06,249.44,65.7,102,0.06,1.113
2042-03-22,9.69,4.48,180.96,266.03,60.9,101.7,0,5.495
2042-03-23,11.64,8.83,93.08,319.52,76.9,100.7,0.15,7.596
2042-03-24,13.95,9.93,85.59,337.02,90.5,99.2,7.36,3.912
2042-03-25,13.04,8.74,166.13,288.79,81.6,99.2,0.53,1.693
2042-03-26,12.6,8.81,175.79,298.29,82.3,99.3,1.76,2.769
2042-03-27,14.44,8.36,123.13,311.63,86.4,99.7,1.79,1.965
2042-03-28,13.65,5.26,210.09,262.93,84.9,100.9,0,1.287
2042-03-29,13.44,9.77,129.95,317.23,89.4,100.3,0.59,3.636
2042-03-30,14.68,9.27,151.19,329.78,92.9,100.8,3.46,0.255
2042-03-31,14.24,9.85,184.62,308.93,84.4,101.1,4.34,1.612
2042-04-01,14.09,9.31,127,311.98,77.4,100.6,3.54,1.465
2042-04-02,13.28,7.78,106.71,320.11,89.5,100.6,3.29,1.352
2042-04-03,13.33,6.94,156.06,300.22,87.9,100.5,8.61,1.34
2042-04-04,11.67,6.83,99.7,309.23,89.3,100.1,4.76,0.691
2042-04-05,13.53,6.35,166.58,299.99,78,100.3,0.13,2.968
2042-04-06,11.26,6.86,142.02,308.96,80.1,101.1,0.2,2.997
2042-04-07,11.12,7.91,127.35,323.25,89.7,101.3,10.22,4.487
2042-04-08,13.07,7.45,74.8,333.32,94.9,101.3,8.18,0.855
2042-04-09,13.3,8.93,177.34,315.68,88.2,102.3,0.19,1.145
2042-04-10,12.83,8.03,141.7,309.89,87.2,102.9,0.02,1.838
2042-04-11,17.71,7.57,235.24,281.49,79.8,103.1,0,0.981
2042-04-12,20.19,9.04,228.78,304.34,70.4,103.1,0,3.579
2042-04-13,19.1,9.54,216.06,303.69,68.5,103.1,0,1.491
2042-04-14,13.58,9.62,191.91,303.34,86.1,103.2,0.25,4.662
2042-04-15,11.53,8.79,199.16,277.36,74.1,102.9,0.24,4.249
2042-04-16,15.37,6.38,258.83,263.15,76.4,102.5,0,1.472
2042-04-17,15.6,4.82,270.6,261.1,80.5,102.3,0,2.199
2042-04-18,16.01,9.15,264.08,277.52,84.1,102.1,0,4.251
2042-04-19,16.97,11.86,271.74,288.03,78.4,101.7,0,4.657
2042-04-20,20.66,11.56,268.41,313.76,77.7,101.3,0,1.712
2042-04-21,19.75,13.33,250.05,319.69,82,101,0.36,1.028
2042-04-22,19.59,12.39,181.19,336.05,76.8,100.6,0.22,1.299
2042-04-23,14.47,12.3,38.17,360.95,97.8,100.1,21.8,3.51
2042-04-24,18.11,11.36,202.42,323.87,81.7,100,0.76,1.629
2042-04-25,14.11,11.45,111.69,326.46,83.5,100.2,2.85,2.775
2042-04-26,17.35,10.9,236.25,307.59,76.7,100.4,1.52,2.01
2042-04-27,14.21,9.96,145.25,320.34,86,100.7,3.32,1.566
2042-04-28,15.62,9.07,187.3,318.64,80.5,100.5,3.05,3.884
2042-04-29,14.41,8.12,167.76,306.16,85,100.9,3.06,2.794
2042-04-30,14.9,7.28,180.24,304.26,76.2,101.2,0.06,3.904
2042-05-01,12,7.71,160.35,309.7,61.6,101.6,0.12,1.636
2042-05-02,11.91,5.06,161.77,296.39,61.3,102.2,0.16,1.321
2042-05-03,11.79,4.97,202.3,285.88,63.3,102.9,0.2,1.023
2042-05-04,14.44,8.36,203.02,309.81,68,102.5,0.09,1.141
2042-05-05,17.63,9.97,234.7,309.19,85.6,102.4,0,0.305
2042-05-06,17.76,12.08,188.75,329.66,82.7,102,0,2.66
2042-05-07,20.58,14.36,278.6,321.3,78.4,101.2,0,0.756
2042-05-08,20.14,12.09,212.24,330.81,83.4,100.8,1.57,1.071
2042-05-09,17.56,12.49,128.06,352.86,91,100.5,8.55,0.979
2042-05-10,13.46,9.66,37.98,352.47,93.4,100.6,34.59,8.802
2042-05-11,17.98,11.49,246.01,326.23,80.9,100.3,2.98,1.13
2042-05-12,15.62,10.43,123.88,331.85,90.1,100.9,4.44,1.085
2042-05-13,18.79,12.6,211.86,334.33,80.7,100.2,15.52,1.807
2042-05-14,19.71,10.77,316.48,291.17,68.6,101.4,0,3.864
2042-05-15,18.86,9.37,268.02,306.87,77.3,101.2,1.64,5.743
2042-05-16,20.91,14.27,187.99,346.1,87.1,100.7,22.73,0.37
2042-05-17,17.78,12.63,175.71,350.69,91.4,101.3,7.13,0.944
2042-05-18,16.67,11.44,171.08,343.44,86.5,101.5,1.44,2.423
2042-05-19,19.86,10.67,265.07,319.9,80.4,102,0.03,0.872
2042-05-20,18.64,10.73,253.43,316.18,85.9,102.3,0.13,0.997
2042-05-21,21.39,10.19,288.33,319.12,86.1,102.3,0.14,0.97
2042-05-22,19.23,14.31,254.3,339.65,86.1,102.3,0.03,3.81
2042-05-23,17.38,13.62,268.43,326.8,89.5,102,0.13,5.533
2042-05-24,21.7,14.71,327.89,315.28,82.3,101.7,0,3.162
2042-05-25,24.1,13.76,301.64,338.55,79.2,101.9,0.18,2.752
2042-05-26,15.29,11.54,227.59,329.26,73.4,102.3,0.22,4.804
2042-05-27,15.23,10.35,238.18,308.14,64.4,102.3,0.06,4.343
2042-05-28,15.52,8.81,289.77,280.56,72.4,101.6,0.11,2.951
2042-05-29,17.42,8.14,259,298.98,74.3,100.8,0,4.442
2042-05-30,15.13,12.26,195.21,334.45,70,100.8,0.07,5.841
2042-05-31,14.83,11.93,169.17,339.36,76,100.8,0.47,5.789
2042-06-01,14.52,11.59,143.19,344.24,82.1,100.8,0.87,5.74
2042-06-02,16.35,12.55,146.86,348.09,85.8,101.1,1.3,3.995
2042-06-03,15.9,9,210.44,314.74,77,102.1,0.14,2.375
2042-06-04,17.78,8.06,302.65,288.48,79.6,102.3,0,1.749
2042-06-05,21.55,14.72,222.35,342.56,82.4,101.4,4.88,0.968
2042-06-06,20.92,12.7,262.02,318.89,73.5,100.8,1.96,2.633
2042-06-07,17.3,11.48,185.21,319.25,85.4,100.1,7.62,2.872
2042-06-08,18.61,12.46,222.89,330.95,80.7,100.7,6.46,1.601
2042-06-09,15.24,11.2,240.26,328.76,72.3,101,1.99,3.924
2042-06-10,14.61,8.77,177.68,314.75,65.4,101.8,0.26,1.728
2042-06-11,19.63,8.6,243.67,323.21,62.7,101.6,0.1,2.69
2042-06-12,19.65,13.14,220.66,335.26,69.2,101.2,0.3,3.185
2042-06-13,17.93,11.32,158.2,336.76,75.7,101.2,3.28,2.672
2042-06-14,18.69,10.46,246.56,309.12,79.3,101.3,2.24,2.138
2042-06-15,20.51,11.18,300.92,312.98,70,101.3,2.94,3.575
2042-06-16,18.9,11.04,269.11,304.21,70.2,101.3,1.03,2.875
2042-06-17,17.75,8.87,267.35,296.62,66.1,101.4,0.26,3.52
2042-06-18,18.12,8.6,246.4,301.52,64.7,101.8,0,0.82
2042-06-19,21.89,14.11,280.07,333.58,65.6,101.2,0,1.024
2042-06-20,20.08,11.75,165.97,344.71,77,100.9,4.86,2.956
2042-06-21,19.19,10.76,234.28,318.34,60.5,101.6,0.01,4.014
2042-06-22,22.66,9.62,246.16,332.97,73.3,101.8,0.21,2.152
2042-06-23,23.64,15.67,244.82,351.23,84.5,102.1,0.87,0.393
2042-06-24,19.03,15.21,294.63,328.84,79.4,102.5,0.06,5.69
2042-06-25,21.06,15.52,351.85,301.67,70.1,102.4,0,7.517
2042-06-26,25.03,18.48,352.2,324.41,67.2,102,0,6.024
2042-06-27,27.58,19.65,344.53,347.17,70.3,101.5,0,2.536
2042-06-28,25.06,17.37,250.57,364.97,81.2,101.3,3.42,1.514
2042-06-29,20.43,16.04,169.09,361.39,82.3,101.3,0.51,1.201
2042-06-30,22.2,13.88,288.15,318.63,66.2,102.3,0.05,0.612
2042-07-01,19.88,14.78,322.18,312.91,70.1,102.5,0.08,6.139
2042-07-02,24.08,17.48,293.36,350.47,75.4,101.7,0.06,4.608
2042-07-03,35.96,19.08,313.17,371.5,64.1,101.2,0,0.699
2042-07-04,34.33,18.78,334.13,368.75,66.1,101.3,0,0.753
2042-07-05,26.88,18.96,296.99,368.76,77.1,101.3,0.01,2.003
2042-07-06,23.77,17.45,259.6,362.86,78.1,101.2,2.11,1.824
2042-07-07,25.82,17.13,261.61,361.99,73.2,100.9,7.9,1.666
2042-07-08,24.42,15.8,323.24,326.78,71.3,101.2,0,2.442
2042-07-09,29.09,20.24,292.35,368.69,67,101.1,0.19,1.201
2042-07-10,31.24,19.97,287.08,378.28,72.8,100.9,1.93,0.992
2042-07-11,28.91,19.49,279.44,355.71,61.5,101.3,0.08,2.568
2042-07-12,27.01,16.44,318.9,324,61.7,101.8,0,1.114
2042-07-13,26.25,15.47,331.14,328.11,67.7,101.5,0.76,1.954
2042-07-14,27.11,17.62,294.09,345.41,60.8,100.9,0.44,3.609
2042-07-15,21.78,16.65,179.85,346.98,78.7,100.4,10.88,1.008
2042-07-16,21.57,15.23,231.43,335.14,79.1,100.3,9.08,1.186
2042-07-17,22.86,14.97,257.36,332.25,67.8,100.9,0.37,1.377
2042-07-18,21.94,15.78,238.03,340.45,74.9,101.2,6.67,0.906
2042-07-19,24.29,14.99,237.3,342,74.7,101.7,0.74,0.594
2042-07-20,21.56,17.24,101.08,372.28,79.6,101.6,1.99,0.808
2042-07-21,23.49,17.09,239.36,347.91,77,101.5,0.73,2.191
2042-07-22,22.96,16.79,290.88,334.97,78,101.7,0.07,3.9
2042-07-23,24.39,19.38,310.33,334.62,73.9,101.4,0,4.928
2042-07-24,24.22,18.36,289.83,335.3,75.6,100.9,0,5.011
2042-07-25,22.07,15.78,260.8,334.64,71.7,101,0,2.445
2042-07-26,21.71,14.35,240.31,323.33,71,101.5,0,1.54
2042-07-27,25.14,16.88,250.31,358.27,70.3,101.3,3.51,1.821
2042-07-28,23.33,16.08,166.12,374.51,80.3,100.7,7.53,4.555
2042-07-29,21.72,16.95,191.92,361.22,90.4,99.9,15.1,2.003
2042-07-30,20.52,14.51,245.92,326.05,77.1,100.4,5.15,1.307
2042-07-31,20.95,13.79,265.32,316.56,70.7,100.8,2.72,2.48
2042-08-01,21.37,13.07,284.85,307.03,64.3,101.1,0.29,3.669
2042-08-02,21.09,13.17,235.48,317.17,70.8,101.4,1.59,1.907
2042-08-03,20.39,12.47,269.72,306.36,72.9,101.7,1.35,1.215
2042-08-04,23.9,13.84,238.72,337.82,70.3,101,3.06,4.914
2042-08-05,21.46,14.2,266.44,323.17,69.4,100.9,2.42,3.497
2042-08-06,23.55,14.73,243.67,345.76,68,100.3,3.67,4.19
2042-08-07,20.52,12.86,205.15,326.26,68.5,101.3,0.3,0.886
2042-08-08,21.46,11.59,239.04,312.43,68.2,101.3,0.05,1.132
2042-08-09,22.35,13.3,219.64,322.3,68.6,100.3,0.1,0.417
2042-08-10,20.61,14.16,174.03,343.07,81.7,100,7.72,0.281
2042-08-11,20.15,14.27,219.24,332.93,82.9,100.5,6.87,2.926
2042-08-12,21.04,16,181.77,345.57,83.3,100.7,8.78,3.263
2042-08-13,20.79,15.68,143.29,349.92,87.7,100.9,9.01,2.038
2042-08-14,21.8,16.15,173.95,360.19,83,101,5.87,2.557
2042-08-15,22.11,15.66,209.84,351.6,84.4,100.5,11.94,1.976
2042-08-16,18.55,14.12,123.75,346.66,91.6,100.8,13.25,2.236
2042-08-17,19.89,13.01,218.66,312.9,75.3,101.9,0.15,3.054
2042-08-18,21.89,11.18,239.44,320.16,74.3,102.2,0.04,0.612
2042-08-19,24.14,16,188.07,360.84,83,102.2,0.95,0.664
2042-08-20,24.4,15.37,218.63,344.42,81.6,102.1,0.25,0.551
2042-08-21,22.25,15.07,202.17,332.87,69.8,101.6,0.15,3.98
2042-08-22,20.17,13.06,165.26,334.19,77.6,101.7,3.84,4.178
2042-08-23,19.99,13.76,131.72,358.48,90.5,101.4,10.93,1.99
2042-08-24,23.84,19.05,122.35,391.82,87.9,100.7,9.62,4.32
2042-08-25,21.42,16.65,248.09,337.07,74.6,100.7,5.32,2.981
2042-08-26,24.4,16.58,205.88,352.16,68,100.3,1.06,5.773
2042-08-27,22.62,15.03,236.71,318.53,67.8,101.4,0,5.477
2042-08-28,23.89,13.42,253.85,320.08,72.5,102.3,0.06,1.845
2042-08-29,23.56,15.51,250.71,322.78,78.8,102.2,0,1.191
2042-08-30,26.38,17.47,221.79,347.42,81.7,101.8,0,0.482
2042-08-31,23.99,16.12,198.71,341.71,79.9,101.9,0.12,0.575
2042-09-01,21.61,14.77,175.93,336.63,78.2,102.1,0.22,1.368
2042-09-02,21.69,13.79,203.69,321.39,78.4,102.4,0.1,0.84
2042-09-03,20.63,14.81,170.31,340.11,81.2,102.5,0.42,1.31
2042-09-04,20.15,16.3,134.56,357.96,81.2,102.7,0.03,3.627
2042-09-05,19.95,16.77,163.73,361.68,80.2,102.8,0.19,4.488
2042-09-06,22.48,16.91,222.27,331.81,79.2,102.8,0,4.993
2042-09-07,22.47,15.69,236.27,307.3,74.2,102.6,0,4.011
2042-09-08,22.81,14.48,231.92,305.34,76.9,102.3,0,2.658
2042-09-09,22.25,12.45,227.77,303.3,81.7,102.1,0,0.964
2042-09-10,20.85,13.57,113.37,350.23,81,102.2,0.32,3.243
2042-09-11,18.72,13.84,126.08,330.55,61.6,102.5,0.02,5.537
2042-09-12,19.82,16.19,146.25,340.05,57.8,102.1,0.15,6.524
2042-09-13,22.66,16.18,197.64,327.01,72.6,101.9,0,4.178
2042-09-14,27.29,17.69,194.1,357.88,82.4,101.5,0.06,1.91
2042-09-15,24.93,19,107.91,378.95,87.4,100.9,6.6,0.474
2042-09-16,24.75,18.13,161.06,359.88,83,100.7,2.86,2.602
2042-09-17,23.72,15.39,162.96,344.43,72,100.8,9.11,4.736
2042-09-18,21.83,14.15,172.75,324.88,66.7,101,0.72,5.575
2042-09-19,21.23,13.33,166.56,314.85,65.9,100.9,0.11,6.272
2042-09-20,18.81,15.8,54.87,366.42,88.5,101.1,5.42,5.559
2042-09-21,20.77,14.47,158.2,330.21,76.1,101.7,0.06,3.706
2042-09-22,19.76,14.23,90.55,355.08,86.3,101.4,0.39,1.78
2042-09-23,18.71,11.59,64.62,331.48,87.9,100.7,4.85,3.705
2042-09-24,18.62,9.91,164.07,298.93,78,100.6,0.11,1.588
2042-09-25,14.46,11.72,63.95,332.9,94.2,100.3,21.88,2.151
2042-09-26,17.05,9.7,147.74,299.11,83.3,101.1,0.96,2.781
2042-09-27,17.65,7.9,176.32,293.1,75.8,101.9,0,2.341
2042-09-28,19.34,12.89,111.23,355.12,88.2,102,0.6,1.266
2042-09-29,21.33,13.21,163.86,326.58,86.2,102.1,0.04,2.945
2042-09-30,18.15,12.73,101.94,333.49,82.4,102.2,0.64,2.195
2042-10-01,16.33,11.2,101.99,321.22,77.2,102.6,0.08,2.096
2042-10-02,17.03,10.6,128.61,321.19,81.9,102.4,0,3.306
2042-10-03,17.66,11.91,128.32,329.11,83,102.1,0.06,3.686
2042-10-04,18.94,13.29,126.44,343.1,83.2,101.9,0.09,2.992
2042-10-05,18.96,12.63,133.12,330.67,77.8,101.4,0.05,3.966
2042-10-06,14.12,8.47,147.77,281.73,59.2,102.1,0.05,3.628
2042-10-07,15.4,8.59,116.69,293.48,72.3,102.7,0.05,1.222
2042-10-08,15.29,8.36,82.86,311.68,76.8,102.4,0.06,1.229
2042-10-09,16.96,7.28,129.27,307.67,82.4,102.3,0,1.111
2042-10-10,16.12,13.57,94.18,336.67,79.6,102,0.02,4.59
2042-10-11,17.98,15.06,32.71,365.08,86.6,100.8,2.02,1.048
2042-10-12,21.15,16.52,87.27,364.67,89.2,100.4,0.09,2.781
2042-10-13,19.3,12.48,79.81,359.29,94.2,100.2,11.83,0.389
2042-10-14,12.91,11.13,70.23,329.99,62.3,101.8,0.29,8.054
2042-10-15,11.32,10.4,118.85,292.08,58.9,102.4,0,7.031
2042-10-16,11.79,9.12,103.06,304.16,63.1,102.6,0.23,4.693
2042-10-17,11.97,7.3,71.08,308.17,71,102.7,0.12,1.72
2042-10-18,13.12,6.24,120.94,279.96,73.3,102.7,0.05,0.792
2042-10-19,14.18,4.72,62.91,313.47,84.7,102.6,0.22,1.376
2042-10-20,12.59,10.14,67.53,321.32,81.6,102.5,0.21,3.939
2042-10-21,13.95,9.99,117.34,283.27,79.3,102.2,0,4.609
2042-10-22,15.77,10.2,111.98,288.63,81.8,101.7,0,3.219
2042-10-23,16.19,12.03,89.49,326.18,85.5,101.4,0,2.121
2042-10-24,18.33,14.39,84.83,348.94,90.7,101.6,0.06,1.125
2042-10-25,17.32,13.26,54.03,362.98,98.1,101.9,0.26,0.63
2042-10-26,15.27,12.79,29.6,360.81,95.2,101.6,0.49,4.823
2042-10-27,13.8,10.29,53.26,334.29,81.4,101.8,0.34,2.494
2042-10-28,13.2,8.32,43.99,327.84,82.7,102,0.73,2.275
2042-10-29,11.65,8.23,50.5,324.19,83,102,0.3,1.251
2042-10-30,14.37,8.13,47.09,331.31,90.9,101.5,0.1,2.04
2042-10-31,15.32,10.06,57.59,327.21,89.6,101.2,0.1,1.677
2042-11-01,16.26,11.99,68.13,322.36,88.4,101,0.11,1.452
2042-11-02,16.2,12.47,52.4,337.92,87.1,100,1.25,2.473
2042-11-03,16.11,9.77,67.1,311.89,86.6,100.5,0.14,2.07
2042-11-04,15.98,12.35,41.37,341.6,86.8,100.2,7.15,1.712
2042-11-05,15.7,9.91,80.87,289.91,86.2,101.1,0,2.862
2042-11-06,18.41,12.22,57.7,334.15,91.8,102.2,0,2.461
2042-11-07,16.53,13.7,48.48,355.4,92.2,102.8,0.15,1.858
2042-11-08,14.76,11.94,38.41,344.24,91.5,102.7,0.32,3.57
2042-11-09,13.41,11.68,30.05,347.51,94.7,102.5,0.48,1.472
2042-11-10,16.63,12.18,75.7,303.41,93.1,102.4,0,1.239
2042-11-11,15.21,11.9,64.62,301.52,93.4,102,0,1.4
2042-11-12,16.06,12.89,68.97,320.72,88,101.7,0.01,1.865
2042-11-13,17.44,14.07,51.1,352.61,89.6,101.8,6.97,1.383
2042-11-14,14.07,12.12,12.09,353.42,97.4,101.8,31.13,1.051
2042-11-15,13.74,11.26,29.14,348.11,93.8,101.7,7.45,5.205
2042-11-16,14.37,7.93,64.13,299.31,93.2,102.1,0,1.104
2042-11-17,13.58,10.96,28.93,344.42,94.4,101.6,4.03,2.961
2042-11-18,12.2,9.11,25.96,314.86,89.7,100.5,3.02,2.213
2042-11-19,10.58,6.83,38.88,278.96,83.7,101.8,0,3.66
2042-11-20,10.46,5.17,61.13,267.22,87.7,102.9,0,2.92
2042-11-21,11.47,5.22,53.89,273.36,87.7,102.7,0,0.734
2042-11-22,10.83,7.28,25.66,327.72,94.8,101.8,0.57,0.861
2042-11-23,13.87,10.69,45.18,331.98,95.8,101.6,0.21,0.75
2042-11-24,12.36,10.25,25.27,347.24,97,101.5,0.51,0.28
2042-11-25,12.28,10.41,27.96,346.94,96.3,101.9,0.91,0.778
2042-11-26,11.39,7.16,29.06,323.6,86.5,102.6,0.33,5.115
2042-11-27,9.43,7.09,23.13,325.93,84.9,102.8,0.24,9.155
2042-11-28,8.36,5.89,21.44,319.35,85.6,102.6,0.35,7.997
2042-11-29,6.04,5.08,24.39,311.17,82.6,102.5,0.21,7.343
2042-11-30,6.19,5.35,20.35,316.78,85.1,102.5,0.2,5.65
2042-12-01,6.47,3.65,22.85,312.92,91.1,102.3,1.02,1.318
2042-12-02,10.63,6.2,24.7,334.78,95.2,102.1,6.14,3.306
2042-12-03,11.27,8.81,16.04,344.52,97.9,102.6,6.61,0.123
2042-12-04,10.99,8.28,15.78,342.77,96.8,103.3,0.88,1.605
2042-12-05,9.31,5.26,37.65,296.13,92,103.2,0.13,2.567
2042-12-06,9.7,3.85,37.57,301.34,95.9,103,0.09,0.684
2042-12-07,9.39,6.33,12.68,331.85,98,102.4,0.23,1.193
2042-12-08,11.31,9.18,17.36,341.54,95.9,101.5,0.11,1.479
2042-12-09,13.35,9.35,34.37,315.48,94.4,100.8,3.17,1.824
2042-12-10,12.28,5.14,25.25,299.24,93.2,100.8,0.94,1.895
2042-12-11,11.28,7.51,19.95,312.68,90.9,100,4.19,4.053
2042-12-12,10.1,5.47,43.36,262.33,82.9,100.5,0,2.302
2042-12-13,9.49,6.23,38.66,267.45,80.7,100.7,0,6.076
2042-12-14,7.47,4.6,14.19,303.62,89.6,99.7,0.76,2.93
2042-12-15,8.68,4.94,23.57,301.29,93.9,99.1,6.85,0.642
2042-12-16,9.76,4.01,39.61,280.43,92.5,100.7,1.36,2.269
2042-12-17,11.43,5.6,39.89,285.79,79.4,100.2,8.12,4.97
2042-12-18,10.57,4.46,39.11,288.94,81.4,101.8,2.16,4.627
2042-12-19,10.77,3.33,42.36,260.94,76.7,102.1,1.7,6.065
2042-12-20,11.67,3,16.62,316.37,87.4,101.8,5.29,2.756
2042-12-21,10.63,3.6,33.25,269.12,88,100.4,0,3.89
2042-12-22,6.06,1.24,35.14,255.19,93.2,100,0,2.3
2042-12-23,5.72,1.62,7.18,310.83,96.2,99.1,18.59,2.133
2042-12-24,6.13,4.23,13.87,309.14,92.8,99.5,3.71,1.908
2042-12-25,8.27,5.76,22.7,310.32,74.1,101.6,0.7,2.987
2042-12-26,8.23,2.51,26.28,279.22,80.1,103,0,0.963
2042-12-27,9.1,2.6,26.17,315.07,93.5,103.2,0.3,2.536
2042-12-28,8.23,6.04,18.32,322.76,98.6,103.1,0.61,1.969
2042-12-29,7.81,5.65,21.59,318.84,97.4,102.6,0.99,2.627
2042-12-30,9.55,6.21,26.84,310.28,94.9,101.8,0,3.28
2042-12-31,9.9,7.12,23.34,321.98,94.3,101.1,1.38,3.052
2043-01-01,10.25,8.02,19.86,336.74,93.8,100.5,2.75,3.304
2043-01-02,10.95,3.74,41.46,297.28,84.6,99.8,8.63,5.569
2043-01-03,5.53,0.71,30.58,255.69,87,101.4,0.07,4.484
2043-01-04,3.81,-3.06,47.66,216.16,86.7,102.1,0,3.488
2043-01-05,4.33,-3.25,45.57,227.92,87.1,102.1,0,1.044
2043-01-06,4.23,1.59,30.93,277.02,82.6,101.5,0.08,2.525
2043-01-07,6.17,3.56,28.21,293.32,93.5,101.5,0.01,3.565
2043-01-08,7.08,4.18,14.41,313.07,86.6,102.2,1.95,4.314
2043-01-09,5.66,3.66,25.15,285.94,65,101.7,0,6.148
2043-01-10,8.84,5.43,15.79,324.07,90.8,100.6,2.41,1.524
2043-01-11,10.48,8.32,43.88,304.28,91.6,100.9,4.36,3.941
2043-01-12,11.27,8.08,41.45,298.57,93.2,102.1,0,3.543
2043-01-13,9.63,6.3,22.98,323.47,97.5,101.8,0.33,0.734
2043-01-14,8.7,5.43,24.59,325.41,99.5,101.1,0.57,2.22
2043-01-15,9.36,7.67,16.09,341.79,98.1,101,9.79,5.681
2043-01-16,10.92,8.8,23.55,342.01,98.6,101.2,5.47,1.229
2043-01-17,9.02,8.03,20.56,341.21,99,101.7,3.93,6.078
2043-01-18,9.71,8.19,25.95,341.25,98.8,101.7,5.14,2.384
2043-01-19,8.64,4.73,28.79,312.27,96.6,102,2.8,2.21
2043-01-20,8.34,3.69,31.98,299.13,93.7,102.1,0.19,0.94
2043-01-21,11.22,6.88,15.17,327.05,88.4,100.1,13.78,2.62
2043-01-22,8.79,4.71,24.7,280.64,89.9,98.7,0.07,2.741
2043-01-23,7.25,3.36,37.42,274.49,85.8,99.5,0.28,5.318
2043-01-24,6.51,2.8,45.89,273.5,80.5,100.8,0,5.301
2043-01-25,9.86,1.34,36.47,290.46,92.9,101.4,4.17,3.341
2043-01-26,13.32,6.82,37.78,326.45,85.1,99.8,4.42,5.231
2043-01-27,9.14,6,29.16,300.11,65.6,100.5,0,7.977
2043-01-28,10.5,6.67,42.96,301.49,88.2,102,1.15,5.315
2043-01-29,10.1,3.9,33.39,296.21,91,101.8,5.31,3.993
2043-01-30,7.2,3.04,48.88,273.02,85.1,101.6,0.1,3.994
2043-01-31,7.65,2.85,60.91,272.99,88.3,101.6,0.3,1.126
2043-02-01,7.65,4.04,51.92,296.45,82.9,102.9,0.99,2.771
2043-02-02,6.36,3.23,54.93,293.8,76.9,103.3,0.14,1.778
2043-02-03,6.09,1.72,15.91,285.38,88,102.3,4.83,3.041
2043-02-04,7.95,2.55,73.51,267.55,87.4,102.2,0.78,4.886
2043-02-05,10.87,2.77,41.11,309.45,82,100.3,4.64,6.227
2043-02-06,4.63,0.88,84.3,232.85,65.4,100.5,0,6.632
2043-02-07,5.96,1.41,39.68,301.63,79.2,100.1,2.66,6.104
2043-02-08,5.39,1.76,41.58,301.13,87.7,100.7,3.06,5.934
2043-02-09,6.11,2.81,57.79,292.86,85.2,101.6,1.02,4.904
2043-02-10,10.89,6.09,53.01,315.41,91,100.8,2.79,7.184
2043-02-11,9.56,4.87,48.67,301.98,75.9,100.3,0.35,6.411
2043-02-12,6.98,3.47,70.17,287.14,83.4,99.5,4.82,2.214
2043-02-13,5.31,2.8,46.26,294.06,91.4,99.8,4,1.436
2043-02-14,7.03,2.98,65.91,289.59,80.7,101.6,0.15,1.248
2043-02-15,7.36,2.06,98.44,258.28,73.5,102.8,0,2.885
2043-02-16,7.18,3.18,88.23,268.5,73.6,103.3,0.05,4.849
2043-02-17,6.17,2.66,78.94,283.22,72.1,102.7,0.02,3.106
2043-02-18,5.83,0.44,73.33,266.56,86.6,102,0.14,2.932
2043-02-19,8.05,-0.16,87.58,266.47,89.9,101.5,2.44,3.206
2043-02-20,7.76,2.52,79.41,264.95,82.7,101.1,0.08,4.674
2043-02-21,10.48,2.39,34.48,309.25,93.6,101.2,4,3.883
2043-02-22,9.42,4.12,48.4,304.22,84.7,100.1,0.48,4.804
2043-02-23,6.66,1.61,65.02,280.73,91.1,99.5,2.21,2.828
2043-02-24,7.25,3.87,68.81,302.29,79.8,100.5,1.48,1.691
2043-02-25,7.13,3.64,80.34,299.29,84.9,100.7,0.97,1.726
2043-02-26,7.9,3.01,70.81,289.26,84.2,100.4,2.2,4.595
2043-02-27,7.56,2.89,102.61,284.08,80.4,100.5,1.46,3.47
2043-02-28,8.88,4.63,81.9,305.75,78.1,101.5,0.24,2.396
2043-03-01,10.64,3.46,70.34,313.19,91.3,102.2,0.42,1.964
2043-03-02,11.69,6.9,86.64,322.41,87.2,102.6,0.24,2.481
2043-03-03,8.9,6.5,68.39,303.55,76.2,102.3,0.13,5.067
2043-03-04,10,5.83,93.7,298.3,81.3,102.1,0.3,5.321
2043-03-05,12.36,6.91,79.83,326.4,89.9,102.3,0.71,3.839
2043-03-06,11.66,6.36,71.68,315.81,83.1,101.7,1.26,5.091
2043-03-07,8.01,4.95,51.13,306.05,81,99.6,4.69,7.397
2043-03-08,6.43,4.65,52.73,307.27,84.2,99.6,4.39,3.183
2043-03-09,4.95,2.32,51.77,293.53,86.9,100,4.98,4.238
2043-03-10,7.39,0.48,143.13,262.22,78.7,100.5,0.37,2.623
2043-03-11,7.23,1.46,90.74,277.33,85.8,101.5,1.82,2.917
2043-03-12,6.99,4.3,175.27,236.49,69.1,101.5,0,6.671
2043-03-13,8.6,4.29,178.27,246.92,81,101.1,0,4.633
2043-03-14,9.8,5.56,169.08,264.55,82.1,100.7,0,5.537
2043-03-15,7.86,3.89,63.29,295.6,93.8,100.8,3.15,0.609
2043-03-16,11.88,5.29,65.09,326.41,95,101.1,5.83,3.548
2043-03-17,17.31,10.76,103.69,336.55,91,101.5,0.1,3.972
2043-03-18,17.62,8.31,132.14,319.08,77,102,1.3,4.955
2043-03-19,12.77,7.33,123.02,305.81,68.6,102.2,0.09,5.933
2043-03-20,12.71,7.64,106.81,321.58,76.3,101.7,0.22,3.244
2043-03-21,9.42,4.51,110.24,288.21,81.4,101.7,0.92,1.102
2043-03-22,6.01,3.98,124.93,289.71,67.7,102.2,1.29,5.922
2043-03-23,6.89,2.65,187.41,248.93,64,101.8,0.01,3.879
2043-03-24,6.39,2.3,127.09,279.69,69,101.3,0.07,3.413
2043-03-25,9.05,3.38,102.9,297.45,78.3,102,0.28,0.843
2043-03-26,11.5,3.03,101.63,308.83,79.8,102.2,0.05,1.643
2043-03-27,9.46,6.87,88.71,329.43,92,101.4,3.41,2.075
2043-03-28,14.23,8.21,123.6,336.24,93.9,101.1,0.71,1.095
2043-03-29,12.89,7.85,57.83,335.33,95.9,100.3,7.7,1.567
2043-03-30,12.11,4.34,190.44,267.96,76.8,100.5,0.06,1.375
2043-03-31,10.13,6.68,94.99,305.14,88.4,100,3.02,1.936
2043-04-01,10.2,4.9,119.76,297.88,81.1,100.4,1.37,3.519
2043-04-02,10.71,5.64,112.42,300.7,78.1,101.2,0.99,5.058
2043-04-03,10.72,4.01,163.64,279.12,73.9,101.1,0.11,2.49
2043-04-04,11.73,4.21,140.91,295.03,75.6,101.2,3.18,2.729
2043-04-05,9.26,5.57,112.83,304.69,77.9,101.7,2.34,3.016
2043-04-06,9.1,4.2,129.18,294.13,78.1,102.4,0.76,1.384
2043-04-07,9.23,3.93,108.55,304.44,73.1,101.8,0.34,1.368
2043-04-08,8.16,5.52,57.5,322.33,88.6,99.7,16.07,7.304
2043-04-09,9.13,3.18,129.52,286.72,78.1,100.3,0.16,2.271
2043-04-10,6.93,3.11,90.15,293.47,89.2,100.7,2.15,0.739
2043-04-11,10.83,3.48,167.8,284.19,74.6,101.8,0.24,2.985
2043-04-12,11.97,3.74,143.27,304.01,72.6,101.7,0.05,1.225
2043-04-13,10.67,7.8,68.4,319.43,89.4,100.3,8.21,1.889
2043-04-14,12.29,7.45,176.45,288.46,85.3,100,3.3,2.282
2043-04-15,11.94,7.6,145.24,310.54,83,99.2,9.81,1.605
2043-04-16,13.97,7.37,174.64,304.57,75.7,99.6,3.41,3.007
2043-04-17,13.69,8.78,139.42,317.55,80.4,99.4,1.06,3.514
2043-04-18,12.78,8.22,184.02,294.9,84.4,99.4,0.07,2.62
2043-04-19,13.79,7.18,211.52,282.77,83.6,100,1.15,1.348
2043-04-20,11.53,6.28,114.84,299.12,88,100.5,11.19,2.318
2043-04-21,12.54,5.18,234.89,270.05,85.5,101.4,0.01,2.076
2043-04-22,12.56,8.48,159.66,313.95,86.3,101.2,2.24,6.6
2043-04-23,10.44,8.15,133.76,327.22,79.9,101.3,2.74,7.734
2043-04-24,9.61,6.52,225.69,295.54,63.2,102.1,0.1,6.36
2043-04-25,10.24,6.38,173.37,303.99,70,102.6,0.12,3.074
2043-04-26,11.16,6.27,242.06,278.59,72.6,102.3,0.14,4.531
2043-04-27,11.62,6.6,248.57,281.11,72,101.5,0.09,3.243
2043-04-28,15.3,5.69,199.27,298.35,71.3,100.9,0,1.846
2043-04-29,16.46,9.12,132.15,326.66,85.3,100.9,1.9,3.039
2043-04-30,18.17,11.22,246.81,313.79,77.8,101.3,0,1.723
2043-05-01,22.14,10.15,265.9,318.32,80.2,101.2,0.26,0.808
2043-05-02,21.66,12.44,192.35,342.9,84.5,101.1,0.54,0.606
2043-05-03,20.15,11.4,186.71,336.21,92.4,101.4,6.28,1.352
2043-05-04,18.5,12.49,225.71,339.01,92.4,101.2,1.07,3.551
2043-05-05,22.81,12.42,249.78,346.1,83.4,100.6,3.4,0.421
2043-05-06,18.82,12.03,238.73,324.37,81.8,100.8,8.31,2.133
2043-05-07,20.45,13.14,204.83,342.22,88.8,100.3,2.2,1.104
2043-05-08,18.62,13.34,123.74,348.01,91.2,100.3,5.77,1.976
2043-05-09,18.41,12.21,179.47,351.29,92,100.2,5.51,1.738
2043-05-10,15.35,9.96,159.41,336.83,87.2,101.2,2.12,2.603
2043-05-11,16.28,8.38,290.17,279.82,65.6,102.2,0,0.715
2043-05-12,19.05,9.85,202.04,316.4,73.3,101.8,2.16,3.416
2043-05-13,15.06,6.53,236.72,281.76,71,102.3,1.2,3.094
2043-05-14,17.33,6.07,214.94,311.55,66.3,102.7,0.09,3.567
2043-05-15,16.95,8.33,288.52,289.84,74.3,102.7,0.06,0.81
2043-05-16,15.93,5.63,302.29,271.76,79.2,103,0,0.912
2043-05-17,20.95,8.65,303.38,301.94,73.8,102.9,0,0.741
2043-05-18,22.86,10.88,243.05,335.33,69.6,102.1,3.31,1.26
2043-05-19,12.16,7.38,141.6,309.43,71.4,101.1,3,3.634
2043-05-20,13.54,8.73,148.65,320.6,81.4,100.6,4.58,3.695
2043-05-21,15.47,7.81,185.4,321.35,76.5,100.6,1.25,1.915
2043-05-22,15.52,6.93,251,286.38,69.5,100.2,0.62,0.689
2043-05-23,16.62,11.79,186.7,326.22,76,99.6,14.04,1.132
2043-05-24,17.16,11.69,270.07,299.59,64.8,100.5,0.1,2.113
2043-05-25,16.9,10.9,246.46,299.88,75.3,101.1,0.43,1.42
2043-05-26,16.45,8.37,121.95,317.67,87.1,101.3,2.43,0.844
2043-05-27,17.89,10.05,154.16,333.68,78,101.4,1.22,1.279
2043-05-28,17.53,9.93,221.99,310.92,76.3,102,0.98,1.004
2043-05-29,19.15,10.64,255.88,323.95,72.6,102.1,0.1,1.276
2043-05-30,18.71,12.37,156.89,357.2,88.8,101.9,2.8,0.1
2043-05-31,18.34,11.61,208.02,335.68,85.9,101.9,1.46,1.032
2043-06-01,17.96,10.85,259.69,314.19,83.1,101.9,0.12,1.97
2043-06-02,16.39,10.36,244.38,309.73,82.4,101.8,0.54,2.174
2043-06-03,15.12,10.07,176.66,322.64,79.5,101.7,1.24,1.407
2043-06-04,16.72,9.73,213.58,320.4,76.7,101.6,1.6,2.066
2043-06-05,15.69,8.28,206.4,300.71,74.8,101.6,0.24,1.489
2043-06-06,16.03,6.79,290.62,281.39,76.5,101.1,0,1.513
2043-06-07,17.26,9.6,265.3,300.8,81.8,100.7,1.58,2.043
2043-06-08,18.94,9.63,319.78,293.09,76.7,100.9,0.72,1.534
2043-06-09,20.51,11.41,324.1,303.79,73.1,101.2,0,1.289
2043-06-10,23.11,13.6,297.45,327.79,75.3,101.5,0.08,1.355
2043-06-11,21.57,14.55,338.1,311.82,73.2,101.4,0,5.158
2043-06-12,23.03,17.57,323.57,332.68,69.7,101,0,6.221
2043-06-13,20.95,15.17,137.74,360.13,81.7,100.8,23.16,0.51
2043-06-14,21.39,12.85,290.56,316.02,71.6,101.5,6.52,3.421
2043-06-15,18.7,12.25,230.73,326.89,82.8,101.8,5.26,3.395
2043-06-16,19.73,14.3,320.76,317.48,76,102.3,0.3,2.302
2043-06-17,19.1,13.42,299.52,326.53,75.6,102.5,0.07,1.844
2043-06-18,18.58,12,221.34,332.67,76.4,102.3,0.57,1.796
2043-06-19,19.31,12.93,283.56,335.83,82.4,102.1,0.83,1.888
2043-06-20,19.46,14.19,176.47,363.45,85.2,102.2,0.82,1.599
2043-06-21,22.69,13.68,293.54,342.03,81.3,102.3,0.02,0.852
2043-06-22,19.58,13.27,186.53,353.11,88,102.2,0.23,1.672
2043-06-23,21.51,12.54,224.38,334.92,82.6,102.2,0.8,0.45
2043-06-24,20.89,13.17,220.1,339.86,81.8,102.6,0.42,0.466
2043-06-25,21.08,14.24,293.39,329.73,81.5,102.9,0,1.686
2043-06-26,26.23,14.12,314.14,338.46,76,102.8,0,0.874
2043-06-27,28.37,16.84,329.42,340.6,65,102.2,0,3.144
2043-06-28,29.33,17.85,314.16,359.75,65.3,101.2,0.26,3.424
2043-06-29,20.72,14.06,230.95,340.73,70.7,101,9.17,1.795
2043-06-30,15.46,11.31,164.91,316.66,80.5,101.1,8.85,0.412
2043-07-01,16.75,10.08,253.36,294.94,78.9,100.8,3.88,0.541
2043-07-02,16.36,10.9,224.95,306.73,74.6,101,4.7,1.722
2043-07-03,16.16,10.33,231.39,301.05,72.6,101.2,0.29,4.247
2043-07-04,19.87,10.06,240.26,316.25,60.3,101.3,0.08,3.944
2043-07-05,22.57,14.95,217.54,360.8,69.4,100.7,0.11,5.795
2043-07-06,21.06,13.25,250.16,328.8,70.8,100.6,1.15,4.189
2043-07-07,20.96,11.84,276.58,317.2,72.8,101.2,0.73,0.784
2043-07-08,20.34,14.65,164.19,356.48,83.4,100.8,5.61,1.582
2043-07-09,21.89,14.96,222.62,348.83,79.8,101.2,1.06,0.209
2043-07-10,22.47,15.84,243.29,353.24,85.3,101.6,10.96,1.506
2043-07-11,23.86,16.98,302.26,347.19,73.2,101.5,0,0.894
2043-07-12,23.91,16.94,220.53,361.68,76.9,101.4,0.48,0.928
2043-07-13,25.92,18.07,323.5,350.33,76,101.2,0.28,0.941
2043-07-14,26.67,17.78,280.47,359.36,75.8,101.6,0.54,1.354
2043-07-15,25.16,17.19,206.75,360.91,84.5,101.7,1.5,2.324
2043-07-16,27.14,17.09,319.31,338.76,68.8,101.8,0.39,1.587
2043-07-17,27.68,16.51,328.08,328.96,63.8,102,0,0.279
2043-07-18,27.21,15.23,311.73,333.28,69.7,101.7,0,2.116
2043-07-19,25.66,19.48,289.81,350.68,70.4,101.1,0.08,4.674
2043-07-20,24,19.11,146.94,377.79,87.3,100.6,8.31,1.763
2043-07-21,22.16,16.73,214.14,353.76,80.8,100.1,7.37,4.524
2043-07-22,23.34,15.23,281.58,321.23,59.3,100.8,0.04,6.8
2043-07-23,23.1,14.63,257.76,323.22,62.7,101.3,0.07,4.191
2043-07-24,23.16,13.84,262.65,319.49,71.6,101.7,0.3,0.773
2043-07-25,23.87,13.27,286.49,319.2,70.4,101.9,0,0.893
2043-07-26,26.93,17.23,312.37,335.95,63.8,101.7,0,0.909
2043-07-27,26.94,15.34,319.37,326.15,70.7,101.4,0,1.581
2043-07-28,28.62,16.79,287.02,346.02,70.4,101.7,0,1.623
2043-07-29,26.27,17.87,314.91,341.42,76.4,102.1,0,3.666
2043-07-30,23.76,17.76,300.31,328.63,77.7,101.9,0.05,3.885
2043-07-31,24.48,17.46,299.33,326.36,76.2,101.7,0,3.294
2043-08-01,25.21,17.17,298.36,324.16,74.6,101.5,0,2.844
2043-08-02,22.99,16.2,244.62,339.06,82.6,101.7,6.37,0.744
2043-08-03,25.2,14.71,287.96,327.11,80,101.9,0.05,1.073
2043-08-04,26.85,17.42,305.89,332.46,74.1,101.9,0,1.484
2043-08-05,29.64,18.49,279.19,348.81,73,102,0.13,0.717
2043-08-06,22.84,17.42,235.88,335.7,75.4,102.5,0.06,3.849
2043-08-07,21.84,16.95,254.92,325.22,69.5,102.2,0.12,4.773
2043-08-08,30.19,13.62,279.01,331.49,60,101.5,0.12,2.705
2043-08-09,30.22,15.51,283.36,337.26,57.8,101.4,0,5.018
2043-08-10,27.35,19.51,270.19,347.63,55,101.2,0.19,5.881
2043-08-11,27.05,16.87,167.81,366.46,75.5,101.5,4.81,1.973
2043-08-12,27.52,17.4,256.89,350.98,71.8,101.2,0.05,1.887
2043-08-13,26,17,245.49,337.12,55,100.5,1.24,5.369
2043-08-14,22.96,14.99,186.32,329.71,55,100.9,0.03,7.104
2043-08-15,24.12,13.09,202.41,324.67,56.6,101.6,0,3.558
2043-08-16,25.62,15.8,160.97,364.31,69.8,100.9,0.65,5.559
2043-08-17,23.73,15.43,178.19,345.16,59.1,100.5,0.48,4.545
2043-08-18,22.61,14.43,173.42,338.61,74.3,100.6,1.79,1.55
2043-08-19,21.33,16.07,125.36,362.19,80.7,100.5,5.43,0.843
2043-08-20,20.53,16.02,180.59,353.88,88.4,100.4,16.53,2.495
2043-08-21,19.27,14.78,157.57,348.73,73.8,101.6,0.52,2.179
2043-08-22,19.98,13.82,161.4,331.73,75.2,102.2,0.48,1.681
2043-08-23,21.73,12.75,215.87,321.59,76.6,102.5,0,0.637
2043-08-24,24.13,15.41,163.92,364.05,78.8,102.5,0.12,0.754
2043-08-25,24.41,16.35,166.98,369.11,84,102.5,0,1.179
2043-08-26,22.27,16.38,222.69,337.32,79.8,102.4,0.07,2.429
2043-08-27,25.02,14.4,254.32,328.24,76.9,102.1,0,0.8
2043-08-28,27.9,16.7,249.68,338.09,71.5,102.1,0,0.804
2043-08-29,29.56,17.93,238.62,342,67.3,102.2,0,1.056
2043-08-30,29.82,20.2,246.14,346.67,65.4,101.9,0,1.436
2043-08-31,26.09,18.29,216,339.45,68.7,102.1,0,1.252
2043-09-01,22.36,16.39,186.27,334.09,71.9,102.3,0,2.707
2043-09-02,20.89,15.72,223.28,309.49,65.9,102.4,0.07,5.422
2043-09-03,22.91,13.86,237.16,311.33,71.5,101.7,0,4.031
2043-09-04,27.39,13.83,192.17,341.96,63.7,101.3,0.06,2.862
2043-09-05,23.18,14.08,152.01,329.74,60.1,101.6,0.05,3.574
2043-09-06,18.87,10.24,174.01,298.08,56.7,102.5,0.07,2.505
2043-09-07,21.19,9.19,188.23,303.5,60.6,102.9,0.09,3.09
2043-09-08,21.46,10.93,216.86,297.22,73,102.8,0,0.306
2043-09-09,22.72,10.15,204.71,307.85,76.9,102,0,1.07
2043-09-10,20.85,11.78,174.8,317.99,70.4,101.5,1.35,2.757
2043-09-11,20.4,9.51,166.84,303.57,69.4,102.1,0.33,2.659
2043-09-12,22.37,9.52,172.9,320.89,62.5,102.3,0.1,3.259
2043-09-13,21.98,13.07,192.2,318.94,60.8,102.1,0.12,3.874
2043-09-14,21.37,12.07,138.14,333.59,72.4,102.1,0.03,2.352
2043-09-15,24.74,15.01,201.07,326.54,65.2,101.9,0,3.624
2043-09-16,24.87,15.1,152.62,347.39,78.1,102.3,0.18,0.819
2043-09-17,27.39,15.01,195.09,339.35,77.9,102.6,0,0.477
2043-09-18,25.38,15.82,192.91,340.23,82.8,103,0,2.02
2043-09-19,22.08,14.67,187.76,335.07,88.2,103.2,0.06,3.031
2043-09-20,25.47,14.23,193.84,325.4,82.3,102.9,0,1.26
2043-09-21,29.87,15.02,167.64,346.14,76.3,102.3,0,0.249
2043-09-22,20.03,13.94,118.11,342.44,79.2,102.4,0.08,3.88
2043-09-23,20.67,13.99,173.31,323.77,79.1,102.2,0.06,2.062
2043-09-24,25.85,11.52,177.45,323.77,79.7,102,0,0.652
2043-09-25,27.63,12.62,178.1,328.16,81.4,101.8,0.02,0.345
2043-09-26,23.53,13.35,165.58,340.17,67.9,101.6,0.24,2.771
2043-09-27,20.82,14.88,98.8,342.59,57.4,101.2,0.16,3.823
2043-09-28,17.21,12.03,65.69,341.06,80.3,100.6,10,1.395
2043-09-29,18.18,10.14,139.79,304.14,66.7,100.6,0.2,2.375
2043-09-30,17.59,8.68,102.93,318.56,80.3,100.5,6.74,2.765
2043-10-01,17.23,12.2,137.84,316.81,66.9,99.2,5.03,7.889
2043-10-02,16.09,11.38,123.8,315.24,59.8,99.7,5.66,7.528
2043-10-03,16.08,9.82,111.47,315.21,75,99.4,1.53,6.586
2043-10-04,14.89,7.72,129.43,291.67,72.6,100.8,0,2.779
2043-10-05,16.77,7.43,129.9,295.63,73,100.8,0,1.742
2043-10-06,18.12,9.6,113.1,310.46,76.8,101.1,0,3.681
2043-10-07,17.83,10.88,69.37,323.57,75.8,100.6,1.74,4.429
2043-10-08,17.38,9.92,135.72,286.33,64.4,102.2,0,5.38
2043-10-09,17.03,7.71,143.24,283.22,77.7,102.9,0,0.929
2043-10-10,17.72,12.39,131.66,303.16,71,102.1,0.04,1.271
2043-10-11,18.2,11.01,136.45,298.43,74.5,101.8,0.08,2.881
2043-10-12,18.1,11.66,74.14,330.85,76.3,101.1,0.55,3.674
2043-10-13,16.99,10.73,99.76,315.39,80,101,3.15,4.216
2043-10-14,18.26,10.03,43.38,362.71,92,101,7.59,3.3
2043-10-15,21.23,18.12,58.41,389.99,91.8,100.7,1.96,4.313
2043-10-16,19.02,14.67,42.35,373.71,92.9,100.9,1.03,3.351
2043-10-17,17.43,10.58,47.51,328.99,88.9,101,4.34,3.309
2043-10-18,15.58,9.64,90.42,298.6,77.9,102,0,4.363
2043-10-19,17.21,9.84,90.82,312.14,85.1,102.1,0,3.767
2043-10-20,17.35,12.68,70.29,330.46,82.4,101.4,0,5.158
2043-10-21,16.76,12.12,107.77,304.32,69,101.6,0,5.627
2043-10-22,15.17,10.49,55.69,313.34,68,101.4,0.06,5.531
2043-10-23,14.03,7.93,102.52,272.65,69.7,101.1,0,5.142
2043-10-24,13.08,6.34,91.63,276.56,72.5,101.3,0,3.118
2043-10-25,16.58,10.95,78.86,324.69,67.2,100.4,0.32,2.548
2043-10-26,16.96,13.15,53.16,359.29,91.3,100.3,3.07,1.428
2043-10-27,18.62,15.99,34.26,373.14,90.8,100,3.71,1.872
2043-10-28,18.23,15.12,55.79,355.3,92.6,99.7,0.29,1.698
2043-10-29,16.47,13.33,84.83,321.24,77.5,99.7,1.12,4.204
2043-10-30,18.74,13.16,56.39,342.43,83.1,99.8,1.9,5.979
2043-10-31,16.28,11.54,36.43,338.23,87.3,99.9,13.97,4.104
2043-11-01,13.83,9.92,16.58,335.51,91.4,100,26.03,2.302
2043-11-02,12.11,5.55,59.9,291.71,83.7,100.9,1.92,2.933
2043-11-03,11.68,5.26,58.75,292.88,76,101.6,0.08,1.279
2043-11-04,12.1,7.89,45.18,316.44,65.2,102.5,0.16,1.917
2043-11-05,12.67,7.85,41.63,316.23,73.3,103.1,0.12,2.388
2043-11-06,10.62,4.51,84.5,255.46,77.8,102.3,0,2.554
2043-11-07,10.84,1.63,66.51,267.61,90.6,101.6,0,0.36
2043-11-08,14.9,5.97,72.78,300.64,89.6,101,0,3.219
2043-11-09,16.63,13.36,74.09,323.98,87.7,100.1,0.06,2.804
2043-11-10,15.98,11.68,17.11,319.56,87,98.9,6.4,2.725
2043-11-11,13.82,7.14,66.68,284.17,89,99.4,0.45,1.154
2043-11-12,11.05,8,15.77,333.51,95.1,99.9,6.55,7.532
2043-11-13,13.21,7.74,61.06,310.05,93.3,100.2,0.69,0.797
2043-11-14,16.01,10.42,36.34,324.56,84,99.4,3.14,2.668
2043-11-15,14.64,9.98,61.45,283.61,74.2,99.6,0,3.397
2043-11-16,13.73,9.63,50.71,308.45,82.4,99.7,8.14,2.262
2043-11-17,13.08,8.81,33.01,332.58,90.4,99.2,5.97,2.825
2043-11-18,11.38,6.92,54.9,288.18,87.5,101.1,0.07,4.172
2043-11-19,15.08,7.53,13.99,343.71,92.2,101.3,3.01,2.792
2043-11-20,15.85,10.57,12.18,354.63,96.2,101.1,4.53,2.295
2043-11-21,10.85,7.17,60.74,265.68,82.4,102.5,0,5.046
2043-11-22,12.4,7.57,41.8,302.08,78.6,102.8,0,5.331
2043-11-23,12.92,9.74,50.95,312.94,81.1,101.7,1.53,6.508
2043-11-24,14.43,9,32.07,326.36,79.5,100.9,2.89,6.66
2043-11-25,13.48,7.73,26.64,313.14,83.9,101.6,1.27,6.102
2043-11-26,11.5,9.38,36.85,325.48,87.7,102.2,0.33,4.741
2043-11-27,12.83,9.81,18.95,346.8,92.3,101.4,1.83,3.785
2043-11-28,14.4,5.04,28.91,309.68,88.2,101.7,1.31,3.549
2043-11-29,10.9,2.41,29.73,292.23,81.6,102.9,1.54,1.245
2043-11-30,14.68,8.61,17.25,353.7,96,101.1,6.9,2.075
2043-12-01,13.85,10.73,13.51,354.36,97.4,100.5,6.47,1.236
2043-12-02,12.9,5.89,19.93,312.32,90.6,100.1,5.49,2.64
2043-12-03,11.96,5.22,8.31,312.8,91.8,100.2,8.27,1.342
2043-12-04,12.66,8.48,30.48,299.6,80.5,99.6,2.26,7.227
2043-12-05,12.93,6.56,38.5,295.16,87.6,101.4,0.14,4.561
2043-12-06,13.06,7.61,38.28,311.85,79.3,100.7,10.43,6.695
2043-12-07,9.77,6.36,43.2,272.73,76.3,101.9,0,6.413
2043-12-08,9.71,6.73,13.95,328.24,92.8,101.8,1.37,2.959
2043-12-09,14.44,8.37,22.83,337.04,85.6,100.8,15.65,4.37
2043-12-10,8.61,4.77,21.67,292.47,77.3,101.9,0,3.505
2043-12-11,9.96,4.8,19.66,324.7,89.8,102,1.48,1.743
2043-12-12,9.81,5.26,7.14,312.8,89.2,101.9,7.52,3.019
2043-12-13,7.4,3.13,42.71,268.59,80.9,102.9,0,3.626
2043-12-14,8.76,4.12,14.88,302.13,89.8,102.1,3.72,3.092
2043-12-15,5.75,2.1,43.27,251.64,91.8,102.4,0,3.539
2043-12-16,7.81,2.43,24.6,300.05,84.8,102.6,0.12,2.027
2043-12-17,8.03,5.57,27.39,300.66,71.1,102,0.13,1.966
2043-12-18,7.27,5.43,19.64,296.62,75.1,101.3,0,1.857
2043-12-19,9.59,7.03,17.24,334.58,94.4,101.5,0.24,0.515
2043-12-20,9.22,5,15.59,322.37,88.7,101.9,1.88,2.34
2043-12-21,6.63,1.92,21,288.79,81.2,102.2,0.19,0.963
2043-12-22,3.66,-1.39,24.11,261.35,89.8,100.5,0,2.146
2043-12-23,2.93,-2.26,19.49,264.48,97.5,99.2,2.15,1.068
2043-12-24,2.62,-2.26,28.24,256.3,90.5,99.6,1.12,4.977
2043-12-25,2.72,-1.67,26.56,257.67,90.2,100.3,0,1.129
2043-12-26,3.25,-1.2,43.44,235.81,86.5,101.1,0,3.185
2043-12-27,6.13,-0.61,17.66,286.97,83.6,101,0.57,1.832
2043-12-28,6.38,3.92,4.99,317.52,85.2,99.3,16.62,9.134
2043-12-29,6.43,3.79,15.11,320.67,94.2,99.9,1.63,3.941
2043-12-30,4.27,1.68,19.25,295.68,91.9,101.2,0.71,1.266
2043-12-31,4.64,0.79,20.1,297.22,92.6,101.5,1.05,2.279
2044-01-01,5.01,-0.1,20.95,300.2,93.3,101.8,1.39,3.201
2044-01-02,7.99,4.67,9.43,326.61,93.9,101.8,3.76,4.799
2044-01-03,9.1,5.15,15.61,308.32,93.1,101.3,4.53,1.346
2044-01-04,7.17,3.06,45.28,254.28,90.9,102,0,3.791
2044-01-05,5.64,-1.18,47.34,239.04,95.7,103,0,2.467
2044-01-06,4.93,-2.87,42.12,253.7,94.9,103.4,0,0.596
2044-01-07,5.63,2.86,22.9,280.5,83,103.3,0,1.445
2044-01-08,5.02,2.45,31.4,268.88,84.8,102.5,0,1.439
2044-01-09,8.46,2.21,20.37,314.55,96.6,102,0.21,1.801
2044-01-10,11.29,8,18.83,341.4,96.5,101.8,0.21,2.633
2044-01-11,11.53,8.71,21.7,339.92,95.7,101.7,3.59,2.397
2044-01-12,9.65,4.84,6.95,307.41,94.8,101.8,11.71,2.648
2044-01-13,7.54,3.7,34.53,280.1,86.1,102.3,0.45,3.956
2044-01-14,8.99,5.15,43.97,293.11,87,101,7.29,3.839
2044-01-15,9.57,6.11,39.07,300.5,75.1,98.6,6.25,6.122
2044-01-16,8.98,5.79,32.44,299.5,68,98.1,0.19,7.815
2044-01-17,6.55,2.91,40.88,271.25,73.5,98.4,0,5.344
2044-01-18,6.23,1.58,53.75,240.59,79.1,98.9,0,4.769
2044-01-19,5.1,-0.11,35.06,246.94,85.2,99.5,0,3.66
2044-01-20,3.92,-0.42,25.4,277.65,91.8,99.9,2.14,2.038
2044-01-21,5.72,0.19,33.47,293.87,90.4,100.6,1.61,1.561
2044-01-22,5.82,2.01,27.97,296.38,86.4,101.2,0.99,2.357
2044-01-23,4.86,1.8,42.64,280.74,88,101.5,0.27,1.637
2044-01-24,5.24,0.89,43.38,270.81,86.4,101.6,0.11,2.557
2044-01-25,5.17,-2.19,65.23,248.66,82.2,101.5,0,0.421
2044-01-26,4.14,1.69,8.09,306.86,90.8,99.9,22.72,1.939
2044-01-27,3.17,0.01,30.52,279.52,75.2,101.5,0.57,3.892
2044-01-28,4.09,-2.33,45.24,271.79,79.7,103.2,1.43,2.814
2044-01-29,10.8,4.17,43.37,308.86,89.4,102.2,0.42,4.384
2044-01-30,11.39,2.39,36.09,313.57,95.8,102.1,7.71,2.133
2044-01-31,9.7,3.39,27.68,325.99,96.5,102.1,1.63,1.765
2044-02-01,9.87,5.84,73.34,289.94,73.7,101.8,0.89,5.874
2044-02-02,9.49,4.76,73.33,271.22,81.1,102.6,0,4.023
2044-02-03,9.29,6.13,50.59,306.39,78.8,102.5,0.07,3.72
2044-02-04,10.75,6.25,70.54,288.16,87.5,102.3,0.17,3.651
2044-02-05,12.87,10.14,26.12,333.37,85.2,102,0,5.909
2044-02-06,11.45,8.86,57.59,324.67,89.2,102.8,0.35,4.056
2044-02-07,9.95,6.68,43.69,322.33,94.1,103.5,0.26,0.499
2044-02-08,7.01,4.58,29.63,320.38,97,103.6,0.53,3.291
2044-02-09,9.11,5.22,69.49,290.9,94.6,103.1,0.08,3.157
2044-02-10,9.93,5.47,82.63,271.03,95.2,103,0,2.753
2044-02-11,8.28,5.93,99.32,259.92,91,103.3,0,4.902
2044-02-12,6.72,4.25,65.4,271.41,76.2,103.9,0.01,7.151
2044-02-13,5.65,1.49,107.83,230.56,70.7,104.3,0,3.871
2044-02-14,7.81,-0.07,70.68,280.29,91.8,103.8,0.13,0.491
2044-02-15,9.58,4.66,100.09,283.07,91.7,103,0.18,0.628
2044-02-16,7.75,4.01,59.23,305.75,89.2,102.7,0.61,1.558
2044-02-17,8.27,3.25,99.38,274.4,85.2,103.5,0.85,2.375
2044-02-18,9.62,2.21,90.73,272.22,88.1,103.9,0.07,1.613
2044-02-19,8.62,2.09,66.58,297.14,81,103.3,0.21,2.233
2044-02-20,8.03,3.77,82.97,286.22,76.9,102.7,0.26,4.247
2044-02-21,10.06,4.77,74.77,303.64,83.6,101.6,2.61,5.833
2044-02-22,9.96,5.36,64.05,297.13,77.6,100.9,0.13,6.176
2044-02-23,8.64,4.1,98.1,274.79,71.4,100.3,0.1,5.7
2044-02-24,8.39,2.71,69.26,296.78,84.6,100.3,2.07,1.385
2044-02-25,6.83,1.22,115.15,268.48,85,99.9,2.11,0.852
2044-02-26,7.5,2.88,83.04,287.23,85.7,99.6,15.36,1.168
2044-02-27,10.01,4.79,79.9,293.22,80.2,97.7,4.76,3.268
2044-02-28,9.6,3.51,115.34,260.19,67.1,98.8,0.34,6.741
2044-02-29,8.68,2.18,87.67,269.71,79.1,99.1,0.7,2.412
2044-03-01,7.78,0.84,60.6,281.25,91.2,99.3,1.07,2.426
2044-03-02,7.26,3.03,91.26,276.91,80.6,99.9,0.09,4.102
2044-03-03,7.08,2.31,84.46,285.67,75.1,100.9,0.19,0.995
2044-03-04,9.26,1.3,147.62,249.28,70.2,101.8,0,3.062
2044-03-05,9.5,3.37,106.44,284.94,76.5,101.8,1.15,2.601
2044-03-06,9.36,2.74,140.81,271.67,76.4,102.2,0.25,3.8
2044-03-07,10.47,5.5,26.16,319.2,93.7,100.5,13.37,4.626
2044-03-08,7.98,3.65,90.28,287.28,73.4,99.7,0.62,7.808
2044-03-09,8.37,3.1,130.79,273.52,68.5,100.4,0.01,3.988
2044-03-10,9.5,3.9,90.4,308.8,87.5,98.8,4.89,3.013
2044-03-11,8.34,2.47,102.26,284.41,75.3,98.5,0.38,5.402
2044-03-12,10.89,4.1,105.5,294.87,72.3,99.3,0.15,4.22
2044-03-13,7.86,5.98,28.89,316.12,92.3,98.8,19.62,4.929
2044-03-14,9.76,5.93,128.49,296.21,88.2,99.3,3.14,0.882
2044-03-15,7.36,4.4,48.72,314.22,89.8,100.7,18.54,5.045
2044-03-16,8.12,2.9,115,281.72,70.5,101.9,0.11,1.32
2044-03-17,9.93,3.34,99.37,303.13,84.7,101.4,2.58,5.066
2044-03-18,7.94,3.71,107.48,286.11,76.2,100.8,1.12,6.099
2044-03-19,8.48,2.04,141.24,271.77,75.4,101.4,0.79,3.799
2044-03-20,9.7,5.96,126.51,304.56,80.3,99.5,9.73,6.319
2044-03-21,9.11,4.27,106.61,293.84,78.9,99.2,2.56,4.659
2044-03-22,8.46,5.52,88.8,300.73,85.6,99.6,2.68,2.86
2044-03-23,10.14,4.31,102.5,296.86,84.8,99.8,1.09,1.459
2044-03-24,8.83,4.83,92.09,294.92,90.1,100.5,2.93,1.897
2044-03-25,8.16,3.92,123.28,292.86,85.8,101,5.08,4.502
2044-03-26,6.05,4.04,106.67,289.96,75.1,100.4,0.2,5.809
2044-03-27,10.55,5.34,112.21,302.03,77.5,98.9,7.35,1.997
2044-03-28,7.99,5.53,75.32,304.61,90.2,99,13.09,1.093
2044-03-29,11.59,3.83,193.47,276.44,77.6,99.2,0.6,2.074
2044-03-30,10.54,6.39,152.51,286.36,86.1,99.8,2.7,1.302
2044-03-31,11.29,3.47,153.17,282.86,82.9,100.3,1.82,3.822
2044-04-01,10.78,4.41,157.94,286.16,72.1,101,0.09,3.97
2044-04-02,10.82,2.11,168.64,283.61,80.3,101.2,4.39,1.138
2044-04-03,10.22,5.79,161.52,288.25,69.9,101.4,0.5,4.449
2044-04-04,10.87,4.8,149.74,293.43,71.7,102,0.12,3.189
2044-04-05,12.5,6.45,129.45,314.54,86,102.2,2.86,2.551
2044-04-06,11.58,3.21,183.65,273.53,75.5,102.5,0.09,1.078
2044-04-07,9.7,2.33,153.26,284.63,74,101.9,2.1,2.55
2044-04-08,12.26,7.56,160.61,306.22,76.8,100.9,5.37,3.938
2044-04-09,11.15,5.91,76.96,308.46,91.4,100.4,9.79,2.56
2044-04-10,10.84,4.56,156.6,269.89,69.1,100.1,0.58,4.234
2044-04-11,11.17,3.89,142.38,294.01,81.9,100,5.13,2.013
2044-04-12,10.7,2.68,162.35,285.5,84.2,100.3,1.31,1.84
2044-04-13,9.91,5.47,153.41,307.9,70.1,101.8,0.47,2.555
2044-04-14,10.32,5.66,180.4,299.63,65.5,102.1,0.1,2.78
2044-04-15,12.45,5.87,170.77,311.08,77,102.1,4.9,1.012
2044-04-16,11.13,6.92,147.67,318.92,79.9,102.1,0.69,1.364
2044-04-17,9.33,5.55,108.95,307.73,88.5,101,5.29,2.015
2044-04-18,9.86,4.63,155.83,292.39,74,100.3,3.01,4.693
2044-04-19,9.26,4.66,146.77,303.2,72.3,100.9,0.75,4.217
2044-04-20,10.19,5.56,163.02,304.45,71.7,101.6,2.3,2.773
2044-04-21,11.35,5.68,165.21,308.37,84.2,101.8,4.31,2.472
2044-04-22,10.96,7.2,158.34,311.12,74.6,102.4,0.42,4.366
2044-04-23,10.45,6.26,177.65,306.61,75.4,102.8,0.94,4.141
2044-04-24,10.08,5.31,131.94,306.97,74.7,102.2,1.52,2.136
2044-04-25,12.06,4.36,138.04,311.47,72.7,101.1,2.29,4.512
2044-04-26,8.1,4.03,134.08,288.6,80.9,99.8,5.27,6.692
2044-04-27,8.2,4.99,128.17,308.88,79.6,100.4,2.01,4.205
2044-04-28,9.86,4.15,182.95,291.04,76,101.4,2.72,3.293
2044-04-29,9.63,3.75,152.58,289.97,70,102.1,0.21,2.147
2044-04-30,14.01,3.86,155.86,300.48,72.2,102.2,0.07,4.51
2044-05-01,15.28,9.32,147.47,330,77.1,101.8,0.65,4.491
2044-05-02,19.23,9.84,255.04,306.83,70.5,101.2,0,6.179
2044-05-03,14.05,8.27,99,323.01,88.9,100.8,5.27,3.807
2044-05-04,13.51,7.09,138.69,315.25,79.5,100.8,1.9,3.202
2044-05-05,11.88,4,195.92,284.87,69.3,101.7,0.13,2.087
2044-05-06,10.83,2.1,281.84,242.66,67.2,102.5,0,1.497
2044-05-07,11.02,5.23,134.31,303.96,74.6,101.8,1.23,1.354
2044-05-08,11.93,7.07,121.21,314.27,89.8,101.5,4.7,0.637
2044-05-09,12.71,8.12,165.36,318.33,79.1,101.1,13.55,3.821
2044-05-10,14.47,6.75,220.43,303.02,67.6,101.8,0.22,3.098
2044-05-11,14.12,7.77,244.14,293.16,72.1,101.4,0,2.151
2044-05-12,17.55,13.16,163.1,345.51,83.9,100.5,1.23,2.464
2044-05-13,19.82,11.73,230.53,329.97,85.7,100.7,1.4,1.442
2044-05-14,20.48,13.18,208.39,340.64,80.2,101,0.11,3.23
2044-05-15,26.04,12.5,283.92,343.61,77.6,101.2,0.06,0.267
2044-05-16,20.76,13.82,285.19,334.18,76,100.8,1.19,1.899
2044-05-17,21.05,14.15,256.69,339.14,81.1,100.4,0.43,0.699
2044-05-18,19.87,12.42,130.23,341.4,82.9,100,2.76,1.968
2044-05-19,19.73,10.29,290.46,309.72,83.5,99.7,0.05,1.244
2044-05-20,14.51,10.77,68.44,348.51,93.3,98.8,70.75,5.066
2044-05-21,13.78,9.76,131.3,326.22,78.4,99.6,6.51,5.889
2044-05-22,16.4,9.97,218.94,310.71,68.1,100.6,0.33,5.345
2044-05-23,16.09,11.16,219.09,316.32,81.2,100.7,1.07,1.139
2044-05-24,17.54,12.42,203.02,327.46,81.6,99.8,16.77,1.334
2044-05-25,16.57,11,234.44,316.3,76.7,99.8,1.86,3.232
2044-05-26,15.46,9.69,240.38,305.86,67.7,100.7,0.12,4.031
2044-05-27,16.64,8.13,244.37,313.84,80.5,101.2,1.95,2.377
2044-05-28,15.94,12.49,174.68,342.62,88.3,100.9,7.36,1.64
2044-05-29,17.39,13.57,247.51,333.09,79.1,100.2,4.63,1.459
2044-05-30,17.5,12.56,205.55,329.58,77.9,100.7,5.25,3.319
2044-05-31,17.34,11.56,226.7,317.04,75.2,101.1,2.64,2.451
2044-06-01,17.18,10.56,247.8,304.5,72.6,101.5,0,1.584
2044-06-02,16.9,10.79,131.44,338.96,88.1,101.2,5.78,4.824
2044-06-03,17.26,12.1,118.41,344.93,84.7,101.2,1.05,2.318
2044-06-04,19.84,11.03,288.05,309.28,70.1,101.7,0,2.767
2044-06-05,20.62,13.27,297.45,331.41,76.8,101.6,0,1.519
2044-06-06,21.86,13.11,334.85,322.03,78.2,101.4,0,2.144
2044-06-07,20.17,14.1,312.9,330.04,84.5,101.3,0,4.234
2044-06-08,17.53,12.83,204.65,356.56,81.2,102.1,0.05,6.582
2044-06-09,14.69,11.77,268.94,319.62,73.9,103.1,0.07,6.664
2044-06-10,16.56,11.78,320.18,304.64,76.9,102.9,0.05,5.684
2044-06-11,16.19,11.91,332.64,296.23,82,102.4,0.06,4.954
2044-06-12,19.96,12.44,345.84,305.06,79.4,101.8,0,5.835
2044-06-13,22.45,17.03,345.98,320.82,70.2,101.2,0,5.844
2044-06-14,22.45,15.91,345.83,313.29,66.1,101,0,4.858
2044-06-15,21.32,15.81,131.14,372.39,91.2,101.2,4.31,0.38
2044-06-16,22.15,14.5,332.4,309.93,72.5,101.7,0,2.754
2044-06-17,21.88,13.37,342.86,295.14,70.3,101.8,0,2.502
2044-06-18,21.53,13.34,336.57,315.4,72.6,102.4,0,2.232
2044-06-19,18.43,11.75,300.7,296.54,75.4,102.9,0,3.69
2044-06-20,22.26,10.36,324.7,305.54,79,102.8,0,0.325
2044-06-21,23.71,14.3,314.9,334.57,75,102.8,0,1.14
2044-06-22,18.29,14.37,294.41,321.5,76.7,103.1,0.16,4.574
2044-06-23,20.1,13.89,339.65,307.25,83.4,102.8,0,4.364
2044-06-24,25.08,16.23,347.54,322.39,74.7,101.9,0.25,2.057
2044-06-25,24.76,13.25,190.59,364.03,83.5,100.9,6.01,1.548
2044-06-26,16.92,10.99,216.53,303.21,74.3,101.1,4.82,2.777
2044-06-27,16.27,9.92,206.51,299.75,64.1,101.6,0.12,3.054
2044-06-28,18.6,9.3,203.09,319.18,71.2,101.9,2.33,1.633
2044-06-29,17.81,10.77,271.87,300.97,79.8,102,5.77,0.689
2044-06-30,19.37,9.75,321.77,291.09,73.8,102.3,0,1.067
2044-07-01,24.39,13.05,284.72,329.66,70.3,101.8,0.1,1.059
2044-07-02,25.45,15.94,297.43,342.13,62.6,101.4,0.15,3.6
2044-07-03,24.2,16.83,179.11,368.47,74.8,101,1.08,3.991
2044-07-04,23.91,15.94,261.87,349.95,68.9,100.7,5.37,4.865
2044-07-05,22.63,13.8,284.92,325.97,67.2,101.3,0,3.168
2044-07-06,22.35,16.05,244.71,345.21,69.9,101,2.78,1.542
2044-07-07,22.93,15.93,264.71,350.63,77,100.3,9.03,3.619
2044-07-08,20.97,14.21,229.28,330.91,68.9,100.5,1.45,4.776
2044-07-09,23.11,14.51,256.24,337.7,65.7,101.1,0.09,4.549
2044-07-10,21.56,15.05,273.73,332.33,78.7,100.8,1.98,2.682
2044-07-11,20.05,14.02,254.56,322.46,75.8,100.3,6.07,3.092
2044-07-12,20.37,13.35,227.61,335.8,65.9,100.6,0.24,6.113
2044-07-13,20.92,12,252.19,320.58,63.6,101.2,0.05,4.286
2044-07-14,24.09,12.3,276.69,327.53,64.5,101.9,0.05,3.428
2044-07-15,26.58,17.68,258.57,370.08,71.6,101.8,0.07,2.758
2044-07-16,26.17,18.51,250.84,365.27,73,101.3,0.45,2.553
2044-07-17,22.33,16.84,265.43,342.42,77.9,101.2,8.23,0.499
2044-07-18,20.93,14.89,172.76,345.9,78.6,101.4,2.63,0.597
2044-07-19,20.6,13.39,273.11,317.82,80.1,101.5,4.29,0.468
2044-07-20,23.65,14.29,263.72,335.03,73.5,101.7,0.22,1.264
2044-07-21,26.03,17.01,256.32,357.31,71,101.5,0.05,2.928
2044-07-22,24.9,16.75,202.49,362.11,79.7,101.2,2.08,3.323
2044-07-23,23.82,17.54,251.76,345.81,72,101.2,1.29,1.266
2044-07-24,23.71,15.7,254.58,333.5,63.7,101.2,0.17,4.911
2044-07-25,23.31,15.33,225.92,339.93,70.3,101.6,0.01,2.652
2044-07-26,23.41,15.81,247.54,338.63,72.7,101.6,0.2,0.958
2044-07-27,24.12,16.5,276.35,337.77,72.7,101.5,0.03,1.574
2044-07-28,24.15,17.17,300.8,323.51,75,101.4,0,3.424
2044-07-29,27.8,14.73,303.36,331.52,74.5,101.2,0.13,0.973
2044-07-30,27.66,18.5,275.96,349.68,66.4,101.1,1.19,1.209
2044-07-31,27.42,18.33,273.01,346.27,64.2,101,0.65,1.831
2044-08-01,27.19,18.15,270.05,342.38,61.9,100.8,0.11,2.454
2044-08-02,25.25,16.54,223.23,339.4,61.8,100.9,0.3,5.161
2044-08-03,25.63,16.72,228.48,348.2,67.7,101.3,1.37,5.593
2044-08-04,22.68,13.89,234.07,317.5,55.8,101.9,0.4,4.911
2044-08-05,25.89,13.13,262.93,322.24,49.9,102.4,0.08,3.762
2044-08-06,25.83,16.52,181.55,357.2,61.5,101.8,0.22,3.307
2044-08-07,24.48,15.08,202.49,353.04,79.1,100.9,7.24,1.273
2044-08-08,22.14,12.09,219.83,316.07,57.1,100.7,0.01,4.235
2044-08-09,23.44,11.93,246.42,305.69,57.8,100.3,0.11,2.464
2044-08-10,22.37,12.58,215.04,315.04,63.2,100.4,0.2,5.884
2044-08-11,21.81,13.09,195.62,321.29,68.6,100.9,0.94,4.631
2044-08-12,22.64,13.02,223.72,318.98,70.5,101.6,0.27,2.875
2044-08-13,22.22,12.87,196.43,328.17,74,101.9,0.06,0.793
2044-08-14,26.51,12.31,223.92,335.45,67.6,102,1.6,2.796
2044-08-15,27.3,18.27,215.48,376.59,79.7,101.7,8.87,1.833
2044-08-16,27.26,18.08,137.6,373.86,72.9,101.3,0.34,3.179
2044-08-17,27.94,17.35,227.12,354.15,66.4,101.3,0.05,3.644
2044-08-18,27.6,16.32,204.85,350.29,64,101.4,0.03,3.707
2044-08-19,22.68,13.43,198.35,320.47,61.8,101.6,0.08,2.53
2044-08-20,22.41,12.2,234.16,310.17,64,101.5,0.05,2.451
2044-08-21,21.32,14.99,174.92,349.55,79.1,101,5.92,1.694
2044-08-22,22.13,12.58,179.36,334.33,68.9,101.1,0.05,1.555
2044-08-23,24.26,15.18,223.7,343.73,65.2,101.5,0.14,1.972
2044-08-24,25.76,15.38,203.43,342.78,70.9,102,0.15,1.744
2044-08-25,25.61,14.42,252.56,322.33,73.3,102.4,0,0.724
2044-08-26,22.04,14.56,245.65,313.02,77.5,102.5,0.03,5.012
2044-08-27,25.69,19.26,203.46,348.57,71.9,101.7,1.84,2.593
2044-08-28,26.49,18,191.19,361.29,72.8,101.6,2.12,4.23
2044-08-29,24.53,14.91,170.14,338.84,73.5,101.8,0.03,1.558
2044-08-30,26.78,15.44,239.76,335,65.7,101.7,0,1.707
2044-08-31,25.97,15.54,208.92,342.31,74.3,101.7,0.11,0.919
2044-09-01,25.16,15.64,178.45,349.69,82.9,101.6,0.23,0.336
2044-09-02,24.44,16.92,179.59,360.99,84.4,101.6,0.12,2.185
2044-09-03,20.87,16.47,67.39,368.06,94.2,101.3,8.76,2.502
2044-09-04,25.8,17.06,173.47,353.63,69.1,101.1,0.54,4.566
2044-09-05,25.29,16.28,180.06,340.77,63.7,101.3,0,5.324
2044-09-06,22.25,12.01,130.49,338.64,79.5,100.6,2.12,4.502
2044-09-07,19.04,10.76,189.12,292.91,65.6,101,0.24,3.699
2044-09-08,18.03,12.2,199.28,301.24,60,101.9,0,4.012
2044-09-09,20.79,12.34,158.46,342.4,75.6,101.3,3.36,4.953
2044-09-10,19.56,13.19,146.11,327.22,76.7,101.7,0.61,3.149
2044-09-11,19.76,12.02,156.45,318.16,73.2,102,0,1.048
2044-09-12,20.65,12.53,198.49,307.92,74.7,102.1,0.26,2.303
2044-09-13,19.27,11.3,112.38,339.22,87,102,0.45,1.348
2044-09-14,21.52,16.94,167.41,361.08,86.4,102,0.32,3.609
2044-09-15,20.07,16.7,131.42,358.18,84.9,102.2,0.83,3.572
2044-09-16,21.54,16.23,151.52,345.35,86.4,102,0.23,2.983
2044-09-17,21.34,14.67,147.43,331.57,85.7,101.9,0.17,1.317
2044-09-18,20.71,11.98,160.33,310.94,78.4,101.8,0.08,1.319
2044-09-19,21.02,9.97,160.18,306.76,73.4,102,0.05,1.291
2044-09-20,20.4,11.27,125.9,314.89,81.7,101.5,3.22,3.407
2044-09-21,16.47,9.41,133.66,291.18,68.6,102.2,0,3.049
2044-09-22,17,8.73,131.91,300.49,65,102.7,0.02,1.242
2044-09-23,18.32,9.79,143.07,306.61,73.7,102.8,0.13,1.859
2044-09-24,18.48,10.66,142.09,317.11,74.5,102.7,0,1.874
2044-09-25,18.43,12.18,120.02,333.74,74.5,102.5,0.06,1.545
2044-09-26,17.59,12.73,128.45,332.47,69.1,102.8,0.63,1.893
2044-09-27,16.97,12.99,126.49,332.53,68.9,102.6,0.11,2.189
2044-09-28,18.03,12.77,127.85,317.67,60.9,102.5,0,4.527
2044-09-29,17.33,10.65,102.61,328.23,79.3,102.7,0,1.526
2044-09-30,18.13,12.01,113.02,334.09,76.1,103,0.4,3.568
2044-10-01,16.3,12.98,165.79,286.27,58.2,103.4,0,5.73
2044-10-02,16.25,11.47,154.61,286.2,61.9,103.4,0,4.384
2044-10-03,18.37,6.86,160.91,275.9,68.3,103.1,0,0.489
2044-10-04,19.56,6.81,160.36,277.53,72.6,102.5,0,1.355
2044-10-05,21.89,6.38,156.9,289.85,64.4,102.3,0,2.371
2044-10-06,19.98,10.8,77.98,345.61,78.7,102.2,0.06,2.734
2044-10-07,20.56,13.26,131.69,329.85,88.9,102.5,0,0.873
2044-10-08,18.49,13.04,135.66,307.75,83.7,102.9,0,4.303
2044-10-09,20.35,13.7,142.58,305.86,80.4,102.9,0,3.44
2044-10-10,21.29,12.08,143.77,303.05,83.1,102.9,0,3.314
2044-10-11,19.13,13.58,140.18,302.99,88.7,102.6,0,4.168
2044-10-12,20.61,10.26,138.13,302.8,87.5,102.2,0.08,2.18
2044-10-13,20.61,10.3,126,319.88,90.5,102.1,0.18,0.399
2044-10-14,21.66,9.4,117.63,317.63,81.8,102.4,0,0.33
2044-10-15,19.3,11.53,103.4,337.03,88,102.5,0.05,1.949
2044-10-16,16.91,14.32,88.8,330.82,82,102.1,0.07,5.992
2044-10-17,16.41,13.4,125.7,293.83,73.6,101.7,0,6.871
2044-10-18,18.46,14.55,122.23,310.98,77.8,101.6,0,4.674
2044-10-19,20.74,13.65,84.72,345.1,84.5,101.2,3.27,0.686
2044-10-20,16.43,8.27,81.91,325.68,87.6,100.6,13.91,3.66
2044-10-21,10.85,5.47,98.51,279.25,74,101.1,4.76,6.799
2044-10-22,11.17,5.42,103.79,262.49,65.4,101.3,0,6.228
2044-10-23,14.19,5.87,89.48,294.42,76.8,101.4,0,5.173
2044-10-24,14,9.42,102.22,285.55,69.2,101.9,0,5.115
2044-10-25,16.5,7.6,69.73,305.81,77.5,102,0.01,4.36
2044-10-26,16.65,10.33,94.64,313.4,86.3,101.9,0.19,3.399
2044-10-27,14.89,9.97,73.08,313.32,80.8,101.9,0.11,1.447
2044-10-28,15.12,10,81.33,318.99,80.2,102.1,0.06,1.789
2044-10-29,12.76,9.59,54.02,321.62,82.1,102.1,0.96,1.806
2044-10-30,12.17,7.65,58.97,306.25,72,102.2,0.08,1.826
2044-10-31,11.88,6.87,59.92,303.31,77,102,0.06,0.854
2044-11-01,11.58,6.1,60.86,300.73,82,101.9,0.04,0.226
2044-11-02,12.8,5.95,57.99,308.36,84.8,101.9,1.08,2.223
2044-11-03,13.34,7.96,69.16,298.82,79.6,102.2,0.21,4.062
2044-11-04,12.45,9.36,82.68,285.03,73.5,102.5,0,5.882
2044-11-05,11.94,8.56,83.28,277.64,75.7,102.6,0,5.469
2044-11-06,13.16,8.93,81.91,274.23,77.4,102.6,0,6.977
2044-11-07,11.77,7.98,58.53,317.82,83.3,102.6,0.36,3.646
2044-11-08,12.53,9.82,42.77,341.06,92.3,102.7,0.9,2.207
2044-11-09,11.95,9.48,37.5,337.75,94,102.2,0.59,1.78
2044-11-10,11.12,8.58,38.29,330.07,93.9,101.4,0.81,0.467
2044-11-11,12.8,8.22,44.61,337.82,93,101.1,0.91,0.354
2044-11-12,14.26,11.91,30.71,340.32,96.7,101.1,2.04,1.286
2044-11-13,14.6,10.29,28.53,329.55,97,101.2,0.68,1.279
2044-11-14,12.75,8.25,36.08,329,93.9,100.6,0.16,1.412
2044-11-15,10.07,4.01,66.16,268.03,82.4,100.1,0,3.229
2044-11-16,7.88,2.76,29.96,278.13,89.3,100.1,0,3.826
2044-11-17,9.65,3.26,40.47,270.56,82.5,101,0.76,5.286
2044-11-18,7.83,3.24,41.38,278.77,83.8,100.8,3.76,5.661
2044-11-19,7.14,3.12,61.35,249.13,85.1,100.8,0.16,5.09
2044-11-20,6.81,1.13,60.95,245.47,86.4,101.2,0,4.014
2044-11-21,7.86,-0.03,56.59,255.52,84.6,101.4,0.19,3.187
2044-11-22,8.98,3.75,55.61,280.46,90.9,101.3,3.16,3.88
2044-11-23,9.08,3.02,50.28,283.16,85.4,101.5,0.75,2.607
2044-11-24,8.38,3.07,7.39,320.22,97,100.8,26.3,1.507
2044-11-25,7.08,5.33,16.68,316,93.4,101.3,8.34,1.722
2044-11-26,7.25,4.48,20.37,301.79,78.5,102.5,0.86,4.698
2044-11-27,6.26,4.43,20.99,308.99,77.9,102.1,3.26,6.268
2044-11-28,5.31,4,20.67,302.6,62,101.2,0,12.125
2044-11-29,6.39,1.05,6.53,311.54,85.2,100,13.07,11.36
2044-11-30,6.34,1.83,9.63,314,93.3,99.7,14.29,7.831
2044-12-01,5.48,0.75,30.66,283.64,93.1,100,1.87,1.488
2044-12-02,7.48,4.12,26.47,294.47,91,100.4,0.57,3.07
2044-12-03,6.32,3.15,19.72,304.26,96.6,100.3,8.24,0.693
2044-12-04,7.62,3.43,22.12,315.37,96.5,100.4,3.6,0.997
2044-12-05,6.52,3.65,26.26,309.74,98.2,100.5,0.8,1.862
2044-12-06,7.82,3.26,11.91,317.19,95.5,100.3,5.69,1.072
2044-12-07,10.64,5.74,35.45,284.36,95.4,100.3,0.22,3.694
2044-12-08,10.95,5.24,3.21,325.27,96.5,99.8,13.24,1.108
2044-12-09,9.4,5.35,17.36,321.12,90,99.2,5.91,5.093
2044-12-10,5.98,4.66,18.8,311.73,84.2,101.4,0.88,3.738
2044-12-11,13.17,4.69,17.18,333.42,93,101.5,4,2.564
2044-12-12,13.1,10.2,23.57,339.45,93.1,102.1,0.2,4.328
2044-12-13,10.45,8.31,20.58,334.26,97.9,102.2,0.56,0.743
2044-12-14,9.39,8.38,18.05,335.56,97.3,101.9,0.87,1.025
2044-12-15,11.57,6.8,18.16,316.37,98.1,102.2,2.28,2.066
2044-12-16,8.21,4.54,28.92,314.57,99.3,103.2,0.38,0.586
2044-12-17,8.22,7.34,16.18,332.84,90.5,103.1,0.24,6.499
2044-12-18,7.59,4.52,15.15,317.91,82.3,103.2,0.11,6.423
2044-12-19,5.25,2.37,44.1,232.12,69.8,103.4,0,5.195
2044-12-20,4.41,-0.72,41.72,256.42,87.8,103.5,0.2,0.901
2044-12-21,5.3,1.85,14.54,311.99,93,103.2,0.18,2.111
2044-12-22,8.45,5.33,20.51,323.58,94.9,102.8,0.18,1.422
2044-12-23,7.28,2.52,14,308.15,91.2,102.3,0.42,1.605
2044-12-24,5.2,1.07,44.37,234.44,84.2,102.4,0,2.945
2044-12-25,5.06,-1.77,43.37,228.28,78.8,102.6,0,3.172
2044-12-26,3.42,-2.06,35.02,239.53,84.6,102.1,0,0.455
2044-12-27,3.76,-1.24,15.04,257.59,92.6,101.7,2.18,3.049
2044-12-28,8.84,0.57,33.07,295.97,97.7,102.1,0.12,3.797
2044-12-29,11.94,8.4,34.87,307.68,90.3,102.2,0.33,6.405
2044-12-30,10.91,6.94,27.71,308.63,76.1,102.5,0,6.681
2044-12-31,11.85,8.56,31.76,308.52,76.5,102,0,7.675
2045-01-01,12.78,10.18,35.82,311.51,76.9,101.6,0,8.67
2045-01-02,11.19,4.89,12.49,307.72,85.4,100.7,3.22,6.323
2045-01-03,6.46,2.38,36.85,258.43,74.4,101.1,0,5.793
2045-01-04,3.03,-0.78,14.45,254.36,88.4,101.2,0,0.461
2045-01-05,4.56,-0.71,43.8,244.01,80.5,100.9,0,2.467
2045-01-06,4.82,-0.11,33.25,272.38,92,100.6,2.09,3.213
2045-01-07,4.58,-0.73,17.78,273.99,88.3,100.3,2.77,1.93
2045-01-08,3.68,-1.82,34.76,262.38,86.8,100.6,0.17,4.642
2045-01-09,4.2,0.68,27.42,271.65,89.9,101.4,0.58,4.982
2045-01-10,4.69,-1.25,31.86,271.85,92.7,102.1,0.34,3.953
2045-01-11,7.34,2.28,29.82,301.81,93,102.9,0.32,3.762
2045-01-12,5.89,2.65,27.38,298.49,91.8,103.3,0.3,4.935
2045-01-13,9.54,5.22,32.59,302.42,94.1,103.1,0,4.522
2045-01-14,8.12,4.41,27.53,316.87,98.3,103.1,0.26,1.785
2045-01-15,6.47,4.5,30.51,308.87,92,102.6,0.11,2.732
2045-01-16,11.01,6.18,45.5,302.98,90.1,101.8,1.98,4.893
2045-01-17,12.75,7.27,16.36,326.49,91.5,101.7,1.94,6.412
2045-01-18,12.66,8.7,37.2,318.27,90.3,101.8,0.08,4.675
2045-01-19,12.11,5.83,29.41,318.09,86.5,100.9,1.4,5.67
2045-01-20,7.57,4.96,41.71,291.48,75.1,100.7,0.05,4.171
2045-01-21,9.71,4.96,42.32,293.95,93,99.2,5.93,1.093
2045-01-22,7.31,1.55,35.44,294.67,99.2,99.3,1.37,0.451
2045-01-23,6.41,3.97,39.97,308.15,91.2,99.5,0.06,3.24
2045-01-24,8.38,0.32,55.24,275.41,84.3,100.2,3.38,1.262
2045-01-25,8.85,6.83,28.64,329.86,98.3,99.3,16.93,0.637
2045-01-26,8.13,4.26,54.87,291.41,94,100.1,4.09,2.248
2045-01-27,13.44,7.94,38.45,317.3,86.9,100.2,8.68,5.26
2045-01-28,12.36,8.71,57.23,295.75,81.5,101.8,0,4.679
2045-01-29,12.78,8.58,32.44,340.13,96.6,101.5,4.75,1.068
2045-01-30,12.07,6.2,34.31,310.64,87.2,101.4,1.84,5.199
2045-01-31,14.68,10.15,25.52,348.22,89.5,100.9,5.33,6.244
2045-02-01,11.73,8.03,51.36,299.27,73.1,101.6,0,7.197
2045-02-02,10.39,7.33,52.46,306.29,84.7,102.5,0,3.426
2045-02-03,9.97,7.65,27.3,316.81,91.5,101.7,0.26,2.161
2045-02-04,10.79,6.2,67.88,285.03,90.5,101.8,0,3.263
2045-02-05,11.53,7.69,47.36,322.95,95.1,102.1,0.59,1.528
2045-02-06,10.95,6.84,45.07,312.46,92,101.9,0.05,2.288
2045-02-07,10.08,6.73,46.73,316.35,91.8,101.3,1.8,3.284
2045-02-08,7.21,3.35,78.52,259.15,85.9,101,0.26,4.284
2045-02-09,6.38,1.22,58.53,271.03,81.1,101.2,0.13,3.802
2045-02-10,7.3,1.12,81.21,267.4,88,101.6,0.09,2.035
2045-02-11,6.32,2,29.06,301.02,91.4,101.5,15.41,1.738
2045-02-12,6.85,2.44,69.47,274.65,78.1,102,0,3.061
2045-02-13,7.76,4.14,87.38,285.84,78.4,101.2,7.45,4.201
2045-02-14,5.61,3.02,16.45,295.33,85.8,100.5,7.75,3.911
2045-02-15,8.81,3.11,73.97,282.82,76.5,101.2,0,5.65
2045-02-16,10.23,4.86,52.76,306.64,80.7,99.7,5.15,6.058
2045-02-17,8.82,3.63,75.21,276.07,70.3,99.6,2.89,8.432
2045-02-18,8.21,2.7,106.01,261.78,75.8,100.5,1.09,4.768
2045-02-19,9.84,4.94,91.78,295.37,72.5,98.5,1.23,7.347
2045-02-20,6.4,1.62,79.74,270.46,68.6,98.8,1.62,5.712
2045-02-21,5.02,-0.22,82.8,258.35,85.7,100.1,12.14,3.234
2045-02-22,4.95,-1.4,64.85,277.06,82.7,100.5,4.6,2.058
2045-02-23,5.03,-2.25,33.01,268.27,87.4,100.1,8.86,1.722
2045-02-24,7.5,1.67,98.07,264.1,79.3,99.7,0.19,4.565
2045-02-25,10.87,2.2,99.65,290.28,82.2,98.9,6.01,2.435
2045-02-26,10.82,3.7,73.03,304.75,78.2,99.2,2.78,5.208
2045-02-27,11.01,8.52,45.17,326.94,86.5,99.3,4.47,4.745
2045-02-28,10.85,2.46,111.77,265.13,79.9,100.6,1.21,3.341
2045-03-01,9.11,1.18,118.8,253.09,80.8,101.7,0.05,1.957
2045-03-02,7.45,1.95,83.9,271.95,74.8,102.6,0.18,1.689
2045-03-03,6.7,0.76,111.83,257.16,71.5,103.2,0.07,1.307
2045-03-04,7.28,-0.33,107.43,261.43,72.7,103.2,0.11,0.848
2045-03-05,4.55,2.27,100.7,274.6,62.1,102.8,0.09,5.562
2045-03-06,4.04,1.68,99.92,279.14,57.4,101.8,0.05,7.376
2045-03-07,4.64,2.65,74.38,294.24,64.9,100.9,0.07,4.412
2045-03-08,9.45,3.89,90.21,292.63,87.9,100.5,2.65,0.927
2045-03-09,9.91,2.25,93.42,280.14,92.5,100.7,1.61,2.341
2045-03-10,9.7,4.87,128.46,283.42,77.9,101.2,0.09,3.955
2045-03-11,10.72,4.66,64.18,308.78,80.1,100.6,2.45,3.78
2045-03-12,9.41,4.56,91.08,293.24,64.7,100.4,0.71,8.048
2045-03-13,8.64,4.6,116.41,286.32,70.5,101.6,0.29,5.192
2045-03-14,8.04,3.97,104.8,289.64,76.2,102.5,0.14,3.845
2045-03-15,8.09,3.39,85.55,300.39,73.2,102.4,0.07,3.402
2045-03-16,10.93,5.17,65.88,307.2,86.1,101.3,2.08,5.199
2045-03-17,8.87,4.6,70.51,305.21,89.1,101.1,3.07,2.236
2045-03-18,6.17,4.38,58.24,318.4,95.4,100.9,14.74,4.994
2045-03-19,7.72,1.61,107.81,296.33,81.1,100.3,4.47,2.3
2045-03-20,7.34,-0.22,135.16,260.32,72.2,100.6,1.33,4.832
2045-03-21,7.05,-0.05,136.7,250.46,71.7,101,0.06,3.198
2045-03-22,7.1,-1.82,147.08,248.77,78,100.7,0.16,0.318
2045-03-23,8.12,-0.78,158.06,260.06,81.3,100.8,0.16,0.304
2045-03-24,8.9,1.01,134.03,284.06,70.7,101.5,0.16,0.696
2045-03-25,8.11,4.57,58.32,314.41,84.1,101.2,11.07,5.296
2045-03-26,7.8,4.22,78.81,304.9,81.8,100.7,5.19,3.423
2045-03-27,8.4,4.29,174.34,274.62,67.7,101.7,0.02,4.404
2045-03-28,8.09,4.42,148.85,284.47,65.8,101.7,0.05,5.876
2045-03-29,8.01,2.73,127.42,287.34,69.4,101.3,1.6,0.159
2045-03-30,7.63,1.58,158.95,266.31,72.6,101.5,1.03,3.898
2045-03-31,8,0.79,168.58,251.46,68.7,102,0,0.719
2045-04-01,8.88,-1.14,153.06,256.13,77.5,101.7,0.71,0.452
2045-04-02,8,1.34,118.61,283.16,81.2,101.9,0.39,0.7
2045-04-03,8.34,3.45,141.67,272.37,75.6,102.1,0.3,2.518
2045-04-04,8.7,3.26,171.5,275.29,69.7,102.4,0.12,3.904
2045-04-05,7.93,4.27,113.13,300.02,70.6,102.6,0.3,3.018
2045-04-06,8.28,3.74,112.85,298.79,65.8,102.3,0.14,1.707
2045-04-07,8.08,3.51,132.75,291.42,73.7,102.3,1.24,1.779
2045-04-08,9.04,3.21,178.93,277.64,65.4,102.5,0.11,1.268
2045-04-09,11.94,3.86,171.8,294.29,69.5,102.2,0.23,2.953
2045-04-10,15.65,7.76,110.92,332.68,82.9,101.2,2.11,5.565
2045-04-11,12.18,6.98,117.83,308.05,70.1,101.9,0.16,2.076
2045-04-12,7.88,5.25,45.09,320.06,92.7,101.5,19.24,3.617
2045-04-13,8.87,5.02,131.95,309.23,75.4,101.4,5.7,2.187
2045-04-14,9.01,3.52,166.97,286.95,67.3,102,0.35,1.597
2045-04-15,8.75,4.23,153.54,285.96,62,102.2,0,2.644
2045-04-16,9.03,2.42,193.94,268.47,68.3,102.4,0.18,3.488
2045-04-17,10.04,1.95,255.4,248.24,76.9,102.4,0,2.431
2045-04-18,14.38,3.6,155.45,315.82,85.7,102.1,1.86,0.677
2045-04-19,11,5.89,104.84,313.32,90.6,101.5,4.39,1.857
2045-04-20,9.36,5.62,154.58,300.14,76.1,101.9,0.3,2.525
2045-04-21,10.55,4.33,261.23,249.07,74.3,102.2,0,3.633
2045-04-22,12.43,1.67,218.17,275.93,74.9,101.8,0.1,0.623
2045-04-23,14.11,7.49,182.7,311.04,73.2,100.9,0.53,3.309
2045-04-24,12.76,7.87,163.28,310.09,70.4,100.5,2.67,5.128
2045-04-25,13.82,8.37,169.34,309.4,62.8,100.3,1.1,7.638
2045-04-26,13.45,7.27,195.45,295.01,55.5,101.7,0.07,5.984
2045-04-27,17.11,8.76,164.35,328.31,73.4,101.2,2.45,7.675
2045-04-28,12.91,5.44,214.39,281.1,55.5,101.6,0.52,6.892
2045-04-29,10.75,5.88,184.01,284.75,61.8,102.1,0.12,4.496
2045-04-30,8.68,4.48,150.46,296.33,70.4,102.4,1.55,2.904
2045-05-01,11.05,3.7,216.43,275.77,64.2,102.8,0.15,1.441
2045-05-02,12.79,2.61,202.1,289.03,80.5,103,0.48,1.983
2045-05-03,9.52,6.72,141.13,311.77,73.1,102.6,1.42,2.639
2045-05-04,12.42,6.4,197.48,296.74,73,102.2,0,2.159
2045-05-05,13.52,5.25,265.59,284.57,71.7,101.9,0,1.56
2045-05-06,12.37,5.69,189.08,296.3,68.5,102.2,0.15,1.522
2045-05-07,10.45,6.06,139.36,312.91,82.5,102.2,1.71,0.556
2045-05-08,14.8,6.03,160.7,309.67,79.3,101.7,0.16,3.25
2045-05-09,18.12,8.71,236.79,312.94,67.7,101,0.14,5.869
2045-05-10,12.93,5.51,194.33,295.93,58.7,101.3,2.26,4.903
2045-05-11,9.16,4.02,183.67,278.42,68.3,101.9,2.37,3.754
2045-05-12,8.17,3.17,143.27,284.84,67.6,102.4,0.71,2.014
2045-05-13,8.47,4.53,147.82,302.02,78.8,102.3,4.21,1.703
2045-05-14,10.83,4.76,174.23,306.26,66.3,101.6,0.1,1.847
2045-05-15,10.5,5.59,125.41,308.93,72.9,100.9,1.33,1.636
2045-05-16,12.18,7.74,198.65,302.03,81.9,100.8,1.73,4.876
2045-05-17,12.71,8.17,221.6,291.81,78.5,100.8,1.3,2.633
2045-05-18,15.87,8.7,258.95,320.72,86.4,101.1,2.51,2.476
2045-05-19,20.05,9.16,309.31,309.72,82.3,101.3,0.29,3.568
2045-05-20,19.11,11.04,313.65,309.97,77.7,101.4,0.19,3.503
2045-05-21,22.56,11.3,231,344.46,75.4,101.1,2.51,0.571
2045-05-22,16.29,9.5,127.1,332.15,88.9,101.6,4.65,0.383
2045-05-23,19.81,8.73,299.69,306.11,76.8,101.8,0.39,1.463
2045-05-24,19.46,10.12,256.69,315.54,74.6,101.9,0.06,1.474
2045-05-25,16.83,11.77,95.76,340.64,88.3,101.7,3.18,0.523
2045-05-26,17.14,9.43,190.13,322.23,89.6,101.3,15.46,0.388
2045-05-27,15.16,8.96,172.1,329.25,87.3,101.5,2.68,1.592
2045-05-28,14.81,8.92,185.91,322.64,80.3,102.1,0.37,1.896
2045-05-29,15.38,7.59,292.67,284.91,77.6,102.4,0,0.995
2045-05-30,20.08,7.96,283.97,310.88,78.6,101.8,2.74,1.559
2045-05-31,17.41,8.27,247.63,304.95,72.2,101.5,1.51,2.316
2045-06-01,14.73,8.58,211.21,299.37,65.7,101.3,0.27,4.002
2045-06-02,14.29,6.94,216,288.58,70.7,101.3,0.07,2.6
2045-06-03,18.31,5.55,254.54,287.87,70.5,101.1,0.83,3.175
2045-06-04,16.76,8.53,233.08,304.75,69.5,100.8,0,2.088
2045-06-05,13.15,9.32,120.13,327.77,71,100.6,0.42,3.527
2045-06-06,11.62,8.63,150.95,319.56,73.4,101,1.42,2.301
2045-06-07,12.59,5.1,174.65,300.54,67.1,101.6,0.19,0.715
2045-06-08,12.85,3.07,320.4,263.86,67.6,101.1,0.01,3.897
2045-06-09,15.38,9.46,216.3,321.09,69.2,100.4,0.43,2.785
2045-06-10,14.52,9.09,146.61,331.99,75.7,100.8,1.36,5.318
2045-06-11,17.03,8.03,207.93,313.77,72.8,101.7,0.07,0.29
2045-06-12,14.56,7.54,209.66,311.07,86.7,101.9,2.79,2.192
2045-06-13,19.11,7.07,232.16,325.43,80.1,101.7,3.73,2.277
2045-06-14,17.32,12.61,257.16,327.06,75.8,101.2,10.58,0.653
2045-06-15,20.6,11.7,234.35,329.09,73.8,101.3,2.67,3.092
2045-06-16,21.86,11.52,291.83,318.07,73,101.4,2.98,2.754
2045-06-17,16.12,8.75,182.88,318.22,75.4,101.4,0.51,1.685
2045-06-18,16.45,9.26,233.68,311.29,71.9,101.7,0.22,0.462
2045-06-19,19.81,10.57,307.76,296.89,74.1,101.4,0.04,0.805
2045-06-20,16.72,11.58,318.52,295.82,79.4,101.6,0.05,5.028
2045-06-21,20.78,13.8,273.38,337.15,82.1,101.5,4.57,5.788
2045-06-22,24.23,15.28,279.3,347.56,86.5,101.8,1.06,0.89
2045-06-23,29.2,15.99,325.08,364.83,79,101.7,8.71,0.751
2045-06-24,26.3,17.56,299.43,350.44,67.5,102,0.05,2.746
2045-06-25,21.82,15.35,281.39,333.28,76.3,102.2,0.06,2.617
2045-06-26,21.93,13.98,254.57,345.84,81.7,102.3,0.05,1.608
2045-06-27,21.09,14.92,353.39,298.72,73,102.2,0,4.407
2045-06-28,22.33,16.46,354.47,307.01,71.3,101.8,0,7.143
2045-06-29,23.47,17.15,346.67,324.05,73.1,101.5,0,6.15
2045-06-30,27.32,18.49,329.13,357.47,74.2,101.2,0,3.096
2045-07-01,29.16,18.6,260.61,379.16,70.2,100.9,1.74,1.513
2045-07-02,25.87,18.15,231.03,362.5,69.6,100.6,0.92,0.734
2045-07-03,26.46,17.69,260.4,362.28,71.8,100.3,3.22,2.439
2045-07-04,27.13,17.44,263.4,354.23,61.9,100.4,0.77,5.222
2045-07-05,25.48,16.53,316.22,330.87,61.9,100.9,0,3.862
2045-07-06,25.07,15.81,267.4,348.51,73.8,100.6,0.7,1.115
2045-07-07,25.42,16.39,307.19,338.68,57.2,99.9,0.05,6.501
2045-07-08,20.65,13.72,206.4,341.61,59.7,101.4,0.23,2.538
2045-07-09,22.98,11.93,256.46,324.46,61.1,101.7,2.03,1.984
2045-07-10,25.22,15.35,246.77,371.66,79.2,100.5,3.68,4.287
2045-07-11,23.24,15.18,242.19,337.27,63.9,100.5,2.33,5.87
2045-07-12,20.36,13.73,214.89,332.68,65.9,101.5,0.4,1.96
2045-07-13,19.98,12.27,327.14,294.93,70.5,102.3,0,4.318
2045-07-14,22.26,16.93,344.57,311.81,66.1,101.8,0,7.331
2045-07-15,26.13,18.39,315.98,341.64,73.5,100.9,1.67,1.681
2045-07-16,24.69,14.92,210.16,352.33,72,101.4,1.01,2.024
2045-07-17,22.67,12.62,318.69,302.9,77.2,101.7,0,1.951
2045-07-18,22.33,13.25,321.34,309.64,72.9,102.1,0,1.783
2045-07-19,22.84,12.04,291.77,321.65,77.9,102.1,0.2,1.262
2045-07-20,28.23,18.47,243.36,372.72,69.4,101.6,2.52,3.477
2045-07-21,26.06,18.17,198.96,365.21,78.6,101.2,14.29,2.457
2045-07-22,23.69,15.44,253.55,333.97,77.1,101.3,1.66,0.701
2045-07-23,20.13,14.62,259.3,323.88,74.8,101.9,0.05,4.532
2045-07-24,19.87,16.82,248.61,334.76,76.4,101.3,1.26,7.658
2045-07-25,21.14,15.98,247.9,337.58,75.3,101,0.05,3.72
2045-07-26,22.28,16.44,231.51,349.02,85.1,101,12.18,1.961
2045-07-27,24.5,17.34,257.89,343.72,72.8,100.8,1.48,2.128
2045-07-28,22.91,16.22,232.65,341.38,79,101.1,5,3.043
2045-07-29,24.55,14.88,192.97,356.16,73,100.9,2.04,3.369
2045-07-30,19.59,14.32,240.06,322.3,76.1,99.8,4.64,4.65
2045-07-31,21.41,13.95,250.68,328.95,71.9,100,2.56,5.41
2045-08-01,23.23,13.58,261.31,335.63,67.6,100.1,0.48,6.179
2045-08-02,22.38,14.4,165.22,352.13,79.4,100.5,0.78,2.988
2045-08-03,23.21,15.75,224.82,344.33,75.1,100.4,3.08,4.425
2045-08-04,22.49,14.5,214.44,338.17,76.2,100.9,3.44,3.483
2045-08-05,22.67,15.78,238.34,339.25,71.6,101,2.37,1.833
2045-08-06,24.62,13.84,272.42,327.27,69.1,101,0.94,1.036
2045-08-07,26.46,17.81,267.22,350.11,67.7,100.7,0.42,3.152
2045-08-08,25.01,16.28,228.35,343.02,70.2,100.9,0.53,3.677
2045-08-09,24.66,15.61,232.8,335.2,74.7,101.3,0.89,0.901
2045-08-10,23.21,14.54,254.07,323.85,80.7,101.8,1.34,1.125
2045-08-11,21.89,14.57,211.39,330.28,78.7,102.2,0.41,1.779
2045-08-12,28.18,16.66,218.6,367.95,67.5,101.9,0.06,3.479
2045-08-13,29.46,19.5,271.5,360.54,72.1,101.9,0,1.718
2045-08-14,29.57,19.49,282.83,351.67,65.9,101.6,0,1.083
2045-08-15,26.7,17.36,223.16,347.89,74.1,101.3,0.89,0.352
2045-08-16,25.1,15.26,238.93,323.55,58.1,101.2,0.13,3.222
2045-08-17,22.31,14.24,208.74,320.96,58.8,101.2,0.95,4.236
2045-08-18,21.41,11.29,207.89,307.8,57.7,101.5,0.09,1.017
2045-08-19,21.12,15.43,144.08,341.49,62.3,101.3,0.42,5.546
2045-08-20,25.7,12.94,190.78,336.48,64.1,100.2,1.08,5.374
2045-08-21,20.54,11.75,183.65,305.5,57.6,101.8,0.01,5.405
2045-08-22,22.88,10.17,211.28,316.98,61,102.3,0.12,2.634
2045-08-23,23.35,13.49,187.74,339.07,68.1,101.8,0,1.228
2045-08-24,26.89,16.92,192.63,352.66,65.2,101.1,0.14,1.117
2045-08-25,26.65,17.55,219.84,344.35,64.9,101,0.01,2.802
2045-08-26,23.38,14.62,225.36,325.78,78.1,101.2,3.56,1.744
2045-08-27,25.03,12.83,228.68,319.52,70.9,101.5,0,1.672
2045-08-28,24.19,12.51,249.32,309.76,72,101.5,0.84,0.861
2045-08-29,22.57,13.56,179.18,329.78,80.3,101.7,1.72,1.196
2045-08-30,20.12,11.34,187.21,305.9,71.2,102.1,0,1.357
2045-08-31,20.08,11.34,184.12,308.31,73.6,102.1,0.31,1.059
2045-09-01,20.05,11.34,181.04,309.99,75.9,102.1,0.6,2.026
2045-09-02,21.46,10.7,208.92,312.36,76.8,102,0.22,1.505
2045-09-03,22.81,13.13,209.92,322.06,73.8,102.1,0.01,0.794
2045-09-04,21.7,11.98,177.53,323.03,79.7,102,0,1.802
2045-09-05,23.21,13.47,219.96,321.2,78.9,101.7,0.09,2.802
2045-09-06,24.9,12.91,157.46,339.33,72.3,101.1,0.7,1.996
2045-09-07,21.48,13.1,190.94,312.2,70.9,100.8,1.25,4.566
2045-09-08,20.77,11.85,169.99,306.69,60.7,101.1,0.17,5.355
2045-09-09,20.03,11.77,146.06,312.21,67.7,101.3,0.13,5.135
2045-09-10,21.55,11.38,182.88,310.56,74.9,101.6,0.38,2.249
2045-09-11,20.24,11.57,155.31,314.56,75.4,101.8,0.09,1.643
2045-09-12,20.51,10.65,158.79,318.21,72.8,102.1,0.03,1.447
2045-09-13,20.73,9.81,183.52,299.49,74.7,102.1,0,1.403
2045-09-14,19.85,10.9,127.61,327.7,75.2,102.1,0.02,1.364
2045-09-15,20.53,14.16,140.07,336.49,79.2,102.4,0.05,1.741
2045-09-16,20.84,13.87,149.74,344.97,79.2,102.7,0.11,1.278
2045-09-17,20.33,13.98,141.41,345.85,83.5,102.8,0.23,1.14
2045-09-18,20.53,13.3,125.62,337.39,82.7,102.8,0.34,1.468
2045-09-19,19.37,12.19,151.71,313.64,74.4,102.8,0,1.52
2045-09-20,19.4,10.75,111.98,322.04,78,102.8,0.07,2.136
2045-09-21,20.85,9.62,181.75,307.6,81.8,102.8,0,1.05
2045-09-22,18.61,12.31,86.57,357.25,85.1,102.8,1.28,1.94
2045-09-23,19.78,11.9,140.94,333.47,83.8,102.7,0.17,2.861
2045-09-24,20.68,13.95,139.79,350.51,85.6,103.1,0.48,1.589
2045-09-25,18.24,11.2,140.68,323.05,72.4,103.1,0.46,1.711
2045-09-26,17.16,10.46,125.82,313.75,63.8,102.8,0.05,2.383
2045-09-27,17.64,8.75,110.3,316.63,70.5,102.2,0.04,0.79
2045-09-28,21.75,8.63,164.29,304.15,69,101.5,0,3.247
2045-09-29,22.34,14.39,129.36,332.96,77.1,101.3,0,2.492
2045-09-30,22.88,13.75,143.54,337.76,77.4,100.6,6.98,2.447
2045-10-01,18.04,11.88,114.54,322.45,83.6,101,2.95,1.085
2045-10-02,18.36,9.54,129.07,311.67,83.6,101.2,0.5,1.09
2045-10-03,23.46,15.75,135.64,345.82,72.2,100.5,0.19,2.739
2045-10-04,20.03,10.88,139.47,312.45,74.2,101.2,3.09,2.982
2045-10-05,19.58,8.95,144.49,292.16,73.9,102.3,0,0.779
2045-10-06,20.17,9.77,132.04,308.6,76.9,102.8,0,1.639
2045-10-07,20.3,11.36,140.36,303.5,80.7,102.9,0,0.829
2045-10-08,21.04,9.7,145.5,299.03,81.7,102.6,0,1.238
2045-10-09,19.84,10.5,101.42,316.6,82.3,102.7,0.09,1.937
2045-10-10,16.85,10.23,83.64,326.66,74.4,103.1,0,1.972
2045-10-11,16.26,13.14,68.07,341.96,68.2,102.9,0.07,5.287
2045-10-12,15.27,12.08,74.5,335.38,71.4,102.6,0.24,2.491
2045-10-13,16.55,11.34,80.05,330.14,82.5,102.4,0.06,2.79
2045-10-14,19,11.03,120.21,306,82.6,101.9,0,1.573
2045-10-15,18.31,9.23,99.44,312.72,85.4,101.9,1.62,2.216
2045-10-16,17.99,6.89,111.58,294.97,82.8,102.1,0,0.305
2045-10-17,17.51,8.31,109.77,298.23,81,101.6,0,2.07
2045-10-18,17.13,7.19,68.6,320.64,86.3,101.2,0.11,0.718
2045-10-19,16.92,10.43,76.78,330.7,87.8,100.4,15.77,3.197
2045-10-20,14.37,8.87,103.4,286.09,80.4,100,0.05,5.262
2045-10-21,15.24,8.52,106.29,297.92,77.6,101.1,0.35,4.191
2045-10-22,14.98,9.4,86.87,311.92,71.2,102.2,0.03,4.804
2045-10-23,15.61,7.6,95.6,293.04,77.7,102.9,0,3.635
2045-10-24,16.41,10.75,90.6,322.49,81.6,102.7,0.09,3.939
2045-10-25,16,7.66,82.87,311.91,85,101.4,3.4,5.047
2045-10-26,11.88,6.6,92.29,271.27,71.3,102,0,5.354
2045-10-27,13.49,4.88,87.2,291.76,78.7,102.5,0.06,3.727
2045-10-28,15.21,9.71,71.36,326.03,87.5,102.6,0.08,3.304
2045-10-29,16.07,11.55,61.93,343.01,88.1,102.7,0.11,2.648
2045-10-30,15.77,11.3,61.74,336.76,86,102.2,0.07,3.141
2045-10-31,14.98,11.07,40.87,343.04,88.3,102.3,1.47,0.826
2045-11-01,14.19,10.84,20.25,349.03,90.7,102.4,2.86,2.09
2045-11-02,13.09,9.99,51.16,326.49,64,103.7,0.11,3.668
2045-11-03,12.61,8.33,44.39,315.67,83.1,104.1,0.08,1.149
2045-11-04,14.65,9.04,42.54,327.89,85,102.9,0.12,5.127
2045-11-05,12.88,9.97,41.37,336.91,90.3,102.4,0.82,2.934
2045-11-06,14.03,10.42,35.42,339.54,94,102.3,1.34,3.039
2045-11-07,14.45,11.58,43.12,348.5,92.2,102.6,0.85,2.515
2045-11-08,15.28,9.27,55.34,321.66,87.3,102.6,0,3.336
2045-11-09,13.83,8.96,68.69,296.79,85.8,102.1,0.05,5.708
2045-11-10,12.79,8.18,64.5,299.85,77.8,101.5,0.03,4.568
2045-11-11,11.01,6.89,49.19,307.95,78.6,101.5,0.11,2.941
2045-11-12,12.15,6.27,53.85,311.33,77,100.2,1.01,4.898
2045-11-13,8.88,2.84,38.64,269.42,78.3,100.1,3.82,4.207
2045-11-14,7.9,2.76,50.44,287.51,85.7,99.4,7.16,2.855
2045-11-15,8.82,5.5,54.07,282.32,92.2,99.4,0,4.506
2045-11-16,9.66,5.89,62.48,278.25,81.4,99.6,0.44,6.613
2045-11-17,9.73,3.94,54.73,264.71,77.1,101.5,0.06,5.198
2045-11-18,8.37,2.94,51.09,269.83,70.8,102.9,0,3.722
2045-11-19,7.37,0.43,66.06,238.39,77.3,102.8,0,3.458
2045-11-20,6.47,1.26,35.77,274.2,83.2,102.4,0,2.642
2045-11-21,8.11,1.55,35.24,295.63,88.7,102.1,3,0.624
2045-11-22,7.87,6.26,19.58,325.49,87.6,101.3,2.78,4.126
2045-11-23,10.13,6.07,26.82,328.22,93.5,100.4,4.39,1.541
2045-11-24,11.85,8.1,28.14,315.84,94,98.4,12.35,1.578
2045-11-25,9.93,5.93,18.44,291.06,92.5,98.9,5.39,1.865
2045-11-26,9.63,5.03,34.36,283.58,94.4,100.2,0.32,3.728
2045-11-27,9.19,2.6,54.34,261.43,95.6,101.5,0,2.008
2045-11-28,9.22,3.8,26.05,297.84,87.2,101.5,0.07,5.581
2045-11-29,8.96,5.42,16.16,324.36,85.2,100.6,4.08,8.439
2045-11-30,5.38,2.35,18.36,298.96,70.4,101.3,0.59,7.902
2045-12-01,3.75,1.53,29.39,290.23,76.8,101.2,0.54,2.235
2045-12-02,9.35,0.4,35.28,299.03,95,101.5,5.8,2.19
2045-12-03,10.92,4.68,8.9,317.35,97.2,101.1,12.18,2.134
2045-12-04,10.69,2.27,20.5,309.49,94.9,101.7,12.01,1.981
2045-12-05,11.88,2.37,20.94,302.4,94.4,100.9,6.4,3.71
2045-12-06,11.11,2.32,12.1,304.44,91.9,101,2.59,2.218
2045-12-07,8.16,6.56,16.15,326.21,97.8,100.7,8.37,1.1
2045-12-08,9.51,6.64,16.24,336.6,96.9,100.8,11.41,4.183
2045-12-09,9.27,6.86,12.02,327.37,80.6,101.6,9.15,6.008
2045-12-10,8.22,2.6,31.52,278.97,66.6,102.5,0,1.732
2045-12-11,6.98,1.79,24.81,282.81,86.3,102.8,0,1.812
2045-12-12,6.67,1.15,36.61,277.45,84.3,102.7,0,1.065
2045-12-13,8.38,4.05,17.75,301.08,75.4,101.7,2.66,2.104
2045-12-14,10.3,6.46,21.81,302.79,90.7,100.7,7.08,6.652
2045-12-15,8.05,6.14,8.39,315.28,89.8,101.8,9.21,3.286
2045-12-16,11.85,7.77,11.43,350.89,98.2,101.7,11.44,1.013
2045-12-17,12.41,9.77,28.16,329.36,95,102,0.35,4.248
2045-12-18,11.01,8.29,15.64,341.33,96.6,101.6,0.84,3.007
2045-12-19,11.9,9.65,22.96,334.11,96,100.6,4.55,2.49
2045-12-20,10.34,4.15,28.32,299.27,93.8,100.8,0.71,3.376
2045-12-21,6.62,2.02,35,280,84.3,101.4,0.27,4.657
2045-12-22,2.79,-0.37,27.65,253.5,84.8,102,0.06,4.209
2045-12-23,7.03,2.47,34.24,289.44,91.8,101.7,0.55,4.777
2045-12-24,7.55,3.95,28.49,281.98,82.2,100.7,1.83,7.061
2045-12-25,6.94,2.98,22.52,281.82,73.3,100.7,0.1,5.507
2045-12-26,6.56,3.83,20.82,295.97,90.1,102,0.93,1.448
2045-12-27,5.95,2.37,22.05,303.44,96.1,102.8,2.02,1.29
2045-12-28,10.69,5.05,17.91,323.18,94.6,102.3,4.5,5.135
2045-12-29,9.54,5.88,30.75,297.81,94.6,102.4,2.54,3.749
2045-12-30,12.28,6.43,31.91,317.66,92.5,102.1,1.06,4.865
2045-12-31,10.7,6.32,33.14,312.84,84.5,102.3,0.59,4.635
2046-01-01,9.11,6.2,34.37,311.07,76.5,102.5,0.12,4.462
2046-01-02,8.02,4,21.74,309.24,90.4,102.9,0.14,2.506
2046-01-03,9.1,4.1,22.05,306.1,95,102.3,2.01,2.717
2046-01-04,5.52,2.17,30.23,257.56,88.3,102.2,0.13,4.095
2046-01-05,6.13,3.12,17.39,304.62,77.2,102.4,0.47,5.336
2046-01-06,3.76,2.34,19.92,292.99,67.4,102.3,0.08,7.257
2046-01-07,4.06,1.18,16.96,300.42,88.6,101.6,3.98,2.137
2046-01-08,1.8,-0.18,20.78,282.99,91.8,101.8,2.2,0.325
2046-01-09,1.08,-1.49,24.69,275.15,80.9,101.7,0.23,0.882
2046-01-10,1.91,-2.59,34.6,272.24,85.9,100.9,0.07,0.602
2046-01-11,3.89,1.78,21.66,306.73,90.6,100.1,1.26,9.059
2046-01-12,4.46,0.8,17.22,306.88,88.1,99.7,6.55,11.471
2046-01-13,2.81,0.85,18.59,297.42,72.7,100.6,0.25,11.069
2046-01-14,1.3,-0.38,20.81,283.35,69.6,102.6,0.17,6.685
2046-01-15,1.05,-1.2,30.61,265.43,66,103.8,0,4.33
2046-01-16,-0.27,-2.43,26.52,259.64,79,103.2,0.07,1.611
2046-01-17,0.46,-3.45,51.84,232.77,84.2,102.9,0.68,1.222
2046-01-18,1.2,-3.18,24.26,276.3,95.7,102.6,1.46,1.3
2046-01-19,2.65,-0.72,50.39,267.96,87.2,102.1,0.07,3.594
2046-01-20,3.88,0.6,44.78,288.32,91.2,101.4,0.08,4.551
2046-01-21,3.72,0.44,30.96,290.16,89.2,100.3,0.07,1.794
2046-01-22,4.13,-1.02,27.75,290.48,96.8,100.2,0.25,2.392
2046-01-23,6.5,1,29.92,287.19,95.4,100.3,0.88,4.349
2046-01-24,12.12,5.6,17.69,323.36,88.9,100.2,0.68,7.359
2046-01-25,12.02,11.24,24.37,350.06,88.4,100.5,4.62,6.463
2046-01-26,12.95,8.22,29.76,343.81,90.7,100.1,4.49,5.252
2046-01-27,11.69,8.59,35.11,324.6,88.9,99.7,3.54,6.198
2046-01-28,8.51,3.28,12.95,315.97,86.9,100.2,3,6.946
2046-01-29,3.78,2.23,22.39,307.13,81.1,100.5,8.94,11.313
2046-01-30,3.42,2.22,21.42,311.99,94.6,100.1,11.46,7.717
2046-01-31,2.93,0.8,28.32,292.3,84.8,100.2,11.78,8.011
2046-02-01,3.28,-0.24,44.31,270.48,64.2,100.7,0,6.34
2046-02-02,3.06,-2.77,70.83,244.53,82.5,100.6,0.11,0.565
2046-02-03,3.31,-2.72,75.36,234.77,82.5,100.9,0.04,2.401
2046-02-04,2.65,-2.04,72.49,237.48,79.8,100.3,0,1.333
2046-02-05,3.54,-1.32,21.02,278.72,87.4,99.6,0.05,3.732
2046-02-06,5.54,2.06,76.23,272.13,86.7,100.3,0.75,6.007
2046-02-07,9.95,5.57,25.13,341.11,97.8,99.3,13.1,1.726
2046-02-08,10,8.37,24.34,347.35,99.5,98.9,3.16,1.716
2046-02-09,10.53,8.31,24.54,336.86,97.9,98.8,3.43,1.226
2046-02-10,9.81,7.64,19.49,322.53,88.7,99,11.95,3.581
2046-02-11,10.36,7.33,66.05,321.43,91.3,98.8,7.24,1.741
2046-02-12,8.29,1.73,19.49,296.61,91.5,99.5,7.47,2.624
2046-02-13,7.04,0.18,100.88,245.22,78.9,100.4,0,4.582
2046-02-14,6.72,0.93,79.31,270.28,80.8,101.1,2.02,3.336
2046-02-15,14.21,6.27,57.28,335.98,94.6,101.2,1.13,4.417
2046-02-16,15.08,9.75,106.29,302.37,87.6,102.4,0.15,4.589
2046-02-17,12.18,6.68,103.34,293.59,95,102.4,0.12,1.039
2046-02-18,12.37,7.31,110.58,291.15,93.9,101.4,0.07,0.954
2046-02-19,12.46,6.91,62.9,316.6,95.4,101.4,0.08,2.682
2046-02-20,13.26,8.62,77.26,321.26,93.7,102.1,0.07,1.913
2046-02-21,10.96,8.48,99.3,297.22,92.4,102.3,0,3.592
2046-02-22,10.58,7.48,111.33,279.56,91.5,101.6,0,4.503
2046-02-23,12.56,7,82.18,312.37,94.8,101.4,1.29,0.97
2046-02-24,13.55,8.46,72.36,333.33,96.5,101.8,1.22,1.017
2046-02-25,10.73,8.1,61.5,336.14,97.1,101.9,0.55,2.387
2046-02-26,9.81,7.62,64.1,316.75,93.5,101.6,0.16,7.556
2046-02-27,8.69,6.47,126.98,263.86,86.4,102,0,6.536
2046-02-28,7.66,5.7,89.6,296.8,83.2,102.1,0.07,5.752
2046-03-01,7.58,5.48,69.54,313,84.2,101.9,0.2,4.709
2046-03-02,9.73,5.95,133.61,279.4,86.8,101.2,0.02,3.929
2046-03-03,11.59,6.64,76.05,311.19,95.1,100.7,2.65,0.916
2046-03-04,10.26,6.03,113.16,304.7,85.6,101.2,0.28,2.014
2046-03-05,7.68,5.32,87.2,305.47,78.7,101.7,0.18,2.304
2046-03-06,9.57,6.27,118.02,296.08,82.8,101.7,0.05,6.807
2046-03-07,10.31,7.58,128.87,288.93,89.6,102,0,4.909
2046-03-08,10.64,6.62,146.62,286.91,90.6,102.7,0.03,4.301
2046-03-09,8.63,4.62,85.91,313.16,89,103.1,0.16,2.613
2046-03-10,8.06,3.83,132,280.45,84.8,102.8,0.12,0.988
2046-03-11,9.88,4.16,92.62,307.01,81.4,101,0.97,3.907
2046-03-12,8.75,3.88,95.27,301.76,76.7,99.5,2.79,5.875
2046-03-13,6,1.38,101.41,263.04,58.2,99.2,0,6.518
2046-03-14,7.6,0.64,151.22,240.85,66.6,99.4,0.32,7.261
2046-03-15,8.81,1.89,140.37,258.23,71.5,100.6,0.26,4.743
2046-03-16,9.82,0.51,153.5,269.82,74.7,102,0.04,0.252
2046-03-17,10.53,4.82,171.01,266.16,76.8,103.4,0.03,2.64
2046-03-18,12.16,4.52,194.36,248.6,78.5,103.9,0,1.319
2046-03-19,12.27,3.51,193.07,250.26,79.4,103.4,0,0.859
2046-03-20,13.53,4.91,103.18,302.18,82.4,102.3,0,1.18
2046-03-21,11.12,7.76,110.99,302.39,78.2,101.1,0,4.107
2046-03-22,12.32,9.65,72.37,341.51,92.3,100.3,2.13,2.387
2046-03-23,11.96,7.77,54.69,328.84,96.3,100.6,11.3,1.72
2046-03-24,11.55,5.36,155.14,280.34,71.8,101.4,0.24,3.844
2046-03-25,11.76,5.22,137.6,292.26,70,102.3,0.07,0.935
2046-03-26,10.84,4.15,183.51,268.73,76.4,102.4,0,1.834
2046-03-27,8.56,3.77,106.48,286.15,82.6,102.2,0.13,2.829
2046-03-28,8.82,5.65,117.25,303.54,78.8,101.9,0.9,5.23
2046-03-29,7.65,4.45,100.72,308.09,73.6,101.4,0.84,4.401
2046-03-30,8.24,4.74,91.89,310.5,82.5,101.5,1.47,4.079
2046-03-31,8.06,4.55,119.93,309.94,80.5,101.6,1.56,3.775
2046-04-01,9.6,5.22,110.48,317.75,87.9,101.7,1.16,1.656
2046-04-02,8.38,4.99,114.74,307.84,84.7,101.5,0.39,2.114
2046-04-03,7.7,4.54,109.02,296.93,85.3,100.5,0.53,1.404
2046-04-04,10.24,4.34,121.33,300.77,84.8,100.1,1.31,1.531
2046-04-05,9.13,1.69,114.46,285.77,77.6,101.4,2.29,1.405
2046-04-06,9.36,1,235.13,239.77,65.8,102.3,0,0.723
2046-04-07,10.16,1.05,144.9,273.98,72.6,101.9,0.11,3.073
2046-04-08,8.48,5.32,155.1,286.5,63.3,101.8,0,6.578
2046-04-09,8.99,3.72,174.9,278,60.5,102.2,0.12,3.798
2046-04-10,9.21,2.35,146.77,284.76,68.4,102,0.09,1.286
2046-04-11,8.35,2.38,115.01,279.12,66.7,101.7,0.07,1.355
2046-04-12,7.93,0.31,112.61,273.41,78.2,101.3,0.45,1.025
2046-04-13,7.73,-0.32,124.95,262.04,67.1,101.3,0.1,2.577
2046-04-14,8.69,5.02,178.28,282.38,51.5,101.5,0,7.271
2046-04-15,8.73,5.28,233.11,260.93,53.7,101.9,0,8.612
2046-04-16,8.49,4.47,127.76,293.47,58.5,102.9,0.09,4.583
2046-04-17,9.62,4.55,164.38,282.13,63.1,103.3,0.08,5.563
2046-04-18,10.01,2.35,247.19,257.91,68.3,103.4,0.01,2.944
2046-04-19,16.67,1.59,247.52,275.11,75.3,102.5,0,2.376
2046-04-20,16.21,8.55,129.69,326.63,83.9,101,0.82,3.162
2046-04-21,9.49,2.75,61.11,312.85,85.7,100.1,7.39,2.63
2046-04-22,8.35,0.17,179.5,263.26,70.6,100.5,1.08,3.932
2046-04-23,11.31,1.26,191.4,265.74,59.9,101.7,0,3.279
2046-04-24,13.56,5.44,227.78,274.29,62.4,102.1,0,1.545
2046-04-25,15.1,7.1,286.65,263.52,65.1,102,0,2.3
2046-04-26,14.56,9.88,243.64,283.67,58.6,101.6,0,5.546
2046-04-27,15.83,10.44,199.13,318.06,75.2,101.1,0.6,2.808
2046-04-28,15.71,11.16,155.35,336.15,86.6,101.2,3.98,2.943
2046-04-29,17.48,9.27,149.54,337.49,85.4,101.6,3.75,2.03
2046-04-30,16,8.59,157.01,328.47,87.7,102.3,1.11,3.024
2046-05-01,10.88,7.62,251.6,294.15,70.4,102.7,0.03,5.022
2046-05-02,10.47,6.82,261.74,271.5,70.8,102.9,0.16,4.908
2046-05-03,13.26,6.08,291.78,259.93,74.9,102.8,0,3.997
2046-05-04,12.94,6.16,291.77,256.77,73.7,102.4,0,3.815
2046-05-05,14.13,4.42,268.15,272.53,78.9,101.2,0,1.518
2046-05-06,12.03,4.78,144.27,303.81,79.2,100.8,0.96,1.847
2046-05-07,10.22,4.36,172.45,282.63,52.4,100.4,0.09,5.118
2046-05-08,7.3,3.79,89.77,300.11,85.8,99.5,5.84,2.556
2046-05-09,9.25,4.6,115.72,305.99,89.6,99.7,7.13,0.332
2046-05-10,10.86,5.46,226.07,282.06,78.7,100,0.21,3.224
2046-05-11,10.75,5.14,161.98,300.89,82.3,100.6,0.23,2.49
2046-05-12,10.7,4.58,162.78,299.28,70.4,101.2,0.17,3.08
2046-05-13,10.25,5.72,152.22,312.31,80.6,101.4,3.8,4.301
2046-05-14,11.34,6.31,149.1,321.71,84.1,101.9,2.51,2.25
2046-05-15,11,7.33,145.49,318.79,82.3,102.2,0.64,3.959
2046-05-16,13.8,9.88,178.95,323.67,83.2,102.2,0.14,5.865
2046-05-17,15.15,9.09,333.42,271.85,73.3,102.2,0,6.555
2046-05-18,13.6,7.93,292.81,289.23,80.7,101.5,0.05,3.642
2046-05-19,10.55,7.67,193.86,304.31,69.5,100.9,0.05,4.516
2046-05-20,10.63,6.66,135.13,311.61,68.6,100.5,0.14,3.011
2046-05-21,11.58,5.38,166.99,291.25,64.1,101.3,0.11,1.286
2046-05-22,11.9,6.16,240.07,283.78,64.8,101.2,0,5.949
2046-05-23,12.8,9.79,196.81,324.99,81.7,100.6,0.9,5.343
2046-05-24,17.54,8.37,217.1,317.72,78.5,101.3,0.7,1.476
2046-05-25,17.75,5.64,261.7,305.19,78.9,102,5.63,1.046
2046-05-26,18.53,11.84,215.71,344.34,86.6,101.5,8.75,1.266
2046-05-27,17.46,10.63,283.43,298.81,69.7,101.9,2.61,2.78
2046-05-28,18.16,9.47,281.25,305.71,70.3,102.1,0.47,2.341
2046-05-29,16.21,10.98,90.22,356.14,94.5,101.5,11.24,2.117
2046-05-30,18.79,12.08,187.09,341.98,81.5,101.3,7.06,3.25
2046-05-31,17.56,10.47,217.8,319.58,77.7,101.6,3.71,3.146
2046-06-01,16.33,8.87,248.97,297.2,73.9,101.8,0.37,3.152
2046-06-02,12.16,6.48,213.71,292.13,68.9,102.3,0.9,3.566
2046-06-03,12.96,6.8,194.98,301.41,61.2,102.4,0.23,2.309
2046-06-04,17.4,7.74,247.33,317.39,60,101.9,0.24,2.893
2046-06-05,17.34,11.67,161.75,339.7,74.3,101.7,1.79,2.04
2046-06-06,15.01,9.34,240,316.01,74,102.4,0.5,1.625
2046-06-07,13.19,9.39,164.7,322.57,72.4,102.9,0.26,2.023
2046-06-08,14.73,7.64,263.6,295.07,70.9,102.8,0.13,1.56
2046-06-09,15.06,6.89,283.57,285.35,72.9,102.3,0.06,0.76
2046-06-10,14.8,10.08,111.68,338.38,88.1,101.4,5.56,1.107
2046-06-11,19.17,11.7,243.19,325.3,78.4,100.2,1.9,1.677
2046-06-12,17.22,12.43,234.69,323.85,83.3,99.9,8.63,2.872
2046-06-13,18.52,12.16,229.71,325.05,79.5,100.3,6.72,3.062
2046-06-14,17.78,10.49,207.53,319.58,74.2,100.7,2.47,4.413
2046-06-15,18.74,9.4,245.15,311.2,73,100.6,0.05,2.219
2046-06-16,17.66,9.14,268,296.18,75.9,101,2.45,0.313
2046-06-17,17.51,8.7,244.77,297.74,81.1,100.9,4.47,0.506
2046-06-18,17.52,8.25,259.6,300.82,82,101.3,2.81,1.111
2046-06-19,16.26,10.33,223.95,310.96,85.7,101.6,4.65,2.383
2046-06-20,19.09,8.29,329.14,298.9,80.9,101.9,0.07,1.036
2046-06-21,24.35,14.92,262.57,352.16,71.4,102.2,0.2,2.686
2046-06-22,22.73,16.78,158.03,368.95,81.6,102,4.25,2.39
2046-06-23,17.42,13.42,103.89,356.16,93.4,101.3,42.32,2.517
2046-06-24,19.19,12.6,293.05,321.96,84,101.3,0.11,1.664
2046-06-25,18.22,15.14,198.61,355.02,83,101.3,2.79,5.752
2046-06-26,17.46,11.68,256.45,318.4,81.6,101.4,0,4.448
2046-06-27,19.78,10.45,217.12,321.76,83.1,101,0.19,0.911
2046-06-28,21.03,15.05,288.75,333.1,67.3,100.6,1.36,5.996
2046-06-29,21.27,13.76,275.48,324.02,64.3,101.6,0.45,4.384
2046-06-30,23.72,11.4,296.31,326.31,64.3,101.9,0,3.342
2046-07-01,21.3,14.18,109.87,369.41,88.7,101.5,10.85,2.896
2046-07-02,22.01,13.18,293.26,317,69,101.3,0.15,3.286
2046-07-03,19.25,11.81,272.32,312.56,70.3,101.9,0.05,2.447
2046-07-04,18.16,11.23,298.58,306.61,69,102.4,0,1.738
2046-07-05,18.7,11.12,332.74,292.35,77,102.5,0,1.751
2046-07-06,21.18,10.96,353.75,288.48,71.7,102,0,0.994
2046-07-07,25.49,11.01,329.61,314.38,66.2,101.3,0,0.929
2046-07-08,23.42,17.27,190.69,374.63,83.5,101,7.06,3.364
2046-07-09,22.49,15.59,250.01,340.4,65.6,101.3,0.14,4.231
2046-07-10,23.76,13.7,234.73,340.94,66.3,101.8,0.09,3.15
2046-07-11,28.33,17.97,241.22,379.65,72.5,101.8,0.42,4.354
2046-07-12,28.92,19.1,305.67,366.02,72.1,101.9,0,4.125
2046-07-13,29.52,18.42,338.42,344.08,65.1,101.6,0,2.187
2046-07-14,32.33,21.16,269.09,376.24,58,100.7,1.18,1.248
2046-07-15,24.76,18.03,286.9,350.21,62.3,101.1,1.57,4.721
2046-07-16,22.88,15.05,224.1,338.22,63.6,101.7,0.79,0.716
2046-07-17,22.34,15.35,211.19,351.97,82.9,100.9,14.53,2.701
2046-07-18,22.94,14.48,293.15,321.92,69.5,101.5,0.85,1.8
2046-07-19,21.84,14.18,290.69,328.52,73.4,101.3,4.19,2.71
2046-07-20,20.95,12.93,267.95,317.96,75.4,102,0.78,0.187
2046-07-21,27.13,16.85,235.89,362.59,66.6,101.4,0.23,3.857
2046-07-22,22.93,18.53,173.43,367.56,83.9,100.6,28.74,3.419
2046-07-23,20.2,14.54,183.22,351.78,88.2,100.6,18.52,1.172
2046-07-24,20.27,12.74,263.45,308.83,70.3,101.5,0.18,1.463
2046-07-25,18.73,11.67,255.43,308.25,75.8,101.7,3.31,1.563
2046-07-26,21.01,11.65,261.85,309.98,70.8,101.6,0.13,2.03
2046-07-27,22.78,14.46,184.05,358.26,84.1,101.2,6.01,3.259
2046-07-28,25.81,14.91,234.41,361.53,73.8,101.1,0.02,3.56
2046-07-29,26.89,19.88,234.36,378.37,78.8,101,0.51,2.63
2046-07-30,25.05,18.96,170.39,371.59,87.3,100.2,6.07,0.82
2046-07-31,24.71,17.69,228.89,350.65,76.8,100.6,3.19,2.449
2046-08-01,24.38,16.42,288.75,329.89,66.2,101,0.31,4.283
2046-08-02,23.94,15.95,236.54,344.54,68.8,101.4,0.75,1.583
2046-08-03,26.27,17.29,231.21,363.88,78.5,101.1,1.6,2.099
2046-08-04,25.52,15.55,292.36,338.95,74.7,100.9,0.23,1.006
2046-08-05,21.48,16.17,195.16,340.26,81.1,100.3,4.67,1.936
2046-08-06,23.91,15.53,251.94,340.89,76,100.6,2.65,3.939
2046-08-07,23.57,15,206.45,342.64,72.3,101,0.55,2.963
2046-08-08,24.56,16.14,238.81,340.49,72.1,101.3,6.14,2.803
2046-08-09,24.11,15.71,261.54,337.22,70.4,101.6,0.05,1.607
2046-08-10,24.49,14.19,248.45,338.13,73.3,101.7,0.25,0.297
2046-08-11,23.75,17.11,229.15,353.16,84.5,101.4,9.85,1.14
2046-08-12,25.39,16.44,235.71,349.61,75.6,100.8,0.44,1.415
2046-08-13,23.14,17.6,215.54,355,85.1,100.8,10.66,0.947
2046-08-14,25.66,18.9,267.99,352.14,82.8,101.4,0.94,2.45
2046-08-15,25.44,20.62,259.02,354.3,79.8,101.5,0.01,4.045
2046-08-16,23.73,16.85,202.85,353.69,78.8,101.1,8.31,2.235
2046-08-17,21.26,13.45,250.95,310.25,69.3,102.1,0,1.286
2046-08-18,21.83,11.79,281.41,302.19,75.1,101.9,0,0.741
2046-08-19,24.62,15.68,245.46,336.88,64.4,101.5,0.06,3.459
2046-08-20,21.56,14.33,187.31,330.75,76.4,101.5,0.85,2.326
2046-08-21,22.48,13.23,191.48,337.43,77.5,101.4,2.25,1.556
2046-08-22,20.69,13.76,196.26,320.98,69.2,101.5,0,2.171
2046-08-23,19.48,12.16,169.9,320.72,76.8,101.8,0.38,2.131
2046-08-24,20.25,11.89,215.49,306.61,71.9,101.8,0.06,1.046
2046-08-25,20.83,10.44,249.25,296.67,72.2,101.8,0,1.581
2046-08-26,20.99,13.98,171.76,328.05,74.4,101.8,0.18,4.632
2046-08-27,22.03,17.74,245.16,325.19,75.4,101.8,0,6.406
2046-08-28,23.48,18.45,238.66,335.37,79.9,101.9,0,5.637
2046-08-29,22.54,16.68,234.9,336.34,81.8,102.4,0,5.153
2046-08-30,19.92,15.89,203.31,339.3,74.9,102.7,0.19,4.69
2046-08-31,20.07,15.71,190.28,342.17,76.9,102.5,0.16,4.653
2046-09-01,20.22,15.53,177.38,345.13,79,102.2,0.13,4.63
2046-09-02,22.9,16.96,232.27,325.29,84,101.4,0.95,4.406
2046-09-03,26.69,15.54,221.39,340.89,74.6,101.1,0.1,2.121
2046-09-04,25.09,15.8,207,335.98,77,101.5,0.92,1.185
2046-09-05,23.67,14.07,201.84,338.37,85.4,101.7,1.61,1.889
2046-09-06,20.75,13.57,137.48,343.29,81.6,101.9,0.27,1.115
2046-09-07,21.55,12.55,185.59,323.71,80.9,101.6,0,1.187
2046-09-08,23.81,16.7,134.01,364.75,83.2,101.1,18.45,2.039
2046-09-09,24.14,14.49,189.92,338.39,69.6,101.7,0,3.221
2046-09-10,25.94,17.22,139.53,368.39,77.8,101.9,0.32,2.638
2046-09-11,24.59,16.37,193.42,349.25,70.2,102.1,0.05,1.642
2046-09-12,25.4,18.35,146.44,366.55,77.1,101.9,0.05,3.291
2046-09-13,25.49,17.13,149.64,358.2,78.3,101.7,0.25,3.36
2046-09-14,23.07,14.06,179.42,327.55,63.5,101.4,0.01,4.537
2046-09-15,21.43,15.12,148.48,337.15,65.5,101.4,0.14,3.65
2046-09-16,20.97,13.7,140.21,337.1,78.1,101.6,0.53,0.547
2046-09-17,25.7,15.07,169.97,353.53,71.6,101.5,0,3.005
2046-09-18,25.86,19.68,130.23,374.23,74.9,101.3,0.03,4.941
2046-09-19,26.18,18.43,185.31,347.02,72.3,100.9,0,4.883
2046-09-20,22.38,16.49,120.45,358.41,88.5,101.2,0.26,1.191
2046-09-21,21.07,17.56,79.53,373.44,93.8,101.1,0.85,3.725
2046-09-22,20.09,16.15,47.56,368.69,94.3,101.1,11.97,0.496
2046-09-23,21.87,14.03,165.68,331.59,76.4,101.1,0.04,2.542
2046-09-24,21.19,12.5,114.41,340.25,73.1,101.1,4.98,1.896
2046-09-25,19.7,12.52,163.42,313.95,74,101.1,1.02,3.877
2046-09-26,19.92,12.94,144.35,323.28,70.6,100.7,0.7,4.463
2046-09-27,18.84,11.72,138.26,313.87,77.2,100.6,0.12,2.74
2046-09-28,18.33,11.31,138.84,317.51,85.3,100.6,0.75,1.66
2046-09-29,18.54,11.15,93.99,322.05,84.4,100.8,0.47,1.369
2046-09-30,18.54,12.61,128.1,315.31,80.9,101.3,0.37,3.772
2046-10-01,18.16,10.99,149.06,302.26,74.3,101.8,0,3.16
2046-10-02,17.86,11.72,50.5,345.46,84.9,100.7,9.08,2.218
2046-10-03,18.01,12.73,152.37,317.36,72.6,100.5,2.48,4.741
2046-10-04,19.15,12.79,144.98,320.35,70.1,101.4,2.77,5.931
2046-10-05,22.07,15.56,109.08,371.79,85.1,101.9,5.24,4.284
2046-10-06,20.66,13.81,140.61,328.26,85.9,102.1,0,1.447
2046-10-07,22,15.01,144.71,326.01,88.9,102,0,0.583
2046-10-08,20.92,13.13,109.41,332.29,88.8,102.3,0.09,0.814
2046-10-09,21.31,12.3,134.45,315.66,80.4,102.4,0,4.418
2046-10-10,19.76,13,127.87,326.45,79.1,102.8,0,3.281
2046-10-11,21.08,13.12,110.79,328.43,87.7,102.4,0.04,3.587
2046-10-12,22.09,14.14,125.13,338.21,86.9,101.6,0.17,2.915
2046-10-13,16.18,10.66,67.16,321.05,83.5,101.8,0.26,2.57
2046-10-14,16.65,8.69,124.45,284.34,74.3,102.4,0,2.844
2046-10-15,19.08,10.03,98.47,324.82,75,101.7,0.08,5.819
2046-10-16,14.81,10.03,111.46,283.16,67.9,101.8,0,5.009
2046-10-17,15.16,8,124.37,278.18,75.8,102.4,0,2.58
2046-10-18,18.51,8.86,83.83,336.57,83.7,102.8,0.07,2.012
2046-10-19,17.72,11.57,88.96,334.64,86,102.5,0.1,0.856
2046-10-20,16.83,12.58,75.66,331.38,78,101,0.05,4.405
2046-10-21,15.41,9.56,51.19,317.19,80.6,99.9,7.49,5.056
2046-10-22,18.5,11.39,69.74,333.98,77.9,97.9,6.55,7.71
2046-10-23,13.09,9.62,88.12,295.93,62.7,99.3,1.58,7.588
2046-10-24,15.59,8.55,67.71,322.17,76.2,98.5,4.02,7.593
2046-10-25,13.17,7.23,99.11,270.72,71.7,99.7,0,4.765
2046-10-26,13.29,7.36,88.31,278.19,80.8,100,0,5.344
2046-10-27,14.9,6.43,69.5,312.8,89.2,100,6.24,1.908
2046-10-28,14.65,10.89,84.98,300.82,76.3,99.3,1.74,7.864
2046-10-29,14.5,10.72,90.81,293.9,72.9,100.1,0.34,5.408
2046-10-30,14.09,7.91,84.16,295.29,76.9,98.7,11.99,5.704
2046-10-31,13.2,7.46,81.8,288.99,79.4,98.6,7.08,5.5
2046-11-01,12.32,7,79.44,282.61,82,98.6,2.17,5.3
2046-11-02,9.56,6.33,51.28,290.9,87,99.4,1.23,6.32
2046-11-03,9.17,6.04,36.53,304.07,94.4,100.6,3.77,4.353
2046-11-04,8.18,6.22,32.5,304.73,94.3,101.2,5.03,5.24
2046-11-05,9.37,3.91,81.55,264.07,88,102,0,3.862
2046-11-06,9.49,4.32,56.07,286.8,88.5,101.9,0.02,1.04
2046-11-07,11.27,4.44,70.43,292.04,86.8,101.9,0,0.953
2046-11-08,11.48,8.1,74.08,300.92,79,100.8,1.91,6.627
2046-11-09,11.25,8.19,48.99,314.31,77.6,100.8,0.12,5.782
2046-11-10,14.5,8.45,48.22,335.28,92,99.9,2.38,5.512
2046-11-11,12.05,6.16,63,286.02,86.2,100.9,1.25,4.033
2046-11-12,10.47,3.62,66.97,284.8,82.2,102,0.24,2.607
2046-11-13,12.98,10,19.38,342.85,93,101.6,4.68,2.716
2046-11-14,13.74,10.27,21.35,334.91,91.2,100.5,6,3.09
2046-11-15,13.03,7.49,56.85,295.79,74.8,100.2,0,4.953
2046-11-16,11.38,5.9,31.79,302.7,89.3,99.2,18.76,2.718
2046-11-17,9.9,5.25,61.97,266.08,81.3,100.6,0,5.499
2046-11-18,7.69,5.03,10.94,296.76,92.2,100.9,5.9,1.982
2046-11-19,8.33,4.12,41.51,275.63,93.1,101.3,0,2.232
2046-11-20,8.18,2.24,61.22,252.09,92.2,102.3,0,2.968
2046-11-21,8.06,1.79,21.78,270.86,94.3,101.9,1.43,4.16
2046-11-22,11.41,5.43,12.18,322.95,94.9,101.3,7.27,4.738
2046-11-23,13.72,11.18,40.36,337.83,91,101.1,2.72,5.544
2046-11-24,15.83,10.89,19.03,332.6,82.2,100.3,0.29,8.055
2046-11-25,14.15,7.67,38.12,306.09,76.7,100,6.66,5.812
2046-11-26,15.36,7.36,42.45,296.73,72.3,99.1,0.77,9.901
2046-11-27,9.82,5.67,51.4,280.1,81.9,101.3,0,3.978
2046-11-28,13.39,9.44,36.95,328.66,93.1,100.9,0.21,2.768
2046-11-29,13.59,8.72,24.42,324.16,85.2,99.7,1.31,5.217
2046-11-30,12.98,8.6,35.42,301.91,83.4,99.7,2.8,5.926
2046-12-01,14.08,8.14,9.27,330.77,89.6,98.3,10.76,4.112
2046-12-02,9.53,4.72,29.36,306.62,91.4,100,2.59,1.924
2046-12-03,13.97,5.19,21.82,332.4,91.7,99.7,4.98,2.082
2046-12-04,13.55,10.22,42.56,292.68,87,100,0,4.67
2046-12-05,13.83,8.71,17.6,314,88.7,100.3,2.43,3.659
2046-12-06,10.23,6.8,32.99,268.3,75.7,101.1,0,5.908
2046-12-07,13.81,6.86,9.98,339.1,87.7,101.5,3.03,4.77
2046-12-08,15.88,13.59,29.17,352.16,90.3,100.9,1.1,5.239
2046-12-09,14.34,8.19,32.74,310.99,89.6,100.8,0.86,5.083
2046-12-10,9.9,6.72,32.61,298.64,91.2,101.5,0.2,3.497
2046-12-11,10.23,3.54,43.09,262.28,95.5,102.3,0.05,2.99
2046-12-12,9.29,2.46,36.11,293.61,93.1,102.4,0.3,0.842
2046-12-13,8.45,4.78,33.92,297.47,78.8,102.2,0.18,5.184
2046-12-14,5.81,3.62,27.75,301.18,83.8,101.5,3.66,1.435
2046-12-15,7.82,5.58,14.1,325.78,94.2,99.5,12.07,2.954
2046-12-16,6.87,3.17,37.74,281.45,92.9,100.5,2.59,1.456
2046-12-17,11.12,6.48,27.03,319.67,97,98.9,14.99,1.044
2046-12-18,9.17,6.63,16.49,326.3,95.6,99.6,2.41,1.811
2046-12-19,9.45,5.74,20.24,310.77,89.8,100.1,3.81,6.19
2046-12-20,7.74,5.74,18.6,313.65,78.6,101.4,0.64,2.267
2046-12-21,7.27,5.55,20.9,316.85,91.6,101.7,4.82,2.27
2046-12-22,6.63,4.63,19.17,314.59,80.2,101.9,2.04,6.642
2046-12-23,5.19,3.38,22.68,300.18,68.3,102.2,0.69,9.188
2046-12-24,5.46,2.38,21.73,289.33,72.3,102.3,0.76,1.289
2046-12-25,5.27,3.94,23.24,299.23,63.5,102.5,0.37,7.99
2046-12-26,4.49,0.89,17.57,291.13,76.6,102.8,1.32,3.939
2046-12-27,3.63,0.32,33.73,262.65,77.9,102,1.02,3.304
2046-12-28,3.51,0.75,43.19,233.8,67.9,101.2,0,6.231
2046-12-29,6.18,2.31,19.83,278.57,77.5,101.6,0.31,2.782
2046-12-30,6.44,1.95,40.52,271.07,94.7,101.9,0.09,2.004
2046-12-31,6.5,2.17,29.98,287.16,89.9,101.7,0.41,0.887
2047-01-01,6.57,2.39,19.61,306.19,85.1,101.6,0.74,3.976
2047-01-02,2.36,0.87,26.33,269.6,64.1,101.6,0.09,11.858
2047-01-03,1.54,-0.3,36.92,241.14,60.2,101.6,0.01,9.145
2047-01-04,2.63,-0.55,45.52,246.63,58.5,101.6,0,5.858
2047-01-05,3.69,0.43,40.38,264.84,81.5,102.7,0,2.47
2047-01-06,3.44,-0.89,42,261.41,90.6,103.5,0.03,3.494
2047-01-07,4.83,1.57,28.5,284.35,88.1,103.7,0,3.669
2047-01-08,6.99,2.59,25.42,297.84,90.9,103.1,0.03,4.311
2047-01-09,9.71,5.33,14.03,317.99,90.7,101.7,1.75,5.035
2047-01-10,7.52,3.67,38.08,273.04,89.2,101.6,0.73,4.07
2047-01-11,5.55,0.39,39.43,261.25,85.9,101.8,0,3.959
2047-01-12,6.28,0.47,21.52,291.99,92.8,101,4.7,2.476
2047-01-13,7.39,3.58,39.16,288.63,91.2,100.8,5.46,4.429
2047-01-14,12.35,7.42,28.61,333.23,88,98.9,6.07,6.648
2047-01-15,11.54,5.01,40.65,290.99,79.1,98.7,4.36,6.62
2047-01-16,5.89,0.73,27.19,264.06,87.1,99.4,1.91,5.004
2047-01-17,4.91,0.48,40.39,272.96,90.1,99.4,0,3.155
2047-01-18,5.03,3.09,15.65,311.72,94.3,97.6,5.26,5.455
2047-01-19,5.08,2.47,19.79,304.51,92.8,97.7,2.08,1.875
2047-01-20,6.46,0.39,59.21,262.55,85.5,100.4,0.81,3.449
2047-01-21,10.97,6.51,39.38,318.19,81.3,99.4,2.96,6.95
2047-01-22,9.35,6.27,36.35,303.91,84.7,99.9,0,4.602
2047-01-23,11.96,5.26,9.76,332.04,92.1,100.7,6.63,1.86
2047-01-24,11.9,7.31,15.78,323.89,91.7,100.4,7.31,4.659
2047-01-25,8.14,4.31,45.18,280.44,72.3,101.6,0,6.68
2047-01-26,10.67,3.9,55.01,280.47,89.8,102.9,0,5.105
2047-01-27,10.5,6.88,47.02,301.93,89.1,103.2,0.02,3.408
2047-01-28,7.42,5.65,35.47,306.31,95.9,103.1,0.11,1.594
2047-01-29,10.74,6.51,53.14,300.11,92.7,102.4,0.03,1.533
2047-01-30,10.51,6.15,59.47,284.51,94.8,102.8,0,2.022
2047-01-31,8.64,3.26,17.98,294.14,95.8,102.3,7.71,1.641
2047-02-01,11.17,3.23,14.35,308.13,91.8,101.1,2.99,3.821
2047-02-02,12.22,4.55,48.84,296.75,85.7,100.3,19.31,4.595
2047-02-03,6.88,2.56,55.86,268.68,86,101.7,2.22,0.276
2047-02-04,11.51,4.76,68.54,302.12,92.2,100.2,8.49,1.975
2047-02-05,9.4,5.23,33.29,316.3,92.8,99.7,3.96,1.818
2047-02-06,6.93,3.43,55.6,288.99,83.7,101.2,0.1,1.516
2047-02-07,11.25,4.97,25.43,326.04,92.8,100.8,2.23,3.112
2047-02-08,13.06,7.92,18.55,337.18,89.5,99.4,10.57,5.761
2047-02-09,10.34,6.95,52.07,284.78,79.2,99.7,0.58,4.982
2047-02-10,9.77,6.55,59.72,295.89,74,99.5,7.66,6.686
2047-02-11,10.62,5.62,33.89,303.94,89.4,100,26.94,0.894
2047-02-12,10.37,3.15,45.53,293.71,86,99.6,3.92,5.235
2047-02-13,9.76,2.46,25.96,296.11,88.6,100.4,7.72,4.521
2047-02-14,8.54,2.68,73.67,266.11,81.4,100.1,0.05,3.446
2047-02-15,7.92,1.6,84.57,271.21,86.3,101.3,0.69,2.83
2047-02-16,8.84,5.3,84.13,286.18,71.7,100.4,0.27,7.147
2047-02-17,10.21,5.19,86.86,297.2,76,101.2,0.31,6.704
2047-02-18,11.94,5.66,48.64,303.64,82,101.6,1.03,5.138
2047-02-19,10.83,3.96,99.89,272.2,79.3,102.6,0,2.748
2047-02-20,9.86,7.13,72.04,305.42,88.5,101.9,0.01,1.362
2047-02-21,11.2,5.75,49.31,302.77,84.9,101.9,2.49,4.439
2047-02-22,10.86,3.37,79.38,288.44,81.2,103.3,0,1.628
2047-02-23,13.85,10.19,88.4,298.55,83.4,102.7,0,2.373
2047-02-24,11.71,4.63,58.62,294.22,87.4,102.9,0.25,0.931
2047-02-25,9.51,3.52,129.9,264.66,84.1,103.3,0,2.233
2047-02-26,12.48,6.96,102.2,303.43,92.9,102.3,0.05,0.957
2047-02-27,13.82,8.83,92.14,311.05,89.2,101,0.27,2.557
2047-02-28,12.39,6.66,65.65,321.45,88.9,100,7.37,3.277
2047-03-01,9.43,5.13,117.29,267.48,69.2,100.4,0.29,5.693
2047-03-02,10.47,4.68,50.38,309,85.8,100.3,2.23,3.887
2047-03-03,11.58,6.75,85.4,299.03,78.4,100.2,0.53,4.843
2047-03-04,12.71,6.79,65.25,313.02,80.3,99.9,2.72,3.476
2047-03-05,11.71,6.63,102.16,291,70.8,100.4,0.53,5.133
2047-03-06,12.15,6.82,42.42,310.99,78.7,100,5.49,2.763
2047-03-07,10.4,4.34,92.06,283.56,75.8,101.1,0,1.469
2047-03-08,10.92,2.14,157.1,248,79.2,102.6,0,0.651
2047-03-09,11.81,1.89,162.33,250.53,77.4,102.6,0,1.507
2047-03-10,10.65,3.26,162.41,268.04,77.7,101.9,0.04,1.148
2047-03-11,13.3,8.49,93.03,317.22,87.7,100.9,1.16,2.469
2047-03-12,10.39,4.81,101.99,286.78,75.9,100.8,3.12,5.218
2047-03-13,10.92,5.41,97.34,293.97,68.4,100.9,4.18,8.457
2047-03-14,12.26,5.75,83.95,303.54,75.3,100.6,7.04,7.836
2047-03-15,9.91,5.13,123.92,281.14,68.5,101.9,0.25,4.974
2047-03-16,10.84,3.62,134.14,291,76.8,102.8,0.55,2.072
2047-03-17,15.58,7.65,145,309.55,85.1,103,0.14,3.772
2047-03-18,14.58,7.85,110.29,329.01,85.3,103.1,0.13,3.459
2047-03-19,14.3,9.57,95.73,334.68,87.1,103.4,0.09,2.309
2047-03-20,12.22,6.41,136.12,304.82,88.6,103.4,0.22,0.613
2047-03-21,9.91,6.01,86.34,309.17,92.7,103.4,0.59,0.55
2047-03-22,16.09,6.21,190.28,291.99,89.7,103.1,0.09,1.031
2047-03-23,19.54,9.23,200.43,290.47,78.8,102.3,0,1.948
2047-03-24,12.13,7.99,129.29,306.56,85.4,102.6,0,2.352
2047-03-25,15.47,8.39,175.51,310.69,92.5,102.3,0.04,2.474
2047-03-26,16.41,10.64,121.97,324.46,85.1,101.6,0.05,1.504
2047-03-27,12.14,8.44,72.2,320.2,83.6,101.6,2.82,1.496
2047-03-28,12.84,4.43,183.38,270.57,68.2,102.2,0,2.658
2047-03-29,13.92,9.43,136.71,323.24,69.2,101.7,2.04,2.781
2047-03-30,13.84,8.87,154.2,307.49,74.1,101.7,0.84,3.646
2047-03-31,12.27,6.48,85.76,304.69,78.7,102,8.93,4.178
2047-04-01,13.29,4,148.23,296.6,77.6,102.8,0,3.294
2047-04-02,19.2,10.64,145.75,340.76,74.7,102.9,0.2,5.437
2047-04-03,15.23,7.25,201.99,290.9,72.7,103.4,0.02,1.91
2047-04-04,16.39,7.63,170.81,299.9,63.8,102.7,0.07,6.557
2047-04-05,11.81,6.16,181.17,287.75,56.1,104,0.08,3.115
2047-04-06,14.6,5.94,206.78,282.66,68.2,103.8,0.06,3.216
2047-04-07,20.9,7,235.9,284.14,71.6,103.3,0,3.969
2047-04-08,21.71,10.4,238.43,290.81,61.9,102.9,0,4.122
2047-04-09,20.09,9.77,222.55,286.18,70,102.3,0,3.953
2047-04-10,18.57,6.53,204.49,317.3,76.5,101.5,7.6,5.644
2047-04-11,11.27,5.98,157.69,291.19,68.3,101.9,2.83,1.701
2047-04-12,12.8,4.69,193.57,271.55,57.2,101.9,0.15,4.918
2047-04-13,12.38,3.52,206.09,267,66.8,101.9,0.04,1.462
2047-04-14,12.76,6.96,107.39,310.82,67.5,100.6,4.09,1.822
2047-04-15,13.9,8.07,145.81,314.55,67.8,101.4,1.05,5.271
2047-04-16,14.86,9.3,155.35,314.72,72.5,101.7,0.83,4.785
2047-04-17,17.06,8.59,190.12,309.6,79.3,101.5,0.09,2.264
2047-04-18,18.9,10.05,229.46,302.08,71.1,102,0,4.414
2047-04-19,20.48,11.66,256.08,304.35,74.3,102.1,0,3.904
2047-04-20,16.93,10.68,257.34,294.61,84.9,102.1,0,0.928
2047-04-21,22.39,10.99,261.2,305.66,65.2,100.7,0,3.173
2047-04-22,14.66,10.52,113.59,314.75,61,100.8,0.06,8.326
2047-04-23,16.15,8.23,193.07,298.4,63.4,101.3,0.76,6.204
2047-04-24,14.7,6.73,182.42,299,66.8,101.8,1.01,5.984
2047-04-25,13.9,6.1,185.47,294.86,76.9,103.2,0.32,0.512
2047-04-26,15.21,5.63,199.89,288.15,78.5,103.7,0,2.028
2047-04-27,14.72,9.59,282.69,268.13,67.2,103.8,0,3.21
2047-04-28,15.02,7.09,298.75,257.78,66.8,103,0,2.466
2047-04-29,20.56,6.76,286.77,282.56,70.5,102.2,0,0.753
2047-04-30,23.75,9.27,280.1,304.69,69.1,101.9,0,1.306
2047-05-01,25.6,13.59,231.21,336.42,64,101.8,0,3.145
2047-05-02,24.35,12.99,276.33,313.95,69.5,102.2,0,1.107
2047-05-03,26.48,14.19,280.33,318.71,66.4,102.2,0,1.242
2047-05-04,21.9,10.61,186.11,327.66,69.2,102,1.45,2.173
2047-05-05,13.5,9.3,165.63,316.58,56.1,103,0.39,3.138
2047-05-06,13.23,5.93,215.36,291.14,65.3,103.6,0.14,2.236
2047-05-07,15.69,4.96,289.63,279.67,79.8,103.2,0.04,3.403
2047-05-08,18.11,11.36,286.57,306.16,81.4,102.5,0,3.592
2047-05-09,24.15,11.67,307.41,310.53,75.5,101.8,0,0.823
2047-05-10,20.88,13.09,280.69,320.69,77,101.1,4.74,4.683
2047-05-11,18.96,12.48,233.93,331.54,75,100.3,0.8,4.339
2047-05-12,15.9,10.46,175.16,318.45,59.4,100.7,1.28,4.601
2047-05-13,14.36,8.58,200.67,300.74,63.9,100.2,4.08,5.742
2047-05-14,12.5,7.79,112.44,306.52,78.5,99.4,6.76,2.591
2047-05-15,14.03,6.81,205.82,305.67,85,99.4,7.59,4.013
2047-05-16,15.94,7.39,177.15,297.51,72.5,100.3,3.15,4.174
2047-05-17,14.53,7.6,246.55,282.58,65.1,99.8,2.28,4.664
2047-05-18,12.99,8.25,182.42,306.89,72.9,99.9,4.01,6.833
2047-05-19,13.87,8.2,185.86,314.86,81.4,101.2,2.93,5.381
2047-05-20,16.1,8.58,288.96,287.42,73,102.8,0,1.531
2047-05-21,15.04,7.99,280.07,289.02,80.9,103,0.03,4.048
2047-05-22,17.95,12.06,283.09,318.09,71.9,102.3,0.12,4.704
2047-05-23,18.92,13.13,322.04,306.19,69,102.1,0.41,4.589
2047-05-24,18.17,11.78,312.45,304.39,70.7,102.4,0.09,5.105
2047-05-25,15.12,10.34,302.1,296.39,70.8,102.9,0.16,4.893
2047-05-26,14.73,9.97,306.26,282.64,73.5,102.4,0.1,5.159
2047-05-27,16.11,11.05,316.55,281.88,69.1,101.5,0,6.349
2047-05-28,16.72,11.21,294.29,295.91,71.3,100.8,0.62,5.173
2047-05-29,16.29,11.79,277.71,312.63,80.4,100.4,1.95,4.447
2047-05-30,19,10.28,215.28,332.27,82.3,100.9,5.52,1.502
2047-05-31,18.89,9.95,261.61,314.53,82.3,101.2,2.82,0.28
2047-06-01,18.78,9.62,308.59,296.74,82.2,101.5,0.12,0.845
2047-06-02,18.69,12.85,149.99,342.39,89.1,101.1,3.24,2.352
2047-06-03,17.62,11.53,121.19,346.13,91.6,100.8,4.75,3.253
2047-06-04,21.06,13.02,243.64,318.92,68.9,101.2,0.34,3.097
2047-06-05,17.94,10.87,248.77,303.16,72.6,101,0.76,1.092
2047-06-06,17.12,10.62,119.23,332.33,90.3,100.9,13.58,1.644
2047-06-07,19.24,11.08,286.17,312.19,82.8,101.1,0.27,1.795
2047-06-08,17.98,9.96,220.53,320.6,89.2,101.3,6.16,1.372
2047-06-09,20.74,12.12,249.87,324.57,75.1,101.3,0,1.187
2047-06-10,17.57,12.53,63.49,355.46,87.9,100.1,20.21,2.111
2047-06-11,18.09,11.88,201.72,339.67,80.8,99.9,3.41,4.363
2047-06-12,16.23,12.11,163.68,338.81,87.9,100.3,5.19,3.298
2047-06-13,17.58,13.05,225.76,321.29,88.8,101.1,8.93,0.821
2047-06-14,16.85,12.7,175.78,334.16,87.1,100.6,8.54,1.899
2047-06-15,16.96,10.98,231.74,313.13,77.9,100.3,2.66,1.629
2047-06-16,15.17,10.48,93.41,333.89,90.7,100.6,10.9,3.157
2047-06-17,16.48,12.52,187.86,345.39,85.2,101.3,1.58,3.402
2047-06-18,17.02,9.76,204.79,322.85,76.9,102,0.31,1.867
2047-06-19,16.48,9.17,258.11,314.9,72.3,102.4,0.06,1.211
2047-06-20,16.48,12.31,262.38,324.58,76.2,102.5,0.03,4.431
2047-06-21,16.13,13,217.01,337.47,82.6,102.2,1.1,4.825
2047-06-22,18.63,11.68,312.63,304.51,79.1,102.2,0.01,3.119
2047-06-23,23.15,11.67,323.91,315.13,77.6,102.4,0.03,0.779
2047-06-24,22.06,14.27,348.64,309.43,75.7,102,0,4.206
2047-06-25,23.95,15.47,320.66,328.3,63.4,101.4,0.52,3.479
2047-06-26,20.12,12.14,249.41,319.72,60.5,101.6,0.04,2.215
2047-06-27,20.86,13.27,227.99,333,65.2,100.8,2.13,4.491
2047-06-28,19.38,11.76,269.94,301.2,57.8,101.4,0.15,5.109
2047-06-29,21.62,10.82,241,327.83,66,101.7,0.11,3.531
2047-06-30,26.46,16.52,303.36,352.84,68.7,101.7,0.07,4.115
2047-07-01,24.38,14.91,276.02,334.15,67.3,101.8,0.09,2.535
2047-07-02,21.39,13.04,284.63,312.58,71.4,102.1,0.16,1.884
2047-07-03,20.8,11.77,313.7,302.16,75.5,102.2,0,1.929
2047-07-04,22.35,12.31,309.7,315.11,74.5,102,0.11,1.35
2047-07-05,22.27,13.89,318.51,317.4,76.3,102.2,0.45,1.746
2047-07-06,23.54,13.37,316.1,319.6,77.4,102.6,0.01,1.904
2047-07-07,22.7,14.33,330.81,317.63,82.1,102.6,0,2.848
2047-07-08,24.8,14.89,341.13,322.49,78.5,102.6,0.05,2.903
2047-07-09,21.61,16.37,308.62,333.4,86.2,102.6,0.07,3.681
2047-07-10,20.77,15.64,264.84,335.57,82.7,102.5,0.11,4.414
2047-07-11,23.3,15.6,337.88,317.58,82.3,101.9,0,4.692
2047-07-12,26.52,18.19,290.27,345.51,75.1,101,0.21,3.352
2047-07-13,24.83,16.35,251.65,353.59,78.5,100.9,1.16,2.647
2047-07-14,29.08,15.25,296.92,354.05,66.7,100.8,0.5,1.753
2047-07-15,23.09,16.96,238.27,349.31,60,101.2,1.55,3.883
2047-07-16,22.86,13.87,299.09,312.3,54.6,101.5,0.11,1.492
2047-07-17,22.88,13.03,251.52,323.93,65.1,101.3,0.22,0.42
2047-07-18,24.8,13.6,244.1,340.04,64.8,100.9,1.98,4.113
2047-07-19,25.29,16.65,196.4,358.19,71.1,100.8,1.73,5.67
2047-07-20,24.35,17.26,180.56,368.52,81.5,100.9,9.83,3.801
2047-07-21,25.32,15.96,222.39,357.77,70.2,101.4,0.08,3.817
2047-07-22,26.71,17.68,259.22,355.27,72.7,101.9,0.03,1.39
2047-07-23,31.63,19.24,314.1,357.84,58.1,101.5,0.15,2.689
2047-07-24,23.06,17.99,200.17,354.92,71.1,101.8,0.26,1.933
2047-07-25,23.06,16.6,206.98,350.78,78.5,101.7,0.35,2.498
2047-07-26,27.42,15.46,299.88,330.14,71.4,101.8,0,0.211
2047-07-27,26.54,17.69,283.1,343.01,68.6,102,0.03,1.399
2047-07-28,26.13,17.37,193.5,367.81,77.3,102.4,0.57,0.393
2047-07-29,26.82,17.3,251.57,354.84,79.5,102.3,2.93,0.293
2047-07-30,24.09,16.81,235.98,343.58,82,102.2,0.46,2.617
2047-07-31,24.03,16.07,264.85,334.56,79.8,102.2,0.24,2.388
2047-08-01,23.97,15.33,294.04,325.48,77.6,102.2,0,2.209
2047-08-02,25.5,15.54,311.59,322.76,79.4,102,0,2.199
2047-08-03,26.44,18.12,314.24,322.1,75.8,101.9,0,4.105
2047-08-04,26.62,19.46,302.49,331.57,74.5,101.7,0,4.866
2047-08-05,26.99,19.97,271.03,348.25,75.9,101.1,0,4.437
2047-08-06,25.81,19.5,170.97,364.76,76.2,101.1,1.32,3.601
2047-08-07,22.65,18.29,128.27,378.27,82.1,101.3,3.05,4.173
2047-08-08,24.01,18.3,229,362.69,85.2,101.5,2.91,3.821
2047-08-09,26.53,19.39,297.11,339.41,73.3,102.1,0.26,3.825
2047-08-10,24.54,17.66,296.9,322.79,75.3,102.4,0,5.17
2047-08-11,23.81,17.48,297.04,320.4,78.8,102.4,0,4.313
2047-08-12,23,17.71,265.7,342.13,81.5,102.3,0.1,4.152
2047-08-13,23.14,18.02,187.83,364.2,86.1,101.8,2.25,5.548
2047-08-14,27.05,17.72,278.27,337.84,79.3,101.3,0,1.841
2047-08-15,23.99,16.53,285.62,318.23,74.4,101.4,0,2.713
2047-08-16,26.51,17.15,234.43,353.51,79.8,101.3,0.56,2.901
2047-08-17,28.5,19.57,233.9,369.14,72.9,101.3,0.73,3.193
2047-08-18,33.82,20.8,246.83,379.89,71.1,101,1.12,0.3
2047-08-19,26.83,20.47,221.73,366.58,75.4,101,4.37,2.342
2047-08-20,27.46,17.07,203.05,359.51,71.3,101.2,0.25,2.125
2047-08-21,24.88,18.41,154.4,366.65,69.9,101.2,2.54,1.501
2047-08-22,26.71,17.76,167.98,372.05,81.2,101.2,2.82,1.247
2047-08-23,26.71,16.87,232.41,342.76,66.1,101.4,0.1,1.736
2047-08-24,25.7,16.07,205.19,337.34,69.4,102.1,0.15,0.45
2047-08-25,22.34,15.29,241.32,319.06,74.3,102.4,0,3.204
2047-08-26,23.69,13.58,243.42,320.88,75.4,102.2,0,1.112
2047-08-27,24.53,13.68,248.21,323.61,77.2,102.4,0,1.869
2047-08-28,26.61,16.69,229.46,335.59,75.9,102.2,0,1.273
2047-08-29,25.97,16.75,187.7,338.59,65.1,101.6,0.64,2.187
2047-08-30,25.4,15.83,160.02,345.38,51.6,100.7,0.09,5.572
2047-08-31,23.29,14.81,185.19,326.67,48.8,100.6,0.08,5.735
2047-09-01,21.18,13.78,210.54,306.96,46,100.5,0.07,5.923
2047-09-02,21.45,11.56,216.65,300.67,52.7,101.2,0.06,3.148
2047-09-03,21.73,10.71,193.28,306.73,65.5,101.8,0.04,0.266
2047-09-04,28.54,14.88,233.99,337.75,65.9,101.7,0,2.82
2047-09-05,26.87,15.33,189.98,345.83,65.9,101.4,0,4.214
2047-09-06,26.22,15.3,168.92,345.79,65.9,101.4,0.47,3.399
2047-09-07,26.49,15.35,169.36,343.54,73.8,101.4,1.03,2.808
2047-09-08,21.24,13.51,108.25,344.36,84.3,102,2.63,2.166
2047-09-09,23.28,13.56,183.45,331.91,80.7,102.2,0.08,2.361
2047-09-10,25.7,15.66,211.23,337.1,71.1,102,0.08,0.936
2047-09-11,28.14,16.47,183.29,349.19,57.3,101.9,0.8,2.645
2047-09-12,22.86,13.32,124.41,339.31,79.3,102.3,0.37,1.904
2047-09-13,25.32,13.13,127.08,359.66,72.5,102,0.5,3.885
2047-09-14,24.35,19.17,83.34,387.57,83.7,101.6,1.14,3.169
2047-09-15,27.39,17.23,117.07,372.34,76.5,101.7,0.49,3.827
2047-09-16,27.31,18.13,203.75,342.08,74.5,101.9,0,0.969
2047-09-17,24.97,19.44,193.31,346.98,78.9,101.7,0,2.183
2047-09-18,26.7,20.11,159.1,351.03,67.6,101.1,0,1.29
2047-09-19,21.83,11.05,146.68,326.21,72.5,101.6,0.65,2.56
2047-09-20,22.23,10.6,168.96,305.02,66.3,102.1,0,1.88
2047-09-21,25.08,14.67,141.52,340.98,70.7,101.3,0.49,4.223
2047-09-22,20.17,9.58,169.07,296.21,68,102,0,1.353
2047-09-23,19.63,8.13,183.43,296.33,74.5,102.2,0,1.053
2047-09-24,20.39,14.15,179.5,314.59,67.6,101.6,0,2.865
2047-09-25,24.97,13.79,155.55,338.89,66.6,101.2,0.13,4.512
2047-09-26,19.39,11.06,69.58,338.11,75.1,101.7,5.39,2.118
2047-09-27,21.75,9.24,166.73,317.36,66.4,101.7,0.18,2.57
2047-09-28,22.4,13.59,148.98,325.55,68.2,101.3,0.78,5.362
2047-09-29,22.34,12.11,142.74,314.61,67.6,101.3,0,5.614
2047-09-30,23.53,12.72,87.13,353.96,78.8,100.9,3.62,5.126
2047-10-01,16.99,10.81,42.87,324.78,82.9,101.1,3.25,3.543
2047-10-02,17.36,9.25,149.2,286.47,59,101.5,0.03,4.57
2047-10-03,19.01,10.1,133.69,311.8,61.9,100.4,0.37,2.277
2047-10-04,19.78,13.5,106.4,326.99,66.9,99.2,2.67,3.716
2047-10-05,18.57,12.47,38.9,338.27,87.4,99.3,43.32,2.209
2047-10-06,17.21,10.94,107.75,303.85,76.1,100.2,0.07,3.553
2047-10-07,18.86,12.79,67.7,326.34,73.3,99.6,2.07,2.349
2047-10-08,16.78,12.21,93.33,316.24,78.9,100,0.28,1.697
2047-10-09,18.48,13.87,86.89,352.54,89.5,99.8,3.42,2.805
2047-10-10,16.85,12.03,81.58,342.82,86.5,99.9,0.73,2.793
2047-10-11,17.63,11.93,115.45,315.54,76.2,99.7,4.05,3.112
2047-10-12,16.71,11.79,103.79,301.22,74.5,99.7,0.41,4.36
2047-10-13,16.64,9.86,120.39,290.21,78.3,100.1,0.12,3.341
2047-10-14,15.56,7.52,126.38,276.72,77.6,100.7,0.06,3.571
2047-10-15,15.61,7.68,113.2,298.26,77.2,101.6,5.16,4.075
2047-10-16,14.59,10.09,41.7,341.33,89.3,101.3,9.41,1.901
2047-10-17,15.72,7.78,124.59,285.31,80.3,102.8,0,1.641
2047-10-18,18.76,10.36,122.55,305.42,84.8,102.7,0,2.362
2047-10-19,19.84,14.03,74.25,361.44,93.8,102.6,0.52,3.374
2047-10-20,16.86,11.26,70.26,341.03,87.3,103.1,0.15,1.767
2047-10-21,17.6,10.53,93.25,316.51,86.1,102.3,0.07,3.785
2047-10-22,15.66,8.69,66.45,319.68,73.5,101.8,0.32,3.943
2047-10-23,12.66,8.48,68.71,309.69,81,101.9,0.28,2.625
2047-10-24,14.2,8.56,60.53,313.8,78,102.4,0,1.019
2047-10-25,14.13,10,60.78,329.66,74,102.9,0,2.201
2047-10-26,13.61,9.53,56.67,328.66,82.2,103,0.89,2.05
2047-10-27,14.77,7.49,90.68,299.26,80.6,102.4,0,1.114
2047-10-28,13.26,6.71,68.05,313.56,86.3,101.4,0.05,0.292
2047-10-29,14.43,10.07,43.76,343.37,84,100.5,4.47,4.026
2047-10-30,15.77,11.47,20.21,362.08,95.8,99.7,8.7,6.135
2047-10-31,15.97,12.63,27.35,359.02,95.9,99.5,5.37,3.784
2047-11-01,16.18,13.79,34.51,355.16,95.9,99.2,2.05,1.593
2047-11-02,15.9,12.06,74.39,314.77,92.7,99.9,1.46,1.6
2047-11-03,17.28,13.68,49.86,340.22,84,99.7,1.88,2.403
2047-11-04,16.93,12.82,42.29,340.13,88.1,99.9,8.63,3.876
2047-11-05,15.91,12.09,53.4,327.7,91.8,101,5.23,1.153
2047-11-06,13.33,10.45,49.79,335.66,75.6,102,10.33,8.158
2047-11-07,13.59,11.05,57.83,311.12,61.6,102.2,0.06,11.136
2047-11-08,16.88,13.53,25.47,347.92,92.2,101.1,10.09,1.217
2047-11-09,15.76,13.88,56.65,332.6,92.8,100.8,1.82,1.614
2047-11-10,15.41,11.98,31.64,333.89,93.5,100.2,1.57,1.49
2047-11-11,13.53,9.44,55.62,306.55,96.8,101.1,0.03,0.593
2047-11-12,15.09,9.62,48.05,337.2,93.3,102,0.17,2.604
2047-11-13,12.91,10.23,28.19,345.63,95.4,101.9,0.75,0.923
2047-11-14,12.03,7.8,20.54,339.79,95.8,101.7,2.53,3.329
2047-11-15,14.59,9.04,27.54,347.29,95.9,101.5,3.21,3.378
2047-11-16,10,6.28,57.86,271.45,84.9,101.6,0.21,3.757
2047-11-17,8.5,4.16,59.87,257.03,86.5,101.3,0,3.87
2047-11-18,7.33,3.37,57.51,267.09,89.6,100.4,0.03,3.695
2047-11-19,6.91,3.38,49.9,275.28,68.4,98.8,1.59,7.634
2047-11-20,8.56,4.69,29.03,301.62,73.3,99.6,0.92,7.821
2047-11-21,8.62,5.14,44.29,300.99,79.9,101.4,1.4,5.01
2047-11-22,10.98,5.43,48.55,289.87,93.8,102.3,0.37,3.095
2047-11-23,10.33,4.33,42.9,295.57,93.7,102.7,0.01,3.867
2047-11-24,12.62,8.23,19.98,318.43,88.8,102.2,0.19,6.028
2047-11-25,12.47,8.91,40.06,317.34,91.6,102.2,0.15,3.072
2047-11-26,12.03,9.06,16.17,346.8,97.7,102.5,1.78,2.271
2047-11-27,10.02,6.2,47.44,293.85,85.3,102.4,0.32,4.345
2047-11-28,9.2,6.05,29.45,304.7,76.3,102.3,0.54,3.776
2047-11-29,10.49,7.29,40.08,302.66,66.5,102.3,0.03,1.866
2047-11-30,8.43,7.24,31.51,313.6,76.3,102.7,1.56,5.238
2047-12-01,8.54,5.11,25.36,308.35,76.6,103,0.4,2.607
2047-12-02,8.09,3.96,34.29,286.32,78.4,102.4,1.06,3.935
2047-12-03,5.68,1.68,27.37,285.27,83.2,102.3,4.63,5.983
2047-12-04,5.34,2.26,32.7,289.27,84.6,101.7,1.21,6.1
2047-12-05,3.59,-1.24,40.11,248.34,79.8,101.4,0.05,5.249
2047-12-06,2.46,-2.97,42.98,229.44,88.8,100.8,0,2.059
2047-12-07,5.53,-2.08,14.59,292.43,79.3,100.2,0,3.314
2047-12-08,6.15,3.83,20.7,294.51,71.3,99.6,0.89,8.322
2047-12-09,5.69,2.68,21.33,300.85,84.8,99.9,3.88,3.787
2047-12-10,3.9,0.61,31.32,273.67,95.5,100,0.54,3.406
2047-12-11,3.51,-0.59,21.16,288.22,97,100.4,2.17,2.534
2047-12-12,5.46,1.08,37.49,276.87,96.6,101.1,0.77,1.83
2047-12-13,7.23,2.15,25.71,292.29,77.9,102.7,0.12,3.506
2047-12-14,6.51,2.55,24.96,293.92,83.5,103.8,0.02,2.648
2047-12-15,10.19,3.58,15.38,332.95,96.3,103.5,5.64,3.141
2047-12-16,9.92,6.81,32.94,304.38,95.8,103.5,0,3.875
2047-12-17,10.27,7.52,33.04,313.91,95.1,103.4,0.21,3.766
2047-12-18,8.48,5.88,27.59,313.62,96.1,102.8,0.34,2.979
2047-12-19,6.01,4.39,23.57,310.95,95.4,101.7,0.67,2.07
2047-12-20,6.64,4.26,21,316.11,97.3,100.6,3.69,1.758
2047-12-21,6.74,3.77,11.38,303.05,76.8,100.9,5.8,3.819
2047-12-22,6.27,-0.95,29.92,258.95,80.8,101.9,0,2.47
2047-12-23,6.43,-2.32,9.62,278.59,94.8,101.2,7.63,3.271
2047-12-24,10.55,6.13,20.07,324.42,94.2,100.3,5.24,5.136
2047-12-25,9.62,4.42,40.4,271.8,85.7,100.4,0.24,6.093
2047-12-26,6.81,3.11,33.7,280.01,78.3,101.5,0.01,0.814
2047-12-27,5.02,2.51,36.07,264.01,67.2,102.5,0,4.44
2047-12-28,4.98,2.73,17.51,309.79,82.8,102.6,4,2.088
2047-12-29,7.43,5,17.48,333.89,99.2,103,0.68,0.842
2047-12-30,8.08,1.89,20.53,311.76,99.5,103.2,0.34,0.559
2047-12-31,7.45,1.03,31.08,288.93,98.8,103,0.19,0.409
2048-01-01,6.82,0.17,41.77,265.54,98,102.8,0.04,0.661
2048-01-02,6.66,2.74,17.49,314.99,97.5,102.8,0.64,2.728
2048-01-03,5.38,2.73,17.98,315.28,95.2,102.5,0.61,3.245
2048-01-04,5.18,2.51,19.9,313.44,96.3,102.4,0.58,1.348
2048-01-05,6.37,4.01,29.15,309.45,97.2,102.6,0.44,0.893
2048-01-06,9.45,6.15,14.61,340.21,97.8,101.9,7.35,1.923
2048-01-07,10.99,5.15,31.67,306.52,89.2,101,3,3.346
2048-01-08,7.97,5.12,22.88,311.36,92,100.8,0.28,1.388
2048-01-09,9.69,6.75,29.98,328.12,94.9,100.9,4.13,2.764
2048-01-10,12.83,9.74,24.87,330.35,94.4,101.4,0.13,5.113
2048-01-11,13.3,11.2,31.81,327.81,86.7,101.7,0,6.563
2048-01-12,13.74,11.59,26.8,338.69,87.8,101.9,0.11,5.579
2048-01-13,14.43,10.79,35.19,332.25,91.4,102.3,0.11,5.504
2048-01-14,15,4.21,23.12,328.48,89.1,102.3,1.77,3.194
2048-01-15,4.24,1.92,35.39,280.29,70.7,103.8,0.12,6.662
2048-01-16,4.06,2.95,13.43,306.07,82.5,103.1,1.26,2.004
2048-01-17,4.46,2.36,41.24,276.13,80.6,103.7,0.13,1.923
2048-01-18,5.3,0.71,53.48,242.49,74.1,104.1,0,2.192
2048-01-19,5.85,0.38,55.01,251.19,83.9,103.6,0,2.988
2048-01-20,10.33,4.34,29.47,326.84,96.1,102.8,0.26,3.445
2048-01-21,10.21,7.09,39.78,318.59,93.3,102.1,0,3.753
2048-01-22,11.48,8.93,28.63,323.36,91.9,101.1,0.18,2.515
2048-01-23,9.32,7.51,45.92,292.38,83.3,100.1,2.13,2.144
2048-01-24,9.67,7.26,33.14,318.88,96,99.7,3.05,1.674
2048-01-25,9.98,7.66,54.94,311.42,88.5,98.8,3.99,1.84
2048-01-26,8.61,4.28,43.83,288.03,83.4,98.9,0.11,3.228
2048-01-27,7.35,3.72,42.98,292.25,92.2,99.6,4.86,1.277
2048-01-28,7.41,3.81,47.1,305.08,93.3,100.3,0.45,1.9
2048-01-29,8.13,5.76,41.08,317.72,94,100.5,4.1,3.37
2048-01-30,9.25,3.23,32.56,295.36,93.2,99.9,8.53,1.306
2048-01-31,9.57,3.29,64.75,274.54,87.4,100.1,0.23,1.516
2048-02-01,9.01,4.28,38.55,304.36,88.2,98.9,6.09,1.616
2048-02-02,8.32,4.32,42.45,303.94,92.5,98.7,3.84,2.455
2048-02-03,9.38,7.11,23.79,315.19,90.7,99.3,4.16,4.852
2048-02-04,11.11,4.59,41.85,282.17,84.1,100.2,2.07,3.413
2048-02-05,9.82,5.6,59.27,278.62,83.4,100.4,0.25,4.122
2048-02-06,8.21,2.04,52.68,272.53,88.9,101,0.93,1.428
2048-02-07,6.51,3.05,67.97,271.44,73.7,102.8,0.22,2.015
2048-02-08,7.4,1.05,59.46,276.06,81.3,103.8,0.04,0.415
2048-02-09,7.02,3.29,58.67,301.59,78,104.2,0.12,0.357
2048-02-10,4.71,2.08,97.18,240.09,76.6,103.9,0,2.173
2048-02-11,7.47,1.17,102.95,236.99,87,103.7,0,2.495
2048-02-12,7.68,1.65,105.33,237.48,89.1,103.2,0,2.132
2048-02-13,6.8,1.51,104.48,243.85,86.7,102.2,0,1.029
2048-02-14,9.47,2.56,66.76,280.32,87.2,101.9,0,2.347
2048-02-15,10.97,8.07,31.9,337.84,93.3,101.7,4.84,3.82
2048-02-16,10.43,6.65,29,328.37,95.5,102.1,5.55,0.782
2048-02-17,10.29,6.02,57.87,324.34,92.8,102.1,2.13,0.627
2048-02-18,10.41,4.87,106.46,281.2,80.3,101.9,4.81,4.261
2048-02-19,9.28,4.75,57.04,287.22,82.7,102.4,0.16,5.672
2048-02-20,10.28,5.87,47.42,325.17,93.7,101.9,4.94,4.98
2048-02-21,11.67,7.52,76.95,318.6,77.2,100.3,0.23,5.179
2048-02-22,9.24,5.47,42.65,316.15,91.5,98,24.19,3.067
2048-02-23,9.02,4.87,72.04,298.03,84.4,98.9,0.81,1.875
2048-02-24,8.33,5.66,76.51,300.6,91,99.3,7.58,1.927
2048-02-25,8.64,5.26,39.05,315.59,95.2,100.3,5.82,1.306
2048-02-26,9.8,4.09,99.19,297.13,93,101.6,0.06,0.513
2048-02-27,12.36,8.32,73.2,320.17,91.5,102.2,0,1.937
2048-02-28,11.76,7.12,54.14,323.89,94,102.1,3.97,1.172
2048-02-29,11,5.79,98,290.34,88.4,102.4,1.98,0.336
2048-03-01,10.23,4.46,143.2,257.05,82.8,102.7,0,0.536
2048-03-02,8.53,3.49,58.42,277.22,89,102.2,0,1.167
2048-03-03,7.23,3.5,63.37,295.1,86.9,100.6,4.4,5.127
2048-03-04,8.51,4.15,91.89,300.28,83.4,99.9,1.21,5.492
2048-03-05,7.88,2.78,92.86,275.96,87.2,100.3,0.54,3.658
2048-03-06,8.03,2.84,81.22,288.75,86.9,100.7,1.07,2.12
2048-03-07,9.75,6.92,72.72,330.9,96.3,100.8,4.19,3.589
2048-03-08,12.56,5.96,105.35,319.81,89.6,102.2,0.15,1.793
2048-03-09,14.12,8.23,116.59,304.49,83.9,102.4,0.11,3.963
2048-03-10,13.52,8.6,125.37,308.19,83.5,102.2,0.07,4.844
2048-03-11,15.81,9.24,161.73,290.28,78.7,102.6,0,3.757
2048-03-12,15.02,9.25,149.65,299.1,88.8,102.5,0.1,1.202
2048-03-13,16.55,9.47,168.52,286.6,77.8,102.7,0,3.093
2048-03-14,17.07,8.19,169.55,285.17,78.3,103,0,1.179
2048-03-15,14.9,7.49,116.07,294.97,86.6,102.2,0,0.5
2048-03-16,12.65,6.05,142.49,279.88,80.6,103,0,1.319
2048-03-17,11.69,3.21,118.4,290.1,81.2,103.2,0.12,1.466
2048-03-18,13.35,7.56,134.06,307.54,79.9,102.6,0.02,3.544
2048-03-19,13.2,5.08,158.86,273.66,74.4,102.9,0.04,3.125
2048-03-20,13.31,5.23,130.78,288.49,81.8,102.7,0,1.064
2048-03-21,17,7.45,147.84,304.5,79.2,101.8,0,2.177
2048-03-22,11.99,6.5,80.54,315.21,82.2,102,3.21,0.803
2048-03-23,11.52,4.28,147.04,279.2,75.3,103.3,0.14,0.48
2048-03-24,11.54,4.26,200.77,256.3,76.2,103.3,0,1.528
2048-03-25,12.74,5.72,207.36,260.06,78.1,102.7,0,4.345
2048-03-26,10.96,7.17,191.93,261.97,82.2,102.8,0,5.989
2048-03-27,12.5,6.32,211.57,263.66,86.8,102.2,0,3.258
2048-03-28,15.99,6.05,190.04,288.78,84.3,101.4,0.05,3.379
2048-03-29,12.81,9.42,186.96,286.34,83.2,100.8,0,5.6
2048-03-30,11.29,8.62,213.55,269.96,74.6,100.9,0.03,5.952
2048-03-31,10.25,8.03,211,257.78,67.9,101.3,0,6.342
2048-04-01,10.08,4.38,220.46,241.26,68,101.9,0,4.448
2048-04-02,11.22,3.68,221.83,247.98,77.5,102.5,0,2.854
2048-04-03,13.37,2.2,229.56,249.91,82.1,103,0,0.5
2048-04-04,15.22,6.36,177.12,296.4,81.9,102.4,0.77,3.154
2048-04-05,11.98,6.3,137.95,303.64,64.7,101.8,0.13,5.589
2048-04-06,11.19,6.82,141.13,304.29,68,100.9,1.98,6.005
2048-04-07,10.75,6.48,147.78,288.1,58.7,101.5,0.23,5.2
2048-04-08,10.7,3.58,132.48,284.39,69.8,102.7,0.12,2.742
2048-04-09,14.28,4.37,131.87,310.18,81.3,103.1,0.36,2.699
2048-04-10,15.73,8.6,140.33,317.59,80.4,103.1,0.59,3.793
2048-04-11,15.89,8.94,162.9,312.38,81.8,103.1,0.38,2.351
2048-04-12,16.36,7.87,214.9,286.64,80.9,103.2,0.03,1.32
2048-04-13,19.31,7.15,248.13,281.66,81.2,103.1,0,1.23
2048-04-14,14.65,6.37,202.19,287.53,85.9,103.4,0,1.905
2048-04-15,12.28,6.05,173.36,294,84.2,103.7,0.11,2.79
2048-04-16,15.23,5.44,251.45,272.26,82.9,103.3,0,1.098
2048-04-17,14.22,6.64,193.64,306.15,84.8,103.2,0.06,1.346
2048-04-18,18.28,8.34,212.18,314.1,84.6,102.8,0.18,0.071
2048-04-19,13.47,7.01,176.26,307.09,84.4,102.9,0.06,2.806
2048-04-20,17.62,6.1,257.21,281.6,82.9,102.8,0,0.565
2048-04-21,20.08,7.35,277.17,283.16,73.1,102.3,0,1.135
2048-04-22,19.9,10.69,212.39,303.73,59.7,101,0.04,4.682
2048-04-23,10.63,5.75,118.28,294.27,64.4,100.5,0.97,3.721
2048-04-24,9.26,5.18,148.01,294.86,70.1,100.9,3.46,3.985
2048-04-25,9.38,4.81,153.87,293.92,64.3,101.3,2.15,3.916
2048-04-26,10.6,3.63,161.85,282.02,63.1,101.5,1.39,2.077
2048-04-27,11.65,6.02,261.42,265.88,54.3,102.2,0.03,4.367
2048-04-28,12.1,4.92,277.32,254.73,59.4,102.1,0,3.264
2048-04-29,12.95,5.13,175.9,298.26,76.5,102.3,0.06,2.098
2048-04-30,14.84,6.86,234.18,297.33,78.9,103,0.26,1.3
2048-05-01,17.16,6.19,221.41,306.32,76.5,102.9,0.05,1.353
2048-05-02,17.03,10.53,296.48,286.75,71.8,102.3,0,0.738
2048-05-03,21.25,9.73,268.26,298.98,61.9,101.5,0.06,4.171
2048-05-04,15.96,8.33,230.05,281.34,59.9,102.3,0.14,2.276
2048-05-05,20.73,9.94,224.67,299.18,58.8,102,0,5.408
2048-05-06,14.95,9,235.18,297.04,60.1,102.4,0.15,1.134
2048-05-07,17.62,8.38,212.77,319.35,69.3,102,0.28,1.862
2048-05-08,11.1,7.73,142.67,312,59.9,102.8,0.31,1.427
2048-05-09,13.04,7.2,220.52,286.28,59.6,103,0.08,4.851
2048-05-10,13.32,5.89,282,257.41,56.8,103.3,0,4.756
2048-05-11,13.93,4.3,313.99,251.89,66.5,103.2,0,1.941
2048-05-12,13.42,4.41,203,302.98,83.7,103.1,1.71,2.632
2048-05-13,14.3,9.72,248.03,311.3,82.1,102.8,0.22,2.213
2048-05-14,15.8,9.11,290.18,291.95,71.4,102.6,0.2,2.53
2048-05-15,16.94,8.17,328.31,268.67,71.7,102.8,0,2.347
2048-05-16,15.15,5.21,330.91,255.14,78.8,102.7,0,2.807
2048-05-17,22.36,5.55,301.02,295.04,62.7,102.2,0,1.814
2048-05-18,20.47,11.82,287.75,304.32,64.1,102.3,0,2.242
2048-05-19,22.35,11.26,219.72,342.48,77.4,102.1,6.72,1.209
2048-05-20,14.72,10.36,165.85,323.95,77.7,102.2,4.33,0.808
2048-05-21,15.53,8.03,185.55,298.51,67.1,102.5,0.03,0.918
2048-05-22,17.31,10.68,263.97,306.68,58.6,102.6,0.16,2.307
2048-05-23,15.75,9.53,207.16,313.89,66,103.3,0.05,1.426
2048-05-24,13.39,9.17,260.63,292.6,70.5,103.4,0.05,4.604
2048-05-25,16.03,9.96,331.03,276.52,64.3,103.4,0.09,5.074
2048-05-26,14.63,10.13,219.44,322.58,84.3,103,0.7,3.248
2048-05-27,17.27,10.07,316.63,306.85,80.7,102.7,0.05,2.974
2048-05-28,16.59,10.72,263.95,319.37,74.1,101.8,0.28,2.481
2048-05-29,15.39,8.33,300.59,281.62,65.9,101.7,0,3.169
2048-05-30,15.46,6.92,272.6,277.4,71.9,101.8,0,1.046
2048-05-31,16.96,6.97,299.58,279.37,69.7,101.7,0,1.477
2048-06-01,18.47,7.01,326.75,281.34,67.6,101.6,0,2.838
2048-06-02,18.92,10.94,307.65,311.17,75.5,101.6,0.35,1.943
2048-06-03,18.55,10.8,195.43,339.78,84.7,101.8,2.59,1.623
2048-06-04,18.19,10.32,253.83,312.94,81.2,101.9,0.39,2.243
2048-06-05,18.2,9.54,336.83,288.36,82.3,102,0,3.031
2048-06-06,16.95,11.04,287.78,314.23,84.5,101.8,0.09,3.267
2048-06-07,20.18,11.56,327.96,312.17,75,101.7,0.08,1.638
2048-06-08,22.49,12.83,272.64,344.62,82.6,101.7,0.39,1.769
2048-06-09,22.8,14.19,295.15,341.4,82.7,101.8,0.01,1.917
2048-06-10,23.16,14.07,332.41,314.07,69.8,101.8,0.19,3.531
2048-06-11,22.5,13.77,346.59,305.01,67.5,101.8,0.07,4.317
2048-06-12,23.58,14.86,347.78,310.08,71.9,101.8,0,4.144
2048-06-13,23.78,13.91,345.86,313.21,74,102.1,0,4.064
2048-06-14,24.58,13.76,324.06,322.89,78.9,102.1,0.04,2.592
2048-06-15,26.74,13.78,189.54,347.5,54,101.7,0.83,2.613
2048-06-16,22.38,11.61,282.25,311.52,53.5,101.5,0.39,1.826
2048-06-17,19.53,11.96,123.51,341.86,71.5,100,4.34,3.745
2048-06-18,19.61,10.47,186.25,321.34,66.4,100.3,1.85,2.908
2048-06-19,18.66,9.74,249.38,296.14,63.7,101.3,0.12,1.339
2048-06-20,19.58,10.77,313.27,288.85,67.6,102,0,3.241
2048-06-21,19.58,10.88,331.16,288.23,69.6,102.2,0,3.147
2048-06-22,20.89,11.34,327.77,303.33,71.6,101.7,0,1.938
2048-06-23,16.88,14.89,92.14,355.59,82,101.2,1.18,1.006
2048-06-24,23.7,15.65,224.36,360.91,79,100.8,4.63,1.251
2048-06-25,22.19,16.02,188.51,361.63,72.3,100.2,19.3,2.383
2048-06-26,20.21,14.21,213.06,335.9,65.4,99.9,0.71,3.763
2048-06-27,23.72,15.23,266.7,342.11,64.5,100.7,1.65,3.218
2048-06-28,22.35,14.53,294.59,321.85,74.2,101.3,0.24,1.066
2048-06-29,23.8,14.42,259.99,342.12,75,101.1,0.61,1.234
2048-06-30,22.59,14.78,269.59,325.85,66,101.1,1.1,3.304
2048-07-01,24,13.45,281.81,327.18,61.3,101.5,0.02,4.036
2048-07-02,25.51,15.22,226.44,351.11,73,101.8,0.82,1.725
2048-07-03,23.43,14.25,287.59,329.38,72.9,102.4,0.06,1.018
2048-07-04,28.69,13.79,342.43,327.52,61.9,102.5,0,1.605
2048-07-05,24.42,18.01,246.32,351.91,72.2,102,1.16,0.37
2048-07-06,23.07,13.65,273.09,322.1,56.2,101.4,0.05,3.812
2048-07-07,22.37,13.15,271.92,316.87,53,101.6,0.04,3.755
2048-07-08,21,13.12,232.84,320.34,74,101.3,6.75,1.367
2048-07-09,19.96,13.49,258.41,322.3,71.5,101.3,0.41,3.427
2048-07-10,20.23,12.25,178.93,330.64,68.7,101.9,0.23,1.555
2048-07-11,26.71,13.62,332.12,320.15,59.9,102,0,3.749
2048-07-12,22.53,14.87,203.83,342.88,70.6,101.9,0.16,1.499
2048-07-13,22.62,15.26,185.15,348.59,66.2,101.7,0.08,2.039
2048-07-14,18.87,14.23,160.29,344.7,87.5,101.4,14.13,2.377
2048-07-15,21.16,12.12,297.81,311.92,70.8,101.4,0.3,1.47
2048-07-16,24.05,12.02,284.9,329.44,60.7,101.4,3.21,1.891
2048-07-17,21.41,14.86,220.05,356.66,84.2,100.3,14.73,2.703
2048-07-18,21.9,14.83,253.04,343.41,73.1,100.9,0.78,3.099
2048-07-19,18.63,15.28,66.97,370.2,92.6,100.6,11.08,4.681
2048-07-20,19.4,15.7,67.59,382.69,97.7,100.5,22.99,2.409
2048-07-21,20.53,13.44,224.73,338.63,74.1,100.8,0.21,1.297
2048-07-22,20.11,11.94,250.26,316.84,72.3,100.5,0.22,1.722
2048-07-23,21.09,13.69,231.61,325.94,66.2,100.9,0.04,2.344
2048-07-24,23,13.64,255.86,334.16,70.4,100.7,0.16,2.765
2048-07-25,21.69,15.11,198.3,343.23,80.4,100.3,5.87,4.257
2048-07-26,23.33,14.96,243.84,345.28,77.4,101.1,8.36,3.229
2048-07-27,23.29,14.15,283.83,323.66,67.7,101.6,0,1.137
2048-07-28,25.91,17.25,194.06,373.2,77.3,101.3,4.59,3.056
2048-07-29,22.46,14.8,242.56,333.46,72.7,102,0.05,2.238
2048-07-30,21.22,13.78,303.5,304.26,73.1,102.5,0,3.106
2048-07-31,21.09,14.27,269.49,322.89,74.8,102.4,0.01,3.36
2048-08-01,20.95,14.75,236.41,341.43,76.5,102.2,0.05,3.624
2048-08-02,22.26,17.02,284.32,336.24,80.2,101.5,0.15,4.804
2048-08-03,26.79,18.83,270.89,364.16,80.3,100.7,4.28,1.122
2048-08-04,26.57,17.49,241.95,355.09,78.8,101.2,0.07,0.711
2048-08-05,26.01,16.49,210.5,349.52,68.4,101.2,0.16,2.274
2048-08-06,26.06,17.92,266.94,344.08,61.9,100.7,0.59,4.634
2048-08-07,26.15,15.71,239.26,344.07,63.8,101.1,4,4.648
2048-08-08,24.25,16.83,199.39,364.38,83.3,100.7,9.31,2.972
2048-08-09,21.46,15.68,187.15,343.69,82.7,100.9,6.97,1.034
2048-08-10,20.99,15.23,196.91,341.89,77.9,101,2.15,3.642
2048-08-11,22.65,15,270.09,318.6,69.3,101.2,1.22,4.487
2048-08-12,21.12,13.18,151.52,332.11,72.3,101.3,1,1.316
2048-08-13,20.46,16.22,85.76,373.23,88.6,99.7,15.43,1.688
2048-08-14,21.76,16.58,218.59,347.64,70.9,99,4.36,8.294
2048-08-15,21.29,15.22,182.46,349.21,81.5,99.2,2.86,5.797
2048-08-16,21.87,14.84,215.61,342.55,79.3,100.8,0.92,4.142
2048-08-17,21.28,13.53,246.2,312.69,78.9,101.4,0.11,1.152
2048-08-18,22.54,16.46,233.77,338.21,75.7,100.6,3.24,3.554
2048-08-19,22.24,15.62,232.7,337.66,79.6,100.4,2.11,1.895
2048-08-20,23.03,15.49,202.65,346.07,75.4,101,0.22,2.92
2048-08-21,22.88,17.48,134.12,366.79,77.7,100.6,2.49,3.669
2048-08-22,22.74,17.42,211.17,348.25,80.7,100.5,3.34,2.307
2048-08-23,23.09,16.75,202.71,344.12,74.9,100.7,0.94,4.881
2048-08-24,22.63,15.73,160.16,355.77,84.8,100.9,4.32,2.273
2048-08-25,22.54,16.62,135.11,369.75,87.3,100.3,11.52,1.613
2048-08-26,22.94,15.9,186.71,353.05,82.4,100.7,4.98,2.523
2048-08-27,22.01,17.3,103.45,375.51,89,100.7,2.2,2.868
2048-08-28,23.87,19.11,113.94,388.68,91.9,100.6,21.51,1.367
2048-08-29,21.44,17.07,121.04,360.58,92.7,100.2,25.36,1.983
2048-08-30,22.61,15.14,211.38,329.09,80.2,100.8,0.1,1.78
2048-08-31,21.72,15.02,204.1,329.4,81.5,101.5,0.11,0.055
2048-09-01,20.83,14.9,196.8,329.9,82.9,102.1,0.12,2.37
2048-09-02,23.78,14.99,226.54,331.59,81.3,102.7,0,0.849
2048-09-03,24.44,16.22,239.93,337.13,78.3,102.3,0,0.822
2048-09-04,21.55,14.31,215.46,319.46,72.8,102.2,0.06,2.738
2048-09-05,21.24,13.84,207.4,319.58,75.8,102.9,0,1.155
2048-09-06,20.48,13.54,199.07,327.93,79.1,103.1,0.01,1.897
2048-09-07,20.51,14.97,147.69,349.2,81.7,102.4,0.03,2.691
2048-09-08,25.03,13.27,230.36,326.2,78.8,101.2,0.06,0.567
2048-09-09,23.63,14.35,177.4,331.67,73.7,101,0.06,2.356
2048-09-10,23.08,12.89,194.79,330.06,70.5,101.4,0,1.927
2048-09-11,23.3,15.29,179.95,340.85,74.3,101.3,0.07,1.276
2048-09-12,22.55,16.58,87.34,368.6,79.7,100.8,5.41,3.899
2048-09-13,21.91,14.53,189.43,329.15,71.6,100.9,2.2,4.264
2048-09-14,20.15,11.92,181.02,304.97,74.8,101.4,0.28,1.568
2048-09-15,21.12,10.9,180.04,306.86,71.6,101.6,0,0.652
2048-09-16,20.79,14.46,147.88,345.19,77.7,100.5,18.81,3.609
2048-09-17,19.79,14.74,148.77,326.29,77.9,99.6,0.63,5.878
2048-09-18,20.72,13.76,154.56,323.46,76,100.9,0.26,4.753
2048-09-19,21.17,12.46,190.02,308.7,75.6,101.6,0,3.203
2048-09-20,21.01,11.64,188.26,312.05,79.9,101.6,0,1.266
2048-09-21,21.74,13.31,167.84,334.09,80.4,101.6,2.08,2.588
2048-09-22,18.65,12.46,140.47,326.44,79,101.6,0.34,3.27
2048-09-23,18.32,11.11,145.75,310.36,79.1,101.5,0.08,3.134
2048-09-24,19.44,9.78,161.87,305.37,78.8,101.7,0,0.902
2048-09-25,19.55,13.4,116.34,342.87,80.6,101.5,1.98,1.942
2048-09-26,19.7,13.43,139.96,347.07,84.4,101.6,0.33,1.133
2048-09-27,21.51,14.27,99.63,351.46,85.6,101.7,1.51,3.049
2048-09-28,20.04,12.55,130.4,344.23,76.9,102.3,0.09,1.772
2048-09-29,20.19,15.94,104.34,351.72,89.9,102.3,0.07,0.457
2048-09-30,22.62,17.63,160.69,336.87,85.1,102,0,4.857
2048-10-01,23.49,17.39,162.53,333.49,86.5,102,0,2.904
2048-10-02,25.45,15.55,162,337.28,83.6,102.1,0,1.905
2048-10-03,23.29,17.47,155.7,334.8,82.7,101.8,0,2.863
2048-10-04,23.58,17.5,157.13,332.57,80,101.2,0,3.282
2048-10-05,22.18,16.92,98.02,356.45,92,101,2.01,0.981
2048-10-06,20.75,15.65,120.26,346.1,84.5,101.1,0.24,1.349
2048-10-07,19.86,13.89,122.06,321.59,74.2,101.2,1.53,3.403
2048-10-08,18.5,12.04,77.54,316.43,73.5,101.3,0.12,1.27
2048-10-09,16.73,9.96,114.76,303.38,84.8,100.9,1.15,1.235
2048-10-10,17.29,8.31,138.06,281.31,77.5,101.4,0,1.666
2048-10-11,17.56,8.76,51.76,344.32,83.9,101.7,1.79,2.338
2048-10-12,22.3,17.12,89.39,366.68,87.6,102,0.36,3.443
2048-10-13,22.76,15.3,99.53,350.81,84,102.2,0,4.006
2048-10-14,19.3,14.65,77.15,352.68,84.6,102.3,0.08,3.541
2048-10-15,21.93,15.81,92.31,351.07,88.7,102.2,0.4,3.133
2048-10-16,22.2,15.06,91.77,339.46,93.3,102,0.04,2.056
2048-10-17,20.51,14.6,74.01,357.01,89,102.2,0.54,1.464
2048-10-18,19.19,14.18,77.57,353.13,93.5,102.6,0.43,1.643
2048-10-19,19.41,13.16,95,325.1,90.8,102.7,0.01,2.274
2048-10-20,19.22,14.68,79.86,341.83,85,103,0,4.372
2048-10-21,17.88,15.03,58.42,350.84,88.4,103.2,0.06,4.4
2048-10-22,19.11,10.96,108.51,299.97,84,102.6,0,0.808
2048-10-23,19.54,9.13,91.68,322.46,85.8,101.5,1.15,1.434
2048-10-24,14.04,8.85,68.49,311.73,68,101.9,4.85,2.019
2048-10-25,13.7,5.68,71.64,283.15,71.7,102.9,0,2.748
2048-10-26,13.49,4.41,71.89,287.19,77.6,102.7,0,2.617
2048-10-27,15.37,7.46,92.85,294.03,78.6,102.2,0,1.491
2048-10-28,15.95,5.86,81.56,305.36,83.6,102,0,0.795
2048-10-29,18.62,11.84,59.59,352.39,93.9,101.7,1.88,1.429
2048-10-30,17.42,15.43,39.06,373.76,96.6,101.4,9.29,0.449
2048-10-31,16.96,14.96,42.09,366.02,95.6,101.4,4.78,1.234
2048-11-01,16.49,14.49,45.13,358.56,94.5,101.5,0.28,2
2048-11-02,17.35,14.45,76.89,339.56,81,100.3,8.4,4.613
2048-11-03,16.64,13.81,30.67,358.87,92.5,98.8,34.64,3.776
2048-11-04,13.72,9.54,57.31,311.02,82.8,98.4,6.12,8.288
2048-11-05,12.12,6.47,76.83,286.81,87,98.9,0.19,0.267
2048-11-06,11.98,5.16,33.23,294.63,75.9,99.8,0.14,1.804
2048-11-07,12.82,3.85,37.97,302.62,76.4,100.6,7.32,7.648
2048-11-08,15.23,10.47,20.28,359.44,95.7,98.6,16.8,6.273
2048-11-09,15.85,11.75,61.36,329.26,86.1,99.3,0.85,3.197
2048-11-10,15.52,13.29,55.09,328.1,86.2,99.7,0.89,3.576
2048-11-11,15.08,12.03,40.97,341.11,88.9,99,8.34,2.266
2048-11-12,14.6,8.48,62.42,288.87,88.2,98.5,0.56,1.762
2048-11-13,12.74,6.35,68.95,275.07,91.8,98.9,0,1.901
2048-11-14,11.09,4.94,52.34,282.56,93.4,99.9,0.02,2.372
2048-11-15,11.56,5.36,68.68,265.46,89,101,0,3.852
2048-11-16,11.89,4.51,9.92,320.43,91.1,100.2,12.61,1.461
2048-11-17,11.1,6.4,64.78,274.04,83.6,100.7,0,5.012
2048-11-18,11.97,5.49,59.53,277.24,85,101.6,0,3.569
2048-11-19,13.87,11.31,35.02,321.27,85.4,101.5,0,1.991
2048-11-20,14.07,9.08,20.94,323.66,90.4,100.6,6.83,1.976
2048-11-21,13.15,7.62,55.15,288.91,85.9,101.3,0,1.161
2048-11-22,14.84,12.17,6.56,356.2,92.1,99.7,21.92,3.834
2048-11-23,14.53,10.77,40.52,312.5,85.7,100.2,0.27,3.444
2048-11-24,15.39,11.51,13.11,338.65,89.6,100.2,2.11,2.145
2048-11-25,14.1,9.79,55.41,286.04,82.2,101.1,0,3.563
2048-11-26,12.77,7.25,52.89,286.93,94.7,101.3,0,0.93
2048-11-27,12.19,9.54,8.52,315.9,90.2,100.3,4.84,3.045
2048-11-28,12.8,9,35.24,313.4,94.3,99.9,7.55,1.855
2048-11-29,9.39,6.61,47.29,292.07,95.4,99.9,0.1,3.642
2048-11-30,9.92,6.65,35.37,314.17,96,101.2,0.11,3.596
2048-12-01,8.95,6.08,27.36,293.63,95.6,101.7,0,3.25
2048-12-02,14.98,6.66,8.16,350.16,97,101,8.64,1.867
2048-12-03,14.87,7.78,17.66,332.26,88.9,101.7,0.51,3.39
2048-12-04,11.01,7.46,29.58,316.25,80.3,102.5,0.46,5.045
2048-12-05,7.83,6.93,26.52,306.53,71.6,102.7,0.24,9.497
2048-12-06,7,5.44,27.96,291.37,76,102.9,0.21,7.879
2048-12-07,6.45,4.76,40.9,285.99,77.3,102.9,0.1,5.842
2048-12-08,6.7,5.23,20.74,315.06,73.6,103.1,0.27,4.064
2048-12-09,5.87,2.02,25.25,290,86.3,103.3,0.08,1.573
2048-12-10,5.55,1.17,27.16,291.13,95.7,102.9,0.49,1.708
2048-12-11,10.2,4.92,22.52,324.44,96.3,102.2,4.6,0.399
2048-12-12,6.95,4.33,18.21,309.58,75.3,102.1,0.39,6.029
2048-12-13,6.52,3.53,19.56,305.88,82.1,101.4,1.29,4.484
2048-12-14,5.18,3.61,8.05,312.93,86.5,100.2,3.39,3.941
2048-12-15,7.5,4.31,26.02,312.14,88.1,100.1,0.5,4.409
2048-12-16,7.5,6.16,17.97,313.71,74.7,100.7,0.1,7.331
2048-12-17,7.5,4.75,17.78,306.94,82.7,101.4,2.37,5.485
2048-12-18,8.17,6,20.11,320.59,92.2,101.7,1.11,1.041
2048-12-19,7.9,4.73,24.47,317.83,88.7,101.9,1.71,3.732
2048-12-20,6.51,4.38,19.37,311.17,84.3,102.2,0.72,5.074
2048-12-21,4.86,3.16,19.2,306.44,90.6,101.9,1.6,3.344
2048-12-22,4.84,2.73,20.42,306.1,96.6,101.4,1.28,1.821
2048-12-23,5.73,2.51,24.23,285.03,92.4,102.1,0.15,3.054
2048-12-24,8.6,3.48,20.16,316.49,97,101.9,1.45,3.462
2048-12-25,9.34,3.78,32.54,298.63,94.8,101.3,5.54,3.327
2048-12-26,12.35,6.19,17.31,315.59,87.8,99.9,6.27,4.504
2048-12-27,9.26,4.82,18.34,285.98,86.5,98.5,1.49,3.934
2048-12-28,7.91,3.81,22.97,312.27,79.7,100.1,10.46,6.476
2048-12-29,6.97,3.06,38.08,282.48,83.8,101.8,0.02,4.587
2048-12-30,4.51,-0.62,35.15,243.12,88.7,102.5,0,2.474
2048-12-31,5.64,-0.31,27.91,268.6,89.4,102.5,0.41,2.186
2049-01-01,6.77,0.01,20.73,299.42,90.2,102.5,0.83,1.806
2049-01-02,7.17,5.08,9.92,326.37,95.6,102,12.11,1.859
2049-01-03,5.98,1.98,44.67,255.94,95.5,102.5,0,2.83
2049-01-04,8.41,1.39,16.01,305.67,95.2,102.5,6.85,2.172
2049-01-05,12.06,8.44,10.49,354.25,97.1,101.3,7.32,3.405
2049-01-06,9.26,3.94,23.66,281.84,88.2,101,0,3.702
2049-01-07,7.98,4.17,45.45,270.2,87.7,101.2,0.04,4.83
2049-01-08,11.97,6.71,9.25,336.65,94,99.5,7.26,4.107
2049-01-09,11.59,2.15,45.45,272.24,80.1,98.5,1,4.697
2049-01-10,4.93,0.39,41.25,240.52,93.9,99,0,2.701
2049-01-11,7.17,0.08,48.95,259.12,88.4,100.3,0.07,3.623
2049-01-12,10.14,7.06,15.21,329.62,93.9,98.8,6.86,2.461
2049-01-13,8.94,4.8,23.59,288.59,86.8,99.1,0.65,4.944
2049-01-14,6.72,3.22,29.24,276.04,86.6,100.3,0.2,3.718
2049-01-15,10.91,5.05,26.39,328.95,94.3,98.8,14.85,2.832
2049-01-16,6.87,1.27,43.46,260.96,88,101,0,3.455
2049-01-17,7.47,1.35,50.82,259.16,82.4,102.4,0,4.96
2049-01-18,5.99,1.96,19.37,295.12,89.3,101.7,6.34,4.057
2049-01-19,5.43,1.51,38.63,261.74,72.8,100.8,0,6.592
2049-01-20,5.68,-0.22,33.39,280.32,80.4,100.3,0.19,3.78
2049-01-21,4.41,2.69,27.92,303.25,88.3,100.5,4.06,3.88
2049-01-22,5.27,1.98,53.05,280.71,85.2,101,0.6,1.01
2049-01-23,4,-0.86,47.14,264.57,86.3,101,0.17,4.07
2049-01-24,5.36,-0.2,55.78,259.25,89.8,100.9,0.01,3.404
2049-01-25,5.29,-0.9,54.98,257.49,88.7,101.9,0.12,2.419
2049-01-26,7.35,2.68,57.07,283.6,95,102.2,0,3.342
2049-01-27,7.7,3.92,39.99,307.13,89.5,102.2,0.77,2.36
2049-01-28,5.61,2.56,47.71,287.35,86.5,101.6,0.13,2.624
2049-01-29,5.86,1.99,44.42,278.31,93.7,101,0.83,2.56
2049-01-30,5.82,-2.11,74.46,234.61,88.4,100.7,0,3.139
2049-01-31,6.16,-2.1,31.99,279.87,80,100.6,2.33,6.918
2049-02-01,5.02,4.01,24.04,318.68,93.8,100.6,7.09,9.191
2049-02-02,4.81,3.43,37.64,307.89,90.1,101.4,0.52,5.183
2049-02-03,7.93,3.47,36.43,316.3,92.4,101.6,0.39,2.612
2049-02-04,8.44,7.54,27.91,335.51,91.1,100.7,6.24,2.487
2049-02-05,9.43,5.78,86.23,274.41,86,101.8,0.28,3.724
2049-02-06,8.92,6.18,33.26,316.86,93.5,101.5,16.34,2.12
2049-02-07,8.06,4.73,72.79,293.76,85.2,101.7,5.22,2.204
2049-02-08,11.85,5.2,47.81,301.53,85.4,100.7,7.65,3.085
2049-02-09,11.06,5.84,19.5,314.42,91.6,99.3,16.4,2.341
2049-02-10,9.44,4.2,79.44,269.12,90.3,99.1,0.05,1.408
2049-02-11,7.93,4.41,37.4,305.09,92.4,99.7,7.2,1.652
2049-02-12,8.35,3.37,84.15,281.44,86,101.1,0.03,3.024
2049-02-13,10.69,4.31,28.5,325.11,94.7,101.2,3.21,2.2
2049-02-14,12.48,6.64,55.15,320.64,94.8,100.5,3.09,2.798
2049-02-15,9.82,6.4,81.95,296.7,83.1,100.2,1.26,4.773
2049-02-16,9.11,5.3,74.32,289.89,79.9,100.9,0.13,4.003
2049-02-17,7.69,4.13,61.71,283.78,89.7,102.6,1.15,2.438
2049-02-18,7.48,3.33,69.59,282.77,77.6,103.5,0.07,3.155
2049-02-19,3.42,0.2,97.29,244.68,57.1,104.3,0,8.172
2049-02-20,3.13,-0.89,123.31,219.34,62.6,104.2,0,6.188
2049-02-21,7.13,-1.93,112.16,265.74,81.9,103.5,1.09,1.506
2049-02-22,7.76,4.68,84.51,298.13,78,103,0.09,2.934
2049-02-23,7.46,2.48,61.12,291.79,85.7,103,0.08,0.349
2049-02-24,7.43,1.72,60.94,300.12,90.6,102,3.29,3.251
2049-02-25,6.81,3.08,71.01,284.83,82.5,100.8,1.09,4.001
2049-02-26,6.78,2.55,76.06,288.4,77.5,101.3,1.94,3.404
2049-02-27,7.77,3.61,40.57,303.75,89.1,100.1,5.75,7.033
2049-02-28,6.52,2.51,88.3,277.32,73.8,99.7,1.04,6.442
2049-03-01,5.81,-0.64,105.72,243.56,82.4,100.8,0.42,3.445
2049-03-02,6.91,-1.94,121.29,246.45,79.4,101.3,0.08,2.752
2049-03-03,5.88,-0.62,98.03,252.68,80.6,101.7,0.44,2.407
2049-03-04,7.07,-2.05,139.99,243.69,66,102.2,0.23,3.779
2049-03-05,7.23,4.04,73.48,311.69,90.7,101.1,3.78,2.595
2049-03-06,7.21,2.82,76.07,297.2,68.7,102.3,0.08,0.315
2049-03-07,10.6,4.79,90.17,308.46,88.8,103.1,0.15,1.52
2049-03-08,8.08,6.03,89.23,303.87,76.5,102.5,0,2.883
2049-03-09,10.39,6.79,73.53,310.98,85.7,101,0.3,2.419
2049-03-10,8.63,6.07,85.52,313.88,89.9,101,3.53,6.569
2049-03-11,6.04,3.22,174.2,229.56,59.2,102.1,0,9.066
2049-03-12,6.74,2.12,168.01,237.56,68.7,102.6,0,4.68
2049-03-13,5.42,3.53,70.15,304.89,79.5,102.4,0.58,3.405
2049-03-14,5.22,3,75.75,302.04,79.8,102.6,1.51,3.124
2049-03-15,6.33,0.76,89.95,277.44,84.5,103.1,0.36,0.7
2049-03-16,8.69,2.28,92.37,300.41,84.3,103.2,0.64,1.174
2049-03-17,6.55,2.7,112.89,290.4,82.8,103.4,0.27,2.205
2049-03-18,8.49,3.46,84.76,311.89,79.9,103.4,0.33,1.12
2049-03-19,11.53,4.94,124.36,308.23,77.8,103.6,0.12,2.591
2049-03-20,13.69,7.14,120.09,316.04,80.5,103.5,0.04,4.109
2049-03-21,13.29,6.54,114.25,317.44,85.7,103.6,0.11,2.522
2049-03-22,14.07,7.67,140.33,312.16,83.5,102.8,0.32,2.332
2049-03-23,14.82,6.2,191.67,273.56,84.3,102.3,0,2.252
2049-03-24,16.47,5.74,202.63,281.59,84.1,101.5,0,1.464
2049-03-25,16.57,10.15,172.33,312.81,83.8,100.5,0.28,2.917
2049-03-26,10.99,5.43,77.23,312.84,85.3,99.6,17.22,3.939
2049-03-27,9.55,3.63,149.08,262.06,67,99.4,1.65,5.486
2049-03-28,10.11,2.05,140.87,276.3,72.7,99.6,0.82,3.637
2049-03-29,9.45,2.23,163.5,257.72,67.6,100.5,0.18,2.851
2049-03-30,7.95,1.62,129.4,270.62,66.8,101.8,0.45,2.48
2049-03-31,10.4,3.3,99.56,306.38,79.6,101.5,2.39,4.685
2049-04-01,8.57,4.33,98.23,305.66,73.5,101.9,0.18,1.209
2049-04-02,12.76,5.24,118.2,319.52,85.8,101.4,1.2,2.39
2049-04-03,14.41,4.2,96.95,326.95,87.7,100,10.19,3.73
2049-04-04,9.26,3.05,218.81,250.29,60.3,101.7,0,1.757
2049-04-05,10.03,2.33,134.08,284.35,66.8,102,0.07,4.439
2049-04-06,11.93,3.85,121.18,295.91,72.7,101.1,0.12,4.191
2049-04-07,7.65,2.87,92.31,296.15,83.8,100.9,1.07,4.141
2049-04-08,7.06,4.93,88.7,314.4,89.4,100.3,5.29,4.56
2049-04-09,8.65,1.67,159.91,266.34,67.7,101.1,0.07,3.182
2049-04-10,9.44,1.06,123.69,283.14,74.5,101.9,0.09,0.87
2049-04-11,11.17,3.78,123.68,304.46,81.7,102.1,0.41,1.362
2049-04-12,12.79,7.79,126.85,317.41,77.2,101.6,0.6,4.327
2049-04-13,11.09,7.11,86.66,316.38,81.8,100.3,6.5,5.431
2049-04-14,12.04,3.9,167.34,292.83,65.8,101,0.53,4.684
2049-04-15,11.97,3.31,173.46,287.24,66.4,102.4,0.1,3.169
2049-04-16,13.68,7.49,103.91,322.12,85.5,101.7,4.97,4.681
2049-04-17,11.38,5.19,177.15,281.37,63.9,101.9,0.48,5.25
2049-04-18,12.59,6.37,135.84,314.96,72.2,102.3,0.63,4.677
2049-04-19,17.44,8.8,193.41,326.23,77.1,102,0,5.055
2049-04-20,18.59,8.58,266.91,284.52,73.7,101.8,0,2.656
2049-04-21,19.45,7.83,250.21,288.49,73.4,101.5,0,1.407
2049-04-22,19.93,9.8,227.54,322.57,84.1,100.9,5.03,2.299
2049-04-23,15.18,10.23,174.95,314.21,72,101.1,3.42,4.322
2049-04-24,17.58,9.65,128.06,353.85,86.8,100.8,2.38,3.218
2049-04-25,14.78,8.54,219.78,301.92,63.9,100.9,9.31,6.999
2049-04-26,14.19,7.82,209.51,298.06,59.9,101.5,0.34,5.988
2049-04-27,15.03,7.91,184.42,305.45,67.9,101.9,0.34,2.192
2049-04-28,13.1,8.25,146.06,310.71,77.1,101.9,2.19,0.521
2049-04-29,14.92,8.18,255.3,295.98,69.7,101.3,0.07,4.489
2049-04-30,12.93,9.54,119.98,334.27,88.9,99.9,11.58,1.588
2049-05-01,13,6.78,224.22,280.89,84,99.9,0.14,1.388
2049-05-02,11.69,7.33,98.93,323.63,92.5,100.3,7.28,1.806
2049-05-03,14.15,8.44,200.03,308.34,86.8,101.6,0.59,3.685
2049-05-04,16.99,7.21,197.14,315.05,82.1,102.2,1.57,1.996
2049-05-05,12.86,7.29,250.08,295.27,71.3,102.6,0.08,2.132
2049-05-06,20.27,7.78,247.62,329.41,72.8,102.7,0.05,1.842
2049-05-07,12.91,8.16,190.54,305.49,82.2,103.1,0.16,3.799
2049-05-08,12.53,7.67,289.44,272.51,76.8,103.3,0,6.035
2049-05-09,15.07,10.43,269.15,295.95,79.8,102.1,0.37,4.849
2049-05-10,20.9,10.63,199.73,343.73,85.8,101.2,0.64,0.676
2049-05-11,23.44,10.47,237.2,337.28,76.3,101.4,0.27,1.289
2049-05-12,18.08,11.69,302.48,295.98,78.7,102.4,0,2.546
2049-05-13,16.63,11.2,310.47,292.74,77.3,102.7,0,5.802
2049-05-14,21.65,13.23,317.15,315.33,78.3,102.1,0,2.483
2049-05-15,15.99,10.92,292.22,299.38,77.9,102.3,0,5.184
2049-05-16,11.01,8.32,91.04,327.34,82.7,102.4,18.62,4.087
2049-05-17,13.94,8.49,275.84,292.7,65.1,102.6,0.04,2.725
2049-05-18,13.23,6.98,279.45,274.86,71.7,102.3,0,2.75
2049-05-19,13.47,5.63,216.27,288.36,76.4,101.3,0.06,1.091
2049-05-20,14.08,7.78,213.99,294.48,76.4,101,0.32,2.516
2049-05-21,13.9,7.94,195.88,301.45,75,101.5,0.47,1.529
2049-05-22,15.05,9.06,218.8,314.14,61.3,101.6,1.81,6.317
2049-05-23,12.87,8.55,152.33,312.65,62.8,102.5,0.21,0.605
2049-05-24,16.97,8.74,211.15,327.82,68.3,102,0.83,3.486
2049-05-25,21.65,12.05,267.14,335.31,67.3,101.7,0.25,5.569
2049-05-26,16.33,10.87,260.05,303.29,49.8,102.3,0.16,5.911
2049-05-27,14.86,8.26,185.77,311.38,54.1,102.3,0.27,4.375
2049-05-28,12.8,6.48,174.07,299.82,64,101.5,0.87,2.9
2049-05-29,12.83,5.03,234.03,279.3,71.1,101.2,2.91,0.98
2049-05-30,13.99,5.13,268.58,274.57,70.4,101.3,1.17,3.11
2049-05-31,14.34,5.38,261.19,277.83,73.2,101.2,2.7,2.065
2049-06-01,14.69,5.64,253.89,281.06,76,101.1,4.23,1.05
2049-06-02,14.74,8.02,171.23,305.57,80.5,100.9,8.38,2.403
2049-06-03,13.02,7.87,155.08,305.95,84.5,100.9,5.16,0.805
2049-06-04,14.41,8.36,179.75,313.58,78,101.4,0.23,2.148
2049-06-05,16.38,7.34,227.66,297.15,75.5,102,0.68,0.799
2049-06-06,16.73,7.21,298.35,282.44,78.1,102.4,0,0.208
2049-06-07,17.11,9.86,317.72,295.42,75.7,102.1,1.59,0.837
2049-06-08,13.62,9.4,184.36,320.57,63.2,102.6,1.15,3.111
2049-06-09,12.85,9.7,181.32,322.38,58.6,102.1,0.22,3.899
2049-06-10,15.32,10.26,238.98,310.78,64.8,101.9,0.07,6.354
2049-06-11,16.5,10.59,318.31,296.48,76.5,102.6,0.11,4.724
2049-06-12,16.67,12.06,312.25,304.31,79.3,102.8,0,5.568
2049-06-13,20.13,12.79,318.72,309.81,73.2,101.8,0,3.378
2049-06-14,20.81,11.7,286.62,307.47,59.8,102,0,3.609
2049-06-15,21.5,12.7,261.86,327.84,66.6,101.8,0.28,4.347
2049-06-16,19.31,13.12,205.53,336.87,80.6,101.6,0.83,2.094
2049-06-17,25.17,15.97,267.52,357.2,74.2,101,0.09,3.921
2049-06-18,23.37,15.43,254.07,347.88,65.5,101.2,0.16,3.451
2049-06-19,22.57,15.22,196.11,361.31,76.9,100.6,16.56,2.663
2049-06-20,17.81,11.43,258.94,323.46,74.6,101.4,0.43,2.936
2049-06-21,18.9,11.03,328.06,299.59,72.1,102.6,0.04,0.495
2049-06-22,23.63,12.92,236.08,349.21,81.7,102.8,0.17,0.228
2049-06-23,21.19,11.85,347.5,309.32,80.7,102.6,0,0.887
2049-06-24,24.04,14.88,208.4,364.72,83.7,101.7,4.31,1.13
2049-06-25,18.52,14.06,190.02,344.55,87.7,101.6,4.03,1.839
2049-06-26,20.39,11.15,285.52,303.08,69.8,101.8,0.44,2.007
2049-06-27,19.29,10.18,223.26,315.18,70.7,102.1,0.08,1.452
2049-06-28,17.34,11.75,167.55,335.51,74.9,101.8,0.44,0.601
2049-06-29,20.86,12.63,268.07,328.13,78,101.8,0.31,1.099
2049-06-30,25.23,15.32,275.97,341.24,69.4,101.8,0.07,2.131
2049-07-01,22.61,12.71,338.12,300.73,65,101.7,0.13,2.424
2049-07-02,25.96,15.49,301.86,357.43,70.7,100.5,3.21,1.247
2049-07-03,24.38,15.31,286.28,343.41,64.6,101.2,0.89,4.115
2049-07-04,23.63,13.73,302.66,316.71,62.7,102.3,0.05,1.442
2049-07-05,24.72,15.27,225.2,349.8,70,101.8,5.87,3.252
2049-07-06,23.1,14.29,287.5,323.04,59.1,102.2,0,4.609
2049-07-07,22.94,13.96,313.42,319.1,69,102.3,0.03,2.064
2049-07-08,22.51,13.76,257.27,336.46,76.5,102.3,0.04,0.795
2049-07-09,26.38,15.13,322.75,327.65,74.3,102.3,0,0.784
2049-07-10,23.36,15.94,333.07,323.33,76,102.4,0,1.429
2049-07-11,22.9,13.63,251.43,326.36,73.7,102.3,0.15,1.49
2049-07-12,22.14,12.69,278.18,334.08,78.9,102.6,0.13,1.705
2049-07-13,20.1,15.29,254.06,345.7,83.9,102.3,0.7,3.635
2049-07-14,20.2,14.47,265.9,340.55,84.9,102.1,0.09,4.484
2049-07-15,19.46,14.33,337.25,297.88,76.5,101.9,0,5.332
2049-07-16,22.96,15.48,310.71,321.78,73,100.9,1.1,4.794
2049-07-17,26.81,16.72,283.19,348.39,66.4,100.3,0.06,4.225
2049-07-18,25.54,16.68,201.89,358.75,70.9,100.5,8.03,3.702
2049-07-19,22.8,14.01,226.73,329.12,53,100.9,0.81,5.278
2049-07-20,21.86,13.48,214.95,321.77,51.8,101.3,0.46,4.768
2049-07-21,21.63,12.28,129.55,344.26,77,100.8,15.17,3.006
2049-07-22,22.75,16.26,207.99,355.36,75.3,100.5,1.36,4.241
2049-07-23,21.22,14.05,220.64,340.67,78.3,101.2,0.71,0.771
2049-07-24,23.77,13.86,256.41,346.17,74.8,101.5,0.15,0.981
2049-07-25,26.09,17.4,183.87,388.49,83.3,101.3,3.97,1.349
2049-07-26,23.68,16.02,254.79,346.91,86.7,101.5,0.53,1.431
2049-07-27,26.95,16.43,274.21,344.83,67.9,101.5,0.18,1.674
2049-07-28,23.56,16.11,316.54,318.26,66.7,102.2,0,0.908
2049-07-29,27.27,17.38,289.31,333.13,56.9,101.5,0,4.906
2049-07-30,21.61,13,207.74,327.25,71.2,101.9,0.4,1.935
2049-07-31,22.42,11.92,252.25,313.23,72.7,102.1,0.2,0.73
2049-08-01,23.23,10.82,297.05,298.89,74.2,102.2,0,0.566
2049-08-02,27.27,15.29,286.38,332.66,63.5,101.9,0,0.915
2049-08-03,21.1,15.57,258.67,320.98,73.8,102,0.38,3.328
2049-08-04,20.64,14.21,285.96,300.48,66.8,102.3,0,4.577
2049-08-05,20.48,15.03,310.81,293.91,65.5,102.1,0,6.321
2049-08-06,22.04,16.5,287.75,312.97,74.5,101.4,0.38,5.752
2049-08-07,24.65,14.34,287.64,321.08,76,100.9,0,2.16
2049-08-08,26.18,12.9,284.94,329.27,82.1,101.4,0.51,1.59
2049-08-09,23.07,16.05,252.58,334.83,82.3,101.9,0,3.284
2049-08-10,23.05,13.81,297.23,303.21,76.8,101.9,0,3.028
2049-08-11,21.55,15.51,269.33,305.83,79.1,101.4,0.04,5.349
2049-08-12,21.89,16.94,217.92,343.1,80.9,101,2.18,6.699
2049-08-13,21.71,15.84,198.81,353.28,82.2,101.3,5.93,2.476
2049-08-14,22.81,15.31,225.83,338.29,70.2,101.6,0.41,1.91
2049-08-15,21.69,15.44,183.29,360.71,89.5,101.6,11.9,1.703
2049-08-16,20.65,14.99,163.3,341.5,89.3,101.8,3.99,0.426
2049-08-17,26.61,15.81,201.57,361.11,70.4,101.4,0.69,3.394
2049-08-18,26.96,14.18,200.73,348.87,64.8,100.9,0.33,6.571
2049-08-19,20.41,12.3,206.85,314.11,62.1,101.1,0.32,3.907
2049-08-20,24.42,11.24,278.34,305.1,49.7,102,0,3.868
2049-08-21,26.98,18.17,241.96,364.03,72.4,102,0.04,1.293
2049-08-22,30.3,18.27,218.02,373.07,67,102,0.03,2.182
2049-08-23,21.71,15.53,207.13,336.55,73.3,102.2,0.05,2.251
2049-08-24,19.73,14.39,172.98,334.27,68.8,102.5,0.01,3.154
2049-08-25,19.79,15.5,229.23,326.32,66,102.5,0.09,4.997
2049-08-26,20.49,15.64,235.34,320.42,72.4,102.1,0.11,6.211
2049-08-27,23.53,16.28,254.74,323.82,77.2,101.4,1.23,3.789
2049-08-28,27.59,15.38,223.54,347.94,65,101.3,0,3.28
2049-08-29,24.61,16.18,196.58,339.56,56,101.3,0.15,4.83
2049-08-30,21.98,13.68,108.62,355.16,78.2,101.4,24.06,2.622
2049-08-31,21.73,14.98,171.92,343.04,74.7,101.4,12.15,2.499
2049-09-01,21.49,16.28,236.41,329.54,71.2,101.4,0.24,2.429
2049-09-02,20.52,12.78,182.9,318.06,66.4,101.2,0.48,2.537
2049-09-03,19.96,11.44,197.5,308.1,62,102.2,0.15,2.075
2049-09-04,22.69,11.95,196.81,332.91,67.3,102.1,0.6,3.806
2049-09-05,26.23,17.57,161.85,371.76,72.5,101.9,0.05,5.039
2049-09-06,25.77,18.54,181.87,354.79,70.5,101.6,1.56,3.304
2049-09-07,24,15.16,200.49,327.01,61,101.1,0.62,6.79
2049-09-08,21.51,12.62,212.58,303.79,62.6,101.9,0,3.047
2049-09-09,24.28,11.96,189.23,321.46,64.6,101.8,0,1.375
2049-09-10,23.29,12.43,161.04,325.78,69,101.3,0.02,0.859
2049-09-11,18.29,14.28,145.23,324.08,76.1,101.7,0.08,4.516
2049-09-12,17.33,11.79,196.41,299.72,72.3,101.4,0.01,5.682
2049-09-13,21.09,10.39,167.62,319.27,69.1,101.1,0.73,2.963
2049-09-14,22.96,12.83,169.26,325.34,68.6,101.4,0.09,2.309
2049-09-15,22.34,11.82,171.94,322.28,81.3,101.6,0,1.977
2049-09-16,21.8,16.81,162.1,331.55,71.6,100.6,0,3.835
2049-09-17,20.62,15.46,103.36,346.72,82.5,99.7,10.81,2.458
2049-09-18,19.88,15.51,43.15,362.57,87.6,99.8,5.65,3.42
2049-09-19,22.64,15.06,174.8,329.38,65.2,100.4,0,4.89
2049-09-20,19.73,15.96,79.32,352.15,84.4,100,4.06,2.732
2049-09-21,20.13,14.85,137.57,333.5,80.5,99.8,1.75,3.23
2049-09-22,19.32,13.31,148.28,323.88,80.9,99.5,1.25,2.907
2049-09-23,19.07,13.14,131.39,329.09,80.7,99.8,0.92,4.861
2049-09-24,19.46,12.25,148.6,316.49,73.2,100.6,0.09,5.04
2049-09-25,17.65,10.78,125.17,306.38,80.9,101.1,0.74,3.369
2049-09-26,17.19,10.73,110.61,318.58,82.8,101.6,2.29,2.165
2049-09-27,17.17,12.38,122.92,329.54,74,102.2,0.05,1.706
2049-09-28,17.39,10.59,85.6,329.23,76.9,101.7,0.23,2.145
2049-09-29,17.07,10.81,129.74,317.88,74.3,102,0.47,5.251
2049-09-30,15.89,9.25,100.51,320,67.5,102.8,0.21,2.971
2049-10-01,20.01,6.79,137.37,311.4,79.5,102.4,0.18,3.044
2049-10-02,17.18,12.38,117.07,339.95,75.5,102.4,0.54,1.416
2049-10-03,16.11,12.22,91.48,335.78,73.5,102.6,0.06,2.909
2049-10-04,15.6,11.96,98.63,330.24,79.4,102.4,0.62,3.91
2049-10-05,19.45,10.97,128.7,328.53,81.2,102.1,0.53,2.584
2049-10-06,21.11,13.86,108.78,355.5,84.3,102.6,0.08,2.315
2049-10-07,18.84,15.41,78.74,353.84,92.6,102.3,0.15,1.237
2049-10-08,19.87,14.11,143.88,317.87,89.4,102,0,3.02
2049-10-09,19.56,13.44,134.41,316.77,89.5,102.4,0,2.315
2049-10-10,19.09,14.19,131.5,316.19,86.1,102.5,0,4.704
2049-10-11,19.04,14.52,134.4,313.69,91.1,102.1,0,3.65
2049-10-12,20.44,13.42,133.7,313.86,90.9,101.8,0.05,2.27
2049-10-13,16.58,13.96,81.73,342.37,87.1,102,0.27,3.733
2049-10-14,17.11,13.83,74.35,352.18,83.4,102.2,1.15,4.316
2049-10-15,16.65,13.93,87.29,344.46,80.2,102.4,0.14,5.615
2049-10-16,15.42,13.55,74.08,343.71,85.4,102.4,0.15,5.684
2049-10-17,16.52,13.05,117.54,309.51,87.3,102.3,0.06,4.619
2049-10-18,18.12,12.79,78,338.92,85.6,102.2,0.07,0.736
2049-10-19,15.88,11.73,54.23,338.01,88,102.6,0.79,0.822
2049-10-20,16.17,11.02,55.59,343.9,91.3,102.7,1.69,1.256
2049-10-21,16.63,11.02,83.99,332.35,88.4,102.5,0.15,0.614
2049-10-22,18.15,10.86,102.12,319.83,80.1,101.7,0.02,3.686
2049-10-23,17.49,12.14,90.31,325.4,84.3,101,0.04,2.293
2049-10-24,17,12.78,35.6,357.32,87.6,99.8,1.33,1.73
2049-10-25,17.99,14.22,40.3,347.89,93.1,99,2.16,3.275
2049-10-26,17.15,13.4,66.84,338.71,92.1,98.8,3.4,3.334
2049-10-27,14.01,9.64,55.2,327.08,80.2,100.5,5.69,4.043
2049-10-28,18.1,10.68,13.46,369.06,95.6,100.3,9.9,1.046
2049-10-29,18.1,11.69,38.78,336.57,91.4,99.6,13.63,4.017
2049-10-30,17.07,10.89,74.55,312.06,85.2,100.1,3.61,4.41
2049-10-31,16.69,11.64,71.92,315.49,82.4,100.3,1.81,4.35
2049-11-01,16.31,12.39,69.34,318.21,79.6,100.5,0,4.29
2049-11-02,13.56,9.51,27.27,320.88,95.1,100,4.79,3.034
2049-11-03,10.22,6.21,76.16,279.11,79,101.7,4.79,4.554
2049-11-04,13.17,5.22,76.51,283.16,86.6,102.9,0,4.262
2049-11-05,14.13,8.66,60.11,307.16,87.1,103,0.01,4.536
2049-11-06,14.4,9.92,61.05,322.8,85.6,103,0.07,3.504
2049-11-07,13.37,10.82,55.34,312.04,87.5,102.7,0.16,1.244
2049-11-08,12.92,8.24,70.54,305.12,94.9,102.4,0.16,2.06
2049-11-09,12.66,9.93,32.73,343,96.4,102.4,0.61,0.233
2049-11-10,13.63,10.3,33.52,348.25,96.8,101.8,3.1,1.966
2049-11-11,12.45,9.95,26.86,340.14,77.5,102,10.96,6.552
2049-11-12,11.19,7.72,35.95,320.58,69.3,102.5,0.44,3.27
2049-11-13,11.31,6.5,42.66,300.43,77.7,102.1,0.07,3.168
2049-11-14,10.24,5.98,34.02,298.96,76.7,102.5,0.27,1.632
2049-11-15,11.25,5.53,43.61,302.17,74.6,103.2,0.03,1.019
2049-11-16,11.01,6.74,47.44,298.03,93.1,103.1,0.79,2.486
2049-11-17,11.18,6.09,51.19,299.3,92.8,102.8,1.02,1.22
2049-11-18,10.52,6.99,27.41,322.52,93.6,102.4,6.67,1.973
2049-11-19,8.81,6.42,46.1,290.92,86.7,102.1,0.13,3.499
2049-11-20,11.51,6.77,36.46,313,91.3,101.6,0.04,3.63
2049-11-21,12.74,10.66,49.04,318.84,86.5,100.8,1.06,6.267
2049-11-22,11.98,9.05,21.01,336.79,81.6,100,3.49,9.065
2049-11-23,11.69,9.06,23.65,340.8,92.9,99.3,6.45,6.645
2049-11-24,10.92,8.72,30.47,319.84,96.2,99.7,2.2,3.046
2049-11-25,13.68,8.49,45.86,328.15,93.8,100.4,1.04,3.326
2049-11-26,14.72,13.07,21.84,346.29,90.7,100.2,7.2,2.547
2049-11-27,14.21,11.73,13.43,340.63,91.3,99.3,3.51,2.057
2049-11-28,13.34,9.91,45.4,294.7,85.7,99.6,3.33,3.056
2049-11-29,13.92,9.9,10,336.17,92.9,99.5,7.8,2.296
2049-11-30,14.15,9.64,43.93,310.11,87.3,99.2,0.84,5.076
2049-12-01,11.47,5.27,40.3,282.98,91.7,100.3,0,2.395
2049-12-02,13.1,6.53,20.98,323.89,95.1,100.4,2.55,1.831
2049-12-03,15.28,12.93,41.63,324.05,89.8,99.6,0.15,3.322
2049-12-04,12.94,7.54,46.12,287.88,84.8,99.8,2.97,3.996
2049-12-05,10.5,6.8,22.67,328.43,94.6,98.6,26.08,2.96
2049-12-06,9.59,4.88,33.13,289.82,91.8,99.6,0.19,5.111
2049-12-07,12.26,2.86,7.66,317.92,93.6,99.8,26.75,1.509
2049-12-08,12.1,9.38,17.44,335.99,94.9,98.4,9.64,2.04
2049-12-09,9.66,4.12,11.75,294.59,87.9,98.9,12.54,5.461
2049-12-10,6.8,3.74,31.22,272.35,86.1,100.1,0,4.629
2049-12-11,7.08,2.96,32.91,276.13,90.1,100.5,0.15,3.955
2049-12-12,10.04,4.56,11.78,325.36,96.4,99.7,13.43,1.901
2049-12-13,8.89,1.14,27.54,291.07,93.4,100.2,2.75,1.892
2049-12-14,11.51,3.18,11.26,323.66,92.9,99.5,10.87,1.766
2049-12-15,11.61,8.68,21.58,316.81,94.4,98.3,7.46,1.856
2049-12-16,9.34,5.4,26.21,293.7,89.6,98.9,0.94,3.02
2049-12-17,14.84,8.56,26.02,333.17,85.4,97.9,12.98,3.707
2049-12-18,12,5.99,21.84,288.26,80.3,100.1,0,4.348
2049-12-19,9.72,5.47,22.46,319.49,98.6,101.4,0.27,2.471
2049-12-20,11.27,7.36,23.56,312.72,95,101.7,0.11,2.174
2049-12-21,12.34,9.71,19.21,328.12,88.7,100.2,4.5,3.813
2049-12-22,10.59,6.15,24.69,298.76,88.8,99.6,2.42,5.484
2049-12-23,8.93,5.52,40.64,268.37,79.2,101.1,0,6.488
2049-12-24,14.69,6.38,16.31,337.18,92.2,101.1,5.3,4.929
2049-12-25,13.83,7.69,14.07,328.13,82.1,100,1.39,6.323
2049-12-26,9.21,4.98,27.16,276.02,59.4,100.8,0,8.94
2049-12-27,9.54,4.09,21.23,300.37,84.7,101.7,2.01,4.768
2049-12-28,10.07,3.43,19.2,296.95,88.7,100.8,2.69,3.354
2049-12-29,4.9,0.94,36.82,250.56,89.3,101.6,0,3.332
2049-12-30,5.85,0.34,39.06,250.76,90.8,102.1,0,2.05
2049-12-31,7.43,0.94,32.37,266.25,93.8,102.3,0.58,2.694
2050-01-01,9,1.53,25.66,282.73,96.8,102.5,1.16,3.382
2050-01-02,8.86,3.54,23.99,293.72,96.7,102.7,0,3.612
2050-01-03,12.87,8.46,19.61,340.42,91,101.8,0.81,5.044
2050-01-04,11.67,4.94,27.67,300.82,87.7,101.3,5.35,2.808
2050-01-05,12.74,8.53,31.34,315.73,82.4,99,4.06,5.508
2050-01-06,9.58,3.29,22.11,275.76,85.6,98.5,1.8,4.724
2050-01-07,7.65,3.64,34.28,280.31,79.5,100.7,0,5.521
2050-01-08,8.25,-0.4,47.33,247.76,85.4,102.5,0,1.731
2050-01-09,9.41,4.59,12.63,304.36,80.5,102,4.06,2.751
2050-01-10,6.72,0.88,34.01,271.91,89.5,102.6,1.8,1.419
2050-01-11,9.85,5.58,36.21,311.59,94.5,101.5,11.35,1.848
2050-01-12,10.57,4.22,36.42,287.76,76.8,100.5,4.19,6.13
2050-01-13,12.74,3.85,11.07,316.86,84.2,99.3,12.25,3.027
2050-01-14,6.3,3.78,38.4,277.4,81.3,100.1,0.75,7.949
2050-01-15,10.94,1.9,35.21,291.93,85.5,101.1,4.9,5.591
2050-01-16,10.15,6.32,43.27,290.99,64.9,99.4,0.48,8.9
2050-01-17,7.27,5.11,25.6,294.02,64.7,98.8,0.04,8.009
2050-01-18,7.05,4.28,42.73,283.84,72,99.5,0.05,6.146
2050-01-19,5.68,1.65,54.03,249.94,74.3,101.5,0,5.062
2050-01-20,11.34,4.14,18.69,314.3,85.8,99.9,9.99,7.393
2050-01-21,6.74,2.83,43.94,276.26,69.9,99.9,0.45,9.259
2050-01-22,5.66,0.4,32.98,275.55,83,100.5,1.31,4.751
2050-01-23,5.1,0.34,63.53,252.5,75,101.8,0,5.438
2050-01-24,5.35,0.08,62.8,262.24,80.3,102.7,1.05,3.612
2050-01-25,12,4.17,35.79,321.22,92.3,101.7,7.86,4.506
2050-01-26,10.59,5.4,9.54,319.4,89.2,100.4,10.26,3.836
2050-01-27,6.75,3.59,26.1,303.51,76.1,100.2,4.77,9.444
2050-01-28,9.31,3.2,39.02,296.72,83.6,101.5,9.62,3.896
2050-01-29,9.21,4.49,53.83,283.54,74,100.8,0.11,7.076
2050-01-30,7.42,4.2,46.62,287.23,76.5,100.7,0.39,6.961
2050-01-31,10.38,4.56,40.92,303.28,90.6,101.4,7.43,4.663
2050-02-01,11.68,6.07,33.7,311.05,87.6,100.7,2.85,5.532
2050-02-02,9.45,5.52,46.81,288.03,69.9,99.9,0.09,6.715
2050-02-03,8.53,4.84,61.7,292.38,70.9,100.9,0.06,6.96
2050-02-04,8.08,4.83,18.28,306.15,92,100.3,5.94,4.801
2050-02-05,7.16,4.41,60.13,281.29,68,99.9,0,7.963
2050-02-06,10.54,4.77,34.08,297.72,75,100.6,2.18,6.921
2050-02-07,12.3,5.93,26.07,331.54,89.6,100.9,5.38,3.978
2050-02-08,11.55,6.61,73.22,304.12,72.6,99.9,3.96,7.784
2050-02-09,9.69,6.74,71.74,301,59.2,101.5,0.05,9.371
2050-02-10,9.29,5.48,59.71,307.71,78.5,103,0.11,2.648
2050-02-11,7.3,6.03,37.8,316.64,76.3,102.2,0.33,2.591
2050-02-12,7.63,6,53.1,293.56,82.9,102,0.07,4.72
2050-02-13,6.71,5.23,77.09,275.34,76,103,0.1,8.614
2050-02-14,5.78,4.1,71.39,284,75.5,103.1,0.16,9.652
2050-02-15,4.97,2.68,51.73,297.07,79.9,102.6,0.42,5.199
2050-02-16,5.97,3.18,49.77,304.65,89.4,102.3,1.16,4.09
2050-02-17,7.15,3.8,72,300.51,82,102.6,0.39,2.791
2050-02-18,5.23,2.55,65.97,283.31,78.3,103,0.19,2.31
2050-02-19,6.25,1.55,67.15,276.23,89.7,102.5,0.38,2.004
2050-02-20,3.83,1.49,34.38,292.66,88.5,102.3,7.26,1.629
2050-02-21,3.49,1.77,72.6,272.98,50.7,102.9,0,7.328
2050-02-22,3.91,0.61,82.04,259.73,57.2,102.5,0,5.752
2050-02-23,4.56,0.28,90.2,259.72,71,101.6,0.07,6.471
2050-02-24,6,2.95,83.75,282.71,72.2,100.9,0.12,5.917
2050-02-25,6.01,-0.13,74.04,272,77.5,101.6,0.24,1.738
2050-02-26,6.71,-1.16,133.55,241.38,72.2,101.1,0,1.651
2050-02-27,5.56,1.38,62.33,295.98,79.6,99.5,4.15,1.335
2050-02-28,5.06,-1.27,116.71,243.83,76.9,100.4,0.22,4.177
2050-03-01,12.04,0.56,57.53,316.43,87.9,99.2,16.67,0.905
2050-03-02,12.31,8.13,74.53,332.21,95.3,99.2,7.66,1.931
2050-03-03,14.84,10.83,87.94,332.42,87.1,99,2.43,4.93
2050-03-04,10.8,4.63,76.07,314.92,88,100.1,5.78,1.236
2050-03-05,9.65,4.33,24.49,322.04,87.1,100.6,14.89,6.891
2050-03-06,11.63,9.04,70.67,329.39,86.8,99.3,1.16,3.981
2050-03-07,9.7,5.8,62.31,315.59,79.4,100.8,3.37,4.397
2050-03-08,7.13,4.01,85.92,290.32,68,103.3,0.11,2.521
2050-03-09,9.18,3.15,131.11,272.59,78.9,104,0.05,2.64
2050-03-10,8.24,3.45,101.7,301.24,87.2,103.9,0.23,2.026
2050-03-11,6.35,3.96,115.86,302.38,88.6,103.3,0.22,5.921
2050-03-12,6.9,4.86,75.49,316.54,93,101.7,1.26,5.505
2050-03-13,8.77,5.46,85.97,311.61,94.4,100.9,1.59,0.731
2050-03-14,9.12,6.17,103.2,305.65,92.5,100.2,5.22,0.942
2050-03-15,8.3,6.18,70.11,327.35,96.2,100,8.49,2.833
2050-03-16,6.5,4.1,90.02,308.2,81.6,100.6,2.22,6.849
2050-03-17,4.37,2.07,79.1,285.02,69.3,101.4,0.9,6.176
2050-03-18,4.78,-0.25,121.5,253.2,63.4,101.9,0.08,2.385
2050-03-19,4.35,1.86,108.51,274.12,56.7,101.2,0,6.422
2050-03-20,8.16,3.37,137.57,290.87,67.8,100.2,0.1,5.28
2050-03-21,9.83,6.83,39.07,330.32,90.9,98.6,23.03,3.444
2050-03-22,10.57,5.74,132.2,286.95,73.8,99.1,1.32,5.401
2050-03-23,10.98,5.43,137.86,288.51,78.5,99.5,2.57,4.729
2050-03-24,10.15,5.25,141.2,286.67,72.1,100.6,0.53,5.018
2050-03-25,9.78,4.23,112.18,295.83,80.7,101.1,0.08,1.321
2050-03-26,9.01,3.44,108.22,291.85,88,101.3,0.24,3.911
2050-03-27,9.19,0.7,158.51,264.03,78.3,101.4,0.12,0.494
2050-03-28,12.24,7.25,73.09,317.54,86.3,100.3,4.24,2.047
2050-03-29,12.91,7.14,180.57,284.77,59.4,100.2,0.09,4.045
2050-03-30,12.6,5.02,173.48,287.18,69.4,101,0.1,3.302
2050-03-31,12.05,4.38,190.47,287.82,73,101.2,2.24,1.746
2050-04-01,14.44,8.94,157.56,306.25,73.5,100.6,2.78,5.14
2050-04-02,13.77,7.18,166.33,300.43,72.2,101.7,9.26,4.338
2050-04-03,13.56,8.31,90.53,322.87,85,101,9.81,4.57
2050-04-04,11.82,6.52,145.23,289.45,65.9,101.7,0.14,5.259
2050-04-05,12.34,4.79,159.12,289.82,69.9,101.8,0.09,3.473
2050-04-06,12.32,9.03,104.86,324.31,86.5,100.8,1.98,4.36
2050-04-07,15.36,8.51,150.74,322.83,80.2,100.4,0.58,3.154
2050-04-08,12.75,6.62,135.44,305.12,82.6,99.1,13,2.156
2050-04-09,10.39,6.18,141.38,282.71,71.4,98.2,0.75,6.151
2050-04-10,12.92,5.91,175.15,284.43,63.8,98.9,0.21,6.107
2050-04-11,11.15,4.64,156.65,298.87,77.5,98.5,7.59,4.542
2050-04-12,10.17,5.57,71.04,319.06,92.8,98.3,12.65,4.148
2050-04-13,11.36,4.71,217.28,284.74,68.3,99.8,6.84,2.836
2050-04-14,12.41,4.52,181.61,286.73,69.7,100.1,2.5,2.292
2050-04-15,10.39,5.09,155.5,276.3,70.1,101.4,1.75,5.815
2050-04-16,10.54,5.06,178.51,283.23,69.6,102.3,1.94,4.498
2050-04-17,11.71,4.06,171.37,288.13,66,103.4,0.25,2.289
2050-04-18,12.54,5.06,174.12,295.49,69.9,102.9,0.14,1.423
2050-04-19,9.91,4.99,158.86,289.39,70.5,102,0.22,0.816
2050-04-20,13.07,6.54,258.95,278.51,76.1,101.7,0,4.62
2050-04-21,15.21,9.61,241.87,311.99,77.6,102.2,0.59,1.3
2050-04-22,14.15,8.8,200.78,320.3,72,102.7,0.46,0.999
2050-04-23,13.86,8.89,226.36,311.08,76.3,102.9,0.15,2.936
2050-04-24,15.32,8.78,221.7,325.05,88,102.5,0.14,2.923
2050-04-25,14.29,8.72,201.04,330.89,91.4,101.8,0.14,3.136
2050-04-26,16.16,9.62,172.33,333.35,90.2,100.8,4.01,7.074
2050-04-27,14.73,9.56,69.41,345.17,93.4,100.7,9.22,0.96
2050-04-28,14.73,7.27,178.45,300.26,77.5,101.1,0,0.659
2050-04-29,12.37,8.77,48.94,339.34,92.5,101.2,21.98,1.573
2050-04-30,15.16,10.49,166.65,333.91,93.1,101.8,3.79,0.763
2050-05-01,17.59,10.31,286.93,300.49,79.9,102.6,0.02,3.729
2050-05-02,16.18,10.11,308.99,268.41,75.2,102.5,0,4.537
2050-05-03,16.69,8.68,305.15,276.47,84.9,101.5,0,2.477
2050-05-04,18.1,8.52,229.41,308.3,82.4,100.4,2,2.284
2050-05-05,12.52,8.25,92,332.96,93.6,100.4,19.7,4.209
2050-05-06,11.5,7.3,138.18,323.88,80.1,101.2,5.31,4.587
2050-05-07,11.9,7.13,142.73,329.39,91.2,101.6,8.57,2.733
2050-05-08,13.39,9.47,161.97,321.75,88.9,101.8,1.85,3.767
2050-05-09,16.55,11.41,259.83,321.25,85.4,101.4,1.96,5.091
2050-05-10,18.04,10.59,209.15,323.92,83.9,101.1,0.93,2.52
2050-05-11,20.67,9.19,269.9,315.14,82.6,101,4.02,1.067
2050-05-12,15.64,10.63,200.4,339.91,90,101.1,2.31,3.208
2050-05-13,12.54,9.29,180.48,312.69,63.3,102.4,0.11,2.445
2050-05-14,12.14,7.93,167.04,313.86,64.1,102.7,0.19,2.069
2050-05-15,11.14,6.46,152.93,307.02,78.7,101.5,1.95,0.886
2050-05-16,11.79,5.86,153.55,307.15,69.7,100.2,0.95,2.851
2050-05-17,10.43,5.08,142.73,285.8,60.8,99.9,0.06,1.265
2050-05-18,11.06,5.4,191.21,294.07,74.9,100.5,3.4,4.884
2050-05-19,12.88,4.88,169.38,296.2,69.4,101.2,0.41,3.647
2050-05-20,12.51,5.05,162.33,303.95,85,101.1,11.65,1.223
2050-05-21,13.98,5.28,247.13,284.09,75.2,101.7,1.89,0.56
2050-05-22,12.7,4.57,248.3,270.81,71.9,101.8,0.07,2.359
2050-05-23,12.4,5.26,156.12,301.25,80.9,102,4.48,0.919
2050-05-24,13.39,5.92,192.97,296.37,69.4,102.1,0.57,2.436
2050-05-25,13.89,7.64,166.43,320.84,78,101.5,4.68,1.156
2050-05-26,16.3,9.75,185.72,333.72,75.8,99.9,2.22,6.315
2050-05-27,13.16,6.63,225.01,291.04,64.4,100.6,2.3,4.526
2050-05-28,13.85,8.05,200.79,308.18,61.9,101.6,0.4,3.899
2050-05-29,15.31,7.38,209.3,319.1,61.4,101.9,0.4,1.282
2050-05-30,18.75,11.61,263.76,326.03,68.6,101.1,1.49,1.961
2050-05-31,18.17,10.97,235.24,320.03,71.4,101.1,0.95,2.328
2050-06-01,17.58,10.33,206.63,314.03,74.2,101.2,0.41,3.33
2050-06-02,17.43,10.99,248.46,316.35,76.2,101.3,1.12,2.712
2050-06-03,16.87,8.88,239.9,307.72,77.4,101.2,2.62,1.358
2050-06-04,15.44,7.31,253.3,291.37,84.1,100.9,7.89,0.351
2050-06-05,16.28,8.17,228.74,301.86,82.1,100.5,3.21,1.333
2050-06-06,17.78,11.69,270.34,318.48,77.4,101,2.81,1.49
2050-06-07,16.5,11.47,229.33,319.09,78.6,101.2,0.92,1.332
2050-06-08,17.58,10.13,244.44,308.78,81.2,101.5,1.58,2.279
2050-06-09,20.13,10.69,294.45,309.82,77.8,101.8,1.17,1.469
2050-06-10,20.16,10.68,294.67,315.87,82.5,101.9,0.28,2.382
2050-06-11,17.74,10.1,320.27,292.31,78.7,102,0,3.102
2050-06-12,20.7,8.96,300.17,309.32,81.7,101.8,1.25,0.355
2050-06-13,16.55,12.06,201.65,336.31,77.6,101.8,0.12,3.873
2050-06-14,15.64,9.84,248.11,309.57,69,101.8,0.01,2.306
2050-06-15,16.99,8.85,302.57,309.7,76.8,101.6,3.75,3.077
2050-06-16,21.07,15.17,255.1,346.78,72.2,100.9,9.71,3.31
2050-06-17,20.05,12.17,247.37,318.43,73.9,101.1,1.48,3.04
2050-06-18,19.89,12.55,309.42,313.25,71.8,101.9,3.71,0.32
2050-06-19,17.9,11.99,218.33,330.63,71.5,102.1,0.35,1.868
2050-06-20,18.76,10.03,265.94,317.96,69.2,101.8,0.22,2.025
2050-06-21,18.66,10.78,243.57,323.31,68.4,100.4,1.58,5.693
2050-06-22,14.2,10.01,197.49,314.21,67.8,100.4,0.87,8.077
2050-06-23,17.74,10.23,213.19,329.83,70.8,100.5,1.41,6.649
2050-06-24,18.23,11.19,240.14,310.26,67,101,0,6.045
2050-06-25,19.51,10.55,305.15,304.68,63.4,101.8,0.07,4.674
2050-06-26,18.91,11.45,260.06,320.25,74.4,101.8,0.77,2.011
2050-06-27,18.71,11.59,286.48,317.43,74,102.4,0,0.655
2050-06-28,25.94,12.48,315.38,338.73,72.4,102.4,0,1.896
2050-06-29,22.55,12.61,262.29,331.24,78.2,102.4,2.02,1.233
2050-06-30,20.02,12.5,288.72,321,77.3,102.4,0.07,1.004
2050-07-01,18.56,11.15,295.02,306.43,68.7,102.1,0.01,1.976
2050-07-02,18.17,10.46,286.58,303.85,66.5,102,0.06,2.687
2050-07-03,17.53,10.25,217.95,318.87,71.4,102.1,0.06,1.603
2050-07-04,17.79,10.33,270.32,309.36,70.5,102.3,0.13,2.956
2050-07-05,17.93,10.94,281.98,307.57,69.4,102.5,0.45,2.351
2050-07-06,19.05,9.43,218.54,318.64,76.3,102.3,3.03,1.409
2050-07-07,17.78,8.54,238.1,309.6,70.9,102.2,0.06,1.49
2050-07-08,21.8,8.11,205.85,335.88,75.8,102,0.18,0.337
2050-07-09,18.21,12.59,293.86,319.54,73.5,102.1,0.04,2.459
2050-07-10,19.48,12.37,285.96,322.69,70.5,102.3,0.16,1.595
2050-07-11,19.93,12.73,198.28,344.98,77.9,102.3,0.28,1.26
2050-07-12,20.89,12.81,309.04,316.14,76.8,102.2,0.08,0.096
2050-07-13,22.47,15.47,212.92,349.95,84.5,101.2,16.22,2.524
2050-07-14,18.5,11.82,270.14,321.64,70.5,101.4,0.09,1.754
2050-07-15,19.11,11.35,286.47,305.95,74.6,101.7,0,1.161
2050-07-16,21.85,11.52,327.01,304.38,76.4,102,0,1.655
2050-07-17,19.99,14.79,87.72,352.3,88.8,101.2,9.2,3.711
2050-07-18,18.24,14.28,190.07,352.09,82.8,101.4,4.05,4.042
2050-07-19,18.16,11.75,253.35,321.98,74.6,102.6,0,2.09
2050-07-20,20.9,11.55,212.31,343.4,79.3,102.8,0.08,0.467
2050-07-21,21.8,15.59,251.64,348.37,81.7,102.5,0.27,1.139
2050-07-22,20.93,14.73,145.85,341.22,85.3,101.6,5.96,3.14
2050-07-23,21.72,13.08,256.2,322.66,73.8,101,2.74,2.62
2050-07-24,17.99,11.67,224.31,310.1,82,101.4,8.16,0.804
2050-07-25,20.9,11.32,240.45,321.29,75.2,101.2,0.83,2.167
2050-07-26,17.98,12.32,203.17,328.82,77.4,100.8,2.49,3.225
2050-07-27,19.78,10.43,263.06,301.04,71.5,101.2,0.88,1.936
2050-07-28,21.19,11.22,297.54,302.53,73.4,101.5,0.06,3.574
2050-07-29,22.01,17.15,286.04,331.51,75.5,100.9,13.14,5.846
2050-07-30,24.21,16.67,304.2,336.71,78.2,100.8,1.26,1.591
2050-07-31,23.74,16.6,268.81,343.24,76.5,100.9,0.91,2.647
2050-08-01,23.28,16.53,234.1,348.17,74.9,101,0.56,3.676
2050-08-02,22.36,14.09,281.02,321.02,71.8,101.7,0.05,1.971
2050-08-03,23.54,15.84,213.17,354.21,75.5,101.6,0.24,1.32
2050-08-04,22.2,16.33,209.64,359.82,83.9,101.1,20.59,2.684
2050-08-05,20.83,15.5,204.01,343.01,86.4,101.6,3.3,0.182
2050-08-06,22.33,15.69,217.11,342.63,87,101.9,2.15,0.174
2050-08-07,22.57,15.87,292.01,331.07,85.8,102.3,0,2.068
2050-08-08,24.8,16.48,296.65,340.66,79.9,102.2,0,1.508
2050-08-09,24.99,16.58,247.2,356.17,80.7,101.7,7.55,1.955
2050-08-10,18.82,15.47,123.11,364.18,88.6,101.6,8.51,3.224
2050-08-11,19.77,15.19,164.91,357.3,81.8,102,0.37,1.591
2050-08-12,21.48,14.6,273.74,323.81,82.3,102.6,0.17,1.74
2050-08-13,20.71,14.2,249.49,324.04,84.7,102.8,0.01,2.076
2050-08-14,24.02,13.76,280.31,330.26,78.5,102.7,0,2.179
2050-08-15,21.36,17.6,138.58,375.07,92.3,102.5,0.49,4.529
2050-08-16,22.94,18.1,271.12,339.04,86.6,101.8,0,5.096
2050-08-17,28.7,20.19,281.42,356.71,71.4,100.7,0,1.732
2050-08-18,26.71,18.22,221.86,351.65,77,101,0,0.532
2050-08-19,24.67,18.06,250.84,355.87,84.9,101.6,0.63,2.908
2050-08-20,27.28,17.79,244.32,361.56,79.2,101.2,0,0.748
2050-08-21,25.52,19.31,163.64,375.93,84.9,100.7,1.85,0.671
2050-08-22,26.14,17.81,224.38,350.16,71.9,100.3,0.11,1.954
2050-08-23,22.97,16.38,144.28,353.24,76.3,100.4,1.08,3.721
2050-08-24,22.48,16.15,163.61,352.28,85.6,100.4,19.14,1.916
2050-08-25,19.86,13.53,225.59,317.31,71,101.1,1.01,3.041
2050-08-26,19.12,11.7,204.69,308.9,73.9,101.6,0.85,1.594
2050-08-27,21.02,11.07,206.44,325.6,76.4,101.9,11.55,1.42
2050-08-28,21.74,15.75,112.34,375.61,90.5,101.7,4.34,0.617
2050-08-29,24.97,17.42,163.38,365.14,84.8,101.6,0.83,3.394
2050-08-30,22.11,14.1,174.39,329.5,79.1,102.1,0,1.68
2050-08-31,22.67,14.07,196.42,330.61,75.7,102,0,1.161
2050-09-01,23.22,14.04,218.53,331.8,72.4,102,0,0.935
2050-09-02,25.22,16.83,155.51,372.16,82.1,102,0.32,2.108
2050-09-03,26.09,16.24,151.6,369.14,86.8,102.4,7.55,1.427
2050-09-04,23.26,16.08,179.75,358.73,83,102.5,1,0.306
2050-09-05,24.36,16.41,154.49,361.99,86.3,102.2,0.48,0.374
2050-09-06,22.53,16.33,155.91,353.28,87.7,102.3,0.03,1.006
2050-09-07,28.9,16.51,230.27,349.58,82.3,102.4,0,1.374
2050-09-08,21.96,18.52,182.46,360.85,93,102.4,0.14,2.837
2050-09-09,23.59,17.65,192.07,352.53,88.9,102.1,0,2.199
2050-09-10,25.14,17.8,174.54,354.18,89.4,101.9,0.11,1.218
2050-09-11,24.58,17.15,208.4,340.12,86.7,102,0.18,1.508
2050-09-12,27.13,18.72,194.36,343.43,71.6,101.4,0,1.772
2050-09-13,26.48,16.72,214.56,335.03,80.7,101.6,0,0.925
2050-09-14,25.96,17.76,179.53,348.65,82.8,101.5,0.28,1.034
2050-09-15,25.71,16.15,186.14,344.02,79.7,101.5,0,1.065
2050-09-16,23.19,17.71,141.97,358.56,85,101.6,0.14,0.691
2050-09-17,24.1,17.94,181.64,354.67,89.6,101.5,0.32,3.386
2050-09-18,25.49,19.51,188.22,357.31,83.8,101.1,0.27,2.932
2050-09-19,25.26,17.18,158.42,362.4,85.9,101.4,9.08,1.219
2050-09-20,23.85,19.3,159.1,364.41,90.4,101.2,0.68,1.891
2050-09-21,22.34,16.43,86.12,363.84,87.4,101,6.91,1.474
2050-09-22,22.91,15.17,139.63,347.1,76.5,101.1,0.01,1.168
2050-09-23,22.38,15.5,93.44,358.75,75.3,99.7,3.51,3.619
2050-09-24,19.21,14.45,99.68,335.4,80.1,99.1,0.82,1.085
2050-09-25,19.04,14.44,86.42,348.46,84.6,98.3,14.23,2.625
2050-09-26,20.8,13.37,168.93,314.73,75.4,99.1,0,5.045
2050-09-27,21.61,12.3,161.12,329.73,79.3,100.2,0.42,3.159
2050-09-28,23.6,16.71,140.28,355.38,80.1,100.4,0.84,4.125
2050-09-29,20.85,15.54,52.49,361.63,91.6,100.7,6.61,3.386
2050-09-30,18.55,12.88,84.35,330.48,89.5,100.4,7.61,3.108
2050-10-01,18.45,12.13,107.36,328.42,76.4,100.7,4.57,3.203
2050-10-02,20.09,16.8,130.61,354.76,77,98.9,2.35,7.367
2050-10-03,18.53,11.03,147.09,300.57,68.6,100.4,0,6.672
2050-10-04,14.59,9.24,158.68,272.13,72.1,101.6,0,3.38
2050-10-05,14.9,9.71,110.1,293.8,67.8,102,0.13,3.046
2050-10-06,14.87,9.71,85.07,313.16,70,102.5,0,1.992
2050-10-07,16.83,10.36,112.49,336.18,83,102.5,0.09,1.303
2050-10-08,17.93,14.56,63.26,372.23,92.3,102.4,2.5,4.236
2050-10-09,18.38,14.78,115.39,343.96,79.5,101.9,0.33,4.474
2050-10-10,18.49,12.39,108.23,340.29,85.5,101.2,0.05,1.293
2050-10-11,17.7,11.14,98.23,331.51,90.3,100.5,2.69,2.337
2050-10-12,13.92,8.75,99.92,291.83,79.2,100.1,0.09,4.138
2050-10-13,12.07,5.42,104.73,273.72,75.4,100.8,0.37,4.146
2050-10-14,15.54,5.43,60.65,311.23,76.3,99.5,6.83,5.913
2050-10-15,13.45,9.21,97.81,297.33,68.7,98.9,0.22,7.877
2050-10-16,11.51,6.38,116.01,265.81,62.8,100.4,0.02,5.351
2050-10-17,10.99,4.76,91.57,286.28,75.9,101.2,6.78,4.197
2050-10-18,15.06,10.37,39.28,348,94.2,100.5,10.84,3.861
2050-10-19,18.24,12.16,55.98,353.24,90.9,100.7,0.18,3.885
2050-10-20,18.48,15.69,55,362.41,92.6,100.7,0.36,2.512
2050-10-21,17.36,14.61,42.41,357.63,94.4,100.5,12.11,1.796
2050-10-22,17.5,13.22,100.5,315.79,81.9,100.1,0.18,3.306
2050-10-23,16.21,11.86,80.33,331.46,84.2,99.5,9.42,2.393
2050-10-24,14.61,11.97,98.34,308.35,77.8,98.5,0.47,2.844
2050-10-25,15.62,10.1,102.5,292.22,80.9,98.8,0,2.09
2050-10-26,14.53,9.37,79.9,303.01,86.9,99.2,0.75,1.497
2050-10-27,14.32,8.7,78.55,297.89,85.3,99.5,0,3.023
2050-10-28,14.82,7.4,90,282.87,87.5,99.9,0.23,2.537
2050-10-29,14.65,6.51,64.27,301.77,90.4,99.7,0.15,1.339
2050-10-30,14.89,8.31,87.69,293.98,85,100.7,0.05,1.882
2050-10-31,13.95,7.32,88.46,288.57,84.6,100.9,0.02,1.799
2050-11-01,13.01,6.33,89.24,286.41,84.2,101.2,0,1.742
2050-11-02,15.06,10.69,21.06,343,93,99.2,11.93,1.721
2050-11-03,15.05,10.78,78.64,301.89,84,98.8,0,6.305
2050-11-04,13.5,9.83,62.21,319.55,89,99.7,0.2,4.634
2050-11-05,13.27,6.9,68.03,287.46,92.1,101.1,0.19,2.636
2050-11-06,14.07,5.91,30.41,328.94,91.9,101.4,3.31,1.149
2050-11-07,15.24,12.19,57.07,336.61,94.5,100.6,5.56,1.971
2050-11-08,16.14,11.3,39.37,349.97,90.8,101.6,0.03,4.612
2050-11-09,15.66,13.9,28.73,355.15,90.2,101.4,3.19,5.837
2050-11-10,14.03,8.79,74.08,282.37,79.4,101,0,7.375
2050-11-11,10.26,6.04,70.68,263.06,75.8,101.9,0,4.845
2050-11-12,7.76,5.43,28.81,308.1,91.6,101.6,3.56,0.876
2050-11-13,9.53,4.13,49.64,284.12,87.2,102,0,1.431
2050-11-14,11.27,7.13,41.95,315.32,78.6,101.8,0.25,1.515
2050-11-15,13.18,9.27,22.25,338.43,92.8,100.9,0.33,1.388
2050-11-16,13.4,9.52,64.96,299.24,87.9,100.9,0.41,3.394
2050-11-17,13.73,12.66,14.83,350.01,92.7,100.8,4.53,2.367
2050-11-18,13.98,10.94,23.73,345.88,95.7,101.1,10.4,1.723
2050-11-19,11.68,8,63.14,277.3,91.3,101.9,0,4.42
2050-11-20,13.42,8.15,33.58,321.54,92.2,102.2,0,4.175
2050-11-21,13.72,9.19,40.53,327.6,89.7,101.8,0.65,3.871
2050-11-22,11.76,6.8,58.81,275.34,88.5,102.2,0,4.7
2050-11-23,12.31,6.44,54.68,285.54,95.5,103,0,1.722
2050-11-24,12.68,8.03,51.97,305.15,88.2,103.5,0.03,3.275
2050-11-25,9.43,6.89,37.81,315.85,90.3,103.2,0.24,1.003
2050-11-26,10.31,7.22,28.59,325.43,97.7,103.4,0.95,0.885
2050-11-27,10.38,5.95,33.1,308.51,97.8,103.7,0.13,0.403
2050-11-28,9.29,6.01,23.2,321.52,96.3,103.9,0.34,0.399
2050-11-29,10.37,7.3,29.7,329.46,90.5,103.5,0.19,2.047
2050-11-30,8.07,5.01,30.55,305.62,90.5,103.1,0.24,2.341
2050-12-01,7.58,4.71,35.03,305.49,93.7,102.9,0.28,2.241
2050-12-02,6.97,4.62,24.84,317.56,95.8,102.7,0.82,2.326
2050-12-03,11.93,4.12,28.1,329.28,94.8,102.2,0.49,2.347
2050-12-04,13.44,6.91,15.92,320.03,90.7,101.1,3.73,4.606
2050-12-05,8.72,5.77,47.02,280.27,77.3,101.9,2.25,5.147
2050-12-06,9.17,6.57,37.8,297.14,80.3,101.1,8.87,5.065
2050-12-07,8.5,5.09,45.4,267.74,77.6,102.6,0,6.175
2050-12-08,13.05,6.3,8.31,333.58,95.6,102.3,6.48,4.654
2050-12-09,13.59,5.14,38.65,297.72,72.7,101.4,2.41,7.35
2050-12-10,9.4,4.98,25.63,282.59,77.4,100.6,0.46,6.959
2050-12-11,7.97,5.64,32.93,283.07,74.7,100,0.06,7.547
2050-12-12,13.46,6.68,26.04,333.93,95,99.6,8.13,4.49
2050-12-13,14.63,6.89,20.36,312.37,73.5,99.9,2.15,8.687
2050-12-14,8.46,5.43,35.47,285.84,70.3,100.7,0.87,6.552
2050-12-15,7.73,3.77,37.96,263.3,75.2,100.4,0,6.725
2050-12-16,6.09,1.08,35.8,257.94,86.8,100.4,0,1.945
2050-12-17,7.14,3.42,11.83,308.38,78,100.3,2.07,1.515
2050-12-18,8.05,4.98,28.77,293.99,70.2,101.5,0,2.337
2050-12-19,6.65,2.13,38.16,265.42,81.2,102.6,0,3.58
2050-12-20,8.89,0.17,21.74,297.58,87.2,102.8,5.89,3.491
2050-12-21,11.3,8.93,21.2,345.04,93.6,101.8,4.45,5.066
2050-12-22,11.38,6.56,29.96,309.24,81.6,101.4,1.28,6.156
2050-12-23,11.07,5.61,22.95,317.7,88.1,101.7,0.55,5.222
2050-12-24,12.2,10.13,21.8,326.87,86.4,101.6,0.1,6.68
2050-12-25,11.65,9.85,21.8,328.06,91.2,101.8,1,3.916
2050-12-26,12.74,2.02,14.95,293.33,93.2,102.3,5.96,3.437
2050-12-27,10.11,0.59,31.44,292.51,95.8,103,0.15,2.151
2050-12-28,11.69,8.72,21.31,344.07,96.6,102.3,0.59,2.396
2050-12-29,11.06,3.26,20.46,296.71,86.7,101.5,0.6,3.922
2050-12-30,8.02,2.39,43.14,259.52,77.1,102.5,0,4.614
2050-12-31,10.19,4.72,27.01,294.18,78.8,101.5,2.89,5.94
