date,tmax,tmin,swdown,lwdown,relhum,pres,prec,windspeed
2016-01-01,7.22,3.54,24.29,309.73,96,99.7,7.6,1.397
2016-01-02,8.47,5.41,28.69,293.26,87.6,98.7,2.11,3.288
2016-01-03,9.29,4.34,23.43,307.88,82.5,97.9,4.61,2.751
2016-01-04,5.1,2.07,21.12,295.37,82.4,96.9,5.71,3.915
2016-01-05,6.31,4.03,28.44,281.97,86.9,97.8,1.78,3.393
2016-01-06,4.18,2.22,10.43,307.42,94,97.4,6.77,2.431
2016-01-07,4.28,2.2,19.04,305.97,93.5,97,1.87,2.33
2016-01-08,3.65,0.79,14.69,300.63,91.3,97.6,0,2.12
2016-01-09,2.84,-0.26,4.09,306.94,100,96.9,12.77,2.606
2016-01-10,5.15,2.12,13.33,305.92,97.2,96.1,4.63,0.716
2016-01-11,5.77,2.33,21.21,301.28,94.9,98.6,4.62,0.924
2016-01-12,4.45,0.88,30.17,290.56,96.8,99.8,0,1.323
2016-01-13,7.63,3.97,13.33,309.95,91.1,98.8,0.39,1.502
2016-01-14,6.53,3.5,14.65,293.63,86.9,99.1,1.32,1.993
2016-01-15,5.47,3.06,26.11,278.61,79.9,100.3,0,1.536
2016-01-16,7.14,3.13,17.4,318.91,96.6,99.7,3.34,2.116
2016-01-17,7.25,-0.88,48.26,249.92,87.8,100.1,0,1.019
2016-01-18,8.45,-2.55,31.09,283.65,91.7,100.3,0,1.598
2016-01-19,12.07,6.38,21.99,323.62,85.9,99.4,3.83,2.376
2016-01-20,9.31,4.18,39.09,290.83,72.8,100.6,0.67,4.31
2016-01-21,11.16,4.07,42.8,301.97,81.6,100.8,1.52,3.035
2016-01-22,10.89,6.69,29.41,321.94,88.3,100.6,0,2.699
2016-01-23,9.46,4.33,36,289.61,77.7,100.1,0,2.894
2016-01-24,8.05,5.23,34.68,290.56,83.3,100.8,1.16,4.378
2016-01-25,9.67,6.58,34.72,307.41,87.6,101.1,0,3.969
2016-01-26,9.22,7.04,31.89,319.03,86.9,101.2,0,4.132
2016-01-27,8.6,7,35.9,321.52,89.4,101.1,0,4.022
2016-01-28,7.85,6.36,27.71,324.43,89.3,100.8,1.17,3.43
2016-01-29,8.19,4.15,23.97,301.16,93.4,100.7,0,1.532
2016-01-30,9.3,4.27,11.61,329.15,99.2,100,5.73,0.56
2016-01-31,9.28,4.99,32.44,311.87,83.7,99,0.83,3.45
2016-02-01,6.85,3.12,49.8,293.32,78.9,99.5,6.56,0.915
2016-02-02,7.64,2.92,64.52,272.05,81.2,99.8,6.47,1.767
2016-02-03,4.15,-1.29,23.98,282.2,86.7,100.9,7.84,2.387
2016-02-04,9.3,3.11,23.46,300.43,84.6,99.7,10.87,1.89
2016-02-05,9.04,3.31,40.49,294.67,84.5,101.3,2.69,4.16
2016-02-06,7.99,-1.12,32.09,288.13,87.4,102.5,0.06,1.395
2016-02-07,1.59,-3.02,76.27,228.31,75.3,102.7,0,1.269
2016-02-08,1.22,-4.12,64.57,225.51,82.4,103.2,0,0.371
2016-02-09,2.38,-4.63,79.3,216.37,81,103.1,0,1.069
2016-02-10,3.52,-2.39,81.43,239.23,86,102.8,0,1.303
2016-02-11,5.09,1.49,41.2,301.68,85.5,102.8,0,0.632
2016-02-12,8.11,0.45,51.53,288.05,84.9,102.7,0,1.712
2016-02-13,8.46,3.42,74.84,280.38,83.8,101.8,0,3.16
2016-02-14,7.41,1.61,56.3,283.6,72.9,100.7,3.44,1.838
2016-02-15,4.55,1.04,57.82,291.99,84.5,100.9,1.67,1.046
2016-02-16,4.6,-0.18,70.4,254.95,79.3,100.6,0,0.96
2016-02-17,5.34,-0.94,72.36,256.96,76.5,100.2,0,1.555
2016-02-18,5.24,0.53,59.05,279.16,87.7,99.2,1.03,1.668
2016-02-19,3.27,-0.07,48.17,283.78,81.2,99.3,2.1,0.736
2016-02-20,5.4,-0.29,65.18,284.96,81.5,100.9,0,0.918
2016-02-21,4.01,0.82,69.72,283.99,87.7,101.5,0,0.982
2016-02-22,4.15,-2.33,115.58,226.09,80,101.1,0,2.191
2016-02-23,4.74,-2.95,102.61,259.31,88.8,100.6,0,2.05
2016-02-24,1.58,-1.56,83.26,261.72,74.5,101.1,0,1.646
2016-02-25,1.86,-3.98,122.91,229.56,71.3,100.6,0,2.314
2016-02-26,0.79,-2.91,71.65,260.59,74.9,100.8,0,4.129
2016-02-27,1.68,-1.69,42.31,295.73,94,101.2,3.69,3.13
2016-02-28,0.42,-1.37,39.3,293.87,96.5,99.6,4.82,2.567
2016-02-29,0.84,-1.88,47.58,290.25,94,99.1,3.4,1.748
2016-03-01,1.25,-2.38,55.88,287.23,91.4,98.6,1.97,0.929
2016-03-02,1.04,-1.05,42.56,297.5,95.6,99.6,4.73,2.976
2016-03-03,-0.34,-2.41,45.73,286.55,89.8,99.9,1.67,4.428
2016-03-04,1.49,-2.42,50.1,292.91,88.5,99.1,1.19,4.792
2016-03-05,1.61,-0.35,37.46,305.83,96.3,98.7,17.59,7.082
2016-03-06,0.46,-0.47,28.33,307.24,100,99.3,26.68,3.835
2016-03-07,0.85,-0.35,19.36,307.97,99.1,99.8,10.64,4.769
2016-03-08,1.78,-0.12,53.23,301.89,92.4,100.2,1.47,3.893
2016-03-09,2.57,-0.96,83.75,286.4,83.5,100.4,0.12,3.342
2016-03-10,2.53,-1.38,67.36,289.19,84.8,100.7,1.05,2.646
2016-03-11,3.3,-1.31,88.64,279.71,80.4,101.3,0,2.221
2016-03-12,3.31,-1.91,151.6,241.61,76.2,101.3,0,0.504
2016-03-13,4.69,-2.67,157.08,230.15,77.9,101.1,0,1.275
2016-03-14,4.08,-1.72,108.2,269.96,81.8,100.5,0,0.561
2016-03-15,6,0.21,103.68,279.14,80.5,100,0,0.856
2016-03-16,6.48,0.15,112.34,281.74,78.7,100.1,0,0.659
2016-03-17,5.83,2.32,85.85,297.4,76.8,100,0,1.114
2016-03-18,7.13,-0.19,24.45,297.65,90.8,97.6,13.74,2.316
2016-03-19,7.95,-0.42,101.31,288.02,91.7,98.5,0,0.848
2016-03-20,7.93,2.49,105.86,295.41,91.6,99.8,0,1.477
2016-03-21,9.43,2.38,95.84,306.92,93.3,99.6,0,1.494
2016-03-22,6.45,2.14,60.2,314.69,98.8,98.5,3.16,3.062
2016-03-23,6.52,3.4,78.79,306.44,93.4,99.4,1.69,0.688
2016-03-24,6.5,2.62,79.84,297.61,87.6,100.2,0,0.504
2016-03-25,9.81,2.72,91.74,308.11,90.6,100.1,0.96,1.013
2016-03-26,10.31,6.54,156.82,299.57,78.2,100.2,0,2.149
2016-03-27,8.18,5.24,85.83,303.33,85.3,99.9,2.98,1.262
2016-03-28,9.13,3.81,139.11,294.56,76.9,100.1,0,1.938
2016-03-29,12.94,5.63,120.61,315.69,86.7,99.2,3.96,2.926
2016-03-30,7.67,4.18,125.82,290.25,70.8,99.1,1.04,4.748
2016-03-31,7.6,4.25,100.41,302.91,80.9,99.6,2.23,3.314
2016-04-01,11.12,5.54,145.13,301.37,78.7,99.6,1.26,2.94
2016-04-02,13.42,6.86,113.93,319.19,88.1,100.4,1.43,2.06
2016-04-03,13.5,6.33,107.2,332.52,90.1,100.6,6.92,0.791
2016-04-04,17.86,8.87,182.76,309.47,73.7,99.7,0,2.29
2016-04-05,12.45,6.45,207.67,273.27,64.4,100,0,1.626
2016-04-06,13.28,5.71,168.93,291.06,71,99,3.58,1.496
2016-04-07,8.07,3.59,120.88,286.57,76.9,98.4,0,1.982
2016-04-08,9.71,2.61,166.14,276.3,66.4,99.7,0,2.411
2016-04-09,14.31,5.65,114.62,325.63,86.6,98.4,3.05,3.064
2016-04-10,10.84,6.28,120.98,318.81,75.8,97.2,13.19,5.161
2016-04-11,9.26,5.17,174.12,286.77,76,98.6,3.63,5.534
2016-04-12,11.55,5.18,105.02,311.7,82.1,99.9,0,2.918
2016-04-13,13.35,9.42,150.82,317.62,83.4,100.5,0,2.783
2016-04-14,13.51,6.87,188.93,300.83,81.8,100.8,0,2.392
2016-04-15,19.55,6.35,239.6,294.24,75.2,100.8,0,1.085
2016-04-16,16.19,8.67,230.13,285.16,82.1,100.6,0,1.604
2016-04-17,20.82,7.55,203.26,311.56,79.5,100,0,0.465
2016-04-18,14.78,8.23,188.49,306.9,69.7,99.7,0,3.151
2016-04-19,13.54,7.14,204.47,304.07,80,99.7,1.17,3.36
2016-04-20,10.85,6.06,209.47,294.26,76.8,98.9,6.53,5.353
2016-04-21,8.73,4.62,172.84,289.08,74.7,98.8,0,4.169
2016-04-22,8.94,3.71,139.62,294.85,77.2,98.7,3.79,1.119
2016-04-23,11.02,4.32,164.49,301.41,73.1,99.4,0,2.171
2016-04-24,10.29,4.74,165.57,295.56,73.1,98,1.01,2.76
2016-04-25,9.06,3.48,153.42,282.81,72.2,98.1,3.64,1.535
2016-04-26,8.83,3.81,140.81,295.72,78.3,99.2,0,0.67
2016-04-27,9.27,3.09,172.36,285.71,75,100.3,0,0.573
2016-04-28,7.41,1.59,187.62,274.34,65.9,100.4,0,0.308
2016-04-29,13.24,4.64,107.64,324.14,85.9,99,2.67,2.608
2016-04-30,8.87,5.01,146.96,289.16,79,97.8,0.99,3.078
2016-05-01,9.31,3.53,153.59,283.87,60.9,98.1,0,2.608
2016-05-02,8.94,2.21,163.44,278.32,73.5,98.6,0,2.299
2016-05-03,9.41,5.06,119.54,293.77,85.2,97.9,5.2,3.282
2016-05-04,8.16,3.62,185.8,284.3,61.3,97.5,0,4.25
2016-05-05,8.81,2.68,129.22,307.38,83.5,98,6.65,0.607
2016-05-06,8.2,2.24,155.7,286.74,79.7,98.6,1.39,1.062
2016-05-07,7.46,1.5,153.77,286.16,80,99,1.59,1.168
2016-05-08,8.75,2.48,146.43,291.54,78.6,99.2,3.66,0.711
2016-05-09,8.39,1.74,164.11,272.89,66.2,99.1,4.18,0.128
2016-05-10,6.74,3.13,99.56,308.81,72.7,99,7.37,1.973
2016-05-11,8.03,3.58,151.31,297.31,88.2,99.1,5.89,2.16
2016-05-12,11.5,3.57,187.68,295.32,83.8,99.9,4.31,1.099
2016-05-13,9.79,4.18,157.19,294.01,76.5,100.6,1.94,0.903
2016-05-14,11.05,4.02,163.01,302.8,77.1,100.6,1.84,1.87
2016-05-15,11.62,4.63,192.51,291.83,73.2,100.1,1.56,1.176
2016-05-16,10.35,4.47,192.6,286.6,75.6,99.5,0,2.214
2016-05-17,9.39,3.78,120.47,295.06,88.6,99.2,5.54,0.404
2016-05-18,13.84,4.29,186.38,290.97,77.1,99.5,0,1.539
2016-05-19,16.49,5.14,219.59,310.37,77.7,99,1.27,1.529
2016-05-20,13.44,8.06,203.72,300.47,80.7,98.6,2.26,2.63
2016-05-21,13.58,7.62,252.49,285.97,72.4,99.3,0,2.699
2016-05-22,18.5,8.36,191.87,336.36,85.3,99.8,2,0.9
2016-05-23,20.89,11.1,253.12,322.76,78.8,100,0,1.866
2016-05-24,20.86,8.67,292.71,302.46,72,99.7,0,3.862
2016-05-25,20.85,11.09,238.87,332.9,78.2,99.5,0,3.559
2016-05-26,21.29,11.23,237,344.74,84,99.6,0,1.63
2016-05-27,18.94,12.84,295.9,325.81,68.9,99.9,0,1.658
2016-05-28,16.16,11.12,177.6,326.1,63.4,100,0.39,0.598
2016-05-29,17.49,8.5,275.71,287.14,65.5,100.4,0,1.163
2016-05-30,17.94,7,313.09,283.87,75,101,0,2.307
2016-05-31,18.86,7.8,319.07,290.03,74.5,101,0,2.801
2016-06-01,19.79,8.6,325.03,296.16,74.1,101,0,3.307
2016-06-02,19,10.32,198.49,332.83,80.7,100.4,0,3.869
2016-06-03,21.67,12.07,318.29,314.46,76,100.4,0,4.083
2016-06-04,22.38,11.14,350.73,289.15,66.1,100.5,0,3.936
2016-06-05,22.57,10.41,336.29,287.86,62.6,100.3,0,0.786
2016-06-06,14.28,8.71,284.99,292.2,68.4,100,0,1.317
2016-06-07,16.24,8.74,261.19,298.53,72.2,100.2,0,2.555
2016-06-08,15.58,7.8,254.23,299.37,71.6,99.8,0,1.349
2016-06-09,12.14,7.54,157.68,311.46,68.2,100.1,0,1.588
2016-06-10,13.45,6.97,175.04,311.27,68.6,100.2,1.91,1.068
2016-06-11,15.72,9.27,242.49,308.18,73.3,99.8,1.23,1.277
2016-06-12,15.34,7.46,190.04,308.92,77.1,99.6,5.62,0.916
2016-06-13,13.82,7.56,149.92,315.55,76.9,99.6,17.99,2.065
2016-06-14,14.36,6.55,191.71,296.67,72.8,100.1,2.38,0.695
2016-06-15,16.82,8.42,195.19,319.47,65,100.3,0,1.788
2016-06-16,17.35,11.77,255.1,329.52,69.3,98.6,4,4.555
2016-06-17,16.24,10.62,239.43,313.43,72.2,98.4,0.9,3.804
2016-06-18,15.36,9.26,187.39,321.39,79.9,98.1,3.18,2.31
2016-06-19,11.83,7.3,140.23,313.44,83,98.8,5.41,0.346
2016-06-20,12.61,7.16,230.44,283.65,71.4,99.8,0,3.355
2016-06-21,15.6,7.43,198.02,303.49,74.9,100.1,0.87,2.497
2016-06-22,16.33,11.48,147.11,348.43,83.8,98.1,8.12,3.407
2016-06-23,17.03,9.8,218.79,320.06,76.8,97,4.87,3.566
2016-06-24,15.46,9.03,257.46,298.45,68.2,99.1,0,2.792
2016-06-25,25.8,13.33,296.7,341.93,77.8,99.9,0,1.678
2016-06-26,24.95,16.14,250.93,354.17,76.9,100.2,0,0.461
2016-06-27,23.75,14.51,257.18,347.69,79.4,100,0,2.038
2016-06-28,23.41,13.66,277.13,334.38,77.8,100,0,1.329
2016-06-29,26.35,13.36,287.08,335.34,72.6,99.8,0,0.809
2016-06-30,18.94,11.58,243.76,325.02,69.7,100.4,12.5,0.445
2016-07-01,18.52,11,257.31,309.82,64.8,100.8,0,0.446
2016-07-02,17.25,10.58,235.86,317.58,74.7,100.6,0,1.716
2016-07-03,22.71,11.82,265.94,342.71,81,100.3,0,3.073
2016-07-04,22.34,12.16,260.71,351.3,81.9,100.2,0,2.582
2016-07-05,20.14,14.59,111.24,379.16,94,100.2,2.69,1.441
2016-07-06,23.01,14.62,193.71,368.44,85.1,100.2,0.76,2.185
2016-07-07,24.99,12.98,304.61,333.95,76.3,100.2,0,0.939
2016-07-08,22.83,12.6,256.63,328.92,71.1,100,5.4,1.943
2016-07-09,17.2,10.78,242.1,300.69,68.2,99.7,0,3.019
2016-07-10,17.98,10.12,237.18,304.41,66,99.7,0,1.608
2016-07-11,15.72,9.4,204.2,307.35,71.7,100.3,0,0.361
2016-07-12,17.28,11.06,147.79,326.5,82,99.9,1.51,3.437
2016-07-13,18.27,12.02,240.79,319.67,69.5,99.8,0,1.584
2016-07-14,19.2,12.26,187.38,347.06,80.3,99.2,6.37,1.177
2016-07-15,20.42,11.48,225.06,338.05,80.2,99.6,2.3,0.971
2016-07-16,20.06,12.18,235.59,328.74,78.4,99.4,1.1,2.391
2016-07-17,15.57,10.78,147.74,318.74,74.7,99.5,0,2.182
2016-07-18,16.1,10.64,168.43,319.43,79,99.3,2.39,1.195
2016-07-19,15.37,9.81,160.92,318.62,81.4,99.3,1.34,0.531
2016-07-20,16.42,10.24,236.54,305.86,70.7,99.5,0,1.032
2016-07-21,17.74,9.46,250.27,294.42,62.1,99.5,0,1.838
2016-07-22,18.25,10.41,274.64,301,72.6,99.3,0,2.941
2016-07-23,17.14,10.72,183.45,310.49,71.6,99.1,0,1.054
2016-07-24,15.07,11.03,108.69,336.19,83.8,99,6.33,1.243
2016-07-25,20.2,11.44,207.18,336.27,78.4,99.1,1.03,1.038
2016-07-26,17.99,12.24,156.77,338.92,81.6,99.4,0,0.601
2016-07-27,20.69,13.14,187.42,352.47,80.1,99.7,0,0.427
2016-07-28,14.94,11.29,107.99,350.56,92.6,99.7,28.04,1.625
2016-07-29,15.72,9.35,214.77,300.52,77.8,99.1,3.22,0.39
2016-07-30,15.57,8.45,210.81,298.2,75,98.9,3.86,1.29
2016-07-31,15.35,8.96,197.04,304.88,78.9,99.1,5,1.224
2016-08-01,15.14,9.48,183.25,311.64,82.7,99.3,6.14,1.161
2016-08-02,17.28,9.56,202.4,311.9,75.7,99.5,0,1.426
2016-08-03,19.64,10.76,240.99,316.84,76,99.6,0,1.386
2016-08-04,20.13,13.05,269.47,326.13,73.8,99.4,0,2.117
2016-08-05,18.69,11.82,195.57,323.24,68.6,99.6,0,2.038
2016-08-06,17.78,11.9,222.78,318.07,78.5,99.9,3.46,0.324
2016-08-07,16.74,11.25,149.72,331.63,74.1,100.1,0,0.675
2016-08-08,16.14,11.19,131.18,340.59,80.7,100,3.73,0.805
2016-08-09,18.94,12.57,154.52,353.13,84.6,100,1.23,0.579
2016-08-10,18.9,11.54,239.95,314.85,78.9,100.2,0.85,0.937
2016-08-11,19.87,10.1,276.74,296.44,74.9,100.6,0,0.51
2016-08-12,22.64,11.17,230.61,320.74,75,100.7,0,1.459
2016-08-13,22.46,12.54,286.14,300.72,67.7,100.5,0,0.806
2016-08-14,21.46,14.25,188.81,338.97,73.8,100.4,0,1.087
2016-08-15,20.17,13.83,228.27,326.11,78.3,99.9,0,2.934
2016-08-16,17.04,13,113.03,340.46,80.1,99.9,2.94,2
2016-08-17,15.99,11.24,133.54,324.8,86.7,99.7,10.75,0.19
2016-08-18,17.81,10.22,220.33,307.32,64.6,99.8,0,0.065
2016-08-19,17.21,11.57,47.15,358.23,89.8,98.7,17.18,1.505
2016-08-20,22.31,14.62,197.76,349,79.4,98.2,1.83,1.599
2016-08-21,22.02,12.64,242.46,315.54,76.8,98.6,0,1.196
2016-08-22,19.57,13.28,167.69,330.76,82,98.4,5.55,0.967
2016-08-23,18.13,13.95,133.26,347.46,90.8,98.1,7.94,0.366
2016-08-24,16.12,11.39,102.55,346.62,83.6,99.4,9.28,1.624
2016-08-25,18.89,10.11,202.33,310.21,74.2,100.3,0,0.81
2016-08-26,19.89,13.25,209.13,327.54,78.6,99.8,2.96,3.098
2016-08-27,20.27,13.84,124.16,355.24,87.8,99.5,0.06,2.72
2016-08-28,17.77,12.4,190.51,302.7,76.5,99.9,0,3.065
2016-08-29,17.68,10.96,89.18,343.11,88.7,100.2,2.61,1.606
2016-08-30,19.85,14.83,210.97,322.01,82.9,100,0,2.537
2016-08-31,19.35,13.89,192.55,321.87,80.8,99.8,0.06,2.931
2016-09-01,18.84,12.95,174.19,321.08,78.7,99.6,1.38,3.326
2016-09-02,16.19,11.28,212.94,293.42,68.6,99,0,4.517
2016-09-03,16.88,8.94,191.88,291.38,64.8,99.8,0,2.36
2016-09-04,18.31,11.42,111.77,337.81,82.2,99.1,3.39,2.67
2016-09-05,20.26,11.69,159.33,336.43,78.8,99,0,3.235
2016-09-06,16.24,12.72,145.06,320.01,71.2,99.2,0,3.344
2016-09-07,13.4,9.68,71.56,321.36,87,98.8,15.77,1.309
2016-09-08,14.25,8.79,154.8,296.22,66.3,99.7,0,1.419
2016-09-09,15.28,7.38,162.71,295.74,71.3,100.1,0,1.743
2016-09-10,16.69,9.35,74.42,352.36,93.5,99.6,11.17,0.625
2016-09-11,17.54,14.38,168.58,333.27,83.7,98.6,1.92,3.923
2016-09-12,17.58,11.84,182.77,310.01,80.1,98,1.32,2.634
2016-09-13,13.69,9.72,125.31,312.77,76.1,99.2,1.7,0.996
2016-09-14,15.17,7.21,178.75,287.03,65.5,100.5,0,0.843
2016-09-15,18.49,12.17,146.6,344.71,81.6,100.7,0,1.363
2016-09-16,18.37,10.73,198.4,295.76,76.5,100.6,0,2.617
2016-09-17,17.85,9.05,151.28,308.46,83.1,99.7,0,2.579
2016-09-18,18.85,10.76,145.8,324.47,85.1,99.2,0,0.849
2016-09-19,17.27,10.78,155.57,305.92,76.7,99.4,0,1.132
2016-09-20,18.65,12.63,138.44,331.23,86.3,98.8,3.9,1.453
2016-09-21,18.5,11.81,142.15,325.28,78,99.3,3.45,2.357
2016-09-22,17.5,12.4,126.69,331.89,82.7,99.1,7.82,3.255
2016-09-23,18.75,11.09,126.06,323.53,81.6,99.8,0,1.998
2016-09-24,22.6,11.76,116.1,347.67,78.6,99,2.99,1.849
2016-09-25,15.79,10.01,166.45,283.44,73.8,99.9,0,2.567
2016-09-26,16.61,9.19,143.64,292.59,74.2,100.2,0,1.541
2016-09-27,16.19,11.38,74.56,329.63,83.9,98.8,6.35,1.552
2016-09-28,17.48,9.87,77.98,336.89,86,97.5,9.86,3.123
2016-09-29,13.92,9.39,146.2,289.85,78.3,98.3,0,3.862
2016-09-30,13.27,8.38,79.79,304.47,82,98.1,4.91,1.513
2016-10-01,12.76,7.44,88.98,299.46,82.8,98,0.6,1.944
2016-10-02,13.85,7.44,136.09,279.62,83.4,98.7,0,1.906
2016-10-03,15.35,5.9,95.68,318.7,92.8,98.7,0,1.043
2016-10-04,15.95,10.76,63.87,341.52,88.3,98.2,5.5,3.297
2016-10-05,11.99,7.75,83.43,290.44,77.2,98.4,0.67,3.611
2016-10-06,11.8,7.5,127.5,271.81,73.1,98.6,0,4.912
2016-10-07,13.63,9.17,125.47,289.16,73.5,99.3,0,3.577
2016-10-08,15.44,7.83,105.26,320.54,87.3,100.3,0,0.636
2016-10-09,17.5,11.18,74.54,344.3,92.8,100.6,0,1.069
2016-10-10,16.05,11.32,48.76,356.22,94.6,100.7,8.31,0.282
2016-10-11,15.21,11.32,47.18,354.7,94.7,100.5,1.05,1.646
2016-10-12,14.12,11.33,46.58,338.84,93,99.7,3.19,0.386
2016-10-13,12.2,6.67,92.04,302.9,83.1,99.3,1.63,2.301
2016-10-14,7.98,5.52,68.27,282.98,85.5,98.5,1.68,1.01
2016-10-15,8.44,5.45,41.5,305.03,89.4,98.5,11.21,0.729
2016-10-16,7.93,3.86,60.87,293.7,73.5,97.9,0,0.944
2016-10-17,8.97,3.05,65.32,304.55,88.4,97.9,0.12,1.038
2016-10-18,11.02,5.56,90.84,278.58,86.7,99.1,0,0.805
2016-10-19,9.95,2.23,60.31,287.55,86.4,99.1,2.84,1.232
2016-10-20,8.9,5.78,57.91,293.88,89.4,98,1.37,2.036
2016-10-21,9.91,5,102.31,267.56,70.7,98.4,0,2.91
2016-10-22,8.5,2.46,93,265.25,70.9,98.5,0,1.559
2016-10-23,7.44,1.97,106.76,248.07,69.3,98.2,0,0.809
2016-10-24,9.08,1.69,78.58,289.74,82,98.7,0,0.875
2016-10-25,8.81,4.74,40.26,323.38,97.3,98.7,10.29,0.899
2016-10-26,10.56,4.57,77.05,298.12,93.5,99.9,0,0.308
2016-10-27,14.26,7.78,32.21,330.87,95.2,99.9,2.09,0.91
2016-10-28,11.94,5.16,93.07,266.08,85,100.6,0,1.102
2016-10-29,11.43,6.28,55.01,294.98,88.5,100.7,0.91,1.007
2016-10-30,11.63,6.31,65.23,295.77,84.7,100.9,1,0.596
2016-10-31,10.84,5.97,59.98,295.12,87.6,101.1,0,0.507
2016-11-01,10.06,5.62,54.75,295.87,90.4,101.4,0,1.086
2016-11-02,9.92,7.79,38.79,334.61,95.3,101.4,1.52,2.193
2016-11-03,10.41,8.27,33.16,336.7,96.9,101.4,1.79,2.247
2016-11-04,9.82,8.07,23.96,339.89,98.2,101.1,2.24,2.983
2016-11-05,9.31,7.14,31.15,333.09,97.6,100.4,2.79,3.039
2016-11-06,8.83,6.12,37.23,313.08,96,99,0,0.838
2016-11-07,10.26,5.49,64.61,288.13,75.3,98.4,1.24,3.745
2016-11-08,13.99,7.05,26.85,336.79,90.1,98.8,7.72,3.013
2016-11-09,14.71,12.06,57.62,328.34,84.1,99.1,0,3.772
2016-11-10,13.08,7.97,38.25,320.22,73,99.2,1.92,3.02
2016-11-11,10.89,7.85,47.84,300.61,83.3,99.5,1.53,2.832
2016-11-12,12.37,9.58,38.89,316.65,87.9,100.3,0,2.644
2016-11-13,12.76,10.54,39.73,331.26,84.2,100.3,0,2.456
2016-11-14,13.58,8.02,49.26,317.9,88,100,0,2.269
2016-11-15,10.03,6.18,14.24,314.33,90.1,99.9,0.23,1.407
2016-11-16,7.61,3.56,51.42,256.77,77.6,99.7,0,2.169
2016-11-17,6.45,1.35,49.88,259.51,77.1,99.9,0,1.374
2016-11-18,11.33,2.87,36.12,303.97,77.9,99.2,1.24,2.711
2016-11-19,8.8,6.21,30.65,300.39,74.6,99.2,0.32,3.118
2016-11-20,11.93,5.67,40.05,309.77,85.8,97.9,11.12,3.291
2016-11-21,5.82,1.56,39.36,262.31,76.8,98.7,0,2.095
2016-11-22,2.9,-0.28,53.94,227.43,65.4,99.4,0,2.762
2016-11-23,5.12,-0.58,33.77,280.1,75.1,99.5,0,1.132
2016-11-24,5.79,1.69,44.73,270.28,76.2,100.4,0,0.787
2016-11-25,7.31,2,19.01,314.4,91.6,99.9,4.27,1.601
2016-11-26,11.42,5.02,37.69,313.94,92.6,99.2,11.32,2.262
2016-11-27,8.88,5.24,43.97,277.42,74.2,99.3,0.52,3.649
2016-11-28,10.96,4.66,20.57,314.85,93.5,100.1,2.13,1.711
2016-11-29,13.09,7.27,16.46,329.71,91.4,99.6,0.91,3.094
2016-11-30,12.97,5.22,21.58,308.98,84.9,99.4,5,2.387
2016-12-01,7.19,4.29,17.53,295.31,85.2,99.6,3.19,2.339
2016-12-02,9.04,5.62,10.14,319.35,84.8,97.9,9,3.637
2016-12-03,7.13,4.26,40.4,262.33,73.7,98.8,0,3.355
2016-12-04,13.1,4.85,14.6,324.55,87.3,98.3,13.67,3.42
2016-12-05,8.23,6.24,30.28,298.87,73.5,98.2,4.18,4.483
2016-12-06,7.64,4,31.35,284.1,82.2,98.8,2.22,4.797
2016-12-07,7.22,0.77,7.45,302.91,94,98.5,21.16,2.543
2016-12-08,9.04,5.86,7.31,330.77,99.8,96.3,15.84,1.923
2016-12-09,8.29,6.1,17.71,327.99,95.6,96.8,0,1.073
2016-12-10,6.14,2.73,9.5,293.35,92.2,96.4,4.77,1.903
2016-12-11,6.2,1.88,26.07,278.64,90.9,97.2,12.9,0.791
2016-12-12,6.15,2.55,7.9,310.09,85.6,95.6,10.7,3.32
2016-12-13,4.36,1.94,29.3,278.33,68.1,98.7,0,2.846
2016-12-14,3.48,-2.76,18.23,273.58,86.3,99.5,1.26,0.521
2016-12-15,4.79,2.76,7.35,318.61,96.5,98.7,12.51,3.187
2016-12-16,5.09,2.98,14.21,318.82,100,98.9,0,0.179
2016-12-17,4.37,2.52,17.89,310.58,100,99.7,0,0.47
2016-12-18,4.04,2.17,9.58,314.05,98.7,100,2.85,2.634
2016-12-19,3.45,1.37,11.46,304.64,91.2,101.3,1.26,2.622
2016-12-20,3.06,1.13,14.39,304.92,94.2,101.3,1.71,2.784
2016-12-21,1.69,-0.96,10.87,294.48,94.4,100.4,1.86,2.071
2016-12-22,0.07,-2.98,21.5,268.01,84,100.4,0,0.441
2016-12-23,0.97,-4.37,23.13,274.59,95.2,100.5,0,0.46
2016-12-24,0.96,-1.96,15.59,287.3,99.8,100.6,0,1.07
2016-12-25,3.27,-0.57,15.25,305.91,97.8,100.2,0,0.767
2016-12-26,9.23,3.23,15.33,318.83,95.1,99.8,1.01,1.166
2016-12-27,11.98,3.53,24.31,301.03,79.3,98.9,7.62,2.646
2016-12-28,4.09,1.95,8.29,298.34,92.1,98.4,4.84,0.634
2016-12-29,3.69,-0.06,14.51,265.52,81.4,98.7,4.39,4.377
2016-12-30,6.3,-1.08,22.1,284.73,91.7,100,2.9,0.812
2016-12-31,8.8,2.63,20.3,312.71,94,99.5,5.67,1.014
2017-01-01,11.3,6.34,18.5,338.66,96.2,99,8.39,1.243
2017-01-02,12.5,5.27,11.59,308.28,88.4,98.5,3.01,2.73
2017-01-03,6.87,4.74,15.51,286.86,75.3,98.6,0,4.472
2017-01-04,6.07,4.07,26.8,282.55,80.4,98.6,2.05,3.061
2017-01-05,8.81,4.75,20.39,317.68,85.6,96,15.07,4.734
2017-01-06,6.14,1.2,20.6,287.54,81.5,97.1,0,2.13
2017-01-07,2.42,-1.25,24.53,243.13,79.7,98.9,1.92,1.145
2017-01-08,3.32,-1.83,27.63,263.75,83.6,99.9,0,1.951
2017-01-09,10.71,3.36,18.1,308.78,86.6,98.2,4.05,3.566
2017-01-10,6.43,2.35,27.28,281.31,68.7,98,0,3.963
2017-01-11,4.47,1.39,21.36,290.5,79.9,97.1,1.65,4.025
2017-01-12,4.05,1.52,25.97,280.09,81.9,96.9,1.77,3.121
2017-01-13,2.46,-1.1,9,286.67,97,96.2,14.14,0.652
2017-01-14,3.47,-1.1,22.26,262.71,93,98.4,0,2.292
2017-01-15,4.48,1.09,33,272.7,91.6,99.3,0,1.429
2017-01-16,2.39,0.63,20.69,301.59,98.6,99.1,9.73,1.952
2017-01-17,6.57,1.13,36.75,285.45,85.9,97.7,9.63,3.681
2017-01-18,7.61,4.87,24.77,289.22,88.1,98.2,1.89,3.357
2017-01-19,9.6,4.69,27.51,308.12,84.8,98.2,2.61,1.667
2017-01-20,10.97,4.71,27.47,308.1,65.6,96.7,0,4.13
2017-01-21,5.13,2.86,28.61,298.2,82.9,97,6.47,4.131
2017-01-22,3.4,0.03,55.27,224.13,71.8,99.2,0,2.827
2017-01-23,4.46,-1.07,30.54,293.69,96.8,100.4,0,0.671
2017-01-24,11.12,3.44,34.54,322.14,93.1,100.1,1.49,3.732
2017-01-25,10.47,7.83,37.55,308.91,89.5,100.5,0,2.962
2017-01-26,9.01,2.76,31.97,288.63,85.1,100.5,0,1.101
2017-01-27,7.68,3.67,28,316.7,95.7,100.9,1.84,2.263
2017-01-28,8.39,4.62,41.47,299.56,94.5,100.6,0,0.846
2017-01-29,9.37,4.79,40.19,306.73,94.6,100.7,0,1.396
2017-01-30,6.75,1.24,45.54,285.83,92.7,101,0,0.629
2017-01-31,10.28,6.24,38.96,313.55,90.4,100.4,0,2.28
2017-02-01,10.19,5.41,35.6,312.25,89.4,99.6,3.42,2.234
2017-02-02,5.69,2.92,56.89,263.76,84.2,100.2,0,2.281
2017-02-03,7.65,2.84,31.87,299.55,91.2,100.3,0,2.968
2017-02-04,8.63,5.62,32.63,315.55,88.9,100.1,0,2.451
2017-02-05,5.64,2.88,54.87,278.23,81.9,99.5,1.97,2.495
2017-02-06,4.87,1.26,40.47,281.32,77.5,98.6,2.04,1.49
2017-02-07,6.92,2.58,59.24,290.93,87.2,97,4.28,1.404
2017-02-08,9.02,2,50.16,306.76,84.6,95.9,15.55,2.289
2017-02-09,4.66,1.41,44.72,283.49,75.6,96.7,4.25,3.932
2017-02-10,11.93,4,47.12,299.82,81.1,98.3,3.06,3.201
2017-02-11,13.83,8.51,32.81,342.76,87.5,97.9,31.87,3.019
2017-02-12,9.61,5.49,42.07,287,80.8,98.5,2.23,3.217
2017-02-13,10.16,4.52,36.23,305.94,80,99.3,13.72,2.926
2017-02-14,10.4,5.95,37.31,318,74.6,98,10.44,4.933
2017-02-15,6.79,4,68.09,291.62,79.5,98,3.94,4.927
2017-02-16,4.34,-1.05,13.99,285.88,87.6,98.5,13.31,1.799
2017-02-17,3.15,-1.85,91.69,235.38,67.5,100.1,0,0.657
2017-02-18,8.92,-0.35,31.14,304.19,84.4,99.8,2.53,2.841
2017-02-19,9.3,5.04,73.8,298.1,68.9,99.4,4.33,4.847
2017-02-20,8.98,5.08,57.82,312.12,77,100.6,0,4.942
2017-02-21,10.58,7.46,66.37,315.88,83.8,101.2,0,5.112
2017-02-22,10.95,8.77,98.75,292.85,86.3,101.2,0,5.331
2017-02-23,11.18,7.46,82.93,301.38,87.2,101.3,0,2.576
2017-02-24,9.21,4.11,62.1,308.22,87,100.3,1.64,2.076
2017-02-25,6.51,3.22,81.25,287.93,75.8,99.6,0,3.033
2017-02-26,7.83,5.06,63.35,305.16,89.2,99,7.07,3.477
2017-02-27,9.06,3.6,76.4,301.43,88,98.7,6.23,2.246
2017-02-28,10.19,2.08,61.65,306.84,88.6,98.7,2.12,1.225
2017-03-01,11.18,7.72,101.53,310.04,71.8,98.6,5.67,3.488
2017-03-02,9.89,5.26,114.1,277.02,63.1,99.3,0,3.914
2017-03-03,10.43,4.51,82,302.32,78.1,98.7,12.11,4.045
2017-03-04,7.58,3.65,127.03,279.8,67.7,98,10.92,3.918
2017-03-05,9.98,3.51,46.52,303.24,75.9,96,16.39,4.885
2017-03-06,7.58,0.7,105.84,268.31,73.2,98.9,7.34,2.105
2017-03-07,7.71,2.32,85.63,298.03,72.1,97.5,8.61,5.47
2017-03-08,8.32,3.23,112.16,273.92,76.1,98.9,0.48,4.46
2017-03-09,8.39,3.87,30.51,300.6,85,98.5,4.94,2.314
2017-03-10,5.54,1.66,75.44,290.34,76.6,98.2,3.55,3.727
2017-03-11,5.42,1.67,111.23,281.35,80.1,98.3,0,3.597
2017-03-12,6.77,0.61,41.52,304.6,95,97.9,10.77,0.878
2017-03-13,5.57,0.71,122.45,266.54,73.6,98.5,0,0.839
2017-03-14,4.56,0.24,131.98,246.38,58,100.1,0,1.785
2017-03-15,4.37,-0.91,134.67,238.04,59.3,101,0,1.378
2017-03-16,4.7,-2.09,119.48,259.44,72.2,101.1,2.55,0.401
2017-03-17,10.77,0.85,84.24,310.78,93.1,100.3,2.26,2.01
2017-03-18,12.95,7.79,138.28,304.91,82.3,100.2,0,2.24
2017-03-19,13.9,8.3,122.2,320.84,84.5,100.6,0,2.111
2017-03-20,13.57,8.32,123.76,319.91,80.4,101,0,2.106
2017-03-21,16.01,7.48,183,284.31,75,100.8,0,1.779
2017-03-22,9.88,6.86,134.81,296,72.3,100.6,0,3.078
2017-03-23,9.92,5.2,88.3,300.59,74.3,101.5,0,0.637
2017-03-24,13.55,2.68,181.49,271.23,79.1,101.3,0,1.92
2017-03-25,13.04,7.09,149.74,309.68,83.2,100.3,0,2.31
2017-03-26,9.89,6.55,153.86,296.16,73.6,99,3.34,2.635
2017-03-27,11.13,5.28,118.43,306.18,79.5,96.6,12.87,2.694
2017-03-28,9.41,5.1,121.85,305.13,79.8,95.8,15.99,3.407
2017-03-29,9.85,4.45,122.02,295.43,78.1,96.8,0,1.693
2017-03-30,6.85,3.84,72.94,308.97,93.3,96.7,4.31,2.132
2017-03-31,7.42,4.34,82.48,310.93,94,97.1,4.45,0.472
2017-04-01,10.1,3.39,122.33,295.49,83.9,98.5,0.09,0.195
2017-04-02,5.82,1.33,30.46,314.88,94.8,98.8,12.35,4.932
2017-04-03,3.26,0.74,55.9,305.52,92.8,98.3,11.7,2.778
2017-04-04,5.01,0.09,111.92,271.85,70.2,99,0,2.68
2017-04-05,6.46,-0.2,155.43,259.67,63.2,100,0,0.603
2017-04-06,6.38,-0.34,118.94,275.58,69.2,100.3,0,0.294
2017-04-07,6.36,-0.08,148.51,260.59,70.2,99.9,0,1.788
2017-04-08,5.59,-1.51,118.84,265.41,71.8,99.7,0.76,3.502
2017-04-09,4.55,-1.55,105.49,265.37,70.1,99.9,0,2.017
2017-04-10,4.04,0.35,68.12,304.06,92.7,99.5,6.43,2.027
2017-04-11,7.64,1.55,138.04,296.72,79,99.4,1.67,0.322
2017-04-12,9.3,2.85,148.5,285.05,74.4,100.4,0,0.385
2017-04-13,10.36,4.21,142.25,296.44,77.7,100.8,0,0.246
2017-04-14,10.63,2.41,162.5,276.82,69.1,100.8,0,0.481
2017-04-15,8.41,3.11,146.21,291.43,84.1,100.6,0.68,1.135
2017-04-16,9.91,5.22,87.33,325.1,93.1,100.5,0,0.639
2017-04-17,12.63,5.11,123.07,312.22,85.1,100.9,0,1.951
2017-04-18,12.16,4.61,152.16,299.48,78.9,101.1,0,1.491
2017-04-19,12.33,4.62,135.64,300.8,79.2,101,0,0.333
2017-04-20,10.67,5.6,145.61,305.68,78.4,101,0,1.807
2017-04-21,11.07,4.43,188.29,277.55,77.8,100.9,0,1.099
2017-04-22,16.03,4.38,271.99,264.28,73.1,100.3,0,1.645
2017-04-23,15.07,8.95,173.23,308.33,81,100,0,2.464
2017-04-24,14.75,7.8,223.22,301.08,78.9,99.7,0,3.519
2017-04-25,10.02,5.13,190.72,275.95,58.1,99.7,0,4.161
2017-04-26,9.8,4.23,196.16,264.58,62.9,100.1,0,2.88
2017-04-27,9.52,2.04,151.58,284.05,73.6,100.1,2.15,0.668
2017-04-28,10.46,2.69,191.36,273.02,67.9,99.8,0,1.779
2017-04-29,12.12,1.47,238.27,251.19,68.3,99.2,0,0.496
2017-04-30,13.12,6.19,192.79,302.15,70.8,99.4,0,2.915
2017-05-01,15.88,8.33,209.25,305.14,68.5,100.3,0,2.144
2017-05-02,17.48,9.69,248.9,300.79,69.7,100.3,0,2.825
2017-05-03,15.04,9.6,152.43,320.23,78.5,99.6,3.89,1.634
2017-05-04,10.41,5.21,159.77,304.65,72.5,99.4,5.05,3.364
2017-05-05,9.11,3.7,153.75,298.46,69.6,98.4,7.11,3.369
2017-05-06,10.22,4.41,159.25,290.92,66.6,99.8,4.82,1.641
2017-05-07,8.39,3.29,140.04,295.62,76.1,99.6,5.55,2.783
2017-05-08,9.1,1.6,129.97,299.29,76.9,99.3,4.85,1.272
2017-05-09,9.16,4.08,186.77,287.62,76.9,97.2,2.28,2.212
2017-05-10,7.54,4.15,96.52,311,85.7,97,15.2,0.924
2017-05-11,6.32,4.68,104.44,312.54,84.7,97.9,6.67,1.235
2017-05-12,10.13,2.57,172.2,278.59,69.5,99,0,0.689
2017-05-13,9.51,2.3,210.14,273.21,71.5,99.4,0,0.596
2017-05-14,8.72,2.87,160.71,283.3,63.1,99.1,0,2.5
2017-05-15,11.92,4.36,156.01,301.28,69,99.6,0,1.186
2017-05-16,15.65,6.19,156.61,321.56,78.9,98.9,4.74,1.632
2017-05-17,9.77,6.57,184.44,302.19,81.2,97.9,8.6,3.562
2017-05-18,10.95,4.93,141.47,299.34,83.6,98.4,3.53,0.538
2017-05-19,12.58,5.45,163.14,305.81,72.4,98.8,0,1.351
2017-05-20,13.73,5.51,237.2,283.39,67.7,99.5,0,1.894
2017-05-21,13.69,6.1,193.56,306.84,76.2,99.8,3.47,1.706
2017-05-22,14.56,7.37,189.24,314.87,83.8,100.4,4.7,1.251
2017-05-23,15.44,7.28,218.03,316.25,80.4,101.1,0,3.464
2017-05-24,12.85,7.18,165.44,324.58,85.3,100.6,0,5.736
2017-05-25,22.1,9.53,180.32,346.35,85.4,99.7,2.1,1.037
2017-05-26,20.56,9.81,195.11,330.67,76.6,99.7,3.42,0.606
2017-05-27,18.93,10.89,235.86,322.52,66.5,99.9,0,1.479
2017-05-28,17.36,11.06,179.24,324.74,75.9,99.6,2.91,1.091
2017-05-29,15.74,8.44,230.66,295.31,68.6,99.4,0,1.528
2017-05-30,14.93,6.95,213.34,293.29,71.2,99.3,2.19,0.983
2017-05-31,15.11,6.96,222.59,290.04,71,99.3,2.45,0.912
2017-06-01,15.3,6.97,231.89,286.76,70.9,99.4,2.72,0.857
2017-06-02,16.43,7.48,240.76,286.16,70,99.3,0,1.988
2017-06-03,16.55,7.26,197.1,316.51,77.2,98.8,13.64,2.656
2017-06-04,15.45,10.29,211.87,324.68,84.4,97.7,23.47,0.633
2017-06-05,12.14,7.28,162.77,322.9,86.5,98.4,2.41,0.875
2017-06-06,12.71,5.58,237.79,274.71,62,99.7,0,2.315
2017-06-07,13.8,6.56,227.09,295.47,61.3,99.6,0,1.434
2017-06-08,13.34,8,172.45,315.28,78.2,99.1,1.78,1.485
2017-06-09,12.84,6.95,213.1,294.42,71.7,99.6,0,2.485
2017-06-10,16.36,7.5,202.74,311.37,75,99.4,2.52,2.443
2017-06-11,19.04,10.78,224.19,333.5,79.9,99.5,2.26,4.779
2017-06-12,17.97,9.49,318.55,289.51,66.2,100.7,0,2.365
2017-06-13,18.57,9.64,321.59,289.67,65.9,101.1,0,1.378
2017-06-14,19.24,11.36,199.78,335.4,79.7,100.6,0,0.454
2017-06-15,18.14,10.25,211.54,329.99,83,100.3,0,1.12
2017-06-16,19.01,9.95,273.41,308.29,76.1,100.1,0,1.061
2017-06-17,19.43,12.95,175.54,335.72,74.2,99.6,1.98,0.74
2017-06-18,18.83,11.83,278.81,312.58,72.8,99.4,0.09,2.426
2017-06-19,18.09,10,302.7,300.16,64.4,99.8,1.1,2.101
2017-06-20,12.51,8.89,163.99,322.53,76.7,100.3,2.69,0.815
2017-06-21,15.73,8.66,272.3,309.94,77.3,100.5,0,1.01
2017-06-22,17.67,9.86,324.7,302.28,73.1,100.5,0,1.649
2017-06-23,17.98,9.37,330.35,296.12,76.9,100.4,0,1.429
2017-06-24,16.44,9.89,155.44,337.85,86.9,99.8,11.83,1.132
2017-06-25,11.72,8.04,153.74,321.82,83.8,99.5,8.98,2.363
2017-06-26,13.61,7.5,233.33,306.51,69.2,99.8,0,2.361
2017-06-27,13.89,8.13,211.55,319.88,79.2,100,0,1.383
2017-06-28,11.63,8.91,70.15,343.23,95.2,100.1,30.14,0.78
2017-06-29,15.95,8.07,278.5,303.24,73.8,100.3,0,0.825
2017-06-30,19.8,7.74,278.42,302.95,70.6,100.1,0,1.28
2017-07-01,19.65,12.38,235.45,328.7,74.4,99.6,2.46,1.384
2017-07-02,18.45,11.04,182.75,327.17,82.1,98.9,3.2,1.075
2017-07-03,16.72,11.19,241.44,315.52,76.6,98.7,1.64,2.449
2017-07-04,16.77,10.35,277.4,295.47,71.3,99.1,0,2.943
2017-07-05,16.75,10.66,179.91,319.3,83.8,98.8,10.47,1.417
2017-07-06,17.97,10.55,235.24,311.48,70.7,99.1,0,2.185
2017-07-07,14.69,12.82,90.05,347,91.7,98.7,15.98,0.955
2017-07-08,17.35,11.82,269.79,319.06,73.1,98.9,1.59,3.224
2017-07-09,17.27,11.46,186.23,314.51,75.1,99.3,0,2.579
2017-07-10,17.63,10.21,317.29,287.44,67.9,99.6,0,2.998
2017-07-11,17.22,10.75,192.69,316.92,71,99.6,0,2.727
2017-07-12,18.29,10.37,260.15,309.69,66.2,99.4,0,2.419
2017-07-13,16.56,11.16,147.56,334.65,82,98.7,5.11,1.07
2017-07-14,15.42,10.39,171.53,326.16,78,99.3,1.86,0.773
2017-07-15,17.87,10.46,239.46,324.74,75.5,99.3,3.8,0.724
2017-07-16,15.4,12.07,79.22,354.61,90.1,98.7,19.52,2.523
2017-07-17,17.84,13.43,156.61,368.22,92.7,99.1,4.65,4.548
2017-07-18,14.68,13.02,41.92,368.78,96.8,98.9,32.75,1.681
2017-07-19,16.07,13.53,53.56,374.97,96.3,98.7,60.48,1.068
2017-07-20,17.16,13.25,93.4,367.76,92,99,29.28,2.633
2017-07-21,18.55,11.3,295.69,301.01,74,99.5,0,2.492
2017-07-22,20.58,10.28,317.91,282.19,76,99.9,0,1.023
2017-07-23,23.27,11.58,271.05,309.17,73.2,100.1,0,0.298
2017-07-24,24.6,12.82,303.75,307.28,70.8,100.2,0,0.661
2017-07-25,22.68,13.66,269.62,317.65,77.5,100,0,1.48
2017-07-26,22.19,13.16,273.15,316.79,76.8,99.8,0,1.94
2017-07-27,22.36,13.18,261.16,326.94,79.7,99.6,5.37,0.42
2017-07-28,25.03,14.28,246.46,331.72,71.9,100,0,0.374
2017-07-29,22.34,15.22,276.64,331.37,80.8,100.3,2.06,1.396
2017-07-30,21.05,14.05,191.35,346.94,85.8,100.2,0,1.163
2017-07-31,22.7,14,226.7,341.24,84.6,100.2,1.5,1.278
2017-08-01,24.34,13.96,262.82,335.27,83.4,100.1,2.95,1.463
2017-08-02,26.25,16.9,191.64,372.99,80.9,100,2.27,0.598
2017-08-03,26.07,19.15,154.85,377.83,74.4,99.5,8.8,0.649
2017-08-04,22.55,15.54,249.57,330.64,73.3,99.2,1.25,1.688
2017-08-05,21.25,14.27,161.46,345.45,76.1,99,1.75,0.914
2017-08-06,20.95,14.97,186.6,343.42,81.6,98.8,7.55,1.227
2017-08-07,21.44,13.57,260.31,316.41,69.6,99.1,0.09,2.338
2017-08-08,21.12,14.57,191.24,341.31,78.1,99.5,1.36,1.677
2017-08-09,20.94,15.92,186.7,348.98,85.1,99.3,7.38,2.243
2017-08-10,21.26,15.09,240.31,332.61,72.7,99.6,0,2.672
2017-08-11,18.73,14.18,116.02,341.49,85.2,99.9,2.72,1.242
2017-08-12,17.18,12.08,154.11,339.27,81.9,100.3,2.46,2.33
2017-08-13,18.42,10.35,218.65,300.56,71.9,100.4,0,2.084
2017-08-14,16.55,10.31,207.79,298.37,80.2,100.2,2.38,1.296
2017-08-15,18.72,10.65,174.05,317.09,76.7,100,0,1.962
2017-08-16,18.8,11.57,207.54,316.94,76.2,100.2,0,2.46
2017-08-17,19.19,13.31,212.57,326.69,80.2,100,0,2.262
2017-08-18,19.1,12.54,183.86,320.23,76.1,99.9,0,1.359
2017-08-19,21.56,12.75,186.6,338.04,71.9,99.6,0,1.083
2017-08-20,22.31,14.49,231.09,336.76,83.6,99.6,4.04,1.433
2017-08-21,22.76,14.66,199.57,349.81,84.5,100,1.59,0.098
2017-08-22,21.87,14.7,149.09,349.41,86,99.7,3.58,0.257
2017-08-23,16.62,12.73,78.16,356.59,89.3,99.8,10.92,1.333
2017-08-24,18.68,10.41,204.88,311.86,81.1,100.2,4.64,0.102
2017-08-25,17.28,11.59,132,336.79,80.3,100.1,0,1.681
2017-08-26,18.6,9.29,234.06,284.47,73.5,100.3,0,0.752
2017-08-27,20.75,11.53,207.49,313.72,70.4,100.3,0,0.669
2017-08-28,21.02,12.47,216.3,309.57,73.4,100.2,0,1.372
2017-08-29,20.04,11.71,218.22,308.35,74.8,99.6,0,2.069
2017-08-30,16.5,11.19,123.4,335.29,87.4,99.5,4.77,0.784
2017-08-31,16.07,9.6,166.68,307.41,76.7,99.8,2.46,0.995
2017-09-01,15.65,8.01,211.24,281.38,66,100.1,0,1.207
2017-09-02,13.89,8.57,155.26,301.79,61.8,100.3,0,1.358
2017-09-03,16.64,10.75,143.47,320.32,80.8,100,0,2.568
2017-09-04,18.39,12.62,114.31,336.75,74.8,99.3,0,2.235
2017-09-05,18.42,12.98,118.92,338.5,82.4,98.3,3.52,2.771
2017-09-06,17.19,11.99,152.5,311,75.6,98.2,0,1.747
2017-09-07,17.73,11.77,150.72,327.64,77.7,98.1,6.47,2.552
2017-09-08,16.5,12.15,165.94,325.18,80.7,96.9,7.07,2.866
2017-09-09,16.82,12.06,204.48,312.36,78.4,98.2,3.52,4.08
2017-09-10,18.12,11.93,171.35,338.44,81.5,98.8,3.35,2.546
2017-09-11,21.55,16.59,133.86,365.29,83.1,99.1,0.17,3
2017-09-12,20.73,14.36,82.42,364.56,86.3,99,8.22,2.08
2017-09-13,15.36,11.32,150.74,309.68,73.7,99.5,1.32,3.879
2017-09-14,16.52,12.16,86.91,352.91,86.5,99.5,10.77,3.571
2017-09-15,17.83,13.74,109.63,355.06,85.8,99,9.92,3.849
2017-09-16,16.09,11.15,120.1,321.27,81.7,99.5,0,0.47
2017-09-17,16.98,11.15,24.79,356.45,95.1,98,52.04,1.659
2017-09-18,15.36,11.45,160.42,304.34,77,97.6,1.5,3.232
2017-09-19,14.87,10.93,125.07,313.31,79.2,98.6,0.32,2.45
2017-09-20,18.76,11.11,92.82,354.9,80.9,98.3,5.61,2.139
2017-09-21,16.77,10.41,172.46,289.56,65.3,98.8,0,2.721
2017-09-22,15.51,7.94,88.36,317.12,90.4,99.6,0,1.132
2017-09-23,15.69,7.96,169.2,279.37,78.4,99.7,0,1.563
2017-09-24,16.17,6.55,132.01,294.46,80.8,99.7,0,0.761
2017-09-25,15.75,8.34,159.92,291,80.4,99.5,0,0.791
2017-09-26,16.52,6.72,121.3,321.61,86.1,99.1,2.34,2.081
2017-09-27,16.71,11.74,118.25,336.25,80,98.3,15.71,1.941
2017-09-28,15.06,9.77,143.9,288.99,80.2,99.1,0,2.632
2017-09-29,14.98,9.17,108.37,305.1,77.8,100.3,0,1.885
2017-09-30,14.87,10.35,82.57,322.25,80,100.2,0,2.141
2017-10-01,12.55,10.32,23.96,344.84,95.7,98.7,18.25,0.558
2017-10-02,11.4,5.46,112.77,286.44,74,98.7,0,0.957
2017-10-03,9.83,3.35,141.54,261.28,65.1,99.7,0,0.799
2017-10-04,10.28,5.83,104.01,291.42,71.1,99.9,0,0.414
2017-10-05,10.37,6.69,73.31,308.49,82.9,100.4,0,0.455
2017-10-06,10.72,6.87,88.1,311.7,80.7,100.6,0,0.585
2017-10-07,11.66,7.14,88.71,315.88,86.2,100.5,1.79,0.719
2017-10-08,12.32,9.28,75.34,322.66,93.2,100.2,0.99,0.627
2017-10-09,11.59,7.96,64.85,323.6,94.5,99.9,5.13,1.38
2017-10-10,12.49,7.98,105.37,308.46,84.6,99.6,0,1.837
2017-10-11,10.77,7.59,50.57,312.92,93.8,98.7,0,0.526
2017-10-12,13.29,7.36,117.09,288.56,84.3,99.2,0,1.636
2017-10-13,16.65,8.88,94.85,320.24,88.2,99.9,0.17,0.871
2017-10-14,14.64,8.14,75.06,319.88,89.5,100.6,0,0.353
2017-10-15,13.73,8.04,49.53,339.33,96.7,100.7,2.4,2.777
2017-10-16,13.21,9.41,78.58,332.54,87,100,2.83,5.143
2017-10-17,11.2,7.31,62.54,310.11,82.1,99.1,0,3.442
2017-10-18,11.37,6.84,66.36,318.89,88.2,98.9,4.69,3.502
2017-10-19,10.82,6.55,39.72,323.41,93.8,98.6,3.72,2.82
2017-10-20,12.82,6.73,14.01,347.23,97.1,98.6,10.91,1.376
2017-10-21,14.78,11.88,20.35,350.75,92.3,97.9,11.24,1.644
2017-10-22,17.65,12.44,25.95,356.33,90.9,97.9,12.89,1.589
2017-10-23,12.46,9.78,12.15,333.78,94.9,99.2,4.6,0.987
2017-10-24,11.4,5.64,72.06,279.98,83.4,100.6,0,1.03
2017-10-25,9.94,3.03,72.91,283.2,83.2,101.3,0,0.694
2017-10-26,12.83,7.61,55.63,321.16,88.8,100.2,1.75,1.89
2017-10-27,14.21,11.42,38.18,347.73,91.6,99.6,6.22,1.913
2017-10-28,13.64,10.21,34.18,341.82,94.1,99.9,0,1.221
2017-10-29,12.69,10.18,60.88,311.87,82.7,99.7,0,2.974
2017-10-30,10.79,7.46,16.35,326.59,88.9,99.6,5.51,1.312
2017-10-31,10.07,7.06,29.63,324.23,81.7,99.9,4.23,0.827
2017-11-01,9.34,6.66,43.03,323.09,74.4,100.1,2.95,3.824
2017-11-02,8.4,3.16,45.56,277.01,68.2,99.9,0,3.559
2017-11-03,7.17,1.24,41.29,286.51,85,99.5,2.78,2.478
2017-11-04,8.59,6.23,34.51,333.77,99.9,99.6,1.57,0.865
2017-11-05,9.5,7.16,27.2,333.49,99.3,99.3,1.32,1.715
2017-11-06,9.01,6.18,40.39,316.82,87.1,98.7,0,3.045
2017-11-07,12.31,5.49,5.64,336.33,95.8,97.3,35.23,4.996
2017-11-08,13.84,9.76,52.76,323.19,93.1,96.3,3.13,1.113
2017-11-09,11.89,9.13,16.16,327.26,96.3,96.8,5.99,1.447
2017-11-10,11.6,8.19,49.3,308.03,94.8,97.1,0,0.781
2017-11-11,10.78,8.72,28.17,336.65,97.5,96.1,13.32,3.635
2017-11-12,10.9,9.19,21.63,340.36,96.7,95.8,13.09,0.57
2017-11-13,10.19,7.03,34.08,317.91,94.3,96.8,2.85,1.078
2017-11-14,9.83,7.79,24.64,333.89,99.2,97.7,2.08,0.17
2017-11-15,9.42,7.05,33.36,318.56,95.8,98.8,0.34,0.258
2017-11-16,10.92,5.34,12.68,328.27,98.3,98.9,5.67,2.192
2017-11-17,13.08,9.54,45.49,312.88,90.7,98.5,0,1.421
2017-11-18,13.18,10.54,42,324.95,88.4,97.9,4.95,1.362
2017-11-19,12.29,9.75,34.79,313.21,85.9,97.1,0.58,2.288
2017-11-20,10.4,8.6,26.45,321.18,89,96.2,1.67,2.947
2017-11-21,8.51,1.72,47.28,246.91,70.9,98.2,0,2.975
2017-11-22,4,-1.31,52.37,224.66,69.8,99.8,0,1.819
2017-11-23,3.25,-1.38,10.46,301.41,91.6,99.9,2.67,0.862
2017-11-24,9.12,3.22,11.83,329.53,100,99.7,2.19,0.794
2017-11-25,10.58,5.36,34.41,309.12,99.8,100.1,0,0.937
2017-11-26,10.66,7.76,15.73,347.33,100,99.8,5.65,1.702
2017-11-27,11.62,8.22,34,314.91,96.8,99.5,2.97,1.219
2017-11-28,10.83,6.26,19.52,303.66,93.4,99.9,0,2.07
2017-11-29,9.21,3.73,44.36,260.45,90.8,100.4,0,1.529
2017-11-30,6.32,0.93,29.73,278.51,94.2,100.4,0,0.907
2017-12-01,6.82,1.72,18.13,312.9,97.9,100.1,1.38,1.862
2017-12-02,5.34,2.75,25.17,301.69,90.2,100.8,0,1.309
2017-12-03,9,1.72,18.87,319.8,89.2,101.2,0,1.421
2017-12-04,11.13,8.98,21.52,330.84,89.8,100.3,0,4.684
2017-12-05,11.64,6.21,26.04,311.89,83.3,99.3,0,3.818
2017-12-06,6.46,0.3,22.8,279.13,79.2,99.7,0,0.49
2017-12-07,3.31,-0.46,36.35,257.06,83.2,100.2,0,0.367
2017-12-08,3.95,1.25,18.2,300.34,88.2,100.7,0,0.41
2017-12-09,4.8,-0.89,35.91,256.5,81.3,100.4,0,1.546
2017-12-10,5.7,2.87,17.77,301.9,84.8,100.8,0,1.341
2017-12-11,3.03,-0.05,26.81,268.11,93.1,101.4,0,0.242
2017-12-12,3.63,0.18,22.15,269.81,93.9,101.7,0,0.475
2017-12-13,4.53,1.41,17.94,307.53,94.3,101.1,2.64,0.316
2017-12-14,4.48,3.17,14.41,310.59,95.2,100.3,2.01,0.69
2017-12-15,4.15,-0.12,27.17,249.5,79.7,99.7,0,1.903
2017-12-16,3.24,-0.45,25.19,256.14,70.6,100,0,1.686
2017-12-17,8.28,0.57,23.15,301.74,92.1,99.4,1,2.81
2017-12-18,8.39,4.75,29.14,292.75,93.1,99,1.25,1.819
2017-12-19,11.44,6.73,13.93,334.78,89,98.5,4.15,3.222
2017-12-20,11.47,5.99,20.11,302.85,76,98.3,1.37,3.172
2017-12-21,7.57,3.64,27.32,276.61,75.3,97.7,16.6,3.553
2017-12-22,12.76,2.57,8.47,308.19,86.6,97.1,15.97,2.329
2017-12-23,13.11,7.9,12.59,331.34,71.9,96.6,13.31,5.45
2017-12-24,8.77,7.1,31.99,279.59,71.4,99.3,0,4.939
2017-12-25,12.37,6.31,8.23,322.52,80,98.7,21.99,3.91
2017-12-26,11.43,4.57,10.66,311.66,77.6,99.1,16.32,3.035
2017-12-27,12.46,7.35,21.43,325.34,65.4,97,17.5,4.859
2017-12-28,7.41,5.78,16.66,308.92,67.3,96.9,1.59,5.233
2017-12-29,6.07,3.72,22.4,296.75,81.2,97.1,7.99,1.556
2017-12-30,5.99,1.79,16.47,296.06,93.9,95.8,4.73,0.451
2017-12-31,5.41,0.83,20.39,294.41,91.3,95.2,6.47,1.575
2018-01-01,4.84,-0.13,24.31,292.61,88.7,94.5,8.17,2.719
2018-01-02,5,1.94,26.17,278.4,79.2,96.7,3.94,3.681
2018-01-03,3.09,-1.63,25.42,266.47,99.1,97.6,0,0.616
2018-01-04,5.02,-2.65,30.01,273.37,86.2,99,0,1.097
2018-01-05,5.67,2.48,30.06,280.9,80.7,98.3,4.63,2.619
2018-01-06,5.7,2.97,21.17,263.77,66,98.2,1.67,4.945
2018-01-07,4.9,2.04,34.33,267.83,82.5,100.4,0.81,1.88
2018-01-08,9.1,2.58,20.42,315.17,97.9,101.1,0.82,1.395
2018-01-09,9.19,7.57,16.6,325.68,89.4,101,0.87,3.049
2018-01-10,10.35,5.92,20.31,311.85,88.4,100.5,3.05,2.797
2018-01-11,9.44,4.36,18,321.88,95.9,100.6,2.99,0.798
2018-01-12,10.94,7.83,24.18,319.22,87.3,99.6,2.21,3.223
2018-01-13,10.14,3.92,23.45,297.49,72.8,98.6,11.7,4.418
2018-01-14,6.91,3.79,27.98,279.95,73.9,99.5,1.25,4.89
2018-01-15,9.51,5.02,19.61,308.3,86.6,100.4,10.8,3.451
2018-01-16,10.76,5.43,15.25,305.38,77.5,99.3,23.55,5.871
2018-01-17,6.96,5.01,18.5,308.66,79.1,100.3,2.6,3.386
2018-01-18,5.7,0.61,19.71,292.76,97.7,99.7,17.22,0.116
2018-01-19,8.69,1.97,22.06,318.58,94.7,99.2,3.36,1.827
2018-01-20,9.31,6.67,15.34,317.34,91.1,98.3,4.45,2.625
2018-01-21,7.92,4.44,26.89,287.19,87.7,98.3,2.3,2.896
2018-01-22,7.58,3.23,22.82,307.97,77.8,97.3,2.29,4.843
2018-01-23,7.9,2.66,35.09,284,72.9,97.8,0.94,5.16
2018-01-24,6.14,3.05,44.11,289.38,78.6,100.4,0.06,1.808
2018-01-25,9.76,5.22,32.12,312.11,96.1,100.6,0,1.395
2018-01-26,8.51,6.25,29.39,318.39,93.4,100.5,0,1.053
2018-01-27,6.69,2.43,32.74,298.82,88.5,100.3,0,1.176
2018-01-28,6.31,2.71,36.85,292.86,94.2,100.4,0,1.329
2018-01-29,9.35,3.78,41.22,298.03,87.2,100.4,0,2.357
2018-01-30,6.53,4.37,34.91,304.4,86.1,101.4,0,1.764
2018-01-31,10.77,5.04,35.11,320.37,92.5,101.4,1.69,2.892
2018-02-01,9.88,5.38,43.71,298.6,88.1,101.5,0,0.658
2018-02-02,7.21,2.5,24.76,303.62,95.5,102.1,1.88,0.689
2018-02-03,3.23,2.01,38.33,297.71,89.3,102,0,1.197
2018-02-04,7.44,2.55,50.94,291.2,87.8,101.5,0,1.747
2018-02-05,7.38,2.18,77.1,260.64,75.8,102.2,0,1.192
2018-02-06,6.77,3.96,39.7,308.71,82.9,101.9,0.9,3.339
2018-02-07,9.14,6.21,45.58,302.19,82,100.9,0,4.274
2018-02-08,9.8,5.21,55.42,308.9,79,100.3,1.43,3.157
2018-02-09,9.74,4.56,57.9,307.92,85.2,99.6,0.46,2.157
2018-02-10,6.35,0.74,36.34,274.38,78.6,98,3.88,1.76
2018-02-11,3.63,-1.19,77.54,235.11,71.3,100.3,0,0.839
2018-02-12,6.53,-1.72,54.75,277.52,84.8,101.2,0,2.27
2018-02-13,8.34,5.05,43.95,317.41,90.3,100.3,0.22,2.423
2018-02-14,7.71,3.59,46.74,302.64,83.1,100,0,1.485
2018-02-15,5.61,2.86,60.98,279.82,84,99.7,1.9,2.138
2018-02-16,6.61,2.17,78.74,270.66,72.2,100.6,0,1.294
2018-02-17,7.62,2.07,82.86,264.73,78.8,100.4,0,2.052
2018-02-18,9.42,1.8,51.28,308.68,89,99.3,0.05,3.355
2018-02-19,9.99,5.85,87.79,290.89,77.4,99.3,0,1.636
2018-02-20,7.58,3.7,50.93,281.85,85.8,99.9,2.66,1.461
2018-02-21,8.27,6.33,19,328.26,93.8,99,12.77,2.298
2018-02-22,8.11,3.62,62.05,300.68,91.9,98.6,2.23,1.741
2018-02-23,6.25,3.37,40.45,300.23,83.5,98.5,6.19,2.504
2018-02-24,7.92,-0.43,121.43,252.37,81.1,99.6,2.14,0.949
2018-02-25,11.37,4.71,34.72,327.46,94.1,99.5,10.91,1.416
2018-02-26,10.38,1.41,42.9,305.31,96.3,100.3,1.2,0.768
2018-02-27,13.07,7.43,106.18,297.24,83.8,100.6,0,2.054
2018-02-28,15.32,4.56,124.34,276.92,84.1,100.6,0,1.282
2018-03-01,15.6,7.25,120.05,296.05,83.4,100.3,0.1,1.332
2018-03-02,12.35,4.42,131.94,270.3,83.6,101,0,0.313
2018-03-03,8.79,3.29,59.35,312.12,96.6,101.1,1.16,2.025
2018-03-04,6.68,3.23,71.96,309.4,86.4,100.8,0,2.319
2018-03-05,7.9,4.16,19.43,312.04,87.9,99.4,12.47,1.507
2018-03-06,8.67,4.77,81.17,307.2,80.4,98.8,1.75,2.381
2018-03-07,10.95,4.59,66.32,311.89,83.1,96.8,20.49,2.88
2018-03-08,7.3,3.46,118.27,265.31,70.7,98.6,0,3.755
2018-03-09,9.47,3.12,81.35,295.21,84.6,98.7,0,2.372
2018-03-10,8.6,3.9,102.52,295.96,72.8,98.2,8.09,4.501
2018-03-11,6.4,2.47,110.27,271.26,70.3,98.5,3.24,6.034
2018-03-12,9.63,3.26,67.95,304.99,76.6,99.5,8.73,4.728
2018-03-13,12.42,5.88,103.49,314.05,87,100.3,0,3.435
2018-03-14,13.39,8.74,104.91,330.9,85,101.1,0,0.853
2018-03-15,13.65,6.79,128.32,299.74,80.5,101.2,0,1.277
2018-03-16,10.1,4.46,64.55,297.21,84.9,100.7,0,0.813
2018-03-17,12.71,5.75,129.12,305.63,85.9,100.4,0,1.566
2018-03-18,10.99,4.35,128.71,268.24,75.8,100.6,0,3.075
2018-03-19,10,3.25,131.81,274.25,69.2,101.4,0,1.197
2018-03-20,8.82,3.17,123.35,278.15,76.6,101.9,0,1.017
2018-03-21,9.16,2.69,141.48,268.77,74.9,102.6,0,1.415
2018-03-22,12.58,2.45,195.54,254.73,74.1,102.6,0,0.953
2018-03-23,14.93,2.4,201.59,249.23,75.2,102,0,1.307
2018-03-24,9.08,3.09,120.91,285.39,80.8,101,0,2.141
2018-03-25,6.07,0.29,141.8,262.94,63,99.2,3.12,3.005
2018-03-26,4.52,1.74,48.16,299.03,78.9,98.5,6.91,1.038
2018-03-27,6.63,0.72,103.47,281.35,76.2,99.4,1.58,1.321
2018-03-28,8.3,-0.63,100.17,296.6,89,98.6,17.27,3.029
2018-03-29,3.97,-6.57,170.66,227.46,70.4,99,2.23,0.266
2018-03-30,3.52,-0.94,48.76,295.06,90.4,98.4,7.78,2.877
2018-03-31,9.64,3.52,102.83,312.3,85.6,96.3,16.37,2.208
2018-04-01,8.69,5.07,127.68,302.72,82.8,96.2,9.62,2.896
2018-04-02,9.76,4.63,114.85,288.97,80,97.7,1.32,2.914
2018-04-03,10.33,4.64,152.27,290.82,67.3,100.3,0,2.554
2018-04-04,8.98,4.61,74.66,319.3,89.8,100.8,4.13,0.716
2018-04-05,14.79,8.19,178.32,301.88,83.7,100.6,0,1.849
2018-04-06,16.63,9.25,128.72,337.28,83.2,99.9,0,1.994
2018-04-07,11.34,7.95,94.26,327.21,88.9,98.1,12.33,3.552
2018-04-08,11.42,5.96,148.54,296.09,76,98.3,0.6,2.878
2018-04-09,9.53,3.59,104.15,291.68,77.5,98.7,1.18,1.552
2018-04-10,9.53,1.62,117.46,291.8,78.5,97.7,4.85,3.377
2018-04-11,9.41,5.14,99.06,323.15,94.8,97,15.37,4.194
2018-04-12,7.97,5.33,87.34,321.29,92.2,98.3,1.86,0.816
2018-04-13,8.71,4.37,111.93,306.6,83,98.6,0,0.551
2018-04-14,8.83,5.06,85.1,319.71,92.9,99,4.14,1.937
2018-04-15,8.46,5.34,133.81,313.24,76.3,100.5,1.4,2.642
2018-04-16,10.28,5.07,184.48,291.39,74.2,101,0,2.615
2018-04-17,10.75,5.38,76.7,333.55,94.1,100,5.82,3.252
2018-04-18,12.24,6.87,130.42,324.91,87,99.3,0.84,1.934
2018-04-19,10.93,6.54,104.97,320.32,91.8,99.2,5.08,0.872
2018-04-20,14.45,5.66,154.1,311.42,84.6,99.3,0,0.697
2018-04-21,15.52,8.69,136.8,345.04,91.8,99.4,7.91,3.485
2018-04-22,16.92,8.63,140.81,335.94,86.4,99.4,1.22,2.888
2018-04-23,17.47,7.63,216.83,298.08,85.5,100.2,0,0.694
2018-04-24,18.8,7.05,246.15,291.63,83.3,100.2,0,0.815
2018-04-25,14,6.12,140.42,299.19,83.5,100,1.99,0.489
2018-04-26,10.04,4.87,149.25,274.71,57.5,99.9,0,2.659
2018-04-27,9.62,3.35,180.04,276.41,59,100.3,0,0.754
2018-04-28,10.43,5.2,169.48,296.02,63.4,100.2,0,0.297
2018-04-29,13.39,5.83,86.21,333.4,87.9,98.8,4.09,1.21
2018-04-30,13.39,8.21,164.3,323.47,84.7,97.7,4.65,1.791
2018-05-01,11.06,6.32,111.44,309.25,88.7,96.7,11.16,0.134
2018-05-02,13.27,6.43,131.13,323.86,85.8,96,15.56,4.018
2018-05-03,12.05,7.57,124.62,321.71,85.3,96.2,7.45,1.841
2018-05-04,11.34,7.29,119.37,311.42,84.4,97.6,4.65,1.204
2018-05-05,10.82,5.98,130.79,292.5,83.7,98.4,3.62,1.876
2018-05-06,12.94,6.51,177.56,300.09,81.2,99,0.41,1.833
2018-05-07,14.49,8.07,187.27,300.9,80.1,99.7,2.53,1.748
2018-05-08,16.53,7.76,236.77,291.9,74.8,100.4,0,0.393
2018-05-09,13.65,7.56,170.36,321.39,79.7,100.7,0.33,2.645
2018-05-10,13.16,7.38,190.59,305.97,72.6,100.6,0,4.119
2018-05-11,14.67,7.85,118.63,331.27,80.6,100,5.9,5.276
2018-05-12,18.91,10.92,265.02,314.31,75.1,99.6,1.25,1.507
2018-05-13,16.75,7.11,192.71,309.89,76.5,99.1,2.83,2.055
2018-05-14,14.27,5.85,190.61,304,70.2,99.5,0,2.761
2018-05-15,15.11,7.29,195.86,316.46,76.1,98.7,2.33,2.844
2018-05-16,11.93,6.22,244.08,282.79,66.9,99,1.67,2.745
2018-05-17,11.55,5.95,148.25,298.09,77.5,99.3,2.59,2.08
2018-05-18,12.77,6.73,172.61,299.7,63.3,100,0,1.413
2018-05-19,13.96,6.19,160.61,303.06,72,100.9,0,1.168
2018-05-20,17.93,8.28,237.66,308.61,72.1,101.3,0,0.31
2018-05-21,21.14,8.87,287.39,299.33,71.5,101.1,0,0.504
2018-05-22,17.68,10.81,182.66,324.16,84.2,100.5,9,0.241
2018-05-23,15.87,9.35,145.59,339.12,81.7,99.9,2.75,1.82
2018-05-24,12.99,8.88,144.62,329.14,91.5,99.7,27.23,0.838
2018-05-25,12.2,6.78,201.13,297.28,78.2,99.9,0,0.742
2018-05-26,13.6,5.09,198.52,282.58,74.9,99.9,0.97,0.29
2018-05-27,15.67,5.91,198.57,307.55,77.3,99.7,0.82,0.204
2018-05-28,17.6,10.04,136.71,331.25,72.7,99.6,0,1.293
2018-05-29,18.14,10.04,176.99,334.42,81.6,99.2,8.76,2.066
2018-05-30,18.47,9.27,204.01,324.54,79.4,98.8,6.06,1.176
2018-05-31,17.75,8.65,202.27,316.91,76.4,99.2,3.27,0.33
2018-06-01,17.03,8.04,200.54,309.11,73.3,99.6,0,1.87
2018-06-02,19.89,10.68,97.43,348.86,84.2,99.1,34.56,2.483
2018-06-03,19.29,11.51,256.1,314.78,67.9,99.7,1.19,1.014
2018-06-04,19.11,10.29,276.48,300.9,72.3,100.5,0.97,0.735
2018-06-05,20.86,10.39,322.62,294.33,70.5,100.9,0,0.891
2018-06-06,20.99,10.5,323,292.4,75.7,100.9,0,1.604
2018-06-07,17.85,10.73,182.08,335.51,85.1,100.2,0,2.441
2018-06-08,19.57,11.18,322.75,307,73.1,99.9,0,3.608
2018-06-09,19.21,11.52,282.94,320.76,80.7,99.7,0,3.884
2018-06-10,18.8,11.13,296.52,312.22,78.7,99.4,0,3.29
2018-06-11,22.55,12.5,275.27,342.4,82.3,98.7,6.01,3.325
2018-06-12,17.25,9.68,134.6,341.09,76.9,98.3,6.73,2.979
2018-06-13,11.42,7.85,216.25,284.39,71.1,98.4,1.35,2.278
2018-06-14,14.18,6.93,256.98,281.47,71.1,98.5,0,3.156
2018-06-15,15.63,9.96,208.41,317.54,66.9,98.2,0,2.899
2018-06-16,14.85,9.74,251.52,300.55,73.9,97.7,1.72,3.168
2018-06-17,15.24,9.94,230.01,297.56,73.1,98.8,0,3.059
2018-06-18,14.65,9.21,208.6,298.92,71.5,99.5,0,2.406
2018-06-19,16.75,8.57,289.8,284.18,64.5,100.2,0,2.39
2018-06-20,19.77,8.79,283.63,293.06,65,100.8,0,0.939
2018-06-21,21.44,10.75,299.97,309.53,65.7,100.7,0,1.531
2018-06-22,23.61,13.73,319.97,322.95,69.9,100.5,0,1.708
2018-06-23,24.89,13.48,284.32,329.21,75.9,100.6,0,1.781
2018-06-24,28.44,14.08,299.5,347.1,71.9,100.1,0.16,2.551
2018-06-25,28.67,17.43,286.78,361.44,76.5,99.8,2.11,0.386
2018-06-26,24.19,18.09,222.87,375.08,87.2,100,19.9,0.365
2018-06-27,22.45,13.62,234.92,354.1,80.1,100.5,0,1.73
2018-06-28,19.3,11.82,262.61,311.34,71.7,101.2,0,1.323
2018-06-29,22.52,11.56,349.88,295.53,56.6,101.2,0,1.976
2018-06-30,22.7,12.14,337.14,309.24,72,100.8,0,2.801
2018-07-01,24.01,14.14,293.21,328.25,71.2,100.1,0,0.501
2018-07-02,25.88,15.09,330.09,315.39,63.3,99.8,0,1.316
2018-07-03,24.62,15.64,338.29,316.96,64,100,0,2.203
2018-07-04,23.56,16.45,297.57,331.57,71.1,100.1,0,2.75
2018-07-05,25.06,14.59,267.81,345.6,77.2,100.3,2.35,0.728
2018-07-06,21.04,12.41,268.76,329.54,80.6,100,5.95,1.075
2018-07-07,19,11.62,288.55,304,62.2,100.6,0,0.479
2018-07-08,21.14,11.11,279.07,308.11,67.1,101,0,1.45
2018-07-09,23.89,13.48,276.39,324.48,73.5,101.1,0,0.885
2018-07-10,24.6,14.51,309.07,321.52,69.7,100.9,0,2.915
2018-07-11,24.79,13.15,317,312.36,70.4,100.2,0,1.872
2018-07-12,20.98,13.41,156.77,352.02,84.3,99.7,4.3,0.712
2018-07-13,22.03,15.13,240.35,338.78,74.4,99.9,0,1.785
2018-07-14,22.81,14.03,260.11,326.78,73.8,100,0.97,1.338
2018-07-15,22.03,14.28,209.48,340.13,74.8,99.9,3.98,0.478
2018-07-16,21.29,14.69,200.53,334.37,70.1,99.4,0.88,1.475
2018-07-17,23.29,12.85,254.93,324.96,68.8,98.9,0.79,0.853
2018-07-18,18.31,15.68,83.2,363.13,89.9,98.3,16.09,3.15
2018-07-19,19.3,14.45,180.17,347.66,86.7,97.8,6.41,1.287
2018-07-20,21.48,15.52,187.92,350.49,80.9,98.3,9,2.701
2018-07-21,20.05,15.56,222.38,339.92,75,98.6,0.81,2.858
2018-07-22,20.81,14.38,267.02,329.01,74.1,99,0.83,3.029
2018-07-23,18.69,13.46,137.87,337.47,83.6,99,5.07,1.274
2018-07-24,18.67,12.1,167.02,336.36,80.5,100,4.35,0.258
2018-07-25,21.37,12.34,229.03,334.11,70.5,100.6,0.14,2.377
2018-07-26,24.24,14.28,193.96,362.05,75,100.1,1.96,1.532
2018-07-27,26.29,16.72,245.35,349.23,68.8,99.7,0,0.927
2018-07-28,27.75,15.24,306.51,329.63,70.8,99.5,0,0.287
2018-07-29,23.87,16.76,243.47,342.13,73.3,99.6,0,1.695
2018-07-30,23.03,14.24,184.09,342.13,77,99.4,2.19,2.236
2018-07-31,21.72,13.13,227.29,321.66,74.4,99.5,2.96,1.446
2018-08-01,20.41,12.01,271.36,301.36,71.9,99.6,3.74,0.673
2018-08-02,17.17,12.4,222.55,300.5,73.3,99.1,0.94,2.557
2018-08-03,18.12,11.38,190.93,321.25,81.3,98.9,9.67,1.26
2018-08-04,18.44,14.52,198.16,329.65,82.4,98.8,2.64,0.926
2018-08-05,19.66,13.51,208.07,322.49,76.4,99.3,0,1.901
2018-08-06,19.27,13.82,226.68,318.27,71.4,99,0,3.012
2018-08-07,19.38,12.24,247.97,303.49,71.3,99,0,2.106
2018-08-08,18.63,12.39,238.69,313.35,70.6,98.9,2.45,2.007
2018-08-09,18.8,11.8,232.89,314.17,76.5,99.7,0,2.934
2018-08-10,20.82,14.64,255.61,323.85,73.5,99.8,0,2.578
2018-08-11,21.2,16.57,173.21,366.64,83.2,99.3,5.93,3.495
2018-08-12,19.17,11.64,227.83,310.7,66.4,99.7,5.75,1.574
2018-08-13,18.29,10.95,202.71,309.99,65.8,100.3,0,1.644
2018-08-14,17.71,11.09,194.21,317.98,73.6,100.4,0,2.58
2018-08-15,19.4,14,126.5,356.75,84.2,99.9,6.62,2.787
2018-08-16,20.25,13.39,192.43,339,82.6,99.6,0.91,2.989
2018-08-17,17.21,10.98,179.53,303.15,74.5,99.3,1.26,2.251
2018-08-18,16.52,9.59,185.63,302.23,72,100,0,0.561
2018-08-19,17.49,9.83,216.47,301.19,70.2,100.7,0,1.702
2018-08-20,18.73,11.33,176.24,329.82,74.5,100.9,0,1.981
2018-08-21,20.18,13.59,202.02,325.94,73.6,100.6,0,1.855
2018-08-22,20.93,13.46,221.57,326.25,77.5,99.9,0,2.745
2018-08-23,22.48,12.26,194.76,337.16,79.2,99.6,0,1.469
2018-08-24,18.94,11.15,154.86,326.87,85.1,99.1,6.37,0.651
2018-08-25,13.82,10.06,142.83,320.49,75.3,100.1,0.46,1.169
2018-08-26,16.29,10.13,203.54,311.04,67.1,100.7,0,0.993
2018-08-27,19.16,12.58,188.83,331.62,79.1,100.5,0,3.038
2018-08-28,17.47,11.4,199.25,314.43,67,100,0,2.474
2018-08-29,13.39,9.03,137.59,306.96,61.1,100.1,0,1.117
2018-08-30,16.02,7.97,188.24,302.57,71,100.5,0,2.141
2018-08-31,17.77,9.78,168.81,323.68,78,100.3,3.73,2.866
2018-09-01,19.52,11.6,149.52,344.19,85,100,7.4,3.591
2018-09-02,17.52,10.93,141.86,324.37,79.5,99.8,2.92,1.821
2018-09-03,18.87,10.52,106.6,339.62,81.7,99.3,0,2.262
2018-09-04,17.08,11.56,158.72,315.15,78,99.5,0,2.672
2018-09-05,17.32,10.01,189.96,296.08,70.8,100.4,0,2.001
2018-09-06,19.19,10.93,171.3,323.36,78.6,100.7,0,2.012
2018-09-07,23.49,13.95,199.08,328.49,79.5,100.9,0,1.028
2018-09-08,24.77,14.37,204.54,323.32,70.3,100.8,0,1.657
2018-09-09,24,11.87,173.14,324.23,83.3,100.8,0,1.503
2018-09-10,23.25,13.89,169.15,342.4,87.7,100.3,0,0.822
2018-09-11,24.67,13.32,203.95,327.84,83.8,99.8,0,1.334
2018-09-12,21.93,15.81,149.37,348.23,77.6,99.8,0,0.988
2018-09-13,22.39,14.96,142.07,338.76,76.9,99.6,0,1.147
2018-09-14,18.22,11.91,119.06,322.34,74.7,99.3,8.68,1.084
2018-09-15,15.72,10.3,63.84,322.96,78.2,97.8,12.65,1.537
2018-09-16,16.97,11.55,104.1,341,76.4,97.3,15.88,1.459
2018-09-17,18.68,12.53,170.21,319.07,66.2,98,0,1.95
2018-09-18,18.49,11.39,161.38,313.66,77.4,99.6,0,0.627
2018-09-19,22.05,12.15,136.23,346.96,87.5,100.1,0,1.733
2018-09-20,24.21,14.2,178.4,331.05,80.6,99.8,0,2.973
2018-09-21,22.53,13.73,150.98,342.9,86.9,99.5,0,1.525
2018-09-22,20.01,13.65,116.09,351.32,87.7,99.5,0,0.933
2018-09-23,17.15,13.01,90.6,351.77,88.3,99.9,0,0.489
2018-09-24,18.91,13.28,115.57,333.4,84.4,100.3,0,0.917
2018-09-25,19.82,10.76,114.23,338.27,85.7,99.9,1.5,1.439
2018-09-26,18.78,12.82,57.46,356.09,90.8,98.8,10.2,1.769
2018-09-27,17.32,10.6,131.6,305.72,80.6,98.4,0,2.39
2018-09-28,14.01,11.46,75.01,328.17,85.8,98.1,5.78,1.825
2018-09-29,16.53,10.48,134.17,305.76,79.1,98.7,0,2.225
2018-09-30,17.21,10.09,142.21,305.53,80.4,99.6,0,1.336
2018-10-01,18.91,12.16,47.74,361.47,86.4,98.6,10.41,2.282
2018-10-02,16.28,11.95,65.21,329.08,86,98.5,0,1.17
2018-10-03,16.99,11.91,119.27,325.96,86.9,99.2,1.32,1.12
2018-10-04,14.52,10.45,100.1,316.76,78.3,100.1,0,1.144
2018-10-05,15.95,8.94,90.56,323.82,80.9,99.7,0,1.717
2018-10-06,16.32,12.2,70.11,348.82,85.5,98.9,1.92,1.284
2018-10-07,15.67,9.55,135.79,283.31,80.6,99.1,0,2.133
2018-10-08,14.13,6.6,106.49,300.04,81,100,1.1,1.36
2018-10-09,15.09,11.11,13.19,360.06,97.6,99.7,45.3,3.514
2018-10-10,17.64,10.83,117.66,315.35,91.4,99.9,0,0.087
2018-10-11,16.01,12.69,37.49,369.1,96.1,100.3,2.1,3.591
2018-10-12,17.16,13.08,40.51,363.98,94.3,99.7,5.8,4.885
2018-10-13,16.83,12.03,69.03,338.1,93,99.4,0.86,0.397
2018-10-14,15.84,11.06,83.18,324.53,86.4,98.8,0,0.692
2018-10-15,12.93,11.33,71.2,341.71,88.4,98.7,1.45,1.201
2018-10-16,14.23,11.41,31.92,361.65,95.8,98.5,10.65,0.623
2018-10-17,15.81,12.95,67.06,355.83,95.2,98.7,4.14,0.917
2018-10-18,13.66,12.21,34.59,359.38,95.4,99.5,6.23,1.941
2018-10-19,13.31,10.46,60.16,334.9,89,100.2,0,1.971
2018-10-20,12.03,8.54,69.49,313.15,88.1,100.4,0,0.395
2018-10-21,13.18,8.49,59.79,323.91,91.4,100.1,0,0.571
2018-10-22,11.53,8.44,46.92,317.46,84.3,100,0,1.22
2018-10-23,11.62,7.39,70.29,304.56,80.4,100.2,0,0.791
2018-10-24,12.8,7.58,64.09,299.19,81.1,100.4,0,1.242
2018-10-25,12.76,6.55,66.81,300.97,86.8,100.2,0,1.759
2018-10-26,13.34,8.12,85.82,309.3,82.7,99.9,0,1.291
2018-10-27,10.28,7.43,43.2,318.95,85.8,99.4,0,0.53
2018-10-28,11.02,7.61,46.65,324.82,88.1,99.3,0,0.202
2018-10-29,9.67,6.68,29.73,322.3,83.7,99.9,7.66,2.426
2018-10-30,12.8,5.82,24.41,341.68,98.4,99.6,7.83,2.269
2018-10-31,13.05,8.04,29.14,346.23,96.8,99.8,4.4,3.257
2018-11-01,13.3,10.26,33.89,349.66,95.2,100,0.96,4.266
2018-11-02,12.26,9.93,43.06,336.45,88.9,100.3,0,2.63
2018-11-03,11.88,8.69,33.37,339.44,98,100.9,0,1.266
2018-11-04,11.53,9.18,31.04,339.61,96.5,101,1.44,2.256
2018-11-05,10.44,8.36,30.75,335.57,96.1,100.8,1.82,2.875
2018-11-06,10.36,7.8,41.62,320.52,91.6,100.6,0,2.363
2018-11-07,10.84,7.5,43.58,310.8,88.6,100.5,0,3.062
2018-11-08,9.63,7.28,32.66,324.57,92.6,100.7,2.26,1.8
2018-11-09,9.08,7.03,30.17,323.98,91.8,101.2,0.89,1.4
2018-11-10,8.86,6.93,34.76,322.29,95.2,101.3,1.17,1.117
2018-11-11,7.9,5.77,34.85,309.91,92.4,101.1,1.12,0.541
2018-11-12,8.37,6.56,31.99,323.01,94.1,101.1,1.01,0.669
2018-11-13,7.9,5.53,53.27,298.12,83.9,100.8,0,0.436
2018-11-14,8.32,4.03,44.6,288.51,81.6,100.5,0,0.509
2018-11-15,9.58,4.32,56.13,268.85,80.6,99.9,0,1.728
2018-11-16,7.49,3.49,39.77,287.04,84.5,99.7,0,0.701
2018-11-17,7.14,1.31,57.3,254.23,84.4,99.3,0,1.527
2018-11-18,8.08,3.61,45.27,286.84,90.7,99,0.61,2.014
2018-11-19,8.11,5.53,26.66,310.34,95.9,99.3,2.32,0.974
2018-11-20,7.86,1.48,51.09,256.43,92.8,99.9,0,0.589
2018-11-21,9.01,2.6,10.93,322.87,95.2,99.2,4.56,1.628
2018-11-22,7.37,2.54,44.6,272.95,86.3,99.8,0.7,0.745
2018-11-23,7.75,4.11,31.3,298.43,86.3,100,0,1.252
2018-11-24,9.52,4.7,27.93,315.84,94.4,100,0,0.706
2018-11-25,9.35,7.35,16.73,342.17,100,100.1,0,0.756
2018-11-26,10.53,7.31,33.5,317.57,96,100,0,1.223
2018-11-27,10.61,8.42,20.46,339.75,97.4,99.8,4.86,0.801
2018-11-28,12.1,8.91,24.4,325.37,92.9,98.7,0,2.206
2018-11-29,9.41,6.86,39.97,289.24,89.2,98.7,0,1.653
2018-11-30,7.27,4.84,11.93,317.35,99.7,98.3,2.12,1.482
2018-12-01,7.37,4.08,31.34,296.89,91.6,97.4,0,0.895
2018-12-02,8.83,6.05,11.71,328.42,97.9,96.2,13.3,2.823
2018-12-03,8.38,5.43,31.08,301.84,95.7,97.7,1.57,0.502
2018-12-04,7.61,5.65,13.31,330.24,98,96.7,20.31,2.865
2018-12-05,8.56,5.06,13.74,325.32,90.1,97.9,4.48,2.619
2018-12-06,5.28,0.8,23.12,281.64,76.2,100.5,0,0.669
2018-12-07,2.91,-2.76,39.64,226.05,81.7,101.3,0,0.987
2018-12-08,3.44,-2.89,24.35,268.19,79.4,101.1,0,1.514
2018-12-09,6,3.44,20.51,300.97,85,100.9,0,1.827
2018-12-10,6.57,3.99,24.59,305.02,95.7,100.7,0.9,0.337
2018-12-11,6.11,3.68,13.74,302.32,80.2,100.1,0,2.943
2018-12-12,5.36,3.28,7.01,315.7,93.8,99.5,10.2,2.005
2018-12-13,5.67,2.93,16.43,302.44,98.1,99.4,2.97,0.499
2018-12-14,3.99,1.93,16.45,306.52,99.8,99.5,6.6,1.218
2018-12-15,7.5,4.01,18.85,326.65,100,99.2,0.05,0.588
2018-12-16,7.77,5.5,10.43,313.92,98.2,99,13.83,0.348
2018-12-17,11.68,5.05,10.29,330.62,96.5,99.2,3.71,1.369
2018-12-18,12.27,9.18,12.32,336.46,89.6,98.6,2.55,1.982
2018-12-19,10.94,6.52,27,304.32,88.2,98.1,5.08,2.566
2018-12-20,12.6,7.94,8.94,332.44,92.3,97.5,8.77,1.552
2018-12-21,10.73,8.04,20.05,301.65,80.8,97.7,0,3.356
2018-12-22,14.47,9.85,8.34,336.31,82,97.5,6.85,3.233
2018-12-23,12.68,10.78,14.81,328.57,81.3,97.8,6.74,2.353
2018-12-24,10.81,8.14,29.3,304.42,89,98.3,0,2.053
2018-12-25,8.58,6.49,34.11,278.96,78.8,99.5,0,1.667
2018-12-26,10.89,7.16,13.56,325.67,87.7,98.9,0,2.154
2018-12-27,10.89,7.75,17.33,324.87,89.4,98.6,2.12,1.334
2018-12-28,7.65,4.41,27.9,291.02,80.6,99.9,1.2,2.139
2018-12-29,10.31,5.61,12.31,322.31,94.1,99.5,4.73,1.776
2018-12-30,11.07,8.47,17.37,335.32,87.6,98.9,2.6,2.138
2018-12-31,9.9,7.64,16.62,326.85,90.2,98.8,1.39,1.445
2019-01-01,8.73,6.82,15.87,316.82,92.7,98.7,0,1.808
2019-01-02,9.37,6.97,29.01,311.76,93.8,98.4,2.84,1.17
2019-01-03,7.03,5.2,18.84,315.87,99.1,98.2,3.52,0.168
2019-01-04,8.18,4.34,12.63,325.3,99.7,97.8,2.94,0.863
2019-01-05,6.9,2.12,29.38,274.63,92,97.9,0,0.437
2019-01-06,6.54,2.63,26.66,311.11,95.7,97.1,3.45,3.994
2019-01-07,7.15,5.2,10.92,327.05,93.4,97.2,7.18,5.649
2019-01-08,6.34,4.63,12.49,320.83,94,98.3,1.02,3.216
2019-01-09,4.68,2.25,18.89,300.08,87.7,98.9,0,2.463
2019-01-10,2.94,1.69,22.21,294.61,80.3,98.8,0,4.522
2019-01-11,4.2,1.81,19.03,299.74,91.1,99.3,0.51,0.98
2019-01-12,2.28,-3.04,26.2,256.48,87.5,99.3,0.76,0.462
2019-01-13,5.66,-1.43,11.14,312.13,94.8,98.3,4.03,1.479
2019-01-14,6.29,4.09,18.66,319.13,97.3,98.2,1.05,1.525
2019-01-15,5.28,2.08,30.78,293.5,87.5,100,2.39,1.49
2019-01-16,4.37,0.7,22.29,292.35,83.2,100.3,0,0.74
2019-01-17,5.84,2.85,39.5,275.7,88.4,99,1.32,2.157
2019-01-18,5.58,1.82,46.64,253.37,66.6,100,0,2.805
2019-01-19,8.68,2.31,31.2,316.47,93.4,100.2,0.6,1.25
2019-01-20,10.42,8.62,30.49,327.31,92.7,100,0,2.392
2019-01-21,10.92,6.68,21.9,317.55,76.7,98.8,7.12,4.514
2019-01-22,6.64,3.09,23.46,287.81,70.2,98,0.53,4.413
2019-01-23,7.11,2.93,51.82,261.1,71.2,99,0,3.49
2019-01-24,10.37,2.92,37.12,304.77,91.9,100,0.47,2.517
2019-01-25,10.18,7.79,36.67,322.63,91.1,100.5,0,2.952
2019-01-26,10.09,4.78,32.61,311,86.6,99.7,1.59,2.663
2019-01-27,5.17,1.95,24.09,289.13,81.3,100,1.79,2.784
2019-01-28,9.57,2.36,29.07,305.32,92.2,100.5,1.77,0.968
2019-01-29,9.86,4.94,29.88,295.08,78.2,100.2,1.48,4.075
2019-01-30,6.21,2.47,25.61,294.27,76.1,101.2,0,1.029
2019-01-31,4.57,0.8,26.27,297.12,87.5,101.7,1.34,1.264
2019-02-01,6.42,1.69,69.78,250.66,81,101.7,0.03,1.513
2019-02-02,6.38,1.69,38.65,278.33,83,101.8,0.08,2.241
2019-02-03,9.56,4.15,30.05,321.53,85.9,100.2,4.17,3.331
2019-02-04,5.73,3.64,47.96,287.93,74.5,100.4,0.41,4.298
2019-02-05,7.49,4.23,43.72,302.15,86.2,100.2,2.39,2.964
2019-02-06,8.11,3.78,44.58,301.29,82.4,98.6,11.05,3.482
2019-02-07,4.72,1.7,29.8,293.2,80,98.4,2.08,3.768
2019-02-08,4.11,1.59,76.28,274.12,79.9,98.6,1.05,3.274
2019-02-09,11.87,1.78,18.86,314.9,90.7,97.9,10.7,3.087
2019-02-10,12.02,5.11,35.66,300.18,65.3,98,2.73,6.321
2019-02-11,5.37,2.93,29.13,292.54,84.5,98.6,0.51,1.467
2019-02-12,5.16,0.76,84.56,249.66,75.2,98.6,0,3.419
2019-02-13,12.09,1.2,26.53,308.65,88.1,98.5,15.99,3.391
2019-02-14,10.23,5.43,19.04,309.8,85.7,97.7,22.6,1.901
2019-02-15,6.68,1.61,78.85,274.73,83.8,98.5,4.83,3.335
2019-02-16,4.85,0.28,79.82,249.2,71.3,99.5,0.3,1.847
2019-02-17,4.53,-2.28,93.78,240.67,74,100.6,0.7,0.517
2019-02-18,3.15,-2.53,98.8,226.72,69.9,100.4,0,0.441
2019-02-19,3.96,-1.17,87.93,245.86,77.3,100.5,0,0.984
2019-02-20,4.16,-0.11,95.82,257.63,71.5,100.7,0,1.308
2019-02-21,2.22,-1.85,71.86,252.02,85.4,100.7,0.68,0.369
2019-02-22,0.05,-5.82,41.31,243.76,93.9,101,4.97,1.699
2019-02-23,-1.58,-4.24,30.22,284.43,99.8,101.3,10.59,0.865
2019-02-24,-0.42,-3.77,41.94,272.46,97.1,101.5,4,0.62
2019-02-25,0.86,-4.04,75.87,231.53,87.8,101.4,0,1.736
2019-02-26,0.54,-4.49,62.63,253,93,101.1,0.45,0.689
2019-02-27,2.45,-5.63,89.87,251.26,89.1,101.2,0,0.269
2019-02-28,2.88,-3.31,99.41,244.05,82.5,101.3,0,0.515
2019-03-01,4.58,0.1,79.51,282.4,73.9,101.9,0,0.547
2019-03-02,4.93,-0.14,75.5,273,78.2,102,0,0.272
2019-03-03,2.75,-2.09,58.89,252.18,76,101.7,0,1.595
2019-03-04,3.49,-3.05,124.2,235.84,67.9,101.3,0,3.916
2019-03-05,0.4,-2.36,49.42,280.66,71.3,100.6,0.61,3.903
2019-03-06,2.73,-3.18,72.67,290.8,94.8,99.8,1.39,1.322
2019-03-07,6.87,2.77,44.95,316.21,98.6,98.9,8.37,1.298
2019-03-08,7.87,2.31,88.58,297.6,91.5,98.3,13.78,1.934
2019-03-09,7.46,2.76,71.44,298.94,82.5,97.5,8.04,3.014
2019-03-10,7.44,1.32,137.58,251.77,74.6,99.3,0,2.37
2019-03-11,6.03,0.82,129.08,251.58,74.3,99.7,0,2.254
2019-03-12,6.61,1.08,109.28,274.86,73.3,99.6,0,0.16
2019-03-13,6.26,-0.15,140.39,244.64,70.9,100.6,0,0.046
2019-03-14,7.18,-0.11,118.72,272.65,68,100.8,0,0.991
2019-03-15,8.08,2.14,128.61,278.81,66.3,100.3,0.94,1.877
2019-03-16,7.9,2.04,123.04,268.6,81.5,100.5,0,2.985
2019-03-17,6.74,2.44,75.12,299.2,86.8,101.2,0.93,0.578
2019-03-18,11.74,5.1,98.71,311.23,90.7,101.5,0,2.057
2019-03-19,12.35,5.15,172.42,270.09,79.3,101.8,0,1.894
2019-03-20,14.02,3.38,190.3,256.69,76.8,101.5,0,0.694
2019-03-21,10.87,3.41,103.72,294.25,88.2,101.2,0,2.029
2019-03-22,11.68,3.05,123.88,287.63,86.8,100.7,0.16,2.273
2019-03-23,11.8,0.23,181.67,246.44,83,100.1,0,1.649
2019-03-24,12.69,-0.37,198.44,243.5,83.3,100.2,0,0.911
2019-03-25,13.81,1.34,191.26,260.45,85.6,100.8,0,0.91
2019-03-26,14.28,2.28,197.98,259.98,82,101.3,0,1.2
2019-03-27,13.71,1.53,200.75,249.98,80.4,101.8,0,1.007
2019-03-28,12.75,0.82,199.49,246.04,82.3,102,0,1.584
2019-03-29,14.19,0.68,209.05,255.45,80.5,101.4,0,2.173
2019-03-30,15.95,1.22,215.95,270.45,76,100.5,0,1.949
2019-03-31,12.53,6.88,65.74,317.21,88.6,99.2,7.2,0.946
2019-04-01,12.85,6.05,112.29,313.78,87.6,98.2,7.96,1.569
2019-04-02,11.72,7.91,140.11,299.51,66.4,99.1,0,3.899
2019-04-03,12.85,6.51,180.26,284.26,67.4,99.6,0.74,1.583
2019-04-04,14.77,8.53,171.16,315.53,80.1,98.5,7.13,1.643
2019-04-05,13.04,9.06,116.17,315.82,81,98.7,7.9,1.622
2019-04-06,15.21,8.6,171.73,307.25,73,99.2,0.19,1.899
2019-04-07,11.55,7.15,57.61,317.09,91.8,98.2,11.17,0.375
2019-04-08,10.05,2.77,94.52,300.49,82.4,97.8,4.27,2.136
2019-04-09,6.54,-0.35,234.44,236.9,61.1,99.5,0.25,0.544
2019-04-10,7.92,3.37,45.3,323.45,96.4,97.8,15.26,2.626
2019-04-11,9.39,4.16,87.48,322.78,95.7,96.5,9.32,0.799
2019-04-12,7.95,3.38,112.54,301.05,87.7,97.1,3.03,0.74
2019-04-13,8.85,2.69,139.44,285.53,71.6,98.3,0.03,0.43
2019-04-14,7.37,2.43,122.08,273.99,76.8,99.4,0,3.023
2019-04-15,13.16,2.67,250.68,257.72,63.1,99.9,0,0.728
2019-04-16,11.97,3.71,157.15,287.13,67.2,99.3,0,3.99
2019-04-17,9.84,5.83,79.3,326.42,85.5,98.5,8.56,6.749
2019-04-18,6.94,3.79,58.16,318.95,94.1,98.1,19.69,5.852
2019-04-19,13.71,3.72,145.25,314.83,88,98.7,0,2.271
2019-04-20,15.41,9.13,90.09,346.55,90.2,99,9.29,2.511
2019-04-21,11.93,7.5,64.64,322.42,95.1,98.5,7.9,0.768
2019-04-22,14.59,6.33,189.74,290.25,81.1,98.2,1,1.254
2019-04-23,12.46,7.82,105.63,324.18,87.9,97.8,4.52,1.855
2019-04-24,11.1,7.68,85.36,322.41,93.2,97.6,9.64,0.772
2019-04-25,8.66,3.63,104.01,311.9,73.6,99,6.43,2.079
2019-04-26,10.13,2.49,199.9,275.2,57.7,100.7,0,2.168
2019-04-27,14.49,5,153.78,312.52,85.6,99.7,0.89,1.482
2019-04-28,11.89,6.97,177.85,307.64,77.8,98.9,8.94,2.646
2019-04-29,9.47,5.65,127.85,312.82,85,99.6,3.34,0.651
2019-04-30,10.77,5.34,173.13,290.08,72,101,0,0.318
2019-05-01,16.01,4.46,250.97,273.89,70.3,101.3,0,0.531
2019-05-02,16.45,7.5,239.84,283.18,70.5,101.4,0,1.076
2019-05-03,17.93,7.41,262.01,279.45,68.4,101.2,0,1.339
2019-05-04,19.59,6.69,269.86,276.74,69.7,101.1,0,0.378
2019-05-05,20.68,10.17,287.28,285.35,61.8,101.2,0,0.19
2019-05-06,21.9,9.53,290.72,292.27,68.8,101,0,0.237
2019-05-07,18.13,10.11,277.38,301.31,76.6,101.1,0,1.836
2019-05-08,13.36,7.66,193.07,311.49,75.1,101.3,0.42,3.896
2019-05-09,12.06,6.66,181.35,307.47,69.8,101.1,0,3.473
2019-05-10,12.51,6.55,219.25,291.44,72.4,100.9,0,4.273
2019-05-11,13.35,5.69,315.58,251.37,66.1,100.6,0,5.055
2019-05-12,13.99,4.79,319.58,244.39,61.5,100.4,0,4.25
2019-05-13,14.97,3.38,240.2,268.73,66.3,100.8,0,1.832
2019-05-14,14.05,4.21,239.08,274.57,66.7,101.2,0,1.684
2019-05-15,14.34,8,185.1,308.81,71,101,0,0.222
2019-05-16,15.1,9.31,152.38,323.13,68.2,100.4,0,1.045
2019-05-17,13.25,8.35,152.22,316.64,75.6,100.2,0,1.144
2019-05-18,15.13,8.96,165.41,315.91,73.9,100.1,0.5,0.653
2019-05-19,17.11,7.9,207.83,305.18,75.4,100.2,0,0.132
2019-05-20,18.34,9.53,218.53,305.85,64.5,100.2,0,0.38
2019-05-21,18.81,10.69,210.01,313.47,67.8,99.9,0,1.953
2019-05-22,19.62,8.3,308.37,279.03,63.5,99.6,0,0.207
2019-05-23,16.83,9.68,247.74,295.18,67.1,99.6,0,1.475
2019-05-24,15.24,9.88,202.75,320.09,71.3,98.9,1.74,2.575
2019-05-25,14.44,9.05,139.28,315.21,72.4,98.9,0.77,3.002
2019-05-26,12.84,8.59,216.19,299.92,61.8,99.4,0,4.58
2019-05-27,14.75,8.95,145.35,329.31,74,99.6,6.35,1.777
2019-05-28,13.2,9.11,211.92,308.1,63.7,99.3,0.03,5.041
2019-05-29,14.26,7.53,245.14,281.76,59.7,100.6,0,2.853
2019-05-30,15.07,7.66,157.14,308.46,69,101.2,0,1.653
2019-05-31,16,8.16,219.14,297.78,69.3,101.2,0,1.752
2019-06-01,16.92,8.66,282.21,287.14,69.6,101.2,0,1.851
2019-06-02,19.8,8.97,287.15,296.6,67.4,100.9,0,1.484
2019-06-03,19.88,10.89,246.8,310.51,72.1,100.5,0.38,0.522
2019-06-04,22.65,10.96,303.13,305.48,73.2,100.7,0,1.787
2019-06-05,19.7,9.97,243.28,321.44,76.8,100.9,0,3.48
2019-06-06,22.02,9.69,280.05,315.79,70.9,100.8,0,3.413
2019-06-07,25.21,9.43,339.72,296.76,66.6,100.5,0,2.319
2019-06-08,24.58,10.94,347.81,292.09,61,100.5,0,2.746
2019-06-09,23.17,10.13,344.11,283.98,63,100.5,0,2.462
2019-06-10,21.38,10.67,341.36,283.22,64.2,100.5,0,1.725
2019-06-11,22.23,9.52,351.89,275.89,57.5,100.6,0,2.25
2019-06-12,21.96,10.08,354.29,281.57,63.2,100.6,0,3.743
2019-06-13,23.04,10.74,351.45,286.03,57.7,100.5,0,4.254
2019-06-14,24.82,11.78,310.31,319.39,62.3,100.4,0.31,2.704
2019-06-15,25.14,11.31,351.87,294.29,63,100.5,0,1.832
2019-06-16,25.27,10.87,359.59,283.96,57.6,100.3,0,1.713
2019-06-17,25.35,10.36,325.48,293.84,62.8,100.2,0,1.48
2019-06-18,25.79,13.05,284.1,318.05,62.5,99.9,0,1.366
2019-06-19,25.56,14.06,265.43,329.11,61.8,99.5,1.27,1.117
2019-06-20,20.78,15.07,155.48,343.55,79.3,99.1,3,2.385
2019-06-21,18.37,11.76,265.7,314.52,69.4,98.7,0.76,3.112
2019-06-22,15.75,11.39,232.18,306.35,72.7,98.4,0.83,4.53
2019-06-23,17.25,10.13,220.09,302.79,67.2,99.1,0,2.207
2019-06-24,15.44,10.1,195.13,304.44,66.2,99.7,0,2.724
2019-06-25,17.84,8.44,208.12,306.26,61.9,100.4,0,1.108
2019-06-26,21.31,11.32,267.54,307.84,62.2,100.5,0,1.529
2019-06-27,23.75,12.25,284.9,311.49,63.8,100.8,0,1.745
2019-06-28,25.89,12.92,331.85,310.27,64.9,100.9,0,0.264
2019-06-29,25.6,14.83,292.48,331.39,66.6,100.4,0,2.085
2019-06-30,21.89,14.51,199.89,356.91,81.1,100,1.01,1.4
2019-07-01,21.8,14.72,211.26,353.18,77.4,99.6,1.01,1.475
2019-07-02,21.19,12.59,312.27,316.02,67.5,99.8,0,1.84
2019-07-03,23.25,11.83,290.74,316,68.1,99.9,0,1.406
2019-07-04,22.18,11.94,182.82,340.22,75.6,99.6,2.23,0.388
2019-07-05,23.32,12.33,282.99,309.7,65.3,99.3,0,1.49
2019-07-06,23.71,12.49,232.59,334.03,62,99,3.22,1.227
2019-07-07,22.39,16.12,173.89,360.92,73.9,99.1,6.45,1.949
2019-07-08,23.61,14.77,309.8,314.03,61.5,100.3,0,2.082
2019-07-09,26.44,14.33,321.23,319.07,64.9,100.9,0,0.637
2019-07-10,25.63,15.2,282.23,332.26,70.9,100.9,0.86,0.721
2019-07-11,22.87,15.41,230.12,344.4,70.7,100.8,0.73,2.393
2019-07-12,25.04,14.12,326.28,317.38,62,100,0.38,1.691
2019-07-13,21.3,15.57,162.34,360.27,81.1,99.2,3.39,1.989
2019-07-14,21.29,13.83,318.44,309.3,64.1,99.1,0,2.581
2019-07-15,20.85,13.26,247.83,318.24,67.4,99.7,0.22,2.836
2019-07-16,21.57,12.83,278.3,307.89,65.9,99.9,0,2
2019-07-17,21.35,13.17,289.55,304.15,63.2,99.7,0,1.947
2019-07-18,21.48,12.29,246.96,317.12,67.8,99.4,4.14,1.303
2019-07-19,22.81,11.92,235.61,314.84,64.6,99.3,0.37,0.629
2019-07-20,17.12,12.95,175.55,330.77,87.4,99.6,11.44,0.873
2019-07-21,19.7,11.35,202.3,318.3,66.8,100.2,0,0.546
2019-07-22,21.57,13.35,210.77,335.91,75.3,100.5,0,2.095
2019-07-23,26.68,15.24,313.98,316.75,63.5,101,0,0.306
2019-07-24,28,14.5,326.47,313.31,59.3,101,0,1.961
2019-07-25,28.16,15.71,309.4,330.64,71.7,100.4,0,3.564
2019-07-26,29.91,16.06,289.17,352.09,65.1,99.5,0,4.743
2019-07-27,29.33,17.25,281.86,342.49,61.5,99.2,1.01,0.405
2019-07-28,29.41,18.03,304.79,333.44,58.7,99.3,0.42,0.045
2019-07-29,29.15,17.57,292.93,336.01,64.3,99.3,0,1.495
2019-07-30,24.25,15.52,304.88,302.7,58.9,100.1,0,1.626
2019-07-31,24.29,14.92,302.21,300.72,58,100.4,0,0.722
2019-08-01,24.32,14.32,299.56,298.62,57.2,100.8,0,0.346
2019-08-02,26,14.06,280.09,312.06,64.5,100.7,0,1.005
2019-08-03,25.58,14.62,274.86,318.68,64.4,100.2,0,1.912
2019-08-04,20.2,13.88,193.13,326.29,58,100.2,0.87,1.937
2019-08-05,23.28,12.51,251.81,322.76,64.3,99.9,0,2.402
2019-08-06,19.86,13.02,250.45,309.07,63.6,99.9,0.59,2.641
2019-08-07,21.17,11,241.6,296.46,58.2,100.7,0,0.423
2019-08-08,21.59,13.81,171.75,336.62,63.1,100.5,0,2.687
2019-08-09,25.56,16.43,259.91,333.31,71,100.2,0,2.759
2019-08-10,21.92,14.5,270.59,305.79,62.5,100.3,1.66,1.476
2019-08-11,22.67,11.25,292.67,272.92,54,100.8,0,0.063
2019-08-12,27.14,11.66,282.51,301.37,59.5,100.4,0,2.085
2019-08-13,31.06,14.46,248.06,348.42,64.5,99.4,0,1.897
2019-08-14,24.89,16.87,234.5,338.58,70.4,99.3,0,2.439
2019-08-15,19.71,12.42,226.14,298.88,58.9,99.5,0,2.788
2019-08-16,20.18,10.12,253.16,290.79,59,100.2,0,2.415
2019-08-17,22.82,11.75,248.74,299.81,56.9,100.4,0,0.517
2019-08-18,24.06,12.5,201.67,335.54,74.1,99.6,7.09,3.48
2019-08-19,24.6,14.51,249.53,325.11,67.5,99.4,0,2.574
2019-08-20,21.57,14.11,168.88,336.93,63.4,99.7,2.07,1.454
2019-08-21,21.8,13.72,97.39,374.15,89.6,98.6,17.63,1.02
2019-08-22,20.41,13.46,194.59,327.68,76.4,98.2,0.55,1.58
2019-08-23,19.62,13.29,199.96,334.35,70.7,99.1,0.93,1.062
2019-08-24,18.43,12.57,209.83,301.16,68.3,99.8,0,2.19
2019-08-25,19.8,10.63,233.4,297.23,63.8,99.8,0,1.576
2019-08-26,20.71,11.95,188.47,319.91,72.3,100,0.6,0.262
2019-08-27,15.59,14.1,37.16,370.4,96.8,99.5,37.87,3.974
2019-08-28,18.61,12.51,184.27,335.74,77.7,99.8,4.73,2.833
2019-08-29,18.19,11.95,131.82,335.36,86.1,100.1,1.35,1.141
2019-08-30,19.86,12.07,152.73,328.73,80.2,99.7,1.58,0.626
2019-08-31,19.05,12.56,165.19,326.41,79.6,99.4,3.02,0.614
2019-09-01,18.24,13.04,177.74,323.79,78.9,99.2,4.45,1.337
2019-09-02,19,12.68,163.6,328.62,82.7,99.8,0,0.704
2019-09-03,21.38,11.24,186.25,330.19,81.8,100.3,0,1.373
2019-09-04,20.15,16.98,177.95,354.46,81.6,100.4,0.5,2.325
2019-09-05,20.91,13.74,215.56,324.69,77.9,100.7,0.9,1.621
2019-09-06,22.2,17.35,146.8,365.8,85.3,100.2,17.54,1.782
2019-09-07,20.41,15.77,117.92,351.7,88.3,99.4,4.49,2.102
2019-09-08,19.52,13.86,182.15,313.57,73.3,99.8,0,2.261
2019-09-09,22.33,13.4,194.86,327.28,76.7,100.8,0,1.536
2019-09-10,22.81,14,173.19,333.42,76.2,101.2,0,1.419
2019-09-11,22.9,15.75,153.6,348.85,82,101.1,0,1.625
2019-09-12,24.59,16.59,204.19,328.5,69.9,100.3,0,1.84
2019-09-13,19.13,14.01,189.16,311.93,63.1,100.3,0,2.285
2019-09-14,19.11,11.46,175.95,312.7,63.6,100.5,0,0.858
2019-09-15,20.6,13.55,187.1,314.05,69.3,100.3,0,1.973
2019-09-16,23.33,12.19,184.86,324.88,69.3,100.5,0,1.759
2019-09-17,18.82,14.88,90.8,358.14,83.3,100.9,0.51,0.553
2019-09-18,20.7,13.15,184.97,313.09,73.2,101,0,3.013
2019-09-19,22.5,12.59,191.78,305.3,68.8,100.4,0,4.328
2019-09-20,22.95,11.2,186.75,313.31,71.4,100.5,0,0.384
2019-09-21,16.37,12.64,92.66,341.92,80.3,101.6,0,1.657
2019-09-22,19.48,11.94,167.06,312.42,76.6,101.8,0,2.16
2019-09-23,19.83,10.17,177.48,296.74,78.4,101.7,0,1.82
2019-09-24,18.96,10.37,101.03,341.53,89.4,101.3,0.39,2.234
2019-09-25,19.83,11.65,154.48,317.9,83.7,100.6,0.77,2.063
2019-09-26,17.76,10.61,120.98,321.61,89.4,100.3,0,0.721
2019-09-27,16.49,11.08,99.76,340.46,84.3,100.4,0.1,0.897
2019-09-28,16.14,12,81.45,342.15,86.2,100.5,0,0.681
2019-09-29,17.42,11.52,120.09,329.14,83.7,100.7,0.7,1.528
2019-09-30,16,11.11,93.82,334.4,87.7,100.9,0.57,1.765
2019-10-01,17.01,12.09,105.95,339.39,83.9,101.1,0,2.531
2019-10-02,15.82,12.21,98.02,342.35,88.2,101.1,0.52,2.314
2019-10-03,15.89,12.04,96.81,338.3,86.8,101.1,0.59,1.467
2019-10-04,15.88,10.52,73.93,332.81,86.9,100.3,0.63,0.707
2019-10-05,13.57,7.89,34.77,331.76,90.2,98.1,30.75,1.221
2019-10-06,10.66,7.64,28.65,336.23,96.8,96.9,14.26,0.501
2019-10-07,11.65,7.54,105.63,293.74,82.2,97.1,0,0.604
2019-10-08,12.95,4.81,81.29,304.4,86.7,97.4,13.06,3.348
2019-10-09,11.27,9.39,33.4,347.66,95.7,97.6,40.19,2.581
2019-10-10,9.95,8.61,46.77,334.4,92.4,98.3,12.91,2.561
2019-10-11,12.5,8.26,88.5,308.91,70.6,98.9,0,2.725
2019-10-12,12.22,6.84,115.09,276.43,76.3,99.9,0,1.522
2019-10-13,14.18,7.14,110.68,298.75,73.4,100.6,0,2.662
2019-10-14,13.22,7.56,104.97,306.8,74.8,101,0,1.473
2019-10-15,13.04,8.45,61.58,320.67,81.3,100.7,0,1.553
2019-10-16,13.38,8.26,95.54,316.86,84.4,100.1,0,1.812
2019-10-17,12.94,10.01,34.42,355.24,96.3,100.2,7.41,1.723
2019-10-18,12.27,10.07,37.17,346.16,97.8,100.6,10.4,0.766
2019-10-19,14.3,8.69,80.1,315.98,94.3,100.7,0,0.455
2019-10-20,15.75,8.73,75.22,321.22,89.7,100.7,0,1.527
2019-10-21,15.04,12.64,50.4,353.06,91.6,100.6,1.63,0.714
2019-10-22,16.2,10.68,88.08,318.75,88.8,100.7,0,1.033
2019-10-23,14.87,8.26,87.69,310.82,91.5,100.7,0,0.133
2019-10-24,14.38,10.54,62.65,334.86,92.6,100.8,0,0.25
2019-10-25,14.97,9.88,90.75,318.21,89,101.1,0,0.785
2019-10-26,13.13,10.21,45.04,337.57,92.2,101,0.76,2.424
2019-10-27,12.77,9.26,44.51,331.61,87.7,100.7,0,3.326
2019-10-28,11.95,7.36,52.8,315.8,85.9,100.3,0.56,2.859
2019-10-29,10.75,5.66,51.95,305.32,90.6,100.1,0,2.328
2019-10-30,11.32,7.7,45.31,322.92,92.4,100.3,0,0.757
2019-10-31,10.78,7.67,43.47,323.13,89.8,100.3,0.62,1.113
2019-11-01,10.25,7.64,41.62,323.18,87.1,100.4,0.99,1.55
2019-11-02,11.04,7.22,40.11,333.03,94.7,100.6,0,0.487
2019-11-03,9.45,4.23,49.48,295.3,81.3,101.2,0,1.616
2019-11-04,9.03,3.21,79.21,275.39,84.4,101.4,0,1.638
2019-11-05,7.35,1.81,75.16,272.67,89.9,101.1,0,1.095
2019-11-06,5.51,1.27,46.14,283.87,91.5,100.2,0,1.668
2019-11-07,6.17,0.75,38.91,297.33,100,99.3,0,0.739
2019-11-08,8.68,4.04,31.62,318.96,98.6,99.2,2.71,0.2
2019-11-09,10.24,6.44,40.29,333.41,95.1,100.1,4.02,1.052
2019-11-10,12.38,9.47,35.97,339.85,96.6,99.8,11.46,0.827
2019-11-11,12.02,7.83,65.49,281.59,90.1,100.7,0.58,1.848
2019-11-12,11,6.68,31.2,312.78,89.6,101.2,0,1.34
2019-11-13,14.14,9.68,31.03,330.28,90,100.4,2.34,2.492
2019-11-14,10.78,7.64,50.21,288.04,79.2,100.5,0,2.545
2019-11-15,10.18,6.2,46.44,293.75,85.4,100.7,0,1.385
2019-11-16,11.97,6.82,25.62,322.08,93.2,99.4,11.86,1.863
2019-11-17,8.4,5.28,51.82,277.44,88.8,98.6,0.07,1.963
2019-11-18,6.2,3.23,56.63,243.49,74.1,98.6,0,2.243
2019-11-19,7.16,1.74,28.9,281.66,84.8,98.7,0,1.026
2019-11-20,4.55,2.31,7.15,309.9,93.3,99.6,13.25,2.844
2019-11-21,4.83,1.14,42.56,268.17,80.3,99.7,0,1.653
2019-11-22,5.57,2.42,37.44,277.96,81,99.2,0.54,0.845
2019-11-23,5.26,0.7,28.55,271.02,79.2,100.1,0.82,1.216
2019-11-24,6.48,0.42,44.83,252.44,82.4,100.2,0,2.378
2019-11-25,6.82,3.05,34.46,286.95,84.7,100.4,0,1.431
2019-11-26,8.59,3.31,20.76,315.17,93.7,100.4,0.49,1.497
2019-11-27,10.14,7.9,19.35,320.85,86.2,99.9,0.58,2.165
2019-11-28,14.63,8.83,21.14,352.27,88.4,99,1,2.731
2019-11-29,14.43,11.52,12.17,344.79,74.9,98.1,1.5,4.334
2019-11-30,12.02,7.03,25.25,314.61,74.4,98.1,8.07,2.199
2019-12-01,8.7,4.63,34.58,280.22,87.5,98.7,5.89,2.225
2019-12-02,12.41,4.72,12.15,319.78,90.9,98.7,2.18,1.522
2019-12-03,13.63,8.1,27.4,323.11,88.1,98.3,4.62,2.123
2019-12-04,14.29,8.51,26.57,313.87,81,97,9.42,3.801
2019-12-05,11.26,7.92,27.22,307.13,74.4,97.6,7.16,4.15
2019-12-06,9.23,7.85,27.1,291.46,61.3,98.3,0,5.501
2019-12-07,12.7,4.64,11.36,324.5,88.1,97.8,17.83,1.525
2019-12-08,8.68,6.41,36,277.22,82.2,100.2,0,2.904
2019-12-09,9.11,6.11,16.87,316,87.5,99.7,0,1.904
2019-12-10,12.28,5.14,15.34,320.79,89.7,98.2,5.06,2.131
2019-12-11,5.91,3.52,35.04,276.3,80.2,98.6,5.22,1.602
2019-12-12,6.7,4.48,15.6,313.46,91.1,96.3,16.73,0.87
2019-12-13,5.93,3.52,16.55,297.22,78,97.3,4.92,4.58
2019-12-14,6.3,4.12,27.66,273.57,75.9,98.5,0.72,4.141
2019-12-15,6.65,3.29,36.03,251.99,77.8,100,0,2.39
2019-12-16,6.55,3.23,23.44,293.33,77.5,101.3,0,0.803
2019-12-17,5.28,3.06,15.77,306.12,88.9,101.5,0,0.953
2019-12-18,3.27,0.37,14.66,292.13,93.9,101,2.23,1.462
2019-12-19,2.16,0.04,10.27,300.2,96,99.9,6.48,3.259
2019-12-20,2.74,0.35,9.31,303.86,85.4,99.2,0.54,5.958
2019-12-21,6.29,2.57,4.14,324.66,95.2,97.9,37.71,6.915
2019-12-22,8.28,6.28,7.04,340.92,99.6,97,21.78,5.43
2019-12-23,8.63,2.36,32.9,263.18,89.3,97.4,0.96,1.322
2019-12-24,4.6,2.15,13.25,301.76,95.6,98.1,2.2,4.703
2019-12-25,3,1.53,11.37,310.15,93.5,98.5,7.37,5.639
2019-12-26,2.05,-0.58,12.65,285.75,92.3,99.2,3.6,3.797
2019-12-27,2.56,-0.55,19.2,283.53,79.8,99.6,0.52,3.507
2019-12-28,1.86,-1.47,12.25,296.3,95.2,99.5,4.52,3.737
2019-12-29,1.19,-1.53,11.02,298.66,95.1,99,2.83,4.232
2019-12-30,1.79,-0.08,12.11,303.11,96,99.3,6.17,3.921
2019-12-31,1.52,-0.21,14.68,299.96,96.8,99.9,3.97,3.311
2020-01-01,1.26,-0.35,17.26,297.81,97.6,100.5,1.81,2.706
2020-01-02,1.9,-1.17,21.59,274.26,85.5,100.2,0,3.418
2020-01-03,2.59,-0.76,23.24,273.97,74.7,99.8,0,3.747
2020-01-04,-0.14,-2.46,20.09,280.77,94.2,99.9,3.41,2.489
2020-01-05,-0.41,-4.06,16.1,273.45,93.7,99.3,0.1,4.04
2020-01-06,0.88,-1.48,4.9,304.34,100,97.1,33.45,7.233
2020-01-07,2.34,-1.05,19.83,299.25,99.7,95.6,6.39,0.622
2020-01-08,3.55,0.02,7.53,317.05,94.8,96.7,19.04,1.24
2020-01-09,0.36,-4.93,38.44,226.04,83.5,99,1.56,1.074
2020-01-10,-0.51,-6.15,40.78,220.74,81.7,100.2,0,1.528
2020-01-11,5.73,-0.56,9.05,311.39,90.4,99.9,1.16,2.73
2020-01-12,8.7,5.34,21,319.25,88,99.1,1.66,2.274
2020-01-13,11.35,7.77,23.36,323.42,91.6,99.3,1.99,3.576
2020-01-14,12.74,10.04,20.76,339.13,86.4,99.6,0.45,4.051
2020-01-15,10.77,5.4,26.49,292.28,87.6,100.3,0,3.123
2020-01-16,8.87,3.73,12.68,302.48,93.1,100.5,5.3,1.218
2020-01-17,8.65,1.42,33.88,264.4,87.3,100.3,0,1.937
2020-01-18,5.83,-1.16,38.44,280.8,90.2,101.5,0,1.478
2020-01-19,7.3,5.76,13.19,327.13,94.8,101.1,2.36,2.257
2020-01-20,7.8,5.4,29.34,314.95,93.6,100.9,0,1.357
2020-01-21,6.65,3.3,29.98,292.69,93.1,100.8,0,1.178
2020-01-22,5.64,3.42,20.04,311.81,95.5,100.6,0.9,1.908
2020-01-23,4.38,2.9,17.08,312.71,98,100.1,4.15,1.328
2020-01-24,5.57,1.63,52.03,279.11,85.2,100.2,0,1.492
2020-01-25,10.59,5.46,26.55,325.34,92.3,99.7,7.49,2.729
2020-01-26,10.44,9.37,16.72,340.49,89.3,99.5,7.13,3.385
2020-01-27,9.79,6.63,39.34,291.66,84.1,98.4,5.51,4.439
2020-01-28,6.99,4.79,60.65,268.57,71.2,99.1,0,4
2020-01-29,8.38,5.11,24.71,307.45,75.2,98.6,6.22,4.403
2020-01-30,10.11,4.8,24.54,323.3,93,99,2.62,2.383
2020-01-31,9.42,4.94,35.48,309.68,75.7,97.9,3.82,5.286
2020-02-01,7.16,4.47,40.53,300.37,73.1,98.2,2.29,5.121
2020-02-02,10.94,4.47,29.23,322.44,92,98.6,10.45,2.304
2020-02-03,10.9,7.43,42.01,317.54,70.1,98.4,2.46,4.509
2020-02-04,7.91,5.46,67.5,276.01,70,99.8,1.53,4.727
2020-02-05,9.41,4.1,17.17,312.52,94.2,99.1,4.39,1.868
2020-02-06,8.57,2.83,14.26,310.37,90.8,97.4,9.52,1.266
2020-02-07,7.46,1.55,51.86,279.18,86.7,98,0.72,2.541
2020-02-08,7.14,3.32,48.63,281.43,86.9,98.1,0,2.249
2020-02-09,6,3.71,40.6,301.78,85.5,100,0.9,2.731
2020-02-10,4.6,2.52,35.96,302.35,87.9,101.2,0,2.759
2020-02-11,4.21,2.12,41.72,303.66,93.2,101,0.82,1.909
2020-02-12,4.97,0.74,57.33,294.74,83.6,100.7,0,1.057
2020-02-13,9.29,4.51,62.65,313.32,89.9,100.7,0,3.393
2020-02-14,10.73,7,63.88,312.63,83.9,100.9,0,3.094
2020-02-15,10.34,7.64,53.88,314.13,88.4,100.8,0,3.891
2020-02-16,8.88,7.58,53.87,320.43,85.4,99.4,1.61,3.941
2020-02-17,8.13,-0.03,92.96,255.84,66.4,99.1,0,3.157
2020-02-18,4.26,-1.98,98.21,225.42,72.7,100.8,0,1.586
2020-02-19,4.66,-2.34,105.02,222.39,70.8,101.5,0,1.614
2020-02-20,5.82,-2.43,109.33,241.93,80.2,101.7,0,0.376
2020-02-21,5.2,-0.33,46.26,288.05,83.8,101.4,0,3.989
2020-02-22,6.93,-1.76,121.38,236.6,72.5,101.3,0,3.009
2020-02-23,5.63,-3.44,117.91,225.82,93.5,101.6,0,0.198
2020-02-24,4.57,-1.38,74.04,272.66,86.8,101.3,0,1.477
2020-02-25,6.31,1.28,78.56,294.2,91,101.8,0,2.445
2020-02-26,6.11,1.55,76.86,297.99,92.5,101.8,0,2.99
2020-02-27,5.32,2.19,56.59,308.41,95.5,101.6,1.05,3.086
2020-02-28,4.32,1.67,50.18,305.9,96.5,101.1,0.57,1.546
2020-02-29,4.3,1.77,61.65,303.86,93.1,100.6,1.4,1.146
2020-03-01,4.29,1.87,73.16,300.94,89.7,100.1,2.13,0.957
2020-03-02,3.21,-1.1,74.65,266.17,75.9,100.2,0,0.852
2020-03-03,3.24,-1.92,88.61,242.14,69.3,99.9,0,1.596
2020-03-04,2.95,-2.71,120.13,226.46,62,99.9,0,1.683
2020-03-05,3.23,-2.93,96.1,244.27,66.5,99.5,0,0.716
2020-03-06,1.56,-2.69,56.28,260.4,76.1,98.7,0,0.549
2020-03-07,4.67,-2.42,141.13,231.59,68.2,99.2,0,1.223
2020-03-08,3.79,-2.62,88.9,261.71,74.1,98.9,0,2.386
2020-03-09,4.36,-0.31,92.97,269.1,70.9,99,0.38,0.777
2020-03-10,5.07,-1.56,146.7,236.19,61.9,99.8,0,0.207
2020-03-11,7.2,0.04,129.13,266.4,58.9,99.7,0,1.781
2020-03-12,6.04,1.65,43.53,311.76,83.7,98.3,9.93,2.46
2020-03-13,11.54,5.31,92.08,311.27,87.2,97.3,3.22,1.786
2020-03-14,12.44,7.05,119.93,312.89,79.6,97.9,0.71,2.145
2020-03-15,13.33,6.89,148.56,298.32,73.2,97.5,5.44,2.723
2020-03-16,11.78,5.51,106.67,290.23,79.9,97.3,0,1.939
2020-03-17,6.81,4.12,60.66,311.71,91.7,98.2,3.59,0.282
2020-03-18,7.58,4.2,65.07,317.68,92.5,99,4.11,2.695
2020-03-19,9.24,4.99,68.09,325.08,96.1,98.6,2.26,2.524
2020-03-20,7.07,4.56,55.66,319.47,95.8,97.9,18.03,0.678
2020-03-21,8.01,1.84,91.51,290.72,86.8,97.8,1.55,1.825
2020-03-22,4.9,0.54,37.98,289.99,91.9,97.5,13.67,0.716
2020-03-23,4.23,0.29,100.66,272.37,76.6,98.1,0,0.272
2020-03-24,5.55,-1.4,129.48,256.07,63.4,98.9,0,2.685
2020-03-25,5.08,-3.51,184.8,234.95,64.8,100,0,1.956
2020-03-26,4.17,-2.97,161.68,248.95,66.5,99.5,0,3.574
2020-03-27,4.45,-1.26,103.41,282.77,66.3,99.2,0,4.211
2020-03-28,4.62,0.29,77.83,303.28,84.2,98.9,5.21,4.553
2020-03-29,3.97,1.27,70.59,303.18,84.8,98.3,1.69,4.715
2020-03-30,10.13,1.64,55.88,311.03,94,97.3,11.61,1.699
2020-03-31,10.63,6.11,133.55,295.57,81.6,97.4,1.87,2.191
2020-04-01,10.28,5.72,163,291.55,68,97.1,0.79,3.059
2020-04-02,10.39,3.57,131.73,284.58,78.4,97.5,2.1,1.533
2020-04-03,9.66,3.93,130.83,295.28,76.2,98.6,1.93,1.988
2020-04-04,10.12,3.75,136.71,303.31,78.3,98.8,4.4,0.728
2020-04-05,10.08,5.29,92.62,314.47,89,97.3,14.07,2.236
2020-04-06,10.45,4.2,143.56,288.09,84.6,97.7,0.21,0.442
2020-04-07,9.07,5.25,122.07,309.35,90.5,99.1,4.87,0.815
2020-04-08,10.72,4.69,145.43,294.98,73.9,99.8,0.57,0.793
2020-04-09,13.54,5.59,136.84,313.89,85.6,99.7,0,1.839
2020-04-10,13.97,8.25,174.46,311.34,78.2,99.6,0,2.771
2020-04-11,14.1,8.66,119.49,330.99,78.7,99.5,0,1.925
2020-04-12,10.01,5.34,97.56,293.68,73.2,98.8,4.06,2.577
2020-04-13,7.97,3.86,126.56,283.72,79.2,98.7,6.08,4.133
2020-04-14,7.82,3.83,136.58,289.15,80.6,98.7,0,4.306
2020-04-15,9.11,4.89,109.67,310.87,85.5,98.7,4.01,1.311
2020-04-16,8.45,4.4,111.63,305.6,86.2,99.3,3.8,2.629
2020-04-17,8.06,3.36,147.44,296.54,76.1,99.6,2.09,0.824
2020-04-18,6.85,3.58,97.57,310.49,93.3,99.5,9.64,1.761
2020-04-19,8.62,4.7,108.4,316.41,81.2,99.5,5.9,2.581
2020-04-20,7.5,3.86,140.17,300.57,71.2,99.7,0,1.305
2020-04-21,8.04,3.59,129.04,306.55,79.4,100.2,1.45,0.592
2020-04-22,8.91,3.82,131.28,298.55,68.6,100.2,0,1.127
2020-04-23,9.49,3.23,135.77,288.21,75.3,100,0,0.994
2020-04-24,9.66,3.98,100.31,312.92,84.3,99.3,6,0.997
2020-04-25,12.66,4.57,215.58,279,65.5,100.1,0,0.736
2020-04-26,12.6,3.42,179.75,288.82,73.2,99.5,0.82,1.984
2020-04-27,10.21,4.29,233.03,268.86,69.4,98.4,1.32,3.559
2020-04-28,9.82,2.58,191.39,260.39,68.9,99,2.23,2.155
2020-04-29,9.12,1.13,143.65,273.92,80.9,99.7,1.44,1.208
2020-04-30,12.24,4.38,177.11,292.45,72,100.4,0,1.527
2020-05-01,14.37,5.08,155.08,314.38,80.8,100.6,0,0.886
2020-05-02,14.01,5.59,131.47,315.82,83.9,100.4,1.22,2.295
2020-05-03,11.04,5.26,211.73,293.65,68.5,100.1,0,4.977
2020-05-04,9.97,4.86,133.63,302.93,69.1,99.8,0,3.608
2020-05-05,9.14,4.37,129.88,303.72,79.5,98.9,0.78,0.613
2020-05-06,9.11,5.46,99.89,313.15,86.4,97.8,3.77,1.07
2020-05-07,8.3,5.55,97.16,321.4,93.5,97.8,11.86,1.114
2020-05-08,6.16,3.85,46.03,321.59,89.2,98.9,22.56,1.543
2020-05-09,7.05,2.51,143.76,289.26,67.3,100.3,0,0.813
2020-05-10,11.39,2.74,209.83,276.18,59,100.9,0,1.096
2020-05-11,14.28,6.32,154.08,324.09,83,101.1,2.66,1.287
2020-05-12,14.88,8.35,227.5,309.55,82.6,101.4,0.75,0.546
2020-05-13,16.84,8.51,163.29,322.42,76.9,101.1,0,0.462
2020-05-14,13.3,9.13,171.99,319.03,79.1,100.6,1.97,0.255
2020-05-15,13.11,7.7,147.29,316.92,79.3,100.2,0.74,0.942
2020-05-16,14.96,8.16,271.39,293.09,73.2,100.4,0,1.976
2020-05-17,13.2,6.85,208.33,298.04,74.7,99.9,1.6,3.028
2020-05-18,9.31,3.19,147.02,299.25,69.4,99.3,2.96,0.91
2020-05-19,6.19,1.29,157.16,265.6,68.4,99.6,1.19,1.344
2020-05-20,7.65,1.72,155.55,275.95,58.2,99.9,0,0.63
2020-05-21,8.94,1.35,113.85,291.33,78.9,99.4,5.11,1.807
2020-05-22,13,6.64,263.98,290.97,71.6,98.9,0,3.717
2020-05-23,13.53,7.35,254.75,296.01,69,99.4,0,3.086
2020-05-24,15.18,7.34,256.43,302.88,68.6,99.8,4.95,2.183
2020-05-25,15.39,6.85,203.73,304.56,72.4,99.8,0.19,1.672
2020-05-26,16.04,8.55,218.31,308.32,73.2,99.7,0,3.168
2020-05-27,17.75,7.55,284.7,296.56,64.9,100.8,1.35,1.119
2020-05-28,17.15,9.53,171.58,336.81,81,101.3,1.49,0.578
2020-05-29,17,8.88,176.36,328.65,80.6,101.5,0,1.045
2020-05-30,14.24,8.77,157.68,338.06,89.6,101.2,2.98,2.317
2020-05-31,15.86,8.37,213.74,325.97,84.9,101.1,1.58,2.18
2020-06-01,17.49,7.97,270.88,314,80.2,100.9,0,2.114
2020-06-02,21.65,7.54,331.07,290.58,77.8,100.5,0,0.543
2020-06-03,20.01,11.23,270.19,314.01,69.1,100.2,0,2.131
2020-06-04,13.02,8.21,195.72,296.65,58.6,100.5,0,2.232
2020-06-05,12.97,7.69,178.69,308.36,72.4,100.4,0.88,2.186
2020-06-06,14.95,9.56,274.8,308.87,67.4,99.6,0,4.163
2020-06-07,13.96,7.73,208.4,298.51,61.6,100.1,0,0.624
2020-06-08,13.72,7.15,152.82,319,75.5,99.3,2.79,0.883
2020-06-09,14.27,9.44,191.2,317.43,72.6,98.2,0.32,2.419
2020-06-10,15.11,10.46,275.46,300.83,67.2,97.9,1.24,3.774
2020-06-11,16.69,8.77,220,303.81,69.1,99.5,0.96,1.736
2020-06-12,19.49,8.16,287.18,293.58,65.9,100.4,0,1.247
2020-06-13,18,9.99,252.4,307.96,63.8,100.7,0,1.489
2020-06-14,14.13,8.78,152.95,321.05,80.8,100.9,4.73,0.442
2020-06-15,20.18,10.57,271.9,311.5,70.2,101.1,0,2.149
2020-06-16,21.31,12.27,270.54,317.95,72.2,101.2,0,0.677
2020-06-17,24.45,12.81,324.98,320.73,75.3,101.2,0,1.46
2020-06-18,25.09,15.12,346.94,318.54,69,100.9,0,1.547
2020-06-19,18.24,10.25,239.28,320.14,76.9,100.8,0,2.064
2020-06-20,16.32,7.66,339.75,268.82,65.1,101.1,0,1.78
2020-06-21,19.96,6.55,319.04,281.48,69.9,101.3,0,1.03
2020-06-22,22.93,9.55,344.52,290.03,63,101.3,0,2.032
2020-06-23,25.58,14.19,352.6,311.76,59.6,101,0,2.014
2020-06-24,26.78,15.75,321.14,337.62,59.4,99.6,0,1.743
2020-06-25,20.21,14.01,266.39,325.91,69.7,99.6,0.94,3.187
2020-06-26,22.25,13.5,268.6,331.31,62.2,99.8,0,2.345
2020-06-27,19.82,12.9,248.59,321.45,67.8,100.1,0,2.125
2020-06-28,22.43,11.28,308.2,306.16,75.1,100,1.63,1.206
2020-06-29,22.58,14.87,250.83,339.12,73.3,99.1,2.74,1.769
2020-06-30,20.98,12.66,284.18,306.74,61.9,99.5,0,2.49
2020-07-01,21.55,12.77,333.95,296.33,61.5,100.7,0,2.589
2020-07-02,23.08,13.84,338.98,303.56,60.9,101.5,0,2.063
2020-07-03,24.95,13.15,308.19,316.16,68,101.3,0,0.882
2020-07-04,25.55,15.36,312.63,318.66,61.9,100.7,0,1.504
2020-07-05,22.93,14.42,342.64,299.73,67,100.4,0,2.255
2020-07-06,25.56,12.91,351.07,301.89,63.9,99.7,0,2.334
2020-07-07,23.92,15.07,286.42,335.95,74.2,99.1,1.35,2.805
2020-07-08,18.67,9.79,335.72,285.58,65.4,99.2,0,1.915
2020-07-09,18.74,10.19,284.96,296.18,65.7,99.6,0,1.956
2020-07-10,24.34,10.63,335.57,297.14,60.9,99.7,0,1.386
2020-07-11,20.89,15.94,168.19,351.67,68.5,99.6,0,2.528
2020-07-12,23.42,16.63,298.03,345.87,72.1,99.7,0,3.221
2020-07-13,25.17,18.32,184.33,381.54,79.6,100,1.61,1.05
2020-07-14,26.91,18.02,236.15,372.24,81.5,100.2,4.69,0.252
2020-07-15,28.25,17.83,303.75,352.11,76.1,100.2,3.94,1.237
2020-07-16,25.49,15.81,286.03,346.23,73.5,100,0,3.803
2020-07-17,25.96,15.09,262.43,348.98,71.7,99.5,0,2.347
2020-07-18,22.41,14.48,281.27,325.17,65.4,99.4,0,2.54
2020-07-19,17.84,11.77,228.59,302.56,59.1,100.1,0,2.6
2020-07-20,20.32,12.61,227.73,337.98,76.8,99.7,0.75,3.236
2020-07-21,21.93,15.74,167.28,367.46,82.9,99.5,3.44,2.28
2020-07-22,22.33,15.76,224.87,359.35,82.9,99.6,0,3.069
2020-07-23,24.24,17.28,212.33,362.13,81,99.9,0,2.171
2020-07-24,33.14,16.64,327.35,343.13,59,99.9,0,1.382
2020-07-25,37.36,21.97,326.17,360.74,43.6,99.7,0,1.978
2020-07-26,31.29,15.68,282.98,347.51,65.4,99.6,4.57,0.96
2020-07-27,18.27,13.11,150.16,335.83,82.5,100.2,6.92,0.475
2020-07-28,18.39,11.66,255.75,299.03,76.3,100.6,3.18,0.2
2020-07-29,23.19,10.65,310.19,290.98,60.6,100.5,0,0.902
2020-07-30,23.1,15.62,188.45,342.76,57.6,100.3,0,0.724
2020-07-31,24.49,15.07,231.05,332.98,60.8,100.3,0,0.917
2020-08-01,25.88,14.52,275.09,323.22,64,100.3,0.91,1.125
2020-08-02,26.56,14.91,274.09,320.51,63.7,100.3,0,1.019
2020-08-03,27.27,15.25,252.04,327.19,63.4,100.4,0,0.351
2020-08-04,28.86,15.23,299.78,316.85,58.2,100.4,0,1.267
2020-08-05,31.16,15.81,210.14,356.6,57.9,100,0.79,2.567
2020-08-06,25.64,15.55,300.17,316.49,70.6,99.4,0,1.463
2020-08-07,25.01,15.58,257.88,330,76,99.2,4.18,1.259
2020-08-08,19.6,12.45,167.31,349.5,84,99.6,5.66,1.825
2020-08-09,20.76,11.66,271.81,296.16,65.3,100.3,0,1.46
2020-08-10,22.95,9.96,295.41,282.43,66,100.2,0,1.508
2020-08-11,22.87,10.52,270.6,293.34,69.1,99.8,1.63,0.507
2020-08-12,22.82,14.78,243.37,326.01,68,100,0,2.391
2020-08-13,22,13.73,235,310.67,70.9,100.5,0.81,0.136
2020-08-14,24.77,10.96,288.84,294.17,68.7,100.8,0,0.676
2020-08-15,27.3,14.03,285.49,308.32,61.1,100.8,0,0.096
2020-08-16,27.66,15.51,269.46,325.68,70.1,101,0,1.506
2020-08-17,25.83,15.07,223.32,341.71,74.3,101.1,0,1.615
2020-08-18,25.4,14.25,242.1,325.11,74.2,101.2,0,2.227
2020-08-19,22.88,15.4,161.11,361.4,77.5,101,0,2.683
2020-08-20,23.43,13.5,175.25,341.15,78.5,100.8,0,1.763
2020-08-21,23.26,12.1,207.54,333.78,77.7,100.7,0,2.557
2020-08-22,24.48,14.4,221.64,329.96,73.8,100.2,0,2.101
2020-08-23,27.11,12.41,231.69,327.95,68.8,99.8,0,1.442
2020-08-24,20.48,12.69,168.08,320.08,65.6,100.3,0,1.823
2020-08-25,23.58,13.44,244.92,318.98,67.8,100.5,0,2.611
2020-08-26,23.22,15.64,227.65,328.06,76.8,100.4,0,2.352
2020-08-27,22.08,14.23,146.59,350.15,74.4,100.4,0,0.144
2020-08-28,23.68,12.64,200.82,331.6,72.7,99.2,1.12,2.103
2020-08-29,16.88,9.34,213.97,274.59,50.8,99.8,0,1.791
2020-08-30,18.04,7.4,196.88,285.38,67.5,100.7,0,2.447
2020-08-31,19.11,9.26,209.32,289.64,70.4,100.9,0,2.142
2020-09-01,20.19,11.12,221.69,292.21,73.3,101.1,0,1.838
2020-09-02,22.96,9.55,238.63,291.29,71,101.2,0,1.972
2020-09-03,25.61,11.33,211.74,323.67,71,100.4,0,3.525
2020-09-04,24.69,13.04,206.63,322.91,68.4,99.9,0,1.871
2020-09-05,19.65,14.48,201.28,319.82,72.5,99.8,3.08,2.657
2020-09-06,18.18,12.89,105.82,337.72,76.5,98.3,5.67,2.84
2020-09-07,15.11,12.3,95.5,330.37,85.1,98,4.74,4.496
2020-09-08,17.35,11.28,163.46,309.56,71.7,98.7,0,3.213
2020-09-09,17.03,9.59,144.97,308.05,75.7,98.7,1.44,1.624
2020-09-10,15.55,9.62,140.38,313.38,75.3,99.1,9.75,3.037
2020-09-11,17.33,10.4,175.14,295.85,64.7,99.5,0.8,3.369
2020-09-12,17.19,8.84,169.87,292.98,71.4,100.7,0,2.622
2020-09-13,17.41,13.3,133.36,327.69,79.8,100.6,0,3.3
2020-09-14,18.75,11.54,151.48,325.49,81.7,99.9,3.21,2.093
2020-09-15,15.8,10.16,129.83,333.36,83.6,99.8,14.26,0.94
2020-09-16,14.24,10.49,96.62,329.42,89.6,99.5,31.28,0.538
2020-09-17,17.2,10.56,76.94,341.78,87.1,99.5,1.35,2.169
2020-09-18,18.14,15.87,110.09,351.52,82.4,99.6,0,3.076
2020-09-19,20.33,17.28,94.27,376.8,85.5,99.2,5.59,2.711
2020-09-20,21.69,12.44,137.98,337.02,78.5,98.8,5.15,2.909
2020-09-21,14.61,9.57,170.2,276.12,71.6,99.9,0,2.971
2020-09-22,15.02,7.64,142.29,288.56,69.2,100.9,0,1.723
2020-09-23,14.89,9.15,100.4,309.99,73.8,99.9,0,1.045
2020-09-24,16.69,10.34,150.79,316.61,83.7,98.3,2.78,3.546
2020-09-25,10.29,5.4,113.12,283.24,60.9,99.3,0.79,1.813
2020-09-26,11.07,3.61,165.26,255.47,58.5,100.1,0,0.814
2020-09-27,10.49,4.16,77.27,291.09,61,99.6,0,1.805
2020-09-28,8.43,3.23,91.73,270.38,69.8,100,0,1.355
2020-09-29,10.79,2.1,100.7,295.13,80.5,99.6,3.69,2.083
2020-09-30,16.5,8.29,52.88,347.95,89.8,97.1,18.9,3.702
2020-10-01,16.08,12.17,46.94,342.54,88,97.2,5.49,2.096
2020-10-02,15.82,9.67,134.65,294.78,80.7,98.4,0,1.765
2020-10-03,15.32,8.57,112.85,300.98,83.4,98.9,0,1.655
2020-10-04,15.53,10.25,34.42,327.63,88.1,98.3,11.2,2.029
2020-10-05,14.59,8.54,105.8,310.18,73.6,99.5,0,1.535
2020-10-06,20.21,12.18,82.77,344.48,76.8,99,0,1.74
2020-10-07,16.26,9.71,66.4,322.92,84,99.3,7.29,1.469
2020-10-08,14.94,6.98,133.05,276.13,81.6,100.2,0,1.039
2020-10-09,13.71,5.68,131.74,273.88,84.7,100.5,0,0.614
2020-10-10,15.63,8.14,114,301.72,84.3,101,0,1.784
2020-10-11,17.02,9.73,107.09,315.39,85.9,100.9,0,2.109
2020-10-12,15.24,9.77,93.13,316.59,80.9,100.2,1.08,1.861
2020-10-13,11.74,8.28,64.85,334.12,92.5,100.1,3.44,1.569
2020-10-14,14.21,8.46,89.58,306.43,89.2,99.6,0.93,1.521
2020-10-15,13.67,6.8,105.91,289.72,76.6,100.7,0,0.669
2020-10-16,13.34,7.63,73.44,319.44,81.5,100.9,0,1.949
2020-10-17,14.97,7.43,81.72,311.5,89.6,100.8,0,1.62
2020-10-18,12.28,9.33,45.57,345.88,97,100.8,0.09,0.937
2020-10-19,13.27,9.73,58.24,339.78,95.4,100.6,0,1.475
2020-10-20,11.97,9.86,37.99,350.65,100,100.3,0.95,1.256
2020-10-21,12.07,9.58,38.53,348.41,98,100.1,1.08,2.18
2020-10-22,14.41,10.24,46.61,348.87,96.9,100,0.82,2.389
2020-10-23,14.56,10.58,34.95,358.4,99.5,99.6,5.78,0.962
2020-10-24,16.17,11.33,68.74,317.93,89.7,99.3,0,2.06
2020-10-25,14.24,9.83,11.92,337.69,90.3,97.8,23.86,1.653
2020-10-26,11.89,9.35,68.02,314.96,87.8,97.5,2.88,3.668
2020-10-27,12.38,8.64,56.26,317.99,88.6,98.3,14.31,1.966
2020-10-28,9.02,6.35,48.55,312.78,81.8,99.6,1.11,0.606
2020-10-29,9.62,5.48,38.73,312.1,81.6,100.1,0,1.399
2020-10-30,12.37,8.06,62.33,307.76,86.8,99.4,0,1.69
2020-10-31,11.49,7.42,50.81,308.78,87,99.3,0,1.241
2020-11-01,10.61,6.78,39.36,310.05,87.1,99.2,0,0.546
2020-11-02,10.66,6.62,27.18,327.98,89.9,100,1.22,4.818
2020-11-03,10.65,6.22,56.31,293.86,77.7,100.5,0,4.624
2020-11-04,8.38,5.15,49.13,298.31,84.1,100.4,0,3.973
2020-11-05,8.66,3.04,69.57,261.55,86.1,100.4,0,2.9
2020-11-06,7.62,0.61,70.14,252,92.7,100.8,0,0.258
2020-11-07,6.95,0.47,54.78,268.52,96.5,101.4,0,0.383
2020-11-08,9,1.7,67.4,271.91,94.8,101.2,0,0.757
2020-11-09,9.34,3.47,29.62,314.84,96.8,100.6,0.94,1.238
2020-11-10,8.64,5.06,35.5,314.4,96.1,100.1,1.13,2.589
2020-11-11,7.64,3.66,35.64,298.9,81.5,100.4,0,2.83
2020-11-12,7.11,3.22,33.33,302.41,79.9,100.8,0,1.613
2020-11-13,6.11,-1.35,64.68,241.91,91.6,100.6,0,0.989
2020-11-14,6.9,1.36,38.05,305.63,95.8,100.2,0,1.211
2020-11-15,12.96,6.93,21.83,349.49,99.5,99.5,0,1.787
2020-11-16,13.83,10.08,9.65,339.54,92.8,98.5,5.9,1.467
2020-11-17,10.89,6.98,52.16,272.07,86.2,99.4,0,1.904
2020-11-18,11.48,6.74,11.23,330.5,95.2,98.4,8.21,2.996
2020-11-19,11.5,9.13,40.98,295.4,82.1,97.4,0,2.427
2020-11-20,10.31,8.79,37.37,321.18,84.7,97.7,7.71,3.438
2020-11-21,10.02,7.55,36.98,298.25,86.4,98.1,0.05,3.496
2020-11-22,9.3,3.85,47.03,265.56,91.6,98.4,0,1.532
2020-11-23,7.61,3.37,22.34,298.74,96.8,98.3,0.88,0.405
2020-11-24,7.94,4.54,34.61,297.49,94.9,98.9,2.02,0.793
2020-11-25,4.98,1.92,49.1,260.67,85.6,99,1.45,1.346
2020-11-26,7.74,3.69,17.69,310.54,94.9,97.8,6.54,1.16
2020-11-27,10.27,5.47,19.98,316.09,90.3,96.1,8.22,1.75
2020-11-28,8.08,3.52,22.36,290.17,87.5,97.1,1.19,1.837
2020-11-29,5.65,1.91,38.08,285.21,87.9,98.2,1.26,0.409
2020-11-30,5.47,2.11,26.47,292.93,96.2,98.5,7.9,0.72
2020-12-01,6.46,4.73,12.34,324.28,96.5,98.4,24.91,3.574
2020-12-02,6.45,4.72,9.83,326.04,100,98.7,8.33,0.749
2020-12-03,7.36,4.8,19.38,314.8,96.6,99.1,0,1.112
2020-12-04,7.7,4.67,24.07,289.09,90.7,98.8,0,1.659
2020-12-05,9.04,4.23,29.28,305.33,87.9,98,5.66,1.654
2020-12-06,8.25,4.72,17.64,297.41,89.5,96.8,0,1.541
2020-12-07,7.14,4.64,26.95,296.97,79.9,97.5,0.82,3.036
2020-12-08,7.17,2.65,8.28,302.59,91.6,98,5.8,1.085
2020-12-09,7.36,4.31,35.69,272.46,88.3,97.6,0,1.632
2020-12-10,5.74,3.28,33.63,284.79,85.3,98.4,0,2.143
2020-12-11,3.86,0.27,34.06,267.17,73.6,99.3,0,2.176
2020-12-12,5.5,2.04,30.93,283.6,86.1,98.6,1.02,2.051
2020-12-13,6.91,4.02,21.68,303.82,93,100,0,0.627
2020-12-14,8.92,4.56,9.38,315.06,92.3,100.3,1.02,2.077
2020-12-15,6.92,5.27,15.04,324.89,99.8,100.3,8.1,0.517
2020-12-16,8.91,4.7,17.89,309.53,94.7,99.9,0.73,1.044
2020-12-17,7.23,2.85,33.42,269.69,89.2,100.1,0,2.253
2020-12-18,7.99,5.8,21.21,291.94,75.8,99.6,5.97,3.887
2020-12-19,10.21,5.74,21.07,308.46,88.7,100,1.71,3.892
2020-12-20,10.24,6.72,12.58,313.63,90.1,99.9,0.6,2.807
2020-12-21,8.9,6.13,17.63,317.46,93.5,99.5,0.05,1.114
2020-12-22,8.49,0.29,30.75,279.38,87.3,100.3,0.83,0.354
2020-12-23,4.4,-0.67,30.87,265.86,88.7,100.6,0,1.762
2020-12-24,8.64,4.4,27.62,297.56,85.7,99.8,0,2.946
2020-12-25,8.17,5.18,21.9,306.32,86,98.4,3.18,2.197
2020-12-26,6.56,4.01,22.23,293.31,74.7,96.2,6.01,4.591
2020-12-27,5.14,-0.89,36.54,238.15,73.6,97.7,0,2.364
2020-12-28,11.15,-1.27,5.67,322.61,93.9,97.8,12.33,1.613
2020-12-29,10.41,5.54,26.86,317.61,69.1,96.5,7.6,5.517
2020-12-30,6.38,-0.12,34.64,260.81,76.6,98.3,5.76,2.958
2020-12-31,4.33,-0.67,35.63,247.24,78.3,99.1,2.88,1.965
2021-01-01,2.28,-1.21,36.62,233.42,79.9,99.9,0,1.008
2021-01-02,7.25,0.05,11.84,323.63,95.8,98.2,16.08,4.412
2021-01-03,7.51,5.32,13.54,330.41,98.2,99.3,4.37,3.03
2021-01-04,12.03,5.97,21.08,317.58,83.3,99.1,3.17,3.114
2021-01-05,8.86,6.51,34.06,283.17,81.8,99.9,3,2.557
2021-01-06,12.16,6.48,19.02,328.73,89.3,98.5,16.93,2.881
2021-01-07,7.03,4.18,38.31,261.03,88.1,100,0,2.546
2021-01-08,6.44,1.81,28.51,288.23,93.7,99.8,7.11,0.746
2021-01-09,12.08,6.46,9.2,335.77,94.4,97.5,7.51,1.72
2021-01-10,8.45,5.07,22.23,303.96,69.1,97.2,0,4.176
2021-01-11,6.18,4.42,25.59,290.4,76.6,97.4,0,3.28
2021-01-12,6.23,4.15,17.06,293.09,82.7,97.7,5.38,3.325
2021-01-13,7.3,3.82,23.57,297.29,87.8,99.2,0,1.496
2021-01-14,6.36,3.26,11.24,313.12,94,98.9,13.13,1.151
2021-01-15,5.07,1.96,41.6,262.98,78.2,99.5,0,1.553
2021-01-16,3.67,1.55,18.61,298.95,84,100.8,2.24,3.92
2021-01-17,1.88,-1.45,17.07,287.36,82.3,100.7,0.47,3.881
2021-01-18,0.17,-2.03,17.86,286.85,88.4,99.8,0.38,3.232
2021-01-19,-0.86,-3.17,32.58,259.3,74.7,99.8,0,1.767
2021-01-20,7.37,-3,33.46,294.62,80.8,98.4,3.7,2.329
2021-01-21,5.43,2.85,34.2,281.43,76.9,98.3,0,2.794
2021-01-22,3.27,-0.66,27.71,273.58,87.2,98,0,0.528
2021-01-23,4.52,-1.26,44.2,268.65,87.1,97.7,5.47,1.29
2021-01-24,6.81,3.83,24.56,300.69,84.1,96,6.72,2.912
2021-01-25,5.69,2.23,34.98,289.95,96.1,96,3.11,0.808
2021-01-26,4.24,1.22,30.69,282.78,96.9,96.7,0.87,0.596
2021-01-27,3.08,-1.53,60.38,258,80.2,98.2,2.5,0.257
2021-01-28,10.65,-0.58,17.65,313.74,86.5,97.9,5.84,1.341
2021-01-29,9.82,5.98,42.48,293.46,81.7,98.2,0,3.229
2021-01-30,8,3.5,42.12,295.54,93.8,99.1,8.9,1.542
2021-01-31,10.28,3.34,26.29,311.32,93.8,98.6,2.2,1.182
2021-02-01,10.76,6.63,19.74,319.32,85.5,97.5,4.76,1.971
2021-02-02,9.7,6.7,61.59,291.64,85.6,97,4.95,3.218
2021-02-03,9.17,4.94,62.17,293.42,88,97.8,2.76,2.65
2021-02-04,5.06,-1.18,44.95,264.25,78.2,98.8,0,0.639
2021-02-05,3.12,-1.85,30,270.02,73.6,99.3,1.42,0.62
2021-02-06,2.48,-2.96,55.04,264.33,81.4,99.5,0,0.531
2021-02-07,3.72,-0.48,11.26,309.28,96.7,98.6,5.87,3.868
2021-02-08,7.83,3.61,26.71,318.22,94.9,97.4,5.17,3.28
2021-02-09,9.24,4.41,74.71,279.85,90.1,98,0,1.906
2021-02-10,9.89,5.37,61.09,288.09,85.8,98.2,2.77,1.595
2021-02-11,9.41,5.11,33.25,301.07,89.6,98.2,1.79,1.221
2021-02-12,7.25,3.47,64.24,272.04,86.9,98.9,0,1.594
2021-02-13,9.5,4.1,37.23,309.47,90.2,99.3,2.86,1.511
2021-02-14,9.3,6.06,33.06,316.8,89.1,98.6,0.83,2.715
2021-02-15,11.48,7.76,58.66,315.46,85.2,98.3,4.73,1.676
2021-02-16,7.79,5.13,17.07,307.99,87.4,98.9,0,0.618
2021-02-17,7.3,2.37,100.37,254.77,74.7,100.3,0,0.66
2021-02-18,4.95,3.82,11.32,319.87,96.6,99.4,10.44,3.236
2021-02-19,9.09,4.01,51.73,315.51,97.3,98.7,1.47,0.369
2021-02-20,10.63,5.32,57.63,303.62,93.4,98.9,1.67,0.844
2021-02-21,9.48,5.74,49.79,304.85,92.5,98.8,5.11,0.899
2021-02-22,11.46,5.56,70.83,303.88,81,98.9,1.74,2.17
2021-02-23,10.49,7.54,63.65,312.13,85.6,99.4,5.07,1.684
2021-02-24,11.3,5.64,46.3,311.12,86.6,98.8,0,1.987
2021-02-25,8.95,4.83,86.01,275.9,87.5,98.7,1.2,2.266
2021-02-26,10.22,4.29,68.77,297.61,88.8,98.6,2.69,1.07
2021-02-27,8.42,4.17,94.2,280.54,80.3,99.4,0.22,1.937
2021-02-28,9.1,4.35,105.39,285.94,82.3,98.7,4.82,1.932
2021-03-01,7.22,3.95,89.27,291.19,82.5,97.7,3.82,0.856
2021-03-02,4.11,1.56,25.95,308.97,93,97.1,7.42,1.622
2021-03-03,3.31,1.34,47.74,306.17,90.5,97.7,3.32,2.371
2021-03-04,3.47,1.12,51.35,297.64,83.5,99.1,0.97,3.359
2021-03-05,5.83,0.31,70.72,278.45,66.1,100.7,0,2.43
2021-03-06,5.78,-1.23,108.73,264.96,69.1,101.8,0,0.411
2021-03-07,6.92,0.6,97.61,279.81,68,101.9,0,1.127
2021-03-08,7,2.31,70.68,300.82,80.2,100.8,2.22,2.372
2021-03-09,8.06,4.89,124.55,283.34,82.2,100,0.68,3.11
2021-03-10,10.12,5.81,69.44,310.72,84.8,99.9,1.11,3.461
2021-03-11,12.11,6.04,104.6,302.88,79.6,99.1,3.86,4.317
2021-03-12,10.1,5.7,101.76,302.47,75.5,100.2,0,3.119
2021-03-13,14.28,9.65,117.15,331.13,84.4,99.2,4.12,2.796
2021-03-14,10.33,5.26,120.25,298.67,72,99,3.69,2.83
2021-03-15,8.69,5.31,58.04,302.61,76,98.3,6.15,3.873
2021-03-16,9.45,4.09,110.95,293.77,71.4,98.5,6.46,1.509
2021-03-17,8.22,1.32,111.98,278.74,74.9,97.7,10.1,1.854
2021-03-18,7.3,2.18,111.09,274.39,76.5,98.3,0.85,1.434
2021-03-19,6.77,0.96,157.24,264.72,67.4,99.4,3.68,1.634
2021-03-20,7.26,2.87,93.48,300.17,80.2,97.1,4.57,4.389
2021-03-21,8.27,2.82,120.62,278.95,69.4,97.7,1.08,2.625
2021-03-22,6.87,-0.07,131.52,257.17,71.5,98.8,0,0.469
2021-03-23,4.46,-0.36,100.37,259.33,67.9,98.9,0,1.16
2021-03-24,5.03,-2.13,108.1,257.85,71.3,99.4,0.32,0.466
2021-03-25,6.46,-1.63,162.47,242.93,61.8,98.8,0,1.223
2021-03-26,6.83,-0.95,122.55,267.18,66.6,98.8,0,3.799
2021-03-27,6.52,2.1,112.76,279.52,65.6,98.8,0,2.225
2021-03-28,7.12,1.89,130.21,271.69,67.7,98.9,0,0.753
2021-03-29,5.98,-0.45,100.95,269.04,82.8,99.2,3.79,0.061
2021-03-30,7.55,-0.69,141.66,282.22,82.9,99.5,0,1.197
2021-03-31,5.76,2.73,57.77,315.57,94.3,98.4,14.52,5.118
2021-04-01,8.84,4.37,109.5,318.87,92.2,98.2,6.45,3.083
2021-04-02,12.21,6.31,150.74,302.24,85.2,97.7,4.52,0.636
2021-04-03,10.05,5.4,89.9,325.87,95.2,98.2,3.5,3.354
2021-04-04,7.78,3.8,105.91,308.5,83.4,98.9,0.06,3.092
2021-04-05,6.15,3.24,95.52,309.37,90.5,98.2,4.84,3.648
2021-04-06,6.69,1.68,98.75,292.09,86.8,98.6,1.82,0.842
2021-04-07,7.33,0.14,112.99,277.27,74.4,99.3,0,2.746
2021-04-08,5.75,2.51,84.66,300.72,65.7,99.2,0,5.243
2021-04-09,6.31,1.03,106.07,284.77,76.5,99.6,0,0.769
2021-04-10,10.36,0.4,187.9,269.03,66.7,99.8,0,0.97
2021-04-11,9.1,4.07,132.4,294.25,70.2,99.1,0,3.441
2021-04-12,6.79,3.85,52.92,312.91,94.4,97.4,9.59,2.365
2021-04-13,6.5,2.08,102.69,293.12,81.4,97.3,2.02,0.689
2021-04-14,8.37,1.17,150.71,279.78,74.8,98.6,2.23,0.722
2021-04-15,7.98,0.69,147.22,274.6,70.4,99,1.45,0.906
2021-04-16,6.66,1.15,154.09,271.36,71,99.9,0,0.63
2021-04-17,9.35,-0.14,188.74,268.57,69.2,100.4,0,1.731
2021-04-18,5.56,2.29,122.22,279.24,57.6,101,1.1,1.116
2021-04-19,7.55,0.29,190.51,268.72,61.9,101.2,0,0.963
2021-04-20,8.5,4.15,80.94,303.61,85.9,100.1,1.28,3.484
2021-04-21,12.26,6.86,146.65,313.12,75.7,99.8,4.44,2.176
2021-04-22,13.22,6.8,178.23,311.29,79.2,100.2,0,2.151
2021-04-23,12.25,8.57,114.35,324.68,78.5,99.2,0.73,2.57
2021-04-24,11.49,6.42,216.59,295.78,65.7,98.2,5.19,3.361
2021-04-25,11.93,5.46,194.01,290.79,61.8,98.7,0,1.783
2021-04-26,9.15,4.5,153.01,282.43,78.2,98.6,1.22,2.593
2021-04-27,10.1,3.78,99.58,297.28,84.2,98.4,9.67,1.724
2021-04-28,13.46,7.6,222.65,299.1,82.4,99.2,5.09,3.602
2021-04-29,16.09,7.74,201.49,317.17,80.6,101,0,2.333
2021-04-30,14.6,9.17,195.89,311.36,82.8,101.4,0,2.442
2021-05-01,15.08,8.58,233.36,296.22,80.2,101.4,0,1.941
2021-05-02,9.92,5.19,201.55,291.9,64,101.8,0,2.117
2021-05-03,11.05,4.54,187.32,295.89,63.8,102,0,0.925
2021-05-04,13.07,6.85,178.02,303.06,67.6,102,0,0.548
2021-05-05,13.33,7.68,179.63,304.08,72.2,101.2,0,2.347
2021-05-06,10.66,7.43,158.34,299.68,68.9,100.3,0,2.712
2021-05-07,10.87,4.82,222.51,283.13,66.9,100.5,0,1.159
2021-05-08,14.18,4.2,268.69,275.64,68.7,101.3,0,1.293
2021-05-09,16.39,6.71,239.09,293.36,70.8,101.1,0,0.666
2021-05-10,18.81,8.45,196.83,331.91,79.2,101.1,1.08,0.517
2021-05-11,16.14,7.68,174.36,315.16,83.6,101.1,1.39,0.292
2021-05-12,17.7,8.37,233.91,293.51,72.2,101,0,1.451
2021-05-13,18.6,7.43,303.82,270.9,69.5,101,0,0.431
2021-05-14,19.91,8.5,234.71,294.27,69.5,100.8,0,1.041
2021-05-15,18.7,6.47,213.77,305.48,73.4,100.6,3.18,0.648
2021-05-16,9.41,5.28,224.09,280.99,54.3,101.2,0,2.095
2021-05-17,10.52,4.8,142.43,297.73,73.9,100.6,2.46,1.29
2021-05-18,12.91,4.37,189.86,295.8,74.5,100.6,0,0.436
2021-05-19,15.61,9.26,265.38,298.62,70.9,100.5,0,2.434
2021-05-20,18.2,11.07,184.18,330.69,82,100,0,2.173
2021-05-21,20.7,8.92,211.06,323.33,75.1,99.5,0,0.983
2021-05-22,19.19,9.82,228.07,319.24,69.1,98.9,1.96,2.377
2021-05-23,12.46,8.34,227.81,287.82,62.5,99,3.24,5.5
2021-05-24,12.7,7.59,211.84,295.17,64.1,99.9,0,3.122
2021-05-25,11.16,6.19,159.65,308.43,71,100.7,0.83,2.205
2021-05-26,11.08,5.85,103.54,324.8,82.7,100.9,9.7,0.862
2021-05-27,14.83,9.44,114.88,348.88,91.7,100.6,7.24,2.23
2021-05-28,13.11,6.72,268.66,284.81,68.5,101.6,0,3.82
2021-05-29,14.88,6.34,281.58,289.73,68.6,101.8,0,3.014
2021-05-30,14.35,6.21,241.91,292.87,72.7,101.4,0,2.716
2021-05-31,15,6.07,243.6,292.44,71.7,100.9,0,2.131
2021-06-01,15.64,5.92,245.28,291.96,70.7,100.5,0,1.331
2021-06-02,17.13,7.04,264.1,293.94,67.9,99.6,0,1.478
2021-06-03,19.2,7.6,322.2,282.67,61,98.9,0,0.319
2021-06-04,19,9.42,215.92,319.33,67.4,99.1,0,0.888
2021-06-05,14.26,10.23,119.3,316.52,83,99.3,7.11,0.892
2021-06-06,16.67,8.66,222.87,310.56,74.2,99.6,2.86,1.727
2021-06-07,15.02,10.44,173.84,320.12,84,99.7,8.08,2.3
2021-06-08,19.82,11.45,218.41,325.66,72.3,100.7,0,2.591
2021-06-09,23.8,10.94,328.86,307.73,62.5,100.8,0,0.77
2021-06-10,24.4,13.34,246.35,333.83,71,100.1,1.17,0.194
2021-06-11,20.9,12.13,276.5,315.04,68.2,99.8,5.23,1.411
2021-06-12,21.03,11.02,282.46,306.59,71.8,99.8,0,2.205
2021-06-13,16.17,10.21,202.16,301.17,67.1,99.8,0,2.067
2021-06-14,15.78,8.64,218.06,293.94,66.2,100,0,1.846
2021-06-15,13.54,8.3,119.4,324.64,87.2,99,21.49,1.123
2021-06-16,15.98,9.35,241.79,314.65,71.3,100,1.3,1.123
2021-06-17,15.93,10.29,248.21,311.25,58.8,100.8,0,0.925
2021-06-18,17.9,9.19,320.44,292.69,71.9,100.7,0,1.091
2021-06-19,20.26,9.51,305.44,303.54,68.8,100.5,0,1.509
2021-06-20,20.32,11.73,237.42,343.82,80.5,100,0,1.538
2021-06-21,22.56,12.32,316.31,330.04,78.5,99.9,0,1.38
2021-06-22,23.19,14.21,240.43,351.33,79.9,99.9,0.84,0.771
2021-06-23,24.22,15.72,272.86,339.31,70.8,99.7,0,1.452
2021-06-24,22.28,15.6,307.76,328.02,66.2,99.7,1.67,1.319
2021-06-25,16.16,12.24,154.46,345.55,89.4,99.7,9.47,0.652
2021-06-26,20.8,10.44,254.57,318.68,78.4,99.7,1.8,1.188
2021-06-27,21.53,13.43,254.83,324.04,75.7,100,1.99,0.402
2021-06-28,23.55,14.13,296.21,340.63,74,100.1,0,0.924
2021-06-29,23.92,16.33,251.18,347.08,74.8,100.2,0,1.476
2021-06-30,28.11,15.95,299.59,351.3,69.2,99.8,0,1.378
2021-07-01,24.18,14.04,195.06,345.57,79.2,98.9,26.77,1.308
2021-07-02,18.37,12.69,315.3,294.05,64.5,99.3,0,3.066
2021-07-03,19.13,13.74,252.79,326.39,69.4,99.7,0,2.751
2021-07-04,18.87,12.17,337.99,288.34,64.1,100.1,0,2.4
2021-07-05,18.67,11.02,312.72,294.99,64.8,100.3,0,2.462
2021-07-06,19.31,10.27,301.81,295.58,66.5,100.6,0,1.101
2021-07-07,20.93,10.28,307.33,293.14,68.8,100.6,0,0.688
2021-07-08,23.74,10.87,281.45,321.87,69.5,100.1,0,1.305
2021-07-09,19.27,13.27,232.12,329.58,74.4,98.9,4.06,2.34
2021-07-10,19.39,11.55,215.63,324.07,79.2,98.3,5.44,0.435
2021-07-11,17.97,11.26,204,331.03,73.5,98.5,1.4,0.724
2021-07-12,19.87,10.93,210.16,327.82,71.3,98.6,0.99,0.442
2021-07-13,15.3,12.29,99.7,343.97,90.1,98.6,17.73,0.34
2021-07-14,17.64,11.81,182.27,336.38,79.4,99,1.79,0.65
2021-07-15,16.59,10.98,175.56,331.94,78.2,99.3,1.04,0.638
2021-07-16,17.87,10.24,279.45,298.56,69.2,99.5,0,0.469
2021-07-17,20.85,9.09,301.04,302.99,73.8,99.8,0,2.084
2021-07-18,22.33,13.37,287.85,318.7,67,100.1,0,1.883
2021-07-19,19.1,12.84,283.43,316.54,71.6,99.9,0,3.14
2021-07-20,18.46,12.46,289.02,302.25,67.1,99.1,0,3.371
2021-07-21,18.88,11.37,199.93,321.75,68.5,99.1,0,1.823
2021-07-22,19.38,11.79,255.74,310.36,66.1,99,0.87,2.348
2021-07-23,18.15,10.51,235.89,306.45,63.9,99.3,0.08,2.204
2021-07-24,18.68,10.36,229.9,308.96,69.3,99.6,0,2.024
2021-07-25,18.86,11.42,236.77,305.84,64.9,99.7,0,2.34
2021-07-26,18.03,11.81,195.59,327.07,74.2,99.5,0,2.885
2021-07-27,19.86,13.03,248.35,324.74,77.1,99,3.24,2.438
2021-07-28,20.19,13.77,177.54,339.05,76.8,98.8,0,1.525
2021-07-29,19.89,14.2,232.16,333.82,80,98.3,13.69,1.714
2021-07-30,18.06,13.01,248.59,317.86,76.1,98.8,0,4.106
2021-07-31,19.06,12.54,228.25,326.05,77.3,98.9,1.08,3.388
2021-08-01,20.05,12.07,208.2,334.05,78.4,99,2.01,2.68
2021-08-02,18.16,13.51,255.16,320.6,74.1,98.6,3.53,4.081
2021-08-03,17.9,12.57,202.39,320.71,74.5,98.8,0,3.428
2021-08-04,17.77,11.46,182.72,316.07,73.4,98.8,1.54,1.833
2021-08-05,16.74,11.3,175.86,321.68,79.7,99.3,6.32,1.676
2021-08-06,20.47,10.35,272.35,304.14,67.1,99.6,0,1.503
2021-08-07,18.9,12.13,283.15,289.85,62.2,99.8,0,1.955
2021-08-08,18.97,10.73,290.25,281.33,67.2,100,0,1.881
2021-08-09,21.21,10.77,248.94,304.23,68.7,99.7,0,0.789
2021-08-10,20.21,15.03,180.02,343.34,79.9,98.6,6.03,1.931
2021-08-11,19.48,12.41,220,325.04,78.4,98.7,3.37,1.984
2021-08-12,20.45,12.5,230.41,324.27,74.7,99.8,0,1.815
2021-08-13,22.71,13.75,202.16,343.76,80.8,99.5,6.52,1.553
2021-08-14,19.25,15.31,240.34,337.66,79.1,99.2,0.53,3.434
2021-08-15,18.61,14.31,247.99,309.71,67.1,99.1,0,5.656
2021-08-16,16.97,13.03,217.49,311.13,73,99.4,0,4.876
2021-08-17,18.08,11.59,254.36,292.86,62.5,100.4,0,2.75
2021-08-18,19.22,10.27,190.54,319.04,74.4,100.5,0,2.577
2021-08-19,18.44,13.91,223.22,328.01,72.8,100.3,0.97,3.087
2021-08-20,17.18,11.33,127.55,331.65,71.5,99.9,0,2.856
2021-08-21,16.56,10.05,185.79,307.13,75.5,98.9,0.93,3.302
2021-08-22,15.84,10.32,152.83,308.35,68.7,99.6,0,1.398
2021-08-23,15.37,8.09,174.48,296.9,63.7,100.2,0,0.943
2021-08-24,16.26,10.53,159.31,321.86,64.7,100.3,0,0.346
2021-08-25,17.66,11.11,163.16,315.26,64.1,100.5,0,1.126
2021-08-26,17.73,9.35,182.17,304.45,75.7,100.2,3.06,1.553
2021-08-27,15.3,7.94,193.25,285.95,65.2,100.8,0,0.678
2021-08-28,17.93,9.37,168.77,321.71,79.3,100.3,0,3.28
2021-08-29,18.99,12.34,195.05,330.11,69.8,100,0,2.185
2021-08-30,16.57,9.92,177.77,305.77,71.2,100.7,0,0.593
2021-08-31,15.78,9.17,189.97,297.31,72.3,100.9,0,0.973
2021-09-01,15,8.41,202.3,289.69,73.4,101.1,0,1.112
2021-09-02,16.72,9.68,159,315.98,71.4,101.5,0,1.11
2021-09-03,15.24,9.56,143.85,318.95,79.9,101.4,0,1.429
2021-09-04,17.24,9.35,164.66,309.22,74.7,101.2,0,1.259
2021-09-05,16.8,9.24,165.78,317.61,80.5,101.1,0,1.047
2021-09-06,19.26,10.29,203.56,300.28,75.6,101.1,0,1.367
2021-09-07,20.44,8.6,194.48,301.07,75.5,100.9,0,0.976
2021-09-08,19.66,12.55,180.82,318.99,74.8,100.6,1.06,1.611
2021-09-09,20.52,9.18,164.75,310.04,74.7,100.3,0,1.662
2021-09-10,17.31,10.87,178.49,301.68,71.2,99.8,0,3.266
2021-09-11,15.68,8.84,217.57,273.13,60.5,100.4,0,1.86
2021-09-12,16.11,10.51,176.95,303.66,60.5,100.7,0,1.01
2021-09-13,18.46,11.15,157.2,313.14,55.5,100,0,2.179
2021-09-14,21.32,10.42,130.01,345.82,76.6,98.9,4.71,1.082
2021-09-15,18.96,14.31,68.65,357.82,89.4,98.9,10.38,1.09
2021-09-16,17.2,11.61,177.76,302.11,69.9,99.4,2.14,1.947
2021-09-17,15.11,9.92,112.01,323.99,85.8,99.5,12.38,0.412
2021-09-18,15.31,7.81,175.15,274.83,73.8,100.3,0,0.647
2021-09-19,15.73,6.07,196.97,262.2,73.1,100.2,0,0.33
2021-09-20,19.02,6.69,168.78,297.8,77,100.7,0,0.991
2021-09-21,13.79,10.77,49.36,349.38,93.2,101,7.15,0.842
2021-09-22,14.03,9.5,118.06,327.23,88,101.1,2.03,1.731
2021-09-23,15.32,9.23,153.99,314.03,75.7,101.2,0,2.978
2021-09-24,15.24,10.1,99.61,335.64,74.7,101,0,3.395
2021-09-25,15.53,9.4,95.85,335.96,80.7,100.6,0,3.901
2021-09-26,18.59,11.67,69.21,364.36,91.3,100.5,2.1,2.685
2021-09-27,21.55,12.68,155.65,331.02,85.8,101,0,0.926
2021-09-28,17.62,14.71,41.5,369.68,94.5,101.1,10.73,1.541
2021-09-29,18.8,14.97,57.04,369.67,94.6,101.1,1.62,1.384
2021-09-30,21.26,13.93,124.03,338.67,86.8,101,0,1.482
2021-10-01,20.64,15.24,122.14,341.57,86.3,100.9,0,2.015
2021-10-02,18.09,14.11,123.31,340.75,83.1,100.6,0,2.342
2021-10-03,17.3,14.21,100.15,350.37,85.6,99.9,0,2.721
2021-10-04,14.79,9.31,125.41,307.71,68,99.6,2.23,2.55
2021-10-05,12.8,6.89,142.53,272.75,66.5,101.1,0,1.45
2021-10-06,15.29,8.51,103.6,310.34,82.5,101.4,0,1.861
2021-10-07,15.33,10.3,91.28,323.98,86,101.2,0,1.724
2021-10-08,15.35,9.51,111.47,326.75,87,100.9,0,2.009
2021-10-09,14.78,11.98,42.27,349.2,94.6,100.5,2.46,1.196
2021-10-10,13.83,7.98,91.95,302.13,85.6,100.4,2.36,0.506
2021-10-11,14.16,6.63,120.21,287.99,77.2,101,0,1.048
2021-10-12,14.81,9.85,92.5,312.14,87.5,100.7,0,2.167
2021-10-13,13.12,8.8,82.36,306.04,80.2,100,0,2.748
2021-10-14,15.15,8.66,80.83,326.62,87.9,99.5,1.28,3.508
2021-10-15,14.24,8.81,85.06,309.87,71.7,99.1,0,3.953
2021-10-16,11.47,7.11,69.38,316.36,63.4,100,0,1.622
2021-10-17,15.37,6.36,80.9,325.98,85.1,99.9,0,3.3
2021-10-18,15.71,13.53,53.66,358.41,85.3,99.7,0,4.496
2021-10-19,15.7,7.27,56.88,323.78,86.4,99.5,4.24,3.162
2021-10-20,7.64,2.16,107.16,239.4,62.7,100.7,0,1.743
2021-10-21,7.4,0.71,110.93,230.9,66.8,100.9,0,1.657
2021-10-22,6.65,-1.11,100.82,251.96,68.2,100.6,0,0.508
2021-10-23,6.95,3.22,29.32,319.48,87.2,99.4,11.55,2.538
2021-10-24,13.42,4.19,67.54,313.45,87.6,98.4,1.87,1.643
2021-10-25,13.3,9.55,73.79,320.42,86,98.9,6.11,0.834
2021-10-26,14.82,10.35,57.52,326.5,90.4,99.4,3.97,1.329
2021-10-27,13.55,11.25,26.89,349.43,97.1,98.9,10.8,2.064
2021-10-28,14.73,11.61,55.98,340.79,88.5,98.3,5.74,1.625
2021-10-29,17.13,12.14,47.74,346.65,87,98.1,3.7,3.365
2021-10-30,15.91,13.11,31.27,346.13,87,98.4,0,2.187
2021-10-31,15.4,12.93,29.48,352.1,92,98.5,7.25,2.744
2021-11-01,14.88,12.75,27.68,359.12,97,98.6,13.92,3.184
2021-11-02,13.46,9.68,25.97,346.7,97.3,99.4,1.14,2.781
2021-11-03,10.5,7.76,43.81,319.24,92.1,100.1,0,1.85
2021-11-04,10.24,7.14,10.15,340.6,96.6,98.8,11.63,2.878
2021-11-05,11.48,6.73,73.56,275.33,87.5,99,0,2.3
2021-11-06,13.36,6.73,33.85,319.68,89.8,99.3,0,1.227
2021-11-07,10.31,8.23,15.79,317.14,91.6,98.6,5.67,1.434
2021-11-08,12,8.86,40.16,328.9,91.9,98.9,7.61,1.721
2021-11-09,11.45,9.41,28.55,345.5,94.2,99.4,2.4,4.114
2021-11-10,11.6,9.2,32.95,336.73,96,99.3,4.88,3.43
2021-11-11,11.35,7.63,19.45,334.48,95.7,99.1,10.8,4.003
2021-11-12,11.32,9.6,5.03,354.89,97.8,98.5,49.04,4.141
2021-11-13,11.19,7.66,13.65,343.48,97.9,99,21.27,3.575
2021-11-14,9.43,7.29,23.04,337.19,96.5,99.4,5.92,4.273
2021-11-15,7.31,4.95,13.69,325.25,93.9,99.6,6.48,5.186
2021-11-16,6.74,4.85,22.45,323.31,97.9,99.6,6.32,3.549
2021-11-17,6.68,5.03,25.98,317.07,96.2,99.2,0.23,2.011
2021-11-18,7.35,4.41,29.5,307.03,96.1,98.8,0,0.179
2021-11-19,7.08,3.71,35.97,302.69,97,99.1,0,0.579
2021-11-20,6.56,3.54,18.9,320.62,100,99.8,0.97,1.422
2021-11-21,8.05,5.54,21.54,324.22,99.3,100.8,0,1.072
2021-11-22,7.33,5.02,20.86,320.73,98.4,100.9,0.87,0.972
2021-11-23,5.39,3.23,15.64,304.95,97.7,100.9,2.42,0.389
2021-11-24,4.59,1.46,32.85,287.77,91.8,100.6,0,0.321
2021-11-25,6.9,1.85,18.99,311.55,94.8,99.4,3.64,0.803
2021-11-26,10.15,5.4,20.91,317.56,87.9,96.7,19.9,1.909
2021-11-27,6.98,5.09,4.93,314.07,88.4,94.6,17.76,1.973
2021-11-28,8.82,5.75,22.95,313.59,79.6,94.4,3.97,3.846
2021-11-29,8.35,4.96,27.96,304.14,81.8,96.2,14.75,4.513
2021-11-30,7.12,4.26,39.09,286.46,86.6,97.1,5.64,1.709
2021-12-01,8.64,4.67,13.68,304.06,91.3,96.5,5.26,1.863
2021-12-02,7.95,4.76,23.6,298.63,86.7,96.3,6.23,3.563
2021-12-03,8.29,5.9,35.13,274.78,79.5,97.7,0,3.608
2021-12-04,11.19,5.02,34.13,302.89,86.2,97.5,6.23,2.231
2021-12-05,10.11,7.77,27.92,307.06,76.8,96.7,11.27,5.334
2021-12-06,8.23,4.6,28.54,291.16,82.5,97.8,4.73,4.22
2021-12-07,5.68,2.78,38.94,268.47,79.7,99.7,0,1.694
2021-12-08,10.93,5.06,9.92,316.31,78.7,98.2,7.92,3.345
2021-12-09,7.52,5.28,20.17,302.63,72.3,98.7,0.69,4.052
2021-12-10,9.39,6.29,22.21,317.8,86.7,99.2,4.61,3.741
2021-12-11,11.62,8.58,22.49,329.48,91.3,100.1,2.65,2.798
2021-12-12,12.98,11.3,16.88,337.92,90.9,100.2,1.78,3.24
2021-12-13,12.38,10.49,24.17,337.68,91.6,100.6,2.27,3.099
2021-12-14,10.52,9.08,18.36,330.82,91.1,100.6,0.12,1.854
2021-12-15,11.89,9.72,12.6,343.25,93.7,100.3,0,1.978
2021-12-16,12.5,10.36,14.78,344.1,86.6,99.5,0,2.381
2021-12-17,12.09,6.53,3.72,327.26,85.6,97,26.36,2.86
2021-12-18,7.86,5.98,20.41,290.9,81.1,96.4,2.47,4.447
2021-12-19,9.4,6.24,10.04,320.35,83,97.2,3.26,3.521
2021-12-20,7.17,5.36,20.34,291.58,86.2,95.8,0.1,3.217
2021-12-21,7.22,1.86,23,262.76,66.8,98.4,0,3.378
2021-12-22,9.41,1.3,13.49,308.67,95,98.8,1.74,0.965
2021-12-23,9.64,4.21,31.32,273.57,77.3,97.6,0,3.356
2021-12-24,7.04,4.33,29.74,270.13,76.1,98.6,1.22,4.155
2021-12-25,9.88,5.8,11.05,318.56,86,98.4,12.82,2.829
2021-12-26,8.36,5.77,22.39,299.74,79.2,100,0,2.378
2021-12-27,12.21,6.57,10.24,329.89,88.1,99.5,8.86,3.083
2021-12-28,8.96,4.63,22.29,290.71,69.5,99.5,2.08,4.675
2021-12-29,7,5.99,19.02,307.86,72.7,100,1.82,4.573
2021-12-30,10.93,4.15,25.96,296.29,80.7,99.1,11.94,4.815
2021-12-31,10.89,3.73,17.44,306.52,85.1,99.8,8.26,2.904
2022-01-01,10.86,3.3,9,321.91,89.5,100.5,4.57,0.999
2022-01-02,11.06,8.29,13.83,339.83,92,100.2,0,2.951
2022-01-03,8.46,5.66,19.16,316.39,95.2,100.1,0,1.152
2022-01-04,9.94,6.4,24.17,317.78,90.5,99.2,1.77,2.017
2022-01-05,7.73,5.25,32.69,292.02,84.3,99.6,1.76,2.845
2022-01-06,13.36,5.3,10.34,332.66,90.9,99.1,9.01,2.111
2022-01-07,12.13,6.33,19.78,320.07,78.1,99.3,0.71,2.757
2022-01-08,8.86,5.31,24.39,300.05,89.4,98.8,1.2,3.046
2022-01-09,7.08,2.76,36.51,266.11,82.2,100,0,1.659
2022-01-10,11.21,4.62,14.68,312.84,91.3,99.5,2.94,2.919
2022-01-11,8.94,5.61,35.65,277.39,69.2,99.8,0,3.95
2022-01-12,11.68,5.4,25.79,319.55,91.6,100.5,0,2.985
2022-01-13,12.75,9.74,27.98,323.91,89.3,100.2,0,4.625
2022-01-14,9.96,8.62,9.55,316.23,88.8,100.2,0,4.425
2022-01-15,11.54,8.19,34.36,304.35,85.8,99.7,0,3.359
2022-01-16,11.33,7.43,21.27,319.36,84.1,99,2.03,2.454
2022-01-17,12.82,7.52,24.76,318.53,77.2,98.5,3.35,3.012
2022-01-18,9.69,5.65,29.7,289.87,75.2,98.7,8.98,1.717
2022-01-19,9.96,4.49,21.35,308.81,76,97.4,7.26,3.56
2022-01-20,5.68,3.32,32.08,276.85,81.2,97.8,6.26,3.546
2022-01-21,5.95,1.82,44.72,253.92,77.3,99,0,2.067
2022-01-22,5.94,0.39,39.41,275.39,79.6,99.5,5.82,2.642
2022-01-23,7.29,3.4,43.29,279.93,76.5,97.8,9.87,2.878
2022-01-24,4.38,2.39,19.66,288.83,85.3,97.1,3.49,1.51
2022-01-25,6.93,2.45,50.01,257.49,72.9,98,0,4.018
2022-01-26,6.76,2.59,38.14,287.16,85.2,99.5,0,1.014
2022-01-27,8.65,3.91,15.73,314.31,90.5,98.7,5.42,1.975
2022-01-28,7.15,3.58,46.17,272.46,89.8,99.5,0,1.416
2022-01-29,7.5,4.57,15.37,316.54,91.4,98.8,8.64,0.62
2022-01-30,6.34,3.09,57,268,83.5,99.5,0,2.16
2022-01-31,4.55,2.15,23.11,300.84,88.8,99.7,5.57,1.734
2022-02-01,6.98,1.17,61.4,276.56,92.5,100.3,0,1.724
2022-02-02,6.75,2.91,35.59,306.31,88.2,100,0.1,3.684
2022-02-03,7.65,2.06,23.23,300.89,92.3,98.6,4.3,3.275
2022-02-04,7.28,4.16,27.76,327.11,99.4,99.1,2.28,2.285
2022-02-05,6.16,1.11,24.7,312.23,96.3,100,4.78,3.853
2022-02-06,3.55,0.15,51.16,287.18,87.3,100.1,0,1.804
2022-02-07,6.56,2.51,28.64,311.07,91.4,100,0,4.487
2022-02-08,3.75,1.57,52.23,288.62,77.8,100.7,0,2.497
2022-02-09,3.46,-0.18,51.63,282.66,77.5,100.9,0.99,1.837
2022-02-10,5.78,0.78,40.19,282.84,89.5,100.7,0.57,2.351
2022-02-11,6.23,0.26,39.59,281.86,96,100.2,0,0.92
2022-02-12,7.53,2.39,53.94,279.44,86,100.5,0,1.104
2022-02-13,9.4,3.92,60.57,300.87,90.7,100.5,0,1.744
2022-02-14,11.18,7.75,41.08,332.95,91.1,100.1,1.5,2.454
2022-02-15,10,2.59,74.32,278.48,80.5,100.2,0.84,2.099
2022-02-16,4.39,0.28,79.49,251.31,68.7,101.5,0,1.35
2022-02-17,4.96,-1.32,45.08,285.35,91.7,101.5,0,0.643
2022-02-18,10,3.08,58.84,297.05,89.6,101.3,0,2.388
2022-02-19,11.75,6.97,78.26,308.69,86.9,101.4,0,1.527
2022-02-20,7.89,4.73,81.66,296.25,88.4,101.4,0,1.299
2022-02-21,10.55,5.46,72.55,300.75,85.6,101,0,2.287
2022-02-22,8.87,5.41,73.06,297.42,88.1,100.5,0,2.386
2022-02-23,9.76,4.72,79.72,302.88,84.2,99.4,0.39,2.886
2022-02-24,6.8,1.17,77.83,259.87,79.5,100,0,2.11
2022-02-25,7.98,0.49,67.84,295.34,81.7,100.4,0,0.926
2022-02-26,7.93,4.38,102.06,294.3,80.4,99.3,0,1.444
2022-02-27,11.67,4.08,29.56,332.91,97.9,97.4,4.03,1.991
2022-02-28,11.63,6.26,47.22,306.12,83.1,97.2,2.17,1.883
2022-03-01,8.34,5.54,43.47,304.49,87.4,98.5,4.14,0.636
2022-03-02,6.46,3.49,53.25,303.61,89,97.7,14.71,1.328
2022-03-03,7.42,3.26,84.12,278.23,74,98,0,4.087
2022-03-04,8.96,4.89,65.92,297.21,87.6,97.9,3.41,3.134
2022-03-05,6.55,2.6,32.72,299.73,87.2,96.8,8.7,0.794
2022-03-06,8.4,2.48,103.77,277.84,80.9,97.5,2.43,2.414
2022-03-07,8.34,1.97,65.11,298.62,88.5,98.2,1.67,0.835
2022-03-08,9.14,5.09,114.07,293.23,75.9,97.7,4.73,4.112
2022-03-09,7.42,5.08,71.47,301.94,75.8,98.2,2.51,4.039
2022-03-10,9.79,5.68,121.25,288.61,61.9,100.7,0,2.241
2022-03-11,10.66,6.16,85.52,310.06,80.6,100.6,1.37,2.864
2022-03-12,8.93,5.18,100.2,300.98,77.4,99.5,1.52,4.398
2022-03-13,8.76,5.03,97.11,294.6,76,98.1,1.14,3.304
2022-03-14,6.61,2.17,84.23,286.08,67.5,98.4,0,1.422
2022-03-15,4.88,-1.49,115.6,233.81,60.1,98.6,0,1.311
2022-03-16,4.06,-2.02,120.8,260.06,61.8,98.2,0,1.781
2022-03-17,4.64,1.22,98.61,279.87,72.5,98.7,0.7,1.186
2022-03-18,5.97,0.51,61,289.85,74.8,98.9,0.32,1.466
2022-03-19,5.56,2.03,79.24,289.08,69.9,99.5,0,0.72
2022-03-20,7.86,1.43,83.4,293.05,83.7,99.1,2.23,1.342
2022-03-21,7.38,1.88,157.01,258.31,67.6,99.4,0,0.733
2022-03-22,7.12,0.75,131.69,259.95,72.2,99.6,0,0.5
2022-03-23,7.56,-0.58,127.69,265.42,72.5,99.8,0,1.006
2022-03-24,8.48,2.56,75.31,305.97,85,99.7,0,0.739
2022-03-25,12.15,4.46,115.06,315.74,89.2,99.9,0,0.694
2022-03-26,13.74,9.64,87.93,339.62,90,99.5,2.58,2.148
2022-03-27,11.11,4.61,102.8,318.37,79.2,98.6,3.54,4.421
2022-03-28,9.66,3.67,169.26,264.54,51.6,100.6,0,2.167
2022-03-29,7.36,3.31,105.42,290.01,77.6,101.4,0.1,0.801
2022-03-30,10.1,2.01,159.57,271.02,72.3,101.5,0,1.004
2022-03-31,12.67,5.44,161.33,309.99,82.1,101.1,0,3.023
2022-04-01,11.69,8.39,149.8,304.99,82.9,100.6,0,4.552
2022-04-02,10.18,6.45,140.73,295.96,70,100.6,0,2.589
2022-04-03,9.21,4.67,136.78,297.02,62.8,100.9,0,0.757
2022-04-04,12.02,5.14,130.45,309.25,83.7,100.1,0.21,2.208
2022-04-05,11.62,5.1,165.59,281,66.6,100,0,1.154
2022-04-06,9.89,4.59,118.52,295.76,76.6,100.6,1.04,1.16
2022-04-07,8.85,2.56,152.51,270.61,67.9,100.7,0,2.423
2022-04-08,6.7,2.68,111.69,295.95,71.4,100.5,1,3.648
2022-04-09,5.42,2.45,91.14,301.93,80.7,100.3,2.4,4.075
2022-04-10,5.79,1.24,115.32,290.89,77.4,100.2,2.32,3.49
2022-04-11,5.42,2.66,91.88,303.99,78,100.1,3.79,4.694
2022-04-12,6.31,2.74,99.01,298.65,74.1,100.2,0,4.243
2022-04-13,8.51,3.09,144.29,297.91,76.2,100.3,0,0.866
2022-04-14,7.28,4.3,117.85,305.35,83.6,100.6,1.31,0.813
2022-04-15,9.51,2.76,166.27,284.43,71,100.9,0,0.841
2022-04-16,8.3,3.77,142.36,290.1,70.3,100.6,0,0.863
2022-04-17,10.73,1.86,151.11,281.47,73.2,100.3,0,0.376
2022-04-18,10.46,5.76,131.61,311.85,77.9,99.8,0,0.604
2022-04-19,12.09,4.99,158.4,303.33,81.5,99.3,0.74,2.441
2022-04-20,11.32,5.71,130.96,312.66,63.6,98.9,0,3.135
2022-04-21,8.66,4.01,124.68,293.79,62,100.2,0,0.663
2022-04-22,10.78,4.74,135.13,309.3,80.8,99.7,1.24,2.369
2022-04-23,9.62,7.27,192.22,294.3,73.3,98.3,4.76,4.689
2022-04-24,10.67,5.08,175.29,293.37,67.2,99.1,0.86,2.106
2022-04-25,9.61,4.84,141.4,299.19,69.9,100.6,0,0.64
2022-04-26,9.89,3.06,183.33,277.95,72,101.1,0,0.977
2022-04-27,12.12,1.32,140.57,294.17,78.6,101.2,0.64,0.639
2022-04-28,15.65,8.18,170.92,323.03,71,101.3,0,1.314
2022-04-29,17.28,8.53,255.44,294.72,70.8,101.5,0,1.104
2022-04-30,14.83,6.48,204.3,299.89,82,101.4,0,1.619
2022-05-01,13.01,6.2,202.39,289.81,75.3,101,0,1.707
2022-05-02,15.88,5.35,185.23,301.67,80.3,100.9,7.01,0.525
2022-05-03,14.15,7.74,148.37,327.02,79.1,101,1.81,1.048
2022-05-04,14.92,8.75,148.57,324.7,80.3,99.9,0,4.362
2022-05-05,10.8,5.71,150.91,296.91,63.9,99.9,2.17,0.982
2022-05-06,8.52,3.68,165.84,281.3,52.3,100,0,1.147
2022-05-07,12.59,5.22,165.19,311,73.9,99.4,2.48,0.764
2022-05-08,13.41,4.7,164.17,300.76,81.6,99.5,6.81,0.44
2022-05-09,14.7,8.42,193.67,313.74,81.8,99.4,5.43,1.497
2022-05-10,13.62,6.67,159.01,317.59,83.7,100.2,0.58,1.37
2022-05-11,15.4,6.28,172.32,316.43,78.7,100.1,1.48,1.215
2022-05-12,11.37,5.28,210.67,288.48,67.2,99.9,0,1.411
2022-05-13,12.88,4.29,199.39,290.46,68.2,100,0,0.282
2022-05-14,12.21,7.26,163.56,309.7,72.2,99.6,1.52,1.305
2022-05-15,10.16,5.23,166.3,303.53,89.4,99.5,10.52,2.646
2022-05-16,10.14,7.72,50.03,339.06,95.4,99.5,32.32,3.686
2022-05-17,15.37,7.67,217.78,311.73,79.9,99.6,1.35,4.061
2022-05-18,13.76,5.69,263.95,284.75,76.6,99.6,0,2.026
2022-05-19,16.32,4.46,277.92,277.87,76.2,99.9,0,1.195
2022-05-20,17.99,6.99,298.92,281.71,74.5,100,0,2.37
2022-05-21,17.87,9.01,185.66,341.3,87.4,99.9,6.16,2.746
2022-05-22,15.23,10.95,154.1,345.57,92.2,99.7,9.62,1.268
2022-05-23,19.02,10.73,267.45,315.71,76.2,99.6,1.96,0.494
2022-05-24,16.95,10,169.5,341.72,92.3,99.3,10.88,1.859
2022-05-25,15.99,11.23,151.07,345.04,90.7,99.1,10.02,0.26
2022-05-26,17.87,10.46,289.34,296.2,69.8,99.8,0,2.515
2022-05-27,17.25,8.35,246.79,303.51,72.1,100.3,2.05,1.148
2022-05-28,15,10.33,125.62,347.75,92.2,99.7,9.89,2.586
2022-05-29,17.11,11.23,176.45,344.8,84,99.2,20.79,1.072
2022-05-30,15.43,10.93,173.17,329.11,83.9,98.5,5.62,1.541
2022-05-31,16.8,10.2,218.77,314.75,78.2,98.9,2.84,1.173
2022-06-01,18.16,9.46,265.48,300.45,72.5,99.3,0,0.77
2022-06-02,20.1,9.21,297.87,295.13,77.3,100.1,0,1.589
2022-06-03,20.55,11.39,215.44,334.93,79.5,100.1,0,2.323
2022-06-04,22.09,10.7,291.96,304.8,73,100.5,0,2.06
2022-06-05,23.13,10.16,331.12,297.72,69.6,100.8,0.19,0.511
2022-06-06,20.24,13.08,304.35,308.74,59.7,100.6,0,1.182
2022-06-07,16.24,10.31,265.06,293.28,62.9,100.3,0,0.793
2022-06-08,14.66,8.56,192.75,308.89,72.4,99.8,0,0.706
2022-06-09,17.86,7.39,279.94,286.25,69.4,99.5,0.81,0.133
2022-06-10,17.32,8.76,231.21,302.41,74.4,99.3,1.15,0.936
2022-06-11,14.6,10.6,139.13,337.32,90.9,99.5,9.2,2.226
2022-06-12,16.91,9.22,193.01,327.38,80.6,99.8,0,2.545
2022-06-13,17.89,7.58,287.9,288.6,74.9,100,0,2.342
2022-06-14,16.07,9.13,191.93,318.49,78.5,99.8,0,2.314
2022-06-15,17.03,10,282.18,297.86,76.5,99.8,0,1.058
2022-06-16,19.06,10.36,284.19,309.03,73.3,99.9,0,0.682
2022-06-17,16.78,10.27,261.5,306.21,77.1,99.2,1.1,3.031
2022-06-18,12.54,8.46,177.03,309.29,64.4,99.3,0,0.867
2022-06-19,14.41,8.15,204.34,308.08,59.7,99.7,0,2.166
2022-06-20,16.96,9.25,204.3,319.33,61,99.1,0,2.088
2022-06-21,15.25,10.43,107.38,340.8,84.3,98.5,9.45,0.985
2022-06-22,15.68,9.76,211.43,311.83,74.1,98.7,6.44,2.113
2022-06-23,16.7,9.12,280.83,299.98,68.6,99.8,0,2.696
2022-06-24,18.51,11.36,195.82,334.5,75.8,100.4,0,1.448
2022-06-25,21.82,13.11,235.91,336.27,65.1,100.5,0,1.125
2022-06-26,23.77,14.65,221.17,350.37,67.7,100,0,1.726
2022-06-27,21.49,14.9,190.42,360.11,82.5,99.3,7.25,1.503
2022-06-28,18.87,12.9,311.11,310.53,66.6,99.2,1.29,3.16
2022-06-29,16.97,12.87,236.79,321.8,72.7,99.6,0.5,3.179
2022-06-30,18.36,13.31,164.26,356.15,80.6,99.3,1.3,2.053
2022-07-01,19.99,12.79,287.09,321.65,72.4,99.2,1.91,2.507
2022-07-02,17.95,10.82,263.35,303.16,73.5,99.5,2.92,2.096
2022-07-03,16.48,10.95,221.19,310.25,76,99.8,0,2.914
2022-07-04,18.55,12.13,201.47,334.86,86.3,99.7,3.15,2.459
2022-07-05,19.49,13.93,230.06,334.11,80.7,99.5,4.06,1.728
2022-07-06,19.08,11.87,218.79,329.31,81.7,100.2,0.87,0.341
2022-07-07,22.25,10.9,319.37,307.06,74.2,100.7,0,1.815
2022-07-08,22.58,13.22,295.5,324.25,74.7,100.6,0,2.028
2022-07-09,22.24,15.46,316.58,325.82,72.9,100.3,0,2.566
2022-07-10,17.88,12.85,224.56,324.17,72,99.8,0,3.209
2022-07-11,18.52,11.3,249.97,306.61,69.6,99.7,0,2.78
2022-07-12,19.16,11.38,277.96,302.87,73.7,99.6,0,2.705
2022-07-13,18.43,12.93,290.96,307.55,72.2,99.1,0,2.91
2022-07-14,20.72,11.25,268.31,305.92,67.5,99.7,0,0.505
2022-07-15,23.72,11.77,317.63,306.56,63,99.9,0,0.489
2022-07-16,22.91,13.85,294.02,316.63,62.3,99.4,0,3.114
2022-07-17,22.18,13.23,186.99,350.49,76.7,99.2,0.97,3.257
2022-07-18,20.57,13.66,134.98,368.24,90.1,99,17.32,3.027
2022-07-19,19.68,13.97,184.75,339.15,81.4,98.8,7.41,1.414
2022-07-20,19.16,13.6,196.87,329.74,77.6,98.8,2.23,1.445
2022-07-21,18.87,14.19,239.76,335.43,83,99.1,6.58,2.639
2022-07-22,20.95,13.51,277.74,316.06,72.4,99.5,0,2.91
2022-07-23,18.77,12.43,251.83,306.79,70,99.3,0,2.903
2022-07-24,17.84,12.18,148.83,336.87,86.2,98.4,6.03,2.172
2022-07-25,20.86,13.78,237.8,346.08,83.1,98.2,7.97,1.069
2022-07-26,19.75,12.76,237.09,320.06,70.2,99.8,0.05,0.912
2022-07-27,19.72,13.38,187.04,342.77,80.9,99.8,2.31,2.533
2022-07-28,22.17,16.18,238.88,343.75,77.3,99.1,0.96,2.303
2022-07-29,18.33,14.78,89.45,358.86,93.8,98.7,18.38,1.548
2022-07-30,20.36,14.3,244.79,322.44,79,99.1,2.62,1.897
2022-07-31,19.79,13.81,234.3,326.64,80.6,99.4,5.52,1.018
2022-08-01,19.23,13.33,223.93,330.4,82.2,99.7,8.43,0.581
2022-08-02,20.66,12.16,269.86,306.18,73,100.5,0,0.645
2022-08-03,23.75,12.01,259.16,327.26,72.2,100.5,0,1.072
2022-08-04,24.38,15.01,236.94,334.66,70.5,100,0.43,0.397
2022-08-05,17.37,13.33,85.53,346.36,93.4,99.5,30.93,0.329
2022-08-06,18.66,12.68,179.45,332.35,86.8,99.4,6.58,0.886
2022-08-07,20,14.58,169,356.26,86.4,99.7,6.14,0.367
2022-08-08,20.73,13.79,239.03,330.32,87.3,100.2,5.14,1.286
2022-08-09,22.21,13.73,225.65,332.38,82,100.2,0,0.302
2022-08-10,24.3,14.75,273.11,323.15,63,99.9,0,1.955
2022-08-11,21.01,16.44,190.41,346.03,75.9,99.5,0,2.707
2022-08-12,20.81,13.39,222.97,320.38,73.2,99.2,1.06,2.48
2022-08-13,20.17,11.5,263.94,293.61,67.4,99.6,0,1.536
2022-08-14,19.04,12.16,207.42,308.63,70,99.7,0,1.886
2022-08-15,19.79,11.75,210.94,320.38,71.7,99.8,0,1.308
2022-08-16,18.29,13.65,88.77,362.41,88.7,99.3,6.51,0.968
2022-08-17,21.6,15.84,173.79,366.22,91.5,98.8,23.29,0.549
2022-08-18,19.88,15.63,134.44,368.68,93.2,98.2,36.91,1.679
2022-08-19,17.04,11.61,166.49,341.93,82.2,98.4,1.67,1.185
2022-08-20,15.65,10.42,209.91,302.33,67.1,99.6,0,1.094
2022-08-21,17.14,9.84,170.01,318.37,68.9,99.9,0,0.96
2022-08-22,14.54,12.13,83.81,352.76,90.6,99.1,13.83,1.799
2022-08-23,17.64,11.58,175.42,329.55,81.8,99.3,2.33,0.952
2022-08-24,19.35,12.13,195.88,333.11,78.7,98.8,1.81,1.36
2022-08-25,18.01,11.85,225.17,307.04,73.4,98.9,1.28,2.696
2022-08-26,18.41,10.4,215.45,301.67,73.3,99.9,0,1.84
2022-08-27,15.86,11.8,71.88,343.41,91.6,99.2,7.64,0.15
2022-08-28,18.74,10.9,196.07,309.28,73.4,99.4,0,1.465
2022-08-29,17.94,10.84,140.58,324.73,82.1,98.8,2.78,1.364
2022-08-30,14.36,11.09,92.52,343.12,92.5,98.6,17.2,0.609
2022-08-31,15.15,10.62,128.83,328.95,86.2,99.1,9.45,0.628
2022-09-01,15.93,10.15,165.86,314.64,79.9,99.6,1.71,0.686
2022-09-02,18.27,9.5,217.54,302.13,71,99.7,0,2.18
2022-09-03,19.58,14.13,194.07,327.97,79.7,99.4,0,2.222
2022-09-04,19.64,12.32,210.37,307.16,75,99.5,0,2.111
2022-09-05,16.27,11.86,41.39,346.11,92.7,99.6,10.38,0.462
2022-09-06,19.78,11.51,192.23,312.37,76.2,99.8,0,1.689
2022-09-07,17.24,9.6,183.32,298.16,73.8,100.2,0,2.226
2022-09-08,17.21,11.14,174.81,304.78,76,100.5,0,0.574
2022-09-09,16.54,10.37,156.24,309.82,79.6,100.3,0,0.496
2022-09-10,17.41,9.13,159.34,314.64,82.4,99.4,0,1.187
2022-09-11,17.61,9.76,146.5,309.92,79.6,98.9,0,1.111
2022-09-12,18.97,10.86,176.82,311.17,79.9,99,0,0.692
2022-09-13,18.55,12.62,188.78,317.74,79.1,98.5,9.32,1.71
2022-09-14,15.57,10.66,102.05,314.54,80.4,98,1.4,2.398
2022-09-15,17.26,10.86,153.4,318.87,81.6,98.8,1.32,1.307
2022-09-16,17.32,11.37,85.57,344.32,88.5,98.3,10.79,1.801
2022-09-17,13.75,10.43,133.2,302.94,70.1,97.8,0,5.166
2022-09-18,15.89,10.18,156.12,302.48,80.5,98.5,2.01,2.391
2022-09-19,16.06,9.7,147.49,295.96,77.2,99.1,0.7,2.145
2022-09-20,14.08,8.11,100.36,307.2,76.7,99.7,0,2.49
2022-09-21,13.67,10,165.4,301.53,77.6,97.9,5.66,4.733
2022-09-22,13.89,8.66,126.86,303.03,74.3,97.9,0.85,3.865
2022-09-23,12.97,6.3,122.25,283.68,76,98.6,0.05,2.34
2022-09-24,11.81,6.29,93.38,290.67,83.5,98.9,0,2.707
2022-09-25,12.51,6.66,100.15,303.04,77.2,99.3,9.78,1.187
2022-09-26,13.72,9.59,90.24,330.52,91.5,97.6,8.88,1.384
2022-09-27,14.44,10.07,100.67,333.61,95,98.2,7.8,1.707
2022-09-28,15.47,8.99,102.81,322.67,86.1,98.2,0,1.394
2022-09-29,14.83,8.32,139.2,297.21,75,98.7,0,1.655
2022-09-30,15.3,10.57,132.07,309.25,74.7,98.5,1.81,1.41
2022-10-01,14.74,11.2,75.63,329.3,88.3,98.2,4.36,1.45
2022-10-02,15.65,10.92,131.09,307.6,79.6,98.5,2.29,2.588
2022-10-03,14.16,9.65,122.76,303.39,76.8,98.5,0,1.966
2022-10-04,14.91,9.73,33.12,347.38,90.6,96.9,13.95,3.358
2022-10-05,14.04,9.58,83.81,322,85,96.9,5.06,2.275
2022-10-06,12,7.56,81.57,302.55,73.2,99.2,0,1.429
2022-10-07,11.9,6.76,113.57,295.14,75.2,100.5,0,0.468
2022-10-08,12.79,5.53,133.56,293.05,77.6,100.1,5.35,0.868
2022-10-09,14.01,9,103.69,316.74,87.2,99.5,0.97,1.245
2022-10-10,13.63,8.9,104.34,312.76,81.3,98.9,1.21,1.658
2022-10-11,13.46,7.78,73.12,311.35,80.1,98.7,0,1.687
2022-10-12,10.48,6.82,82.77,292.15,80.5,99.2,1.14,2.745
2022-10-13,13.8,7.84,93.44,316.29,84.3,98.2,3.39,3.33
2022-10-14,9.75,7.47,78.95,301.82,82.8,98,6.58,4.018
2022-10-15,10.11,6,74.27,312.3,87.2,97,24.96,1.873
2022-10-16,8.88,6.19,56.84,290.81,80.2,97.7,2.03,3.635
2022-10-17,8.93,6.44,52.19,292.68,87.8,98.2,1.62,2.219
2022-10-18,10.16,5.88,105.52,275.62,84.9,98.6,0,2.759
2022-10-19,8.74,5.93,59.62,281.11,89.4,98.9,1.44,2.223
2022-10-20,10.56,4.46,110.99,265.13,81.9,98.8,0,1.48
2022-10-21,11.57,5.71,47.33,330.85,96.5,97.9,18.22,2.353
2022-10-22,12.46,6.96,72.12,305.98,89.8,98.2,0,1.19
2022-10-23,8.88,7.08,8.75,335.09,95.4,97.6,34.09,0.867
2022-10-24,10.2,5.71,89.4,281.57,80.9,98.6,0,2.092
2022-10-25,9.97,3.68,98.78,266.93,81.5,99.6,0,0.554
2022-10-26,10.29,3.45,54.03,303.25,85.8,99.7,9.09,2.93
2022-10-27,10.35,8.33,32.92,343.74,95.9,99.8,7.71,1.909
2022-10-28,9.98,5.9,27.01,328.8,97.4,99.1,6.53,1.4
2022-10-29,8.38,5.42,44.48,300.73,93.3,98.9,2.46,0.863
2022-10-30,10.08,6.49,67.59,296.37,90.7,100,0,0.539
2022-10-31,9.6,5.81,58.17,299.39,87.1,100.3,0,0.456
2022-11-01,9.12,5.12,48.86,303.16,83.6,100.7,0,0.868
2022-11-02,9.09,5.94,42.56,322.1,90.4,100.4,0,1.987
2022-11-03,11.54,8.77,55.29,321.45,89.6,100,0,2.7
2022-11-04,10.41,7,42.7,316.17,88.5,100.1,0,1.323
2022-11-05,9.16,6.16,40.67,304.32,88.8,99.6,0,1.035
2022-11-06,9.76,5.84,25.78,331.14,97.8,98.6,6.27,1.919
2022-11-07,14.08,9.79,37.87,331.24,93.5,97.9,0.88,1.244
2022-11-08,12.75,9.86,36.16,329.32,93.6,97.7,1.64,1.191
2022-11-09,9.87,5.98,53.64,274.82,86.9,98.8,0,1.947
2022-11-10,12.11,6.23,50.15,305.12,86.9,97.9,2.14,2.306
2022-11-11,7.91,5.3,45.83,280.4,80.6,98.2,2.06,2.836
2022-11-12,9.48,4.56,54.64,265.4,89.4,99.2,0,2.558
2022-11-13,8.97,3.64,47.03,286.29,85.2,100.5,0,1.091
2022-11-14,9.08,4.53,37.25,315.5,97.7,101.3,0,0.606
2022-11-15,9.51,6.45,26.61,331.84,95.7,101.6,0,0.633
2022-11-16,11.72,7.01,31.86,320.84,98.1,101.6,0,0.94
2022-11-17,9.11,7.77,21.6,335.83,99.3,101.4,0.86,1.03
2022-11-18,9.83,7.27,27.98,329.22,96.4,101.2,0.72,2.569
2022-11-19,9.22,7.44,23.11,335.2,97.8,101.2,2.05,2.517
2022-11-20,8.32,6.51,20,332.8,98.7,100.8,2.05,2.077
2022-11-21,6.56,4.7,25.91,317.38,97,100,0.95,1.005
2022-11-22,6.98,1.63,34.68,300.03,96.4,99.7,5.97,0.144
2022-11-23,9.41,6.92,23.62,336.33,100,99.6,1.91,0.547
2022-11-24,9.37,7.06,6.73,343.89,100,99.9,15.33,1.294
2022-11-25,10.65,8.34,15.09,350.96,100,100.1,0.91,1.508
2022-11-26,9.28,5.5,13.06,319.03,95.2,100.3,1.46,3.741
2022-11-27,6.54,3.62,24.7,293.52,77.9,100.2,0,5.265
2022-11-28,5.22,0.76,32.35,266.14,92.1,99.8,0,1.763
2022-11-29,7.01,0.48,20.89,321.82,100,99.3,0,0.288
2022-11-30,7.19,5.27,26.73,312.21,95.4,99.4,1.84,1.21
2022-12-01,5.77,2.33,18.89,301.94,89.1,99.6,0.95,0.617
2022-12-02,3.6,0.23,33.88,250.67,75.6,99.6,0,1.165
2022-12-03,3.08,-0.96,37.72,237.97,77.5,99.9,0,1.62
2022-12-04,2.6,-1.27,39.22,244.06,77.2,100.3,0,1.635
2022-12-05,2.01,-2.89,36.61,259.03,97,101.3,0,0.533
2022-12-06,2.69,-2.11,18.72,283.02,91.9,101.6,0,1.173
2022-12-07,3.7,0.5,15.1,292.73,77.4,100.1,0.07,1.697
2022-12-08,8.27,3.76,32.81,282.45,92.1,98.6,1.48,2.566
2022-12-09,11.64,5.76,14.18,315.39,93.7,99.4,4.07,2.552
2022-12-10,13.1,10.82,21.87,343.09,87.8,98.7,5.95,4.414
2022-12-11,13.01,11.31,24.92,340.49,84.1,99.3,0,3.549
2022-12-12,11.51,6.75,23.05,319.59,92.8,99.8,0,1.481
2022-12-13,9.51,4.87,15.28,326.56,96.8,99.3,0,0.875
2022-12-14,12.48,9.36,9.05,342.85,90.1,99,2.75,1.585
2022-12-15,12.89,11.03,19.41,338.57,92,98.3,14.23,2.096
2022-12-16,11.16,8.93,29.83,303.59,91.1,98.4,0,2.018
2022-12-17,9.63,7.73,21.35,321.93,94.8,98.2,2.45,0.908
2022-12-18,8.73,2.95,26.12,280.65,95.3,98.6,0,0.826
2022-12-19,8.89,3.53,8.51,334.53,99.3,97.8,14.05,4.95
2022-12-20,8.96,7.44,7.58,343.56,99.9,97.2,13.02,3.891
2022-12-21,8.1,6.77,17.18,325.66,96.5,97.4,3.03,0.644
2022-12-22,7.74,4.58,20.31,315.34,93.1,99.8,1.18,0.807
2022-12-23,4.63,2.9,18.51,301.14,83.7,101.1,0,0.464
2022-12-24,8.86,4.14,15.55,299.83,90.3,100.4,0,1.69
2022-12-25,7.98,4.44,30.3,284.93,82.7,100.7,1.54,2.928
2022-12-26,6.46,1.4,26.38,276.28,88.7,99.7,12.25,1.236
2022-12-27,7.75,1.44,16.89,301.08,91,99.8,7.14,2.942
2022-12-28,9.44,5.39,15.58,310.82,80.6,98.1,8.11,4.893
2022-12-29,9.8,3.87,17.78,297.99,87,98.7,7.26,2.564
2022-12-30,8.48,3.3,32.85,280.15,70.8,98.3,0.93,4.892
2022-12-31,7.03,2.49,30.26,275.88,74.1,99.1,0,3.366
2023-01-01,5.59,1.68,27.68,270.45,77.4,99.9,0,1.844
2023-01-02,6.67,2.86,15.96,307.55,91.8,99.7,3.62,1.273
2023-01-03,6.11,4.14,28.14,286.71,92.4,100.3,0,1.179
2023-01-04,7.96,4.84,14.88,328.73,96,100.5,0.84,1.547
2023-01-05,5.83,4.58,19.67,317.49,96.5,100.1,0.61,1.584
2023-01-06,6.32,4.38,20.22,316.36,96.9,99.6,0.14,1.59
2023-01-07,7.43,4.75,11.91,330.61,96.5,98.2,2.76,4.088
2023-01-08,7.4,2.77,5.51,302.28,93.6,97.2,9.95,1.696
2023-01-09,7.07,2.62,14.47,312.03,95.6,97,8.97,5.285
2023-01-10,6.98,4.55,23.97,301.68,80.4,96.7,13.84,1.919
2023-01-11,4.64,2.02,4.68,281.53,89.3,97.5,7.64,1.036
2023-01-12,5.63,1.45,23.12,269.23,89.1,98,0,2.283
2023-01-13,7.12,0.58,23.68,286.25,92.6,98.3,9.98,1.154
2023-01-14,7.31,5.23,26.36,296.29,83.1,97.8,1.93,4.082
2023-01-15,10.38,3.82,11.23,305.42,81.4,97.7,8.59,3.963
2023-01-16,5.07,1.69,35.38,285.37,80.2,97.3,4.01,5.117
2023-01-17,6.57,3.58,45.65,262.43,77,97.3,0,3.932
2023-01-18,5.3,1.96,22.98,282.4,85.7,98,0.95,1.474
2023-01-19,4.04,1.86,26.25,286.85,76.2,99.7,0,1.215
2023-01-20,3.31,-1.33,27.49,265.11,83.4,100.2,0,0.325
2023-01-21,2.37,-0.54,17.33,297.56,93.3,98.9,4.08,4.299
2023-01-22,1.79,-3.67,28.38,272.95,97.1,97.4,7.57,0.743
2023-01-23,2.66,-6.99,35.36,262.92,99.6,97.6,4.68,1.604
2023-01-24,9.02,2.61,28.58,301.59,91.9,96,9.14,1.258
2023-01-25,4.72,1.98,15.7,293.89,89.5,95.8,2.09,1.297
2023-01-26,7.36,4.5,31.85,298.83,81.7,96,0,2.707
2023-01-27,10,5.75,28.5,310.37,87.2,96.5,10.46,1.786
2023-01-28,9.4,4.9,52.99,285.85,78.6,96,2.71,2.916
2023-01-29,8.09,5.93,38.66,297.78,84.5,96.2,2.02,2.902
2023-01-30,7.78,4.7,46.7,287.61,71.8,97.8,3.85,2.496
2023-01-31,11.43,5.64,48.75,319.11,80.4,96,12.98,3.447
2023-02-01,8.29,6.48,18.01,323.12,80.7,96.3,23.92,5.945
2023-02-02,6.64,4.46,41.12,289.06,75.5,99.2,1,4.651
2023-02-03,8.33,4.61,61.68,270.54,85.2,100.8,0,2.894
2023-02-04,6.79,4.76,35.22,308.46,80.3,100.1,1.15,1.712
2023-02-05,6.93,3.47,55.77,274.72,73.7,99.5,0.75,2.495
2023-02-06,8.91,1.33,50.79,286.45,82.4,99.6,2.19,1.539
2023-02-07,9.73,3.83,56.63,287.96,80.8,98.2,1.98,3.021
2023-02-08,5.39,1.76,56.64,263.86,83.6,99.1,0,2.598
2023-02-09,9.82,-0.02,38.13,296.55,83.6,99.4,6.92,1.783
2023-02-10,7.21,4.64,62.67,277.62,67.8,99.4,0,4.745
2023-02-11,5.79,3.1,44.34,298.35,82,98.9,4.54,3.806
2023-02-12,5.61,2.59,63.65,275.87,80.4,97.7,0.99,4.058
2023-02-13,6.05,2.03,67.13,282.76,82.8,97.5,0.62,1.481
2023-02-14,3.98,0.46,62.64,277.84,75.6,99.3,3.42,1.155
2023-02-15,4.04,-1.36,84.04,242.83,73.9,100.9,0,1.007
2023-02-16,4.52,-1.72,33.45,274.85,82.9,100.2,5.9,2.747
2023-02-17,5.93,3.48,69.23,274.8,78.9,100.3,0,3.197
2023-02-18,11.58,3.23,47.63,310.12,88.9,99.1,6.4,2.731
2023-02-19,6.34,4.25,66.66,291.05,76,98,1.06,4.42
2023-02-20,10.27,4.58,54.79,303.83,80.5,98.8,1.12,4.146
2023-02-21,9.92,4.99,64.83,298.94,75.1,98.5,2.63,4.684
2023-02-22,5.65,2.5,49.02,296.12,73,98.8,1.67,4.293
2023-02-23,7.43,2.33,89.31,286.16,79.5,99.3,7.18,4.085
2023-02-24,10.14,3.06,82.22,296.52,83,97.3,9,4.03
2023-02-25,5.7,1.92,61.66,290.96,78.4,98.7,5.98,0.659
2023-02-26,5.01,1.03,67.59,273.69,79.7,100.4,1.09,1.319
2023-02-27,5.37,0.89,68.42,288.27,76,100.7,1.7,4.224
2023-02-28,5.59,2.89,25.56,310.18,93,99.4,22.53,0.879
2023-03-01,8.38,1.59,123.83,279.01,80.7,100.2,0,0.373
2023-03-02,9.15,4.83,69.79,303.35,86.1,100.1,2.31,1.876
2023-03-03,7.88,3.46,95.25,279.95,75.1,100.3,0,1.711
2023-03-04,6.19,2.28,43.91,277.56,88.9,100.1,1.49,1.815
2023-03-05,8.39,2.1,115.29,271.71,75.2,100.3,0,2.762
2023-03-06,10.85,5.63,67.81,317.62,85.1,98.6,12.54,4.311
2023-03-07,10.92,6.26,116.64,288.73,65.2,98.7,2.43,5.105
2023-03-08,8.6,4.72,130.88,284.79,67.2,99.8,3.07,3.39
2023-03-09,9.6,5.18,133.84,283.56,70.5,99.4,2.58,3.771
2023-03-10,6.73,3.63,82.81,292.25,75,98.8,7.19,3.787
2023-03-11,6.63,3.24,112.97,282.16,68,99.1,3.33,5.13
2023-03-12,7.18,2.01,133.05,252.2,71.5,100,0,3.418
2023-03-13,8.66,0.16,131.49,263.78,73.3,100.7,0,0.741
2023-03-14,8.22,1.9,88.25,275.09,67.1,99.9,0,3.544
2023-03-15,11.79,4.39,64.75,324.17,86.3,98.6,1.63,1.106
2023-03-16,10.58,5.65,89.93,306.29,85.5,97.7,3.15,1.862
2023-03-17,7.5,3.58,102.98,298.11,80.6,97,6.61,2.564
2023-03-18,5.81,1.91,77.18,284.05,80.1,97.6,9.7,1.233
2023-03-19,8.75,4.34,82.36,300.1,91.7,96.5,2.75,0.408
2023-03-20,10.09,3.49,131.92,276.91,78.1,98.8,0,2.679
2023-03-21,13.42,2.57,82.46,309.01,90.6,99,5.61,0.938
2023-03-22,10.53,5.61,38.3,314.7,84.8,98.4,9.89,2.056
2023-03-23,11.44,3.89,157.28,273.22,66.9,99,0,1.577
2023-03-24,13.13,6.02,62.73,328.54,86.8,98.2,5.96,2.1
2023-03-25,13.39,7.47,141.72,292.31,71.6,99.1,0,2.807
2023-03-26,13.35,7.59,121.85,313.83,83.4,99.8,0,0.685
2023-03-27,17.95,8.95,123.24,324.46,84.8,99.8,0,0.775
2023-03-28,17.13,6.85,200.48,284.12,76.4,100,0,1.196
2023-03-29,14.34,9.09,171.55,297.06,77.3,100.3,0,2.634
2023-03-30,15.92,6.94,202.03,276.12,73.8,101,0,1.326
2023-03-31,16.27,5.84,212.6,273.75,74.7,101,0,0.603
2023-04-01,15.17,7.59,113.71,326.39,82,100.3,0,1.115
2023-04-02,14.42,8.19,149.22,308.6,70,99.8,0.5,1.092
2023-04-03,10.34,6.75,85.21,320.65,80.4,99.5,1.77,1.965
2023-04-04,14.32,7.21,99.94,322.22,77.6,99.5,0,2.623
2023-04-05,13.37,5.86,84.85,302.03,83.9,99.1,12.25,3.006
2023-04-06,11.89,4.36,124.78,294.7,75.8,99,0.93,1.308
2023-04-07,10.26,5.87,99.64,313.61,88.3,99.6,2.75,3.358
2023-04-08,7.1,3.11,88.37,310.67,85,100,5.29,4.818
2023-04-09,6.93,1.87,93.73,296.24,78.6,99.4,0.98,2.861
2023-04-10,7.35,-0.11,72.12,288.53,91.3,98.7,7.65,0.859
2023-04-11,12.12,5.41,147.08,291.19,73.3,100,0,2.264
2023-04-12,12.91,5.2,149.25,298.02,78.5,100.8,0,1.2
2023-04-13,9.87,2.42,175.73,272.36,79.1,100.7,0,2.355
2023-04-14,9.5,4.58,107.86,310.67,87.3,100.5,4.13,1.667
2023-04-15,12.11,5.42,168.88,303.31,72,100.3,0,0.555
2023-04-16,12.84,6.75,171.74,300.69,64.7,100,0,0.829
2023-04-17,12.99,5.95,166.94,304.2,69,99.5,1.25,2.136
2023-04-18,11.8,6.02,162.32,297.41,76,99.3,5.54,2.186
2023-04-19,14.27,4.6,262.56,262.13,65,99.9,0,1.46
2023-04-20,14.5,8.79,123.11,335.29,89.6,99.9,1.46,1.5
2023-04-21,12.14,9.67,78.95,344.75,94.1,99.6,11.99,1.366
2023-04-22,14.12,9.21,101.45,340.64,93.2,98.8,8.78,2.667
2023-04-23,12.54,8.04,101.96,314.97,93,98.8,4.92,0.481
2023-04-24,15.28,8.23,192.01,304,85.1,99.3,1.27,0.449
2023-04-25,12.57,8.24,122.91,334.12,88.2,99.3,0.95,2.737
2023-04-26,11.28,7.41,109.31,331.64,90.2,99.5,1.85,2.19
2023-04-27,12.04,5.6,157.39,306.66,78.5,98.9,1,0.608
2023-04-28,9.57,2.62,145.71,275.95,75.4,98.6,1.96,1.058
2023-04-29,7.3,1.88,188.15,250.9,55.6,99.2,0,2.536
2023-04-30,8.4,0.77,189.84,255.79,55.6,99.6,0,2.624
2023-05-01,10.72,1.59,226.02,257.67,56.4,100.4,0,0.73
2023-05-02,11.3,4.56,108.37,313.57,73.4,101,0.03,1.658
2023-05-03,14.88,7.46,173.31,320.22,68.3,101,3.06,1.332
2023-05-04,21.79,9.09,226.57,327.72,70.4,100.6,0.64,2.572
2023-05-05,16.14,9.2,213.01,297.54,65.4,100.8,0,2.361
2023-05-06,17.91,7.05,273.71,284.35,58.9,100.8,0,0.889
2023-05-07,23.25,9.86,223.25,330.84,76.8,99.3,0,1.378
2023-05-08,14.17,8.48,199.05,290.13,74.3,99.2,1.08,1.617
2023-05-09,17.53,8.15,209.04,306.52,66.3,99.3,0,2.025
2023-05-10,19.73,10.02,254.96,310.65,68.7,98.6,0,1.476
2023-05-11,20.2,12.65,137.59,359.42,86.2,97.6,27.87,3.292
2023-05-12,19.75,11.65,135.18,358.82,91,98,6.77,2.001
2023-05-13,12.48,7.68,136.5,316.04,77.7,98.9,0.03,4.975
2023-05-14,12.71,7.77,220.79,301.05,70.9,99.8,0,5.591
2023-05-15,10.75,6.87,134.21,312.13,74.9,100,0,3.078
2023-05-16,12.96,6.18,167.7,301.28,76,99.7,0,1.709
2023-05-17,12.25,6.22,131.11,317.68,83.8,99.9,1.01,2.285
2023-05-18,14.87,7.52,184.89,308.64,74.9,100.4,0,3.962
2023-05-19,13.02,6.03,230.2,287.84,65.1,100.8,0,5.033
2023-05-20,14.61,6.92,293.9,277.86,62,100.8,0,4.486
2023-05-21,16.77,6.47,338.49,260.34,68.1,101,0,1.361
2023-05-22,15.97,6.34,284.12,277.63,71,100.9,0,1.654
2023-05-23,16.64,6.44,270.58,292.92,73.1,100.6,0,1.2
2023-05-24,18.02,8.58,274.18,294.41,59.6,100.7,0,1.828
2023-05-25,19.4,8.51,276.64,290.14,66.1,100.7,0.26,0.193
2023-05-26,21.22,10.05,247.4,309.51,69.6,100.9,0.22,0.959
2023-05-27,21.54,12.52,247.37,320.95,70.6,101.1,0,0.756
2023-05-28,20.03,12.18,230.08,332.76,78.2,101.3,0,1.535
2023-05-29,17.06,8.8,333.87,276.88,70,101.5,0,2.037
2023-05-30,19.06,7.96,326.39,285.84,75.4,101.5,0,2.189
2023-05-31,17.56,8.6,291.09,301.41,78,101.2,0,2.314
2023-06-01,16.06,9.24,256.42,317.17,80.6,100.9,0,1.989
2023-06-02,19.61,9.03,277.82,308.6,77,100.5,0,2.556
2023-06-03,18.82,9.13,264.08,304.48,67.8,100.4,0,2.725
2023-06-04,20.17,7.89,347.42,269.53,66.9,100.4,0,0.96
2023-06-05,21.56,9.57,304.11,289.78,62,100,0,0.774
2023-06-06,19.16,10.21,229.96,313.3,75,99.4,4.79,1.348
2023-06-07,16.07,9.72,144.02,326.26,74.7,98.7,1.58,0.791
2023-06-08,15.32,10.06,189.51,326.83,85.2,98.2,8.63,2.152
2023-06-09,15.5,9.48,172,329.38,81.8,98.3,6.07,0.541
2023-06-10,10.68,7.62,121.15,310.04,91,99,6.08,0.446
2023-06-11,13.35,6.67,165.14,306.05,69.1,100,0,0.563
2023-06-12,16.44,10.01,189.11,327.87,73.3,100.3,0.56,1.99
2023-06-13,18.82,12.03,184.49,343.05,78.6,100.5,1.15,1.908
2023-06-14,21.38,12.67,297.36,314.43,70.1,100.9,0,1.872
2023-06-15,22.17,12.66,257.78,326.83,72.7,101,0,0.789
2023-06-16,23.95,12.53,293.42,318.35,74,100.8,0,1.174
2023-06-17,26.63,13.5,306.08,324.01,67,100.9,0,0.578
2023-06-18,24.99,16.54,337.53,325.38,61.6,100.9,0,2.311
2023-06-19,20.96,13.71,204.93,346.2,82.5,100.7,2.2,2.487
2023-06-20,18.8,12.65,167.19,347.58,81.2,100.7,2.68,1.762
2023-06-21,20,11.76,218.41,328.36,72,100.8,0,1.284
2023-06-22,20.59,14.62,332.87,308.15,71.2,100.5,0,4.317
2023-06-23,20.88,13.53,331.02,304.08,63.4,100.7,0,2.061
2023-06-24,22.9,10.62,331.4,290.37,69.6,101.1,0,0.838
2023-06-25,21.92,13.95,319,312.14,71.4,100.6,0,2.612
2023-06-26,21.98,13.57,303.57,317.7,65.4,100.4,0,0.781
2023-06-27,24.36,13.41,347.56,301.17,63.6,100.7,0,0.46
2023-06-28,25.3,13.67,332.15,306.95,67,100.9,0,1.543
2023-06-29,27.18,14.09,316.29,320.12,60.3,100.9,0,1.044
2023-06-30,28.16,16.38,325.11,325.21,58.6,100.9,0,1.407
2023-07-01,29.22,15.18,351.36,316.79,58.6,100.7,0,1.71
2023-07-02,30.4,14.74,323.76,323.69,51.8,100.5,0,0.271
2023-07-03,29.72,17.25,321.88,336.06,56.6,100.6,2.19,0.577
2023-07-04,28.64,15.88,296.39,335.1,73.9,100.8,0,0.765
2023-07-05,29.02,14.52,325.19,325.01,69.2,100.5,0,0.831
2023-07-06,28.46,15.45,296.89,339.1,70.1,100.5,0,2.017
2023-07-07,32.56,15.28,341.86,330.01,58.3,100.2,0,0.827
2023-07-08,31.43,20.27,251.49,365.7,58.4,99.7,4.7,0.693
2023-07-09,24.27,14.69,259.25,343.02,76.6,99.6,1.6,0.597
2023-07-10,20.16,12.88,268.35,311.9,56.6,100.4,0,0.526
2023-07-11,21.44,12.78,218.33,324.81,62,100.4,0,0.798
2023-07-12,23.68,14.19,197.05,349.59,67.8,100.7,0,0.406
2023-07-13,26.26,15.5,266.83,335.65,64,101,0,1.088
2023-07-14,26.61,16.43,316.06,319.71,58.8,100.8,0,0.72
2023-07-15,27.55,15.23,306.21,320.19,63.7,100.2,0,1.633
2023-07-16,25.87,14.43,266.03,336.7,71.5,99.8,0,2.747
2023-07-17,23.54,13.51,264.79,325.06,66.1,99.9,0,2.543
2023-07-18,22.55,11.88,200.96,347.52,78.2,99.8,1.79,3.676
2023-07-19,19.88,13.66,152.69,361.36,82.3,99.4,2.98,3.338
2023-07-20,20.9,12.71,241.02,322.42,67.9,99.6,0,0.896
2023-07-21,22.71,12.84,205.75,334.67,71.3,100,0.88,1.244
2023-07-22,23.82,14.68,240.25,331.12,70.8,99.6,1.1,1.701
2023-07-23,20.66,14.97,225.81,334.59,77.1,98.5,2.49,2.562
2023-07-24,18.08,13.41,164.4,346.34,88,97.9,11.91,0.732
2023-07-25,17.12,13.19,179.05,344.02,80.8,98.7,1.83,1.138
2023-07-26,18.53,12.2,210.85,312.45,68.3,99.5,0,1.029
2023-07-27,22.81,11.26,315.5,290.84,61.9,100,0,0.379
2023-07-28,23.75,14.32,226.31,331.91,68.9,100.2,0,0.179
2023-07-29,25.29,13.43,265.8,328.13,72.7,100.3,0.54,1.035
2023-07-30,24.68,15.69,248.99,334.73,65.3,100.5,0,1.692
2023-07-31,25.62,15.43,258.78,330.73,66,100.6,0,1.746
2023-08-01,26.57,15.17,268.66,326.57,66.7,100.8,0,1.806
2023-08-02,25.08,14.02,287.46,313.36,70.2,100.9,0,2.198
2023-08-03,23.85,13.19,236.2,325.69,74.8,100.8,0,1.756
2023-08-04,23.54,13.69,242.45,327.74,72.3,100.5,0,1.164
2023-08-05,24.95,12.8,274.76,311.17,67.5,100.4,0.13,1.042
2023-08-06,24.75,13.4,249.51,327.47,70.3,100.5,4.22,0.834
2023-08-07,23.1,15.12,218.22,338.02,73.9,100.9,1.17,1.117
2023-08-08,23.99,14.86,229.85,326.01,63.3,100.8,0,1.781
2023-08-09,24.25,15.85,197.95,346.02,69.4,100.6,0.74,1.163
2023-08-10,24.64,15.09,187.94,355.78,75.1,100.3,0.95,2.051
2023-08-11,24.15,16.28,206.57,357.99,76.9,99.9,2.75,2.362
2023-08-12,18.88,13.87,107.95,365.99,87.9,100.2,3.71,2.32
2023-08-13,23.51,12.87,243.98,318.43,67.9,100.5,0,0.211
2023-08-14,25.45,13.07,250.44,316.16,63.8,100.2,0,1.459
2023-08-15,22.26,15.71,198.98,343.26,79.3,99.7,8.94,1.474
2023-08-16,20.83,14.32,122.55,361.39,91.9,99.7,31.26,2.434
2023-08-17,23.22,14.74,212.23,339.4,77.7,99.7,1.15,0.813
2023-08-18,19.64,14.59,156.82,336,84.9,99.6,3.85,1.604
2023-08-19,24.83,15.16,231.7,340.4,77.7,99.9,0,1.746
2023-08-20,24.8,17.61,160.09,362.86,76.2,100,0.41,2.416
2023-08-21,24.78,15.16,203.07,343.66,70,100.2,0.62,0.604
2023-08-22,22.66,15.66,192.01,338.3,69.6,100,2.79,1.204
2023-08-23,22.33,14.55,221.69,320.18,69.6,100.2,0,2.362
2023-08-24,24.07,14.53,132.97,357.41,79.1,99.3,2.84,2.002
2023-08-25,18.95,13.63,217.6,310.89,71.4,98.7,1.02,4.238
2023-08-26,18.22,12.5,212.57,305.73,72.6,99.3,0.79,3.96
2023-08-27,18.29,10.08,216.08,297.21,68,99.6,0,2.274
2023-08-28,21.65,10.5,197.63,317.94,66.5,98.9,0,1.249
2023-08-29,22.56,12.07,155.8,333.59,78.1,98.7,2.37,0.125
2023-08-30,18.72,10.82,123.28,321.71,75.8,99.2,1.43,1.133
2023-08-31,18.84,10.75,119.39,324.36,79.3,99,2.29,1.184
2023-09-01,18.96,10.67,115.5,327.02,82.9,98.8,3.16,1.393
2023-09-02,17.24,13.74,212.42,302.62,63.8,98.9,0.89,4.283
2023-09-03,14.46,11.51,63.82,326.24,84.9,98.7,6.49,2.006
2023-09-04,17.05,10.61,196.36,294.4,72.2,99.7,0,2.992
2023-09-05,20.49,11.68,146.39,327.29,76.6,99.4,1.64,2.081
2023-09-06,18.17,10.99,192.59,309.32,70.2,100.3,0,2.24
2023-09-07,19.01,12.55,160.69,329.58,79.6,100.4,0,2.154
2023-09-08,18.09,12.07,189.65,311.21,73,100.7,0,1.566
2023-09-09,19.76,11.34,174.12,311.13,80.6,100.7,0,1.877
2023-09-10,21.89,11.12,220.34,294.32,77.2,100.4,0,1.2
2023-09-11,21.89,12.05,167.62,316.77,77.3,100.2,0,1.797
2023-09-12,17.7,11.53,123.69,330.83,79.4,99.8,0,2.635
2023-09-13,20.93,15.41,182.55,336.99,78.8,99.8,0,3.151
2023-09-14,20.21,11.02,200.71,292.02,66.1,100.4,0,2.518
2023-09-15,18.26,8.15,200.2,278.34,71.3,100.8,0,1.064
2023-09-16,21.11,8.32,167.51,312.62,76.4,100.3,0,0.922
2023-09-17,19.68,11.84,152.06,313.63,71,100.1,0.96,1.545
2023-09-18,17.8,9.71,132.19,304.28,70.7,100.6,0,1.396
2023-09-19,18.7,10.03,166.79,308.3,72.4,100.5,0,1.37
2023-09-20,17.14,10.27,129.12,325.01,71.8,100.4,1.19,0.149
2023-09-21,15,10.06,92.9,333.12,76.5,100.5,5.59,1.05
2023-09-22,20.95,12.37,112.04,358.81,89.8,99.8,1.21,2.301
2023-09-23,20.3,12.66,174.99,317.21,80.7,100.4,0,2.093
2023-09-24,19.07,14.19,121.53,331.11,83.4,100.5,0,2.44
2023-09-25,18.2,11.06,137.66,309.99,71.3,100.4,0,2.342
2023-09-26,16.29,9.9,125.74,323.51,74.2,100.2,0,2.431
2023-09-27,16.69,13.59,115.03,335.56,82.3,99.4,0,4.056
2023-09-28,18.29,14.28,112.34,342.81,80.7,99.2,0,1.641
2023-09-29,22.53,13.37,118.76,342.56,75,97.7,0.81,1.642
2023-09-30,14.54,10.08,127.53,291.19,68.4,98,1.44,2.412
2023-10-01,17.37,9.25,134.26,309.77,69.1,98.2,0.76,2.05
2023-10-02,15.1,9.67,123.25,298.91,71.3,97.6,0.54,1.943
2023-10-03,14.37,7.64,116.79,284.92,76.8,98.1,0.11,1.352
2023-10-04,13.45,7.96,81.66,303.43,78.6,97.7,7.25,2.701
2023-10-05,12.94,8.94,107.08,309.08,79.7,97.5,11.44,2.435
2023-10-06,18.52,9.19,88.07,329.71,83.1,98.1,0.84,1.529
2023-10-07,14.2,9.62,101.32,290.46,72,98.5,0,3.347
2023-10-08,13.53,8.48,133.02,273.63,73.5,99.4,0,3.124
2023-10-09,11.52,7.08,28.62,323.39,90,98.7,48.93,1.368
2023-10-10,12.69,6.57,100.09,282.49,77.1,99.7,0,1.378
2023-10-11,8.71,5.69,82.46,286.35,82.7,100.6,1.15,0.878
2023-10-12,9.26,4.56,90.54,277.73,80.8,100.8,0,0.789
2023-10-13,11.35,4.17,116.08,274.62,67.5,101,0,0.794
2023-10-14,11.75,5.31,103.87,282.41,85.9,100.9,0.32,0.704
2023-10-15,10.71,4.56,117.87,270.77,76.4,100.3,0,0.11
2023-10-16,13.31,3.24,101.95,290.75,75.6,99.8,0,0.693
2023-10-17,11.88,6.25,49.31,326.58,91.4,99,1.15,0.955
2023-10-18,14.99,11.88,55.72,356.61,96,99.6,2.05,1.216
2023-10-19,14.91,11.2,66.04,345.67,90.2,100,0,0.624
2023-10-20,11.5,5.96,64.7,300.77,80.3,100.5,0,1.377
2023-10-21,13.91,6.51,84.37,293.82,83.6,99.8,0,2.839
2023-10-22,11.03,3.12,93.82,262.8,61.9,99.4,0,2.558
2023-10-23,7.5,1.38,105.31,238.65,63.9,100.6,0,1.729
2023-10-24,8.1,2,51.76,277.88,76.2,101.3,0,1.484
2023-10-25,11.8,5.22,84.32,280.13,76.2,101.3,0,2.497
2023-10-26,12.49,8.64,54.83,320.08,88.6,101,0,3.292
2023-10-27,12.29,8.08,75.53,302.63,73.6,100.4,0,2.805
2023-10-28,9.09,5.2,58.73,295.37,66.1,101.2,0,0.937
2023-10-29,10.81,4.27,38.67,300.78,87.9,101.1,0,1.721
2023-10-30,12.68,9.63,63.6,318.48,89,100.6,0,2.49
2023-10-31,13.15,9.19,47.57,330.14,91.7,100.5,0.83,1.386
2023-11-01,13.62,8.76,31.72,342.39,94.5,100.4,1.6,0.278
2023-11-02,10.05,5.55,48.98,306.97,84.4,101.3,0,1.939
2023-11-03,8.24,6.3,38.33,316.05,86.8,101.9,0,0.358
2023-11-04,6.96,4.55,44.3,306.9,84.2,101.9,0,0.311
2023-11-05,6.05,2.53,58.15,273.02,88.5,101.4,0,1.276
2023-11-06,7.22,4.66,28.93,310.19,82,100.6,0.47,1.18
2023-11-07,8.92,3.98,53.1,294.71,80.2,99.8,0.57,1.238
2023-11-08,8.15,5.88,30.98,311.14,92.8,100,4.19,2.126
2023-11-09,7.23,5.27,29.25,308.62,91,100.2,2.37,1.548
2023-11-10,7.49,3.96,32.75,298.24,95,99.6,2.64,0.261
2023-11-11,6.29,3.57,23.98,305.24,96.1,99.4,1.87,0.454
2023-11-12,6.92,2.39,51.82,272.05,81.4,98.7,0,0.909
2023-11-13,7.76,2.21,36.75,299.47,82.4,97.8,0,3.986
2023-11-14,5.51,4,26.52,308.98,74.1,98.5,0,4.788
2023-11-15,7.63,4.43,38.32,304.33,75.6,98.9,0,4.447
2023-11-16,6.8,3.92,24.46,310.62,86.8,98.9,0,1.188
2023-11-17,4.7,2.74,21.91,303.88,96.7,98.5,2.37,0.618
2023-11-18,5.56,2.33,21.16,300.34,98.4,98.2,0,0.158
2023-11-19,7.02,1.56,23.21,299.43,95.4,98.4,2.88,1.133
2023-11-20,8.46,3.67,45.69,290.41,95.8,99.7,0.71,1.071
2023-11-21,7.83,4.15,27.59,311.64,98.5,100.4,1.1,0.208
2023-11-22,6.93,2.72,29.4,301.19,94.8,100.2,0,0.688
2023-11-23,9.16,4.25,43.17,286.59,89,99.3,0.05,2.419
2023-11-24,8.65,3.17,38.96,273.57,85.3,98.9,0,2.629
2023-11-25,6.64,3.42,20.61,308.03,86.5,99.2,0.97,2.051
2023-11-26,6.01,3.61,14.13,313.42,92.7,99.1,1.48,1.766
2023-11-27,5.53,1.23,39.92,261.82,87.2,99.5,0,0.501
2023-11-28,3.87,0.75,45.93,239.23,70,100.5,0,1.906
2023-11-29,4.61,0.71,45.13,244.86,74.6,101.4,0,1.13
2023-11-30,5.64,1.88,19.59,301.2,85.3,101.8,0,0.541
2023-12-01,3.6,0.63,31.15,273.9,88.4,101.8,0,0.466
2023-12-02,3.67,-1.06,36.9,262.94,91.8,102,0,0.88
2023-12-03,5.76,1.12,17.92,313.16,92.5,102,0.57,1.763
2023-12-04,5.04,3.39,20.85,312.08,96.3,101.4,0,2.933
2023-12-05,3.29,-1.91,26.5,266.47,99.2,100.6,0,1.181
2023-12-06,7.8,-0.76,16.23,319.01,100,99,9.6,3.498
2023-12-07,9.29,7.32,25.3,317.99,94.5,96.9,13.76,1.152
2023-12-08,8.58,5.98,33.18,293.99,89,97.6,1.6,2.231
2023-12-09,7.24,5.15,35.8,284.98,89.7,97,0.07,2.266
2023-12-10,5.43,3.32,26.17,290.15,92,96.9,0,0.421
2023-12-11,6.18,1.13,35.87,264.84,93.1,98.5,0,1.036
2023-12-12,10.12,3.57,4.78,317.12,91.4,97.7,10.03,1.453
2023-12-13,8.15,4.48,19.16,290.64,75.8,98.2,0,3.476
2023-12-14,8.37,4.41,26.1,291.7,86.6,98.8,4.2,3.661
2023-12-15,5.88,-0.1,30.32,254.05,71.6,100.4,0,1.927
2023-12-16,7.7,0.06,13.6,317.54,93.6,101.1,4.9,1.142
2023-12-17,8.53,6.91,19.38,326.15,96,101.1,0.42,1.371
2023-12-18,8.18,6.13,6.83,328.17,96.6,100.7,6.36,1.503
2023-12-19,8.16,7.27,11.79,341.08,100,100.3,1.67,0.04
2023-12-20,7.74,5.5,11.14,312.14,96.5,99.4,3.15,1.251
2023-12-21,6.95,3.83,18.83,305.09,95.1,98.4,4.99,1.203
2023-12-22,7.04,3.7,23.83,293.8,79.7,97.6,2.05,3.068
2023-12-23,8.75,3.68,18.41,314.13,75,96.4,21.8,4.816
2023-12-24,8.03,4.89,28.44,293.77,73.2,98.2,10.85,6.226
2023-12-25,9.64,2.13,23.22,291.92,85.6,100,10.26,1.43
2023-12-26,12.08,8.89,31.31,324.02,87.8,98.5,0,4.15
2023-12-27,12.36,6.44,10.52,335.73,91.9,98.6,3.91,2.002
2023-12-28,7.78,5.4,23.9,294.9,70.4,99.2,1.88,4.914
2023-12-29,8.81,7,20.09,310.34,86.2,100.2,1.15,3.646
2023-12-30,8.11,5.9,22.36,298.33,88.9,99.9,0,2.463
2023-12-31,8,5.44,18.57,306.6,88.9,99.6,0.6,1.868
2024-01-01,7.88,4.98,14.8,317.29,88.9,99.4,1.1,1.306
2024-01-02,5.08,2.27,35.98,259.14,73.5,101.2,0,1.718
2024-01-03,8.81,3.76,16.62,307.57,88,101,0,3.966
2024-01-04,8.31,7.07,27.02,313.36,86.5,99.7,4.54,3.947
2024-01-05,7.47,3.38,26.65,284.27,76.6,98.3,0,2.883
2024-01-06,8.96,0.67,17.33,289.48,85.8,99.4,1.19,2.523
2024-01-07,9.28,7.17,23.58,318.01,86.5,99.8,0.8,2.024
2024-01-08,10.37,8.47,21.59,324.84,87.7,99.5,1.89,3.606
2024-01-09,8.71,6.1,12.88,325.64,94.7,99.1,2.9,0.574
2024-01-10,8.08,6.31,11.4,329.29,96.8,98.7,9.12,1.74
2024-01-11,6.48,1.9,20.93,301.68,99.6,99.1,2.2,0.919
2024-01-12,6.58,4.61,12.5,323.65,99.1,99.3,0.53,0.907
2024-01-13,7.35,3.67,33.68,295.8,94.6,100,0,1.447
2024-01-14,9.8,5.55,28.83,316.82,92.8,100.4,0,2.007
2024-01-15,11.61,9.03,32.43,327.36,91.2,100,2.37,3.348
2024-01-16,10.88,6.57,21.33,319.93,86.4,100.3,0,2.676
2024-01-17,9.77,5.83,18.85,312.06,89.6,100.3,0,2.567
2024-01-18,10.27,8.39,22.71,335.31,88.6,99.4,0.95,2.494
2024-01-19,9.81,4.69,23.02,302.25,78.2,98.9,1.23,3.57
2024-01-20,7.79,4.12,41.19,284.73,82.3,99.7,4.63,3.722
2024-01-21,9.39,7.42,26.23,309.8,84.1,99.9,3.48,3.153
2024-01-22,12.01,7.32,20.35,336.3,89.8,98.9,3.37,2.15
2024-01-23,11.93,5.77,45.2,296.37,79.2,98.5,2.21,3.484
2024-01-24,7.04,4.68,43.26,280.14,68.4,99.9,0,3.824
2024-01-25,10.18,2.76,16.51,306.82,94.9,99.2,6.56,0.927
2024-01-26,10.16,1.8,32.5,299.39,91.5,98.9,4.03,0.533
2024-01-27,3.71,0.68,46.34,270.44,81.2,100.1,0,0.407
2024-01-28,5.49,0.83,15.95,299.61,88.9,99.5,4.38,0.927
2024-01-29,5.52,1.4,45.93,262.95,84.4,99.1,0,1.222
2024-01-30,4.74,-0.19,52.35,268.08,88.5,98.6,3.4,0.777
2024-01-31,3.46,-0.88,67.58,247.61,77.2,99.4,0.21,1.125
2024-02-01,4.63,-0.57,38.61,282.85,88.6,98.9,3.02,1.989
2024-02-02,3.85,-0.23,27.87,286.77,91.6,98.1,6.15,1.61
2024-02-03,4.19,-0.54,62.87,242.01,75.5,99.8,0,2.285
2024-02-04,4.45,1.33,40.02,284.48,82,100.5,1.82,0.877
2024-02-05,4.78,-0.13,49.22,274.3,83.3,100.5,1.07,0.885
2024-02-06,5.57,0.07,63.61,276.21,76.4,101.2,0,1.003
2024-02-07,8.23,4.92,41.53,317.29,89.7,101.5,0,0.872
2024-02-08,9.35,3.71,66.69,294.14,86.9,101.4,0,1.023
2024-02-09,8.39,5.1,59.41,309.28,92.8,101.5,0.3,1.007
2024-02-10,8.83,4.97,57.54,299.3,86.7,101.2,0,1.996
2024-02-11,5.66,4.14,44,286.4,78,100.8,0,2.011
2024-02-12,8.35,5.64,46.81,313.26,84.6,100.1,0,2.193
2024-02-13,7.63,1.06,53.47,290.36,76.5,99.7,0,1.037
2024-02-14,6.21,-0.65,58.05,270.46,79,100.1,0.99,2.849
2024-02-15,5.71,0.84,77.52,256.51,67.6,99.8,3.23,1.796
2024-02-16,5.95,0.32,79.72,266.66,73.1,100.9,0,1.445
2024-02-17,7.05,3.75,57.27,299.93,92,100.5,2.89,1.15
2024-02-18,4.45,-0.35,42.73,289.08,83.8,101,1.98,2.048
2024-02-19,2.76,-2.53,78.25,249.6,79.1,101.2,0,0.196
2024-02-20,1.7,-1.9,49.24,280.6,91.5,100.6,1.28,1.731
2024-02-21,2.2,-0.95,40.82,294.91,88.3,100.3,0.96,3.597
2024-02-22,2.21,-0.46,38.68,296.49,95.6,99.7,6.76,0.411
2024-02-23,2.55,-1.63,65.35,276.84,87.7,99.1,1.93,1.328
2024-02-24,0.27,-1.26,22.94,303.81,100,98.4,16.04,4.305
2024-02-25,3.92,-0.1,65.03,288.36,92.7,98.5,0.07,0.567
2024-02-26,6.66,0.19,25.77,310.27,94.2,98.6,14.19,1.624
2024-02-27,9.63,4.25,107.97,297.81,70.4,97.2,3.05,3.417
2024-02-28,7.26,2.67,82.71,285.18,78.2,98.2,1.37,2.47
2024-02-29,5.16,1.77,48.61,295.44,84.8,98.4,5.86,0.379
2024-03-01,3.07,0.87,15.07,304.96,91.5,98.7,10.35,3.546
2024-03-02,4.03,-1.15,75.45,267.3,71.9,99.3,1.26,0.898
2024-03-03,5.95,-2.25,126.09,252.49,73.3,100.6,0,1.537
2024-03-04,7.99,2.28,28.83,312.63,81.6,99.2,4.04,1.644
2024-03-05,10.11,1.3,49.74,291.32,78.2,97.5,5.2,2.568
2024-03-06,4.05,-1.06,78.8,267.67,73.1,99.5,6.5,0.788
2024-03-07,7.77,-0.37,46.07,319.95,97.1,97.9,16.77,0.739
2024-03-08,7.53,3.01,103.39,294.25,85.8,99.2,1.21,0.334
2024-03-09,11.77,3.6,66.4,335.44,98.3,98.7,16.12,2.957
2024-03-10,13.81,9.92,95.64,338.03,87.5,97.9,1.87,2.738
2024-03-11,12.94,8.96,115.88,322.86,80.7,97.6,3.31,3.026
2024-03-12,11.42,7.72,126.69,300.4,76.6,98.3,0,2.742
2024-03-13,9.65,5.85,88.4,310.55,82.6,98.9,3.35,0.648
2024-03-14,11.07,6.54,61.58,321.16,88,97.9,4.82,1.193
2024-03-15,8.29,4.37,106.54,283.68,78,97.3,1.79,2.633
2024-03-16,7.96,3.67,141.65,266.78,68.7,99.1,0,3.42
2024-03-17,8.23,2.65,136.61,273.04,69.8,100.3,0,3.139
2024-03-18,13.05,4.55,108.25,319.71,88.8,99.4,2.48,3.041
2024-03-19,14.34,9.81,102.01,319.8,82.5,98.8,0,2.52
2024-03-20,14.43,9.22,92.23,330.51,87.1,97.9,10.6,2.228
2024-03-21,12.11,7.53,74.8,319.34,86,97.2,2.79,2.396
2024-03-22,8.87,4.9,135.32,295.24,70,97.2,3.01,4.135
2024-03-23,9.85,4.33,153.31,286.3,68.5,96.6,1.22,2.028
2024-03-24,6.4,1.02,74.52,294.84,82.7,97.5,3.46,0.852
2024-03-25,4,-0.85,87.1,263.64,62.8,98.8,0,1.034
2024-03-26,3.64,-2.84,124.73,238.04,62.9,99.2,0,1.954
2024-03-27,5.45,-1.94,163.78,240.06,70.2,99.5,0,3.375
2024-03-28,5.35,0.14,74.41,298.04,95.7,98.6,6.93,1.382
2024-03-29,6.13,2.1,99.53,300.67,86.8,97.9,3.63,1.761
2024-03-30,6.65,0.66,150.03,263.78,70.8,98.9,0.07,1.455
2024-03-31,4.32,-0.11,97.8,287.67,85.9,99.1,1.6,0.333
2024-04-01,1.91,-1.56,90.84,266.38,85.2,98.8,15.69,1.48
2024-04-02,7.71,-1.47,210.71,230.74,66,99.9,0,2.253
2024-04-03,9.01,-1.06,194.9,249.81,65.4,100.9,0,0.757
2024-04-04,4.43,2.32,47.44,310.58,92.2,99.2,12.94,3.709
2024-04-05,13.53,3.31,140.82,318.37,89,97.5,12.76,0.769
2024-04-06,13.16,6.83,177.72,308.76,81.3,97.4,4.95,1.915
2024-04-07,10.92,4.5,135.55,286.12,83.4,97.6,2.67,1.161
2024-04-08,10.72,3.77,153.17,293.25,75,98.3,0,1.294
2024-04-09,9.37,4.5,107.2,300.35,87.2,98.4,2.35,0.515
2024-04-10,11.67,5.33,108.89,320.5,89.8,98.1,9.04,1.166
2024-04-11,9.9,5.37,150.5,291.99,74.6,97.4,0,1.807
2024-04-12,12.72,5.1,195.05,289.1,65.5,97.8,0,1.862
2024-04-13,11.43,5.9,149.64,297.94,86.2,98.3,5.1,0.908
2024-04-14,11.01,7.34,86.55,334.68,94.6,98.6,13.94,3.268
2024-04-15,11.08,6.94,104.73,323.85,89.5,99.9,6.3,2.007
2024-04-16,11.88,6,164.63,306.02,77.9,100.6,0,0.982
2024-04-17,12.34,5.02,130.4,305.86,80.6,99.7,0,1.718
2024-04-18,9.87,4.75,169.86,279.69,69.3,99.7,0,2.708
2024-04-19,8.2,5.93,80.13,301.56,88.1,99.6,1.46,2.504
2024-04-20,10.47,7.71,142.32,315.81,73.7,99.5,0,4.018
2024-04-21,12.81,7.85,126.77,330.6,86.4,99.4,4.14,3.694
2024-04-22,13.23,7.87,78.43,335.63,90.8,99.2,13.12,1.535
2024-04-23,14.45,6.74,170.66,325.4,79.1,98.6,2.43,3.06
2024-04-24,10.59,5.51,166.12,291.45,69.1,98.7,0.62,2.617
2024-04-25,9.31,5.52,153.48,294.29,76.3,99,0.81,2.598
2024-04-26,9.26,4.38,178.19,276.92,69,99,0,2.473
2024-04-27,8.07,3.47,97.67,303.51,89.5,97.9,16.59,2.282
2024-04-28,10.7,5.16,123.9,305.47,89.5,97.5,6.27,2.182
2024-04-29,10.53,4.3,177.89,283.83,66.9,98.4,0,2.116
2024-04-30,10.52,3.83,171.43,284.32,71.4,98.2,1.13,2.287
2024-05-01,12.48,5.07,183.87,296.15,71.9,98.6,4.86,1.095
2024-05-02,13.31,7.2,127.82,333.21,90.8,97.3,15.2,1.111
2024-05-03,12.86,7.36,230.49,304.59,76.3,97.8,5.48,3.363
2024-05-04,14.88,9.18,210.33,299.82,64.7,98.2,1.29,3.474
2024-05-05,17.02,7.99,189.54,314.61,77.8,99,3.43,1.119
2024-05-06,16.46,9.3,192.72,317.09,75.7,99.1,7.74,1.501
2024-05-07,14.79,7.27,220.47,281.66,72,99.7,0,1.867
2024-05-08,13.31,6.14,199.65,292.62,68.2,100.2,0,1.316
2024-05-09,14.51,7.03,199.57,306.59,73.6,99.8,2.56,1.696
2024-05-10,12.29,7.05,119.13,322.23,85.4,99,16.06,3.447
2024-05-11,14.3,6.77,189.77,303.48,67.8,99.2,0,3.24
2024-05-12,14.54,7.51,270.75,280.9,71.4,99.8,0,2.937
2024-05-13,11.63,5.9,205.11,276.15,67.7,99.8,0,3.323
2024-05-14,12.75,5.33,215.02,283.65,73.4,99.5,2.9,2.267
2024-05-15,10.56,5.28,152.92,304.1,70.5,99.9,1.86,1.716
2024-05-16,9.79,4.69,145.65,302.72,70,100.4,1.22,0.272
2024-05-17,9.99,4.38,153.56,309.91,84.6,100.2,2.68,2.08
2024-05-18,14.36,7.46,213.8,305.83,81.8,99.4,3.63,2.964
2024-05-19,14.64,6.36,290.88,275.92,65.2,100.5,0,0.474
2024-05-20,13.09,5.91,245.75,292.3,75.2,101.1,0,4.276
2024-05-21,19.87,6.97,242.95,333.73,78.3,100.3,1.2,3.719
2024-05-22,19.54,11.69,271.02,323.77,75.7,99.6,2.94,1.246
2024-05-23,17.52,9.6,273.17,304.12,68.9,99.8,0,2.498
2024-05-24,12.26,9.32,198.22,312.82,74.4,99.8,1.07,3.047
2024-05-25,15.45,8.18,221.97,308.79,73.8,99.9,1.63,1.971
2024-05-26,12.69,7.43,188.93,309.1,72.1,100.9,1.79,1.571
2024-05-27,15.61,6.83,206.57,314.67,74.2,100.4,0,1.528
2024-05-28,13.72,8.82,217.75,302.56,75.8,99.4,0,3.573
2024-05-29,10.95,6.87,140.19,309.1,65.5,99.6,0,3.232
2024-05-30,11.03,6.19,211.63,297.29,56.7,100.1,0,1.932
2024-05-31,10.71,5.59,187.27,301.29,68.1,100,3.1,0.777
2024-06-01,10.38,4.99,163.06,305.3,79.5,100,5.97,0.826
2024-06-02,11.86,4.84,186.26,298.07,76.7,100.1,1.35,0.347
2024-06-03,13.09,6.66,138.5,317.2,73.1,99.5,0,1.628
2024-06-04,14.34,9.33,107.19,339.77,90,98.3,11.24,1.379
2024-06-05,15.42,9.7,184.51,324.45,84.3,97.9,5.42,1.701
2024-06-06,13.18,7.33,200.27,294.02,77,98.3,0.26,3.285
2024-06-07,11.6,6.5,206.41,289.67,65.2,99.3,0,2.964
2024-06-08,12.79,7.44,220,309.2,76.1,99.1,2.59,4.555
2024-06-09,13.1,7.86,164.05,315.41,74.5,99.6,0,0.851
2024-06-10,15.07,8.21,221.81,307.07,69.1,100.4,1.95,1.434
2024-06-11,13.04,6.55,192.44,312.5,79.2,100.1,10.13,0.388
2024-06-12,10.06,5.64,181.99,299.63,73.9,100.2,0,0.936
2024-06-13,10.38,5.03,155.58,302.71,69.7,100.6,0,0.611
2024-06-14,13.71,6.64,201.78,314.88,69.5,99.6,0.09,0.598
2024-06-15,14.67,8.49,242.5,310.08,72.3,99.1,0,1.961
2024-06-16,15.36,8.87,235.41,303.62,73.6,99.6,0,2.529
2024-06-17,16.75,8.24,272.38,299.56,68.9,100.7,0,2.409
2024-06-18,21.06,12.65,276.17,339.34,82.3,101,1.22,2.12
2024-06-19,22.89,13.06,232.92,345.4,78.1,100.6,1.14,1.128
2024-06-20,19.36,12.12,240.64,335.96,73.9,99.7,5.83,1.889
2024-06-21,17.68,11.17,270.13,320.72,72.6,98,0,2.481
2024-06-22,13.87,9.2,189.17,307.99,65,98.4,0,2.911
2024-06-23,16.9,7.88,223.24,307.29,70.5,98.9,0,1.599
2024-06-24,18.41,12.75,178.81,347.29,77.3,98.8,1.83,1.862
2024-06-25,19.88,12.91,200.35,348.44,76.8,99,8.94,1.02
2024-06-26,17.06,11.75,236.93,321.69,73.8,99,9.92,1.272
2024-06-27,18.6,9.66,233.14,315.84,67.5,99.3,0,2.273
2024-06-28,17.23,13.49,140.05,359.14,88.2,98.9,15.56,1.46
2024-06-29,15.75,11.16,155,344.49,88.9,99.7,13.8,1.143
2024-06-30,19.45,11,270.61,306.75,69.8,100.1,0,0.684
2024-07-01,19.09,10.69,217.81,328.78,80.3,100.3,0,1.666
2024-07-02,18.14,11.47,122.36,357.79,89.7,100,8.67,1.311
2024-07-03,19.44,12.53,284.54,320,75.2,99.6,0,2.054
2024-07-04,18.86,10.97,208.29,317.87,70.5,99.6,0,1.063
2024-07-05,17.63,11.91,247.23,312.45,70.2,98.9,5.09,1.416
2024-07-06,15.71,10.95,289.81,299.5,74.3,98.9,1.79,2.449
2024-07-07,17.09,10.71,206.49,323.13,78.4,99.4,0.99,3.197
2024-07-08,18.04,11.31,226.32,316.4,72.1,99.8,0,1.777
2024-07-09,17.07,10.23,218.23,319.32,77.1,100,0,1.418
2024-07-10,18.99,10.64,316.99,293.17,67.3,100.1,0,1.194
2024-07-11,19.24,10.17,244.25,314.33,75.5,100.4,0,0.716
2024-07-12,20.41,11.5,279.85,305.22,65.8,100.4,0,0.531
2024-07-13,22.66,10.82,281.78,312.93,68.1,100,0,0.557
2024-07-14,22.16,14.55,207.99,357.55,77.5,99.2,3.14,1.215
2024-07-15,19.34,13.83,202.84,332.35,85.9,99.3,9.45,0.536
2024-07-16,18.87,12.3,262.86,324.21,78,100.2,0,0.782
2024-07-17,21.98,12.41,227.74,344.6,78.6,100.3,0,2.401
2024-07-18,19.79,17.05,156.88,371.94,87,99.7,24.3,2.814
2024-07-19,20.23,13.56,261.8,330.05,72.4,99.4,1.48,2.17
2024-07-20,19.42,12.62,265.38,311.24,69.3,99.5,1.01,1.706
2024-07-21,18.73,11.28,214.37,311.34,74.9,99.7,0,0.336
2024-07-22,17.12,10.09,228.06,303.41,69.3,100.2,0,0.541
2024-07-23,18.78,10.94,207.97,315,67.7,100.6,0,0.638
2024-07-24,20.46,12.35,230.59,320.33,67.6,100.6,0,0.662
2024-07-25,22.5,12.33,269.64,319.17,73,100.5,0,1.371
2024-07-26,23.34,15.91,186.37,362.24,78.5,100.5,0,1.077
2024-07-27,23.38,16.23,293.89,330.32,73.1,100.7,0,2.018
2024-07-28,21.08,14.32,241.74,329.18,73.6,100.1,1.27,3.043
2024-07-29,18.71,12.31,216.73,313.94,69.3,100.1,0,0.575
2024-07-30,19.03,11.19,277.15,304.39,67.8,99.9,0,2.038
2024-07-31,19.44,12.8,260.44,316.73,70.7,99.3,0.46,2.65
2024-08-01,19.85,14.41,243.58,328.76,73.7,98.7,1.76,3.264
2024-08-02,18.66,13.1,213.68,319.56,75.7,98.3,1.65,3.146
2024-08-03,19.42,12.79,232.61,323.56,71.7,98.6,3.03,2.308
2024-08-04,19,12.1,237.53,316.34,74.1,98.6,2.3,2.637
2024-08-05,16.42,12.21,157.18,321.53,81.2,99.1,1.26,2.99
2024-08-06,18.67,11.18,210.43,307.13,70.6,100.1,0,2.711
2024-08-07,17.83,10.62,241.8,299.49,66.2,100.7,0,1.425
2024-08-08,18.72,10.03,235.77,296.21,63.6,100.9,0,1.071
2024-08-09,20.52,9.97,263.19,295.6,66.9,100.7,0,1.398
2024-08-10,20.91,14.5,184.29,351.21,78.7,100.4,1.2,2.029
2024-08-11,21.78,14.99,149.23,358.13,71.6,99.9,0,1.542
2024-08-12,21.45,15.48,182.47,351.58,79.4,99.4,3.32,2.094
2024-08-13,20.83,14.54,204.76,324.12,71.6,99.2,4.64,2.231
2024-08-14,20.92,12.56,234.77,314.84,69.3,99.7,0,1.927
2024-08-15,21.88,15.08,132.91,360.04,82.7,100,1.73,1.548
2024-08-16,21.16,14.88,167.27,340.81,79.9,99.9,0,1.889
2024-08-17,20.27,13.31,263.42,301.24,70.4,100.3,0,2.494
2024-08-18,20.16,12.71,207.56,327.42,78.4,100.5,0,2.558
2024-08-19,21.23,15.78,216.1,339.28,78.8,100.1,0,2.569
2024-08-20,18.14,13.35,83.2,341.23,88.2,99.4,4.98,1.819
2024-08-21,17.94,12.56,226.37,302.11,75.7,99.5,0,3.17
2024-08-22,18.97,11.26,195.77,309.93,70.3,100,0,2.636
2024-08-23,18.84,14.05,174.23,328.44,75.5,99.4,1.01,3.089
2024-08-24,18.97,11.92,211.32,305.88,70.3,100.2,1.27,1.609
2024-08-25,18.24,10.4,219.38,299.58,66.8,100.3,0,2.374
2024-08-26,17.36,12.5,176.72,317.31,77.7,99.5,0,2.808
2024-08-27,19.13,12,193.86,326.95,78.1,99.6,0,2.317
2024-08-28,20.1,13.31,198.41,336.15,79.1,98.8,2.67,3.798
2024-08-29,16.49,11.18,212.53,290.24,67.7,99.3,0,3.752
2024-08-30,17.91,13.35,152.94,329.96,81.6,99.4,1.66,2.853
2024-08-31,18.74,13.07,106.39,350.3,86.8,98.5,13.4,1.471
2024-09-01,19.57,12.79,60.35,368.32,92,97.6,25.15,2.096
2024-09-02,12.99,9.03,107.5,328.86,66.5,99.1,5.83,1.406
2024-09-03,12.51,7.35,72.23,319.34,86.7,99.7,9.15,0.496
2024-09-04,12.98,6.93,133.63,303.39,88.1,99.7,1.17,0.432
2024-09-05,13.7,6.5,139.58,290.76,70.9,100.3,0,0.894
2024-09-06,11.49,6.39,75.36,298.95,86.5,99.7,1.77,0.416
2024-09-07,13.42,6.45,142.79,297.82,83.5,99.7,0,0.509
2024-09-08,14.05,7.31,155.75,286.67,78,100.3,0,0.796
2024-09-09,15.38,8.05,157.2,300.7,73.1,100.6,0,0.35
2024-09-10,16.03,10.58,113.79,336.14,75.1,100.6,0,1.103
2024-09-11,17.69,11.96,142.53,342.53,85.4,100.2,0,1.74
2024-09-12,16.56,14.26,65.35,363.84,95.1,100.1,13,0.669
2024-09-13,19.32,12.29,145.67,335.99,86.1,100.6,6.04,2.002
2024-09-14,19.12,10.91,177.87,310.11,81.7,101.4,0,2.679
2024-09-15,17.87,9.26,174.98,291.55,81.1,101.8,0,2.893
2024-09-16,17.45,8.86,178.4,297.13,88.9,101.6,0,0.431
2024-09-17,19.65,9.15,189.61,294.56,77.3,100.9,0,0.126
2024-09-18,17.42,9.91,152.39,320.66,89.4,100.5,0,1.436
2024-09-19,17.09,10.83,78.39,345.79,91.8,100.2,2.08,3.171
2024-09-20,17.94,9.22,157.5,297.76,81.5,100.1,0,2.401
2024-09-21,18.82,9.07,161.27,306.87,85.6,99.8,0,1.968
2024-09-22,18.5,12.32,83.51,345.3,90.5,99.1,0,0.766
2024-09-23,17.23,10.8,93.6,340.65,89.8,98.9,3.47,0.85
2024-09-24,16.43,12.19,89.69,339.65,86.9,98.1,7.1,1.373
2024-09-25,17.57,11.13,148.17,320,79.6,97.8,0,2.089
2024-09-26,15.78,8.73,135.8,299.58,77,98.6,0,2.068
2024-09-27,14.69,9.3,131.29,308.4,81.3,100.1,0,2.444
2024-09-28,14.38,9.51,100.31,321.78,82.5,100.9,0,0.182
2024-09-29,14.87,7.19,127.38,303.51,81.4,101.4,0,0.207
2024-09-30,14.98,10.08,109.78,316.13,85.6,101.2,0,1.921
2024-10-01,17.63,10.39,122.95,322.95,83,101,0,1.201
2024-10-02,15.91,12.14,89.55,342.78,84.2,101,0,0.77
2024-10-03,15.24,11.24,104.26,333.63,84.4,100.8,0,1.027
2024-10-04,17.92,11.87,106.59,326.21,84.1,100.3,0,1.011
2024-10-05,16.45,9.09,135.06,291.78,84.8,100.1,0,0.694
2024-10-06,20.25,9.09,130.53,320.24,80.4,99.6,0,0.814
2024-10-07,17,13.91,43.14,357.73,95,99.4,2.89,1.014
2024-10-08,21.18,12.94,102.4,343.21,82.4,99.1,0,2.174
2024-10-09,19.96,12.55,84.91,332.72,85.5,98.4,4.92,2.177
2024-10-10,16.88,10.66,112.45,303.99,86.7,99.2,0,1.201
2024-10-11,18.16,9.43,99.14,329.67,85.7,99.8,0,1.457
2024-10-12,17.28,12.27,63.04,341.75,86.1,99.6,2.84,1.821
2024-10-13,14.2,11.39,75.45,332.14,89.7,100.2,0,0.432
2024-10-14,16.77,11.81,64.8,359.48,92.3,100.6,0,1.312
2024-10-15,18.6,14.59,63.76,361.7,90.2,100.5,0,1.857
2024-10-16,16.46,11.78,110.13,319.17,80,100.4,0,2.309
2024-10-17,14.96,9.77,83.33,316.64,72.2,99.1,2,4.432
2024-10-18,10.63,7.32,95.55,271.02,66.8,98.6,0,3.885
2024-10-19,10.72,5.48,87.53,271.06,66.1,99.2,0,2.245
2024-10-20,8.96,4.06,106.74,262.96,63.7,100.1,0,1.266
2024-10-21,13.78,6.02,36.17,329.58,81.5,99.6,0,2.656
2024-10-22,15.31,6.16,61.93,302.53,81.6,99.4,1.67,3.679
2024-10-23,10.43,4.73,86.29,270.42,74.2,100.7,0,1.066
2024-10-24,10.34,3.36,73.5,285.06,80.6,101.3,0,0.382
2024-10-25,11.25,3.64,79.24,280.04,84.9,101.2,0,0.64
2024-10-26,11.45,3.85,63.87,285.93,86.9,101.2,0,2.68
2024-10-27,7.77,2.11,43.73,293.42,89.5,101.1,0,2.293
2024-10-28,11.33,6.14,50.13,316.55,87.7,100.7,0,2.267
2024-10-29,11.07,6.95,42.21,334.42,95.5,100.4,0,0.231
2024-10-30,11.81,8.3,65.46,318.23,89.1,100.4,1.26,0.693
2024-10-31,12.74,8.63,54.8,330.23,91.1,100.3,1.28,0.983
2024-11-01,13.66,8.97,44.2,343.9,93.1,100.2,1.29,1.277
2024-11-02,14.95,11.96,41.42,350.13,95.4,100.5,0,1.128
2024-11-03,12.61,7.51,12.44,331.97,94,100,5.48,1.392
2024-11-04,8.62,5.79,52.16,301.67,81.7,99.4,1.83,1.316
2024-11-05,8.63,6.17,19.19,326.9,92.2,98.6,13.45,1.393
2024-11-06,8.04,5.93,31.07,316.61,83.1,99.5,4.96,3.365
2024-11-07,8.32,5.16,43.1,303.43,70.7,100.8,0,0.73
2024-11-08,10.66,4.89,44.06,293.39,83,100.8,0,1.827
2024-11-09,10.95,6.65,59.14,293.06,85.2,100.6,0,1.027
2024-11-10,11.38,6.86,60.12,289.04,85.1,100.7,0,2.177
2024-11-11,11.74,4.93,39.23,295.43,80.2,100.5,0.8,1.571
2024-11-12,9.81,4,44.44,281.29,87.5,100.4,0,2.275
2024-11-13,11.71,7.47,37.04,317.68,92.1,99.6,10.94,2.663
2024-11-14,7.6,4.37,6.23,324.72,96.1,99.8,42.26,3.638
2024-11-15,5.45,3.91,9.84,319.25,97.5,99.7,13.54,3.277
2024-11-16,5.2,3,20.76,306.93,89,100.1,7.1,1.664
2024-11-17,12.96,3.75,16.67,322.08,94,98.4,6.81,2.164
2024-11-18,10.42,2.43,18.55,297.57,83.1,98.3,4.66,1.617
2024-11-19,5.46,-0.12,56.68,234.84,73.4,100.1,0,1.927
2024-11-20,4.08,-0.16,56.65,228.38,69.8,100.7,0,1.52
2024-11-21,4.09,-0.86,36.1,282.5,84.8,100.8,0,0.517
2024-11-22,11.12,1.69,36.15,317.75,97.8,100.4,0,1.237
2024-11-23,12.78,10.49,14.04,343.68,89,100,0,3.886
2024-11-24,14.46,11.56,38.54,335,90.8,100.2,0,3.305
2024-11-25,11.67,7.8,17.89,324.75,96.9,100.6,6.43,0.378
2024-11-26,12.03,8.22,36.1,299.11,92.6,100,0,2.667
2024-11-27,12.19,9.99,26.15,322.59,83.4,97.7,7.2,3.489
2024-11-28,10.53,7.28,30.01,303.53,79.7,96.6,0,2.968
2024-11-29,7.19,4.75,32.14,271.83,74,96.7,0,4.469
2024-11-30,5.19,1.16,32.58,268.35,74.9,97.9,0.14,3.111
2024-12-01,2.82,-2.47,44.28,227.26,78.4,99.8,0,0.973
2024-12-02,8.71,-1.23,7.55,318.12,89.1,99.2,9.83,2.424
2024-12-03,7.4,2.07,25.96,283.79,78.4,98.5,0,2.755
2024-12-04,6.17,2.22,22.26,309.7,96.3,98.2,0,1.937
2024-12-05,6.59,4.75,13.38,330.12,100,99.1,4.29,0.876
2024-12-06,7.16,5.9,14.15,329.67,99.4,100.2,1.29,0.303
2024-12-07,7.53,4.95,14.54,326.08,99.9,100,1.86,1.225
2024-12-08,6.96,4.22,11.89,325.5,99.1,100.1,3.22,2.578
2024-12-09,4.43,0.04,15.04,296.04,88.3,100.7,0,2.693
2024-12-10,-0.02,-2.4,19.56,275.95,85.7,100.3,0,1.089
2024-12-11,0.04,-3.02,16.68,283,93.8,99.8,0,0.728
2024-12-12,12.63,-0.14,3.07,327.65,97.6,97.9,22.59,1.057
2024-12-13,12.6,4.36,32.97,283.94,87.1,97.6,3.32,2.613
2024-12-14,10.29,4.45,21.52,314.59,93,97.4,13.15,0.744
2024-12-15,8.48,5.14,26.21,291.41,83.8,99,0,1.673
2024-12-16,10.78,8.51,16.36,327.42,79.2,97.9,1.21,2.268
2024-12-17,9.68,5.48,31.04,290.1,86.2,97.8,4.51,2.267
2024-12-18,9.21,5.05,8.08,295.29,85.9,98.6,1.52,1.982
2024-12-19,11.74,6.87,15.48,318.81,81.5,98.1,13.31,3.004
2024-12-20,12.58,5.3,14.64,315.2,89.4,99.3,9.23,1.837
2024-12-21,10.15,5.4,8.22,310.46,92.2,99.5,11.39,1.868
2024-12-22,11.93,5.95,10.75,305.36,85.1,99.3,8.14,3.895
2024-12-23,10.12,6.93,16.7,313.83,72.1,98.9,2.76,4.468
2024-12-24,12.08,6.33,31.42,287.44,75.5,99.2,0,5.207
2024-12-25,7.03,5.1,18.24,279.43,71.3,99.3,1.6,5.274
2024-12-26,5.72,-0.31,25.46,244.11,72.9,100.4,0,2.172
2024-12-27,5.65,-1.58,12.75,299.94,95.6,100.2,0.96,0.539
2024-12-28,5.54,2.62,4.34,292.79,91.9,98.6,10.31,1.968
2024-12-29,5.97,3.26,30.02,272.8,83.5,98.7,0,3.48
2024-12-30,4.03,0.68,37.06,253.61,79.7,98.8,0,1.508
2024-12-31,3.21,-0.57,37.41,238.53,76.7,99.6,0,1.672
2025-01-01,2.4,-1.83,37.77,224.34,73.6,100.4,0,1.835
2025-01-02,7.3,-3.88,11.73,296.93,91.9,100.1,3.92,1.142
2025-01-03,9.64,4.2,8.24,306.78,91.1,98.4,4.54,2.355
2025-01-04,11.01,3.93,11.56,306.31,90,97.9,8.57,3.447
2025-01-05,10.57,7.03,34.57,302.58,78.7,98,3.5,4.119
2025-01-06,12.56,7.14,31.68,305.98,83.7,98.2,2.28,4.656
2025-01-07,7.78,4.16,38.57,255.76,79.7,100,0,3.341
2025-01-08,11.69,4.18,12.48,311.91,83.3,100.7,2.71,3.152
2025-01-09,11.87,4.72,23.71,318.01,75.2,100.6,3.03,3.036
2025-01-10,5.11,2.17,25.9,278.46,74.8,101.8,0,1.017
2025-01-11,8.54,2.71,25.68,304.61,92.6,101.3,0,2.176
2025-01-12,8.68,4.25,37.28,280.68,92.4,101.2,0,1.482
2025-01-13,8.33,4.03,31.82,296.4,93.8,101.4,0,2.3
2025-01-14,7.94,5.92,28.52,304.02,93.2,101.6,0.49,1.908
2025-01-15,6.62,4.63,24.92,314.68,93.5,101.6,0.55,1.734
2025-01-16,8.78,5.38,34.89,304.11,82,101.9,0.03,2.191
2025-01-17,9.64,6.16,28.39,299.3,84.8,101.4,0,4.302
2025-01-18,8.72,6.96,43.11,290.59,85,101,0,2.511
2025-01-19,8.63,1.18,38.98,284.17,79.2,99.8,0.53,3.467
2025-01-20,2.23,-0.41,53.04,226.11,61,99.8,0,2.571
2025-01-21,3.65,-0.43,44.03,257.64,74.1,100.2,0,2.196
2025-01-22,5.89,3.42,45.2,284.62,74.8,98.8,2.5,4.177
2025-01-23,4.07,0.37,47.42,244.66,65.4,99.7,0,1.799
2025-01-24,3.48,-0.26,54.11,236.88,70.7,100.6,0,1.302
2025-01-25,3.7,-1.02,27.37,260.61,74.8,100.6,0,1.324
2025-01-26,2.63,0.49,22.5,286.73,87.8,100.8,3.06,0.592
2025-01-27,2.93,-0.62,38.11,276.27,90.1,101.3,0.74,0.196
2025-01-28,7.21,0.63,25.99,307.6,92.9,101.4,1.31,0.789
2025-01-29,4.48,0.55,41.03,286.37,86.9,102,0.61,1.178
2025-01-30,2.93,0.25,38.16,293.76,83.6,101.8,0,1.733
2025-01-31,7.13,2.54,42.11,298.12,82.6,100.7,0,2.95
2025-02-01,7.66,4.86,26.19,314.19,83.4,99.2,13.63,4.683
2025-02-02,6.26,2.81,67.16,265.75,73.3,99.4,0.06,3.48
2025-02-03,9.15,3.42,37.87,312.62,88,99.2,7.68,3.263
2025-02-04,4.14,-0.47,72.46,234.1,72.3,100.4,0,0.704
2025-02-05,3.03,-1.76,70.18,235.13,74.9,101,0,0.863
2025-02-06,7.76,0.31,72.13,256.4,81.5,100.8,0,2.381
2025-02-07,9.44,2.68,44.76,304.74,91.5,100.6,4.99,0.526
2025-02-08,2.79,-0.18,39.01,278.39,77.6,101.5,0.47,2.809
2025-02-09,3.05,-0.95,44.04,273.1,77.6,102.1,0,0.459
2025-02-10,7.15,-0.07,68.64,277.91,84.7,101.5,0,2.43
2025-02-11,9.44,4.53,40.11,298.63,89.2,100.5,2.42,2.167
2025-02-12,5.24,3.01,45.08,302.61,79.3,100.5,0.55,1.067
2025-02-13,4.09,2.11,28.71,303.86,90.3,99.4,0,1.345
2025-02-14,4.01,0.93,42.75,284,83.5,98.6,1.15,0.458
2025-02-15,1.92,-1.99,30.29,283.87,84.5,98.7,4.28,0.662
2025-02-16,-1.59,-3.91,36.81,277.16,93.6,100,3.02,1.395
2025-02-17,-2.04,-4.42,23.18,275.87,96,99.8,3.99,1.966
2025-02-18,-2.01,-5.04,22.93,277.65,97.8,99.6,9.06,0.667
2025-02-19,-0.66,-5.11,40.58,266.92,98.2,99.8,0.8,0.442
2025-02-20,-0.27,-4.26,39.55,281.4,98.9,99.5,2.13,1.917
2025-02-21,-0.1,-2.56,31.44,290.78,100,99.5,7.01,0.567
2025-02-22,0.71,-3.56,41.7,286.43,94.3,99.4,0.37,2.381
2025-02-23,0.29,-2.01,56.36,273.05,84.6,98.7,0.03,5.099
2025-02-24,1.6,-1.8,63.88,280.68,85.7,98.2,0,3.222
2025-02-25,2.49,-1.62,95.54,250,79.8,99.5,0.45,0.948
2025-02-26,3.15,-2.26,105.22,249.66,79.1,100.7,0.61,1.075
2025-02-27,-0.11,-1.36,9.92,298.25,99.9,99.6,17.45,2.227
2025-02-28,-0.22,-1.21,27.18,302.51,100,100.1,12.17,2.363
2025-03-01,0.37,-1.65,25.76,302.03,99.6,100.2,14.24,4.171
2025-03-02,4.11,0.26,53.42,306.42,99.3,98.5,6.3,1.137
2025-03-03,7.88,2.8,64.11,292.99,89.2,97.4,5.2,2.462
2025-03-04,8.94,3.78,88.32,291.68,85.6,98.6,0.35,2.834
2025-03-05,7.17,4.18,52.9,286.41,86.3,99.4,1.06,2.131
2025-03-06,9.46,4.08,103.13,289.09,82,100.5,0,2.035
2025-03-07,11.92,6.33,115.32,288.72,84.4,100.7,0,2.878
2025-03-08,10.67,6.73,73.74,309.66,89.1,100.5,0,2.728
2025-03-09,10.12,4.43,92.79,306.08,86.2,99.5,1.08,0.954
2025-03-10,8.86,4.51,43.24,300.85,88.3,96.9,11.96,1.591
2025-03-11,8.62,2.65,131.16,277.45,82.3,96.1,5,4.411
2025-03-12,8.13,2.76,109.75,270.22,68.4,97.6,0,2.825
2025-03-13,6.04,-1.51,91.07,268.09,84.8,98.4,1.99,0.992
2025-03-14,5.31,1.23,105.02,277.58,72.1,98.8,0.57,0.646
2025-03-15,7.35,0.03,82.5,275.52,73.6,100,0.45,1.821
2025-03-16,11.33,4.17,84.02,320.33,87.9,98.4,10.37,3.638
2025-03-17,7.97,4.51,96.77,290.3,69,97.8,1.69,5.943
2025-03-18,8.29,2.55,117.71,264.18,70.5,98.9,0.27,2.589
2025-03-19,11.05,2.08,28.85,323.78,93.9,98.4,12.03,0.986
2025-03-20,11.01,6.63,152.62,298.87,75.4,97.7,6.15,2.845
2025-03-21,9.33,3.91,115.34,294.25,77.5,97.4,9.26,1.339
2025-03-22,6.8,4.05,85.45,299.31,81.9,96.8,8.27,2.163
2025-03-23,10.51,2.92,192.17,255.7,66.8,97.5,2.97,1.252
2025-03-24,8.92,4.27,107.3,298.76,86.6,96.8,5.48,1.072
2025-03-25,7.46,2.45,146.75,265.23,64.3,97.9,0,2.913
2025-03-26,8.39,2.17,139.21,270.1,61.1,97.9,2.21,3.164
2025-03-27,7.77,1.29,125.36,279.34,75.8,98.3,1.26,2.059
2025-03-28,6.96,0,175.02,252.82,69.6,98.4,0,2.325
2025-03-29,7.89,2.13,147.6,279.38,71.3,98.9,0,0.72
2025-03-30,5.38,1.23,83.05,291.33,71.1,98.7,0,3.569
2025-03-31,5.77,-0.47,110.73,280.32,71.9,98.5,0.51,0.596
2025-04-01,6.26,0.71,150.31,273.66,65.5,98.7,0.59,1.031
2025-04-02,4.92,-0.25,115.91,264.68,79.4,98.6,0.58,0.386
2025-04-03,6.82,-0.99,188.39,239.44,64.2,98.8,0,0.624
2025-04-04,5.04,0.54,53.77,281.66,75.9,98.6,0,1.593
2025-04-05,6.43,1.58,122.17,285.79,75.7,99.7,0,4.087
2025-04-06,6.07,2.28,109.88,299.26,72.6,99.9,0,4.787
2025-04-07,6.04,2.29,95.15,304.97,88.3,99.5,0.75,1.6
2025-04-08,8.28,2.75,125.62,301.55,81.1,99.2,5.51,0.529
2025-04-09,7.56,3.36,98.25,307.07,91,99.2,8.72,0.604
2025-04-10,10.5,5.3,169.55,291.93,72,100,0.47,2.959
2025-04-11,11.33,5.23,135.95,303.74,70,100,0,0.418
2025-04-12,8.85,4.32,99.94,303.16,78.2,100,0,2.904
2025-04-13,7.09,3.06,134.19,290.87,66.3,100.8,0,2.735
2025-04-14,11.08,1.83,149.88,288.56,68.2,101.1,0,1.406
2025-04-15,14.48,7.59,172.82,314.9,80.6,100.6,0,2.969
2025-04-16,10.2,4.15,69.04,324.05,89,100.7,4.52,2.702
2025-04-17,7.83,2.57,163.06,285.95,66.6,101.1,0.71,4.513
2025-04-18,5.89,0.2,148.42,277.04,62.7,101.1,0,4.905
2025-04-19,4.98,-0.09,111.79,275.15,64.7,100.9,0,4.509
2025-04-20,5.83,-0.63,146.17,268.79,61.2,100.9,0,3.022
2025-04-21,6.9,-1.21,187.51,265.64,61.5,100.6,0,1.725
2025-04-22,6.98,0.33,182.01,273.34,63.9,100.2,0,1.91
2025-04-23,9.93,2.7,160.14,295.79,67,100,0,0.92
2025-04-24,13.8,4.59,162.97,302.47,71.3,99.3,0,1.434
2025-04-25,14.61,8.12,182.46,310.09,79.7,98.6,6.55,1.598
2025-04-26,14.89,8.03,178.58,313.29,78.1,98.8,2.73,2.484
2025-04-27,15.2,9.74,206.5,310.44,73.5,99.5,3.09,2.498
2025-04-28,19.45,12.47,207.66,331.89,74.8,99.8,0,2.421
2025-04-29,16.65,7.49,194.58,302.12,73.6,100.7,0,1.465
2025-04-30,10.92,4.63,247.43,264.34,63.8,101.9,0,1.648
2025-05-01,13.62,3.04,299.07,242.32,65.5,101.3,0,0.311
2025-05-02,13.92,5.26,226.23,283.83,70.7,100.6,0,2.388
2025-05-03,9.54,4.51,173.34,300.36,67.9,100.7,0,5.15
2025-05-04,9.38,5.01,155.2,307.26,71.3,100.8,0.2,4.305
2025-05-05,14.18,4.41,284.45,266.27,73.3,100.6,0,1.025
2025-05-06,13.01,4.52,246.13,283.68,77.1,100.6,0,3.073
2025-05-07,14.44,4.54,239.64,295.57,76,100.4,0,4.405
2025-05-08,14.93,8.24,180.64,309.27,76.6,99.7,2.5,4.098
2025-05-09,20.61,7.64,269.68,309.11,81.6,99.6,0.77,1.322
2025-05-10,14.36,10.17,80.9,356.7,96.7,99.5,16.78,2.896
2025-05-11,15.47,10.08,141.65,351.69,91.6,99.9,5.49,3.53
2025-05-12,15.32,9.73,138.05,331.1,86,100.6,3.5,0.581
2025-05-13,12.8,8.18,156.66,314,69.5,101.1,0.42,0.615
2025-05-14,11.45,4,143.09,296.82,74.3,100.8,3.58,1.492
2025-05-15,10.73,3.26,162.43,281.22,66.6,100.4,1.25,1.934
2025-05-16,10.23,5.73,158.86,305.53,71.9,100.4,1.34,0.829
2025-05-17,10.66,5.84,211.14,298.95,67.2,101,0,0.829
2025-05-18,13.76,5.3,315,262.45,72.7,101.4,0,2.449
2025-05-19,14.48,5.46,316.53,268.31,73.3,101.3,0,2.683
2025-05-20,17.38,6.09,303.93,280.84,74.4,101.1,0,1.143
2025-05-21,16.26,5.79,311.98,275.28,79.2,100.7,0,1.522
2025-05-22,13.49,5.31,246.58,283.59,75.1,100.6,0,1.599
2025-05-23,11.81,4.98,203.74,284.78,66.9,100.8,0,1.603
2025-05-24,16.13,4.97,232.61,296.88,68.7,100.6,0,1.4
2025-05-25,14.86,6.76,133.15,324.19,80.2,100,3.5,2.29
2025-05-26,11.37,7.07,124.2,324.32,89.6,99.4,3.99,2.582
2025-05-27,16.72,7.87,206.57,323.9,80.1,99.6,0.91,0.716
2025-05-28,17.49,8.43,136.88,346.26,80.7,99.6,6.27,2.234
2025-05-29,17.09,11.08,214.23,320.72,74.7,99.1,1.87,1.687
2025-05-30,15.46,9.12,126.62,331.03,82.7,99,4.85,2.76
2025-05-31,15.68,9.01,129.3,327.31,84.6,98.9,12.68,1.114
2025-06-01,15.9,8.9,132.01,323.57,86.4,98.8,20.51,0.666
2025-06-02,18.12,9.21,231.61,305.77,79.7,99.3,3.06,1.199
2025-06-03,20.28,8.94,275.25,304.81,73.3,99.5,0,1.822
2025-06-04,18.22,11.86,246.89,328.57,81.4,99.7,6.65,3.112
2025-06-05,16.1,10.24,249.25,304.46,65.5,100.5,0.49,2.083
2025-06-06,18.88,8.88,257.14,301.48,72.7,100.3,1.85,2.224
2025-06-07,15.59,9.32,237.54,297.64,62.9,100.5,0,3.107
2025-06-08,14.36,9.57,175.11,318.99,65.5,100.5,0,1.09
2025-06-09,16.85,7.66,298.61,285.91,67.7,100.5,0,0.413
2025-06-10,19.05,11.91,175.19,344.16,84.3,100.6,17.66,1.255
2025-06-11,17.07,12.45,180.37,341.42,86.2,100.8,1.77,0.652
2025-06-12,20.51,11.64,190.25,343.71,81.9,100.5,0.64,1.19
2025-06-13,19.91,10.15,301.1,295.21,69.4,100.3,0,0.928
2025-06-14,21.3,13.78,296,327.62,68.6,99.8,0,2.347
2025-06-15,24.06,13.29,278.88,332.74,72.3,99.7,0.43,2.358
2025-06-16,21.85,15.69,258.31,338.32,70.4,99.3,0,2.647
2025-06-17,20.63,12.98,306.53,309.05,64.7,100.1,0,2.255
2025-06-18,21.04,10.86,282.47,301.85,67.1,100.5,0,0.785
2025-06-19,22.13,12.68,277.81,314.39,67.4,100.7,0.04,0.995
2025-06-20,24.8,14.52,317.98,319.02,70.6,101.1,0,0.708
2025-06-21,23.1,13.12,321.44,311.75,72.6,101.4,0,2.564
2025-06-22,22.05,13.01,279.92,337.5,77.1,101.5,0,2.894
2025-06-23,21.19,12,285.19,330.03,80.3,101.3,0,2.831
2025-06-24,24.42,13.22,326.32,324.57,74.1,101,0,2.036
2025-06-25,25.58,12.34,343.54,307.75,73,100.7,0,2.128
2025-06-26,26.48,12.97,334.91,318.13,72.4,100.6,0,2.213
2025-06-27,25.34,12.13,324.05,318.25,74.7,100.4,0,2.458
2025-06-28,28.78,13.08,306.56,333.65,69.4,100.3,0,0.523
2025-06-29,29.34,17.56,343.62,326.42,55.4,100.7,0,1.233
2025-06-30,29.01,17.43,323.28,343.68,64,101,0,1.392
2025-07-01,23.23,13.89,277.46,323.67,66.8,101.6,0,2.624
2025-07-02,23.09,11.6,320.26,292.45,66,101.4,0,0.143
2025-07-03,24.1,15.86,215.25,348.52,59.7,100.6,2.15,2.051
2025-07-04,23.44,15.83,260.93,341.66,67.8,100,0,2.161
2025-07-05,21.88,13.91,197.5,332.24,70.7,100,0,2.292
2025-07-06,21.5,15.2,305.71,322.38,75.5,99.7,0,3.137
2025-07-07,21.02,12.21,300.65,304.01,70.4,100,0,2.309
2025-07-08,22.26,16.61,279.78,345.48,71.8,100.2,0,2.944
2025-07-09,23.56,15.61,187.83,362.39,73.6,100.4,0,1.257
2025-07-10,25.88,16.64,310.46,330.43,64.4,100.1,0.58,1.106
2025-07-11,23,14.92,234.77,337.45,70.8,100.1,3.65,0.872
2025-07-12,25.02,13.88,310,316.58,64.6,100,0,1.357
2025-07-13,24.14,15.59,182.11,358.47,74.5,99.7,1.77,1.269
2025-07-14,28.27,17.87,243.36,365.56,69.1,99.7,0,1.74
2025-07-15,31.04,17.06,259.52,354.91,53.5,99.3,0,1.442
2025-07-16,22.93,16.45,234.63,334.81,61.4,99.6,0,2.247
2025-07-17,22.34,14.79,281.59,314.8,65.2,99.7,0.45,2.406
2025-07-18,22.97,13.16,259.5,313.49,61.8,100.2,0,1.966
2025-07-19,24.89,15.05,253.77,343.92,69.6,100.2,1.1,2.458
2025-07-20,23.13,15.12,289.25,314.88,64.1,100.2,0,2.004
2025-07-21,22.82,15.77,294.29,321.96,61,99.3,0,3.145
2025-07-22,26.16,12.13,332.19,294.84,55.4,100.3,0,0.931
2025-07-23,29.78,14.98,326.75,318.9,57.8,100.7,0,0.123
2025-07-24,32.89,16.74,321.95,330.17,56,100.6,0,1.519
2025-07-25,32,16.02,320.12,326.81,61.4,100.2,0,1.745
2025-07-26,32.45,16.26,303.25,341.02,62.1,99.8,1.13,0.483
2025-07-27,32.26,18.19,296.84,347.2,61.8,99.9,0.47,1.097
2025-07-28,32.39,18.04,301.15,339.91,53.6,99.7,0.46,1.378
2025-07-29,21.93,14.78,275.35,312.21,60.7,99.9,0,2.422
2025-07-30,22.04,13.62,277.15,308.73,64.9,100,0,3.071
2025-07-31,23.22,14.43,233.93,329.49,66.9,100,0,2.599
2025-08-01,24.39,15.24,191.88,350.41,68.8,100,0,2.129
2025-08-02,21.52,15.13,170.7,332.98,69.9,99.7,1.51,2.17
2025-08-03,23.07,13.27,239.06,323.8,64.9,100.3,0,2.531
2025-08-04,22.76,17.32,228.21,337.62,72.9,100.3,0,2.818
2025-08-05,24.37,16.35,270.61,320.92,69.8,100.2,0,2.347
2025-08-06,24.58,15.18,255.93,327.46,72.5,100.2,1.24,1.558
2025-08-07,25.61,13.35,233.59,327,65.4,100.2,0,1.098
2025-08-08,24.85,15.12,209.57,342.95,71.6,100.2,0,2.299
2025-08-09,27.43,13.11,253.96,329.22,68.3,100,0,1.829
2025-08-10,22.61,12.52,263.61,297.46,54.5,100,0,1.669
2025-08-11,22.75,11,175.81,324.09,56.3,100,0,0.331
2025-08-12,21.61,11.18,231.95,307.51,61.6,99.7,0.97,1.505
2025-08-13,19.8,9.81,291.31,265.62,49.8,100.8,0,0.487
2025-08-14,23.28,10.05,273.65,292.42,50.8,101,0,1.104
2025-08-15,24.12,11.26,194.77,322.79,61.4,100.9,0,0.939
2025-08-16,26.09,12.85,243.43,319.23,66,100.7,0,1.592
2025-08-17,26.68,12.73,221.35,327.64,64.7,100.4,0,1.44
2025-08-18,25.86,13.99,240.32,324.96,71.7,100.4,0.35,0.875
2025-08-19,27.29,15.46,238.11,335.85,70.8,100.5,0,0.243
2025-08-20,27.56,13.28,236.87,328.35,68.7,100.4,0,0.707
2025-08-21,24.31,13.49,176.36,337.49,70.1,100.2,0,1.839
2025-08-22,24.62,16.86,206.81,359.66,74.7,100,0.55,2.393
2025-08-23,24.26,17.46,166.89,362.5,77.9,100.1,0,1.992
2025-08-24,28.69,14.4,228.14,340.74,71.1,99.9,0,0.749
2025-08-25,25.82,16.83,165.85,354.15,80,99.3,10.45,0.624
2025-08-26,19.86,13.32,139.31,337.2,82.4,99.3,7.16,0.286
2025-08-27,19.82,11.3,150.35,334.92,77.1,99.9,17.37,0.883
2025-08-28,15.1,10.14,145.79,320.07,74.9,99.9,8.83,0.974
2025-08-29,16.91,9.74,170.98,309.88,70.2,100.1,0.57,0.8
2025-08-30,15.86,10.47,174.19,299.9,77.6,100.4,0.84,0.818
2025-08-31,16.48,10.8,172.26,310.29,76,100.5,0.48,0.607
2025-09-01,17.11,11.12,170.37,320.62,74.4,100.7,0,0.66
2025-09-02,18.64,12.28,176.42,326.42,78.6,100.9,0,2.104
2025-09-03,21.62,12.3,204.81,319.43,77.7,101,0,3.154
2025-09-04,24.82,11.9,229.25,305.59,72.4,100.8,0,2.79
2025-09-05,24.07,11.47,231.01,298.55,70.8,100.8,0,2.667
2025-09-06,24.84,10.29,229.56,293.27,67.8,100.8,0,2.213
2025-09-07,26.55,10.32,228.48,299.23,70.5,100.9,0,1.339
2025-09-08,25.5,10.71,193.64,305.68,72.8,100.7,0,1.112
2025-09-09,24.78,11.74,182.59,312.5,74.3,100.7,0,1.721
2025-09-10,24.01,12.13,161.89,325.47,77.7,100.4,2.49,2.257
2025-09-11,29.26,12.77,192.21,342.25,69.7,99.9,0,1.926
2025-09-12,24.14,16.12,138.33,359.71,75.4,99.5,1.92,1.098
2025-09-13,23.46,15.4,179.9,330.01,69.8,99.7,0,1.956
2025-09-14,19.91,13.88,76.03,341.88,71,99.5,0,1.558
2025-09-15,20.67,11.21,162.33,316.09,69.5,99.3,0,1.921
2025-09-16,18.38,11.53,118.41,333.92,81.7,98.5,6.32,2.137
2025-09-17,16.69,11.19,112.74,323.49,77.3,98.9,4.5,2.789
2025-09-18,17.91,11.41,170.34,306.21,75.6,99.4,0,2.819
2025-09-19,18.8,11.53,126.9,324.36,77.6,100,0,1.8
2025-09-20,17.61,10.9,65.73,334.03,86.6,99.9,6.51,2.019
2025-09-21,16.49,10.95,163.84,302.04,63.6,99.6,0.89,3.273
2025-09-22,17.38,9.17,119.3,324.05,84.7,98.3,4.69,1.63
2025-09-23,13.85,9.01,73.2,323.6,88.3,98.7,14.23,0.94
2025-09-24,16.75,12.63,98.51,351.94,84.7,99.8,1.01,3.915
2025-09-25,16.94,12.1,111.18,341.1,81.7,99.8,0,3.282
2025-09-26,13.49,11.1,43.41,348.63,96,99.5,6.79,0.889
2025-09-27,15.67,11.4,92.94,344.88,88.7,99.8,0,1.264
2025-09-28,16.01,11.19,105.4,328.25,82.1,100.5,1.86,2.082
2025-09-29,16.27,9.56,115.59,314.08,75.6,100.9,0,2.026
2025-09-30,15.93,8.44,132.35,306.99,77.6,100.9,0,0.623
2025-10-01,16.3,9.17,133.99,301.02,77.7,100.6,0,1.465
2025-10-02,15.16,5.41,108.61,305.33,86.9,99.7,8.43,1.491
2025-10-03,9.39,3.86,94.73,273.4,73.1,99.4,3.32,1.503
2025-10-04,11.05,4.4,117.66,271.87,65.9,99.5,0,2.508
2025-10-05,13.3,7.25,85.48,294.59,77.1,98.9,0,3.017
2025-10-06,12.13,7.73,57.36,315.21,87.1,98.2,7.42,3.04
2025-10-07,11.28,4.19,129.99,268.05,72.4,97.7,0,1.946
2025-10-08,11.61,4.96,125.45,265.39,73.1,98.5,0,2.076
2025-10-09,11.49,4.25,127.54,269.04,72.2,99.9,0,1.791
2025-10-10,13.01,6.63,119.69,295.79,68.7,100.6,0,0.696
2025-10-11,12.53,5.1,73.21,293.34,81.3,100.5,0,1.267
2025-10-12,15.11,3.89,111.24,299.74,88.7,99.9,0,2.183
2025-10-13,13.1,10.47,18.5,355.86,98.5,99,16.32,2.175
2025-10-14,16.73,11.98,85.09,341.52,89.8,98.9,1.1,1.963
2025-10-15,18.47,15.01,80.5,349.38,82.1,99.2,0,2.262
2025-10-16,19.22,14.77,69.66,348.54,85.2,99,1.97,1.33
2025-10-17,18.35,11.38,45.03,345.09,90.7,98.6,0.12,0.777
2025-10-18,17.06,8.85,107.98,307.35,81.2,98.9,0,1.092
2025-10-19,15.17,11.72,75.6,317.73,80.5,98.7,3.49,1.51
2025-10-20,15.89,9.61,76.17,309.99,76.6,98.9,2.2,2.175
2025-10-21,16.41,12.51,95.16,311.29,74.2,99.2,1.89,2.841
2025-10-22,16.17,10.87,81.66,309.42,86.2,100.3,0,1.455
2025-10-23,16.73,11.53,73.12,329.23,91.4,99.7,0,2.848
2025-10-24,14.76,11.5,18.42,357.29,96.7,98.6,9.98,3.866
2025-10-25,14.62,10.11,62.47,332.1,81.9,98.8,3.2,1.902
2025-10-26,15.93,9.91,71.57,318.24,82.3,100.1,2.18,2.081
2025-10-27,14.94,9.6,68.92,324,89.6,100.7,0,3.562
2025-10-28,12.77,8.29,79.39,302.87,86.5,101,0.09,4.172
2025-10-29,11.19,8.33,39.57,331.91,92.3,101,0.62,2.943
2025-10-30,11.83,7.35,61.38,305.75,86.1,100.9,0,3.07
2025-10-31,11.66,7.46,53.8,316.65,90.1,100.8,0.24,3.015
2025-11-01,11.49,7.58,46.29,327.89,94.1,100.7,0.75,2.96
2025-11-02,10.76,8.31,36.14,333.88,95.3,100.2,1.59,2.505
2025-11-03,11.67,7.54,38.99,325.37,86.1,100,0.42,3.636
2025-11-04,7.75,5.87,23.72,315.87,77.1,100.3,0.86,4.536
2025-11-05,8.56,1.98,70,265.58,68.4,100.5,0,3.233
2025-11-06,8.16,0.78,64.53,263.4,86,101,0,1.461
2025-11-07,6.13,-0.13,71.16,243.83,96.1,101.2,0,0.509
2025-11-08,6.39,-1.82,73.41,244.88,92.7,100.7,0,0.453
2025-11-09,6.35,-1.39,62.45,250.48,98.5,100.1,0,0.565
2025-11-10,8.25,0.3,41.27,291.83,97.5,99.7,0,0.543
2025-11-11,10.12,5.03,61.8,290.76,94.5,99.6,0,1.788
2025-11-12,13.09,9.06,38.98,309.48,87.2,99.4,0,2.345
2025-11-13,13.51,7.05,27.63,330.71,88.3,98.9,34.11,1.81
2025-11-14,8.25,2.39,63.4,244,74.2,100.5,0,0.95
2025-11-15,7.02,0.38,44.7,281.78,80.6,101.4,0.53,1.234
2025-11-16,10.42,6.63,43.16,323.19,88.2,101.4,0.45,1.714
2025-11-17,13.28,9.36,25.63,349.65,93.9,101.2,0,1.669
2025-11-18,11.8,7.52,56.46,284.66,75,100.5,0,1.796
2025-11-19,12.72,8.07,50.55,297,75.5,100.2,0,2.949
2025-11-20,9.23,5.42,29.03,289.35,74.7,99.3,3.51,4.384
2025-11-21,7.32,3.52,49.74,254.99,78.1,99.6,0,3.133
2025-11-22,5.2,2.61,16.41,304.54,96.5,99.2,12.07,1.232
2025-11-23,5.23,4.03,13.15,317,97.2,98.2,16.83,3.216
2025-11-24,5.72,4.26,11.56,319.75,88.4,98.5,2.11,6.427
2025-11-25,4.91,2.52,27.39,294.43,68.9,99.8,0,3.636
2025-11-26,10.18,2.17,24.56,324.73,84.2,99,7.24,1.718
2025-11-27,11.09,6.83,33.16,299.17,81.8,97.6,1.62,2.692
2025-11-28,8.03,3.85,33.41,268.49,78.5,96.9,0.95,3.047
2025-11-29,6.74,2.94,23.01,283.06,81.8,97.5,0.69,2.493
2025-11-30,6.62,0.91,44.81,256.78,61.7,99.3,0,2.516
2025-12-01,12.66,2.09,9.42,340.9,94.2,98.2,19.82,1.062
2025-12-02,11.04,6.17,24.69,314.86,90.2,97.2,6.15,1.712
2025-12-03,6.12,2.47,35.05,264.67,76.5,98.6,0,1.824
2025-12-04,3.14,-1.09,41.55,230.54,73.3,99.3,0.53,1.819
2025-12-05,4.4,-1.52,16.89,275.92,85.5,99,10.31,1.202
2025-12-06,9.1,4.46,30.67,282.37,91.9,98.7,0.57,2.535
2025-12-07,8.82,6.26,20.76,295.68,82.3,98.7,2.6,3.398
2025-12-08,8.08,3,35.91,272.63,80.7,99.1,0,2.44
2025-12-09,5.7,2.22,21.06,304.74,90.9,99.7,2.01,1.412
2025-12-10,12.28,5.25,4.53,325.86,89.4,98.8,22.57,1.537
2025-12-11,9.48,6.74,14.84,314.07,86.9,98.8,1.57,1.422
2025-12-12,8.76,5.87,35.59,270.88,88.5,98.5,0,1.89
2025-12-13,9.35,4.23,31.66,287.11,96.3,98.3,2.45,1.032
2025-12-14,8.64,5.3,33.54,287.34,85.5,96.9,0.76,2.191
2025-12-15,8.74,4.26,31.34,274.62,81.6,97,0.13,3.962
2025-12-16,6.39,2.16,12.01,260.86,89,99,2.36,2.579
2025-12-17,12.63,1.87,6,320.52,92,99.3,8.53,1.719
2025-12-18,9.59,6.47,5.06,314.59,92.5,98.9,3.57,1.526
2025-12-19,10.21,5.52,20.17,301.04,93,99.8,0,1.313
2025-12-20,11.87,6.79,18.34,316.45,82.6,98.7,0.77,2.834
2025-12-21,11.03,6.43,15.8,321.56,85.6,96.5,10.43,3.806
2025-12-22,7.76,5.38,18.92,310.76,72.8,95.5,5.87,5.147
2025-12-23,5.77,2.18,33.37,254.8,72.2,96.7,0,3.299
2025-12-24,4.88,1.38,32.17,249.39,79.1,97.8,0,2.941
2025-12-25,3.59,1.3,32.72,247.45,79.4,98.6,0,2.241
2025-12-26,11.54,2.55,6.35,332.43,92,98.8,15.09,1.612
2025-12-27,13.36,11.46,21.39,351.24,86.7,98.6,1.25,2.801
2025-12-28,13.4,5.88,18.37,314.19,73.3,98.7,1.43,4.566
2025-12-29,7.54,6.33,24.69,309.06,87.6,99.4,5.97,2.834
2025-12-30,9.67,5.72,24.72,300.08,83.5,98.8,6.51,3.401
2025-12-31,9.84,5.4,29.38,291.07,81.1,98.6,4.76,3.934
2026-01-01,10.01,5.07,34.1,284.2,78.6,98.4,3.06,4.467
2026-01-02,5.82,3.63,15.85,283.6,81.5,98.3,1.84,3.467
2026-01-03,10.35,4.43,12.06,323.1,89.6,98.9,5.68,1.201
2026-01-04,12.21,10.56,21.47,341.19,85.2,99.1,0.83,3.837
2026-01-05,12.64,3.57,13.78,310.18,86.7,99,3.96,2.189
2026-01-06,7.05,3.25,20.9,284.23,78.8,100.6,0,1.818
2026-01-07,9.9,4.15,28.33,299.91,85.4,100.4,2.69,2.252
2026-01-08,12.24,9.65,21.33,340.04,90.5,100.9,0.43,3.379
2026-01-09,9.71,7.38,23.56,316.98,91.3,101.5,0,2.254
2026-01-10,9.01,6.25,25.92,319.66,93.5,101,0,0.916
2026-01-11,9.9,6.13,26.21,303.13,90.3,100.4,0,1.46
2026-01-12,9.87,5.62,22.89,301.04,88.8,99.5,1.32,2.661
2026-01-13,13.16,5.28,12.38,330.72,82,97.1,20.95,4.004
2026-01-14,6.75,5.19,16.32,311.05,69.8,97.8,2.42,5.111
2026-01-15,5.87,2.53,10.04,298.8,86.9,97.1,14.44,2.032
2026-01-16,8.1,5,22.79,310.53,79.8,98.1,8.73,4.857
2026-01-17,8.41,4.87,32.83,294.57,76.4,98.5,6.17,4.643
2026-01-18,7.54,4,13.67,311.6,89.6,99.3,7.24,1.06
2026-01-19,12.54,6.69,23.18,332.07,87.9,98.7,6.31,2.785
2026-01-20,9.17,5.15,36.63,288.52,79.1,98.6,2.73,2.708
2026-01-21,6.69,3.33,29.01,278.93,73.7,99.4,0,1.952
2026-01-22,7.45,0.6,14.55,302.19,95.9,98.1,8.9,3.561
2026-01-23,9.64,6.65,26.23,310.1,88.5,96.9,0,1.61
2026-01-24,7.8,4,19.23,291.75,86,97.4,9.84,2.087
2026-01-25,9.68,6.24,29.45,312.66,72.7,97.4,1.63,1.926
2026-01-26,8.62,6,22.98,302.92,93,98.3,1.09,1.421
2026-01-27,12.51,6.47,23.64,317.8,86.3,98.9,1.91,2.771
2026-01-28,12,8.7,22.49,317.64,84.1,99.5,0.79,3.011
2026-01-29,9.87,4.92,47.73,295.29,87.6,99.5,0.83,1.61
2026-01-30,12.42,9.3,39.26,332.98,78.7,99.1,0,2.915
2026-01-31,13.03,11.85,28.49,347.16,85.6,99.7,1.04,2.418
2026-02-01,13.39,10.16,53.74,314.51,82.6,100.2,1.64,1.953
2026-02-02,14.37,7.4,29.02,338.47,88.2,100.1,9.53,1.893
2026-02-03,8.97,5.35,68.54,269.37,74.3,101.2,0,2.867
2026-02-04,10.65,5.9,51.15,307.56,79.7,100.8,0,3.575
2026-02-05,11.34,8.92,58.68,309.92,83.2,100.9,0,3.355
2026-02-06,13.06,7.86,45.49,295.46,76,100.8,0,2.253
2026-02-07,10.86,3.99,27.66,304.19,87.5,99.9,0,1.954
2026-02-08,9.46,4.29,46.43,305.48,77.7,100.4,9.72,4.683
2026-02-09,11.58,8.81,49.79,315.63,77.8,100.1,1.07,4.454
2026-02-10,12.16,9.23,48.69,320.83,78.9,100.1,0,4.396
2026-02-11,12.34,9.17,54.64,314.85,83.3,100.5,0,3.766
2026-02-12,13.2,9.73,65.67,308.71,81.7,101.1,0.21,3.79
2026-02-13,11.21,5.7,42.4,312.26,88.1,101.3,3.73,1.441
2026-02-14,7.71,3.79,44.19,307.75,94.3,102,0,0.499
2026-02-15,10.22,7,51.8,318.21,90.2,101.8,0,2.597
2026-02-16,8.6,6.19,62.58,305.21,85.7,101.1,1.1,2.763
2026-02-17,9.27,5.19,67.4,275.02,77.8,101.7,0,2.775
2026-02-18,8.89,5.93,63.6,301.7,86.2,101.5,0,3.91
2026-02-19,9.37,5.01,66.18,307.22,78.9,101,0,2.823
2026-02-20,5.11,0.78,62.98,284.76,73.4,101.4,0,0.804
2026-02-21,5.51,0.83,64.48,289.64,84.7,101.7,0.31,0.623
2026-02-22,4.39,-1.52,102.04,237.76,70.5,102.3,0,0.43
2026-02-23,4.4,-0.59,92.89,257.34,66.4,102.2,0,1.088
2026-02-24,4.67,-1.07,81.1,255.41,70.6,101.9,0,0.797
2026-02-25,5.97,1.3,48.93,302.15,86.2,101.4,0,1.294
2026-02-26,5.89,0.89,101.83,267.93,69.4,101,0,0.765
2026-02-27,7.6,-0.62,82.41,282.87,77.1,101,0,1.283
2026-02-28,7.98,4.64,88.02,292.55,75.2,100.8,0.85,2.667
2026-03-01,11.95,5.19,97.74,305.27,76.3,99.8,3.72,4.917
2026-03-02,8.66,4.89,88.69,293.18,72.9,100.6,0,2.521
2026-03-03,11.63,5.74,97.36,296.8,80.8,99.6,0,4.899
2026-03-04,8.83,3.83,80.96,280.29,76.3,99.1,6.35,3.877
2026-03-05,7.95,2.67,92.46,283.68,73.7,99.6,1.32,3.248
2026-03-06,7.48,0.64,104.43,272.97,76.4,100.6,0.97,1.481
2026-03-07,9.84,5.35,89.2,303.05,74,100.2,0,2.77
2026-03-08,11.31,5.28,59.08,306.73,81.8,100.4,0,2.884
2026-03-09,10.81,6.44,108.96,294.6,83.1,100.3,0,2.928
2026-03-10,14.82,6.45,152.27,286.76,83.4,100,0,1.093
2026-03-11,13.63,6.87,72.73,323.83,93.1,99.6,2.58,1.5
2026-03-12,13.76,5.66,125.67,293.11,79.9,99.3,0,2.092
2026-03-13,14.02,4.91,129.9,298.4,73.7,99.4,0,2.344
2026-03-14,13.22,9.62,72.89,330.5,85.5,99.2,2.22,1.518
2026-03-15,10.65,3.26,96.13,285.92,77.3,99.5,2.74,1.89
2026-03-16,9.4,1.21,178.33,238.68,63.2,100.6,0,0.704
2026-03-17,10.19,3.45,109.52,284.93,74.6,100.4,0,2.017
2026-03-18,12.33,4.17,107.84,306.14,83.5,100.2,1.12,2.745
2026-03-19,13.26,8.38,103.73,327.83,87.2,100.1,3.23,2.334
2026-03-20,12.41,6.3,91.11,308.99,75.4,98.3,3.24,3.95
2026-03-21,7.66,2.53,141.66,261.7,69,97.7,0.05,2.66
2026-03-22,6.83,2.15,79.67,290,73.7,98.2,1.21,1.15
2026-03-23,5.8,0.64,144.36,244.13,54.6,99.8,0,1.521
2026-03-24,7.5,-0.33,163.95,252.77,65.8,100.6,0,2.037
2026-03-25,12.17,5.51,125.81,299.44,81.3,100.3,0,2.743
2026-03-26,8.59,4.03,126.95,279.45,75,100.2,0.69,2.613
2026-03-27,12.25,5.48,125.4,320.68,88.9,99.1,3.61,3.575
2026-03-28,10.79,5.64,119.81,309.14,73.8,98.9,4.33,4.011
2026-03-29,10.98,5.52,105.26,303.72,76.1,99,3.45,4.098
2026-03-30,9.42,6.56,147.53,290.21,73.9,98.2,5.67,4.919
2026-03-31,12.34,5.4,66.32,328,84.2,97.6,25.16,2.761
2026-04-01,9.34,4.92,111.24,296.44,68.8,98.1,1.17,2.694
2026-04-02,9.89,4.23,130.4,280.13,70.2,99.4,1.24,1.845
2026-04-03,9.9,3.44,117.55,287.14,78.5,100,1.2,0.98
2026-04-04,10.54,5.17,105.99,308.71,84.6,99.8,3.4,1.338
2026-04-05,12.84,5.66,124.97,314.18,79.3,99.4,0,3.857
2026-04-06,10.62,6.29,141.39,312.08,81.6,99.5,0,6.23
2026-04-07,8.86,6.23,113.54,320.72,88.8,100.1,2.41,5.208
2026-04-08,10.39,5.75,120.24,320.94,88,100.2,0.71,3.099
2026-04-09,12.68,5.5,142.05,302.29,80.9,100.4,0,1.363
2026-04-10,16.76,3.74,227.58,272.67,72.3,100.6,0,0.717
2026-04-11,15.02,7.95,162.87,301.89,79.7,100.1,0,0.43
2026-04-12,10.13,4.69,153.85,276.09,66.6,99.6,0.76,2.793
2026-04-13,11.25,4.57,121.49,296.41,81.2,100,0.85,3.676
2026-04-14,14.71,9.25,188.78,316.14,84.5,100,1.24,3.776
2026-04-15,16.88,9.04,200.65,314.27,76.4,99.9,1.11,4.251
2026-04-16,9.63,5.41,138.95,288.27,61.4,100.2,0,2.171
2026-04-17,9.4,3.86,132.07,287.68,74.3,99.9,1.75,0.418
2026-04-18,10.07,2.35,192.71,265.92,76.2,99.6,0,0.89
2026-04-19,8.73,3.54,132.93,295.63,83,99.8,1.68,1.155
2026-04-20,10.3,4.92,124.43,305.02,80.9,100.1,1.46,1.21
2026-04-21,13.08,3.46,222.88,268.57,66.7,100.1,0,1.85
2026-04-22,14.86,6.99,255.64,277.72,69.3,100.9,0,1.69
2026-04-23,19.21,6.29,260.87,283.81,62.1,100.8,0,1.019
2026-04-24,23.63,10.66,261.38,315.03,64.1,100.1,1.33,1.195
2026-04-25,15.82,7.36,148.62,318.08,83.8,100.3,2.5,0.474
2026-04-26,12.66,5.73,165.89,299.26,67.3,100.5,0,1.511
2026-04-27,13.93,6.87,154.11,309.53,76.1,99.8,1.15,1.315
2026-04-28,15.16,8.9,233.5,305.62,76.5,98.9,2.47,2.563
2026-04-29,9.92,5.07,173.22,291.41,76.8,98.4,1.57,3.712
2026-04-30,8.48,4.04,136.95,296.13,68.2,97.5,2.61,2.6
2026-05-01,9.74,5.39,163.07,294.05,61.6,98.9,0,2.362
2026-05-02,11,4.73,196.42,290.2,75.8,98.8,0.07,2.326
2026-05-03,13.49,6.1,168.75,308.51,81.5,98.7,1.26,2.386
2026-05-04,13.27,8.47,117.95,330.1,85.1,98.4,2.05,1.039
2026-05-05,17.12,8.36,184.31,312.6,76.4,99.5,0,0.607
2026-05-06,20.12,7.51,277.78,291.75,69.7,100.7,0,1.275
2026-05-07,19.04,9.3,284.87,286.97,65.7,100.7,0,1.359
2026-05-08,16.16,8.37,175.66,314.75,81.5,100.5,0,2.419
2026-05-09,20.58,7.66,234.11,317.88,81.9,100.4,0.79,1.741
2026-05-10,19.85,9.5,221.14,313.1,78,100.6,2.18,1.227
2026-05-11,20.17,8.79,300.89,283.26,68.1,100.9,0,0.89
2026-05-12,16.35,8.15,194.5,318.75,77.9,100.9,0,2.984
2026-05-13,18.29,8.36,286.93,293.19,71.9,100.5,0,1.889
2026-05-14,16.86,8.44,285.29,303.01,80,100.2,0,1.368
2026-05-15,15.96,9.1,236.29,308.29,77.3,100.3,0,0.882
2026-05-16,15.02,8.65,249.29,305.68,71.5,100.5,0,1.022
2026-05-17,13.33,7.92,247.51,298.02,63.3,100.6,0,1.744
2026-05-18,16.44,7.51,287.45,283.62,65.6,100.7,0,1.583
2026-05-19,20.22,6.96,320.65,272.1,59.8,100.2,0,1.292
2026-05-20,16.33,9.31,201.16,308.47,70,99.6,0.8,1.611
2026-05-21,10.62,6.46,146.78,309.34,79.2,99.9,3.29,1.725
2026-05-22,9.33,4.42,121.93,297.32,72.6,99.4,1.22,0.319
2026-05-23,11.66,3.8,184.09,293,61.5,99.5,0,1.435
2026-05-24,11.3,3.82,187.46,283.9,54.7,100.1,0,1.189
2026-05-25,12.68,3.81,180.45,293.15,63.3,100.5,0,1.422
2026-05-26,16.8,8.57,223.73,311.34,73.9,100.1,0,2.923
2026-05-27,16.26,7.91,271.16,293.77,63.7,100.8,0,1.968
2026-05-28,17.38,9.61,203.25,323.33,74.8,101.4,1.19,0.724
2026-05-29,20.18,10.27,250.11,313.54,73.2,101.6,0,0.62
2026-05-30,20.24,9.25,252.78,309.81,74.5,101.9,0,1.362
2026-05-31,20.12,8.68,250.9,309.9,76.3,101.9,0,1.369
2026-06-01,20,8.11,249.03,309.89,78.2,101.9,0,1.379
2026-06-02,22.55,9.34,290.2,308.54,64.6,101,0,1.751
2026-06-03,13.91,7.87,175.8,323.58,69.8,99.9,1.21,0.91
2026-06-04,11.47,7.13,166.24,312.56,66.8,99.6,0,0.75
2026-06-05,14.67,8.86,166.71,324.47,70.4,99.3,0,2.781
2026-06-06,15.06,9.45,187.53,328.74,72.1,99.6,1.74,1.395
2026-06-07,14.01,8.89,162.88,320.25,62.1,99.9,0,1.884
2026-06-08,14.82,7.12,233.21,292.04,59.4,100.3,0,0.864
2026-06-09,19.25,8.5,298.55,292.68,63.9,100.1,0,2.24
2026-06-10,18.52,13.49,229.5,337.99,78.6,99.5,0,3.157
2026-06-11,15.09,10.59,245.78,311.58,69,98.8,0,3.03
2026-06-12,16.34,8.56,221.61,296.39,58,99.3,0,2.182
2026-06-13,17.96,8.4,236.91,307.5,65.1,99.9,0,2.572
2026-06-14,19.23,13.55,236.75,340.21,77.9,100.1,1.01,3.073
2026-06-15,19.02,13.43,246.9,325.91,76.3,100.3,0,3.262
2026-06-16,18.05,9.75,292.91,306.46,71.8,100.1,0.68,2.498
2026-06-17,15.05,8.14,229.99,298.34,58.9,100.8,0,1.394
2026-06-18,20.18,9.65,299.32,297.76,52.9,101.1,0,0.353
2026-06-19,17.43,12.04,178.4,347.92,77,101.4,0,2.06
2026-06-20,16.96,10.87,196.17,336.25,83.4,101.1,1.28,2.205
2026-06-21,17.66,10.36,225.23,325.52,80.1,100.5,0,1.189
2026-06-22,15.42,11.01,160.13,336.2,90.4,99.8,14.38,1.488
2026-06-23,18.06,10.93,172.36,342.42,80.3,99.5,6.95,1.286
2026-06-24,17.61,12.48,138.58,348.51,87.1,99.5,5.69,1.32
2026-06-25,22.67,11.59,255.47,333.09,73.5,99.7,1.02,0.488
2026-06-26,22.21,12.46,310.85,311.92,73.2,99.9,2.69,1.053
2026-06-27,24.08,12.04,256.05,324.46,65.6,100.4,0,1.433
2026-06-28,24.05,12.75,291.19,315.15,66,100.6,0,2.324
2026-06-29,22.43,13.08,309.94,325.33,75,100.2,0,1.92
2026-06-30,23.48,12.59,310.67,332.5,74.8,99.3,0,2.978
2026-07-01,24.14,12.97,322.5,330.56,74.7,98.8,0,3.066
2026-07-02,23.97,13.88,164.97,367.64,84.7,99,11.34,0.944
2026-07-03,24.76,13.77,287.36,329.34,69.3,99.9,0,0.828
2026-07-04,26.02,14.9,282.62,333.85,68.7,100.4,0,0.558
2026-07-05,27.71,16.1,254.07,350.8,63,100.2,2.07,0.635
2026-07-06,29.74,17.47,268.51,365.83,67.7,99.6,4.93,0.92
2026-07-07,23.7,16.64,322.7,326.48,69.6,99.6,0,3.058
2026-07-08,22.34,15.42,285.81,323.05,75.6,99.8,5.36,1.591
2026-07-09,24.03,14.51,318.15,314.92,71.6,99.5,3.38,1.233
2026-07-10,23.38,15.22,286.38,326.77,73.3,99.5,2.71,1.705
2026-07-11,26.64,15.64,291.87,335.75,63.8,99.5,0.19,1.374
2026-07-12,22.73,15.96,271.19,327.85,66,99.1,1.55,2.388
2026-07-13,23.06,14.01,222.86,339.84,68.7,99,2.95,2.184
2026-07-14,21.17,14.29,312.99,311.42,67.3,98.9,0,2.495
2026-07-15,22.2,13.26,227.96,332.86,65.7,99.1,0.1,0.536
2026-07-16,20.78,16.66,184.94,364.59,89.4,98.8,20,1.313
2026-07-17,22.79,16.66,195.48,360.44,77,98.8,1.3,1.577
2026-07-18,23.9,15.28,268.76,330.37,63.5,98.7,0.98,2.674
2026-07-19,23.1,14.37,298.06,314.54,59.1,99,0,2.582
2026-07-20,22.55,14.39,245.1,325.95,72,99.6,0,1.542
2026-07-21,21.68,14.82,208.61,343.78,80.3,100.1,3.82,1.277
2026-07-22,20.7,14.62,161.61,353.36,80.1,99.8,1.7,0.41
2026-07-23,20.37,14.96,147.84,357.42,83.9,99.6,4.92,0.958
2026-07-24,23.89,15.22,236.44,336.23,73.2,99.7,0.59,1.743
2026-07-25,23.97,14.87,232.04,330.79,64,99.8,0,0.981
2026-07-26,22.27,15.11,278.81,318.49,69.4,99.9,0,2.285
2026-07-27,23.25,13.96,244.98,324.79,71.7,100.1,0.72,1.752
2026-07-28,23.45,14.9,248.12,330.84,66.2,100.2,0,0.455
2026-07-29,23.43,14.87,229.77,336.67,73.6,100.1,0.38,1.893
2026-07-30,19.8,11.96,267.27,297.98,62.6,100.4,0,2.803
2026-07-31,19.69,12.42,251.91,312.13,69.2,100.2,0,3.05
2026-08-01,19.58,12.89,236.71,325.96,75.9,100.1,0,3.304
2026-08-02,24.4,16.31,221.27,350.24,74.4,99.4,0.57,2.061
2026-08-03,20.89,15.31,254.01,328.71,68.4,99.3,0,2.158
2026-08-04,22.43,15.24,219.83,340.74,73.9,99.1,0.94,3.022
2026-08-05,18.74,13.48,261,306.11,71.9,99,0.78,3.326
2026-08-06,19.32,12.53,233.32,315.93,70,99.1,2.45,2.787
2026-08-07,20.48,13.04,220.78,312.51,68.3,98.9,0,1.85
2026-08-08,18.72,11.86,209.88,311.4,69.5,99.1,0,2.702
2026-08-09,19.17,12.56,196.75,314.48,66.8,99.4,0,2.524
2026-08-10,21.14,11.15,208.21,317.73,67.7,99.5,2.59,0.98
2026-08-11,19.98,12.78,168.97,343.88,74.2,98.3,7.32,1.762
2026-08-12,17.61,11.2,206.51,306.84,76.2,98.1,3.34,1.333
2026-08-13,22.21,12.04,232.07,336.07,76.9,98.7,0,1.985
2026-08-14,22.38,17.1,112.45,372.41,83.2,98.8,3.63,1.979
2026-08-15,22.11,14.2,246.5,315.09,66.4,98.9,0,2.435
2026-08-16,21.22,13.29,244.99,310.24,67.9,99.7,0,1.958
2026-08-17,22.95,12.19,219.89,318.08,67.4,99.6,0,1.307
2026-08-18,22.02,13.94,241.71,315.62,69.4,99.8,0.78,2.004
2026-08-19,22.65,11.69,252.67,299.78,68.3,100.3,0,0.891
2026-08-20,24.86,11.72,253.46,308.73,67.7,100.3,0,1.462
2026-08-21,22.06,15.19,115.18,355.64,87.9,99.4,14.71,0.607
2026-08-22,20.47,13.27,246.77,300.46,61.9,99.6,0,2.798
2026-08-23,20.15,13.18,232.78,309.62,69.7,99.8,0,3.06
2026-08-24,19.98,14.19,194.06,319.7,77.1,100.2,0,2.464
2026-08-25,23.01,14.59,186.75,334.46,78.7,100.7,0.15,1.563
2026-08-26,23.99,12.94,221.49,322.91,77.4,101.1,0,0.591
2026-08-27,26.69,14.02,250.76,322.34,71.4,101.2,0,1.364
2026-08-28,22.87,13.3,205.37,337.33,79,100.8,0.84,1.524
2026-08-29,18.26,11,244.63,278.36,58.2,100.9,0,0.739
2026-08-30,18.6,10.24,236.26,281.25,59.6,100.7,0,0.531
2026-08-31,20.53,9.6,237.9,285.7,60.1,100.8,0,0.565
2026-09-01,22.45,8.96,239.53,291.77,60.6,100.9,0,0.831
2026-09-02,19.68,11.13,176.01,319.61,78.2,101.2,0,0.731
2026-09-03,19.53,12.64,177.08,330.9,72.6,101.2,0,0.54
2026-09-04,20.24,12.83,147.48,336.36,76,100.9,0,0.718
2026-09-05,17.62,11.47,174.22,313.06,72.5,100.5,0,0.689
2026-09-06,17.44,11.05,146.77,316.88,70.3,100.6,0,0.732
2026-09-07,18.38,10.02,185.27,300.79,67.6,101,0,0.684
2026-09-08,17.25,12.23,145.92,336.57,80.5,101,0.72,0.659
2026-09-09,17.05,12.33,127.27,342.72,84.6,101,1.01,2.222
2026-09-10,18.29,11.48,117.14,341.76,82.9,100.8,0.69,2.858
2026-09-11,20.32,10.97,158.62,328.35,78.3,100.5,0,1.934
2026-09-12,18.7,10.06,124.3,333.67,82.4,100.3,0,0.226
2026-09-13,18.57,9.65,146.09,315.68,77.1,100.4,0,0.18
2026-09-14,18.76,10.97,169.54,312.48,74.2,100.3,0,1.26
2026-09-15,20.87,10.8,168.12,310.97,73.1,100.5,0,1.019
2026-09-16,16.36,10.56,152.45,315.35,67.6,101.2,0,2.12
2026-09-17,16.54,8.01,122.52,303.21,69.5,101.2,0,2.109
2026-09-18,19.95,8.21,117.54,327.17,69.3,100.5,0,1.679
2026-09-19,24.31,12.03,154.39,340.79,60.8,100.7,0,0.417
2026-09-20,24.41,13.07,110.52,355.99,71.4,101.2,0,0.41
2026-09-21,31.88,15.79,163.86,359.35,47.5,101.3,0,1.207
2026-09-22,27,13.26,168,324.59,54.2,101.3,0,2.71
2026-09-23,25.74,10.31,182.07,308.15,73.4,100.6,0,1.516
2026-09-24,26.23,10.61,176.72,321.73,74,100.4,0,0.34
2026-09-25,27.01,13.54,173.68,325.25,68.6,100.2,0,0.186
2026-09-26,26.72,11.83,168.57,320.61,71.5,99.7,0,0.827
2026-09-27,19.31,9.53,68.65,329.26,82.1,98.7,7.06,1.329
2026-09-28,16.32,9.19,147.12,279.53,63.1,99.4,0,2.197
2026-09-29,17.51,8.1,140.55,301,69.8,99.7,0,2.034
2026-09-30,18.81,13.36,55.35,360.4,88.5,99.7,1.9,1.318
2026-10-01,20.74,14.07,107.21,348.74,71.7,99.2,0,1.483
2026-10-02,15.27,7.17,39.01,323.94,84.7,99.1,6.49,0.509
2026-10-03,15.17,6.35,40.53,331.99,87.5,98.4,7.16,1.443
2026-10-04,15.26,9.63,125.4,290.23,69.6,98.2,0,2.437
2026-10-05,12.35,8.63,117.87,279.52,72.8,98.3,0,2.543
2026-10-06,11.63,8.47,55.81,321.96,86.1,97.6,6.39,1.385
2026-10-07,11.19,7.26,77.55,295.4,84.8,97.5,0.91,2.448
2026-10-08,13.18,7.83,87.83,305.64,81.5,97.8,3.19,2.704
2026-10-09,11.9,7.51,70.72,308.73,84.4,96.5,5.62,2.245
2026-10-10,13.28,8.71,84.95,295.66,79.1,97.6,1.08,3.722
2026-10-11,13.6,7.67,55.29,311.75,85.1,98.8,0.05,2.183
2026-10-12,14.81,8.69,37.71,330.47,89.9,98.9,16.43,1.803
2026-10-13,12.9,8.42,75.18,313.01,70.6,100.3,0,2.023
2026-10-14,14.78,5.58,117.46,277.07,79.9,101.1,0,0.593
2026-10-15,14.73,6.21,115.83,273.79,80.1,100.6,0,2.857
2026-10-16,13.39,6.88,62.13,310.86,92.6,100,1.98,2.941
2026-10-17,14.02,8.07,69.05,337.71,95.5,99.9,1.31,0.662
2026-10-18,13.39,9.82,82.32,316.68,78,99.3,0,1.178
2026-10-19,12.48,7.68,42.92,322.05,89.4,99,3.31,0.831
2026-10-20,11.29,3.14,98.99,267.08,83.5,99.1,0,0.108
2026-10-21,12.23,6.71,9.19,347.85,95,97.8,27.22,4.177
2026-10-22,12.69,10.94,39.83,353.96,92.9,98,18.35,5.825
2026-10-23,11.36,8.03,41.02,329.78,80,98.9,2.48,4.125
2026-10-24,8.1,2.21,49.05,272.07,80.5,98.7,0,0.926
2026-10-25,10.87,1.36,87.49,285.12,94.4,99.3,1.22,0.298
2026-10-26,10.44,7.92,55.81,318.74,84.5,99.8,0,1.512
2026-10-27,11.31,7.66,60.52,316.82,83.7,100.1,0,1.779
2026-10-28,10.91,7.69,42.64,321.35,91.2,100.1,3.14,2.692
2026-10-29,9.7,7.21,29.1,326.44,94.4,99.8,2.52,2.058
2026-10-30,11,7.78,47.63,322.94,92.4,100.1,0.56,1.32
2026-10-31,10.56,6.4,42.66,314.14,93,100.2,1.03,1.656
2026-11-01,10.13,5.01,37.68,306.37,93.5,100.4,1.4,1.984
2026-11-02,8.24,4.93,47.61,306.96,80.2,99.8,0,2.285
2026-11-03,8.6,4.65,55.63,306.98,77.7,99.6,0.98,0.457
2026-11-04,9.48,4.48,63.33,281.87,78.7,100,0,0.891
2026-11-05,11.34,6.51,51.97,302.93,89,99.3,1.31,1.935
2026-11-06,11.34,7.28,44.18,314.64,89.3,99.4,6.58,1.846
2026-11-07,12.96,9.6,23.07,332.03,86.5,97.7,7.31,3.669
2026-11-08,9.68,6.6,64.54,284.12,70,98.4,0.96,3.406
2026-11-09,15.35,6.76,49.6,330.04,88,97.1,14.96,4.202
2026-11-10,14.55,7.15,48.01,304.1,79.2,97.2,5.56,3.867
2026-11-11,8.37,6.41,23.18,301.5,85.8,98.6,0.69,2.158
2026-11-12,14.74,8.24,24.84,340.18,88.7,98.7,6.68,2.662
2026-11-13,12.87,7.02,37.76,308.79,69.7,98.6,2.43,4.253
2026-11-14,8.97,6.79,38.55,306.33,72.4,99.2,8.52,4.486
2026-11-15,10.31,5.17,21.83,316.1,84.4,97,25.92,2.949
2026-11-16,5.89,3.02,59.42,254.74,76.5,99.6,0,0.592
2026-11-17,10.31,3.85,40.59,299.65,88.8,97.5,13.33,1.666
2026-11-18,7.86,5.35,26.27,295.62,80.9,97.1,11.66,0.81
2026-11-19,9.03,4.28,21.77,321.03,92.3,95.1,17.55,1.532
2026-11-20,7.49,3.93,32.1,294.98,69.9,96.7,5.14,4.973
2026-11-21,4.96,1.03,9.43,289.54,87.1,97.5,2.96,0.757
2026-11-22,5.43,0.07,22.68,274.14,88.9,98.1,2.89,1.758
2026-11-23,6.85,1.7,44.99,264.29,81,99.6,0,1.766
2026-11-24,4.07,-0.95,31.51,269.77,89.9,100.2,0,0.345
2026-11-25,5.12,0.46,23.67,308.36,98.2,100.2,3.28,1.457
2026-11-26,8.9,4.61,9.8,330.21,98,98.7,6.78,1.481
2026-11-27,7.02,4.87,24.33,287.94,87.3,97.6,2.15,1.945
2026-11-28,7.16,3.9,43.34,271.98,83.1,99.1,5.12,1.326
2026-11-29,10.3,5.91,30.22,304.81,79.5,98,4.49,2.697
2026-11-30,8.5,6.83,23.94,293.86,79.1,99.2,1.48,2.925
2026-12-01,8.21,3.82,25.87,291.82,94.8,100.5,5.18,0.797
2026-12-02,10.81,5.86,15.45,316.15,92.3,99.5,1.12,1.529
2026-12-03,8.21,4.89,23.71,293.23,87.9,100.3,0,2.143
2026-12-04,9.82,7.06,16.63,327.3,93,99.9,1.87,2.542
2026-12-05,8.86,3.71,38.59,270.14,83.5,99.5,0,2.785
2026-12-06,6.31,3.3,39.12,260.02,81.4,101.1,0,2.227
2026-12-07,9.56,5.05,23.54,307.71,91.2,101.4,0,2.636
2026-12-08,10.83,9.27,29.05,334.05,91.5,101.3,0,1.833
2026-12-09,9.89,5.8,24.5,311.79,91.2,101.2,2.62,1.094
2026-12-10,7.71,5.03,22.61,294.32,89.7,100.9,0,1.891
2026-12-11,10.94,5.26,22.94,304.33,89.9,99.5,1.75,2.163
2026-12-12,7,4.34,23.35,283.91,80.8,99.8,0,1.796
2026-12-13,10.8,4.6,13.08,325.3,89,98.8,2.99,2.102
2026-12-14,11.48,5.35,21.01,309.65,84.3,97.1,12.09,3.138
2026-12-15,6.45,4.93,22.79,285.8,75.6,97.2,2.93,4.993
2026-12-16,6.96,5.04,30.45,274.91,74.3,98.1,0,4.117
2026-12-17,10.19,2.99,4.23,317.64,90.7,97.5,14.31,0.751
2026-12-18,6.39,3.3,29.72,257.04,70.2,98.7,0,4.807
2026-12-19,4.09,1.98,9.72,292.36,94.8,99,26.92,1.23
2026-12-20,5.19,1.25,21.37,279.2,88.4,98.1,7.72,0.985
2026-12-21,3.48,0.87,35.56,238.95,81.5,99.8,0,1.982
2026-12-22,6.76,0.82,27.65,271.57,88,100.4,0,1.865
2026-12-23,9.98,6.79,13.86,326.06,89.6,99.6,7.18,2.716
2026-12-24,9.54,5.27,33.53,282.68,89,100.1,4.71,1.793
2026-12-25,9.82,6.74,20.66,310.79,72.1,99.6,0,4.073
2026-12-26,11.25,5.64,10.51,318.58,82.9,99.4,3.69,2.992
2026-12-27,11.3,7.76,26.24,311.97,82.1,98.2,8.49,3.748
2026-12-28,9.01,5.05,21.09,292.18,69.8,98.1,0.75,4.422
2026-12-29,12.62,3.8,24.03,311.58,79,97.9,3.27,3.183
2026-12-30,9.48,4.37,13.24,297.57,68.3,97.8,3.37,4.938
2026-12-31,9.86,4.27,14.28,301.69,77.4,98.8,3.36,3.952
2027-01-01,10.24,4.16,15.33,310.59,86.5,99.8,3.33,2.966
2027-01-02,11.59,8.12,36.6,309.36,88.6,100.4,1.49,2.284
2027-01-03,13.55,9.12,18.07,340.84,88.4,100.2,3.73,2.836
2027-01-04,13.44,6.74,21.14,321.81,86.6,100.3,3.38,3.068
2027-01-05,12.32,4.83,18.34,330.96,92.5,100.7,5.12,1.425
2027-01-06,12.14,10.13,14.68,344.06,92.3,100.5,1.54,2.55
2027-01-07,10.56,4.99,27.17,289.85,77.6,100.2,0,3.166
2027-01-08,7.84,4.23,36.45,283.05,80.6,101.6,0,3.043
2027-01-09,8.65,6.95,23.29,318.24,90.3,101.9,0,1.991
2027-01-10,7.95,5.15,20.33,314.51,93.8,101.6,0,0.995
2027-01-11,6.52,2.37,25.47,286.15,95.6,101.4,0,0.911
2027-01-12,7.21,3.02,22.69,310.94,95.7,101.6,0,0.708
2027-01-13,5.63,-0.37,28.88,276.3,92.5,101.7,1.22,0.242
2027-01-14,3.21,-0.39,34.31,280.89,85.2,101.8,0,0.695
2027-01-15,6.03,1.77,19,311.14,95.4,101.8,5.45,0.244
2027-01-16,6,3,25.56,299.94,82.3,102.1,0,1.605
2027-01-17,5.14,2.21,16.2,299.9,88.4,102.1,1.22,1.974
2027-01-18,5.26,2.89,24.19,302.61,95.7,102.2,1.85,1.43
2027-01-19,5.83,3.24,43.82,291.72,87.3,102.2,0,0.491
2027-01-20,5.64,3.13,22.84,293.99,84.3,101.7,0,1.543
2027-01-21,7,3.54,32.43,291.04,79,100.3,0,2.945
2027-01-22,7.52,3.96,43.09,277.33,81,99.5,0,3.845
2027-01-23,6.98,-1.35,55.54,239.81,66.7,100,2.05,2.238
2027-01-24,2.22,-3,50.36,227.13,70.9,101.2,0,1.48
2027-01-25,7.65,-2.38,27.16,289.69,94,100.4,0,1.872
2027-01-26,3.62,-0.36,36.38,267.69,83.6,101.1,0,0.867
2027-01-27,8.9,0.4,38.21,293.98,86.1,100.2,0,3.251
2027-01-28,5.11,0.98,51.46,266.69,73.7,100,0,0.736
2027-01-29,3.59,-0.21,19.13,289.29,91.2,100.5,5.34,0.46
2027-01-30,3.79,0.27,22.37,285.33,88.7,100.1,0,1.938
2027-01-31,4.54,1.48,56.92,261.13,71.7,99.2,0,1.407
2027-02-01,4.87,-0.48,42.73,273.7,83,99,3.62,2.311
2027-02-02,3.25,-0.08,54.87,263.2,64.1,99.1,1.52,0.376
2027-02-03,5.78,0.09,16.86,284.72,87.3,98.8,0,2.783
2027-02-04,7.41,4.15,39.08,292.91,89.1,98,1.05,2.661
2027-02-05,4.89,1.94,43.78,282.24,88.5,98.3,2.26,1.699
2027-02-06,4.22,-0.15,59.49,270.63,78.6,98.5,4,1.683
2027-02-07,4.27,-0.41,59.41,276.14,79.6,99.5,2.45,0.995
2027-02-08,6.93,0.2,33.17,309.01,97,99.3,0.85,0.768
2027-02-09,7.48,2.85,40.09,289.13,88.5,97.8,3.1,1.487
2027-02-10,6.39,1.1,36.2,296.24,94,96.9,19.96,2.369
2027-02-11,6.46,2.9,31.73,306.62,90.2,94.9,4.31,2.849
2027-02-12,5.66,1.03,73.06,262.15,81.6,97,0,3.435
2027-02-13,2.34,-1.34,12.05,292.93,100,97.2,20.74,0.118
2027-02-14,3.35,-0.63,72.74,241.61,87.1,98,0,2.72
2027-02-15,4.63,-0.11,58.59,287.38,92.8,99.2,0,1.704
2027-02-16,3.14,0.68,6.84,312.68,95.4,98.6,31.08,7.223
2027-02-17,9.85,3.06,65.66,307.89,95.1,97.8,6.79,1.697
2027-02-18,9.19,5.94,46.18,326.41,98.4,97.7,10.61,2.671
2027-02-19,7.97,3.39,34.65,324.39,99.6,98.1,3.19,2.298
2027-02-20,3.49,0.69,38.97,299.55,91.3,99,2.67,3.637
2027-02-21,0.99,-0.92,23.62,298.77,92.1,98.1,5.13,6.704
2027-02-22,-0.66,-2.92,34.9,291.22,95.3,98.2,5.18,5.826
2027-02-23,-0.39,-8.21,54.28,254.64,91.1,99.8,3.06,0.625
2027-02-24,-0.52,-11.36,74.27,214.74,92.7,100.8,0,0.472
2027-02-25,-1.33,-5.41,34.37,267.07,95,100.8,1.48,1.693
2027-02-26,-1.64,-4.03,38.1,279.66,97,100.4,2.78,2.868
2027-02-27,-0.98,-11.75,43.29,254.79,93.6,100.9,0,2.116
2027-02-28,-1.55,-13.19,51,250.39,99,100.7,0,0.203
2027-03-01,-0.89,-11.24,74.96,239.31,95.5,100.6,0,0.4
2027-03-02,-0.19,-6.1,63.43,270.88,87.3,99.3,0,1.938
2027-03-03,7.91,-0.55,23.12,315.84,96.8,95.8,18.9,2.118
2027-03-04,7.55,2,83.51,286.22,84.4,95.3,2.84,2.235
2027-03-05,6.75,2.39,90.67,289.69,92.5,95.6,1.05,2.212
2027-03-06,6.23,3.14,77.81,305.59,85.7,97.3,3.61,1.394
2027-03-07,5.56,1.89,73.48,300.08,87.4,97.6,0,2.304
2027-03-08,3.54,0.08,71.14,273.76,81,97.5,3.57,1.016
2027-03-09,5.58,0.58,131.15,246.27,77.3,98.5,0,3.202
2027-03-10,5.75,-1.08,143.99,246.14,71.5,99.7,0,0.667
2027-03-11,8.39,0.27,24.22,320.89,97.4,97.8,27.62,3.519
2027-03-12,6.11,3.18,68.32,304.21,85.2,96.8,4.18,3.826
2027-03-13,5.73,3.18,91.02,298.45,77,99.6,1.9,1.408
2027-03-14,6.4,1.03,84.65,291.55,73.8,101.4,0,0.916
2027-03-15,12.9,4.81,88.58,322.53,86.7,100.8,0,2.51
2027-03-16,13.09,8.44,97.84,312,83,100.7,0,3.172
2027-03-17,11.56,6.24,123.79,299.62,78.9,99.9,0,3.129
2027-03-18,7.56,4.41,126.42,282.83,69.8,99.7,0,3.526
2027-03-19,8.68,4.58,128.33,292.45,75.6,98.1,4,3.139
2027-03-20,7.16,2.81,109.31,292.76,77.5,98.3,2.68,4.018
2027-03-21,8.72,5.01,143.33,290.12,69.1,97.6,3.54,5.773
2027-03-22,7.73,4.48,119.38,290.67,67.6,98,1.23,5.123
2027-03-23,8.57,3.53,106.82,289.32,76.9,99.4,0,2.117
2027-03-24,8.08,2.45,58.25,307.02,93.8,100.1,4.75,1.018
2027-03-25,12.59,5.67,65.68,314.32,88.6,99.4,3.77,2.187
2027-03-26,9.83,4.79,152.05,270.66,73.3,100.6,0,3.017
2027-03-27,9.97,4.82,86.88,298.19,84.1,100.7,0,1.588
2027-03-28,12.65,5.05,166.34,295.32,72.2,100.3,0,1.825
2027-03-29,14.08,4.82,157.96,299.69,71.7,99.7,0,1.973
2027-03-30,14.09,7.58,72.97,330.68,89.1,98.8,2.11,1.425
2027-03-31,11.33,6.04,132.73,296.82,68.3,100.2,0,1.974
2027-04-01,13.09,6.88,131.01,315.2,70.4,100.3,0,2.14
2027-04-02,15.15,7.88,63.48,332.19,92.5,99.3,8.57,1.725
2027-04-03,12.32,5.08,50.86,329.16,90.3,97.8,14.3,1.593
2027-04-04,7.57,4.27,68.07,316.39,85.7,98,10.22,2.459
2027-04-05,5.47,1.61,109.82,294.4,76.8,100.2,1.57,3.81
2027-04-06,8.72,1.16,120.91,291.54,70.7,101.4,0,1.377
2027-04-07,12.8,5.26,141.09,303.64,80.1,101,0,2.339
2027-04-08,11.31,5.64,149.26,296.85,74.4,100.4,0,1.327
2027-04-09,11.83,5.82,126.25,305.63,74.1,99.9,0.07,0.805
2027-04-10,11.6,4.81,217.66,285.8,69.8,99.6,0,1.192
2027-04-11,12.63,6.59,170.25,300.04,73.5,99.8,0,2.217
2027-04-12,15.09,8.1,175.14,312.86,77.7,100.1,0,3.184
2027-04-13,12.28,8.12,112.32,329.21,85.8,100.1,9.05,2.273
2027-04-14,13.02,7.42,171.99,308.74,75.3,99.8,2.34,2.14
2027-04-15,10.99,7.13,224.45,277.9,59.4,99.6,0.63,5.165
2027-04-16,12.15,5.52,139.53,313.36,76.6,98.5,10.59,4.543
2027-04-17,11.57,3.43,217.14,261.36,59,100.7,0,2.464
2027-04-18,12.98,5.19,169.03,297.25,73.2,100.7,0,3.641
2027-04-19,14.51,9.99,154.21,333.28,84.9,99.8,1.71,4.286
2027-04-20,16.85,10.7,209.26,313.68,75.7,99.6,0,3.234
2027-04-21,16.16,9.32,208.88,310.74,76.4,98.6,0.31,2.483
2027-04-22,17.66,12.36,186.45,339.86,78.4,98.3,1.46,2.363
2027-04-23,18.44,11.2,179.03,333.38,77.5,97.6,3.12,1.594
2027-04-24,11.61,7.88,133.3,316.68,74.7,96.7,5.55,2.517
2027-04-25,12.78,7.58,157.03,316.79,80.2,96.7,5.1,3.653
2027-04-26,9.44,6.61,156.61,303.41,84.3,97.2,4.79,3.968
2027-04-27,8.34,3.14,122.18,297.23,82.4,98.8,4.57,0.596
2027-04-28,7.11,1.9,111.25,300.1,83,100.5,8.7,0.916
2027-04-29,11.2,2.18,183.37,285.86,69.7,100.9,0,0.89
2027-04-30,14.05,5.23,227.96,285.67,60.8,100,0,1.728
2027-05-01,15.4,7.56,185,316,71.4,99.3,2.56,0.938
2027-05-02,13.62,9.29,150.8,317.07,81.7,98.2,7.48,1.658
2027-05-03,11.75,7.96,122.85,306.35,81,98.3,7.13,1.77
2027-05-04,8.88,6.67,151.51,308.1,84,97.7,5.06,4.317
2027-05-05,11.03,6.25,129.7,310.95,82.8,98.6,10.04,3.485
2027-05-06,10.75,7,161.06,315.69,85.5,100.4,0.89,1.279
2027-05-07,9.97,5.84,218.12,302.13,76.9,100.7,0,1.182
2027-05-08,11.62,6.3,162.68,329.52,91,99.5,6.25,2.841
2027-05-09,16.22,8.34,218.99,325.67,82.7,99.7,1.21,3.704
2027-05-10,14.5,6.22,273.14,271,70.9,99.7,0,1.698
2027-05-11,15.89,4.83,275.27,275.21,70.5,99.8,0,1.11
2027-05-12,17.36,9.15,191.39,316.14,68.2,100,0,0.619
2027-05-13,15.58,8.91,186.3,316.97,83.5,100,5.08,1.391
2027-05-14,14.26,7.45,243.42,297.47,78,100.7,0,2.382
2027-05-15,16.53,7.62,249.91,295.85,71,101.3,0,2.364
2027-05-16,18.31,6.66,290.22,275.59,65.8,100.7,0,1.084
2027-05-17,14.77,9.66,193.86,324.56,76.3,99.8,3.76,0.518
2027-05-18,13.43,9.2,152.14,321.78,66.5,99.6,0,1.456
2027-05-19,14.4,8.85,169.45,309.59,81,99.3,4.35,1.663
2027-05-20,11.04,6.83,79.13,326.28,90.8,99,17.01,1.516
2027-05-21,14.58,6.05,249.13,291.42,66.2,99.1,0,1.191
2027-05-22,11.69,4.81,200,297.25,72,99.5,3.27,3.891
2027-05-23,11.93,6.01,155.36,331.42,88.7,99.1,16.12,2.918
2027-05-24,15.82,9.38,115.88,347.88,94.9,99,19.54,1.977
2027-05-25,19.86,9.19,246.17,320.21,79.9,99.9,0,0.52
2027-05-26,21.3,9.84,270.62,310.63,72.8,100.6,0,1.017
2027-05-27,19.6,9.52,268.45,304.71,79.9,100.7,0,2.957
2027-05-28,18.89,8.12,344.07,281.43,68.1,100.5,0,4.261
2027-05-29,20.18,10.93,211.57,351.74,89.3,99.8,4.44,3.325
2027-05-30,22.3,13.6,221.2,355.45,81.3,98.9,2.88,0.111
2027-05-31,21.93,13.35,237.17,344.5,78.1,98.9,6.63,0.194
2027-06-01,21.55,13.1,253.25,333.51,74.8,98.9,10.39,0.426
2027-06-02,18.65,13.61,183.67,326.27,75.4,99.2,1.46,0.153
2027-06-03,14.9,9.61,148.69,338.34,80.4,98.3,9.34,3.616
2027-06-04,14.31,8.11,164.2,330.03,82.1,98.7,4.59,1.719
2027-06-05,13.06,7.06,208.68,302.29,64.7,99.4,0,0.534
2027-06-06,14.43,7.53,192.45,314.62,72,99.8,1.21,0.466
2027-06-07,14.77,7.55,209.81,298.82,70.7,99.7,0,1.633
2027-06-08,15.82,10.31,162.32,338.41,82.3,99.2,4.02,2.002
2027-06-09,18.38,12.92,209.09,350.5,93.3,98.6,19.13,2.755
2027-06-10,13.64,9.16,76.24,353.65,97.3,98.3,37.65,3.355
2027-06-11,13.42,8.1,189.8,320.78,87.2,98.2,9.56,0.955
2027-06-12,15.54,7.36,283.33,285.86,66,98.7,0,0.466
2027-06-13,15.76,9.87,242.41,298.46,67,99.3,0,2.164
2027-06-14,17.54,10.06,225.36,320.95,73.8,99.4,0,2.6
2027-06-15,16.23,12.55,127.88,343.92,88,99.2,8.43,1.319
2027-06-16,19.54,11.57,202.08,342.67,83.1,99.2,6.21,2.252
2027-06-17,14.89,12.43,63.4,362.59,96,99.1,41.56,2.326
2027-06-18,14.91,12.36,143.06,353.74,88.2,99.6,5.99,0.897
2027-06-19,17.48,11.99,179.62,330.99,77.9,99.8,1.4,1.854
2027-06-20,18.92,10.5,241.46,317.07,74.6,100.1,0,1.996
2027-06-21,18.34,11.71,293.19,314.29,71.5,99.9,0,2.788
2027-06-22,17.52,10.32,254.62,310.21,68.5,100.6,0,0.707
2027-06-23,18.62,9.86,291.25,314.94,71.9,100.9,0,0.646
2027-06-24,17.29,11.16,193.06,339.96,82.3,101.2,0,1.583
2027-06-25,14.84,10.48,245.23,318.27,80.5,101.3,0,3.208
2027-06-26,18.16,10.27,276.57,309.2,74.9,101.3,0,2.945
2027-06-27,17.94,10.29,302.92,305.8,77.4,100.8,0,2.506
2027-06-28,15.63,10.71,171.2,344.84,86.9,99.8,1.09,2.105
2027-06-29,14.99,8.48,258.38,306.75,75.2,99.6,0,2.431
2027-06-30,19.03,6.92,341.99,269.28,64.8,99.7,0,1.419
2027-07-01,17.91,11.69,273.87,301.69,72,99.7,0,2.39
2027-07-02,19.05,10.54,296.9,292.75,66.1,100.1,0,1.798
2027-07-03,17.8,10.02,220.32,305.95,72.6,100.2,0,0.344
2027-07-04,20.65,8.08,244.69,316.03,74.1,100.3,2.49,1.417
2027-07-05,19.73,12.35,255.24,326.77,75.9,99.5,3.21,1.431
2027-07-06,16.39,9.84,238.76,315.45,76.5,100.6,1.63,0.88
2027-07-07,19.12,9.62,278.03,320.5,71.6,100.5,0,2.292
2027-07-08,18.86,12.64,283.95,321.9,76.1,99,1.41,3.374
2027-07-09,15.9,11.38,181.08,328.06,73.4,98.8,2.36,2.168
2027-07-10,16.51,9.99,182.22,320.49,64.8,99.6,0,1.869
2027-07-11,19.67,10.91,305.8,297.51,65.9,100.3,0,2.376
2027-07-12,22.87,10.59,285.46,316.02,62.6,100.3,0,1.832
2027-07-13,25.92,12.83,312.71,325.42,68.6,100,0,0.285
2027-07-14,25.64,16.39,277.77,342.09,72.6,100.3,4.42,0.312
2027-07-15,23.39,15.61,199.81,355.38,78.3,100.4,0,1.711
2027-07-16,23.2,14.65,228.17,349.19,73.2,99.9,0,2.247
2027-07-17,23.42,13.33,295.04,322.26,75.2,99.7,1.85,0.627
2027-07-18,26.58,15.16,257.59,343.04,64.7,99.4,0,0.922
2027-07-19,23.73,15.25,176.88,349.45,74.1,99,4.83,1.3
2027-07-20,20.09,14.13,263.58,318.4,72.6,99.1,1.7,2.581
2027-07-21,19.43,13.89,274.06,320.03,73.2,99.3,2.75,3.415
2027-07-22,21.67,14.57,185.88,375.21,88.5,98.6,17.85,2.76
2027-07-23,21.11,13.52,192.15,353.5,82,98.1,13.49,3.054
2027-07-24,18.57,12.86,293.59,302.19,71.7,99.2,0,3.532
2027-07-25,18.45,12.09,171.75,330.95,77.8,99.3,0.27,1.399
2027-07-26,17.96,13.6,141.28,348.85,85,98.7,5.8,2.45
2027-07-27,18.51,13.23,185.68,344.04,88,98.6,13.53,1.786
2027-07-28,20.75,12.99,219.74,336.45,77.2,98.6,2.52,1.1
2027-07-29,20.7,12.34,225.71,311.87,72,98.5,0,1.375
2027-07-30,22.82,12.61,256.26,318.32,76.2,98.6,2.71,0.831
2027-07-31,22.16,12.73,239.33,321.1,77,98.7,2.42,1.014
2027-08-01,21.51,12.86,222.39,323.81,77.8,98.9,2.12,1.211
2027-08-02,19.05,11.77,234.51,317.17,80.3,99,5.02,0.843
2027-08-03,19.36,11.51,243.23,305.61,78.9,99.2,2.38,0.954
2027-08-04,16.74,12.22,124.11,334.28,93,99.4,11.92,1.661
2027-08-05,20.11,11.61,239.22,323.19,74.6,100,0,0.503
2027-08-06,20.9,11.87,258.13,310.59,72.8,100.5,0,0.731
2027-08-07,19.35,11.91,221.07,325.06,77.3,100.5,1.82,0.503
2027-08-08,16.77,11.12,197.13,316.04,81,100.5,0,0.633
2027-08-09,19.74,11.14,289.48,294.17,74,100.5,0,0.646
2027-08-10,22.14,10.69,271.19,299.92,71.3,100.5,0,0.994
2027-08-11,19.97,13.19,201.42,325.46,77.9,100.2,1.89,2.154
2027-08-12,18.63,11.84,247.85,306.46,70.8,100.1,0,2.102
2027-08-13,22.08,12.48,245.16,325.88,72,99.8,0,2.352
2027-08-14,19.34,12.97,76.93,364.93,91.5,99,61.24,0.928
2027-08-15,17.85,12.18,214.11,320.46,79.5,99.5,9.89,2.335
2027-08-16,19.77,11.66,208.21,316.28,71.6,100.6,0,1.714
2027-08-17,19.6,13.72,124.51,359.85,87,100.7,3.48,2.791
2027-08-18,24.2,16.97,243.31,346.38,80.1,100.6,0,2.786
2027-08-19,21.87,14.93,171.69,359.88,86.3,100.3,8.34,2.134
2027-08-20,21.55,14.47,258.94,330.5,71.9,100.5,0,1.244
2027-08-21,22.03,13.52,215.77,331.86,78.9,100.4,0,2.336
2027-08-22,19.57,12.02,177.93,325.35,74.5,100.6,0,0.643
2027-08-23,22.55,14.18,185.01,351.08,83.3,100.6,0,2.162
2027-08-24,22.87,17.16,212.94,339.45,80.3,100.9,0,1.136
2027-08-25,25.57,15.52,252.89,331.39,78.8,101.1,0,0.588
2027-08-26,26.83,15.4,245.59,334.47,76.2,100.5,0,1.033
2027-08-27,26.41,15,223.54,335.88,73.6,99.4,0,2.309
2027-08-28,18.1,12.55,202.34,305.64,72.1,100.3,0,2.432
2027-08-29,19.56,10.49,209.57,301.11,73.2,100.4,0,1.284
2027-08-30,22.1,12.92,222.5,310.45,78.8,99.8,0,1.625
2027-08-31,20.98,12.96,201.48,317.25,78.1,99.7,0,1.897
2027-09-01,19.86,12.99,180.56,321.87,77.3,99.6,0,2.182
2027-09-02,18.35,10.85,194.15,299.76,69.9,100.4,0,1.63
2027-09-03,19.17,12.08,174.94,329.66,81.5,100.3,0,2.735
2027-09-04,18.53,12.65,191.36,323.76,79.5,100.1,0,2.888
2027-09-05,20.82,15.56,186.6,340.7,83.2,100,0,2.395
2027-09-06,17.71,13.13,77.23,339.44,81,99.4,1.5,2.155
2027-09-07,16.14,11.47,144.03,320.05,75.3,99.2,2.2,2.386
2027-09-08,18.41,13.1,145.83,350.45,84.3,98.8,1.35,3.35
2027-09-09,22.13,13.44,162,348.26,82,98.5,9.94,4.974
2027-09-10,16.39,11.55,197.71,289.69,68.3,99.4,0,4.434
2027-09-11,16.5,10.51,160.9,312.69,72,100.5,0,2.216
2027-09-12,20.27,12.81,155.77,332.38,82.1,100.3,0,2.755
2027-09-13,20.53,14,132.5,336.16,86.6,100.7,0,0.772
2027-09-14,21.83,13.84,116.03,358.91,90.2,101,0,2.241
2027-09-15,23.12,15.15,120.87,370.79,87.7,100.8,1.62,3.051
2027-09-16,25.87,17.3,136.12,367.68,77.9,99.9,1.61,1.877
2027-09-17,21.5,16.03,156.17,337.54,80.3,99.9,0,1.373
2027-09-18,21.49,14.21,171.39,325.29,78.1,100.4,0,0.086
2027-09-19,21.93,12.72,167.78,319.69,81.1,100.8,0,0.944
2027-09-20,25.3,14.19,179.86,343.11,80.9,100.6,0,1.313
2027-09-21,20.37,15.39,132.18,339.92,84.7,100,0,1.761
2027-09-22,17.47,15.12,95.17,339.31,83.8,99.7,0,3.176
2027-09-23,19.3,14.85,135.15,344,84.4,99.2,1.33,4.121
2027-09-24,18.66,12.11,139.31,322.22,79.3,98.8,3.54,3.489
2027-09-25,15.68,10.3,109.86,303.15,79,98.4,3.68,2.42
2027-09-26,14.31,9.39,136.62,294.73,77.5,98.6,1.14,3.09
2027-09-27,16.44,10.66,89.56,343.31,85,98,12.76,2.278
2027-09-28,13.54,8.03,108.51,303.3,84.3,98.1,2.74,0.3
2027-09-29,13.78,7.05,109.35,298.96,77.8,98.8,0,0.878
2027-09-30,14.31,7.71,132.83,291.83,72.7,99.8,0,1.665
2027-10-01,12.91,9.15,64.82,330.61,92.4,100.4,7.52,0.872
2027-10-02,13.55,9.53,72.32,325.98,93.9,100.7,1.43,1.322
2027-10-03,15.35,8.85,56.86,338.12,88.4,100.2,3.23,2.829
2027-10-04,16.71,11.12,69.04,353.71,92.1,100.4,1.11,1.107
2027-10-05,18.97,13.1,91.82,348.14,86.2,100.8,0,0.899
2027-10-06,15.35,10.51,102.59,307.27,72.9,99.8,0,1.561
2027-10-07,14.72,9.29,103.95,310.23,79.5,99.6,8.52,1.802
2027-10-08,15.04,7.68,133.54,274.95,77.3,100.1,0,1.987
2027-10-09,15.15,8.13,51.82,345.86,93,99.5,7.75,1.061
2027-10-10,15.61,10.29,76.61,312.23,87.2,99.2,0,1.759
2027-10-11,14.21,9.8,64.41,328.27,84.4,99,2.17,1.969
2027-10-12,15.46,10.35,99.68,322.12,75.8,98.1,0,3.634
2027-10-13,17.6,10.94,112.94,313.6,74.5,98.3,1.85,5.112
2027-10-14,13.59,10.48,114.47,288.85,73,99.5,0,4.593
2027-10-15,14.8,8.72,91.41,302.79,74.9,99.5,0,4.357
2027-10-16,13.9,7.25,96.13,298.16,77.9,99.9,2.32,2.292
2027-10-17,15.93,11.17,79.97,330.87,76.9,99,1.71,3.506
2027-10-18,12.88,10.41,68.54,327.74,78.9,99.2,0,3.215
2027-10-19,14.81,8.44,63.24,313.72,87.1,98.6,0.07,2.151
2027-10-20,10.03,7.66,95.13,282.92,68.3,98,1.67,4.535
2027-10-21,10.45,6.57,91.49,272.54,66.6,99.6,0,2.499
2027-10-22,9.56,4.69,98.64,266.13,63.9,100.8,0,1.639
2027-10-23,12.67,5.23,68.75,318.98,83.2,101.2,0.28,2.343
2027-10-24,13.49,7.35,81.91,301.71,87,101.5,0,1.566
2027-10-25,12,5.55,58.03,318.59,95.1,101.8,0,0.39
2027-10-26,13.18,9.49,51.61,335.02,94.8,102.1,0,0.786
2027-10-27,12.84,7.15,84.89,300.14,93.5,101.8,0,1.241
2027-10-28,12.12,5.5,84.67,291.3,93.9,101,0,0.331
2027-10-29,12.23,6.54,61.13,318.5,91.7,99.6,0,1.572
2027-10-30,13.28,9.01,54.15,322.26,83.5,97.8,7.52,2.397
2027-10-31,12.08,7.99,58.94,307.48,74.8,97.7,4.28,2.771
2027-11-01,10.87,6.98,63.77,292.87,66,97.6,0.88,3.993
2027-11-02,9.74,6.11,71.87,287.25,65.9,98.9,0,3.209
2027-11-03,14.1,3.07,31.29,312.54,91.1,99.3,13.62,1.32
2027-11-04,16.01,11.61,20.42,335.15,90.6,99.1,3.94,2.811
2027-11-05,14.79,11.75,48.15,325.95,84.9,99.9,2.17,2.161
2027-11-06,14.86,11.84,21.22,358.93,93.2,99.2,4,2.291
2027-11-07,14.85,10.5,65.67,318.32,85.1,99,0,3.203
2027-11-08,13.89,8.85,44.45,306.76,74.4,99,1.63,4.751
2027-11-09,9.35,6.78,43.61,292.7,70.8,99.2,0.14,4.424
2027-11-10,8.69,6.08,58.45,271.14,70.9,99.9,0,3.671
2027-11-11,12.01,6.35,27.24,318.42,81.8,99,13.8,3.2
2027-11-12,11.9,7.83,30.03,308.08,76.6,98.9,4.87,2.915
2027-11-13,12.87,8.72,57.11,296.06,69,97.8,0.14,5.854
2027-11-14,8.8,3.52,8.96,293.88,83.7,99.2,14.51,1.18
2027-11-15,14.08,4.47,36.71,318.19,83.5,100.1,0,1.385
2027-11-16,16.17,9.14,35.72,332.7,87.1,99.3,11.69,2.568
2027-11-17,15.6,9.21,27.76,348.13,90.5,99.5,1.24,1.377
2027-11-18,16.19,13.59,38.64,330.42,76.9,99.3,0.47,2.056
2027-11-19,13.62,8.19,45.12,299.42,82.5,99.3,5.61,2.194
2027-11-20,12.39,6.09,34.72,305.12,90.7,98.9,7.49,2.206
2027-11-21,11.95,7.35,37.36,304.93,91.8,98.2,2.4,1.026
2027-11-22,8.28,5.52,47.25,266.15,85,98.8,0,1.694
2027-11-23,9.75,4.72,37.21,293.06,88.3,98.7,2.6,1.378
2027-11-24,10.09,5.95,21.13,297.29,84.5,97.6,4.49,2.071
2027-11-25,6.87,5.14,22.99,296.52,75.8,98.4,0,1.438
2027-11-26,7.39,4.8,26.48,284.9,89.7,98.2,3.76,1.569
2027-11-27,6.97,3.16,26.15,275.43,85.1,98.5,0,2.493
2027-11-28,8.9,2.88,26.81,314.15,89.5,98.9,6.58,1.633
2027-11-29,9.39,6.51,35.05,305.74,79.4,98.7,9.22,4.01
2027-11-30,9.64,4.46,23.1,311.43,89.2,99.7,13.68,2.302
2027-12-01,10.42,6.66,39.73,294.61,90.3,98.9,7.84,1.177
2027-12-02,8.84,4,32.43,284.92,87.4,98.2,7,1.337
2027-12-03,6.78,3.67,11.02,298.37,93.2,98.2,3.39,1.075
2027-12-04,7.52,4.47,31.26,289.82,95.1,98.9,0,1.113
2027-12-05,12.2,6.58,14.94,315.91,86,98.5,8.95,2.466
2027-12-06,8.2,5.75,28.86,285.76,74.3,99.7,0,2.064
2027-12-07,12.61,6.7,15.21,337.68,90.5,99.3,6.26,0.984
2027-12-08,10.16,6.42,9.64,322.91,92.7,97.8,4.39,1.407
2027-12-09,7.78,5.04,34.29,283.99,85.8,98.3,0,1.67
2027-12-10,7.05,4.7,34.08,293.91,89,98.2,15.95,0.874
2027-12-11,10.11,5.5,6.58,317.32,90.1,97.7,14.71,2.941
2027-12-12,6.04,2.7,15.66,273.79,86.6,98,4.7,2.476
2027-12-13,4.81,1.38,35.55,258.25,88.4,98.5,2.22,0.96
2027-12-14,3.17,0.52,13.74,279.07,93.9,98.1,4.45,1.594
2027-12-15,4.93,0.69,29.48,262.15,91.1,99.5,0,1.801
2027-12-16,6.24,-0.13,21.07,273.66,82.1,100.7,0,1.273
2027-12-17,10.58,6.37,10.31,329.73,91.5,99.9,5.52,2.643
2027-12-18,10.63,5.19,29.03,292.79,73.8,99.8,5.86,3.568
2027-12-19,11.8,3.69,11.1,307.35,85.2,99.4,6.27,2.381
2027-12-20,9.7,6.24,24.13,300.57,62.3,99.4,0,5.955
2027-12-21,7.85,5.91,20.36,303.02,74.7,100.9,1.47,3.176
2027-12-22,10.39,7.18,19.05,308.95,85.8,100.2,1.5,4.926
2027-12-23,10.49,5.07,22.67,304.51,77.4,100.1,0.56,3.465
2027-12-24,6.47,3.7,32.88,262.69,78.3,101.4,0,3.547
2027-12-25,8.17,4.81,23.41,296.74,83.9,101.7,0,2.75
2027-12-26,9.11,4.75,32.63,302.8,85.7,101.4,1.56,2.059
2027-12-27,9.16,4.78,23.43,306.75,86.3,100.7,0,2.787
2027-12-28,8.78,6.07,21.76,310.11,84.8,99.5,4.56,4.206
2027-12-29,8.33,5.04,26.07,302.41,89.1,99.5,0,1.77
2027-12-30,9.37,4.62,23.39,297.62,79.1,98.1,1.92,3.046
2027-12-31,7.21,3.38,28.69,280.58,81.1,97.5,1.39,1.883
2028-01-01,5.05,2.14,34.02,261.53,83.1,97,0.86,1.654
2028-01-02,5.52,2.6,9.3,304.68,88.1,95,9.2,1.455
2028-01-03,6.19,3.34,21.44,285.66,85.4,95.3,0,3.941
2028-01-04,5.48,0.99,36.01,263.04,92.4,97.4,1.27,1.487
2028-01-05,4.22,0.73,27.62,275.09,92.5,98.1,5.31,0.796
2028-01-06,4.02,-0.14,36.5,245.89,81,99.4,0,2.287
2028-01-07,6.86,-1.66,9.01,310.05,94.4,99.3,7.07,1.431
2028-01-08,12.37,6.98,15.28,342.2,92.3,98,4.71,1.988
2028-01-09,10.98,5.61,27.87,297.73,66.9,98.7,1.26,4.496
2028-01-10,12.47,4.32,6.53,340.71,88.3,99.7,17.12,0.975
2028-01-11,12.82,11.58,23.02,346.2,92.1,98.9,2.26,1.922
2028-01-12,12.21,7.09,34,301.6,86.2,98.5,0,2.126
2028-01-13,8.92,6.3,32.53,308.92,95.7,98.8,9.73,0.514
2028-01-14,11.76,7.17,13.59,327.5,93.7,98.6,2.03,1.692
2028-01-15,9.65,6.59,41.2,274.27,86.1,99,0,2.458
2028-01-16,7.87,5.12,28.7,297.82,93.8,98.3,4.12,1.018
2028-01-17,7.02,3.56,31.47,282.36,95.9,98.6,2.38,1.097
2028-01-18,5.19,0.44,38.7,260.89,83.1,98.9,0,2.431
2028-01-19,3.39,-1.7,28.28,279,88.7,98.4,1.51,0.572
2028-01-20,4.8,1.55,36.35,293.97,90.5,98.8,8.69,0.529
2028-01-21,3.16,1.34,27.24,296.48,94.9,99.7,1.91,1.193
2028-01-22,1.59,-2.02,46.83,246.66,88.8,99.5,0,1.189
2028-01-23,1.55,-1.05,7.29,300.51,95.2,98.8,18.89,2.075
2028-01-24,-0.13,-1.97,8.23,300.95,100,98.4,26.56,3.671
2028-01-25,-0.47,-0.89,9.06,302,100,97.9,17.24,5.474
2028-01-26,-0.1,-1.89,11.41,289.25,94.2,98.3,7.21,2.249
2028-01-27,1.12,-5.49,19.79,248.01,89,99.2,0,1.774
2028-01-28,1.19,-1.11,16.48,291.11,98.7,99.1,5.23,0.639
2028-01-29,4.83,-0.78,7.69,315.29,100,98.8,11.43,0.465
2028-01-30,9.35,1.56,24.87,315.87,99.5,99.2,0,2.028
2028-01-31,13.02,8.17,39.38,321.51,91.1,98.8,1.86,3.323
2028-02-01,9.02,5.95,49.16,290.91,73.4,99.9,0,3.534
2028-02-02,10.97,4.98,40.32,315.67,90.3,100,2.38,1.838
2028-02-03,10.56,5.3,40.34,315.15,88.9,98.8,2.11,2.118
2028-02-04,6.3,1.32,53.35,258.39,68.3,99.2,1.24,3.33
2028-02-05,6.67,-0.33,60.58,265.96,77.6,101.1,0,2.163
2028-02-06,10.27,6.46,60.3,303.68,85.2,100.5,2.27,4.065
2028-02-07,8.11,5.72,61.16,292.15,87.4,100.9,0,2.703
2028-02-08,8.75,5.83,46.1,313.21,88.1,100.3,0,1.858
2028-02-09,9.72,5.22,46.49,310.82,77.1,99.6,1.22,3.396
2028-02-10,9.42,5.33,27.93,320.68,84.9,98.9,3.55,4.393
2028-02-11,10.76,8.09,55.41,317.3,82.6,98.7,0,4.016
2028-02-12,13.21,9.36,61.15,325.71,81.2,98.3,0,3.28
2028-02-13,12.5,4.81,51.21,301.52,75.3,97.9,1.82,3.493
2028-02-14,8.13,2.26,79.07,262.11,77.5,100.2,0,1.933
2028-02-15,7.82,-0.96,95.88,250.62,82.9,101.4,0,0.674
2028-02-16,6.06,1.07,74.47,277.66,80.2,101.2,0,3.159
2028-02-17,5.53,1.61,97.97,265.21,73,100.6,0,5.649
2028-02-18,2.61,-0.5,63.56,283.7,77,100.6,0,4.729
2028-02-19,1.24,-2.54,37.28,276.58,84.2,100.2,1.13,1.85
2028-02-20,1.17,-3.66,64.14,247.81,85.4,100,0,0.782
2028-02-21,0.62,-3.42,37.64,249.63,88.6,99.7,1.38,0.29
2028-02-22,3.02,-3.4,95.11,240.85,85.7,100.4,0,0.362
2028-02-23,4.23,-1.68,28.87,283.85,91.5,100,7.16,1.13
2028-02-24,8.15,2.62,93.6,281.99,86.9,100,0,1.389
2028-02-25,8.65,3.41,48.22,313.83,90.7,98.2,18.46,1.124
2028-02-26,4.1,-0.67,32.86,297.59,91.6,98.2,7.34,0.577
2028-02-27,4.85,-2.65,116.3,251.14,79,100.3,0,1.641
2028-02-28,10.87,2.57,77.18,313.03,92.9,100.4,0.85,1.67
2028-02-29,9.94,2.73,76.65,304.65,84.5,100.8,0.19,1.242
2028-03-01,9,2.89,76.13,292.92,76.1,101.1,0,0.903
2028-03-02,7.95,0.34,127.62,247.37,68.3,102.4,0,0.59
2028-03-03,7.8,3.01,73.1,295.81,78.1,101.6,0,1.895
2028-03-04,7.73,3.15,81.11,287.13,78.4,101.8,0,1.978
2028-03-05,8.36,3.96,91.28,291.4,77.5,102.2,0,2.477
2028-03-06,9.35,4.94,53.51,305.64,84.5,101.1,1.81,3.484
2028-03-07,8.17,4.5,115.62,268.98,63.5,101.4,0,1.992
2028-03-08,7.66,2.1,101.23,277.18,66.9,102.1,0,1.573
2028-03-09,10.09,3.42,119.61,281.54,82,100.9,0.39,3.421
2028-03-10,4.15,-0.78,124.34,234.59,51.9,100.3,0,2.941
2028-03-11,4.37,-0.83,96.56,267.22,64.8,99.9,0,1.669
2028-03-12,4.37,0.15,75.66,274.44,82.3,100.6,2.84,0.65
2028-03-13,5.33,1.08,38.07,306.12,89.5,99.1,2.16,1.55
2028-03-14,5.04,1.91,58.24,309.23,94.7,98.2,7.48,2.563
2028-03-15,4.8,0.65,85.3,276.36,74.4,98.7,0,1.694
2028-03-16,2.7,-1.29,63.09,275.42,89.7,98.5,4.45,0.617
2028-03-17,6.65,-0.6,43.71,298.58,91.5,98.1,12.93,2.064
2028-03-18,11.28,6.73,60.74,327.5,89.5,97,5.25,1.898
2028-03-19,12.15,5.57,132.09,285.92,80.3,97.8,1.93,1.588
2028-03-20,11.75,5.55,142.02,290.87,77.5,98.4,0.38,1.315
2028-03-21,13.32,3.47,122.89,292.96,74.4,99.1,0,3.007
2028-03-22,11.74,6.96,145.16,294.3,75.4,99,2.88,1.461
2028-03-23,12.32,5.54,112.67,306.08,81.4,99.6,0.51,2.083
2028-03-24,15.88,9.14,123.07,327.73,85,99.1,1.51,3.683
2028-03-25,13.85,7.58,123.2,324.64,78.6,100.1,0,2.942
2028-03-26,12.85,7.14,127.58,307.39,79.4,98.8,5.79,5.405
2028-03-27,9.36,4.22,141.61,283.39,64.6,99.2,0.32,3.233
2028-03-28,8.99,3.75,133.33,289.22,64.1,100.2,0,1.762
2028-03-29,13.12,4.65,135.59,310.61,83.6,100.7,0.06,2.327
2028-03-30,11.31,9.03,96.15,320.57,84.7,100.7,0,4.345
2028-03-31,12.09,8.84,122.55,308.26,80.8,100.4,0,3.059
2028-04-01,13.01,7.49,144.7,312.76,79.3,98.5,3.04,3.986
2028-04-02,11.14,6.73,197.53,286,60.5,99.7,0,4.058
2028-04-03,12.09,7.22,68.64,314.12,84.8,99.7,0,3.632
2028-04-04,10.04,4.59,101.49,293.79,78.2,98.9,3.56,2.872
2028-04-05,8.76,3.02,135.14,266.55,64.8,100.2,0,1.71
2028-04-06,11.24,3.49,148.85,293.8,84.2,100.7,0,2.85
2028-04-07,10.88,6.8,194.25,287.08,64.5,100.8,0,3.168
2028-04-08,13.26,6.03,147.93,310.84,82.8,99.2,6.69,4.354
2028-04-09,8.59,3.93,153.24,272.15,57.6,99.1,1.17,3.071
2028-04-10,8.86,2.14,165.47,265.09,58.8,100.3,0,0.797
2028-04-11,12.43,3.14,203.52,273.75,59.5,100.3,0,1.42
2028-04-12,11.28,5.06,111.84,298.37,72.9,100.7,1.29,2.005
2028-04-13,12.65,2.67,201.13,271.41,67.1,101.6,0,0.819
2028-04-14,13.91,4.76,173.25,289.11,75.6,101.4,0,2.047
2028-04-15,15.32,2.46,257.8,247.09,70.2,101.2,0,1.803
2028-04-16,15.34,2.57,261.21,247.46,74.1,101.2,0,1.595
2028-04-17,16.13,3.02,268.81,246.6,70.4,101,0,1.043
2028-04-18,19.48,4.8,266.95,270.19,70.6,100.6,0,0.537
2028-04-19,18.71,9.79,270.82,282.55,60.5,100.2,0,2.063
2028-04-20,18.8,10.59,186.55,320.87,67.3,99.7,1.04,2.114
2028-04-21,15.55,9.87,206.29,308.55,74,99.3,3.84,2.869
2028-04-22,10.99,6.26,173.54,291.69,64.1,100.3,0,3.326
2028-04-23,12.25,6.42,137.06,310.65,75.6,99.9,1.17,3.144
2028-04-24,12.97,7.64,226.67,299.36,72.1,99.4,0.86,3.709
2028-04-25,10.44,5.53,203.29,287.13,77.2,98.4,1.22,3.481
2028-04-26,9.22,4.31,124.75,300.46,78.4,98.6,1.07,0.885
2028-04-27,8.06,3.28,123.81,289.41,76.8,98.9,6.41,0.412
2028-04-28,8.5,1.74,187.37,264.16,61.5,98.5,0,0.988
2028-04-29,7.09,1.01,165.17,268.29,80.1,98.1,1.14,0.574
2028-04-30,10.9,2.28,181.96,276.86,69,99.1,0,0.537
2028-05-01,15.42,3.95,64.85,325.36,86.5,99,10.46,2.664
2028-05-02,18.91,7.78,146.97,331.84,82.2,98.3,2.02,1.713
2028-05-03,12.52,6.34,205.2,280.97,64,99.4,0,2.131
2028-05-04,13.49,4.79,224.33,281.77,61.8,100.5,0,0.533
2028-05-05,10.74,7.65,70.88,331.89,88.5,99.9,7.95,3.958
2028-05-06,14.83,9.15,124.56,339.08,92.1,98.9,6.14,0.091
2028-05-07,13.29,9,145.27,325.56,86,98.1,3.66,1.144
2028-05-08,9.34,2.22,65.07,324.15,93.4,97.9,36.29,1.398
2028-05-09,7.73,1.77,159.37,289.41,65.7,98.3,0,1.426
2028-05-10,11.1,2.33,222.43,267.78,61,98.6,0,0.967
2028-05-11,8.47,1.85,128.71,283.91,87.8,99.4,11.24,1.217
2028-05-12,10.22,5.44,188.14,295.98,88.9,100,12.57,0.652
2028-05-13,13.66,3.85,239.87,279.66,69.2,100,0,2.381
2028-05-14,15.43,8.99,254.03,311.02,76.1,99.3,0,2.686
2028-05-15,13.12,6.54,191.47,302.34,78.1,99.6,0,1.131
2028-05-16,14.46,5.19,220.41,285.78,71.5,99.9,0,0.79
2028-05-17,13.74,7.75,181.83,310.39,76.7,99.2,3.34,2.064
2028-05-18,11.2,7.04,212.07,298.06,79.2,98,2.32,3.521
2028-05-19,12.93,6.64,230.81,290.37,73.4,98.9,1.76,3.571
2028-05-20,10.45,7.16,258.5,287.57,73.8,99.1,1.59,5.958
2028-05-21,15.27,7.28,213.75,314.12,69.5,100.2,0,3.71
2028-05-22,16.51,7.84,293.83,295.38,70.4,101.2,3.89,1.581
2028-05-23,20.04,10.59,222.53,325.13,75.1,101.2,0,0.984
2028-05-24,14.45,8.26,203.29,312.57,72.6,101.6,1.34,2.194
2028-05-25,17.7,7.84,260.91,295.15,60.4,101.2,0,1.095
2028-05-26,19.26,10.3,271.87,307.32,63.3,100.5,0,2.407
2028-05-27,16.75,8.41,260.2,293.71,66.7,100.5,0,1.981
2028-05-28,14.25,6.18,231.75,282.51,57.8,100.8,0,0.315
2028-05-29,15.94,7.07,224.31,297.03,66.8,100.3,0,0.626
2028-05-30,16.65,8.8,114.86,340.13,79.5,98.5,3.42,2.182
2028-05-31,15.96,8.66,187.1,317.91,75.5,98.7,1.8,2.069
2028-06-01,15.27,8.53,260.72,295.73,71.4,98.9,0,2.723
2028-06-02,18.73,8.35,173.93,347.98,91.1,99.2,15.17,1.237
2028-06-03,19.97,12.54,221.64,327.25,69,98.6,0,2.073
2028-06-04,18.73,11.65,191.53,340.57,74.4,99,3.42,2.265
2028-06-05,20.6,14.51,260.84,332.85,71.5,99.6,0,2.858
2028-06-06,23.98,13.63,337.5,311.94,68.9,99.8,0,1.294
2028-06-07,22.12,14.06,221.13,344.54,76.3,100.2,0,1.846
2028-06-08,20.62,11.97,225.7,328.76,73.4,100.8,0,1.704
2028-06-09,18.64,10.55,266.7,318.25,79.3,101,0,3.191
2028-06-10,21.9,10.7,297.01,323.98,75.1,100.7,0,3.248
2028-06-11,27.53,11.6,327.4,326.63,73.5,100.6,0,2.316
2028-06-12,28.62,14.1,335.05,324.64,62.1,100.8,0,1.999
2028-06-13,28.94,13.89,339.8,324.85,66.4,100.7,0,2.399
2028-06-14,30.74,14.18,340.65,334.46,61.2,99.9,0,0.413
2028-06-15,20.41,12.91,301.04,313.21,67.4,100.1,0.66,0.857
2028-06-16,17.79,11.08,295.67,307.1,59.6,100.6,0,3.047
2028-06-17,20.14,14.3,229.68,340.9,78.3,100,0,3.959
2028-06-18,17.55,11.52,271.01,313.14,72.6,99.7,0,4.26
2028-06-19,15.41,7.79,230.49,310.74,77.9,99.4,5.22,2.636
2028-06-20,13.05,7.31,216.92,297.75,67.9,99.9,0.99,0.277
2028-06-21,17.11,8.47,203.9,317.35,66.8,100,0,1.61
2028-06-22,18.78,11.4,283.77,317.97,65.4,99.4,4.4,0.632
2028-06-23,17.51,11.31,215.83,326.87,79.7,98.4,7.58,1.69
2028-06-24,14.62,9.31,271.83,294.96,68.7,99.3,0.95,4.081
2028-06-25,16.62,9.49,281.28,298.09,66.6,100.1,0,2.816
2028-06-26,16.55,10.71,115.85,341.52,88,99.5,7.44,1.597
2028-06-27,18.29,13.25,287.82,321.05,76.5,99.2,1.37,3.454
2028-06-28,17.51,13.43,126.75,355.71,87.7,99.1,29.13,1.335
2028-06-29,17.7,10.59,181.6,348.59,87.5,98.8,7.64,3.495
2028-06-30,15.1,10.19,100.84,357.01,95,98.8,36.83,3.331
2028-07-01,17.17,11.93,192.13,341.94,83.4,98.7,19.25,0.675
2028-07-02,16.7,11.08,168.15,346.15,85.6,99.6,8.75,1.08
2028-07-03,14.66,10.71,165.1,336.47,90.6,99.8,18.53,0.87
2028-07-04,19.79,9.9,286.89,310.4,69.9,100.3,0.06,0.954
2028-07-05,19.61,12.71,176.89,356.72,86.3,100,9.23,0.645
2028-07-06,20.56,14.45,189.75,351.11,80.3,99.6,1.83,0.881
2028-07-07,17.88,14.06,132.87,356.98,93,98.8,14.04,0.41
2028-07-08,14.84,10.47,151.91,337.35,87.4,98.9,5.31,1.167
2028-07-09,17.65,9.76,244.56,301.75,71.9,99.6,0,0.341
2028-07-10,19.74,10.71,288.88,299.03,68.7,99.8,0,0.116
2028-07-11,21.29,11.24,308.81,303.92,67.8,99.9,0,2
2028-07-12,21.76,15.06,192.83,353.26,77.4,100,0.89,2.109
2028-07-13,20.72,12.59,335.01,296.11,74.6,100.4,0,2.356
2028-07-14,21.84,14.33,316.94,319.57,78.3,100.6,0,2.442
2028-07-15,24.89,14.37,329,317.12,78.1,100.7,0,0.498
2028-07-16,25.7,16.13,329.75,325.44,77.4,100.7,0,2.075
2028-07-17,27.29,15.48,307.03,343.62,76.8,100.3,0,2.132
2028-07-18,27.98,15.28,265.06,351.46,77.2,99.9,0,0.278
2028-07-19,22.83,15.48,192.08,349.58,75.6,100.1,0,0.842
2028-07-20,21.69,13.62,269.75,320.81,68.3,100.6,0,1.14
2028-07-21,23.67,13.37,294.86,309.06,67.2,100.7,0,1.313
2028-07-22,24.65,14.23,281.2,322.28,63.8,100.5,0,1.361
2028-07-23,23.83,13.99,279.16,317.07,72.3,100.3,0,1.894
2028-07-24,22.32,14.45,185.35,356.77,82.9,100.2,0.87,3.609
2028-07-25,19.82,13.9,170.02,354.53,83.2,99.5,3.01,3.453
2028-07-26,21.4,12.67,159.69,339.76,84.2,98.8,9.14,0.998
2028-07-27,19.43,12.13,254.13,312.8,68.9,98.8,2.1,2.414
2028-07-28,18.92,13.6,150.99,345.48,81,98,4.14,1.501
2028-07-29,19.37,12.69,206.47,323.49,76,97.8,4.08,1.528
2028-07-30,20.27,12.91,217.59,323.66,70.3,98.3,1.27,2.015
2028-07-31,20.33,13.18,242.69,317.83,70.8,98.6,0.93,2.172
2028-08-01,20.38,13.45,268.3,311.97,71.3,98.8,0,2.342
2028-08-02,22.12,12.66,268.28,315.89,69.3,98.9,0,1.046
2028-08-03,21.56,13.12,258.78,307.11,65.1,98.7,0,1.15
2028-08-04,21.94,13.45,275.59,311.04,62.9,98.7,0,1.576
2028-08-05,19.02,13.13,275.87,306.66,73.3,98.9,1.47,2.765
2028-08-06,18.04,12.71,250.33,308.7,77.3,99,3.33,2.879
2028-08-07,17.65,11.27,174.03,321.29,72.4,99.3,0,2.794
2028-08-08,18.68,11.04,212.23,313.47,70.9,99.5,0,2.254
2028-08-09,19.63,12.42,160.71,344.05,84.8,99.4,1.96,2.104
2028-08-10,19.63,14.16,259.83,321.9,71.1,98.5,1.13,4.033
2028-08-11,16.38,12.82,206.57,326.24,81.8,97.6,6.19,4.783
2028-08-12,18.68,13.27,244.07,315.73,75.3,97.9,0.93,3.97
2028-08-13,20.15,11.96,265.79,300.85,67,98.4,0,2.484
2028-08-14,18.29,11.26,238.36,298.15,64.7,99.1,0,2.278
2028-08-15,18.94,10.35,213.63,315.19,74.3,99,0.85,1.505
2028-08-16,15.99,12.49,209.86,307.79,75.5,98.2,2.04,4.311
2028-08-17,17.66,11.51,218.51,302.5,70.1,99.6,0,3.463
2028-08-18,15.44,10.46,146.31,308.27,73.3,100,0,2.177
2028-08-19,17.54,9.03,213.67,308.1,74.6,99.9,0.92,1.507
2028-08-20,19.79,13.55,159.04,359.84,86.5,99,1.14,1.302
2028-08-21,17.93,13.83,248.32,317.56,74.9,98.2,2.35,4.051
2028-08-22,17.01,12.29,199.11,305.13,74.2,98.7,1.56,3.566
2028-08-23,18.73,9.75,221.19,299.53,66.1,100,0,1.747
2028-08-24,20.37,11.77,168.02,333.62,78.2,99.5,0.96,2.873
2028-08-25,17.22,11.7,143.68,316.15,76.1,99.7,0.88,2.267
2028-08-26,18.94,10.92,209.68,302.6,71.1,100.2,0,2.284
2028-08-27,14.54,10.27,67.4,339.71,88.1,100.2,5.77,0.599
2028-08-28,20.26,14.35,101.04,370.49,90,98.7,1.57,2.599
2028-08-29,19.8,13.14,200.74,337.93,84.4,98,11.66,2.303
2028-08-30,16.82,10.74,181.83,308.79,67.3,99,5.7,2.114
2028-08-31,16.42,10.31,183.14,305.54,68.7,99.3,3.29,2.342
2028-09-01,16.02,9.87,184.46,301.93,70.2,99.6,0.89,2.587
2028-09-02,15.48,9.08,107.04,319.61,80.4,99.5,22.93,1.531
2028-09-03,17.86,11,191.78,328.14,82.6,97.4,8.4,2.818
2028-09-04,16.38,9.16,167.9,288.85,65.4,99.7,0,2.958
2028-09-05,14.61,7.57,157.39,298.11,61.5,101,0,1.453
2028-09-06,15.79,9.34,178.18,306.66,65,101.5,0,0.394
2028-09-07,17.97,9.47,182.25,309.25,72,101.7,0,0.868
2028-09-08,18.79,9.58,204.5,290.91,80,101.7,0,0.09
2028-09-09,16.69,10.88,87.32,342.3,90.9,101.3,0,1.934
2028-09-10,16.53,9.99,168.72,301.96,80.3,100.8,0,1.131
2028-09-11,17.07,9.93,165.65,327.41,84.9,100.5,0,0.555
2028-09-12,16.86,11.76,134.93,341.97,87.1,100.3,0,1.096
2028-09-13,17.5,11.42,157.41,318.08,82.5,100,0,0.453
2028-09-14,19.01,10.09,166.31,320.73,83.7,99.9,0,0.685
2028-09-15,16.84,9.99,121.75,323.78,86.7,99.5,0,0.753
2028-09-16,18.09,11.26,141.49,322.72,80.4,99.4,2.13,1.697
2028-09-17,13.32,10.43,110.26,308.64,80.4,99.1,1.37,1.849
2028-09-18,15.08,10.02,146.69,306.99,76.7,99.4,0,2.985
2028-09-19,17.98,11.04,139.58,327.51,86.3,99.7,0.89,2.394
2028-09-20,18.87,12.27,138.31,325.25,83.9,99.9,0,1.758
2028-09-21,18.02,13.34,121.28,345.69,80.5,99.3,1.7,1.33
2028-09-22,15.22,10.8,52.23,333.62,90.5,98.3,9.06,0.801
2028-09-23,14.92,10.13,31.06,334.33,88,97,24.6,1.425
2028-09-24,13.81,8.76,107.85,297.88,80.7,97.7,0,2.672
2028-09-25,15.75,10.75,112.13,326.22,82.9,97.5,6.75,2.087
2028-09-26,14,10.41,102.78,309.63,87.4,98.8,3.83,2.624
2028-09-27,17.7,9.88,94.48,336.53,89.6,99.2,2.74,1.655
2028-09-28,20.2,17.01,103.33,377.09,86.6,99.2,2.71,4.036
2028-09-29,18.24,14.34,140.46,328.1,81.2,100,0,4.125
2028-09-30,19.36,12.9,152.06,315.85,82.7,100.7,0,1.684
2028-10-01,23.61,11.98,163.81,304.22,67.3,100.1,0,1.453
2028-10-02,16.13,11.47,147.61,296.4,73.7,100.1,0,3.52
2028-10-03,17.03,10.05,147.71,294.59,77.5,100.4,0,2.162
2028-10-04,16.15,8.96,105.13,320.14,86.6,100.4,0,0.875
2028-10-05,17.12,11.51,126.15,314.74,82,100.2,0,1.379
2028-10-06,16.98,9.17,132.25,296.65,87.5,100.2,0,0.206
2028-10-07,17.38,9.3,98.08,318.66,88,100.3,0,0.435
2028-10-08,14.39,12.04,93.03,336.1,94,99.8,13.34,0.897
2028-10-09,15.59,11.46,90.61,341.76,89.1,99.7,0.99,0.43
2028-10-10,15.2,10.77,91.4,335.58,87.8,99.6,0.66,3.102
2028-10-11,13.05,8.88,60.91,329.95,90.7,99.7,3.62,0.845
2028-10-12,8.9,5.83,59.8,299.44,77.5,99.9,0,0.774
2028-10-13,9.14,4.65,85.67,271.34,75.4,99.5,0,0.964
2028-10-14,8.67,4.14,87,265.96,79.6,99.4,0,0.986
2028-10-15,10.5,3.57,96.97,278.37,77,99.8,0,2.133
2028-10-16,11.96,5.97,48.28,301.12,82.8,99.3,3.73,2.114
2028-10-17,8.01,3.84,96.97,254.56,60.9,99.9,0,1.818
2028-10-18,8.72,3.14,105.87,249.58,64.7,100.4,0,1.302
2028-10-19,7.77,1.17,99.68,259.82,74.6,100.2,0,1.445
2028-10-20,10.78,3.67,79.83,288.03,76.1,98.9,5.44,1.59
2028-10-21,8.78,2.6,97.27,251.59,75.3,98.4,0,1.78
2028-10-22,9.98,3.29,72.54,289.69,84.8,99,0.12,0.711
2028-10-23,8.47,4.7,72.75,279.13,81.7,99.2,0,1.089
2028-10-24,8.51,4.65,70.6,291.84,78.9,99.4,0.85,0.918
2028-10-25,10.13,4.17,89.9,284.97,73.7,99.8,0,1.505
2028-10-26,11.98,5.61,79.07,291.41,84.2,99.9,0,0.924
2028-10-27,8.94,6.02,11.13,326.56,94.1,98.9,13.35,2.61
2028-10-28,11.53,5.64,62.98,292.89,96.6,99.4,0,0.961
2028-10-29,13.16,5.8,14.23,328.19,92.8,99.1,4.9,1.757
2028-10-30,16.1,12.36,53.57,350.47,88.2,98.1,3.71,2.927
2028-10-31,14.23,11.11,63.29,323.09,86.4,97.8,2.16,2.27
2028-11-01,12.35,9.87,73.27,295.88,84.7,97.6,0,2.53
2028-11-02,11.57,8.59,67.72,304.5,85.4,97.3,6.13,2.191
2028-11-03,11.55,7.45,58.59,292.75,82.2,98.1,4.33,3.055
2028-11-04,10.89,7.88,53.31,299.25,78.8,98.1,1.3,2.915
2028-11-05,10.09,7.15,68.44,277.05,81.3,98.3,0,3.642
2028-11-06,9.54,3.57,66.49,259.91,83.4,99.3,0,2.497
2028-11-07,7.62,1.74,25.65,297.71,95.2,98.5,26.39,3.555
2028-11-08,8.93,3.28,44.68,293.69,89.4,98.6,11.13,1.092
2028-11-09,12.95,3.48,32.09,326.82,90.1,99.2,2.83,1.434
2028-11-10,12.42,7.33,30.39,312.8,88.9,98.7,8.82,1.741
2028-11-11,10.46,6.69,53.84,282.99,89.9,99.1,0,2.077
2028-11-12,10.61,5.59,49.94,291.04,82.8,98.2,7,1.606
2028-11-13,8.98,3.42,65.29,255.93,87.6,99.1,0,1.088
2028-11-14,8.82,4.42,44.03,287.74,90.7,99.9,0,0.579
2028-11-15,10.16,3.6,44.18,283.85,90.8,99.8,0,2.249
2028-11-16,11.98,6.98,57.31,296.76,90.6,99.5,0,0.719
2028-11-17,9.24,6.71,17.85,335.04,97.7,99.8,10.73,0.44
2028-11-18,8.3,5.27,25.51,311.74,79.4,100.8,1.53,0.733
2028-11-19,7.01,4.46,35.05,298,76.9,101.3,0,0.811
2028-11-20,6.84,3.21,28.45,288.79,75.4,101.5,0.23,0.826
2028-11-21,6.49,2.89,39.53,268.79,64.7,101.5,0,2.883
2028-11-22,5.65,4.28,22.89,304.97,69.8,101.3,0,5.172
2028-11-23,8.14,4.48,30.41,308.6,88.3,100.8,1.72,3.805
2028-11-24,6.92,3.38,22,303.08,93.9,100.3,0.73,1.062
2028-11-25,5.92,1.24,21.36,288.44,81,99.7,0,0.513
2028-11-26,4.91,0.3,43.06,244.14,77,99.3,0,1.269
2028-11-27,3.54,-0.08,43.14,253.27,67.5,100.1,0.92,1.029
2028-11-28,3.02,-1.01,32.7,253.42,68.2,100.5,2.19,0.655
2028-11-29,1.88,-1.67,39.92,264.37,87.2,100.3,5.39,1.134
2028-11-30,0.62,-2.06,19.35,283.78,96.3,100.8,11.15,1.672
2028-12-01,-0.02,-5.98,25.01,244.63,94.9,101.4,0.86,0.522
2028-12-02,1.66,-8.76,28.81,243.57,91.9,101,0,1.202
2028-12-03,2.78,0.88,21.83,273.21,88.7,100.5,0.89,0.941
2028-12-04,7.3,-1.37,15.13,306.02,87.6,100.5,0,2.224
2028-12-05,9.42,7.22,21.04,327.68,92.9,100.7,0,2.767
2028-12-06,9.21,7.48,17.55,325.7,87.8,100.8,0,3.004
2028-12-07,10.45,5.97,21.58,321.8,86.8,100,2.7,3.719
2028-12-08,6.32,3.98,19.85,302.17,78,100.8,0,1.943
2028-12-09,7.11,2.88,9.8,319.42,98.2,100.8,6.23,0.454
2028-12-10,11.73,6.94,25.4,331.61,94,99.8,1.11,2.214
2028-12-11,11.96,9.28,24.77,330.86,89,99.5,0.93,2.688
2028-12-12,13.96,11.24,15.79,353.42,90.8,99.6,0.96,2.488
2028-12-13,12.52,9.92,21.25,335.11,89,99.4,2.74,2.402
2028-12-14,12.31,9.33,17.57,328.83,91,99.5,0.08,2.149
2028-12-15,12.57,7.82,9.67,344.71,91.4,99.3,3.04,1.985
2028-12-16,7.76,1.54,36.12,251.14,72.6,100.3,0,2.423
2028-12-17,3.05,0.06,31.26,235.36,72.4,101.3,0,2.205
2028-12-18,3.66,-1.27,28.61,259.66,81.5,101.7,0,1.737
2028-12-19,9.1,3.69,9.98,318.88,76.4,98.4,24.24,5.046
2028-12-20,4.58,0.39,37.29,226.65,53,99.2,0,3.479
2028-12-21,1.93,-0.48,22.35,245.22,63.9,99.4,0,2.259
2028-12-22,2.45,-0.9,25.07,253.9,69.4,99.6,0,2.374
2028-12-23,0.83,-2.11,31.98,238.09,78.3,99,0,1.953
2028-12-24,1.9,-1.76,34.09,239.79,80.6,99.1,0,1.815
2028-12-25,1.51,-2.24,27.02,250.08,92.6,98.1,0.96,0.958
2028-12-26,2.09,-1.16,34.07,240.34,84.6,98.5,0,1.958
2028-12-27,4.11,-0.71,25.5,257.82,92.9,99.4,0,2.063
2028-12-28,1.52,-3.04,35.11,240.75,95.3,99.4,0,0.439
2028-12-29,-0.31,-2.91,12.31,294.01,99.9,98.6,1.11,1.407
2028-12-30,5.84,-0.3,13.06,321.44,100,98.2,7.36,1.101
2028-12-31,6.02,1.83,10.62,326.19,100,98.1,15.98,2.906
2029-01-01,6.21,3.96,8.19,331.26,99.2,98,24.56,4.733
2029-01-02,3.96,1.28,8.51,314.15,96.9,97.6,14.98,4.774
2029-01-03,1.65,0.33,14.38,302.73,97.6,97.8,5.32,3.477
2029-01-04,2.76,0.6,17.39,295.88,95.5,98.8,0.08,0.444
2029-01-05,2.03,-0.72,24.84,279.94,97.2,99.9,0,0.521
2029-01-06,1.57,-0.05,13.94,302.92,97.4,100,9.01,3.149
2029-01-07,4.63,1.57,11.32,323.76,100,99.4,7.52,2.353
2029-01-08,7.65,4.31,6.24,335.63,100,98.8,19.34,2.518
2029-01-09,10.61,7.53,31.11,321.01,94.1,98.9,0.89,1.224
2029-01-10,11.43,10.01,20.09,331.97,88.3,99.1,1.16,2.883
2029-01-11,10.59,8.27,23.52,329.22,91.6,99.1,1.64,1.721
2029-01-12,8.14,1.77,21.91,288.43,90.8,99.5,0.04,2.19
2029-01-13,3.36,1.7,23.33,286.73,74.4,99.6,0,5.691
2029-01-14,2.33,1.04,15.85,300.98,85.9,99.2,3.51,4.483
2029-01-15,1.97,0.74,13.22,306.95,96,99.2,5.72,3.374
2029-01-16,2.62,-0.06,20.77,294.62,91.7,99.3,0,0.199
2029-01-17,2.9,-0.86,28.42,285.84,93.6,99.9,0,0.956
2029-01-18,2.46,-0.38,10.01,299.43,92.2,99.8,5.34,4.976
2029-01-19,0.71,-0.84,13.57,305.19,99.4,99.2,5.73,4.206
2029-01-20,1.34,0.12,17.69,299.48,82.8,99.3,0,4.876
2029-01-21,2.89,-1.23,45.42,250.56,71.6,100,0,4.5
2029-01-22,1.68,-2.74,53.19,222.5,78.1,101.2,0,3.824
2029-01-23,1.76,-2.8,51.2,227.47,74.5,101.5,0,2.486
2029-01-24,0.79,-2.77,23.77,264.5,81.3,101.1,0.75,2.406
2029-01-25,1.74,-1.8,33.56,265.5,77,101.1,0,2.932
2029-01-26,0.63,-2.23,48.63,251.02,76.6,100.5,0,3.569
2029-01-27,-0.25,-2.71,25.29,280.52,95.7,100,2.8,2.187
2029-01-28,2.74,-3,27.34,287.41,93.5,100.7,0.97,0.744
2029-01-29,3.29,1.22,26.95,301.03,93.7,101.2,0.97,0.701
2029-01-30,4.18,0.47,41.13,280.86,93.2,101.6,0,0.564
2029-01-31,7.19,0.81,37.14,309.66,95,101.9,2.22,0.5
2029-02-01,6.99,3.39,34.4,309.89,84.2,101.7,0.13,1.743
2029-02-02,7.78,5.46,33.78,319.67,87,101.5,0,0.816
2029-02-03,8.31,5.32,45.18,309.98,82.5,101.1,0.04,2.179
2029-02-04,8.06,3.17,56.66,293.63,85.9,100.5,2.45,1.847
2029-02-05,3.18,-0.1,41.23,276.82,86.1,100.9,0.65,0.175
2029-02-06,1.93,-1.44,42.02,273.29,89.9,100.4,0.5,0.672
2029-02-07,-0.59,-8.3,26.76,264.38,98,100.2,4.64,1.813
2029-02-08,-3.65,-9.16,23.39,250.12,95.1,101,3.48,3.406
2029-02-09,-2.57,-13.39,56.38,212.3,89.7,101,0,0.983
2029-02-10,0.06,-7.88,37.36,252.27,91.1,100.2,0,1.727
2029-02-11,2.28,-1.62,39.06,275.74,87.9,99.5,0,0.96
2029-02-12,3.63,-1.22,48.32,266.13,85.8,100.7,0,0.694
2029-02-13,3.99,-2.43,62.59,258.06,86.9,101.1,0,2.366
2029-02-14,6.23,1.41,67.77,275.09,88.1,101.2,0,2.148
2029-02-15,4.77,0.48,51.01,290.58,81.7,101.5,0,1.584
2029-02-16,2.53,-1.6,73.13,265.1,80.7,101.4,0,1.557
2029-02-17,3.23,-0.7,70.06,273.22,83.6,100.1,0.62,2.963
2029-02-18,3.35,0.45,15.59,307.32,94,99,7.71,2.725
2029-02-19,5.21,1.19,44.1,311.13,98,99.5,5.54,1.974
2029-02-20,5.29,2.17,44.06,315.29,94.3,99.7,11.49,2.41
2029-02-21,9.1,4.33,90.55,291.95,85.3,99.2,2.05,1.831
2029-02-22,7.36,3.47,77.05,278.55,82.2,99.6,3.83,2.92
2029-02-23,10.74,2.83,35.94,303.85,86.8,97.8,15.72,3.278
2029-02-24,6.15,3.12,68.97,276.99,77.4,98.2,3.58,5.117
2029-02-25,8.63,3.5,103.66,272.06,76.7,100.4,0,2.311
2029-02-26,10.08,5.9,35.16,322.19,93.3,100.2,0.74,2.252
2029-02-27,7.68,4.1,91.1,274.81,72,99.4,0,4.275
2029-02-28,7.31,2.08,105.83,260.3,59.3,99.4,0,2.824
2029-03-01,4.22,-0.26,116.08,233.13,56.5,100,0,2.336
2029-03-02,6.34,-1.47,76.92,270.05,80.1,100.2,0,2.38
2029-03-03,9.91,4.86,60.4,309.59,88,99.6,1.04,2.747
2029-03-04,12.56,6.04,73.7,327.32,89.1,99.5,3.46,2.828
2029-03-05,12.72,9.85,83.65,325.44,88.7,100.1,1.87,3.352
2029-03-06,10.42,5.17,134.45,278.98,66.6,101.2,0,2.08
2029-03-07,7.91,4.72,52.26,312.83,80.2,101.1,1.88,1.103
2029-03-08,9.5,5.14,134.76,279.09,70.6,100.6,0,3.32
2029-03-09,8.14,4.31,72.98,307.34,77.3,101,0,0.798
2029-03-10,6.11,4.39,33.22,319.42,93.8,99.3,13.92,1.448
2029-03-11,7.38,3.59,43.24,301.56,76.7,98,10.37,3.369
2029-03-12,7.82,3.1,96.04,276.08,75,98.4,0,2.72
2029-03-13,7.31,2.42,83.99,296.08,83.9,98.8,0,2.281
2029-03-14,6.32,0.92,73.96,293.57,90.5,98.8,9.12,0.247
2029-03-15,5.15,1.17,82.5,298.1,87.6,99.9,1.43,0.906
2029-03-16,5.19,0.35,96.87,281.83,72.1,100.9,0.46,0.222
2029-03-17,5.31,1.2,79.71,299.37,92.1,99.9,4.63,0.499
2029-03-18,7.68,1.35,89.25,287.89,84.2,99.9,1.05,1.365
2029-03-19,9.19,3.29,100.87,288.89,80.6,100.4,0.67,1.761
2029-03-20,8.54,3.43,120.41,291.48,70.2,100.5,0,0.674
2029-03-21,7.29,3.87,79.86,313.3,91.5,100.1,2.24,1.979
2029-03-22,7.28,-0.02,115.95,277.01,76.6,100.5,0,3.549
2029-03-23,4.05,-0.01,90.89,290.4,85.3,101.1,0.84,3.006
2029-03-24,3.54,-0.27,67.68,296.51,90,100.8,3.73,2.721
2029-03-25,1.43,-1.92,61.44,287.49,84.1,100.8,1.61,5.024
2029-03-26,0.68,-1.55,66.17,291.46,85.5,100.7,1.56,6.168
2029-03-27,1.66,-1.74,90.15,287.66,76,100.5,0.93,6.316
2029-03-28,7.56,-0.76,201.17,260.7,70.5,100.1,0,3.882
2029-03-29,7.08,2.08,128.9,300.27,86.4,100.2,0.9,1.138
2029-03-30,8.15,2.12,163.85,285.84,78.5,100.3,0.88,0.296
2029-03-31,6.39,2.67,111.32,287.98,72.3,100.3,0,0.464
2029-04-01,6.42,2.45,129.54,284.59,72.1,100.4,0,0.785
2029-04-02,5.68,1,114.57,276.84,66,100.6,0,1.129
2029-04-03,6.81,0.82,128.69,281.82,73.8,100.6,0,0.602
2029-04-04,8.3,2.13,124.48,280.31,74.7,99.9,0,2.077
2029-04-05,4.93,0.43,127.54,270.96,59.7,99.9,0,1.175
2029-04-06,4.71,-1.73,104.45,265.26,79,99.7,16.49,0.837
2029-04-07,9.19,3.34,162.49,291.49,81.1,97.6,5.13,3.182
2029-04-08,7.08,-0.57,217.34,234.36,58,98.1,0,2.862
2029-04-09,7.44,0.1,169.99,247.07,65.2,98.2,0,2.68
2029-04-10,8.36,1.29,217.76,237.01,62.8,98.6,0,3.797
2029-04-11,6.97,-0.39,127.94,269.01,73.8,98.5,0,0.988
2029-04-12,3.55,0.37,42.55,297.63,94.4,98.1,9.5,2.875
2029-04-13,3.58,0.55,48.47,308.31,86.7,97.9,14.23,1.417
2029-04-14,9.3,2.45,227.36,267.69,63,99.1,0.79,3.469
2029-04-15,8.55,5.01,179.68,284.97,72.7,98.8,0.94,3.357
2029-04-16,10.39,3.62,126.49,302.86,79.2,98.5,13.51,1.277
2029-04-17,7.53,1.9,150.29,275.26,72.1,99.3,0,1.889
2029-04-18,3.98,-0.77,96.69,286.73,84.1,99.9,17.78,0.563
2029-04-19,7.88,-2.38,171.87,261.05,75.3,100,0,2.087
2029-04-20,9.52,3.08,128.88,304.88,76.1,99.7,2.01,1.272
2029-04-21,11.56,3.91,114.56,315.36,89.2,98.4,7.29,1.784
2029-04-22,8.59,3.79,165.65,290.9,73.5,97.6,0,3.612
2029-04-23,5.03,2.79,55.28,307.75,88.1,98.3,9.15,2.214
2029-04-24,9.11,2.64,247.47,263.51,62.5,99.4,0,1.063
2029-04-25,9.07,4.05,187.99,295.42,68.7,99.9,0,0.944
2029-04-26,7.97,2.52,131.42,293.63,69.4,99.9,0,0.659
2029-04-27,7.95,1.04,124.3,294.08,85.9,99.1,7.74,2.716
2029-04-28,9,3.59,107.41,304.36,86,97.8,7.82,2.246
2029-04-29,10.69,4.62,180.64,300.76,64.4,98.8,1.3,3.518
2029-04-30,12.57,5.48,126.22,312.89,84.7,98.9,5.15,1.932
2029-05-01,15.18,6.97,202.86,293.41,67.8,99,0,1.754
2029-05-02,17.06,7.61,274.21,279.89,63.8,99.6,0,1.007
2029-05-03,11.65,7.23,100.2,310.88,85.8,99.2,12.54,0.429
2029-05-04,13.86,6.63,214.24,288.42,75,99.7,1.62,2.399
2029-05-05,16.95,8.52,161.75,323.28,77.1,99.7,1.62,2.528
2029-05-06,17.18,9.18,264.88,300.18,70.6,99.2,0.8,4.595
2029-05-07,14.25,6.75,143.71,316.31,86.6,100.6,1.61,0.17
2029-05-08,14.86,7.8,148.68,328.54,84.2,99.9,0.63,4.505
2029-05-09,15.06,8.13,248.09,290.15,73.3,98.6,0,4.259
2029-05-10,13.53,7.39,220.37,288.86,67.9,100.4,0,3.137
2029-05-11,17.02,8.2,295.11,285.55,64,100.3,0,1.579
2029-05-12,18.56,8.83,245.33,304.62,70.6,99.1,1.67,1.591
2029-05-13,11.91,6.2,205.17,276.44,60.9,99.4,0.31,2.783
2029-05-14,11.37,4.98,174.91,295.34,62.6,99.8,0,1.625
2029-05-15,8.73,6.88,84.12,323.63,85.5,98.7,7.01,3.102
2029-05-16,14.09,7.84,207.52,314.5,86.8,99.2,3.52,0.984
2029-05-17,16.22,7.66,226.41,309.14,76.3,100.5,0,0.58
2029-05-18,16.32,7.44,133.1,322.52,80.8,100.5,0.57,1.42
2029-05-19,18.26,11.54,188.62,334.05,77.7,100.2,0,1.715
2029-05-20,15.34,8.89,177.93,324.09,77.4,100.6,0,1.506
2029-05-21,14.9,8.08,183.56,320.96,77.6,100.9,0,1.608
2029-05-22,18.17,7.26,280.75,286.52,66.9,101.2,0,0.893
2029-05-23,20.65,10.47,312.15,292.48,60,101.2,0,1.657
2029-05-24,19.74,11.11,274.99,306.39,75.2,101.2,0,1.097
2029-05-25,22.08,10.51,307.99,305.42,71.5,100.9,0,1.349
2029-05-26,17.67,8.91,285.44,279.16,63.9,100.6,0,1.31
2029-05-27,14.88,9.26,209.45,307.84,65.2,99.9,0,1.899
2029-05-28,9.51,5.61,151.4,308.96,89.7,99.5,13.12,1.773
2029-05-29,12.79,5.65,214.93,298.98,72,99.6,2.78,0.623
2029-05-30,13.23,5.03,242.36,280.65,60.7,99.9,0,1.245
2029-05-31,14.21,5.81,259.68,278.11,60.8,100,0,0.823
2029-06-01,15.19,6.59,277.04,275.57,60.9,100.2,0,0.401
2029-06-02,16.31,7.89,211.49,304.03,65.8,100.3,0,0.187
2029-06-03,18.91,8.87,216.97,319.18,59.3,100.3,0,1.954
2029-06-04,16.02,10.67,228.34,320.86,76.8,100.4,1.33,2.436
2029-06-05,20.96,9.95,314.52,311.34,73.1,101.1,0,1.806
2029-06-06,23.41,12.56,257.45,335.33,69.5,101,0,0.769
2029-06-07,19.33,11.34,252.21,321.03,75,101,0,1.793
2029-06-08,16.06,8.01,192.21,310.9,75,101.1,0,2.081
2029-06-09,14.76,7.09,227.47,291.15,71,101.2,0,1.266
2029-06-10,20.14,7.2,303.71,291.97,68.6,101.2,0,0.361
2029-06-11,19.23,9.62,327.04,290.11,76,101.2,0,1.388
2029-06-12,15.53,8.21,238.06,307.08,76.4,101.1,0,1.703
2029-06-13,16.65,7.86,254.88,306.12,78.9,101.1,0.46,1.306
2029-06-14,18.85,7.65,301.85,298.2,79.5,101.1,0,1.566
2029-06-15,18.63,9.4,316.1,295.23,77.5,101,0,1.367
2029-06-16,15.75,9.03,172.59,324.37,85.9,100.4,5.43,1.923
2029-06-17,14.47,8.33,199.35,320.61,81.7,100.4,1.73,2.221
2029-06-18,16.8,8.7,298.07,301.4,74.7,100.1,0,1.335
2029-06-19,13.07,8.01,241.27,315.77,76.5,99.9,1.04,1.005
2029-06-20,14.01,7.23,191.67,309.06,66.1,99.9,0,0.262
2029-06-21,16.6,8.14,216.77,298.98,66.1,99.5,1.23,1.122
2029-06-22,15.64,8.71,236.5,290.77,61.2,99.6,0,1.494
2029-06-23,16.81,7.45,228.26,302.67,65.3,99.8,1.76,1.248
2029-06-24,17.82,10.3,158.25,343.96,80,99.8,7.66,1.338
2029-06-25,18,11.49,238.86,314.51,71.3,99.8,2.56,1.914
2029-06-26,18.05,10.07,228.9,309.06,78.9,100.1,0.73,1.074
2029-06-27,18.65,11.83,112.73,364.33,91,99.9,14.56,1.51
2029-06-28,22.43,14.79,299.27,339.1,76.7,99.7,0,3.133
2029-06-29,21.38,14.16,217.24,344.23,79,99.3,5.23,2.297
2029-06-30,19.24,13.08,320.39,304.41,66.5,98.8,0,3.784
2029-07-01,18.28,12.23,219,330.88,74.6,98.9,10.59,0.938
2029-07-02,15.91,10.88,132.45,344.92,90.6,98.5,13.03,0.73
2029-07-03,16.9,8.79,279.56,287.8,68,99.2,0,2.329
2029-07-04,16.6,9.7,158.54,320.84,78.7,99.7,2.78,0.563
2029-07-05,17.79,9.8,236.05,301.98,75,100.2,1.88,0.311
2029-07-06,19.87,9.21,276.08,296.13,66.5,100.7,0,0.867
2029-07-07,20.9,10.76,259.29,311.38,71,100.5,0.93,1.155
2029-07-08,18.49,11.39,203.43,322.02,73.3,100.7,0,3.115
2029-07-09,18.91,10.18,256.92,311.57,72.8,100.6,0,3.849
2029-07-10,17.8,11.52,179.04,341.97,75.7,100.2,0,3.488
2029-07-11,20.62,12.67,214.14,345.27,73.8,99.8,0,3.223
2029-07-12,19.95,11.96,307.03,306.66,68.4,99.8,0,0.848
2029-07-13,23.56,10.17,304.22,308.99,66.4,99.7,0,0.878
2029-07-14,19.57,13.73,202.11,346.27,87.8,99,21.21,1.3
2029-07-15,18.18,14.36,135.76,362.53,94.4,98.5,38.79,0.359
2029-07-16,16.6,11.86,218.29,330.59,84.7,98.6,3.49,0.551
2029-07-17,20.77,10.32,269.05,307.87,70.4,99.8,0,0.838
2029-07-18,17.75,13.82,85.43,357.91,89.8,100,4.86,1.594
2029-07-19,22.61,15.73,265.44,350.35,76.6,99.4,13.64,2.372
2029-07-20,21.93,14.72,241.41,333.74,71,99.4,0,2.079
2029-07-21,22.31,16.14,175.32,360.5,79.2,99.2,0.17,2.492
2029-07-22,22.79,15.17,247.61,344.76,76.6,99.1,2.31,3.205
2029-07-23,21.85,14.74,243.66,324.77,69.7,99.6,0,1.181
2029-07-24,18.44,12.54,255.51,305.49,71.4,99.9,0,2.477
2029-07-25,19.89,13.06,239.7,312.46,72.7,99.9,0,1.743
2029-07-26,24.33,13.92,230.21,351.71,66.4,99.1,0.81,1.073
2029-07-27,21.83,15.2,293.66,318.46,68.5,98.6,0.99,2.465
2029-07-28,18.02,12.57,247.26,311.08,75.8,98.9,0,3.021
2029-07-29,16.8,10.82,186.28,314.46,70.4,99.6,0,2.167
2029-07-30,18.26,11.06,177.29,322.55,76.5,99.9,1.33,0.924
2029-07-31,20.14,10.58,222.76,315.46,73.7,99.9,0.69,0.128
2029-08-01,22.01,10.09,268.82,308.08,70.9,100,0,1.475
2029-08-02,23.75,13.46,207.03,346.97,75.8,99.5,6.44,3.602
2029-08-03,22.71,13.98,265.44,324.69,73.8,99.7,0,1.436
2029-08-04,22.55,14.34,168.26,352.42,74.4,99.9,5.56,0.569
2029-08-05,21.4,15.96,236.48,339.85,78.2,99.8,0,2.582
2029-08-06,23,14.75,270.85,318.24,70.1,100.2,0,1.758
2029-08-07,22.96,15.82,227.19,349.84,80.8,100,0,2.151
2029-08-08,23.2,12.77,298.94,295.1,68.6,100.2,0,0.051
2029-08-09,24.61,15.42,231.11,343.79,76.9,100.2,0.66,1.082
2029-08-10,21.63,14.64,296.37,300.28,64.7,100.8,0,0.377
2029-08-11,22.77,12.85,258.37,306.54,67.3,101,0,0.344
2029-08-12,24.59,13.47,261.2,322.43,69.6,101,1.32,0.176
2029-08-13,24.42,15.79,238.51,339.81,78.7,101,0.89,1.408
2029-08-14,20.19,14.34,187.81,342.71,76.2,100.9,0,2.389
2029-08-15,21.26,13.48,196.07,339.08,79,100.8,0,2.158
2029-08-16,22.26,13.25,259.61,313.53,74.8,100.4,0,0.667
2029-08-17,23.41,12.63,236.95,326.17,78.1,100,0,1.715
2029-08-18,20.9,14.08,164.05,349.05,74.1,100.1,0,3.591
2029-08-19,20.51,13.63,223.77,334.23,79,100.4,0,2.944
2029-08-20,21.89,13.13,227,330.56,73.3,100.3,0,3.219
2029-08-21,20.65,13.19,208.66,331.67,74,99.7,0,3.018
2029-08-22,22.52,12.16,239.15,317.01,72.6,99.6,0,0.231
2029-08-23,23.21,11.83,161.63,345.47,79.1,99.3,1.96,0.709
2029-08-24,20.98,15.81,136.73,359.33,87.2,99.3,3.49,0.414
2029-08-25,23.74,15.19,191.04,354.86,79.9,99.7,0.26,0.469
2029-08-26,23.66,15.06,184.18,343.91,77.5,100.2,1.56,1.297
2029-08-27,22.35,15.42,159.29,357.5,86.1,100,2.26,0.363
2029-08-28,20.49,17.32,95.14,376.27,89.6,99.5,13.06,0.887
2029-08-29,21.22,15.03,224.93,315.1,71.9,99.2,0,2.187
2029-08-30,22.16,13.73,207.06,329.2,68.2,98.9,0,1.469
2029-08-31,20.92,14.94,199.13,336.97,71.7,98.5,2.31,2.554
2029-09-01,19.69,16.15,191.13,343.89,75.3,98.2,4.44,3.005
2029-09-02,21.62,14.56,152.67,342.46,75.4,98.2,8.55,3.124
2029-09-03,18,13.41,171.26,319.97,74.1,98.1,2.05,3.648
2029-09-04,16.42,11.37,118.53,317.73,77.4,98.3,0.61,1.713
2029-09-05,16.15,10.94,173.33,300.12,76.4,98.6,0,2.939
2029-09-06,16.38,10.68,191.43,292.47,68.5,98.9,0,3.214
2029-09-07,14.52,10.21,94.74,311.53,79.5,98.7,0,2.404
2029-09-08,16.71,10.59,155.18,303.36,69.5,99.3,0,3.034
2029-09-09,17.76,11.85,181.37,313.45,72.4,99.1,0,2.194
2029-09-10,15.61,10.65,127.01,324.49,83.9,98.4,6.87,2.089
2029-09-11,15.4,11.69,155.69,312.48,78.3,99.1,1.57,4.247
2029-09-12,16.8,10.88,165.61,301.17,75.7,99.9,0.76,3.156
2029-09-13,16.31,9.61,143.09,305.52,71.8,100.5,0,2.285
2029-09-14,16.29,10.72,73.5,358.22,96.8,99.8,8.32,0.951
2029-09-15,19.6,13.96,156.14,335.69,83.6,99.4,0.59,2.373
2029-09-16,16.39,11.93,133.01,314.85,79.1,99.9,0,2.347
2029-09-17,19.53,11,174.8,306.38,78.8,100.5,0,1.364
2029-09-18,18.64,11.8,121.97,327.78,75.2,100.1,0.16,2.427
2029-09-19,16.21,11.22,150.88,300.77,75.6,100.1,0.86,3.199
2029-09-20,19.32,10,122.66,331.32,84.4,100.1,0,2.243
2029-09-21,17.89,11.36,117.08,331.73,80.1,99.6,1.99,2.862
2029-09-22,17.04,7.82,122.02,314.38,80,100.1,0,1.119
2029-09-23,21.42,13.71,125.81,349.27,84.5,100,0,1.935
2029-09-24,21.92,14.77,91.54,348.32,84.8,99.2,7.43,0.937
2029-09-25,16.45,10.93,131.93,309.41,79.3,98.7,2.79,2.622
2029-09-26,15.75,8.23,149.89,289.33,71.2,100,0,1.116
2029-09-27,15.7,7.11,98.74,305.79,77.1,100.6,0,0.759
2029-09-28,17.69,11.46,101.1,344.56,83.4,99.9,1.2,1.707
2029-09-29,20.42,13.49,135.88,335.34,85,100.2,0,1.713
2029-09-30,17.55,12.07,149.36,302.34,74.2,100.5,0,2.388
2029-10-01,18.64,10.98,142.16,308.31,76.5,100.7,0,2.619
2029-10-02,18.88,12.73,91.67,345.92,87.3,100.5,5.83,2.675
2029-10-03,14.13,10.45,79.76,329.16,76.5,101.1,0,0.93
2029-10-04,17.93,10.41,83.83,347.77,79.6,100.7,0,0.628
2029-10-05,18.57,12.65,78.49,337.83,76.2,99.8,0,1.235
2029-10-06,20.02,11.23,119.08,321.97,83.7,99.8,0,1.49
2029-10-07,16.8,8.92,105.12,313.98,79.9,100.6,0,3.342
2029-10-08,13.61,8.17,81.7,308.52,71.8,101.2,0,3.807
2029-10-09,13.89,7.54,102.27,292.78,74.7,101.5,0,3.359
2029-10-10,12.83,6.26,118.75,271.26,79.2,101.2,0,2.563
2029-10-11,12.84,3.35,115,270.21,83.1,100.7,0,1.974
2029-10-12,11.37,4.55,56.65,304.46,84.2,100.2,0,1.715
2029-10-13,12.7,6.43,44.54,334.62,87.4,100,1.86,0.733
2029-10-14,13.34,10.07,53.27,346.29,96.9,100.3,1.2,1.372
2029-10-15,13.74,10.09,49.47,344.22,93.3,99.6,7.67,0.979
2029-10-16,13.5,10.06,86.98,310.66,85.9,98.9,0.06,1.965
2029-10-17,12.97,7.49,70.93,306.53,87.7,98.5,1.24,0.497
2029-10-18,10.45,5.67,53.22,302.42,87.1,99,2.01,2.063
2029-10-19,9.53,5.92,78.84,288.67,76.1,99,0,1.204
2029-10-20,11.49,4.56,103.92,266.41,73.3,99.6,0,0.31
2029-10-21,11.87,2.83,98.31,269.13,82.7,99.7,0,0.257
2029-10-22,11.94,2.58,101.94,283.31,88.3,99.6,0,1.077
2029-10-23,12,5.64,42.87,327.53,94.4,99.4,1.07,1.564
2029-10-24,10.38,8.33,14.43,339.31,96.5,98.5,14.66,0.755
2029-10-25,14.21,6.17,40.15,313.01,90.5,98.3,3.33,1.853
2029-10-26,11.83,9.17,64.43,300.07,74.1,98.1,3.41,5.411
2029-10-27,11.92,9.33,64.41,307.94,71.6,99.3,0,3.84
2029-10-28,16.54,9.55,33.92,361.25,89.2,98.2,9.44,3.415
2029-10-29,17.59,13.5,64.36,344.39,84.8,98.6,1.08,2.734
2029-10-30,14.73,9.69,74.78,303.05,83.6,100,0,1.069
2029-10-31,15.93,9.65,65.91,312.73,86.5,100,0,0.792
2029-11-01,17.12,9.61,57.09,323.01,89.5,100,0,2.401
2029-11-02,15.97,10.51,65.92,313.08,93.1,99.3,0,1.889
2029-11-03,16.64,11.08,57.22,328.97,94.3,99,0,1.249
2029-11-04,17.15,13.02,69.49,333.19,87.7,98.7,0,2.344
2029-11-05,14.71,8.53,26.06,313.94,89.2,98.3,5.88,1.087
2029-11-06,14,7.23,46.11,313.02,91.1,98.9,1.7,1.63
2029-11-07,15.35,8.61,23.05,334.41,88.5,98.3,7.78,1.441
2029-11-08,11.96,7.7,68.1,277.86,79,100.1,0,2.201
2029-11-09,12.67,7.99,46.57,319.38,85.1,100,1.58,2.175
2029-11-10,13.03,9.6,64.25,309.44,90.2,99.4,1.35,0.973
2029-11-11,13.13,5.37,55.24,288.91,80.5,99,2.39,2.389
2029-11-12,13.55,4.73,21.58,316.69,86.2,99.7,1.27,1.313
2029-11-13,15.45,7.37,12.83,340.69,90,98.8,9.06,1.923
2029-11-14,8.95,5.71,40.46,272.87,77,99.7,0,2.887
2029-11-15,9.67,4.05,54.99,277.62,81.5,100.5,0,1.844
2029-11-16,10.82,5.15,48.77,288.1,87,100,0.98,1.456
2029-11-17,11.62,4.65,32.55,307.27,89.5,99.1,7.54,1.312
2029-11-18,11.55,5.18,42.4,286.12,65.4,97.1,0,5.246
2029-11-19,7.31,4.28,44.16,282.64,78.5,97.8,1.56,3.433
2029-11-20,5.28,2.58,26.15,274.98,86.7,97.5,0,2.312
2029-11-21,4.78,1.08,17.87,292.2,94.7,97.2,3.82,0.752
2029-11-22,6.54,3.51,25.12,297.27,90.7,98.1,5.5,0.545
2029-11-23,6.55,2.68,34.28,268.31,84.2,98.8,0,1.559
2029-11-24,6.19,2.51,22.34,292.31,89.6,99.2,0.7,0.951
2029-11-25,6.51,3.86,23.27,308.06,90.8,100,0.66,2.186
2029-11-26,7,4.37,19.55,309.9,81.9,100.1,0,4.382
2029-11-27,5.89,3.75,26.93,302.68,87.3,99.4,2.12,3.57
2029-11-28,4.5,3.74,8.94,316.64,95.2,98.8,19.37,3.674
2029-11-29,4.32,2.96,16.25,303.32,97.2,98.2,9.68,1.117
2029-11-30,5.56,3.11,40.51,281.11,87.5,98.8,0,1.063
2029-12-01,5.11,0.2,22.53,270.77,92.4,98.3,1.42,1.003
2029-12-02,4.68,-1.46,41.97,234.57,83.3,98.4,0,1.608
2029-12-03,4.32,-2.94,30.86,266.65,88.3,99,0,1.161
2029-12-04,6.22,3.05,2.13,316.09,82.8,98.6,38.35,6.315
2029-12-05,8.32,4.68,6.44,334.04,95.8,97.1,41.13,1.002
2029-12-06,6.8,3.12,23.06,303.46,79.3,99.3,1.08,0.614
2029-12-07,9,3.23,28,301.21,81.8,99.1,9.97,1.714
2029-12-08,9.09,4.01,34.48,277.75,92.6,99.2,1.23,1.984
2029-12-09,9.27,3.03,3.36,320.36,98,97.4,24.69,1.054
2029-12-10,8.42,6.13,33.57,287.05,78.8,97.3,0,5.002
2029-12-11,8.2,3.3,21.93,283.34,84.3,98.9,0,2.661
2029-12-12,7.44,1.16,18.82,307.11,99,100.2,2.94,0.538
2029-12-13,13.21,7.51,30.46,314.6,90.6,99.6,0,3.103
2029-12-14,12.11,5.22,23.16,305.17,81.7,100.6,0,1.62
2029-12-15,10.9,4.1,22.58,309.53,95.9,100.1,0,0.868
2029-12-16,14.41,10.81,22.48,334.94,91.2,99.5,0.35,3.288
2029-12-17,14.73,13.52,8.5,366.67,91.4,99.2,5.71,2.016
2029-12-18,13.57,8.49,5.4,332.36,92.4,99.7,3.7,1.965
2029-12-19,8.69,5.02,29.95,271.53,89.8,101.3,0,1.79
2029-12-20,11.07,5.58,15.91,330.24,86.9,100.8,2.55,1.848
2029-12-21,12.49,10.34,26.54,328.72,85.9,100,0.68,3.967
2029-12-22,12.72,6.35,14.61,316.64,85.6,100.5,1.07,2.562
2029-12-23,11.87,6.79,20.96,329.86,90,100.2,1.24,3.398
2029-12-24,12.38,7.76,17.89,333.07,88.5,99.3,2.45,2.422
2029-12-25,8.46,4.7,8.98,315.76,91.2,98.5,12.36,2.126
2029-12-26,5.03,0.58,30.47,266.39,91.9,99.6,0,0.522
2029-12-27,5.3,-2.46,23.93,275.18,93.3,100.1,3.01,0.772
2029-12-28,11.28,5.26,13.75,317.98,88.9,98.5,2.82,2.276
2029-12-29,5.76,2.5,23.8,263.17,85.9,98.1,0,2.293
2029-12-30,5.09,1.87,15.78,282.52,83.5,96.4,6.12,2.172
2029-12-31,5.37,2.29,26.01,265.63,82.2,96.7,3.06,2.461
2030-01-01,5.64,2.71,36.58,248.62,81,97.1,0,2.756
2030-01-02,6.46,2.72,29.12,266.42,84.6,97.5,0.52,2.722
2030-01-03,6.35,2.49,20.84,281.15,87.7,98.2,5.39,1.934
2030-01-04,9.96,2.51,20.21,291.1,87.3,98.9,11.43,0.885
2030-01-05,9.91,4.27,11.7,296.31,88.3,97.9,0,1.374
2030-01-06,6.36,3.84,29.18,268.36,80.1,98.1,0,2.309
2030-01-07,7.77,4.01,8.27,326.84,95,96.8,16.46,3.937
2030-01-08,7.27,5.26,17.92,319.43,96.2,98.7,5.59,0.987
2030-01-09,6.37,2.97,38.1,278.63,93.9,100.8,0,0.286
2030-01-10,8.42,1.25,30.21,289.99,90.2,101.3,0.44,0.941
2030-01-11,8.31,1.29,20.69,308.95,94.3,101.5,0,1.184
2030-01-12,8.58,4.94,10.11,326,94.9,101,8.21,1.04
2030-01-13,7.7,3.98,34.67,286.83,86.1,100.9,5.2,3.358
2030-01-14,10.73,7.01,28.49,314.9,88.6,100,4.62,3.308
2030-01-15,11.58,7.32,26.59,308.04,88.1,99.8,0,4.382
2030-01-16,8.23,5.33,36.73,282.21,72.3,100,0,4.156
2030-01-17,10.25,3.51,26.68,304.75,80.8,99.1,16.06,3.625
2030-01-18,6.19,1.93,32.8,281.65,83.6,99.9,0,3.024
2030-01-19,10.88,2.9,23.33,306.68,85,98.9,13,3.944
2030-01-20,5.66,3.83,38.69,294.59,81.5,98.1,1.02,3.487
2030-01-21,4.8,-1.42,29.42,265.27,77.5,98.8,16.31,1.052
2030-01-22,3.35,-2.14,54.77,222.27,70,99.7,0,2.442
2030-01-23,1.43,-3.25,43,245.67,79,99.8,0,1.282
2030-01-24,3.1,-0.02,33.55,291.54,89,98.3,7.98,1.51
2030-01-25,8.26,1.61,43.48,284.27,82.1,97.2,4.54,3.078
2030-01-26,4.31,0.71,49.12,251.77,82.9,98,0,3.308
2030-01-27,7.22,0.06,8.87,305.95,97.5,97.2,15.33,0.539
2030-01-28,6.08,2.97,26.43,307.53,96.9,97.1,3.1,0.747
2030-01-29,3.79,1.64,18.65,296.29,95.8,97.4,3.85,0.57
2030-01-30,4.18,1.65,30.45,298.02,82.4,97.6,0,1.543
2030-01-31,4.14,1.68,19.41,300.58,90.5,97.8,0,3.207
2030-02-01,3.94,1.89,28.46,306.44,92.9,98.2,0.76,2.531
2030-02-02,3.44,1.26,24.43,308.06,99.1,99.4,2.58,1.922
2030-02-03,6.03,2.87,23.44,321.24,100,99,11.21,4.132
2030-02-04,6.34,4.07,36.33,313.97,98.2,98.1,9.39,1.877
2030-02-05,6.13,3.11,48.56,298.93,95.5,97.9,2.84,1.962
2030-02-06,6.67,3.14,10.46,325.33,98.8,97.1,43.62,4.323
2030-02-07,8.44,3.81,65.33,297.06,91.8,97.5,7.41,0.981
2030-02-08,7.51,4.05,25.15,325.53,99.6,97.8,16.65,2.916
2030-02-09,7.07,4.72,13.11,313.91,96.4,98.1,21.27,1.511
2030-02-10,9.55,5.04,29.93,314.08,91.9,98.5,3.75,1.347
2030-02-11,10.73,5.62,26.05,334.16,97.9,98.2,13.49,3.139
2030-02-12,10.41,5.88,71.3,285.15,90.5,98.4,1.75,0.634
2030-02-13,10.23,6.04,67.15,313.72,92.4,98.1,1.54,1.167
2030-02-14,9.81,6.2,17.98,329.86,94.2,96.6,8.68,1.138
2030-02-15,9.88,4.48,70.56,291.85,88.1,96.3,1.13,2.494
2030-02-16,9.25,4.56,41.4,315.53,98.5,97,3.09,0.6
2030-02-17,11.7,6.76,90.12,297.42,91.6,97.1,4.79,1.317
2030-02-18,10.13,6.3,55.79,308.24,93.9,97.4,3.35,1.213
2030-02-19,11.27,5.13,83.3,283.2,89.6,97.9,0,1.317
2030-02-20,8.53,3.61,69.75,303.17,98.1,98.6,0,0.296
2030-02-21,10.09,4.72,61.55,311.66,94.1,98.7,1.12,0.573
2030-02-22,7,3.22,38.83,311.61,96.7,97.5,3.57,3.89
2030-02-23,8.76,5.87,75.87,308.53,88.5,96.4,4.47,0.908
2030-02-24,7.93,4.54,38.1,299.31,90.8,95.9,3.44,0.904
2030-02-25,6.68,1.52,94.69,276.27,75.2,97.7,3.43,1.262
2030-02-26,1.53,0.11,14.45,308.19,100,97,38.2,4.383
2030-02-27,1.41,-0.39,56.54,290.95,94.1,97,4.52,0.66
2030-02-28,4.52,-0.55,12.07,304.46,91,96.8,21.22,1.333
2030-03-01,3.61,-0.26,60.5,278.51,78.4,98.4,0.2,0.851
2030-03-02,5.25,0.01,65,274.17,78.9,97.7,0,2.674
2030-03-03,4.4,-0.95,112.59,235.87,59.5,97.8,0,2.14
2030-03-04,4.48,-2.33,143.64,218.88,64.8,98.2,0,1.666
2030-03-05,3.78,-2.72,151.01,215.54,67.1,98.6,0,0.233
2030-03-06,7.2,-0.16,100.06,276.88,58.6,97.8,0,2.695
2030-03-07,9.76,5.37,80.82,317.91,89.6,95.3,17.05,1.293
2030-03-08,8.57,2.79,120.81,270.07,73.7,95.7,5.15,3.345
2030-03-09,9.07,2.69,105.73,298.71,81.4,96.9,8.4,2.501
2030-03-10,11.04,4.35,85.04,297.19,77.6,96.2,1.45,3.181
2030-03-11,7.47,3.02,124.16,275.33,70,98,0,2.912
2030-03-12,7.41,3.59,73.98,308.58,84.9,97.7,15.29,0.582
2030-03-13,13.45,4.97,124.47,303.64,82.3,96.8,4.84,2.656
2030-03-14,12.4,6.53,142.27,272.07,79.9,97.3,0,2.06
2030-03-15,12.81,5.33,105.76,311.43,89.4,98.1,5.5,1.98
2030-03-16,13.28,6.36,121.68,309.85,88.9,98.4,5.92,1.356
2030-03-17,10.54,6.42,87.9,318.97,92.1,98.2,6.36,0.325
2030-03-18,8.23,4.23,67.08,301.46,93.8,97.9,5.54,0.417
2030-03-19,7.69,2.67,135.92,270.63,68.4,98,0,2.167
2030-03-20,6.3,1.62,104.52,267.41,72.3,98.4,0,0.686
2030-03-21,7.52,0.71,137.74,267.44,68.4,98.7,0,0.629
2030-03-22,9.11,3.17,20.79,327.42,96.7,97,53.2,1.432
2030-03-23,5.46,1.7,109.65,282.67,74.3,96.6,14.32,3.109
2030-03-24,9,1.84,185.74,246.06,64.2,98.8,0,2.619
2030-03-25,8.17,0.79,136.74,268.43,70.4,99.9,0,0.346
2030-03-26,10.45,2.68,134.55,293.58,69.3,99.6,0,3.686
2030-03-27,10.19,4.38,136.07,295.5,71.8,99.5,0,4.193
2030-03-28,6.57,2.3,131.36,284.31,63.7,101.2,0,2.37
2030-03-29,6.65,2.08,140.87,278.31,61.7,102,0,1.032
2030-03-30,7.67,2.62,140.72,287.01,66.3,102.2,0,1.001
2030-03-31,8.12,3.74,133.67,295.69,67.5,101.8,0,0.172
2030-04-01,6.52,2.51,104.03,291.92,74.8,101.5,1.33,1.844
2030-04-02,8.37,1.79,99.51,299.56,72,101.2,0,1.223
2030-04-03,12.5,4.68,102.01,312.32,78.5,100.3,0,2.412
2030-04-04,9.38,3.84,138.31,287.66,77.6,98.5,3,4.291
2030-04-05,7.1,2.45,122.42,278.04,64,97.7,0.96,2.817
2030-04-06,5.36,-0.94,104.94,263.36,57,98.5,0,1.404
2030-04-07,4.69,-2.74,168.83,227,55.5,98.3,0,1.166
2030-04-08,6.52,-2.89,178.19,236.14,63,97.9,0,0.761
2030-04-09,4.71,0.16,69.77,291.51,80.4,97.8,5.6,1.114
2030-04-10,4.81,1.35,77.94,312.52,91.8,97.3,19.84,1.347
2030-04-11,5.63,1.77,86.02,307.11,92.8,97.6,10.3,3.418
2030-04-12,5.74,3.27,76.35,308.89,92.5,97.9,12.57,3.545
2030-04-13,7.09,2.48,93.82,304.59,88.9,98.5,9.89,4.038
2030-04-14,9.64,4.51,116.59,308.5,81.3,98.7,8.02,5.247
2030-04-15,8.26,2.68,110.92,295.9,86.9,99.2,4.21,0.85
2030-04-16,9.6,0.55,155.32,276.87,71.9,99.5,0,0.404
2030-04-17,8.74,2.62,166.86,276.57,76.3,100.1,0,1.052
2030-04-18,9.01,2.68,183.62,278.69,64.6,100.3,0,0.638
2030-04-19,11.38,3.07,213.14,281.11,61.4,100,0,2.034
2030-04-20,11.16,5.42,120.72,319.54,86,100.2,3.27,0.306
2030-04-21,13.16,6.08,166.95,318.11,81.3,100.9,0,1.239
2030-04-22,10.24,5.87,122.99,310.19,80.2,100.8,0,1.206
2030-04-23,12.21,5.65,148.8,308.51,80.8,100.6,0.28,0.527
2030-04-24,7.19,3.31,102.71,311.71,93,100.1,4.99,2.112
2030-04-25,7.44,3.38,75.19,313.75,94.5,99.3,7.6,1.086
2030-04-26,10.65,4.67,159.65,301.35,81.3,97.9,2.49,1.688
2030-04-27,5.77,1.7,90.55,292.46,85.6,97.8,2.37,0.533
2030-04-28,7.52,0.06,167.76,259.79,64.3,98.8,0,1.509
2030-04-29,7.92,1.89,125.79,278.97,81,99.8,2.94,0.921
2030-04-30,9.72,0.87,115.13,298.57,91.1,100.2,3.23,0.59
2030-05-01,13.74,5.37,157.97,304.67,73.6,100.2,0,2.562
2030-05-02,17.76,6.14,233.32,288.65,74.9,100.4,0,3.11
2030-05-03,14.6,5.09,311.18,251.85,65.8,100.5,0,3.911
2030-05-04,11.36,5.71,180.54,314.42,86.7,99.7,12.18,4.328
2030-05-05,11.53,7.63,114.93,340.16,95.7,99.1,15.3,4.602
2030-05-06,13.84,8.28,140.41,339.9,89.2,99.7,1.98,5.132
2030-05-07,12.77,6.57,110.56,334.64,91.7,99.6,7.95,3.784
2030-05-08,10.74,4.71,215.38,302.29,74.8,98.8,0,3.284
2030-05-09,10.6,3.98,148.96,305,77,98.5,0,0.575
2030-05-10,9.39,5.24,107.83,319.8,88.7,98.9,8.72,2.777
2030-05-11,5.81,3.67,42.56,319.92,94.5,98.5,45.54,3.489
2030-05-12,8.52,3.25,164.61,298.55,72.4,98.4,4.28,0.509
2030-05-13,9.59,2.07,192.77,260.11,57.8,99,0,1.953
2030-05-14,11.7,0.94,222.15,262.47,67.2,99,0,1.708
2030-05-15,9.32,4.11,86.29,316.73,92.5,99,18.63,2.393
2030-05-16,15.7,8.14,135.93,351.84,95.4,98.2,16.39,1.48
2030-05-17,15.13,9.49,137.65,334.48,81.2,97.7,7.78,2.582
2030-05-18,12.7,7.38,155.71,314.18,74.4,99.7,0,1.615
2030-05-19,13.84,5.94,207.82,292.89,72.1,100.6,0,0.274
2030-05-20,12.04,7.57,76.35,326.39,86.1,100.3,26.91,0.861
2030-05-21,13.67,7.58,212.25,321.58,80.9,99.3,10.89,2.839
2030-05-22,11.84,8.05,92.44,338.46,93,99.2,21.41,2.15
2030-05-23,16.96,9.58,198.68,338.38,86.8,98.7,9.76,0.774
2030-05-24,14.66,10.73,199.35,330.93,82.5,99,4.2,0.344
2030-05-25,15.12,8.64,176.9,318.6,81.7,99.4,0,1.415
2030-05-26,17.81,8.99,194.82,339.2,85.7,99.7,1.14,1.772
2030-05-27,14.1,7.72,243.74,309.14,84.2,99.8,0,2.399
2030-05-28,17.11,7.35,222.26,314.09,79.1,99.9,0,0.482
2030-05-29,19.72,11.49,205.36,330.16,68.9,99.8,0,1.8
2030-05-30,17.68,11.41,250.45,318.63,68.9,99.5,0.97,3.069
2030-05-31,16.7,10.5,240.12,314.15,64.6,99.7,0,2.85
2030-06-01,15.72,9.59,229.83,309.69,60.4,99.9,0,2.631
2030-06-02,14.85,9.27,190.99,320.8,75.9,99.4,4.1,2.125
2030-06-03,14.81,8.16,184.59,313.23,80.2,99.8,3,1.997
2030-06-04,16.81,12.66,124.74,346.98,85.7,99.2,0,3.189
2030-06-05,18.74,13.31,173.75,356.3,82.3,99.5,0,2.351
2030-06-06,21.66,14.17,253.82,348.32,77.6,100,0,1.439
2030-06-07,20.26,14.23,269.47,326.97,76.7,100.4,0,2.019
2030-06-08,23.75,12.85,297.45,320.84,74.2,101.2,0,1.271
2030-06-09,24.37,12.33,290.55,325.11,78.6,101.7,0,1.197
2030-06-10,22.89,12.6,310.99,322.25,75.5,101.7,0,2.17
2030-06-11,23.79,13.11,350.34,305.99,66.7,101.2,0,2.406
2030-06-12,21.59,11.87,344.26,298.27,79.4,100.5,0,2.487
2030-06-13,18.02,11.36,184.16,349.04,85,100.2,0,3.004
2030-06-14,18.91,9.75,343.9,283.94,65.7,100.4,0,2.079
2030-06-15,20.7,9.46,356.56,273.95,59.3,100.1,0,1.89
2030-06-16,23.22,9.46,272.94,324.3,76.3,98.9,10.91,1.78
2030-06-17,17.92,12.37,234.82,328.77,71.9,98.3,1.44,2.101
2030-06-18,16.97,11.5,189.68,325.63,76.3,98.3,2.53,2.323
2030-06-19,17.65,11.67,284.04,304.08,69.6,99,0.86,3.248
2030-06-20,16.3,11.6,179.68,332.71,80.4,99.7,3.22,1.595
2030-06-21,19.35,13.17,269.11,332.25,82.6,99.3,9.76,2.754
2030-06-22,18.13,10.77,306.11,288.86,65.2,100,0,2.07
2030-06-23,17.31,10.85,192.28,332.38,80.4,99.8,3.4,0.949
2030-06-24,19.95,13.02,261.45,334.39,83.6,99.5,8.19,1.726
2030-06-25,17.92,11.67,272.77,315.39,71.4,100.1,5.84,1.874
2030-06-26,18.7,13.61,286.88,317.16,74.5,99.7,0,3.432
2030-06-27,18.63,12.29,323.5,300.36,67.1,99.5,0,3.246
2030-06-28,19.4,10.41,307.62,298.45,68.8,99.9,2.94,1.227
2030-06-29,17.66,10.62,223.15,320.07,77.2,100.2,1.81,2.246
2030-06-30,18.75,9.04,240.85,307.87,69.3,100.1,0,1.857
2030-07-01,18.05,9.67,281.78,285.86,69,100,0,1.724
2030-07-02,16.92,9.61,253.88,303.97,71.8,99.8,0,1.704
2030-07-03,16.78,9.21,208.36,312.92,82.3,99.8,1.92,2.267
2030-07-04,18.7,10.16,229.72,312.43,72.9,99.9,0,1.628
2030-07-05,19.36,9.25,266.89,301.07,70.9,100.2,0,1.327
2030-07-06,19.51,11.07,225.41,322.6,75.8,100.2,2.64,1.477
2030-07-07,20.78,11.33,251.29,317.58,72.6,100,0.83,1.633
2030-07-08,22.29,11.81,321.32,302.23,64.9,100,1.05,1.123
2030-07-09,22.92,12.87,308.66,309.79,66.9,100.1,1.43,0.458
2030-07-10,22.05,13.83,305.21,315.14,71.8,100.5,3.41,1.052
2030-07-11,19.74,13.58,229.62,329.83,76.9,100.8,0,1.078
2030-07-12,23.83,13.81,218.56,358.82,74.8,100.6,1.57,1.011
2030-07-13,21.89,15.99,271.13,345.69,77.8,100.3,0,2.34
2030-07-14,19.72,13.14,147.32,346.59,84.6,99.4,8.93,0.882
2030-07-15,17.14,12.4,154.23,332.23,82.8,99.1,4.16,1.312
2030-07-16,17.55,10.35,273.11,311.17,65.2,99.4,0,0.53
2030-07-17,20.26,11.41,248.56,322.49,69.6,99.9,0,2.07
2030-07-18,21.62,14.98,243.96,345.21,77.7,99.7,0.81,2.516
2030-07-19,21.75,14.82,164.27,362.53,84.6,99.7,3.13,1.098
2030-07-20,20.81,16.27,136.23,367.77,84.3,99.3,0.59,2.842
2030-07-21,18.86,12.37,273.85,300.74,71.8,99.3,0,3.116
2030-07-22,20.75,13.29,215.52,334.55,79.2,99.6,1.46,2.01
2030-07-23,22.91,16.97,241.63,360.89,81.7,99.9,0,2.823
2030-07-24,22.65,15.53,283.19,323.12,71.3,100.3,0,2.613
2030-07-25,23.79,13.85,293.28,318.66,66,100.3,0,1.608
2030-07-26,23.56,16.49,246.52,345,69.3,99.5,0,2.142
2030-07-27,19.88,16.44,115.66,369.83,85.2,98.8,5.79,2.434
2030-07-28,21.7,16.16,188.7,362.43,81.8,98.7,4.89,0.731
2030-07-29,22.89,15.73,244.07,340.11,68.1,99.3,0,0.875
2030-07-30,21.3,13.41,267.78,302.47,59.2,100.1,0,0.595
2030-07-31,21.05,13.1,275.16,301.75,60.9,100.2,0,0.26
2030-08-01,20.8,12.79,282.56,300.95,62.5,100.4,0,0.465
2030-08-02,23.04,13.13,285.42,308.03,66.6,100.5,0,1.358
2030-08-03,23.88,15.53,290.09,323.58,73.7,100.6,0,2.342
2030-08-04,20.83,14.77,224.41,323.85,74.5,100.4,0,2.876
2030-08-05,20.49,13.42,243.56,315.51,68.1,100.3,0,1.932
2030-08-06,21.28,12.53,260.17,313.17,66.6,100.3,0,2.658
2030-08-07,20.35,15.81,241.63,333.87,73.4,99.7,0,4.921
2030-08-08,18.78,12.57,204.16,319.66,72.4,99.5,1.43,3.279
2030-08-09,16.6,9.77,212.87,303.19,60.3,100,0,1.246
2030-08-10,17.51,10.48,205.4,316.97,70.8,99.9,1.46,1.077
2030-08-11,19.91,13.13,170.11,347.95,75.4,99.9,0,1.863
2030-08-12,18.91,12.29,163.4,339.42,75.9,98.8,3.9,2.289
2030-08-13,16.69,11.4,237.57,296.53,73.8,98.3,0,3.507
2030-08-14,19.01,10.83,188.1,321.86,72.2,98.4,10.32,1.759
2030-08-15,19.89,13.42,246.73,325.5,74.7,98.5,1.85,3.114
2030-08-16,19.73,11.87,213.71,314.63,71.1,99.7,0,1.626
2030-08-17,20.3,12.34,220.36,310.52,71.3,100.3,0,1.978
2030-08-18,22.79,11.03,142.02,346.67,76.9,100.1,0,0.6
2030-08-19,27.15,15.47,252.66,341.53,68,99,2.47,2.556
2030-08-20,20.68,14.63,236.13,320.8,78.7,98.7,1.07,2.889
2030-08-21,22.2,12.76,233.33,317.69,68.7,99.5,0,1.694
2030-08-22,18.71,15.02,74.29,367.33,88.9,99,16.61,0.942
2030-08-23,19.17,12.97,178.11,326.31,72.5,98.7,0,2.499
2030-08-24,18.58,12.51,224.81,310.66,79.9,98.9,0.96,3.046
2030-08-25,19.14,13.22,121.65,353.19,92.1,98.4,10.25,1.304
2030-08-26,17.41,11.97,198.13,308.83,78.7,99.1,1.75,2.989
2030-08-27,16.96,11.73,143.39,325.33,78.3,99.9,0,2.802
2030-08-28,20.76,14.56,134.97,360.95,86.6,100,2.32,2.432
2030-08-29,22.82,17.19,184.71,358.37,84.3,99.9,1.3,1.949
2030-08-30,19.43,12.45,167.54,323.69,74.9,99.5,3.88,2.251
2030-08-31,18.59,11.93,170.75,316.03,72.2,99.7,1.95,2.134
2030-09-01,17.74,11.41,173.93,309.01,69.4,100,0,2.02
2030-09-02,18.35,12.16,126.11,339.95,82.7,99.4,4.42,1.885
2030-09-03,18.32,11.26,216.27,303.83,71.6,99.5,0,1.642
2030-09-04,20.86,13.75,158.49,352.77,86.7,99.4,2.01,2.343
2030-09-05,21.61,12.92,171.03,343.91,82.6,99.2,0,2.416
2030-09-06,16.6,11.53,153.83,309.08,74.9,99.1,0,2.487
2030-09-07,16.14,11.06,177.12,305.47,76.3,99,0,2.969
2030-09-08,20.96,12.66,121.95,357.59,88,98.2,6.45,1.215
2030-09-09,18.14,13.9,159.36,327.75,75,98.3,0,3.232
2030-09-10,15.3,10.85,109.19,311.03,85.7,99.3,4.51,1.073
2030-09-11,17.23,9.23,152.63,300.74,74.7,100.3,0,1.644
2030-09-12,15.95,8.76,179.46,287.79,75.8,100.5,0,0.301
2030-09-13,17.64,7.57,175.73,292.61,73.5,100.6,0,0.842
2030-09-14,13.97,10.57,60.58,346.37,92.5,100,10.98,1.39
2030-09-15,15.87,11.39,90.68,341.83,93,100.3,3.5,1.587
2030-09-16,17.97,10.21,159.21,318,87,100.7,0.13,0.711
2030-09-17,18.42,12.24,120.65,335.92,85.5,100.8,0.07,2.184
2030-09-18,19.54,13.38,122.12,343.07,84.8,100.9,0,0.434
2030-09-19,17.24,10.45,156.46,309.9,79.2,101.1,0,1.677
2030-09-20,17.38,9.86,141.31,312.24,81.1,101,0,0.991
2030-09-21,18.06,8.94,157.99,313.67,82.5,100.6,0,0.529
2030-09-22,17.81,10.52,123.41,323.86,74.7,100.2,0,1.043
2030-09-23,18.75,12.24,131.14,335.99,78.8,99.8,0.96,1.168
2030-09-24,17.83,12.57,54.79,345.09,88,99.4,0,0.953
2030-09-25,18.54,12.99,48.18,374.47,96.1,99.3,4.69,0.943
2030-09-26,19.99,13.47,164.01,308.85,76.5,100.4,0,1.543
2030-09-27,21.34,11.78,166.34,311.75,75.1,100.4,0,0.812
2030-09-28,20.96,14,126.84,351.87,84.2,99.9,3.31,1.38
2030-09-29,17.04,11.07,142,301.22,75.3,100.2,0,1.114
2030-09-30,18.02,11.14,119.91,326.74,83,100.6,0,2.566
2030-10-01,19.45,15.71,117.13,347.08,88.2,101.1,1.12,2.581
2030-10-02,18.56,13.49,132.58,329.41,85.1,101.5,0,1.68
2030-10-03,18.09,12.61,143.51,321.13,86.6,101.2,0,1.959
2030-10-04,16.53,7.73,86.27,312.5,80.6,100.8,1.52,0.698
2030-10-05,12.51,6.41,135.72,271.09,64.1,100.9,0,0.769
2030-10-06,14.32,7.75,137.95,285.79,69.7,100.8,0,1.569
2030-10-07,15.63,10.32,112.17,309.65,82.5,100.7,0,2.113
2030-10-08,15.95,10.72,32.04,346.5,91,100.1,0,2.95
2030-10-09,15.56,10.71,91.75,320.76,85.9,99.5,0.09,2.723
2030-10-10,14.7,9.55,115.42,290.35,77.3,99.4,0,2.177
2030-10-11,14.46,7.13,109.26,296.89,83.1,99.8,0,1.523
2030-10-12,16.56,9.98,84.32,321.35,89.2,98.3,1.54,2.279
2030-10-13,13.19,7.93,90.12,293.93,84.7,97.7,1.3,1.974
2030-10-14,14.08,7.22,113.77,282.7,78.9,98.4,0,1.68
2030-10-15,13.06,7.62,83.28,298.05,82,98.6,0,1.422
2030-10-16,13.71,6.58,112.3,276.75,79,99.1,0,1.303
2030-10-17,13.2,7.34,114.7,274.59,74.9,100.2,0,1.141
2030-10-18,14.55,7.83,89.25,313.8,88.4,100,0,1.333
2030-10-19,15.36,12.09,35.08,360.69,95.6,98.8,15.17,0.942
2030-10-20,14.93,8.28,99.09,299.92,82.8,98.5,5.9,1.863
2030-10-21,13.8,6.49,99.13,282.96,87.2,99.2,0,0.992
2030-10-22,11.85,6.29,65.19,310.2,95.8,99.6,0,0.283
2030-10-23,13.48,7.06,86.13,301.71,91,99.6,0,0.375
2030-10-24,14.05,9.61,42.52,335.9,89.1,99.2,0,2.241
2030-10-25,15.88,9.11,62.29,336.31,91.2,99.2,2.7,1.288
2030-10-26,18.32,15.9,36.4,377.16,90.2,98.9,3.63,2.544
2030-10-27,18,9.34,58.73,320.18,83.1,99.5,2.6,2.367
2030-10-28,13.26,8.51,57.8,299.75,85.2,99.9,0,1.678
2030-10-29,15.47,10.28,67.3,312.07,80.6,99.4,0.07,2.73
2030-10-30,15.07,9.9,62.91,326.43,84.1,99.8,1.02,2.536
2030-10-31,14.58,10.05,57.17,325.91,84.9,99.8,0,2.197
2030-11-01,14.1,10.2,51.46,325.04,85.7,99.9,0,1.857
2030-11-02,16.12,9.56,72.86,304.85,72.9,98.5,2.71,5.41
2030-11-03,10.7,7.59,44.38,293.28,65.3,99.8,0,3.58
2030-11-04,14.49,7.21,48.78,314.48,84.2,99.1,1.7,2.656
2030-11-05,10.3,8.22,55.97,291.97,66.3,99.4,0,3.807
2030-11-06,10.64,7.79,52.7,305.7,71.1,99.6,0,2.387
2030-11-07,9.45,5.52,60.98,294.35,74,97.8,6.8,3.307
2030-11-08,7.04,1.38,70.54,237.72,62.6,99,0,2.664
2030-11-09,4.01,-1.95,46.17,262.57,83.3,98.9,14.37,1.632
2030-11-10,4.56,1.53,25.04,289.43,92.9,99.1,3.27,0.878
2030-11-11,6.14,-1.4,40.04,283.6,93.5,99.6,2.19,1.845
2030-11-12,7.25,5.66,14.52,330.65,97.3,99.2,9.44,2.933
2030-11-13,14.94,6.51,29.63,335.79,94,99.1,5.27,1.991
2030-11-14,14.52,8.37,37.53,315.42,82.2,98.8,3.8,3.065
2030-11-15,10.04,6.99,45.7,292.05,73.5,99.4,0,3.306
2030-11-16,7.88,6.19,46.86,292.39,81.2,98.9,3.9,2.15
2030-11-17,7.26,3.49,34.36,293.64,72,100.3,2.11,1.764
2030-11-18,12.11,4.38,29.6,317.38,89.8,101.1,0,2.131
2030-11-19,11.52,8.69,27.5,331.28,89.5,100.8,0,2.397
2030-11-20,12.17,3.81,23.93,294.93,90.6,100.4,0.26,1.343
2030-11-21,11,3.9,12.73,314.83,90,98.2,21.57,2.094
2030-11-22,11.14,6.25,26.3,319.22,82.6,98.2,2.47,3.252
2030-11-23,12.51,9.19,31.57,323.08,84.4,98,0,2.386
2030-11-24,12.03,6.87,32.52,312.6,76.6,98.4,2.86,2.507
2030-11-25,10.88,6.44,32.28,304.21,72.8,99.1,2.32,3.504
2030-11-26,13.92,7.91,8.01,345.45,91.1,97.8,22.55,2.465
2030-11-27,7.94,5.01,21.59,309.33,93.6,98.3,0,0.393
2030-11-28,6.79,2.54,20.75,293.73,85.2,99.1,4.32,0.669
2030-11-29,5.04,0.02,43.43,268.16,85.6,100.1,0,0.27
2030-11-30,6.54,3.79,7.28,314.56,94.1,99.3,7.26,1.587
2030-12-01,6.36,3.41,17.48,318.52,99.7,99.5,0,0.359
2030-12-02,8.65,6.22,18.55,329.4,98.6,99.4,3.69,0.34
2030-12-03,8.78,5.49,15.28,327.39,98,99,9.54,0.649
2030-12-04,6.78,5.53,16.11,317.36,95,99.4,1.95,0.687
2030-12-05,6.94,2.51,37.78,280.08,95.9,101.1,0,1.772
2030-12-06,6.32,3.35,16.18,313.17,91.1,101.3,2.47,4.297
2030-12-07,4.14,2.38,18.96,302.51,82.4,101,0,4.572
2030-12-08,3.47,2.09,18.14,308.68,93.1,101.2,0,2.061
2030-12-09,3.64,0.12,13.46,285.11,100,100.9,0,2.36
2030-12-10,3.75,-0.42,20.01,271.37,99.8,100,0,2.173
2030-12-11,2.95,-0.55,15.25,298.73,100,100,0,1.329
2030-12-12,7.46,2.12,7.82,329.39,100,99.5,5.98,3.434
2030-12-13,9.08,7.12,8.69,344.42,99.4,99.3,9.54,3.614
2030-12-14,9.73,4.03,25.81,294.16,96.7,99.3,0,0.672
2030-12-15,9.16,4.04,11.55,331.62,100,99.2,4.57,1.71
2030-12-16,8.83,6.72,8.33,339.81,99.1,98.7,11.75,2.977
2030-12-17,9.46,6.09,6.62,335.38,98.9,98,11.33,3.3
2030-12-18,9.52,8.62,13.77,342.35,94.9,96.4,21.08,5.92
2030-12-19,9.4,6.05,18.7,312.45,88.4,97.1,8.04,1.475
2030-12-20,8.66,4.72,24.61,308.43,93.5,98.1,8.68,1.332
2030-12-21,7.84,4.87,15.14,325.6,97.3,99.3,7.87,0.516
2030-12-22,13.23,7.47,18.59,330.55,89.2,99.2,14.5,2.628
2030-12-23,9.67,7.15,32.85,274.74,86.1,100.2,0,3.585
2030-12-24,8.6,4.63,17.2,286.49,93.3,100.9,0,1.84
2030-12-25,5.51,2.84,17.86,303.74,100,101.6,0,0.5
2030-12-26,6.94,3.3,16.69,315.58,98.1,101.6,0,0.991
2030-12-27,6.76,1.55,22.54,293.95,94,101.5,0,1.038
2030-12-28,2.39,-0.27,22.48,268.26,95.8,100.7,0,0.744
2030-12-29,7.69,1.89,22.87,313.37,100,100.3,0,0.658
2030-12-30,11.02,3.71,12.73,323.62,96.4,99.5,4.52,1.05
2030-12-31,10.44,5.5,10.3,316.83,92,98.9,5.39,1.559
2031-01-01,9.85,7.29,7.87,311.51,87.5,98.3,6.2,2.034
2031-01-02,7.88,5.21,13.95,310.54,84.1,98.2,10.96,3.275
2031-01-03,8.12,4.07,26.58,280.94,80.8,98.7,1.81,3.746
2031-01-04,7.83,5.55,29.49,294.16,94,100.1,6.07,1.432
2031-01-05,11.08,7.48,24.55,327.12,90.8,99.4,0,2.18
2031-01-06,8.45,5.55,24.36,306.27,94.1,100.3,0,1.286
2031-01-07,9.76,5.83,12.62,331.88,96.9,100.6,1.73,0.872
2031-01-08,10.34,5.14,5.51,326.74,95.4,100.7,6.42,0.802
2031-01-09,6.02,2.01,41.54,243.35,87.8,101.4,0,1.699
2031-01-10,6.94,0.33,35.25,272.19,90.4,101.6,0,1.74
2031-01-11,11.34,6.97,19.65,333.3,88,100.5,6.02,3.894
2031-01-12,11.6,8.25,20.37,328.4,84.8,100.2,1.96,4.318
2031-01-13,11.1,9.24,18.85,331.86,87.2,100.9,0,3.954
2031-01-14,11.64,7.35,22.77,321.66,77.5,100,1.45,5.393
2031-01-15,7.88,1.5,40.41,271.49,66,100.6,1.17,2.193
2031-01-16,9.39,0.03,23.38,311.08,95.6,98.9,17.93,0.663
2031-01-17,2.7,-2.37,49.75,226.63,71.1,99.8,0.7,1.895
2031-01-18,-0.37,-3.51,30.85,238.34,81.1,99.3,0,0.858
2031-01-19,0.63,-3.37,28.81,260.87,95.2,98.2,0,0.42
2031-01-20,1.95,-2.05,26.54,259.45,85.3,98.6,0,0.707
2031-01-21,2.32,-0.57,15.11,288.77,90.2,99.6,4.32,0.803
2031-01-22,2.64,-2.13,48.39,259.45,95,100.4,0.85,0.424
2031-01-23,1.46,-3.5,46.3,252.04,96.2,100.8,0.98,0.321
2031-01-24,2.92,-1.96,37.41,267.65,76.1,101.2,0,1.393
2031-01-25,2.86,-1.56,27.49,278.08,95.5,101.2,1.18,0.498
2031-01-26,4.04,1.04,26.22,304.6,93.5,100.3,5.15,1.453
2031-01-27,3.88,0.75,34.91,283.12,88,100.1,0.37,0.483
2031-01-28,5.2,2.12,34.86,288.17,87.8,99.8,0.05,0.953
2031-01-29,5.63,1.73,51.68,260.04,87.4,99.8,0,2
2031-01-30,6.12,1.77,61.89,259.02,87.4,99.9,0,2.153
2031-01-31,7.36,2.9,45.32,309.65,95.9,100.4,3.71,0.27
2031-02-01,2.9,-1.57,14.52,302.55,96.7,100.7,9.27,3.223
2031-02-02,0.96,-1.74,30.58,290.77,97,99.9,0,0.761
2031-02-03,0.82,-2.45,30.85,291.21,99.5,99.4,0,0.601
2031-02-04,1.62,-2.4,61.72,260.66,83.4,98.7,0,1.07
2031-02-05,1.51,-4.15,69.59,240,83.1,98,0,1.111
2031-02-06,1.1,-3.21,14,285.19,95.5,97.2,11.29,2.145
2031-02-07,6,-0.75,47.79,302.75,99,97,6.91,0.223
2031-02-08,3.63,-0.18,7.03,310.05,98.6,97.5,23.76,4.691
2031-02-09,1.49,-2.06,45.96,269.33,84.3,98.4,0.83,0.934
2031-02-10,4.66,-2.66,70.59,239.06,79,98.7,0,3.374
2031-02-11,3.75,0.79,35.66,269.79,82.1,97.3,0.72,2.086
2031-02-12,3.1,-1.36,62.68,258.77,83.5,97.5,0.88,2.858
2031-02-13,8.94,-0.23,7.66,318.3,97.7,96.1,20.79,1.324
2031-02-14,5.22,0.43,78.89,273.19,80,95.7,5.37,4.8
2031-02-15,4.87,-0.71,52.69,268.8,83.7,97.7,2.24,1.9
2031-02-16,4.07,-1.65,83.22,243.49,80.8,99,0,1.514
2031-02-17,2.73,-1.65,24.17,287.55,98,99.1,13.59,1.987
2031-02-18,2.23,-0.29,19.67,312.51,100,97.8,15.1,3.114
2031-02-19,2.59,0.73,26.67,306.59,95.3,98.5,10.76,3.617
2031-02-20,1.35,-0.27,14.88,306.97,99.4,98.2,20.06,4.207
2031-02-21,2.08,-2.28,103.31,237.65,80.3,99.8,1.14,0.823
2031-02-22,1.42,-1.37,9.47,291.34,91.8,98.7,15.53,1.284
2031-02-23,2.33,0.22,16.62,307.45,91.4,98.6,22.49,1.735
2031-02-24,3.81,0.63,74.77,272.7,79.4,100.4,0,1.265
2031-02-25,5.98,1.54,27.61,304.06,93.9,99.5,1.87,1.677
2031-02-26,5.75,1.39,92.09,262.49,74.2,99.2,0,2.252
2031-02-27,6.52,1.44,70.94,288.21,80.6,99.9,0,1.1
2031-02-28,7.39,2.09,60.52,310.95,91.4,99.4,8.35,0.895
2031-03-01,6.2,0.26,95.32,257.02,77.3,99.2,0,3.112
2031-03-02,9,-0.95,113.37,278.34,89,100.2,0,1.502
2031-03-03,11.03,7.03,74.96,310.75,83.9,100.2,0,2.624
2031-03-04,12.73,8.3,70.97,334.36,90.6,100.4,3.77,2.808
2031-03-05,11.31,7.93,86.11,314.96,89.2,101,0,3.893
2031-03-06,16.89,7.52,142.65,285.41,67.5,100.9,0,2.876
2031-03-07,12.18,5.62,120.01,285.43,67.6,101.6,1.18,1.593
2031-03-08,8.51,4.69,82.04,297.7,68.4,102.5,0,1.665
2031-03-09,9.44,3.85,91.86,306.61,86.7,101.5,0,2.408
2031-03-10,10.57,6.48,106.77,305.17,89.3,100.7,0,3.723
2031-03-11,10.28,6.14,93.69,315.78,88.7,100.3,0,1.794
2031-03-12,9.55,7.14,85.37,316.56,86,99.8,1.76,3.025
2031-03-13,8.99,6.1,133.75,278.13,66.1,99.5,0,5.156
2031-03-14,9.32,4.94,106.69,301.59,67.6,101.2,0,1.408
2031-03-15,12.27,5.95,121.41,294.6,69.6,101.2,0,1.482
2031-03-16,12.64,3.39,141.18,281.59,69.8,99.9,0,1.285
2031-03-17,8.44,5.14,123.55,285.45,66.8,98.5,0,2.338
2031-03-18,8.16,4.94,73.88,302.85,74.9,98,1.71,2.576
2031-03-19,8.36,3.95,95.74,301.97,90.1,98.6,2.5,0.913
2031-03-20,9.03,4.53,98.64,300.7,87.4,99.9,0,0.843
2031-03-21,9.37,4.12,105.07,307.34,85.4,99.7,0,1.678
2031-03-22,8.1,3.89,60.22,307.57,90.7,98.7,5.09,0.664
2031-03-23,9.28,3.69,36.24,316.49,96.8,96.9,16.3,1.079
2031-03-24,5.29,3.11,30.51,314.29,76.6,97.7,2.67,4.975
2031-03-25,10.26,3.53,158.56,277.66,67.6,100,0,1.782
2031-03-26,13.26,3.95,114.52,312.61,87.6,100.8,0,1.448
2031-03-27,15.93,9.25,147.07,325.57,84.6,101.3,0,1.469
2031-03-28,14.51,5.96,142.21,305.53,82.3,101.7,1.32,1.712
2031-03-29,14.08,3.97,179.8,277.58,82.1,101.8,0,1.915
2031-03-30,15.77,3.29,214.31,262.56,76.6,101.3,0,0.366
2031-03-31,7.58,2.36,117.75,293.64,76.2,101.2,0,3.186
2031-04-01,5.1,1.96,83.51,295.38,80.8,101.1,0.91,0.287
2031-04-02,7.23,0.59,79.87,283.54,73.8,100.2,4.22,1.4
2031-04-03,5.8,0.33,121.89,264.86,65.5,100.4,0,0.985
2031-04-04,9.07,-0.03,131.18,280.93,78,100.3,2.05,2.106
2031-04-05,5.43,-0.13,168.67,253.18,61.6,100.6,0,0.644
2031-04-06,6.48,-0.58,103.76,273.19,80.6,100.2,1.65,2.245
2031-04-07,4.84,1.18,64.08,304.09,92.8,99.7,16.46,1.683
2031-04-08,5.38,1.73,67.51,311.9,94.2,98.4,14.22,4.954
2031-04-09,5.62,0.41,115.79,279.37,71.7,99,0,3.221
2031-04-10,5.32,2.11,68.55,307.84,88.5,98.5,7.13,2.667
2031-04-11,8.47,2.88,103.91,304.89,85.5,97.5,6.49,0.845
2031-04-12,6.82,1.18,149.12,270.18,66.6,98.2,1.83,2.914
2031-04-13,5.94,1.31,110.74,301.69,78.8,98.2,9.2,1.252
2031-04-14,6.35,0.44,164.1,264.14,63.6,99.4,0.71,0.808
2031-04-15,7.6,-0.46,175.81,258.26,61,99.7,0,1.557
2031-04-16,7.76,1.31,153.71,271.8,74.1,99.3,2.9,2.368
2031-04-17,8.15,0.78,161.92,266.03,73.9,99,0,1.754
2031-04-18,6.33,2.8,85.97,314.76,94.6,98.2,17.89,2.997
2031-04-19,5.1,3.66,37.19,319.26,91.6,97.3,32.12,2.69
2031-04-20,9.49,3.11,144.67,299.47,65,98.5,0,1.566
2031-04-21,10.64,3.14,164.42,280.85,70.1,99.2,0.05,2.204
2031-04-22,10.33,2.85,179.61,278.1,74.5,100.2,0,0.646
2031-04-23,8.85,3.84,113.72,300.26,81.9,100.6,0,1.462
2031-04-24,9.76,2.76,150.45,287.63,82.4,100.4,0,4.176
2031-04-25,8.71,2.34,182.12,284.69,72,100.2,0,2.754
2031-04-26,6.79,2.13,117.93,297.94,74.1,100.4,1.68,1.628
2031-04-27,6.61,0.72,179.11,258.02,63.9,100.6,0,1.112
2031-04-28,8.07,-0.33,195.39,262.16,65.6,99.9,0,3.135
2031-04-29,10.17,3.35,82.17,317.33,92.1,98.5,26.29,2.127
2031-04-30,11.24,5.42,133.71,319.26,88,98.7,9.59,0.281
2031-05-01,7.29,2.26,100.34,299.5,92.7,99.4,6.3,0.527
2031-05-02,12.57,0.91,222.38,274.73,74.1,100.3,0,0.788
2031-05-03,8.77,4.3,28.77,326.16,94.3,99.9,26.61,2.925
2031-05-04,7.93,3.68,177.32,298.55,70.3,100.3,1.14,3.969
2031-05-05,8.76,4.08,198.53,294.47,66.7,100.4,0,4.039
2031-05-06,9.32,3.76,198.71,297.3,67.6,100.4,0.1,1.246
2031-05-07,8.43,1.44,163.16,274.74,65.5,100.4,0,0.909
2031-05-08,9.44,3.58,182.2,281.81,62.8,100.7,0,0.598
2031-05-09,8.11,2.8,122.97,297.66,76.4,100.6,2.69,0.376
2031-05-10,10.33,2.06,238.09,264.09,58.4,100.8,0,0.586
2031-05-11,13.56,2.84,236.01,275.7,64.2,100.9,0,1.331
2031-05-12,13.89,8.15,189.29,305.24,65.1,100.9,0,0.75
2031-05-13,16.98,5.87,327.04,261.08,64,100.5,0,1.839
2031-05-14,18.84,6.86,308.13,273.43,65.2,100.7,0,0.828
2031-05-15,20.12,7.24,268.75,292.77,68.6,100.8,0,0.584
2031-05-16,20.76,10.62,324.25,282.38,55.4,100.7,0,1.001
2031-05-17,22.05,10.3,305.5,294.83,64.9,100.4,0,2.46
2031-05-18,20.31,11.56,159.61,338.05,75.4,99.3,2.52,1.65
2031-05-19,17.26,9.58,166.72,332.82,76.9,98.7,6.15,1.921
2031-05-20,16.48,8.77,194.5,317.67,70.6,98.4,3.41,1.399
2031-05-21,14.31,9.3,232.86,306.87,74.3,98.3,17.73,2.026
2031-05-22,16.47,8.02,196.6,311.46,66.8,99.4,0,1.92
2031-05-23,15.16,8.89,161.75,312.93,67.6,98.9,1.22,2.646
2031-05-24,13.84,7.13,208.06,298.89,76.8,98.4,0.93,2.941
2031-05-25,14.04,8.04,232.73,290.52,70.6,99.6,0,3.451
2031-05-26,14.17,6.5,167.66,304.49,69,99.8,4.4,1.434
2031-05-27,13.81,8.67,206.02,319.29,78.9,98.6,9.51,1.244
2031-05-28,16.5,8.07,248.46,295.46,75.6,99.6,0.79,1.604
2031-05-29,20.06,8.08,274.81,301.06,71.8,99.6,0,1.183
2031-05-30,16.87,9.6,269.22,297.25,67.5,99.5,0,1.134
2031-05-31,15.74,9.06,247.83,303.94,72.2,98.9,2.82,1.888
2031-06-01,14.61,8.51,226.58,310.63,77,98.2,5.53,2.702
2031-06-02,13.1,8.86,208.16,302.53,67,98.7,0,3.135
2031-06-03,15.09,8.36,174.66,309.27,66.6,99.6,0,1.495
2031-06-04,15.24,9.11,170.37,312.89,70,99.9,1.71,1.515
2031-06-05,15.54,7.96,252.19,286.33,60.6,100.8,0,1.919
2031-06-06,18.56,5.99,290.76,281.49,61.4,101.3,0,0.77
2031-06-07,19.09,8.18,339.48,281.47,69.3,101.1,0,2.965
2031-06-08,21.71,11.02,214.55,346.05,87.5,100.9,0,1.626
2031-06-09,25.73,12.45,322.53,329.27,79.9,100.9,0,1.314
2031-06-10,27,15.73,311.67,342.45,75.8,101,0.95,1.265
2031-06-11,25.23,16.75,316.63,331.73,67.3,101,0,0.914
2031-06-12,22.21,16.01,260,344.29,72.5,100.2,0,3.853
2031-06-13,17.63,10.05,221.77,323.74,73,100.1,1.96,1.776
2031-06-14,15.15,7.68,290.1,281.76,58.3,100.5,0,1.531
2031-06-15,16.96,8.98,226.77,306.47,63.6,99.5,1.09,1.45
2031-06-16,17.22,8.89,146.62,340.83,83.9,98.9,7.29,3.119
2031-06-17,20.63,12.41,180.84,349.73,86.7,98.5,11.45,2.272
2031-06-18,16.03,10.83,247.8,304.29,63.3,99.2,0,2.583
2031-06-19,15.65,9.69,108.66,332.63,81.2,99.3,8.48,2.295
2031-06-20,16.76,9.62,291.53,297.66,66.4,99.1,0,3.553
2031-06-21,17.25,10.44,51.9,360.78,89.8,98.5,25.68,0.753
2031-06-22,19.14,13.46,246.16,343.21,78.9,98.9,0,2.451
2031-06-23,25.02,13.28,233.49,354.68,75.2,98.9,21.23,1.312
2031-06-24,16.01,11.55,223.05,327.78,74.1,98.4,1.69,2.976
2031-06-25,15.31,10.77,193,327.33,71.7,98.7,1.41,2.698
2031-06-26,17.66,9.47,240.76,299.43,68.2,98.5,0,1.376
2031-06-27,16.56,9.72,191.57,314.45,76.7,98.9,1.22,2.276
2031-06-28,15.76,10.58,264.9,304.65,75.4,99.5,0,3.313
2031-06-29,17.63,10.1,215.5,313.63,80.4,99.4,0.74,2.354
2031-06-30,17.99,12.2,271.83,310.54,74.6,99.3,0,2.388
2031-07-01,20.3,11.75,278.57,309.24,69.3,99.4,0,2.015
2031-07-02,18.78,12.74,119.13,355.89,84.4,98.9,1.18,1.953
2031-07-03,17.3,13.12,256.95,327.73,78.9,98.1,1.7,4.223
2031-07-04,16.86,11.96,244.82,321.88,77.3,98.4,1.65,3.12
2031-07-05,15.88,10.15,265.41,296.67,68.7,98.6,0.06,3.147
2031-07-06,15.28,9.87,214.91,302.55,68.1,99.1,0,3.134
2031-07-07,17.11,8.75,249.29,293.25,66.9,99.6,0,1.741
2031-07-08,19.41,8.95,260.85,298.15,67.5,99.8,0,0.795
2031-07-09,19.9,13.09,221.43,342.63,75.2,99.1,0,2.019
2031-07-10,17.01,11.56,217.46,317.67,72.3,98.9,0.54,3.92
2031-07-11,16.2,10.96,184.62,320.45,73.8,99.9,0,3.172
2031-07-12,15.82,11.48,140.28,340.43,85.2,99.4,12.36,0.894
2031-07-13,16.7,10.81,251.82,303.2,73.6,99.5,0,3.269
2031-07-14,18.59,10.74,325.32,286.74,68.6,99.5,0,3.154
2031-07-15,20.43,10.23,318.98,287.86,64.4,100,0,1.61
2031-07-16,21.91,11.08,336.61,286.46,64.4,100.4,0,0.288
2031-07-17,23.37,12.01,276.95,312.31,69.7,100.2,0,0.955
2031-07-18,23.78,12.89,284.2,319.01,71.6,99.9,0,1.839
2031-07-19,22.76,13.48,264.68,328.37,73.8,99.9,0,3.165
2031-07-20,19.24,13.12,244.47,337.15,77.9,99.8,1.32,4.213
2031-07-21,17.16,12.58,137.34,361.14,91.7,99.2,5.51,1.309
2031-07-22,19.42,14.14,110.16,363.71,84.4,98.9,5.82,2.342
2031-07-23,19.91,13.42,234.47,328.32,76.9,99.3,0,2.397
2031-07-24,20.94,12.99,207.27,341.58,78.6,99.4,0,1.487
2031-07-25,19.89,13.19,227.78,331.2,78.2,100.1,0,1.383
2031-07-26,23.22,13.43,229.23,335.62,69.6,100,1.66,1.3
2031-07-27,20.09,12.92,224.44,325.21,75.1,99.9,0.86,0.675
2031-07-28,17.83,11.07,187.1,325.15,77.9,99.9,0,1.585
2031-07-29,21.59,15.87,243.45,353.46,82,99.7,0,2.387
2031-07-30,23.83,16.52,261.92,348.49,78.7,99.9,0,2.296
2031-07-31,21.61,15.12,259.89,329.08,75.8,100,0,2.206
2031-08-01,19.38,13.71,257.87,310.65,73,100.2,0,2.124
2031-08-02,19.71,13.2,225.3,320.53,69.1,100.3,0,0.884
2031-08-03,19.64,12.42,241.49,313.28,64.6,100.6,0,0.295
2031-08-04,23.04,12.52,277.5,306.03,60.2,100.4,0,0.822
2031-08-05,23.44,13.63,296.99,300.42,57.4,100,0,0.683
2031-08-06,25.9,14.68,270.35,330.94,59.6,99.8,0,1.295
2031-08-07,22.66,15.69,179.1,345.04,78.5,99.5,4.97,1.949
2031-08-08,20.03,13.12,271.72,303.58,72.8,99.4,0,2.179
2031-08-09,17.69,12.65,179.6,318.85,79.4,98.9,1.13,2.088
2031-08-10,18.59,12.53,177.88,341.72,89.2,98.9,14.6,2.308
2031-08-11,20.48,13.85,215.66,338.22,84.9,99.8,4.28,1.644
2031-08-12,20.92,13.61,250.74,328.42,77.3,100,0,2.372
2031-08-13,19.46,14.98,235.46,331.87,75.8,99.5,0,2.503
2031-08-14,20.28,14.21,215.82,346.64,85.5,97.8,15.67,1.85
2031-08-15,18.01,13.01,250.6,312.06,75.7,98.3,1.04,4.028
2031-08-16,19.37,11.15,198.36,313.42,72.1,99.8,0,1.453
2031-08-17,19.25,13.1,66.29,371.92,91.4,99.2,12.54,0.8
2031-08-18,20.56,15.01,249.21,317.2,69.7,98.7,0,2.694
2031-08-19,19.55,13.06,206.13,311.79,73.8,99.1,0,2.131
2031-08-20,20.25,10.73,178.31,332.32,76.3,99.4,0,0.167
2031-08-21,22.23,16.07,156.86,369.74,90.6,99.1,17.83,0.449
2031-08-22,17.48,13.35,128.8,354.03,88.8,99.3,5.18,0.709
2031-08-23,19.91,11.37,215.05,308.87,74.7,100,0,1.451
2031-08-24,21.55,12.22,229.66,314.54,73.7,100,0,1.462
2031-08-25,21.77,14.18,163.12,347.47,79.5,99.8,0,1.482
2031-08-26,20.29,13.9,176.68,338.28,76.7,100,1.84,0.665
2031-08-27,20.22,12.62,228.78,306.64,74.2,100.5,0,1.609
2031-08-28,18.97,13.17,132.31,338.05,76.3,100.5,0,1.228
2031-08-29,20.24,11.72,213.28,302.62,73,100.5,0,1.422
2031-08-30,20.76,11.68,222.45,302.85,72.9,100.6,0,1.192
2031-08-31,21.08,11.35,215.01,304.59,74.8,100.7,0,1.111
2031-09-01,21.41,11.01,207.59,306.9,76.8,100.8,0,1.035
2031-09-02,22.16,13.66,222.21,317.15,80.1,100.8,0,1.974
2031-09-03,22.87,15.71,167.68,343.02,83.2,100.7,0,1.495
2031-09-04,23.43,13.93,211.86,326.5,80.6,100.3,0,1.607
2031-09-05,23.12,15.56,168.69,346.46,81.4,100,0,1.262
2031-09-06,25.56,14.54,212.22,336.14,75.8,99.8,0,0.998
2031-09-07,26.4,14.75,208.05,328.34,72.1,99.6,0,0.745
2031-09-08,27.54,14.66,221.01,332.25,67,99,0,0.868
2031-09-09,22.44,16.22,183.08,343.63,75.9,98.4,3.76,0.885
2031-09-10,19.32,13.35,161.17,320.85,75,98.9,3.42,2.567
2031-09-11,19.14,13.01,193.09,303.02,64.1,100,0,2.089
2031-09-12,23.13,12.62,143.83,338.19,71.9,99.1,5.77,1.206
2031-09-13,16.55,11.54,117.51,319.07,82.8,98.6,2.63,2.071
2031-09-14,18.52,13.49,72.96,361.22,87.8,98.6,5.43,2.549
2031-09-15,17.79,12,168.36,310.72,69.3,98.4,0.7,3.615
2031-09-16,14.25,10.37,143.6,301.37,79.3,98.2,3.47,3.202
2031-09-17,14.07,10.16,154.83,305.14,79.8,98.1,1.15,3.223
2031-09-18,14,9.54,135.03,304.52,79.6,98,0,2.72
2031-09-19,15.2,10.31,142.27,303.92,78.2,98.8,0,3.113
2031-09-20,17.9,10.88,103.74,344.63,87.8,98.2,6.27,2.408
2031-09-21,15.24,10.81,162.26,288.64,70.9,98.6,1.1,3.752
2031-09-22,13.67,10.32,56.23,333.17,87.1,99.1,6.8,0.769
2031-09-23,17.28,10.48,120.2,339.06,89.8,98.6,4.53,1.518
2031-09-24,15.45,8.6,160.54,282.79,71.2,99.8,0,2.596
2031-09-25,15.45,8.02,123,305.82,77.4,100.7,0,2.066
2031-09-26,17.31,11.96,124.07,333.94,86.8,100.9,0,1.855
2031-09-27,17.59,11.37,140.9,318.21,85.4,100.9,0,1.786
2031-09-28,16.83,10.91,119.64,325.63,87.1,100.6,0,1.742
2031-09-29,16.59,11.41,86.26,337.2,82.6,99.9,0,2.001
2031-09-30,15.06,10.35,49.72,344.66,85.1,98.6,5.01,2.525
2031-10-01,15.35,9.78,73.12,329.86,80,97.9,11.05,1.347
2031-10-02,13.34,6.61,122.47,287.73,77.4,99,2.17,1.165
2031-10-03,13.94,4.22,154.39,282.06,77,99.6,5.69,0.998
2031-10-04,14.41,10.96,46.5,359.17,97.5,98.5,36.74,0.391
2031-10-05,12.67,8.09,61.68,330.08,83.3,99.5,2.14,0.96
2031-10-06,10.03,6.4,81.33,301.61,78,100.4,0,0.554
2031-10-07,12.96,7.36,56.92,324.7,81.3,99.5,0.57,2.296
2031-10-08,12.61,8.63,96.34,300.73,79.9,99,1.12,2.593
2031-10-09,14.35,8.2,12.75,346.58,93.9,97.4,31.98,2.914
2031-10-10,13.4,10.86,75.52,322.6,90.3,96.5,6.14,1.36
2031-10-11,17.86,9.05,60.05,331.26,84.9,97.6,3.12,2.728
2031-10-12,16.14,12.47,73.22,338.18,85.2,97.5,4.13,2.019
2031-10-13,12.97,8.37,88.12,305.43,83.3,98.9,0.96,3.663
2031-10-14,14.49,8.3,107.17,305.25,83.8,99.7,2.33,2.587
2031-10-15,14.22,12.31,64.87,347.72,87,99.5,3.97,2.751
2031-10-16,12.53,9.03,29.94,347.22,95.7,99.8,3.19,0.736
2031-10-17,13.54,10.09,20.61,357.43,97.7,98.8,30.52,3.932
2031-10-18,19.06,12.78,33.93,364.27,92.1,97.6,18.08,2.517
2031-10-19,15.8,11.03,32.81,328.92,90.1,99,2.59,1.457
2031-10-20,15.04,12.13,28.94,361.4,98.3,99.9,12.9,0.294
2031-10-21,16.7,13.26,48.12,366.15,99.9,100.4,0.19,0.242
2031-10-22,15.14,13.23,33.83,371.62,99.6,100.3,7.46,2.518
2031-10-23,17.74,14.23,67.53,354.3,92.7,99.2,0.86,0.935
2031-10-24,15.33,9.3,89.92,302.28,82.3,99.6,0,2.482
2031-10-25,9.76,7.11,55.69,303.44,71.6,100.6,0,1.312
2031-10-26,12.59,6.09,64.59,311.01,87.1,100.4,0.91,0.789
2031-10-27,15.95,9.13,21.99,354.87,97.9,99,12.8,1.584
2031-10-28,16.98,13.13,57.79,345.76,94.7,98.7,0.67,0.569
2031-10-29,15.72,10.66,81.07,310.93,83.7,99.3,0,2.13
2031-10-30,14.42,10.71,62.87,321.56,84.2,100,0,3.181
2031-10-31,15.95,12.11,55.96,338.35,85.9,100.1,0,3.221
2031-11-01,17.49,13.5,49.11,354.58,87.6,100.1,0.31,3.261
2031-11-02,15.95,13.75,48.52,352.6,90.1,100.4,0,1.499
2031-11-03,18.67,12.24,68.35,324.71,85.4,100,0,1.186
2031-11-04,15.17,8.97,67.96,305.06,69.9,100.7,0.75,2.339
2031-11-05,9.87,7.86,35.98,311.67,79,100.4,0.67,1.663
2031-11-06,9.07,6.35,67.85,280.44,72.1,100.4,0,2.336
2031-11-07,12.66,7.7,47.5,312.7,86.8,100.1,3.77,3.034
2031-11-08,7.98,3.27,64.97,262.8,79.4,100.7,0,0.856
2031-11-09,12.01,3.22,42.08,306.88,89.3,100.3,0,2.25
2031-11-10,11.96,6.52,66.22,284.54,80,100.5,0,0.927
2031-11-11,12.39,7.96,41.75,329.28,91.1,100.1,5.62,1.959
2031-11-12,10.35,7.79,45.05,299.08,77.7,100.9,0,2.116
2031-11-13,10.85,7.11,20.57,319.15,87.9,101.5,0,1.967
2031-11-14,11.7,9.33,45.32,317.03,87.4,101.3,0,2.48
2031-11-15,11.04,7.85,35.52,320.84,91.1,101.2,0.15,1.491
2031-11-16,11.21,6.18,57.11,284.99,89.4,101,0,0.864
2031-11-17,10.45,6.67,43.47,296.6,89.4,100.7,0,1.471
2031-11-18,10.9,8.92,43.26,308.75,88.4,100.8,0,2.895
2031-11-19,12.53,8.77,33.06,322.38,88,100.3,2,3.839
2031-11-20,11.08,7.54,23.51,324.94,84.5,100.7,2.44,1.772
2031-11-21,13.22,10.37,24.72,333.95,91.5,100.7,0.69,3.01
2031-11-22,11.91,9.28,48.17,303.17,89,100.7,0,2.646
2031-11-23,12.27,9.33,15.15,342.18,93.1,99.3,12.33,1.39
2031-11-24,10.8,5.16,36.23,297.04,86,98.5,11.49,1.731
2031-11-25,7.84,3.01,42.24,258.7,82.5,99.5,0,1.666
2031-11-26,9.46,1.57,12.04,312.37,95.1,100,6.35,0.906
2031-11-27,13.82,9.12,12.98,349.04,96.2,99.2,4.98,0.739
2031-11-28,9.93,7.65,16.29,341.05,98.2,100.1,2.22,1.759
2031-11-29,11.5,6.27,6.63,314.57,92.6,99.6,1.26,1.581
2031-11-30,12.2,7.33,22.85,323.34,90.4,100.3,0.89,2.861
2031-12-01,11.96,10.16,26.08,326.41,90.5,101.2,0.42,2.397
2031-12-02,11.35,9.35,32.37,319.27,88.1,100.8,0,1.454
2031-12-03,10.81,4.21,36.43,281.09,87.7,100.3,0.9,1.815
2031-12-04,7.82,3.62,39.54,256.46,78.1,101.3,0,2.17
2031-12-05,4.75,1.41,39.77,250.55,85.3,100.1,0,0.934
2031-12-06,8.24,2.7,27.28,284.8,80.6,98.5,2.93,2.195
2031-12-07,14.01,5.45,17.65,320.98,67.9,97.8,13.47,3.191
2031-12-08,8.63,5.71,31.94,283.44,71.6,99.5,0.54,3.924
2031-12-09,9.27,5.49,19.19,308.35,86,99.9,0.85,2.916
2031-12-10,10.34,6.07,5.44,333.3,91.1,98.5,16.43,2.037
2031-12-11,7.77,4.87,27.51,286.95,86.9,99.3,1.15,1.467
2031-12-12,9.71,5.65,17.6,312.88,88.1,99.5,0.75,2.183
2031-12-13,13.76,9.69,22.24,336.93,87.5,98.8,11.88,3.382
2031-12-14,10.47,5.28,13.38,321.03,84.6,98.7,8.25,2.317
2031-12-15,5.6,2.8,28.59,261.56,80.3,98.7,0,1.443
2031-12-16,8.83,3.09,10.2,311.25,91.9,97.8,8.7,1.553
2031-12-17,9.05,3.3,24.07,298.55,76.9,96.7,6.55,2.996
2031-12-18,5.14,3.26,18.94,289.63,74.3,97.4,0,2.842
2031-12-19,5.86,3.16,22.79,279.13,72.9,97.5,0,3.622
2031-12-20,7.38,3.21,19.8,298.63,83.6,97.1,10.63,1.987
2031-12-21,6.2,3.63,30.38,276.43,81.5,97.3,0.7,2.768
2031-12-22,5.1,2.47,13.79,283.54,90.5,97.4,0,1.725
2031-12-23,6.73,2.36,24.9,294.94,91.7,97.3,15.96,1.03
2031-12-24,8.15,4.76,23.24,294.98,87.1,94.6,0.78,2.243
2031-12-25,5.25,1.94,30.16,250.86,70.4,96.6,0,3.556
2031-12-26,4.06,1.13,28.48,251.86,90.3,98.4,0,1.857
2031-12-27,4.4,0.58,35.98,247.68,82.4,99.7,0,2.348
2031-12-28,10.1,-0.4,13.76,304.45,92.6,99.8,5.73,1.45
2031-12-29,10.93,5.72,23.9,314.19,87.8,99,4.23,1.589
2031-12-30,12.86,4.65,18.52,303.79,71.1,98.5,0.21,4.71
2031-12-31,9.4,4.39,21.55,292.17,70.6,99.2,0,4.013
2032-01-01,5.94,4.12,24.6,280.63,70.1,99.9,0,3.318
2032-01-02,6.79,4.22,21.2,293.71,71.8,99.4,5.37,5.06
2032-01-03,11.26,4.04,6.28,308.69,87.7,98.7,8.08,2.876
2032-01-04,10.15,4.15,23.47,314.43,75.7,97,2.52,3.256
2032-01-05,4.85,1.1,37.84,252.29,72.3,98.1,0,2.392
2032-01-06,7.57,-0.07,14.34,275.23,84.7,98.5,2.86,3.06
2032-01-07,4.79,1.28,16.51,281.14,81.2,97.5,4.19,5.178
2032-01-08,5.69,3.16,32.94,265.42,80.6,98.8,0,2.846
2032-01-09,9.79,3.17,15.17,317.81,85.6,97,14.66,4.866
2032-01-10,6.14,3.2,34.85,271.49,73.7,98.8,0,3.299
2032-01-11,4.72,1.77,24.49,283.94,83.6,99.4,0,1.254
2032-01-12,3.6,-1.53,31.77,259.33,86.5,99.4,0,0.773
2032-01-13,8.27,-1.05,11.06,298.73,86.6,98.4,10.07,1.647
2032-01-14,6.79,0.97,36.15,281.29,85.4,96.9,5.7,2.257
2032-01-15,1.04,-3.62,33.08,233.36,91.9,97.2,0,0.129
2032-01-16,3.25,-1.88,7.82,304.83,98,96.8,8.54,1.91
2032-01-17,8.33,3.25,34.36,312.79,95.2,95.1,20.13,0.201
2032-01-18,4.9,0.82,19.05,282.92,89.7,97.4,3.59,1.839
2032-01-19,2.11,-3,27.77,260.18,96.5,98,0,0.201
2032-01-20,4.44,-1.1,52.46,245.08,77.6,99.1,0,1.572
2032-01-21,1.93,-3.86,39.18,234.6,88.9,99.7,0,0.815
2032-01-22,3.91,-0.54,29.56,285.44,82.3,99.4,0,3.42
2032-01-23,2.7,-0.54,9.43,304.81,97.6,99,13.47,1.609
2032-01-24,2.41,-1.97,38.62,277.05,94.7,99.7,0.82,1.037
2032-01-25,2.36,-0.67,28.78,293.68,95.6,99.9,0,1.213
2032-01-26,3.45,0.26,25.98,304.11,95.3,100.3,1.38,2.345
2032-01-27,2.42,-0.6,35.67,289.74,86.3,100.8,0.48,2.137
2032-01-28,0.45,-2.63,37.79,271.95,84,100.5,0.37,1.711
2032-01-29,-0.32,-2.4,33.91,279.12,86.9,100.2,0.64,2.521
2032-01-30,0.05,-3.4,33.88,283.61,91.3,98.5,6.83,3.475
2032-01-31,3.17,-0.66,29.97,282.63,93,97.6,1.11,1.934
2032-02-01,7.39,0.24,12.28,311.66,96.4,97.5,13.69,2.059
2032-02-02,10.09,6.33,10.14,329.26,72.2,95.9,29.04,6.964
2032-02-03,6.71,2.31,46.28,276.77,74.6,98.3,5.69,1.747
2032-02-04,7.37,1.91,39.87,312.79,86.6,96.6,20.52,1.584
2032-02-05,8.23,2.84,15.6,304.9,84.5,96.3,7.43,3.17
2032-02-06,7.52,4.77,38.84,309.24,77.2,95.6,12.58,4.028
2032-02-07,7.31,3.57,71.52,274.82,85.3,96.4,1.01,2.263
2032-02-08,10.86,4.43,31.46,330.07,84.7,94.9,16.96,2.959
2032-02-09,8.46,6.54,39.58,313.92,75.6,95.6,7.55,4.366
2032-02-10,6.55,3.46,27.14,297.53,81.1,98,4.14,2.304
2032-02-11,7.98,2.35,65.47,277.02,80.9,100.5,0,1.717
2032-02-12,5.66,3.82,26.91,314.57,83.2,100.4,2.44,1.443
2032-02-13,11.61,5.45,46.89,330.24,92.8,99.5,8.72,1.632
2032-02-14,11.6,6.3,56.27,306.38,84,99,2.39,3.292
2032-02-15,6.31,4.01,46.48,291.1,77.5,99.8,1.32,4.545
2032-02-16,8.35,4.25,26.74,299.65,89.5,99.2,2.91,3.139
2032-02-17,6.91,3.83,85.35,257.63,68.8,99,0,4.365
2032-02-18,7.1,3.49,93.89,253.84,72.6,99.7,0,3.43
2032-02-19,5.95,2.53,68.06,276.93,80.7,100.5,0,0.364
2032-02-20,3.98,0.5,44.8,285.16,86.4,101.1,0.61,1.782
2032-02-21,3.94,0.67,86.21,272.34,68.1,101.2,0,1.167
2032-02-22,4.35,-1.65,47.45,268.55,78.8,100.7,0,1.243
2032-02-23,7.44,2.34,105.27,279.95,71.5,99.6,3.92,1.92
2032-02-24,8.39,3.14,107.8,279.07,77.6,99.3,0.71,1.462
2032-02-25,13.59,4.41,70.54,329.62,88.7,99.1,3.18,1.802
2032-02-26,13.16,8.19,74.24,322.33,86.9,99,0,1.336
2032-02-27,12.7,7.34,75.11,313.63,93.1,99.1,0,1.728
2032-02-28,10.11,6.88,52.23,302.66,92.7,99.9,4.58,1.752
2032-02-29,10.93,7.41,72.12,308.68,84.9,100.2,2.39,1.14
2032-03-01,11.76,7.94,92.13,312.87,77.1,100.5,0,1.843
2032-03-02,13.91,6.76,127.92,294.28,74.8,100.2,0.46,1.771
2032-03-03,9.75,6.14,78.97,300.7,78.1,99.3,2.25,2.171
2032-03-04,9.01,5.01,97.39,297.22,75.2,97,8.05,2.969
2032-03-05,6,3.83,90.26,287.73,74.3,97.8,1.04,3.131
2032-03-06,7.47,3.79,87.02,278.71,85.8,98.2,1.83,3.007
2032-03-07,7.98,3.33,118.68,264.07,75.1,99.3,0,2.818
2032-03-08,10.28,4.88,76.83,314.59,77.7,98.7,8.58,4.179
2032-03-09,11.18,5.35,37.33,325.89,80.6,98.7,16.03,4.017
2032-03-10,7.71,3.32,83.1,296.89,73.2,97.4,7.77,5.063
2032-03-11,7.72,2.15,106.47,274.94,73.9,97.7,1.59,2.743
2032-03-12,4.97,1.53,70.76,286.48,80.1,97.6,1.56,1.994
2032-03-13,5.97,-2.15,115.66,263.86,73.2,97.9,8.06,1.217
2032-03-14,4.96,0.35,64.7,292.94,88.9,96.5,8.56,1.203
2032-03-15,6.65,-0.81,78.22,283.07,80.4,99,5.21,0.811
2032-03-16,4.28,-0.49,97.01,276.35,70.6,100.2,1.32,1.131
2032-03-17,4.91,-1.86,69.77,272.94,81.3,100.6,0,2.51
2032-03-18,3.74,-0.11,16.55,309.19,93.7,98.7,21.1,4.713
2032-03-19,7.92,3.32,75.4,315.96,94.2,97.4,2.83,0.689
2032-03-20,6.96,1.17,116.9,282.98,74,99.3,0,1.128
2032-03-21,5.69,-0.85,95.03,276.81,71.5,100.3,1.89,2.383
2032-03-22,2.06,-0.24,14.97,308.31,98.6,99.6,35.65,6.616
2032-03-23,4.92,0.53,63.08,311.59,90.3,99.8,5.33,4.884
2032-03-24,5.81,1.98,85.33,301.65,82,100.6,1.01,5.699
2032-03-25,5.35,3.69,50.34,319.18,93.5,99.5,6.46,4.262
2032-03-26,9.49,4,111.08,296.55,87.9,99.6,2.58,1.989
2032-03-27,11.32,3.22,104.61,303.55,74.6,100.4,0,0.464
2032-03-28,10.58,4.22,111.51,300.2,79.8,100.6,0,0.854
2032-03-29,10.31,3.79,157.72,275.54,73.9,100.7,0.8,0.914
2032-03-30,10.56,3.42,98.75,302.17,83.7,99.3,0.78,3.069
2032-03-31,8.8,4.67,136.78,302.81,70.1,98,6.41,5.426
2032-04-01,7.43,4.05,143.37,292.62,72.4,98.2,0.79,5.405
2032-04-02,6.1,1.19,148.91,255.64,56.8,99.8,0,1.516
2032-04-03,7.95,-0.03,166.31,253.46,60.5,101.2,0,0.702
2032-04-04,10.68,3.09,148.04,293.83,73.1,101.7,0,1.842
2032-04-05,11.87,7.03,120.65,317.12,80.4,101.3,0,3.808
2032-04-06,10.4,5.89,103.01,307.13,69.2,100.7,1.88,4.534
2032-04-07,9.67,4.59,129.23,294.02,76.8,100.8,0,3.657
2032-04-08,11.77,7.43,143.02,309.84,82.5,99.4,0.77,5.229
2032-04-09,13.25,9.44,159.66,317.14,85.3,99.4,0.82,4.171
2032-04-10,10.87,6.25,147.2,298,71.8,100.1,0,2.997
2032-04-11,9.66,4.57,161.93,278.19,56.5,101.1,0,2.276
2032-04-12,10.49,4.77,139.19,301.18,66.1,101.8,0,0.789
2032-04-13,12.25,5.4,152.86,303.25,82.2,101.4,0,2.438
2032-04-14,13.86,6.55,124.85,314.09,83.7,101,0,0.469
2032-04-15,15.5,5.56,159.18,305.74,86.6,101.3,0,0.375
2032-04-16,16.31,7.18,210.59,292.51,79.9,101.1,0,1.435
2032-04-17,13.11,6.33,159.47,303.32,72.9,100.7,0.89,1.659
2032-04-18,9.35,1.9,142.37,283.54,66.5,100.3,0.8,2.651
2032-04-19,6.65,1.31,146.56,281.24,65.1,100.4,0,1.243
2032-04-20,7.57,2.45,142.74,284.61,70.3,100.5,0,0.733
2032-04-21,8.95,1.99,141.48,283.14,71.1,100.8,0,0.484
2032-04-22,8.82,1.75,125.54,281.27,74.2,101.2,0,1.668
2032-04-23,9.55,0.02,183.67,269.31,68.9,101.3,0,1.499
2032-04-24,10.28,3.51,207.15,277.58,70.8,101.2,0,1.412
2032-04-25,13.07,3.74,209.03,290.76,72.4,100.8,0.94,0.42
2032-04-26,14.69,7.33,155.28,318.92,83,100.4,2.41,1.042
2032-04-27,11.18,6.13,147.41,307.57,74.6,100.6,0,1.615
2032-04-28,11.96,3.79,189.31,279.94,75.5,100.9,0,1.356
2032-04-29,12.52,4.25,153.83,305.49,77.4,100.9,0,2.075
2032-04-30,10.3,4.66,153.73,294.38,75.4,100.9,0,3.237
2032-05-01,10.75,4.17,172.96,297.91,75.2,100.8,0,1.501
2032-05-02,8.71,4.35,121.26,307.64,75.1,100.7,0.86,1.035
2032-05-03,8.53,3.3,153.28,292.12,78.6,100.7,1.47,0.533
2032-05-04,9.86,3.94,149.42,300.83,69.3,100.5,0,0.313
2032-05-05,11.43,5.61,161.73,303.66,75.4,100.3,0.52,1.222
2032-05-06,11.39,5.18,192.29,299.42,72.7,100.3,0.7,2.582
2032-05-07,15.7,5.04,183.15,301.39,77.3,99.3,4.99,1.851
2032-05-08,12.56,7.9,187.36,295.46,80.1,98.7,3.42,2.248
2032-05-09,13.71,7.69,212.38,306.37,79.8,98.6,4.65,3.022
2032-05-10,14.02,8.92,161.61,326.21,77.5,98.5,7.12,1.82
2032-05-11,10.57,7.75,99.54,324,92.4,98.5,12.15,0.549
2032-05-12,10.54,6.84,111.56,324.93,92.5,99.4,7.76,2.742
2032-05-13,12.75,5.86,202.13,301.91,71,100.5,0.36,2.619
2032-05-14,13.72,5.79,206.56,293.09,69.6,100.5,0,0.853
2032-05-15,11.15,7.23,144.71,314.9,81.4,99.4,3.16,2.135
2032-05-16,12.8,6.57,142.01,316.61,78.7,98.7,0,2.811
2032-05-17,13.38,6.8,166.22,323.22,90.3,98.2,11.98,1.968
2032-05-18,16.13,9.24,229,319.01,81.5,98.1,12.57,2.91
2032-05-19,12.84,7.91,131.09,316.94,88.7,98.4,5.09,1.097
2032-05-20,14.45,7.92,161,313.47,78.8,98.9,1.54,1.978
2032-05-21,11.81,7.99,120.8,326.39,88.6,99.1,4.44,1.277
2032-05-22,16.97,8.89,227.32,312.92,78.4,99.4,0.98,0.313
2032-05-23,13.54,10.45,71.32,346.12,95.6,99.5,9.53,3.274
2032-05-24,16.51,9.64,145.69,337.06,87.6,98.9,19.55,4.405
2032-05-25,18.17,10.89,261.2,327.54,75.5,98.9,0.48,1.413
2032-05-26,18.68,11.83,246.09,321.93,66,99.2,4.11,2.362
2032-05-27,18.45,10.68,290.65,302.49,70.3,99.4,4.13,2.083
2032-05-28,18.84,11.76,256.57,317.23,68.1,99.4,0,1.723
2032-05-29,15.31,10.69,235.62,300.25,68.5,99,2.62,2.921
2032-05-30,17.49,10.29,231.23,313.4,71.7,99.3,0.46,2.549
2032-05-31,16.14,10.72,224.06,322.8,76.2,99.4,4.13,2.309
2032-06-01,14.78,11.16,216.96,332.37,80.7,99.4,7.81,2.071
2032-06-02,16.89,10.39,312.94,294.33,66,99.7,1.31,2.945
2032-06-03,15.33,9.31,291.12,280.3,64,100,0,2.769
2032-06-04,14.54,8.56,230.84,299.52,66.1,99.7,1.47,2.109
2032-06-05,12.98,7.93,222.73,302.36,75.9,99.4,3.34,2.782
2032-06-06,11.18,7.27,95.14,322.83,88,99.5,7.98,0.529
2032-06-07,16.7,6.89,291.16,287.72,66.3,99.5,0,2.152
2032-06-08,16.73,9.87,281.96,309.85,69.4,98.7,2.03,3.045
2032-06-09,15.04,10.1,195.18,315.74,74.8,98.4,2.62,3.219
2032-06-10,14.89,8.97,207.04,308.05,69.4,100.1,0,0.789
2032-06-11,16.99,9.67,169.9,341.69,84,100.3,5.56,1.372
2032-06-12,23.66,11.96,336.02,312.44,66.2,100.4,0,1.727
2032-06-13,26.55,12.12,317.5,332.12,72.2,99.6,0.03,3.068
2032-06-14,21.79,12.88,342.34,301.98,62,99.4,0,2.397
2032-06-15,16.29,11.18,255.11,306.84,63.3,99.7,0,3.085
2032-06-16,17.9,10.24,197.3,330.29,76.3,99.1,5.31,1.371
2032-06-17,16.28,11.41,231.58,317.11,74,98.4,0.84,2.562
2032-06-18,17.98,11,271.84,308.13,76.5,98.8,1.39,2.556
2032-06-19,18.57,10.69,208.48,319.56,75.8,99.3,1.71,0.99
2032-06-20,23.34,10.23,303.49,311.05,66.4,100,0,1.249
2032-06-21,19.27,11.66,301.22,304.43,66.2,100.1,0,2.169
2032-06-22,16.86,9.77,222.6,296.85,66.9,100,0.96,1.7
2032-06-23,17.15,9.65,269.68,294.94,65.3,100.1,0,1.842
2032-06-24,18.37,11.41,183.35,342.42,77.3,100,0.8,1.66
2032-06-25,20.3,13,235.51,336.71,73.7,100.6,0,0.325
2032-06-26,22.59,13.14,340.49,301.98,71.4,101,0,1.153
2032-06-27,24.12,13.57,312.27,318.02,72.9,101.3,0,1.55
2032-06-28,18.38,12.84,278.53,324.36,75.8,101.7,0,2.398
2032-06-29,19.11,12.79,279.87,328.27,78.9,101.3,0,2.375
2032-06-30,22.49,12.56,340.46,314.91,79.4,101.1,0,2.052
2032-07-01,22.24,12.26,322.31,315.9,77.5,100.7,0,1.408
2032-07-02,21.92,11.61,264.25,332.02,80.5,100.3,0.16,2.068
2032-07-03,23.25,12.05,333.08,309.37,71.7,100.5,0,1.886
2032-07-04,21.32,12.11,280.64,319.3,78.1,100.8,0,1.66
2032-07-05,26.04,10.93,304.53,314.15,65.2,100.9,0,0.932
2032-07-06,21.75,13.6,312.96,312.07,73,100.9,0,1.39
2032-07-07,23.9,12.69,334.1,310.89,70.1,100.9,0,1.534
2032-07-08,27.09,12.49,304.17,320.91,67.6,100.7,0,0.265
2032-07-09,26.43,16.89,333.86,323.69,57.9,100.6,0,1.938
2032-07-10,24.95,15.79,236.81,345.36,72,100.5,0,1.383
2032-07-11,27.22,15.79,332.91,324.17,68.6,100.6,0,1.376
2032-07-12,28.72,16.49,332.07,325.53,62.2,100.5,0,1.084
2032-07-13,29.81,17.2,276.51,346.69,64.2,100.5,0.11,0.953
2032-07-14,29.4,17.45,295.58,348.89,61.6,100.6,0.6,2.601
2032-07-15,25.7,15.62,283.38,336.99,71.5,100.5,0,3.08
2032-07-16,29.43,14.65,314.08,327.69,65.1,100.7,0,1.632
2032-07-17,30.55,15.44,334.52,319.51,53.3,100.9,0,1.813
2032-07-18,29.42,14.58,338.41,313.29,60.9,101,0,2.901
2032-07-19,35.45,14.27,307.86,343.75,56.3,100.2,0,1.18
2032-07-20,25.16,20.15,149.03,372.63,74,99.6,0,2.408
2032-07-21,22.72,18.64,169.55,377.23,80.5,99.3,1.14,2.451
2032-07-22,23.94,17.16,284.99,340.73,70.4,99.3,0,3.215
2032-07-23,22.18,14.02,285.41,315.54,65.9,99.1,0.81,3.382
2032-07-24,17.86,12,252.1,300.17,63.6,99,1.22,3.733
2032-07-25,19.4,10.98,235.83,314.24,66.1,99.6,0.03,2.725
2032-07-26,22.24,12.29,273.41,301.18,60.7,100.1,0,1.756
2032-07-27,24.14,12.59,288.19,315.47,70,99.8,0,2.181
2032-07-28,24.15,13.94,327.84,296.63,65.9,99.6,0,3.031
2032-07-29,21.5,12.92,221.97,324.26,64.2,99.6,0,0.41
2032-07-30,21.85,10.74,314.69,283.78,56,99.9,0,1.551
2032-07-31,22.72,11.93,263.54,309.81,61.4,99.8,0,1.204
2032-08-01,23.58,13.13,213.61,334.21,66.7,99.7,0,0.728
2032-08-02,20.04,10.59,254.2,298.83,64.8,100.2,0,0.62
2032-08-03,24.39,9.89,211.95,326.95,65,100.2,0,1.173
2032-08-04,24.4,13.41,274.5,320.24,69.6,100.1,0,0.523
2032-08-05,23.64,12.65,259.59,320.16,76.1,99.9,0,1.453
2032-08-06,20.31,11.65,127.52,338.95,85.1,99.5,6.93,1.541
2032-08-07,20.51,11.43,252.5,298.38,64.2,99.8,0,2.36
2032-08-08,21.75,13.82,197.15,325.73,69.1,99.8,7.98,2.91
2032-08-09,19.17,10.69,195.62,304.19,60.8,99.8,0,1.785
2032-08-10,21.47,10.96,272.98,292.26,61.2,100.5,0,0.794
2032-08-11,23.76,10.13,285.74,296.67,62.8,100.5,0,0.81
2032-08-12,26.55,14.41,275.41,322.61,62.1,100.1,0,0.937
2032-08-13,26.64,15.64,247.96,330.67,62.5,100,0,1.207
2032-08-14,25.81,15.4,256.16,321.27,61.5,100.1,0,1.165
2032-08-15,24.18,13.35,255.47,309.15,67.5,100.2,0,0.271
2032-08-16,26.76,14.24,272.1,316.94,65,99.8,0,0.581
2032-08-17,22.57,15.01,154.43,348.02,79.8,99,17.48,1.47
2032-08-18,18.91,12.19,213.8,315.13,68.7,98.6,0.46,3.06
2032-08-19,18.72,11.98,199.3,327.21,78.6,98.8,4.44,3.832
2032-08-20,20.15,12.69,192.07,330.12,75.7,99.8,0,2.81
2032-08-21,21.7,14.61,165.69,343.5,76.9,100.1,0,1.725
2032-08-22,23.78,12.31,188.53,331.97,75.3,99.4,5.14,2.404
2032-08-23,16.24,11.97,184.33,312.19,73.5,98.9,3.66,4.681
2032-08-24,21.32,12.74,235.05,309.64,73.6,99.1,0,2.502
2032-08-25,21.36,11.63,202.16,323.56,82.1,99.5,0,2.593
2032-08-26,19.22,12.26,193.86,315.07,65.9,100.3,0,1.374
2032-08-27,18.16,10.35,182.27,310.34,73,100.7,0,1.246
2032-08-28,22.06,14.01,206.91,332.93,77,100.7,0,2.27
2032-08-29,23.36,15.21,174.09,338.71,80.3,101.1,0,0.134
2032-08-30,23.87,12.59,209.57,320.75,79.9,101.5,0,0.939
2032-08-31,22.89,12.6,190.29,320.14,81,101.4,0,1.214
2032-09-01,21.9,12.61,171.14,319.19,82,101.3,0,1.49
2032-09-02,23.8,12.27,210.25,319.72,79.2,101,0,1.373
2032-09-03,23.6,13.96,179.72,336.73,85.5,100.8,0,0.849
2032-09-04,24.08,13.89,182.86,332.56,85.7,101,0,0.986
2032-09-05,23.08,12.47,170.05,330.11,84.7,101.1,0,1.292
2032-09-06,23.49,13.3,163.1,342.89,87.6,101,0,1.249
2032-09-07,21.59,13.74,158.79,341.27,83.7,101.1,0.48,2.402
2032-09-08,22.13,13.43,163.99,334.78,82.1,101.1,0.25,2.428
2032-09-09,25.18,12.91,180.37,341.79,79.9,100.7,0,0.588
2032-09-10,21.39,13.8,156.16,337.47,83.6,100.9,0,0.124
2032-09-11,24.32,16.92,144.36,344.47,69.5,100.8,0,2.869
2032-09-12,25.16,17.5,168.13,362.84,73.2,100.5,0,3.31
2032-09-13,25.91,14.17,203.03,332.44,68,100.6,0,1.179
2032-09-14,20.79,13.48,169.14,324.47,77.6,100.9,0,0.685
2032-09-15,25.7,13.13,174.01,337.8,69.4,100.5,0,1.091
2032-09-16,21.92,15.74,167.52,337.71,79.4,99.9,1.76,1.68
2032-09-17,16.91,13.58,52.87,371.25,95.4,99.8,5.8,2.847
2032-09-18,17.77,13.5,38.63,372.03,97.4,99.1,15.09,1.464
2032-09-19,18.3,11.67,114.6,333.36,83.2,99,10.67,1.822
2032-09-20,15.6,9.68,104.89,315.83,75.1,100,0,3.15
2032-09-21,17.16,11.75,150.87,312.7,69.8,100.2,0,4.568
2032-09-22,15.94,11.23,78.39,325.76,76.6,100.1,0,3.958
2032-09-23,16.21,11.42,102.71,340.37,90.4,100.1,4.01,1.225
2032-09-24,17.39,10.78,128.04,328.49,83.5,100.3,0,0.27
2032-09-25,19.07,11.45,147.92,322.39,81,100.3,0,0.396
2032-09-26,16,12.6,40.3,358.33,94.3,100.3,19.14,0.188
2032-09-27,16.67,11.22,68.14,339.74,89.5,100.9,15.44,1.922
2032-09-28,16.59,10.92,119.53,318.7,84.4,100.9,0,0.243
2032-09-29,18.75,11.35,124.36,321.67,80.5,100.7,0,2.025
2032-09-30,20.34,13.63,143.76,328.16,83.6,101,0,1.683
2032-10-01,21.74,11.81,144.9,318.55,86.8,101.4,0,0.869
2032-10-02,18.1,12.28,114.67,336.68,92.3,101.3,0,1.314
2032-10-03,16.04,11.41,94.35,330.42,95.6,100.9,0,1.031
2032-10-04,19.15,10.37,114.94,338.68,93,100.1,2.62,0.231
2032-10-05,16.45,12.67,83.83,343.3,90.4,99.9,0.6,0.496
2032-10-06,15.67,13.2,43.54,354.8,92.4,99,9.39,1.216
2032-10-07,13.6,8.22,17.67,329.78,90.5,97.4,12.51,0.97
2032-10-08,13.65,6.8,121.01,277.71,76.7,96.7,0,0.775
2032-10-09,15.84,5.68,42.35,334.69,92.8,97.9,13.82,2.104
2032-10-10,14.69,12.8,24.49,365.71,97,98.9,41.68,0.98
2032-10-11,15.82,11.29,107.58,318.67,84.3,99.8,0.58,1.409
2032-10-12,17.1,11.01,68.36,323.5,87.7,100.4,0,2.576
2032-10-13,17.99,12.85,81.42,343.85,89.1,100.9,1.72,2.252
2032-10-14,17.18,13.39,99.82,323.8,88.3,100.9,0,2.26
2032-10-15,19.21,14.04,88.65,338.77,90.2,100.8,0,2.046
2032-10-16,18.49,13.88,98.44,336.04,88.5,101.3,0,1.4
2032-10-17,15.41,12.93,60.07,356.02,91,101.4,0.16,0.245
2032-10-18,16.47,14.09,53.79,363.7,93,100.8,0.92,0.769
2032-10-19,17.05,12.33,68.56,335.16,85.1,99.8,0,2.597
2032-10-20,14.92,11.59,29.39,352.6,92.1,98.8,11.41,1.173
2032-10-21,14.72,7.89,77.98,320.38,88.7,97.9,4.78,0.285
2032-10-22,9.71,4.85,68.02,283.79,74,98.3,0,0.782
2032-10-23,10.81,3,105,256.09,75,98.8,0,1.204
2032-10-24,15.28,4.94,38.26,326.39,88.8,98.5,15.52,1.205
2032-10-25,15.2,11.75,74.96,326.35,74.3,97.3,1.8,3.104
2032-10-26,12.65,11.15,72.42,306.5,66.6,97.6,1.21,4.335
2032-10-27,12.22,9.38,45.82,320.49,71.7,99,8.33,1.535
2032-10-28,17,9.71,53.82,354.98,91.4,98.7,28.16,0.828
2032-10-29,17.19,12.93,73.95,325.82,84.4,99.2,0,1.749
2032-10-30,17.88,13.26,68.05,333.86,87.6,99.2,1.35,1.237
2032-10-31,16.79,12.21,46.32,338.66,89.1,99.1,2.13,1.342
2032-11-01,15.69,11.16,25.02,343.73,90.7,99,2.91,1.518
2032-11-02,13.02,9.11,71.22,300.27,83.3,99.2,0,1.519
2032-11-03,11.73,8.26,60.55,291.66,72.5,99.1,0,3.12
2032-11-04,11.46,5.89,67.77,275.37,85.2,100.2,0,2.416
2032-11-05,9.84,4.01,41.87,296.07,85.1,100.6,0,0.553
2032-11-06,10.94,4.85,71.97,289.41,92.4,100.2,0.09,1.638
2032-11-07,13.49,9.49,45.77,337.26,97.6,100,2.22,0.128
2032-11-08,11.28,5.64,72.39,270.83,83.9,100.8,0,0.341
2032-11-09,10.48,4.67,45.28,301.77,89.2,101.2,0.06,0.642
2032-11-10,8.7,6.86,28.75,318.52,84.6,101.4,0,0.598
2032-11-11,8.86,6.29,37.34,312.98,89.5,101.6,0,0.552
2032-11-12,8.81,4.38,57.36,284.29,89.6,101.5,0,0.281
2032-11-13,9.16,4.14,44.46,305.69,89.1,101.2,0.44,0.553
2032-11-14,10.68,6.07,55.61,303.65,92.6,100.8,1.57,2.075
2032-11-15,10.06,6.04,30.75,320.78,97.4,100.9,0.98,0.409
2032-11-16,9.15,4.87,40.91,284.2,95.6,100.7,0,0.379
2032-11-17,8.72,3.5,53.66,279.42,87.3,100.2,0,0.703
2032-11-18,7.48,2.81,50.55,274.85,79.6,100.2,0,1.118
2032-11-19,7.34,2.89,29.96,294.67,86.7,100.1,0.28,0.674
2032-11-20,6.86,2.69,35.99,288.26,78.7,100.3,0,1.155
2032-11-21,5.72,-0.58,51.69,243.91,88.5,100,0,1.037
2032-11-22,6.15,-0.99,33.38,291.99,93.8,99.6,0,0.91
2032-11-23,8.63,4.61,43.3,293.63,91.2,98.9,0.7,1.712
2032-11-24,9.13,6.59,13.29,319.75,95.3,98,4.08,1.094
2032-11-25,9.61,5.05,21.71,314.91,96.1,97.3,5.89,1.376
2032-11-26,10.47,7.36,45.19,291.94,88.3,97.6,2.02,1.585
2032-11-27,8.91,6.58,9.65,335.11,94.5,96.6,18.53,0.978
2032-11-28,8.82,5.42,42.68,286.78,86.7,98,0.64,1.198
2032-11-29,8.84,5.69,13.59,331.76,98,96.4,16.42,5.003
2032-11-30,8.92,4.74,13.17,315.1,95.5,98,5.32,3.147
2032-12-01,5.9,4.35,15.72,317.85,96.1,98.5,3.08,2.85
2032-12-02,6.81,4.71,7.33,326.73,97.3,97.6,13.3,4.624
2032-12-03,8.59,4.24,10.34,306.75,99.7,97.4,10,1.229
2032-12-04,8.95,4.92,28.23,308.7,97.5,97,1.59,1.065
2032-12-05,8.48,3.64,24.86,301.01,96.9,98.1,0,0.479
2032-12-06,8.88,1.96,12.01,315.58,99.9,98.3,8.66,0.818
2032-12-07,8.58,5.06,17.52,294.48,89,98.3,2.53,1.608
2032-12-08,5.73,3.04,14.12,304.84,96.5,98.8,4.1,0.408
2032-12-09,10.85,3.56,28.5,308.65,87.2,97.9,4.62,1.822
2032-12-10,10.25,6.79,34.19,289.73,78.1,99,2.89,1.905
2032-12-11,10.74,7.02,30.04,290.85,90,98.1,0,1.768
2032-12-12,9.12,6.26,31.11,285.86,84.2,97.7,1.46,3.205
2032-12-13,8.26,5.24,28.24,272.79,86.2,97.8,0.66,3.565
2032-12-14,7.22,3.61,32.78,276.41,84.8,98.8,0,1.793
2032-12-15,4.13,0.22,20.23,268.58,84.9,99.5,0.35,0.763
2032-12-16,4.18,0.05,31.38,253.92,79,99.3,0,1.422
2032-12-17,4.14,-0.25,27.44,270.88,82,99.2,0,1.371
2032-12-18,2.35,-1.75,26.2,250.39,92.3,99.1,0,0.918
2032-12-19,4.71,-0.57,13.12,307.39,99.6,97.8,9.23,1.528
2032-12-20,7.2,3.95,21.56,308.37,91.4,97.1,8,2.484
2032-12-21,6.77,3.13,21.93,288.5,92.8,97.8,2.37,0.858
2032-12-22,10.03,4.56,25.83,300.56,93.1,97.3,3.93,1.305
2032-12-23,8.22,6.01,16.79,294.21,81.7,97.9,2.73,2.961
2032-12-24,13.84,5.4,6.94,331.96,91.6,98.1,13.14,1.402
2032-12-25,15.29,9.32,24,333.6,83.6,98.1,6.31,2.82
2032-12-26,10.03,8.21,20.12,306.24,78.6,99.6,0,2.81
2032-12-27,8.46,1.31,35.69,257.56,91,101.5,0,0.773
2032-12-28,5.27,-1.12,23.52,277.84,89.9,102.6,0,0.858
2032-12-29,4.12,1.61,19.56,301.05,94.3,101.7,0,1.873
2032-12-30,5.23,0.69,20.5,302.19,96.5,100.7,0,0.842
2032-12-31,5.98,2.08,21.4,307.97,98.3,101,0.04,0.345
2033-01-01,6.74,3.48,22.31,314.29,100,101.2,0,0.318
2033-01-02,7.18,5.14,12.62,326.48,98.3,101.4,2.79,3.439
2033-01-03,5.13,3.01,12.29,311.98,98.5,101.5,0.89,1.124
2033-01-04,3.87,1.77,16.18,307.11,97.9,101.6,1.07,1.892
2033-01-05,2.08,0.9,20.12,294.1,92,101.6,0.95,0.279
2033-01-06,6.09,1.56,20.04,307.98,92.1,101.7,0,1.549
2033-01-07,4.63,2.6,15.26,308.99,96.9,101.5,2.4,0.777
2033-01-08,2.9,0.75,22.51,295.18,91.2,100.7,0,0.42
2033-01-09,2.56,-1.63,23.99,288.96,87,99.4,2.42,0.727
2033-01-10,10.12,2.6,16.6,329.46,99.7,97.3,25.24,1.692
2033-01-11,10.98,7.99,11.92,326.04,92.4,95.5,7.12,1.656
2033-01-12,10.32,4.32,23,293.59,93.6,96.5,10.57,0.969
2033-01-13,8.49,4.48,39.3,285.26,97.1,97.3,0,1.105
2033-01-14,7.94,3.84,23.97,303.87,96.6,97.3,1.75,1.144
2033-01-15,6.81,4.81,16.57,308.36,96.8,97.4,2.45,1.126
2033-01-16,7.86,5.02,35.69,302.56,88.5,98.2,1.14,2.84
2033-01-17,6.88,3.77,24.88,304.39,90.5,99.8,0,0.126
2033-01-18,5.76,3.72,23.06,309.54,96.8,99.8,1.58,1.044
2033-01-19,6.6,4.07,15.5,319.35,94.5,99.4,4.88,0.298
2033-01-20,5.92,2.47,44.61,277.06,78.1,99.8,0,0.829
2033-01-21,5.15,1.49,29.47,296.3,85.2,100.8,0.73,1.331
2033-01-22,2.5,-0.64,37.88,270.25,79,100.7,0,1.327
2033-01-23,11.38,1.51,37.65,315.4,89.5,99.4,4.32,2.706
2033-01-24,11.45,5.91,36.68,306.21,70.1,98.5,7.61,5.26
2033-01-25,6.88,4.24,48.81,282.05,73.9,99.8,2.08,4.642
2033-01-26,5.02,2.15,32.77,267.9,84.5,98.9,0.95,3.634
2033-01-27,3.8,0.71,60.85,239.97,66.2,100.4,0,1.495
2033-01-28,4.87,-0.49,53.4,248.99,69.5,102.1,0,1.671
2033-01-29,8.59,2.43,33.6,315.85,92.8,101.8,0,2.964
2033-01-30,9.78,8.14,33.59,326.53,86.8,100.8,2.17,5.011
2033-01-31,9.7,4.52,33.42,291.61,75.3,100.5,0,4.645
2033-02-01,4.71,1.52,58.46,259.75,72.1,100.9,0,1.262
2033-02-02,9.6,1.69,62.86,286.16,88.7,99.7,4.58,2.55
2033-02-03,3.69,-0.68,64.71,251.42,76.5,100.7,0,0.688
2033-02-04,4.25,-0.15,8.31,315.25,98.3,99.1,21.52,1.671
2033-02-05,6.64,3.65,46.42,308.38,93.8,98.4,4.63,0.683
2033-02-06,7.62,4.79,48.04,283.39,76.6,99.4,0,4.003
2033-02-07,10.2,5.73,45.09,319.51,87.2,99.5,3.8,4.518
2033-02-08,9.33,7.03,38.73,311.9,89.8,100.7,0,2.403
2033-02-09,9.66,6.62,37.76,316.53,89.8,100.6,0,2.124
2033-02-10,9.44,5.78,70.06,288.77,84.6,101.3,0,2.674
2033-02-11,11.03,7.65,66.94,306.74,86.1,101.5,0,2.983
2033-02-12,8.91,4.01,69.25,288.37,85.8,101.9,0,0.464
2033-02-13,5.55,0.93,37.96,293.1,77,102.6,2.07,3.235
2033-02-14,3.44,-0.07,49.46,273.66,73.7,102.9,0,1.174
2033-02-15,6.5,-0.27,46.34,291.12,90.7,102.1,0.95,0.604
2033-02-16,6.94,5.4,36.38,320.37,91.1,101.2,1.3,0.813
2033-02-17,6.98,3.79,59.51,303.36,81.6,100.3,0,1.884
2033-02-18,3.71,0.78,92.75,241.14,56,99.1,0,2.367
2033-02-19,4.6,1.42,54.1,291.17,75.3,98.8,4.69,1.029
2033-02-20,3.83,-0.22,30.45,302.11,90.6,99.1,10.83,0.55
2033-02-21,1.25,-1.32,32.69,284.73,95.3,99.2,9.53,1.661
2033-02-22,-0.06,-7.85,53.98,253.07,98.4,99.7,4.5,0.287
2033-02-23,2.06,-9.37,94.39,222.23,88.5,100.3,0,1.292
2033-02-24,4.83,-1.9,115.69,243.35,75,101.1,0,1.899
2033-02-25,6.25,2.04,95.14,263.8,73.8,101,0,2.336
2033-02-26,2.88,-0.82,11.96,299.55,92.8,99.2,9.96,1.789
2033-02-27,1.39,-1.12,57.88,273.56,85.3,97.9,3.38,1.684
2033-02-28,3.08,-2.61,117.4,233.42,70.1,98.3,0,3.322
2033-03-01,3.98,-1.45,85.76,253.76,74.9,98.4,3.27,2.479
2033-03-02,4.78,-0.23,96.58,258.31,73.8,98,0,2.343
2033-03-03,4.29,0.04,73.26,285.51,82.4,98.3,3.06,0.766
2033-03-04,4.79,-1.43,76.93,277.91,83.4,98.5,1.48,1.343
2033-03-05,4.22,-0.13,72.66,286.28,91.3,98.7,2.91,1.617
2033-03-06,3.16,0.28,39.2,300.01,88.9,99.3,6.08,4.737
2033-03-07,3.34,-0.58,71.09,268.49,77.4,100.2,0,2.156
2033-03-08,3.63,-1.23,58.11,271.28,80.5,100.2,1.63,1.49
2033-03-09,5.26,0.36,89.8,280.93,81.8,100.2,0,0.577
2033-03-10,5.5,0.78,85.79,271.32,74,100.6,0,1.41
2033-03-11,7.15,0.8,88.25,276.44,82.9,100.7,0,1.552
2033-03-12,8.25,4.34,94.07,301.41,85.5,101,0,2.519
2033-03-13,8.67,4.23,108.6,277.8,83.6,101,0,2.861
2033-03-14,8.53,3.94,99.11,298.52,77.6,100.2,0,1.433
2033-03-15,8.3,2.52,84.6,305.75,81.2,98.6,2.88,3.594
2033-03-16,11.75,4.61,55.18,334.31,97.5,96.1,19.54,3.814
2033-03-17,12.54,8.9,92.1,323.6,89.3,96.3,1.35,1.859
2033-03-18,14.05,5.93,143.23,296.48,89.4,97.8,0.91,0.601
2033-03-19,11.4,7.63,72.66,337.48,98,98.1,1.45,1.783
2033-03-20,10.78,7,51.94,339.66,97.8,97.6,9.48,2.516
2033-03-21,8.37,6.64,49.48,332.87,97.8,97.4,15.76,1.483
2033-03-22,10.14,6.99,50.64,337.42,98.3,98,9.9,1.993
2033-03-23,11.5,6.42,89.17,327.2,95.3,98.8,3.24,1.369
2033-03-24,11,5.87,94.95,319.78,89.5,99.9,3.25,0.299
2033-03-25,10.03,5.74,107.38,314.13,92.2,100.1,3.8,1.395
2033-03-26,6.81,3.15,91.22,309.09,89,100.2,1.28,3.947
2033-03-27,5.91,1.85,98.05,304.7,88.5,99.7,2.34,5.562
2033-03-28,4.25,2.23,39.44,313.36,90.5,99,5.64,5.784
2033-03-29,5.68,1.71,99.35,297.38,73.4,99.9,0,3.817
2033-03-30,5.75,0.9,98.14,291.04,77.9,100.6,0.95,1.658
2033-03-31,7.2,1.49,126.65,279.27,79.8,100.3,1.27,0.496
2033-04-01,8.66,2.84,117.02,287.28,77.8,99.6,0,2.071
2033-04-02,9.25,3.15,116.93,298.47,76.9,99.5,0,0.757
2033-04-03,9.83,3.29,136.16,294.82,81.4,99.8,0,2.268
2033-04-04,6.22,2.7,85.71,303.01,88,99.7,1.33,2.245
2033-04-05,6.47,2.52,96.72,301.53,86,99.5,0.92,3.294
2033-04-06,6.91,3.22,53.48,314.98,83.2,99,14.18,6.222
2033-04-07,5.06,3.1,25.17,312.52,97.7,98.5,27.46,3.141
2033-04-08,9.72,2.84,89.68,321.1,95.5,98.4,5.8,3.587
2033-04-09,9.87,4.77,97.85,327.34,96.8,98.1,7.22,3.995
2033-04-10,10.54,5.76,94.03,326.69,95.8,97.9,2.19,3.017
2033-04-11,9.59,5.03,108.42,313.91,93.3,98.2,4.9,2.201
2033-04-12,7.39,3.1,123.69,296.97,80.2,98.8,0.21,0.74
2033-04-13,5.93,1.16,122.47,262.61,67.1,98.9,0,0.861
2033-04-14,8.64,0.05,127.29,266.18,74.8,98.7,0.91,1.85
2033-04-15,10.94,4.09,113.63,311.53,92.3,97.1,9.88,1.275
2033-04-16,6.17,1.87,81.12,302.69,92.8,96.6,6.62,0.798
2033-04-17,8.57,1.33,170.21,283.12,71.8,96.9,2.01,0.863
2033-04-18,7.6,2.88,132.88,305.57,81.4,98.1,3.58,2.613
2033-04-19,7.65,3.07,129.06,303.27,82.4,99.4,1.74,1.162
2033-04-20,8.46,1.9,161.98,282.68,74.6,100.2,0,1.554
2033-04-21,8.13,2,142.61,295.03,75.6,100.4,0,1.668
2033-04-22,8.16,3.45,134.29,294.56,70.7,100.5,0,2.693
2033-04-23,6.95,3.68,109.39,308.98,90.5,100.3,2.91,0.77
2033-04-24,8.62,4.58,107.81,308.08,85.6,100.3,1.09,0.575
2033-04-25,9.87,4.14,138.86,301.26,74.9,100.3,0.9,0.452
2033-04-26,8.98,2.94,121.38,296.59,78.5,100.4,1.61,0.267
2033-04-27,8.39,2.1,151.13,284.48,67.8,100.7,0,0.864
2033-04-28,7.13,4.36,116.49,302.68,78.9,100.8,1.85,0.476
2033-04-29,8.41,4.24,45.98,318.56,88.7,99.4,12.98,1.078
2033-04-30,13.72,4.04,223.22,292,82,99.5,0,2.037
2033-05-01,15.95,10.36,205.93,319.22,83.7,99.2,1.12,3.326
2033-05-02,10.88,6.9,207.23,284.9,64.3,99,0.49,4.224
2033-05-03,9.49,5.03,175.8,287.55,66.3,98.9,0,3.629
2033-05-04,8.64,3.69,147.11,296.66,76.3,97.9,6.19,1.127
2033-05-05,10.7,3.58,167.48,288.59,74.1,98.8,0,0.839
2033-05-06,9.69,3.76,145.64,293.2,79.9,100.3,0.92,0.542
2033-05-07,12.05,5.05,156.51,307.6,72.9,101.1,0,1.306
2033-05-08,14.77,7.33,178.78,313.26,70.3,101,0,0.789
2033-05-09,12.06,4.29,245.81,270.04,73.3,100.7,0,2.203
2033-05-10,11.52,6.46,94.94,330.26,87.5,100.6,6.53,1.628
2033-05-11,16.06,6.43,295.78,283.13,79.1,100.2,0,2.828
2033-05-12,17.15,8.04,196.19,334.29,89,99.7,1.65,2.042
2033-05-13,20.93,10.64,203.01,341.55,89.9,99.6,1.72,1.758
2033-05-14,22.54,11.23,212.79,341.01,83.3,99.1,3.55,1.98
2033-05-15,17.5,9.99,151.35,347.2,89,99,16.76,1.226
2033-05-16,15.06,9.53,177.73,338.63,89,99.7,0.43,0.738
2033-05-17,14.3,8.82,159.85,320.53,81.4,100.1,2.53,0.671
2033-05-18,12.13,6.22,187.31,292.2,66,100.8,0,0.639
2033-05-19,14.75,7.4,221.1,306.65,66.9,100.5,0,0.495
2033-05-20,10.67,6.21,161.73,307.81,71.9,100.1,1.74,1.102
2033-05-21,11.75,7.44,124.56,331.76,85.7,100,13.74,4.167
2033-05-22,17.37,9.54,301.12,302.92,76.4,100.2,1.33,3.397
2033-05-23,18.12,9.45,193.69,339.55,86.4,100.3,16.16,3.573
2033-05-24,16.74,8.8,303.25,297.11,73,100.1,0,2.988
2033-05-25,13.58,7.34,269.86,301.78,82.3,99.9,0,2.019
2033-05-26,15.21,6.9,228.99,305.52,76.8,99.4,0,0.927
2033-05-27,16.15,7.67,224.73,304.85,83.5,99.1,4.84,1.518
2033-05-28,15.54,8.47,172.77,322.67,83.6,99.1,1.89,1.625
2033-05-29,18.45,7.29,257.39,297.44,76.3,99.3,0,1.812
2033-05-30,19.63,7.81,295.39,295.65,77.1,100,0,1.23
2033-05-31,21.16,9.44,288.3,306.2,74.4,100.3,0,0.474
2033-06-01,22.69,11.07,281.24,316.99,71.6,100.6,0.92,0.725
2033-06-02,22.23,11.47,288.26,315.21,67.5,100.9,0,0.223
2033-06-03,22.53,13.12,230.56,330.14,71,100.7,0,2.492
2033-06-04,22.35,9.96,297.91,307.95,73.7,100.2,0,2.582
2033-06-05,16.61,12.12,145.74,344.23,87.8,99.5,1.89,2.121
2033-06-06,20.97,11.14,212.58,340.65,77.6,99.5,5.81,0.405
2033-06-07,23.52,14.38,273.91,341.51,67,99.4,2.1,1.49
2033-06-08,20.03,13.99,187.19,347.06,79.4,99.3,11.23,0.973
2033-06-09,19.02,13.08,293.52,303.7,65.5,99.2,1.06,2.13
2033-06-10,19.23,12.22,203.46,324.86,73.2,99.3,2.42,2.124
2033-06-11,20.48,11.1,287.44,309.73,65.5,99.7,0,1.757
2033-06-12,20.52,13.96,240.52,334.61,69,99.2,0.71,2.534
2033-06-13,19.43,12.01,262.32,308.17,64.1,99.1,0,1.936
2033-06-14,17.34,12.33,284.99,304.13,68.1,99.4,1.58,2.945
2033-06-15,15.87,11.74,141.81,329.41,79.7,99.6,1.48,2.229
2033-06-16,17.35,11.77,299.24,303.03,72.4,99,0.85,2.759
2033-06-17,17.39,11.65,262.22,310.3,75.5,99.2,1.56,2.628
2033-06-18,18.49,12.61,257.35,329.03,75.7,99.3,0,3.015
2033-06-19,21.71,14.82,241.5,352.21,78.6,99.3,0,2.95
2033-06-20,21.76,15.76,227.8,360.33,79.4,99.3,2.39,3.514
2033-06-21,20.79,15.91,278.94,344.82,79.7,99.8,1.82,3.545
2033-06-22,23.9,15.54,302.48,346.42,82.4,100.9,0,2.301
2033-06-23,27.93,15.98,345.82,330.45,73.5,101.3,0,0.469
2033-06-24,28.79,17.33,330.92,341.33,70.4,101,0,2.365
2033-06-25,29.16,14.7,344.63,325.67,68.4,100.9,0,1.348
2033-06-26,30.76,18.62,345.49,346.73,65.4,100.9,0,1.118
2033-06-27,32.77,18.99,343.29,350.68,63.7,100.8,0,0.307
2033-06-28,33.58,21.61,352.67,353.9,52.5,99.9,0,0.779
2033-06-29,22.99,13.89,324.31,307.7,60,99.4,0,2.653
2033-06-30,17.89,11.93,199.56,305.89,60.9,99.6,0,1.578
2033-07-01,19.72,10.82,247.39,309.77,62.1,99.5,0,2.316
2033-07-02,19.97,12.45,261.64,329.2,75.2,99.7,0,3.444
2033-07-03,19.19,13.96,290.15,312.42,69.1,99.9,0,3.179
2033-07-04,20.66,12.48,322.72,299.29,65.9,99.9,0,2.174
2033-07-05,23.5,13.3,243.37,338.62,73.7,100,0,2.244
2033-07-06,23.32,15.33,271.98,337.82,74.9,100.3,0.06,2.34
2033-07-07,25.61,15.36,313.32,328.28,69.7,100.6,0,1.919
2033-07-08,26.4,16.01,320.94,331.08,68.2,100.3,0,2.299
2033-07-09,25,15.64,335.83,317.33,63.3,100,0,1.887
2033-07-10,21.08,13.12,290.65,304.11,64.8,100,0,1.739
2033-07-11,22.36,14.74,234.25,344.02,76.2,99.6,0,3.138
2033-07-12,22.74,13.62,302.42,331.34,72.5,100,0,2.579
2033-07-13,19.66,14.58,220.29,324.83,70.9,100.1,0,2.339
2033-07-14,22.18,11.89,260,308.96,61,100.2,0,1.53
2033-07-15,24,12.64,313.26,311.08,56.6,100.1,0,1.807
2033-07-16,23.87,15.44,278.17,330.59,63.8,99.9,0,1.912
2033-07-17,25.26,12.63,285.26,326.45,68.4,99.5,1.48,1.809
2033-07-18,22.48,16.22,299.55,327.01,67.3,99.4,0,2.328
2033-07-19,25.6,15.43,244.63,357.22,71.8,99.3,3.86,1.517
2033-07-20,24.04,14.92,213.44,353.28,71.8,98.8,13.27,2.253
2033-07-21,17.38,12.75,165.03,341.13,81.1,98.5,18.47,1.607
2033-07-22,18.41,11.95,304.57,292.72,66,99.2,0,2.994
2033-07-23,20.85,11.39,185,340.31,74.3,98.8,0,2.82
2033-07-24,20.58,12.78,272.03,322.97,67.3,97.9,0,3.98
2033-07-25,17.36,10.4,237.54,312.92,68.2,99.1,3.7,3.292
2033-07-26,17.03,9.92,174.32,314.07,76,99.2,4.88,2.392
2033-07-27,19.09,12.93,270.59,321.53,73.3,98.1,3.33,2.488
2033-07-28,18.29,10.91,227.96,300.87,63.5,98.8,0,2.54
2033-07-29,19.22,12.24,228.71,321.26,71.4,98.8,0,2.573
2033-07-30,19.06,13.18,242.31,318.52,75.4,98.6,1.21,2.94
2033-07-31,18.35,12.9,240.06,317.58,74.6,98.4,1.1,2.822
2033-08-01,17.64,12.63,237.81,316.58,73.8,98.3,0.98,2.705
2033-08-02,20.72,11.88,154.86,346.02,84.1,97.5,21.9,1.957
2033-08-03,20.26,13.93,219.93,344.81,82.1,96.2,5.13,2.497
2033-08-04,19.78,13.18,270.32,310.19,62.1,97.3,0,4.005
2033-08-05,20.63,11.6,249.62,309.62,71,97.7,1.9,1.192
2033-08-06,17.78,13.23,216.08,315.29,76.2,98.7,0,3.379
2033-08-07,21.17,12.03,171.52,335.65,81.5,99,2.5,1.345
2033-08-08,19.32,11.88,165.59,328.73,85.6,99,9.98,1.822
2033-08-09,17.18,10.77,156.76,325.3,81.4,99.9,2.21,2.527
2033-08-10,20.96,13.93,224.59,334.03,80.5,99.2,1.01,3.079
2033-08-11,22.49,15.28,231.51,339.15,78.2,98.9,0.7,2.631
2033-08-12,19.89,14.35,241.48,320.06,75.2,99.5,0.85,2.941
2033-08-13,21.59,12.17,251.43,305.15,73.5,100.6,0,0.786
2033-08-14,22.77,11.51,293.49,289.26,63.4,101.1,0,1.542
2033-08-15,25.63,11.82,285.55,309.11,64.6,100.9,0,0.985
2033-08-16,28.95,14.11,286.31,323.51,64.6,100.4,0,2.217
2033-08-17,23,15.34,230.27,335.61,79.7,100,0,1.901
2033-08-18,22.75,14.31,234.17,328.21,74.3,100.4,0,1.34
2033-08-19,23.46,13.37,253.74,316.03,74.5,100,0,1.659
2033-08-20,21.93,14.25,239.77,321.16,75.5,99.5,0,2.494
2033-08-21,20.59,12.41,157.25,332.47,74.4,99.8,0,1.495
2033-08-22,20.96,12.47,204.01,326.4,71.6,99.7,0,1.765
2033-08-23,22.8,13.82,213.33,337.66,73.5,99.5,0,1.839
2033-08-24,23.68,16.09,133.92,366.59,79.5,99.1,9.15,1.879
2033-08-25,21.3,14.6,200.45,328.16,73.3,98.8,0,2.179
2033-08-26,18.82,13.08,218.02,308.18,77.3,99.2,0.1,2.915
2033-08-27,19.9,12.11,180.77,325.13,69.6,99.7,0,0.594
2033-08-28,22.9,14.87,177.52,341.84,68.7,99.5,0.08,1.624
2033-08-29,21,14.22,184.8,334.69,83.7,99.8,3.86,1.163
2033-08-30,21.73,15.4,159.91,353.56,80.9,100.5,1.48,0.967
2033-08-31,20.78,15.43,149.23,352.59,84.2,100.5,3.91,0.801
2033-09-01,19.82,15.45,138.49,350.23,87.6,100.6,6.35,0.635
2033-09-02,22.81,12.89,197.51,326.85,78.8,100.7,0,1.233
2033-09-03,21.66,14.09,181.03,328.91,79.9,100.4,0,1.837
2033-09-04,22.29,15.23,182.5,345.65,76.8,99.8,0,1.987
2033-09-05,23.12,16.35,176.77,355.07,77,99.3,0,1.999
2033-09-06,20.26,14.7,171.95,328.54,76.9,99.5,0,2.248
2033-09-07,21.7,14.45,131.76,352.26,80.4,99.5,0,1.92
2033-09-08,20.28,14.51,166.74,330.11,75.8,99.5,0.36,2.017
2033-09-09,21.6,13.52,194.4,318.75,71.5,99.5,0,2.333
2033-09-10,16.11,10.85,71.73,315.87,81.2,99.1,4.66,0.916
2033-09-11,15.61,8.99,173.39,292.47,61.4,100,0,1.587
2033-09-12,16.34,9.95,82.07,333.85,81,100.2,9.48,1.97
2033-09-13,19.04,12.15,149.07,321.75,83.6,100.5,0,0.452
2033-09-14,19.07,10.41,171.67,310.44,78.7,100.9,0,1.273
2033-09-15,19.28,13.52,144.37,345.8,86.2,100.2,1.1,0.882
2033-09-16,19.72,12.95,140.7,337.14,85.5,99.9,2.31,2.431
2033-09-17,19.89,13.09,126.88,351.92,84.4,99.7,2.55,1.03
2033-09-18,20.65,13.81,150.43,341.84,80.4,99.3,9.86,1.25
2033-09-19,16.8,12.38,161.16,309.61,73.8,99.1,0,2.366
2033-09-20,16.77,11.76,112.03,326.65,83,98.7,7.07,1.912
2033-09-21,17.63,12.07,148.73,320.75,80.5,99.5,0.17,3.197
2033-09-22,19.6,13.05,115,346.87,82.7,100.3,0,1.883
2033-09-23,19.71,15.93,81.9,367.14,88.3,100.6,0,1.882
2033-09-24,21.48,16.48,117.11,362.88,87.4,100.8,0,2.424
2033-09-25,21.5,16.91,128.61,349.46,84.5,100.5,0,3.789
2033-09-26,20.49,14.38,111.98,360.92,87,100.1,1.05,3.247
2033-09-27,17.18,10.84,164.16,284.81,65.5,100.9,0,1.743
2033-09-28,14.96,8.94,119.13,296.75,74.6,101.5,0,0.686
2033-09-29,14.6,7.47,134.99,301.12,75.6,101.4,0,0.352
2033-09-30,16.41,11.52,110.03,331.65,74.1,101.1,0,0.71
2033-10-01,18.19,11.64,137.04,315.88,78.3,101.2,0,1.264
2033-10-02,19.95,8.26,140.37,299.65,79,100.9,0,0.662
2033-10-03,21.07,14.38,84,353.45,83.1,100.4,0,2.178
2033-10-04,19.62,11.5,95.37,340.68,90.2,100.1,10.99,2.517
2033-10-05,14.46,10.21,90.82,322.27,80.9,100.1,0.08,1.726
2033-10-06,14.7,9.73,105.49,303.64,79.1,99.2,0,2.956
2033-10-07,13.49,9.14,118.4,293.75,72.1,97.5,2.77,5.208
2033-10-08,11.67,7.09,124.35,269.07,57.8,98.9,0,3.114
2033-10-09,13.54,6.31,109.33,287.04,71.6,99.7,0,2.651
2033-10-10,15.08,8.44,104.65,312.13,84.5,99.9,0,2.466
2033-10-11,17.54,12.91,103.87,342.16,84.8,99.9,0,3.592
2033-10-12,18.35,13.77,114.55,327.91,83,100,0,3.723
2033-10-13,16.33,11.86,78.52,329.39,84.1,100.6,0,1.224
2033-10-14,15.81,11.8,80.66,336.42,80.1,100.5,0,0.38
2033-10-15,13.6,9.38,85.89,313.64,79.1,99.8,0,1.535
2033-10-16,13.21,7.7,77.56,304.19,85,100,3.04,0.543
2033-10-17,14.72,7.32,80.92,310.87,85.8,100.5,0,2.002
2033-10-18,16.17,9.22,76.08,319.7,84.7,100.6,0,2.68
2033-10-19,12.85,7.3,111.04,280.64,58.4,101.5,0,1.507
2033-10-20,12.35,7.45,84.45,293.21,70.7,101.3,0,2.38
2033-10-21,14.8,6.11,45.13,319.26,84.6,99.9,3.48,3.163
2033-10-22,9.74,4.3,93.84,258.85,69.1,100.5,0,0.735
2033-10-23,8.65,3.14,74.7,276.1,70.2,100.8,0,1.056
2033-10-24,14.75,5.75,66.34,310.47,82.6,100.2,0,1.917
2033-10-25,13.25,5.78,94.01,289.11,85.3,100.8,0,1.08
2033-10-26,13.97,6.67,91.77,286.28,88.2,100.8,0,0.666
2033-10-27,12.8,6.55,62.17,297.79,90.4,100.4,0,2.42
2033-10-28,14.48,7.68,50.66,335.71,92.3,99.7,0,2.423
2033-10-29,16.71,13.07,34.6,353.16,93.3,99,6.05,2.419
2033-10-30,15.87,13.02,34.95,361.48,95.1,98.6,18.82,2.248
2033-10-31,14.47,10.71,39.31,340,95.3,98.4,11.2,1.018
2033-11-01,13.06,8.39,43.7,319.01,95.4,98.3,3.59,0.758
2033-11-02,13.09,8.72,71.83,298.77,88.5,98.5,0,2.09
2033-11-03,9.07,3.28,22.97,303.86,89.3,98.9,3.1,0.658
2033-11-04,6.58,1.54,80.97,237.86,68.4,99.9,0,1.195
2033-11-05,6.94,0.09,70.06,250.91,75.3,100.6,0,0.809
2033-11-06,7.55,2.22,48.57,281.6,84.7,100,0,1.54
2033-11-07,9.14,4.4,13.02,333.22,98,99.5,17.44,1.794
2033-11-08,11.9,8.03,52.96,317.96,93.4,99,1.61,0.978
2033-11-09,9.94,6.08,63.02,279.24,77.5,98.5,0,3.407
2033-11-10,10.71,6.18,55.98,289.44,81.3,98.3,0.95,4.305
2033-11-11,7.59,4.52,16.52,288.38,89.3,98.7,1.1,1.481
2033-11-12,7.01,3.7,40.46,276.03,86,98.2,0.99,2.753
2033-11-13,7.36,1.72,61.52,263.05,83,98.9,2.04,1.555
2033-11-14,12.43,4.79,54,293.04,88.3,97,6.36,3.498
2033-11-15,7.81,4.11,41.39,279.06,83.6,98,2.32,1.508
2033-11-16,7.29,1.72,59.46,247.11,79,99.3,0,1.575
2033-11-17,6.39,2.4,11.2,318.12,98.4,98.2,20.26,3.834
2033-11-18,7.73,1.83,49.87,271.47,91.9,99.4,0,0.509
2033-11-19,6,0.43,13.09,303.68,95.6,98.9,14.38,4.775
2033-11-20,6.27,2.12,32.87,291.18,75.1,99.3,0.98,3.527
2033-11-21,4.94,-1.12,42.08,265.77,78.2,100.1,0,1.153
2033-11-22,9.79,4.95,40.19,308.11,85.2,99.2,3.92,1.72
2033-11-23,11.56,5.73,16.97,327.36,91.9,98,18.93,1.337
2033-11-24,7.58,5.42,28.96,305.17,77,97.1,14.82,3.966
2033-11-25,8.21,5.39,28.38,294.04,85.2,97.3,0,2.846
2033-11-26,7.94,3.76,40.97,277.3,90.1,98.8,0,0.969
2033-11-27,8.37,2.09,17.08,315.63,99.3,98.2,4.17,0.863
2033-11-28,9.32,2.56,26.82,280.92,81.4,96.8,0.24,1.539
2033-11-29,6.97,2.2,33.09,289.64,88.3,97.8,2.29,2.054
2033-11-30,8.81,3.83,39,298.64,89.2,98.9,1.12,1.308
2033-12-01,8.1,3.11,42.53,266.39,79.4,98.6,1.76,2.268
2033-12-02,5.49,1.89,33.88,265.85,86.7,98.6,0,2.204
2033-12-03,8.98,0.25,13.89,290.52,90.5,96.7,15.87,1.422
2033-12-04,4.08,-1.13,30.86,261.38,98.1,97.2,0,0.679
2033-12-05,2.24,-0.93,19.34,292.78,100,97.6,0,0.41
2033-12-06,3.03,-0.35,19.68,301.55,100,98.4,0,0.794
2033-12-07,6.82,2.12,6.8,300.71,93.6,97.5,11.39,1.224
2033-12-08,6.65,3.04,19.87,295.58,90.6,97.1,6.31,2.088
2033-12-09,5.45,-0.38,37.61,245.57,89.5,98.5,0,1.56
2033-12-10,4.55,-0.41,16.07,294.68,96.1,97.9,0,0.523
2033-12-11,4.42,1.53,36.89,246.53,86.8,98.7,0,1.987
2033-12-12,4.54,1.94,15.67,296.8,95.8,99.3,3.61,0.816
2033-12-13,3.96,0.5,33.39,251.22,78.1,100.3,0,1.575
2033-12-14,1.57,-2.05,32.71,249.73,87,100.4,0,0.219
2033-12-15,1.36,-0.93,8.28,307.71,100,98.3,22.22,1.992
2033-12-16,2.21,-1.15,15.08,280.45,88.2,98.4,4.91,1.037
2033-12-17,0.71,-3.99,36.36,221.31,82.4,99.6,0,1.565
2033-12-18,0.37,-5.1,35.06,218.3,86.4,99.9,0,1.188
2033-12-19,0.59,-2.93,18.41,252.8,87.7,100,0,1.128
2033-12-20,0.34,-2.17,1.81,300.94,100,98.7,38.79,3.848
2033-12-21,2.32,0.14,8.08,325.89,100,97.1,8.37,0.582
2033-12-22,8.78,0.86,5.99,346.64,100,98.5,22.4,0.417
2033-12-23,10.01,6.38,8.88,337.12,99.9,98,1.46,1.113
2033-12-24,9.2,7.22,25.33,316.08,90.6,98.1,1.89,2.63
2033-12-25,8.33,6.08,25.11,304.3,89.9,98.8,0.93,2.517
2033-12-26,6,-0.86,12.5,289.99,80.6,99.2,2.05,0.583
2033-12-27,0.64,-3.46,33.46,230.02,88.8,99.2,0,0.384
2033-12-28,0.18,-2.91,34.47,221.71,78.4,98.8,0,1.167
2033-12-29,1.1,-3.66,32.81,226.42,81.1,98.7,0,0.576
2033-12-30,2.18,-2.24,36.56,233.24,71.2,99.6,0,0.723
2033-12-31,1.24,-2.85,34.67,238.58,77.3,100,0,0.408
2034-01-01,0.3,-3.45,32.81,245.56,83.4,100.4,0,0.45
2034-01-02,4.39,-0.91,19.64,302.69,94.8,99.2,9.36,1.965
2034-01-03,3.05,0.16,14.83,315.38,100,98.3,1.72,1.465
2034-01-04,5.24,1,18.36,313.2,100,98.2,8.56,0.472
2034-01-05,7.87,5.21,31.27,290.83,88.1,96.4,5.94,3.903
2034-01-06,7.48,4.4,34.19,281.59,88.9,97.2,0,3.005
2034-01-07,6.32,3.42,29.96,275.89,94.5,98.6,0,2.01
2034-01-08,4.93,2.35,18.74,303.44,97.1,99.2,0.99,1.027
2034-01-09,7.24,4.29,25.41,304.61,83.2,99.4,3.62,1.967
2034-01-10,4.67,0.41,30.62,274.88,87.1,100.5,0,1.793
2034-01-11,5.08,2.73,22.28,300.95,89.3,100,0,4.284
2034-01-12,4.87,3.49,21.45,314.88,97,100.3,3.49,3.958
2034-01-13,4.84,-0.39,24.4,278.08,92.4,101.6,1.39,3.369
2034-01-14,2.11,-0.89,33.03,273.45,93.4,102.5,0,1.86
2034-01-15,3.12,-1.3,41.41,268.13,97.1,102.6,0,1.151
2034-01-16,2.25,-2.13,24.2,290.34,100,102.1,0,0.765
2034-01-17,2.41,-2.17,30.08,273.35,98,101.5,0,0.282
2034-01-18,2.54,-2.71,48.22,242.43,93.1,101.4,0,0.576
2034-01-19,4.34,-1.35,28.01,289.49,88.9,101.7,0,0.794
2034-01-20,2.06,-1.31,39.72,278.65,95.2,101.4,0,0.956
2034-01-21,3.14,-0.03,33.4,279.11,92.7,101.1,0,1.215
2034-01-22,5.63,1.15,40.25,284.1,88.1,100.8,0.96,2.829
2034-01-23,10.19,5.02,21.48,324.64,92.2,99.8,2.37,3.978
2034-01-24,12.21,8.33,28.73,317.7,89.7,99.1,0.99,3.426
2034-01-25,10.3,7.36,28,311.35,91.2,99,2.22,2.676
2034-01-26,10.72,5.19,55.93,293.25,84.7,99.1,5.86,2.047
2034-01-27,7.46,4.84,54.1,298.21,90.9,98.7,7.27,1.09
2034-01-28,11.95,4.72,7.34,335.19,94.1,98.1,12.87,1.386
2034-01-29,9.13,6.08,55.5,289.07,71.6,98,6.03,3.897
2034-01-30,9.85,5.37,37.29,305.98,80.4,99.7,0.78,3.144
2034-01-31,11.12,8.85,46.17,321.97,82.7,100.2,0.6,2.701
2034-02-01,10.14,5.72,21.42,322.61,91.5,99.7,15.27,1.38
2034-02-02,7.49,3.17,57.7,274.7,85.9,99.8,2.29,1.699
2034-02-03,8.32,3.27,39.2,293.57,82.5,99.6,4.41,2.046
2034-02-04,8.25,5.15,59.56,276.62,79.1,98.4,0.31,2.869
2034-02-05,8.61,4.91,46.3,291.71,85.7,98.7,0.98,2.755
2034-02-06,9.46,7.4,23.08,321.61,88.9,97.7,3.19,2.081
2034-02-07,7.85,5.39,45.86,297.21,87.7,96.9,3.1,0.798
2034-02-08,6.94,3.04,49.27,279.17,85.5,97.1,0,2.455
2034-02-09,5.85,0.86,54.85,271.56,76.5,98.4,0.66,1.469
2034-02-10,5.06,-0.26,47.37,289.23,87.6,99.6,5.26,2.705
2034-02-11,7.74,3.46,64.52,289.56,88.8,98.6,4.47,1.698
2034-02-12,11.68,3.45,37.3,310.29,87.4,98.6,10.16,1.904
2034-02-13,8.06,6.08,43.7,299.84,79.1,98.4,8.27,3.951
2034-02-14,8.21,5.71,58.1,285.43,79.8,98.4,0,2.909
2034-02-15,7.74,2.08,55.7,285.07,80.3,99.7,1.36,0.909
2034-02-16,7.33,0.16,18.16,296.06,80.7,100.7,9.08,1.511
2034-02-17,7.37,4.55,77.27,270.07,83.9,100.3,0.63,3.181
2034-02-18,8.49,4.54,63.08,288.45,82.2,101.3,0,3.549
2034-02-19,7.57,4.95,46.51,308.22,88.9,101.4,0.76,1.519
2034-02-20,9.76,3.59,63.07,304.49,93.3,101.3,0,1.549
2034-02-21,11.61,8.16,50.57,329.75,86.5,101.2,0,2.935
2034-02-22,11.83,7.88,75.64,308.23,81.8,101.5,0.54,3.6
2034-02-23,11.76,6.38,62.35,312.55,79.2,101.2,0.71,3.039
2034-02-24,8.61,5.51,69.22,306.88,77.1,102.1,0,2.224
2034-02-25,11.14,4.23,69.62,308.54,83.7,101.2,0.25,1.932
2034-02-26,8.81,5.12,72.78,305.65,82,101.3,0,1.53
2034-02-27,12.26,7.97,84.31,321.16,87,100.9,0,1.965
2034-02-28,11.72,7.63,91.18,309.3,84.3,100.4,0,1.877
2034-03-01,13.71,8.4,89.4,301.61,83.1,100.4,0,1.886
2034-03-02,15.27,7.38,105.85,289.05,76.9,100.7,0,1.649
2034-03-03,15.5,6.62,131.33,277.26,80.2,100.4,0,1.374
2034-03-04,15.04,6.65,102.07,302.45,85.5,99.8,0,1.797
2034-03-05,12.21,6.66,122.96,293.47,70.2,99.8,2.19,2.128
2034-03-06,12.89,7.93,46.67,330.43,74.4,98.3,8.34,3.505
2034-03-07,8.4,3.52,99.86,289.74,71.4,99.6,6.84,3.617
2034-03-08,7.23,3.74,113.58,266.99,69.1,100,0,3.182
2034-03-09,9.23,4.71,26.28,313.31,76.7,98,7.91,3.564
2034-03-10,8.43,5.09,102.07,287.11,68,97.4,0.69,3.044
2034-03-11,7.6,4.61,113.04,279.44,65.5,98.4,0.7,3.295
2034-03-12,5.26,2.59,29.59,300.28,90.1,98.8,10.13,0.54
2034-03-13,9.98,2.44,95.83,291.49,77.3,98.7,7.35,3.834
2034-03-14,10.84,6.39,37.97,323.45,81.6,97.9,14.45,3.266
2034-03-15,8.88,5.39,134.66,286.02,63,99.1,0,3.861
2034-03-16,5.49,2.22,23.81,288.01,89.8,99.4,14.44,0.851
2034-03-17,9.23,1.24,175.21,243.87,71.7,100.1,0,1.248
2034-03-18,9.01,0.78,114.65,275.46,74.2,99.5,0,2.449
2034-03-19,8.48,4.31,69.17,323.81,90.9,98,10.56,6.031
2034-03-20,7.96,4.65,26.82,321.8,97.7,97.8,27.02,2.607
2034-03-21,8.01,3.94,70.01,294.93,93,96.8,3.32,1.519
2034-03-22,8.23,3.4,100.96,293.28,80.9,97.3,0.04,1.68
2034-03-23,9.18,2.38,71.25,291.07,79.8,97.4,2.34,1.501
2034-03-24,9.32,2.51,147.51,278.52,69.7,97.7,0,1.355
2034-03-25,10.02,4.38,152.79,284.49,76.6,97.5,3.26,0.98
2034-03-26,10.07,2.59,133.27,282.92,74.9,98,0,0.582
2034-03-27,7.7,5.07,54.27,321.69,93.8,96.8,19.54,2.823
2034-03-28,9.66,5.53,83.61,312.75,86.6,96.5,12.1,0.995
2034-03-29,7.71,3,87.16,306.83,85.5,96.1,9.69,2.279
2034-03-30,9.1,3.9,125.41,299.82,82.3,96.4,1.18,0.101
2034-03-31,5.39,3.89,75.56,310.95,77.8,97.5,8.85,1.497
2034-04-01,9.75,1.66,210.73,257.22,62.8,99.4,0,2.127
2034-04-02,10.36,4.78,131.14,291.65,77.4,99.7,0.21,1.657
2034-04-03,12.33,5.17,117.13,315.18,91.6,99.6,3.55,1.733
2034-04-04,11.34,6.67,96.59,329.76,89.3,100,0.86,0.908
2034-04-05,8.59,4.73,92.73,303.39,84.4,101.1,5.59,0.634
2034-04-06,9.07,2.63,167.74,265.62,65.1,101.6,0,0.664
2034-04-07,9.58,2.13,172.11,264.52,62.3,101.2,0,0.628
2034-04-08,10.2,1.23,212,256.7,67.3,100.5,0,0.485
2034-04-09,11.14,6.1,154.48,303.35,64.2,100.1,0.57,0.63
2034-04-10,10.85,4.93,132.48,306.95,72.5,99.6,0.58,3.529
2034-04-11,10.78,4.85,163.44,292.52,58.5,99.9,0,3.661
2034-04-12,12.06,4.25,147.06,295.17,62.9,99.5,0,2.368
2034-04-13,12.24,2.81,156.43,290.99,85.1,99.2,1.55,1.804
2034-04-14,14.57,6.18,202.89,291.17,76,99,0,0.887
2034-04-15,12.15,6.79,115.7,316.13,79.5,98.8,2.8,1.192
2034-04-16,11.97,7.22,115.32,322.98,92.5,99,3.61,2.059
2034-04-17,14.97,7.25,167.61,324.24,81.3,98.7,3.26,0.947
2034-04-18,11.31,5.7,173.27,303.65,75,98.2,3.65,1.509
2034-04-19,9.85,4.97,174.29,288.14,62.6,98,1.62,3.132
2034-04-20,13.4,4.64,127.5,298.61,71.3,98.5,0,1.41
2034-04-21,12.39,7.39,142.49,305.81,73.7,98,6.63,2.491
2034-04-22,12.78,6.13,169.77,298.71,66.6,99,0.12,2.177
2034-04-23,15.27,7.32,162.18,324.19,76.3,98.6,7.21,1.949
2034-04-24,12.05,7.16,73.12,316.83,82,98.4,18.52,2.207
2034-04-25,12.48,7.91,180.26,309.35,71,98.2,4.53,2.761
2034-04-26,13.09,7.32,234.48,279.13,68.3,98.8,0.61,3.892
2034-04-27,8.55,5.81,61.03,317.74,92,98.6,17.76,2.246
2034-04-28,11.1,5.78,133.15,306.66,80.1,98.2,10.1,1.824
2034-04-29,10.41,3.19,190.09,269.16,71.6,99.9,1.55,2.194
2034-04-30,12.54,2.51,188.4,287.49,70.6,101.3,0,1.049
2034-05-01,15.93,5.94,261.7,274.22,62.3,101.1,0,1.821
2034-05-02,18.92,5.73,303.68,267.66,65.5,100.4,0,0.989
2034-05-03,24.14,8.01,218.74,336.48,81,99.2,3.85,1.158
2034-05-04,18.9,10.17,241.38,314.95,74.2,98.9,2.38,1.733
2034-05-05,14.74,8.91,185.76,308.68,67.4,99.6,0.99,2.413
2034-05-06,12.39,7.14,103.02,317.48,84.9,99.2,10.28,1.364
2034-05-07,13.23,5.73,157.04,293.84,76,99.1,1.49,2.095
2034-05-08,12.64,4.67,144.28,300.16,87.8,98.6,7.19,1.005
2034-05-09,13.98,6.52,205.39,298.47,79.7,98.4,4.67,1.228
2034-05-10,15.78,5.88,227.55,287.6,76.1,99.4,1.91,0.553
2034-05-11,10.24,5.58,136.57,314.38,75.2,100.8,0.06,2.561
2034-05-12,9.84,5.1,175.44,305.36,67.8,101.1,0.02,3.225
2034-05-13,12.01,5.24,236.84,299.13,72.2,100.8,0,5.522
2034-05-14,18.88,7.52,310.72,289.84,73,100,0.63,4.577
2034-05-15,21.55,10.15,286.93,308.55,78.5,99.5,0,1.554
2034-05-16,20.67,9.55,300.23,299.11,73.8,99.6,0,2.576
2034-05-17,17.83,11.51,192.9,332.06,78.2,100.2,0,3.734
2034-05-18,23.28,12.05,293.51,322.09,71.7,101,0,1.588
2034-05-19,23.61,11.11,326.02,296.63,60.4,100.9,0,1.249
2034-05-20,23.81,12.79,336.13,291.74,54.9,100.2,0,1.241
2034-05-21,24.52,12.24,326.49,300.87,62.6,99.3,0,0.558
2034-05-22,24.36,12.02,266.46,323.34,69.2,98.7,1.97,1.502
2034-05-23,21.13,14.83,220.2,333.88,73.1,98.5,1.76,1.041
2034-05-24,22.87,12.43,163.77,346.07,82.2,99,13.81,2.551
2034-05-25,19.25,10.92,219.55,344.82,87.3,99.9,0,2.38
2034-05-26,16.7,9.03,212.54,329.06,83.8,100.4,1.23,4.287
2034-05-27,20.25,8.53,319.84,303.77,73,100,0,4.289
2034-05-28,19.06,9.97,317.98,299.74,73.3,99.6,0,4.473
2034-05-29,19.28,10.66,280.26,306.11,70.3,99.4,0,1.485
2034-05-30,22.05,11.84,293.66,318.42,63,99.7,1.37,0.825
2034-05-31,20.63,11.23,270.36,321.32,69.8,100,0.8,0.85
2034-06-01,19.21,10.61,247.41,324.32,76.6,100.2,0,2.975
2034-06-02,15.69,10.06,201.52,339.16,85.7,99.9,2.85,2.556
2034-06-03,17.83,11.72,118.71,354.23,87.9,99.4,3.29,0.914
2034-06-04,21.86,11.54,203.79,335.88,85.3,99.7,1.88,1.474
2034-06-05,17.73,13.84,138.53,369.08,93.2,99.6,2.04,1.046
2034-06-06,17.59,13.6,141.52,357.5,88.4,100.1,0.75,0.649
2034-06-07,18.63,11.21,280.55,309.33,76.2,100.8,0,1.101
2034-06-08,19.02,10.07,324.12,291.34,71.8,100.9,0,0.746
2034-06-09,20.93,9.1,326.18,288.29,73.8,100.5,0,0.774
2034-06-10,18.73,10.18,323.65,294.24,70.2,100.3,0,1.926
2034-06-11,14.18,9.09,229.51,306.92,65.8,100.7,0,2.544
2034-06-12,13.4,7.68,183.99,306.45,64,100.6,0,1.74
2034-06-13,16.43,6.18,239.45,289.94,67.7,100.1,0,1.264
2034-06-14,15.36,7.23,222.04,294.75,69.1,100,0,2.816
2034-06-15,16.07,6.37,271.06,281.18,64,100,0,2.758
2034-06-16,18.37,9.9,148.48,346.03,77.5,99.6,5.5,0.542
2034-06-17,17.91,11.58,291.22,303.96,72.1,99.6,0,3.164
2034-06-18,19.31,10.82,250.23,323.06,68.1,100.6,0,1.602
2034-06-19,22.85,12.27,241.77,354.65,74.7,100.1,0.98,2.568
2034-06-20,19.05,14.3,221.18,340.79,73.7,100.1,0,2.416
2034-06-21,20.88,12.28,279.32,322.16,67.9,100.1,0,1.623
2034-06-22,22.07,13.75,199.83,349.35,77.9,100.1,2.37,0.887
2034-06-23,20.96,14.3,273.02,330.97,76.1,99.9,0,1.908
2034-06-24,21.24,13.58,227.5,333.24,75.4,100.4,0,0.716
2034-06-25,22.03,13.02,257.98,330.73,74.3,100.3,0.61,1.362
2034-06-26,22.35,13.16,264.38,332.72,76.4,100.2,0,0.405
2034-06-27,22.72,14.45,235.27,349.04,75.3,100.5,0,0.437
2034-06-28,26.03,16.29,316.79,337.77,73.8,100.9,0,0.679
2034-06-29,29.35,15.64,302.71,355.2,69.5,100.8,0.92,1.456
2034-06-30,27.7,18.13,352.04,330,60,100.4,0,1.189
2034-07-01,31.26,17.69,345.3,341.39,62.6,100.4,0,0.662
2034-07-02,33.64,19.02,343.32,356.51,57,100.2,0.87,2.269
2034-07-03,24.13,14.97,326.39,319.46,64.8,99.9,0,1.874
2034-07-04,27.02,13.6,285.77,334.51,58.2,99.8,0,1.041
2034-07-05,24.54,14.91,265.55,343.55,64.9,99.1,0,2.291
2034-07-06,19.72,12.47,258.96,306.2,57.8,99.9,0,2.186
2034-07-07,21.66,11.05,306.69,306.11,57.7,100.5,0,2.53
2034-07-08,20.56,14.52,261.75,334.52,75.7,100.3,0,3.635
2034-07-09,19.98,12.28,322.58,291.89,62.6,100.9,0,2.175
2034-07-10,21.42,11.87,330.08,297.37,59.4,101,0,1.841
2034-07-11,22.19,10.86,346.37,282.03,57.4,100.6,0,1.217
2034-07-12,22.1,12.81,241.62,331.31,66.4,99.9,7.11,0.963
2034-07-13,18.96,13.41,223.29,329.45,74.9,98.9,2.74,1.72
2034-07-14,20.28,11.86,218.98,324.21,70.2,99.4,0.69,1.318
2034-07-15,20.26,12.14,239.94,312.2,59.3,99.9,0,0.72
2034-07-16,20.85,14.18,247.33,338.02,76.8,99.4,11.27,2.293
2034-07-17,21.81,13.3,248.73,317.23,68.3,98.9,1.19,1.629
2034-07-18,19.57,13.04,249.37,316.06,71.2,99.1,2.16,2.605
2034-07-19,19.56,12.85,212.42,321.88,74.2,99.8,2.57,1.72
2034-07-20,18.39,14.02,136.88,357.46,86.1,100.2,5.51,2.078
2034-07-21,24.42,17.37,257.71,361.03,80.7,100.4,0,2.906
2034-07-22,23.47,18.42,247.62,357.56,82.6,100.6,0,2.704
2034-07-23,24.57,16.74,282.94,338.55,73.1,100.3,0,2.052
2034-07-24,24.41,15.72,268.81,330.04,67.3,100,0,2.307
2034-07-25,22.57,13.24,254.43,317.24,67.7,100.3,0,1.052
2034-07-26,22.81,15.39,168.5,352.74,71,99.8,0.87,1.412
2034-07-27,23.1,16.78,269.86,342.43,75.4,99.4,0.1,3.364
2034-07-28,23.76,14.84,235.22,338.58,76.1,99.7,1.75,1.986
2034-07-29,22.28,14.02,255.83,325.08,66,100.4,2.23,0.728
2034-07-30,23.65,12.62,310.21,291.91,59.2,100.9,0,0.852
2034-07-31,24.46,12.87,308.04,297.62,57.8,100.8,0,0.848
2034-08-01,25.27,13.11,305.88,303.16,56.4,100.7,0,0.853
2034-08-02,26.87,14.93,279.28,324.68,62,100.4,0.43,0.225
2034-08-03,29.03,16.45,278.22,335.96,55.5,100,0,0.561
2034-08-04,27.47,16.67,254.88,336.21,60.5,99.4,0,1.366
2034-08-05,23.46,15.38,299.78,310.85,67.8,99.5,0,2.122
2034-08-06,26.43,13.46,302.17,315.28,64.6,99.2,0,1.648
2034-08-07,19.52,13.67,252.84,309.99,59.6,99.3,0,3.14
2034-08-08,18.97,12.52,189.46,328.65,70.1,99.1,3.17,2.082
2034-08-09,19.3,12.16,176.39,323.78,75,99.5,2.61,0.988
2034-08-10,18.39,11.96,183.53,323.15,69,100.2,3.06,1.031
2034-08-11,21.34,10.23,253.77,305.85,61.2,100.4,0,1.42
2034-08-12,21.85,15.86,235.31,336.95,72.5,100.5,0,2.348
2034-08-13,23.71,15.24,222.48,346.46,74.9,100.5,0.7,2.758
2034-08-14,21.91,16.26,246.59,335.29,73.7,100.4,0,2.48
2034-08-15,24.97,14.58,229.15,340.88,78,100.5,0,1.994
2034-08-16,22.6,14.47,218.32,334.16,76,100,0,3.11
2034-08-17,19.5,12.94,191.11,313.14,68.9,100.2,0,2.473
2034-08-18,20.21,11.58,270.77,291.85,64.3,100.4,0,2.093
2034-08-19,21.3,14.99,176.08,341.08,79.8,99.9,0,3.055
2034-08-20,23.58,17.5,224.45,352.98,77.3,99.7,0.03,3.078
2034-08-21,20.06,12.69,240.49,294.22,64.2,100.1,0,2.425
2034-08-22,19.65,9.73,242.71,286.85,61.4,100.4,0,0.26
2034-08-23,20.29,9.99,204.81,303.71,59.7,99.8,0,0.8
2034-08-24,19.79,10.92,149.78,320.52,67.4,99.4,0,1.376
2034-08-25,18.21,12.78,123.91,344.95,87.1,98.9,5.4,0.329
2034-08-26,20.77,14.35,150.45,353.63,85.1,98.7,1.5,1.554
2034-08-27,18.12,12.54,219.54,297.03,67.2,99.2,0,4.438
2034-08-28,18.87,11.7,219.48,297.8,68.8,100,0,2.821
2034-08-29,22.15,12.71,158.25,346.31,73.8,99.6,2.03,1.831
2034-08-30,17.23,13.58,145.63,322.06,83.3,98.8,5.18,2.154
2034-08-31,17.95,12.73,159.73,320.2,78,99.2,2.61,1.455
2034-09-01,18.67,11.88,173.85,318.69,72.8,99.6,0,0.754
2034-09-02,22.78,11.28,201.65,325.34,69.1,99.6,0,1.26
2034-09-03,24.69,15,216.93,334.61,71.3,99.1,0,1.865
2034-09-04,20.44,15.73,192.84,328.04,73.5,98.7,0.58,2.698
2034-09-05,20.9,13.97,201.98,321.99,68.9,99.6,1.79,1.989
2034-09-06,20.46,14.29,181.21,337.11,78.2,99.1,9.31,2.248
2034-09-07,18.71,13,167.03,317.14,76.4,99.1,3.12,2.067
2034-09-08,17.57,11.47,156.83,313.39,70.9,100.2,0,1.129
2034-09-09,16.85,10.53,158.97,309.33,75.5,100.5,0,0.486
2034-09-10,19.71,10.78,171.45,321.42,76.7,100.1,0,1.85
2034-09-11,20.3,11.95,187.6,306.94,72,100,0,1.177
2034-09-12,19.53,12.6,163.74,326.35,78.7,100.1,0,2.428
2034-09-13,23.09,16.81,153.47,366.71,76.1,99.7,0.78,3.798
2034-09-14,18.98,10.52,43.66,338.54,87.2,99.7,18.16,1.902
2034-09-15,17.35,9.31,181.92,288.79,73.3,100.5,0,0.677
2034-09-16,20.56,11.77,114.52,353.65,87.2,100.5,1.65,0.509
2034-09-17,23.29,12.7,172.88,331.58,79.1,100.2,0,0.805
2034-09-18,25.87,13.41,169.93,335.78,82.3,99.9,0,1.241
2034-09-19,21.01,14.49,154.57,329.96,81.8,100.1,0,3
2034-09-20,18.98,12.01,155.99,313.22,75.8,100.6,0,1.22
2034-09-21,19.74,10.32,177.46,298.26,77.5,100.5,0,0.624
2034-09-22,22.74,11.67,177.25,327.16,76.3,99.9,0,1.119
2034-09-23,22.26,15.69,129.22,353.03,82.5,100,0,2.092
2034-09-24,22.49,14.53,81.4,367.03,87.7,100.3,0,1.102
2034-09-25,19.58,13.52,100.73,334.59,85.4,100.1,0,2.164
2034-09-26,16.23,10.68,102.11,321.99,72.1,100.9,0,1.543
2034-09-27,18.72,8.86,141.72,302.69,72.1,100.8,0,1.846
2034-09-28,22.73,10.33,116.66,336.9,77,100.1,0.53,0.83
2034-09-29,16.72,9.12,156.6,276.91,63.5,101.1,0,1.47
2034-09-30,15.79,6.73,154.44,270.42,69.3,101.7,0,0.09
2034-10-01,15.91,6.43,123.58,297.42,75,101.5,0,1.31
2034-10-02,16.44,9.79,93.34,342.17,86.1,100.9,1.83,1.779
2034-10-03,18.26,11.99,104.36,340.8,89.4,100.2,2.03,0.755
2034-10-04,20.88,11.75,98.18,355.04,87,98.9,8.53,2.129
2034-10-05,15.34,12.34,30.19,356.79,95.5,97.9,15.56,0.865
2034-10-06,14.99,11.11,95.51,327.37,70.6,98.9,0,4.361
2034-10-07,15.64,10.07,95.6,323.98,76.6,98.8,0,3.242
2034-10-08,13.58,10.21,45.87,344.07,91.8,98.3,11.76,0.482
2034-10-09,15.25,9.89,132.76,291.58,77.5,99.8,0.41,1.889
2034-10-10,17.43,7.49,113.75,304.36,87.4,100.4,0,0.939
2034-10-11,17.14,10.36,57.94,345.67,93.5,100.7,1.5,0.752
2034-10-12,13.99,8.86,98.19,292.13,80.7,101.6,0,0.76
2034-10-13,13.56,8.32,88.05,299.93,87,101.8,0.62,0.559
2034-10-14,14.15,6.7,115.06,296.44,81.1,101,0,1.476
2034-10-15,15.18,11.44,85.45,335.67,83.7,100,0.02,2.828
2034-10-16,11.5,5.98,84.06,284.89,64.4,100.4,0,1.208
2034-10-17,10.13,5.77,68.15,304.61,68,101.2,0,1.269
2034-10-18,15.2,8.36,65.15,336.98,82.3,100.8,0.71,1.66
2034-10-19,14.34,11.27,52.15,346.29,91.2,100.8,0.74,0.668
2034-10-20,13.58,11.53,55.33,337.44,89.5,100.7,0.4,0.686
2034-10-21,14.15,9.78,83.15,314.51,83.3,100.6,0,0.697
2034-10-22,13.19,8,72.07,309.61,85,99.1,5.09,3.231
2034-10-23,8.53,5.08,65.95,277.56,70.1,98.4,0,1.595
2034-10-24,7.64,1.71,94.2,238.13,63.5,99.3,0,2.074
2034-10-25,9.59,1.73,39.02,302.51,87.2,98.3,1.74,2.016
2034-10-26,10.96,7.43,72.8,292.83,79.4,97.6,0.59,3.918
2034-10-27,10.27,4.42,83.11,286,83.3,98.2,4.17,2.434
2034-10-28,12.55,5.77,25.08,340.99,95.6,98.9,10.2,0.69
2034-10-29,16.15,12.53,55.15,347.38,86,98.6,0.14,1.956
2034-10-30,17.45,15.12,35.03,371.83,89.1,98.5,1.1,1.686
2034-10-31,16.91,12.7,58.54,333.8,83,98.6,0.56,1.536
2034-11-01,16.37,10.27,83.07,295.8,76.8,98.7,0,2.415
2034-11-02,11.46,8.63,60.4,291.97,77.6,99.4,0,2.34
2034-11-03,11.33,6.24,40.56,296.8,90.3,100.2,0,1.481
2034-11-04,11.98,6.94,33.01,332.66,94.6,99.9,1.51,2.579
2034-11-05,13.88,6.56,18.65,329.08,92.6,98.1,16.21,0.287
2034-11-06,10.89,5.01,77,266.88,72.8,99.8,0,1.933
2034-11-07,9.92,4.43,64.84,273.84,69.3,101.2,0,0.666
2034-11-08,9.93,3.7,42.44,304.61,77.8,101.2,0,1.053
2034-11-09,12.85,6.95,35.5,335.08,88.6,100.3,0.73,1.448
2034-11-10,10.89,7.16,37.89,317.92,85.1,100.6,0,1.146
2034-11-11,12.94,6.57,45.14,320.74,86.7,99.6,0.76,2.278
2034-11-12,11.89,5.69,49.47,292.89,72.4,99.2,1.51,4.183
2034-11-13,7.4,2.94,62.51,261.4,70.8,101,0,1.773
2034-11-14,8.17,3.53,31.42,298.04,85.7,101.1,0,1.185
2034-11-15,8.03,3.88,42.7,289.47,84.3,100.5,0,0.539
2034-11-16,6.56,2.49,38.51,296.15,92.6,100.2,0,0.542
2034-11-17,9.58,4.97,40.81,314.11,89.4,100.8,0,1.519
2034-11-18,10.41,7.34,20.58,341.71,97.9,100.7,2.01,3.066
2034-11-19,8.77,4.77,35.14,305.03,95.3,100.2,0,2.983
2034-11-20,9.19,4.93,15.54,321.13,96.9,100.3,2.88,2.857
2034-11-21,6.41,4.81,34.94,305.66,87.2,100.8,0,1.935
2034-11-22,7.07,4.31,16.25,308.91,93.6,100.6,3.67,1.777
2034-11-23,8.51,4.52,20.55,319.86,95.1,101,4.2,2.928
2034-11-24,7.39,4.63,18.94,309.88,85.2,101.2,0.86,2.164
2034-11-25,5.98,1.71,27.67,282.2,82,101.3,0,0.624
2034-11-26,9.46,1.83,30.97,277.13,84.6,100.6,0,1.71
2034-11-27,8.68,4.47,35.01,296.24,92.3,100.8,0,0.672
2034-11-28,8.42,4.27,29.07,294.84,95.5,101,0,1.08
2034-11-29,8.25,4.35,39.56,282.9,93.9,100.6,0,1.403
2034-11-30,7.9,4.45,24.01,296.7,95.3,100,0,1.405
2034-12-01,7.34,4.56,37.07,277.54,84.1,99.5,3.39,2.904
2034-12-02,12.51,4.64,23.98,323.37,84.9,99.1,7.65,3.189
2034-12-03,14.32,5.61,13.53,326.61,86.5,97.6,13.67,4.521
2034-12-04,6.51,3.18,38.75,248.71,70.8,98.9,0,3.116
2034-12-05,8.04,3.37,18.72,291.86,80.9,99.8,4.37,3.66
2034-12-06,5.96,2.24,34.43,273.67,85,101,0,1.295
2034-12-07,8.31,5.58,25.32,304.84,90.7,100.4,0.6,1.966
2034-12-08,8.39,3.49,15.84,308.23,89.9,98.8,12.32,2.97
2034-12-09,4.65,2.26,31.89,253.96,72,98.2,0,3.356
2034-12-10,4.06,0.9,37.49,240.59,74.2,99.2,0.79,2.572
2034-12-11,5.54,1.84,25.76,285.63,88.9,99.3,1.71,1.095
2034-12-12,8.59,1.82,17.12,296.59,87.5,99.5,2.92,2.26
2034-12-13,9.2,3.87,31.57,284.22,83.3,97.9,3.99,3.176
2034-12-14,4.56,0.72,19.13,270.23,84.5,97.4,0,2.226
2034-12-15,2.49,-1.04,31.64,249.99,83.8,97.6,0,1.039
2034-12-16,3.34,-2.82,36.36,228.88,79.3,99.3,0,1.703
2034-12-17,1.77,-4.45,11.78,277.98,98.9,99.3,7.71,0.573
2034-12-18,9.37,1.54,9.44,298.3,96.8,99,4.01,1.997
2034-12-19,11.05,4.09,6.99,327.46,94.4,99.3,7.32,0.925
2034-12-20,11.07,4.01,33.99,287.41,76,100.1,2.53,1.707
2034-12-21,7.55,4.88,19.43,313.26,80.5,101.4,0.68,1.913
2034-12-22,6.41,4.15,20.71,314.63,92.6,101.2,0.82,3.575
2034-12-23,5.66,2.78,25.53,290.04,95.5,100.9,0,1.7
2034-12-24,3.39,1.61,18.08,303.77,97.5,100.6,1.06,1.349
2034-12-25,2.68,-0.61,18.7,284.21,94,100.5,0,0.607
2034-12-26,7.41,-0.6,24.21,294.23,93.8,100.4,0,1.833
2034-12-27,9.8,3.89,21.61,294.39,91.4,99.9,4.09,1.725
2034-12-28,10.98,3.68,9.41,313.7,93.9,99.9,2.42,2.042
2034-12-29,8.77,5.53,24.91,275.87,69.1,99.7,0,4.574
2034-12-30,13.03,3.44,9.49,326.24,87.1,99,5.2,2.11
2034-12-31,12.91,4.69,13.11,323.12,81.7,98.4,4.44,3.949
2035-01-01,12.78,5.94,16.76,320.18,76.3,97.8,3.7,5.811
2035-01-02,8.34,5.76,17.48,318.25,75.7,98.2,5.36,4.237
2035-01-03,8.12,4.58,31.4,288.61,83.7,97.4,0.81,3.903
2035-01-04,8.53,2.88,25.6,303.42,88.8,97.4,7.72,1.742
2035-01-05,6.48,1.36,34.04,257.99,70.8,99.1,0,3.08
2035-01-06,6.44,-0.86,8.26,299.07,93.8,99.7,8.59,1.349
2035-01-07,6.57,0.52,26.99,271.07,94.9,98.3,0,1.17
2035-01-08,5.57,-0.18,37.65,258.41,89,99.3,0,2.012
2035-01-09,5.04,1.62,31.2,274.6,86.4,100.3,0,1.381
2035-01-10,8.49,4,18.21,304.82,88,99.8,4.17,2.299
2035-01-11,11.81,6.22,13.02,341.94,87.6,99.4,7.9,3.728
2035-01-12,12.63,11.26,14.19,345.86,86.8,99.1,3.77,4.387
2035-01-13,12.01,4.86,9.9,329.85,94.8,99.1,28,0.554
2035-01-14,4.77,1.11,21.83,276.85,82.4,99.3,13.58,0.818
2035-01-15,4.11,0.76,27.24,287.01,73.2,100.8,0,0.319
2035-01-16,7.43,2.89,17.34,308.52,89.2,100.3,2.99,1.094
2035-01-17,6.17,2.56,47.65,268.18,95.6,101.1,0,0.207
2035-01-18,10.28,4.7,15.57,333.24,95.8,99.9,7.27,2.065
2035-01-19,7.46,2.19,46.55,245.65,78.3,100.6,0,1.017
2035-01-20,5.4,0.43,52.81,246,79.9,102.4,0,0.462
2035-01-21,4.98,2.25,29.05,303.72,87.8,102.8,0,3.127
2035-01-22,2.97,0.43,34.77,290.49,92.6,102.1,0,1.453
2035-01-23,3.92,-1.63,35.36,267.59,90.9,101.5,0,0.923
2035-01-24,10.41,3.99,25.48,323.38,91.1,99.7,6.22,3.095
2035-01-25,10.22,4.03,41.17,299.43,82.6,99.5,2.23,1.403
2035-01-26,11.05,4.17,18.95,324.26,88.7,98.3,7.75,2.144
2035-01-27,7.47,1.62,33.32,292.05,86.1,98.4,2.99,0.554
2035-01-28,2.5,-1.58,47.76,254.13,73.4,101.9,0,0.942
2035-01-29,4.31,-1.84,37.64,278.84,77.2,102.2,0,1.725
2035-01-30,8.5,4.4,29.6,302.65,89.8,101.4,0,3.034
2035-01-31,9.58,6.92,31.83,317.95,90.4,100.6,1.58,2.675
2035-02-01,11.43,7.56,41.74,312.73,89.4,99.7,1.42,2.78
2035-02-02,10.23,9.18,34.79,319.65,81,98.6,0,3.285
2035-02-03,10.07,4.33,23.93,319.78,85,97.4,6.42,1.812
2035-02-04,6.01,1.85,60.3,273.09,85.1,97.2,8,1.187
2035-02-05,5.83,-1.37,75.1,247.89,89.2,98.1,0,0.569
2035-02-06,6.05,-1.28,79.13,254.46,81,99,0,0.508
2035-02-07,6.93,3.71,41.11,307.83,84.9,98.4,1.25,2.28
2035-02-08,5.53,0.69,79.4,248.4,72.1,98.8,0,2.674
2035-02-09,10.29,0.98,40.06,303.47,90.1,97.7,3.59,1.471
2035-02-10,5.57,3.53,66.61,281.13,79,97.4,0.87,3.475
2035-02-11,5.17,2.63,69.61,279.57,77.6,97.9,0,4.114
2035-02-12,6.04,1.01,65.27,262.94,84.5,98.5,0.82,2.338
2035-02-13,5.51,-1.31,31.41,291.96,93,97.4,22.82,5.564
2035-02-14,4.77,1.47,40.79,300.64,92.1,97.3,3.83,0.589
2035-02-15,6.2,0.98,43.47,294.64,95.6,98,2.44,0.78
2035-02-16,7.43,4.6,25.05,329.4,98.7,96.8,12.08,3.394
2035-02-17,6.08,3.42,64.05,298.54,81.1,99.6,0,0.805
2035-02-18,13.14,4.99,63.66,313,86.5,100.1,2.06,2.03
2035-02-19,9.77,4.54,72.92,289.59,85.2,101.2,0,0.826
2035-02-20,11.3,7.69,60.15,321.3,91.8,100.9,0,1.468
2035-02-21,11.68,6.73,77.13,300.33,93,100.1,0,0.752
2035-02-22,11.34,5.92,65.46,314.22,90.3,98.8,2.09,1.847
2035-02-23,11.5,8.07,102.78,302.28,83.1,98.8,1.83,3.901
2035-02-24,11.6,8.23,35.4,331.08,89.5,97.5,2.84,2.665
2035-02-25,8.75,2.34,62.01,298.21,81.5,96.7,3.35,1.804
2035-02-26,3.92,0.43,59.04,273.23,85.8,97.4,3.9,2.095
2035-02-27,4.09,-0.96,94.94,243.07,77.3,97.6,0,2.795
2035-02-28,5.21,-1.15,88.74,244.09,77.4,97.8,0,1.395
2035-03-01,5.9,-0.38,83.07,263.78,79.2,97.9,1,3.229
2035-03-02,5.84,1,72.85,274,77,97.6,0.06,1.867
2035-03-03,5.3,-1.15,118.01,241.15,71.8,97.9,0,2.083
2035-03-04,6.08,-0.26,107.04,250.01,72.7,98.2,0,2.144
2035-03-05,5.72,-3.01,122.79,250.02,81,98.5,0,1.177
2035-03-06,6.32,1.07,94.06,283.18,73,98.9,0,1.13
2035-03-07,7,1.04,77.95,294.21,76,98.8,0,2.494
2035-03-08,12.75,4.35,36.54,327.65,94.3,97.3,23.92,1.425
2035-03-09,12.1,7.96,108.78,306.28,79,97,5.19,2.339
2035-03-10,11.05,6.08,98.88,298.01,81,97.9,4.76,2.451
2035-03-11,11.15,5.76,124.94,290.34,80.3,99.1,3.69,3.119
2035-03-12,13.01,6.55,108.76,305.42,82.2,99.8,0,2.382
2035-03-13,10.2,6.22,78.57,304.32,83.8,99.1,0,4.033
2035-03-14,13.73,6.32,65.96,336.61,93.3,99,5.64,1.149
2035-03-15,12.03,5.13,125.88,281.59,82.7,99.9,0,1.099
2035-03-16,12.84,5.9,168.41,263.08,72.9,100.7,0,1.67
2035-03-17,14.61,6.02,162.64,278.78,68.9,100.5,2.19,1.529
2035-03-18,14.27,8.74,101.97,327.08,81.3,100.3,4.25,1.251
2035-03-19,11.66,7,162.45,282.93,73.3,100.5,0,2.448
2035-03-20,12.27,7.22,83.78,323.94,86.1,100.2,3.12,1.917
2035-03-21,10.13,6.58,61.88,313.88,80.1,98.9,2.86,1.548
2035-03-22,9.18,5.78,101.98,307.57,81.4,97.2,15.05,1.144
2035-03-23,6.74,4.44,25.29,315.53,92.2,95.3,24.91,3.046
2035-03-24,10.97,5.3,115.55,304.19,82.5,95.4,2.27,3.353
2035-03-25,9.43,4.33,94.01,305.9,90.4,97.2,5.04,0.371
2035-03-26,7.87,3.67,92.34,299.81,80.3,98.8,0.75,0.707
2035-03-27,7.72,3.41,146.71,270.05,74.3,98.1,1.18,3.089
2035-03-28,6.45,1.93,123.43,278.98,78,98.7,2.06,0.188
2035-03-29,8.04,2.63,122.94,301.63,81.8,98.8,10.53,0.757
2035-03-30,5.56,0.72,140.42,263.64,71.4,99.6,1.37,1.05
2035-03-31,6.37,-1.15,134.88,256.95,65.4,99.7,0,0.741
2035-04-01,6.44,-0.15,116.13,280.75,73.9,99.1,1.03,1.155
2035-04-02,6.23,2.67,104.69,300.21,69.3,99,0,1.969
2035-04-03,6.61,1.89,139.52,284.14,72.3,98.9,1.15,0.768
2035-04-04,7.71,2.68,142.01,282.8,67.6,99.5,0.83,1.068
2035-04-05,6.45,1.84,94.44,293.28,80.2,99.2,2.67,1.595
2035-04-06,6.23,1.54,81.45,297.57,84,99.5,5.84,3.394
2035-04-07,5.23,1.86,75.3,298.74,73.7,99.9,0.74,4.103
2035-04-08,5.4,1.19,90.03,292.73,74.3,99.7,0,2.011
2035-04-09,6.62,1.03,96.7,291.86,85.2,99.4,1.18,0.47
2035-04-10,8.24,0.86,136.9,281.27,76.5,99.1,0.86,0.75
2035-04-11,6.16,1.58,135.31,281.86,77.3,98.9,0.87,0.51
2035-04-12,5.34,-0.13,113.12,278.85,75.3,98.9,1.16,0.751
2035-04-13,5.62,-2.11,154.41,246.46,72.8,99.4,2.21,0.628
2035-04-14,6.23,-0.77,144.83,254.25,61.1,99.8,0,0.944
2035-04-15,8.91,-0.82,199.69,249.01,52.8,99.7,0,1.374
2035-04-16,8.48,2.12,139.65,280.63,78.5,99.1,0,2.601
2035-04-17,7.77,2.46,135.09,299.67,79.7,98.1,8.18,3.155
2035-04-18,6.86,1.84,134.32,276.27,65.1,98.7,0,1.897
2035-04-19,8.75,-0.38,189.05,247.79,62.3,99.4,0,1.548
2035-04-20,8.33,-0.44,165.37,259.37,68.3,99.1,0,0.919
2035-04-21,7.91,0.54,172.26,257.61,62.6,99.4,0,1.809
2035-04-22,6.3,1.81,58.21,311.05,90,97.7,24.18,0.752
2035-04-23,7.23,0.49,222,260.87,69.3,97.6,3.35,4.543
2035-04-24,9.11,3.58,126.22,306.2,78.6,97.4,4.18,2.252
2035-04-25,11.43,4.29,201.05,289.3,65.8,98.1,0,0.165
2035-04-26,10.83,4.93,145.18,299.26,73.5,99.1,0,0.826
2035-04-27,9.65,4.73,129.34,308.33,80.4,99.6,5.42,0.47
2035-04-28,13.52,4.53,187.76,303.09,77.6,100,0.46,1.996
2035-04-29,14.89,6.2,179.38,301,71.4,100.3,0,4.488
2035-04-30,13.87,5.76,189.22,304.1,86.2,100.4,0,1.986
2035-05-01,15.46,6.85,214.01,302.17,80.3,100.6,1.1,1.109
2035-05-02,16.77,5.75,237.14,290.93,69.8,100.9,0,1.476
2035-05-03,15.75,8.08,255.15,284.27,68.1,101,0,2.172
2035-05-04,12.51,6.9,143.62,300.82,67.1,101.1,0,1.851
2035-05-05,13.9,4.98,229.46,276.36,63.4,100.9,0,0.736
2035-05-06,14.88,8.58,187.08,311.24,58.8,99.9,0,1.72
2035-05-07,19.22,7.06,201.52,319.84,75.3,98.7,10.71,1.813
2035-05-08,18.1,12.56,199.11,342.81,87.1,98.1,19.49,0.984
2035-05-09,17.88,11.07,113.13,353.88,93.4,98.2,15.97,1.904
2035-05-10,15.52,7.68,218.17,292.78,71,99.3,0,1.083
2035-05-11,10.56,5.58,155.63,309.14,76.3,100.2,0,1.052
2035-05-12,8.67,4.97,131,318.1,83.1,100,3.28,1.523
2035-05-13,9.4,5.89,140.76,320.02,84.9,100.1,2.3,1.617
2035-05-14,9.76,5.6,144.78,312.01,78,100.3,0,1.895
2035-05-15,13.4,5.16,181.79,307.94,67.5,99.7,0,0.785
2035-05-16,13,8.35,155.35,319.08,85.8,98.9,7.99,0.417
2035-05-17,10.38,3.65,183.14,292.52,65,99.2,1.44,0.766
2035-05-18,10.22,3.79,192,271.23,64.8,100.1,0,2.898
2035-05-19,12.75,6.55,131.69,322.51,81.6,99.7,0.74,2.625
2035-05-20,15.08,7.3,153.93,327.29,80,98.6,6,0.91
2035-05-21,15.5,9.51,228.73,310.74,80.2,97.4,1.49,2.737
2035-05-22,11.98,7.92,125.16,319.18,83.7,98.1,3.04,2.784
2035-05-23,13.83,6.89,224.74,303.55,71.3,98.9,2.97,1.739
2035-05-24,11.44,6.84,148.36,322.57,91.1,98.1,14.18,2.52
2035-05-25,15.04,6.01,235.12,293.88,64.7,99.1,0.05,1.319
2035-05-26,13.18,9.03,149.05,329.01,83.3,97.9,5.39,2.101
2035-05-27,14.67,9.5,250.88,306.22,77.6,97.8,1.47,3.038
2035-05-28,13.74,8.37,201.47,301.31,73.9,99.2,0,2.879
2035-05-29,14.95,7.82,238.76,296.54,72,100.5,1.38,2.007
2035-05-30,15.54,7.48,169.78,313.35,73.9,100.9,3.41,2.197
2035-05-31,16.53,8.62,228.08,311.92,75.4,100.7,2.85,1.896
2035-06-01,17.53,9.76,287.49,310.68,77,100.5,2.29,2.309
2035-06-02,17.99,8.34,267.12,299.44,73,101,0,2.191
2035-06-03,21,10.09,179.23,352.14,79.2,100.7,0,1.398
2035-06-04,19.71,11.25,154.07,340.04,80.4,100,3.29,1.034
2035-06-05,16.85,10.15,291.91,298.53,70.9,99.8,0,2.803
2035-06-06,18.08,11.25,235.19,329.74,70.3,99.2,0,1.31
2035-06-07,15.44,11.56,106.35,343.87,88.3,98.7,11.44,1.92
2035-06-08,16.9,12.96,106.41,358.32,95.4,98.9,7.97,2.458
2035-06-09,17.68,11.36,162.14,332.25,83.1,99.1,0,1.742
2035-06-10,19.01,12.49,179.31,337.13,78.9,98.9,1.88,2.003
2035-06-11,17.05,10.28,137.8,326.82,81.9,99.6,2.11,2.38
2035-06-12,20.79,13.57,287.11,332.32,73.7,99.8,3.45,0.757
2035-06-13,22.19,13.69,186.77,355.1,84.9,100,9.58,0.851
2035-06-14,20.32,12.56,322.58,306.65,67.1,100.4,1.09,2.294
2035-06-15,20.92,12.25,248.78,330.76,72.7,100.7,0,2.084
2035-06-16,18.15,12.45,327.7,298.49,74.6,100.2,0,2.872
2035-06-17,18.12,11.17,245.52,312.34,69.3,99.7,0,2.618
2035-06-18,15.6,10.26,197.31,315.16,74.5,98.5,1.98,2.092
2035-06-19,13.6,7.74,174.09,305.5,77.9,98.9,1.19,0.668
2035-06-20,14.98,6.4,193.18,302.64,63.1,99.8,0,1.358
2035-06-21,18.03,9.03,186.01,339.4,85.7,98.9,13.75,1.762
2035-06-22,16.97,12.19,220.21,321.22,77.1,98.9,0,2.897
2035-06-23,17.03,11,291.28,301.17,72.2,99.7,0,3.125
2035-06-24,17.26,10.35,279.75,298.24,71.3,100.2,0,2.783
2035-06-25,17.02,10.09,255.51,301.03,68.8,100.1,0,2.139
2035-06-26,15.51,10.51,222.2,309.36,76.1,99.7,4.38,1.679
2035-06-27,16.72,9.5,217.84,312.15,73.8,99.8,2.47,2.276
2035-06-28,17.72,9.76,251.87,301.95,75.7,99.4,0.87,0.242
2035-06-29,14.35,10.08,110.53,324.86,89.7,98.5,9.38,0.587
2035-06-30,17.99,11.61,243.55,330.14,75.5,98.5,4.41,2.053
2035-07-01,12.71,10.28,65,351.32,95.9,98.7,45.8,3.603
2035-07-02,16.59,10.17,233.29,324.38,74.2,99.2,6.15,0.692
2035-07-03,16.18,9.58,134.49,320.59,88.1,99.4,6.4,2.009
2035-07-04,19.03,12.72,265.54,328.72,75.3,99.6,0.4,3.578
2035-07-05,21.83,13.39,232.47,355.1,80.6,99.4,2.42,1.951
2035-07-06,18.44,14.4,282.36,326.26,70,99.4,0,2.973
2035-07-07,19.32,13.15,260.23,323.67,69.4,99.7,0.89,2.357
2035-07-08,17.81,12.95,255.4,312.36,75,99.5,0,3.138
2035-07-09,18.08,11.37,261.92,302.05,71.7,99.8,0,2.331
2035-07-10,17.7,11.25,227.41,319.12,76.2,100.2,0.6,0.85
2035-07-11,19.22,10.71,268.92,306.11,71.1,100.7,0,0.407
2035-07-12,22.39,11.08,265.12,321.47,72.4,100.6,0,0.18
2035-07-13,25.03,16.26,274.14,347.44,70.1,100.7,0,1.104
2035-07-14,23.82,15.04,239.61,350.07,77.2,101,0,1.926
2035-07-15,24.79,14.71,300.2,330.37,76.1,101.1,0,1.631
2035-07-16,23.11,13.17,340.13,302.22,73.4,100.8,0,1.221
2035-07-17,23.61,14.03,215.52,349.9,75.7,100.4,0,0.771
2035-07-18,20.92,14.25,210.72,343.05,82,100.5,0,1.002
2035-07-19,22.28,12.15,217.89,334.42,77.6,100.5,0,0.859
2035-07-20,21.25,13.93,312.53,313.56,73.4,100.6,0,1.66
2035-07-21,21.4,13.72,222.18,354.61,79.8,100.4,0,1.92
2035-07-22,20.09,15.72,111.87,376.79,93.1,100.2,3.96,1.432
2035-07-23,25.4,15.78,254.52,352.2,78.9,100.1,0.14,0.613
2035-07-24,25.72,15.11,275.03,334.23,69.4,99.7,0.22,1.679
2035-07-25,20.79,13.44,249.97,316.05,63.5,99.7,0,2.26
2035-07-26,17.84,13.03,194.65,327.1,77.3,98.9,4.26,2.851
2035-07-27,20.34,12.76,278.92,303.35,70.7,99.6,0,3.344
2035-07-28,20.69,12.22,253.85,315.38,71.6,99.7,0,2.553
2035-07-29,19.64,14.24,190.03,340.12,79,99.4,1.25,2.052
2035-07-30,20.33,11.94,240.16,318.73,72.1,100.1,0,1.861
2035-07-31,21.28,11.47,241.61,315.69,71.1,100.1,0,0.309
2035-08-01,22.23,11,243.06,312.47,70,100.1,0,0.745
2035-08-02,22.69,12.34,282.27,310.7,61.8,99.6,1.31,1.264
2035-08-03,20.55,15.46,175.29,358.71,89,98.9,15.16,0.654
2035-08-04,20.01,15.14,173.67,347.15,86.5,98.9,8.64,1.184
2035-08-05,21.47,15.07,249.58,336.07,76.9,99.3,0.9,1.804
2035-08-06,18.37,13.38,236.82,319.51,77.5,99.2,0,3.008
2035-08-07,17.92,12.54,203.73,315.48,79.6,99.3,0,3.02
2035-08-08,20,11.94,227.62,314.36,75.2,99.2,0,1.696
2035-08-09,20.01,12.78,260.88,304.66,71.2,99,0,2.237
2035-08-10,19.75,13.24,167.19,342.23,84.2,98.6,5.86,1.025
2035-08-11,18.89,12.21,145.9,333.76,83.7,98.4,1.95,1.687
2035-08-12,18.23,11.61,236.03,306.4,78.8,98.6,0.78,3.244
2035-08-13,19.57,13.51,235.38,315.9,74.7,99.6,0.75,3.416
2035-08-14,20.25,14.76,123.59,358.4,89.5,99.7,5.48,1.371
2035-08-15,20.41,15.74,223.79,329.88,75.3,99.5,0,2.444
2035-08-16,20.33,14.6,128.28,361.32,86.1,99.3,11.1,0.594
2035-08-17,17.99,13.44,114.8,351.86,91.7,99.5,9.98,1.14
2035-08-18,17.02,12.41,225.39,307.95,69.5,100.8,0,0.961
2035-08-19,21.57,11.09,270.38,299.91,66.4,100.7,0,1.926
2035-08-20,20.01,14.1,120.15,347.44,85.2,100.3,0,2.308
2035-08-21,20.92,16.31,139.77,367.25,85.1,100.1,0,1.903
2035-08-22,23.45,14.87,245.65,330.67,72.4,100.1,0,0.414
2035-08-23,24.07,17.31,211.41,347.26,71.8,99.7,0,0.969
2035-08-24,20.16,15.15,169.97,338.28,72.1,99.4,0,2.237
2035-08-25,19.41,13.68,209.16,311.2,75.9,99.4,0,3.113
2035-08-26,19.19,11.2,241.91,285.65,67.8,100.1,0,1.859
2035-08-27,19.54,13.35,149.2,350.11,77.1,100,1.43,2.208
2035-08-28,21.53,14.31,175.94,339.95,82.7,100,0.84,2.338
2035-08-29,20.26,11.45,239.26,292.26,74.1,100.5,0,0.761
2035-08-30,23.04,12.67,159.08,349.63,81.8,100.1,1.22,0.782
2035-08-31,21.91,14.12,165,353.79,86.4,100,7.75,1.264
2035-09-01,20.78,15.57,170.95,356.42,91,99.9,14.28,1.978
2035-09-02,19.65,13.6,186.85,338.64,80.8,100.3,0,4.36
2035-09-03,21.59,12.83,207.04,327.07,80.1,100.2,0,2.198
2035-09-04,20.49,14.87,119.91,361.6,90.1,100.1,1.94,0.115
2035-09-05,24.36,15.75,168.81,357.81,83.4,100.2,1.74,0.599
2035-09-06,22.04,15.14,167.9,337.16,79.8,100.2,0,1.626
2035-09-07,19.79,11.73,197.83,293.01,67.2,101,0,1.234
2035-09-08,22.38,11.13,218.67,306.88,70.1,101,0,1.308
2035-09-09,23.16,14.94,216.75,318.74,75.8,100.4,0,1.751
2035-09-10,23.56,13.82,187.78,331.57,80.5,100.3,0,0.56
2035-09-11,26.76,15,213.26,328.68,68.8,99.9,0,0.764
2035-09-12,19.42,11.45,164.27,326.02,69.2,100.5,4.41,0.864
2035-09-13,15.12,8.94,179.87,283.26,62.1,101.4,0,0.345
2035-09-14,17.26,7.82,207.01,276.27,66.5,101,0,1.155
2035-09-15,18.11,10.31,134.67,324.01,79.7,100.4,0,1.839
2035-09-16,16.87,9.9,168.65,305.75,68.4,100.4,2.54,0.424
2035-09-17,18.02,12.18,103.77,350.61,87.5,99.5,6.48,0.98
2035-09-18,18.16,14.8,62.25,353,89.1,99,2.39,1.098
2035-09-19,20.31,12.75,171.93,315.53,82.4,99.5,0.34,1.302
2035-09-20,20.54,11.38,149.61,331.36,85.1,100.2,0,1.096
2035-09-21,21.23,13.36,166.08,329.19,81.6,100.7,0,0.739
2035-09-22,21.84,13.09,143.06,339.41,83.7,100.4,0,2.144
2035-09-23,22.52,14.9,134.24,356.11,80.6,99.2,0,1.818
2035-09-24,18.34,12.97,153.59,310.65,66.2,99.4,0,3.051
2035-09-25,14.72,10.09,98.43,316.12,76.9,100.1,0,1.794
2035-09-26,16.38,7.83,164.78,286.76,72.4,100.5,0,0.414
2035-09-27,17.95,11.37,81.88,343.67,78.8,100.4,0,0.89
2035-09-28,19.32,12.4,136.12,334.72,81.9,100.1,0,1.152
2035-09-29,17.12,11.09,125.95,312.15,78.9,99.8,11.07,0.977
2035-09-30,16.1,9.69,139.96,293.64,74,100.6,0,0.526
2035-10-01,16.93,9.69,127.17,311.49,75.9,100.8,0,0.829
2035-10-02,16.7,11.7,116.88,325.6,74.9,100.6,0,0.61
2035-10-03,16.46,9.63,90.27,329.46,83.1,99.5,6.2,0.946
2035-10-04,13.87,8.69,107.31,298.33,83.6,98.9,0,3.034
2035-10-05,14.34,9.03,109.41,298.39,80.3,99.6,0,2.929
2035-10-06,17.47,9.88,128.46,302.36,77.7,99.9,0,1.103
2035-10-07,21.25,11.12,130.92,319.94,69.5,99.4,0,3.047
2035-10-08,21.47,12.26,130.5,314.66,78,99.7,0,3.409
2035-10-09,20.17,11.79,126.76,307.81,86.4,99.6,0,3.584
2035-10-10,19.86,11.99,76.43,354.31,92.2,98.8,4.44,2.647
2035-10-11,16.47,12.97,44.49,361.5,85.6,98.5,1.97,2.267
2035-10-12,16.22,12.7,92.72,319.81,75.6,98.5,1.28,2.49
2035-10-13,17.76,11.96,99.88,316.66,77.4,99.9,0,1.768
2035-10-14,19.76,11.82,91.55,345.46,86.3,100.1,0,1.753
2035-10-15,20.05,13.21,86.69,343.07,91.4,100.1,0,1.676
2035-10-16,19.56,14.23,53.83,365.58,92.7,99.6,0.06,2.771
2035-10-17,18.03,11.46,104.04,312.45,85.9,99.4,0,0.782
2035-10-18,16.63,9.62,86.25,323.52,91,100.1,0,0.863
2035-10-19,15.4,10.94,53.33,346.75,91.7,100.5,0.74,2.304
2035-10-20,14.65,10.86,61.24,340.75,87,100.1,0,1.846
2035-10-21,13.96,9.32,74.02,314.5,87.5,100.1,0,0.204
2035-10-22,13.81,9.86,52.64,342.05,89.1,100.4,0,1.575
2035-10-23,13.83,10.69,55.32,344.03,92.8,100.1,0.81,1.667
2035-10-24,13.83,9.99,67.42,332.34,87.9,100,0,1.135
2035-10-25,14.21,10.24,56.32,338.3,90.5,100.1,0,1.375
2035-10-26,16.03,10.35,52.99,338.23,92.3,99.5,0,1.05
2035-10-27,16.54,13.04,38.68,357.95,93.2,98.9,0,2.263
2035-10-28,17.79,10.37,41.55,345.66,92.7,98.3,5.81,0.953
2035-10-29,12.38,9.33,37.32,319.88,86.2,99.4,0,0.651
2035-10-30,12.72,6.44,72.16,277.72,83.8,100.2,0,0.685
2035-10-31,12.06,5.65,52.24,301.43,87.6,100.2,1.87,0.298
2035-11-01,11.4,4.87,32.54,328.3,91.3,100.2,3.74,0.363
2035-11-02,13.09,9.85,55.17,328.9,93.1,99.8,0.6,0.772
2035-11-03,12.96,8.35,75.04,285.16,85.7,100.1,0,2.737
2035-11-04,13.35,6.98,68.72,295.1,87,100.5,0,0.767
2035-11-05,14.78,9.83,31.71,335.63,89,99.1,0,1.279
2035-11-06,13.48,8.14,29.68,332.31,79,99.3,3.66,2.9
2035-11-07,12.16,7.15,40.38,307.94,70.3,99.5,0,4.073
2035-11-08,11.52,7.92,23,345.46,94.8,99.8,0.81,1.82
2035-11-09,13.5,10.31,20.22,356.89,96,99.2,2.82,2.539
2035-11-10,14.39,12.01,15.14,362.61,98.2,98.9,7.86,2.493
2035-11-11,14.29,11.19,45.82,339.25,94.6,99.2,6.33,1.462
2035-11-12,13.39,10.53,19.04,343.28,91.6,99,6.9,2.35
2035-11-13,11.33,6.07,59.66,271.77,90,99.5,0,1.022
2035-11-14,13.93,7.94,18.34,336.69,95.7,99.5,0,2.392
2035-11-15,12.6,9.06,15.95,324.69,95.2,99.5,10.15,0.764
2035-11-16,13.07,8.56,28.31,318.08,91.1,99.9,0,1.174
2035-11-17,12.77,6.28,15.87,317.72,89.6,100.3,4.81,1.605
2035-11-18,9.4,4.03,49.34,267.43,87.4,101,0,1.155
2035-11-19,11.94,6.74,37.8,316.23,84.2,100.7,7.67,1.399
2035-11-20,13.31,10.07,38.57,317.94,82.3,99.3,0.99,3.539
2035-11-21,12.08,7.93,33.15,301.1,68.9,99.1,5.9,4.119
2035-11-22,10.5,6.76,27.31,306.25,80.8,98.5,14.04,2.968
2035-11-23,7.42,4.09,40.59,278.63,82.3,98.1,0.1,3.234
2035-11-24,6.84,3.9,41.27,279.37,85,98.6,0.16,2.472
2035-11-25,12.99,5.62,20.85,331.71,89,97.7,6.09,3.597
2035-11-26,13.71,5.71,34.84,308.18,80.5,97.9,9.43,3.016
2035-11-27,7.46,4.7,12.86,312.11,93.5,98.1,13.68,0.772
2035-11-28,11.92,4.01,16.11,311.49,89.4,99.3,2.05,1.941
2035-11-29,9.04,6.2,39.12,267.33,67.1,98.9,0,5.027
2035-11-30,6.89,3.86,43.99,256.62,64.1,99.5,0,3.819
2035-12-01,9.99,2.32,10.31,318.1,92.4,99.7,2.75,0.905
2035-12-02,9.96,6.73,37.02,299.11,93.7,99.9,0,1.152
2035-12-03,13.34,7.66,25.15,337.4,95.1,99.3,10.68,1.571
2035-12-04,13.15,6.7,34.64,296.56,87.8,98.9,0,1.137
2035-12-05,7.34,6.41,11.03,329.93,98.6,97.8,15.41,0.887
2035-12-06,6.6,4,37.37,272.3,85,97.6,0,2.376
2035-12-07,6.57,3.92,18.81,317.66,98.2,96.4,0.93,1.001
2035-12-08,7.59,4.32,20.87,305.06,92.7,96.4,0,0.939
2035-12-09,5.04,1.25,36.12,258.79,87.8,97,0,1.616
2035-12-10,6.08,2.77,20.34,294.09,86,97.3,0,1.258
2035-12-11,5.74,2.13,19.19,295.67,83.5,98.1,0,1.214
2035-12-12,4.89,-0.42,13.04,273.43,83.8,98.9,4.22,1.597
2035-12-13,4.01,-0.73,22.53,265.96,79.4,99.3,0,1.245
2035-12-14,3.21,-0.36,16.22,278.79,83.8,99.6,0,0.258
2035-12-15,5.73,1.82,20.49,302.16,91.1,99.4,0,0.988
2035-12-16,6.02,4.23,18.24,317.94,97.6,98.9,0.61,1.807
2035-12-17,13.64,6.03,8.01,350.29,95.6,97.8,5.6,2.394
2035-12-18,14.52,10.43,28.83,315.3,82,97.8,0,2.817
2035-12-19,10.55,8.7,4.14,328.54,93.1,97.6,31.24,1.249
2035-12-20,9.24,7.38,31.55,290.38,85.2,98.6,0,2.73
2035-12-21,10.57,5.97,7.85,306.44,87.2,98.3,6.02,2.539
2035-12-22,10.89,6.19,11.39,319.89,88,96.3,18.61,2.701
2035-12-23,6.58,5.02,24.97,284.62,71.9,97.5,0,3.954
2035-12-24,8.03,4.12,13.23,311.55,84.8,97.2,5.71,1.653
2035-12-25,6.18,3,19.45,275.96,76.7,96.6,0.85,2.92
2035-12-26,7.76,4.92,24.77,294.28,79.6,98.1,0,2.532
2035-12-27,11.02,5.42,17.42,317.1,86.7,98.1,7.76,3.673
2035-12-28,6.33,4.81,24.18,285.39,68.5,98.8,0,4.059
2035-12-29,10.39,4.44,22.76,316.66,78.7,97.1,5.94,3.984
2035-12-30,7.68,4.14,21.14,304.91,79.4,96.9,10.04,6.193
2035-12-31,7.16,3.79,28.22,285.37,82.6,98.1,5.97,4.719
2036-01-01,6.64,3.43,35.42,264.93,85.8,99.4,1.88,3.25
2036-01-02,9.89,3.62,22.12,302.32,91.5,99.7,0.72,2.142
2036-01-03,8.93,5.36,21.73,306.54,82.1,99.1,0,1.549
2036-01-04,10.41,5.36,17.95,314.44,93.7,98.9,0.94,1.282
2036-01-05,12.99,5.75,7.63,324.82,87.9,98.7,5.8,2.249
2036-01-06,8.8,6.58,38.01,268.44,81.1,100.1,0,2.502
2036-01-07,7.67,4.05,18.95,298.79,87.8,98.8,6.96,1.195
2036-01-08,6.9,4.14,30.95,280.34,80.3,99.8,0,2.769
2036-01-09,7.26,1.69,39.8,259.49,85.2,101,0,1.244
2036-01-10,5.24,2.62,11.61,321.74,99,100.8,2.97,0.419
2036-01-11,8.06,4.28,21.07,315.55,95.8,100.5,0.45,1.292
2036-01-12,7.63,1.75,21.46,293.08,92.9,101.3,2.75,0.69
2036-01-13,4.96,1.94,22.71,289.57,94,102,0,0.728
2036-01-14,4.72,1.19,31.87,284.8,88.5,102.6,0,0.246
2036-01-15,4.42,0.35,24.85,293.55,83.2,102.6,0,1.118
2036-01-16,5.28,0.5,26.25,284.34,91.5,101.8,0,0.916
2036-01-17,6.14,2.38,17.65,295.57,96.4,101,1.27,0.378
2036-01-18,6.01,1.69,24.88,292.88,98.7,100.5,1.14,0.397
2036-01-19,5.73,1.62,29.75,291,95.7,100.5,0,0.536
2036-01-20,5.16,2.01,27.87,299.34,97.1,100.6,1.14,0.544
2036-01-21,4.79,2.45,27.33,299.25,87.3,100.5,0,2.559
2036-01-22,5.58,2.31,26.07,306.09,84.9,100.1,0.96,2.794
2036-01-23,4.99,2.44,25.62,299.76,86.1,100.5,0,2.76
2036-01-24,4.45,1.52,28.74,289.03,90.6,100.8,0.69,0.343
2036-01-25,4.22,0.59,55.31,265.48,79.3,100.6,0,1.894
2036-01-26,4.94,-2.79,35.82,251.65,89.6,100.9,0,0.504
2036-01-27,3.33,-3.16,56.69,248.86,82.8,101.3,0,1.308
2036-01-28,5.98,0.04,24.8,300.16,89.4,101,0.77,1.565
2036-01-29,5.74,1.99,39.56,297.16,91.4,101.2,0,0.139
2036-01-30,3.78,0.52,43.28,282.15,84.6,101.2,0,0.129
2036-01-31,4.19,0.26,23.78,304.04,93.3,100.9,1.79,0.762
2036-02-01,5.72,1.71,28.68,305.27,96.7,100.3,0.91,2.581
2036-02-02,4.37,0.78,63.89,276.74,82.9,100,0,3.728
2036-02-03,2.28,0.62,40.17,293.05,79.6,100,0,5.851
2036-02-04,1.85,0.22,28.9,292.47,75.9,98.9,0,6.763
2036-02-05,2.36,0.71,23.36,300.72,83.7,98.5,1.2,4.833
2036-02-06,3.2,0.78,30.58,296.95,96.2,99.2,0.65,2.145
2036-02-07,5.56,0.61,27.14,313.92,99.4,99.3,3.17,3.654
2036-02-08,7.47,4.03,37.03,320.37,95.7,99.1,0,4.489
2036-02-09,9.83,5.07,41.57,327.97,98.8,99.9,0.08,2.122
2036-02-10,5.04,1.1,51.26,293.6,89.2,100.6,0.17,3.83
2036-02-11,5.53,-0.33,91.29,242.45,82.3,100.9,0,2.297
2036-02-12,4.52,-1.5,88.79,246,88.3,100.3,0,0.429
2036-02-13,6.42,1.7,32.62,310.76,90.7,99.7,1.52,1.709
2036-02-14,2.36,-0.57,36.4,279.47,77.7,100.5,0,1.572
2036-02-15,5.46,-0.26,51.71,280.07,80.2,100,0,3.533
2036-02-16,3.71,-1.66,78.65,253.71,79.7,99.1,3.36,1.378
2036-02-17,1.76,-3.37,83.38,240.88,83.7,98.1,2.33,0.478
2036-02-18,3.65,-5.26,94.59,230.83,73.5,98.4,0,2.325
2036-02-19,2.46,-1.81,107.76,227.9,74.7,98.7,0,1.201
2036-02-20,4.6,-2.3,116.89,224.55,68,98.7,0,0.77
2036-02-21,3.56,-3.08,107.99,226.38,74.3,98.3,0,1.135
2036-02-22,3.03,-3.37,87.28,251.71,79.9,98.2,0,1.183
2036-02-23,3.03,-1.68,29.63,271.12,86.5,98.7,2.2,1.003
2036-02-24,8.21,1.96,76.67,286.1,92.6,98.9,0.88,1.74
2036-02-25,8.66,3.14,112.35,269.1,77,98.7,0,1.557
2036-02-26,9.14,2.99,108.21,279.26,84.6,98.2,5,1.341
2036-02-27,8.9,3.09,31.23,319.54,95.5,97.9,5.18,2.834
2036-02-28,11.27,5.02,105.51,280.18,83.2,98.3,4.87,1.852
2036-02-29,11.3,4.85,108.33,279.48,83.9,98.5,2.5,0.96
2036-03-01,11.33,4.68,111.17,277.13,84.6,98.8,0,0.987
2036-03-02,6.67,4.29,18.33,314.1,95.7,98.1,26.02,4.483
2036-03-03,10.16,6.68,85.38,311.97,84.8,97.4,2.69,1.907
2036-03-04,11.09,6.05,115.33,290.22,84.1,99,0,0.954
2036-03-05,11.39,6.88,36.48,343.88,98.2,99.1,10.99,2.842
2036-03-06,13.87,8.71,101.53,312.34,84.3,99.1,2.61,1.238
2036-03-07,12.11,7.61,48.54,315.46,87.1,99,2.71,1.588
2036-03-08,12.2,7.27,84,313.58,75.3,97.6,18.31,2.271
2036-03-09,11.05,5.58,113.38,299.43,78.6,98.3,12.88,2.683
2036-03-10,9.73,5.16,50.1,302,88.7,98.2,9.75,0.508
2036-03-11,9.83,4.87,116.68,285.71,80.2,99.7,0.53,2.248
2036-03-12,11.75,4.19,97.27,314.79,86.9,99.8,0,2.577
2036-03-13,17.07,7.31,132.49,307.89,73.4,98.7,0.19,2.016
2036-03-14,11.35,5.06,165.27,264.64,66.6,100.7,0,0.786
2036-03-15,9,4.72,34.42,297.56,88.1,99.6,5.79,1.928
2036-03-16,9.21,4.87,134.98,282.91,75.6,99.7,0.89,3.323
2036-03-17,9.35,3.36,126.6,271.42,74.5,100.7,0,0.493
2036-03-18,9.46,2.48,130.62,272.82,79,101.4,0,1.616
2036-03-19,6.47,1.64,92.31,288,77.8,101.4,0,2.187
2036-03-20,6.77,1.98,114.86,292.29,72.1,101.2,0.81,2.112
2036-03-21,7.36,3.06,96.98,300.14,87.1,101.1,2.55,0.783
2036-03-22,10.11,2.92,127.73,296.82,76.3,101,0,0.883
2036-03-23,9.81,5.29,84.19,313.58,78.2,100.5,0.8,0.911
2036-03-24,7.86,4.49,68.26,317.23,90,100,3,2.445
2036-03-25,7.35,4.73,36.24,324.42,89.7,98.7,11.5,5.155
2036-03-26,6.43,3.24,73.41,310.16,79.8,98.5,4.41,6.258
2036-03-27,4.92,2.65,67,311.94,91.3,98.8,6.98,6.784
2036-03-28,5.19,1.09,85.58,297.59,79.5,99.4,3.99,4.828
2036-03-29,6.5,0.12,133.3,270.72,68.2,100.2,0,0.602
2036-03-30,7.83,2.47,125.57,290.43,63.5,100.1,0,1.257
2036-03-31,6.64,1.72,44.25,298.8,91.2,98.8,8.41,1.551
2036-04-01,8.16,0.56,115.4,291.66,94.2,98.7,2.05,0.868
2036-04-02,9.14,3.04,99.98,298.42,88.6,98.3,4.77,0.803
2036-04-03,10.61,4.84,150.62,296.32,75.5,98.5,1.82,1.504
2036-04-04,11.13,6.14,116.59,314.8,77.2,97.7,19.02,1.64
2036-04-05,12.6,7.17,122.26,296.18,67.1,97.9,2.06,1.891
2036-04-06,13.4,4.99,127.48,294.86,79.2,98.6,0.77,0.587
2036-04-07,10.99,6.84,128.24,325.27,95.8,99.5,18.75,3.068
2036-04-08,9.77,5.62,65.9,329.71,94.8,99.5,5.91,3.676
2036-04-09,8.72,4.56,131.93,310.59,80.3,99.3,0.38,0.971
2036-04-10,7.7,4.19,107.12,304.66,78.7,100.2,0.29,0.514
2036-04-11,9.37,2.61,159.87,289.43,75.2,100.5,0,2.433
2036-04-12,13.45,4.29,124.2,320.9,87.8,99.9,5.35,1.524
2036-04-13,10.26,6.12,45.75,331.18,95.7,98.9,12.02,2.123
2036-04-14,11.39,5.86,216.67,286.8,62.2,99.1,0,2.174
2036-04-15,11.32,6.25,80.31,324.29,82.3,98.9,7.13,2.456
2036-04-16,13.61,5.68,155.01,305.21,80.7,99.1,4.45,1.501
2036-04-17,15.33,9.86,95.37,350.5,89.7,98.9,9.38,1.698
2036-04-18,15.45,8.51,188.82,300.25,74.9,99.3,0.8,2.04
2036-04-19,14.53,8.47,176.75,300.85,73.7,99.8,1.46,1.584
2036-04-20,13.16,7.3,221.83,279.29,73.9,100,0,2.598
2036-04-21,11.67,6.37,93.72,318,90.1,99.4,10.16,0.884
2036-04-22,12.73,6.88,138.88,318.21,87.4,98.4,8.75,1.108
2036-04-23,10.02,6.39,138.9,306.07,82.9,97.1,3.9,3.344
2036-04-24,12.11,7.75,194.02,307.18,77.3,97.8,4.44,3.989
2036-04-25,11.96,6.1,185.36,295.04,80.1,97.7,0.96,2.675
2036-04-26,11.36,5.62,133.32,305.19,84.1,98.6,3.56,0.472
2036-04-27,10.94,4.61,136.95,294.01,81.5,99.6,2.38,1.186
2036-04-28,13.02,4.65,134,313.93,78.9,99.9,2.73,0.894
2036-04-29,16.38,7.97,126.04,343.68,87.5,99.5,22.65,1.349
2036-04-30,17.87,7.32,211.89,311.7,74.6,99.6,0,0.894
2036-05-01,17.72,12.35,176.14,338.37,78.5,99.4,2.03,1.653
2036-05-02,15.7,8.88,226.28,291.68,67.1,99.9,0,2.804
2036-05-03,17.3,7.55,217.35,306.5,67.1,100.1,0,2.526
2036-05-04,14.67,10.63,42.44,349.83,91.1,98.6,32.9,1.057
2036-05-05,16.08,8.23,149.74,309.52,83.9,98.3,1.67,1.626
2036-05-06,12.02,8.54,111.32,312.17,85,98.6,2.97,1.36
2036-05-07,14.82,7.33,226.81,284.75,73.5,99.1,0,1.892
2036-05-08,17.17,5.77,268.02,275.08,72.7,99.6,0,0.473
2036-05-09,16.04,8.53,115.2,339.81,90.4,99.1,5.6,1.295
2036-05-10,15.84,10.56,205.77,327.06,76.4,98.4,2.62,1.987
2036-05-11,13,7.66,207.35,300.47,66.3,98.6,6.94,1.874
2036-05-12,14.23,6.5,200.92,296.74,63.9,98.9,0,2.422
2036-05-13,12.57,7.56,181.84,312.29,73.1,99,1.4,2.821
2036-05-14,14.74,8.14,142.52,322.44,80.8,99.7,1.29,1.471
2036-05-15,18.62,10.88,220.2,320.41,76.9,100.4,0,0.93
2036-05-16,18.78,8.78,228.17,310.3,75.2,100,0.85,4.064
2036-05-17,18.1,10.78,258.55,306.59,67.9,99.7,0.69,1.476
2036-05-18,17.82,9.94,276.07,294.22,71.4,99.9,0,2.321
2036-05-19,16.44,8.63,270.55,290.54,64.2,100.5,0,1.499
2036-05-20,16.51,9.66,267.97,301.31,72.2,100.6,1.81,0.695
2036-05-21,19.37,9.37,291.25,313.31,77,100.5,0,2.457
2036-05-22,16.92,9.74,314.84,292.93,68.9,100.1,0,2.451
2036-05-23,14.39,8.42,219.99,307.9,66.9,99.6,0,2.668
2036-05-24,12.91,7.43,182.27,303.46,66.2,99.7,1.81,0.633
2036-05-25,11.82,7.16,203.15,302.52,69.5,100.7,0,0.842
2036-05-26,14.73,7.68,221.98,301.29,62.1,101.2,0,0.775
2036-05-27,18.84,7.23,308.57,285.47,71.7,101.3,0,0.202
2036-05-28,22.23,11.1,313.01,300.43,70.7,101.1,0,0.39
2036-05-29,22.84,11.36,332.98,296.98,71,100.9,0,1.682
2036-05-30,19.43,10.12,286.39,311.1,79.5,101,0,1.702
2036-05-31,18.17,9.53,282.91,300.27,73.3,101.1,0,2.027
2036-06-01,16.91,8.95,279.46,289.53,67.1,101.1,0,1.995
2036-06-02,19.59,8.25,237.8,311.8,72.8,100.8,0,1.027
2036-06-03,19.95,11.89,266.47,312.12,74.4,100.7,0,1.022
2036-06-04,22.6,13.69,255.35,330.23,68.1,100,0,1.088
2036-06-05,17.21,13.1,145.16,346.85,88,99.1,12.66,1.039
2036-06-06,15.7,9.97,224.42,305.81,73.7,98.6,0,2.003
2036-06-07,16.21,8.16,272.36,284.29,60.2,99.7,0,2.187
2036-06-08,16.53,9.78,159.61,330.98,73.7,100.4,0.03,1.259
2036-06-09,22.68,13.26,295.15,323.98,76.1,100.6,0,0.798
2036-06-10,22.84,12.84,342.95,314.32,73.2,100.3,0,4.764
2036-06-11,27.62,14.47,311.09,340.32,72.1,99.9,0.87,0.389
2036-06-12,29.64,16.91,284.68,360.61,74.7,100.1,0,1.593
2036-06-13,32.21,18.02,332.89,357.29,68.9,100.2,0,2.049
2036-06-14,27.57,15.36,336.16,343.98,77,100.1,0,1.478
2036-06-15,18.54,12.5,197.81,337.79,77.1,100.3,0.73,2.542
2036-06-16,21.64,11.05,260.9,319.23,65.5,100,0,0.086
2036-06-17,21.51,14.99,219.6,345.75,69,99.8,1.08,1.563
2036-06-18,21.72,13.54,231.29,339.69,75.4,99.2,3.44,0.569
2036-06-19,22.98,15.46,212.91,351.51,70.6,98.5,1.61,1.316
2036-06-20,23.41,15.08,244.03,347.03,66.3,99.2,0,1.62
2036-06-21,24.9,15.19,258.69,348.32,70,99.9,0,0.93
2036-06-22,23.27,14.71,258.56,337.45,73,100.3,6.04,0.855
2036-06-23,17.9,12.68,124.24,343.9,86,100.3,4.05,0.832
2036-06-24,22.66,14.19,230.25,361.4,83.5,100,11.81,2.438
2036-06-25,22.15,13.81,297.87,321.08,72,99.4,5.09,2.09
2036-06-26,18.33,12,218.58,321.98,73.9,99.2,5.9,1.812
2036-06-27,17.25,11.34,223.42,319.62,76.6,98.9,4.49,2.208
2036-06-28,20.56,11.56,305.5,297.55,63.9,99.8,0,1.991
2036-06-29,20.45,11.18,305.52,293.42,63.7,100.1,0,1.64
2036-06-30,22.21,13.12,207.42,343.99,72.6,99.7,12.01,0.813
2036-07-01,19.35,13.79,270.21,324.48,76.7,99.1,14.62,2.339
2036-07-02,19.89,12.69,266.22,310.96,71.2,99,0,2.459
2036-07-03,15.88,12.19,165.04,328.05,82.4,98.5,3.51,2.633
2036-07-04,18.99,10.41,209.28,318.62,72.5,98.7,3.82,2.21
2036-07-05,18.78,9.85,304.76,293.26,63.4,99.5,0,2.169
2036-07-06,18.49,12.54,151.44,343.4,85.6,98.7,9.81,1.979
2036-07-07,17.31,12.51,242.55,330.7,74.8,98.5,0.94,3.099
2036-07-08,16.2,12.45,237.5,316.22,71.7,98.2,1.62,4.156
2036-07-09,17.39,11.9,249.33,310.79,73.9,98.7,0,3.233
2036-07-10,18.83,11.81,240.7,322.42,75.3,98.5,0.97,2.476
2036-07-11,18.67,11.91,256.78,317.36,66.2,98.5,0,3.03
2036-07-12,19.3,10.73,248.9,309.56,68.9,98.8,1.15,1.505
2036-07-13,19.68,12.09,298.69,304.21,71.4,99.5,0.78,2.611
2036-07-14,19.53,12.23,300.72,300.96,68.1,100.4,0,2.487
2036-07-15,21.4,14.53,318.76,321.76,70.5,100.5,0,2.805
2036-07-16,21.08,13.65,280.94,322.74,69.5,100.5,0,1.643
2036-07-17,22.2,12.91,281.43,317.52,71.9,100.3,0,2.5
2036-07-18,20.85,16.29,221.87,353.47,80.9,99.6,0.65,3.914
2036-07-19,17.98,13.24,137.84,352.76,85.7,99.9,6.14,1.113
2036-07-20,20.5,13.06,194.79,351.26,83.9,100.1,0,2.45
2036-07-21,22.05,16.62,199.34,352.15,76.1,99.7,0,3.196
2036-07-22,18.58,13.38,202.02,328.7,74.9,99,1.22,3.132
2036-07-23,13.8,11.16,60.21,333.96,90.5,98.3,24.31,0.432
2036-07-24,17.66,10.18,228.46,306.01,69.7,99,1.28,3.265
2036-07-25,16.76,9.83,226.41,300.69,66.3,99.5,0,2.828
2036-07-26,20.87,9.95,199.83,334.55,83.7,99.4,0.02,1.907
2036-07-27,19.12,13.8,266.74,316.13,74.3,99.2,0.64,3.295
2036-07-28,17.71,11.89,227.16,303.58,66.4,99.8,0,2.76
2036-07-29,19.39,10.29,249.57,295.73,66.1,99.6,0,1.511
2036-07-30,17.75,11.15,191.92,314.72,76,99.3,1.53,1.816
2036-07-31,18.38,10.95,202.03,311.62,73.3,99.3,0.87,1.866
2036-08-01,19.01,10.76,212.25,308.47,70.7,99.4,0,1.919
2036-08-02,20.54,11.11,253.97,305.69,67.2,99.9,0,0.811
2036-08-03,19.76,13.78,115.99,354.73,83.4,99.4,15.74,1.266
2036-08-04,21.78,14.37,196.81,344.96,78.1,99.1,2.59,2.087
2036-08-05,21.94,14.46,178.09,351.01,77.3,98.6,2.44,1.829
2036-08-06,19.04,13.94,242.19,325.32,71.9,99.2,0.53,3.028
2036-08-07,25.91,14.53,257.74,353.16,73.9,99.5,0,2.39
2036-08-08,20.28,12.95,212.17,326.91,72.5,99.5,0.97,3.551
2036-08-09,21.1,11.87,233.44,322.81,73.9,99.9,23.25,2.656
2036-08-10,20.2,11.6,274.73,294.51,68.9,99.8,0,1.718
2036-08-11,19.7,10.69,259.94,290.99,64.9,100.2,0,1.242
2036-08-12,18.73,11.09,205.65,311.98,65.2,100.9,0,0.767
2036-08-13,19.06,13.09,176.33,334.85,72.1,101.2,0,1.095
2036-08-14,19.16,12.29,172.04,322.17,75.4,100.9,0,1.629
2036-08-15,19.37,11.36,184.29,318.85,74.7,100.3,0,1.571
2036-08-16,20.41,11.4,194.03,320.82,72.6,99.7,0,0.778
2036-08-17,19.16,15.35,158.37,344.09,75.7,99.3,0.71,1.942
2036-08-18,20,13.68,262.76,307.01,70.9,99.8,0,2.614
2036-08-19,21.72,14.94,152.73,362.01,85.3,99.7,1.57,2.756
2036-08-20,20.28,13.71,224.49,317.41,77.8,99.8,0,2.453
2036-08-21,19.43,12.25,223.59,314.57,76.1,100.2,0,2.517
2036-08-22,19.95,14.09,197.9,333.59,78.6,100.2,0,3.421
2036-08-23,21.95,12.48,235.54,316.38,78.7,100.6,0,2.438
2036-08-24,22.88,14.77,223.13,335.45,81,100.5,0,2.432
2036-08-25,24.23,13.41,214.52,326.8,77.1,100.3,0,0.607
2036-08-26,22.26,14.81,158.98,351.03,85.6,99.9,2.81,0.528
2036-08-27,15.9,13.22,45.79,364.39,95,99.8,15.08,3.634
2036-08-28,14.54,11.64,95.79,345.41,87,100,10.2,3.923
2036-08-29,16.8,11.2,162.42,318.59,66.6,100.3,0,3.039
2036-08-30,16.45,9.37,155.49,300.29,76.8,100.8,0,1.367
2036-08-31,17.99,8.79,190.08,295,73.6,100.7,0,0.949
2036-09-01,19.54,8.2,224.94,290.73,70.4,100.7,0,0.863
2036-09-02,20.53,11.7,139.73,349.3,85.1,99.5,8.22,1.419
2036-09-03,19.86,11.12,179.13,320.22,77.6,98.9,0.84,1.558
2036-09-04,15.16,9.79,160.11,305.28,66.9,99.8,0,0.582
2036-09-05,16.27,9.33,151.55,314.26,69.4,100,0.34,1.65
2036-09-06,18.69,11.36,148.69,332.64,85.3,99.4,1.48,1.894
2036-09-07,18.1,11.61,197.76,305.96,74,99.4,0,2.167
2036-09-08,23.18,13.25,149.16,348.75,75.4,99.1,0,1.653
2036-09-09,18.64,13.44,172.11,324.32,77.3,98.3,3.8,2.288
2036-09-10,18.02,13.55,112.03,344.97,82.9,98.9,1.58,2.53
2036-09-11,18.34,12.98,79.27,358.64,87.4,97.8,21.15,0.554
2036-09-12,13.51,9.43,106.23,319.82,77.4,98.8,2.23,1.108
2036-09-13,14.85,7.97,134.3,304.88,75.6,99.6,0,1.925
2036-09-14,17.45,12.01,110.08,329.41,80.8,98.4,4.43,1.866
2036-09-15,14.67,9.6,125.21,305.67,81.6,98.2,1.35,2.075
2036-09-16,14.9,8.29,158.85,289.66,76.5,98.8,0,2.782
2036-09-17,16.47,8.87,155.31,298.04,80,99.5,0,0.643
2036-09-18,17.06,9.09,185.1,303.19,69.6,100.6,0,1.269
2036-09-19,18.7,13.56,105.54,359.07,86.7,99.9,6.95,2.51
2036-09-20,20.27,10.81,76.61,345.67,82.4,98.9,2.27,2.638
2036-09-21,16.84,10.48,174.66,298.28,72.5,100,0,2.45
2036-09-22,16.55,8.27,152.26,303.07,75.2,100.5,0,0.548
2036-09-23,15.69,10.1,91.57,328.44,79.7,100.1,0,1.988
2036-09-24,17.51,10.83,130.69,318.66,77.8,99.7,0,3.902
2036-09-25,17.23,12.3,57.93,358.72,94.3,98.7,10.44,1.98
2036-09-26,18.58,12.6,107.02,342.12,90,98.7,13.4,1.067
2036-09-27,14.86,11.99,43.35,338.18,88.6,97.9,14.78,2.184
2036-09-28,16.05,10.8,110.14,318.73,83,97.1,0,1.613
2036-09-29,18.56,10.93,115.86,342.22,91.5,97.7,0.77,0.683
2036-09-30,14.94,12.63,59.64,361.92,91.1,97.5,6,1.497
2036-10-01,14.2,12.19,60.74,357.48,91.2,98.5,2.74,1.237
2036-10-02,16.65,11.71,101.51,332.03,83.7,99.4,0,1.003
2036-10-03,15.44,10.02,113.18,313.39,81.8,100.6,0,1.495
2036-10-04,14.74,9.95,87.66,337.21,89,100.9,3.08,2.589
2036-10-05,17.38,14.43,80.12,367.61,94.5,100.9,4.85,4.626
2036-10-06,18.16,13.24,72.72,360.44,90.5,100.8,0,3.331
2036-10-07,17.28,13.97,94.2,351.79,87.8,100.7,1.62,0.131
2036-10-08,15.85,12.59,80.08,342.05,87,100.6,0,0.707
2036-10-09,15.85,10.97,94.21,323.37,88.3,100.7,0,1.085
2036-10-10,15.25,10.68,70.03,336.38,88.3,101,0,1.817
2036-10-11,13.97,8.31,110.75,300.23,83.3,100.7,0,0.228
2036-10-12,14.13,8.48,62.84,330.39,84.5,99.7,3.35,0.708
2036-10-13,8.75,7.32,34.13,324.55,81.7,99.1,3.53,2.019
2036-10-14,7.32,5.44,10.16,327.48,88.9,98.2,56.96,5.343
2036-10-15,8.29,4.03,16.81,306.07,77,97.3,28.21,1.331
2036-10-16,8.21,2.83,94.15,256.42,77.7,98.3,0,2.062
2036-10-17,9.59,3.84,31.15,314.35,92.7,97.9,16.21,0.854
2036-10-18,10.06,4.66,92.43,284.67,85.8,98.1,0,1.572
2036-10-19,10.66,3.97,96.64,271.03,75.7,98.7,0,1.225
2036-10-20,10.44,3.46,80.05,287.35,82.3,99.1,0,0.318
2036-10-21,10.26,2.09,97.08,261.45,78.9,99.2,0,0.642
2036-10-22,8.79,4.78,50.27,302.25,93.3,99.3,0.66,0.771
2036-10-23,10.13,5.4,88.09,284.93,79.7,99.6,0,0.468
2036-10-24,8,3.47,19.94,302.77,92.7,97.8,6.78,0.989
2036-10-25,8.46,2.26,78.37,288.14,94.2,97.6,0,1.131
2036-10-26,7.04,4.73,28.07,298.54,94.2,97,9.69,0.917
2036-10-27,9.16,4.32,28.31,296.61,88.9,97.2,1.7,2.094
2036-10-28,10.55,6.41,66.09,299.01,81.7,99.3,0,1.618
2036-10-29,10.63,7.05,69.24,299.28,86.5,99.7,0,2.828
2036-10-30,9.87,3.89,54.05,300.53,90,100.1,3.48,0.67
2036-10-31,9.55,4.84,38.07,310.1,94.6,99.8,2.68,0.942
2036-11-01,9.23,5.79,22.21,319.46,99.1,99.5,1.88,1.219
2036-11-02,9.29,6.11,24.33,334.35,100,99.2,0.72,0.547
2036-11-03,12.08,7.44,55.68,316.91,92.2,99.1,0,0.935
2036-11-04,12.9,6.94,8.59,326.36,95,98.4,13.7,1.86
2036-11-05,12.91,9.65,58.2,308.02,86.3,97.2,1.62,4.109
2036-11-06,10.25,8.08,55.74,294.24,76.8,97.7,1.33,5.317
2036-11-07,10.28,7.41,62.66,288.01,82,98.9,2.37,3.089
2036-11-08,9.37,6.16,67.04,278.19,75.7,98.3,1.06,4.381
2036-11-09,7.84,1.94,70.79,241.29,77.7,99,0,1.666
2036-11-10,7,0.58,55.16,263.19,82.2,99.1,0,0.921
2036-11-11,7.59,3.75,49.32,278.42,88.8,99.8,0,0.981
2036-11-12,7.08,4.17,48.19,295.84,85,100.5,0,0.51
2036-11-13,6.53,3.67,27.78,304.34,91.7,100.3,0,1.1
2036-11-14,5.38,0.34,43.86,272.13,96.7,100.2,0.05,0.728
2036-11-15,5.02,-0.5,59.18,240.55,84.3,100.2,0,0.872
2036-11-16,6.14,-1.27,50.81,274.95,95.2,99.1,0,1.548
2036-11-17,13.1,6.15,12.07,340.66,91.8,97.3,18.11,2.809
2036-11-18,10.86,4.21,20.81,302.05,94.4,97.5,14.92,0.783
2036-11-19,6.24,2.51,21.3,304.28,100,98,0,0.185
2036-11-20,7.32,2.21,49.36,284.34,96,99.1,0,0.723
2036-11-21,10.19,6.66,43.8,301.08,83.3,98.6,11.39,2.088
2036-11-22,9.32,5.75,48.41,281.8,88,100.1,0,1.865
2036-11-23,8.18,5.63,11.35,298.33,93.3,99.1,9.13,1.353
2036-11-24,8.8,4.65,39.56,292.31,85.9,99.1,1.59,1.169
2036-11-25,8.7,4.94,36.3,291.42,87.8,98.6,3.72,1.898
2036-11-26,6.77,5.04,7.68,309.73,91,98.4,9.65,0.674
2036-11-27,8.76,5,43.36,266.07,88.7,99,0,3.357
2036-11-28,8.76,2.57,40.05,280.13,92.3,100.3,0,0.438
2036-11-29,4.66,-0.19,40.56,268.13,100,100.9,0,0.194
2036-11-30,5.22,1.7,19.27,305.49,97.3,100.5,0,0.73
2036-12-01,7.05,1.31,28.71,296.62,95.7,100.1,0,0.856
2036-12-02,11.72,5.8,25.86,309.3,94.9,99.7,0,1.689
2036-12-03,7.06,3.7,25.7,295.01,84.5,100.2,0.59,0.813
2036-12-04,5.09,2.9,31.64,287.44,93.2,100,26.41,0.468
2036-12-05,8.42,3.85,29.96,287.95,95.8,100.8,0,1.311
2036-12-06,4.64,2.12,16.9,309.58,99.2,100.7,0.09,1.771
2036-12-07,5.36,4.03,18.6,312.4,94.5,100.7,0.81,1.842
2036-12-08,7.59,4.26,17.34,319.71,93.4,100.7,4.27,1.179
2036-12-09,8.68,5.74,10.03,324.37,97.1,100.5,6.09,0.977
2036-12-10,7.28,4.45,34.99,285.6,91.1,100.9,0,1.523
2036-12-11,9.75,5.22,15.82,308.89,93.5,100.5,0.05,1.861
2036-12-12,5.86,2.78,29.39,270.78,91.1,100.7,0,1.469
2036-12-13,10.2,4.83,16.79,298.21,85.7,99.4,3.71,3.538
2036-12-14,6.7,5.04,20.03,291.22,73.6,98.8,0.64,5.185
2036-12-15,9.85,5.01,17.22,308.44,87,98.7,18.4,3.232
2036-12-16,8.51,5.71,19.58,305.37,86.2,97.3,4.74,3.649
2036-12-17,6.67,4.41,19.66,302.93,91.4,96.7,23.24,0.903
2036-12-18,5.39,2.32,12.23,310.83,94.9,96.8,23.13,0.979
2036-12-19,4.65,0.9,24.29,285.8,93.9,97.6,3.61,0.695
2036-12-20,4.27,-0.46,31.64,249.07,82.5,99.2,0,2.274
2036-12-21,2.37,-2.49,36.66,232.53,81.3,100.4,0,1.639
2036-12-22,3.46,-0.07,24.44,264.85,80.9,101,0,0.551
2036-12-23,2.11,-0.97,19.37,274.45,89.9,100.9,0,2.086
2036-12-24,1.89,-1.59,24.5,263.27,84.3,101.7,0,2.01
2036-12-25,2.15,-1.38,12.87,275.1,78.6,102.2,0,1.893
2036-12-26,2.45,-0.99,19.31,290.94,87.2,102.6,0,0.648
2036-12-27,1.82,-1.4,25.67,262.67,87.3,102,0,1.125
2036-12-28,3.58,-2.05,25.42,278.31,87.7,101.6,0,0.801
2036-12-29,1.8,-2,34.15,242.22,93.4,101.6,0,1.332
2036-12-30,5.57,-0.88,30.67,275.06,98,102,0,1.749
2036-12-31,7.17,0.9,25.04,292.1,95.5,101.7,0,2.693
2037-01-01,8.76,2.68,19.48,309.07,92.9,101.5,0,3.637
2037-01-02,8.58,4.29,27.89,278.19,85.6,101,0,3.026
2037-01-03,8.68,4.93,18.03,317.01,93.7,100.8,1.59,2.733
2037-01-04,9.32,3.24,14.74,313.9,92,100.9,1.38,0.588
2037-01-05,6.69,2.65,15.12,307.62,95.3,100.8,2.24,0.966
2037-01-06,6.82,3.58,28.1,303.86,97,100.3,0,0.984
2037-01-07,5.7,3.54,19.74,308.44,96.9,99.5,0.84,0.625
2037-01-08,6.6,2.25,24.74,297.24,96.1,99.3,1.91,0.782
2037-01-09,7.44,2.04,5.3,316.92,95.3,98.3,29.5,3.526
2037-01-10,7.54,3.35,7.6,299.76,95.8,97.2,10.72,0.973
2037-01-11,7.78,3.45,22.68,298.79,92.1,97.7,0.38,1.316
2037-01-12,9.79,5.1,26.46,315.87,93.4,96.5,19.45,1.286
2037-01-13,7.59,4.49,38,281.1,82.5,96.6,0,1.597
2037-01-14,6.59,3,29.91,282.92,89.8,96.8,0,1.283
2037-01-15,5.73,0.95,19.97,303.36,94.6,97.4,2.91,1.943
2037-01-16,4.97,3.08,19.2,306.24,97.7,98.2,1.12,1.521
2037-01-17,3.74,1.47,9.22,304.48,94.5,98.8,6.36,0.746
2037-01-18,3.13,0.2,27.01,294.26,93.9,99,3.38,2.242
2037-01-19,4.74,2.66,13.64,315.7,98.3,97.6,12.72,4.018
2037-01-20,5.11,2.93,23.27,313.76,96.6,99.2,4.55,2.921
2037-01-21,3.12,0.47,30.43,284.59,80.8,100.2,0,1.783
2037-01-22,0.73,-1.89,10.81,289.26,89.4,99.2,9.31,2.473
2037-01-23,0.67,-2.49,17.23,295.86,100,99.3,5.62,1.965
2037-01-24,1.8,-2.45,12.02,298.09,99.6,99,9.57,1.941
2037-01-25,6.04,0.57,17.42,294.69,96.6,97.7,14.13,0.978
2037-01-26,7.39,3.43,31.2,294.11,85.2,97.8,1.78,3.758
2037-01-27,5.76,0.82,52.54,257.3,83.5,99.8,0,1.789
2037-01-28,5.71,1.42,32.78,295.46,94.4,100.2,2.54,1.304
2037-01-29,8.77,4,36.25,300.38,85,99.2,2.92,2.858
2037-01-30,6.57,3.12,47.89,276.26,75.7,100,0.85,2.13
2037-01-31,4.73,0.62,54.14,271.16,89.5,99.6,12.72,0.808
2037-02-01,7.54,2.45,38.18,289.01,89,100.8,0,3.189
2037-02-02,9.87,7.2,13.37,329.71,90,100.5,0,4.434
2037-02-03,8.52,6.53,45.45,313.04,88.6,100.8,0.55,4.568
2037-02-04,8.33,6.35,43.16,309.63,87.4,100.7,0.57,3.123
2037-02-05,9.94,6.33,53.03,304.87,90.2,100.8,0,1.653
2037-02-06,10.07,6.53,49.68,314.76,85.6,100,1.18,2.959
2037-02-07,7.41,4.32,63.52,279.72,75.4,100.9,0,2.938
2037-02-08,6.91,2.69,48.29,281.44,77.8,101.2,0,1.601
2037-02-09,10.42,2.37,49.28,285.33,88.5,100.5,0,1.473
2037-02-10,10.9,4.14,44.12,312.62,91.6,100.3,1.78,1.218
2037-02-11,11.5,5.48,52.64,286.12,85.3,100.1,1.32,2.13
2037-02-12,11.87,5.02,58.71,295.04,87.9,100.1,0,1.546
2037-02-13,11.67,6.5,72.22,291.69,85.5,99.9,0,1.189
2037-02-14,9.08,5.4,84.69,283.6,84.6,99.8,5.35,1.478
2037-02-15,8.61,6.18,84.36,285.52,79.2,99.6,1.54,2.563
2037-02-16,13.09,6.97,26.85,329.07,83.1,99.1,9.38,1.78
2037-02-17,9.21,6.15,96.79,274.39,66.3,99.9,0,2.634
2037-02-18,8.69,5.49,94.72,287.86,71.1,99.4,4.32,1.495
2037-02-19,7.49,4.42,99.21,290.13,77.2,97.7,12.88,3.045
2037-02-20,6.87,4.53,66.6,306.27,74.9,98.3,3.49,2.911
2037-02-21,9.64,5.65,54.71,313.89,92.3,96.5,10.2,1.656
2037-02-22,8.35,3.9,89.42,286.99,79,97.5,2.62,3.277
2037-02-23,11.19,4.77,39.26,315.67,92,98.5,1,1.859
2037-02-24,10.53,3.55,79.21,275.85,73.6,98.3,1.01,3.364
2037-02-25,6.23,2.48,80.16,285.86,74.2,98.9,5.24,3.348
2037-02-26,7.97,1.84,102.42,279.48,78,98.5,16.14,2.687
2037-02-27,9.42,4,99.75,274.86,75.3,101.2,0,1.107
2037-02-28,9.66,3.19,101.11,279.91,76.1,102.3,0,0.814
2037-03-01,8.89,2.79,102.31,269.77,77.7,102.3,0,2.016
2037-03-02,10.57,4.07,115.13,278.78,80.3,102.1,0,2.821
2037-03-03,13.45,7.06,126.61,286.82,79.9,101.7,0,1.804
2037-03-04,9.03,5.54,69.11,310.44,83.8,101.5,0,1.3
2037-03-05,9.6,5.47,79.7,309.31,79.9,101.5,0,0.837
2037-03-06,9.29,3.92,74.53,295.79,83.6,100.4,2.18,2.894
2037-03-07,10.04,4.04,125.6,276.46,63,100.3,0,3.484
2037-03-08,12.24,3.89,139.89,277.14,73.9,101.4,0,1.199
2037-03-09,11.27,6.92,84.11,313.9,86.6,101.4,0,2.178
2037-03-10,8.34,5.26,86.13,301.54,75.8,101.6,0,1.95
2037-03-11,10.77,4.3,97.45,307.25,81.5,101.6,0,2.468
2037-03-12,12.23,7.29,122.44,311.52,81.8,101.1,0,3.797
2037-03-13,11.06,7.43,102.22,316.64,83,100.6,0.7,4.178
2037-03-14,10.78,6.34,113.77,300.68,80.2,100,0,2.163
2037-03-15,7.53,3.76,79.84,288.93,83,98.3,3.6,2.678
2037-03-16,7.05,2.74,101.47,278.34,71.8,98,0.75,2.429
2037-03-17,5.91,0.68,84.25,275.72,71.9,98.2,0.65,0.895
2037-03-18,4.46,-1.46,107.61,250.18,68.1,98.2,0,1.746
2037-03-19,6.67,-1.66,160.72,226.77,58.6,98.7,0,1.575
2037-03-20,6.33,-3.55,184.84,213,64.4,99.7,0,0.846
2037-03-21,7.94,-2.9,194.2,214.23,59.4,99.7,0,1.276
2037-03-22,8.5,-2.28,178.31,243.95,60,99,1.68,2.119
2037-03-23,6.87,0.94,90.52,301.94,93.6,96.9,15.37,2.573
2037-03-24,8.65,3.03,103.94,306.86,91.4,96.7,6.15,2.458
2037-03-25,6.89,2.37,96.14,291.42,77.9,98.1,3.31,1.167
2037-03-26,9.12,1.04,145.31,271.2,76.2,99.2,1.74,1.238
2037-03-27,10.58,3.62,80.95,310.11,87,98.3,3.23,2.322
2037-03-28,11.48,6.67,139.33,298.55,85.2,98.3,2.23,2.945
2037-03-29,10.9,6.51,154.58,299.15,76.8,99.4,7,3.155
2037-03-30,13.67,8.14,175.3,313.21,81.4,99,0.76,4.429
2037-03-31,14.13,9.81,144.83,329.52,80.1,99.6,0,2.664
2037-04-01,15.66,10.51,100.62,333.17,86.3,99.5,0,0.658
2037-04-02,19.84,7.64,172.22,315.35,76.2,98,1.04,1.609
2037-04-03,10.34,5.58,176.2,283.79,63.9,99.4,0,3.542
2037-04-04,11.58,6.16,108.57,306.57,70.5,99.8,0,2.578
2037-04-05,11.31,6.77,92.51,318.03,84.9,98.6,2.25,2.039
2037-04-06,12.42,7.78,125.8,308.47,75.2,97.4,1.26,2.874
2037-04-07,10.88,6.29,84.29,311.63,87.4,97,2.14,2.006
2037-04-08,9.15,6.24,50.83,312.98,88.5,96.6,10.54,1.734
2037-04-09,11.56,6.02,118.85,305.78,72.2,98.2,3.62,3.343
2037-04-10,12.6,5.96,168.77,295.58,77.9,98.2,4.2,3.43
2037-04-11,9.2,4.69,175.43,285.08,65.7,98.6,0,3.05
2037-04-12,9.85,5.18,148.34,292.87,79.4,97.6,3.7,1.71
2037-04-13,11.1,5.74,178.35,286.9,71.9,98.6,0,4.563
2037-04-14,9.64,5.45,148.7,294.01,63.3,99.9,0,3.44
2037-04-15,9.23,4.3,86.32,312.12,80,100,0.21,3.157
2037-04-16,18.24,6.31,194.73,319.49,82,99.3,0,1.29
2037-04-17,14.85,8.21,126.58,321.18,86.4,99.7,5.26,0.963
2037-04-18,11.57,7.96,92.16,341.64,97.3,99.2,7.1,3.185
2037-04-19,15.56,8.88,171.15,319.17,84.9,99,1.55,2.33
2037-04-20,14.81,7.82,150.3,322.68,83.6,99,4.03,2.271
2037-04-21,13.54,7.07,160.15,297.9,74.5,99.6,3.25,2.641
2037-04-22,15.46,6.25,123,327.75,80.1,100.2,1.4,1.65
2037-04-23,13.86,9.19,210.03,296.88,66.4,100.4,0,3.176
2037-04-24,12.91,8.59,253.8,274.14,66.6,100.5,0,3.78
2037-04-25,13.33,6.26,215.98,288.48,63.7,101,0,1.942
2037-04-26,20.41,8.21,251.14,302.84,61.3,99.4,0,2.189
2037-04-27,10.13,6.75,180.18,281.58,64.2,99,0,3.977
2037-04-28,10.62,5.2,172.24,281.39,57.8,100,0,2.181
2037-04-29,12.27,3.43,228.22,262.23,55.3,100.6,0,1.596
2037-04-30,12.61,3.44,197.99,283.13,73,100.3,0,1.175
2037-05-01,11.88,5.75,155.42,307.57,74.8,100.4,0,2.986
2037-05-02,9.18,4.42,66.05,312.17,84.1,99.2,16.36,4.234
2037-05-03,13.42,6.2,120.78,333.38,89.5,98.4,11.58,0.616
2037-05-04,10.56,6.1,123.42,321.88,81.8,99.7,3.68,1.878
2037-05-05,10.78,5.22,180.77,295.51,70.6,99.9,0,1.301
2037-05-06,8.91,4.54,129.25,304.54,75.4,99.5,1.28,1.742
2037-05-07,10.26,3.43,201.47,280.19,68.7,99.5,0,2.312
2037-05-08,10.39,4.89,145.61,304.75,69,99.3,0,2.572
2037-05-09,11.07,3.43,186.43,280.06,66.7,99.7,0.79,0.175
2037-05-10,12.14,3.81,210.31,288.36,70.1,99.9,1.75,1.117
2037-05-11,10.37,4.45,118.49,300.74,84,100.1,6.71,2.594
2037-05-12,12.72,3.22,199.21,281.69,73.8,100.1,0,2.766
2037-05-13,14.54,5.77,140.52,320.18,74.1,100,0,3.506
2037-05-14,11.82,7.66,133.17,319.88,80.1,100,1.08,2.235
2037-05-15,15.3,8.39,169.36,329.92,85.7,99.5,6.8,0.444
2037-05-16,17.23,8.41,233.65,309.91,76,99.5,0.79,0.788
2037-05-17,16.7,9.6,171.79,317.68,75.8,99.8,0,0.679
2037-05-18,16.07,9.85,143.91,328.68,90.6,99.1,12.1,1.03
2037-05-19,14.12,7.18,130.24,311.43,87.4,98,17.12,0.552
2037-05-20,10.44,7.76,81.76,332.64,83.2,97.4,36.25,5.09
2037-05-21,13.13,9.38,177.98,319.83,83.9,98.4,4.04,4.152
2037-05-22,15.14,8.4,183.44,313.2,78.1,98.9,7.81,1.105
2037-05-23,11.4,7.26,82.36,331.95,94.4,99.3,27.59,1.414
2037-05-24,13.54,6.15,186.67,292.91,70.6,100,0.85,2.192
2037-05-25,11.03,4.68,199.01,286.93,67.8,99.3,2.36,3.043
2037-05-26,9.43,6.47,124.63,322.57,79,99.5,4.13,1.97
2037-05-27,14.47,5.34,236.62,296.68,68.3,100.4,0,1.4
2037-05-28,15.33,10.39,125.01,330.97,85.9,100,0,2.735
2037-05-29,12.97,8.04,226.44,299.39,74.9,99.2,1.66,3.791
2037-05-30,11.57,7.12,208.25,287.69,71,99.2,0,3.655
2037-05-31,11.93,7.08,210.91,292.53,70.8,99.2,0,3.346
2037-06-01,12.29,7.03,213.55,297.38,70.7,99.2,0,3.042
2037-06-02,12.65,6.84,179.75,309.07,76.8,98.8,6.36,1.832
2037-06-03,11.3,6.33,234.77,286.91,75.8,98.3,1.18,4.503
2037-06-04,13.16,6.62,229.49,291.84,62.7,99.5,0,2.855
2037-06-05,14.75,5.8,219.96,294.2,67.1,100,2.43,0.33
2037-06-06,14.15,7.21,234.54,293.49,78.7,100.1,3.64,1.218
2037-06-07,14.49,8.28,168.98,317.19,83.6,100.1,5.69,0.709
2037-06-08,15.59,7.89,237.59,301.48,78.2,100.2,12.69,0.268
2037-06-09,12.08,6.01,184.62,308.91,76.5,100.4,1.29,2.816
2037-06-10,14,5.06,257.47,272.73,66.2,100.5,0,1.508
2037-06-11,13.62,6.17,190.66,293.87,74.8,100.5,0.79,0.466
2037-06-12,16.67,7.52,239.11,292.05,70.7,100.3,0.05,1.451
2037-06-13,17.27,10.01,270.53,312.6,81.4,99.9,0,3.572
2037-06-14,15.77,10.55,283.56,298.75,72.1,99.6,0,3.298
2037-06-15,18.01,10.84,242.3,320.44,75.9,99.3,0,2.248
2037-06-16,16.16,9.87,267.18,299.35,70,99.6,0,2.165
2037-06-17,18.49,9.98,287.29,302.56,68.3,99.8,0,2.282
2037-06-18,17.66,12,159.15,344.75,83.3,99.2,2.5,2.022
2037-06-19,19.18,12.46,296.79,312.06,69.3,99.3,1.38,1.36
2037-06-20,18.87,10.7,273.97,294.25,60.2,99.7,0,1.028
2037-06-21,17.53,11.42,238.38,328.88,70.6,99.2,1.59,2.643
2037-06-22,15.46,10.7,227.71,315.9,74.7,99.6,1.44,3.338
2037-06-23,16.21,9.37,207.39,306.12,71.3,100.4,0,1.774
2037-06-24,18.41,9.73,269.75,308.05,63,101.1,0,0.519
2037-06-25,20.48,10.9,290.85,297.09,64.4,101.2,0,0.759
2037-06-26,20.01,10.73,292.32,302.8,69.2,101.3,0,3.082
2037-06-27,19.27,10.85,297.4,310.55,76.4,101.2,0,3.892
2037-06-28,21.85,12.24,299.95,324.08,71.5,100.9,0,3.84
2037-06-29,21.12,11.67,318.34,304.77,72.6,100.4,0,4.549
2037-06-30,19.99,12.22,209.56,331.85,76.6,100,3.49,2.485
2037-07-01,21.39,12.43,263.26,331.3,77.4,99.7,2.19,1.462
2037-07-02,19.77,15.02,177.78,359.7,91.6,99.2,23.06,1.024
2037-07-03,21.65,14.65,254.04,343.34,80.9,98.9,5.5,0.462
2037-07-04,19.84,13.75,207.31,347.81,81.1,98.9,9.31,1.498
2037-07-05,16.73,12.24,127.28,353.91,87.9,99.4,3.73,2.354
2037-07-06,18.19,10.3,230.6,322.88,73.1,100,0.1,1.854
2037-07-07,21.1,12.13,286.28,325.19,76.3,99.9,2.49,1.567
2037-07-08,20.18,12.12,244.14,319.4,73.7,99.4,0.56,0.511
2037-07-09,20.45,12.95,219.68,338.07,80,98.8,7.14,0.86
2037-07-10,18.82,13.37,191.44,343.28,81.3,99.5,5.25,1.063
2037-07-11,20.87,13.32,317.97,308.47,71.6,100.5,0,2.329
2037-07-12,22.43,13.49,272.53,324.37,69.8,100.2,0,1.921
2037-07-13,21.07,14.4,259.2,333.13,76.6,99.8,0.43,2.702
2037-07-14,22.37,12.82,221.98,336.04,72.3,99.9,0,0.404
2037-07-15,24.85,16.74,184.42,379.73,78.3,99.4,18.46,2.868
2037-07-16,21.51,16.72,261.37,351.2,81.1,98.4,10.96,0.93
2037-07-17,20.79,15.32,214.08,337.24,78.5,98.6,2.33,0.964
2037-07-18,20.41,14.86,186.41,351.97,86.1,99,8.79,1.375
2037-07-19,20.03,14.12,220.16,344.22,81.6,99.9,1.11,0.574
2037-07-20,22.83,12.08,261.13,326.25,76.4,100.2,0,0.818
2037-07-21,24.76,14.16,256.08,339.56,71.4,99.8,0,0.496
2037-07-22,24.07,16.52,276.22,341.24,72.3,99.4,3.31,1.136
2037-07-23,20.26,16.31,114.53,364.59,84.6,99.1,7.09,0.554
2037-07-24,16.37,13.28,115.4,345.15,90.7,99,9.67,0.681
2037-07-25,21.35,11.87,251.89,325.43,75.3,99.5,3.03,1.308
2037-07-26,22.06,13.84,223.69,340.76,76.8,99.8,0.05,0.659
2037-07-27,23.03,14.22,251.66,341.47,75.3,99.5,1.27,1.989
2037-07-28,19.75,15.06,244.12,319.5,74.6,99.5,0,2.888
2037-07-29,20.47,14.38,227.42,327.52,73.1,99.9,0,2.265
2037-07-30,21.8,12.54,259.95,314.28,73.4,100.1,0,0.737
2037-07-31,21.5,13.05,248.6,319.07,72.9,100,0,0.122
2037-08-01,21.2,13.57,237.19,323.99,72.4,99.9,0.8,0.491
2037-08-02,20.68,13.2,257.97,309.76,63.9,99.7,0,2.017
2037-08-03,20.62,12.66,197.45,329.49,73.1,99.8,0,1.607
2037-08-04,19.59,13.18,174.76,337.9,72.7,99.5,10.66,2.21
2037-08-05,19.56,11.65,262.83,306.91,65.8,100.3,0,2.753
2037-08-06,21.58,15.36,183.14,348.59,76.2,100,0,2.784
2037-08-07,19.51,13.67,235.69,324.04,70.5,99.3,0.69,3.254
2037-08-08,18.39,11.97,246.37,304.47,72.1,99,0.19,3.139
2037-08-09,19.27,12.04,219.66,309.76,69.2,99.4,0,2.494
2037-08-10,20.13,11.34,207.49,317.11,69.7,99.7,0,1.842
2037-08-11,19.99,13.37,123.04,355.91,84.1,99.1,7.57,1.864
2037-08-12,19.49,13.67,173.59,340.3,78.4,98.4,12.37,2.18
2037-08-13,18.25,12.33,263.67,298.55,73.3,99.2,0,3.532
2037-08-14,19.35,10.85,221.63,304.1,68.8,100.2,0,1.501
2037-08-15,19.98,11.67,223.47,313.39,71.2,100.6,0,1.644
2037-08-16,21.14,12.94,251.08,315.72,72.2,100.4,0,1.876
2037-08-17,22.14,14.28,219.74,334.19,79.8,100.6,0,1.841
2037-08-18,25.28,16.7,211.11,357.55,77.1,100.5,0,1.314
2037-08-19,20.42,13.22,149.78,337.69,84,100.9,1.37,0.959
2037-08-20,22.21,11.75,258.47,312.66,75.8,101.2,0,2.477
2037-08-21,23.58,13.64,250.41,327.09,79.8,101,0,2.675
2037-08-22,24.2,14.42,242.48,331.76,79.6,100.9,0,2.605
2037-08-23,25.64,15.41,247.67,337.69,80.4,100.3,0,0.875
2037-08-24,19.73,12.84,185.25,328.82,82.4,100.7,0,1.925
2037-08-25,18.22,11.04,206.08,300.94,66.1,101.5,0,1.923
2037-08-26,20.75,9.19,252.85,278.55,69.6,101.4,0,0.427
2037-08-27,23.34,11.33,244.68,298.61,72.8,101,0,0.95
2037-08-28,23.49,12.29,218.87,322.07,82.2,100.7,0,0.724
2037-08-29,21.42,12.79,194.92,324.1,76.8,100.7,0,2.117
2037-08-30,23.13,11.37,209.41,321.83,82.1,100.5,0,1.781
2037-08-31,23.14,12.49,211.21,323.28,80.7,100.2,0,0.516
2037-09-01,23.15,13.6,213.02,324.84,79.4,100,0,0.446
2037-09-02,23.18,14.33,194.41,324.76,78.3,100.2,0,0.173
2037-09-03,23.81,13.92,226.87,319.67,73.5,100.3,0,1.338
2037-09-04,21.61,14,184.13,321.46,77,100.2,0,2.106
2037-09-05,18.68,12.05,164.23,318.64,73.8,100.6,0,1.723
2037-09-06,22.41,13.57,221.67,317.93,74.6,100.7,0,2.003
2037-09-07,23.28,13.7,211.62,325.6,77.8,100.7,0,2.067
2037-09-08,24.24,15.1,179.93,343.41,80.8,100.9,0,0.751
2037-09-09,25.88,15.04,199.2,338.36,78.8,100.9,0,0.24
2037-09-10,26.47,15.1,217.76,322.4,71.6,100.8,0,0.366
2037-09-11,27.47,15.29,215.43,327.93,65.6,100.3,0,0.742
2037-09-12,28.01,15.16,199.45,334.98,60,99.2,0,1.025
2037-09-13,20.01,14.19,155.14,339.41,79.9,98,1.84,2.828
2037-09-14,17.9,12.38,171.23,308.21,73.7,99.2,1.04,4.591
2037-09-15,17.49,11.48,175.76,294.25,69.7,99.5,1.09,3.552
2037-09-16,15.41,9.81,146.97,284.67,61.9,99.2,0,3.886
2037-09-17,14.14,8.29,84.6,304.59,70.4,99.6,0,0.939
2037-09-18,13.47,7.16,144.38,289.22,62.6,100.2,0,0.753
2037-09-19,16.15,8.08,134.3,307.15,70.8,100.4,0,1.951
2037-09-20,17.64,10.87,119.98,312.7,72,100.8,0.81,2.027
2037-09-21,16.72,10.3,72.87,335.61,82.6,101,0,2.888
2037-09-22,21.51,13,147.13,329.15,80.1,101.3,0,2.314
2037-09-23,19.1,13.34,169.51,320.02,83.3,101.4,0,2.292
2037-09-24,18.21,13.72,161.4,320.82,80.1,100.6,0,3.093
2037-09-25,15.75,9.21,144.66,301.21,70.7,99.1,4.14,3.022
2037-09-26,13.64,7.79,130.18,278.7,63.5,99.5,0,2.429
2037-09-27,15.91,7.57,104.5,309.44,81.4,99.1,1.27,2.708
2037-09-28,13.95,10.05,69.29,320.39,84.4,98.5,0,2.428
2037-09-29,13.58,9.18,94.52,311.9,75.5,99,0,1.068
2037-09-30,12.75,8.11,102.12,299.98,70.7,100.3,0,0.918
2037-10-01,14.39,5.82,143.43,289.33,69.7,100.9,0,1.481
2037-10-02,16.42,10.07,68.7,320.76,81.9,100.2,1.88,2.819
2037-10-03,11.95,8.08,104.23,285.55,56.1,100.3,0,2.626
2037-10-04,11.01,7.2,69.91,306.54,64.9,100.6,0,1.118
2037-10-05,15.27,7.58,115.11,307.86,77.9,100.7,0,2.221
2037-10-06,14.83,11.62,35.76,363.18,96,100.7,19.48,2.141
2037-10-07,14.32,11.06,48.22,350.03,94.8,100.2,9.5,3.29
2037-10-08,16.69,8.81,96.61,328.39,89.5,100.2,1.72,4.148
2037-10-09,15.77,13.19,34.71,368.82,98.8,99.5,12.79,2.212
2037-10-10,13.85,11.29,34.94,358.17,96.6,99.4,13.8,1.68
2037-10-11,11.69,9.01,87.97,317.65,86,99.6,0,1.891
2037-10-12,14.19,7.99,89.93,304.56,83.2,100,0,2.514
2037-10-13,13.84,7.22,109.76,296.58,84.1,100.6,0,0.419
2037-10-14,13.37,8.74,88.38,304.37,83.4,100.5,0,2.058
2037-10-15,14.01,7.76,103.8,303.49,73.2,100.4,0,1.192
2037-10-16,12.82,5.97,99,295.14,79.7,100.7,0,2.13
2037-10-17,13.24,10.9,62.28,337.28,88.5,99.7,0.07,2.471
2037-10-18,11.9,8.41,93.2,293.24,80.1,98.3,1.56,2.867
2037-10-19,10.36,4.59,89.38,264.21,71.5,98.5,0,1.852
2037-10-20,8.04,2.45,103.28,244.44,65,98.9,0,1.503
2037-10-21,7.25,1.78,48.57,274.15,72,98.9,0,2.184
2037-10-22,7.3,0.43,87.67,258.12,70.9,99.3,0,0.947
2037-10-23,8.95,5.19,56.15,305.41,74.6,99.5,0,0.754
2037-10-24,9.5,5.94,41.71,321.83,84.3,99.6,2.67,4.038
2037-10-25,9.09,5.47,36.41,310.48,87.2,99.6,2.29,3.354
2037-10-26,9.28,4.2,54.49,292.76,83,98.5,0,0.817
2037-10-27,7.73,5.7,21.89,323.41,91,96.9,24.6,2.172
2037-10-28,9.58,7.05,26.98,331.59,88.2,97.1,16.87,5.712
2037-10-29,8.42,4.92,35.03,299.11,92.2,98.7,1.49,1.779
2037-10-30,9.5,4.25,48.33,300.95,81.9,99.8,0,1.05
2037-10-31,9.59,4.51,56.32,299.84,85.7,99.9,0,1.482
2037-11-01,9.67,4.77,64.33,298.39,89.5,99.9,0,2.058
2037-11-02,9.78,4.27,40.86,304.62,93.6,98.9,0,1.976
2037-11-03,8.36,4.1,33.04,324.16,100,98.6,3.25,1.416
2037-11-04,11.65,8.29,9.76,346.99,99.3,98.2,21.07,2.375
2037-11-05,9.98,5.87,18.72,333.3,96.6,97.6,18.46,0.685
2037-11-06,8.22,4.14,45.54,290.16,75.9,98.5,0.74,2.86
2037-11-07,6.6,1.61,70.28,251.18,75.2,99.2,0,0.951
2037-11-08,4.6,-0.66,26.93,278.3,94.5,99.5,2.98,0.472
2037-11-09,6.51,0.52,54.75,274.37,92.1,99.6,0,0.701
2037-11-10,7.66,4.58,45.1,299.54,84.7,99.4,0,3.135
2037-11-11,5.74,3.89,22.53,314.25,95.1,99.2,2.15,3.514
2037-11-12,6.06,2.17,47.24,286.43,97.2,99.9,0,1.267
2037-11-13,6.83,3.18,34.79,309.96,96,100.4,0,2.105
2037-11-14,7.15,4,36.68,307.67,95.3,100.6,0,1.325
2037-11-15,6.32,3.71,32.71,317.49,97.6,100.4,0,0.54
2037-11-16,10.32,6.35,23.87,338.64,99.6,99.9,1.7,0.994
2037-11-17,10.14,6.16,33.27,317.99,92.5,99.7,1.29,0.098
2037-11-18,11.79,7.03,24.37,328.82,94.7,99.2,3.1,1.348
2037-11-19,12.35,8.8,30.93,321.58,90.1,99.3,2.66,2.198
2037-11-20,14.9,12.37,40.3,338.51,91,99.7,0.85,2.538
2037-11-21,12.9,9.22,27.12,332.15,93.1,100.4,0,0.948
2037-11-22,9.1,6.91,27.43,328.2,95.9,100,0.16,1.681
2037-11-23,9.44,7.05,17.02,339.94,99.2,99.6,1.65,1.919
2037-11-24,10.42,7.6,15.97,343.09,98.8,99.3,3.79,3.043
2037-11-25,11.34,7.87,33.13,311.67,88.4,98.9,6.04,1.3
2037-11-26,8.62,5.11,41.1,280.28,82.2,100.2,0,1.132
2037-11-27,11.52,7.58,26.49,334.6,88.4,99.7,1.85,1.747
2037-11-28,10.55,7.02,16.77,313.94,90,98.7,14.78,2.067
2037-11-29,9.17,6.49,38.75,298.51,79.6,98.9,11.97,1.414
2037-11-30,12.28,7.54,37.59,299.01,74.2,97,5.67,3.936
2037-12-01,9.02,7.65,17.71,306.78,70.7,97.2,6.29,5.381
2037-12-02,10.16,8.01,35.32,304.39,87.8,98,1.24,2.535
2037-12-03,10.09,4.55,30.52,290.51,79.6,97.3,2.8,2.079
2037-12-04,7,4.97,29.88,282.94,84.5,96.8,0,2.649
2037-12-05,5.49,3.66,23.01,277.38,88.4,98,0,2.067
2037-12-06,4.37,1.87,7.03,300.6,96.7,98.3,5.83,0.129
2037-12-07,4.51,2.54,18.07,306.36,89.8,98.6,3.04,0.795
2037-12-08,5.29,-1.28,28.53,263.78,92.6,99.9,0,0.777
2037-12-09,3.63,-2.43,24.25,279.28,97.6,100.3,0.32,0.662
2037-12-10,5.22,3.52,12.84,315.41,94.2,100.3,9.97,2.337
2037-12-11,7.26,4.4,11.08,331.76,98.5,100.2,9.25,2.572
2037-12-12,8.99,6.4,35.79,295.61,89.2,100.1,3.47,1.692
2037-12-13,11.59,6.33,4.68,333.64,92.2,99.3,10.76,1.818
2037-12-14,7.98,5.37,12.1,324.62,94.7,97.9,25.59,0.624
2037-12-15,7.69,5.44,24.65,273.37,88.5,99,0,2.793
2037-12-16,10.8,5.33,12.07,323.28,92.3,99.4,1.12,2.566
2037-12-17,12.51,8.45,18.16,334.66,88.6,98.8,0.84,3.075
2037-12-18,8.53,3.53,34.12,267.42,87.6,100,0,1.204
2037-12-19,12.69,4.33,12.45,324.65,83.8,98.5,18.14,3.1
2037-12-20,8.83,6.11,14.29,311.69,75.4,99.9,1.17,3.433
2037-12-21,9.24,6.68,14.93,315.47,93.2,99.9,0.96,1.557
2037-12-22,12.13,7.89,12.41,341.88,93.5,98.5,12.16,1.234
2037-12-23,10.4,5.96,11.82,309.3,88.2,97.3,9.1,2.128
2037-12-24,13.23,6.6,6.19,334.69,88.7,96.8,15.26,2.341
2037-12-25,11.1,6.56,20.11,314.86,73.9,97.4,2.09,3.989
2037-12-26,9.71,3.82,2.88,314.98,88.7,97,19.9,1.393
2037-12-27,7.16,1.31,25.68,272.02,84.6,98.7,2.95,3.67
2037-12-28,4.33,1.23,13.49,285.57,84.1,99,0,0.752
2037-12-29,7.64,0.48,6.32,289.45,91.7,98.7,6.46,1.192
2037-12-30,10.35,5.88,26.51,313.58,94,97.5,7.27,1.31
2037-12-31,10.23,5.95,26.07,306.92,83.1,96.3,4,2.589
2038-01-01,10.11,6.02,25.63,303.56,72.3,95.2,0.73,3.217
2038-01-02,6.17,4.26,20.29,287.16,86.1,94.2,3.29,2.451
2038-01-03,7.39,3.16,26,285.19,83.1,95.8,0,2.896
2038-01-04,5.32,2.76,32.95,272.39,82.1,97.4,0.86,2.18
2038-01-05,4.61,1.53,38.23,257.55,78.6,99.3,0,1.222
2038-01-06,2.38,-0.72,29.29,262.44,83.8,100.1,3.03,0.86
2038-01-07,6,1.41,37.86,257.64,80.7,99.1,1.19,2.835
2038-01-08,6.35,0.59,8.84,293.69,89.2,98.6,15.57,1.095
2038-01-09,4.39,1.17,37.47,258,86.8,97.4,1.47,2.012
2038-01-10,4.08,-0.62,42.22,240.7,84.1,99.3,0,1.604
2038-01-11,4.51,-0.42,26.21,284.64,93.3,100.7,0,0.418
2038-01-12,5.81,1.19,24.77,294.16,90.5,101.2,0,1.381
2038-01-13,9.98,3.75,22.26,308.02,82,100.8,1.01,3.139
2038-01-14,5.76,3.43,25.11,297.33,80.8,101.3,0.6,2.779
2038-01-15,8.9,3.44,12.68,304.47,87.2,98.7,9.99,3.529
2038-01-16,5.08,2.43,34.02,261.82,73.6,98.4,0.81,4.508
2038-01-17,4.77,1.81,46.94,241.34,68.1,99.4,0,2.665
2038-01-18,8.66,0.95,11.29,299.3,90.3,99.5,0.94,2.339
2038-01-19,8.74,4.08,35.91,291.18,79.8,99.4,0.35,3.198
2038-01-20,5,3.41,31.22,287.54,78.5,99.2,3.34,4.092
2038-01-21,5.27,2.21,49.26,255.31,77.9,99.6,0.93,2.798
2038-01-22,6.05,2.29,40.37,285.71,89.9,100.9,0,0.87
2038-01-23,9.23,3.25,39.72,305.29,95.4,101.2,0,1.439
2038-01-24,9.22,6.74,32.93,316.92,90.6,100.8,0,2.54
2038-01-25,7.85,2.08,29.43,280.03,84,100.2,1.19,1.834
2038-01-26,5.32,0.71,38.69,274.98,82.2,100.2,0,1.832
2038-01-27,5.95,1.68,57.23,269.89,84,98.7,5,2.354
2038-01-28,6.36,1.93,40.42,272.73,90.1,99.8,0,2.526
2038-01-29,7.33,2.26,47.01,287.73,91.7,100.8,0.86,1.557
2038-01-30,8.5,3.4,40.97,295.97,96.5,101.6,0.4,0.916
2038-01-31,8.31,3.56,28.53,314.4,93.2,101.6,0,1.338
2038-02-01,11.61,6.82,41.32,316.44,93.3,101.2,0,2.453
2038-02-02,9.91,7.52,32.22,326.88,89.2,100.9,1.1,3.122
2038-02-03,8.85,4.84,51.05,297.9,80.1,101,0,2.553
2038-02-04,7.91,4.12,51.01,288.35,81.8,101,0,3.088
2038-02-05,8.71,5.69,57.49,303.54,84.1,99.7,3.59,2.858
2038-02-06,9.24,4.39,21.66,319.28,83.9,97.9,7.81,2.892
2038-02-07,5.56,2.94,24.49,294.18,91.5,98.5,0,0.634
2038-02-08,7.11,1.43,54.29,290.79,82.7,99.1,2.03,2.546
2038-02-09,10.41,4.89,38.13,309.73,78.6,97.8,10.39,3.879
2038-02-10,5.99,3.8,66.98,284.28,71.6,98.6,1.13,4.288
2038-02-11,6.16,1.62,20.49,290.82,92.7,97.8,10.32,1.819
2038-02-12,6.18,3.01,65.41,288.49,75.4,96.8,2.78,3.632
2038-02-13,6.69,2.15,60.31,286.37,84.1,97.2,12.54,2.03
2038-02-14,6.94,4.09,43.16,307.07,74.1,97.5,5.27,4.264
2038-02-15,4.64,2.41,37.73,276.62,89.2,98.1,8.08,1.903
2038-02-16,5.43,0.81,99.41,247.31,72.6,100.7,0.31,2.246
2038-02-17,9.3,2.82,39.16,311.24,88.8,100.2,7.94,3.131
2038-02-18,9.51,2.01,78.8,285.04,76.9,97.6,3.33,6.539
2038-02-19,6.14,1.48,106.64,237.47,62.9,98.4,0,3.601
2038-02-20,9.22,0.7,40.16,299.68,92.9,98.7,3.09,1.595
2038-02-21,9.22,4.34,45.1,312.26,72.1,97.8,2.47,5.655
2038-02-22,4.93,1.48,79.29,277.69,74.7,97.1,1.78,4.895
2038-02-23,6.14,0.03,74.66,261.98,78.5,99.2,0.82,2.555
2038-02-24,9.52,-0.25,17.74,309.56,89.9,99.9,6.9,1.416
2038-02-25,12.08,5.12,87.05,296.55,79.1,98.8,0,4.736
2038-02-26,6.5,3.74,55.35,297.33,70.7,100,0.08,4.711
2038-02-27,8.71,4.49,53.63,310.09,89.4,100.5,1.52,2.571
2038-02-28,12.15,7.12,69.78,325.78,90.2,100,0.87,2.21
2038-03-01,10.78,6.01,60.76,333.15,94.3,100.5,0.91,0.669
2038-03-02,12.73,9.24,69.21,342.87,92.3,100.5,0,1.745
2038-03-03,11.45,8.07,68.04,328.54,89.1,100.9,0,2.557
2038-03-04,12.63,6.37,116.88,294.01,90.7,101.1,0,0.98
2038-03-05,13.81,5.65,102.98,308.55,93.1,100.9,0,0.572
2038-03-06,12.05,4.93,100.37,294.04,90.7,100.7,0.04,2.444
2038-03-07,11.05,0.78,135.29,252.02,88.1,100.3,0,2.037
2038-03-08,12.17,2.96,96.42,311.93,90.9,99.7,0.71,1.314
2038-03-09,12.14,6.62,139.35,290.7,75,99.9,0,1.216
2038-03-10,12.84,8.18,56.73,335.35,78.5,99.4,1.32,1.625
2038-03-11,13.97,8.04,152.05,290.75,75.1,99.4,3.28,1.67
2038-03-12,14.67,6.24,95.79,307.82,81.6,99,1.73,1.427
2038-03-13,13.21,3.55,82.12,303.42,84.7,97.7,7.16,1.589
2038-03-14,8.75,2.38,39.05,304.67,89.4,98.5,11.28,3.362
2038-03-15,9.67,3.83,96.59,303.38,91.2,98.8,10.28,2.237
2038-03-16,8.32,5.26,68.32,318.44,91.2,98.6,11.11,1.667
2038-03-17,9.29,5.36,82.62,298.05,81.1,99.2,0.97,1.893
2038-03-18,9.01,3.19,105.45,272.88,84.8,100.2,2.27,1.533
2038-03-19,12.87,2.69,163.15,266.39,74,100.6,0,1.563
2038-03-20,14.36,7.56,109.37,311.78,75.1,100.3,0,1.629
2038-03-21,17.44,8.15,174.74,286.85,71.8,100.1,0,1.881
2038-03-22,16.19,8.17,128.6,311.42,84.9,99.3,5.79,0.655
2038-03-23,13.98,9.08,88.46,339.71,90.7,98.5,5.47,2.614
2038-03-24,14.33,7.26,56.56,337.31,90.1,98,6.96,2.297
2038-03-25,9.63,5.96,118.97,299.75,86.2,97.5,2.41,1.18
2038-03-26,8.5,4.6,113.26,301.53,73.9,97,5.65,1.581
2038-03-27,10.18,3.42,124.63,283.83,81.4,98.3,0,1.433
2038-03-28,11.74,2.55,98.08,302.71,89.4,99.1,1.86,1.072
2038-03-29,13.98,5.71,94.03,323.79,86.6,98.7,4.85,2.922
2038-03-30,8.4,4.73,134.97,287.62,74.5,98.8,3.36,4.504
2038-03-31,8.01,4.22,110.76,276.96,75.5,98.8,0.93,3.797
2038-04-01,9.22,3.95,126.5,281.11,63.3,99.5,0,2.328
2038-04-02,8.72,4.02,131.32,289.96,66.9,100.4,0,0.677
2038-04-03,9.43,4.52,114.3,303.23,75.6,100.9,0,0.864
2038-04-04,10.8,1.32,196.51,262.31,71,100.8,0,1.03
2038-04-05,11.14,5.4,132.33,300.1,63.7,100.3,0,0.724
2038-04-06,10.68,4.23,116.01,301.32,80.5,100.6,0,0.485
2038-04-07,13.24,6.2,133.28,315.37,73.9,100.4,0,1.289
2038-04-08,11.96,6.29,132.96,311.58,68.8,100.3,0,3.134
2038-04-09,9.62,4.32,94.34,302.29,75.6,100.8,0,2.89
2038-04-10,8.15,3.4,108.5,295.18,76.7,101.1,0,3.265
2038-04-11,8.02,3.45,58.11,304.55,84.4,100.6,1.57,1.305
2038-04-12,9.43,3.91,143.57,296.31,72,100.4,0,1.458
2038-04-13,9.54,4.06,124.58,299.86,76,99.8,0.7,0.427
2038-04-14,10.45,1.16,163.46,276.47,80.8,99.1,1.69,0.494
2038-04-15,12,5.96,132.41,319.33,84.5,98.4,3.23,1.809
2038-04-16,8.99,4.6,199.41,277.54,67.6,98,2.17,4.291
2038-04-17,10.87,3.87,159.57,304.03,82.9,97.8,17.24,3.795
2038-04-18,9.93,5.28,179.37,295.85,61.9,97.1,4.29,5.425
2038-04-19,10.13,5.27,143.63,296.42,69.2,97.2,1.41,4.136
2038-04-20,11.15,5.5,141.73,303.1,74.6,97.9,5,1.692
2038-04-21,10.18,6.44,134.09,306.15,84.2,96.5,5.48,2.003
2038-04-22,10.59,4.15,209.86,265.12,62.7,98.6,0,2.254
2038-04-23,10.5,2.93,171.39,275.26,64.7,100.1,0,1.279
2038-04-24,14.16,4.46,155.44,305.43,74.8,101.1,0,1.962
2038-04-25,16.59,7.39,250.75,286.19,62.8,101.5,0,1.939
2038-04-26,17.81,4.8,280.83,269.36,73.2,101.1,0,2.287
2038-04-27,15.49,7.26,248.25,293.47,78.5,101.5,0.27,2.444
2038-04-28,14.16,6.72,247.17,285.38,76.6,101.7,0,3.633
2038-04-29,14.42,6.92,216.5,297.76,77.5,101.4,0,4.983
2038-04-30,15.17,6.9,237.75,280.11,72.3,100.8,0,3.532
2038-05-01,14.01,5.23,224.09,282.01,74.1,100.3,0,1.414
2038-05-02,8.39,4.04,127.89,297.68,73.9,99.7,0.71,0.727
2038-05-03,8.19,2.75,133.96,288.24,71.3,99.2,0.04,0.78
2038-05-04,11.62,1.06,306.38,237.79,60.7,99.6,0,1.985
2038-05-05,13.28,2.28,301.39,249.13,66.9,100.1,0,3.298
2038-05-06,12.64,6.06,82.41,336.04,87.2,99.9,14.6,4.085
2038-05-07,16.27,8.15,160.44,328,85.4,99.1,8.54,0.383
2038-05-08,12.96,5.79,213.73,298.98,72.4,99.4,2.69,0.707
2038-05-09,10.14,5.04,134.76,298.34,73.3,99.8,2.13,1.204
2038-05-10,10.91,5,157.03,306.6,75.4,99.7,2.61,2.235
2038-05-11,12.78,5.77,185.72,302.52,71.3,99.7,1.27,2.099
2038-05-12,12.89,5.85,142.54,309.25,76.6,99.7,0,1.72
2038-05-13,12.79,7.07,158.89,323.08,86.5,100,2.08,1.955
2038-05-14,15,7.19,212.56,308.82,73,100.7,1.48,2.695
2038-05-15,18.44,5.47,294.13,276.81,65.4,101.2,0,1.53
2038-05-16,22.25,10.95,288.45,311.26,70.9,101.3,0,0.793
2038-05-17,21.65,11.79,278.43,311.82,76.7,101.4,0,1.506
2038-05-18,23.73,11.15,282.73,313.95,75.3,101.2,0,0.212
2038-05-19,16.16,7.89,229.18,311.38,79.4,101.4,0,2.898
2038-05-20,18.83,7.43,305.74,292.75,71.9,101.5,0,2.552
2038-05-21,23.11,8.29,293.87,297.81,72.9,101.4,0,0.351
2038-05-22,22.07,10.9,327.02,293.73,67.2,100.8,0,2.09
2038-05-23,15.08,7.58,261.05,287.11,68.6,100.5,0,0.679
2038-05-24,18.34,5.71,316.7,270.47,64.4,100.6,0,1.064
2038-05-25,12.85,10.36,69.73,338.15,82.1,99,1.29,2.408
2038-05-26,12.62,7.14,163.77,312.06,73.7,97.8,9.68,1.272
2038-05-27,12.88,6.02,221.13,285.32,61.3,98.2,1.01,2.373
2038-05-28,12.63,7.36,169.3,297.35,74.7,99.3,0.92,1.616
2038-05-29,16.95,7.36,239.42,294.26,62.8,100.4,0,0.717
2038-05-30,24.23,10.7,265.22,336.15,65.6,100.4,0,1.117
2038-05-31,26.58,13.1,285.86,343.6,65,100,0,1.001
2038-06-01,28.94,15.5,306.77,351.67,64.5,99.7,0,0.887
2038-06-02,21.53,13.81,301.86,321.15,68.7,99.5,4.19,2.867
2038-06-03,16.55,12.04,156.9,332.57,74.7,99.2,2.72,2.365
2038-06-04,15.32,10.94,231.21,318.55,81.2,98.7,4.69,2.43
2038-06-05,15.32,9.19,222.98,312.73,75.6,99.1,1.52,0.81
2038-06-06,14.02,8.28,166.64,312.53,73.7,99.7,0,0.646
2038-06-07,16.26,7.88,282.93,297.33,73.8,99.7,0.74,2.169
2038-06-08,14.51,7.61,269.59,294.66,60.5,100.1,0,0.979
2038-06-09,13.8,7.56,182.53,298.54,66.9,99.3,0.62,2.255
2038-06-10,19.34,9.94,302.46,298.79,68,99,0,2.841
2038-06-11,16.11,10.1,210.53,324.59,81.6,98.9,7.37,1.064
2038-06-12,14.37,8.36,203.27,319.68,83.9,99.2,3.14,1.233
2038-06-13,13.94,7.59,209.67,300.35,63.7,99.8,0,1.562
2038-06-14,15.51,7.94,240.26,309.81,71.2,99.6,2.46,2.3
2038-06-15,15.29,6.36,285.22,282.37,64.8,100,1.18,2.57
2038-06-16,17.35,6.9,345.16,266.62,62.1,100,0,1.915
2038-06-17,17.69,8.97,275.75,295.8,69.5,100.1,0,2.677
2038-06-18,20.72,10.9,253.84,316.66,68.6,100.2,0,0.702
2038-06-19,23.73,12.6,285.86,327.97,66,99.8,0,2.902
2038-06-20,21.75,13.33,226.03,350.7,82.3,98.5,19.27,2.015
2038-06-21,18.59,13.28,200.77,345.66,88.3,98.2,23.86,0.812
2038-06-22,18.64,12.6,207.25,346.51,84.9,98.2,22.36,0.518
2038-06-23,16.71,11.91,166.76,349.16,84.9,98.6,4.95,1.519
2038-06-24,18.5,10.67,270.58,308.08,69.6,99.3,0,1.748
2038-06-25,19.5,11.03,232.93,334.74,78.2,98.6,2.17,1.949
2038-06-26,17.98,12.08,258.16,316.15,74.8,98,1.86,2.735
2038-06-27,16.57,11.48,265.27,309.78,77.3,98.1,0.98,3.565
2038-06-28,17.95,11.8,287.2,305.92,72.2,99.1,1.14,2.762
2038-06-29,18.87,10.68,235.19,309.48,71.1,99.7,1.3,1.444
2038-06-30,19.94,10.85,283.05,306.51,67.3,99.8,1.85,1.067
2038-07-01,18.89,11.38,269.83,301.56,73,99.8,2.39,1.65
2038-07-02,19.74,11.27,243.1,310.32,73,99.5,2.81,1.069
2038-07-03,17.61,10.71,223.4,316.33,75,99.7,2.14,0.389
2038-07-04,18.85,9.72,237.67,310.51,68.9,100.3,0,1.579
2038-07-05,16.17,12.4,125.04,351.35,82.9,99.5,4.78,1.8
2038-07-06,18.24,13.52,178.02,350.01,86,97.8,5.39,1.19
2038-07-07,15.78,13.15,106.83,347.94,92,96.8,11.2,0.487
2038-07-08,18.35,12.5,162.26,349.61,87.3,97,5.15,1.678
2038-07-09,22.04,12.98,276.13,327.3,71.2,98.6,2.79,0.331
2038-07-10,21.6,12.93,268.89,324.62,67.5,99.7,0,0.986
2038-07-11,20.98,11.84,311.39,308.92,74.4,100.5,0,2.501
2038-07-12,23.87,14.83,273.34,342.82,79.6,100.6,0,2.167
2038-07-13,21.47,14.41,248.71,324.48,75,100.6,0,2.219
2038-07-14,21.42,12.29,325.14,291.37,65.2,101.1,0,1.242
2038-07-15,21.87,10.96,315.52,293.92,72.2,101,0,2.398
2038-07-16,22.25,11.33,291.91,298.21,72,100.4,0,1.584
2038-07-17,25.35,11.34,337.34,297.72,67.3,100.4,0,1.103
2038-07-18,24.85,15.29,326.51,312.56,65.2,100.8,0,1.567
2038-07-19,25.17,14.37,299.94,332.16,70.2,100.8,0,2.14
2038-07-20,23.62,17.32,186.36,365.34,82.1,100.1,2.3,2.415
2038-07-21,23.95,16.18,255.85,345.32,75.4,99.6,0,2.235
2038-07-22,19.25,15.03,242.32,326.03,76.2,99.4,0,2.808
2038-07-23,17.89,12.88,205.23,322.77,75.5,99.5,1.45,3.395
2038-07-24,18.59,12.24,252.35,305.2,64,100,0,3.169
2038-07-25,23.36,14.7,254.97,344.39,74.9,99.7,0,2.912
2038-07-26,23.59,14.78,253.03,327.28,73.1,99.3,0.83,2.322
2038-07-27,20.01,12.75,271.16,302.69,57.8,99.7,0,2.738
2038-07-28,18.36,12.34,262.29,307.8,67,99.7,1.75,2.879
2038-07-29,18.5,10.9,214.93,305.74,64.4,100,0,1.653
2038-07-30,21.69,11.82,180.24,343.89,63.4,99.4,0,1.073
2038-07-31,21.3,13.79,230.53,334.32,65.9,99.1,0,2.367
2038-08-01,20.91,15.76,282.21,324.37,68.4,98.8,0,2.94
2038-08-02,19.44,14.32,257.44,324.15,71.8,99.5,0.48,2.683
2038-08-03,20.59,13.41,220.61,324.56,63.3,99.8,0,1.122
2038-08-04,18.57,11.64,155.81,332.62,72.4,100,0,1.803
2038-08-05,19.95,9.75,230.79,295.36,66.3,100.4,0.15,1.153
2038-08-06,21.58,10.68,283.77,293.21,60.8,100.2,0,0.422
2038-08-07,25.56,14.66,255.29,340.75,49.5,99.4,0,1.839
2038-08-08,21.72,16.59,212.84,339.3,72.9,98.9,5.1,1.114
2038-08-09,18.86,13.94,268.55,308.7,65.6,99.3,0,1.972
2038-08-10,22.12,14.23,246.51,331.23,69.6,99.1,0,3.453
2038-08-11,18.88,11.98,230.16,305.62,64.6,100.2,0,2.459
2038-08-12,19.42,10.47,199.19,303.57,63.4,100.5,0,1.774
2038-08-13,22.53,11.86,278.64,304.86,64.7,100.6,0,1.829
2038-08-14,28.04,11.41,288.39,312.21,57.9,100.6,0,1.381
2038-08-15,29.88,13.57,276.33,331.06,66.2,100,0,2.338
2038-08-16,26.51,15.85,207.18,355.4,77.1,99.2,6.63,0.185
2038-08-17,22.72,13.98,220.98,322.22,67.1,99.6,0,1.545
2038-08-18,22.64,12.48,234.57,312.96,69.6,99.6,0.08,1.644
2038-08-19,17.37,12.95,82.36,335.32,85.7,98.8,9.34,1.153
2038-08-20,19.59,12.39,186.5,319.01,70.9,99.3,1.45,1.902
2038-08-21,19.8,12.31,178.1,327.36,72.5,99.7,0,3.043
2038-08-22,18.21,11.43,222.02,297.83,69.6,100.4,0,2.765
2038-08-23,20.37,10.94,255.61,291.29,66.3,100.8,0,0.645
2038-08-24,20.54,10.41,166.36,320.54,75.2,100.6,0,0.181
2038-08-25,22.29,11.57,174.83,345.36,76.6,100.6,0,0.391
2038-08-26,19.58,14.56,133.21,362.81,88.6,101,0.97,1.24
2038-08-27,20.44,13.23,186.45,336.7,82.2,101.3,0,1.141
2038-08-28,20.77,13.08,168.34,337.1,83.8,101.3,0,1.699
2038-08-29,21.98,13.59,177.39,341.73,83.1,101,0,2.408
2038-08-30,24.09,13.9,172.16,344.87,79.2,100.4,0,3.084
2038-08-31,25.56,13.1,197.8,339.33,76.2,99.9,0,1.372
2038-09-01,27.03,12.3,223.74,335.75,73.3,99.4,0,0.584
2038-09-02,20.38,15.66,104.82,352.2,84.2,98.8,6.15,1.297
2038-09-03,19.98,14,212.93,316.12,70,99.4,0,2.6
2038-09-04,21.19,13.2,169.55,338.74,78.2,99,2.8,2.07
2038-09-05,16.93,10.84,193.68,291.41,69.7,98.6,0,2.28
2038-09-06,15.4,10.73,138.47,308.06,72.7,98.5,0.68,2.391
2038-09-07,16.26,9.83,116.95,321.12,78.4,98.8,6.6,1.708
2038-09-08,19.17,11.73,209.46,303.45,70.8,99.3,3.23,1.878
2038-09-09,18.82,9.43,200.81,291.93,66,100.4,0,0.3
2038-09-10,18.77,9.19,184.05,295.39,75.7,100.6,0,0.609
2038-09-11,19.79,10.14,144.47,329.04,77.3,100.5,0,0.959
2038-09-12,20.85,14.74,166,336.64,77.4,100.6,0,0.532
2038-09-13,19.34,13.53,151.29,325.55,81.6,100.5,0,1.746
2038-09-14,21.51,13.37,171.44,324.12,81.3,100.7,0,1.456
2038-09-15,22.72,12.76,192.81,314.59,79.9,100.6,0,0.46
2038-09-16,23.59,12.7,134.61,344.29,85,99.9,0,1.39
2038-09-17,22.61,14.15,135.27,357.82,86.5,99.2,1.21,0.887
2038-09-18,18.49,11.44,179.43,297.82,75.3,99.8,0,1.794
2038-09-19,19.33,10.72,76.54,348.2,82,99.9,1.49,1.046
2038-09-20,19,10.78,171.52,297.88,69.8,100.2,0,1.837
2038-09-21,19.83,9.96,141.67,313.02,66.2,100.1,0,1.372
2038-09-22,21.42,13.34,148.73,328.12,66.3,99.9,0,1.424
2038-09-23,26.7,11.89,172.58,344.51,73.7,100,0,0.966
2038-09-24,29.73,15.15,170.03,356.59,73.7,100.3,0,1.125
2038-09-25,28.75,14.87,170.49,343.29,71.3,100.2,0,1.773
2038-09-26,29.28,14.64,161.64,346.32,75.3,100,0,1.861
2038-09-27,27.5,14.57,166.2,329.77,76.6,100.3,0,2.039
2038-09-28,24.47,14.09,133.57,349.5,87.3,101.1,0,0.163
2038-09-29,20.53,13.75,135.2,338.61,84.8,101.4,0,0.815
2038-09-30,18.36,12.15,98.9,336.42,87.8,101.2,0.18,0.69
2038-10-01,17.97,10.79,93.4,328.35,90.5,101.2,0,0.402
2038-10-02,20.46,10.26,126.54,314.2,84.1,101.1,0,0.978
2038-10-03,19.02,7.81,144.45,288.69,85.3,100.5,0,0.095
2038-10-04,20.11,8.97,150.07,295.37,78.4,100.1,0,1.11
2038-10-05,22.07,9.22,141.26,317.66,83.8,100.4,0,1.324
2038-10-06,20.65,13.05,101.9,344.9,84,101,0,1.206
2038-10-07,19.92,11.34,113.42,320.66,88.2,101.1,0,0.784
2038-10-08,19.51,9.51,137.69,296.64,78,100.7,0,1.077
2038-10-09,21.32,8.24,115.81,316.25,81.1,100.1,0,0.427
2038-10-10,18.48,12.87,95.82,332.74,90,99.8,2.51,0.998
2038-10-11,17.59,11.02,55.72,336.68,84,98.6,2.19,1.777
2038-10-12,13,10,40.18,319.7,84.9,97.6,5.99,1.813
2038-10-13,14.82,9.15,92.07,305.15,76.5,98.8,0.81,2.652
2038-10-14,14.84,8.93,87.27,297.97,72.4,98.8,0.9,3.614
2038-10-15,10.67,6.76,52.56,286.75,84.1,98.5,0,2.657
2038-10-16,10.21,4.97,57.44,289.8,89.4,97.6,0,0.498
2038-10-17,13.98,4.1,99.48,285.9,82.1,97.6,0,2.238
2038-10-18,12.29,8.64,59.5,314.69,85.7,97.5,2.49,2.386
2038-10-19,11.33,8.17,38.61,341.64,98.2,97.9,11.03,2.361
2038-10-20,14.48,7.55,95.44,303.23,86.8,99,3.04,0.747
2038-10-21,14.17,6.02,56.18,324.23,93.6,99.4,6.55,2.426
2038-10-22,15.48,10.07,79.22,321.36,92.1,99.9,0,0.778
2038-10-23,16.14,10.63,57.75,346.52,93,100.6,0,0.304
2038-10-24,12.94,8.62,56.36,336.61,99.1,100.6,1.72,0.993
2038-10-25,14.99,11.23,48.39,348.98,97.9,100.2,2.25,2.106
2038-10-26,13.83,11.29,60.94,342.89,92.5,99.9,1.71,0.697
2038-10-27,13.48,9.75,45.73,335.37,96.5,99.9,0,0.861
2038-10-28,14.19,9.02,37.55,336.2,93.4,100.1,1.09,2.165
2038-10-29,13.44,8.08,68.16,308.59,97,100.5,0,0.179
2038-10-30,12.56,8.24,50.7,324.29,93.2,101,0,0.585
2038-10-31,13.23,8.57,44.79,329.74,92.2,101,0,0.622
2038-11-01,13.9,8.9,38.9,335.01,91.3,100.9,0,0.739
2038-11-02,12.48,8.84,50.04,323.99,87.4,101.1,0,0.72
2038-11-03,9.96,6.94,39.64,314.44,91.6,101,0,0.3
2038-11-04,13.86,7.21,46.11,324,90.9,100.5,0,2.073
2038-11-05,11.44,8.63,42.58,299.7,82,100.5,0,2.985
2038-11-06,14.69,10.78,37.87,335.6,89.2,99.6,0.74,3.432
2038-11-07,13.57,9.12,44.99,316.11,78.6,99.2,3.75,2.949
2038-11-08,11.89,6.83,50.5,287.09,78.2,99.8,0,2.169
2038-11-09,10.82,3.87,66.15,268.68,90.9,100.1,0,0.198
2038-11-10,12.26,2.77,57.17,290.37,91.9,99.8,0.72,2.919
2038-11-11,10.17,7.18,41.26,303.61,75.3,99.8,0,4.628
2038-11-12,8.17,6.73,29.88,319.22,67.6,100.4,0,4.459
2038-11-13,9.3,4.71,35.85,302.9,68,100.4,0,2.666
2038-11-14,7.81,4.48,41.67,298.32,79.2,100.5,0,0.551
2038-11-15,7.84,4.17,42.15,294.09,78.4,100.7,0,1.34
2038-11-16,6.15,2.27,46.08,273.35,89.7,100.3,0,1.912
2038-11-17,4.07,2.97,18.52,300.9,92.9,100.1,0,1.027
2038-11-18,6.61,3.13,40.51,291.4,94.1,101,1.51,0.501
2038-11-19,7.62,4.23,31.38,303.25,83.2,101.6,0,0.318
2038-11-20,6.95,3.71,27.43,307.73,81.8,101.5,1.1,0.814
2038-11-21,5.36,3.64,28.63,311.7,94.8,101.3,1.36,0.66
2038-11-22,6.16,4.17,31.84,310.56,88.2,101.1,0.77,0.805
2038-11-23,6.81,4.35,24.83,317.63,93.1,100.4,0,3.475
2038-11-24,8.47,5.55,34,315.36,88.1,100.1,0.7,4.511
2038-11-25,7.35,4.16,17.71,314.22,90.4,100.3,2.74,4.249
2038-11-26,5.18,0.72,31.5,290,88.7,100.3,8.16,2.338
2038-11-27,1.23,-1.3,13.69,281.02,90.6,101,5.05,1.941
2038-11-28,0.61,-0.4,28.1,276.56,95.7,100.8,2.15,0.848
2038-11-29,1.63,-2.65,22.77,276.08,96.3,100.6,3.07,0.605
2038-11-30,2.6,-2.18,30.68,272.23,92.1,100.1,4.2,0.401
2038-12-01,0.48,-7.08,11.59,270.78,100,100.1,6.08,0.706
2038-12-02,2.55,-8.41,23.95,270.83,93.8,100.1,2.41,1.543
2038-12-03,4.85,2.26,29.52,286.92,91.9,99.8,2.15,0.983
2038-12-04,6.08,3.34,19.35,312.43,90,100.4,0.56,0.493
2038-12-05,5.11,1.23,22.33,297.11,93.4,100.7,0,0.667
2038-12-06,3.32,0.26,15.96,294.28,93.7,100.1,1.58,1.948
2038-12-07,3.75,0.51,12.24,308.36,97.8,98.1,8.66,1.895
2038-12-08,9.87,3.36,19.32,338.29,100,98,0.49,0.979
2038-12-09,10.5,8.58,13.67,349.6,97.9,97.9,4.2,1.281
2038-12-10,9.56,6.09,20.68,312.2,95.8,98.2,15.67,1.142
2038-12-11,10.77,7.76,12.89,346.72,98.7,96.9,5.3,1.766
2038-12-12,11.77,9.71,25.25,328.63,92.6,97.1,2.95,1.284
2038-12-13,9.91,8.29,9.51,344.97,100,96.9,3.63,1.277
2038-12-14,10.59,7.58,22.69,326.94,98,97.2,1.17,0.796
2038-12-15,10.6,7.35,15.04,314.42,93.8,97.9,2.17,1.275
2038-12-16,10.57,8.11,9.94,335.88,98.4,98.1,3.93,1.44
2038-12-17,10,7.4,23.34,324.15,96.9,98.7,2.01,0.809
2038-12-18,11.84,7.87,9.74,323.61,96.6,98.6,6.05,1.008
2038-12-19,10.56,5.87,4.18,332.72,99.1,98.8,11.99,2.001
2038-12-20,10.01,8.32,27.06,307.75,89.1,99.7,0,2.174
2038-12-21,12.52,8.53,26.02,317.67,90.2,100.6,0,2.789
2038-12-22,11.15,8.9,20.93,324.3,87,100.6,0,1.721
2038-12-23,11.2,9.04,10.04,345,91.4,100,3.89,1.482
2038-12-24,10.75,4.1,33.47,285.68,87.8,100.7,0,1.581
2038-12-25,9.46,5.16,24.45,291.37,77.9,100.4,0,3.004
2038-12-26,9.17,7.15,18.67,309.43,86.6,100.2,0,2.326
2038-12-27,11.06,5.6,19.07,326.43,89.8,99.6,1.06,1.489
2038-12-28,12.29,8.69,7.44,331,84.2,98,5.84,2.129
2038-12-29,8.83,4.38,31.8,281.31,80.5,97.4,1,2.525
2038-12-30,6.34,3.58,35.31,270.28,77.4,98.2,4.19,2.757
2038-12-31,6.29,3.1,31.67,278.18,79.5,98,6.58,1.499
2039-01-01,6.25,2.62,28.06,285.15,81.5,97.8,8.82,1.181
2039-01-02,7.29,2.57,27.39,290.58,95.7,95.2,1.67,1.106
2039-01-03,7.57,4.51,27.82,293.31,87.3,96.1,2.47,1.65
2039-01-04,6.52,1.69,13.76,289.91,87.4,95.1,27.59,1.263
2039-01-05,5.43,1.83,33.91,288.04,90.2,97.2,0.43,0.736
2039-01-06,4.93,-0.47,19.02,274.34,81.5,97.2,2.27,0.607
2039-01-07,4.19,-1.13,37.7,234.01,78.8,99.4,0,2.216
2039-01-08,8.72,0.28,8.41,309.18,89.5,98.9,7.9,1.386
2039-01-09,7.79,5.98,25.97,299.13,87.7,99.3,8.6,1.442
2039-01-10,12.23,6.65,33.56,292.02,83.9,99.4,3.77,3.282
2039-01-11,13.49,6.74,19.04,319.37,83.8,99.9,0,2.978
2039-01-12,13.09,11.44,27.7,303.74,66.7,99.4,0,3.118
2039-01-13,12.39,9,38.27,304.39,71.4,99.6,0,4.281
2039-01-14,11.25,8.82,18.43,317.13,86.7,99.9,0,1.743
2039-01-15,11.81,5.48,28.33,304.3,73.1,98.9,0.94,2.558
2039-01-16,11.05,6.04,3.42,330.4,83.5,96.8,49.48,3.561
2039-01-17,7.21,4.47,33.02,306.09,74.9,95.7,9.07,4.23
2039-01-18,7.48,1.24,38.2,283.12,83.4,96.4,10.11,2.881
2039-01-19,3.92,-2.59,49.97,242.97,90.7,97.6,0.25,0.502
2039-01-20,6.64,1.54,34.01,292.79,80.4,96.3,8.35,2.965
2039-01-21,5.09,1,24.65,281.39,88.7,97.4,1.92,1.176
2039-01-22,3.8,-2.09,46.54,249.52,93.2,97.9,0,1.139
2039-01-23,4.85,0.39,50.28,249.38,75.2,99.4,0,0.413
2039-01-24,5.4,0.55,12.23,300.14,90.4,97.9,8.43,1.456
2039-01-25,8.24,2.77,21.29,303.23,76.4,96.8,4.28,3.661
2039-01-26,6.22,3.32,36.46,279.55,78.3,97,1.03,4.483
2039-01-27,5.56,1.54,43.67,250.98,79.1,99,0,3.195
2039-01-28,7.38,2.49,18.06,305.33,89,98,15.41,2.748
2039-01-29,3.88,0.53,29.34,281.17,86.2,96.2,2.26,1.163
2039-01-30,5.89,0.32,49.76,256.7,77.9,98.8,0,1.796
2039-01-31,8.85,0.31,33.8,290.85,91.2,100.2,0,1.997
2039-02-01,11.11,8.19,39.68,306.12,89.3,100.6,0,2.96
2039-02-02,9.39,7.24,52.6,300.85,85.8,100.7,0,2.101
2039-02-03,8.21,5.21,41.63,312.17,90,100.3,0,0.865
2039-02-04,5.17,3.2,27.16,306.58,94.1,100,0.42,0.326
2039-02-05,6.85,3.23,30.6,297.63,89.5,100.9,1.04,1.398
2039-02-06,6.33,0.93,33.57,283.04,81.2,102.2,0,0.997
2039-02-07,5.14,-1.49,81.08,238.95,90.5,102.3,0,0.333
2039-02-08,3.49,-2.96,54.84,257.07,99.4,101.4,0,0.802
2039-02-09,3.44,-2.11,62.23,274.96,88.2,100.7,0,0.67
2039-02-10,3.75,-0.02,48.79,294.17,96,100.8,0,0.652
2039-02-11,5.16,2.07,40.73,304.91,96.1,100.8,0.19,2.09
2039-02-12,4.67,2.45,35.39,310.78,95.2,100.4,0.38,2.9
2039-02-13,5.07,1.12,37.1,293.53,96.4,100.7,0,0.403
2039-02-14,7.6,0.64,52.47,293.55,95.8,101.5,0,0.855
2039-02-15,6.62,3.8,49.65,309.63,90.3,101.6,0.02,1.738
2039-02-16,6.34,2.98,80.19,284.19,80.6,101.5,0,0.836
2039-02-17,8.99,1.94,78.57,270.41,90.9,101.6,0,1.663
2039-02-18,9.25,2.6,89.41,284.93,92.9,101.4,0,0.913
2039-02-19,7.25,4.02,61.49,305.51,87.2,101.1,0,0.396
2039-02-20,7.27,3.93,50.94,309.91,91.1,100.7,3.77,0.846
2039-02-21,4.91,2.14,23.7,311.49,96.1,99.6,16.08,2.866
2039-02-22,4.37,1.02,74.72,283.01,79.2,100,1.72,1.728
2039-02-23,5.47,-1.42,104.09,251.55,78.1,100.4,0,2.278
2039-02-24,5.52,3.03,87.72,275.65,75.9,99.6,1.62,1.592
2039-02-25,6.03,1.75,70.07,281.69,74.1,100.3,0.37,0.9
2039-02-26,5.77,0.88,73.23,281.37,84.6,101,0.38,0.317
2039-02-27,5.7,0.2,99.73,275.04,81.6,101,0,0.632
2039-02-28,6.1,2.25,64.92,298.32,78.9,101.5,0.43,0.306
2039-03-01,5.79,1.56,94.32,285.01,77.1,101.8,0.14,0.301
2039-03-02,8.27,1.87,99.24,285.26,83.1,101.8,0,1.322
2039-03-03,9.78,2.02,102.92,293.29,87.1,101.5,0,1.407
2039-03-04,9.14,5.93,69.54,315.18,85.8,101.4,0,0.303
2039-03-05,8.27,4.14,55.64,313.36,95.2,101.2,0.73,1.164
2039-03-06,9.97,1.68,125.37,274.77,83.4,101.2,0,0.699
2039-03-07,8.26,4.38,93.78,301.64,80.5,101,0,1.654
2039-03-08,9.34,3.69,73.69,308.53,86.6,99.8,2.17,1.795
2039-03-09,5.09,2.08,89.93,278.91,63.6,100.1,0,1.399
2039-03-10,8.44,2.8,96.06,295.99,77,100,2.59,1.546
2039-03-11,5.02,1.78,80.82,280.75,80.8,99.7,0.68,0.622
2039-03-12,7.17,1.09,103.44,280.12,77.7,99.6,0,1.964
2039-03-13,9.16,4.89,104.58,300.48,77.7,99.3,0.09,0.485
2039-03-14,6.16,2.96,58.22,302.21,94.1,99.2,1.79,0.863
2039-03-15,8.8,3.3,85.42,305,89.7,98.3,13.54,1.671
2039-03-16,6.74,2.55,73.93,308.74,96,98,6.76,0.473
2039-03-17,7.32,-0.16,153.36,244.07,68.3,98.9,0,0.798
2039-03-18,4.61,-0.17,41.66,292.33,90,98.1,14.78,1.798
2039-03-19,6.34,1.91,84.33,297.55,93.9,98.6,6.25,0.418
2039-03-20,12.05,5.64,74.21,338.55,98.3,98.8,10.31,1.123
2039-03-21,11.42,8.67,46.51,334.94,91.7,97.7,18.85,1.581
2039-03-22,10.82,4.7,114.22,303.82,80.9,97.3,2.43,2.562
2039-03-23,12.12,3.76,39.97,327.27,94.1,97.4,19.49,1.419
2039-03-24,13.14,10.18,119.32,329.32,87,96.6,6.15,2.748
2039-03-25,12.49,8.19,114.8,314.3,83.9,96.9,2.13,1.679
2039-03-26,12.04,6.46,122.87,313.21,82.6,97.5,1.65,1.97
2039-03-27,12.04,5.69,152.07,297.46,83.7,97.7,1.14,2.285
2039-03-28,11.63,5.56,89.12,321.91,88.8,97.6,5.03,0.513
2039-03-29,10.99,4.99,106.15,312.97,80,98.5,1.6,0.78
2039-03-30,13.14,6.56,91.61,328.24,87.4,98,6.51,2.614
2039-03-31,12.03,6.13,179.24,288.83,72.1,97.3,12.48,1.151
2039-04-01,7.21,3.44,81.71,307.08,80.1,97.3,3.1,1.178
2039-04-02,8.97,2.27,173.07,256.96,65.3,99.7,0,2.639
2039-04-03,11.39,2.99,157.52,280.27,62.7,100.3,0,1.6
2039-04-04,10.84,5.93,208.62,278.35,60.1,99.8,0,3.658
2039-04-05,9.95,4.46,100.2,305.43,78.2,99.5,0.41,0.485
2039-04-06,10.91,4.62,185.1,273.98,65.3,100.8,0,2.124
2039-04-07,13.8,5.31,136.37,314.42,83.3,101,0,1.735
2039-04-08,13.4,7.68,168.18,312.25,68.2,100.1,0,1.856
2039-04-09,12.46,6.56,129.66,315.43,76.8,99.6,4.32,0.797
2039-04-10,11.5,5.44,192.92,281.51,66,99,0.46,0.959
2039-04-11,10.8,3.97,163.06,288.83,69.6,98.4,1.35,1.096
2039-04-12,10.61,6,77.48,328.1,87,98.3,8.94,5.212
2039-04-13,11.82,6.66,103.88,317.57,80.3,99,0.46,4.439
2039-04-14,10.85,6.14,106.47,315.48,82.3,99.9,0.57,3.491
2039-04-15,10.03,5.75,109.23,311.19,78.8,100.7,0.42,2.439
2039-04-16,12.23,5.23,150.61,304.5,76,101,0,2.037
2039-04-17,14.97,4.86,243.44,269.41,76.3,100.8,0,0.181
2039-04-18,16.16,5.49,245.35,272.53,71.7,100.6,0,0.767
2039-04-19,15.29,7.42,174.93,304.6,75.2,100.5,0.52,0.38
2039-04-20,14.12,6.46,198.4,292.05,71.4,100.9,0,0.387
2039-04-21,15.67,7.61,178.74,308.55,76.6,100.8,0,0.915
2039-04-22,14.56,6.51,219.17,285.22,76.2,101.2,0,2.001
2039-04-23,15.33,5.06,255.99,273.88,76.6,101.5,0,2.275
2039-04-24,12.61,6.31,191.87,301.66,79.6,101.5,0.69,2.922
2039-04-25,14.82,5.91,229.53,292.64,78.1,101.5,0,2.453
2039-04-26,13.59,5.98,201.08,297.02,77.8,101.4,0,2.797
2039-04-27,13.74,5.63,198.22,300.81,80.8,101.1,0,3.018
2039-04-28,13.3,6.35,143.47,313.7,80.1,100.7,0.05,4.028
2039-04-29,14.93,7.31,184.58,315.85,71,100.3,0,4.812
2039-04-30,15.71,9.15,118.55,338.8,83.3,99.9,10.96,3.574
2039-05-01,16.5,9.25,223.96,307.68,81.8,100.1,17.6,0.787
2039-05-02,17.29,6.78,229.61,288.42,72.8,100.3,0,0.148
2039-05-03,16.7,9.85,161.85,313.48,68.5,100.4,0,1.145
2039-05-04,14.03,9.24,112.88,321.51,81.8,100.3,1.75,1.192
2039-05-05,18.09,10.1,244.21,299.71,69.8,100.5,0,1.556
2039-05-06,19.26,8.62,248.77,299.95,66.1,100.5,0,1.762
2039-05-07,18.65,10.49,197.87,312.69,68.6,100.4,0,1.782
2039-05-08,17.55,9.08,199.29,312.69,69.8,100.8,0,0.762
2039-05-09,17,10.45,199.68,311.32,77.2,100.8,0,0.688
2039-05-10,20.76,10.72,239.89,318.79,68.8,100.4,0,1.628
2039-05-11,15.34,10.85,239.77,303.13,61.9,99.6,0,3.72
2039-05-12,12.88,9.24,146.68,311.85,64.1,101,0,3.463
2039-05-13,16.03,7.79,245.86,288.28,65.1,101.3,0,1.736
2039-05-14,20.34,6.86,288.79,288.84,66.3,100.8,0,0.968
2039-05-15,22.52,12.59,200.28,332.92,59.9,100.2,0,1.025
2039-05-16,19.82,10.67,309.11,289.45,65,100.2,0,0.375
2039-05-17,23.39,10.42,230.78,343.99,76.3,99.8,6.1,0.947
2039-05-18,15.37,8.88,270.56,285.68,55.8,100.6,0,1.967
2039-05-19,18.47,9.12,274.23,303.16,60.5,100.7,0,1.106
2039-05-20,16.59,11.04,268.26,306.97,67.5,100.5,0.19,2.954
2039-05-21,13.67,8.41,227.93,292.25,60.5,101,0.52,2.513
2039-05-22,17.91,9.46,200.11,339.77,76.9,100.2,2.45,3.384
2039-05-23,13.47,9,172.91,313.85,59.7,100,0,4.254
2039-05-24,13.5,8.51,170.79,319.08,70,99.9,0.52,3.241
2039-05-25,12.51,6.64,148.07,312.81,65.2,99.3,0,3.882
2039-05-26,10.31,5,157.52,291.97,72.1,99.5,1.59,0.883
2039-05-27,9.63,4.49,171.95,289.44,58,100.3,0.5,1.065
2039-05-28,12.03,3.22,212.75,271.33,50.2,100.5,0,1.318
2039-05-29,14.54,6.72,151.23,323.68,83,100,5.1,1.861
2039-05-30,16.84,8.81,305.72,297.38,75.3,100.2,0,3.215
2039-05-31,17.15,10.14,284.41,308.92,75.7,100.4,0,2.797
2039-06-01,17.45,11.48,263.44,320.66,76.1,100.6,0,2.379
2039-06-02,19.3,10.58,236.13,326.2,73.6,101.1,0,1.296
2039-06-03,19.63,10.32,280.07,304.13,74.7,101.2,0,1.569
2039-06-04,22.57,9.3,332.38,291.21,68.6,100.9,0,1.525
2039-06-05,23.54,12.58,285.35,313.14,54.4,100,0,0.824
2039-06-06,19.89,13.42,161.02,339.58,68.4,99.1,1.08,0.853
2039-06-07,15.75,11.64,160.85,338.49,80.2,98.4,5.57,1.173
2039-06-08,17.94,10.81,238.23,312.05,63.8,98.7,1.16,2.121
2039-06-09,21.06,10.52,280.49,307.76,58.5,99.7,0,1.235
2039-06-10,23.82,12.24,305.38,313.35,58.2,100,0,0.832
2039-06-11,24.59,15.21,199.49,364.87,80.1,100,4.47,0.877
2039-06-12,24.37,16.4,243.07,355.12,82.9,99.8,4.12,0.128
2039-06-13,24.27,15.34,169.01,373.34,91.5,99.7,15.97,1.193
2039-06-14,26.98,16.32,302.72,350.98,78.3,99.6,2.48,0.313
2039-06-15,24.03,14.56,341.9,318.61,78.6,100,0,1.214
2039-06-16,23.27,14.18,317,334.65,79.8,99.9,0,2.232
2039-06-17,20.15,13.9,240.38,355.75,86,99.6,1.01,2.383
2039-06-18,17.23,10.56,157.88,350.4,84,100.2,1.7,1.922
2039-06-19,17.61,9.19,301.36,290.91,69.8,100.9,0,1.814
2039-06-20,18.41,9.38,286.51,304.13,73.9,100.9,0,1.216
2039-06-21,17.16,9.37,238.86,311.06,74.1,100.7,0.38,1.214
2039-06-22,18.82,8.83,312.96,292.14,68.8,100.6,0,1.506
2039-06-23,19.78,9.11,259.71,305.79,73.6,100.5,0,1.719
2039-06-24,22.48,10.38,283.4,311.74,71.2,100.3,1.5,0.56
2039-06-25,24.56,13.91,304.37,325.12,61.4,100,0.61,1.813
2039-06-26,21.61,15.56,257.17,342.43,76.5,99.8,2.03,2.27
2039-06-27,21.05,14.33,205.77,343.26,78.3,100.4,1.11,0.413
2039-06-28,25.45,12.56,323.81,314.17,68.7,100.7,0,0.312
2039-06-29,27.94,18.07,274.37,357.25,60.5,100,0,1.395
2039-06-30,22.2,14.86,269,331.29,67.1,99.2,2.13,3.323
2039-07-01,18.34,13.55,276.89,308.94,67,99.6,0,3.953
2039-07-02,20.42,13.41,298.05,315.21,67,100.2,0,2.641
2039-07-03,19.25,11.63,283.7,305.83,67.7,100.5,0,0.467
2039-07-04,22.36,9.56,333.34,290.2,65.6,100.6,0,2.137
2039-07-05,26.66,11.94,300.21,324.24,63.3,100,0,1.008
2039-07-06,22.11,14.39,298.87,312.18,66.9,99.8,0,2.136
2039-07-07,19.82,13.41,200.66,324.41,70.4,99.7,0,2.567
2039-07-08,18.56,11.75,230.71,307.83,68.8,99.8,3.37,2.051
2039-07-09,15.88,10.91,179.41,308.68,71.4,99.6,2.73,2.18
2039-07-10,14.69,10.14,160.45,323.34,75.4,99.5,1.05,0.908
2039-07-11,17.36,9.12,192.42,307.76,67.5,99.9,0.34,0.745
2039-07-12,18,11.86,177.67,324.79,69.4,100.3,0.35,1.225
2039-07-13,20.63,13.35,228.41,351.64,79.4,99.9,3.65,2.566
2039-07-14,21.99,14.99,235.66,354.52,80.6,98.8,0.82,3.759
2039-07-15,19.14,13.1,268.82,313.27,72.1,98.4,0,3.542
2039-07-16,18.27,11.87,211.65,319.14,69.4,98.7,0,3.428
2039-07-17,18.45,10.84,207.32,306.58,65,99.3,0.44,2.198
2039-07-18,19.8,11.4,236.54,311.34,65.7,99.6,0.17,2.614
2039-07-19,17.4,12.88,123.39,348.59,85.4,98.8,8.71,0.947
2039-07-20,18.54,13.16,181.45,343.75,82.4,98.4,6.08,0.643
2039-07-21,19.32,11.13,224.53,304.96,65.4,99.5,0,2.247
2039-07-22,19.55,11.23,187.16,328.49,81.4,99.5,3.8,0.671
2039-07-23,21.66,15.81,272.8,332.49,77.8,99.6,0.42,2.51
2039-07-24,23.03,14.15,244.84,328.54,72.4,100,0,1.276
2039-07-25,26.76,17.64,299.47,353.71,66.8,99.6,0,2.967
2039-07-26,20.41,16.34,98.04,375.34,77.5,99.8,3.85,1.679
2039-07-27,22.83,13.92,284.65,308.5,56.8,100.1,0,0.606
2039-07-28,21.78,12.4,276.19,301.49,60.5,100.4,0,1.82
2039-07-29,23.56,14.78,252.78,330.92,70.4,100.4,0,1.938
2039-07-30,23.32,14.45,185.19,348.37,74.9,100.2,0,1.323
2039-07-31,24,15.13,194.85,353.64,77.8,100.2,3.18,0.744
2039-08-01,24.69,15.81,204.53,358.97,80.7,100.3,6.25,0.318
2039-08-02,25.81,16.18,219.36,356.94,74.4,100.4,0.51,1.089
2039-08-03,26.45,16.72,241.69,344.46,72.1,100.2,0.36,0.83
2039-08-04,24.84,16.4,216.41,345.25,75.7,100,0.37,2.382
2039-08-05,21.13,12.45,296.83,292.64,64.1,100.6,0,1.12
2039-08-06,24.02,10.8,298.28,290.06,58.4,100.7,0,1.57
2039-08-07,22.27,15.8,198.74,350.22,76.5,100,0.39,2.692
2039-08-08,23.45,17.82,226.98,354.61,78.8,99.7,0,2.797
2039-08-09,23.18,18.49,194.66,362.91,76.7,99.2,0.78,2.938
2039-08-10,21.86,14.09,257.04,321.63,67.4,99,0.62,3.437
2039-08-11,20.21,12.38,229.11,310.48,60.6,99.7,0.1,2.113
2039-08-12,18.74,12.53,150.25,339.46,77.3,98.9,16.6,0.72
2039-08-13,18.45,10.85,220.51,301.69,63.7,99.8,0,3.19
2039-08-14,19.07,11.55,177.3,318.63,73.3,100.2,0,2.483
2039-08-15,22.19,12.34,201.07,335.35,72.6,100.5,0,1.717
2039-08-16,21.94,14.69,142.45,356.83,83.9,99.9,0.85,2.262
2039-08-17,19.56,13.24,248.45,301.53,67.7,100,0,3.094
2039-08-18,21.43,11.08,202.99,335.7,78.9,100.3,0,2.217
2039-08-19,26.37,17.41,260.03,337.8,71.7,100,0,2.659
2039-08-20,20.06,12.76,159.15,323.76,72.9,100,3.3,1.815
2039-08-21,17.4,11.76,174.85,316.7,69.3,100.2,0.51,2.595
2039-08-22,17.78,10.67,215.04,308.48,72.3,100.1,0.82,2.609
2039-08-23,20.54,14.02,175.64,357.09,83.9,99,2.12,2.275
2039-08-24,16.85,11.98,155.32,320.93,76.4,99.1,2.89,1.848
2039-08-25,18.09,10.26,184.74,296.37,61.6,99.9,0,2.311
2039-08-26,18.83,10.72,140.64,321.86,68.1,100.2,0,1.849
2039-08-27,21.08,13.45,157.07,343.61,82.6,100.5,0.82,1.739
2039-08-28,19.41,12.05,219.53,317.18,66.7,101,0,2.212
2039-08-29,20.55,12.31,219.07,313.71,67,101,0,1.366
2039-08-30,22.79,13.3,221.75,328.32,77.7,100.8,0,2.115
2039-08-31,21.48,13.1,200.42,327.3,77.2,100.6,0,2.584
2039-09-01,20.16,12.9,179.53,325.81,76.7,100.5,0,3.055
2039-09-02,18.8,12.13,213.15,305.7,66.3,100.6,0,2.247
2039-09-03,20.34,12.54,170.36,335.1,81.1,100.6,0,2.899
2039-09-04,17.1,11.92,128.3,320.87,74.4,100.6,0,2.873
2039-09-05,19.9,11.23,136.48,332.41,78.1,100.9,0,2.207
2039-09-06,22.6,15.1,205.21,327,77.4,101.1,0,2.329
2039-09-07,22.62,13.68,171.15,333.23,74.4,101.1,0,0.923
2039-09-08,21.59,15,131.73,347.74,78.9,100.6,0.43,1.731
2039-09-09,22.25,15.24,178.17,334.32,70.8,100.4,0,1.786
2039-09-10,20.59,14.58,171.33,337.54,75.9,100.3,0.42,3.184
2039-09-11,20.06,13.19,132.25,346.57,76.6,100.3,0.3,1.714
2039-09-12,17.38,11.47,112.57,337.78,67.4,100.6,1.4,2.27
2039-09-13,18.79,11.14,65.51,365.15,90.5,99.6,11.92,1.07
2039-09-14,18.29,13.6,170.81,323.5,79.3,99,0.49,2.602
2039-09-15,18.79,12.64,54.41,366.9,92.6,98.4,19.16,1.372
2039-09-16,16.81,9.69,145.92,305.67,81.3,98.5,0,1.317
2039-09-17,17.27,9.97,153.32,305.55,70.9,98.9,0,1.66
2039-09-18,18.17,11.35,153.48,331.71,81,99,0.99,1.662
2039-09-19,15.09,11.85,60.06,358.41,95.7,99.1,12.18,2.358
2039-09-20,19.66,12.73,126.39,338.73,83.9,99.3,0.36,2.185
2039-09-21,16.26,12.35,150.59,319.81,80.9,98.7,10.72,3.392
2039-09-22,16.49,12.05,115.55,329.99,79.1,99.1,0.95,0.494
2039-09-23,12.19,10.22,15.17,353.28,92.5,98.5,42.17,4.72
2039-09-24,13.9,10.22,103.98,320.12,81.4,99.7,0,2.993
2039-09-25,14.26,10.14,43.51,353.29,93.5,99.6,24.13,3.324
2039-09-26,13.97,10.94,58.38,352.01,92.3,99,20.68,1.732
2039-09-27,16.91,9.69,159.74,301.02,79.5,99.9,0,2.352
2039-09-28,19.64,11.83,93.97,349.98,87.1,100.1,0,2.718
2039-09-29,20.3,14.63,140.12,328.68,79.3,100,0,2.514
2039-09-30,14.95,9.36,96.33,315.31,79.9,100,5.53,1.141
2039-10-01,13.45,7.21,132.86,286.75,69.1,101.4,0,0.794
2039-10-02,15.45,7.83,121.42,302.3,74.8,101.7,0,0.902
2039-10-03,16.49,10.33,129.58,315.63,79.5,101.5,0,1.426
2039-10-04,14.44,10.56,110.98,314.63,86.4,101,0,2.032
2039-10-05,15.92,11.27,90.98,336.17,85.6,100.3,0.48,1.322
2039-10-06,15.71,10.94,90.12,334.39,87.9,100.3,0,0.721
2039-10-07,15.24,11.62,79.28,340.72,87.8,100.2,0.02,1.505
2039-10-08,15.74,11.43,66.11,334.75,90,99.9,0,0.962
2039-10-09,16.28,8.26,111.2,301.31,92.8,99.6,0,0.895
2039-10-10,16.27,8.4,100.04,308.92,90.4,99,0,0.593
2039-10-11,13.59,9.76,106.98,296.84,74.4,99.2,0,3.234
2039-10-12,15.94,9.74,65.61,337.4,88.5,99.7,0.97,3.61
2039-10-13,17.87,15.07,67.67,357.81,87.7,99.8,0,3.872
2039-10-14,16.91,13.51,89.1,339.45,83.6,99.8,0.41,3.395
2039-10-15,15.09,9.6,76.37,310.36,82.7,100.1,0.27,1.756
2039-10-16,14.72,8.29,82.3,318.48,84.9,99.4,3.23,1.856
2039-10-17,16.02,9.81,37.59,344.07,88.2,97.4,15.97,2.322
2039-10-18,11.7,7.71,85.49,286.28,81.5,97,0.79,2.883
2039-10-19,10.39,7.15,64.98,293.18,81.7,97.7,0,2.136
2039-10-20,10.3,6.23,71.79,284.91,76.8,98.1,0,2.874
2039-10-21,10.75,5.92,95.24,268.42,68.2,99.3,0,1.47
2039-10-22,10.67,5.65,52.35,321.28,87.5,98.8,3.67,3.93
2039-10-23,18.42,9.72,77.59,345.38,87.6,98.7,1.52,2.463
2039-10-24,15.82,9.05,91.59,294.23,68.8,100.4,0,2.79
2039-10-25,13.77,8.29,65.57,309.95,86.4,101.4,0,1.78
2039-10-26,13.32,9.15,47.03,333.72,92.6,101.7,0,0.421
2039-10-27,13.15,10.05,51.2,340.83,93.6,101.5,0.89,3.467
2039-10-28,12.46,9.8,41.31,337.63,93.6,101.1,0.59,3.546
2039-10-29,11.74,9.43,40.44,339.34,95.3,100.6,1.07,3.053
2039-10-30,12.18,9.9,43.37,345.45,97.7,100.2,1.36,2.194
2039-10-31,12.17,10.13,35.79,347.78,97.8,100,1.18,2.167
2039-11-01,12.16,10.36,28.25,350.87,97.9,99.7,1,2.151
2039-11-02,12.12,7.33,44.63,323.21,95.5,99.7,0.96,1.44
2039-11-03,12.78,6.09,53.26,310.1,92.3,100.5,0,1.268
2039-11-04,13.48,10.77,52.04,328.85,86,100.5,0,3.529
2039-11-05,14.15,11.66,28.11,345.46,85.9,99.5,0,4.604
2039-11-06,13.73,9.56,38.34,321.48,84.2,98.6,0.48,4.303
2039-11-07,9.95,6,60.31,277.69,76,99.7,0,0.714
2039-11-08,8.13,4.26,61.98,282.62,74.2,100.6,0,0.231
2039-11-09,7.87,4.03,33.76,309.67,82.6,100.7,0,0.499
2039-11-10,8.92,5.52,34.5,305.69,83.8,100.5,0,2.807
2039-11-11,7.67,4.04,51.78,276.37,73.4,99.8,0,4.762
2039-11-12,8.95,6.57,11.26,332.67,89,99.7,12.69,4.037
2039-11-13,9.15,3.55,62.59,255,80.7,100.2,0,3.593
2039-11-14,7.58,0.85,65,247.33,92.1,100.9,0,1.851
2039-11-15,6.58,-0.2,28.17,288.96,97.5,101.3,0.69,0.927
2039-11-16,5.66,1.57,42.53,295.87,94.5,101.7,0.36,0.416
2039-11-17,6.54,3.4,30.27,313.93,97.9,101.7,1.48,0.464
2039-11-18,8.06,5.09,30.1,315.97,96.3,101.7,0.05,0.356
2039-11-19,7.38,4.31,35.79,303.59,88.9,101.4,0,1.021
2039-11-20,7.34,2.88,21.67,307.44,97.5,100.8,0,0.657
2039-11-21,7.17,4.2,13.73,323.65,99.5,100.8,0.71,0.348
2039-11-22,6.91,3.09,29.44,306.88,93,100.9,0,1.351
2039-11-23,6.76,3.01,32.64,290.71,95.7,100.5,0,1.051
2039-11-24,7.34,2.59,18.72,325.57,100,100,0.6,0.375
2039-11-25,9.26,5.6,14.81,326.51,98.5,99.9,1.85,0.784
2039-11-26,9.35,6.05,18.81,303.12,92.8,99.1,4.29,2.119
2039-11-27,9.21,6.06,39.19,294.68,84.8,97.9,2.32,2.329
2039-11-28,6.24,4.15,2.82,309.38,90.5,96.2,30.62,1.209
2039-11-29,7.89,4.48,36.31,265.34,81.3,97.7,0,4.139
2039-11-30,6.62,3.34,17.51,294.92,86.2,98.6,9.08,0.372
2039-12-01,8.4,4.33,41.16,301.18,95,98.7,2.68,0.931
2039-12-02,12.41,7.94,13.79,323.04,91.8,97.9,7.08,1.509
2039-12-03,9.51,7.1,24.37,298.86,78.3,96.8,5.16,3.057
2039-12-04,8.7,6.15,31.5,301.6,87.3,97.1,4.32,2.021
2039-12-05,6.37,0.61,22.83,268.36,67.4,99.2,0,1.843
2039-12-06,3.24,-0.15,36.11,245.18,70.9,100.1,0,2.073
2039-12-07,3.31,-2.49,39.01,233.57,86.4,100.3,0,0.895
2039-12-08,8.6,-0.97,9.21,306.07,93.7,98.7,11.53,1.331
2039-12-09,8.8,6.79,12.67,307.92,91.6,98.4,2.9,2.515
2039-12-10,7.59,4.73,30.6,282.23,94.6,99.2,0,1.711
2039-12-11,7.41,1.97,26.63,268.89,88.8,100.3,0,1.878
2039-12-12,6.28,0.56,20.58,290.37,93.7,101,0,1.09
2039-12-13,2.63,-1.69,22.99,268.18,100,100.8,0,0.443
2039-12-14,5.01,-1.1,24.35,285.96,94.7,100.9,0,0.386
2039-12-15,4.73,2.74,16.22,310.44,88.2,100.9,0.38,3.039
2039-12-16,4.74,2.5,17.32,304.59,86.1,100.2,0,4.122
2039-12-17,5.67,3.04,15.8,301.65,83.9,99.6,0,4.001
2039-12-18,5.79,2.84,23.2,292.1,83.9,98.8,0,5.07
2039-12-19,5.87,3.82,8.47,322.25,91.1,98.2,15.43,5.581
2039-12-20,7.77,5.02,12.42,332.71,100,97.8,9.76,4.519
2039-12-21,6.69,5.03,4.9,331.06,98,97.9,16.25,4.725
2039-12-22,5.88,4.21,7.22,325.51,99.3,97.8,12.41,4.909
2039-12-23,8.12,5.32,10.25,335.34,99.9,97.1,9.79,4.092
2039-12-24,9.77,6.7,22.15,308.64,95.7,97.4,1.56,1.038
2039-12-25,9.38,5.52,20.2,301.58,97.4,98.5,1.28,0.816
2039-12-26,9.77,5.98,7.45,339.87,97.7,98.2,11.47,3.918
2039-12-27,12.09,9.81,27.54,327.25,91.5,97.3,2.82,2.262
2039-12-28,11.51,8.4,19.63,323.53,92.8,97.8,0.84,1.52
2039-12-29,9.23,5.69,4.87,317.38,92.8,97.9,13.77,1.754
2039-12-30,7.22,2.44,25.02,293.13,98.5,98.7,1.25,0.306
2039-12-31,7.52,1.93,28.36,281.13,96.6,98.8,1,0.297
2040-01-01,7.83,1.42,31.75,268.8,94.7,98.9,0.76,0.523
2040-01-02,8.67,3.2,8.82,309.36,93.7,97.8,8.54,1.809
2040-01-03,8.13,4.93,23.12,302.19,92.4,97.1,4.32,2.846
2040-01-04,8.8,4.86,24.23,301.37,93.2,97.4,1.91,0.875
2040-01-05,7.81,3.27,33.66,271.23,88.6,99.6,0,2.118
2040-01-06,7.57,3.68,37.65,265.73,77.1,100.7,0,2.571
2040-01-07,10.79,4.06,30.39,291.63,82.1,99.6,5.29,3.921
2040-01-08,9.62,5.38,8.28,323.68,94.8,99,17.71,0.89
2040-01-09,10.3,3.3,13.13,328.58,92.2,97.1,12.24,0.541
2040-01-10,4.12,-0.25,41.98,232.49,73.3,98.4,0,2.248
2040-01-11,1.37,-7.22,25.2,237.61,91.6,99.7,5.54,1.294
2040-01-12,3.1,-5.62,10.25,284.77,96.9,99.5,3.06,0.788
2040-01-13,5.6,0.46,36.71,272.93,98.2,100.3,0,1.131
2040-01-14,10.36,4.15,25.38,321.17,95.2,100.5,0.82,2.082
2040-01-15,10.19,6.81,30.83,293.63,88.7,99.9,0,2.764
2040-01-16,7.72,3.62,25.41,280.75,84.1,100.7,0,1.762
2040-01-17,9.68,2.77,16.94,309.72,90.2,101.1,0.62,2.388
2040-01-18,8.65,6.57,34.77,294.47,86.1,100.8,0,4.714
2040-01-19,11.1,7.62,35.09,307.23,86.5,100.4,1.15,5.173
2040-01-20,11.16,9.16,28.55,326.33,86.5,100.5,1.33,4.776
2040-01-21,10.68,5.31,27.36,320.61,87.1,100.3,3.52,3.105
2040-01-22,9.8,4.88,31.39,315.66,90.8,100.3,2.7,2.831
2040-01-23,6.33,0.06,32.41,279.13,86.8,101.2,0,1.492
2040-01-24,3.36,-0.66,48.93,262.69,89.8,101.3,0,0.687
2040-01-25,6.01,1.02,35.88,276.67,95.2,100.5,0,1.77
2040-01-26,7.68,3.55,56.94,271.79,91.7,100.4,0,1.843
2040-01-27,7.06,2.98,40.87,293.04,85.9,100.3,1.21,2.099
2040-01-28,12.18,7.08,19.35,327.13,92.6,99.3,2.19,2.636
2040-01-29,12.81,10.62,34.09,343.32,86.6,98.5,3.52,2.671
2040-01-30,11.74,8.6,28.16,319.77,84,97.8,18.79,3.527
2040-01-31,12.02,10.52,30.63,326.42,81.3,97.5,6.58,3.603
2040-02-01,11.09,7.15,9.91,326.28,87.2,95.9,20.14,1.78
2040-02-02,7.56,5.68,39.63,301.85,67.2,96.7,2.11,5.567
2040-02-03,7.34,1.72,47.33,277.64,79.9,98.3,2.8,3.192
2040-02-04,4.49,-1.06,68.54,254.67,83.6,99.5,5.96,0.156
2040-02-05,4.17,-0.02,47.05,268.35,87.6,100.1,2.26,0.373
2040-02-06,3.62,-1.45,59.48,253.14,69.3,100.9,0.79,1.333
2040-02-07,10.45,3.26,17.1,320.83,91.3,99.7,1.18,3.4
2040-02-08,11.73,9.82,28.73,343.15,89.9,100.3,0,3.435
2040-02-09,11.67,8.23,54.15,307.31,91.4,101.2,0,2.977
2040-02-10,9.43,6.34,47.11,307.47,94.4,101.1,0,1.023
2040-02-11,9.85,5.74,35.96,310.65,92.8,99.4,0,1.3
2040-02-12,9.69,6.19,65.5,301.02,83,97.9,2.07,2.323
2040-02-13,7.91,6.09,50.42,283.91,78.6,97.5,4.37,4.567
2040-02-14,9.18,5.13,76.42,288.42,83.1,98.4,0.77,1.937
2040-02-15,5.39,3.22,19.71,306.72,92.8,98.2,16.29,0.357
2040-02-16,5.53,0.96,98.69,242.79,66.6,100.2,0,1.12
2040-02-17,8.33,-0.19,19.77,319.62,95.6,99.8,11.26,2.298
2040-02-18,12.53,8,79.99,326.18,89.3,98.7,1.68,1.441
2040-02-19,10.74,7.26,56.28,307.7,88.7,97.8,3.37,1.73
2040-02-20,7.86,5.06,47,283.88,87.1,96.8,0,1.076
2040-02-21,5.2,0.84,56.37,268.39,72.7,97.4,0,2.135
2040-02-22,4.59,-1.72,111.02,221.85,67.7,99.3,0,1.131
2040-02-23,6.19,-0.98,49.49,284.52,86.6,99.3,3.23,1.01
2040-02-24,9.04,-0.1,90.42,283.57,91.3,99.5,3.75,0.921
2040-02-25,10.51,7.36,82.01,308.21,88.4,98.1,5.35,1.649
2040-02-26,9.45,6.01,81.94,299.37,86.6,98.1,1.23,2.579
2040-02-27,6.16,1.59,40.8,301.83,82.2,99.2,9.14,1.491
2040-02-28,4.03,-0.95,75.35,261.64,72.2,100,0,0.693
2040-02-29,3.91,-0.98,83.29,272.37,78.8,99.9,5.19,0.769
2040-03-01,3.79,-1.02,91.2,282.89,85.4,99.8,10.26,1.036
2040-03-02,4.71,0.79,63.67,286.54,78.4,100.1,1.26,2.205
2040-03-03,5.41,-0.08,95.03,255.42,61.7,100.7,0,1.19
2040-03-04,9.02,0.43,101.05,285.6,73,100.5,1.77,1.05
2040-03-05,5.45,-0.07,80.83,273.06,70.5,100.3,0,1.055
2040-03-06,4.85,1.27,56.63,289.1,88.2,100.8,3.33,0.415
2040-03-07,9.34,1.22,90.13,296.33,88.2,100.6,0,2.904
2040-03-08,8.39,5.27,92.57,288.25,77,100.4,0,3.096
2040-03-09,10.4,5.64,130.59,276.74,85.6,100.3,0,4.296
2040-03-10,9.77,0.43,52.54,298.75,92.5,100,15.71,1.763
2040-03-11,3.64,-2.07,141.82,238.35,57.4,101.2,0,1.41
2040-03-12,6.16,-1.42,152.88,235.32,63.3,101.9,0,1.89
2040-03-13,7.54,0.62,166.51,250.63,71.4,101,0,0.965
2040-03-14,10.23,1.38,85.09,296.75,90.7,99,3.41,0.862
2040-03-15,7.54,3.09,39.44,299.42,98.6,98.4,3.75,0.118
2040-03-16,8.73,2.82,75.35,309.74,95.1,99.6,2.69,1.768
2040-03-17,6.81,1.21,146.5,261.41,74.9,101.2,0,2.835
2040-03-18,6.62,-0.26,172.64,243.79,67.3,101.6,0,0.935
2040-03-19,8.59,0.98,145.17,272.52,69.6,101.4,0,1.373
2040-03-20,12.61,2.15,188.3,251.26,72.7,101.2,0,1.09
2040-03-21,14.36,2.87,177.16,256.78,69.8,100.5,0,0.258
2040-03-22,11.5,1.9,187.22,256.44,81,100.1,0,2.22
2040-03-23,11.16,3.98,158.53,288.83,79.8,100.2,0,1.061
2040-03-24,12.96,4.68,176.23,263.97,72.9,99.9,0,1.689
2040-03-25,13.57,3.66,187.87,274.86,77.9,99.5,0,1.211
2040-03-26,13.95,6.35,117.16,314.93,82.8,98.5,3.29,1.674
2040-03-27,10.83,4.75,129.75,299.07,75.6,98,1.95,2.934
2040-03-28,5.34,3.01,116.98,280.75,70.8,98.5,4.03,4.463
2040-03-29,7.94,1.57,143.03,266.41,72.2,99.2,1.51,3.328
2040-03-30,8.73,2.58,168.28,264.24,58.9,101,0,1.821
2040-03-31,13.57,5.37,170.96,295.36,78,100.5,0.93,2.898
2040-04-01,11.47,6.04,140.11,309.53,75.4,100.8,0,2.248
2040-04-02,13.88,6.57,154.5,299.49,80.9,100.7,0,2.188
2040-04-03,13.92,7.92,176.99,297.12,81.3,100.6,0,2.773
2040-04-04,11.13,5.88,166.46,281.96,66.7,100.6,0,3.727
2040-04-05,10.15,4.79,160.4,276.84,59.2,100.9,0,2.518
2040-04-06,10.12,4.94,119.3,303.22,78.5,99.7,1.44,3.329
2040-04-07,8.45,3.27,114.46,287.08,72.6,98.7,1.31,1.741
2040-04-08,8.27,2.05,182.8,253.95,60.5,99.4,0,0.79
2040-04-09,8.21,0.63,164.83,251.9,57.2,99.7,0,1.638
2040-04-10,8.35,2.41,163.38,263.88,55.4,99.3,0,2.428
2040-04-11,9.18,1.19,197.64,245.77,56.4,100.3,0,1.494
2040-04-12,9.7,0.47,151.34,276.99,62.1,101.3,0,1.063
2040-04-13,13,4.97,177.03,295.56,61.2,100.5,0,1.368
2040-04-14,11.81,4.93,82.98,317.58,85.1,98.5,7.22,2.081
2040-04-15,8.88,4.31,210.13,279.38,63.5,98.1,4.96,3.662
2040-04-16,9.19,1.55,127.17,291,72.7,97.3,9.07,1.994
2040-04-17,8.5,3.53,147.92,288.77,79.2,97.8,4.49,3.328
2040-04-18,9.32,4.62,158.64,290.82,79.6,98.1,0.8,2.853
2040-04-19,10.07,3.96,179.56,276.74,71.7,98.7,0,2.996
2040-04-20,7.14,3.49,56.95,296.79,92.6,98,11.69,1.423
2040-04-21,10.03,5.26,130.99,315.64,92.1,98.4,6.33,0.877
2040-04-22,9.74,3.71,167.7,286.78,67.3,100.4,0,0.903
2040-04-23,10.12,2.1,173.56,271.22,69,101,0,0.477
2040-04-24,11.56,2.64,198.08,285.07,74.9,101.2,1.7,0.597
2040-04-25,12.08,6.97,106.87,331.57,92,100.4,7.33,0.649
2040-04-26,11.83,6.46,121.41,321.42,86,99,9.94,0.733
2040-04-27,9.74,4.74,149,310.76,85.5,98.5,5.58,0.665
2040-04-28,11.58,6,127.66,309.46,84.4,98.6,2.55,0.65
2040-04-29,11.08,4.38,164.29,282.32,80.3,98.5,0,1.702
2040-04-30,12.46,3.11,180.93,287.16,79.8,98.5,0.77,0.376
2040-05-01,11.14,5.44,116.16,315.72,87.2,98.4,5.89,1.336
2040-05-02,11.17,3.61,143.74,300.53,90.5,98.6,5.84,0.128
2040-05-03,13.19,6.64,170.85,311.41,82.1,99,1.33,0.828
2040-05-04,13.84,5.43,208.94,286.19,79.4,98.9,1.88,1.22
2040-05-05,13.29,6.65,159.89,300.68,76.8,98.9,0.75,1.256
2040-05-06,13.68,5.63,189.69,291.71,71.8,99,0,1.254
2040-05-07,11.77,6.76,146.44,298.19,75.5,97.7,2.72,2.407
2040-05-08,9.37,4.81,156.41,289.71,81.8,97.1,2.82,2.491
2040-05-09,13.13,5.56,169.24,298.17,70.4,97.4,1.2,1.701
2040-05-10,13.61,5.83,190.72,296.96,68.7,97.7,0.96,2.93
2040-05-11,13.19,8.02,143.45,320.39,78.6,97.9,5.18,1.883
2040-05-12,14.02,9.15,265.04,292.78,60.4,98.1,0,4.793
2040-05-13,15.74,7.84,166.75,314.08,75.3,99.6,0.9,1.019
2040-05-14,11.16,8.76,98.69,341.38,92.3,99.6,23.57,2.729
2040-05-15,14.77,7.58,176.49,327.21,83.1,100.2,6.41,2.629
2040-05-16,12.15,6.26,268.65,280.08,71.7,100.4,0,1.157
2040-05-17,12.62,5.92,208.85,303.45,72.2,100,0,0.813
2040-05-18,11.69,6.39,162.66,294.65,73,99.3,0,1.121
2040-05-19,11.86,4.73,188.16,297.11,85.5,99.8,2.77,3.13
2040-05-20,10.4,5.47,148.1,306.31,69.6,99.9,0,4.352
2040-05-21,12.12,5.19,189.19,293.83,68.4,99.8,0,4.294
2040-05-22,12.03,5.57,188.53,295.71,71.9,99.9,0.73,2.837
2040-05-23,12.51,5.82,175.15,303.4,71.5,100.2,0,2.146
2040-05-24,12.69,7.16,170.61,307.19,78.1,100.2,0.2,1.377
2040-05-25,13.53,6.93,216.91,300.07,80.2,100.3,3.35,1.848
2040-05-26,13.95,7.06,204.05,302.98,74.6,100.2,0,1.899
2040-05-27,12.9,7.56,209.8,313.91,75,100.3,0,0.806
2040-05-28,13.2,6.34,201.22,306.75,75.9,100.7,0,0.643
2040-05-29,18.58,5.12,309.29,276.31,67.4,101,0,1.181
2040-05-30,20.52,10.14,296.22,302.4,69.1,101.1,0,1.638
2040-05-31,21.34,11.16,305.95,305.23,69.4,100.7,0,1.784
2040-06-01,22.15,12.17,315.76,308.27,69.7,100.4,0,1.932
2040-06-02,16.09,10.49,200.91,324.98,69,100.2,0.29,0.743
2040-06-03,15.02,8.53,163.08,312.8,67.7,100.2,0,1.74
2040-06-04,12.05,7.57,60.34,330.7,79.6,99.5,11.04,0.878
2040-06-05,14.48,7.88,173.18,330.66,88.2,98.1,39.13,1.151
2040-06-06,13.94,8.43,162.81,323.48,83.4,98.1,4.81,0.228
2040-06-07,13.23,8.45,151.85,321.37,89.4,98.7,8.48,1.849
2040-06-08,14.86,8.32,173.45,316.31,82.5,99.6,1.05,1.118
2040-06-09,14.63,7.75,194.87,312.97,78.4,100.1,1.53,0.373
2040-06-10,14.59,7.84,262.47,291.52,66.4,100.5,0,0.626
2040-06-11,15.77,6.66,267.77,282.44,65.3,101.1,0,0.539
2040-06-12,16.11,8.38,286.88,293.91,73.3,101.3,0,0.794
2040-06-13,16.74,8.85,316.15,291.83,75.6,101,0,0.962
2040-06-14,18.02,8.27,276.35,309.87,78.4,100.2,0,1.034
2040-06-15,16.63,11.9,143.63,358.68,91.5,99.6,3.78,1.861
2040-06-16,18.8,12.33,234.73,346.65,87.5,99.7,8.71,3.132
2040-06-17,20.48,12.63,241,341.07,77.8,99.7,2.37,0.827
2040-06-18,18.66,12.45,187.28,340.54,84.5,99.1,10.61,2.524
2040-06-19,20.28,14.55,241.17,342.35,83.4,98.4,10.67,1.884
2040-06-20,20.53,13.55,245.11,335.41,74.5,99.5,1.72,2.047
2040-06-21,21.07,12.27,238.52,330.34,71.8,100,0,1.705
2040-06-22,22.33,15.54,219.27,359.21,75.6,99.7,2.72,1.773
2040-06-23,19.04,12.84,304.9,314.78,71.7,99.5,1,2.966
2040-06-24,19.4,11.54,311.27,293.88,65.4,100,0,1.896
2040-06-25,17.82,11.06,71.25,353.47,90.7,99.6,13.01,0.447
2040-06-26,19.5,11.92,229.69,339.51,83.3,99.5,5.47,0.611
2040-06-27,18.62,10.66,265.52,327.55,75.8,100,10.91,4.537
2040-06-28,17.53,12.93,147.28,361.99,87.3,99.2,12.69,1.474
2040-06-29,20.98,12.5,198.78,357.3,80.6,99.3,1.75,1.39
2040-06-30,21.34,15.29,212.06,356.44,77.9,98.8,0,3.093
2040-07-01,19.36,13.32,315.22,302.58,64.5,99.1,0,3.269
2040-07-02,18.13,11.46,274.88,301.25,66.9,99.2,0,2.143
2040-07-03,19.86,10.55,226.48,324.52,72.1,99.3,6.41,0.874
2040-07-04,21.37,13.28,223.09,353.19,79.5,99,8.23,0.642
2040-07-05,19.01,13.5,272.69,320.34,74.3,99.4,0,3.017
2040-07-06,18.12,11.88,211.37,323.76,70.6,99.7,3.28,1.748
2040-07-07,18.57,11.17,260.59,306.2,66.3,99.6,0,0.493
2040-07-08,17.91,11.07,223.8,316.82,66.2,99.3,0,0.971
2040-07-09,17.14,11.72,169.8,348.96,81.8,99.2,4.19,0.608
2040-07-10,20.07,12.91,325.07,309.91,68.1,99.3,0,1.853
2040-07-11,22.58,12.98,216.53,348.2,75.8,99.2,1.82,0.75
2040-07-12,20.9,14.06,187.86,346.55,87.5,99.1,15.42,1.151
2040-07-13,19.99,12.83,206.81,335.82,84.3,99.5,8.41,0.31
2040-07-14,19.73,13.33,211.09,348.87,85.3,99.4,0,1.452
2040-07-15,19.47,13.65,252.78,334.68,78.9,99.2,0.6,1.283
2040-07-16,15.78,12.59,112.46,350.45,87.1,99.5,11.33,0.821
2040-07-17,21.14,12.22,241.11,348.24,80.6,99.8,4.22,0.36
2040-07-18,17.65,12.95,136.62,347.66,88,99.7,5.58,1.326
2040-07-19,21.78,12.33,192.87,350.55,81.1,99.8,0.47,1.426
2040-07-20,22.15,14.5,322.51,308.03,69.4,99.9,0,2.45
2040-07-21,20,13.35,308.04,302.94,71.1,99.6,0,2.722
2040-07-22,19.8,12.48,229.46,320.3,71.4,99.4,0,2.049
2040-07-23,18.77,13.63,293.84,319.71,73.7,98.6,2.18,3.299
2040-07-24,18.59,13.19,252.14,319.01,70.4,98.6,0.92,3.966
2040-07-25,19.17,11.83,237.27,311.21,70.7,99.2,1.3,2.322
2040-07-26,19.65,11.31,262.1,305.5,67.4,100,0,1.837
2040-07-27,21.32,13.75,232.55,336.74,73.9,99.8,2.01,2.142
2040-07-28,20.7,14.63,246.65,327.56,77.1,99.3,0.6,2.206
2040-07-29,21.36,13.64,215.97,337.98,82,98.8,5.91,0.742
2040-07-30,21.25,14.21,242.59,329.75,75.6,98.3,4.37,2.126
2040-07-31,20.88,13.98,234.75,334.06,77.6,98.6,3.27,1.003
2040-08-01,20.51,13.75,226.92,337.93,79.5,98.8,2.17,0.642
2040-08-02,21.48,12.5,201.19,343.69,79.2,99.1,2.56,1.35
2040-08-03,22.73,15.13,224.14,351.42,78.9,98.5,4.25,0.987
2040-08-04,20.49,14.06,215.8,327.87,81.1,98.1,5.99,0.838
2040-08-05,19.42,14.34,188.79,345.37,89.2,98,8.54,0.237
2040-08-06,19.99,14,222.86,340.08,85.7,98.6,13.52,1.447
2040-08-07,19.93,14.1,240.79,327.07,75.2,99.7,0,2.374
2040-08-08,23.29,15.37,168.67,361.05,80.1,100.2,0,1.372
2040-08-09,26.11,17.71,214.18,361.02,67.3,99.9,0,1.023
2040-08-10,22.8,15.84,219.43,334.68,72.9,99.5,1.07,1.655
2040-08-11,19.62,13.93,170.56,330.42,84.8,99.6,8.65,1.053
2040-08-12,22.39,13.55,227.89,332.36,73,99.8,0,1.392
2040-08-13,19.34,13.59,168.24,343.62,77.8,100.1,0,0.653
2040-08-14,20.71,12.02,229.78,309.93,69.8,100.1,0,0.643
2040-08-15,20.16,13.39,216.09,320.11,74.1,99.9,0,2.527
2040-08-16,20.29,14.89,159.93,344.29,79.9,99.8,0,2.289
2040-08-17,21.72,13.23,171.64,345.32,84.9,100,3.89,1.281
2040-08-18,25.68,13.5,267.6,330.55,71.2,99.6,0,1.226
2040-08-19,19.68,14.56,211.61,318.1,69,99.6,0,2.841
2040-08-20,20.13,12.75,223.09,305.78,65.5,100.6,0,2.159
2040-08-21,21.46,11.39,254.76,304.3,65.6,100.8,0,0.734
2040-08-22,24.13,15.86,233.93,340.52,60.7,100.1,0,1.852
2040-08-23,21.28,15.92,122.49,354.44,78.8,99.4,16.79,1.331
2040-08-24,22.59,14.94,238.72,320.17,75.8,100,0,2.014
2040-08-25,23.21,13.2,232.86,314.02,75.1,100.4,0,0.951
2040-08-26,22.85,14.37,244.95,322.58,74.8,99.8,0,2.537
2040-08-27,21.63,14.23,228.91,326.85,75.7,99.5,0,2.473
2040-08-28,21.28,13.16,217.64,322.35,75,99.8,0,1.491
2040-08-29,20.87,15.6,102.87,361.8,82.3,99.8,2.27,1.751
2040-08-30,22.48,14.17,198.28,326.33,74.8,99.9,0,2.322
2040-08-31,21.78,12.79,206.41,318.55,73.6,99.8,0.75,1.288
2040-09-01,21.07,11.42,214.55,312.58,72.4,99.7,1.35,0.393
2040-09-02,17.82,13.21,204.96,307.99,75.6,99.1,0,3.299
2040-09-03,20.6,11.33,227.88,297.16,69.5,100.2,0,2.08
2040-09-04,21.86,12.42,229.92,307.22,76.4,100.6,0,0.249
2040-09-05,21.76,13.3,192.74,328.9,81.5,100.6,0,2.437
2040-09-06,20.4,13.77,188.22,326.56,76.4,100.7,0,3.063
2040-09-07,19.97,12.84,144.09,338.83,81.4,100.7,0,2.341
2040-09-08,18.55,13.71,139.56,345.36,81.1,100.7,0,1.864
2040-09-09,18.55,11.74,165.17,316.68,80.2,100.5,0,0.427
2040-09-10,22.16,13.66,152.99,348.83,78.6,99.4,10.1,0.701
2040-09-11,16.67,9.81,59.79,335.5,88.2,98.2,16.66,0.737
2040-09-12,16.03,8.65,187.42,279.27,63.1,99,0,2.211
2040-09-13,16.8,9.72,167.92,294.32,71.7,99.6,0,2.638
2040-09-14,16.05,9.61,95.59,325.84,84,100,15.84,0.437
2040-09-15,20.78,12.24,149.99,347.99,85.8,99.1,4.8,2.364
2040-09-16,18.45,14.49,138.45,336.67,79,99.2,0,3.052
2040-09-17,15.58,11.57,129.23,317.66,72.8,99.8,0,0.537
2040-09-18,15.3,9.7,125.3,319.16,72.4,100.1,0,2.847
2040-09-19,15.16,12.39,99.14,348.56,78.3,99.6,0.06,4.719
2040-09-20,20.25,12.76,107.33,358.41,89.2,99.1,7.6,1.674
2040-09-21,19.24,10.52,130.65,323.14,79.9,99.1,0,1.055
2040-09-22,19.04,12.3,130.86,328.32,81.9,99.1,8.72,0.613
2040-09-23,20.8,9.56,145.22,330.96,80.4,99.9,0,0.964
2040-09-24,20.92,13.32,113.32,350.72,83.5,100.5,0,2.33
2040-09-25,16.18,10.56,103.41,321.84,77.6,100.7,0,3.441
2040-09-26,16.22,9.42,106.48,317.92,77.9,100.4,0,3.01
2040-09-27,16.41,7.64,131.85,308.22,87.4,100.2,0,0.36
2040-09-28,17.52,11.19,120.12,325.99,83.7,100.2,0,0.276
2040-09-29,18.14,10.28,133.12,315.38,85,100,0,0.525
2040-09-30,20.04,13.82,95.93,359.28,90.1,99.7,0.07,2.58
2040-10-01,20.19,13.51,110.49,351.44,86.9,99.7,0,2.569
2040-10-02,19.91,14.97,96.75,353,84,99.2,0.35,0.885
2040-10-03,24.35,15.47,128.25,355.54,85.4,98.6,0,4.304
2040-10-04,20.24,15.46,74.87,363.37,94.4,98.3,17.53,2.583
2040-10-05,19.58,12.59,131.83,322.7,86.7,99.2,0,1.676
2040-10-06,19.66,14.71,83.05,358.01,90.1,99.5,25.47,1.693
2040-10-07,17.59,13.35,101.5,340.4,93.2,98.8,15.54,1.445
2040-10-08,16.2,12.53,41.19,345.35,95.4,98.7,1.54,1.339
2040-10-09,15.03,12.14,26.68,354.82,98.3,98.6,12.84,1.878
2040-10-10,16.82,12.67,108.11,326.99,87.8,98.3,2.22,1.711
2040-10-11,16.43,10.96,93.8,317.57,86.2,98.8,1.71,1.577
2040-10-12,15.88,10.24,121,291.07,75.4,100.1,0,2.551
2040-10-13,17.89,10.7,86.4,339.97,85.2,99.9,0,2.078
2040-10-14,17.9,12.56,22.58,356.43,90.3,98.7,19.08,1.664
2040-10-15,12.56,8.9,55.8,312.21,84.6,97.6,5.36,1.408
2040-10-16,13.99,8.64,110.31,285.86,77.3,98.6,0,2.73
2040-10-17,17.17,9.42,52.26,351.2,91.2,98.6,3.68,2.064
2040-10-18,17.18,11.47,101.46,316.36,74.3,98.5,0,3.194
2040-10-19,13.88,10.78,98.05,292.05,73.6,98.3,0.81,3.307
2040-10-20,13.37,11.01,73.34,313.83,84.6,99.2,0,3.371
2040-10-21,14.71,11.43,91.69,307.94,85.9,100.1,0,2.731
2040-10-22,14.47,10.07,75.64,311.84,87.4,100.6,0,1.378
2040-10-23,16.41,11.57,65.16,326.69,88.3,100.4,0.93,2.21
2040-10-24,13.43,8.88,86.71,295.04,77.5,101,0,2.509
2040-10-25,15.01,8.99,79.01,305.59,85.8,101.8,0,1.549
2040-10-26,13.73,8.54,75.67,290.42,84.8,101.3,0,1.686
2040-10-27,15.54,6.25,90.24,287.87,86.1,100.7,0,0.632
2040-10-28,15.52,9.79,77.09,313.48,90.1,100.2,0,1.761
2040-10-29,15.87,11.06,56.86,331.26,91.7,100.1,0,1.323
2040-10-30,12.66,9.43,68.87,294.96,76.1,99.9,0,2.271
2040-10-31,13.74,9.46,59.43,313.69,81,99.4,3.98,2.846
2040-11-01,14.81,9.48,50.15,331.68,86,99,7.8,2.575
2040-11-02,15.5,7.44,53.79,311.16,74.4,98.3,0.83,1.967
2040-11-03,10.93,5.89,58.23,281.35,75.8,98.9,0,2.158
2040-11-04,10.37,5.2,76.38,270.38,74,100.1,0,1.573
2040-11-05,14.69,7.4,25.26,334.13,89.4,99.9,0,2.731
2040-11-06,15.12,12.76,31.59,349.96,87.6,99.8,0.9,3.939
2040-11-07,13.96,7.7,59.34,290.67,74.1,99.7,0,2.875
2040-11-08,7.7,4.6,48.21,290.05,63.7,100.4,0,1.866
2040-11-09,9.95,6.87,33.61,306.3,63.7,100.6,0,1.553
2040-11-10,9.12,6.2,37.38,306.99,75.3,101,0,1.651
2040-11-11,9.33,6.5,35.77,315.53,76.3,101.1,0,0.512
2040-11-12,8.86,5.62,34.61,300.29,83.5,100.7,0,0.744
2040-11-13,9.65,5.98,17.34,313.66,87.9,99.8,0,1.951
2040-11-14,10.89,5.56,39.23,297.62,89.7,99.7,1.09,1.904
2040-11-15,10.94,4.99,58.04,286.9,81.2,100.1,1.02,1.581
2040-11-16,13.24,8.45,24.26,336.98,90.4,99.8,1.8,3.692
2040-11-17,12.57,5.56,56.25,271.38,75.8,99.6,0,4.099
2040-11-18,12.01,4.19,8.26,302.02,90.2,99.2,7.12,1.975
2040-11-19,9.51,2.29,54.02,267.26,72.3,99.9,0,1.496
2040-11-20,9.88,1.5,30.31,296.26,80.4,100.8,0,1.608
2040-11-21,12.47,6.1,30.17,309.25,83.5,99.6,1.66,3.272
2040-11-22,7.57,5.07,23.67,284.26,77.9,99.8,1.28,3.451
2040-11-23,8.63,5.01,25.66,285.5,90.2,100,0,3.243
2040-11-24,12.09,7.8,23.91,315.88,88.9,99.6,0,3.099
2040-11-25,15.11,8.26,27.46,327.71,86.5,98.7,5.77,2.645
2040-11-26,8.57,5.93,23.16,295.84,76.7,99.1,1.84,2.764
2040-11-27,8.67,5.41,20.19,300.92,86.6,99.9,1.47,1.589
2040-11-28,14.21,5.08,5.91,346.83,96,99.7,17.45,1.02
2040-11-29,14.23,9.31,31.19,338.39,88.7,99.6,0.82,2.499
2040-11-30,9.29,6.15,22.33,318.3,92.4,100.8,0.2,0.896
2040-12-01,12.92,6.84,11.93,352.98,94.6,100.1,0.95,2.411
2040-12-02,14.62,12.78,29.41,351.06,94.6,99.8,0,2.431
2040-12-03,14.05,12.47,13.59,358.44,92.4,99.3,5.21,1.872
2040-12-04,13.71,7.37,17.77,335.69,90.2,99,7.16,0.278
2040-12-05,8.5,5.17,13.2,308.81,91.5,97.9,17.72,1.601
2040-12-06,7.21,4.76,35.02,273.31,82,99,0,2.486
2040-12-07,5.6,2.11,16.27,283.82,95.3,99.2,0.98,0.595
2040-12-08,9.31,0.76,24.85,290.96,96.4,99.8,0.45,1.415
2040-12-09,12.47,5.58,25.94,312.09,89.3,98.9,0.94,3.081
2040-12-10,6.95,3.79,31.35,280.65,86.1,98.1,3.2,2.65
2040-12-11,5.73,3.63,35.41,264.52,75.8,99,0.06,1.54
2040-12-12,5.62,3.41,24.42,293.18,82.6,100.1,0,1.091
2040-12-13,5.14,-0.69,34.37,258.3,90.4,100.6,0,0.644
2040-12-14,3.2,-3.27,29.13,272.5,96.9,100.7,4.77,0.951
2040-12-15,5.71,2.07,23.81,280.25,87.7,101.1,0,1.244
2040-12-16,6.78,2.6,19.81,304.33,97.1,101.4,0,1.611
2040-12-17,8.95,6.41,27.22,312.54,93.8,101,0.1,2.091
2040-12-18,10.35,6.61,20.31,325.14,92.4,100,4.14,2.329
2040-12-19,6.6,2.55,15.31,288.18,93.7,99.1,1.22,1.435
2040-12-20,4.9,1.57,30.66,271.75,80.1,99.2,0,1.317
2040-12-21,5.03,2.42,15.23,284.75,88.2,98.6,2.92,1.975
2040-12-22,5.87,3.22,22.65,291.15,85.5,99.5,0,1.641
2040-12-23,9.58,3.48,7.06,325.54,95.9,99.2,5.31,1.038
2040-12-24,14.74,8.2,17.75,343.9,88.9,98.3,9.57,4.472
2040-12-25,10.01,4.78,28.24,284.36,74.3,99.3,0,3.811
2040-12-26,7.83,5.71,19.68,300.99,80.7,100,1.25,3.3
2040-12-27,8.81,5.38,20.23,293.23,88.1,100.3,0,3.278
2040-12-28,10.16,8.88,27.17,319.72,87.8,100.6,0,4.161
2040-12-29,10.1,6.58,28.21,319.06,77.1,100.3,0,4.016
2040-12-30,6.62,1.61,31.11,274.54,78.5,99.8,0,2.792
2040-12-31,4.63,0.69,33.53,254.95,75.7,99.9,0,2.368
2041-01-01,2.64,-0.24,35.98,235.6,72.9,100.1,0,1.99
2041-01-02,1.16,-1.27,33.84,229.95,64.1,100.7,0,1.761
2041-01-03,2.5,-1.4,32.78,237.8,71.6,101.1,0,1.421
2041-01-04,8.07,-2.02,11.65,293.26,83.9,101.2,1.56,1.986
2041-01-05,9.72,2.54,21.79,299.31,90.4,101.2,0.79,1.878
2041-01-06,12.57,9.78,10.6,348.3,88.1,99.6,7.86,4.63
2041-01-07,11.19,5.36,22.03,307.6,76.8,98.7,2.45,4.61
2041-01-08,6.03,4.13,28.74,283.16,74.5,98,1.4,5.016
2041-01-09,6,2.12,39.45,259.49,81.8,98.4,0.75,2.124
2041-01-10,7.38,1.28,25.7,299.06,88.8,96.8,13.8,2.887
2041-01-11,9.59,5.18,7.86,314.69,89.7,96.7,6.43,1.791
2041-01-12,7.25,2.94,29.21,287.1,88.1,96.8,0.78,2.638
2041-01-13,3.79,-1.4,10.61,280.45,93.4,97.8,7.43,0.39
2041-01-14,2.43,-2.77,44.12,226.67,86.3,98.4,0,1.25
2041-01-15,2.85,-2.52,28.45,261.45,88.6,98.8,0,1.46
2041-01-16,2.69,-1.05,27.54,289.56,92.8,98.3,2.02,2.18
2041-01-17,1.34,-0.42,8.75,296.96,94.6,97.9,18.81,4.234
2041-01-18,1.92,-0.77,31.72,270.87,79.3,98.2,1.41,0.97
2041-01-19,1.92,-5.04,46.11,225.55,82.3,100,0,1.933
2041-01-20,0.23,-5.73,23.58,256.84,94.2,100.1,0,0.448
2041-01-21,4.12,-2.29,19.13,295.25,90.3,100.2,2.17,1.236
2041-01-22,10.54,4.2,32.16,306.46,89.9,98.9,2.39,3.155
2041-01-23,8.94,4.69,30.33,301.48,93.5,99.2,0,1.548
2041-01-24,6.55,2.59,36.54,275.54,92.3,99.6,0,1.292
2041-01-25,6.9,1.97,35.16,286.08,84.6,99.6,1.55,1.46
2041-01-26,7.54,4.48,48.07,292.25,89.7,98.4,7.91,1.802
2041-01-27,9.67,4.54,43.4,308.12,90.8,98.5,2.43,2.144
2041-01-28,11.23,8.27,52.67,317.14,88.6,98.1,2.55,1.349
2041-01-29,8.85,5.74,48.23,287.16,90.5,98.7,0,1.766
2041-01-30,7.92,5.06,48.23,298.43,90.6,99.3,0.77,0.832
2041-01-31,6.79,5.24,13.19,329.39,97.8,98.4,8.45,4.032
2041-02-01,6.17,3.78,12.58,319.47,99.7,97.6,17.05,1.653
2041-02-02,5.84,4.14,14.46,309.79,94.5,96.8,17.06,1.412
2041-02-03,5.13,2.31,30.43,302.08,91.6,97.9,2.75,1.011
2041-02-04,4.01,0.67,31.96,295.14,91.5,98.7,2.72,0.226
2041-02-05,6.21,0,60.24,281.2,93.6,98.6,12.3,0.915
2041-02-06,11.09,4.61,60.62,317.76,93.9,98.7,7.41,1.144
2041-02-07,12.65,8.46,70.64,300.27,78.8,98.5,1.89,3.623
2041-02-08,12.91,6.1,21.52,304.47,91.3,98.7,12.49,1.173
2041-02-09,8.39,4.55,26.12,296.28,87,98.3,2.74,1.312
2041-02-10,8.63,3.71,54.76,275.76,90.3,99.8,0,1.963
2041-02-11,8.47,3.99,58.09,285.82,84.2,100.7,0,1.077
2041-02-12,8.42,4.69,39.82,320.96,91.6,99.9,3.75,1.812
2041-02-13,9.02,3.62,75.77,283.85,91.9,99.2,4.63,0.779
2041-02-14,10.15,5.33,16.93,330.04,95.9,97.5,12.19,0.896
2041-02-15,8.15,4.76,54.63,295.78,88.9,97.7,0,2.277
2041-02-16,10.55,5.52,36.08,324.72,93.2,98.7,7.48,1.081
2041-02-17,13.08,10.12,36.16,351.57,95.3,98.9,7.41,1.208
2041-02-18,11.27,6.6,31.72,322.81,88.2,99,2.64,1.394
2041-02-19,9.41,3.26,53.15,294.87,86.4,98.7,11.06,2.255
2041-02-20,9.49,3.58,100.91,277.03,79.3,98.5,0,1.932
2041-02-21,14.04,8.52,55.59,335.09,88.1,99.3,0,2.822
2041-02-22,15.19,10.02,100.76,305.45,85.8,100.2,0,1.176
2041-02-23,14.58,8.71,83.93,311.21,91.1,100.1,0,1.589
2041-02-24,13.86,7.46,96.18,296.55,90.7,100.8,0,1.355
2041-02-25,13.18,5.88,73.24,321.6,96,101.3,0,0.513
2041-02-26,11.5,5.84,67.82,314.06,94.2,101.1,0,1.727
2041-02-27,12.23,5.25,115.06,291.41,88.2,100.9,0,1.001
2041-02-28,15.5,3.69,126.29,286.89,86.4,101.2,0,0.341
2041-03-01,9.68,6.25,80.53,312.45,86.3,101.6,0,1.069
2041-03-02,11.07,5.85,100.99,306.93,81.8,101.2,0,0.282
2041-03-03,9.26,5.21,76.02,306.11,83.2,99.3,1.2,2.025
2041-03-04,6.41,3.38,78.84,286.31,82.7,97.3,2.44,2.746
2041-03-05,5.73,2.14,65.61,270.84,81.1,96.5,1.33,2.655
2041-03-06,7.77,2.02,84.08,281.73,75.4,97.5,0.1,1.144
2041-03-07,6.64,1.35,99.91,268.03,67.1,99,0,1.526
2041-03-08,8.73,0.38,109.21,272.23,79.6,99.5,0,2.146
2041-03-09,8.82,1.75,82.31,285.82,77.3,99.6,3.18,1.377
2041-03-10,5.45,-0.59,68.49,289.24,85.5,99.8,3.8,0.816
2041-03-11,8.8,4.88,76.25,320.73,95.4,99.1,5.02,0.236
2041-03-12,9.97,3.46,130.79,276.92,73.5,100.4,0,2.205
2041-03-13,9.68,6.43,74.66,321.95,89.4,100.1,3.5,1.99
2041-03-14,12.44,8.51,58.34,340.05,91.9,100,0,2.857
2041-03-15,12.68,8.21,50.63,316.57,89.1,99.9,2.34,2.904
2041-03-16,11.28,7.64,68.99,311.83,85.8,101,0,2.391
2041-03-17,13.19,8.27,128.37,309.33,85.7,101.5,0,2.305
2041-03-18,12.71,7.37,120.06,313.71,85.4,101.6,0,0.988
2041-03-19,13.75,7.67,139.35,303.12,82.1,100.7,0,1.222
2041-03-20,11.09,6.14,101.19,299.49,74.1,100.4,1.38,1.538
2041-03-21,10.36,4.17,169.67,259.84,67.1,100.7,0,2.621
2041-03-22,9.93,6.35,101.49,306.32,81.1,100.4,0.19,3.232
2041-03-23,10,4.77,85.25,318.35,95.1,100.5,9.97,0.881
2041-03-24,8.87,3.61,78.48,314.5,93.3,100,19.85,1.105
2041-03-25,6.86,1.99,114.75,278.9,68.1,100.5,3.18,2.987
2041-03-26,5.34,0.33,111.47,270.23,79.3,101.1,1.31,1.028
2041-03-27,4.11,0.36,86.49,277.42,65,100.7,0,4.315
2041-03-28,4.39,0.02,102.15,281.02,63.9,100.5,0,4.747
2041-03-29,5.52,-0.16,109.52,277.86,66.4,100.4,0,2.881
2041-03-30,8.29,1.35,145.77,285.58,74.1,100.2,1.89,0.553
2041-03-31,6.8,1.97,119.53,292.85,67.9,100.6,0,1.18
2041-04-01,7.04,2.5,106.75,298.7,68.4,100.7,0,1.149
2041-04-02,10.45,3.82,127.95,290.84,81,98.9,0.77,3.851
2041-04-03,10.47,5.04,130.15,289.93,66.3,99.2,0,2.83
2041-04-04,11.54,3.95,149.74,290.57,80,99.7,0,3.162
2041-04-05,10.81,6.88,111.83,312.18,75.4,99.1,1.47,3.853
2041-04-06,10.52,5.16,110.73,304.43,80,99.5,8.28,1.657
2041-04-07,13.67,9.95,123.63,336.76,85.3,98.7,4.46,4.586
2041-04-08,10.93,5.19,146.85,283.81,69.9,98.8,1.97,4.696
2041-04-09,10.81,3.52,164.23,272.76,61,99.8,1.4,0.517
2041-04-10,9.83,4.44,172.14,303.6,76.3,97.7,19.38,3.507
2041-04-11,8.55,2.72,117.53,298.35,78,97.6,6.59,4.267
2041-04-12,8.24,2.22,160.29,275.33,68.1,100.2,0,1.23
2041-04-13,8.17,-0.08,129.11,277.72,76.2,101.3,7.11,0.981
2041-04-14,9.44,1.46,123.55,292.26,83.4,101.2,3.13,2.608
2041-04-15,10.19,-0.91,252.91,236.85,73,100.7,0,0.618
2041-04-16,8.57,4.47,105.17,318.61,90.5,99.8,3.01,2.112
2041-04-17,8.14,4.89,103.43,313.2,87,99.9,1.78,4.413
2041-04-18,10.18,4.01,140.56,301.01,79.7,100.3,0.14,3.236
2041-04-19,10.26,3.85,153.33,298.84,75.7,99.8,1.45,0.456
2041-04-20,12.4,5.05,102.48,310.67,81,99.1,8.84,1.06
2041-04-21,11.55,4.05,179.07,276.73,64.4,100.1,0,2.127
2041-04-22,11.63,3.31,186.22,275.64,67.9,101.4,0,1.948
2041-04-23,14.9,4.61,233.95,276.31,71.7,102,0,0.302
2041-04-24,16.9,5.03,241.83,279.08,71.6,102,0,0.698
2041-04-25,17.01,7.76,224.49,288.32,74.5,101.6,0,1.251
2041-04-26,17.44,6.32,279.76,267.36,73.3,101,0,0.584
2041-04-27,15.17,7.91,183.25,304.63,77,100.4,2.46,0.914
2041-04-28,11.46,6.77,148.66,303.82,67.4,100.2,0.75,1.72
2041-04-29,9.74,4.67,133.5,302.86,66.7,100.1,0.85,0.574
2041-04-30,10.56,4.23,180.63,288.43,61.4,100.5,0,0.285
2041-05-01,13.31,5.67,218.74,298.7,65.3,100.6,0,1.174
2041-05-02,14.18,7.88,155.7,319.16,82.1,99.1,4.56,2.1
2041-05-03,12.07,7.43,179.34,295.3,80.6,98.2,0.98,2.763
2041-05-04,13.31,7.04,172.06,304.68,81.8,98.5,6.27,1.526
2041-05-05,13.64,8.63,193.87,302.09,82.1,97.8,2.68,2.295
2041-05-06,12.25,8.19,219.01,289.07,75.7,98.5,1.51,3.147
2041-05-07,13.27,5.88,195.59,291.56,67.1,99.3,0,1.308
2041-05-08,14.12,8.33,154.46,320.64,63,99.5,0,0.324
2041-05-09,15.21,9.19,160.53,320.04,72.1,99.2,2.72,1.421
2041-05-10,12.36,7,212.88,288.8,74.6,99.6,1.5,2.892
2041-05-11,12.02,6.34,148.52,306.99,78.4,100,0,2.596
2041-05-12,13.27,6.43,214.49,281.95,76.8,100.5,1.02,0.632
2041-05-13,14.12,7.01,280.14,282.75,76.2,101.3,0,1.008
2041-05-14,16.23,7.13,297.43,289.5,74.9,101.4,0,1.848
2041-05-15,15.12,7.97,260.4,299.65,79.8,100.7,1.17,3.242
2041-05-16,17.02,7.68,264.26,311.39,75.9,99.9,0,2.773
2041-05-17,16.81,9.96,164.3,346.6,90.1,99.5,1.45,0.772
2041-05-18,18.86,8.66,251.23,311.91,72,99.5,0,2.53
2041-05-19,13.65,6.54,209.46,284.45,52.4,100.8,0,2.094
2041-05-20,13.97,7.4,170.39,305.51,59.8,100.9,0,2.407
2041-05-21,11.02,8.24,149.46,312.07,74.7,100.7,0,1.051
2041-05-22,11.68,7.97,142.04,320.38,86.7,100,7.35,1.607
2041-05-23,13.51,7.34,178.32,309.86,84.2,99.8,2.36,1.156
2041-05-24,18.05,6.09,269.26,292.79,72.3,100.1,0,1.07
2041-05-25,19.23,8.96,248.5,310.14,70.7,99.9,0,3.131
2041-05-26,18.65,9.45,223.4,326.3,77.5,99.4,10.39,0.684
2041-05-27,17.93,11.41,214.05,327.56,71.8,99.4,3.28,1.32
2041-05-28,17.37,10.57,216.02,316.33,79.3,99.2,6.55,0.673
2041-05-29,16.06,11.03,137.37,342.57,91.8,99.6,29.64,3.184
2041-05-30,14.08,9.32,157.33,336.95,82.3,100.4,6.93,4.045
2041-05-31,14.72,8.41,207.54,317.88,79.3,100.5,3.49,3.754
2041-06-01,15.35,7.49,258.59,298.8,76.2,100.7,0,3.464
2041-06-02,16.07,7.39,346.02,280.68,71.9,100.4,0,3.772
2041-06-03,15.14,8.65,167.14,332.01,84.2,100.1,9.56,1.014
2041-06-04,16.49,11.6,180.02,339.97,80.2,99.8,2.45,2.358
2041-06-05,15.6,10.65,167.57,333.81,81.4,99.1,2.2,2.316
2041-06-06,11.33,6.21,148.17,316.6,76.3,99.3,5.36,2.2
2041-06-07,11.7,5.7,184.12,299.53,74.3,100.3,0.8,0.973
2041-06-08,15.02,7.87,197.62,309.91,67.8,100.5,1.94,1.776
2041-06-09,15.4,8.12,200.23,296.97,64.2,100.5,0,2.161
2041-06-10,18.13,8.41,251.04,296.72,63.5,100.6,0,0.763
2041-06-11,21.06,10.21,267.97,321.93,67.6,100.6,0,1.814
2041-06-12,22.45,14.87,235.5,360.44,80.6,100.1,3.93,2.441
2041-06-13,17.71,11.67,283.86,309.95,75,99.8,0.61,3.494
2041-06-14,17.18,10.74,236.17,303.55,67.4,100,0,2.531
2041-06-15,15.14,10.64,117.56,331.89,88.4,99.2,4.86,0.961
2041-06-16,18.61,12.03,224.47,330.48,78.9,99.2,2.4,2.271
2041-06-17,19.39,11.01,202.13,328.3,76.5,99.3,10.49,1.152
2041-06-18,19.73,13.97,230.47,346.53,75.4,97.9,3.25,2.893
2041-06-19,16.53,12.32,229.86,323.32,79.7,97.9,0.96,3.813
2041-06-20,16.64,10.7,196.58,325.86,66,99.5,0.05,1.233
2041-06-21,16.15,8.34,231.46,306.91,68.8,100.6,0,1.492
2041-06-22,20.33,13.55,266.31,334.99,81.3,100.7,0,2.295
2041-06-23,23.47,15.18,277.29,344.36,77.3,100.8,0,1.652
2041-06-24,25.84,15.63,285.62,345.18,78,100.6,0,1.282
2041-06-25,23.3,14.31,312.93,320.32,77.7,100.3,0,2.241
2041-06-26,22.17,12.99,262.96,339.09,79.1,100,0,3.062
2041-06-27,23.22,13.23,293.82,336.54,79,99.8,0,2.264
2041-06-28,23.61,14.77,283.58,334.75,76.8,99.9,0,1.782
2041-06-29,25.43,15.57,242.33,361.31,80.1,99.9,5.57,0.219
2041-06-30,18.75,15.55,86.88,362.32,87.4,99.5,20.26,0.462
2041-07-01,20.97,13.61,314.41,317.47,68.9,100.2,0.86,0.675
2041-07-02,22.8,13.65,279.9,327.36,73.7,100.8,0,0.368
2041-07-03,25.18,14.76,294.69,340.33,75.8,101,3.47,0.726
2041-07-04,24.89,16.52,263.39,351.5,77.8,101.2,8.74,0.856
2041-07-05,19.96,12.43,195.19,336.71,77.2,101.3,8.79,2.895
2041-07-06,22.31,10.5,357.13,278.29,69,100.9,0,0.79
2041-07-07,25.56,14.99,313.74,328.28,66.1,100.6,0,1.124
2041-07-08,20.32,13.39,312.33,303.9,66.7,100.9,0,0.931
2041-07-09,23.29,12.14,313.12,319.26,69.4,100.5,0,1.565
2041-07-10,22.95,15.4,277.36,335.09,74.4,100.1,0,2.572
2041-07-11,18.23,12.94,204.96,332.9,72.3,99.9,0.62,0.741
2041-07-12,19.95,12.58,300.69,313.44,73.5,100.4,0,1.488
2041-07-13,23.98,12.81,283.39,326.21,71.7,100.3,0,1.307
2041-07-14,21.08,13.86,224.88,339.4,72.4,99.3,5.17,2.054
2041-07-15,19.01,12.06,233.92,322.23,69.2,98.5,0,1.344
2041-07-16,15.96,11.94,145.61,341.86,80.9,98,2.12,1.146
2041-07-17,16.76,10.66,208.72,315.06,73.7,98.9,0.77,2.08
2041-07-18,20.93,10.13,302.56,307.36,68.1,99.7,0,2.361
2041-07-19,21.91,12.46,300.86,302.72,68.5,100.4,0,1.552
2041-07-20,24.03,12.67,325.58,294.88,66,100.5,0,0.329
2041-07-21,25.36,15.33,220.16,352.14,72.6,100.2,0,1.513
2041-07-22,24.2,14.58,227.87,341.18,73.2,99.9,3.97,1.416
2041-07-23,25.49,14.17,303.66,323.71,69.9,99.7,0,2.579
2041-07-24,24.49,13.27,266.46,326.91,74.1,99.5,0,1.858
2041-07-25,25.03,13.38,291.58,318.94,71.9,99.7,2.78,1.286
2041-07-26,22.55,15.94,287.04,320.29,67.9,99.8,0,2.67
2041-07-27,23,16.3,276.66,335.54,74.3,99.9,0,3.359
2041-07-28,29.08,15.06,306.9,331.99,68.9,100.1,0,0.661
2041-07-29,29.21,16.39,276.2,341.6,69.7,100.1,2.9,2.609
2041-07-30,23.46,15.79,98.38,373.32,86.5,99.7,10.41,2.702
2041-07-31,25.52,16.7,161.68,372.74,84.9,99.5,5.37,2.195
2041-08-01,27.58,17.62,226.22,372.29,83.2,99.4,0,1.706
2041-08-02,30.99,18.8,242.21,371.47,79.4,99.3,2.98,1.148
2041-08-03,26.59,19.8,191.67,368.8,79.5,98.9,9.33,0.357
2041-08-04,22.9,16.59,210.24,342.93,80.2,98.8,7.09,2.598
2041-08-05,23.22,15.33,219.6,340.32,69.6,99.5,0.62,1.176
2041-08-06,24.59,15.66,240.93,326.97,62.6,100,0,1.388
2041-08-07,25.49,14.91,242.88,338.12,65.6,100.2,0,1.282
2041-08-08,21.14,16.85,85.19,366.85,83.6,99.7,11.46,0.91
2041-08-09,22,15.19,253.34,326.42,77.7,99.6,7.44,1.01
2041-08-10,23.24,14.04,261.06,316.06,70.2,100,0,1.225
2041-08-11,23.59,14.23,255.75,325.8,69.3,99.8,0,1.397
2041-08-12,22.58,16.44,196.27,344.88,75,99.4,1.35,1.517
2041-08-13,23.33,14.69,206.41,339.6,73.8,99.4,6.95,0.687
2041-08-14,22.86,16.77,186.51,355.82,85.6,99.5,34.37,1.652
2041-08-15,23.88,15.26,231.57,337.56,79.3,99.7,8.27,1.091
2041-08-16,21.05,16.18,182.17,338.95,82.8,99.5,8.5,1.008
2041-08-17,22.53,15.42,221.84,335.34,78.3,99.1,3.14,0.734
2041-08-18,19.03,15.95,67,361.71,93.2,98.7,42.06,1.134
2041-08-19,22.64,13.9,228.64,324.22,76,98.9,0,3.423
2041-08-20,18.93,16.33,125.11,360.91,89.6,98.8,21.97,1.654
2041-08-21,23.82,16.48,206.09,361.94,82,99.2,1.14,3.511
2041-08-22,23.71,16.38,175.47,367.41,81,99.6,1.38,2.953
2041-08-23,23.51,16.59,186.73,352.35,73.6,99.4,14.43,1.007
2041-08-24,20.75,15.44,164.81,343.35,76.3,98.7,11.4,0.855
2041-08-25,21.51,14.98,237.06,325.1,76.3,98.5,0,1.965
2041-08-26,21.99,15.2,217.16,330.59,74.5,99,0,1.863
2041-08-27,22.19,15.47,151.1,364.42,85.2,99.1,0.85,1.657
2041-08-28,20.86,16.16,176.07,337.82,80.4,99.1,0,2.097
2041-08-29,19.98,14.52,160.01,337.2,83.7,99.5,1.74,0.415
2041-08-30,20.94,12.85,226.09,314.46,74.8,99.7,0,1.643
2041-08-31,20.95,13.1,214.29,320.12,74.2,99.5,0.47,1.952
2041-09-01,20.96,13.36,202.51,324.04,73.6,99.2,1.4,2.262
2041-09-02,19.42,11.89,218.16,301.3,69.8,99.8,0.19,2.301
2041-09-03,20.38,13.65,130.62,353.79,85.3,99.5,1.1,2.456
2041-09-04,22.26,15.28,193.38,338.13,78.3,99.4,1.19,3.441
2041-09-05,19,13.02,171.24,312.62,64.3,100.1,0,2.404
2041-09-06,18.53,11.43,164.61,316.26,69.7,100.5,0,0.942
2041-09-07,18.65,12.16,151.72,328.36,69,100.5,0,4.109
2041-09-08,18.22,14.34,104.01,356.94,75.2,100.3,0.99,4.523
2041-09-09,19.53,14.38,78.13,370.22,84.2,100.1,1.78,3.233
2041-09-10,18.78,15.27,75.74,359.12,88.9,100.3,5.17,3.385
2041-09-11,20.13,14.19,148.36,344.03,80.7,100.3,2.3,3.535
2041-09-12,20.37,12.51,188.01,312.05,77.9,100.2,0,3.043
2041-09-13,19.17,12.79,158.26,331.28,82.6,100.3,1.22,2.007
2041-09-14,18.87,13.12,137.62,334.42,82.4,100.4,0,1.754
2041-09-15,17.92,12.74,112.36,334.16,90.4,100.3,2.17,0.518
2041-09-16,20.85,12.48,178.16,321.29,76.7,100.4,0,1.228
2041-09-17,17.81,10.5,148.66,314.46,69.6,101.3,0,1.506
2041-09-18,17.38,8.92,143.08,307.01,72.2,101.4,0,1.499
2041-09-19,19.47,10.98,164.48,315.38,78.2,100.9,0,1.341
2041-09-20,22.94,10.61,172.5,324.11,83.1,100.2,0,0.47
2041-09-21,25.97,17.81,154.08,351.16,76,99.5,0,1.651
2041-09-22,20.12,16.42,61.25,355.69,79.3,98.6,9.03,2.517
2041-09-23,17.95,12.91,157.28,314.17,77.2,98.8,1.44,2.86
2041-09-24,17.71,12.2,122.87,317.44,76.3,99.4,0,2.768
2041-09-25,16.3,9.12,131.47,300.44,70.9,98.9,1.73,3.532
2041-09-26,14.88,6.69,128.33,298.01,65.1,99.5,0,1.065
2041-09-27,15.52,11.43,109.67,322.66,79.6,97.5,7.71,2.797
2041-09-28,13.38,8.18,121.42,300.91,70.4,98.4,6.35,2.644
2041-09-29,15.83,8.72,119.57,327.75,84.5,97.6,3.4,2.13
2041-09-30,21.21,12.64,82.26,365.05,85.2,97.2,26.47,3.172
2041-10-01,18.29,13.82,107.63,347.3,82.9,98.3,2.97,1.537
2041-10-02,19.88,13.81,63.42,348.53,84.7,98.3,5.69,1.692
2041-10-03,18.3,13.17,81.28,336.98,85.4,98.5,2.11,1.562
2041-10-04,16.89,12.23,129.58,309.09,75.8,99,0,2.488
2041-10-05,18.64,11.49,86.44,333.52,81.8,99.4,0,1.099
2041-10-06,17.95,13.87,86.18,336.55,83.4,99.2,0,2.635
2041-10-07,17.59,10.99,101.32,328.27,81.9,99.7,1.28,3.091
2041-10-08,17.58,8.85,118.02,316.85,82.1,100.2,0,1.05
2041-10-09,16.69,9.57,117.56,304.06,80.2,99.8,0,2.325
2041-10-10,15.13,8.84,96.66,309.21,74.4,100.1,0,1.039
2041-10-11,15.76,9.82,125.54,287.99,77.5,100.5,0,0.821
2041-10-12,17.05,9.23,111.13,298.5,80.6,100.5,0,1.056
2041-10-13,13.65,9.67,36.54,329.4,95.7,100.2,1.68,0.33
2041-10-14,11.15,7.6,74.79,306.54,72.9,101,0,0.931
2041-10-15,14.22,6.61,101.28,288.42,70.2,101.8,0,2.295
2041-10-16,15.6,9.52,116.64,294.34,82.9,101.8,0,1.286
2041-10-17,13.32,8.3,75.3,311.78,89.3,101.9,0,0.423
2041-10-18,12.73,8.19,94.82,300.15,78.8,102,0,1.474
2041-10-19,11.63,7.13,87.3,305.74,85.5,102,0.8,0.533
2041-10-20,11.45,9.37,55.76,332.52,90.5,101.7,0,0.082
2041-10-21,12.93,9.96,74.35,319.57,87.8,101.3,0,2.063
2041-10-22,12.62,6.81,48.53,307.2,88,100,1.2,2.023
2041-10-23,8.09,5.84,14,319.44,94.9,99.1,17.07,1.54
2041-10-24,9,5.78,30.66,319,74.3,99.4,0,0.95
2041-10-25,10.31,6.67,49.54,312.8,68.7,99.8,0,0.807
2041-10-26,11.79,5.52,92.23,280.85,77,99.7,0,0.618
2041-10-27,11.87,3.66,81.31,282.79,89.6,100.2,0,1.955
2041-10-28,13.15,8.83,80.83,301.94,83.4,100.3,0,2.851
2041-10-29,12.71,7.8,79.31,300.43,84.5,100.9,0,1.71
2041-10-30,14.05,8.61,46.92,311.33,85.3,100.9,0,1.935
2041-10-31,12.65,8.29,53.87,306.99,82.3,101.1,0,1.564
2041-11-01,11.25,7.97,60.86,302.71,79.4,101.2,0,1.201
2041-11-02,12.25,7.47,54.16,310.49,90.8,101.2,0,0.447
2041-11-03,12.11,5.71,72.89,287.91,90.7,101.2,0,1.223
2041-11-04,12.21,7.26,47.59,295.91,92.6,101.1,0,1.654
2041-11-05,14.45,8.19,57.49,310.96,88.6,100.8,0,1.735
2041-11-06,12.21,7.26,52.89,308,93.6,101.4,0,0.698
2041-11-07,11.29,6.86,57.5,312.07,94.4,101.5,0,0.647
2041-11-08,9.47,5.92,26.61,312.06,96.4,100.9,0,0.567
2041-11-09,12.25,5.55,39.95,309.32,93.3,99.9,0,1.227
2041-11-10,7.58,2.01,56.97,250.05,69.9,100.6,0,1.448
2041-11-11,6.68,1.59,58.2,250.36,68.2,100.9,0,1.606
2041-11-12,9.8,1.5,32.57,310.79,82.6,101,0,2.447
2041-11-13,13.11,9.79,47.4,313.72,86.4,99.9,0,3.802
2041-11-14,10.53,6.62,55.95,291.63,77.7,98.4,0,1.736
2041-11-15,13.22,6.78,23.06,327.91,93.2,97.5,5.87,0.899
2041-11-16,9.28,4.31,55.43,272.83,87.5,98.3,0,0.988
2041-11-17,10.89,7.36,41.26,314.49,86.6,97,16.43,2.498
2041-11-18,10.23,7.72,29.92,308.91,87.9,97.7,1.83,2.511
2041-11-19,10.95,7.65,48,298.73,82.8,99.9,0,3.428
2041-11-20,13.67,10.22,36.56,333.32,84.4,99.5,2.32,2.942
2041-11-21,13.68,7.73,37.34,305.47,83.9,99.1,2.89,2.078
2041-11-22,8.43,5.06,27.91,274.51,85.7,99.8,0,1.277
2041-11-23,13.09,6.77,27.14,327.71,90.4,99.9,1.91,1.953
2041-11-24,12.9,10.73,43.99,319.36,89.5,100.7,0,1.732
2041-11-25,13.98,10.83,11.53,338.5,82.1,99.2,4.03,3.811
2041-11-26,12.45,6.71,29.13,304.07,86.1,98.6,1.15,2.656
2041-11-27,8.94,6.43,23.34,303.82,88.4,98.5,3.03,2.205
2041-11-28,11.28,8.16,43.44,286.81,85.2,99.7,0,3.733
2041-11-29,13.52,9.51,24.96,342.78,92.7,100.7,0.05,2.64
2041-11-30,12.76,9.79,38.41,319.5,94.6,101.2,0,1.859
2041-12-01,11.62,9.43,26.66,323.67,94.4,101.1,0,2.044
2041-12-02,11.71,8.27,27.13,331.78,93.7,100.3,0,1.229
2041-12-03,13.18,10.52,21.38,340.65,89.7,99.2,1.37,1.652
2041-12-04,12.93,9.39,31.13,319.36,89.8,98.5,3.1,1.664
2041-12-05,9.68,7.44,28.41,301.08,92,97.2,3.52,1.644
2041-12-06,8.49,6.51,17.01,301.27,84.5,97.7,0,3.333
2041-12-07,6.63,1.85,37.86,250.47,71.4,99.8,0,1.174
2041-12-08,5.31,1.19,32.99,260.01,79.1,101.3,0,0.666
2041-12-09,6.99,3.49,26.82,285.13,89.9,101.8,0,0.395
2041-12-10,6.02,2.31,23.92,289.59,86.7,100.7,0,0.464
2041-12-11,6.35,2.04,24.38,278.67,86.2,100.3,1.61,1.12
2041-12-12,6.1,1.6,29.69,270.55,91.1,100.9,0,1.581
2041-12-13,10.15,5.8,16.11,309.99,85.9,100.5,0.4,3.882
2041-12-14,11,6.31,13.4,321.54,83.8,99.2,5.79,5.112
2041-12-15,6.23,1.78,23.04,262.81,72.3,99.2,0.34,3.52
2041-12-16,9.07,1.69,4.47,299.83,84.4,99.2,3.01,2.019
2041-12-17,12.29,8.33,27.8,322.64,88.8,98.6,0,4.442
2041-12-18,12.11,6.25,20.57,317.01,80.7,99.6,0,2.235
2041-12-19,10.38,5.64,15.73,314.03,89.5,100,0,1.96
2041-12-20,11.68,8.16,23.73,322.41,90.6,99.9,2.1,2.034
2041-12-21,10.72,3.29,22.64,299.15,97.9,100.5,0,1.14
2041-12-22,12,3.89,11.55,300.62,82.8,100.1,4.47,2.545
2041-12-23,5.19,1.45,33.85,246.63,71.4,101.9,0,1.848
2041-12-24,5.8,1.15,23.16,278.46,90.2,102.1,0,1.233
2041-12-25,4.86,1.26,34.21,271.44,86,101.5,0,0.883
2041-12-26,6.59,2.85,25.43,297.57,89.9,100.7,0,1.254
2041-12-27,5.91,1.7,34.96,253.62,81.1,101.5,0,1.882
2041-12-28,7.5,4.96,18.16,306.2,85.1,101.1,0.06,2.387
2041-12-29,8.68,5.1,17.56,296.64,89.1,100.4,1.41,2.185
2041-12-30,10.14,5.71,13.84,309.54,86.2,100.9,1.75,3.021
2041-12-31,9.87,6.18,21.43,299.27,85,100.8,0.9,3.1
2042-01-01,9.6,6.65,29.14,292.17,83.8,100.6,0,3.181
2042-01-02,7.55,4.48,25.51,306.75,86.6,99.3,5.74,1.124
2042-01-03,5.11,2.12,37.36,270.94,81,99.9,3.16,1.683
2042-01-04,9.74,4.06,26.18,305.39,84.6,99.6,2.09,2.514
2042-01-05,6.47,5.48,34.94,283.79,80.7,99.7,1.7,3.357
2042-01-06,6.23,1.44,31.92,263.64,68.3,100.4,0,2.821
2042-01-07,3.52,-1.9,38.01,233.13,82.2,101,0,0.809
2042-01-08,8.41,-0.4,5.09,299.86,83.3,99.4,5.06,2.373
2042-01-09,6.08,2.88,27.23,266.5,75.5,98.6,0,3.705
2042-01-10,4.21,2.59,23.66,282.77,77.8,98.3,0,4.068
2042-01-11,5.38,1.14,35.3,264.47,83.6,97.8,0,1.465
2042-01-12,3.47,0.05,41.67,254.54,82.6,98.9,1.48,1.463
2042-01-13,5.83,1.16,39.87,264.36,85,98.2,3.95,3.048
2042-01-14,6.89,1.12,44.4,245.89,69.5,99.7,0,3.035
2042-01-15,10.71,1.42,8.52,318.46,91.5,99.8,3.93,1.949
2042-01-16,11.21,4.19,33.65,300.65,77.3,99.2,1.94,3.008
2042-01-17,7.65,3.46,13.29,311.67,85,98.6,4.97,3.041
2042-01-18,8.11,6.37,34.32,305.75,83.4,96.5,10.32,3.816
2042-01-19,11.03,5.06,33,317.16,84.1,97.5,4.91,3.343
2042-01-20,11.32,7.2,29.01,301.77,69,98.3,1.58,6.04
2042-01-21,11.48,5.7,15.9,323.21,89.9,99.8,7.62,1.566
2042-01-22,11.04,6.56,21.05,326.56,86.6,99.3,1.8,2.182
2042-01-23,10.73,5.17,27.5,318.56,77.8,99.4,16.59,3.751
2042-01-24,12.69,9.1,23.72,338.42,86.6,98.5,20.12,4.37
2042-01-25,12.98,4.98,13.73,313.25,79,98.6,13.16,4.672
2042-01-26,6.85,5,24.96,307.58,74.1,99.2,0.24,2.875
2042-01-27,8.01,3.83,25.79,308.12,79.6,96.7,7.69,3.123
2042-01-28,4.75,2.55,27.13,286.5,80,96.6,4.57,4.532
2042-01-29,11.35,4.06,22.35,308.77,82.9,97.7,5.5,3.157
2042-01-30,9.1,5.68,31.7,300.33,61.7,97.9,1.03,6.313
2042-01-31,7.08,4.48,44.64,291.07,75.9,99.1,1.55,4.044
2042-02-01,6.72,3.24,60.51,254.93,73.4,100,0,3.762
2042-02-02,5.43,0.91,53.35,257.08,80.8,99.9,0,1.604
2042-02-03,3.23,-1.42,70.54,245.7,78.8,98.8,0,0.553
2042-02-04,2.99,-2.21,54.42,252.06,74.2,98.4,0,0.591
2042-02-05,3.72,-1.59,74.17,233.38,82.2,98.7,0,1.383
2042-02-06,3.11,-2.94,75.65,236.92,82.4,98.7,0,0.957
2042-02-07,2.08,-2.62,58.09,252.55,76.8,98.4,0,0.283
2042-02-08,4.04,-2.46,24.01,276.65,86.3,98.9,3.76,1.775
2042-02-09,9.3,1.96,30.48,312.5,94.8,98.4,6.8,0.988
2042-02-10,9.53,5.37,67.32,290.95,94.4,98.8,0,1.745
2042-02-11,11.27,5.6,27.37,331.94,97.7,99.2,3.02,0.733
2042-02-12,12.78,7.7,65.64,318.83,85.3,97.7,9,1.992
2042-02-13,8.75,3.08,46.9,290.93,90.5,98.1,5.22,2.289
2042-02-14,9.03,2.79,17.23,312.02,97.5,98.5,5.23,2.333
2042-02-15,8.39,6.09,29.36,307.47,94.8,98.2,4.88,0.893
2042-02-16,9.34,5.99,43.88,312.59,88.9,99.1,9.16,1.187
2042-02-17,12.37,7.62,71.13,314.92,88.1,98.6,1.14,1.579
2042-02-18,11.34,7.5,78.83,301.09,80.3,99.2,1.13,2.251
2042-02-19,10.4,5.47,53.87,314.98,93.9,99,5.16,2.952
2042-02-20,8.37,4.18,43.13,304.38,95.6,98.3,3.57,1.458
2042-02-21,7.49,3.6,48.96,317.99,98.6,98.9,3.73,2.097
2042-02-22,7.04,3.68,40.88,317.8,97.6,99.4,5.49,2.372
2042-02-23,5.85,2.69,56.59,297.18,85.3,99.1,0,0.187
2042-02-24,7.51,2.15,83.69,273.05,86.1,98.7,0,1.875
2042-02-25,10.41,5.37,76.93,301.9,84.6,98.3,0,1.402
2042-02-26,11.9,7.16,54.71,328.18,88.5,97.7,0,1.786
2042-02-27,11.67,9.17,80.23,327.01,86.6,96.4,12.36,2.741
2042-02-28,9.72,5.95,60.66,319.31,86.3,95.4,6.05,2.35
2042-03-01,8.22,4.27,66.42,310.55,69.8,96.4,8.62,5.16
2042-03-02,5.82,2.28,59.43,267.89,77.9,97.1,0.41,1.736
2042-03-03,7.68,1.03,74.43,282.49,78,96.8,0,1.479
2042-03-04,8.3,3.82,73.97,310.21,88.1,96.5,7.62,1.996
2042-03-05,7.7,2.15,75.77,292.66,89.2,96.8,1.7,0.975
2042-03-06,7.66,0.25,72.5,297.16,92.9,97.4,1.16,1.085
2042-03-07,8.03,2.57,89.31,290.68,90.9,98.1,4.67,0.208
2042-03-08,6.87,2.71,58.17,309.74,86.7,98.3,0,4.365
2042-03-09,7.19,4.22,39.99,326.13,96.5,97.8,14.89,3.345
2042-03-10,7.87,5.19,79.96,321.52,92.8,98.3,1.03,1.954
2042-03-11,7.82,3.94,96.84,301.6,73.5,99.5,0,4.994
2042-03-12,8.08,3.54,72,318.86,91.5,100.2,3.15,3.836
2042-03-13,11.79,8.1,34.07,346.19,96.2,99.7,20.13,1.869
2042-03-14,14.6,9.1,88.68,335.8,91.4,100,1.32,1.697
2042-03-15,15.76,8.98,102.39,329.75,91.7,99.8,0,2.225
2042-03-16,15.74,8.69,119.5,329.17,87.9,99.2,0,0.964
2042-03-17,12.92,4.73,102.5,309.91,87,99,5.22,1.319
2042-03-18,8.5,2.67,130.87,266.04,73.7,99.4,0.55,2.588
2042-03-19,8.22,0.45,104.08,281.78,86.2,99.1,9.14,0.55
2042-03-20,6.02,-0.27,153.35,243.9,74.3,99.8,0,0.756
2042-03-21,2.83,-2.23,70.71,272.87,94.3,100.3,11.23,0.976
2042-03-22,7.47,0.16,63.82,307.32,84.5,100.1,1.57,4.51
2042-03-23,7.65,5.71,32.45,328.87,90.7,99,33.37,4.769
2042-03-24,12.1,7.51,55.24,346.78,98.5,97.4,29.56,3.707
2042-03-25,12.63,7.79,150.93,303.79,79.8,97.1,3.11,1.331
2042-03-26,13.04,7.32,115.81,320.07,80.7,97.4,2.98,3.776
2042-03-27,13.08,7.08,118.48,306.13,81.4,97.8,2.2,1.008
2042-03-28,13.56,4.49,146.65,277.89,77.5,99,0,1.174
2042-03-29,14.23,3.5,146.2,298.14,90.4,98.9,1.22,2.035
2042-03-30,14.01,7.91,122.46,326.21,87.7,99.2,0,0.58
2042-03-31,13.44,6.95,124,311.33,77.9,99.1,1.65,1.887
2042-04-01,13.03,7.8,140.45,320.56,75.9,98.4,4.95,3.08
2042-04-02,12.36,7.63,116.04,315.36,79.7,98.7,1.2,3.018
2042-04-03,8.7,6.06,71.89,316.02,94.5,98.8,5.04,2.091
2042-04-04,12.41,4.61,162.05,289.3,81.6,98.5,0,0.803
2042-04-05,11.81,5.4,141.61,302.05,79.8,98.7,2.3,0.878
2042-04-06,11.05,5.4,125.63,308.4,84.1,99.5,6.67,1.216
2042-04-07,11.92,6.03,123.09,318.49,82,99.7,4.12,1.298
2042-04-08,9.17,6.61,47.41,327.45,94.1,99.6,12.69,2.894
2042-04-09,13.85,7.69,99.78,340.03,92.7,100.6,1.61,2.088
2042-04-10,15.97,8.55,132.43,321.22,85.1,101.1,0,0.967
2042-04-11,16.86,7.28,210.05,282.56,67.7,101.3,0,2.745
2042-04-12,17.13,10.31,186.57,313.4,69.5,101.3,0,3.436
2042-04-13,19.61,9.93,208.19,295.96,56,101.4,0,2.177
2042-04-14,19.15,6.96,254.21,275.6,74.9,101.4,0,1.385
2042-04-15,17.67,8.78,243.27,280.43,68.8,101,0,1.406
2042-04-16,17.98,7.58,246.83,273.32,70.7,100.6,0,0.561
2042-04-17,17.88,7.92,230.34,280.96,69.9,100.6,0,0.949
2042-04-18,16.23,6.88,269.38,267.07,75.2,100.5,0,2.403
2042-04-19,19.76,8.71,218.27,319.71,80.8,100.2,0,1.98
2042-04-20,21.19,8.03,223.06,307.59,78.8,99.6,0,1.4
2042-04-21,19.05,12.57,201.1,334.46,79.1,99,13.23,0.855
2042-04-22,17.76,9.38,183.08,329.87,81.7,98.7,9.73,0.817
2042-04-23,10.79,8.42,74.55,337.79,93.4,98.8,8.82,2.091
2042-04-24,16.55,8.66,156.11,325.12,80.1,98.1,3.15,1.133
2042-04-25,15.9,9.37,160.95,324.67,80.6,98.2,6.45,3.149
2042-04-26,14.66,9.18,137.01,322.82,84.3,98.4,6.3,0.489
2042-04-27,13.48,7.94,128.26,310.52,82,98.8,2.25,1.312
2042-04-28,14.29,8.8,139.12,319.43,80.9,98.8,5.38,1.316
2042-04-29,15.05,8.37,178.59,305.78,78.6,99.3,0,0.87
2042-04-30,13.34,6.77,193.14,284.28,65.2,99.6,0,2.578
2042-05-01,10.46,5.66,206.89,282.96,53.4,100,0,0.313
2042-05-02,9.87,4.1,150.82,293.23,62.2,100.6,0,1.211
2042-05-03,12.78,2.02,277.39,250.05,56.9,101.1,0,0.85
2042-05-04,14.87,7.57,136.58,314.89,82.5,100.5,3.48,1.223
2042-05-05,18.1,9.3,184.25,324.94,77.2,100.6,0,0.56
2042-05-06,18.75,12.61,111.76,345.3,76.9,100,0,0.928
2042-05-07,17.8,10.5,192.42,313.1,70.4,99.5,0,1.443
2042-05-08,17.32,8.54,250.2,289.03,66.5,99.3,0,0.64
2042-05-09,15.46,7.59,120.85,327.47,81.2,99.2,3.89,2.257
2042-05-10,9.86,5.93,119.18,319.73,75.2,99.5,2.87,4.859
2042-05-11,7.34,4.18,77.85,319.52,87.8,99.2,24.44,4.429
2042-05-12,14.65,6.91,121.61,341.53,93.5,99.5,5.38,2.57
2042-05-13,16.93,10.7,93.58,363.05,93,98.4,65.85,1.169
2042-05-14,13.88,9.99,141.4,330.27,80.5,99.2,4.64,4.15
2042-05-15,18.31,8.26,282.08,298.78,80,99.7,0,2.047
2042-05-16,14.06,9.21,117.65,345.73,91.1,99.6,6.11,3.74
2042-05-17,14.12,9.49,148.33,342.09,89,100,1.22,2.482
2042-05-18,17.92,8.39,285.85,303.07,77.7,100.1,0,0.46
2042-05-19,20.82,10.92,308.41,295.74,69.5,100.4,0,1.742
2042-05-20,21.15,10.41,287.56,312.07,73.6,100.7,0,0.776
2042-05-21,22.3,13.28,257.54,324.79,76.5,100.7,0,0.173
2042-05-22,23.09,14.48,278.7,335.17,77.3,100.5,3.95,1.873
2042-05-23,23.02,13.36,299.06,321.09,78.8,100.2,0,2.709
2042-05-24,24.59,12.86,243.51,348.5,81.2,100,1.36,1.424
2042-05-25,17.98,10.38,155.01,347.42,84.2,100.5,0.13,2.947
2042-05-26,16.46,9.53,218.44,319.48,69.8,100.8,0,2.611
2042-05-27,16.52,7.95,268.15,289.27,67.5,100.7,0,1.911
2042-05-28,20.42,9.54,277.08,301.85,66.4,99.8,0,0.74
2042-05-29,14.87,9.77,119.9,334.89,85.5,99.2,1.14,3.009
2042-05-30,14.03,9.05,136.8,330.78,72.6,99.3,0,3.977
2042-05-31,14.9,8.67,176.26,321.16,70.8,99.2,0,3.629
2042-06-01,15.77,8.28,215.96,311.58,69,99.2,0,3.282
2042-06-02,16.95,7.83,246.65,304.15,70.9,99.6,0,2.568
2042-06-03,20.18,7.92,322.24,285.36,68.4,100.4,0,0.575
2042-06-04,22.59,12.48,266.09,324.65,61.9,100.3,0.96,0.867
2042-06-05,20.89,14.28,296.61,319.57,67.2,99.6,2.08,1.43
2042-06-06,17.54,12.37,170.47,326.44,80.7,98.8,5.16,0.788
2042-06-07,16.02,11.61,224.97,316.57,86,98.5,10,0.532
2042-06-08,16.2,9.09,191.44,323.4,78,99.2,7.85,1.144
2042-06-09,13.27,8.74,233.28,311.07,65.9,99.7,0,2.259
2042-06-10,14.03,6.88,236.12,283.96,60.8,100.3,0,0.344
2042-06-11,16.7,8.66,178.12,318.63,75,99.5,6.17,2.17
2042-06-12,16.18,11.56,201.88,311.78,71,99.2,0.71,2.49
2042-06-13,17.44,10.18,232.09,309.05,65.4,99.3,1.05,1.721
2042-06-14,17.18,9.64,234.65,305.55,69.6,99.4,2.47,1.327
2042-06-15,17.57,9.44,192.45,315.6,76.9,99.5,2.16,0.565
2042-06-16,16.35,8.78,237.98,304.97,71.4,99.4,3.41,1.808
2042-06-17,15.18,8.35,218.9,296.49,58.8,99.7,0,2.434
2042-06-18,16.13,5.98,209.73,299.42,65.3,99.9,0,1.037
2042-06-19,18.27,11.78,157.56,345.45,79.1,99.2,4.66,1.197
2042-06-20,16.97,11.44,282.92,306.37,70,99,0.08,3.219
2042-06-21,15.38,10.45,251.72,308.68,69,99.8,0,3.294
2042-06-22,20.1,11.63,169,348.25,80,99.9,1.06,1.561
2042-06-23,23.09,15.03,318.89,320.96,71.2,100.4,0,1.243
2042-06-24,24.28,14.02,236.28,353.38,80.4,100.8,0,2.23
2042-06-25,23.46,13.45,319.29,319.81,68.4,100.7,0,4.226
2042-06-26,30.43,13.74,341.48,341.03,66.7,100.2,0,2.277
2042-06-27,29.76,17.05,299.23,354.98,76.2,99.9,13.3,0.851
2042-06-28,20.1,14.12,166.66,360.08,80.1,99.9,1.81,1.929
2042-06-29,19.64,13.35,257.37,320.48,73.5,99.8,1.25,1.688
2042-06-30,20.22,11.97,295.22,304.69,65.6,100.6,0,1.97
2042-07-01,22.6,12.42,313.67,310.18,68.1,100.7,0,1.64
2042-07-02,27.24,12.9,338.07,333.02,74.5,100.1,1.18,2.268
2042-07-03,28.2,16.97,240.11,368.12,79.6,99.5,1.94,0.724
2042-07-04,26.93,18.41,267.01,360.86,72.1,99.7,4.19,1.442
2042-07-05,24.33,16.12,245.52,353.35,76.9,100,0,0.481
2042-07-06,23.46,15.56,237.77,351.21,77.4,99.7,0.07,1.702
2042-07-07,22.29,15.31,230.94,349.1,75.2,99.2,5.7,0.852
2042-07-08,24.94,15.11,284.75,338.27,64.5,99.4,0,1.16
2042-07-09,25.4,16.73,323.75,327.4,66.3,99.5,0,0.814
2042-07-10,24.13,17.01,226.13,360.69,78.4,99.4,10.65,1.067
2042-07-11,24.46,16.68,275.77,347.06,75.3,99.5,3.57,1.369
2042-07-12,24.15,15.17,289.63,321.31,67.9,100.1,1.8,0.526
2042-07-13,25.69,16.15,262.07,342.31,67.5,99.8,8.13,1.727
2042-07-14,23.48,16.05,286.52,330.52,76.5,99.1,1.95,1.607
2042-07-15,20.65,13.88,220.75,336.64,72.5,98.8,0,0.536
2042-07-16,19.28,13.88,208.23,330.49,73.7,98.9,2.72,0.554
2042-07-17,20.6,13.06,233.62,327.33,70.5,99.3,5.47,0.45
2042-07-18,20.95,13.66,245.85,322.11,73.3,99.7,4.15,0.317
2042-07-19,22.04,14.92,266.52,321.13,69.1,100,0,1.886
2042-07-20,22.16,15.07,222.16,333.86,73.4,99.9,0.85,0.35
2042-07-21,25.1,15.29,292,323.95,71.8,99.8,1.34,0.809
2042-07-22,26.48,15.71,261.41,344.8,72.5,100,0,1.98
2042-07-23,26.73,17.08,275.03,345.81,69.6,99.8,0,1.895
2042-07-24,25.28,16.37,224.36,360.81,81.2,99.4,6.92,1.926
2042-07-25,20.79,14.14,227.99,335.38,71.7,99.6,0,1.519
2042-07-26,22.57,12.44,289.01,307.78,67.1,99.9,1.44,0.393
2042-07-27,21.65,15.6,202.63,340.62,70.6,99.7,4.74,1.481
2042-07-28,20.5,15.48,149.9,357.2,85.5,98.8,4.37,2.081
2042-07-29,21.82,14.43,231.02,340.22,77.8,98.3,4.96,1.071
2042-07-30,20.02,13.02,241.12,320.61,76.1,98.9,7.52,0.663
2042-07-31,19.46,12.08,240.37,312.52,72.3,99.2,3.85,1.818
2042-08-01,18.9,11.13,239.61,304.34,68.4,99.5,0,2.909
2042-08-02,19.1,11.67,220.09,304.67,69.3,99.8,0,1.01
2042-08-03,20.99,10.46,258.71,295.19,67.5,100,0,0.847
2042-08-04,20.38,13.81,140.72,338.96,75,98.9,2.44,2.949
2042-08-05,18.06,10.92,270.49,298.75,63,99.2,0,2.255
2042-08-06,19.39,13.04,262.36,323.67,65.8,98.7,1.72,2.088
2042-08-07,18.99,13,220.87,319.04,62,99.7,0,0.572
2042-08-08,20.04,12.22,224.3,313.46,62.4,99.5,0,1.236
2042-08-09,19.3,13.2,149.84,341.67,81.3,98.7,4.88,0.522
2042-08-10,20.41,12.51,206.41,327.77,79.2,98.5,0.24,1.511
2042-08-11,21.12,11.27,241.88,307.88,76.8,98.9,2.75,0.526
2042-08-12,20.37,13.14,210.55,323.02,84.3,99.1,15.73,0.805
2042-08-13,18.09,14.57,188.45,349.37,89,99.4,8.97,1.723
2042-08-14,18.36,13.98,115.84,363.63,89.8,99.3,21.65,3.879
2042-08-15,17.18,12.85,85.69,365.83,94.1,99.2,21.7,3.355
2042-08-16,17.11,12.13,156.03,324.21,79.7,99.7,0.93,0.575
2042-08-17,19.67,11.47,223.4,305.14,71.9,100.4,0,0.302
2042-08-18,20.86,10.99,154.87,337.3,85.8,100.4,2.62,0.38
2042-08-19,22.55,15.98,172.11,361.06,81.4,100.6,8.84,0.333
2042-08-20,21.99,15.42,210.74,343.55,76.5,100.4,0,1.177
2042-08-21,18.83,13.55,165.75,321.44,73.3,100,0,2.818
2042-08-22,18.01,12.65,128.06,343.73,84.1,100,10.27,1.855
2042-08-23,19.38,12.55,62.44,366.8,93.7,99.5,12.5,0.98
2042-08-24,21.06,15.64,136.51,356.75,86.8,99,0,2.721
2042-08-25,19.13,12.56,198,321.8,74.1,98.9,2.79,2.299
2042-08-26,19.48,13.58,192.53,329.19,77,98.2,11.24,3.603
2042-08-27,20,13.45,217.58,316.02,75.5,99.6,0,3.351
2042-08-28,22.93,14.33,219.26,336.64,79.4,100.4,0,2.267
2042-08-29,25.82,16.93,222.18,350.7,73.2,100.3,0,0.936
2042-08-30,23.24,15.1,196.88,336.3,76.8,100.1,4.57,1.645
2042-08-31,21.9,14.19,198.85,326.37,72.7,100.4,2.34,1.13
2042-09-01,20.55,13.28,200.82,317.63,68.7,100.6,0,0.565
2042-09-02,21.31,13.94,174.53,331.57,79,100.8,0,0.615
2042-09-03,20.97,14.31,181.98,330.04,83.3,101,0,1.345
2042-09-04,20.96,13.75,149.15,339.48,83.5,101.3,0,1.285
2042-09-05,20.4,12.21,148.96,331.06,87.8,101.3,0,1.696
2042-09-06,21.26,13.92,152.26,348.79,85.3,101.2,0,2.237
2042-09-07,22.72,14.47,191.59,334.07,82.4,101,0,0.932
2042-09-08,23.46,13.47,216.2,313.55,77.9,100.7,0,0.349
2042-09-09,24.36,14.41,215.42,312.59,74.8,100.5,0,0.277
2042-09-10,16.61,11.66,73.42,349.4,84.1,100.7,2.53,2.77
2042-09-11,17.65,9.47,158.13,306.53,70,100.9,0,3.118
2042-09-12,19.39,12.47,148.28,327.1,67.9,100.5,0,3.502
2042-09-13,23.01,11.2,198.19,317.84,77,100.2,0,0.737
2042-09-14,25.11,12.96,188.48,336.79,79,99.8,0,0.355
2042-09-15,21.31,17.38,71.72,375.75,90.6,99.1,25.82,0.583
2042-09-16,23.15,17.29,170.28,355.76,81.8,98.6,11.77,1.194
2042-09-17,18.96,13.28,165.99,313.09,73.8,98.8,1.74,3.002
2042-09-18,17.09,12.06,134.73,320.65,76.4,98.8,5.12,3.013
2042-09-19,17.54,12.98,160.11,321.61,77.7,98.9,1.97,3.904
2042-09-20,18.32,14.4,26.41,364.19,89.1,98.9,6.32,2.968
2042-09-21,17.82,12.81,150.23,315.82,76.8,99.9,0,2.321
2042-09-22,17.12,11.84,89.26,331.51,82.4,99.6,0,1.631
2042-09-23,16.7,11.19,161.99,302.43,76.2,98.9,0,2.932
2042-09-24,15.31,9.14,113.05,298.95,80.1,98.8,0,0.866
2042-09-25,16.84,8.22,145.66,300.46,79.9,98.8,0,0.354
2042-09-26,14.92,8.92,150.06,288.2,71.3,99.7,0,0.881
2042-09-27,17.87,9.43,92.5,333.71,86,100,0,2.172
2042-09-28,20.16,12.53,146.69,321.6,84.1,100.2,0,0.947
2042-09-29,20.55,14.16,159.09,320.5,87.1,100.4,0,2.122
2042-09-30,16.02,9.54,119.84,299.78,81.2,100.7,0,0.438
2042-10-01,14.08,8.75,139.48,292.44,76.9,101.1,0,0.565
2042-10-02,17.6,10.74,122.51,312.72,82,100.8,0,1.865
2042-10-03,17,11.81,131.8,320.74,84.2,100.4,0,2.31
2042-10-04,18.17,12.48,121.9,322.49,83.6,100.1,0,2.533
2042-10-05,16.29,8.78,108.8,317.55,74.2,99.6,0.86,3.076
2042-10-06,13.14,6.78,139.52,278.42,57.5,100.5,0,1.49
2042-10-07,13.54,6.2,135.43,278.95,65.6,101,0,1.047
2042-10-08,14.61,8,96.46,305.65,77,100.6,0,1.54
2042-10-09,15.3,8.96,73.31,338.65,84.6,100.6,0,1.451
2042-10-10,16.12,11.4,62.44,349.09,85.8,100.1,0,1.935
2042-10-11,16.72,12.23,14.6,365.16,95.6,98.8,19.57,0.758
2042-10-12,18.89,15.91,58.48,371.81,92.9,98.5,2.6,0.676
2042-10-13,16.2,11.5,23.3,364.44,97.7,98.6,34.73,3.086
2042-10-14,13.19,9.34,62.43,331.65,83.3,100.2,5.69,3.719
2042-10-15,11.52,7.56,75.28,315.26,71.7,100.6,1.12,3.162
2042-10-16,11.75,7.99,88.6,314.12,73.4,100.8,0,1.629
2042-10-17,12.26,7.29,105.28,303.61,73.4,101,0,0.445
2042-10-18,13.39,8.63,68.17,323.96,84.7,101.1,0,0.309
2042-10-19,12.62,8.48,56.07,325.33,90.8,101,0,1.245
2042-10-20,12.42,8.2,60.33,326.22,91.8,100.8,0.72,1.709
2042-10-21,11.92,6.67,64.18,297.7,90.6,100.5,0,2.034
2042-10-22,12.02,5.23,69.6,308.94,96.8,99.9,0,1.113
2042-10-23,12.41,7.57,58.56,326,98.3,99.5,0,1.136
2042-10-24,17.25,10.98,46.94,362.38,97.4,99.7,0,1.484
2042-10-25,15.91,9.79,96.96,295.71,88.7,100.2,0,0.272
2042-10-26,13.48,9.49,37.71,341.85,96.2,100,0,1.868
2042-10-27,12.88,9,52.53,333.25,91.1,100.2,0,0.512
2042-10-28,11.33,9.04,43.04,329.96,89,100.4,0,1.835
2042-10-29,11.29,8.26,60.76,322.05,87.4,100.2,0,0.932
2042-10-30,14.48,10.27,47.92,329.48,90,99.4,0,1.949
2042-10-31,14.75,11.81,36.12,344.56,91.3,99.1,3.1,1.276
2042-11-01,15.02,13.34,24.39,359.78,92.6,98.7,6.19,1.255
2042-11-02,15.54,10.11,18,344.83,90.4,97.8,9.37,1.275
2042-11-03,14.1,8.55,49.58,313.06,90.1,98.3,0,1.178
2042-11-04,14.14,11.05,20.06,344.79,91,98,6.76,1.331
2042-11-05,13.76,8.82,73.89,294.91,84.1,98.9,0,2.661
2042-11-06,17.12,13.37,37.94,350.76,89.1,100,0,2.256
2042-11-07,15.86,12.56,51.34,329.44,88.1,100.7,0,2.179
2042-11-08,14.59,11.25,34.16,344.61,95.1,100.9,0,1.334
2042-11-09,11.54,9.32,41.86,328.42,94,100.6,0,1.253
2042-11-10,16.5,11.57,50.66,338.97,96.2,100.4,0,1.305
2042-11-11,16.31,11.41,56.24,324.68,92.7,99.9,0,1.59
2042-11-12,16.29,13.35,27.07,368.17,94.1,99.5,3.83,1.529
2042-11-13,13.7,11.35,11.34,338.06,94.8,99.9,1.63,0.959
2042-11-14,11.89,7.9,19.65,310.76,96,100.2,0,0.699
2042-11-15,10.84,4.39,60.55,264.63,92.8,100.4,0,0.57
2042-11-16,8.93,3.18,46.76,297.41,100,100.4,0,0.453
2042-11-17,9.95,7.21,21.91,341.24,100,99.8,0.54,1.347
2042-11-18,10.84,8.55,16.5,339.73,93.7,98.5,3.53,0.854
2042-11-19,10.64,6.18,46.64,276.99,74.4,100,0,2.392
2042-11-20,11.04,5.06,45.65,289.86,88.2,101,0,1.823
2042-11-21,11.58,5.49,36.87,287.49,91.9,100.7,0,1.25
2042-11-22,8.51,3.43,26.88,307.35,98.6,100,0,1.066
2042-11-23,9.81,8.09,17.84,345.25,100,99.8,2.99,0.783
2042-11-24,12,9.05,27.78,341.46,98.2,99.8,0,0.467
2042-11-25,10.35,8.03,18.71,339.15,96,100.3,0.07,0.425
2042-11-26,9.67,7.3,35.76,319.04,92.7,101.2,0,0.863
2042-11-27,9.93,7.44,22.43,329.19,95.9,101.4,1.6,3.536
2042-11-28,8.48,6.71,24.1,321.66,94,101.2,2.18,3.47
2042-11-29,8.38,5.68,30.55,306.22,89.3,101.1,0,2.921
2042-11-30,5.78,4.44,19.18,311.65,93.2,100.9,1.52,3.134
2042-12-01,6.48,4,17.09,315.1,96.9,100.6,0,1.244
2042-12-02,6.17,3.44,19.78,315.42,97.3,100.5,4.87,0.825
2042-12-03,6.56,3.34,28.28,302.53,97.8,100.9,0,0.758
2042-12-04,5.8,2.62,13.47,316.97,100,101.7,0,0.31
2042-12-05,8.77,4.57,15.74,328.77,100,101.6,0.34,1.355
2042-12-06,6.84,3.96,20.15,310.67,99.5,101.1,0,1.289
2042-12-07,9.56,3.93,12.81,336.89,100,100.4,0,0.899
2042-12-08,12.94,9.27,20.66,347.71,95.4,99.2,2.58,2.194
2042-12-09,12.26,8.56,30.31,306.58,89,98.6,0,1.393
2042-12-10,10.72,3.62,30.94,280.56,83.3,98.6,3.93,1.743
2042-12-11,9.76,3.53,6.34,316.12,92.7,97.7,4.85,5
2042-12-12,9.63,4.02,34.85,270.84,77.5,98.3,0,2.484
2042-12-13,7.67,4.08,19.04,295.37,85.8,98.7,0,3.98
2042-12-14,5.85,2.61,9.88,299.68,93.5,97.9,3.57,3.339
2042-12-15,6.53,2.64,7,305.8,95.9,97.7,2.24,0.515
2042-12-16,7.8,1.08,23.41,287.97,94.7,98.7,11,0.899
2042-12-17,10.1,5.55,27.54,290.95,82.8,98,9.23,3.156
2042-12-18,10.03,5.28,17.82,298.9,81.5,99.6,2.2,2.453
2042-12-19,7.6,4.84,34.27,271.85,74.9,100.3,0,3.013
2042-12-20,12.68,5.37,13.62,324.04,86,99.3,6.54,2.357
2042-12-21,6.79,3.86,21.81,278.06,85.6,98.4,0,1.772
2042-12-22,4.98,-0.51,27.56,259.18,90.2,98.1,0,1.323
2042-12-23,3.86,-0.78,31.6,266.29,94,97.8,0,0.363
2042-12-24,5.52,1.71,17.25,288.22,83.3,98.5,0,0.734
2042-12-25,6.61,1.48,18.16,288.84,83.1,100.5,0,0.79
2042-12-26,7.85,-0.5,25.77,289.63,89,101.3,0,1.708
2042-12-27,9.06,7.17,18.25,326.83,94.7,101.3,0,1.727
2042-12-28,9.09,7.11,24.18,323.31,94.8,101.2,0,1.616
2042-12-29,9.32,6.74,22.81,322.77,93.3,100.6,0,1.722
2042-12-30,9.76,8.4,20.44,321.75,90.1,99.6,0.95,2.324
2042-12-31,9.5,7.02,15.7,321.36,91.7,98.9,5.68,1.893
2043-01-01,9.24,5.64,10.99,323.17,93.1,98.3,10.32,1.463
2043-01-02,5.61,0.61,14.21,277.24,85.5,98.2,5.12,1.57
2043-01-03,3.79,0.07,19.41,260.19,82.6,99.7,1.44,1.427
2043-01-04,2.85,-0.81,39.16,239.63,73.3,100.4,0,1.382
2043-01-05,2.98,-1.56,29.96,243.52,77.4,100,0,1.571
2043-01-06,5.84,0.62,30.31,273.35,90.1,99.3,3.27,2.205
2043-01-07,4.78,2.06,22.52,284.2,89,99.9,0,0.458
2043-01-08,4.24,2.75,5.63,319.48,95.8,100.3,18.55,3.578
2043-01-09,4.14,1.44,20.96,302.01,78.4,99.6,2.66,3.166
2043-01-10,8.79,1.56,15.16,330.2,98.9,98.5,11.61,0.94
2043-01-11,10.16,7.03,36.92,302.48,87.9,98.7,1.02,2.246
2043-01-12,11.18,9.08,22.13,323.13,88.6,99.9,0.1,2.731
2043-01-13,9.08,7.12,20.17,327.39,97.3,99.9,0,0.625
2043-01-14,8.16,6.72,13.73,338,100,99.5,2.04,2.574
2043-01-15,6.78,5.3,11.03,328.29,98.3,99.4,13.48,4.467
2043-01-16,5.75,4.84,14.94,323.67,98,99.7,14.81,4.182
2043-01-17,5.88,4.56,19.46,323.86,99.9,100.2,3.79,3.007
2043-01-18,6.95,5.15,18.2,329.44,100,100.1,3.94,2.328
2043-01-19,7.24,5.84,18.8,331.57,100,100.4,1.56,1.033
2043-01-20,7.16,5.5,33.43,316.42,94.9,100.1,0,1.714
2043-01-21,11.72,5.63,5.78,321.79,87.9,97.4,20.36,1.777
2043-01-22,6.44,3.39,39.5,259.56,87.1,96.9,0,1.672
2043-01-23,6.23,3.53,40.08,274.88,84.8,97.8,0,2.409
2043-01-24,5.24,2.82,44.21,264.65,84,99.1,0,3.007
2043-01-25,10.71,2.75,17.96,297.06,93.9,99.2,2.57,2.163
2043-01-26,11.15,6.03,26.51,315.83,79.8,97.4,2.35,3.632
2043-01-27,7.82,6.18,47.53,288.83,78.3,98.3,3.68,6.038
2043-01-28,9.51,7.14,42.99,303.68,88.9,100.2,0.73,3.061
2043-01-29,9.55,4.39,24.56,296.62,85.9,99.7,0.88,2.389
2043-01-30,6.21,4.08,37.21,291.04,85.4,99.7,1.61,1.806
2043-01-31,6.61,2.78,49,285.59,94.3,100.2,2.58,0.433
2043-02-01,6.46,1.58,57.05,263.31,89.6,101.4,0,0.446
2043-02-02,5.53,2.73,45.59,286.1,81.1,101.3,0,1.583
2043-02-03,7.14,4.16,39.6,292.93,84.7,100.5,1.24,2.228
2043-02-04,8.96,3.83,51.5,293.25,87.9,100.2,2.69,3.164
2043-02-05,9.94,1.39,31.52,278.31,77,98.7,9.18,3.553
2043-02-06,4.36,0.3,73.26,239.65,66.1,99,0,3.24
2043-02-07,4.38,0.31,71.84,249.24,58,99.1,0,2.148
2043-02-08,4.62,0.11,55.9,255.26,65.1,99.6,0,1.918
2043-02-09,8.22,-0.38,41.14,281.81,81.7,100,0,2.896
2043-02-10,10.79,7.41,47.17,307.87,84.9,98.9,0,5.199
2043-02-11,7.38,2.54,50.76,271.6,81.5,98.4,1.21,3.519
2043-02-12,5.05,0.99,52.25,283.21,87.5,97.7,5.64,1.225
2043-02-13,5.54,0.8,63.7,271.48,84.9,98.4,0,0.491
2043-02-14,4.51,-0.24,64.88,270.42,78.4,100.3,0,0.715
2043-02-15,5.01,-2.3,93.01,232.51,70.6,101.4,0,0.992
2043-02-16,5.88,-1.35,75.54,270.56,74.2,101.7,0,0.643
2043-02-17,5.14,-1.37,72.96,270.03,79.9,101.1,0,0.295
2043-02-18,7.84,0.79,93.19,273.46,81.7,100.2,0,1.49
2043-02-19,7.55,2.75,58.38,289.99,82.8,99.5,1.41,2.118
2043-02-20,6.13,2.89,69.45,276.93,82.7,99.5,0.05,2.559
2043-02-21,11.4,3.09,52.71,313.12,89.7,99.3,2.29,2.443
2043-02-22,7.76,2.85,69.16,281.81,81,98.1,1.04,3.211
2043-02-23,6,2.91,46.31,298.87,88.4,98.1,2.38,0.778
2043-02-24,6.16,3.4,58.96,302.04,86.1,99.4,3.47,0.871
2043-02-25,6.11,2.87,60.67,286.89,82.3,99.3,0,0.707
2043-02-26,8.18,2.44,106.02,269.73,74.7,98.6,2.64,3.328
2043-02-27,7.35,3.41,88.72,277.97,71.9,99.2,0,1.531
2043-02-28,8.33,4.37,67.29,299.61,79,100.2,0,0.818
2043-03-01,12.45,5.88,82.44,320.81,84,100.7,0,1.096
2043-03-02,9.56,6.62,79.75,307.92,86.3,100.8,0,2.513
2043-03-03,7.5,5.44,63.24,303.6,77,100.5,0.63,3.622
2043-03-04,9.35,5.8,62.9,306.63,84.7,100.4,0,3.164
2043-03-05,11.64,8.07,121.19,293.26,83.9,100.6,0,3.002
2043-03-06,9.7,5.97,83.82,310.95,81,99.8,2.24,3.781
2043-03-07,7.73,4.99,104.85,299.87,74.6,98,3.89,3.862
2043-03-08,7.61,3.18,92.4,295.17,80.2,98.6,1.87,1.005
2043-03-09,5.29,-0.22,88.65,264.2,69.3,98.6,0,0.98
2043-03-10,5.57,-2.54,122.14,245.56,65.8,98.9,0,0.282
2043-03-11,9.03,1.75,106.36,292.13,80.1,99.7,0,1.834
2043-03-12,9.01,0.38,163.26,235.18,76,99.8,0,2.481
2043-03-13,10.88,-2.18,166.45,242.3,85.7,99.5,0,1.898
2043-03-14,9.24,1.99,136.62,282.77,83.7,99.3,0,2.851
2043-03-15,10.08,3.37,96.78,308.14,91,99.2,2.79,0.741
2043-03-16,12.97,6.52,63.05,329.77,92.8,99.1,2.09,2.704
2043-03-17,13.95,10.93,78.86,339.01,90.7,99.7,0,3.015
2043-03-18,12.46,7.01,136.46,307.84,71,100.2,0.94,3.76
2043-03-19,11.63,6.35,135.86,306.15,76.1,100.3,0,4.099
2043-03-20,12.43,7.34,100.37,305.13,81,100.1,6.22,2.35
2043-03-21,8.2,4.67,65.14,310.88,86.9,100.1,4.01,1.534
2043-03-22,6.72,2.99,73.54,302.32,81.8,100.4,2.63,3.632
2043-03-23,7.87,0.03,175.71,250.89,70.7,100,0,1.842
2043-03-24,7.87,1.46,115.46,282.99,75.7,99.8,0,0.699
2043-03-25,10.6,3.61,109.37,301.74,77.1,100.4,0,0.652
2043-03-26,8.51,5.19,50.99,306.33,84.5,100.1,3.28,1.763
2043-03-27,14.73,7.14,109.93,338.15,87.7,99.3,1.4,1.231
2043-03-28,15.85,9.88,99.62,341.17,87.1,99.2,0,0.974
2043-03-29,12.29,6.5,120.08,304.48,76.8,98.3,1.67,1.782
2043-03-30,10.91,5,144.51,287.76,68.7,98.6,0,1.266
2043-03-31,8.49,5.02,69.22,302.77,85.8,98,4.15,0.968
2043-04-01,9.74,4.73,127.19,299.19,79,98.6,1.34,2.426
2043-04-02,9.07,4.44,143.9,273.46,78.1,99.4,0.17,3.161
2043-04-03,10.3,3.07,163.34,266.12,68.5,99.6,0,1.966
2043-04-04,10.3,3.38,138.92,280.52,76.1,99.7,1.34,1.382
2043-04-05,7.39,3.84,119.09,297.87,75.5,100.6,0,0.994
2043-04-06,8.16,3.02,150.91,282.22,60.9,100.9,0,0.44
2043-04-07,7.84,4.91,70.1,318.08,80.4,99.6,13.22,1.51
2043-04-08,5.94,4.12,47.02,319.87,96.4,98.1,19.21,3.549
2043-04-09,7.95,4.09,100.34,310.28,89.2,98.9,4.56,0.212
2043-04-10,7.27,4.05,111.56,292.96,87.7,99.2,2.94,0.318
2043-04-11,9.64,3.44,157.34,280.09,68.7,100.2,0,0.346
2043-04-12,10.88,4.82,122.19,313.3,79.7,99.7,1.33,0.974
2043-04-13,12.65,7.13,66.62,321.46,84.4,98.1,11.35,1.31
2043-04-14,12.77,6.57,169.27,301.26,69.3,97.7,0.23,2.405
2043-04-15,10.92,5.49,138.08,302.26,85.2,97.3,9.31,0.708
2043-04-16,11.93,4.96,168.97,298.59,75.9,97.5,1.98,1.792
2043-04-17,11.71,6.8,97.73,330.27,91.2,97.4,10.83,3.574
2043-04-18,11.74,6.38,97.55,313.52,90.7,97.4,2.88,3.812
2043-04-19,13.33,5.24,119.32,309.68,88.1,98.1,2.7,1.122
2043-04-20,10.94,5.21,125.96,307,88.3,98.8,4.9,0.27
2043-04-21,14.2,4.84,206.89,297.5,80.7,99.7,0,2.139
2043-04-22,11.2,6.64,104.44,323.64,84.6,99.7,0,5.067
2043-04-23,8.68,5.51,113.53,313.58,75.1,100.1,0.41,5.159
2043-04-24,9.78,4.85,140.4,306.15,70.7,100.8,0,2.72
2043-04-25,11.87,4.66,133.07,303.13,79.1,101.1,0,0.576
2043-04-26,12.62,3.72,174.63,285,78.8,100.8,0,0.724
2043-04-27,13.48,5.46,146.46,307.36,72.6,99.8,0,1.086
2043-04-28,13.34,8.23,141.46,317.17,82.3,98.9,1.83,1.955
2043-04-29,12.89,6.71,180.22,293.45,70.1,99,0,1.555
2043-04-30,17.65,8.5,192.49,332.49,79.1,99.2,4.22,1.803
2043-05-01,19.09,10.51,237.36,312.2,70.6,99.4,0,1.349
2043-05-02,18.82,11.54,235.53,316.59,70.3,99.4,0,1.176
2043-05-03,19.13,11.36,204.16,313.33,73.6,99.8,0,0.645
2043-05-04,19.92,10.82,198.72,339.52,87.2,99.7,5.16,2.301
2043-05-05,18.65,11.2,152,355.28,92.5,99,19.18,3.385
2043-05-06,19.31,11.82,203.79,332.09,79.5,99.2,0,1.408
2043-05-07,17,12.38,148.26,351.38,88.3,98.8,3.73,0.622
2043-05-08,18.86,13.29,120.18,363.56,89.1,98.8,3.97,0.378
2043-05-09,15.75,9.41,105.36,346.26,87.5,98.7,8.54,0.915
2043-05-10,12.98,8.06,144.33,329.52,80.5,99.9,2.11,0.703
2043-05-11,16.48,8.48,247.94,307.03,66.8,100.5,0,2.013
2043-05-12,13.34,9.71,177.68,305.57,74.6,100,0,3.439
2043-05-13,11.83,7.69,161.03,305.03,68.6,100.8,3.18,0.675
2043-05-14,14.83,7.87,218.56,311.67,75.9,100.7,0,2.829
2043-05-15,18.14,7.1,279.18,280.74,72.1,101,0,0.446
2043-05-16,21.23,9.6,268.27,307.27,73.1,101.1,0,1.234
2043-05-17,22.72,10.93,287.33,301.26,68,101.1,0,1.246
2043-05-18,15.86,9.86,218.75,310.72,70.6,100.5,0,0.391
2043-05-19,12.39,6.09,174.34,308.19,63.2,99.6,1.23,1.312
2043-05-20,12.14,8.53,142.09,318.5,73,99.3,0.97,1.114
2043-05-21,14.64,6.76,213.14,292.52,67.2,99,1.16,1.492
2043-05-22,11.83,7.88,142.12,306.98,77.6,98.5,0.81,0.294
2043-05-23,11.22,8.24,63.33,328.63,91.5,98,11.5,0.38
2043-05-24,13.52,8.69,162.87,318.63,78.9,98.2,3.3,1.683
2043-05-25,15.45,8.11,187.51,305.14,72,99.1,0,1.521
2043-05-26,18.12,6.64,272.88,285.13,66.5,99.6,0,0.342
2043-05-27,18.7,10.06,294.39,296.9,64.5,99.9,0,1.989
2043-05-28,16.56,9.31,293.11,287.61,71.6,100.3,0,2.393
2043-05-29,16.28,9.95,127.48,340.47,84.5,100.1,3.49,1.527
2043-05-30,17.99,11.72,301.22,303.92,72.2,100.2,0,2.003
2043-05-31,17.91,10.82,270.82,308.55,72,100.2,0.79,1.287
2043-06-01,17.83,9.91,240.74,313.08,71.9,100.3,1.55,0.499
2043-06-02,17.98,10.96,203.71,333.58,80.2,100.3,2.44,1.84
2043-06-03,15.12,8.86,189.77,302.7,77.4,100.2,0,0.695
2043-06-04,17.05,8.5,265.26,296.96,70.8,100.1,0,0.569
2043-06-05,16.86,8.26,225.41,308.31,69.7,100,0,0.687
2043-06-06,16.14,8.88,121.12,332.77,82.7,99.4,4.16,1.487
2043-06-07,17.21,8.76,250.02,298,70.7,99,0.6,1.186
2043-06-08,20.19,7.08,267.65,297.25,57.1,99.1,0,0.551
2043-06-09,22.71,13.67,275.84,335.05,60.7,99.1,0,1.627
2043-06-10,21.09,14,173.28,348.74,77,99.6,3.65,1.176
2043-06-11,24.43,12.88,235.56,345.21,76.3,99.7,2.19,3.185
2043-06-12,24.52,13.05,175.06,362.75,83.9,99.3,45.58,1.894
2043-06-13,17.4,13.02,105.27,351.69,89.6,99.1,38.56,1.737
2043-06-14,18.57,12.09,294.6,302.74,76,99.8,3.66,2.216
2043-06-15,18.44,11.52,251.71,315,76.5,100.4,0.07,0.739
2043-06-16,19.18,11.95,311.93,312.26,78.3,101,0,1.619
2043-06-17,18.21,11.54,280.35,321.24,75.1,101,0,1.092
2043-06-18,19.48,12.07,315.19,308.1,71.9,100.8,0,1.206
2043-06-19,19.8,12.67,263.1,333.53,78.6,100.7,0,1.17
2043-06-20,21.7,14.23,199.84,351.81,77.1,100.7,2.1,0.548
2043-06-21,25.87,15.16,316.49,338.8,64,100.6,0,1.498
2043-06-22,22.88,14.25,260.22,331.65,70.8,100.5,0,0.329
2043-06-23,22.91,14.88,262.96,335.63,69.9,100.6,0,0.234
2043-06-24,24.79,15.25,301.16,327.82,67.3,100.9,0,0.807
2043-06-25,24.68,15.48,319.93,322.57,69.8,101.2,0,0.5
2043-06-26,24.96,16.14,342.42,316.71,71.6,101.1,0,1.981
2043-06-27,21.22,15.67,232.72,339.81,76.1,100.5,0,3.523
2043-06-28,21.73,13.04,220.89,345.84,78.9,99.4,3.81,3.932
2043-06-29,17.08,11.14,240.69,308.85,74.7,99.5,5.7,0.67
2043-06-30,15.36,9.93,184.56,308.11,75.5,99.5,1.83,0.893
2043-07-01,18.25,8.73,256.97,294.39,72.1,99.3,1.28,1.255
2043-07-02,15.9,9.34,212.93,302.65,66.7,99.6,0,0.813
2043-07-03,15.6,9.14,202.71,300.45,64.9,99.7,0,0.682
2043-07-04,16.39,10.89,181.71,328.77,76.1,99.5,2.87,2.586
2043-07-05,18.71,13.83,289.92,326.15,72,98.7,1.07,3.086
2043-07-06,18.38,12.16,212.79,329.23,74.9,98.9,2.1,0.715
2043-07-07,20.71,11.9,242.96,326.12,72.1,99.4,0.6,1.366
2043-07-08,16.43,13.37,74.4,358.6,93.8,99,21.71,0.459
2043-07-09,20.62,12.68,236.73,329.64,73.3,99.5,0,0.779
2043-07-10,20.33,12.08,217.78,323.76,67.2,99.9,2.46,1.494
2043-07-11,17.45,12.59,116.12,364.76,94.6,99.8,15.91,2.653
2043-07-12,23,16.39,207.69,369.49,78.7,99.5,2.89,1.015
2043-07-13,25.26,16.79,261.77,359.83,78.5,99.4,5.32,0.761
2043-07-14,24.6,16.55,281.98,340.39,74,99.8,0.76,1.077
2043-07-15,24.72,14.76,300.65,328.06,75.2,100.1,6.1,0.377
2043-07-16,24.7,16.12,272.3,345.85,76,100.1,0.72,0.969
2043-07-17,23.8,15.7,341.38,309.61,65.2,100.3,0,2.338
2043-07-18,24.44,15.81,321.9,326.02,72.8,100,0,2.331
2043-07-19,26.26,16.25,283,344.71,76,99.6,0,0.831
2043-07-20,23.97,17.05,208.88,354.34,77.8,99,0,1.511
2043-07-21,20.29,14.57,168.67,349.05,85,98.3,15.68,2.207
2043-07-22,20.23,13.68,303.11,305.48,66.3,99,0,4.189
2043-07-23,20.58,13.36,286.3,310.97,68.2,99.6,0,3.028
2043-07-24,21.88,12.77,279.94,303.79,66.2,100.1,0,1.776
2043-07-25,22.99,13.19,247.37,327.23,74,100.1,0,1.871
2043-07-26,27.66,16.18,296.1,345.78,70.3,99.8,0,1.163
2043-07-27,25.39,17.88,273.49,343.55,73.8,99.7,0,1.635
2043-07-28,25.13,17.02,275.09,340.62,71.6,100.1,1.55,1.388
2043-07-29,26.32,16.21,260.9,341.92,77.1,100.5,0,0.82
2043-07-30,27.15,17.29,272.49,351.05,77.3,100.2,3.34,0.701
2043-07-31,26.47,16.61,270.13,342.56,78.4,100.1,5.43,0.21
2043-08-01,25.8,15.92,267.77,334.03,79.6,100,7.53,0.161
2043-08-02,24.15,16,276.7,329.78,73.6,100.1,0,1.526
2043-08-03,25.07,16.57,283.8,331.32,73.5,100.1,0,1.988
2043-08-04,26.88,15.08,285.25,331.13,69.1,100.1,0,1.446
2043-08-05,24.51,16.58,213.55,341.43,73.9,100.4,0,0.47
2043-08-06,22.95,15.06,254.25,320.6,62.1,100.9,0,1.077
2043-08-07,26.98,14.32,271.56,330.84,62.8,100.3,0,1.337
2043-08-08,20.73,16.01,237.41,328.1,73.5,99.8,0,2.68
2043-08-09,22.96,15.62,172.34,366.3,83.3,99.4,8.49,2.943
2043-08-10,20.75,15.58,219.28,330.07,71.7,99.4,1,3.797
2043-08-11,23.28,15.45,200.83,343.29,74.2,99.7,0.35,1.7
2043-08-12,26.4,14.78,206.76,349.52,74.2,99.3,7.07,1.617
2043-08-13,18.03,14.16,226.14,323.15,76.6,98.5,0.96,4.631
2043-08-14,20.32,13.37,255.74,311.22,65.7,99.2,0,4.031
2043-08-15,21.03,12.71,213,327.6,72.8,99.8,0,2.713
2043-08-16,21.43,15.71,210.62,343.45,77.7,98.9,1.5,3.365
2043-08-17,18.43,14.61,171.82,334.88,81.6,98.7,1.43,2.899
2043-08-18,19.91,14.17,162.88,348.23,79,99,12.46,0.211
2043-08-19,16.48,12.74,87.85,360.83,92.8,98.9,18.74,2.434
2043-08-20,16.74,12.39,106.84,341.99,82.2,99.4,10.23,2.871
2043-08-21,17.48,11.53,182.94,325.44,76.6,100.3,0,0.611
2043-08-22,20.99,12.44,208.29,324.71,69.3,100.6,0,0.99
2043-08-23,22.11,12.89,190.03,336.78,76.9,100.8,0,1.501
2043-08-24,24.43,16.54,160.87,369.46,80.4,100.8,0,1.142
2043-08-25,25.24,17.92,178.23,366.43,78.9,100.8,0,0.145
2043-08-26,26.45,17.75,195.85,366.22,80.5,100.6,1.92,0.379
2043-08-27,26.57,18.98,221.55,356.2,76.8,100.3,3.55,1.252
2043-08-28,26.44,17.35,241.25,340.76,73.9,100.3,0,1.207
2043-08-29,27.42,16.74,229.04,342.58,76.6,100.4,0,0.449
2043-08-30,27.95,16.15,222.4,336.35,62.5,100.1,0,1.019
2043-08-31,24.67,14.94,231.26,317.66,62.1,100.6,0,0.449
2043-09-01,21.38,13.74,240.2,298.43,61.7,101,0,0.474
2043-09-02,21.98,11.51,219.05,300.92,64.6,100.9,0,0.887
2043-09-03,23.56,12.71,235.41,310.24,61.3,100,0,0.856
2043-09-04,20.12,16.09,160.79,334.53,72.4,99.5,0,2.749
2043-09-05,17.16,12.73,130.7,325.86,69.6,100,1.01,1.523
2043-09-06,17.58,9.53,230.78,274.67,57.1,101,0,1.632
2043-09-07,18.4,11.03,196.47,306.39,75.5,101.2,0,2.402
2043-09-08,18.53,12.44,153.55,323.09,74.8,101,0,1.605
2043-09-09,18.84,10.7,141.86,318.49,78.9,100.3,0,1.96
2043-09-10,17.95,10.99,155.12,299.99,68.1,100,0,1.736
2043-09-11,18.16,9.91,194.22,288.9,64.5,100.6,0,1.578
2043-09-12,19.45,12.72,123.63,340.28,77.5,100.4,0,2.806
2043-09-13,18.59,11.67,191.08,306.14,74.6,100.4,0,2.59
2043-09-14,20.39,13.13,119.77,347.32,83.9,100.2,0,2.478
2043-09-15,19.5,15.14,114.41,360.12,84,100,0,2.748
2043-09-16,22.93,14.89,164.36,349.54,82.3,100.5,0,1.359
2043-09-17,21.96,17.12,128.23,352.44,86.4,100.9,0,2.051
2043-09-18,24.85,14.78,181.33,336.92,81.9,101.3,0,0.277
2043-09-19,27.23,14.36,186.91,338.48,77.3,101.4,0,0.476
2043-09-20,27.11,18.16,173.26,341.59,64.6,100.9,0,1.332
2043-09-21,23.49,15.08,106.33,368.49,82.3,100.7,0,0.746
2043-09-22,20,14.19,111.77,348.54,81.2,100.7,0,0.863
2043-09-23,23.53,13.48,159.48,335.33,79.1,100.3,0,0.825
2043-09-24,26.15,13.46,177.34,326.72,77.5,100.1,0,1.073
2043-09-25,20.42,13.83,134.79,333.39,80.9,100.1,0,1.959
2043-09-26,18.96,13.53,130.35,328.04,76,99.8,0,2.602
2043-09-27,16.79,11.45,125.06,315.45,76.3,99.5,1.12,2.364
2043-09-28,15.17,9.12,118.25,289.09,71.2,99,0,0.585
2043-09-29,15.94,8.55,115.07,299.46,67.5,99,0,1.484
2043-09-30,17.4,9.34,100.88,319.86,76.2,98.3,0,1.861
2043-10-01,13.75,9.62,120.73,304.21,75.9,97,7.12,5.189
2043-10-02,12.89,9.28,95.33,320.37,78.4,97.6,11.96,3.325
2043-10-03,13.22,7.64,118.96,304.28,76,97.9,4.82,1.742
2043-10-04,13.36,5.62,102.86,285.06,75.8,99.1,0,1.137
2043-10-05,13.46,6.57,87.9,300.85,83.2,99,0,1.694
2043-10-06,16.35,10.36,94.41,323.25,82.5,99,1.25,2.36
2043-10-07,13.79,10.42,104.74,311.89,75.7,98.6,5.43,3.497
2043-10-08,15.35,8.36,122.38,280.88,71.8,100.4,0,3.096
2043-10-09,15.57,6.7,122.81,300.33,72.4,101,0,1.295
2043-10-10,17.22,10.76,106.16,311.23,78.9,100,0,1.726
2043-10-11,16.38,9.77,118.79,308.56,78.4,99.8,0,2.383
2043-10-12,14.54,12.15,15.79,350.84,95.1,98.9,9.45,1.153
2043-10-13,13.87,10.03,108.58,297.3,77,99.1,0,2.333
2043-10-14,18.3,8.99,25.58,358.71,92.5,98.8,7.69,2.003
2043-10-15,19.87,14.08,38.91,377.17,94,98.7,2.9,1.435
2043-10-16,15.73,13.48,31.35,370.52,98.3,99.3,3.34,0.694
2043-10-17,14.51,10.16,90.22,308.83,79.8,99.3,0.91,2.398
2043-10-18,13.97,9.34,64.99,314.6,84.5,100.2,0,2.498
2043-10-19,16.38,13.08,46.93,354.12,87.8,100,1.07,2.869
2043-10-20,16.31,13.97,49.08,352.08,88.5,99,8.04,3.146
2043-10-21,14.59,10.92,89.87,293.06,72.7,99.6,0,4.022
2043-10-22,12.29,8.83,88.05,287.99,71.8,99.3,3.43,3.798
2043-10-23,11.68,6.9,91.85,274.91,78,99.3,0,2.971
2043-10-24,11.07,5.86,58.18,295.74,76.8,99.3,0,1.211
2043-10-25,16.31,9.34,50.3,350.53,84.2,97.9,5.06,2.25
2043-10-26,13.94,9.27,84.26,297.01,83,98.4,0,1.456
2043-10-27,15.95,9.25,12.91,352.25,95.8,97.9,17.81,1.097
2043-10-28,14.38,9.59,37.7,333.64,94.8,97.8,0.87,0.325
2043-10-29,14.12,10.36,75.32,308.84,83.8,97.5,0.47,2.677
2043-10-30,16.7,10.03,32.66,326.89,89,97.4,5.58,2.129
2043-10-31,14.54,9.05,45.35,317.55,88,97.8,2.92,1.667
2043-11-01,12.37,8.07,58.16,309.74,86.9,98.2,0,1.21
2043-11-02,9.61,4.2,68.35,281.18,75.1,99.6,0.9,0.763
2043-11-03,7.38,3.17,81.26,262.36,71.2,100.2,0,0.478
2043-11-04,8.7,4.35,36.78,302.87,75.6,101.2,0,0.56
2043-11-05,8.31,4.78,58.64,297.64,73.6,101.4,0,1.132
2043-11-06,9.58,5.73,66.98,287.84,76.4,100.4,0,1.338
2043-11-07,9.09,4.88,40.85,299.39,87.8,99.7,0,0.51
2043-11-08,10.98,4.85,59.46,309.94,96.3,99.1,0,1.558
2043-11-09,14.68,9.97,27.2,346.04,96.1,98,1.08,3.183
2043-11-10,13.27,7.96,29.68,308.8,87.3,96.7,14.92,3.297
2043-11-11,12.12,6.87,52.39,304.31,93.4,97.6,4.9,3.509
2043-11-12,9.36,5.98,10.04,336.2,96.4,98.2,35.78,6.068
2043-11-13,9.86,7.28,25.64,337.49,99.9,98.3,2.39,2.19
2043-11-14,11.95,7.79,46.89,301.81,89.4,97.2,8.79,1.567
2043-11-15,11.89,7.58,48.02,306.87,80.2,97.1,0,2.281
2043-11-16,11.1,8.64,39.28,317.91,89.1,97.5,10,1.111
2043-11-17,9.78,7.57,19.5,331.8,90.4,97.5,17.75,1.563
2043-11-18,10.53,6.22,54.81,278.8,83,99.3,0,1.787
2043-11-19,13.95,9.07,31.81,341.53,91.8,99,13.22,1.859
2043-11-20,10.51,7.5,47.5,304.44,93.2,99.4,13.35,0.821
2043-11-21,9.7,6.58,51.31,280.67,84.4,100.4,4.07,2.85
2043-11-22,11.64,7.18,24.64,313.62,89.1,100.4,5.86,3.358
2043-11-23,11.67,8.01,41.17,297.09,80.2,99.7,0.05,3.866
2043-11-24,12.09,7.46,40.5,309.27,81.2,99.2,2.29,3.211
2043-11-25,13.54,7.36,27.63,332.64,88.8,99.7,1.79,3.605
2043-11-26,10.88,9.44,31.78,311.95,86.8,100,0,3.703
2043-11-27,12.92,10.11,17.6,346.58,89.3,99.1,3.1,2.607
2043-11-28,11.8,4.14,44.98,283.24,84.5,100.2,6.66,1.34
2043-11-29,6.38,3.11,31.38,282.44,87.9,100.8,3.85,1.132
2043-11-30,14.2,6.03,12.18,351.48,95,98.9,3.98,1.416
2043-12-01,10.91,8.17,15.64,337.35,99.4,98.6,21.57,0.994
2043-12-02,10.03,2.73,25.26,296.73,86.6,98.8,9.13,1.008
2043-12-03,9.05,2.46,3,313.88,93.6,98,16.67,2.622
2043-12-04,10.68,8.32,18.01,313.42,89.2,97.5,2.33,3.014
2043-12-05,11.85,7.3,27.2,311.55,89.9,99.2,3.15,2.253
2043-12-06,11.03,6.31,37.26,288.17,84.7,98.7,10.07,3.307
2043-12-07,9.07,6.04,26.8,285.41,78.6,100.2,0,2.915
2043-12-08,8.69,6.27,16.86,328.63,98.3,99.9,2.07,0.579
2043-12-09,13.3,6.33,33.6,307.23,79.9,98.9,13.6,2.815
2043-12-10,7.54,6.12,8.78,307.58,81.1,100,0,1.236
2043-12-11,13.02,6.41,13.61,345.01,94.9,99.6,1.71,1.371
2043-12-12,12.78,3.91,29.83,288.12,78,100.2,2.2,2.126
2043-12-13,8.14,3.76,30.05,287.4,85.1,101,0,1.179
2043-12-14,7.25,2.19,17.5,282.67,86.2,100.2,0.21,1.599
2043-12-15,5.76,1.22,32.59,252.57,91.9,100.7,0,1.536
2043-12-16,8.02,1.42,11.25,302.97,92,100.4,10.93,1.033
2043-12-17,8.23,4.8,16.01,319.47,83.7,99.6,2.33,1.952
2043-12-18,6.98,4.85,5.08,328.75,96,99.1,15.99,1.814
2043-12-19,7.88,4.11,24.81,297.42,98.6,99.7,0,0.842
2043-12-20,5.75,2.12,13.57,293.97,82.7,100.6,0,1.372
2043-12-21,3.48,0.76,24.46,272.93,83.6,100.8,0,0.83
2043-12-22,3.13,-0.4,27.78,261.36,88.2,98.8,0,1.499
2043-12-23,0.49,-3.18,30.75,258.69,100,97.6,4.8,0.647
2043-12-24,1.51,-2.88,24.65,246.44,88.5,97.9,0,2.273
2043-12-25,1.06,-5.21,31.52,223.92,91.5,98.6,0,1.214
2043-12-26,2.71,-5.21,26.86,237.04,91.3,99.3,0,1.519
2043-12-27,2.02,-2.95,14.55,287.9,98.3,99,3.13,1.68
2043-12-28,3.93,0.92,3.22,309.72,89.6,97.9,15.37,6.511
2043-12-29,3.71,2.6,13.96,311.26,93.1,98.8,3.5,4.391
2043-12-30,3.2,1.38,11.31,300.62,97.8,99.7,0.76,2.267
2043-12-31,3.32,1.32,12.85,305.67,97.6,99.8,3.42,2.859
2044-01-01,3.44,1.27,14.39,312.14,97.4,99.9,6.1,3.515
2044-01-02,9.59,3.45,5.53,333.36,97.3,99.4,22.12,3.509
2044-01-03,7.71,5.67,15.65,310.24,90.2,99.1,6.11,1.375
2044-01-04,7.08,2.38,25.99,274.32,87.9,100.1,0.76,2.652
2044-01-05,5.22,0.12,33.21,264.81,90.4,101.2,0,0.995
2044-01-06,2.9,-0.6,23.08,283.81,98.4,101.5,0,1.089
2044-01-07,5.4,1.75,19.16,292.3,82.8,101.1,0,1.134
2044-01-08,5.26,1.35,23.97,288.38,92,100.4,0,0.849
2044-01-09,10.42,4.9,19.67,330.9,96,99.8,1.47,1.074
2044-01-10,12.83,9.78,20.72,339.05,90.3,99.5,2.3,2.298
2044-01-11,9.78,6.88,7.75,331.51,97.4,99.8,9.96,0.534
2044-01-12,7.07,4.85,40.93,272.89,87.5,100.2,0,2.028
2044-01-13,7.6,4.4,18.17,300.36,86.4,100.1,2.59,2.108
2044-01-14,6.62,4.44,31.22,290.17,83.3,98.9,6.53,1.738
2044-01-15,8.04,5.45,29.57,303.77,73.3,96.1,2.93,3.541
2044-01-16,7.02,4.86,29.02,295.75,78.1,95.8,2.18,5.038
2044-01-17,5.25,3.18,24.71,288.19,83,96.3,2.51,3.179
2044-01-18,5.29,1.54,44.61,255.8,75.2,97,0,3.218
2044-01-19,4.94,1.22,42.84,265.57,80.8,97.6,0.52,2.134
2044-01-20,4.5,1.21,24.48,298.05,88.1,98.1,7.19,0.978
2044-01-21,5.06,2.09,27.97,299.14,90.7,99.2,1.01,1.58
2044-01-22,4.3,1.92,25.66,297.29,90.9,99.8,0,0.542
2044-01-23,3.91,-1.39,44.33,262,84.9,100.1,0,0.528
2044-01-24,2.83,-2.09,51.88,245.15,88.1,100.1,0,0.396
2044-01-25,1.66,-1.72,23.4,283.96,93,99.5,4.11,2.352
2044-01-26,1.81,-1.21,7,308.64,100,98.1,23.86,2.115
2044-01-27,0.54,-8.13,22.34,277.97,99,100.1,3.79,1.473
2044-01-28,9.57,-4.09,13.95,308.59,89.4,101,1.15,1.964
2044-01-29,10.42,4.9,43.41,311.62,85.1,100.4,3.27,2.316
2044-01-30,6.08,3.63,31.3,313.76,94.3,100.4,8.27,0.261
2044-01-31,10.19,4.7,30.66,325.02,91.3,99.7,2.29,2.044
2044-02-01,7.46,5.25,29.34,296.45,67.7,99.7,0,4.724
2044-02-02,7.74,5.45,43.29,303.98,84,100.6,0.41,2.569
2044-02-03,10.06,6.72,45.61,311.05,86.7,100.1,1.01,2.414
2044-02-04,11.35,5.08,36.06,305.04,85.5,100.1,0,1.98
2044-02-05,13.09,11.27,39.82,344.11,89.7,99.6,14.33,3.732
2044-02-06,12.45,8.82,67.79,291.9,84.5,100.6,0,2.606
2044-02-07,10.88,6.41,48.32,316.86,89.7,101.5,0,1.433
2044-02-08,6.59,4.03,43,312.44,97.8,101.8,0,0.843
2044-02-09,6.73,2.74,35.11,318.14,99,101.3,0.96,2.231
2044-02-10,6.77,4.61,36.22,325.12,100,101.2,0.53,1.327
2044-02-11,6.63,4.02,25.08,322.55,100,101.6,0.73,2.069
2044-02-12,6.93,1.53,63.51,282.05,91,102.2,0,3.642
2044-02-13,5.79,-0.68,94.84,235.39,84.3,102.5,0,1.677
2044-02-14,5.86,-2.91,95.95,238.38,92.3,101.9,0,0.435
2044-02-15,8.11,1.11,72.35,287.27,89.4,101.1,0,0.994
2044-02-16,8.59,3.43,59.96,301.09,87.3,100.9,1.22,0.721
2044-02-17,8.4,2.08,100.19,247.51,74.3,102,0,1.451
2044-02-18,8.33,1.82,78.48,279.19,85.8,102.2,0,1.283
2044-02-19,7.41,2.67,65.6,286.42,86.5,101.4,1.86,2.366
2044-02-20,8.31,3.43,91.07,269.39,73.3,101.1,0,2.64
2044-02-21,9.43,5.33,74.12,297.27,74.5,99.9,0,3.735
2044-02-22,8.44,5.29,75.95,287.92,84.7,99,0.84,4.004
2044-02-23,6.2,2.71,81.47,267.24,77.9,98.5,0.83,3.193
2044-02-24,5.63,1.15,69.55,282.77,85.9,98.5,1.11,0.423
2044-02-25,4.95,0.59,77.58,283.87,82.1,98.2,0,0.293
2044-02-26,4.33,1.06,59.27,299.35,89.7,97.8,4.96,1.575
2044-02-27,4.89,2.31,51.93,310.37,90.4,95.5,27.59,0.565
2044-02-28,5.73,1.5,51.27,291.95,91.3,96.9,6.65,1.518
2044-02-29,6.03,1.5,70.82,288.23,91.5,97.3,3.4,0.522
2044-03-01,6.34,1.51,90.58,283.13,91.6,97.8,0,0.804
2044-03-02,6.75,0.86,87.17,288.2,89.4,98.3,1.46,0.446
2044-03-03,5.43,1.12,95.39,275.53,79.6,99.4,4.71,0.599
2044-03-04,8.54,1.32,114.27,265.86,66.3,99.9,0,2.702
2044-03-05,7.38,3.77,62.26,294.09,81.8,99.6,0,2.228
2044-03-06,9.78,3.04,100,285.47,83,100.2,2.11,2.971
2044-03-07,9.73,2.59,67.88,302.05,84.2,98.5,6.62,4.075
2044-03-08,6.64,2.44,67.48,271.33,74.7,97.9,1.36,3.334
2044-03-09,6.94,1.96,105.86,265.76,67.3,98.7,0,1.439
2044-03-10,6.75,2.28,90.65,296.09,86.1,96.8,6.06,1.41
2044-03-11,7.08,1.44,91.3,277.46,79.9,96.5,0,0.717
2044-03-12,7.32,1.59,115.39,270.82,84.8,97.5,0.8,0.404
2044-03-13,5.54,3.42,15.48,321.11,97.2,97.2,32.91,5.013
2044-03-14,6.1,3.5,29.03,320.94,95.8,97.9,24.95,4.501
2044-03-15,6.39,2.67,114.35,290.64,72,99.6,3.74,4.263
2044-03-16,6.77,1.72,87.76,295.71,73.8,100.4,0.36,1.841
2044-03-17,8.14,3.99,94.38,296.66,78.4,99.7,0,3.341
2044-03-18,7.73,2.51,130.71,271.47,74.6,99.2,3.35,3.267
2044-03-19,7.31,1.01,105.42,277.64,83.4,99.5,1.72,1.825
2044-03-20,8.26,4.02,106.48,298.4,84.4,97.4,4.6,3.643
2044-03-21,7.65,2.41,108.11,289.11,80.7,97.2,2.41,1.557
2044-03-22,9.21,2.93,123.14,292.27,83.3,97.8,5.34,0.53
2044-03-23,6.57,3.59,81.29,307.5,94.8,98.2,6.05,1.457
2044-03-24,5.41,3.1,68.19,312.64,91.8,99.1,9.26,3.596
2044-03-25,5.97,3.01,85.06,305.64,89.7,99.6,1.29,3.622
2044-03-26,5.64,1.72,94.04,300.29,84,98.7,0.92,5.007
2044-03-27,7.17,2.9,55.32,318.48,89.2,97,17.42,4.163
2044-03-28,8.28,2.28,96.63,299.6,85,97.1,5.41,1.302
2044-03-29,8.7,1.51,107.04,295.98,89.1,97.2,3.25,1.268
2044-03-30,9.67,3.48,130.35,290.95,85.6,98,0.05,0.6
2044-03-31,8.94,3.5,145.58,276.64,78.6,98.6,0,2.716
2044-04-01,9.86,4.13,140.8,282.99,67.8,99.4,0,2.14
2044-04-02,9.26,3.47,81.92,297.31,85.9,99.5,3.89,0.983
2044-04-03,10.32,3.81,156.32,274.28,64.8,100,0,2.63
2044-04-04,9.23,3.66,115.64,294.78,73.4,100.3,0,2.084
2044-04-05,10.86,4.13,103.23,296.2,75.2,100.4,0,1.88
2044-04-06,10.6,2.61,230.68,242.18,61.6,100.9,0,0.334
2044-04-07,9.76,3.32,101.62,302.54,83.7,99.8,11.1,2.935
2044-04-08,10.06,5.42,173.83,288.75,74.8,99,0.14,2.256
2044-04-09,9.32,4.33,73.45,309.17,87.2,98.1,11.75,1.62
2044-04-10,9.89,4.57,175.92,289.5,63.7,97.7,4.56,3.509
2044-04-11,9.65,3.8,127.44,296.5,73.8,98.1,3.86,1.35
2044-04-12,8.93,3.87,129.59,303.27,84.7,99,3.27,2.646
2044-04-13,10.16,4.07,168.67,287.38,63.8,100.6,0,0.725
2044-04-14,11.7,2.85,238.17,250.56,68.1,100.8,0,0.525
2044-04-15,13.35,2.78,115.44,313.19,85.9,100.4,6.93,1.203
2044-04-16,10.94,5.76,121.6,314.84,75.8,100.6,0.06,1.067
2044-04-17,9.87,4.42,125.26,291.86,77.9,99.3,1.6,2.315
2044-04-18,7.98,3.47,108.17,283.88,74.9,98.8,4.8,1.848
2044-04-19,8.15,3.04,157.11,287.17,64.3,99.8,0,1.226
2044-04-20,8.4,3.88,158.05,298.49,72,100.6,0,1.041
2044-04-21,8.29,4.34,129.43,311.63,83.2,100.7,2.36,0.942
2044-04-22,7.99,5.28,117.53,316.12,86.9,101.2,3.49,1.944
2044-04-23,9.52,3.55,170.21,288.98,66,101.5,0,1.839
2044-04-24,9.41,5.69,147.58,305.96,72.8,100.8,0,0.74
2044-04-25,11,5.26,158.77,297.28,68.9,99.5,0,3.225
2044-04-26,8.08,3.1,135.09,293.2,67.2,98.6,2.62,2.246
2044-04-27,7.84,2.89,149.1,295.42,71.9,99.3,2.45,1.194
2044-04-28,9.11,3.35,162.58,297.16,64.9,100.1,0,0.794
2044-04-29,10.57,1.63,177.9,275.62,70.7,100.5,0,1.409
2044-04-30,12.68,5.85,168.67,304.48,82.3,100.3,0,3.376
2044-05-01,13.43,7.61,145.04,314.07,76.6,100.1,0,3.617
2044-05-02,15.58,9.47,223.83,318.92,81.7,99.2,1.21,4.758
2044-05-03,11.29,6.99,180.48,289.82,69.8,99,0,3.029
2044-05-04,10.81,5.55,178.39,282.55,74.7,99,1.23,2.417
2044-05-05,10.78,4.96,180.83,288.09,62.8,100.2,0,0.578
2044-05-06,12.86,4.07,125.73,304.06,66,100.5,0,1.009
2044-05-07,9.58,7.05,81.04,324.37,87.1,99.7,7.12,1.429
2044-05-08,11.42,5.41,163.17,299.77,76.7,99.6,1.33,1.147
2044-05-09,11.87,6.65,182.01,300.73,77.4,99.3,6.94,2.362
2044-05-10,12.47,5.19,198.78,290.82,69.8,99.9,0,2.232
2044-05-11,13.74,7.29,122.71,319.07,72.8,99.3,0,1.654
2044-05-12,13.9,9.22,63.77,344.92,90.5,98.5,11.52,2.46
2044-05-13,16.62,10.9,151.61,339.44,80.6,99,0,1.323
2044-05-14,23.01,11.68,153.24,360.59,86,99.3,1.74,2.83
2044-05-15,21.91,12.87,229.42,330.45,76.2,99.5,2.82,1.101
2044-05-16,18.54,10.76,217.87,311.53,73.4,99.2,5.17,0.666
2044-05-17,20.37,10.16,184.33,337.63,82,98.6,0,0.744
2044-05-18,19.89,12.78,151.02,353.2,88,98.3,6.65,2.342
2044-05-19,21.53,11.28,299.94,299.19,76.2,98.1,0,0.123
2044-05-20,20.62,12.4,228.63,339.26,82.4,97.4,93.76,0.867
2044-05-21,13.4,10.53,164.37,330.11,80.2,97.3,13.42,3.602
2044-05-22,11.06,8.79,124.24,304.99,78,98.3,1.73,3.611
2044-05-23,15.32,7.21,193.42,298.69,76.4,98.8,0.18,0.803
2044-05-24,13.27,9.3,81.62,332.45,93.9,98,23.37,2.368
2044-05-25,12.89,7.43,156.2,327.8,85.7,98.1,15.46,1.393
2044-05-26,11.78,5.62,178.43,301.02,75.3,98.9,5.12,1.756
2044-05-27,11.43,3.18,144.14,306.95,88.2,99.5,18.09,2.38
2044-05-28,15.54,10.64,166.95,341.67,92.7,99.1,10.4,2.478
2044-05-29,14.49,9.65,91.09,348.2,94.2,98.5,34.98,1.031
2044-05-30,14.92,8.96,167.96,334.63,85.8,98.8,4.66,0.186
2044-05-31,15.47,8.88,183.56,328.29,81.3,99.3,4,0.385
2044-06-01,16.01,8.8,199.22,322.01,76.9,99.7,3.34,0.88
2044-06-02,17.64,7.99,212.4,321.87,76.4,99.7,12.8,3.367
2044-06-03,20.54,11.03,226.07,335.61,72.6,99.2,3.05,0.534
2044-06-04,19.91,10.64,281.76,321.78,67.5,99.5,0,1.965
2044-06-05,19.6,13.35,183.99,359.41,83.2,99.4,2.54,2.034
2044-06-06,19.15,11.81,219.56,327.29,72.9,99.9,0,0.091
2044-06-07,13.48,8.56,132.25,343.18,90.9,100.1,12.63,3.776
2044-06-08,12.23,7.85,152.25,332.74,82.7,100.9,1.57,4.71
2044-06-09,14.26,8.02,280.34,296.35,73.4,101.6,0,4.669
2044-06-10,17.54,8.11,331.76,288.34,71.5,101.4,0,3.583
2044-06-11,19.42,8.27,335.53,289.05,74.7,100.8,0,2.754
2044-06-12,22.19,8.15,333.96,300.49,72.3,100.1,0,3.063
2044-06-13,27.39,11.19,322.87,334.02,77.4,99.6,0,2.852
2044-06-14,26.22,12.73,321.62,324.64,70.5,99.3,0,2.554
2044-06-15,19.64,14.88,133.47,362.98,88,99.5,7.01,0.397
2044-06-16,23.93,14.9,240.27,355.49,81.4,100.1,0,0.532
2044-06-17,22.92,15.05,226.13,343.76,69.6,100.3,0,1.088
2044-06-18,21.1,13.23,307.88,309.83,66.1,100.9,0,1.464
2044-06-19,23.16,11.85,292.65,316.97,72.4,101.2,0,0.415
2044-06-20,24.56,15.26,326.96,323.57,66.8,101.1,0,2.099
2044-06-21,24.69,15.29,298.07,332.54,68.6,101.2,0,0.203
2044-06-22,24.42,13.36,313.01,314.77,72.6,101.4,0,1.308
2044-06-23,27.24,15.04,348.81,321.85,64.6,101,0,1.285
2044-06-24,28.42,16.73,337.83,327.15,66.5,100.1,0,0.493
2044-06-25,20.29,10.85,112.92,340.59,78.5,99.6,0.89,1.347
2044-06-26,15.9,10.14,231.2,312.52,71.6,99.6,5.4,0.585
2044-06-27,15.52,10.75,181.2,326.82,59.3,100.1,0,0.958
2044-06-28,17.57,10.39,217.42,318,67.6,100.2,0,2.119
2044-06-29,19.93,12.09,253.22,317.09,70.7,100.4,0.54,0.154
2044-06-30,22.18,11.28,320.47,300.63,65.4,100.5,0,1.193
2044-07-01,22.96,12.83,287.01,318.84,65.1,100.1,0,2.018
2044-07-02,20.13,15.14,235.63,339.67,77.8,99.6,0,2.723
2044-07-03,20.48,14.89,203.37,356.49,86.7,99,5.6,2.15
2044-07-04,19.49,13.8,276.72,326.46,73.5,98.9,0.74,3.139
2044-07-05,19.51,12.87,284.53,315.54,67.3,99.6,0,2.42
2044-07-06,20.53,13.79,153.83,360.33,86.3,98.9,23.86,1.06
2044-07-07,19.86,14.51,228.84,342.32,82.4,98.3,7.85,1.452
2044-07-08,19.82,13.39,234.68,338.25,80.7,98.5,2.79,3.056
2044-07-09,19.93,12.36,278.11,315.66,68.6,99.2,0,2.766
2044-07-10,20.08,13.73,191.69,345.41,83.1,98.7,13,1.322
2044-07-11,18.79,12.44,273.65,311.08,76.3,98.4,2.16,1.762
2044-07-12,17.82,12.3,167.69,336.66,73.3,98.9,4.23,2.933
2044-07-13,18.95,10.7,245.63,306.09,66.2,99.5,0,2.759
2044-07-14,21.13,11.35,253.66,328.67,77,100.1,0,2.402
2044-07-15,23.05,17.11,235.41,358.93,79.8,99.9,0,2.492
2044-07-16,23.21,15.02,188.43,360.28,80.4,99.4,5.94,2.434
2044-07-17,20.72,13.38,303.31,309.29,71.2,99.5,1.2,2.232
2044-07-18,18.37,13.11,159.24,332.42,79.7,99.8,1.77,0.394
2044-07-19,21.95,12.17,279.23,316.4,74,99.9,0.74,0.426
2044-07-20,21.61,15.51,196.64,347.06,72.8,99.7,0,1.822
2044-07-21,21.2,17.14,143.84,374.74,86.8,99.5,10.58,1.742
2044-07-22,22.23,14.9,268.02,339.31,78,99.2,1.72,2.394
2044-07-23,20.36,14.01,207.83,333.87,75.7,99.5,1.88,1.465
2044-07-24,20.15,14.19,214.22,337.43,76.8,99.4,0,2.753
2044-07-25,21.19,13.19,277.76,313.41,72.2,99.9,0,2.457
2044-07-26,22.14,13.25,247.91,319.97,70.4,99.9,0,1.242
2044-07-27,24.61,15.11,256.68,337.09,75.3,99.7,1.82,0.444
2044-07-28,25.39,16.1,212.52,349.82,75.2,99.6,0,0.557
2044-07-29,25.08,16.04,256.95,341.44,70.5,99.5,0,1.396
2044-07-30,25.83,18.75,276.71,355.78,66.3,99.2,1.13,1.358
2044-07-31,24.92,17.55,268.7,346.17,67.1,99,1.12,1.871
2044-08-01,24.01,16.35,260.64,336.97,68,98.8,1.11,2.387
2044-08-02,20.46,15.84,261.05,329.68,76.2,98.8,0.2,3.516
2044-08-03,20.28,13.67,172.31,334.77,77,99.5,0.63,3.311
2044-08-04,19.86,12.49,278.92,296.68,62.3,100.3,0,3.28
2044-08-05,20.24,14,155.73,356.2,77.2,100.5,2.52,2.657
2044-08-06,21.21,15.2,133.75,356.63,87.6,99.8,2.04,2.197
2044-08-07,19.06,13.04,212.83,314.02,74.2,99.2,1.16,2.597
2044-08-08,18.46,11.72,237.91,302.48,72.9,98.9,0,2.809
2044-08-09,17.81,12.24,249.86,302.23,75,98.5,1.74,3.039
2044-08-10,17.66,12.53,198.39,323.41,78.6,98.6,3.86,2.944
2044-08-11,18.53,12.22,206.23,314.94,76,99.4,2.02,0.797
2044-08-12,20.3,13.19,198.11,336.2,77.2,100,1.04,0.402
2044-08-13,20.57,13.1,281.26,304.97,75.3,100.2,0,2.111
2044-08-14,20.34,13.92,180.18,347.3,83.1,100.2,4.05,2.309
2044-08-15,23.03,16.45,198.89,355.86,81.4,99.9,0,2.737
2044-08-16,21.42,17.79,161.43,362.1,85.3,99.4,1.88,3.265
2044-08-17,22.13,15.19,243.43,328.11,75,99.5,0,2.6
2044-08-18,20.36,14.81,244.11,321.05,70.7,99.6,0,3.143
2044-08-19,18.74,13.19,246.8,300.26,70.4,99.9,0.71,2.907
2044-08-20,18.52,11.87,207.19,312.21,72.2,99.8,0,2.352
2044-08-21,18.84,14.12,189.67,336.63,76.9,99.3,0,2.196
2044-08-22,20.15,13.18,161.06,332.58,71.7,99.5,0,1.636
2044-08-23,20.59,13.03,176.64,336.04,81,99.8,0,2.287
2044-08-24,20.2,12.96,232.09,304.05,77,100.3,0,1.983
2044-08-25,21.95,11.39,253.33,297.12,73.7,100.7,0,0.33
2044-08-26,24.17,11.4,249.95,308.83,75.8,100.8,0,2.63
2044-08-27,25.41,15.3,202.9,353.88,80.2,99.8,5.1,1.454
2044-08-28,20.78,15.36,185.89,334.41,84.4,99.8,0.81,2.711
2044-08-29,22.23,13.53,185.42,335.4,72.4,99.9,0,2.058
2044-08-30,21.06,14.05,93.63,373.02,90.7,99.7,19.82,1.072
2044-08-31,20.04,13.72,114.22,360.76,87.7,99.9,11.21,0.267
2044-09-01,19.02,13.39,134.89,347.35,84.6,100,2.6,1.221
2044-09-02,21.08,11.86,206.87,311.3,75.7,100.1,0,0.586
2044-09-03,20.64,12.82,145.01,338.34,80.5,99.7,4.41,1.446
2044-09-04,19.29,14.33,208.59,319.83,71.2,99,0.74,2.685
2044-09-05,18.11,14.31,191.96,339.95,78.3,99.1,3.04,3.323
2044-09-06,17.42,10.8,58.04,343.48,88.1,98.7,40.32,1.042
2044-09-07,16.55,9.73,189.28,294.59,71.4,99.4,0,1.986
2044-09-08,13.85,8.47,132.6,307.23,79.2,100.3,2.93,2.622
2044-09-09,18.64,13.54,186.88,330.98,76.3,99.6,2.47,3.237
2044-09-10,17.77,12.78,146.16,337.84,79.4,100.2,0,0.253
2044-09-11,18.66,12.23,142.33,335.71,80.4,100.4,0,0.922
2044-09-12,19.2,11.74,179.79,313.31,78.4,100.6,0,1.172
2044-09-13,18.76,9.93,185.84,301.63,83.1,100.6,0,1.056
2044-09-14,18.33,11.69,96.32,351.4,92.8,100.5,0,1.048
2044-09-15,18.3,14.02,102.88,357.65,89.9,100.7,0,1.406
2044-09-16,19.42,12.26,143.07,339.65,85.7,100.5,0,0.641
2044-09-17,19.46,13.73,141.08,341.81,85.8,100.3,0.8,0.698
2044-09-18,17.12,12.66,136.28,333.18,85.2,100.3,0,0.727
2044-09-19,18.55,11.86,155.64,317.44,76.9,100.1,0,1.939
2044-09-20,17.29,10.31,159.1,304.51,70.6,99.8,0.7,2.437
2044-09-21,14.48,9.6,116.25,314.97,64.9,100.7,0,1.16
2044-09-22,14.91,9.02,174.01,286.25,65.6,101.1,0,0.153
2044-09-23,16.14,7.44,178.51,284.04,77.2,101.2,0,0.511
2044-09-24,16.78,11.05,137.61,316.37,76.6,101.1,0,0.38
2044-09-25,16.4,10.24,108.8,325.02,83,101.1,0,1.268
2044-09-26,13.29,9.18,110.68,310.35,82.2,101.5,0,0.746
2044-09-27,14.4,8.92,114.16,323.12,78.3,101.3,0,0.623
2044-09-28,14.94,9.47,128.89,303.98,78,101.1,0,1.466
2044-09-29,14.57,9.51,123.75,317.37,81.4,101.1,0,0.593
2044-09-30,14.81,10.17,88.27,331.4,85.7,101.4,0,1.251
2044-10-01,17.55,10.04,131.76,308.19,79.9,101.7,0,1.548
2044-10-02,16.56,6.46,144.49,276.9,78.6,101.6,0,0.982
2044-10-03,16.71,5.63,156.5,270.78,77.4,101.4,0,0.531
2044-10-04,18.16,6.89,147.28,279.55,75.6,100.8,0,1
2044-10-05,17.46,9.81,103.46,315,76.8,100.5,0,1.586
2044-10-06,18.7,13.98,69.79,359.27,91.5,100.5,0,2.021
2044-10-07,18.87,13.19,93.28,348.84,88,100.8,0,1.187
2044-10-08,18.64,11.66,116.21,316.54,89.2,101.1,0,0.901
2044-10-09,16.38,10.3,75.22,325.94,97.2,101.2,0,0.596
2044-10-10,18.51,9.75,113.07,314.16,92.7,101.2,0,0.45
2044-10-11,16.6,8.23,118.91,297.11,94.4,101,0,0.926
2044-10-12,14.53,9.36,80.81,322.13,96.6,100.6,0,0.518
2044-10-13,19.07,8.94,118.02,321.17,88.5,100.4,0,0.765
2044-10-14,18.35,12.48,86.08,333.65,89.6,100.6,0,1.275
2044-10-15,18.27,10.48,114.31,307.45,89.7,100.9,0,0.244
2044-10-16,16.7,9.89,48.5,344.87,97,100.5,0.86,1.808
2044-10-17,17.1,10.88,97.74,312.15,87.6,100.2,0,3.074
2044-10-18,18.16,8.99,108.12,306.68,89.2,100,0,1.894
2044-10-19,14.74,11.67,42.9,349.58,98.7,99.6,4.59,0.32
2044-10-20,12.92,5.02,51.02,294.16,77.5,99.5,4.2,1.203
2044-10-21,9.53,4.37,99.95,253.29,59.4,99.9,0,2.367
2044-10-22,9.18,3.55,105.38,252.77,65.7,99.9,0,1.93
2044-10-23,14.16,5.88,60.89,307.78,84,99.8,0,2.734
2044-10-24,13.49,8.78,95.7,286.15,74.7,100.3,0,2.202
2044-10-25,14.26,9.81,78.59,305.39,83,100.4,0,2.471
2044-10-26,16.63,11.04,83.37,317.14,85.7,100.4,0,1.952
2044-10-27,14.49,11.65,53.14,336.55,92.4,100.5,0,0.408
2044-10-28,13.84,11.55,37.93,352.17,94,100.6,0,0.406
2044-10-29,12.45,7.08,40.16,319.66,94.3,100.6,1.09,0.997
2044-10-30,10.82,4.99,65.75,283.21,90,100.5,0,1.049
2044-10-31,9.99,4.18,68.14,272.82,87.8,100.3,0,1.13
2044-11-01,9.17,3.36,70.51,262.88,85.6,100.2,0,1.328
2044-11-02,10.54,3.43,53.62,293.25,92.4,100.5,0.31,0.849
2044-11-03,11.56,5.94,65.98,285.39,85.6,100.9,0,0.965
2044-11-04,11.14,4.92,76.7,275.59,90.5,101.1,0,0.335
2044-11-05,11.7,2.53,73.46,285.37,91.1,101,0,0.565
2044-11-06,11.42,5.72,42.41,313.95,96.6,101.1,0,0.22
2044-11-07,10.6,5.73,42.08,319.2,96.2,101,0,0.293
2044-11-08,8.9,5.42,41.56,314.11,95.5,100.9,0,0.629
2044-11-09,10.02,7.79,24.6,342.23,99.9,100.4,0.83,1.083
2044-11-10,10.47,7.51,34.04,330.43,97.3,99.7,0,0.97
2044-11-11,9.14,7.01,33.22,329.19,96.7,99.3,1.91,1.791
2044-11-12,13.04,9.01,20.31,338.4,98.6,99.1,7.32,1.634
2044-11-13,13.53,9.51,36,333.1,95.9,99.1,2.56,1.085
2044-11-14,11.86,5.21,29.14,304.98,92.9,98.7,2.49,1.58
2044-11-15,6.64,2.95,35.74,277.82,92.6,98.3,0.96,0.865
2044-11-16,7.08,4.22,35.67,284.32,90,98.6,1.64,1.431
2044-11-17,6.8,3.33,47.19,260.05,72.3,99.4,0.09,2.799
2044-11-18,6.34,2.77,44.84,263.82,84,98.9,0.66,2.603
2044-11-19,6.93,2.24,57.1,241.45,72.6,99.1,0,2.65
2044-11-20,4.57,0.43,44.75,242.54,88.1,99.4,0,1.959
2044-11-21,7.71,1.73,21.26,295.72,94.3,99.2,6.35,1.711
2044-11-22,7.39,3.36,43.47,262.99,85,99.4,0,2.132
2044-11-23,6.5,2.66,35.33,284.62,86.5,99.5,0.73,1.306
2044-11-24,5.53,3.46,34.42,299.01,90.9,99.3,0,0.859
2044-11-25,5.86,0.98,32.46,284.82,95.9,99.9,0,0.275
2044-11-26,5.75,2.09,21.83,302.15,98.4,100.9,0,0.826
2044-11-27,4.84,2.4,15.66,309.78,90.3,100.6,1.43,3.981
2044-11-28,4.16,2.39,17.02,304.13,84.1,100,2.29,6.436
2044-11-29,4.28,2.21,9.22,311.85,88.7,98.9,19.36,6.094
2044-11-30,5.49,3.35,8.21,321.65,96.3,98.3,18,5.929
2044-12-01,4.38,1.41,11.42,307.86,95.7,98.2,6.56,1.063
2044-12-02,5.44,1.42,17.45,300.04,97.9,98.6,1.3,1.316
2044-12-03,3.64,1.99,24.32,304.03,100,98.8,0,0.579
2044-12-04,4.08,2.04,16.25,312.06,100,98.8,2.87,0.596
2044-12-05,4.79,-1.63,30.47,263.54,97,98.9,0,0.754
2044-12-06,7.3,-1.33,4.8,316.02,100,98.4,10.96,1.267
2044-12-07,9.38,6.02,29.59,306.25,96.5,98.4,0,1.452
2044-12-08,7.57,4.78,4.37,329.67,99.9,97.8,16.05,3.469
2044-12-09,7.44,3.63,16.86,314.33,95.3,98,2.95,0.872
2044-12-10,4.69,2.88,18.45,310.45,95.4,99.5,6.06,2.632
2044-12-11,13.28,4.7,17.11,346.46,92,99.2,5.39,2.113
2044-12-12,12.99,10.63,29.13,332.54,86.5,99.9,0,3.078
2044-12-13,10.6,8.1,20.44,319.42,94.4,100.3,0,0.971
2044-12-14,10.83,7.72,14.21,340.57,97.1,99.9,0,1.199
2044-12-15,10.69,5.39,30.85,283.1,95.8,100.4,0,1.379
2044-12-16,5.81,2.3,26.13,288.26,100,101.4,0,0.432
2044-12-17,6.29,3.99,9.63,326.75,100,101.2,2.79,3.797
2044-12-18,6.37,3.56,13.63,324.6,98.2,101.4,6.54,3.41
2044-12-19,3.56,-1.83,27.9,265.2,90.3,101.7,0.05,1.9
2044-12-20,0.57,-3.05,27.29,261.09,95.1,101.6,0,1.121
2044-12-21,4.07,-1.53,19.47,288.14,100,101.2,0,0.899
2044-12-22,8.96,3.64,14.96,325.73,98.7,100.7,1.91,1.043
2044-12-23,7.27,2.71,19.19,308.63,99.6,100.3,4.62,0.424
2044-12-24,4.7,1.41,9.15,314.65,100,100.8,2.5,0.342
2044-12-25,1.83,-3.45,33.87,242.61,100,101,0,0.307
2044-12-26,-1.4,-4.72,24.69,258.9,100,100.3,0,0.515
2044-12-27,5.01,-1.48,33.66,280.64,92.3,99.6,1.59,1.768
2044-12-28,11,4.26,25.28,312.33,93.9,100.1,0,2.819
2044-12-29,11.42,6.99,29.67,308.36,79.1,100.1,0,5.252
2044-12-30,10.92,6.37,20.17,314.7,76,100.3,2.16,4.147
2044-12-31,11.35,8.24,18.42,328.48,78.3,99.8,2.41,4.956
2045-01-01,11.78,10.1,16.68,342.6,80.5,99.3,2.65,5.766
2045-01-02,10.35,4.44,30.13,296.42,81.5,98.7,4.71,3.584
2045-01-03,4.55,0.79,35.88,251.61,77.2,99.4,0.56,2.906
2045-01-04,2.59,-1.75,25.28,246.59,88.3,99.6,0,0.789
2045-01-05,2.99,-2.42,35.33,244.49,86.2,99.2,0,1.636
2045-01-06,3.67,-0.57,39.24,250.89,77.8,98.7,0,2.236
2045-01-07,2.31,-1.82,38.57,257.97,78.8,99.2,2.26,0.758
2045-01-08,3.6,-1.12,31.51,261.19,77.8,99.4,0.31,1.423
2045-01-09,2.77,-0.34,40.7,251.28,74.6,100.1,0,1.595
2045-01-10,5.46,1.36,23.81,291.29,82.2,100.6,0,1.641
2045-01-11,4.94,2.09,28.89,290.41,88.1,101.3,0,1.602
2045-01-12,8.72,4.24,32.56,308.89,91,101.3,0,3.612
2045-01-13,9.93,6.87,30.67,307.56,93.3,101.3,0,2.744
2045-01-14,7.09,4.11,33.05,298.98,94,101.3,2,1.18
2045-01-15,9.59,3.94,26.37,314.26,90.4,100.3,0,2.034
2045-01-16,10.74,6.47,33.11,294.83,72.4,99.5,0,4.308
2045-01-17,13.22,6.43,22.56,334.28,89.6,99.4,21.16,3.644
2045-01-18,12.57,8.88,45.2,297.05,85.2,99.6,0,3.358
2045-01-19,10.25,6.46,27.69,302.34,74.7,98.7,1.08,4.638
2045-01-20,6.48,3.37,25.27,283.31,84.4,98.8,5.32,1.379
2045-01-21,4.42,3.33,5.45,318.54,94,97.4,35.28,4.771
2045-01-22,3.84,3.04,14.58,315.61,93.2,97.8,12.1,2.119
2045-01-23,4.61,1.1,27.27,299.66,93.5,97.8,1.75,1.083
2045-01-24,3.25,-1.86,40.89,258.61,84.7,98.4,4.42,0.193
2045-01-25,4.35,0.33,15.88,311.79,100,97.7,1.27,0.442
2045-01-26,7.95,1.45,26.87,295.7,92.7,98.1,5.11,1.213
2045-01-27,8.75,5.29,11.55,305.27,93.8,98.1,17.13,1.602
2045-01-28,10.87,6.83,51.83,286.7,77,99.6,0,3.744
2045-01-29,9.67,6.27,26.61,318.25,93.9,99.6,1.69,1.297
2045-01-30,12.74,6.74,27.72,317.88,84.5,99,2.37,3.025
2045-01-31,12.77,8.48,23.95,318.73,76.6,98.7,1.43,3.766
2045-02-01,9.23,7.56,52.08,295.67,71.4,99.4,1.23,4.733
2045-02-02,9.26,6.51,31.95,317.53,81.8,100.5,1.1,1.488
2045-02-03,10.47,7.55,40.96,317.88,88.6,99.4,0.15,1.827
2045-02-04,9.38,6.97,29.9,311.26,90.4,99.8,0.71,1.373
2045-02-05,10.57,7.31,42.76,309.41,91.4,100.1,0.54,1.312
2045-02-06,8.69,4.31,44.75,300.5,94.3,100,1.82,0.563
2045-02-07,8.77,3.48,30.23,295.24,92.3,99.4,2.32,1.106
2045-02-08,6.79,3.31,63.16,274.01,79,99.3,0,2.141
2045-02-09,6.29,1.94,73.07,265.74,77.4,99.5,0.72,2.05
2045-02-10,4.61,0.82,78.86,253.11,78.3,99.9,0,0.88
2045-02-11,5.89,1.92,52.11,283.61,85.5,99.6,4.11,1.692
2045-02-12,5.8,0.84,88.04,255.57,74.2,100.2,6.43,1.214
2045-02-13,5.68,2.81,76.04,271.15,79.7,99.2,2.24,2.951
2045-02-14,5.89,2.08,54.16,282.84,86.6,98.6,2.34,1.927
2045-02-15,7.26,4.17,71.44,291.5,83.5,99.1,3.68,3.71
2045-02-16,7.34,3.47,45.89,302.14,78.8,97.5,6.25,4.068
2045-02-17,6.91,3.07,69.36,270.72,70.5,97.8,2.3,4.196
2045-02-18,6.94,2.21,82.58,269.44,78,98.5,1.52,2.231
2045-02-19,7.92,2.95,53.07,293.06,79.3,96.2,2.93,3.681
2045-02-20,5.2,0.31,109.48,239.06,65.6,97.6,0,2.427
2045-02-21,3.08,-0.57,42.62,265.16,90.6,98.5,2.73,0.764
2045-02-22,4.67,-0.7,83.94,260.37,76,99,0,0.486
2045-02-23,3.93,-0.67,16.89,295.34,86,97.8,10.01,1.255
2045-02-24,4.87,1.22,84.04,264.45,76.9,97.7,0,2.956
2045-02-25,7.52,0.03,59,292.29,86.5,96.6,8.6,1.405
2045-02-26,10.05,2.53,93.02,302.9,81.1,96.9,17.45,1.888
2045-02-27,10.27,5.17,94.93,296.98,76.3,96.9,3.31,3.36
2045-02-28,7.62,1.85,120.75,249.78,76.1,98.7,0,2.777
2045-03-01,7.6,-0.87,101.47,274.01,83.9,100.1,6.83,0.311
2045-03-02,5.65,0.99,99.27,269.14,71.3,101.3,2,0.65
2045-03-03,5.37,-0.94,117.01,254.05,70.6,101.7,0,0.558
2045-03-04,5.44,0.38,102.7,277.76,66.5,101.5,0,0.584
2045-03-05,5.21,0.15,69.77,274.15,69.3,101,0,2.013
2045-03-06,2.97,-0.48,75.93,277.82,64.6,99.8,0,4.874
2045-03-07,3.07,-0.82,50.22,293.63,89.8,99.1,4.17,3.764
2045-03-08,7.46,-0.38,87.35,285.32,89.8,98.7,3.82,0.604
2045-03-09,7.63,2.11,77.42,280.57,89.7,98.8,0.92,1.267
2045-03-10,8.97,2.94,121.78,271.37,78,99.4,0,2.207
2045-03-11,10.44,3.93,65.87,299.73,79,98.5,6.48,2.638
2045-03-12,8.71,4.21,132.31,268.36,67.8,98.8,1.06,4.574
2045-03-13,7.88,4.27,135.04,284.08,62,100.3,0,1.23
2045-03-14,8.1,2.43,144.15,264.54,65,101,0,1.481
2045-03-15,7.61,1.94,68.58,297.97,80.9,100.7,0,2.124
2045-03-16,11.06,6.04,109.99,303.18,87.6,99.4,3.3,3.298
2045-03-17,8.62,3.37,60.69,305.8,93.5,99.4,10.46,0.171
2045-03-18,4.55,2.36,38.93,312.18,98,99.3,13.85,2.834
2045-03-19,7.85,-1.22,114.49,267.95,81.1,98.9,6.78,1.298
2045-03-20,6.64,-0.99,148.19,258.04,67.2,99.2,0,1.506
2045-03-21,6.62,-0.31,143.74,253.31,63.3,99.3,0,1.411
2045-03-22,6.74,-1.23,145.14,243.7,67.3,99.1,0,0.527
2045-03-23,8.01,-1.68,154.98,253.42,68.9,99.1,0,1.005
2045-03-24,9.19,1.97,138.11,270.6,74.3,99.6,0,1.791
2045-03-25,8.2,-0.58,123.7,273.62,85.2,99.7,0,0.739
2045-03-26,8.97,1.84,206.11,244.83,69.8,99.4,0,0.623
2045-03-27,8.8,1.85,125.8,281.44,70.6,100.3,0,1.358
2045-03-28,8.25,-0.89,155.24,260.36,71.3,100.2,0,0.536
2045-03-29,6.95,-0.22,65.24,278.64,78.1,99.7,10.94,1.415
2045-03-30,6.15,-0.89,160.96,246.5,66.1,100.1,0,1.504
2045-03-31,7.66,-0.34,154.65,253.99,69.4,100.2,0,2.063
2045-04-01,7.94,1.78,129.26,275.15,73.9,100,0,1.45
2045-04-02,8.78,0.57,168.74,262.1,67.2,100.1,0,0.101
2045-04-03,9.75,0.43,153.44,261.86,71.3,100.4,0,1.376
2045-04-04,8.44,0.81,141.55,262.03,76.7,100.9,0,1.48
2045-04-05,7.11,-0.1,132.08,257.76,78.5,101.1,0,0.561
2045-04-06,7.82,-0.98,130.39,273.36,82.1,100.9,1.59,0.111
2045-04-07,8.13,1.23,154.35,267.4,72.8,100.9,0,0.701
2045-04-08,7.56,2.08,139.5,277.54,74.2,101.1,0,0.378
2045-04-09,11.37,2.69,148.7,291.43,81.4,100.4,0.69,2.73
2045-04-10,14.09,7.48,176.37,311.95,78.3,99.5,0.28,3.435
2045-04-11,11.78,5.72,145.67,292.1,66.6,100.2,0,2.092
2045-04-12,7.69,3.79,58.32,298.37,85.3,100,2.51,0.488
2045-04-13,9.32,3.05,152.89,283.83,74.7,100.2,0.07,0.688
2045-04-14,9.27,1.98,173.8,270.45,59.9,100.5,0,0.227
2045-04-15,10.94,2.15,178.57,275.76,67.4,100.5,0,0.519
2045-04-16,13.32,3.56,179.34,289.61,71.7,100.6,0,0.545
2045-04-17,14.76,6.34,204.3,292.65,78.1,100.6,0,1.519
2045-04-18,11.39,6.95,148.39,305.12,77,100.4,0,2.072
2045-04-19,10.57,5.34,144.43,305.99,76.8,100.1,0.86,0.736
2045-04-20,8.76,4.47,158.74,298.16,66.5,100.6,0,1.621
2045-04-21,11.8,3.83,229.8,268.07,67.6,100.6,0,0.71
2045-04-22,13.88,4.9,173.36,293.19,68.8,99.8,0,1.508
2045-04-23,11.02,7.44,84.45,319.91,85.1,98.7,2.46,2.384
2045-04-24,10.22,5.75,170.34,299.12,73.3,98.5,1.09,3.692
2045-04-25,9.07,6.52,173.9,298.51,71.1,98.1,6.3,4.948
2045-04-26,10.54,6.1,162.77,295.83,60.6,99.6,0.51,3.902
2045-04-27,13.89,5.75,197.43,311.4,71.4,98.9,3.11,5.514
2045-04-28,11.21,5,238.6,262.96,55.8,99.9,0,4.568
2045-04-29,11.1,4.91,161.41,297.13,61.4,100.6,0,1.041
2045-04-30,10.33,2.85,215.98,272.9,59.3,101,0,0.59
2045-05-01,14.31,2.13,204.05,290.58,71,101.2,0.73,0.633
2045-05-02,12.77,7.15,187.86,309.85,79.8,101.6,1.13,1.1
2045-05-03,10.11,4.21,140.23,296.95,74.6,101.3,0,0.614
2045-05-04,12.77,3.04,253.97,270.59,72.9,100.7,0,0.175
2045-05-05,15.18,7.35,185.31,316.6,71.7,100.4,0.57,0.517
2045-05-06,12.15,6.05,149.76,302.98,67.5,100.7,0,1.798
2045-05-07,10,6.25,132.3,305.11,80,100.6,1.14,0.293
2045-05-08,14.53,6.66,144.79,323.05,84.6,99.9,4.49,1.178
2045-05-09,12.77,7.22,184.68,302.38,71.8,99.1,0.98,4.455
2045-05-10,11.59,4.68,194.59,276.99,54.9,99.6,0,3.387
2045-05-11,9.32,2.23,194.08,277.15,60.7,100.4,1.02,1.066
2045-05-12,7.15,1.53,163.99,262.81,61.9,101,0,0.559
2045-05-13,8.25,2.29,162.08,278.64,58.9,100.9,0,1.082
2045-05-14,11.09,0.04,331.26,224.68,63.8,100.1,0,0.519
2045-05-15,11.72,5.49,163.83,301.18,67.7,99.1,1.25,0.372
2045-05-16,11.61,5.53,133.52,315.9,82.4,99,3.51,4.542
2045-05-17,10.71,6.08,117.19,313.24,90.4,99.2,4.92,3.701
2045-05-18,14.09,6.16,190.9,309.37,78.7,99.4,0,1.757
2045-05-19,20.7,9.29,191.17,347.4,85.2,99.8,2.52,2.546
2045-05-20,18.9,9.04,271.03,312.16,70.7,99.9,1.98,2.918
2045-05-21,14.6,7.69,140.07,328.93,89.3,99.6,4.71,2.262
2045-05-22,19.92,10.31,232.62,339.29,79.5,99.8,10.46,2.029
2045-05-23,16.16,9.92,174.19,315.76,80.8,99.9,6.34,1.39
2045-05-24,17.86,9.1,272,299.65,75.1,100.1,0,1.664
2045-05-25,16.62,10.9,125.64,342.35,82.3,99.9,2.66,0.664
2045-05-26,16.28,11.43,275.83,302.19,69.5,99.7,0.57,2.066
2045-05-27,14.98,8.55,205.58,309,79.2,100.2,0.62,0.777
2045-05-28,15.91,7.47,277.61,288.33,72.4,100.7,0,1.058
2045-05-29,19.99,6.35,288.33,287.49,68.6,100.6,0,1.08
2045-05-30,17.84,9.05,238.32,305.31,72.1,100,0,2.861
2045-05-31,16.53,8.31,220.67,303.51,69,99.9,0.56,2.085
2045-06-01,15.21,7.56,203.14,301.67,65.9,99.8,0.75,1.367
2045-06-02,16.29,8.64,265.5,296.72,65.4,99.8,0,0.818
2045-06-03,15.21,7.83,263.07,294.28,72.6,99.4,0,2.817
2045-06-04,15.09,8.56,203.51,305.28,72,99.1,1.43,1.089
2045-06-05,12.78,5.65,200.05,302.44,65.7,99.2,0.53,0.652
2045-06-06,10.94,5.2,164.95,301.88,68.2,99.7,0,0.802
2045-06-07,15.38,6.61,217.63,301.17,59,99.8,0,0.781
2045-06-08,16.72,6.18,251.45,284.16,63,99.4,0,0.669
2045-06-09,16.81,7.67,307.04,287.23,68.3,99.2,0,1.32
2045-06-10,15.23,8.23,152.55,327.67,66.6,99.3,0,0.695
2045-06-11,18,8.65,239.53,301.18,69.6,100,0,0.842
2045-06-12,16.99,9.08,202.3,312.25,64.8,100.3,0,1.507
2045-06-13,18.3,10,170.96,341.7,84.4,99.9,5.2,2.03
2045-06-14,19.24,10.23,281.74,311.21,73.9,99.6,0.77,1.342
2045-06-15,19.01,11.98,300.93,304.13,72.5,99.7,0,3.011
2045-06-16,18.41,11,200.21,328.38,80.1,99.7,6.63,1.924
2045-06-17,16.24,9.92,201.8,317.59,68.2,100,0.32,0.452
2045-06-18,19.33,8.84,289.53,285.41,62.6,99.9,0,0.588
2045-06-19,20.84,10.48,303.79,290.49,63.5,99.8,0,1.348
2045-06-20,19.31,8.95,291.75,302.41,77.2,100.1,0,2.949
2045-06-21,20.59,11.55,236.6,347.41,80.2,100,4.52,4.897
2045-06-22,24.13,14.13,236.17,350.76,77.8,100.1,0.66,0.792
2045-06-23,21.69,14.91,178.9,350.1,85.8,100.1,2.69,0.612
2045-06-24,23.09,15.85,294.23,331.97,74.4,100.4,0,2.838
2045-06-25,23.95,14.96,313.19,318.71,70.6,100.7,0,0.435
2045-06-26,24.79,14.01,327.97,316.92,66.6,100.8,0,1.368
2045-06-27,26.38,13.79,341.29,312.43,60.7,100.6,0,2.029
2045-06-28,24.47,12.49,357.1,298.11,55,100.4,0,3.573
2045-06-29,24.15,13.43,321.65,317.01,74.1,100.1,0,3.896
2045-06-30,28.42,13.25,286.05,356.13,73.9,99.7,4.27,1.746
2045-07-01,22.08,17.78,145.37,367.82,84.2,99.3,20.58,0.458
2045-07-02,24.61,17.48,274.82,352.32,73.4,98.8,4.54,1.89
2045-07-03,25.07,16.86,270.9,343.97,72.7,98.5,4.59,1.297
2045-07-04,22.42,16.66,248.28,343.54,75.1,98.5,3.55,2.417
2045-07-05,20.66,13.48,241.18,346.22,79.4,99.2,8.45,1.639
2045-07-06,20.54,13.3,105.53,370.93,85.5,98.7,12.04,2.727
2045-07-07,19.82,12.23,251.58,342.2,78.6,97.6,6.19,2.495
2045-07-08,17.9,10.81,240.4,311.1,60.5,99.8,0,2.361
2045-07-09,17.9,12.09,150.51,338.08,79.9,99.6,2.74,2.124
2045-07-10,21.93,14.95,305.44,326.77,72.3,98.5,1.88,2.896
2045-07-11,18.27,13.2,259.15,316.24,77.2,98.5,0.79,4.204
2045-07-12,19.1,12.06,267.82,306.42,62.9,99.9,0,1.619
2045-07-13,22.92,11.65,294.32,314.67,62.2,100.4,0,1.495
2045-07-14,24.92,14.36,323.38,327.27,61.6,100.1,0,3.788
2045-07-15,24.61,14.11,252.05,354.64,82.4,99.4,23.58,1.799
2045-07-16,23.05,14.96,297.2,333.89,70,99.9,5,0.942
2045-07-17,22.27,13.21,271.19,319.86,71.4,100.1,4.39,0.634
2045-07-18,22.59,13.59,276.6,325.13,72.9,100.5,0.54,1.402
2045-07-19,22.07,13.41,174.41,347.87,75.4,100.3,1.3,1.36
2045-07-20,23.39,18.03,225.57,363.78,81.6,99.7,0.66,3.154
2045-07-21,21.96,15.84,241.67,332.51,74.5,99.5,2.63,1.973
2045-07-22,22.62,14.4,261.94,325.31,72.8,99.7,1.47,0.358
2045-07-23,21.38,14.49,150.29,364.68,81.2,100.2,2.05,2.488
2045-07-24,22.3,13.79,256.39,331.27,71.9,99.8,0,4.04
2045-07-25,21.26,13.36,199.04,339.36,71.6,99.5,0,2.375
2045-07-26,21.62,14.02,172.42,358.15,85.4,99.2,46.33,1.24
2045-07-27,21.57,15.42,200.81,349.23,81.8,99,5.71,1.443
2045-07-28,21.09,15.32,225.2,339.01,76.5,99.4,1.23,1.852
2045-07-29,17.04,13.56,133.15,337.72,81,99,4.22,1.537
2045-07-30,16.74,12.02,135.31,328.48,82.2,98.1,6.34,1.091
2045-07-31,18.85,12.26,176.74,327.12,78.1,98.3,3.74,2.082
2045-08-01,20.96,12.49,218.81,325.73,73.9,98.4,1.14,3.085
2045-08-02,22.72,14.24,182.68,350.25,82.7,98.4,2.91,1.318
2045-08-03,19.5,15.1,207.83,332.07,80.8,98.5,2.2,2.842
2045-08-04,21.03,13.54,270.87,314.94,73.8,99.1,0,2.846
2045-08-05,19.87,13.26,239.62,315.42,76.7,99.3,0.23,2.78
2045-08-06,22.46,13.47,228.78,337.78,77.1,99.1,9.55,1.432
2045-08-07,23.19,16.62,231.98,346.03,74.3,98.7,2.37,2.022
2045-08-08,21.56,16.01,236.9,334.76,78.2,98.9,1.72,2.664
2045-08-09,20.81,14.48,189.27,333.94,78.1,99.6,1.87,1.812
2045-08-10,21.82,13.33,227.15,319.98,76.2,100.2,0.04,0.483
2045-08-11,22.03,12.93,229.28,330.47,72.5,100.4,0,1.862
2045-08-12,22.33,17.14,212.13,364.12,83.8,100,0,3.723
2045-08-13,26.59,17.92,227.09,361.96,76.2,100.1,0,2.609
2045-08-14,24.88,16.16,201.41,348.91,74.5,99.8,0.92,2.146
2045-08-15,21.75,15.87,257.59,320.02,72.3,99.6,0,2.507
2045-08-16,18.77,13.75,202.81,318.93,75.4,99.5,0.47,2.927
2045-08-17,18.77,11.85,199.83,309.35,67.4,99.6,0,2.467
2045-08-18,16.77,9.74,200,295.56,63.8,99.9,0,1.44
2045-08-19,17.61,10,122.51,335.56,77.2,99.7,11.06,2.864
2045-08-20,20.05,11.59,158.06,355.06,80.7,98.2,22.17,1.516
2045-08-21,16.74,10.79,201.51,303.04,70.3,100.1,0,3.011
2045-08-22,18.6,11.19,210.61,310.69,75.4,100.5,0.07,2.028
2045-08-23,19.3,12.76,136.24,348.8,71.8,100,0,0.831
2045-08-24,22.33,15.08,114.77,370.32,83.8,99.1,15.32,0.961
2045-08-25,22.17,15.65,223.59,332.03,76.9,99.1,0,2.145
2045-08-26,21.52,13.63,212.46,319.22,78.2,99.4,0.99,1.047
2045-08-27,21.17,12.05,228.32,310.38,79.9,99.8,1.73,0.095
2045-08-28,19.16,13.3,175.79,327.28,85.2,100.1,2.45,1.497
2045-08-29,19.13,13.19,192.82,329.32,76,100.3,0,0.726
2045-08-30,19.19,12.1,190.12,317.24,74.5,100.5,0,0.656
2045-08-31,18.96,12.38,165.85,322.92,77.5,100.6,0,0.975
2045-09-01,18.73,12.65,141.78,327.99,80.5,100.6,0,1.297
2045-09-02,19.33,12.11,186.92,315.73,78.6,100.5,0,0.937
2045-09-03,20.36,10.73,206.2,307.87,77,100.5,0,0.68
2045-09-04,21.1,13.61,158.42,334.24,79.8,100.4,0,1.684
2045-09-05,23.33,12.12,180.59,338.43,81.8,100,3.18,0.386
2045-09-06,20.01,12.67,170.15,318.16,74.4,99.3,0.51,1.505
2045-09-07,16.73,11.43,183.32,299.98,79,98.9,1.45,2.217
2045-09-08,17.44,11.48,185.01,303.47,75.2,99.2,0,3.405
2045-09-09,19.32,12.59,154.13,319.17,73.4,99.5,0.88,2.64
2045-09-10,19.57,11.15,156.96,313.83,77,100,0,0.577
2045-09-11,17.55,9.61,189.61,292.02,79.1,100.3,0,0.595
2045-09-12,19.12,9.14,164.23,309.38,77.4,100.5,0,0.488
2045-09-13,20.31,12.02,178.07,323.97,78.1,100.6,0,0.398
2045-09-14,17.86,11.62,115.06,331,84.2,100.6,0,0.627
2045-09-15,19.35,10.36,153.35,318.05,82.6,100.9,0,0.23
2045-09-16,21.6,10.71,167.28,326.64,80.3,101.1,0,0.375
2045-09-17,21.09,12.73,159.67,323.04,81.5,101.2,0,0.187
2045-09-18,19.51,12.06,143.52,322.75,83.4,101.4,0.42,0.81
2045-09-19,18.53,10.55,175.7,300.27,77.7,101.4,0,0.779
2045-09-20,20.43,10.54,174.4,307.27,74.8,101.1,0,0.924
2045-09-21,22.09,14.29,138.88,352.08,82.3,101.1,0.79,0.497
2045-09-22,19.62,13.08,124.86,344.47,84.8,101.3,0.69,2.079
2045-09-23,18.62,13.26,100.06,350.64,88.2,101.3,1.26,2.262
2045-09-24,19.43,12.9,113.44,340.09,87.5,101.6,0.14,0.252
2045-09-25,16.39,9,128.73,303.2,78.5,101.7,0,0.925
2045-09-26,15.89,6.89,170.11,275.34,72.8,101.2,0,0.515
2045-09-27,18.18,9.43,171.3,289.51,63.5,100.2,0,2.133
2045-09-28,18.15,13.35,89.15,336.95,81,99.3,0.95,2.511
2045-09-29,20.71,15.49,95.27,358.75,77.9,98.9,0,3.115
2045-09-30,18.05,10.47,31.37,341.97,86.7,98.6,6.28,1.383
2045-10-01,16.95,9.42,152.67,290.35,80.2,99.2,0,1.166
2045-10-02,18.17,10.46,127.04,304.68,72.5,99.2,0,1.204
2045-10-03,23.51,12.16,104.13,353.5,76.4,98.3,5.91,2.573
2045-10-04,15.38,9.72,129.35,288.15,75.5,99.4,0.53,2.088
2045-10-05,17.64,9.46,127.25,308.83,70.4,100.4,0,1.899
2045-10-06,20.14,13.1,86.24,344.73,82.3,100.7,0,1.963
2045-10-07,19.71,14.74,128.25,332.81,80.9,100.9,0,1.703
2045-10-08,19.18,12.07,134.27,305.62,82.7,100.8,0,1.63
2045-10-09,17.06,11.03,123.55,313.05,74.9,101.1,0,1.24
2045-10-10,14.24,9.48,87.31,313.6,69.7,101.5,0,0.232
2045-10-11,13.76,9.88,66.7,331.47,85,101.3,0.42,1.47
2045-10-12,14.28,9.83,88.47,321.42,81.9,100.9,0,1.007
2045-10-13,13.43,8.02,74.91,309.64,84.5,100.7,0,0.691
2045-10-14,15.92,7.3,103.09,310.37,84.3,100,2.2,0.708
2045-10-15,16.34,10.13,118.25,298.53,82,100.1,0.85,1.785
2045-10-16,16.49,8.65,94.28,301.49,81.4,100.2,0,0.8
2045-10-17,14.83,9.24,44.68,344.39,93.7,99.8,8.72,0.524
2045-10-18,13.37,11.72,21.4,357.58,97,99.4,9.59,0.598
2045-10-19,12.32,8.55,17.32,309.54,90.2,98.2,13.26,1.998
2045-10-20,11.89,6.99,57.82,291,87.6,98.1,2.04,2.855
2045-10-21,14.14,8.77,65.72,315.12,79.8,99.1,0,2.304
2045-10-22,12.6,9.22,76.36,301.71,69.7,100.2,0,3.417
2045-10-23,14.37,8.68,46.32,320.43,84.3,100.8,0,2.694
2045-10-24,15.77,11.99,89.37,319.88,82.8,100.4,0,3.243
2045-10-25,13.58,6.9,19.56,311.6,86.9,99.5,9.71,2.441
2045-10-26,11.19,6.38,93.34,276.7,68.2,100.5,0,2.297
2045-10-27,14.1,7.07,48.17,318.9,86.8,100.6,0.04,1.925
2045-10-28,13.87,10.28,28.74,328.42,90.1,100.7,0.5,2.615
2045-10-29,14.96,11.91,57.12,328.91,90.6,100.7,0,2.123
2045-10-30,15,10.41,48.17,333.41,87.9,100.2,4.15,2.262
2045-10-31,12.89,9.43,36.88,332.04,85.5,100.6,5.39,0.466
2045-11-01,10.78,8.46,25.73,331.05,83,101.1,6.63,2.379
2045-11-02,10.66,7.61,44.04,319.5,72.9,102.2,0,0.737
2045-11-03,11.06,6.39,43.87,315.28,81.6,102.2,0,1.539
2045-11-04,15.23,7.63,44.58,313.14,86.8,101,0,2.927
2045-11-05,13.49,6.99,37.25,330.63,92.8,100.8,0,0.872
2045-11-06,15.35,9.36,60.02,322.16,88.2,100.8,0,1.183
2045-11-07,12.85,7.89,45.96,304.96,91.1,101,0,1.329
2045-11-08,15.58,7.85,56.68,311.04,84.1,100.9,0,2.791
2045-11-09,12.98,10.14,41.07,321.01,87.3,100.2,0,4.415
2045-11-10,13.38,7.77,56.27,305.78,76.6,99.9,0,2.575
2045-11-11,11.38,5.5,46.64,309.27,88.7,99.5,1.01,1.611
2045-11-12,11.52,2.17,58.59,271.8,75.1,98.5,2,2.997
2045-11-13,7.1,1.58,58.26,264.54,73,98.7,1.41,1.687
2045-11-14,5.88,3.81,20.75,306.19,96.5,97.5,3.14,0.65
2045-11-15,8.33,3.74,48.09,282.16,91.1,97.8,0,2.031
2045-11-16,7.73,3.24,45.28,267.34,82.9,98.1,0.79,2.217
2045-11-17,7.31,2.83,51.25,251.19,70.9,100.2,0,1.855
2045-11-18,6.49,0.88,42.47,254.72,70.3,101.4,0,1.73
2045-11-19,5.82,0.77,56.28,246,78.2,101,0,1.808
2045-11-20,5.48,1.86,25.5,299.85,93.6,100.7,0,0.344
2045-11-21,4.95,1.56,21.34,310.73,97.2,100.2,9.8,2.208
2045-11-22,6.32,4.67,21.76,325.18,99.2,99.4,5.67,1.452
2045-11-23,10.38,5.57,13.55,337.56,97.8,98.2,23.29,2.479
2045-11-24,10.55,7.04,35.94,300.96,92.2,96.2,2.93,1.171
2045-11-25,10.06,7.03,42.21,297.47,91.5,96.8,0,1.036
2045-11-26,9.12,3.9,26.37,284.05,92.2,98.4,0,1.7
2045-11-27,8.14,1.69,36.98,274.65,96.1,99.6,0,0.566
2045-11-28,6.22,3.21,10.84,311.27,96.6,99.5,10.4,3.754
2045-11-29,6.62,5.23,6.1,328.59,95.7,99.1,14.21,4.646
2045-11-30,5.2,1.38,22.15,299.82,83.6,99.8,3.88,3.816
2045-12-01,1.37,-0.83,9.09,289.18,91.8,99.5,5.44,1.325
2045-12-02,9.99,-2.87,22.31,303.57,96.7,99.5,3.27,1.007
2045-12-03,9.9,2.9,26.84,280.87,87.7,99.3,0,1.74
2045-12-04,6.29,1.56,22.48,299.4,90.8,100,9.7,0.373
2045-12-05,5.11,1.84,33.11,285.73,92.5,99.4,7.63,0.63
2045-12-06,10.69,4.43,9.57,309.11,87.2,98.6,3.4,2.075
2045-12-07,7.73,3.88,27.59,284.5,88,98.8,0,1.664
2045-12-08,6.1,2.49,14.15,304.82,94.7,99.4,5.44,0.528
2045-12-09,6.63,3.6,23.56,298.81,73.4,100.6,0,2.074
2045-12-10,4.64,1.33,35.02,263.22,70.5,101.2,0,0.758
2045-12-11,4.24,1.13,22.21,290.65,93.6,101.1,0,0.421
2045-12-12,5.12,0.8,33.06,266.58,83.9,100.6,0,1.215
2045-12-13,7.8,2.6,10.12,304.85,84.6,99.4,4.35,1.446
2045-12-14,7.6,5.37,15.16,287.95,88.4,98.9,7.24,2.792
2045-12-15,7.05,5.25,7,316.55,93.3,100,16.63,0.944
2045-12-16,12.08,5.26,10.49,334.55,96.7,99.9,10.45,1.731
2045-12-17,12.39,9.44,31.7,309.53,91.7,100.2,0,3.634
2045-12-18,11.93,9.77,23.04,329.12,90.4,99.3,0,2.056
2045-12-19,10.94,5.7,15.39,310.17,92,98.6,0.85,1.598
2045-12-20,5.59,1.08,26.4,265.25,77.8,99.5,0,1.274
2045-12-21,3.13,-0.89,36.17,234.41,73.6,100.1,0,1.641
2045-12-22,3.5,-1.51,13.62,270.54,88,100.2,0,1.604
2045-12-23,7.76,3,18.71,288.82,92.3,99.6,3.69,3.025
2045-12-24,5.83,3.62,29.66,270.74,74.6,99,1.22,3.543
2045-12-25,6.58,2.73,26.13,276.33,74.6,99.5,0,2.309
2045-12-26,5.88,2.56,19.16,299.21,80.2,100.6,0,1.141
2045-12-27,9.09,2.27,11.95,323.54,91.6,100.8,3.97,1.423
2045-12-28,11.28,8.33,15.64,334.39,91.2,100.3,0.63,3.022
2045-12-29,8.83,6.44,32,306,90.7,100.6,0.68,2.087
2045-12-30,12.26,7.88,22.68,319.48,84.8,100.2,0,4.23
2045-12-31,10.07,6.09,26.45,305.18,83.8,100.6,0,2.879
2046-01-01,7.89,4.29,30.25,290.39,82.6,101,0,1.545
2046-01-02,9.8,6.41,25.08,314.39,95.8,101.1,0,1.482
2046-01-03,9.19,3.43,27.48,285.15,83.9,100.6,0,1.999
2046-01-04,5.77,2.95,38.57,252.82,75.6,100.9,0,1.794
2046-01-05,4.66,1.38,20.82,292.51,90.8,101.2,0,1.526
2046-01-06,2.47,0.45,16.97,298.49,96.6,100.9,1.78,2.038
2046-01-07,1.49,-2.02,28.69,257.97,90.9,100.3,0,0.421
2046-01-08,1.29,-3.2,29.54,263.1,89.6,100.1,0,0.469
2046-01-09,-0.34,-2.88,25.27,272.64,85,99.9,0,1.244
2046-01-10,-0.42,-3.25,21.11,284.72,90.9,99,1.2,2.908
2046-01-11,2.33,-1.43,8.97,306.38,96.2,98.4,11.05,6.641
2046-01-12,2.16,0.47,4.75,308.55,92.8,98.3,18.71,7.617
2046-01-13,1.8,-0.77,17.07,297.4,89,99.6,1.66,5.299
2046-01-14,-0.22,-2.49,18.6,280.16,86.2,101.2,0,2.915
2046-01-15,-1.31,-4,20.89,277.16,85.8,102,1.22,1.284
2046-01-16,-3.34,-8.33,7.9,274.53,100,101.3,13.68,1.371
2046-01-17,-2.83,-15.91,27.91,233.54,100,101.5,0,0.432
2046-01-18,0.13,-7.06,16.13,265.32,97.7,101.2,1.42,0.642
2046-01-19,2.29,-7.94,30.43,266.42,95.5,100.4,0,2.216
2046-01-20,6.05,2.3,16.39,313.03,95.8,99.2,0.69,2.46
2046-01-21,5.35,1.9,25,301.12,93.6,98.2,0,0.731
2046-01-22,4.51,1.24,28.27,280.05,93.4,98.5,0.22,1.055
2046-01-23,8.38,1.67,38.03,301.69,90.9,98.2,2.01,3.237
2046-01-24,11.67,7.72,25.7,319.43,86.3,97.9,9.32,5.114
2046-01-25,12.03,7.89,14.46,338.81,92,98.1,29.43,2.928
2046-01-26,12.45,9.89,30.26,343.21,91.3,97.9,10.02,2.245
2046-01-27,9.94,3.68,17.6,317.88,92.7,97.8,11.51,1.226
2046-01-28,4.1,1.82,21.46,297.11,76.3,98.9,0,5.357
2046-01-29,2.25,0.51,28.37,292.25,72.6,99,0,6.98
2046-01-30,1.34,-0.49,12.84,304.84,95.1,98.7,13.23,5.466
2046-01-31,3.93,0.02,33.85,276.18,77,99,0,4.089
2046-02-01,2.85,-2.19,35.54,270.07,84.7,99.2,1.03,0.248
2046-02-02,1.74,-3.72,41.45,238.95,88.9,98.9,0,1.155
2046-02-03,3.18,-2.63,39.57,266.95,86.4,98.9,0,1.468
2046-02-04,3.2,-1.69,44.25,260.96,83.2,98.4,0,1.488
2046-02-05,3.96,-1.39,50.69,271.39,84.2,98.2,0,0.447
2046-02-06,3.91,-0.07,39.81,293.66,84.2,98.5,1.71,3.375
2046-02-07,11.88,2.3,39.02,316.29,95.6,97.1,7.22,1.269
2046-02-08,10.63,7.17,40.02,330.92,98.6,97,1.63,1.362
2046-02-09,10.79,7.92,29.47,333.54,97.2,96.9,1.66,0.542
2046-02-10,9.81,6.38,47.8,310.97,93.8,96.8,1.16,0.769
2046-02-11,7.15,3.53,14.81,311.6,94.3,97,10.24,0.214
2046-02-12,4.75,1.37,68.05,259.03,69.4,98,0,1.729
2046-02-13,5.39,0.4,66.78,252.17,77.5,98.6,0.05,2.884
2046-02-14,5.52,-0.3,70.7,270.88,83.5,99.3,5.42,0.836
2046-02-15,13.06,3.3,52.13,329.82,96.2,99.3,2.05,2.005
2046-02-16,14.15,9.34,90.03,301.54,82.7,100.4,0,3.024
2046-02-17,15.28,7.47,97.82,288.17,87,100.4,0,1.025
2046-02-18,11.73,3.27,95.47,267.61,91.2,99.5,0,0.543
2046-02-19,10.38,3.88,74.59,300.29,94.9,99.5,0,1.196
2046-02-20,12.93,6.65,71.83,315.65,92.2,100.1,0,0.945
2046-02-21,13.02,7.51,76.74,309.87,91.7,100.4,0,1.542
2046-02-22,10.74,6.9,51.05,332.64,95.7,99.8,0,3.058
2046-02-23,11.84,6.03,48.35,319.72,97.7,99.6,2.55,0.32
2046-02-24,12.05,4.32,78.07,303.55,96.8,100,0,0.555
2046-02-25,11.17,7.73,38.35,340.79,98.7,100,2.77,2.246
2046-02-26,9.17,5,31.55,331.2,98.8,100,2.17,3.861
2046-02-27,7.42,3.85,67.19,312.21,90.7,100.5,0,3.465
2046-02-28,7.02,3.56,62.99,310.21,93.1,100.5,0.76,2.299
2046-03-01,7.39,3.26,73.78,307.5,90.1,100.1,0,2.199
2046-03-02,6.68,3.24,65.02,310.52,92.7,99.6,0.73,2.283
2046-03-03,8.12,4.36,85.05,308.24,89.3,99.2,0.81,1.098
2046-03-04,7.9,4.14,90.46,298.33,79.5,99.6,0,0.447
2046-03-05,7.9,4.16,78.94,304.04,79.6,100,0,1.245
2046-03-06,7.59,3.87,64.18,312.44,90.5,100.1,1.12,4.049
2046-03-07,9.78,4.45,70.01,322.31,94,100.5,0.05,3.464
2046-03-08,9.65,4.87,64.42,321.07,93.4,101.2,0.39,2.247
2046-03-09,6.62,2.8,76.47,292.47,91.9,101.5,0.07,0.971
2046-03-10,12.98,2.06,111.83,303.43,91.4,101.1,0,1.277
2046-03-11,8.92,4.33,115.51,284.86,72,99.4,0,2.906
2046-03-12,7.96,1.15,73.05,280.09,69.4,98.1,0,2.482
2046-03-13,5.66,-0.67,133.69,237.71,54.5,97.8,0,3.052
2046-03-14,7.45,0.43,152.84,237.39,62.5,97.7,0,3.22
2046-03-15,7.79,0.61,139.57,245.96,72.3,98.9,0,2.256
2046-03-16,8.49,-0.91,128.87,262.99,74.2,100.2,0,0.393
2046-03-17,12.34,3.45,107.89,302.57,74.9,101.4,0,0.862
2046-03-18,14.48,3.11,178.92,258.02,67.3,101.9,0,0.966
2046-03-19,15.38,2.83,161.55,276.53,68.2,101.3,0,0.675
2046-03-20,14.56,7.39,89.27,315.64,74.8,100.3,0,1.654
2046-03-21,13.81,8.19,100.8,318.3,71.1,99,0,2.781
2046-03-22,14.59,8.78,155.41,312.47,72.9,98.4,1.04,0.734
2046-03-23,11.69,6.93,51.54,325.17,92.6,98.8,4.88,0.787
2046-03-24,9.93,5.27,141.89,286.8,69.9,99.5,1.67,3.179
2046-03-25,11.41,5.69,110.48,306.34,76,100.5,0,0.859
2046-03-26,11.09,5.51,104.82,308.62,78.7,100.7,0,0.359
2046-03-27,8.64,5.09,87.36,316.27,88.8,100.6,3.8,1.992
2046-03-28,7.42,3.93,104.46,303.57,80.8,100.4,2.27,2.673
2046-03-29,5.82,2.38,85.09,302.38,82.5,100.2,0.95,2.891
2046-03-30,7.19,2.88,92.47,304.44,81.8,100.2,1.03,1.415
2046-03-31,7.87,4,96.87,306.23,81.7,100.3,0,1.73
2046-04-01,9.56,3.96,108.03,310.56,86.8,100.3,1.4,0.671
2046-04-02,8.85,4.61,89.35,308.27,89.7,99.9,2.07,0.854
2046-04-03,6.94,3.73,86.15,301.68,88,98.9,1.61,1.289
2046-04-04,7.81,2.08,108.35,285,78.5,98.9,1.05,0.564
2046-04-05,5.73,0.58,82.04,280.08,77,100,2.61,0.533
2046-04-06,9.28,0.24,243.03,232.39,59.2,100.5,0,0.58
2046-04-07,10.68,1.2,150.42,284.89,69.6,100.1,0,2.533
2046-04-08,8.12,3.53,119.7,292,69.1,100.2,0,3.736
2046-04-09,8.69,3.22,158.58,293.31,66.7,100.6,0,2.542
2046-04-10,7.73,3.34,110,296.52,70.7,100.5,0,1.745
2046-04-11,7.32,2.54,114.91,295.4,73.7,100.2,0,0.971
2046-04-12,7.27,1.12,128.09,279.41,72.1,99.8,0.2,0.511
2046-04-13,7.89,-0.82,169.31,257.22,63.9,99.6,0,0.739
2046-04-14,8.7,2.01,122.13,288.78,62.1,99.8,0,3.382
2046-04-15,8.55,3.89,133.06,295.29,61.5,100.6,0,3.934
2046-04-16,8.01,2.53,122.69,288.61,68.4,101.6,0,1.593
2046-04-17,8.6,4.21,137.59,298.79,65.1,102,0,2.478
2046-04-18,13.62,3.87,268.34,258.78,61.2,101.8,0,1.321
2046-04-19,17.38,7.46,207.96,303.69,78.4,100.7,0,2.588
2046-04-20,14.12,3.17,201.39,299.77,79.8,99.4,6.67,1.661
2046-04-21,6.43,1.43,130.28,281.38,68.7,98.7,1.92,0.562
2046-04-22,8.24,0.35,170.56,261.93,56.8,98.9,0,2.285
2046-04-23,11.36,0.7,205.54,267.11,57.4,99.7,0,2.419
2046-04-24,12.61,7.27,143.51,307.61,59.7,99.8,0,3
2046-04-25,19.54,5.8,252,289.44,54.3,99.8,0,1.947
2046-04-26,18.74,11.88,169.46,337.02,56.5,99.5,0,3.661
2046-04-27,13.89,9.14,64.07,339.14,91,99.2,22.28,1.801
2046-04-28,14.24,9.41,109.66,341.77,91.1,99.7,4.53,0.469
2046-04-29,16.55,8.54,189.29,323.34,83.6,100.2,0.7,2.66
2046-04-30,12.11,6.28,205.07,312.66,82.5,101.1,0,2.85
2046-05-01,11.4,5.19,259.06,281.91,66.8,101.4,0,3.299
2046-05-02,12,5.14,213.08,289.95,70.8,101.5,0,3.375
2046-05-03,13.87,4.9,258.62,275.62,72.1,101.4,0,2.688
2046-05-04,14.57,4.15,234.58,269.52,73.6,100.8,0,0.753
2046-05-05,13.68,6.75,120.22,306.42,85.1,99.5,6.31,0.732
2046-05-06,9.4,2.1,147.5,293.26,78.9,99.5,1.97,0.876
2046-05-07,10.57,2.07,204.9,281.79,58.2,98.7,0,3.446
2046-05-08,8.71,3.15,125.52,297.08,78.9,97.9,5.63,0.739
2046-05-09,9.56,4.46,129.7,318.79,84.6,98.5,9.37,2.156
2046-05-10,7.59,4.68,30.51,327.13,93.9,98.7,54.07,2.92
2046-05-11,5.74,3.56,94.34,313.1,87.2,99.4,4.99,0.983
2046-05-12,9.84,2.92,145.35,302.69,69.2,99.6,0,1.378
2046-05-13,10.35,4.43,178.07,295.89,64.2,99.9,0,1.107
2046-05-14,10.03,4.31,201.18,287.11,68.7,100.6,0.74,0.876
2046-05-15,8.85,4.87,141.46,314.46,86.2,101,2.14,1.965
2046-05-16,12.79,6.02,278.66,297.67,80.8,101.2,0,3.024
2046-05-17,15.31,6.54,283.47,300.15,80.1,101,0,2.997
2046-05-18,12.18,5.1,148.98,313.61,82.5,100.1,0,2.042
2046-05-19,9.25,4.47,149.07,306.24,75.8,99.6,0.81,1.752
2046-05-20,9.46,4.47,157.83,301.55,75.5,99.2,0.88,1.237
2046-05-21,11.18,4,190.13,286.49,66.4,99.6,1.12,0.052
2046-05-22,12.95,5.93,157.7,317.03,67.6,99.4,0.72,2.9
2046-05-23,11.3,6.91,119.54,322.81,80.6,99.1,0.33,4.734
2046-05-24,13.5,6.8,162.91,321.95,84.9,99.7,1.73,0.992
2046-05-25,16.02,6.82,141.34,339.66,88.2,99.9,7.06,2.208
2046-05-26,17.86,10.66,271.98,308.66,70.8,99.7,0,1.883
2046-05-27,17.69,9.04,269.84,290.08,66.3,100.2,0,2.329
2046-05-28,17.2,8.28,230.25,307.86,75,100.1,0.15,1.111
2046-05-29,15.49,10.28,207.31,312.7,82.4,99.5,3.04,1.494
2046-05-30,16.98,10.25,284.71,303.44,73.8,99.5,0.86,2.922
2046-05-31,15.63,8.88,238.25,306.49,75.2,99.9,3.14,2.194
2046-06-01,14.27,7.51,192.49,308.8,76.6,100.2,5.43,1.511
2046-06-02,12.09,4.87,218.9,294.15,60.1,100.8,0,0.784
2046-06-03,13.74,5.83,260.11,285.02,58.1,100.7,0,1.668
2046-06-04,15.3,7.31,229.95,308.21,67.9,100,0,3.046
2046-06-05,14.79,8.19,153.88,335.84,84.4,100,4.54,2.055
2046-06-06,13.41,7.25,243.23,300.13,72.7,101,0,1.206
2046-06-07,14.47,5.97,329.42,260.94,66.9,101.5,0,0.655
2046-06-08,16.2,6.25,327.02,266.63,65.9,101.2,0,1.053
2046-06-09,18.07,8,230.98,311.25,67.5,100.4,0,0.693
2046-06-10,13.47,10.78,95.14,343.05,91.9,99.4,15.06,0.955
2046-06-11,14.99,9.57,132.13,338.17,90.7,98.5,7.37,1.701
2046-06-12,15.71,10.25,178.09,328.72,86.8,98.3,3.67,0.193
2046-06-13,17.22,9.9,246.34,310.38,77.8,98.4,0,2.54
2046-06-14,13.1,10,84.72,329.79,89.2,98.6,10.43,2.463
2046-06-15,16.76,9.56,239.04,308.15,69.7,98.9,0,2.263
2046-06-16,17.26,9.34,261.81,295.24,70.5,99.2,1.67,1.796
2046-06-17,17.75,9.21,257.63,295.5,69.3,99.3,2.06,1.16
2046-06-18,16.39,9.06,208.71,315.11,80.2,99.8,1.91,0.955
2046-06-19,19.15,7.48,294.1,286.9,71.8,100,0,0.657
2046-06-20,19.8,9.64,223.26,326.98,74.6,100,0,1.415
2046-06-21,22.97,14.1,310.33,326.9,69.8,100.4,0.83,2.207
2046-06-22,20.39,13.46,301.64,318.82,70.7,100.2,2.52,2.408
2046-06-23,20.35,12.46,254.45,315.42,72.5,99.7,2.73,0.159
2046-06-24,20.94,10.91,229.02,319.97,75.8,99.5,1.25,0.606
2046-06-25,18.34,12.79,156.87,352.19,87.8,99.7,11.02,2.778
2046-06-26,20.78,12.23,209.08,346.45,76.9,99.7,0,1.306
2046-06-27,21.05,15,184.62,344.29,78.6,99.1,1.53,1.3
2046-06-28,16.44,12.32,191.51,318.72,81,98.6,11.14,2.327
2046-06-29,19.17,11.56,328.09,294.97,67.3,100,0,2.984
2046-06-30,19.19,12.59,149.46,358.58,87,99.9,4.94,2.148
2046-07-01,19.24,13.73,254.26,317.37,72.4,99.7,0,2.511
2046-07-02,19.22,12.6,280.8,308.65,73.7,99.7,0.74,2.83
2046-07-03,18.46,12.02,216.73,330.51,73.4,100.4,1.11,0.35
2046-07-04,18.87,10.84,289.17,303.88,69.4,100.9,0,1.345
2046-07-05,22.92,9.91,301.64,305.05,66.5,100.7,0,0.805
2046-07-06,24.35,14.16,339.81,315.41,60.5,100.1,0,1.554
2046-07-07,22.8,15.29,217.8,349.83,69.7,99.5,4,1.804
2046-07-08,22.42,15.99,261.21,350.88,82.2,99,4.56,2.493
2046-07-09,19.6,13.59,303.54,307.18,68.9,99.6,0,3.404
2046-07-10,19.14,13.01,171.39,335.46,80.6,100,0,2.506
2046-07-11,23.16,16.83,245.53,365.99,82.5,99.9,0,3.588
2046-07-12,24.15,18.93,287.54,355.64,77.8,100,0,3.479
2046-07-13,33.54,18.68,294.13,376.48,53.6,99.5,0,1.394
2046-07-14,28.69,18.43,242.07,364.18,68.4,98.8,1.06,1.815
2046-07-15,19.97,14.87,305.36,316.5,69.6,99.4,0,3.387
2046-07-16,19.53,13.06,173.34,332.97,76.3,100,3.17,1.314
2046-07-17,18.53,13.29,168.2,348.49,86.4,99.4,17.73,1.014
2046-07-18,21.29,12.67,301.29,319.01,70.6,99.8,7.24,1.888
2046-07-19,20.93,13.99,266.68,327.8,70,99.8,14.75,0.965
2046-07-20,21.42,13.06,252.53,323.18,65.6,100.2,0,1.388
2046-07-21,22.39,16.97,165.1,372.27,83.9,99.5,3.4,2.461
2046-07-22,22.52,16.35,249.4,345.65,76.7,98.8,0.7,2.269
2046-07-23,19.37,13.6,219.81,338.84,76.3,99.2,0.98,1.81
2046-07-24,19.26,11.54,215.24,312.4,67.5,100,0,0.391
2046-07-25,19.23,10.68,267.6,300.5,64.4,100.2,0,0.49
2046-07-26,21.22,12.31,279.03,316.91,66.1,99.9,1.6,1.944
2046-07-27,23.07,14.77,252.71,345.27,77.3,99.5,2.58,2.41
2046-07-28,22.92,15.08,219.09,362.88,83.6,99.3,0.71,2.844
2046-07-29,25.02,17.13,275.45,351.3,75.6,99.2,0,1.981
2046-07-30,23.14,16.24,163.59,351.91,80.2,98.4,8.35,1.701
2046-07-31,22.24,15.15,219.19,332.41,73.4,98.8,4.39,2.394
2046-08-01,21.35,14.05,276,313,66.6,99.1,0,3.098
2046-08-02,25,15.37,240.39,352.28,68.7,99.2,0,2.344
2046-08-03,22.16,15.42,287.48,320.09,69.7,99.2,0,2.545
2046-08-04,20.82,14.46,122.5,346.47,84,99,10.6,0.954
2046-08-05,19.33,13.96,170.1,336.3,86.5,98.5,5.18,0.552
2046-08-06,21.05,14.56,243.4,324.48,78.2,98.9,0.75,2.484
2046-08-07,20.72,14.64,254.16,316.13,74.5,99.3,0,2.593
2046-08-08,20.91,14.59,250.47,321.97,76.4,99.6,0,2.749
2046-08-09,21.79,13,268.16,307.61,71.1,100,0,2.317
2046-08-10,21.9,13.84,200.38,336.12,80.9,100,1.08,2.14
2046-08-11,23.72,16.19,247.05,339.87,76.3,99.7,0,2.093
2046-08-12,19.66,15.74,106.1,360.38,87.1,98.9,10.14,1.553
2046-08-13,23.08,15.39,219.73,347.82,80.4,99.2,1.01,0.878
2046-08-14,24.19,16.65,235.8,359.8,82.8,100.1,0,2.175
2046-08-15,26.83,15.42,239.99,348.29,83.5,100.1,0,0.296
2046-08-16,20.98,13.89,194.56,330.38,77,99.8,2.35,0.638
2046-08-17,22.55,12.64,259.32,303.05,68.1,100.5,0,1.072
2046-08-18,22.97,13.99,267.78,316.28,72.1,100.1,0,1.899
2046-08-19,20.21,14.28,214.36,326.13,75.8,99.8,0,3.045
2046-08-20,21.38,14.7,200.6,336.24,69.4,99.9,0,0.657
2046-08-21,20.67,12.89,194.46,333.03,78.4,99.7,5.8,1.706
2046-08-22,18.96,11.61,218.44,308.71,70.9,100.1,0,0.594
2046-08-23,19.49,10.67,218.48,302.99,68.6,100.3,0,0.362
2046-08-24,20.08,10.77,212.75,307.06,68,100.2,0,0.247
2046-08-25,21.05,12.14,224.24,302.6,66.5,100,0,0.45
2046-08-26,21.72,12.48,163.82,328.5,73.9,100.1,1.11,1.66
2046-08-27,20.63,13.52,128.57,349.97,78.2,100.3,0.72,4.143
2046-08-28,21.22,13.26,194.54,331.95,74.9,100.5,0,3.454
2046-08-29,22.13,13.45,193.74,338.47,78,101,0.57,2.95
2046-08-30,22.71,11.79,221.62,313.25,77,101.1,0,2.361
2046-08-31,22.06,11.5,215.13,311.6,77.6,100.9,0,2.687
2046-09-01,21.41,11.21,208.76,310.55,78.3,100.6,0,3.014
2046-09-02,21.71,13.02,188.03,339.73,80.8,99.9,0.56,3.236
2046-09-03,21.25,14.29,130.09,353.48,88.1,99.5,0,0.188
2046-09-04,22.84,13.12,193.8,326.05,78.5,99.8,0.1,0.898
2046-09-05,18.92,13.57,107.96,351.13,91,100.3,7.43,1.163
2046-09-06,19.39,12.62,142.18,334.79,81.8,100.4,0,0.831
2046-09-07,22.2,11.39,161.08,335.32,78.8,99.7,2.33,0.991
2046-09-08,21.35,15.58,183.73,340.32,80.1,99.3,2.62,1.967
2046-09-09,21.99,14.21,152.75,339.95,79.4,99.7,0,2.452
2046-09-10,20.17,14.88,180.11,320.91,74.1,100.1,0,2.133
2046-09-11,21.42,14.29,108.02,354.53,82.5,100.2,0,2.126
2046-09-12,23.27,18.05,161.14,358.79,82.1,100,0,2.682
2046-09-13,20.32,15.19,169.75,325.2,72.1,99.8,0,2.523
2046-09-14,18.08,13.47,156.44,320.13,81.4,99.5,3.37,2.617
2046-09-15,17.98,12.47,79.83,327.77,74,99.6,0,2.507
2046-09-16,18.8,10.79,192.78,296.39,71.6,99.9,0,0.922
2046-09-17,21.51,12,145.75,350.84,82.1,99.5,3.14,2.355
2046-09-18,21.13,16.45,57.07,379.43,89.9,99.1,10.68,2.128
2046-09-19,19.92,14.09,47.4,373.14,93.5,98.7,53.81,1.169
2046-09-20,15.75,13.16,58.98,340.52,92.7,99.5,2.72,0.659
2046-09-21,15.94,12.72,64.51,364.87,96.7,99.6,40.76,3.227
2046-09-22,18.8,14.81,93.11,353.72,89,99.2,1,1.926
2046-09-23,18.02,12.86,135.49,324.54,83.7,99.2,0,1.821
2046-09-24,16.76,11.52,32.72,337,87.7,99,7.72,1.17
2046-09-25,15.96,10.4,129.85,316.59,81.9,99,2.35,2.005
2046-09-26,16.15,11.63,132.93,318.04,85,98.6,3.72,2.482
2046-09-27,15.51,10.28,104.54,315.67,87.1,99,2.62,1.259
2046-09-28,15.84,11.59,112.61,329.53,88.3,99.2,1.52,0.913
2046-09-29,15.41,11.48,124.63,330.01,89.1,99.6,1.89,0.808
2046-09-30,16.27,12.32,117.77,338.36,85.6,100,1.26,0.546
2046-10-01,16.01,9.54,117.86,306.89,79.1,99.9,0,1.223
2046-10-02,18.58,11.63,70.52,343.28,85.9,98.5,5.26,1.429
2046-10-03,15.45,9.1,132.2,297,76.9,98.7,1.85,2.924
2046-10-04,16.78,11.88,107.51,328.49,80.4,99.4,4.07,3.139
2046-10-05,19.95,16.38,72.08,371.76,88.6,99.9,1.13,2.56
2046-10-06,19.86,15.37,128.55,333.91,82.1,100,0,2.129
2046-10-07,18.96,12.77,83.58,326.54,89.3,100.2,0,1.565
2046-10-08,18.22,11.74,126.55,309.37,85.7,100.6,0,2.216
2046-10-09,19.84,14.15,83.63,345.32,83.6,100.3,0,4.533
2046-10-10,16.91,13.22,113.78,320.71,77,101,0,2.937
2046-10-11,20.57,12.99,120.72,330.89,74.6,100.2,0,3.043
2046-10-12,18.47,13.22,88.92,342.17,81,99.7,1.13,2.209
2046-10-13,13.59,8.81,87.78,298.18,76.4,100.2,0,2.042
2046-10-14,15.47,8.36,95.28,306.96,84.5,100.5,0,2.484
2046-10-15,16.76,10.69,78.53,316.87,75.1,99.7,0.89,3.978
2046-10-16,13.8,8.66,110.81,281.86,68.4,100.3,0,1.888
2046-10-17,14.36,7.37,74.61,317.32,85.5,100.6,0,1.257
2046-10-18,15.67,10.33,83.87,318.44,84.2,101,0,1.484
2046-10-19,14.94,9.6,82.04,312.3,83.7,100.7,0,1.59
2046-10-20,13.3,7.83,65.57,309.19,86.8,99,4.28,2.667
2046-10-21,9.37,6.44,49.35,296.33,91.7,98,2.11,1.518
2046-10-22,14.97,7.3,67.27,316.44,81.9,95.7,14.93,4.234
2046-10-23,11.36,6.67,85.57,287.41,65.8,97.4,11.84,2.994
2046-10-24,13.95,7.4,47.38,312.23,81.8,96.1,7.89,2.702
2046-10-25,10.45,7.09,70.06,290.4,84.2,97.5,1.78,3.081
2046-10-26,11.55,8.15,85.02,281.57,82.6,98,0.86,3.381
2046-10-27,11.71,6.6,81.72,297.6,87.5,98.1,5.52,0.609
2046-10-28,11.69,9.69,75.49,309.02,86.2,97.1,10.14,4.551
2046-10-29,12.81,9.14,77.96,303.83,77.9,97.9,11.24,2.616
2046-10-30,10.91,6.9,47.46,300.86,82.1,96.5,3.8,3.467
2046-10-31,10.75,7.24,55.19,300.85,81,96.6,4.22,3.288
2046-11-01,10.6,7.58,62.98,300.27,79.8,96.6,4.64,3.133
2046-11-02,10.27,6.62,42.64,294,74.9,97.8,0,3.277
2046-11-03,9.91,6.05,42.28,304.05,87.2,99,3.53,1.584
2046-11-04,9.1,3.83,71.71,264.54,82,99.8,0,1.546
2046-11-05,8.84,4.14,54.11,293.58,83.9,100.3,0,1.456
2046-11-06,7.07,3.37,40.96,298.73,98.9,100.2,1.13,0.232
2046-11-07,8.69,0.56,52.5,284.82,93.2,100,2.68,1.605
2046-11-08,11.47,7.89,59.17,297.07,81.2,98.9,1.12,4.045
2046-11-09,10.1,7.5,37.51,310.27,76.4,99,0.93,2.51
2046-11-10,12.82,8.97,43.93,325.04,89.9,98,1.43,3.15
2046-11-11,9.34,4.6,64.15,267.73,79.6,99.6,0,1.226
2046-11-12,11.97,4.34,36.65,318.34,87.1,99.9,0.6,2.16
2046-11-13,12.28,10.08,19.71,337.9,97.6,99.4,5.74,0.836
2046-11-14,12.86,8.83,28.38,330.75,90,98.1,9.27,2.267
2046-11-15,9.86,5.86,45.48,286.55,83.9,98,2.19,2.434
2046-11-16,8.49,4.74,44.15,290.36,87.3,97.7,14.43,1.39
2046-11-17,9.15,5.29,55.32,265.3,79.8,98.7,0,3.156
2046-11-18,8.45,3.37,45.88,262.09,86.6,99.1,0,1.859
2046-11-19,7.56,2.28,44.79,271.01,81.8,99.7,0,1.39
2046-11-20,6.77,3.06,44.45,263.13,81,100.6,0,1.453
2046-11-21,8.2,3.88,41.28,283.27,89.2,99.8,2.25,2.589
2046-11-22,12.32,6.52,5.73,335.92,90.6,99.4,4.5,2.774
2046-11-23,13.95,11.35,36.66,340,86.9,99.2,0.44,3.845
2046-11-24,14.26,7.52,14.27,325.36,79.5,98.2,8.89,5.432
2046-11-25,13.88,6.24,23.1,316.3,79.6,97.8,17.12,2.403
2046-11-26,13.72,6.3,39.41,283.54,73.5,97.4,0,4.717
2046-11-27,9.85,4.59,30.92,293.69,84.5,99.3,0,1.595
2046-11-28,12.65,9.87,28.94,329.43,87.9,98.5,0,2.743
2046-11-29,12.26,7.3,26.37,322.08,83.2,97.3,5.18,3.11
2046-11-30,11.89,7.96,34.26,324.13,87.1,97.3,9.26,2.974
2046-12-01,12.06,5.7,14.14,314.96,90.6,96.4,3.24,1.546
2046-12-02,5.95,1.72,42.58,253.33,78.5,98.4,0,1.101
2046-12-03,10.68,1.91,26.01,312.49,92.6,97.5,17.23,1.136
2046-12-04,11.77,8.56,34.92,301.82,85.8,97.6,0,2.893
2046-12-05,13.06,7.16,10.19,307.57,86.2,97.8,4.24,3.182
2046-12-06,9.32,6.62,35.43,284.63,70.3,98.8,0,4.398
2046-12-07,14.67,7.11,10.4,345.48,86.5,99,12.9,2.943
2046-12-08,14.9,13.21,15.22,354.91,90.6,98.6,1.43,3.062
2046-12-09,13.18,8.07,34.58,305.17,85.9,98.9,0.68,3.058
2046-12-10,10.05,6.7,30.77,295.19,92.1,99.7,0,1.738
2046-12-11,9.19,4.07,35.46,267.02,94.4,100.5,0,1.297
2046-12-12,5.92,1.39,29.41,282.76,97.1,100.4,0,1.053
2046-12-13,5.57,2.95,19.83,305.61,94.2,100.4,0,1.735
2046-12-14,6.56,1.81,9.16,312.62,93.3,99.2,11.34,1.407
2046-12-15,6.74,2.94,23.48,271.93,81.7,98.2,0,1.943
2046-12-16,3.59,-0.67,28.34,268.41,86.8,98.7,12.16,0.663
2046-12-17,6.8,3.56,14.67,326.59,100,97.2,5.92,1.349
2046-12-18,5.79,2.49,21.37,301.2,99.3,98.2,0,0.135
2046-12-19,5.65,3.21,11.28,315.81,95,98.7,2.56,4.292
2046-12-20,5.32,2.87,16.55,298.46,85,100.2,0,1.312
2046-12-21,4.98,2.93,19.78,298.82,90.8,100.6,0.77,1.439
2046-12-22,5.07,3.57,11.51,318.03,97.2,100.5,4.96,3.835
2046-12-23,3.92,1.83,13.39,302.87,93.1,100.8,3.96,4.125
2046-12-24,3.61,-0.11,19.22,284.64,87.8,100.9,0.89,0.827
2046-12-25,4.42,1.46,17.6,287.42,77.3,101.2,0,3.322
2046-12-26,2.81,0.37,24.2,282.4,87.5,101.4,2.05,0.622
2046-12-27,3.97,2.08,15.58,299.36,96.3,100.5,1.68,0.528
2046-12-28,3.95,1.91,17.84,300.02,98,99.9,0.74,0.498
2046-12-29,4.47,2.28,26.31,290.57,95.5,100.2,1.65,0.597
2046-12-30,4.07,0.1,27.75,273.34,87.5,100.4,0,0.669
2046-12-31,4.2,-0.17,21.8,282.56,89.7,100.3,1.07,0.377
2047-01-01,4.33,-0.45,15.95,291,91.9,100.2,2.09,1.896
2047-01-02,1.72,-0.35,15.49,287.29,73.9,100.3,0,5.361
2047-01-03,1.75,-1.85,27.05,258.63,65.9,100.2,0,3.027
2047-01-04,1.26,-1.82,23.78,253.37,77.1,100.5,0,0.42
2047-01-05,1.75,-1.98,27.22,250.76,86.4,101.3,0,0.763
2047-01-06,5.37,-0.97,36.75,266.81,87.3,101.8,0,1.854
2047-01-07,6.56,1.99,30.97,290.49,87.1,101.6,0,2.552
2047-01-08,8.61,6.09,17.21,308.61,88.1,100.7,0.05,3.149
2047-01-09,9.79,5.56,25.48,294.51,77.5,99.4,1.79,3.726
2047-01-10,6.36,3.76,26.95,274.7,81.9,99.4,1.07,3.051
2047-01-11,3.97,1.16,41.01,254.05,84.7,100.1,0,1.932
2047-01-12,7,2.8,17.48,294.57,93.2,98.9,3.41,1.49
2047-01-13,10.69,3.68,30.86,295.24,86.7,98.6,5.65,2.639
2047-01-14,10.54,5.22,36.42,285.79,79,96.6,0.44,5.726
2047-01-15,6.62,4.8,24.4,292.22,73.8,96.8,0,4.368
2047-01-16,5.38,1.65,45.25,257.35,81,97.6,0,2.383
2047-01-17,4.74,0.06,34.2,268.33,91.3,97.5,0,1.478
2047-01-18,3.44,0.2,12.06,303.89,94.1,96,15.47,4.471
2047-01-19,4.32,0.65,33.01,284.14,88.2,96.5,4.72,1.711
2047-01-20,7.38,-0.48,40.03,276.24,87.2,98.4,1.6,1.512
2047-01-21,9.21,5.62,32.87,298.07,77.4,97.2,3.13,4.585
2047-01-22,6.63,3.94,46.31,265.27,88.1,97.9,0.58,3.158
2047-01-23,12.29,3.39,4.7,325.42,94.5,98.6,26.68,1.102
2047-01-24,9.99,5.4,45.08,274.58,78.2,98.2,0,4.68
2047-01-25,6.82,4.43,48.47,268.37,75.7,99.9,0,3.586
2047-01-26,9.59,5.48,42,299.2,90.3,100.9,0,3.588
2047-01-27,9.13,7.1,33.59,317.84,89.8,101.2,0.6,1.891
2047-01-28,7.87,4.98,36.63,304.1,93.4,100.9,0,1.171
2047-01-29,11.61,4.97,36.24,298.38,84.5,100.2,0,1.934
2047-01-30,10.59,5.98,56.37,286.51,83.6,100.5,0.47,2.418
2047-01-31,8.06,5.08,60.92,275.59,83.3,100.4,0,1.627
2047-02-01,12.21,5.46,19.33,321.66,84.8,98.4,6.67,4.004
2047-02-02,7.59,4.08,59.35,274.95,79.8,98.6,0.12,2.866
2047-02-03,4.8,2.08,35.06,289.95,83.6,99.9,0.97,1.581
2047-02-04,9.2,1.95,31.5,311,97,98.1,17.96,4.186
2047-02-05,6.87,3.16,42.2,307.73,87.7,98.3,3,0.679
2047-02-06,5.23,1.4,50.85,278.21,75.2,99.4,1.31,0.788
2047-02-07,12.48,2.66,44.19,310.27,91.6,98.4,3.86,2.735
2047-02-08,13.07,6.93,20.04,316.19,76.2,96.8,12.4,3.321
2047-02-09,9.11,5.97,62.69,283.92,74,97.3,0,3.091
2047-02-10,6.58,3.4,37.75,285.13,81.2,97.4,16.41,2.621
2047-02-11,6.97,3.62,62.11,271.97,79.8,98.2,0.54,1.188
2047-02-12,5.76,2.67,70.66,267.34,73,98.4,0,2.266
2047-02-13,6.86,0.05,16.13,290.54,92.6,98.3,11.38,1.252
2047-02-14,5.3,2.24,44.98,297.2,87.7,98.4,1.83,0.762
2047-02-15,7.06,-1.15,73.51,269.18,84.4,99.3,1.16,1.288
2047-02-16,6.45,3.86,81.68,281.36,75.1,98.3,0.64,5.059
2047-02-17,8.76,4.6,87.54,289.57,82.6,99.2,1.48,4.121
2047-02-18,10.16,5.76,75.17,295.86,74.5,99.4,2.15,4.17
2047-02-19,9.38,5.1,79.61,289.72,78.1,100.5,0,1.538
2047-02-20,11.01,5.66,58.23,310.19,89.1,99.7,0,1.386
2047-02-21,10.28,5.17,72.69,292,81.3,99.7,0.73,3.006
2047-02-22,12.22,3.9,40.86,306.98,80.5,100.9,2.19,1.352
2047-02-23,15.42,9.78,75.44,309.82,68.4,100.2,0,3.193
2047-02-24,10.84,4.58,93.21,288.5,74.9,101.2,0,1.147
2047-02-25,10.44,2.54,108.56,276.28,77,101.4,0,0.923
2047-02-26,13.43,6.77,93.37,304.47,86,100.2,0,1.193
2047-02-27,12.79,8.34,63.44,318.25,90.7,98.8,1.84,1.676
2047-02-28,12.75,4.45,50.26,315.46,83.8,97.7,3.82,2.846
2047-03-01,7.02,2.81,87.16,291.66,71.7,98.2,1.51,3.592
2047-03-02,10.93,4.79,42.81,321.4,84.9,97.7,3.09,3.495
2047-03-03,8.85,5.38,100.6,279.82,75.3,98,1.01,3.314
2047-03-04,10.1,5.12,74.47,310.27,76.4,97.4,4.46,2.963
2047-03-05,10.17,5.66,116.03,279.41,62,98,0,3.269
2047-03-06,10.2,5.13,32.03,314.55,84.3,97.6,12.69,1.811
2047-03-07,9.05,2.7,125.72,253.74,73,99.3,0,1.933
2047-03-08,10.7,1.87,149.86,257.23,71,100.6,0,1.922
2047-03-09,12.16,5.44,114.8,289.55,74,100.4,0,2.756
2047-03-10,11.65,6.5,99.46,296.13,72.7,99.7,0,2.154
2047-03-11,12.52,5.37,125.6,301.15,79.6,98.7,2.02,1.99
2047-03-12,7.6,3.73,42.1,298.4,81.5,98.5,8.72,2.117
2047-03-13,9.53,4.42,66.12,300.88,78,98.9,5.12,4.305
2047-03-14,7.46,4.69,103.44,288.93,75.6,98.8,3.84,4.549
2047-03-15,9.94,3.84,132.36,261.29,61.1,100.3,0,3.155
2047-03-16,10.1,3.06,85.44,301.03,92.2,100.8,1.35,1.177
2047-03-17,11.2,8.43,127.86,308.07,87.7,101,0,3.263
2047-03-18,12.79,8.95,114.43,319.21,89.3,101.2,0.43,2.836
2047-03-19,12.92,6.81,131.47,304.21,86.2,101.5,0,2.318
2047-03-20,11.58,6.62,116.16,312.06,87.1,101.6,0.5,1.245
2047-03-21,14.79,7.02,133.5,303.59,82.2,101.4,0,1.22
2047-03-22,18.85,7.05,191.04,280.54,68.3,101,0,1.379
2047-03-23,16.62,9.1,188.06,282.88,76.5,100.2,0,1.905
2047-03-24,10.99,5.65,163.28,285.95,65.8,101,0.22,0.668
2047-03-25,13.09,5.44,108.02,322.31,88.9,100.5,0.85,1.084
2047-03-26,14.57,8.96,76.31,332.06,84.6,99.4,2.12,1.546
2047-03-27,11.07,4.71,134.96,281.37,72.8,99.8,0,2.018
2047-03-28,11.02,3.47,142,286.63,71.5,100,0,2.501
2047-03-29,12.72,7.33,79.42,326.08,86.1,99.2,2.07,2.602
2047-03-30,11.35,6.3,143.54,296.76,76.3,99.6,0.58,2.012
2047-03-31,10.28,6.54,159.45,281.41,62.3,99.9,0.99,3.85
2047-04-01,12.42,4.87,72.39,319.61,81,100.5,5.07,2.79
2047-04-02,13.94,8.69,159.88,320.11,68.9,100.8,0.44,4.165
2047-04-03,14.18,7.56,90.05,332.04,78.4,101.4,0.84,1.461
2047-04-04,12.72,5.75,163.94,307.22,65.2,101,1.99,4.108
2047-04-05,10.26,5.52,142.52,294.12,62.5,102.3,0,2.49
2047-04-06,11.32,4.78,180.31,278.65,79.7,101.9,0,2.69
2047-04-07,19.53,9.02,215.99,286.72,58,101.3,0,4.331
2047-04-08,18.43,10.84,231.34,284.85,52.4,100.9,0,4.046
2047-04-09,16.98,10.49,172.41,328.35,77.7,100.2,0,3.242
2047-04-10,12.12,4.15,67.4,310.96,81.4,99.5,5.53,2.648
2047-04-11,9.05,2.83,161.17,262.57,65,100.1,0,2.405
2047-04-12,8.34,4.44,168.16,275.7,69.5,99.8,1.95,3.337
2047-04-13,12.25,4,149.64,285.22,65.2,99.8,0,1.558
2047-04-14,12.02,4.08,120.2,311.86,72.6,98.3,9.23,2.153
2047-04-15,11.13,6.44,114,322.42,79.5,98.9,6.58,2.986
2047-04-16,11.45,6.75,154.44,301.58,71.2,99.7,0.55,2.824
2047-04-17,15.84,8.6,161.51,312.66,78.6,99.2,3.37,3.113
2047-04-18,18.49,9.89,198.76,321.98,68.7,99.6,0,3.277
2047-04-19,17.23,11.28,172.06,328.43,74.2,100,0,3.267
2047-04-20,20.28,11.75,225.39,318.66,74.1,100,0,1.304
2047-04-21,19.76,9.28,245.58,302.85,69.1,98.3,0.46,3.135
2047-04-22,11.26,7.95,172.18,316.16,78,98.4,7.63,5.045
2047-04-23,11.05,7.43,146.54,315.41,78.3,99.3,4.22,3.378
2047-04-24,12.38,6.28,176.61,301.35,79.5,100,6.52,2.393
2047-04-25,13.75,4.86,196.42,289.21,70.3,101.5,0,1.071
2047-04-26,18.1,6.58,226.62,309.7,77.3,101.8,0,0.422
2047-04-27,19.46,11.95,212.15,324.04,72.9,101.7,0,0.93
2047-04-28,19.59,10.7,293.06,284.55,55.1,101,0,0.904
2047-04-29,20.16,9.48,278.02,280.11,66.3,100.5,0,0.097
2047-04-30,21.2,9.4,280.99,294.94,65.9,100.2,0,1.27
2047-05-01,20.55,13.4,170.43,331.21,71.1,100,0,2.644
2047-05-02,23.45,12.69,274.46,318.11,73.5,100.4,0,1.923
2047-05-03,27.18,14.34,278.2,322.47,61.5,100.2,0,1.823
2047-05-04,17.39,8.11,124.26,321.76,69,100.4,0,2.838
2047-05-05,13.34,7.33,190.52,310.42,60.4,101.5,0,0.678
2047-05-06,15.5,7.37,285.39,272.56,63.5,102,0,0.058
2047-05-07,20.36,8.3,303.99,278.06,65.1,101.4,0,1.988
2047-05-08,23.26,9.02,262.44,320.34,72.1,100.5,0,1.001
2047-05-09,21.3,11.55,282.46,305.9,73.5,100.1,0,0.968
2047-05-10,21.58,10.44,234.61,319.04,76.3,99.4,1.69,3.431
2047-05-11,19.96,9.43,225.37,327.11,79.8,98.3,3.66,1.735
2047-05-12,13.82,8.63,148.86,321.5,70,98.7,2.99,1.899
2047-05-13,11.84,6.59,205.38,297.83,72.1,98.2,1.58,3.697
2047-05-14,10.81,7.28,108.15,317.72,83.7,97.3,6.52,0.92
2047-05-15,11.85,7.97,132.38,326.42,81.2,98,6.04,1.612
2047-05-16,12.5,6.56,149.4,297.27,75.3,98.3,6.45,1.754
2047-05-17,11.4,6.58,167.83,290.69,74.3,97.6,1.84,2.772
2047-05-18,12.95,6.67,168,313.19,80,98.1,3.88,2.775
2047-05-19,13.23,6.2,201.55,287.68,79,99.8,3.61,1.237
2047-05-20,17.59,4.9,299.63,273.11,70.8,101,0,0.74
2047-05-21,18.92,7.86,330.29,269.05,66.6,101.4,0,2.484
2047-05-22,18.86,7.17,306.01,293,71.5,101.1,0,2.112
2047-05-23,19.39,9.32,333.8,285.62,63.2,100.9,0,2.404
2047-05-24,18.66,9.11,325.73,288.42,70.7,101.2,0,3.116
2047-05-25,16.34,7.98,303.62,287.32,72.2,101.5,0,2.854
2047-05-26,17.58,7.13,316.24,288.96,68.1,101,0,3.018
2047-05-27,18.32,8.04,325.94,283.58,68.6,100,0,3.96
2047-05-28,17.45,8.36,279.51,304.97,70.9,99.5,0.61,4.208
2047-05-29,13.4,11.04,129.58,345.63,88.8,99.3,5.99,3.384
2047-05-30,19.44,11.16,256.28,325.25,80,99.5,3.78,0.85
2047-05-31,17.37,11.15,205.97,331.4,85.2,99.6,4.4,1.334
2047-06-01,15.3,11.15,156.55,337.71,90.4,99.8,5.02,1.225
2047-06-02,22.49,11.28,284.37,326.68,77.6,99.7,0.87,2.022
2047-06-03,19.85,13.31,233.49,344.72,77,99.2,11.52,0.647
2047-06-04,19.47,13.02,200.6,339.79,75.5,99.3,1.1,2.375
2047-06-05,17.8,10.91,192.61,333.8,77.4,99.1,5,0.75
2047-06-06,18.15,9.42,244.13,301.85,72.5,99.2,0,0.293
2047-06-07,19.28,10.94,251.97,306.06,72.9,99.5,1.64,0.944
2047-06-08,19.77,11.24,240.29,323.39,69,99.6,1.89,1.209
2047-06-09,20.06,12.17,201.69,349.08,80.7,99.4,6.67,0.917
2047-06-10,16.38,11.89,122.07,351.32,85.5,98.1,25.69,1.908
2047-06-11,15.05,11.21,143.88,335.66,86.9,97.9,9.56,2.216
2047-06-12,14.96,11.96,145.27,346.08,93.8,99,19.98,2.719
2047-06-13,19.76,11.32,242.29,330.16,79,99.5,2.34,1.418
2047-06-14,16.69,11.59,260.46,324.86,75.7,98.8,1.49,2.545
2047-06-15,16.6,10.79,201.68,334.46,84.6,98.7,9.37,0.475
2047-06-16,14.84,9.97,194.13,336.59,84.2,99.1,5.76,1.095
2047-06-17,15.01,9.83,204.51,322.66,76.3,100,0,0.907
2047-06-18,17.45,9.6,294.23,302.44,65.6,100.4,0,0.565
2047-06-19,17.93,8.64,272.31,298.89,72.8,100.8,0,1.502
2047-06-20,20.3,9.27,325.66,293.14,74.7,100.9,0,2.173
2047-06-21,18.99,10.48,282.95,308.28,71.1,100.8,0,2.635
2047-06-22,22.42,9.46,311.19,301.29,70,100.6,0,1.455
2047-06-23,24.55,12.16,349.46,305.78,64.7,100.6,0,0.473
2047-06-24,26.07,16.8,310.96,344.08,56.4,100.1,0,1.626
2047-06-25,19.39,13.17,317.4,307.93,65.4,99.7,0,3.092
2047-06-26,18.26,12.43,202.95,331.97,69.7,99.6,0.11,2.039
2047-06-27,16.77,11.76,279.84,308.31,70.1,98.9,0.68,3.824
2047-06-28,17.34,10.54,268.62,295.82,60,99.7,0,3.38
2047-06-29,19.81,10.51,188.35,337.62,80.8,99.7,0,2.514
2047-06-30,19.49,15.19,264.99,337.57,81.2,99.8,0.9,3.661
2047-07-01,18.91,12.88,309.4,300.31,71.5,100.1,0,2.949
2047-07-02,19.97,11.62,264.85,303.24,67.2,100.4,0,1.54
2047-07-03,21.5,11.2,285.13,301.08,63.9,100.5,0,1.289
2047-07-04,22.68,12.2,242.21,327.89,68.3,100.3,1.31,1.126
2047-07-05,23.82,14.77,271.89,338.51,73.5,100.5,0.65,0.418
2047-07-06,26.58,14.88,317.71,326.98,70,100.8,0,0.897
2047-07-07,27.67,15.81,339.47,323.57,66.8,100.8,0,1.035
2047-07-08,27.97,17.4,337.65,325.25,65.6,100.9,0,0.309
2047-07-09,29.29,16.67,320.45,337.86,65.6,100.9,0,0.983
2047-07-10,28.39,17.02,311.27,345.08,70.6,100.8,1.52,1.296
2047-07-11,29.89,16.93,344.63,328.58,61.9,100.3,0,2.112
2047-07-12,29.48,14.46,292.26,332.85,69.2,99.6,0,0.962
2047-07-13,26.57,16.88,279.4,349.58,69.5,99.5,0,1.582
2047-07-14,21.17,15.54,176.01,346.8,70.1,99.1,1.84,2.223
2047-07-15,19.93,12.82,299.24,301.04,64.2,99.6,0,3.138
2047-07-16,20.11,11.33,276.52,299.48,55.6,99.9,0,2.128
2047-07-17,19.82,13.12,238.29,321.93,65,99.6,0,2.505
2047-07-18,21.06,14.24,272.06,332.13,68.3,99,0,3.14
2047-07-19,19.37,13.98,193.36,336.03,80.8,98.8,8.26,2.936
2047-07-20,20.05,12.94,224.23,324.96,79.1,99.2,3.71,1.612
2047-07-21,20.54,14.38,253.33,334.47,79.6,99.7,0.56,2.997
2047-07-22,23.65,16.91,293.82,336.86,74.5,100.2,0,2.814
2047-07-23,22.64,13.86,284.06,323.7,75.8,99.8,0,3.028
2047-07-24,22.81,12.64,250.93,315.07,65.7,100.1,0,0.473
2047-07-25,23.24,13.27,303.44,305.51,65.1,100.1,0,1.666
2047-07-26,23.65,15.26,322.26,314.29,68.7,100.2,0,2.857
2047-07-27,25.44,15.51,301.25,328.97,66,100.4,0,2.22
2047-07-28,27.66,16.7,255.03,349.56,70.1,100.8,0,1.24
2047-07-29,26.47,16.55,316.1,322.01,68.3,100.7,0,1.689
2047-07-30,26.4,17.88,248.94,352.32,67.5,100.6,0,0.282
2047-07-31,27.48,17.12,269.54,342.87,67.4,100.5,0,0.393
2047-08-01,28.56,16.37,290.59,333.27,67.2,100.4,0,0.55
2047-08-02,29.58,18.07,293.17,331.5,60,100.3,0.02,0.284
2047-08-03,31.14,17.98,273.45,342.66,56.9,100.2,0,0.173
2047-08-04,31.18,18.1,280.31,336.04,48.8,100,0.72,0.952
2047-08-05,30.81,16.24,286.2,330.59,63.4,99.7,0,2.243
2047-08-06,29.11,16.17,279.12,332.12,65.3,99.8,0,2.48
2047-08-07,24.19,16.41,180.23,356.33,74.8,100.1,0,1.724
2047-08-08,25.54,15.75,280.46,324.96,65.4,100.3,0,2.334
2047-08-09,26.63,15.26,291.26,324.53,67.6,100.8,0,2.635
2047-08-10,25.51,14.03,288.64,316.11,72.2,101,0,2.475
2047-08-11,26.16,14.34,219.92,341.27,75.6,100.8,0.52,2.544
2047-08-12,27.01,14.08,245.06,336.42,74.1,100.7,0,2.562
2047-08-13,26.87,15,260.84,344.91,72.2,100.2,1.84,3.672
2047-08-14,25.78,15.77,262.18,336.8,69.3,99.9,0,2.332
2047-08-15,22.62,15.19,239.26,333.11,72.6,100,0.49,2.038
2047-08-16,25.02,14.81,235.49,335.31,71.3,99.9,0,2.097
2047-08-17,24.04,15.58,161.61,366.12,80.5,100,1.64,2.582
2047-08-18,26.19,17.27,193.75,371.45,82.8,99.6,4.34,1.202
2047-08-19,24.2,16.53,167.41,360.74,81.6,99.2,1.98,1.921
2047-08-20,21.05,15.64,207.29,325.3,68,99.5,0,2.501
2047-08-21,22.76,13.25,196.43,326.89,66.5,99.5,0.65,1.172
2047-08-22,24.07,12.47,213.24,319.48,70.5,99.5,0,1.628
2047-08-23,22.76,13.94,242.32,317.17,69.1,99.7,0,2.465
2047-08-24,24.06,14.18,216.73,317.12,66.3,100.4,0,1.321
2047-08-25,24.63,12.06,241.78,311.7,67.6,100.7,0,0.196
2047-08-26,26.56,14.56,198.42,335.52,66.3,100.5,0,0.849
2047-08-27,28.1,16.6,206.16,347.6,65.4,100.6,0,0.148
2047-08-28,28.92,18.04,228.18,341.76,57.6,100.2,0,1.645
2047-08-29,21.5,15.96,207.21,324.91,60.9,99.9,0,2.84
2047-08-30,20.35,12.3,205.53,314.58,67.9,98.9,0.88,3.701
2047-08-31,19.56,11.64,209.96,299.6,61.5,98.9,0.45,3.485
2047-09-01,18.77,10.98,214.42,283.7,55.1,99,0,3.29
2047-09-02,19.16,9.42,215,284.77,62.3,99.6,0,2.094
2047-09-03,21.72,8.54,228.87,292.41,69.4,100.1,0,1.3
2047-09-04,22.28,16.13,181.56,348.42,80.8,99.9,0,2.684
2047-09-05,21,14.36,119.87,353.84,85,99.6,2.91,2.282
2047-09-06,20.85,14.14,125.76,353.32,82.8,99.6,0.93,2.281
2047-09-07,21.49,12.75,166.85,343.43,78.3,99.7,2.29,1.743
2047-09-08,20.25,12.57,121.27,348.89,81.1,100.4,0.43,0.267
2047-09-09,25.06,12.98,167.99,338.43,78.5,100.4,0,0.828
2047-09-10,24.57,13.59,117.58,348.6,73.7,100.1,0,1.136
2047-09-11,23.79,13.9,175.03,324.49,72.3,100.2,0,1.061
2047-09-12,22.42,12.72,181.64,316.29,64.9,100.7,0,1.334
2047-09-13,20.68,14.99,85.63,368.74,84.5,100.1,3.8,2.624
2047-09-14,22.89,17.76,161.65,364.77,81.5,99.9,0.04,2.98
2047-09-15,22.3,18.06,161,355.15,83.1,100,0.52,3.062
2047-09-16,21.63,14.8,132.16,345.71,81.2,100.1,0,2.46
2047-09-17,27.03,14.1,175.98,345.02,72.8,99.7,0,1.062
2047-09-18,26.4,15.09,150.34,362.17,76.9,99.3,2.15,0.387
2047-09-19,19.32,13.11,175.3,310.93,68.3,100.1,0.36,2.179
2047-09-20,19.52,10.71,115.51,324.88,69.3,100.3,0,1.564
2047-09-21,21.68,13.79,144.86,344.15,80.3,99.3,2.15,2.743
2047-09-22,17.89,12.09,145.56,318.72,68.7,100.4,0,1.186
2047-09-23,20.83,11.52,106.4,344.99,73.8,100.4,0,0.509
2047-09-24,23.92,13.73,161.79,328.36,59.4,99.6,2.95,1.339
2047-09-25,20.36,12.07,124.1,327.73,81,99.2,0.95,2.227
2047-09-26,16.93,11.02,102.93,314.24,71.2,100,0,1.781
2047-09-27,20.21,11.36,95.72,338.83,82,99.5,4.38,2.269
2047-09-28,16.43,11.53,144.09,299.48,74.9,99.3,1.45,3.302
2047-09-29,16.62,10.84,131.96,297.02,73.8,99.2,1.49,3.63
2047-09-30,19.05,10.29,40.59,336.45,85.4,98.9,13.96,1.411
2047-10-01,14.08,9.7,103.78,305.19,72.7,99.3,0.67,2.489
2047-10-02,14.26,8.79,126.32,304.37,73.9,99.5,0,2.786
2047-10-03,18.24,10.61,112.84,333.73,71.7,98.1,9.16,2.532
2047-10-04,16.75,11.88,131.98,301.28,69.6,96.9,0,3.549
2047-10-05,15.93,11.44,75.05,311.65,72.4,97.3,0,2.197
2047-10-06,15.65,10.5,137.15,296.18,69.5,98,0,2.107
2047-10-07,16.77,10.97,58.54,344.35,85.6,97.1,7.81,1.773
2047-10-08,15.07,8.14,112.88,291.85,80,98,0,1.93
2047-10-09,12.93,7.92,38.76,317.98,85.2,98.6,0,0.306
2047-10-10,14.91,6.69,135.67,279.58,77.5,98.4,0.5,0.429
2047-10-11,14.6,10.22,107.38,304.31,81.3,97.5,1.94,2.16
2047-10-12,14.38,10.2,87.74,314.41,79.8,97.5,0.34,2.33
2047-10-13,13.79,9.16,94.29,295.49,82.9,98.2,0,2.327
2047-10-14,13.99,7.57,112.17,278.99,76.3,99,0,2.414
2047-10-15,12.92,8.23,78.12,305.99,75.9,99.6,2.12,2.286
2047-10-16,12.55,6.65,87.92,302.79,86.8,99.9,1.67,0.853
2047-10-17,15.04,5.95,112.14,291.69,80.2,101,0,0.957
2047-10-18,17.99,10.73,94.13,332.86,88.7,100.7,0,1.942
2047-10-19,18.29,12.82,72.08,342.01,88.6,100.7,0.46,2.521
2047-10-20,15.25,12.17,50.22,342.56,93.6,101.4,1.34,0.41
2047-10-21,20.67,11.71,89.3,338.66,81.6,100.4,0,3.176
2047-10-22,11.81,6.39,73.97,289.09,66.6,100.4,0,0.926
2047-10-23,11,5.38,79.41,289.45,73,100.5,0,0.513
2047-10-24,11.48,6.66,61.06,302.33,85.2,101,0.03,0.424
2047-10-25,11.52,5.81,66.72,300.13,87.9,101.4,0.51,0.325
2047-10-26,11.83,6.62,61.11,306.24,88.8,101.5,0,0.193
2047-10-27,11.9,5.2,87.83,284.03,85.8,100.7,0,0.955
2047-10-28,10.76,6.54,68.08,310.35,86.3,99.7,1.14,0.275
2047-10-29,9.13,8.02,22.99,340.06,97.3,98.9,6.83,4.175
2047-10-30,13.15,8.82,9.93,355.86,97.1,98.1,67.25,5.845
2047-10-31,13.82,10.25,14.06,355.7,97.5,97.7,42.99,2.876
2047-11-01,14.48,11.67,18.21,355.92,97.8,97.4,18.73,0.349
2047-11-02,13.12,8,43.76,306.21,96,97.8,0.9,0.765
2047-11-03,15.32,9.11,37.98,338.9,93.4,97.4,10.28,3.135
2047-11-04,13.85,11.51,50.66,325.69,84.4,97.5,2.08,2.965
2047-11-05,13.9,7.75,49.01,325.54,92.4,99.3,6.76,0.358
2047-11-06,10.72,6.9,57.32,309.59,70.7,100.6,0,3.755
2047-11-07,11.18,8.76,44.43,326.55,69.3,100.6,0.25,5.562
2047-11-08,14.14,9.03,21.71,345.86,97.1,99.2,7.27,0.879
2047-11-09,14.24,11.7,38.19,339.8,93.9,98.6,3.35,1.367
2047-11-10,13.35,10.03,32.6,332.44,97.6,98.2,0.19,1.211
2047-11-11,12.06,7.54,25.66,330.55,99.3,99.4,0.76,0.699
2047-11-12,11.17,7.79,35.11,332.21,96,100.4,0.33,0.666
2047-11-13,12.35,8.14,39.07,333.85,94,100.1,1.46,1.51
2047-11-14,13.93,11.42,20.75,359.24,98.3,99.8,7.73,1.048
2047-11-15,12.5,6.76,49.55,311.39,88.9,99.9,1.58,1.086
2047-11-16,7.94,3.48,59.08,253.96,74.4,100.3,0,1.51
2047-11-17,6.46,2.94,42.98,265.36,80.7,99.8,0,1.04
2047-11-18,8.31,1.15,27.44,280.04,87.8,98.6,1.41,2.054
2047-11-19,7.02,3.32,49.58,252.55,60.8,97.4,0,3.504
2047-11-20,7.82,3.71,29.56,281.1,61,98.6,0,2.508
2047-11-21,8.31,2.18,32.15,272.49,81.9,100,0.75,2.274
2047-11-22,9.1,5.38,48.46,271.81,85,100.8,0,1.464
2047-11-23,10.85,6.82,41.16,308.21,93,100.9,0,2.217
2047-11-24,13.21,10.38,31.12,320.06,86,100.3,0,4.152
2047-11-25,13.18,9.01,22.32,324.79,92,100.6,0.82,1.81
2047-11-26,10.74,6.69,35.64,303.69,92.8,100.8,0,1.231
2047-11-27,10.24,5.71,46.91,266.27,75.1,101,0,2.283
2047-11-28,5.87,4.73,20.85,304.41,81.9,101.2,1.17,1.059
2047-11-29,6.52,4.57,17.22,303.52,93.1,101.2,2.73,0.795
2047-11-30,7.87,4.69,27.73,305.5,91.2,101.5,0.58,1.084
2047-12-01,6.72,3.21,23.26,293.77,93.3,101.7,1.23,0.39
2047-12-02,4.85,1.92,38.09,259.14,77.6,101.2,0,1.25
2047-12-03,3.95,1.39,33.92,244.83,69.1,101,0,2.489
2047-12-04,4.36,0.04,39.81,241.26,73.4,100.4,0,1.978
2047-12-05,2.21,-1.51,34.44,236.72,74.6,99.9,0,1.857
2047-12-06,3.18,-1.76,26.07,275.49,89.6,99.2,0,0.393
2047-12-07,3.57,1.66,28.79,280.61,82.6,98.8,0,0.613
2047-12-08,4.52,1.23,14.72,286.8,83.5,98.6,2.49,1.694
2047-12-09,3.9,1.01,23.86,279.94,82.7,98.6,0,1.92
2047-12-10,2.5,-0.42,19.22,277.56,91.2,98.4,1.4,1.077
2047-12-11,3.22,-1.22,25.87,263.35,95,98.7,0,1.12
2047-12-12,4.32,-1.69,31.4,258.32,92.2,99.7,0,0.717
2047-12-13,6.3,2.91,26.51,299.06,89.5,101.4,0,0.561
2047-12-14,8,2.32,23.35,309.27,87.2,101.9,7.08,2.51
2047-12-15,11.25,8.04,17.97,332.08,90.8,101.7,0.86,2.876
2047-12-16,10.79,8.56,29.12,302.83,92,101.7,0,2.785
2047-12-17,9.67,8.27,21.42,316.51,89.2,101.5,0,2.669
2047-12-18,8.93,6.77,25.83,318.39,89.6,100.9,0.43,2.485
2047-12-19,7.26,5.89,20.91,317.22,92,99.8,1.03,1.945
2047-12-20,6.73,2.85,5.49,309.14,89.8,99.1,11.26,0.654
2047-12-21,4.19,2.11,13.01,299.43,85.7,99.9,2,1.122
2047-12-22,3.21,-0.2,33.65,257.76,80.5,100.4,0.68,1.067
2047-12-23,6.33,1.76,10.95,299.98,94.8,99.1,1.63,1.814
2047-12-24,8.72,4.17,14.72,309.64,92.5,98.3,6.64,2.3
2047-12-25,6.55,3.96,33.71,256.93,82,98.7,0,3.072
2047-12-26,4.64,1.36,21.85,279.5,86.8,99.9,0,0.236
2047-12-27,3.75,0.88,27.24,276.75,75.6,100.5,0,2.608
2047-12-28,7.19,0.31,10.46,323.13,97.6,100.5,4.63,0.984
2047-12-29,8.86,6.25,24,324.01,98.1,101,0,0.86
2047-12-30,9.24,6.37,20.14,333.91,99.6,101.2,0.06,0.544
2047-12-31,7.96,3.3,27,306.16,99.3,101.1,0,0.412
2048-01-01,6.69,0.23,33.98,276.22,98.9,101,0,0.289
2048-01-02,4.88,-1.19,34.72,266.22,89.5,101,0,0.179
2048-01-03,2.01,-0.71,14.88,302.5,100,100.8,0.7,0.543
2048-01-04,1.68,-0.11,16.66,295.76,96.3,100.6,0,0.508
2048-01-05,2.77,0.03,23.35,290.77,94.3,100.7,0,0.764
2048-01-06,11.42,0.83,5.12,334.65,97.4,99.4,6.52,1.989
2048-01-07,12.25,4.71,31.67,301.87,82.5,99,3.53,2.438
2048-01-08,7.05,3.85,20.45,314.02,92.3,98.8,4.29,1.679
2048-01-09,11.3,6.93,18.2,329.45,92.2,98.9,0.56,2.283
2048-01-10,12.52,11.24,19.01,358.49,91.5,99.4,3.11,3.324
2048-01-11,12.59,11.71,19.66,353.4,88.5,99.6,3.82,3.9
2048-01-12,11.96,6.39,12.01,338.62,95.5,100,30.79,0.591
2048-01-13,13.93,8.85,22.5,344.28,93.3,100.4,1.51,3.458
2048-01-14,13.86,5.15,19.78,331.66,92.6,100.7,4.15,1.698
2048-01-15,5.12,1.56,14.86,308.88,78.5,101.8,0.41,2.703
2048-01-16,5.47,1.92,17.58,319.7,98.3,101,8.95,0.922
2048-01-17,6.27,4.97,14.42,326.94,99.1,101.7,1.87,0.784
2048-01-18,7.3,4.83,28.35,314.08,93,101.9,0,1.716
2048-01-19,6.75,2.65,38.54,267.15,78.3,101.4,0,2.019
2048-01-20,10.46,3.26,22.41,318.5,94.7,100.7,0,1.677
2048-01-21,11.17,9.16,30.13,328.04,89.5,99.8,0.96,2.315
2048-01-22,12.28,9.48,31.87,322.71,87.7,98.8,0,1.735
2048-01-23,10.63,6.23,21.97,316.7,89.5,97.8,6.83,1.59
2048-01-24,8.22,5.36,47.12,285.88,91.9,97.7,0.43,1.164
2048-01-25,7.72,4.28,49,304.11,93,96.8,25.5,0.621
2048-01-26,6.09,3.91,24.02,305.38,89.5,96.7,3.68,1.453
2048-01-27,5.72,3.09,22.23,309.41,95.7,97.9,2.79,0.422
2048-01-28,5.49,2.24,24.81,303.35,95,98.6,5.08,1.015
2048-01-29,6.74,4.15,29.65,323.55,99.3,98.5,6,2.515
2048-01-30,8.42,2.25,58.86,282.41,90.5,98.1,16.99,0.442
2048-01-31,6.76,1.53,36.32,285.13,96.7,98.1,0.38,0.797
2048-02-01,5.25,2.71,14.99,303.88,92.6,97.1,25.3,1.055
2048-02-02,7.34,2.46,42.29,299.22,91.1,96.8,1.9,1.21
2048-02-03,7.97,3.91,44.62,289.7,89.9,97.4,1.12,2.799
2048-02-04,7.07,3.53,35.52,277.38,74.4,98,4.92,2.155
2048-02-05,9.31,3.29,66.55,269.46,82.3,98.3,0,1.585
2048-02-06,6.52,2.57,38.27,295.28,83.8,99.8,0.96,0.935
2048-02-07,4.67,-0.08,62.31,251.34,81.2,101.5,0,0.628
2048-02-08,4.55,-2.01,50.04,264.28,85.2,102.1,0,0.464
2048-02-09,6.8,1.55,68.51,268.62,70.2,102.2,0,1.221
2048-02-10,4.13,-0.94,88.76,225.39,78.2,101.8,0,1.416
2048-02-11,6.74,-2.38,92.91,229.81,81.1,101.7,0,1.016
2048-02-12,4.93,-2.62,84.09,242.75,90.2,101.2,0,0.755
2048-02-13,6.94,-2.11,90.88,251.42,86.6,100.2,0,0.934
2048-02-14,10.03,4.51,47.29,319.11,83.5,99.4,0.6,2.848
2048-02-15,10.4,5.18,66.01,299.69,80.3,99.6,2.83,2.61
2048-02-16,6.02,2.29,22.67,296.37,93.5,100.3,6.18,0.266
2048-02-17,6.17,1.33,38.57,292.92,95.2,100.2,1.93,0.774
2048-02-18,7.9,4.42,94.55,275.98,76.4,100.1,0,2.962
2048-02-19,7.16,4.79,47.07,299.38,85.5,100.3,5.96,3.45
2048-02-20,11.36,5.03,63.44,316.88,90.4,99.6,5.74,3.138
2048-02-21,10.36,5.2,80.94,278.63,75.9,98,2.92,3.848
2048-02-22,6.47,3.01,29.15,291.08,92.1,96.5,3.09,0.702
2048-02-23,6.27,2.14,63.97,286.81,93.2,96.9,1.91,0.424
2048-02-24,5.39,3.49,37.91,313.79,95.4,97.5,10.96,0.836
2048-02-25,6.41,2.85,62.72,300.82,89.2,98.8,0.1,0.214
2048-02-26,8.92,2.85,50.2,316.54,89.4,99.7,0,0.882
2048-02-27,13.56,8.16,56.52,342.64,89.6,99.9,1.91,2.046
2048-02-28,8.17,3.8,27.16,302.89,96.2,100.5,9.48,0.248
2048-02-29,9.16,2.82,78.44,279.3,87.7,100.7,4.74,0.528
2048-03-01,10.15,1.83,131.58,256.24,79.3,100.9,0,1.047
2048-03-02,9.03,3.82,76.3,287.1,81.2,100.4,0,1.34
2048-03-03,6.65,3.58,88.37,291.99,82.7,98.6,3.28,2.958
2048-03-04,6.83,3.2,75.15,291.39,80.3,98.3,4.21,2.235
2048-03-05,8.07,2.57,83.72,283.76,76.7,98.9,0,1.83
2048-03-06,6.17,1.38,62.29,295.98,91.1,98.9,2.96,0.4
2048-03-07,9.53,5.24,58.85,321.63,96.9,99.1,4.53,0.795
2048-03-08,12.62,6.23,110.63,295.12,89.8,100.2,0,2.296
2048-03-09,13.54,7.75,68.68,313.31,83.3,100.2,0,3.054
2048-03-10,14.62,8.79,145.02,297.65,76,100,0,3.165
2048-03-11,13.85,9.4,137.42,293.03,74,100.5,0,2.657
2048-03-12,17.17,9.42,114.93,317.73,73.9,100.3,0,1.138
2048-03-13,15.38,9.89,133.67,308.54,71.6,100.6,0,2.95
2048-03-14,17.5,9.94,166.07,282.25,64.6,100.9,0,1.858
2048-03-15,12.33,6.48,85.84,296.03,78.4,100.7,0,1.176
2048-03-16,10.35,5.57,89.3,300.71,74.2,101.5,0,1.29
2048-03-17,10.64,4.82,117.36,295.33,75.2,101.3,0,2.112
2048-03-18,12.4,6.42,116.36,303.95,77.6,100.6,0,2.968
2048-03-19,12.17,7.5,141.7,290.83,75,101,0,3.368
2048-03-20,12.3,6.58,107.6,296.66,77.7,100.6,0,1.803
2048-03-21,14.06,7.61,110.38,319.73,85.7,99.8,4.02,1.81
2048-03-22,10.65,4.94,165.98,266.39,70.5,100.4,0,2.558
2048-03-23,10.54,3.55,143.21,262.97,69.7,101.6,0,1.488
2048-03-24,13.14,1.96,179.17,261.37,72.1,101.4,0,0.767
2048-03-25,13.99,3.9,157.17,282.99,72.3,101.1,0,1.178
2048-03-26,12.34,5.23,137.35,297.01,84.7,101.2,0.66,3.614
2048-03-27,14.39,3.21,182.85,277.59,85.1,100.5,0,1.113
2048-03-28,15.69,4.14,138.85,307.49,86.9,99.7,1.36,2.327
2048-03-29,13.84,6.96,141.32,315.25,87.2,99.3,0,3.431
2048-03-30,14.1,5.34,187.07,288.89,78.6,99.4,0,3.349
2048-03-31,12.63,3.97,208.36,255.57,75.1,99.8,0,3.164
2048-04-01,12.13,2.41,209.91,246.63,73.1,100.3,0,1.638
2048-04-02,14.13,2,222.84,252.24,74.1,100.8,0,0.842
2048-04-03,17.53,4.95,221.36,270.94,65,101,0,1.358
2048-04-04,12.25,7,96.88,312.03,76.6,100.6,3.53,2.091
2048-04-05,9.89,5.76,130.4,297.92,72.4,100,1.44,3.822
2048-04-06,9.48,4.89,157.26,277.28,68.2,99.3,0.97,3.63
2048-04-07,10.7,4.53,172.27,272.34,50.5,100.1,0,2.416
2048-04-08,11.87,4.37,169.24,295.92,64.6,101.1,0.42,1.461
2048-04-09,14.38,8.27,157.73,311,84.1,101.3,0,2.92
2048-04-10,14.64,9.68,167.85,304.1,83.3,101.4,0.4,2.826
2048-04-11,15.56,8.73,199.11,292.9,77.3,101.5,0,2.419
2048-04-12,14.49,8.26,225.04,295.49,79,101.5,0,2.446
2048-04-13,16.76,8.21,247.97,281.16,79.9,101.4,0,2.476
2048-04-14,15.63,7.64,218.06,289.63,80.4,101.7,0,0.678
2048-04-15,15.5,7.29,187.59,291.84,78.7,102,0,1.112
2048-04-16,20.91,8.08,265.92,276.86,66.2,101.6,0,0.587
2048-04-17,19.12,7.22,259.98,277.5,76.3,101.5,0,0.849
2048-04-18,19.89,8.74,231.74,284.99,70.2,101.1,0,0.69
2048-04-19,19.7,7.29,255.35,282.36,70.8,101.1,0,0.457
2048-04-20,21.59,10.79,266.61,284.61,56.1,101,0,1.536
2048-04-21,20.96,10.38,278,277.67,51.1,100.5,0,2.095
2048-04-22,13.75,7.73,177.71,295.54,66,99.2,0,4.203
2048-04-23,9.96,4.34,140.37,298.17,65.1,99.1,3.23,1.507
2048-04-24,7.74,3.05,158.42,283.32,62.7,99.8,0.55,1.262
2048-04-25,7.6,2.84,136.39,286.33,62.1,100.1,0,0.89
2048-04-26,9.88,2.72,201.91,268.91,60,100.3,0,0.677
2048-04-27,11.67,2.5,174.17,282.93,64.7,100.7,0,0.605
2048-04-28,13.68,6.89,144.05,317.5,68.2,100.6,0,0.443
2048-04-29,16.4,7.63,235.52,299.65,66.1,100.9,0,0.38
2048-04-30,17.87,9.18,227.59,297.04,71.1,101.2,0,0.996
2048-05-01,16.49,7.54,262.55,278.87,70.3,101.1,0,2.394
2048-05-02,18.1,9.81,255.99,298.86,64.9,100.5,0,1.869
2048-05-03,14.15,8.72,176.12,300.85,71.6,99.6,0.45,3.405
2048-05-04,14.82,7.1,241.23,280.16,63.5,100.4,0,2.72
2048-05-05,14.53,9.08,283.38,287.32,62.6,100.2,0.82,4.205
2048-05-06,15.1,7.23,234.63,295.94,67.2,100.7,0,2.397
2048-05-07,15.6,5.04,183.33,301.2,75,100.4,0.95,0.432
2048-05-08,12.53,3.23,275.73,254.84,63.1,101.3,0,1.22
2048-05-09,11.76,4.65,187.82,291.05,63.4,101.5,0,2.673
2048-05-10,14.95,4.37,291.54,254.49,61.2,101.7,0,0.616
2048-05-11,19.98,7.64,279.28,286.44,64.1,101.5,0,0.924
2048-05-12,17.53,8.58,195.44,307.2,74.2,101.6,0,1.824
2048-05-13,15.13,8.84,259.81,303.21,75.7,101.5,0.08,2.387
2048-05-14,15.37,7.19,270.61,289.85,71.3,101.3,0.76,1.867
2048-05-15,17.51,5.76,328.44,258.29,62.8,101.4,0,1.629
2048-05-16,20.17,5.03,328.2,260.78,66.8,101,0,0.322
2048-05-17,20.56,10.78,259.88,304.18,61.6,100.4,0,2.521
2048-05-18,16.68,8.9,281.32,285.05,63.9,100.6,0,2.708
2048-05-19,17.55,9.66,168.44,317.53,70.6,100.4,1.58,1.995
2048-05-20,14.79,8.28,173.82,313.88,59.1,100.6,0,0.8
2048-05-21,18.47,9.63,235.74,317.34,62.7,100.6,0.74,2.15
2048-05-22,15.42,8.58,241.12,288.83,58.3,101,0,2.33
2048-05-23,16.29,7.2,263.26,282.75,63.1,101.7,0,0.569
2048-05-24,16.96,6.06,287.28,283.18,70.1,101.9,0,2.671
2048-05-25,18.9,7.17,322.51,277.1,66.9,101.9,0,2.611
2048-05-26,22.1,8.94,340.95,292.1,65.3,101.6,0,2.146
2048-05-27,22.71,9.05,311.08,295.41,66.5,101.2,0,1.717
2048-05-28,17.13,9.51,239.61,310.96,75.9,100.5,0,1.66
2048-05-29,13.64,8.21,229.31,304.56,72.1,100.3,0,2.364
2048-05-30,17.22,8.14,318.27,285.49,66.2,100.3,0.59,0.946
2048-05-31,18.56,8.52,331.98,283,62.9,100.2,0.15,0.905
2048-06-01,19.9,8.9,345.79,280.56,59.7,100.2,0,0.917
2048-06-02,19.08,9.63,333,286.59,67.3,100.2,0,1.155
2048-06-03,20.04,9.16,302.93,296.98,71,100.2,0,1.31
2048-06-04,21.76,8.67,246.48,307.31,76.1,100.3,0,1.374
2048-06-05,21.6,9.1,291.48,301.08,72.4,100.3,0,1.302
2048-06-06,23.08,9.69,286.48,314.11,73.6,100.1,1.65,0.782
2048-06-07,24.16,10.09,320.75,295.79,67.1,100.2,0,1.88
2048-06-08,24.76,9.32,329.91,304.6,68.3,100.2,0,1.258
2048-06-09,24.27,12.4,311.79,326.66,77.1,100.4,0.05,1.645
2048-06-10,25.36,12.63,313.44,322.7,67,100.4,0,2.034
2048-06-11,25.33,12.34,358.61,292.78,58.6,100.4,0,2.587
2048-06-12,25.82,11.67,350.97,307.99,65.3,100.4,0,2.841
2048-06-13,25.91,12.28,299.26,329.49,69,100.5,0.69,1.727
2048-06-14,29.26,13.68,270.85,337.65,56,100.3,0.18,0.795
2048-06-15,21.17,13.85,287.02,317.26,55.1,99.9,0,3.588
2048-06-16,20.21,10.48,219.43,320.53,59.9,99.5,7.02,1.582
2048-06-17,16.11,11.21,242.39,314.6,64.1,97.9,0.28,4.657
2048-06-18,15.73,10.02,185.25,311.69,67,98.5,2.67,2.709
2048-06-19,18.42,8.34,244.83,294.97,62.9,99.6,0.56,1.284
2048-06-20,20,10.03,274,298.45,66,100.5,0,1.274
2048-06-21,20.61,10.76,228.81,316.36,62.4,100.6,0,1.393
2048-06-22,22.88,11.51,248.09,329.76,68.9,100.2,0.03,0.308
2048-06-23,22.97,12.55,287.43,317.03,65.1,99.6,0,1.282
2048-06-24,23.68,12.64,260.65,328.94,65.5,98.9,2.46,0.658
2048-06-25,21.52,12.59,224.46,340.54,65.6,98.4,11.35,0.73
2048-06-26,17.28,12.04,219.51,330.85,83,97.4,21.13,1.348
2048-06-27,20.83,12.72,256.2,324.2,66.9,98.5,0,2.91
2048-06-28,20.54,14.4,186.84,339.89,75.9,99.3,1.92,1.648
2048-06-29,20.27,13.57,197.25,340.33,77.4,99.3,3.39,0.722
2048-06-30,20.69,13.11,257.77,319.71,67.2,99.4,2.09,2.07
2048-07-01,19.92,13.79,286.79,317.62,70.1,99.7,0,3.026
2048-07-02,21.77,14.36,316.9,314.02,67.2,100,0,2.567
2048-07-03,23.22,12.16,342.75,299.81,63.2,100.8,0,1.756
2048-07-04,24.35,15.86,267.88,344.81,64.8,100.8,0,2.47
2048-07-05,23.36,17.45,229.09,357.64,75.4,100.3,0.03,2.716
2048-07-06,19.98,13.09,246.75,315.06,59.1,99.8,0,3.527
2048-07-07,19.36,11.59,306.63,295.75,64.6,100,0,3.185
2048-07-08,21.89,13.25,259.24,329.26,63.2,99.6,0,0.533
2048-07-09,17.93,11.93,150.56,338.71,77.5,99.9,6.56,1.75
2048-07-10,21.17,11.1,246.38,319.05,68.6,100.3,0,1.562
2048-07-11,21.64,13.29,319,317.23,71.2,100.3,0,3.005
2048-07-12,20.73,14.05,248.67,330.63,70.4,100.3,0,2.703
2048-07-13,17.65,12.78,194.23,332.65,78.5,100.1,4.16,0.139
2048-07-14,20.15,11.64,220.04,321.5,75.7,99.8,0.88,0.605
2048-07-15,20.99,11.6,262.96,309.29,60,99.8,0,1.033
2048-07-16,22.93,12.44,244.19,323.02,60.8,99.5,0.07,1.04
2048-07-17,18.22,12.4,142.35,347.43,85.9,98.8,10.06,1.284
2048-07-18,20.07,12.8,278.18,315.02,65.9,99.4,0,1.072
2048-07-19,17.44,11.82,144.21,347.87,85.1,99.1,8.4,4.066
2048-07-20,19.21,12.06,218.26,337.22,71.6,99.3,1.6,1.967
2048-07-21,20.26,10.81,217.81,311.31,67,99.3,0,0.255
2048-07-22,16.77,12.33,119.12,339.19,80.2,99.1,4.55,1.256
2048-07-23,20.35,11.08,225.1,310.17,65.6,99.4,0,1.586
2048-07-24,21.5,11.89,227.91,326.01,75.2,98.8,6.97,0.83
2048-07-25,20.03,14.7,206.38,344.04,84.7,98.5,5.4,1.536
2048-07-26,20.84,13.78,274.86,319.04,71.5,99.4,0.92,2.319
2048-07-27,22.15,13.68,207.04,341.82,75.9,99.8,3.53,0.72
2048-07-28,21.92,14.43,243.36,340.03,85.2,99.4,9.28,1.169
2048-07-29,22.59,13,258.02,310.67,65.5,100.5,0,0.297
2048-07-30,22.94,12.71,257.36,314.84,70.9,101,0,2.265
2048-07-31,22.33,12.66,248.79,315.99,70.8,100.8,0,2.491
2048-08-01,21.72,12.6,240.33,316.95,70.6,100.6,0,2.72
2048-08-02,22.45,14.39,203.62,354.46,78,99.9,0.83,3.413
2048-08-03,21.01,15.42,144.49,367.18,90.6,99.3,4.63,2.399
2048-08-04,24.91,15.84,262.14,339.54,73.7,99.6,0.64,1.635
2048-08-05,21.71,14.65,170.34,331.09,71,99.4,0.37,1.098
2048-08-06,18.99,15.21,178.98,335.83,78.5,98.7,7.47,1.998
2048-08-07,22.81,14.79,211.55,338.65,77.3,99.3,2.15,1.989
2048-08-08,23.33,14.57,203.12,341.45,74.7,99.1,4.86,0.376
2048-08-09,21.05,14.52,222.23,337.14,72.5,99.4,1.95,0.973
2048-08-10,20.3,14.65,169.04,344.49,78.9,99.2,1.06,2.179
2048-08-11,21.28,13.59,273.14,305.87,68,99.5,0.38,3.172
2048-08-12,19.11,12.82,120.7,334.62,73.7,99.4,1.95,0.611
2048-08-13,16.79,13.53,58.5,370.45,95,97.7,20.34,2.089
2048-08-14,19.78,15.29,202.26,347.15,81.2,96.8,1.77,4.958
2048-08-15,20.74,15.12,190.73,355.41,81.4,97.6,15.56,2.011
2048-08-16,21.59,13.58,201.55,341.88,76.4,99.3,10.59,1.367
2048-08-17,21.78,11.93,228.59,317.23,73.3,99.6,0,0.842
2048-08-18,22.99,14.37,179.58,347.64,74.6,98.7,1.1,2.5
2048-08-19,19.78,14.69,149.5,354.09,90.2,98.5,20.12,0.966
2048-08-20,21.62,14.6,167.13,349.55,84.6,99.1,2.89,1.299
2048-08-21,20.79,15.78,114.12,369.81,90.8,98.8,22.5,2.936
2048-08-22,21.86,15.17,148.06,355.71,85.1,98.5,3.57,0.963
2048-08-23,20.49,15.66,171.88,350.06,85.6,98.7,3.42,2.216
2048-08-24,22.32,15.6,183.51,342.43,80.3,99,0.91,1.282
2048-08-25,22.87,15.37,191.5,345.52,79.2,98.7,3.2,0.375
2048-08-26,19.94,14.74,166.9,330.55,85.5,98.9,4.14,1.326
2048-08-27,21.39,13.35,184.51,337.35,82.3,98.7,1.2,1.179
2048-08-28,21.74,13.5,172.18,331.6,79.2,98.8,0,0.409
2048-08-29,21.13,15.06,162.48,333.5,81.3,98.6,3.9,0.456
2048-08-30,21.16,13.81,218.4,320.57,81.4,99.2,3,0.41
2048-08-31,21.59,14.2,210.29,327.09,79,99.8,1.68,0.814
2048-09-01,22.03,14.6,202.32,332.56,76.7,100.4,0.31,1.163
2048-09-02,22.76,13.76,213.76,331.12,73.8,100.8,0,2.302
2048-09-03,23.23,16.27,226.46,327.27,75.6,100.5,0,2.418
2048-09-04,19.94,13.75,218.22,311.4,71,100.7,0,1.952
2048-09-05,19.78,14.09,156.41,337.57,74.3,101.3,0,0.145
2048-09-06,21.88,12.26,198.05,326.36,77.2,101.4,0,0.628
2048-09-07,22.16,16.08,168.78,344.87,70.3,100.6,0,1.277
2048-09-08,21.68,15.98,118.77,352.46,76.1,99.3,0.67,1.747
2048-09-09,19.06,14.27,185.37,317.53,68.1,99.2,0,2.072
2048-09-10,19.66,13.22,149.93,325.74,78,99.6,0,1.887
2048-09-11,21.04,14.07,151.65,342.26,79.7,99.4,1.28,2.082
2048-09-12,19.63,15.11,179.51,331.62,71,98.7,1.22,2.576
2048-09-13,17.27,13.16,184.85,304.19,79.6,98.9,1.7,2.774
2048-09-14,18.43,11.48,173.6,301.77,73.6,99.7,0,1.735
2048-09-15,18.8,11.5,124.39,329.59,79.2,99.6,1.39,1.239
2048-09-16,20.77,11.47,134.24,333.96,77.8,98.8,27.51,2.282
2048-09-17,16.45,13.65,78.43,354.65,88.4,97.3,25.65,2.701
2048-09-18,19.41,13.05,164.11,314.63,76.9,99,0,2.994
2048-09-19,19.3,12.73,178.66,307.88,75.4,99.6,0,2.4
2048-09-20,19.71,13.07,164.66,313.26,75.7,99.6,0,2.081
2048-09-21,17.25,12.44,85.12,338.36,85.8,99.8,0.7,1.857
2048-09-22,15.15,10.99,85.92,325.45,86.5,99.9,2.02,1.697
2048-09-23,17.53,10.17,168.2,303.78,79.4,99.8,0,1.592
2048-09-24,19.29,12.09,127.62,332.46,80,99.8,0,1.575
2048-09-25,17.96,11.78,74.38,331.59,82,99.5,1.82,1.846
2048-09-26,18.06,10.35,135.23,319.26,71.2,99.7,0,1.3
2048-09-27,16.89,12.18,115.87,323.65,74.4,99.7,0.56,2.063
2048-09-28,18.26,11.45,132.12,318.39,73.9,100.4,0,1.778
2048-09-29,14.32,11.4,50.37,345.71,90.2,100.7,5.89,0.719
2048-09-30,22.62,13.36,87.98,366.47,93.3,100.3,1.62,1.941
2048-10-01,20.67,14.25,104.26,352.24,96.9,100.3,0,0.59
2048-10-02,23.52,13.82,125.1,347.54,91.3,100.3,0,0.344
2048-10-03,23.77,13.1,149.44,328.59,85.9,100,0,0.873
2048-10-04,24.28,14.86,130.54,341.34,84.5,99.4,0,1.42
2048-10-05,21.5,13.62,113.33,334.28,86.9,99.1,0,0.485
2048-10-06,20.5,13.88,97.99,345.03,80.4,98.9,2.85,1.5
2048-10-07,16.33,10.86,111.48,293.28,72.1,99.1,0.38,2.4
2048-10-08,15.36,9.12,113.6,288.68,78.7,99.4,0.97,1.033
2048-10-09,14.35,6.62,126.85,277.22,81.1,99.2,0,0.463
2048-10-10,15.23,6.69,115.61,282.81,77,99.7,0,0.922
2048-10-11,18.07,10.16,57.24,359.28,88,99.5,2.78,1.447
2048-10-12,18.13,15.07,98.25,341.06,80.7,100,0,2.055
2048-10-13,19.89,16.13,90.65,351.65,83.7,100,0.21,3.579
2048-10-14,19.26,15.37,88.88,347.27,84.4,100.2,0,2.793
2048-10-15,19.18,14.88,90.37,341.13,85.4,100.2,0,2.303
2048-10-16,19.1,15.22,70.54,357.69,85.9,100.1,0,1.225
2048-10-17,16.21,13.05,54.01,354.53,91.4,100.6,0.77,0.58
2048-10-18,17.23,12.11,77.01,341.5,92.2,100.9,0,0.237
2048-10-19,16,11.08,51.59,346.09,98.1,101.1,0,0.483
2048-10-20,17.55,13.87,54.77,362.81,94.1,101.4,0.78,2.005
2048-10-21,17.24,13.48,84.43,347.07,89.5,101.5,0,0.753
2048-10-22,16.78,13.05,69.82,347.91,92,100.9,0,0.138
2048-10-23,17.36,10.19,58.78,339.15,90.3,99.9,5.89,0.635
2048-10-24,10.09,5.77,76.29,288.32,69.9,100.7,0,0.852
2048-10-25,10.18,3.71,96.5,253.82,72.9,101.3,0,1.079
2048-10-26,11.23,4.14,32.43,311.06,80.2,100.7,0,1.653
2048-10-27,14.54,8.75,83.13,311.87,82.4,100.3,0,1.435
2048-10-28,13.86,5.93,56.26,323.17,84.7,100.1,0,0.485
2048-10-29,16.5,13.01,41,359.57,95.9,99.7,2.94,1.413
2048-10-30,14.21,11.46,12.62,354.59,99.5,99.6,5.36,0.434
2048-10-31,14.66,11.89,27.78,348.83,96.7,99.6,3.19,0.81
2048-11-01,15.12,12.33,43.07,342.99,93.9,99.5,1.03,1.219
2048-11-02,15.82,12.58,67.79,322.59,81.9,97.8,3.64,2.818
2048-11-03,13.56,10.12,55.44,311.18,80.4,96.9,0,2.838
2048-11-04,11.24,7.92,24.54,321.46,90.8,96.8,4.03,2.11
2048-11-05,8.85,6.21,39.52,314.9,93.3,97.4,1.34,0.954
2048-11-06,8.73,2.74,57.29,270.71,80.5,98.4,0,0.449
2048-11-07,10.27,0.71,53.32,281.12,74.2,99.1,0,3.638
2048-11-08,11.92,7.83,17.34,346.59,92.6,97.3,28.35,6.538
2048-11-09,13.66,11.25,55.76,343.01,92.9,97.3,2.53,0.523
2048-11-10,13.7,10.57,40.66,339.76,94.5,97.8,0.81,2.631
2048-11-11,13.15,10.64,16,346.33,92.1,96.7,15.29,2.83
2048-11-12,11.57,7.66,47.55,293.05,89.8,96.5,0.62,1.229
2048-11-13,9.01,3.97,55.94,270.16,95.9,97.2,0,0.565
2048-11-14,10.91,5.63,60.12,270.57,84.4,98.4,0,1.54
2048-11-15,9.27,3.85,59.84,266.59,90.7,99.5,0,0.417
2048-11-16,10.29,5.3,14.4,315.33,94.7,98.1,14.96,0.827
2048-11-17,9.11,6.08,46.32,283.42,80,98.7,0.4,2.358
2048-11-18,11.06,6.07,44.57,309.47,83.8,99.4,1.86,2.526
2048-11-19,13.8,9.74,39.86,319.65,84.3,99.2,0,1.81
2048-11-20,12.32,8.16,15.54,318.48,88.2,98.4,2.2,1.226
2048-11-21,10.95,7.1,47.98,285.07,86.1,99.2,0,1.102
2048-11-22,14.49,8.33,21.54,339.11,94.1,97.5,18.86,3.397
2048-11-23,12.98,9.63,37.46,324.59,89.7,98,1.61,1.954
2048-11-24,14.3,9.14,10.78,340.15,88.2,97.7,20.77,1.725
2048-11-25,11.57,8.43,40.74,287.35,75.1,98.8,0,3.11
2048-11-26,11.28,6.11,40.37,287.94,92.9,99.3,0,1.015
2048-11-27,9.88,6.57,10.38,330.92,98.1,98.4,10.77,3.023
2048-11-28,10.9,5.67,37.52,295.37,94.1,98,0,0.809
2048-11-29,9,4.02,37.37,288.09,96,98.3,0,0.727
2048-11-30,8.37,2.25,34.71,284.35,97.5,99.5,0,1.423
2048-12-01,8.87,6.27,12,329.27,99.8,99.9,1.76,0.292
2048-12-02,13.98,7.49,5.88,348.75,98.7,98.9,7.35,0.726
2048-12-03,13.66,6.39,21.05,317.47,82.2,100.2,0,0.956
2048-12-04,8.89,6.58,16.8,323.88,87.7,101,1.43,3.865
2048-12-05,7.17,4.94,20.13,310.68,80.3,101,0,4.281
2048-12-06,5.72,2.41,20.86,289.46,78.1,101.2,0,2.776
2048-12-07,3.84,1.32,21.37,287.38,90,101.2,0,1.276
2048-12-08,2.94,0.16,20.96,275.79,90.2,101.4,0,0.618
2048-12-09,5.56,0.94,16.52,304.96,89,101.5,0,1.025
2048-12-10,7.93,4.62,20.35,321.9,98.6,101.2,0,0.739
2048-12-11,6.57,5.31,11.58,329.98,100,100.6,1.19,0.196
2048-12-12,6.55,3.81,16.66,318.21,96.1,100.6,1.1,1.69
2048-12-13,4.95,2.19,16.55,302.84,96.4,99.7,2.67,3.036
2048-12-14,3.8,2.07,10.58,310.41,91.5,98.6,0,2.977
2048-12-15,6.27,3.71,17.73,305.65,92.4,98.7,2.48,2.712
2048-12-16,6.43,3.87,18.41,305.6,92.6,99.3,1.58,1.597
2048-12-17,7.44,4.8,29.07,289.33,91.4,100.2,0.42,1.788
2048-12-18,6.92,5.26,16.87,318.54,95.8,100.3,0.68,0.615
2048-12-19,7.66,5.85,12.77,323.68,98.5,100.4,3.56,0.508
2048-12-20,6.22,2.62,16.91,301.51,99.7,100.7,1.55,0.229
2048-12-21,4.44,2.49,14.22,310.21,98.5,100.3,0.96,1.567
2048-12-22,4.05,1.3,20.43,281.61,91.5,99.9,0,0.642
2048-12-23,8.25,1.3,22.93,288.58,85.6,100.3,0,2.108
2048-12-24,8.29,4.82,23.85,298.47,92.9,100,5.12,1.271
2048-12-25,6.39,2.9,33.88,284.03,94.3,99.5,5.16,0.948
2048-12-26,11.07,4.51,24.53,306.37,78.8,97.5,2.96,2.32
2048-12-27,6.37,4.38,17.72,297.24,89.2,96.7,1.67,0.717
2048-12-28,5.76,2.97,34.52,265.18,66,99.3,0.54,1.983
2048-12-29,4.27,-0.91,35.5,237.29,76.8,100.5,0,1.434
2048-12-30,3.99,-0.5,17.8,283.25,89.5,100.6,0,1.014
2048-12-31,5.89,0.59,18.96,295.24,93.6,100.5,0.29,0.689
2049-01-01,7.79,1.68,20.11,307.25,97.7,100.3,0.62,0.945
2049-01-02,7.74,2.1,21.46,289.24,94.1,100,3.91,1.065
2049-01-03,5.24,-0.2,31.27,265.4,93.4,100.8,0,1.194
2049-01-04,9.88,3,3.79,328.26,93,100.3,8.45,1.565
2049-01-05,12.57,6.33,16.97,329.53,87.2,99.1,4.24,2.01
2049-01-06,6.52,4.11,35.9,280.85,77.7,98.9,2.09,2.637
2049-01-07,7.49,4.51,30.59,285.94,90.4,99.2,1.29,2.443
2049-01-08,8.83,1.6,10.27,313.75,94,97.1,14.76,1.517
2049-01-09,4.33,1.14,26.02,272.95,84.2,96.5,0.9,2.172
2049-01-10,3.76,-0.64,27.9,250.65,89.9,97.3,0,1.29
2049-01-11,6.28,1.92,33.13,274.76,86,98.3,3.2,1.191
2049-01-12,8.85,4.21,26.32,310.71,94.8,96.5,5.48,1.027
2049-01-13,6.98,4.35,39.65,272.45,78.5,97.3,0,2.888
2049-01-14,6.1,2.78,37.6,278.35,85.1,98.3,0,1.607
2049-01-15,5.47,2.51,9.26,312.11,96.5,97.4,16.23,2.124
2049-01-16,4.2,0.03,43.48,257.31,82,99.5,0,1.529
2049-01-17,6.33,2.87,48,256.86,80.9,100.6,0,2.538
2049-01-18,5.98,2.32,25.69,285.02,87.1,99.8,7.66,2.695
2049-01-19,4.15,0.31,51.54,231.18,64.6,99.4,0,2.958
2049-01-20,5.02,0.28,26.09,290.47,84.4,99,1.54,1.322
2049-01-21,4.74,1.43,36.71,286.12,81.6,99.2,0,1.151
2049-01-22,4.15,-0.92,36.85,261.03,85.7,99.5,0,0.753
2049-01-23,1.39,-1.48,18.15,272.41,93.7,99.2,3.46,1.227
2049-01-24,3.86,-0.35,51.04,254.64,80.4,99.6,0,1.027
2049-01-25,6.24,-0.67,42.5,280.83,90.5,100.2,0,1.795
2049-01-26,7.24,3.66,38.75,300.36,92.9,100.4,1.04,1.633
2049-01-27,7.01,4.45,46.1,289.12,85.7,100.1,0,2.325
2049-01-28,5.9,1.54,48,263.33,87.8,99.7,0,1.488
2049-01-29,5.33,1.6,37.2,266.78,86.7,99.2,0,2.387
2049-01-30,4.74,-1.86,67.28,229.68,84.1,99,0,0.937
2049-01-31,4.41,-2.55,45.25,264.33,80.5,99,0,2.821
2049-02-01,4.71,2.77,21.19,310.64,78.5,99.1,0.87,4.57
2049-02-02,4.17,2.48,22.91,314.32,97.4,99.7,4.88,3.163
2049-02-03,7.71,1.85,22.7,324.11,98.6,99.4,10.39,2.839
2049-02-04,11.79,6.33,15.15,336.51,92.4,98.4,6.41,1.458
2049-02-05,8.87,4.12,74.63,271.22,84.9,99.8,0,1.54
2049-02-06,8.68,3.97,20.86,303.88,89.5,99.3,5.82,1.154
2049-02-07,6.37,2.49,74.71,265.96,74.7,99.8,0,1.562
2049-02-08,9.99,4.19,58.18,302.88,82.7,98.2,6.84,3.11
2049-02-09,10.58,5.41,26.07,308.26,88.1,97,6.07,1.619
2049-02-10,7.76,2.66,73.93,267.86,80.6,97.2,0,1.496
2049-02-11,6.62,1.57,67.59,271.23,85.9,98.1,0,1.473
2049-02-12,8.25,1.46,72.1,271.02,84.9,99.4,0,1.436
2049-02-13,12.05,4.09,38.2,330.37,93.2,98.9,5.97,1.373
2049-02-14,9.79,4.87,40.65,313.01,96.7,98.7,7.89,0.359
2049-02-15,7.85,5.04,61.11,297.37,84.8,98.2,4.55,2.54
2049-02-16,7.92,2.82,73.25,272.69,83.7,99.3,0,1.286
2049-02-17,8.21,2.33,70.05,291.22,82.6,101,0,0.58
2049-02-18,6.89,2.45,46.58,300.75,79.7,102,0.62,1.01
2049-02-19,3.94,-0.95,65.16,274.62,72.7,102.6,0,2.159
2049-02-20,2.21,-4.02,99.03,227.02,80.7,102.6,0,0.395
2049-02-21,4.98,-2.06,105.84,252.44,79,101.9,0,0.354
2049-02-22,7.2,2.56,49.04,310,93,101.6,1.51,0.562
2049-02-23,7.87,3.3,72.58,302.26,91.6,101.4,2.7,0.413
2049-02-24,6.12,2.9,32.52,292.67,86.7,100.4,0.78,1.911
2049-02-25,5.7,1.66,75.83,277.57,70.9,99.7,0,1.395
2049-02-26,6.53,1.15,100.64,260.59,72.7,99.9,0,2.449
2049-02-27,7.27,2.73,57.69,295.28,81.9,98.3,3.84,4.482
2049-02-28,5.44,0.46,58.01,258.36,76.1,98.3,3.48,2.538
2049-03-01,4.91,-1.08,85.02,251.91,80.6,99.2,0,1.052
2049-03-02,4.3,-0.97,86.32,272.32,85.8,99.6,2.7,0.216
2049-03-03,4.6,-1.28,135.6,230.73,66.6,100.2,0,1.461
2049-03-04,5.55,-0.82,84.22,267.1,75.7,100.3,0.05,1.735
2049-03-05,5.7,1.11,63.36,300.25,85.9,99.6,0.55,3.217
2049-03-06,7.42,0.3,61.17,287.04,85.1,100.6,0.85,1.276
2049-03-07,9.32,4.08,49.65,318.4,95.8,101.1,2.64,0.829
2049-03-08,8.87,4.74,50.82,315.43,89.1,100.3,4.1,1.888
2049-03-09,9.35,4.25,64.52,325.55,95.2,99.1,8.39,1.618
2049-03-10,8.85,5.25,31.93,332.57,98.1,99.5,13.07,3.778
2049-03-11,7.08,1.15,161.83,235.37,74.5,100.8,0,4.178
2049-03-12,7.08,-0.65,124.28,258.01,79.8,101.2,0,1.485
2049-03-13,7.45,0.2,147.22,253.15,77,100.9,0,1.033
2049-03-14,5.45,-0.2,85.58,275.83,85.7,101.1,0,0.59
2049-03-15,8.16,1.52,86.68,298.01,80.9,101.4,1.29,0.88
2049-03-16,8.12,3.05,97.12,284.85,82.1,101.8,0,0.479
2049-03-17,8.06,2.3,112.58,289.11,75.1,101.7,0,0.689
2049-03-18,9.48,5,98.19,295.1,79.2,101.5,0,1.809
2049-03-19,10.25,4.91,105.58,299.22,79.8,101.6,0,2.945
2049-03-20,12.7,8.15,146.82,303.35,84.8,101.7,0,3.039
2049-03-21,11.07,7.54,121.48,303.53,87.1,101.7,0,2.562
2049-03-22,11.99,7.1,143.89,308.8,82.6,101,0,2.789
2049-03-23,12.98,7.56,98.76,316.36,83.9,100.3,0,2.29
2049-03-24,13.59,5.5,170.5,279.18,76.7,99.5,0,2.316
2049-03-25,15.54,7.34,140.21,302.56,78.5,98.3,3.46,2.536
2049-03-26,7.68,3.63,107.38,287.91,76.5,97.8,2.18,2.438
2049-03-27,6.74,3.2,109.16,283.28,74.9,97.5,1.15,3.075
2049-03-28,8.42,1.83,160.6,262.84,70.8,97.9,2.22,1.624
2049-03-29,8.04,0.7,146.97,255.23,62.7,99.1,0.62,1.317
2049-03-30,8.19,-0.59,196.9,248.02,63.5,100.1,0.88,2.076
2049-03-31,10.19,3.7,138.72,302.62,85.6,99.7,5.74,2.034
2049-04-01,7.64,2.59,154.85,284.33,65.2,100.2,0,0.698
2049-04-02,12.59,4.67,130.31,310,89.1,99.5,1.79,1.672
2049-04-03,10.94,1.28,78.94,314.42,91.1,98.4,19.71,0.698
2049-04-04,8.39,2.7,137.79,281.02,66.2,100.4,0,0.471
2049-04-05,8.26,3.86,78.78,304.4,74.4,100.1,0,2.946
2049-04-06,10.95,3.7,215.9,259.67,67.1,99.4,0,1.732
2049-04-07,6.71,2.69,60.61,306.25,89.7,99.2,6.48,2.563
2049-04-08,6.06,2.19,97.23,300.49,83.2,98.9,6.39,2.391
2049-04-09,8.53,2.26,146.86,278.43,72.8,99.6,0,0.807
2049-04-10,10.87,1.24,172.85,273.17,68.7,100.3,0,1.608
2049-04-11,11.15,4.66,117.28,294.25,75.3,100.3,0,2.101
2049-04-12,10.86,6.17,165.03,303.56,70.1,99.5,1.92,2.93
2049-04-13,9.22,6.69,158.8,303.58,78.1,98.2,4.9,4.231
2049-04-14,10.4,4.57,162.91,291.54,65.9,99.5,0,1.624
2049-04-15,12.06,4.02,152.65,308.01,73,100.4,0.8,2.11
2049-04-16,10.97,5.26,129.93,302.89,75.2,99.7,1.49,3.048
2049-04-17,9.64,4.51,162.06,276.58,68.3,100.1,0.29,3.544
2049-04-18,10.47,5.02,68.4,316.12,86.3,100.3,6.07,2.644
2049-04-19,14.65,9.61,177.85,321.49,85.3,100,0,3.391
2049-04-20,15.39,8.64,208.94,298.91,76.4,99.9,0,2.059
2049-04-21,20.78,8.61,195.02,310.79,64.2,99.3,0,1.487
2049-04-22,15.49,8.26,78.06,321.72,78.9,98.6,8.93,2.598
2049-04-23,13.3,7.99,201.81,294.57,70.4,98.9,1.05,3.014
2049-04-24,18.87,8.41,131.51,347.97,78.1,98.2,3.9,3.433
2049-04-25,12.44,7.7,206.1,300.47,59.7,98.6,0.33,4.708
2049-04-26,11.54,6.42,179.55,291.19,71.7,99.4,1.19,3.357
2049-04-27,11.69,5.68,193.64,288.19,68.4,100.1,0,2.206
2049-04-28,12.33,5.91,149.35,314.45,74.8,100,1.89,1.218
2049-04-29,15.6,6.84,157.86,319.61,69.3,99.3,2.39,2.189
2049-04-30,14.37,8.18,127.22,334.37,87.4,98,12.08,0.688
2049-05-01,14.23,6.95,189.04,305.27,76.7,98.2,0.54,2.224
2049-05-02,11.9,6.94,160.97,315.35,84,99.1,1.03,0.959
2049-05-03,13.33,7.34,158.74,317.23,81.2,100.3,0,1.602
2049-05-04,14.92,6.74,177.12,312.05,76.9,100.7,1.87,0.567
2049-05-05,16.06,5.96,281.21,286.47,62,101.2,0,0.537
2049-05-06,16.85,9.41,223.53,308.64,74.4,101,0,2.482
2049-05-07,14.9,8.12,218.07,301.88,71.7,101.5,0,1.257
2049-05-08,17.79,7.07,298.33,276.84,69,101.6,0,1.789
2049-05-09,17.71,7.44,294.66,288.85,73.3,100.7,0,3.052
2049-05-10,17.74,8.72,191.46,317.02,80.9,99.7,0.56,0.813
2049-05-11,19.11,9.72,275.64,296.79,76.3,99.7,0,2.255
2049-05-12,19.23,9.48,262.87,300.29,73.3,100.7,0,0.583
2049-05-13,22.2,9.62,289.95,315.28,69.9,100.9,0,2.414
2049-05-14,23.42,11.43,287.13,315.79,69.1,100.4,0,0.367
2049-05-15,14.3,8.21,179.3,325.46,65.6,101,0,4.239
2049-05-16,11.03,6.87,125.12,316.39,72.1,101.1,7.5,2.053
2049-05-17,11.92,7.11,191.75,312.84,59.7,101.4,0,2.084
2049-05-18,13.58,7.33,178.31,314.62,66.1,100.8,0,1.98
2049-05-19,13.53,7.58,147.06,319.25,71.8,99.6,1.68,1.294
2049-05-20,13.24,5.82,162.41,310.45,77.2,99.5,2.48,2.505
2049-05-21,15.5,4.43,187.21,302.39,75.5,99.6,0.8,1.433
2049-05-22,11.87,7.9,212.62,294.88,61,100,0,3.892
2049-05-23,13.48,6.68,199.83,304.34,59.2,100.7,0,1.294
2049-05-24,17.08,9.58,162.86,341.44,79.4,99.7,0.62,2.74
2049-05-25,15.31,10.55,246,313.86,64.1,99.7,0,5.14
2049-05-26,12.83,8.1,193.6,297.18,57.5,100.6,0,4.19
2049-05-27,12.69,6.93,234.21,284.19,59.8,100.6,0,3.411
2049-05-28,12.12,5.43,183.96,293.62,68.1,99.8,2.33,1.91
2049-05-29,13.23,6.37,228.65,288.46,61.7,99.5,0.74,1.421
2049-05-30,14.81,6.65,214.56,304.48,63.1,99.6,1.58,0.769
2049-05-31,14.01,7.25,207.49,304.74,70.2,99.5,4.19,0.647
2049-06-01,13.22,7.85,200.43,305.13,77.3,99.3,6.8,0.5
2049-06-02,13.05,7.2,158.4,320.77,85.8,99.4,10.95,3.133
2049-06-03,10.43,6.26,109.97,314.2,85.2,99.6,5.32,2.273
2049-06-04,13.28,6,197.71,298.31,79.5,99.9,0.63,0.796
2049-06-05,14.11,7.04,225.66,305.3,82.8,100.6,1.87,1.511
2049-06-06,18.17,7.17,314.31,286.67,68.2,100.8,0,1.471
2049-06-07,19.98,9.05,239.33,327.68,74.1,100.6,1.79,0.423
2049-06-08,12.19,5.99,190.46,295.19,57.7,101.2,0,2.287
2049-06-09,12.09,5.51,177.77,294.92,62.7,100.8,0,1.363
2049-06-10,13.55,7.01,177.06,303.34,65.4,100.7,1.37,3.467
2049-06-11,15.8,6.92,236.3,290.59,71.7,101.2,1.42,3.452
2049-06-12,17.69,7.6,279.92,298.97,71.9,101.1,0,3.809
2049-06-13,22.55,9.17,254.81,328.37,77.5,100,33.67,1.582
2049-06-14,18.34,11.79,261.05,313.49,65.4,100.1,0,3.104
2049-06-15,17.76,11.44,223.29,327.67,77.8,99.7,2.5,2.742
2049-06-16,19.68,10.38,232.53,333.05,78.1,99.6,2.66,1.156
2049-06-17,20.55,15.45,273.16,344.33,72.3,98.9,0.72,3.21
2049-06-18,20.56,14.35,205.86,351.85,77.9,99.2,3.33,1.733
2049-06-19,18.9,13.82,219.8,339.92,81.3,98.5,7.84,1.469
2049-06-20,17.77,9.36,293.19,293.36,66.1,99.9,0,0.739
2049-06-21,22.08,7.85,347.35,298.57,63.7,100.8,0,1.928
2049-06-22,22.02,14.07,341.29,310.9,69.9,101,0,2.319
2049-06-23,23.89,12.49,335.13,325.29,72.8,100.7,0,2.205
2049-06-24,22.12,13.02,285.31,315.45,68.4,100,0.86,1.609
2049-06-25,18.01,11.23,314.58,290.63,67.5,99.9,0,2.524
2049-06-26,18.09,10.15,261.28,299.04,63.5,100.1,0,2.31
2049-06-27,16.48,9.12,189.96,297.16,64.1,100.4,0,1.578
2049-06-28,19.93,8.89,291.68,296.88,64.5,100,0,0.474
2049-06-29,21.99,15.14,205.58,355.16,73.5,99.9,0,1.784
2049-06-30,20.16,14.43,348.08,297.33,65.9,100.1,0,3.053
2049-07-01,23.42,12.98,352.44,295.02,53.6,100,0,1.939
2049-07-02,24.3,13.28,219.99,352.03,61.9,98.9,3.04,1.234
2049-07-03,19.8,13.97,316.31,310.13,69.5,99.5,0,3.235
2049-07-04,22.1,12.54,308.41,308.95,63.7,100.4,0,1.994
2049-07-05,19.45,13.26,244.37,329.38,73.7,99.9,7.37,3.386
2049-07-06,18.38,12.41,278.53,309.01,72.4,100.5,0,3.52
2049-07-07,22.83,12.29,302.17,317.97,70.4,100.7,0,2.155
2049-07-08,24.6,14.61,331.54,308.54,59.6,100.6,0,1.784
2049-07-09,24.79,15.65,237.78,349.07,66.9,100.6,1.13,1.404
2049-07-10,27.07,15.69,337.28,325.11,65.5,100.7,0,1.427
2049-07-11,25.56,16.35,318.76,325.65,62.9,100.8,0,0.667
2049-07-12,25.29,16.47,262.5,340.98,66.8,101,0,1.56
2049-07-13,28.57,14.76,326.83,330.3,71.3,100.6,0,0.281
2049-07-14,21.94,14.8,194.83,349.93,77.8,100.5,0,2.772
2049-07-15,26.94,13.41,301.25,329.86,64.6,100.2,0,2.105
2049-07-16,27.68,14.35,280.89,333.87,61.1,99.2,0.89,2.953
2049-07-17,24.94,15.04,263.87,343.01,71.6,98.4,2.06,1.952
2049-07-18,20.46,13.81,239.16,321,67,98.6,0.65,2.476
2049-07-19,17.05,12.32,231.4,306.23,72.6,99.1,1.03,3.179
2049-07-20,18.41,11.04,259.85,300.32,63.8,99.5,0.04,3.274
2049-07-21,17.65,12.06,116.98,345.33,88.7,98.9,7.51,0.534
2049-07-22,21.25,15.22,195.86,346.81,77.3,98.7,2.49,2.17
2049-07-23,19.47,13.13,173.29,352.78,76.1,99.6,2.14,1.61
2049-07-24,25.09,14.66,285.64,342.31,67.4,99.5,0,1.53
2049-07-25,21.66,14.83,318.18,312.1,67,99.6,0,2.462
2049-07-26,24.99,12.85,309.73,314.6,63,99.8,0,1.848
2049-07-27,21.3,14.62,300.12,313.46,67.2,99.9,0,2.724
2049-07-28,22.6,12.67,291.88,309.63,64.2,100.4,0,2.272
2049-07-29,19.95,14.93,280.6,319.02,69.1,99.7,0,4.612
2049-07-30,22.54,13.82,240.48,315.17,67,100.3,0,1.239
2049-07-31,22.25,12.74,272.79,301.41,66.7,100.4,0,1.486
2049-08-01,21.95,11.66,304.97,287.41,66.4,100.5,0,1.759
2049-08-02,23.29,14.09,295.33,313.96,68.7,100.2,0,2.549
2049-08-03,22.95,12.43,279.32,295.04,65.9,100.4,0,0.506
2049-08-04,23.43,12.02,231.85,316.46,65.3,100.6,0,0.641
2049-08-05,25.3,12.46,307.2,292.81,55.2,100.4,0,1.388
2049-08-06,26.1,11.92,310.76,288.89,58.4,99.8,0,1.403
2049-08-07,27.42,12.67,292.18,313.68,64.3,99.3,0,0.93
2049-08-08,25.24,15.54,179.01,361.74,73.6,99.7,1.07,0.803
2049-08-09,24.41,16.34,160.79,357.9,75.6,100.2,0,1.489
2049-08-10,28.42,15.26,266.44,329.33,61.7,100.1,0,0.644
2049-08-11,28.84,15.79,260.46,335.37,52.9,99.7,0,2.769
2049-08-12,22.83,15.32,181.03,349.05,78,99.6,0.83,3.763
2049-08-13,19.62,15.5,101.48,372.1,86.8,99.8,5.49,2.028
2049-08-14,21.62,14.17,203.32,330.5,72.4,100.1,0,0.692
2049-08-15,18.24,14.2,116.07,358.87,83.1,100.3,0.45,0.764
2049-08-16,22.93,12.89,264.74,309.14,64,100.2,0,0.866
2049-08-17,23.02,14.55,163.8,350.02,70.4,99.5,0.04,2.464
2049-08-18,21.27,13.55,99.63,362.04,80.8,98.9,2.63,3.567
2049-08-19,18.97,12.27,193.21,299.44,54.1,99.7,0,2.455
2049-08-20,19.54,11.47,216.35,313.63,68.7,100.2,0.29,3.303
2049-08-21,24.68,17.19,234.88,350.74,80.3,100.3,0,2.778
2049-08-22,23.54,14.78,202.54,338.6,74.5,100.3,0,2.83
2049-08-23,21.56,12.82,223.12,313.08,63.5,100.7,0,0.289
2049-08-24,20.28,12.6,164.89,324.52,69.4,100.9,0,1.471
2049-08-25,22.11,10.99,233.56,309.58,73,100.9,0,2.223
2049-08-26,22.41,13.33,161.92,348.22,76.8,100.6,0,3.343
2049-08-27,24.63,12.83,214.86,326.66,76.5,100,0.47,2.057
2049-08-28,21.49,13.34,110.3,347.76,81.6,99.5,0.21,2.499
2049-08-29,20.21,14.83,197.97,319.19,69,99.6,0,3.135
2049-08-30,17.45,13.12,81.61,354.6,86.8,99.7,2.17,0.261
2049-08-31,18.15,12.13,140.66,330.36,75.5,99.7,1.09,1.236
2049-09-01,18.85,11.14,201.4,307.26,64.3,99.8,0,2.319
2049-09-02,18.14,11.83,152.43,321.5,64.9,99.7,1.49,0.587
2049-09-03,18.31,9.71,150.46,308.38,63.1,100.6,0,2.037
2049-09-04,19.9,11.91,96.62,351.72,87.5,100.2,2.59,2.783
2049-09-05,21.68,19.05,51.3,388.17,87.2,99.9,0.78,3.321
2049-09-06,20.83,15.07,134.69,344.51,75.1,99.8,0.6,2.173
2049-09-07,19.23,12.78,199.52,308.08,70.3,99.4,1.92,4.162
2049-09-08,19.13,11.63,182.36,303.66,70,100.3,0,2.354
2049-09-09,19.19,12.94,141.06,331.95,70.7,100,0,1.564
2049-09-10,20.74,14.22,93.3,351.89,79.2,99.6,1.59,0.691
2049-09-11,19.41,10.87,166.02,313.82,69.4,100.1,0.57,2.456
2049-09-12,19.89,7.72,193.77,300.12,72.1,99.7,1.63,1.595
2049-09-13,18.11,11.8,171.5,318.44,75.7,99.4,2,2.755
2049-09-14,20.13,11.74,178.99,312.61,79.4,99.7,1.75,1.907
2049-09-15,21,12.59,120.13,339.12,76.8,99.9,0,0.577
2049-09-16,24.34,12.82,155.66,331.87,72.1,98.8,0,3.193
2049-09-17,17.83,13.39,74.45,347.64,87.4,97.7,7.59,0.82
2049-09-18,18.91,13.33,79.52,347.78,87.4,97.5,9.18,1.572
2049-09-19,19.45,13.62,170.74,321.16,68.8,98.2,0.15,2.776
2049-09-20,19.3,13.98,106.33,354.85,85,97.5,21.19,1.89
2049-09-21,18.31,13.4,145.21,322.04,76.6,97.7,1.43,2.038
2049-09-22,17.65,11.6,131.25,319.67,82.1,97.5,1.29,1.392
2049-09-23,15.39,11.97,64.72,332.07,92.4,98.1,5.51,1.024
2049-09-24,16.78,11.72,140.91,311.25,77.1,99.1,0,2.606
2049-09-25,16.8,10.68,142,306.45,76.3,99.6,0,1.455
2049-09-26,15.75,10.85,98.35,329.17,84.8,100.3,0.08,0.697
2049-09-27,16.11,10.24,105.26,329.61,79.5,100.5,0.43,0.588
2049-09-28,14.02,11.59,65.12,352.03,96,100,16.6,2.168
2049-09-29,16.18,10.43,133.47,321.92,83.4,100.5,8.93,3.098
2049-09-30,16.25,8.78,151.77,295.13,73.2,101.1,0,1.049
2049-10-01,18.9,12.21,96.62,346.63,88.4,100.5,1.08,2.838
2049-10-02,13.73,9.61,107.02,313.15,80.3,101,0,1.19
2049-10-03,15.12,6.99,146.17,281.19,79.1,101,0,0.514
2049-10-04,14.97,7.36,130.42,290.62,80.2,100.7,0,0.732
2049-10-05,17.44,9.33,119.13,320.08,86.4,100.2,0,1.618
2049-10-06,17.91,12.7,85.2,332.19,93.2,100.7,0,0.562
2049-10-07,18.66,11.38,88.15,346.72,93.6,100.6,0,0.752
2049-10-08,18.2,13.95,69.34,363.96,92.6,100.4,0,1.035
2049-10-09,16.07,12.52,69.56,345.83,93.6,100.9,0,0.537
2049-10-10,16.07,11.31,85.5,334.85,94.5,101,0,0.653
2049-10-11,17.31,10.9,78.82,345.85,93.5,100.6,0,1.818
2049-10-12,16.97,13.31,62.45,359.45,94.3,100.3,0.82,1.723
2049-10-13,14.44,11.82,46.4,350.5,93.7,100.5,1.14,1.852
2049-10-14,14.81,11.66,59.16,348.7,92.8,100.8,0.98,1.534
2049-10-15,14.99,11.02,44.81,349.92,92.2,101,0.76,2.786
2049-10-16,14.96,10.93,57.13,344.77,92.5,101,0,2.757
2049-10-17,15.3,11.62,56.38,350.25,92.4,100.8,0.74,2.452
2049-10-18,15.02,10.9,65.65,339,90.7,100.7,0,1.159
2049-10-19,13.94,11.14,57.26,342.38,91.6,101.1,1.49,0.273
2049-10-20,13.55,9.47,52.85,330.18,92,101.1,1.25,0.131
2049-10-21,15.04,9.31,84.85,321.5,86.5,100.7,0,1.115
2049-10-22,15.4,11.88,65.8,338.85,87.8,99.7,0,3.023
2049-10-23,13.79,9.76,32.87,352.97,96.8,99.3,22.5,2.394
2049-10-24,15.69,10.79,14.69,365.1,98.4,97.8,29.32,0.939
2049-10-25,13.19,11.65,7.75,350.82,97.9,97.2,20.99,0.38
2049-10-26,13.95,10.41,31.78,341.4,98.3,97,4.26,0.539
2049-10-27,13.35,7.61,82.46,312.06,77.2,98.8,5.42,0.368
2049-10-28,16.61,7.47,14.74,357.52,97.7,98.3,16.3,1.032
2049-10-29,15.83,10.88,73.36,307.69,87,97.8,0.59,2.646
2049-10-30,14.52,10.36,69.49,315.89,87.3,98,4.29,2.103
2049-10-31,14.25,10.58,71.17,308.44,83.4,98.2,2.75,2.615
2049-11-01,13.98,10.8,72.88,302.31,79.4,98.3,1.21,3.134
2049-11-02,12.46,5.76,44.38,318.27,92.2,98.5,13.71,0.846
2049-11-03,9.59,4.45,83.74,257.62,72,100.3,0,2.042
2049-11-04,12.73,7.23,55.57,310.38,87.2,101,0,2.609
2049-11-05,13.83,12.15,26.9,338.49,81.5,100.7,0,4.175
2049-11-06,14.21,10.23,49.5,316.27,85.2,100.8,0,3.087
2049-11-07,13.64,9.03,68.25,296.52,87.3,100.6,0,1.436
2049-11-08,15.13,9.98,40.53,329.38,94.6,100.5,0,1.299
2049-11-09,12.91,10.36,23.58,356.18,97.8,100.7,0.94,0.421
2049-11-10,10.48,7.4,17.18,339.25,94.3,100.3,20.47,1.983
2049-11-11,8.54,5.59,35.18,307.35,67.4,101.1,0,3.729
2049-11-12,8.94,4.52,51.45,276.68,82.5,101.2,0,0.551
2049-11-13,8.4,5.36,34.98,311.69,77.2,100.8,0,0.864
2049-11-14,7.79,4.86,36.48,294.68,85.6,101.2,0,0.642
2049-11-15,8.64,5.04,34.74,290.15,94.2,101.7,1,0.51
2049-11-16,8.38,2.65,56.61,260.22,88.9,101.7,0,0.861
2049-11-17,7.85,3.26,39.54,300.95,95.7,101.3,0.78,0.332
2049-11-18,8.96,5.79,28.41,320.96,96.9,100.8,1.15,1.4
2049-11-19,7.07,4.35,36.92,301.88,93.8,100.3,0,2.272
2049-11-20,8.76,3.86,17.26,333.44,100,99.7,1.05,2.331
2049-11-21,11.52,8.44,18.12,348.49,98.1,98.9,5.6,4.19
2049-11-22,10.2,8.33,6.96,347.36,97.3,98.2,42.5,4.651
2049-11-23,9.14,7.24,17.15,339.05,99,97.9,9.89,3.165
2049-11-24,10.38,8.01,33.98,320.21,96.1,98,1.49,1.017
2049-11-25,13.07,8.24,35.65,327.99,94.3,98.3,2.03,2.053
2049-11-26,15.81,11.99,15.78,363.87,93.2,97.8,9.77,1.57
2049-11-27,13.76,9.58,15.89,330.91,93.5,97.1,2.33,1.29
2049-11-28,11.83,8.73,32.08,299.58,85.2,97.3,0,2.742
2049-11-29,13.53,9,6.69,329.43,92,97.2,11.93,1.439
2049-11-30,13.18,8.72,16.71,321.76,90.2,97.1,1.56,3.218
2049-12-01,9.82,3.33,41.87,266.31,94,98.4,0,1.358
2049-12-02,10.52,3.54,13.56,330.44,99,98.4,6.55,1.583
2049-12-03,13.16,10.34,23.49,337.66,88,97.2,1.77,1.94
2049-12-04,10.38,6.8,29.52,306.81,76.6,97.6,1.01,3.147
2049-12-05,8.79,5.83,29.96,300.55,87,97.2,0,1.14
2049-12-06,7.8,2.3,27.38,275.88,86.5,98.1,0,1.716
2049-12-07,4.21,-1.02,9.91,285.52,94.4,98.2,17.83,1.569
2049-12-08,5.46,3.35,8.48,319.67,91.3,97.1,22.08,2.64
2049-12-09,4.84,1.79,35.56,261.48,77.3,97.7,0,2.215
2049-12-10,5.49,1.71,32.28,260.74,85.8,98.3,0,1.917
2049-12-11,3.84,-2.74,36.14,242.78,86.6,98.6,1.38,1.388
2049-12-12,3.1,-2.06,6.89,305.78,98.5,98.1,14.58,1.83
2049-12-13,3.77,-2.49,36.22,252.09,85.6,98.8,4.44,0.382
2049-12-14,8.62,0.14,25.43,308.13,95.7,97.3,15.85,1.718
2049-12-15,7.68,5.69,18.58,328.76,100,96.4,7.43,0.221
2049-12-16,7.55,3.45,24.66,287.51,90.4,96.9,0,1.257
2049-12-17,11.52,3.6,15.88,327.01,90.8,95.6,16.01,1.132
2049-12-18,8.77,1.56,23.77,281.89,85.5,98.1,0,2.314
2049-12-19,8.31,0.59,13.87,292.33,98.8,99.4,0,1.088
2049-12-20,8.83,1.73,17.95,305.5,95.9,99.5,0.96,1.066
2049-12-21,9.93,7.5,28.46,316.02,89.2,97.9,5.66,2.223
2049-12-22,7.74,5.41,31.94,264.84,86.2,97.6,0.15,3.314
2049-12-23,7.48,5.43,26.38,283.91,84.8,99.2,0.8,2.846
2049-12-24,14.34,6.43,13.9,342.12,90.7,98.6,6.46,2.578
2049-12-25,13.18,5.73,27.38,308.26,76.7,97.5,2.07,4.033
2049-12-26,7.42,3.03,30.74,272.13,67.2,98.8,2.99,5.03
2049-12-27,9.72,3.09,12.9,311.42,88.8,99.4,3.88,1.999
2049-12-28,9.35,1.48,21.2,282.3,86,99.4,7.5,1.059
2049-12-29,2.09,-0.61,19.01,263.76,91.3,99.9,0,0.607
2049-12-30,4.45,-0.08,26.59,283.86,95.5,100.4,0,0.879
2049-12-31,6.33,2.21,30.27,286.36,95.3,100.4,0,1.283
2050-01-01,8.2,4.5,34.01,289.36,95.2,100.5,0,1.689
2050-01-02,9.68,6.94,18.03,310.45,93.6,100.4,0,2.144
2050-01-03,12.14,7.06,21.76,319.53,83.7,99.3,4.08,3.5
2050-01-04,7.7,3.51,24.04,285.48,72.9,99.1,11.06,1.691
2050-01-05,12.2,6.62,24.08,308.61,75.9,96.4,4.41,3.534
2050-01-06,7.03,2.8,17.84,280.2,83.2,96.6,1.54,2.627
2050-01-07,6.38,1.08,35.03,250.95,79.7,98.9,0,2.914
2050-01-08,7.87,-0.49,31.05,281.88,80.7,100.3,0,1.264
2050-01-09,11.42,5.11,15.98,306.16,82,99.7,5.65,2.147
2050-01-10,5.89,3.68,22.21,290.07,80.6,100.6,0.73,1.034
2050-01-11,9.26,3.31,31.68,306.5,92.7,99.3,8.31,1.647
2050-01-12,9.62,4.72,19.16,301.59,80.2,98.3,9.91,3.238
2050-01-13,4.79,2.11,2.46,305.64,90.5,97.5,30.09,1.891
2050-01-14,5.62,2.44,32.98,272.05,80.7,98.6,0,2.829
2050-01-15,10.26,2.38,20.94,290.56,82.9,98.7,4.03,3.631
2050-01-16,6.42,4.96,14.19,316.62,72.4,97.2,3.2,5.564
2050-01-17,5.65,3.97,30.52,296.67,79.4,96.7,3.3,4.378
2050-01-18,5.55,2.04,45.99,254.18,73.9,98,0,2.693
2050-01-19,4.79,1.73,32.88,266.64,76.4,99.7,1.87,2.737
2050-01-20,8.46,3.36,18.96,306.03,81.1,97.7,6.18,5.006
2050-01-21,5.2,0.98,33.66,259.01,81.1,98.2,0.77,3.943
2050-01-22,3.1,0.61,23.63,260.6,82.7,98.9,0.66,2.027
2050-01-23,4.76,-0.1,42.69,244.38,75.5,100.3,0,2.396
2050-01-24,6.3,-1.59,36.47,282.11,83.7,100.8,3.54,1.084
2050-01-25,10.37,6.16,30.04,315.08,86.5,99.6,2.49,3.198
2050-01-26,8.15,3.44,5.56,311.74,91.4,98.1,11.29,1.509
2050-01-27,6.18,3.73,45.51,276.76,70.1,98.8,0,4.012
2050-01-28,8.35,2.03,14.83,300.71,86.4,99.5,12.27,1.956
2050-01-29,6.21,3.51,36.26,292.7,74.3,98.8,1.52,4.401
2050-01-30,5.44,3.75,25.36,295.6,74.7,98.6,1.72,4.804
2050-01-31,10.6,3.22,17.83,309.6,90.8,99.2,6.39,2.073
2050-02-01,11.37,5.05,25.33,314.48,84.1,98.2,3.67,2.959
2050-02-02,7.66,4.95,50.69,285.18,78.9,97.4,3.42,4.726
2050-02-03,6.41,4.2,57.47,280.35,79.8,99.2,0,3.347
2050-02-04,7.58,4.04,19.77,306.63,90.2,98,3.62,2.531
2050-02-05,5.62,2.83,36.84,296.99,77.8,97.9,2.17,5.241
2050-02-06,8.7,4.26,41.53,295.91,78.8,98.6,1.5,3.89
2050-02-07,11.67,4.73,24.27,332.97,90.3,98.6,6.68,2.393
2050-02-08,11.33,4.35,45.33,305.36,74.8,97.4,5.29,4.914
2050-02-09,7.81,4.88,53.66,286.99,66,99.7,0,4.977
2050-02-10,7.27,3.87,47.26,301.14,83.8,101.1,0,1.173
2050-02-11,5.83,4.09,24.93,316.03,89.8,100.1,0,2.381
2050-02-12,6.85,3.33,37,315.38,93.8,100.5,0.58,2.549
2050-02-13,6.84,3.74,54.23,303.71,83.4,101.5,0,4.797
2050-02-14,4.99,2.86,48,306.25,84.9,101.7,0,5.548
2050-02-15,3.6,1.42,38.68,300.01,86.2,101.1,1.64,3.979
2050-02-16,4.23,1.02,42.45,302.94,92,100.9,0,2.686
2050-02-17,5.74,2.93,53.01,305.85,80.3,101.3,0,2.22
2050-02-18,5.03,1.77,50.92,299.88,85.2,101.5,1.23,1.574
2050-02-19,5.26,0.49,59.04,276.85,79.4,101,0,1.129
2050-02-20,5.43,0.55,73.15,281.38,81.1,100.7,2.99,1.297
2050-02-21,3.1,-1.85,67.84,254.2,75.4,101.5,0,3.207
2050-02-22,3.36,-2.11,84.56,249.23,81.9,101,0,0.339
2050-02-23,4.58,-1.33,89.79,269.88,75,100.1,0,0.895
2050-02-24,4.4,-0.9,65.06,267.09,79.2,99.6,0,1.084
2050-02-25,4.1,-1.39,99.24,240.87,72.5,100.1,0,1.189
2050-02-26,3.66,-0.9,66.2,282.61,89.8,99,3.39,1.784
2050-02-27,3.57,-1.65,50.13,269.44,81.1,97.9,1.15,1.193
2050-02-28,4.93,-2.31,133.83,229.93,72.3,98.8,0,1.561
2050-03-01,0.65,-1.42,8.51,301.26,97.8,97.6,27.2,4.409
2050-03-02,2.51,0.25,41.25,316.72,100,97.4,8.57,0.492
2050-03-03,6.92,2.09,37.48,325.3,99.5,97.2,11.01,0.561
2050-03-04,5.43,0.91,79.4,286.71,88.3,98.7,0,1.82
2050-03-05,6.04,0.4,15.28,310.01,91.5,98.6,19.5,4.981
2050-03-06,10.31,6.02,40.36,330.56,95.5,96.9,9.97,0.991
2050-03-07,7.8,4.17,71.28,305.15,71.1,99.6,0,1.279
2050-03-08,6.01,2.64,100.97,284.78,65,102.1,0,1.08
2050-03-09,8.98,2.51,102.05,279.31,78.9,102.5,0,1.922
2050-03-10,10.01,2.71,132.93,266.86,85.6,102.4,0,0.171
2050-03-11,8.67,2.28,125.93,287.47,90.2,101.7,0,1.696
2050-03-12,6.86,2.71,69.98,312.6,94,100.3,2.09,3.851
2050-03-13,6.72,4.37,47.5,323.61,98.9,99.2,8.64,2.962
2050-03-14,7.55,4.61,62.12,319.94,97.7,98.5,6.81,1.498
2050-03-15,8.1,4.55,91.51,310.35,91.3,98.8,4.47,2.193
2050-03-16,5.68,1.77,61.61,288.07,78.9,99.5,1.15,2.758
2050-03-17,4.91,-1.36,92.19,255.13,66,100.2,0,1.981
2050-03-18,4.87,-3.5,134.09,246.66,65.2,100.1,0,1.157
2050-03-19,3.73,-0.53,63.39,293.32,66.4,99.3,0.4,3.773
2050-03-20,5.37,0.73,100.55,290.99,67.5,98.3,6.11,3.759
2050-03-21,8.27,5.04,116.31,293.49,79.2,96.4,5.01,2.432
2050-03-22,8.41,3.62,117.28,282.23,69.6,96.9,0,2.771
2050-03-23,8.8,4.82,122.65,282.14,80.2,97.1,1.31,2.738
2050-03-24,7.63,4.09,103.07,283.72,77,98.6,0,3.234
2050-03-25,9.5,2.95,120.33,287.88,75.7,99.3,0,1.079
2050-03-26,9.41,1.85,136.87,281.36,79.3,99.8,0.71,0.22
2050-03-27,9.13,2.14,135.22,287.09,78.5,99.5,0.89,0.656
2050-03-28,10.96,5.28,120.99,308.98,73.6,97.9,7.67,1.763
2050-03-29,9.6,6,124.67,306.31,72.3,97.5,3.86,3.371
2050-03-30,9.93,5.53,152.69,280.88,65.7,99,0,2.791
2050-03-31,11.53,4.03,97.64,303.72,76.8,98.8,4.7,1.967
2050-04-01,9.71,6.41,139.14,288.29,77.5,98.4,4.56,3.114
2050-04-02,12.94,6.85,171.5,293.82,67.5,99.4,2.19,2.766
2050-04-03,12.77,6.4,178.28,290.63,69.8,98.8,0.75,3.968
2050-04-04,8.97,6.22,124.51,295.81,67.7,99.8,0,3.814
2050-04-05,9.92,4.93,113.35,304.56,76.8,99.6,3.44,2.891
2050-04-06,11.94,6.63,108.88,314.28,90.6,98.5,4.83,1.591
2050-04-07,11.45,5.46,81.98,308.9,76.7,98.1,2.06,3.18
2050-04-08,9.86,3.86,54.98,314.59,88.8,96.7,13.04,1.873
2050-04-09,9.64,3.88,165.93,282.61,65.9,95.7,2.96,4.616
2050-04-10,8.37,5.19,102.15,301.15,80.3,96.8,3.35,4.036
2050-04-11,10.72,4.08,140.91,298.5,74.2,97,0,2.216
2050-04-12,9.65,5.15,94.56,311.08,83.4,97.3,4.52,1.264
2050-04-13,10.26,4.03,196.61,270.04,62.2,98.1,0,0.744
2050-04-14,11.37,3.66,203.58,272.19,60.4,98.6,0,2.889
2050-04-15,9.65,4.7,161.58,276.75,63.6,99.5,0,3.343
2050-04-16,10.38,4.53,213.96,271.33,63.7,100.6,0,3.152
2050-04-17,11.49,5.1,175.17,287.43,59.4,101.6,0,1.611
2050-04-18,12.44,4.48,175.55,284.15,70.5,101.3,0,0.634
2050-04-19,9.52,4.37,134.4,305.18,82.1,100.4,0,1.614
2050-04-20,12.67,5.78,189.96,299.44,73.9,100.1,0,3.988
2050-04-21,13.83,6.37,179.88,315.65,69,100.2,0.4,1.464
2050-04-22,13.4,7.63,140.38,316.94,70.7,100.9,0,0.972
2050-04-23,15.37,5.84,237.39,272.16,64.6,101.3,0,0.312
2050-04-24,16.31,5.7,270.04,263.19,66.8,101,0,1.461
2050-04-25,13.83,4.82,190.51,295.44,86.1,100.2,0,1.676
2050-04-26,10.06,7.47,51.71,340.22,96.8,99.4,15.59,3.332
2050-04-27,13.64,8.18,73.17,353.6,97.6,99.1,32.86,1.719
2050-04-28,15.24,9.62,175.3,325.57,71.3,99.2,0.14,1.186
2050-04-29,17.11,8.31,218.81,301.87,68.8,99.9,0,0.502
2050-04-30,17.83,9.51,254.07,303.66,74.4,100.5,0,0.945
2050-05-01,17.28,8.47,199.8,315.8,83.5,101.3,1.26,2.14
2050-05-02,17.4,6.86,294.15,273.53,71,101.1,0,2.856
2050-05-03,18.06,5.27,279.21,288.11,80.1,99.9,0,1.002
2050-05-04,13.9,7.97,151.03,307.29,85.8,98.8,10.01,0.478
2050-05-05,12.07,7.62,153.85,321.35,73.7,99.5,2.87,1.29
2050-05-06,11.11,5.9,162.24,309.68,68.7,100.1,0,1.142
2050-05-07,13.07,6.44,258.96,292.25,78.8,100.5,0,1.34
2050-05-08,12.96,7.3,228.62,315.29,83.3,100.6,0.87,2.452
2050-05-09,13.3,8.14,118.09,337.82,95.4,100.1,10.88,3.421
2050-05-10,16.88,9.44,188.59,331.85,84.7,99.6,5.79,2.42
2050-05-11,18.98,8.68,234.65,316.29,82.8,99.4,1.24,1.154
2050-05-12,12.53,7.39,157.72,326.26,83.1,99.7,2.35,1.633
2050-05-13,11.39,6.14,207.42,293.51,64,101.1,0,0.931
2050-05-14,13.57,5.83,264.01,287.52,58.1,101.2,0,0.492
2050-05-15,13.79,7.51,153.21,315.43,66,99.8,0,1.244
2050-05-16,8.75,4.06,181.35,283.87,67,98.8,0.83,0.69
2050-05-17,10.85,2.88,214.01,276.54,66.9,98.4,1.82,1.004
2050-05-18,10.82,4.88,149.29,303.32,65.1,99.1,1.42,0.968
2050-05-19,10.11,4.19,169.13,289.84,72.7,99.4,1.3,1.011
2050-05-20,12.74,3.84,199.47,282.33,64.7,99.5,0,0.682
2050-05-21,11.9,4.69,198.34,290.76,71.7,100.1,0,0.763
2050-05-22,9.24,5.21,146.1,308.49,89,100.2,8,1.606
2050-05-23,12.23,4.48,219.3,283.7,69.5,100.3,5.28,1.993
2050-05-24,12.18,5.46,207.1,287.94,64.6,100.4,0,2.377
2050-05-25,11.66,5.87,120.79,318.87,84.9,99.6,9.33,1.017
2050-05-26,13.61,6.32,192.37,314.78,78.6,98,1.1,2.206
2050-05-27,11.98,4.62,211.82,276.78,63.7,98.9,0,2.937
2050-05-28,13.39,5.37,233.21,279.76,59.1,100,0,2.505
2050-05-29,12.88,5.61,116.37,320.32,78.3,99.8,5.96,1.393
2050-05-30,16.06,10.98,220.61,322.96,73.1,99,1.59,2.3
2050-05-31,15.86,10.59,210.4,317.92,75.2,99,2.31,2.476
2050-06-01,15.65,10.2,200.15,312.93,77.4,99.1,3.02,1.841
2050-06-02,16.53,9.08,240.7,305.76,73.1,99.4,0.85,2.267
2050-06-03,15.22,7.84,205.08,308.12,80.6,99.6,5.41,0.535
2050-06-04,13.9,9.8,198.44,333.34,88.1,99.4,7.5,0.814
2050-06-05,12.9,9.56,146.3,334.8,86.6,98.6,10.37,1.149
2050-06-06,13.13,8.67,154.14,331.86,90.7,99,7.2,2.723
2050-06-07,13.29,9.32,148.11,335.57,92.8,99.5,6.06,2.573
2050-06-08,18.14,10.07,227.98,321.79,79.6,99.9,3.55,0.889
2050-06-09,17.22,9.69,304.22,294.14,67.9,100.1,0,2.403
2050-06-10,19.09,9.99,301.17,303.14,73.5,100.3,0,1.034
2050-06-11,20.65,9.22,266.92,301.56,73.9,100.3,0,0.654
2050-06-12,21.91,10.75,306.7,316.53,75.1,100.1,0,1.576
2050-06-13,14.92,8.38,192.72,312.22,74.5,100.3,0,2.793
2050-06-14,15.25,6.88,245.13,293.81,70.9,100.2,0.07,1.933
2050-06-15,19.82,8.89,189.21,351.74,85.6,99.7,30.18,2.243
2050-06-16,18.69,12.77,315.12,313.08,72.7,98.9,1.39,2.707
2050-06-17,19.24,11.29,235.93,313.89,71,99.4,0.59,2.323
2050-06-18,15.67,10.07,214.96,309.72,67.6,100.2,0,2.191
2050-06-19,13.96,8.83,158.3,313.81,67.3,100.4,1.03,1.633
2050-06-20,14.05,9.73,94.91,340.59,88.6,99.7,10.29,1.775
2050-06-21,13.19,9.15,222.04,317.13,79.4,98.2,1.11,4.307
2050-06-22,12.79,8.54,194.03,312.76,81.2,98.2,2.78,5.678
2050-06-23,15.72,10.14,261.27,305.49,76.2,98.7,0,4.008
2050-06-24,16.34,9.65,317.67,292.67,72,99.3,0,4.239
2050-06-25,16.04,9.41,311.93,293.65,71.7,100.2,0,3.227
2050-06-26,20.88,11.85,284.64,320.39,71.7,100.2,0,0.317
2050-06-27,22.4,10.59,308.39,313.34,72,100.6,0,1.32
2050-06-28,24.65,14.27,298.74,338.84,69,100.7,0,2.495
2050-06-29,22.43,12.74,240.13,334.57,75.8,100.8,0,0.798
2050-06-30,22.48,11.31,307.87,310.01,70.9,100.7,0,1.095
2050-07-01,19.02,10.88,315.72,294.59,70.9,100.6,0,1.604
2050-07-02,18.45,9.34,353.36,272.06,68.3,100.4,0,1.227
2050-07-03,18.17,9.96,243.16,309.15,73.2,100.6,0,1.231
2050-07-04,17.25,9.32,321.4,282.37,68.7,100.8,0,0.682
2050-07-05,18.96,8.87,324.12,288.28,68.1,101,0,0.552
2050-07-06,17.54,10.42,200.66,317.43,74.1,100.7,0,1.101
2050-07-07,21.1,9.71,248.15,319.36,75,100.6,0,0.555
2050-07-08,21.1,13.99,211.97,339.45,77,100.3,0.58,1.066
2050-07-09,19.07,11.45,251.08,318.05,74.7,100.7,0,0.737
2050-07-10,20.87,10.32,250.66,319.83,75.8,100.7,0,0.499
2050-07-11,21.35,13.9,228.64,336.32,77.9,100.7,0,1.348
2050-07-12,26.14,12.39,300.65,329.98,69.3,100.3,1.43,0.925
2050-07-13,21.85,12.06,246.83,347.85,82.4,99.5,19.85,1.034
2050-07-14,18.32,11.11,240.31,319.24,71.9,99.9,0,1.233
2050-07-15,19.72,11.77,174.17,346.36,74.6,100,0,1.352
2050-07-16,21,12.39,197.13,330.12,77.3,100.3,0,0.787
2050-07-17,19.53,14.35,165.29,345.7,82.2,99.5,5.86,2.781
2050-07-18,18.04,11.83,289.43,321.43,70.1,100.3,0,1.127
2050-07-19,19.94,10.81,270.62,318.27,74.6,101.2,0.72,0.549
2050-07-20,23,12.02,235.7,341.7,75.7,101,0,1.615
2050-07-21,23.75,14.64,264.24,323.07,71.7,100.8,0,1.191
2050-07-22,21.18,14.01,203.4,335.01,73.5,99.9,4.03,2.607
2050-07-23,18.88,11.91,213.47,315.96,73.1,99.4,2.6,1.65
2050-07-24,18.4,11.73,210.98,318.95,67.4,99.8,0.06,1.215
2050-07-25,13.6,11.3,65.61,340.21,91.8,99.5,30.48,1.383
2050-07-26,16,10.3,199.61,314.5,80,99.5,3.47,0.541
2050-07-27,18.1,10.09,213.61,308.84,72.8,99.6,0,0.658
2050-07-28,22.74,10.22,297.43,297.12,64.6,99.7,0,0.765
2050-07-29,22.89,13.23,227.65,336.07,72.7,99.3,2.45,3.202
2050-07-30,23.97,14.87,225.57,363.97,83.3,98.9,22.95,0.582
2050-07-31,21.82,14.53,199.15,356.95,83.7,99.1,21.41,1.181
2050-08-01,19.66,14.19,172.72,348.46,84.2,99.3,19.87,1.805
2050-08-02,20.54,11.93,257.06,310.15,72.7,100,0,2.23
2050-08-03,21.45,13.68,131.96,357.96,89.5,99.8,27.22,0.461
2050-08-04,22.53,14.75,239.98,349.33,80.8,99.6,13.41,0.702
2050-08-05,21.9,14.72,242.48,339.33,76.5,100,0,1.994
2050-08-06,23.28,15.77,201.04,353.23,77.9,100.2,0,1.041
2050-08-07,25.13,16.88,202.07,361.36,80.6,100.4,0,1.284
2050-08-08,25.72,16.87,236.59,353.17,79.9,100.5,1.17,0.908
2050-08-09,20.2,15.28,131.44,350.99,80.1,100.3,0.75,0.495
2050-08-10,18.94,13.53,198.66,335,79.6,100.3,0,1.811
2050-08-11,22.83,11.5,269.97,308.11,75.7,100.5,0,0.289
2050-08-12,24.69,15.15,253.1,328.28,74.9,101,0,0.186
2050-08-13,26.41,14.93,268.88,329.42,71.8,101.1,0,0.844
2050-08-14,27.13,16.7,279.83,330.95,63.3,101,0,0.176
2050-08-15,26.64,17.02,237.58,356.38,76.3,100.7,0,1.683
2050-08-16,26.4,17.29,179.4,375.96,83.4,100,0,2.148
2050-08-17,30.02,17.87,266.35,362.37,70.7,98.8,0,0.874
2050-08-18,25.49,18.21,252.12,348.24,75.3,99.3,0.17,1.612
2050-08-19,24.65,17.49,209.48,361.07,77.5,99.9,1.05,0.349
2050-08-20,21.48,17.3,91.25,376.75,85.4,99.3,3.42,1.499
2050-08-21,24.39,16.23,237.61,339.52,80,99,5.48,0.087
2050-08-22,22.38,15.55,198.94,352.65,80.3,98.6,4.69,1.282
2050-08-23,19.21,13.67,131.41,338.26,84.4,98.4,3.57,0.868
2050-08-24,17.83,12.51,194.65,327.33,89.3,98.9,9.01,0.562
2050-08-25,16.83,10.35,174.79,301.41,74.6,99.6,2.04,1.257
2050-08-26,16.41,9.35,187.06,299.67,77,100,0.71,0.345
2050-08-27,17.87,9.74,197.67,303.27,71.8,100.2,0,0.151
2050-08-28,21.83,13.9,101.56,366.24,90.4,99.9,2.12,0.567
2050-08-29,23.08,15.15,206.7,331.46,78.8,99.9,0,2.341
2050-08-30,20.89,13.12,178.23,319.43,72.5,100.4,0,1.542
2050-08-31,21.6,13.25,171.39,329.76,75.2,100.3,0,1.499
2050-09-01,22.31,13.38,164.54,339.74,78,100.2,0,1.476
2050-09-02,24.15,18.29,206.03,357.82,83.1,100.3,0,2.634
2050-09-03,23.62,15.77,153.43,350.69,81.2,100.7,4.11,0.904
2050-09-04,23.82,13.84,160.91,343.9,80.6,100.8,0,0.961
2050-09-05,23.69,16.87,188.03,342.91,80.9,100.5,0,1.457
2050-09-06,25.29,16.01,221.03,332.62,82.6,100.6,0,1.073
2050-09-07,27.4,17.18,226.23,332.75,77.5,100.7,0,1.491
2050-09-08,26.1,16.77,200.85,342.41,77.9,100.7,0,0.272
2050-09-09,24.99,16.64,177,339.58,77.6,100.4,0,1.147
2050-09-10,22.78,15.31,202.72,322.4,74.3,100.2,0,1.611
2050-09-11,27.5,15.4,198.45,337.96,62.3,100.1,0,0.809
2050-09-12,25.99,18.01,199.56,338.21,67.4,99.4,0,1.388
2050-09-13,25.87,17.45,189.75,348.59,74.4,99.7,0,1.944
2050-09-14,23.98,16.43,130.43,352.75,81,99.6,0.39,1.484
2050-09-15,23.22,15.39,109.67,369.11,87.4,99.7,7.58,0.454
2050-09-16,22.3,13.86,168.27,328.35,78.4,99.8,0,0.735
2050-09-17,22.49,15.33,127.18,361.87,88.4,99.8,2.67,1.952
2050-09-18,25.99,17.77,143.61,378.35,84.3,99.3,4.24,1.342
2050-09-19,23.5,15.9,140.78,359.68,83,99.7,8.02,0.745
2050-09-20,21.02,17.67,93.67,375.48,94.2,99.5,46.22,0.824
2050-09-21,21.54,15.91,147.97,342.44,81.3,99.3,2.2,1.463
2050-09-22,18.38,13.9,36.49,368.25,91.3,99,13.15,0.692
2050-09-23,16.77,13.39,17.72,372.95,96.3,97.7,252.02,3.352
2050-09-24,17.57,12.37,140.34,319.73,85.3,97.2,1.85,1.233
2050-09-25,14.13,11.93,65.26,340.38,94.6,96.7,5.85,0.514
2050-09-26,18.94,12.57,151.91,315.13,84.7,97.4,0,2.349
2050-09-27,18.67,13.43,104.05,343.38,85.5,98.3,0,1.116
2050-09-28,21.02,14.54,137.87,345.93,86.1,98.4,1.17,1.655
2050-09-29,20.66,13.69,89.25,342.89,87.5,98.7,0.11,1.189
2050-09-30,16.1,12.66,95.1,318.99,80.3,98.5,2.31,1.922
2050-10-01,16.74,12.19,115.41,329.07,80,98.3,12.14,2.144
2050-10-02,18.58,13.9,61.99,355.88,84.1,96.2,4.36,3.007
2050-10-03,15.75,8.74,128.45,288.03,70.5,98.5,0,3.518
2050-10-04,12.42,6.96,107.37,286.05,65.5,100.2,0,1.43
2050-10-05,11.53,6.07,116.61,276,67.7,100.8,0,0.87
2050-10-06,14.38,5.67,136.11,286.03,71,101.1,0,1.017
2050-10-07,19.87,11.11,106.62,339.79,87.2,100.9,0,1.036
2050-10-08,18.72,12.29,100.11,342.75,93.1,101,0,0.816
2050-10-09,14.62,11.8,72.71,343.63,92.1,100.5,1.22,1.747
2050-10-10,16.1,11.24,96.46,327.91,86.4,99.5,0,0.806
2050-10-11,13.76,8.54,76.6,313.94,85.3,98.9,2.86,1.048
2050-10-12,12.46,6.7,113.72,272.14,74.5,98.7,0,1.492
2050-10-13,10.59,4.86,126.26,261.04,65.5,99.3,0,1.559
2050-10-14,13.46,7.51,90.02,315.48,82.5,96.9,8.11,3.98
2050-10-15,12.52,7.02,106.32,275.03,68.4,97.4,0,3.529
2050-10-16,9.88,5.13,106.55,257.55,60.4,98.9,0,2.771
2050-10-17,9.01,4.13,84.13,281.46,78,99.4,3.17,1.241
2050-10-18,8.73,5.42,29.73,334.18,98.9,98.9,23.58,1.525
2050-10-19,17.4,8.72,59.45,341.38,90.3,98.5,1.9,1.69
2050-10-20,17.76,13.76,75.13,336.92,86.6,98.5,0.79,1.821
2050-10-21,16.04,12.34,22.63,346.72,92.9,98.2,9.63,1.454
2050-10-22,15.76,12.33,77.1,324.79,80.8,97.6,0,2.719
2050-10-23,14.15,10.43,63.9,324.09,85.2,97.1,15.65,1.756
2050-10-24,12.94,8.56,91.43,294.71,76.1,96.2,0,1.835
2050-10-25,13.51,8.51,83.57,294.68,83.4,96.7,0,1.227
2050-10-26,12.46,6.61,62.67,299.81,90.7,97.2,0,1.075
2050-10-27,11.3,7.47,41.98,322.11,95.7,97.4,2.44,0.789
2050-10-28,12.19,6.72,65.88,299.39,92.2,97.9,0,1.545
2050-10-29,11.07,5.74,54.58,305.82,96.8,98.3,0,0.382
2050-10-30,11.08,6.98,46.4,311.45,92,99.3,0,0.336
2050-10-31,10.78,5.44,57.91,299.6,92.6,99.3,0.75,0.2
2050-11-01,10.47,3.9,69.57,291.24,93.2,99.4,1.35,0.407
2050-11-02,13.44,8.24,15.47,343.76,96.1,97.2,27.73,0.724
2050-11-03,12.62,9.44,40.05,323.27,89.9,96.9,1.52,3.106
2050-11-04,11.27,7.92,47.53,309.82,91.2,98.1,0,0.447
2050-11-05,11.03,6.47,66.87,295.56,91,99.5,0,0.253
2050-11-06,11.74,8.36,14.85,350.33,98.6,99.3,17.06,2.183
2050-11-07,14.73,10.63,53.28,330.64,92.5,98.6,0,1.688
2050-11-08,15.88,11.73,31.26,359.36,91,99.4,2.63,2.694
2050-11-09,15.41,11.84,36.38,331.37,88.7,99.2,7.61,3.825
2050-11-10,11.83,7.78,58.52,281.69,80.8,99.3,1.18,3.804
2050-11-11,8.88,5.02,56,282.63,68.7,100.3,0,1.618
2050-11-12,5.43,3.78,26.54,312.79,93.6,99.9,3.42,0.83
2050-11-13,6.98,0.88,53.42,284.31,87.1,100.2,0,0.699
2050-11-14,12.35,6.86,21.84,345.31,96.5,99.5,2.48,1.6
2050-11-15,12.92,9.45,45.03,324.54,92.6,98.8,0.92,1.105
2050-11-16,12.11,9.07,51.08,306.31,89.8,98.7,1.92,1.567
2050-11-17,12.6,10.49,35.51,317.31,92.4,98.5,3.72,1.257
2050-11-18,11.44,8.2,19.45,301.91,93.9,99.2,0,1.244
2050-11-19,11.32,8.03,50.47,293.55,88.3,99.9,0,2.521
2050-11-20,13.02,10.64,10.15,344.54,91.3,100,0,2.776
2050-11-21,12.18,7.89,20.94,310.98,85,99.7,0.73,2.371
2050-11-22,11.15,7.52,25.59,306.42,90,100.1,2.48,2.513
2050-11-23,12.03,5.22,41.53,285.98,95.3,101.2,0,1.164
2050-11-24,9.73,5.39,27.04,323.75,97.6,101.7,0,0.749
2050-11-25,9.75,6.65,31.86,321.22,94,101.4,0,0.767
2050-11-26,10.52,7.93,24.88,329.94,97.4,101.7,0,0.466
2050-11-27,11.22,6.65,34.65,306,96.7,101.9,0,0.835
2050-11-28,9.14,5.12,26.01,311.38,97.1,102,0,0.666
2050-11-29,6.11,4.2,25.92,311.93,96.3,101.7,0,0.839
2050-11-30,5.95,3.6,35.7,285.11,92.7,101.2,0,1.276
2050-12-01,9.94,3.88,33.1,298.54,95.4,100.9,0,2.024
2050-12-02,7.97,5.85,28.99,314.26,94.7,100.7,0,1.279
2050-12-03,12.28,6.51,15.02,329.84,93.8,99.9,0.85,1.701
2050-12-04,10.52,5.47,27.55,297.61,89.5,99.1,8.82,1.854
2050-12-05,7.66,5.32,33.84,273.01,75.3,99.8,1.24,3.032
2050-12-06,7.4,5.09,32.17,283.61,74.5,99.4,0,3.411
2050-12-07,7.6,4.62,22.59,277.33,83.5,101,0,2.544
2050-12-08,13.68,7.61,15.34,341.09,91,100,2.14,3.327
2050-12-09,13.55,6.31,31.98,298.43,66.7,99.4,4.43,4.734
2050-12-10,6.86,5.05,16.97,305.85,79.3,98.3,6.11,3.862
2050-12-11,6.72,4.85,24.93,295.01,75.4,98.1,0.22,3.822
2050-12-12,12.73,4.45,15.03,324.65,96.9,97.6,8.36,1.289
2050-12-13,12.65,5.84,22.46,309.44,72.5,97.9,2.33,4.896
2050-12-14,6.1,2.4,19.54,293.21,76.2,98.6,6.76,3.318
2050-12-15,5.65,2.85,23.49,271.01,85,98.5,0,2.659
2050-12-16,5.69,1.58,35.26,256.43,83.1,98.7,0,1.484
2050-12-17,4.67,0.89,35.88,243.28,75.3,99.3,0,0.859
2050-12-18,5.28,0.98,23.44,266.16,74.5,100.3,0,0.967
2050-12-19,3.52,-1.74,34.95,238.98,81.2,101.1,0,1.141
2050-12-20,10.42,-1.16,11.74,321.19,89.3,100.5,2.63,2.083
2050-12-21,11.45,6.82,10.17,329.66,93.1,99.7,9.14,2.656
2050-12-22,7.72,5.03,31.73,287.35,81.7,99.6,0.88,3.21
2050-12-23,11.76,6.55,20.7,332.4,91,99.6,2.86,3.51
2050-12-24,12.76,9.21,20.11,341.96,85.1,99.2,1.99,4.327
2050-12-25,12.06,7.94,18.8,333.04,88.9,99.5,0,1.971
2050-12-26,12.25,4.38,34.82,291.64,81,100.5,0.06,2.023
2050-12-27,11.07,4.76,19.9,323.52,84.7,100.9,0,1.907
2050-12-28,11.92,8.7,28.37,321.87,88.6,100.1,0,2.499
2050-12-29,10.37,4.31,31.78,280.93,76.9,99.6,0,2.475
2050-12-30,7.08,4.59,15.67,304.64,78.4,100.3,4.01,2.64
2050-12-31,9.51,4.39,18.96,306.79,79.1,99.2,11.12,3.292
